business_id,business_name,city,state,primary_cuisine,latitude,longitude,is_open,yelp_stars,avg_review_stars,total_reviews,reviews_per_month,total_checkins,active_checkin_days,positive_review_ratio,active_years,composite_score,performance_tier,state_performance_tier,tier_label,is_elite_merchant,is_closed
979b061e-4ac6-4950-856e-fbff493b027a,Restaurant 16,Philadelphia,AZ,Mexican,27.572958,-105.036058,True,3.0,3.0,0,0.0,0.0,0,,0,,1,1,Low,False,False
d1b7b24b-4641-450e-b4e8-47092e175290,Restaurant 22,Philadelphia,AZ,Burgers,43.046247,-80.587665,True,2.5,2.5,0,0.0,0.0,0,,0,,1,1,Low,False,False
bfacd035-2b61-4720-b818-81c84d141a1a,Restaurant 33,Philadelphia,AZ,American (New),47.964452,-70.214695,True,1.5,1.5,0,0.0,0.0,0,,0,,1,1,Low,False,False
8419c858-5083-44dd-9d2f-0fbb91600c64,Restaurant 53,Philadelphia,AZ,Burgers,44.543967,-120.994447,True,4.0,4.0,0,0.0,0.0,0,,0,,1,1,Low,False,False
77cec5eb-981c-4dad-833f-7d9890102f9d,Restaurant 55,Philadelphia,AZ,Coffee & Tea,37.820333,-74.539149,True,1.5,1.5,0,0.0,0.0,0,,0,,1,1,Low,False,False
aab54cce-bd91-4d6c-941d-dfffc8108b7d,Restaurant 58,Philadelphia,AZ,Thai,41.411532,-112.102853,True,3.5,3.5,0,0.0,0.0,0,,0,,1,1,Low,False,False
c53ec9c4-3f6d-45d9-bbc2-96629c14acb8,Restaurant 60,Philadelphia,AZ,Seafood,26.432111,-79.190986,True,4.0,4.0,0,0.0,0.0,0,,0,,1,1,Low,False,False
a0b2da34-5c89-44c7-8d79-afa148010c89,Restaurant 61,Philadelphia,AZ,Coffee & Tea,46.683058,-108.576304,True,4.0,4.0,0,0.0,0.0,0,,0,,1,1,Low,False,False
591d6f4c-e48f-4789-9caf-0c027e3804ce,Restaurant 73,Philadelphia,AZ,Coffee & Tea,42.260954,-93.65827,True,4.0,4.0,0,0.0,0.0,0,,0,,1,1,Low,False,False
0a90f802-0fcf-42b9-84bb-4c3dac3add20,Restaurant 76,Philadelphia,AZ,Coffee & Tea,27.140227,-112.812198,False,2.5,2.5,0,0.0,0.0,0,,0,,1,1,Low,False,True
e5f87447-42f7-4a39-9ffd-f9f7857fb524,Restaurant 79,Philadelphia,AZ,Sushi,41.665455,-71.286614,False,5.0,5.0,0,0.0,0.0,0,,0,,1,1,Low,False,True
c0c0ecf5-abda-4d35-9a2e-40eb13306bfe,Restaurant 82,Philadelphia,AZ,Sushi,35.130782,-114.859998,False,1.0,1.0,0,0.0,0.0,0,,0,,1,1,Low,False,True
16443fd7-b809-4258-82a0-d3f26a944729,Restaurant 87,Philadelphia,AZ,Sushi,35.807987,-123.204808,False,3.0,3.0,0,0.0,0.0,0,,0,,1,1,Low,False,True
fc4fcbc8-e42f-4c5b-87e1-4ac14d86a4a5,Restaurant 90,Philadelphia,AZ,Coffee & Tea,41.093875,-73.152807,False,5.0,5.0,0,0.0,0.0,0,,0,,1,1,Low,False,True
1520dc80-5566-4e0a-b17c-5fcfc60d991c,Restaurant 97,Philadelphia,AZ,Sushi,29.681839,-94.79292,False,3.0,3.0,0,0.0,0.0,0,,0,,1,1,Low,False,True
37f2a1e6-67f5-421d-89e0-e3a01465a750,Restaurant 114,Philadelphia,AZ,Burgers,30.455731,-93.544252,True,3.0,3.0,0,0.0,0.0,0,,0,,1,1,Low,False,False
f7e16e60-ffdf-49b7-b317-124a64caa172,Restaurant 117,Philadelphia,AZ,Burgers,38.330198,-84.720213,False,1.5,1.5,0,0.0,0.0,0,,0,,1,1,Low,False,True
91a13e4c-37fa-4bd8-a05d-5086afc83586,Restaurant 119,Philadelphia,AZ,Thai,42.170865,-106.370661,True,1.5,1.5,0,0.0,0.0,0,,0,,1,1,Low,False,False
46865a1b-74e6-494e-bbad-480c599a8de4,Restaurant 125,Philadelphia,AZ,Coffee & Tea,34.386665,-72.666316,True,1.0,1.0,0,0.0,0.0,0,,0,,1,1,Low,False,False
972887eb-5efa-4e42-a7a0-cb0ab25f0026,Restaurant 144,Philadelphia,AZ,Pizza,28.620413,-107.859945,True,3.5,3.5,0,0.0,0.0,0,,0,,1,1,Low,False,False
c214b78c-a14f-4770-a416-b47ea798c754,Restaurant 147,Philadelphia,AZ,Pizza,40.344049,-122.502045,True,4.0,4.0,0,0.0,0.0,0,,0,,1,1,Low,False,False
89cf3c09-cf6c-41d4-b529-f0a2a09d2a85,Restaurant 155,Philadelphia,AZ,Chinese,42.352254,-83.206757,False,4.5,4.5,0,0.0,0.0,0,,0,,1,1,Low,False,True
e61d2fab-902b-42a0-959b-47d3b1490827,Restaurant 156,Philadelphia,AZ,Chinese,35.785185,-90.273818,True,3.0,3.0,0,0.0,0.0,0,,0,,1,1,Low,False,False
705f84f3-dfc4-4043-b406-50f554a7ef2e,Restaurant 160,Philadelphia,AZ,Burgers,37.053577,-91.460703,False,3.5,3.5,0,0.0,0.0,0,,0,,1,1,Low,False,True
e8b9eabb-d56a-499a-baa9-32c7aa302b84,Restaurant 172,Philadelphia,AZ,Pizza,28.389019,-100.939009,False,2.5,2.5,0,0.0,0.0,0,,0,,1,1,Low,False,True
755fb9ed-1fcd-4d30-9d0f-4f41fa9f87ea,Restaurant 175,Philadelphia,AZ,American (New),25.120778,-120.642583,True,3.0,3.0,0,0.0,0.0,0,,0,,1,1,Low,False,False
065dc5fd-8dd3-4ed0-a054-a3976b7fb023,Restaurant 182,Philadelphia,AZ,Mexican,29.192394,-117.583108,False,4.5,4.5,0,0.0,0.0,0,,0,,1,1,Low,False,True
4d2a434a-a9bb-4fb8-b01f-5fe4ae326d57,Restaurant 204,Philadelphia,AZ,Burgers,37.548282,-89.695099,True,3.0,3.0,0,0.0,0.0,0,,0,,1,1,Low,False,False
a7b8ca5c-13c6-42c0-8068-ea10c88436b4,Restaurant 205,Philadelphia,AZ,Mexican,40.838112,-116.305575,False,4.0,4.0,0,0.0,0.0,0,,0,,1,1,Low,False,True
9f48c66d-495c-4261-8145-50fabc999aa2,Restaurant 226,Philadelphia,AZ,Seafood,37.891215,-73.603304,True,3.0,3.0,0,0.0,0.0,0,,0,,1,1,Low,False,False
d62440c3-6480-4c98-9cb8-c6714f1808b2,Restaurant 231,Philadelphia,AZ,Sushi,29.587487,-71.984728,True,3.5,3.5,0,0.0,0.0,0,,0,,1,1,Low,False,False
5647ac52-1239-428e-a11f-706dafbd405e,Restaurant 235,Philadelphia,AZ,Thai,29.434662,-118.804428,False,2.0,2.0,0,0.0,0.0,0,,0,,1,1,Low,False,True
9118ba18-f69f-48f6-9135-9c5cf3d5a515,Restaurant 244,Philadelphia,AZ,American (New),35.428943,-96.771369,True,4.5,4.5,0,0.0,0.0,0,,0,,1,1,Low,False,False
4e083304-68b7-466b-83e1-8d5b67967bc0,Restaurant 257,Philadelphia,AZ,American (New),44.534841,-108.459497,True,2.0,2.0,0,0.0,0.0,0,,0,,1,1,Low,False,False
079fcc3d-2113-4c2d-97b8-bae65f766873,Restaurant 269,Philadelphia,AZ,Pizza,26.390353,-89.924927,True,4.5,4.5,0,0.0,0.0,0,,0,,1,1,Low,False,False
786a7a3f-2749-431e-983b-fdef7724ffb9,Restaurant 292,Philadelphia,AZ,Italian,44.119482,-121.196273,True,4.0,4.0,0,0.0,0.0,0,,0,,1,1,Low,False,False
1768a42b-6a3e-4789-887d-345d5038a987,Restaurant 305,Philadelphia,AZ,Seafood,31.034128,-77.55499,False,5.0,5.0,0,0.0,0.0,0,,0,,1,1,Low,False,True
e410ee9f-6717-409e-a90d-878240431333,Restaurant 311,Philadelphia,AZ,Italian,26.901424,-123.302661,True,2.5,2.5,0,0.0,0.0,0,,0,,1,1,Low,False,False
4ab75392-4df5-4319-9697-4e9dd70d7d87,Restaurant 320,Philadelphia,AZ,Sushi,38.384978,-77.210073,False,1.5,1.5,0,0.0,0.0,0,,0,,1,1,Low,False,True
626dcbfd-cfa9-498a-b59b-2481288a958c,Restaurant 342,Philadelphia,AZ,Italian,36.747983,-121.950849,True,2.0,2.0,0,0.0,0.0,0,,0,,1,1,Low,False,False
be8b0ae4-f295-4ebb-ac32-9f74fa2c6ae7,Restaurant 355,Philadelphia,AZ,Coffee & Tea,34.349789,-95.52415,False,2.5,2.5,0,0.0,0.0,0,,0,,1,1,Low,False,True
b29a272d-fe1c-47ad-8625-bf9600ff2486,Restaurant 358,Philadelphia,AZ,Sushi,42.205804,-111.258105,True,4.5,4.5,0,0.0,0.0,0,,0,,1,1,Low,False,False
331e5f36-037e-44df-a3bf-55f8282b7d13,Restaurant 361,Philadelphia,AZ,Burgers,28.863752,-93.436369,True,4.0,4.0,0,0.0,0.0,0,,0,,1,1,Low,False,False
de721f86-bd5b-4336-9df0-d918ab1c1ee5,Restaurant 365,Philadelphia,AZ,Italian,42.973007,-106.078123,False,5.0,5.0,0,0.0,0.0,0,,0,,1,1,Low,False,True
fb1b05aa-5b04-4b70-908e-ee87d07e747b,Restaurant 371,Philadelphia,AZ,Chinese,32.629882,-91.222588,True,2.0,2.0,0,0.0,0.0,0,,0,,1,2,Low,False,False
6ca2dd9f-e5bc-4212-ac40-7db6e0cc3f01,Restaurant 398,Philadelphia,AZ,Coffee & Tea,45.631721,-123.887191,False,3.0,3.0,0,0.0,0.0,0,,0,,1,2,Low,False,True
35a4701d-9d43-4dad-8efb-48cf44dacd42,Restaurant 404,Philadelphia,AZ,Thai,47.091969,-98.897974,False,5.0,5.0,0,0.0,0.0,0,,0,,2,2,Below Average,False,True
c758c09e-f198-43af-aba4-fecd75f2035d,Restaurant 408,Philadelphia,AZ,Pizza,30.018808,-108.38202,True,5.0,5.0,0,0.0,0.0,0,,0,,2,2,Below Average,False,False
7aafa5e7-2fca-464b-9972-83ab318b8982,Restaurant 416,Philadelphia,AZ,American (New),44.927048,-92.903396,True,1.5,1.5,0,0.0,0.0,0,,0,,2,2,Below Average,False,False
edb869e1-37e8-4ad5-a0cc-7b49499766df,Restaurant 427,Philadelphia,AZ,Italian,27.842686,-111.099394,True,2.0,2.0,0,0.0,0.0,0,,0,,2,2,Below Average,False,False
40593f4c-16b7-4359-9103-4b3f40c1714d,Restaurant 472,Philadelphia,AZ,Seafood,25.871385,-120.971358,True,2.0,2.0,0,0.0,0.0,0,,0,,2,2,Below Average,False,False
d741d745-a559-4edc-9467-78113c0d7a2a,Restaurant 481,Philadelphia,AZ,Seafood,33.214182,-88.078744,False,2.5,2.5,0,0.0,0.0,0,,0,,2,2,Below Average,False,True
d1fa02d2-4824-4881-b065-68ae0d50f9fc,Restaurant 485,Philadelphia,AZ,American (New),27.503151,-89.494662,True,1.5,1.5,0,0.0,0.0,0,,0,,2,2,Below Average,False,False
11a79323-5a9a-43e9-ad5f-e10f428ff6e2,Restaurant 491,Philadelphia,AZ,Burgers,26.445807,-104.681065,False,1.0,1.0,0,0.0,0.0,0,,0,,2,2,Below Average,False,True
c74979df-3ffe-403a-9a29-9a7ede41544a,Restaurant 492,Philadelphia,AZ,Italian,25.917808,-89.331139,False,1.5,1.5,0,0.0,0.0,0,,0,,2,2,Below Average,False,True
c454a0f5-981a-46e1-8ffb-2811b5cb93bd,Restaurant 497,Philadelphia,AZ,Pizza,29.846191,-116.131456,True,4.0,4.0,0,0.0,0.0,0,,0,,2,2,Below Average,False,False
4daaaf46-2989-43e6-a830-320e07f5761a,Restaurant 511,Philadelphia,AZ,Thai,27.306408,-97.041105,True,3.5,3.5,0,0.0,0.0,0,,0,,2,2,Below Average,False,False
8cec4095-88e1-424b-986e-29528ff880bb,Restaurant 521,Philadelphia,AZ,Italian,35.59657,-92.724542,True,1.0,1.0,0,0.0,0.0,0,,0,,2,2,Below Average,False,False
314c0658-5e3a-4b84-afa1-b2b927e259d1,Restaurant 539,Philadelphia,AZ,Burgers,33.764633,-109.241203,False,2.0,2.0,0,0.0,0.0,0,,0,,2,2,Below Average,False,True
93fe5418-bb48-4c0c-ba73-72cc58ebb31b,Restaurant 545,Philadelphia,AZ,Chinese,27.907469,-96.029171,True,2.0,2.0,0,0.0,0.0,0,,0,,2,2,Below Average,False,False
00cf1342-ec8f-4b94-bf38-a1f490f7b5ef,Restaurant 546,Philadelphia,AZ,Thai,47.424576,-95.267871,False,3.0,3.0,0,0.0,0.0,0,,0,,2,2,Below Average,False,True
e809694a-afdd-4625-bbb0-7d039c70b94f,Restaurant 556,Philadelphia,AZ,Pizza,32.863996,-107.863282,False,4.5,4.5,0,0.0,0.0,0,,0,,2,2,Below Average,False,True
129c612f-cded-4c63-aa5a-6d93ab8748a0,Restaurant 563,Philadelphia,AZ,Sushi,28.564815,-82.606165,False,2.5,2.5,0,0.0,0.0,0,,0,,2,2,Below Average,False,True
d636c448-8fb6-4a81-981e-e2cd0da74117,Restaurant 572,Philadelphia,AZ,Pizza,27.271332,-93.59433,False,4.0,4.0,0,0.0,0.0,0,,0,,2,2,Below Average,False,True
89448ab9-6c2e-4220-87ec-74be30da6836,Restaurant 583,Philadelphia,AZ,Italian,28.590463,-110.42565,False,2.5,2.5,0,0.0,0.0,0,,0,,2,2,Below Average,False,True
82ebfe5b-f8be-48cf-a8fd-8140a4ffb797,Restaurant 632,Philadelphia,AZ,Sushi,45.324265,-112.20031,True,3.0,3.0,0,0.0,0.0,0,,0,,2,2,Below Average,False,False
58bacc4c-bb18-4de4-86c4-324ce6dfa5b5,Restaurant 633,Philadelphia,AZ,Pizza,43.324849,-84.439239,False,2.5,2.5,0,0.0,0.0,0,,0,,2,2,Below Average,False,True
5406dbde-b7f2-4ccf-b673-37b13d7ca57b,Restaurant 637,Philadelphia,AZ,Burgers,39.425611,-75.936792,False,5.0,5.0,0,0.0,0.0,0,,0,,2,2,Below Average,False,True
c98e2d4e-6ae8-4bd0-92f9-59e7627569b5,Restaurant 657,Philadelphia,AZ,Coffee & Tea,38.582327,-111.878359,True,2.5,2.5,0,0.0,0.0,0,,0,,2,2,Below Average,False,False
84181fcb-62e9-4c77-90c0-6330d383ab41,Restaurant 662,Philadelphia,AZ,Chinese,31.704575,-91.143531,True,4.5,4.5,0,0.0,0.0,0,,0,,2,2,Below Average,False,False
84f83952-d481-43f7-af27-ae1aab5951af,Restaurant 682,Philadelphia,AZ,Burgers,35.954124,-72.846152,False,5.0,5.0,0,0.0,0.0,0,,0,,2,2,Below Average,False,True
ed62a955-3f64-4b53-8156-6e46d7e34c36,Restaurant 690,Philadelphia,AZ,Italian,46.532187,-89.867072,False,3.0,3.0,0,0.0,0.0,0,,0,,2,2,Below Average,False,True
5be41429-abc8-4e61-9c99-f204338a3c56,Restaurant 692,Philadelphia,AZ,Sushi,36.309601,-73.927754,False,4.0,4.0,0,0.0,0.0,0,,0,,2,2,Below Average,False,True
cce2abde-a49d-4714-8ef7-423154de3d51,Restaurant 696,Philadelphia,AZ,Pizza,34.289993,-84.972792,True,1.5,1.5,0,0.0,0.0,0,,0,,2,2,Below Average,False,False
a74944e4-3961-4a84-9716-4c116a9f8ff1,Restaurant 697,Philadelphia,AZ,Burgers,38.046609,-73.57268,False,3.5,3.5,0,0.0,0.0,0,,0,,2,2,Below Average,False,True
e2d6af06-6e6c-4b7b-a265-6c13cd75429f,Restaurant 701,Philadelphia,AZ,Pizza,26.448831,-95.269637,False,3.0,3.0,0,0.0,0.0,0,,0,,2,2,Below Average,False,True
12715c0b-2a2f-47bc-8fe4-5a2a47ded7c5,Restaurant 704,Philadelphia,AZ,Pizza,26.053439,-86.428675,True,2.0,2.0,0,0.0,0.0,0,,0,,2,2,Below Average,False,False
51926554-6002-417d-bcae-44d868302d68,Restaurant 712,Philadelphia,AZ,Pizza,46.856855,-90.504459,False,3.0,3.0,0,0.0,0.0,0,,0,,2,2,Below Average,False,True
fce78aa2-1359-44e4-ac61-2f6e18e9335b,Restaurant 717,Philadelphia,AZ,Chinese,38.334521,-101.951355,True,3.5,3.5,0,0.0,0.0,0,,0,,2,2,Below Average,False,False
9344a4c8-8e8f-4f3f-9fc1-58ddb03f82a8,Restaurant 719,Philadelphia,AZ,Chinese,45.481243,-117.02823,False,4.5,4.5,0,0.0,0.0,0,,0,,2,2,Below Average,False,True
c79f0dd4-0a19-4798-8acc-b0beb5468b8f,Restaurant 720,Philadelphia,AZ,Pizza,39.536486,-71.344426,True,2.5,2.5,0,0.0,0.0,0,,0,,2,2,Below Average,False,False
fbb256e4-0493-4232-9efd-ceb760e3f62e,Restaurant 726,Philadelphia,AZ,Thai,30.531764,-94.283217,True,1.0,1.0,0,0.0,0.0,0,,0,,2,2,Below Average,False,False
d91704fa-48a1-49e1-ba4a-5b0ddbe58d30,Restaurant 756,Philadelphia,AZ,Italian,42.016689,-112.651388,False,1.0,1.0,0,0.0,0.0,0,,0,,2,2,Below Average,False,True
d2404a7c-420d-48ea-bbec-bf44d8a6fb5d,Restaurant 767,Philadelphia,AZ,Sushi,37.031786,-71.64387,True,2.0,2.0,0,0.0,0.0,0,,0,,2,2,Below Average,False,False
0ae4929d-3b1e-4ce8-90a2-3d01fd182f32,Restaurant 783,Philadelphia,AZ,Coffee & Tea,31.414485,-82.760024,False,1.5,1.5,0,0.0,0.0,0,,0,,2,2,Below Average,False,True
58bc29bb-3f64-45ea-b538-697f54f4a7bf,Restaurant 795,Philadelphia,AZ,Coffee & Tea,25.511438,-107.591712,True,4.0,4.0,0,0.0,0.0,0,,0,,2,2,Below Average,False,False
2255a249-e14f-44d1-951b-e2f6042b41c6,Restaurant 801,Philadelphia,AZ,Seafood,42.559171,-115.066953,True,1.0,1.0,0,0.0,0.0,0,,0,,3,2,Average,False,False
acc69e71-ca2d-4613-b80b-61a6ecf464bc,Restaurant 817,Philadelphia,AZ,Italian,46.309436,-106.700278,True,4.0,4.0,0,0.0,0.0,0,,0,,3,2,Average,False,False
ca6eba6e-1732-47e7-8fb8-05312b9bcabd,Restaurant 821,Philadelphia,AZ,Sushi,30.995637,-87.189322,True,3.5,3.5,0,0.0,0.0,0,,0,,3,3,Average,False,False
b9d2a4f0-10e3-4026-9462-f21c9c08a7f4,Restaurant 826,Philadelphia,AZ,Burgers,27.994585,-77.901425,True,2.5,2.5,0,0.0,0.0,0,,0,,3,3,Average,False,False
4da48650-7f7b-4754-97b8-84c85d91cda7,Restaurant 828,Philadelphia,AZ,Burgers,25.237366,-117.673729,True,3.5,3.5,0,0.0,0.0,0,,0,,3,3,Average,False,False
a5a9932e-f5ee-4c1e-b9da-61f6f3cb6378,Restaurant 837,Philadelphia,AZ,Thai,47.742827,-94.153001,True,4.5,4.5,0,0.0,0.0,0,,0,,3,3,Average,False,False
4dd216c0-4ec4-4f96-9ea7-69112212ec25,Restaurant 852,Philadelphia,AZ,American (New),41.56713,-80.294638,True,3.5,3.5,0,0.0,0.0,0,,0,,3,3,Average,False,False
7295fd65-f87f-46d0-952b-23e3bad9fab5,Restaurant 859,Philadelphia,AZ,Coffee & Tea,35.901749,-123.800074,False,2.0,2.0,0,0.0,0.0,0,,0,,3,3,Average,False,True
e09717f3-4617-4e4d-92ae-fa3ebaba9429,Restaurant 862,Philadelphia,AZ,American (New),38.593903,-91.367759,True,4.5,4.5,0,0.0,0.0,0,,0,,3,3,Average,False,False
6822d6f3-d1a8-4a5d-afd8-c1d43a5890cd,Restaurant 864,Philadelphia,AZ,Coffee & Tea,25.478559,-109.159407,False,2.5,2.5,0,0.0,0.0,0,,0,,3,3,Average,False,True
3e358c7a-df9c-42ad-a094-b9d3c0f39b93,Restaurant 874,Philadelphia,AZ,American (New),42.692044,-124.637683,False,4.5,4.5,0,0.0,0.0,0,,0,,3,3,Average,False,True
73bec6d6-827b-492c-9713-1c1a9d59e16e,Restaurant 885,Philadelphia,AZ,Chinese,47.607863,-80.703684,True,5.0,5.0,0,0.0,0.0,0,,0,,3,3,Average,False,False
acc025e8-c707-4ae0-92db-58ccc57b6918,Restaurant 890,Philadelphia,AZ,Thai,43.947672,-117.06096,False,2.0,2.0,0,0.0,0.0,0,,0,,3,3,Average,False,True
f1281845-cdeb-46d8-afb5-67de99bdd4ca,Restaurant 901,Philadelphia,AZ,Coffee & Tea,43.559184,-91.622985,True,4.0,4.0,0,0.0,0.0,0,,0,,3,3,Average,False,False
4a17ffa3-5662-46ce-b7c4-33d96dc6f623,Restaurant 933,Philadelphia,AZ,American (New),45.238578,-90.94232,False,3.5,3.5,0,0.0,0.0,0,,0,,3,3,Average,False,True
a926dae7-78fa-477c-b040-bc873b760dc8,Restaurant 950,Philadelphia,AZ,Coffee & Tea,39.142388,-115.791155,False,4.0,4.0,0,0.0,0.0,0,,0,,3,3,Average,False,True
ea3d7242-1e0a-42cd-9ea2-53ade29d6b4e,Restaurant 951,Philadelphia,AZ,Italian,32.401932,-104.43667,False,4.5,4.5,0,0.0,0.0,0,,0,,3,3,Average,False,True
edb41cc5-8f78-4d02-8074-d008f3cb8929,Restaurant 956,Philadelphia,AZ,Sushi,31.279448,-123.640499,False,4.5,4.5,0,0.0,0.0,0,,0,,3,3,Average,False,True
a567ebfb-c34e-46cc-a09e-8da69b8e2a02,Restaurant 971,Philadelphia,AZ,Italian,38.885317,-73.346516,False,2.5,2.5,0,0.0,0.0,0,,0,,3,3,Average,False,True
f83916a4-7a55-430b-9626-e699c71be7c0,Restaurant 973,Philadelphia,AZ,Italian,38.251053,-84.449011,False,3.0,3.0,0,0.0,0.0,0,,0,,3,3,Average,False,True
7639f7c7-098c-4d62-b48e-d3880e1270d3,Restaurant 976,Philadelphia,AZ,American (New),47.824964,-94.594686,True,3.5,3.5,0,0.0,0.0,0,,0,,3,3,Average,False,False
c6723b61-5117-41cb-b323-781566595b93,Restaurant 980,Philadelphia,AZ,Seafood,35.828118,-109.647196,True,2.0,2.0,0,0.0,0.0,0,,0,,3,3,Average,False,False
e1ff6786-efc1-4609-96b8-fc02cee6a4d5,Restaurant 982,Philadelphia,AZ,Pizza,29.092625,-85.707325,False,5.0,5.0,0,0.0,0.0,0,,0,,3,3,Average,False,True
1558d8da-7fba-42eb-9a69-33ad42177f23,Restaurant 1003,Philadelphia,AZ,Thai,35.432871,-104.366921,False,4.5,4.5,0,0.0,0.0,0,,0,,3,3,Average,False,True
5234d9df-1b99-4690-bdca-66e8a4d70cac,Restaurant 1014,Philadelphia,AZ,Italian,43.73052,-114.789908,True,1.0,1.0,0,0.0,0.0,0,,0,,3,3,Average,False,False
12449516-8eda-4310-b182-e978e0642282,Restaurant 1015,Philadelphia,AZ,Sushi,45.998342,-118.99425,False,2.0,2.0,0,0.0,0.0,0,,0,,3,3,Average,False,True
5d47aff6-b2df-45a3-9057-e3ef8efbb33f,Restaurant 1023,Philadelphia,AZ,Coffee & Tea,38.955549,-102.990915,False,1.5,1.5,0,0.0,0.0,0,,0,,3,3,Average,False,True
e90b0d83-172c-47f1-9398-60a560df0695,Restaurant 1028,Philadelphia,AZ,Chinese,43.297431,-106.695939,True,2.5,2.5,0,0.0,0.0,0,,0,,3,3,Average,False,False
a755f275-b94b-4c7f-b233-d6a19817c5f0,Restaurant 1033,Philadelphia,AZ,Thai,28.328118,-73.141055,False,2.5,2.5,0,0.0,0.0,0,,0,,3,3,Average,False,True
f9fb31b0-68aa-46e7-8742-e1a42b9f7cb8,Restaurant 1038,Philadelphia,AZ,Mexican,42.427426,-103.49153,False,5.0,5.0,0,0.0,0.0,0,,0,,3,3,Average,False,True
0f9b21c6-5190-4f06-9934-a9e873cfc151,Restaurant 1050,Philadelphia,AZ,American (New),27.830042,-117.915121,True,2.5,2.5,0,0.0,0.0,0,,0,,3,3,Average,False,False
dc041d53-60bf-4bcd-b709-69476bdc19cf,Restaurant 1053,Philadelphia,AZ,Sushi,37.021324,-70.768926,True,3.5,3.5,0,0.0,0.0,0,,0,,3,3,Average,False,False
e984c17e-b842-40fd-9b45-2e858639cbb4,Restaurant 1065,Philadelphia,AZ,Italian,35.09608,-105.529922,False,4.5,4.5,0,0.0,0.0,0,,0,,3,3,Average,False,True
3c93868a-69be-47e8-a8ad-e55c69cd4fc8,Restaurant 1074,Philadelphia,AZ,Italian,44.512091,-121.83768,False,1.0,1.0,0,0.0,0.0,0,,0,,3,3,Average,False,True
0f02ed56-45bf-4617-ae8e-82fa1821bf61,Restaurant 1076,Philadelphia,AZ,Coffee & Tea,26.949107,-96.712477,True,2.0,2.0,0,0.0,0.0,0,,0,,3,3,Average,False,False
2cf1ec82-2930-4d7e-a2d4-3d3ffc5a5cc1,Restaurant 1084,Philadelphia,AZ,Mexican,42.500698,-111.373899,True,2.0,2.0,0,0.0,0.0,0,,0,,3,3,Average,False,False
25f6ce41-c572-40b2-8684-b76c09fb8cfa,Restaurant 1133,Philadelphia,AZ,Burgers,41.362356,-110.80701,True,5.0,5.0,0,0.0,0.0,0,,0,,3,3,Average,False,False
a4541be4-4160-43c6-865c-3f07de48c842,Restaurant 1147,Philadelphia,AZ,Italian,35.460581,-115.66553,True,3.0,3.0,0,0.0,0.0,0,,0,,3,3,Average,False,False
23d4f074-c094-4741-a523-b2fa964b54f9,Restaurant 1150,Philadelphia,AZ,Burgers,36.787023,-90.645245,True,3.5,3.5,0,0.0,0.0,0,,0,,3,3,Average,False,False
910a5ad0-0630-478b-a1d1-be7a7fd8c276,Restaurant 1151,Philadelphia,AZ,American (New),45.180398,-70.481352,True,1.0,1.0,0,0.0,0.0,0,,0,,3,3,Average,False,False
d59c2271-63c8-4ecf-a41b-6a89abb8c9db,Restaurant 1160,Philadelphia,AZ,Pizza,37.316645,-81.887843,False,4.0,4.0,0,0.0,0.0,0,,0,,3,3,Average,False,True
b29de0ab-c291-4d57-a71e-74896497481d,Restaurant 1162,Philadelphia,AZ,Coffee & Tea,36.48725,-107.597569,True,4.0,4.0,0,0.0,0.0,0,,0,,3,3,Average,False,False
32cea1a5-5839-46e8-a7c5-a6b5400897cb,Restaurant 1163,Philadelphia,AZ,American (New),47.297523,-119.640467,False,2.5,2.5,0,0.0,0.0,0,,0,,3,3,Average,False,True
e48f894e-133e-460e-9ce6-d4a17a7f26a1,Restaurant 1171,Philadelphia,AZ,Pizza,33.064115,-81.343683,False,4.5,4.5,0,0.0,0.0,0,,0,,3,3,Average,False,True
ce0b1f70-0bb1-4c18-9dc2-b5439ef60c1a,Restaurant 1192,Philadelphia,AZ,Italian,45.457343,-72.304641,False,3.0,3.0,0,0.0,0.0,0,,0,,3,3,Average,False,True
8f3321f4-bcde-4288-9cca-b540966b69b3,Restaurant 1206,Philadelphia,AZ,American (New),27.90464,-77.595781,True,4.0,4.0,0,0.0,0.0,0,,0,,4,3,Strong,False,False
64a33811-deac-463c-9e83-7c4bdb422034,Restaurant 1229,Philadelphia,AZ,Seafood,29.023902,-74.931997,False,3.5,3.5,0,0.0,0.0,0,,0,,4,4,Strong,False,True
0170cbd9-ecf2-4ebc-b91b-f0fc4f9389d1,Restaurant 1243,Philadelphia,AZ,Italian,26.947159,-110.140384,True,1.5,1.5,0,0.0,0.0,0,,0,,4,4,Strong,False,False
14430ebb-1169-4de0-b8e3-89c9d39e78b2,Restaurant 1244,Philadelphia,AZ,American (New),44.879225,-118.320653,True,5.0,5.0,0,0.0,0.0,0,,0,,4,4,Strong,False,False
bd1132d2-08c1-494f-bc6f-82a12838881e,Restaurant 1248,Philadelphia,AZ,Seafood,43.866232,-78.705356,False,5.0,5.0,0,0.0,0.0,0,,0,,4,4,Strong,False,True
c9cd86f1-6d76-4f14-929f-78c489141c64,Restaurant 1253,Philadelphia,AZ,Chinese,25.209761,-116.292701,True,5.0,5.0,0,0.0,0.0,0,,0,,4,4,Strong,False,False
556a9d62-1825-423f-a7aa-acb1ec1c095f,Restaurant 1261,Philadelphia,AZ,Sushi,40.613527,-112.59769,True,2.0,2.0,0,0.0,0.0,0,,0,,4,4,Strong,False,False
15f7afdd-2f0b-4288-bc53-243e0228720b,Restaurant 1264,Philadelphia,AZ,Coffee & Tea,33.098439,-90.983662,True,5.0,5.0,0,0.0,0.0,0,,0,,4,4,Strong,False,False
a5aac5be-2afe-4fd6-983c-d630b4711756,Restaurant 1270,Philadelphia,AZ,Burgers,43.530228,-93.987909,True,1.0,1.0,0,0.0,0.0,0,,0,,4,4,Strong,False,False
f0610907-d718-445a-b988-1bd8368afb62,Restaurant 1272,Philadelphia,AZ,Pizza,30.180636,-105.735827,True,4.5,4.5,0,0.0,0.0,0,,0,,4,4,Strong,False,False
3899c000-60dc-44b2-be6f-315fcf5c0745,Restaurant 1288,Philadelphia,AZ,Burgers,38.169859,-93.743332,True,5.0,5.0,0,0.0,0.0,0,,0,,4,4,Strong,False,False
8e0244c3-7c97-42d3-bfcf-dacdf9407fdc,Restaurant 1292,Philadelphia,AZ,Burgers,35.728109,-71.876298,True,4.5,4.5,0,0.0,0.0,0,,0,,4,4,Strong,False,False
ebf4f62f-28a1-42e0-a01c-e854ae20caee,Restaurant 1309,Philadelphia,AZ,Thai,28.835732,-101.975592,True,5.0,5.0,0,0.0,0.0,0,,0,,4,4,Strong,False,False
b818c60f-c959-46fb-a08a-f800aa7833e5,Restaurant 1328,Philadelphia,AZ,Seafood,39.057995,-85.950522,False,1.0,1.0,0,0.0,0.0,0,,0,,4,4,Strong,False,True
d9dbed11-36ab-48ae-aa8e-6e7e69ec58d6,Restaurant 1330,Philadelphia,AZ,Mexican,34.020831,-105.357967,True,4.5,4.5,0,0.0,0.0,0,,0,,4,4,Strong,False,False
7be94559-5f9d-4b06-9dc4-5547da1cefb0,Restaurant 1346,Philadelphia,AZ,Seafood,46.88352,-83.051479,True,1.5,1.5,0,0.0,0.0,0,,0,,4,4,Strong,False,False
0333c093-7f7f-48ce-9493-bec321aebd3a,Restaurant 1351,Philadelphia,AZ,Coffee & Tea,36.495756,-72.228859,False,2.5,2.5,0,0.0,0.0,0,,0,,4,4,Strong,False,True
73356008-07b7-4128-bf8a-7166aefc395a,Restaurant 1381,Philadelphia,AZ,Italian,45.175563,-73.121947,True,3.0,3.0,0,0.0,0.0,0,,0,,4,4,Strong,False,False
58707e66-0acd-4d1f-b407-dccf4f7f14e0,Restaurant 1387,Philadelphia,AZ,Coffee & Tea,25.723305,-118.6586,True,2.0,2.0,0,0.0,0.0,0,,0,,4,4,Strong,False,False
8ff62754-22d9-4277-a8af-563c873154ed,Restaurant 1390,Philadelphia,AZ,Burgers,29.281697,-123.803752,False,4.5,4.5,0,0.0,0.0,0,,0,,4,4,Strong,False,True
237038ae-18c1-4b9f-802c-200ebbca54fc,Restaurant 1406,Philadelphia,AZ,American (New),44.415873,-71.552637,False,1.5,1.5,0,0.0,0.0,0,,0,,4,4,Strong,False,True
06e69bce-6c4e-425d-aff7-ca7831ca8102,Restaurant 1408,Philadelphia,AZ,Seafood,25.916422,-77.265681,True,4.5,4.5,0,0.0,0.0,0,,0,,4,4,Strong,False,False
b7d30ad8-04a0-4b83-b31c-9f48a1c1086b,Restaurant 1416,Philadelphia,AZ,Seafood,42.496538,-100.96799,True,2.0,2.0,0,0.0,0.0,0,,0,,4,4,Strong,False,False
71895e3a-9fce-476d-a163-6b93020d207a,Restaurant 1428,Philadelphia,AZ,Italian,31.584519,-74.149732,False,2.0,2.0,0,0.0,0.0,0,,0,,4,4,Strong,False,True
49f41eac-97cc-4967-8673-3aa31e2cfc99,Restaurant 1433,Philadelphia,AZ,Coffee & Tea,32.422657,-108.885995,False,1.0,1.0,0,0.0,0.0,0,,0,,4,4,Strong,False,True
cef00736-03ae-4c47-8ae6-e81e784d9822,Restaurant 1458,Philadelphia,AZ,Thai,32.341774,-71.410509,True,4.5,4.5,0,0.0,0.0,0,,0,,4,4,Strong,False,False
06faa0f3-0587-4f11-b6b5-9e1145227000,Restaurant 1465,Philadelphia,AZ,Chinese,25.448031,-86.26136,False,2.5,2.5,0,0.0,0.0,0,,0,,4,4,Strong,False,True
24aca3f0-eede-421b-8939-ef357e21cb44,Restaurant 1467,Philadelphia,AZ,Pizza,27.457195,-111.62742,False,3.5,3.5,0,0.0,0.0,0,,0,,4,4,Strong,False,True
5f9b4a4d-0c8a-453b-96d0-be61e216531e,Restaurant 1468,Philadelphia,AZ,Pizza,31.44328,-91.631234,True,4.0,4.0,0,0.0,0.0,0,,0,,4,4,Strong,False,False
c5b8ade8-6efe-4695-b6cf-2a8518d0e122,Restaurant 1478,Philadelphia,AZ,Pizza,39.960205,-120.983582,False,3.5,3.5,0,0.0,0.0,0,,0,,4,4,Strong,False,True
1fd17a05-503c-4728-b9ab-77a43e794bc3,Restaurant 1487,Philadelphia,AZ,Sushi,33.242978,-70.255334,True,4.0,4.0,0,0.0,0.0,0,,0,,4,4,Strong,False,False
3131e914-3efe-4cf9-a5de-ef0642cec831,Restaurant 1495,Philadelphia,AZ,Seafood,41.903869,-117.061255,False,4.0,4.0,0,0.0,0.0,0,,0,,4,4,Strong,False,True
7aadca91-da2d-4dc4-8525-fe19dc7941f2,Restaurant 1497,Philadelphia,AZ,Seafood,47.617482,-77.912277,True,5.0,5.0,0,0.0,0.0,0,,0,,4,4,Strong,False,False
bb67c0f1-693c-4eae-a3a6-07eab6fb2c66,Restaurant 1499,Philadelphia,AZ,American (New),42.220535,-78.141734,True,2.5,2.5,0,0.0,0.0,0,,0,,4,4,Strong,False,False
bf7a474e-4be2-4676-9882-5ae4d2f37be0,Restaurant 1513,Philadelphia,AZ,Italian,32.404189,-85.314879,True,3.0,3.0,0,0.0,0.0,0,,0,,4,4,Strong,False,False
68acacc8-53c8-4da0-9c64-3cff98112155,Restaurant 1515,Philadelphia,AZ,Burgers,42.585637,-80.615645,True,2.5,2.5,0,0.0,0.0,0,,0,,4,4,Strong,False,False
e8b0ea68-73d4-42b3-b187-a603c5c9a28b,Restaurant 1527,Philadelphia,AZ,Mexican,44.858459,-122.949807,True,4.0,4.0,0,0.0,0.0,0,,0,,4,4,Strong,False,False
6e2518b1-a6a5-4eb5-aa21-6623cec2a451,Restaurant 1530,Philadelphia,AZ,Burgers,31.052995,-81.349744,False,2.5,2.5,0,0.0,0.0,0,,0,,4,4,Strong,False,True
4bf86166-f17c-4567-9167-b5fd930a99d2,Restaurant 1537,Philadelphia,AZ,Mexican,30.655783,-116.47435,False,3.0,3.0,0,0.0,0.0,0,,0,,4,4,Strong,False,True
ef3c1bcd-c9d3-45b7-884f-cea121ed9fc3,Restaurant 1545,Philadelphia,AZ,Chinese,39.956384,-75.72871,True,4.5,4.5,0,0.0,0.0,0,,0,,4,4,Strong,False,False
442a6be0-8e3c-49b9-849d-2a4583d6381d,Restaurant 1560,Philadelphia,AZ,Chinese,37.60355,-103.613479,True,4.5,4.5,0,0.0,0.0,0,,0,,4,4,Strong,False,False
28ab599d-bf9e-46e3-8eeb-200a8ca24494,Restaurant 1562,Philadelphia,AZ,Chinese,41.275661,-78.851579,True,1.5,1.5,0,0.0,0.0,0,,0,,4,4,Strong,False,False
426ad328-4250-42d0-97c8-8e6de697fe0d,Restaurant 1564,Philadelphia,AZ,Sushi,31.738061,-90.55134,False,4.0,4.0,0,0.0,0.0,0,,0,,4,4,Strong,False,True
b3521046-c57d-4dae-95c2-e9144041ab52,Restaurant 1580,Philadelphia,AZ,American (New),45.735945,-121.896451,False,4.0,4.0,0,0.0,0.0,0,,0,,4,4,Strong,False,True
38db347e-505b-4422-ba14-abc891fe9f5d,Restaurant 1586,Philadelphia,AZ,Thai,40.706267,-91.306532,False,3.5,3.5,0,0.0,0.0,0,,0,,4,4,Strong,False,True
867dea61-695b-4633-8547-a0e22f438e7f,Restaurant 1590,Philadelphia,AZ,Mexican,32.769431,-88.404462,True,2.0,2.0,0,0.0,0.0,0,,0,,4,5,Strong,False,False
de3e9df0-23f3-4ab7-813c-11860fa584ea,Restaurant 1602,Philadelphia,AZ,Thai,38.036009,-76.291788,True,1.5,1.5,0,0.0,0.0,0,,0,,5,5,Elite,True,False
04924ee9-98ef-490d-b1b8-1ae831810d23,Restaurant 1615,Philadelphia,AZ,Seafood,41.289465,-97.758479,False,2.0,2.0,0,0.0,0.0,0,,0,,5,5,Elite,True,True
46da7d59-374e-4100-a050-59f1593b605c,Restaurant 1616,Philadelphia,AZ,American (New),36.674441,-120.624294,True,2.5,2.5,0,0.0,0.0,0,,0,,5,5,Elite,True,False
100ed743-c4e6-438e-888c-e614efb05f1f,Restaurant 1624,Philadelphia,AZ,Chinese,28.267906,-83.719635,True,4.0,4.0,0,0.0,0.0,0,,0,,5,5,Elite,True,False
74fee88a-883a-4bf3-9fb1-2216db44ad63,Restaurant 1641,Philadelphia,AZ,Italian,33.786448,-116.366187,True,4.5,4.5,0,0.0,0.0,0,,0,,5,5,Elite,True,False
d9ca11a3-002a-40dd-ae61-a69334c3a6fa,Restaurant 1659,Philadelphia,AZ,Mexican,38.841699,-115.910849,False,4.5,4.5,0,0.0,0.0,0,,0,,5,5,Elite,True,True
13052c96-f2f8-4405-b922-32a050f2174b,Restaurant 1661,Philadelphia,AZ,Mexican,41.761209,-72.133538,False,1.5,1.5,0,0.0,0.0,0,,0,,5,5,Elite,True,True
e9d31913-cbd1-469b-aa07-619b549bfdb4,Restaurant 1665,Philadelphia,AZ,Pizza,41.822983,-116.568783,False,1.5,1.5,0,0.0,0.0,0,,0,,5,5,Elite,True,True
ffd216cb-0413-4779-a2c4-8aa74e39ec4e,Restaurant 1666,Philadelphia,AZ,Sushi,44.100378,-102.316666,True,1.0,1.0,0,0.0,0.0,0,,0,,5,5,Elite,True,False
73abd7ea-c7d6-4673-861b-c0dcd8709d37,Restaurant 1676,Philadelphia,AZ,American (New),32.486208,-78.994217,False,3.5,3.5,0,0.0,0.0,0,,0,,5,5,Elite,True,True
c98f444a-f9a0-4e8c-a909-0473eacb0049,Restaurant 1685,Philadelphia,AZ,Chinese,37.505904,-120.436942,False,1.5,1.5,0,0.0,0.0,0,,0,,5,5,Elite,True,True
50cff78b-74fd-420c-b5fb-700c125e9c8f,Restaurant 1688,Philadelphia,AZ,Seafood,41.034014,-103.650204,False,5.0,5.0,0,0.0,0.0,0,,0,,5,5,Elite,True,True
099ce46c-3d6d-4e29-a8ad-7c61e3897eda,Restaurant 1701,Philadelphia,AZ,Thai,29.924817,-115.517012,True,5.0,5.0,0,0.0,0.0,0,,0,,5,5,Elite,True,False
438ab3c1-c8ca-4eb9-91f8-cde2979b042c,Restaurant 1737,Philadelphia,AZ,Sushi,45.583206,-112.006513,True,2.5,2.5,0,0.0,0.0,0,,0,,5,5,Elite,True,False
3e11acff-1e98-4497-91eb-ebf47266d18c,Restaurant 1746,Philadelphia,AZ,Italian,42.257162,-113.143626,True,2.0,2.0,0,0.0,0.0,0,,0,,5,5,Elite,True,False
69a13d4c-e4fb-4480-a5ad-8bb87dc6d7be,Restaurant 1748,Philadelphia,AZ,Thai,45.294819,-99.518538,True,4.0,4.0,0,0.0,0.0,0,,0,,5,5,Elite,True,False
fa0c3273-42e2-48c6-8a26-134d68ef12fc,Restaurant 1755,Philadelphia,AZ,Italian,31.143435,-117.178382,False,2.5,2.5,0,0.0,0.0,0,,0,,5,5,Elite,True,True
5ef3ae86-fb41-4e68-a639-ff743f58be16,Restaurant 1766,Philadelphia,AZ,Mexican,46.340217,-103.201043,False,2.5,2.5,0,0.0,0.0,0,,0,,5,5,Elite,True,True
caa4e8e6-b27d-4604-8ea8-097cd33b0093,Restaurant 1803,Philadelphia,AZ,Seafood,28.083831,-119.721245,True,5.0,5.0,0,0.0,0.0,0,,0,,5,5,Elite,True,False
0d069d96-4d81-4a89-a77f-b7ca1c1cc1e3,Restaurant 1804,Philadelphia,AZ,Chinese,37.732457,-94.661748,True,3.5,3.5,0,0.0,0.0,0,,0,,5,5,Elite,True,False
3b301716-6d78-49a3-840f-0f62e7dc73fd,Restaurant 1816,Philadelphia,AZ,Chinese,30.471969,-101.365229,False,4.0,4.0,0,0.0,0.0,0,,0,,5,5,Elite,True,True
f51976dd-8d54-4115-a504-6f6366b3af30,Restaurant 1826,Philadelphia,AZ,Mexican,26.501786,-100.006402,False,3.0,3.0,0,0.0,0.0,0,,0,,5,5,Elite,True,True
e9a03872-8b56-4582-8a1b-5243912b9689,Restaurant 1827,Philadelphia,AZ,Mexican,31.201708,-98.580734,True,4.5,4.5,0,0.0,0.0,0,,0,,5,5,Elite,True,False
3e5f8ca8-dd5c-485a-a827-1a8b3404dc65,Restaurant 1836,Philadelphia,AZ,Thai,37.304556,-84.376155,False,1.5,1.5,0,0.0,0.0,0,,0,,5,5,Elite,True,True
e3cde411-5e84-4a06-a77c-d2940ca49ee0,Restaurant 1845,Philadelphia,AZ,Sushi,25.175324,-104.40054,False,5.0,5.0,0,0.0,0.0,0,,0,,5,5,Elite,True,True
8c9e1003-0c87-449b-8383-c0e9ecd22168,Restaurant 1857,Philadelphia,AZ,Chinese,39.893597,-121.851383,False,1.0,1.0,0,0.0,0.0,0,,0,,5,5,Elite,True,True
4ad8767f-a9e3-4e25-88d2-fa77ca61a1e3,Restaurant 1861,Philadelphia,AZ,Chinese,26.015368,-122.313077,False,3.0,3.0,0,0.0,0.0,0,,0,,5,5,Elite,True,True
befd1965-31c7-42e8-a5c5-86f8480d7d40,Restaurant 1868,Philadelphia,AZ,Burgers,36.860257,-104.205164,True,2.5,2.5,0,0.0,0.0,0,,0,,5,5,Elite,True,False
10976c04-b5e2-496a-96b7-6e540faed368,Restaurant 1882,Philadelphia,AZ,Thai,44.742705,-82.159766,True,5.0,5.0,0,0.0,0.0,0,,0,,5,5,Elite,True,False
b8f254f1-fb49-4539-bda7-a35e90b28470,Restaurant 1898,Philadelphia,AZ,Pizza,45.992658,-84.483804,False,5.0,5.0,0,0.0,0.0,0,,0,,5,5,Elite,True,True
83e03988-896e-44f2-904d-b1ccd5f20062,Restaurant 1918,Philadelphia,AZ,Burgers,42.794049,-77.540583,False,5.0,5.0,0,0.0,0.0,0,,0,,5,5,Elite,True,True
042ad3f8-d676-4fc1-818f-f549c98d9242,Restaurant 1925,Philadelphia,AZ,Seafood,29.713092,-70.213903,True,2.0,2.0,0,0.0,0.0,0,,0,,5,5,Elite,True,False
c83909e6-fc43-491d-837a-d2957605ee94,Restaurant 1927,Philadelphia,AZ,Coffee & Tea,38.18902,-106.026913,True,1.5,1.5,0,0.0,0.0,0,,0,,5,5,Elite,True,False
198c2c99-1344-4088-a778-3718209d672b,Restaurant 1936,Philadelphia,AZ,American (New),41.102566,-102.853736,False,4.5,4.5,0,0.0,0.0,0,,0,,5,5,Elite,True,True
30f3a3f7-1581-49a0-83e0-fb407e37f8b7,Restaurant 1939,Philadelphia,AZ,Sushi,40.795192,-102.728592,True,2.0,2.0,0,0.0,0.0,0,,0,,5,5,Elite,True,False
bc9124bd-0dd3-4fb0-9fbe-b93824c5b538,Restaurant 1947,Philadelphia,AZ,Thai,37.465466,-77.863693,False,4.0,4.0,0,0.0,0.0,0,,0,,5,5,Elite,True,True
8b80b7dc-b7d1-457a-a3ad-b2bdaa2e5444,Restaurant 1955,Philadelphia,AZ,Burgers,46.020938,-106.115713,True,2.0,2.0,0,0.0,0.0,0,,0,,5,5,Elite,True,False
c547f2e1-23b5-4334-9c57-042d4dc933ce,Restaurant 1966,Philadelphia,AZ,Burgers,31.248687,-117.862326,False,5.0,5.0,0,0.0,0.0,0,,0,,5,5,Elite,True,True
761c8834-a68b-4234-848d-435ac19b1e50,Restaurant 1969,Philadelphia,AZ,Seafood,36.734792,-70.926534,False,3.0,3.0,0,0.0,0.0,0,,0,,5,5,Elite,True,True
fbcb63e8-74e6-403c-8d31-c537e01c863d,Restaurant 1976,Philadelphia,AZ,Pizza,43.143036,-85.435157,True,3.0,3.0,0,0.0,0.0,0,,0,,5,5,Elite,True,False
8ff9727a-25b9-4806-be20-fdcf5c4c06fa,Restaurant 1985,Philadelphia,AZ,Seafood,26.456405,-87.188444,True,2.5,2.5,0,0.0,0.0,0,,0,,5,5,Elite,True,False
4ec0bc7b-2294-475f-a334-81ffb6697467,Restaurant 1992,Philadelphia,AZ,Sushi,28.72806,-106.788965,False,4.5,4.5,0,0.0,0.0,0,,0,,5,5,Elite,True,True
58d02875-1e24-4c0c-b4be-dddbaf3b0ca2,Restaurant 1993,Philadelphia,AZ,Thai,28.180333,-72.682022,True,5.0,5.0,0,0.0,0.0,0,,0,,5,5,Elite,True,False
190b7abe-8193-42d9-b8bc-d515b5de287d,Restaurant 991,Philadelphia,CA,American (New),25.405922,-74.834321,True,4.5,4.5,0,0.0,0.0,0,,0,,3,1,Average,False,False
adad5940-e205-4086-9222-7b0104825fd5,Restaurant 6,Philadelphia,CA,Chinese,44.929124,-104.093058,True,4.5,4.5,0,0.0,0.0,0,,0,,1,1,Low,False,False
3676ce48-4d9e-4aee-86a1-16121f7866d1,Restaurant 1009,Philadelphia,CA,Burgers,41.367018,-103.860875,True,1.5,1.5,0,0.0,0.0,0,,0,,3,1,Average,False,False
a11d34e6-9352-4afb-b566-999a4909f08b,Restaurant 1011,Philadelphia,CA,Burgers,38.170069,-81.135633,True,2.0,2.0,0,0.0,0.0,0,,0,,3,1,Average,False,False
196a9ddb-ff47-41df-a0e1-0430351e5584,Restaurant 1016,Philadelphia,CA,Sushi,26.478036,-123.368334,False,2.5,2.5,0,0.0,0.0,0,,0,,3,1,Average,False,True
378e23e4-3769-4d48-a472-f4b39ab04dee,Restaurant 17,Philadelphia,CA,Coffee & Tea,41.833875,-80.118721,True,5.0,5.0,0,0.0,0.0,0,,0,,1,1,Low,False,False
34bbbd1e-95ba-4dfb-9128-58e263d4134e,Restaurant 1025,Philadelphia,CA,Sushi,44.144145,-70.203239,False,4.5,4.5,0,0.0,0.0,0,,0,,3,1,Average,False,True
0f8068cb-ccda-4381-ae97-2ce9c278a2fa,Restaurant 25,Philadelphia,CA,Sushi,43.584512,-77.921821,True,1.5,1.5,0,0.0,0.0,0,,0,,1,1,Low,False,False
ff226a5c-fa4e-4f86-8536-492a96c1870f,Restaurant 1035,Philadelphia,CA,Italian,47.927518,-86.141275,False,4.5,4.5,0,0.0,0.0,0,,0,,3,1,Average,False,True
e33afa10-05f2-40a3-b29d-ec94cd801908,Restaurant 1042,Philadelphia,CA,Seafood,47.405651,-115.120192,False,1.0,1.0,0,0.0,0.0,0,,0,,3,1,Average,False,True
acb27707-dec1-4205-940c-67a243f47518,Restaurant 41,Philadelphia,CA,Thai,42.942674,-76.372591,True,4.0,4.0,0,0.0,0.0,0,,0,,1,1,Low,False,False
36a4b8e6-8dfa-4ea6-998e-4632d8191290,Restaurant 48,Philadelphia,CA,Burgers,46.17773,-90.726452,False,1.5,1.5,0,0.0,0.0,0,,0,,1,1,Low,False,True
71ac5587-65ed-4077-98ec-776972e2fc59,Restaurant 52,Philadelphia,CA,Pizza,40.4743,-112.644763,True,2.5,2.5,0,0.0,0.0,0,,0,,1,1,Low,False,False
8b1abb2c-7c27-4e3f-8cfc-98dd4c467131,Restaurant 1059,Philadelphia,CA,Italian,37.612482,-121.372235,False,1.5,1.5,0,0.0,0.0,0,,0,,3,1,Average,False,True
55715d56-7ebd-4afd-8c1f-a9d1b3321179,Restaurant 68,Philadelphia,CA,Sushi,25.590604,-107.842352,True,4.0,4.0,0,0.0,0.0,0,,0,,1,1,Low,False,False
4eddec92-4abd-4af4-9caa-72c640a36569,Restaurant 1067,Philadelphia,CA,American (New),46.73194,-115.918778,False,1.0,1.0,0,0.0,0.0,0,,0,,3,1,Average,False,True
99d1e92f-f4ec-445d-8b42-94f9049737b0,Restaurant 84,Philadelphia,CA,Coffee & Tea,27.724386,-82.955611,False,2.5,2.5,0,0.0,0.0,0,,0,,1,1,Low,False,True
56180211-cd20-4730-845d-34e59371bfb3,Restaurant 1069,Philadelphia,CA,Mexican,25.319706,-114.53988,False,1.0,1.0,0,0.0,0.0,0,,0,,3,1,Average,False,True
5635737e-151c-4475-8218-0ac649b42028,Restaurant 99,Philadelphia,CA,American (New),46.782397,-89.375967,False,2.0,2.0,0,0.0,0.0,0,,0,,1,1,Low,False,True
ca6ea88e-5ed7-41c7-bc32-9a896a9160e8,Restaurant 1075,Philadelphia,CA,Sushi,33.043599,-85.266153,True,4.0,4.0,0,0.0,0.0,0,,0,,3,1,Average,False,False
adafecd7-8c8d-40a4-8e1e-de69f1956cda,Restaurant 109,Philadelphia,CA,Pizza,28.82639,-108.529366,False,1.0,1.0,0,0.0,0.0,0,,0,,1,1,Low,False,True
cfb3799f-40de-4fae-b552-2317fccc6644,Restaurant 111,Philadelphia,CA,Mexican,45.029311,-90.91593,True,2.5,2.5,0,0.0,0.0,0,,0,,1,1,Low,False,False
32a762e9-7717-476c-84fa-e982795d702a,Restaurant 1085,Philadelphia,CA,Sushi,47.867912,-111.39551,False,4.0,4.0,0,0.0,0.0,0,,0,,3,1,Average,False,True
98083e27-c9e6-4b34-8fa3-af3252572fb6,Restaurant 1099,Philadelphia,CA,Seafood,35.068134,-96.98969,False,5.0,5.0,0,0.0,0.0,0,,0,,3,1,Average,False,True
fa153ba5-f96d-41fd-8444-4563a70747d3,Restaurant 1110,Philadelphia,CA,Pizza,30.640838,-74.997792,True,4.0,4.0,0,0.0,0.0,0,,0,,3,1,Average,False,False
19fac723-f78d-4787-a2ec-d0836307ede8,Restaurant 1111,Philadelphia,CA,Mexican,33.831783,-118.948047,True,1.0,1.0,0,0.0,0.0,0,,0,,3,1,Average,False,False
03bb8bbf-0ed2-432f-b214-d7083aa3d159,Restaurant 1118,Philadelphia,CA,Thai,46.236351,-74.406952,True,1.0,1.0,0,0.0,0.0,0,,0,,3,1,Average,False,False
57185a76-61dc-4ef9-9926-680ca0ca9b49,Restaurant 157,Philadelphia,CA,Sushi,35.620077,-122.931601,True,3.5,3.5,0,0.0,0.0,0,,0,,1,1,Low,False,False
8d302156-6612-4355-beb7-629fa83b3943,Restaurant 1130,Philadelphia,CA,Coffee & Tea,26.772502,-93.694926,True,4.0,4.0,0,0.0,0.0,0,,0,,3,1,Average,False,False
4e44ed02-497b-4bc6-be88-840a7c6b9ba7,Restaurant 174,Philadelphia,CA,Thai,32.711678,-116.967288,False,1.0,1.0,0,0.0,0.0,0,,0,,1,1,Low,False,True
63c35661-4dce-4531-96db-69c00c041edf,Restaurant 177,Philadelphia,CA,Thai,44.243818,-97.509393,True,5.0,5.0,0,0.0,0.0,0,,0,,1,1,Low,False,False
0e9dd086-3e85-4a97-be94-d44552d2af83,Restaurant 179,Philadelphia,CA,Burgers,37.513885,-81.747322,True,5.0,5.0,0,0.0,0.0,0,,0,,1,1,Low,False,False
e561ab54-4e33-48eb-b46b-3a409d00923c,Restaurant 181,Philadelphia,CA,Thai,41.909301,-106.711477,False,1.0,1.0,0,0.0,0.0,0,,0,,1,1,Low,False,True
01090c19-9e45-424c-af9f-23351575352f,Restaurant 187,Philadelphia,CA,Chinese,40.201142,-108.142728,False,4.0,4.0,0,0.0,0.0,0,,0,,1,1,Low,False,True
c074797c-cc7e-4b94-b73c-56cb6563a0bf,Restaurant 1143,Philadelphia,CA,American (New),27.14569,-85.484551,True,2.5,2.5,0,0.0,0.0,0,,0,,3,1,Average,False,False
74d4b6ee-66d1-495a-a81f-1b213e739b16,Restaurant 191,Philadelphia,CA,Sushi,28.166987,-104.817753,True,3.5,3.5,0,0.0,0.0,0,,0,,1,1,Low,False,False
33b35a51-a7e5-486b-baa0-6c2bf3cbae5b,Restaurant 1153,Philadelphia,CA,Thai,35.715185,-89.663353,True,4.5,4.5,0,0.0,0.0,0,,0,,3,1,Average,False,False
40e94756-f5a8-41fd-bb3d-87c24caf61ef,Restaurant 1155,Philadelphia,CA,Chinese,35.455309,-95.020533,True,4.5,4.5,0,0.0,0.0,0,,0,,3,1,Average,False,False
0f668b8a-bfd7-4761-a195-43543290414e,Restaurant 1158,Philadelphia,CA,Italian,34.316575,-108.591476,True,4.5,4.5,0,0.0,0.0,0,,0,,3,1,Average,False,False
289e7828-270a-43fa-8438-c5c8f0d81b7a,Restaurant 1169,Philadelphia,CA,American (New),42.248705,-90.689587,False,5.0,5.0,0,0.0,0.0,0,,0,,3,1,Average,False,True
5f8cf778-64fe-4ea6-b01d-f468db522307,Restaurant 198,Philadelphia,CA,Thai,47.364734,-89.671378,False,4.5,4.5,0,0.0,0.0,0,,0,,1,1,Low,False,True
734d908f-cd50-4355-b04f-53fcfeed9219,Restaurant 1176,Philadelphia,CA,Chinese,36.597912,-90.270741,True,4.0,4.0,0,0.0,0.0,0,,0,,3,2,Average,False,False
485bfb82-045c-4cbe-aa9f-ca61db3ccf91,Restaurant 1177,Philadelphia,CA,Seafood,25.589725,-124.365403,True,2.0,2.0,0,0.0,0.0,0,,0,,3,2,Average,False,False
3e2a1b4b-6073-402e-9d5c-cb0f3108b92f,Restaurant 1181,Philadelphia,CA,Chinese,31.49665,-75.796737,False,1.5,1.5,0,0.0,0.0,0,,0,,3,2,Average,False,True
d100a0f6-93b6-485d-82d9-d090701eb72b,Restaurant 230,Philadelphia,CA,Burgers,32.596753,-99.017785,True,2.0,2.0,0,0.0,0.0,0,,0,,1,2,Low,False,False
76cd9655-f0fb-40e8-ad1d-c46909bb77be,Restaurant 237,Philadelphia,CA,Mexican,40.392885,-114.837034,False,2.0,2.0,0,0.0,0.0,0,,0,,1,2,Low,False,True
0d2de02d-d4b4-41a4-a13f-c9e8d9bf4617,Restaurant 1188,Philadelphia,CA,American (New),41.285922,-89.144151,False,4.5,4.5,0,0.0,0.0,0,,0,,3,2,Average,False,True
a49528a7-612d-4dee-abde-5874cf249631,Restaurant 1194,Philadelphia,CA,Chinese,40.109956,-104.541964,True,3.5,3.5,0,0.0,0.0,0,,0,,3,2,Average,False,False
2bbaea77-3b35-4a89-8296-39a11683f58f,Restaurant 1211,Philadelphia,CA,Burgers,30.032051,-104.999592,True,4.5,4.5,0,0.0,0.0,0,,0,,4,2,Strong,False,False
d64ccfd5-d033-4596-b349-f89f35f48641,Restaurant 276,Philadelphia,CA,Pizza,46.288451,-75.537859,False,1.0,1.0,0,0.0,0.0,0,,0,,1,2,Low,False,True
6f496bd3-c18b-494e-a328-d82855e1e291,Restaurant 281,Philadelphia,CA,Thai,31.793728,-111.445262,False,1.5,1.5,0,0.0,0.0,0,,0,,1,2,Low,False,True
20e13c82-9918-487d-807d-71b0fced89f3,Restaurant 1212,Philadelphia,CA,Sushi,34.731162,-87.25537,False,1.5,1.5,0,0.0,0.0,0,,0,,4,2,Strong,False,True
df38fb94-890b-4bcc-9527-d4a36b3b03b2,Restaurant 283,Philadelphia,CA,Sushi,27.007836,-101.296127,False,5.0,5.0,0,0.0,0.0,0,,0,,1,2,Low,False,True
9d6a8276-b15d-49a0-bb0c-1b1afd220794,Restaurant 284,Philadelphia,CA,Italian,37.747056,-92.169149,True,3.5,3.5,0,0.0,0.0,0,,0,,1,2,Low,False,False
ce11f7e1-4a73-4bec-9e13-7448aa48bf45,Restaurant 1214,Philadelphia,CA,American (New),26.933536,-101.26895,False,2.0,2.0,0,0.0,0.0,0,,0,,4,2,Strong,False,True
bae0cc16-f75c-4f94-9dc5-71a80fed7282,Restaurant 1247,Philadelphia,CA,Italian,25.567097,-97.180752,True,4.0,4.0,0,0.0,0.0,0,,0,,4,2,Strong,False,False
68b932e7-111c-414d-b0d1-d9e0dfdb5d4f,Restaurant 299,Philadelphia,CA,Chinese,33.011559,-106.131333,False,2.5,2.5,0,0.0,0.0,0,,0,,1,2,Low,False,True
684cdc82-91ca-42b7-9336-de28c0cc8756,Restaurant 300,Philadelphia,CA,Sushi,41.605861,-100.115404,True,1.5,1.5,0,0.0,0.0,0,,0,,1,2,Low,False,False
abd35160-b08e-4392-a2f1-e80e859c16a7,Restaurant 307,Philadelphia,CA,Burgers,32.02374,-114.932551,False,2.0,2.0,0,0.0,0.0,0,,0,,1,2,Low,False,True
4f785c7b-4fa0-4681-8f77-08b7c3858183,Restaurant 1251,Philadelphia,CA,Sushi,34.588619,-101.634187,False,1.0,1.0,0,0.0,0.0,0,,0,,4,2,Strong,False,True
81187d03-4226-4c7a-9142-5c25a08a26da,Restaurant 1257,Philadelphia,CA,Coffee & Tea,25.679002,-84.691737,True,2.5,2.5,0,0.0,0.0,0,,0,,4,2,Strong,False,False
3d785051-a04b-4442-b9fc-fbb2c0d5b140,Restaurant 1259,Philadelphia,CA,Seafood,39.073783,-118.703942,False,1.5,1.5,0,0.0,0.0,0,,0,,4,2,Strong,False,True
e1c858f0-1473-44af-b62f-46514d3abae0,Restaurant 1267,Philadelphia,CA,Burgers,47.266641,-120.887258,False,2.5,2.5,0,0.0,0.0,0,,0,,4,2,Strong,False,True
793db73c-2384-41c3-b575-3f11e03c95b0,Restaurant 327,Philadelphia,CA,Sushi,40.962713,-98.726487,True,2.5,2.5,0,0.0,0.0,0,,0,,1,2,Low,False,False
232c4e8d-0357-4e57-9f22-e3789de7c63b,Restaurant 1283,Philadelphia,CA,Italian,36.474872,-123.14341,False,3.0,3.0,0,0.0,0.0,0,,0,,4,2,Strong,False,True
d12306f1-094a-46f5-9d6c-c440ffab1f29,Restaurant 338,Philadelphia,CA,Sushi,41.069545,-84.852289,True,2.5,2.5,0,0.0,0.0,0,,0,,1,2,Low,False,False
ea0a15b8-0d7d-491b-8113-d407145deb2f,Restaurant 339,Philadelphia,CA,Thai,39.082826,-121.973426,True,2.0,2.0,0,0.0,0.0,0,,0,,1,2,Low,False,False
6e5d33a4-fd0b-4d89-8f3f-79da6346807b,Restaurant 1291,Philadelphia,CA,Coffee & Tea,38.074145,-107.345583,False,3.0,3.0,0,0.0,0.0,0,,0,,4,2,Strong,False,True
1f99d8cc-45f8-4268-b25d-25e219d2a681,Restaurant 341,Philadelphia,CA,Seafood,32.705254,-101.387149,False,5.0,5.0,0,0.0,0.0,0,,0,,1,2,Low,False,True
1d8cea2a-2740-4ffc-a448-fa0114935103,Restaurant 350,Philadelphia,CA,Italian,37.185733,-111.900782,True,4.5,4.5,0,0.0,0.0,0,,0,,1,2,Low,False,False
16a7e1dd-fea8-4d1d-9737-8100fe297cea,Restaurant 354,Philadelphia,CA,Thai,28.130572,-82.641936,True,1.5,1.5,0,0.0,0.0,0,,0,,1,2,Low,False,False
4dee1f26-62d4-4bcd-9636-eab92e59cce8,Restaurant 356,Philadelphia,CA,Thai,28.625154,-87.266984,False,1.0,1.0,0,0.0,0.0,0,,0,,1,2,Low,False,True
34ad6596-3eb3-440d-9942-b64c30d06c56,Restaurant 360,Philadelphia,CA,Sushi,45.75741,-100.611277,False,2.0,2.0,0,0.0,0.0,0,,0,,1,2,Low,False,True
544dc4f9-eafb-4a68-b59b-cc7d0b05533d,Restaurant 1302,Philadelphia,CA,American (New),47.048379,-70.422432,False,5.0,5.0,0,0.0,0.0,0,,0,,4,2,Strong,False,True
d1d75ce4-bc84-48c7-b70a-cd0d4c53925b,Restaurant 1306,Philadelphia,CA,Seafood,40.026588,-91.712978,True,4.5,4.5,0,0.0,0.0,0,,0,,4,2,Strong,False,False
de5b3a8b-08c5-433a-a8c7-eb5e68da1e84,Restaurant 382,Philadelphia,CA,Thai,38.662703,-91.24954,False,4.5,4.5,0,0.0,0.0,0,,0,,1,2,Low,False,True
b726eab1-cd04-4c64-bf84-1976a3d7f31c,Restaurant 1318,Philadelphia,CA,Mexican,31.550192,-118.479691,False,3.0,3.0,0,0.0,0.0,0,,0,,4,2,Strong,False,True
84e63912-413d-4c1c-a621-e8e5b64ade3f,Restaurant 1322,Philadelphia,CA,Italian,35.221316,-101.225373,True,3.0,3.0,0,0.0,0.0,0,,0,,4,2,Strong,False,False
913126a1-03e8-4657-aa9c-838b260d7bad,Restaurant 389,Philadelphia,CA,Burgers,32.907202,-95.220305,True,2.5,2.5,0,0.0,0.0,0,,0,,1,2,Low,False,False
32335eaa-b575-466d-a494-372d456b8e95,Restaurant 1332,Philadelphia,CA,Mexican,41.030277,-86.234966,False,4.5,4.5,0,0.0,0.0,0,,0,,4,2,Strong,False,True
7b8cb828-e020-4ec7-b641-4b1f10444111,Restaurant 1336,Philadelphia,CA,Burgers,39.047282,-117.893157,True,5.0,5.0,0,0.0,0.0,0,,0,,4,2,Strong,False,False
ea31c191-14c0-4467-8c07-f48236f18437,Restaurant 405,Philadelphia,CA,Mexican,25.631361,-122.269193,True,2.5,2.5,0,0.0,0.0,0,,0,,2,2,Below Average,False,False
99bc29c5-806a-43ff-b5ce-f3927cfe0e08,Restaurant 1342,Philadelphia,CA,American (New),36.603722,-86.308092,True,4.0,4.0,0,0.0,0.0,0,,0,,4,3,Strong,False,False
4abadf2f-bf50-4835-aabc-5e16cc098fe1,Restaurant 1343,Philadelphia,CA,American (New),43.23026,-114.314376,False,3.0,3.0,0,0.0,0.0,0,,0,,4,3,Strong,False,True
8020a8a6-92eb-42f5-b727-a8959fc58470,Restaurant 428,Philadelphia,CA,American (New),36.967112,-90.746122,True,2.0,2.0,0,0.0,0.0,0,,0,,2,3,Below Average,False,False
ba26014e-c55f-4237-bb6e-f24b820912f2,Restaurant 432,Philadelphia,CA,Pizza,39.819746,-99.878682,False,3.0,3.0,0,0.0,0.0,0,,0,,2,3,Below Average,False,True
c9a6e050-d724-4a3a-a3f9-527b6fd988b7,Restaurant 1348,Philadelphia,CA,Sushi,28.892881,-77.434476,True,4.5,4.5,0,0.0,0.0,0,,0,,4,3,Strong,False,False
7766edc5-d35e-4216-8031-502324c6aea3,Restaurant 1375,Philadelphia,CA,Mexican,35.197694,-85.917502,False,3.5,3.5,0,0.0,0.0,0,,0,,4,3,Strong,False,True
5101636f-fa5f-4957-afb4-8303a45bcd80,Restaurant 438,Philadelphia,CA,Chinese,35.135821,-121.516517,True,3.5,3.5,0,0.0,0.0,0,,0,,2,3,Below Average,False,False
f6c23698-bc28-4423-9f0c-eef0724e3cc0,Restaurant 441,Philadelphia,CA,American (New),32.374578,-106.800784,True,3.0,3.0,0,0.0,0.0,0,,0,,2,3,Below Average,False,False
0fccb44c-afb9-4971-9181-4df06edac76a,Restaurant 443,Philadelphia,CA,American (New),42.140496,-124.022698,True,4.0,4.0,0,0.0,0.0,0,,0,,2,3,Below Average,False,False
f1886153-85f0-4e38-9f85-f529a6b3bb94,Restaurant 446,Philadelphia,CA,American (New),42.464359,-112.803909,False,3.5,3.5,0,0.0,0.0,0,,0,,2,3,Below Average,False,True
843cd534-807f-41e5-b999-0bf74d49788a,Restaurant 1380,Philadelphia,CA,Mexican,41.779659,-114.788761,True,1.0,1.0,0,0.0,0.0,0,,0,,4,3,Strong,False,False
22f9ae5a-a524-4f7e-a690-9904b3fd9e2c,Restaurant 458,Philadelphia,CA,Mexican,44.964814,-84.327914,False,2.5,2.5,0,0.0,0.0,0,,0,,2,3,Below Average,False,True
20d086fe-d946-4918-aec8-9a0e0af401e0,Restaurant 1398,Philadelphia,CA,Italian,27.955555,-83.032564,False,2.0,2.0,0,0.0,0.0,0,,0,,4,3,Strong,False,True
77591e1d-cf8e-47fd-a554-a661e7fa226f,Restaurant 1407,Philadelphia,CA,Burgers,25.160005,-72.848933,False,3.0,3.0,0,0.0,0.0,0,,0,,4,3,Strong,False,True
40ee7684-f164-4174-b8d8-5820ae68833b,Restaurant 478,Philadelphia,CA,American (New),29.831216,-84.221323,False,3.5,3.5,0,0.0,0.0,0,,0,,2,3,Below Average,False,True
1f41cb03-f0c7-4873-95d6-d4abee059914,Restaurant 1426,Philadelphia,CA,Chinese,31.655026,-77.430869,False,4.0,4.0,0,0.0,0.0,0,,0,,4,3,Strong,False,True
3e3d6ca6-c6dd-4fc3-8f86-10d0bfabce1f,Restaurant 489,Philadelphia,CA,Coffee & Tea,33.368908,-124.417457,True,2.5,2.5,0,0.0,0.0,0,,0,,2,3,Below Average,False,False
78e42928-d3f2-4584-878f-410b57b13657,Restaurant 1472,Philadelphia,CA,Chinese,47.015603,-105.132371,True,4.5,4.5,0,0.0,0.0,0,,0,,4,3,Strong,False,False
e46456c6-5786-4968-a2e8-ee4014df71ce,Restaurant 1486,Philadelphia,CA,Mexican,36.654177,-93.193306,True,5.0,5.0,0,0.0,0.0,0,,0,,4,3,Strong,False,False
75664995-e181-4b1f-8b7d-b94a77e658cd,Restaurant 1520,Philadelphia,CA,American (New),35.730091,-92.826178,True,4.5,4.5,0,0.0,0.0,0,,0,,4,3,Strong,False,False
e73b38e3-8d85-4631-a447-9acebd12b7e8,Restaurant 1521,Philadelphia,CA,Burgers,47.073892,-77.420321,False,2.5,2.5,0,0.0,0.0,0,,0,,4,3,Strong,False,True
8e7e4db4-05b2-4b29-8f88-1864eca89173,Restaurant 1522,Philadelphia,CA,Burgers,44.373475,-84.715655,False,3.0,3.0,0,0.0,0.0,0,,0,,4,3,Strong,False,True
3a0ddd08-6f6f-4b00-8407-83f57b8f9323,Restaurant 516,Philadelphia,CA,American (New),42.932476,-105.577979,True,4.0,4.0,0,0.0,0.0,0,,0,,2,3,Below Average,False,False
f58a448e-e697-4b10-bfee-d4fe4a6fd258,Restaurant 517,Philadelphia,CA,Chinese,37.640631,-85.062371,False,5.0,5.0,0,0.0,0.0,0,,0,,2,3,Below Average,False,True
51eee245-6a79-429d-94e7-0d0eec478a81,Restaurant 526,Philadelphia,CA,Coffee & Tea,40.543679,-88.511676,True,1.0,1.0,0,0.0,0.0,0,,0,,2,3,Below Average,False,False
ebc0c504-46a8-4ae7-ba6a-fff43f0cd79d,Restaurant 1532,Philadelphia,CA,Italian,34.339501,-90.801015,True,2.0,2.0,0,0.0,0.0,0,,0,,4,3,Strong,False,False
7d6dcc2b-9c62-412d-8495-8306d60ae4a6,Restaurant 1543,Philadelphia,CA,Italian,30.239962,-105.841147,False,5.0,5.0,0,0.0,0.0,0,,0,,4,3,Strong,False,True
bd85550a-4e6f-4bdf-a67e-dda9bbf7bad4,Restaurant 1549,Philadelphia,CA,Seafood,39.118561,-95.862541,True,2.0,2.0,0,0.0,0.0,0,,0,,4,3,Strong,False,False
3dbe0e36-c08b-4b22-8d4e-5ff6b3b36651,Restaurant 543,Philadelphia,CA,American (New),46.546254,-98.974781,False,1.0,1.0,0,0.0,0.0,0,,0,,2,3,Below Average,False,True
b5eebd4c-570a-4fbe-9da5-dc1304086d5b,Restaurant 544,Philadelphia,CA,Mexican,39.21635,-120.36288,True,4.0,4.0,0,0.0,0.0,0,,0,,2,3,Below Average,False,False
9765c8c6-8276-4766-823e-49cdb1cd7492,Restaurant 1574,Philadelphia,CA,American (New),27.630749,-116.259189,True,4.5,4.5,0,0.0,0.0,0,,0,,4,3,Strong,False,False
81539a67-c688-4ceb-bc5a-303610fb7e3f,Restaurant 557,Philadelphia,CA,Thai,26.288882,-82.33909,False,1.5,1.5,0,0.0,0.0,0,,0,,2,3,Below Average,False,True
19c24157-37d6-4e0f-bea7-4e61d1652155,Restaurant 1578,Philadelphia,CA,American (New),35.026818,-104.600395,True,2.0,2.0,0,0.0,0.0,0,,0,,4,3,Strong,False,False
3a258350-fe0b-4784-ba6c-ac7c98f979a6,Restaurant 1584,Philadelphia,CA,Mexican,30.374225,-104.033264,True,1.0,1.0,0,0.0,0.0,0,,0,,4,3,Strong,False,False
2fe5a1e7-2cd6-4bd9-acfb-47e9fd757c75,Restaurant 1600,Philadelphia,CA,Burgers,46.744242,-74.994835,True,1.5,1.5,0,0.0,0.0,0,,0,,5,3,Elite,True,False
0ec3c97b-00c3-4088-940b-b62867d30833,Restaurant 1611,Philadelphia,CA,Sushi,26.711536,-104.463644,True,2.0,2.0,0,0.0,0.0,0,,0,,5,3,Elite,True,False
647b17fc-02cf-4b70-a27f-4272309468ff,Restaurant 571,Philadelphia,CA,Mexican,37.033612,-121.332609,True,2.0,2.0,0,0.0,0.0,0,,0,,2,3,Below Average,False,False
0e3b3c15-b778-4b64-9d75-b974893edb3b,Restaurant 575,Philadelphia,CA,Mexican,26.792514,-113.125497,True,5.0,5.0,0,0.0,0.0,0,,0,,2,3,Below Average,False,False
ac18dc03-1988-4407-8739-8c004c9f5a59,Restaurant 1620,Philadelphia,CA,Pizza,32.917135,-84.68972,False,4.0,4.0,0,0.0,0.0,0,,0,,5,3,Elite,True,True
008b8658-9bb5-4d39-ac48-fd4779f9eee7,Restaurant 595,Philadelphia,CA,Chinese,30.590111,-90.844866,True,2.0,2.0,0,0.0,0.0,0,,0,,2,3,Below Average,False,False
3c7b46c0-5b76-4f1b-8e0d-eea2a8dbe533,Restaurant 1635,Philadelphia,CA,Burgers,36.291631,-91.857012,False,3.0,3.0,0,0.0,0.0,0,,0,,5,3,Elite,True,True
a3035b26-42eb-4537-9dd4-d5eb422fb48d,Restaurant 1643,Philadelphia,CA,Burgers,44.957967,-94.608368,False,3.5,3.5,0,0.0,0.0,0,,0,,5,4,Elite,True,True
b83768f6-15a1-4848-bc82-9b98bfc748c2,Restaurant 1647,Philadelphia,CA,American (New),32.902181,-121.173291,True,4.0,4.0,0,0.0,0.0,0,,0,,5,4,Elite,True,False
ce935ddb-3274-4fa1-9112-2a305a96d522,Restaurant 1656,Philadelphia,CA,Mexican,33.911397,-119.129871,False,2.5,2.5,0,0.0,0.0,0,,0,,5,4,Elite,True,True
00373304-2f50-45c4-85dc-ebe88e2cf084,Restaurant 1669,Philadelphia,CA,Chinese,33.447835,-79.860719,False,5.0,5.0,0,0.0,0.0,0,,0,,5,4,Elite,True,True
d52048a8-b154-4296-87cb-62f47566d74d,Restaurant 629,Philadelphia,CA,American (New),35.828787,-118.288722,False,3.0,3.0,0,0.0,0.0,0,,0,,2,4,Below Average,False,True
3645f180-c2ae-4bd4-b936-eea833d8a2ac,Restaurant 641,Philadelphia,CA,Thai,45.172121,-104.562903,False,3.0,3.0,0,0.0,0.0,0,,0,,2,4,Below Average,False,True
26b9ceb0-7cf3-4d7c-843c-82d11ec35ce4,Restaurant 1672,Philadelphia,CA,American (New),30.823607,-117.429718,False,3.5,3.5,0,0.0,0.0,0,,0,,5,4,Elite,True,True
2c15b7cc-7d43-4340-bc94-8d8b6d6485ec,Restaurant 648,Philadelphia,CA,American (New),47.040855,-94.220583,False,1.5,1.5,0,0.0,0.0,0,,0,,2,4,Below Average,False,True
30265b31-f57d-4d95-8f41-5587d69fa70a,Restaurant 653,Philadelphia,CA,Mexican,32.139009,-89.556976,True,4.5,4.5,0,0.0,0.0,0,,0,,2,4,Below Average,False,False
8853bca9-c000-4107-b4c9-8b4ed34905d1,Restaurant 655,Philadelphia,CA,Seafood,27.596402,-98.674135,False,2.0,2.0,0,0.0,0.0,0,,0,,2,4,Below Average,False,True
bcf729b8-4e2a-4e76-83a1-8eaf2bbfb7d9,Restaurant 1680,Philadelphia,CA,Coffee & Tea,29.271425,-82.316268,False,1.5,1.5,0,0.0,0.0,0,,0,,5,4,Elite,True,True
812f1eb5-7a80-499c-87b4-5cc3e4058d19,Restaurant 658,Philadelphia,CA,American (New),29.789477,-86.826708,False,4.0,4.0,0,0.0,0.0,0,,0,,2,4,Below Average,False,True
0181e513-a7ee-4f98-8a4e-8ccbfeb1b0ad,Restaurant 1709,Philadelphia,CA,Italian,47.430213,-95.699349,False,1.5,1.5,0,0.0,0.0,0,,0,,5,4,Elite,True,True
8fa74d81-1cbc-40ca-84aa-ef9679882bc7,Restaurant 660,Philadelphia,CA,Seafood,29.052002,-72.42641,True,1.5,1.5,0,0.0,0.0,0,,0,,2,4,Below Average,False,False
315e2a7b-c6e0-4757-8b74-50654834d1ab,Restaurant 1719,Philadelphia,CA,Pizza,37.310121,-117.991784,True,1.5,1.5,0,0.0,0.0,0,,0,,5,4,Elite,True,False
eb880677-9120-40b4-a878-424e5cb1004b,Restaurant 1726,Philadelphia,CA,American (New),41.385775,-100.660984,True,4.0,4.0,0,0.0,0.0,0,,0,,5,4,Elite,True,False
303af62e-f957-4b8b-9228-308828fd0474,Restaurant 673,Philadelphia,CA,Seafood,45.468056,-120.135451,False,4.5,4.5,0,0.0,0.0,0,,0,,2,4,Below Average,False,True
c4aa683a-a827-4485-950d-10854a337f42,Restaurant 1732,Philadelphia,CA,Thai,30.863292,-112.429374,False,3.5,3.5,0,0.0,0.0,0,,0,,5,4,Elite,True,True
cf7eea88-f042-401e-bb38-024312da85a3,Restaurant 1742,Philadelphia,CA,American (New),28.125798,-109.203863,False,5.0,5.0,0,0.0,0.0,0,,0,,5,4,Elite,True,True
ba8dd99e-3c3d-4019-8c83-60119aef4877,Restaurant 685,Philadelphia,CA,American (New),40.049895,-103.486543,True,2.5,2.5,0,0.0,0.0,0,,0,,2,4,Below Average,False,False
ba4c93b3-a4fe-4818-9818-cf61c2373579,Restaurant 1763,Philadelphia,CA,Italian,36.634404,-102.304524,False,4.0,4.0,0,0.0,0.0,0,,0,,5,4,Elite,True,True
9dfbdee3-6b19-4855-9a41-780220ab55d1,Restaurant 687,Philadelphia,CA,Pizza,35.256671,-112.932102,True,3.0,3.0,0,0.0,0.0,0,,0,,2,4,Below Average,False,False
f1e31771-8212-4167-88a4-085f77eadda1,Restaurant 691,Philadelphia,CA,Italian,42.873437,-103.946055,False,3.5,3.5,0,0.0,0.0,0,,0,,2,4,Below Average,False,True
77cb1df1-1763-45c3-b0ab-c2e1aab24f7a,Restaurant 694,Philadelphia,CA,Pizza,41.733538,-82.251956,True,1.0,1.0,0,0.0,0.0,0,,0,,2,4,Below Average,False,False
cce00507-721d-44f1-9614-e454a1bf27b8,Restaurant 698,Philadelphia,CA,Mexican,37.296405,-72.149096,False,1.5,1.5,0,0.0,0.0,0,,0,,2,4,Below Average,False,True
b91057ae-925c-48f5-9a87-218e7176d718,Restaurant 700,Philadelphia,CA,Seafood,35.073626,-114.579453,True,1.0,1.0,0,0.0,0.0,0,,0,,2,4,Below Average,False,False
f2927dab-0f8c-414f-9461-07faf4129038,Restaurant 705,Philadelphia,CA,Coffee & Tea,39.058195,-79.055631,True,1.5,1.5,0,0.0,0.0,0,,0,,2,4,Below Average,False,False
f4ae295a-a6c7-4d23-a6cf-dce53502b0a5,Restaurant 708,Philadelphia,CA,Coffee & Tea,28.248446,-102.166512,True,3.5,3.5,0,0.0,0.0,0,,0,,2,4,Below Average,False,False
105993d8-e4da-46a8-abb1-76363d389fd0,Restaurant 1768,Philadelphia,CA,Sushi,43.312469,-124.533058,False,5.0,5.0,0,0.0,0.0,0,,0,,5,4,Elite,True,True
c8357981-d8a3-4067-bc5d-a6ba4fda397d,Restaurant 718,Philadelphia,CA,Coffee & Tea,41.968201,-77.156253,True,4.0,4.0,0,0.0,0.0,0,,0,,2,4,Below Average,False,False
1d0d71cd-1f29-4b68-8c38-52721db9616e,Restaurant 732,Philadelphia,CA,Coffee & Tea,41.314754,-113.740807,True,3.5,3.5,0,0.0,0.0,0,,0,,2,4,Below Average,False,False
c3b2f1ea-cf9b-4bf2-b962-e296bc9c24dc,Restaurant 735,Philadelphia,CA,Italian,45.513774,-99.816923,True,1.5,1.5,0,0.0,0.0,0,,0,,2,4,Below Average,False,False
8a80de20-3565-4768-b4a2-6d164e685ea7,Restaurant 736,Philadelphia,CA,American (New),31.346683,-86.660484,True,4.5,4.5,0,0.0,0.0,0,,0,,2,4,Below Average,False,False
f77d017f-c133-43b1-a15b-c9fdc279c1bb,Restaurant 1784,Philadelphia,CA,Chinese,42.746065,-71.689925,True,2.5,2.5,0,0.0,0.0,0,,0,,5,4,Elite,True,False
f8b93329-c27d-4c1b-9b9c-5c1e16ea4c92,Restaurant 1795,Philadelphia,CA,Italian,47.604713,-76.972836,True,1.0,1.0,0,0.0,0.0,0,,0,,5,4,Elite,True,False
77eb2bac-366a-42f8-b26c-52f299355a9e,Restaurant 749,Philadelphia,CA,Mexican,44.537382,-87.761514,False,1.5,1.5,0,0.0,0.0,0,,0,,2,4,Below Average,False,True
df09e2fd-3c89-4f96-b719-0493a91c54e3,Restaurant 753,Philadelphia,CA,Seafood,29.779027,-98.896278,True,5.0,5.0,0,0.0,0.0,0,,0,,2,4,Below Average,False,False
fbb46272-9d5b-499d-85ff-0092e4afc244,Restaurant 754,Philadelphia,CA,Seafood,34.417595,-74.707423,False,4.0,4.0,0,0.0,0.0,0,,0,,2,4,Below Average,False,True
e97dfcba-e1e2-4032-9bf7-65cd60ed4f98,Restaurant 757,Philadelphia,CA,Pizza,40.31601,-109.177103,True,2.0,2.0,0,0.0,0.0,0,,0,,2,4,Below Average,False,False
a8a17e62-886c-4c3a-8eb1-4bccaff7f2db,Restaurant 1796,Philadelphia,CA,Coffee & Tea,32.763186,-97.474531,True,5.0,5.0,0,0.0,0.0,0,,0,,5,4,Elite,True,False
3d181fe5-f907-44ec-a20b-bc802e446d66,Restaurant 1797,Philadelphia,CA,Pizza,43.147001,-105.571791,False,4.0,4.0,0,0.0,0.0,0,,0,,5,4,Elite,True,True
25fca3da-846f-40dc-8206-1d891a1a926b,Restaurant 766,Philadelphia,CA,Chinese,43.833429,-74.212464,False,4.5,4.5,0,0.0,0.0,0,,0,,2,5,Below Average,False,True
b7e1aead-c202-40b2-b6cd-90a9d21ae283,Restaurant 1798,Philadelphia,CA,Chinese,28.353698,-116.181309,False,5.0,5.0,0,0.0,0.0,0,,0,,5,5,Elite,True,True
a282d015-9c91-4733-ba5f-1ccb5fe64e44,Restaurant 769,Philadelphia,CA,Pizza,42.817923,-83.346628,True,1.0,1.0,0,0.0,0.0,0,,0,,2,5,Below Average,False,False
cdb04504-3a06-4917-a915-fd0d5edb90d4,Restaurant 771,Philadelphia,CA,Sushi,29.724227,-75.435382,True,2.0,2.0,0,0.0,0.0,0,,0,,2,5,Below Average,False,False
3eb4aa66-55ee-4cb6-8cdb-b2c69fc65daa,Restaurant 1809,Philadelphia,CA,Italian,38.257461,-92.977449,True,1.5,1.5,0,0.0,0.0,0,,0,,5,5,Elite,True,False
5521b148-df6d-4c88-9bd6-83809ff14848,Restaurant 777,Philadelphia,CA,American (New),31.523063,-91.978577,True,3.0,3.0,0,0.0,0.0,0,,0,,2,5,Below Average,False,False
be516685-883e-457d-a84e-6d3b0bebeaba,Restaurant 779,Philadelphia,CA,Burgers,35.075342,-88.779846,True,1.5,1.5,0,0.0,0.0,0,,0,,2,5,Below Average,False,False
0d260b10-422a-48b5-aa99-a4b58692b63d,Restaurant 787,Philadelphia,CA,Pizza,35.352657,-78.091914,True,4.5,4.5,0,0.0,0.0,0,,0,,2,5,Below Average,False,False
354cf501-9e20-471b-be69-2d02fadff0f7,Restaurant 1811,Philadelphia,CA,Italian,42.302944,-122.759441,False,4.0,4.0,0,0.0,0.0,0,,0,,5,5,Elite,True,True
7261b6a6-09a8-4e50-991f-c7295e2b1374,Restaurant 792,Philadelphia,CA,Mexican,32.93829,-105.344866,True,3.5,3.5,0,0.0,0.0,0,,0,,2,5,Below Average,False,False
fbc3744c-57fe-4f65-891e-ad5724238208,Restaurant 804,Philadelphia,CA,Seafood,29.681835,-102.315889,False,3.0,3.0,0,0.0,0.0,0,,0,,3,5,Average,False,True
fa25eb9e-7606-4dd5-b696-7ceda8673603,Restaurant 1830,Philadelphia,CA,Coffee & Tea,45.67184,-111.134568,True,2.5,2.5,0,0.0,0.0,0,,0,,5,5,Elite,True,False
44dc67e6-b1df-4aaf-aa52-8119fcbc38ff,Restaurant 818,Philadelphia,CA,Pizza,34.680022,-84.892262,False,5.0,5.0,0,0.0,0.0,0,,0,,3,5,Average,False,True
32f271e9-cc9c-4532-80ab-316be5996fb6,Restaurant 1853,Philadelphia,CA,Coffee & Tea,31.006224,-94.810091,False,2.0,2.0,0,0.0,0.0,0,,0,,5,5,Elite,True,True
5c778682-ae3b-4d73-b291-5ffb80e919d4,Restaurant 823,Philadelphia,CA,Seafood,29.560123,-86.430637,False,2.0,2.0,0,0.0,0.0,0,,0,,3,5,Average,False,True
1a4d1ae8-8c07-451c-a1b2-495d2ad297ce,Restaurant 1855,Philadelphia,CA,Pizza,35.600682,-87.526358,True,3.5,3.5,0,0.0,0.0,0,,0,,5,5,Elite,True,False
5d846ec2-9a70-4311-9a25-6cc976593af0,Restaurant 840,Philadelphia,CA,Seafood,25.59713,-87.527821,False,1.5,1.5,0,0.0,0.0,0,,0,,3,5,Average,False,True
227c750a-4e24-415c-a619-6e563d759ad6,Restaurant 1858,Philadelphia,CA,American (New),39.848962,-83.610887,True,3.0,3.0,0,0.0,0.0,0,,0,,5,5,Elite,True,False
06f43adc-e09b-4910-a6f2-7b29c66f5d62,Restaurant 853,Philadelphia,CA,Burgers,35.646216,-81.76026,True,4.0,4.0,0,0.0,0.0,0,,0,,3,5,Average,False,False
a9b51ae5-094e-4285-b63c-cc0da16c55d5,Restaurant 1862,Philadelphia,CA,Seafood,41.649682,-109.870638,False,2.0,2.0,0,0.0,0.0,0,,0,,5,5,Elite,True,True
8649cfe0-e520-469b-a1aa-bf06574af3b7,Restaurant 856,Philadelphia,CA,Italian,28.949913,-98.758407,False,4.0,4.0,0,0.0,0.0,0,,0,,3,5,Average,False,True
12f9f3bb-bbb4-4f4a-99f1-008fc3d9a633,Restaurant 1867,Philadelphia,CA,American (New),46.050403,-84.382158,True,3.0,3.0,0,0.0,0.0,0,,0,,5,5,Elite,True,False
4a91d8de-6134-49f8-9cea-4b77b912d92d,Restaurant 875,Philadelphia,CA,American (New),33.566036,-83.483513,True,3.5,3.5,0,0.0,0.0,0,,0,,3,5,Average,False,False
7b5c052f-cef1-4bc6-a1e5-a2057de61b06,Restaurant 1878,Philadelphia,CA,Seafood,41.754373,-80.631225,True,1.5,1.5,0,0.0,0.0,0,,0,,5,5,Elite,True,False
800e83dc-a886-436c-a66c-942efdbaf80e,Restaurant 1880,Philadelphia,CA,Mexican,40.612008,-97.908042,False,2.0,2.0,0,0.0,0.0,0,,0,,5,5,Elite,True,True
805d38cc-2000-4739-8a61-1c2b3f4d322c,Restaurant 888,Philadelphia,CA,Sushi,26.430454,-76.131989,False,4.5,4.5,0,0.0,0.0,0,,0,,3,5,Average,False,True
14df6748-2a69-4785-b4ec-cd0a34a87709,Restaurant 1886,Philadelphia,CA,Sushi,38.884902,-80.531751,False,5.0,5.0,0,0.0,0.0,0,,0,,5,5,Elite,True,True
08878081-c5be-4fc3-aa80-8f64adea7861,Restaurant 900,Philadelphia,CA,Mexican,46.532182,-115.114113,True,1.0,1.0,0,0.0,0.0,0,,0,,3,5,Average,False,False
e4dabff0-cfd1-4584-b208-934f30288626,Restaurant 903,Philadelphia,CA,Thai,37.460923,-109.305655,True,2.0,2.0,0,0.0,0.0,0,,0,,3,5,Average,False,False
d9138c95-e89b-4295-9646-255cfce2c50e,Restaurant 1913,Philadelphia,CA,Mexican,44.39608,-82.252976,True,4.0,4.0,0,0.0,0.0,0,,0,,5,5,Elite,True,False
466eecc1-077a-47f2-9661-2740f668df4f,Restaurant 1961,Philadelphia,CA,Sushi,29.834275,-108.083074,False,3.5,3.5,0,0.0,0.0,0,,0,,5,5,Elite,True,True
8d6e948c-d9ab-4fcb-9756-252f53ccd67b,Restaurant 1963,Philadelphia,CA,Seafood,43.372486,-100.397023,True,3.5,3.5,0,0.0,0.0,0,,0,,5,5,Elite,True,False
0ffbece7-b236-4383-b170-ef0e5fb8b7cc,Restaurant 957,Philadelphia,CA,Sushi,44.379878,-96.796496,True,1.5,1.5,0,0.0,0.0,0,,0,,3,5,Average,False,False
ccb80a76-79ff-4343-bebb-fee9c4d76672,Restaurant 958,Philadelphia,CA,Italian,25.880472,-113.983137,False,2.5,2.5,0,0.0,0.0,0,,0,,3,5,Average,False,True
d1e3b3ee-397c-489c-b25c-8834c8de98bf,Restaurant 1971,Philadelphia,CA,Thai,47.66388,-123.603234,True,1.0,1.0,0,0.0,0.0,0,,0,,5,5,Elite,True,False
cfb530f2-ff18-48b0-9525-1c74a6ea9da4,Restaurant 975,Philadelphia,CA,Sushi,41.068829,-122.598454,False,2.0,2.0,0,0.0,0.0,0,,0,,3,5,Average,False,True
d9f36ab0-0b26-4264-a4b9-812794fa309b,Restaurant 1994,Philadelphia,CA,Thai,43.244373,-103.157757,True,1.0,1.0,0,0.0,0.0,0,,0,,5,5,Elite,True,False
75150154-a58e-4f12-a85f-ffc584ca4752,Restaurant 1998,Philadelphia,CA,Pizza,44.209234,-116.034739,True,2.5,2.5,0,0.0,0.0,0,,0,,5,5,Elite,True,False
717f5a9c-c8d2-4626-bfc9-95c5c295726e,Restaurant 983,Philadelphia,CA,Mexican,40.877974,-100.580732,False,1.0,1.0,0,0.0,0.0,0,,0,,3,5,Average,False,True
e6cbe8c2-63c3-4201-91bc-ec5df2afdb3b,Restaurant 986,Philadelphia,CA,Burgers,32.42163,-90.526746,False,2.5,2.5,0,0.0,0.0,0,,0,,3,5,Average,False,True
588641b5-4966-4546-bbf3-1ce9aa44e4d2,Restaurant 3,Philadelphia,TX,Chinese,47.015901,-106.4873,True,1.5,1.5,0,0.0,0.0,0,,0,,1,1,Low,False,False
656e2e08-057d-4130-90cd-992bda818642,Restaurant 8,Philadelphia,TX,Pizza,33.727475,-70.576216,False,5.0,5.0,0,0.0,0.0,0,,0,,1,1,Low,False,True
bf86ee51-73ff-41fe-b984-b69b6c0b4265,Restaurant 997,Philadelphia,TX,Pizza,39.484998,-121.446072,True,4.5,4.5,0,0.0,0.0,0,,0,,3,1,Average,False,False
d10cd1f8-aded-4019-b136-7d7fe8aaf343,Restaurant 1001,Philadelphia,TX,Pizza,35.15165,-97.20891,False,4.0,4.0,0,0.0,0.0,0,,0,,3,1,Average,False,True
af94efd7-4a33-465b-addd-809933ecdb97,Restaurant 10,Philadelphia,TX,Seafood,28.211497,-84.025606,False,5.0,5.0,0,0.0,0.0,0,,0,,1,1,Low,False,True
3d6b9854-e7f3-4494-9d64-f3053c765039,Restaurant 12,Philadelphia,TX,American (New),34.709679,-121.505976,False,4.0,4.0,0,0.0,0.0,0,,0,,1,1,Low,False,True
5feb2bba-c725-46cb-a0af-8a6106bfcd10,Restaurant 1013,Philadelphia,TX,American (New),33.616982,-86.277404,True,2.5,2.5,0,0.0,0.0,0,,0,,3,1,Average,False,False
dc81e380-2ad6-46c2-a1eb-4bb11625dd6a,Restaurant 18,Philadelphia,TX,Italian,37.136497,-91.637335,True,2.5,2.5,0,0.0,0.0,0,,0,,1,1,Low,False,False
a66d96f1-d8ca-4ee3-ac4d-98c292faa20e,Restaurant 26,Philadelphia,TX,Burgers,36.169746,-113.243899,True,4.0,4.0,0,0.0,0.0,0,,0,,1,1,Low,False,False
d45c8cec-fe1f-4a5c-a776-a3acf6dc6b7c,Restaurant 34,Philadelphia,TX,Coffee & Tea,45.259876,-76.640137,True,3.5,3.5,0,0.0,0.0,0,,0,,1,1,Low,False,False
6da36bd5-3842-4eda-9fd8-32199f19b9e0,Restaurant 1040,Philadelphia,TX,Mexican,41.006977,-108.990514,True,2.0,2.0,0,0.0,0.0,0,,0,,3,1,Average,False,False
64b671ba-cb01-4b19-a612-d805d5315392,Restaurant 57,Philadelphia,TX,Mexican,35.351604,-83.652277,False,3.0,3.0,0,0.0,0.0,0,,0,,1,1,Low,False,True
6a4a0483-851e-4c7c-a70a-5e55f780ed7e,Restaurant 1043,Philadelphia,TX,Coffee & Tea,41.61866,-111.524945,False,1.5,1.5,0,0.0,0.0,0,,0,,3,1,Average,False,True
429eabaf-3d6c-48d0-8ab6-eb0cb21d79cc,Restaurant 74,Philadelphia,TX,American (New),29.878757,-81.11922,False,3.5,3.5,0,0.0,0.0,0,,0,,1,1,Low,False,True
79fd66d1-afbf-47e3-ad3b-4163879ba401,Restaurant 89,Philadelphia,TX,Coffee & Tea,44.012517,-121.072459,False,2.0,2.0,0,0.0,0.0,0,,0,,1,1,Low,False,True
1f5160ba-9612-482e-a149-ab16daf6e6ca,Restaurant 105,Philadelphia,TX,American (New),47.203133,-106.740291,True,1.5,1.5,0,0.0,0.0,0,,0,,1,1,Low,False,False
b6e2bc92-4273-48b0-9efb-c0b522c2dd3b,Restaurant 1071,Philadelphia,TX,Chinese,33.125705,-122.200139,True,4.5,4.5,0,0.0,0.0,0,,0,,3,1,Average,False,False
4eb4d331-0250-4425-a396-233baaa52fe6,Restaurant 123,Philadelphia,TX,Mexican,46.764015,-108.259948,True,4.5,4.5,0,0.0,0.0,0,,0,,1,1,Low,False,False
ff8d8391-553e-4a5b-8883-1a51e8420693,Restaurant 1077,Philadelphia,TX,Burgers,30.753099,-99.111573,False,3.5,3.5,0,0.0,0.0,0,,0,,3,1,Average,False,True
fc5b4aa1-b33d-4441-a171-ccaa0b3c1de7,Restaurant 1082,Philadelphia,TX,American (New),47.026608,-81.400787,False,2.0,2.0,0,0.0,0.0,0,,0,,3,1,Average,False,True
0dff6a31-ecbf-4313-bd9a-b656c29d71b6,Restaurant 124,Philadelphia,TX,Burgers,35.433806,-88.123258,True,5.0,5.0,0,0.0,0.0,0,,0,,1,1,Low,False,False
9a199a88-12da-418a-87c5-772e1c617853,Restaurant 1094,Philadelphia,TX,Sushi,42.079511,-118.380511,False,2.5,2.5,0,0.0,0.0,0,,0,,3,1,Average,False,True
1dd3c1ad-bbbc-47ad-9f82-aefa5b730315,Restaurant 1098,Philadelphia,TX,American (New),26.04524,-93.860388,False,2.5,2.5,0,0.0,0.0,0,,0,,3,1,Average,False,True
21682f69-5c47-4a72-87a5-336de7345560,Restaurant 129,Philadelphia,TX,Thai,25.065218,-77.787663,False,2.0,2.0,0,0.0,0.0,0,,0,,1,1,Low,False,True
5daab94d-877e-4712-a29b-efab0fe3a91c,Restaurant 1107,Philadelphia,TX,Sushi,30.329632,-85.054263,False,3.5,3.5,0,0.0,0.0,0,,0,,3,1,Average,False,True
31d620a6-37a6-4e0e-bcaf-ed3549d302d1,Restaurant 1108,Philadelphia,TX,Thai,29.255645,-77.570631,False,2.5,2.5,0,0.0,0.0,0,,0,,3,1,Average,False,True
93660b97-def1-4f6e-b222-832d6508d55d,Restaurant 145,Philadelphia,TX,Seafood,26.144537,-120.513016,False,4.5,4.5,0,0.0,0.0,0,,0,,1,1,Low,False,True
341b9622-9db1-439a-9fa4-c7e6b5b1ab25,Restaurant 154,Philadelphia,TX,Sushi,27.364504,-110.921748,True,2.0,2.0,0,0.0,0.0,0,,0,,1,1,Low,False,False
01f18273-be21-41ec-a675-92e4ef8ce3ce,Restaurant 1113,Philadelphia,TX,Coffee & Tea,42.47245,-75.918534,False,2.0,2.0,0,0.0,0.0,0,,0,,3,1,Average,False,True
99864446-5bf5-407b-b4c2-3f886ccfe705,Restaurant 1117,Philadelphia,TX,Seafood,30.164017,-72.394343,True,3.0,3.0,0,0.0,0.0,0,,0,,3,1,Average,False,False
689eb5bf-3d0f-4246-ac10-7b0c40d98400,Restaurant 166,Philadelphia,TX,Chinese,31.803218,-81.65339,True,5.0,5.0,0,0.0,0.0,0,,0,,1,1,Low,False,False
23ac97de-f8dc-4fe1-870f-604aefcc7e3a,Restaurant 1121,Philadelphia,TX,Seafood,35.273994,-81.173209,True,4.5,4.5,0,0.0,0.0,0,,0,,3,1,Average,False,False
9c0402d6-5e32-4b57-8c17-39fade86f1f7,Restaurant 1127,Philadelphia,TX,Mexican,35.588933,-79.061122,True,5.0,5.0,0,0.0,0.0,0,,0,,3,1,Average,False,False
1ce7dcba-9d87-46f4-a052-4bb0e8167baf,Restaurant 189,Philadelphia,TX,Sushi,28.283928,-91.58349,True,4.5,4.5,0,0.0,0.0,0,,0,,1,1,Low,False,False
f50f3422-d5ee-461a-af1c-9335191d7416,Restaurant 192,Philadelphia,TX,Coffee & Tea,36.908141,-74.755162,False,1.5,1.5,0,0.0,0.0,0,,0,,1,1,Low,False,True
2c79efe8-c421-4844-a95f-4055f6fc047f,Restaurant 1146,Philadelphia,TX,American (New),39.439162,-97.636245,False,1.0,1.0,0,0.0,0.0,0,,0,,3,1,Average,False,True
a4f6958c-7211-4240-a935-fa36c3ecac38,Restaurant 1149,Philadelphia,TX,Burgers,47.348655,-98.145755,False,3.5,3.5,0,0.0,0.0,0,,0,,3,1,Average,False,True
ef0f7c48-baf6-4425-8b99-2f6966a0fe9f,Restaurant 1152,Philadelphia,TX,Burgers,31.685194,-116.298681,True,4.0,4.0,0,0.0,0.0,0,,0,,3,1,Average,False,False
96319705-637d-48ce-9de5-1b8c07d551f6,Restaurant 194,Philadelphia,TX,American (New),47.937035,-80.421773,True,3.5,3.5,0,0.0,0.0,0,,0,,1,1,Low,False,False
0163a726-01f6-4164-9f9f-4413e6a3d1e0,Restaurant 196,Philadelphia,TX,Coffee & Tea,43.17858,-123.554379,False,5.0,5.0,0,0.0,0.0,0,,0,,1,1,Low,False,True
199633ef-2075-4cf2-b8db-c9c55849234c,Restaurant 197,Philadelphia,TX,Burgers,45.337668,-121.383854,False,4.0,4.0,0,0.0,0.0,0,,0,,1,2,Low,False,True
09bb7ae0-0c97-4ec7-ac77-fddca6f9eb9d,Restaurant 212,Philadelphia,TX,Pizza,41.732685,-82.987878,False,3.5,3.5,0,0.0,0.0,0,,0,,1,2,Low,False,True
8dda6319-c735-4752-9f77-be9c84b6a818,Restaurant 1175,Philadelphia,TX,Burgers,33.979469,-84.953801,True,4.0,4.0,0,0.0,0.0,0,,0,,3,2,Average,False,False
ee328c2e-9696-4a6d-9e79-ed012d49022f,Restaurant 217,Philadelphia,TX,American (New),47.784162,-84.337435,False,3.0,3.0,0,0.0,0.0,0,,0,,1,2,Low,False,True
506360a0-94cb-4b16-abf2-a0d410712d99,Restaurant 229,Philadelphia,TX,Mexican,39.160572,-92.724323,True,2.5,2.5,0,0.0,0.0,0,,0,,1,2,Low,False,False
c8b3d72b-b3f9-431c-bfde-6a0d49c90dcb,Restaurant 1180,Philadelphia,TX,Seafood,25.532239,-70.836119,False,1.5,1.5,0,0.0,0.0,0,,0,,3,2,Average,False,True
0651182b-1fad-4e0a-9835-9ea1d5aa9d4f,Restaurant 243,Philadelphia,TX,Sushi,32.546706,-96.381215,False,1.5,1.5,0,0.0,0.0,0,,0,,1,2,Low,False,True
92cbbc27-8f71-417e-acb8-5c31fdc4811f,Restaurant 1187,Philadelphia,TX,Coffee & Tea,26.919183,-86.961905,False,2.0,2.0,0,0.0,0.0,0,,0,,3,2,Average,False,True
cb5e4c74-475e-4d2c-bb5d-6f0de19f63f1,Restaurant 247,Philadelphia,TX,Coffee & Tea,42.614037,-71.191669,False,4.0,4.0,0,0.0,0.0,0,,0,,1,2,Low,False,True
5bc72129-2a13-410b-8545-fc60032db419,Restaurant 267,Philadelphia,TX,Sushi,36.231275,-74.570534,True,5.0,5.0,0,0.0,0.0,0,,0,,1,2,Low,False,False
971fa6de-021c-4ea6-8114-b6c00ffcc8a1,Restaurant 282,Philadelphia,TX,Chinese,32.283599,-119.1397,False,1.0,1.0,0,0.0,0.0,0,,0,,1,2,Low,False,True
a97df63e-af03-4dfa-80f0-844ff375caae,Restaurant 286,Philadelphia,TX,Italian,31.926019,-97.878183,False,1.5,1.5,0,0.0,0.0,0,,0,,1,2,Low,False,True
38293ae8-e50b-4544-abea-b2e52f7872d2,Restaurant 288,Philadelphia,TX,Chinese,25.155649,-103.236941,False,4.0,4.0,0,0.0,0.0,0,,0,,1,2,Low,False,True
859e5de9-04de-431e-8aa9-04fd8782662a,Restaurant 1220,Philadelphia,TX,Chinese,45.878996,-90.783491,True,3.0,3.0,0,0.0,0.0,0,,0,,4,2,Strong,False,False
35d6ed88-2817-478f-8be1-24c4de265373,Restaurant 1221,Philadelphia,TX,Chinese,32.639572,-99.963102,False,1.0,1.0,0,0.0,0.0,0,,0,,4,2,Strong,False,True
4b67adf6-220f-4ec0-a951-ec2e2e0c65c9,Restaurant 1222,Philadelphia,TX,Coffee & Tea,45.268923,-115.610119,False,1.0,1.0,0,0.0,0.0,0,,0,,4,2,Strong,False,True
ab4046f1-1817-4bb8-978c-daea86d60329,Restaurant 1227,Philadelphia,TX,Pizza,44.694107,-88.73482,False,2.0,2.0,0,0.0,0.0,0,,0,,4,2,Strong,False,True
b0a57496-3498-404d-bd81-1ff7249f528a,Restaurant 1235,Philadelphia,TX,Italian,41.403533,-117.154566,True,2.5,2.5,0,0.0,0.0,0,,0,,4,2,Strong,False,False
dc7ba30a-e113-4f17-8ce8-090d0e56e630,Restaurant 1238,Philadelphia,TX,American (New),37.748527,-108.441575,False,1.5,1.5,0,0.0,0.0,0,,0,,4,2,Strong,False,True
1e2ceb6a-bcc4-473c-879b-7a38f3ecd232,Restaurant 1241,Philadelphia,TX,Seafood,45.857522,-81.735236,True,5.0,5.0,0,0.0,0.0,0,,0,,4,2,Strong,False,False
16d9d5ff-641b-4b36-a4f4-3ca18e4c50af,Restaurant 308,Philadelphia,TX,Coffee & Tea,33.825329,-114.783547,True,5.0,5.0,0,0.0,0.0,0,,0,,1,2,Low,False,False
0b92d1fd-fab3-4069-82b0-6e60f8d6a16a,Restaurant 309,Philadelphia,TX,Coffee & Tea,32.23534,-100.194947,True,1.0,1.0,0,0.0,0.0,0,,0,,1,2,Low,False,False
2973a8bf-cd8c-4ce6-814c-c740b07881a6,Restaurant 318,Philadelphia,TX,Thai,30.742577,-85.873283,False,2.5,2.5,0,0.0,0.0,0,,0,,1,2,Low,False,True
fd16d193-73de-4c9b-8dca-c12bba9b8663,Restaurant 325,Philadelphia,TX,Sushi,34.115856,-108.196992,True,2.5,2.5,0,0.0,0.0,0,,0,,1,2,Low,False,False
ccc32c90-a5ee-4ce1-979a-2fcd88593432,Restaurant 1260,Philadelphia,TX,Mexican,27.476203,-100.27697,True,2.0,2.0,0,0.0,0.0,0,,0,,4,2,Strong,False,False
464b3fef-f733-4d18-a81e-0959059743c4,Restaurant 334,Philadelphia,TX,Coffee & Tea,44.798722,-93.739079,True,3.5,3.5,0,0.0,0.0,0,,0,,1,2,Low,False,False
ae22d53a-67f2-43b2-85e1-5fd3a9c2c809,Restaurant 340,Philadelphia,TX,Thai,46.919373,-96.234705,False,3.0,3.0,0,0.0,0.0,0,,0,,1,2,Low,False,True
b007ff0c-84c4-44af-821f-6505a4f3d905,Restaurant 362,Philadelphia,TX,Pizza,29.93847,-114.706689,True,3.0,3.0,0,0.0,0.0,0,,0,,1,2,Low,False,False
a92eb381-5d01-48e3-8519-d03d70275a6c,Restaurant 1300,Philadelphia,TX,Chinese,26.026043,-73.833032,True,1.0,1.0,0,0.0,0.0,0,,0,,4,2,Strong,False,False
0c848203-2ee0-45af-8c90-fcaa6129acff,Restaurant 374,Philadelphia,TX,Burgers,40.951889,-73.913514,True,3.5,3.5,0,0.0,0.0,0,,0,,1,2,Low,False,False
1f91dda0-03c5-4767-9f96-1a958eb68a74,Restaurant 383,Philadelphia,TX,Italian,27.32893,-113.694724,False,2.5,2.5,0,0.0,0.0,0,,0,,1,2,Low,False,True
be05b421-a9a6-42b8-b3d8-89e3f92328c7,Restaurant 1311,Philadelphia,TX,Chinese,41.02936,-111.72108,False,3.0,3.0,0,0.0,0.0,0,,0,,4,2,Strong,False,True
3ea5d548-71f3-4a78-abed-76f1aac0e8a4,Restaurant 1317,Philadelphia,TX,Seafood,25.964492,-73.022104,False,2.5,2.5,0,0.0,0.0,0,,0,,4,2,Strong,False,True
29f0b988-affb-4093-b54e-172b2cfe1ad8,Restaurant 386,Philadelphia,TX,Coffee & Tea,31.711664,-120.493515,False,1.5,1.5,0,0.0,0.0,0,,0,,1,2,Low,False,True
fbf5f91e-7fdb-4083-9868-f3d21401c421,Restaurant 397,Philadelphia,TX,Mexican,38.999071,-86.848631,False,1.0,1.0,0,0.0,0.0,0,,0,,1,2,Low,False,True
0960d5ca-f7b4-417a-9c49-1ffedcb84d9b,Restaurant 1327,Philadelphia,TX,Burgers,39.599773,-120.120856,True,5.0,5.0,0,0.0,0.0,0,,0,,4,2,Strong,False,False
62206523-1f84-4d1e-8f16-06671e7729b8,Restaurant 401,Philadelphia,TX,Thai,32.155831,-97.12626,True,2.0,2.0,0,0.0,0.0,0,,0,,2,2,Below Average,False,False
895c6667-0fdc-4ea8-861c-daa49ac7ecc6,Restaurant 414,Philadelphia,TX,Mexican,41.679293,-94.253259,True,2.0,2.0,0,0.0,0.0,0,,0,,2,2,Below Average,False,False
5eb7097b-7001-4a14-9c1d-fd28e9a75a68,Restaurant 420,Philadelphia,TX,Pizza,34.975363,-101.382465,False,4.0,4.0,0,0.0,0.0,0,,0,,2,2,Below Average,False,True
8f38a302-aaa3-40c0-8724-be5162259a9d,Restaurant 433,Philadelphia,TX,Sushi,44.60172,-105.188193,True,3.5,3.5,0,0.0,0.0,0,,0,,2,3,Below Average,False,False
ccb9d2b2-94af-4394-85e9-85abad378e0f,Restaurant 436,Philadelphia,TX,Seafood,28.047766,-85.047389,False,2.0,2.0,0,0.0,0.0,0,,0,,2,3,Below Average,False,True
2fc2f8ee-db04-4bb9-8cfd-8b98a4f721f4,Restaurant 1362,Philadelphia,TX,Thai,41.805136,-109.600796,True,3.0,3.0,0,0.0,0.0,0,,0,,4,3,Strong,False,False
6261e095-3ee6-430b-901b-3d0ae0f28c27,Restaurant 451,Philadelphia,TX,Burgers,33.910328,-91.969969,False,3.5,3.5,0,0.0,0.0,0,,0,,2,3,Below Average,False,True
d096cef3-32a1-4f13-9117-d421a11cb9d4,Restaurant 1378,Philadelphia,TX,Pizza,26.023694,-91.530904,True,5.0,5.0,0,0.0,0.0,0,,0,,4,3,Strong,False,False
e100b61e-62ac-4f64-9c37-3da0864e7699,Restaurant 462,Philadelphia,TX,Thai,27.745138,-122.765117,False,3.0,3.0,0,0.0,0.0,0,,0,,2,3,Below Average,False,True
fe584508-1181-4e8d-ab73-c953f0de6884,Restaurant 1385,Philadelphia,TX,Mexican,38.08036,-70.34344,False,4.0,4.0,0,0.0,0.0,0,,0,,4,3,Strong,False,True
1d300547-c182-4c24-b278-385f0acc2353,Restaurant 1389,Philadelphia,TX,Italian,35.936406,-106.483049,False,1.5,1.5,0,0.0,0.0,0,,0,,4,3,Strong,False,True
865d304d-d016-4486-b229-ce73303e8d64,Restaurant 1393,Philadelphia,TX,Thai,45.391691,-71.912041,True,5.0,5.0,0,0.0,0.0,0,,0,,4,3,Strong,False,False
f72451b0-7e50-43a4-a62e-845adcce8dd1,Restaurant 476,Philadelphia,TX,Italian,30.056912,-83.928535,True,5.0,5.0,0,0.0,0.0,0,,0,,2,3,Below Average,False,False
e5ca5eaf-38b4-465a-8e33-4fc8bb87c30f,Restaurant 1404,Philadelphia,TX,Burgers,27.961009,-97.116626,False,4.5,4.5,0,0.0,0.0,0,,0,,4,3,Strong,False,True
827fd9b3-55ca-43e2-9a06-d22b5ef3d001,Restaurant 479,Philadelphia,TX,Seafood,30.078123,-79.08884,True,2.5,2.5,0,0.0,0.0,0,,0,,2,3,Below Average,False,False
95cfedc4-614e-4cd7-917c-d486cf9d16f7,Restaurant 1417,Philadelphia,TX,Thai,31.552988,-124.722192,False,2.5,2.5,0,0.0,0.0,0,,0,,4,3,Strong,False,True
761d6d1d-6f9d-4b73-81c9-2e7276827590,Restaurant 1421,Philadelphia,TX,Italian,44.650188,-97.556395,False,5.0,5.0,0,0.0,0.0,0,,0,,4,3,Strong,False,True
39d93b7b-fe52-4d20-9cdd-5c095b095e9f,Restaurant 1424,Philadelphia,TX,Mexican,33.087407,-101.265806,False,1.0,1.0,0,0.0,0.0,0,,0,,4,3,Strong,False,True
194a06ef-3e4f-4502-85b0-ae765533aad9,Restaurant 490,Philadelphia,TX,Pizza,46.820372,-88.732268,False,2.0,2.0,0,0.0,0.0,0,,0,,2,3,Below Average,False,True
6f16fd46-9bea-4e0a-a565-366b9a4129a1,Restaurant 1435,Philadelphia,TX,American (New),35.630881,-72.063929,False,1.0,1.0,0,0.0,0.0,0,,0,,4,3,Strong,False,True
7bce55ce-fbbd-4d12-8b87-0fd2ee26e4fd,Restaurant 1439,Philadelphia,TX,Coffee & Tea,43.297721,-113.445326,True,1.5,1.5,0,0.0,0.0,0,,0,,4,3,Strong,False,False
bfa97811-4e45-4bf6-a0ec-9f84f1fb5dbb,Restaurant 1443,Philadelphia,TX,Mexican,38.971337,-77.746881,True,3.0,3.0,0,0.0,0.0,0,,0,,4,3,Strong,False,False
e52dc04d-cbc6-45b9-bdb9-7f43376f7cbe,Restaurant 1446,Philadelphia,TX,Chinese,36.087207,-98.380087,True,4.0,4.0,0,0.0,0.0,0,,0,,4,3,Strong,False,False
040bdccd-a690-421b-b4e7-49b3fbec4d8d,Restaurant 496,Philadelphia,TX,Sushi,38.846466,-80.067471,False,2.5,2.5,0,0.0,0.0,0,,0,,2,3,Below Average,False,True
19face6f-4f71-43ad-bde7-ecbebf3cea94,Restaurant 1480,Philadelphia,TX,Mexican,44.678217,-92.859294,False,3.5,3.5,0,0.0,0.0,0,,0,,4,3,Strong,False,True
a00c77b0-25a9-4d88-ba62-17f18d8774a4,Restaurant 503,Philadelphia,TX,Sushi,45.736989,-92.010241,True,5.0,5.0,0,0.0,0.0,0,,0,,2,3,Below Average,False,False
bee51a57-fd12-48d2-9382-cecea86a6d77,Restaurant 1493,Philadelphia,TX,Mexican,45.21878,-118.983463,False,2.0,2.0,0,0.0,0.0,0,,0,,4,3,Strong,False,True
c5fa5024-6516-49e0-b557-ed6678f8ab3b,Restaurant 1496,Philadelphia,TX,Sushi,27.302651,-105.823348,False,2.5,2.5,0,0.0,0.0,0,,0,,4,3,Strong,False,True
bf1a0137-e3a4-4332-abb8-bf2647572495,Restaurant 1500,Philadelphia,TX,Mexican,40.161828,-84.124812,True,4.0,4.0,0,0.0,0.0,0,,0,,4,3,Strong,False,False
0d286e68-7e86-434f-b66a-37d964835249,Restaurant 504,Philadelphia,TX,Chinese,37.403578,-124.933989,False,4.0,4.0,0,0.0,0.0,0,,0,,2,3,Below Average,False,True
61ff00fa-12e9-4f41-9c3d-15ff16dc5266,Restaurant 514,Philadelphia,TX,Pizza,36.370473,-124.410928,True,5.0,5.0,0,0.0,0.0,0,,0,,2,3,Below Average,False,False
e3d227b5-2b27-4e8c-aaff-d99ca9887532,Restaurant 531,Philadelphia,TX,Coffee & Tea,31.045528,-110.182547,True,3.5,3.5,0,0.0,0.0,0,,0,,2,3,Below Average,False,False
dab75cbd-cdf2-44ae-897c-7f6942d8f105,Restaurant 1528,Philadelphia,TX,Coffee & Tea,39.501989,-106.907077,True,3.0,3.0,0,0.0,0.0,0,,0,,4,3,Strong,False,False
f39ee359-15d3-4ef1-a197-01c1f7351a43,Restaurant 1531,Philadelphia,TX,Italian,44.702866,-106.64302,False,5.0,5.0,0,0.0,0.0,0,,0,,4,3,Strong,False,True
53b6348f-0292-456a-8fd3-da701f51a034,Restaurant 533,Philadelphia,TX,Burgers,40.778274,-80.219513,False,3.0,3.0,0,0.0,0.0,0,,0,,2,3,Below Average,False,True
992c70c2-77e2-43b7-ba41-6785277c860e,Restaurant 534,Philadelphia,TX,American (New),35.878702,-124.464174,True,4.0,4.0,0,0.0,0.0,0,,0,,2,3,Below Average,False,False
c81b7b7a-10c6-4d0c-9c9e-5f4ede59bc02,Restaurant 547,Philadelphia,TX,Chinese,38.744437,-90.292386,False,4.0,4.0,0,0.0,0.0,0,,0,,2,3,Below Average,False,True
04fbade6-29fd-4fcf-b863-51d16c453153,Restaurant 1550,Philadelphia,TX,Sushi,39.936361,-97.776372,True,1.5,1.5,0,0.0,0.0,0,,0,,4,3,Strong,False,False
554ec36e-d754-47b2-97f4-04be874b7d9e,Restaurant 1559,Philadelphia,TX,Seafood,36.925244,-75.487317,True,4.5,4.5,0,0.0,0.0,0,,0,,4,3,Strong,False,False
cdf85c01-8053-4dcc-b32e-b44e41a7edcd,Restaurant 560,Philadelphia,TX,Italian,41.749453,-84.040148,True,5.0,5.0,0,0.0,0.0,0,,0,,2,3,Below Average,False,False
0b2133c8-7a82-4d70-92af-7809575b8d99,Restaurant 1575,Philadelphia,TX,Italian,46.972296,-85.673714,False,4.0,4.0,0,0.0,0.0,0,,0,,4,3,Strong,False,True
a4ba4a77-e6db-43b2-9aec-9732d40baef5,Restaurant 566,Philadelphia,TX,American (New),45.66925,-98.308383,False,4.5,4.5,0,0.0,0.0,0,,0,,2,3,Below Average,False,True
9ac04fa9-d769-4217-9dc1-ffffda70ad1d,Restaurant 568,Philadelphia,TX,American (New),31.800471,-110.51579,True,3.5,3.5,0,0.0,0.0,0,,0,,2,4,Below Average,False,False
a3baa31c-5934-4dd8-bcd0-e74e2ac063c3,Restaurant 1599,Philadelphia,TX,Italian,34.549275,-95.723215,False,4.0,4.0,0,0.0,0.0,0,,0,,4,4,Strong,False,True
645e65a9-0b2e-449e-b8b3-3c362871f715,Restaurant 569,Philadelphia,TX,American (New),39.253896,-104.975864,True,2.5,2.5,0,0.0,0.0,0,,0,,2,4,Below Average,False,False
acc1c875-ed80-456b-ae6a-72ea004e1185,Restaurant 589,Philadelphia,TX,Italian,32.731868,-98.827994,False,1.0,1.0,0,0.0,0.0,0,,0,,2,4,Below Average,False,True
e85c5921-e799-441c-b48b-9fc3aac2cea7,Restaurant 609,Philadelphia,TX,Seafood,42.536292,-91.341012,True,3.0,3.0,0,0.0,0.0,0,,0,,2,4,Below Average,False,False
d04da35c-7c30-4cb7-8c2f-ea10f1cdadb1,Restaurant 1623,Philadelphia,TX,Coffee & Tea,40.889886,-102.464718,False,4.5,4.5,0,0.0,0.0,0,,0,,5,4,Elite,True,True
c6dcddeb-ce50-4190-ae74-d9b8edef74f4,Restaurant 1625,Philadelphia,TX,Mexican,33.411331,-101.10903,True,2.0,2.0,0,0.0,0.0,0,,0,,5,4,Elite,True,False
78d4d0f0-b487-485d-a372-845c75934a69,Restaurant 618,Philadelphia,TX,Chinese,46.570377,-86.713722,False,2.0,2.0,0,0.0,0.0,0,,0,,2,4,Below Average,False,True
cdb372b5-0ba0-4a01-a8d6-36fc3b6192d3,Restaurant 620,Philadelphia,TX,American (New),27.097399,-86.157531,False,3.5,3.5,0,0.0,0.0,0,,0,,2,4,Below Average,False,True
89131b07-e74e-4500-a943-eb74039fb447,Restaurant 1646,Philadelphia,TX,Chinese,37.023953,-73.293247,False,2.5,2.5,0,0.0,0.0,0,,0,,5,4,Elite,True,True
0d861420-d9bb-4cbf-88e2-fbf99de9e45c,Restaurant 622,Philadelphia,TX,Sushi,34.650379,-107.976493,True,4.5,4.5,0,0.0,0.0,0,,0,,2,4,Below Average,False,False
4ab70675-b98a-4de7-9964-847d9dd3d37c,Restaurant 626,Philadelphia,TX,Chinese,40.025368,-122.980342,False,1.0,1.0,0,0.0,0.0,0,,0,,2,4,Below Average,False,True
c7b5092a-7cc3-4276-819b-7de0443b0963,Restaurant 1663,Philadelphia,TX,Coffee & Tea,35.509336,-73.72649,True,2.5,2.5,0,0.0,0.0,0,,0,,5,4,Elite,True,False
75096181-875a-44c6-a9de-50fac972054f,Restaurant 643,Philadelphia,TX,Thai,32.822666,-98.409043,False,5.0,5.0,0,0.0,0.0,0,,0,,2,4,Below Average,False,True
0da64d6f-3607-4b63-a5ff-b46f5584d7d2,Restaurant 656,Philadelphia,TX,Italian,27.367441,-80.034591,True,1.5,1.5,0,0.0,0.0,0,,0,,2,4,Below Average,False,False
43c1afa9-d845-402e-a99f-0edf9e3120b9,Restaurant 659,Philadelphia,TX,Chinese,40.40092,-84.334813,False,4.5,4.5,0,0.0,0.0,0,,0,,2,4,Below Average,False,True
1fe4bd72-8e77-4118-a0b3-00da4a70fa25,Restaurant 1687,Philadelphia,TX,American (New),44.842484,-82.05408,True,5.0,5.0,0,0.0,0.0,0,,0,,5,4,Elite,True,False
e0cdf24e-971c-45e5-8caf-e86683e62ffb,Restaurant 1693,Philadelphia,TX,Chinese,28.035977,-71.166169,False,1.0,1.0,0,0.0,0.0,0,,0,,5,4,Elite,True,True
3995e609-6a53-4a4e-ab7b-ae04dc7c3a7d,Restaurant 1698,Philadelphia,TX,Italian,34.504883,-94.218338,True,2.5,2.5,0,0.0,0.0,0,,0,,5,4,Elite,True,False
bafb9902-adfd-4c54-9be6-6d44e7e139c4,Restaurant 667,Philadelphia,TX,Italian,37.774696,-78.616978,True,3.5,3.5,0,0.0,0.0,0,,0,,2,4,Below Average,False,False
99b19f1e-2ade-40da-ba17-f273c3d1e7ad,Restaurant 1714,Philadelphia,TX,Seafood,43.620282,-104.375076,False,4.0,4.0,0,0.0,0.0,0,,0,,5,4,Elite,True,True
a62743cb-31b2-406d-9922-1e5e8d6fab4f,Restaurant 668,Philadelphia,TX,Sushi,26.650158,-124.136071,True,4.5,4.5,0,0.0,0.0,0,,0,,2,4,Below Average,False,False
06f1c057-b05c-4b29-b222-4a2f827a0120,Restaurant 677,Philadelphia,TX,Italian,26.767832,-81.893045,False,3.0,3.0,0,0.0,0.0,0,,0,,2,4,Below Average,False,True
1bb78e86-6bd8-451b-917b-90e49d836919,Restaurant 680,Philadelphia,TX,Thai,42.31351,-102.287867,False,4.0,4.0,0,0.0,0.0,0,,0,,2,4,Below Average,False,True
a79caa7f-78f3-46de-9b81-7cb27adce251,Restaurant 1739,Philadelphia,TX,American (New),43.098892,-107.098718,True,2.0,2.0,0,0.0,0.0,0,,0,,5,4,Elite,True,False
5b77a2e2-7eaa-45b0-b049-a0b1c4755312,Restaurant 686,Philadelphia,TX,Sushi,37.595089,-87.995898,False,1.5,1.5,0,0.0,0.0,0,,0,,2,4,Below Average,False,True
e523e5b8-b3f9-4ee9-81b2-e07b8aa0e5d3,Restaurant 1760,Philadelphia,TX,Mexican,40.685018,-85.588974,True,5.0,5.0,0,0.0,0.0,0,,0,,5,4,Elite,True,False
e51aaedf-fd6c-4f3d-8e96-548230cc26f0,Restaurant 711,Philadelphia,TX,Seafood,31.231844,-100.226948,True,2.5,2.5,0,0.0,0.0,0,,0,,2,4,Below Average,False,False
aef4ce40-034e-4213-a8f5-9f964c83cab7,Restaurant 742,Philadelphia,TX,Coffee & Tea,30.471822,-122.73667,True,3.5,3.5,0,0.0,0.0,0,,0,,2,4,Below Average,False,False
f5af287b-b3f0-46ef-ab9a-11ef025dea2d,Restaurant 1773,Philadelphia,TX,Italian,42.849729,-96.68097,True,4.5,4.5,0,0.0,0.0,0,,0,,5,4,Elite,True,False
5014fdcd-9788-4159-89ef-8f368961bc92,Restaurant 1776,Philadelphia,TX,Coffee & Tea,26.827422,-92.67743,True,1.5,1.5,0,0.0,0.0,0,,0,,5,4,Elite,True,False
4f545fee-c809-4856-a41d-231ee876432a,Restaurant 1777,Philadelphia,TX,Coffee & Tea,31.496931,-106.699948,True,3.5,3.5,0,0.0,0.0,0,,0,,5,4,Elite,True,False
df005355-974d-4b96-ad96-6f4a79e974a1,Restaurant 1780,Philadelphia,TX,Chinese,35.660591,-71.839611,True,3.5,3.5,0,0.0,0.0,0,,0,,5,4,Elite,True,False
5f3ba672-bb5c-47f6-a06a-6aee121dc288,Restaurant 1783,Philadelphia,TX,Chinese,25.884329,-124.492617,False,3.5,3.5,0,0.0,0.0,0,,0,,5,4,Elite,True,True
c69277a4-8da6-40a0-bad8-636161cbcd96,Restaurant 747,Philadelphia,TX,Chinese,37.67208,-108.055479,False,4.0,4.0,0,0.0,0.0,0,,0,,2,4,Below Average,False,True
56330a1b-d982-4ee7-aab9-a723c03812be,Restaurant 1794,Philadelphia,TX,American (New),29.694147,-115.985099,False,1.5,1.5,0,0.0,0.0,0,,0,,5,4,Elite,True,True
4a777441-342a-4d58-871c-e1e13d83f2b8,Restaurant 764,Philadelphia,TX,Sushi,31.472608,-82.165569,True,4.0,4.0,0,0.0,0.0,0,,0,,2,4,Below Average,False,False
2fdb9ef6-44c9-4d6f-9ce7-a8aaa5439e22,Restaurant 765,Philadelphia,TX,Burgers,30.085611,-114.637077,True,5.0,5.0,0,0.0,0.0,0,,0,,2,4,Below Average,False,False
5534db5e-a98a-4dd3-8cce-0e1afd735ac4,Restaurant 768,Philadelphia,TX,Burgers,40.825085,-108.091442,True,2.5,2.5,0,0.0,0.0,0,,0,,2,4,Below Average,False,False
c44db8e4-b37d-4939-8e63-1aaf11b97993,Restaurant 776,Philadelphia,TX,Chinese,42.532295,-86.2398,True,5.0,5.0,0,0.0,0.0,0,,0,,2,5,Below Average,False,False
602e375c-8d81-45ee-a934-5e1a2ca0c23a,Restaurant 790,Philadelphia,TX,Chinese,26.281954,-110.513496,False,4.0,4.0,0,0.0,0.0,0,,0,,2,5,Below Average,False,True
e67dd971-4c9b-4e57-a087-bb6900673931,Restaurant 816,Philadelphia,TX,Sushi,39.521112,-76.629301,False,4.0,4.0,0,0.0,0.0,0,,0,,3,5,Average,False,True
d67074e4-aa4d-4205-953b-a0ea65c14a2f,Restaurant 1812,Philadelphia,TX,Pizza,27.169244,-73.041717,False,1.0,1.0,0,0.0,0.0,0,,0,,5,5,Elite,True,True
2c36338c-58f6-4d55-9b3e-5b16c9028c29,Restaurant 1814,Philadelphia,TX,Mexican,46.117752,-86.461639,False,1.5,1.5,0,0.0,0.0,0,,0,,5,5,Elite,True,True
41c75614-7f1c-4a71-b576-0d9b214a0ec6,Restaurant 1815,Philadelphia,TX,Seafood,36.722742,-70.569423,False,1.0,1.0,0,0.0,0.0,0,,0,,5,5,Elite,True,True
a5e885c6-6194-4ade-bd6c-69ea4457dd6b,Restaurant 819,Philadelphia,TX,Italian,35.198314,-89.739566,True,1.0,1.0,0,0.0,0.0,0,,0,,3,5,Average,False,False
a7ecb100-e165-4038-963d-3564d811a576,Restaurant 1846,Philadelphia,TX,Italian,26.6839,-102.172094,True,4.0,4.0,0,0.0,0.0,0,,0,,5,5,Elite,True,False
8c5d5ee6-73b8-44a8-b3cb-29a7017ae18a,Restaurant 1850,Philadelphia,TX,Burgers,30.28397,-86.485173,False,1.5,1.5,0,0.0,0.0,0,,0,,5,5,Elite,True,True
af89d1fc-2651-4805-b449-9654f04e2dfa,Restaurant 1851,Philadelphia,TX,Pizza,36.912952,-95.353604,True,2.5,2.5,0,0.0,0.0,0,,0,,5,5,Elite,True,False
6aab0d48-a360-4301-8e80-413d3b6e03d2,Restaurant 833,Philadelphia,TX,Chinese,27.687367,-122.571081,False,2.0,2.0,0,0.0,0.0,0,,0,,3,5,Average,False,True
f3aadb96-a268-479a-a3fa-2e674fb91d3b,Restaurant 1854,Philadelphia,TX,Burgers,41.071837,-120.08393,True,2.0,2.0,0,0.0,0.0,0,,0,,5,5,Elite,True,False
a2dc5586-55be-462a-847d-1bc17a38fbcc,Restaurant 850,Philadelphia,TX,Italian,40.739221,-108.477524,False,2.5,2.5,0,0.0,0.0,0,,0,,3,5,Average,False,True
6bac540e-4654-4065-ab1b-d4caf2c1ac61,Restaurant 855,Philadelphia,TX,Pizza,42.181674,-91.777092,True,1.5,1.5,0,0.0,0.0,0,,0,,3,5,Average,False,False
5cd47c39-573a-4a4e-93e8-26540088ca79,Restaurant 867,Philadelphia,TX,Mexican,28.595224,-97.929785,False,4.0,4.0,0,0.0,0.0,0,,0,,3,5,Average,False,True
c7b38bde-0329-48e6-9336-09de3e41ebca,Restaurant 1866,Philadelphia,TX,Italian,26.483834,-110.270412,False,1.0,1.0,0,0.0,0.0,0,,0,,5,5,Elite,True,True
06c56b40-71bf-42af-8ef9-8d73e95add8d,Restaurant 877,Philadelphia,TX,Chinese,41.505392,-96.545822,False,1.5,1.5,0,0.0,0.0,0,,0,,3,5,Average,False,True
e202b0d9-09d4-4658-9ae6-085a3f7a0416,Restaurant 878,Philadelphia,TX,American (New),26.413772,-83.244419,True,2.0,2.0,0,0.0,0.0,0,,0,,3,5,Average,False,False
2213d9f3-ac15-48c0-8ead-a02ba75eb7a5,Restaurant 896,Philadelphia,TX,Sushi,39.638586,-83.107667,False,4.5,4.5,0,0.0,0.0,0,,0,,3,5,Average,False,True
947d1fbf-4040-4e37-9228-884e2c9e3b4e,Restaurant 922,Philadelphia,TX,Mexican,27.930911,-73.654013,False,2.5,2.5,0,0.0,0.0,0,,0,,3,5,Average,False,True
6e78b025-22f6-47e3-a972-1c28c691bb32,Restaurant 1888,Philadelphia,TX,Mexican,46.656803,-91.638742,True,5.0,5.0,0,0.0,0.0,0,,0,,5,5,Elite,True,False
7050e998-b03a-4cc3-8a08-66ec02640158,Restaurant 1896,Philadelphia,TX,Sushi,29.849748,-96.152933,True,3.0,3.0,0,0.0,0.0,0,,0,,5,5,Elite,True,False
fb8181f5-dfc7-4eee-a1f4-87f19f56a429,Restaurant 927,Philadelphia,TX,Burgers,32.148535,-90.570292,False,1.5,1.5,0,0.0,0.0,0,,0,,3,5,Average,False,True
96c2f2de-d822-4d6e-83dc-fb8df9a1e163,Restaurant 1922,Philadelphia,TX,American (New),41.083447,-91.901099,False,3.0,3.0,0,0.0,0.0,0,,0,,5,5,Elite,True,True
a73e3438-ccc5-4395-8355-c6b3abdd25b6,Restaurant 1931,Philadelphia,TX,Sushi,42.041079,-97.518793,True,5.0,5.0,0,0.0,0.0,0,,0,,5,5,Elite,True,False
56b2627b-6ac2-4da2-b844-7d013d0d0664,Restaurant 1932,Philadelphia,TX,Mexican,27.122176,-97.963357,True,5.0,5.0,0,0.0,0.0,0,,0,,5,5,Elite,True,False
dd754afa-4305-4930-afba-9ff5469328c0,Restaurant 1940,Philadelphia,TX,Mexican,38.060942,-71.70959,False,1.0,1.0,0,0.0,0.0,0,,0,,5,5,Elite,True,True
070a935f-337a-484e-bc0c-3a3dba37c9e9,Restaurant 1943,Philadelphia,TX,Sushi,45.297297,-106.425347,True,5.0,5.0,0,0.0,0.0,0,,0,,5,5,Elite,True,False
565316ef-c26e-4812-ac54-4aedf5593b44,Restaurant 1951,Philadelphia,TX,Italian,45.694635,-115.325104,False,3.5,3.5,0,0.0,0.0,0,,0,,5,5,Elite,True,True
847ee13a-4d07-4e3d-8cec-ad07fcb3cc87,Restaurant 1953,Philadelphia,TX,Mexican,37.252171,-93.317074,True,3.0,3.0,0,0.0,0.0,0,,0,,5,5,Elite,True,False
759dd5ad-889c-4959-b255-cd76834b8c25,Restaurant 947,Philadelphia,TX,Seafood,43.282657,-114.457529,False,4.0,4.0,0,0.0,0.0,0,,0,,3,5,Average,False,True
325576ff-122f-48d6-9162-5ffa7d9c943a,Restaurant 967,Philadelphia,TX,Mexican,40.522367,-115.230015,True,4.5,4.5,0,0.0,0.0,0,,0,,3,5,Average,False,False
30b9b9fc-aa82-4c91-9094-423c329bf6e8,Restaurant 1964,Philadelphia,TX,Thai,43.454798,-109.408666,False,1.5,1.5,0,0.0,0.0,0,,0,,5,5,Elite,True,True
19ba337d-f608-47ea-99a8-1defd7246d2a,Restaurant 1967,Philadelphia,TX,Chinese,37.820352,-74.790893,True,4.0,4.0,0,0.0,0.0,0,,0,,5,5,Elite,True,False
543cbb36-dfb5-452f-8165-52bddaf2fcd7,Restaurant 979,Philadelphia,TX,American (New),40.416798,-99.466495,True,4.5,4.5,0,0.0,0.0,0,,0,,3,5,Average,False,False
53384ded-ea87-495b-9ff8-53ecfea18f1b,Restaurant 1982,Philadelphia,TX,Coffee & Tea,36.04183,-107.353313,False,3.5,3.5,0,0.0,0.0,0,,0,,5,5,Elite,True,True
901b06bd-5339-4bb0-b5d2-78035a45a787,Restaurant 1986,Philadelphia,TX,Sushi,32.49392,-115.510088,True,2.5,2.5,0,0.0,0.0,0,,0,,5,5,Elite,True,False
74958e3f-03e8-4667-ac9f-59bf28f3b107,Restaurant 1991,Philadelphia,TX,Seafood,38.882971,-78.363087,True,4.5,4.5,0,0.0,0.0,0,,0,,5,5,Elite,True,False
2577a528-d2c0-4059-bd47-24a83408c04a,Restaurant 981,Philadelphia,TX,Italian,27.855482,-84.220443,True,2.0,2.0,0,0.0,0.0,0,,0,,3,5,Average,False,False
1af8102d-461b-4f4e-aa80-ce9c087e8dc5,Restaurant 14,Philadelphia,OH,American (New),35.435645,-72.540124,True,3.0,3.0,0,0.0,0.0,0,,0,,1,1,Low,False,False
79689f2a-6fa6-40d4-95ef-4f0e683e5f10,Restaurant 23,Philadelphia,OH,Chinese,35.741567,-84.900828,False,1.5,1.5,0,0.0,0.0,0,,0,,1,1,Low,False,True
a5dc9144-4605-4d6e-90b6-450da3437d16,Restaurant 27,Philadelphia,OH,Thai,46.309916,-81.817885,False,3.0,3.0,0,0.0,0.0,0,,0,,1,1,Low,False,True
1f073c53-ef32-4629-b0b7-ef431ef2e441,Restaurant 38,Philadelphia,OH,Coffee & Tea,26.013996,-106.65439,True,2.0,2.0,0,0.0,0.0,0,,0,,1,1,Low,False,False
be3ee977-fb43-46ab-85cf-50e51ffbf460,Restaurant 39,Philadelphia,OH,Chinese,25.222403,-120.861588,True,2.0,2.0,0,0.0,0.0,0,,0,,1,1,Low,False,False
1e2d819e-3804-4a56-a578-6a30f8a0e9ce,Restaurant 42,Philadelphia,OH,Thai,29.125295,-74.153199,False,4.0,4.0,0,0.0,0.0,0,,0,,1,1,Low,False,True
8c2f26c7-c38c-4952-a4a0-a41e067b51bc,Restaurant 43,Philadelphia,OH,Mexican,44.747645,-112.766146,False,4.5,4.5,0,0.0,0.0,0,,0,,1,1,Low,False,True
d12493d2-3ec9-477e-982b-59b95212805e,Restaurant 49,Philadelphia,OH,Burgers,37.751487,-114.448795,False,4.0,4.0,0,0.0,0.0,0,,0,,1,1,Low,False,True
2ea09749-aaf2-4489-a19b-2842c91bfcab,Restaurant 54,Philadelphia,OH,Thai,28.394141,-87.180767,True,1.5,1.5,0,0.0,0.0,0,,0,,1,1,Low,False,False
00d06576-a313-4f5c-a319-06f7494f0357,Restaurant 70,Philadelphia,OH,Coffee & Tea,33.52313,-97.172157,False,3.5,3.5,0,0.0,0.0,0,,0,,1,1,Low,False,True
38f480f9-543e-4094-b660-3ad272866273,Restaurant 71,Philadelphia,OH,American (New),39.618457,-79.421098,True,2.0,2.0,0,0.0,0.0,0,,0,,1,1,Low,False,False
2f225b68-423d-4100-811b-2445bd07a731,Restaurant 83,Philadelphia,OH,Seafood,26.70389,-90.380486,True,1.0,1.0,0,0.0,0.0,0,,0,,1,1,Low,False,False
61a878b2-a1a2-441a-a45f-9acc9b1ecb07,Restaurant 94,Philadelphia,OH,Coffee & Tea,32.38434,-119.247006,False,2.0,2.0,0,0.0,0.0,0,,0,,1,1,Low,False,True
b18b3960-bad9-455c-9652-fa70314346fd,Restaurant 95,Philadelphia,OH,Burgers,25.844034,-120.156711,True,3.0,3.0,0,0.0,0.0,0,,0,,1,1,Low,False,False
75a8a294-5f7e-4b50-896d-05061b1d4703,Restaurant 100,Philadelphia,OH,Mexican,47.545627,-111.5948,False,5.0,5.0,0,0.0,0.0,0,,0,,1,1,Low,False,True
936632ba-dc72-45f7-9c7a-8265e043af99,Restaurant 120,Philadelphia,OH,Coffee & Tea,33.412826,-81.512492,True,1.0,1.0,0,0.0,0.0,0,,0,,1,1,Low,False,False
b2a3fb35-8cdf-435b-99a2-6092e4fa4d4b,Restaurant 138,Philadelphia,OH,Seafood,42.125546,-104.504423,True,2.0,2.0,0,0.0,0.0,0,,0,,1,1,Low,False,False
b454dd0e-3f59-4acd-8de8-869c3f5048f6,Restaurant 146,Philadelphia,OH,Italian,29.958086,-96.820953,True,3.5,3.5,0,0.0,0.0,0,,0,,1,1,Low,False,False
70f2a17b-f5b0-4e9f-a140-8b6ad571338e,Restaurant 149,Philadelphia,OH,Sushi,27.971271,-95.707971,False,2.5,2.5,0,0.0,0.0,0,,0,,1,1,Low,False,True
f7f86abf-88ef-4c1a-8c70-c5cd5358b588,Restaurant 151,Philadelphia,OH,Chinese,27.648988,-123.852889,False,3.5,3.5,0,0.0,0.0,0,,0,,1,1,Low,False,True
315260a5-49d2-41c6-b125-d658ad716bc0,Restaurant 152,Philadelphia,OH,Italian,30.596279,-92.612079,False,5.0,5.0,0,0.0,0.0,0,,0,,1,1,Low,False,True
212ba355-b6c2-48ec-b51e-1b798742febd,Restaurant 162,Philadelphia,OH,Seafood,30.795903,-78.163856,True,2.0,2.0,0,0.0,0.0,0,,0,,1,1,Low,False,False
950d91ab-42f0-4950-8a25-532d8c5e7072,Restaurant 164,Philadelphia,OH,American (New),43.208225,-80.274837,False,5.0,5.0,0,0.0,0.0,0,,0,,1,1,Low,False,True
c8607222-a242-40f8-bf52-7b5df6176cd2,Restaurant 176,Philadelphia,OH,Burgers,42.851971,-111.929788,True,1.5,1.5,0,0.0,0.0,0,,0,,1,1,Low,False,False
67aa8ed2-729f-43e6-852f-373057cc75a6,Restaurant 178,Philadelphia,OH,American (New),39.14062,-111.768967,True,4.0,4.0,0,0.0,0.0,0,,0,,1,1,Low,False,False
c74b55b1-95cd-405f-9fdd-f4e39fb65311,Restaurant 185,Philadelphia,OH,Chinese,45.576662,-103.734538,False,2.0,2.0,0,0.0,0.0,0,,0,,1,1,Low,False,True
81fcde8d-e3fc-4355-8402-0897e184bc73,Restaurant 222,Philadelphia,OH,American (New),34.43868,-82.376523,True,4.5,4.5,0,0.0,0.0,0,,0,,1,1,Low,False,False
c7d84f3f-4869-4a0f-9699-488a56597697,Restaurant 227,Philadelphia,OH,Italian,43.822682,-72.496513,True,2.0,2.0,0,0.0,0.0,0,,0,,1,1,Low,False,False
33bd0c64-8609-4bc7-9584-30cd8db6a3d0,Restaurant 233,Philadelphia,OH,Italian,29.285168,-83.804824,True,3.0,3.0,0,0.0,0.0,0,,0,,1,1,Low,False,False
b5ac4a25-3733-440f-962c-a916cb798d32,Restaurant 241,Philadelphia,OH,American (New),45.994328,-83.345721,True,2.5,2.5,0,0.0,0.0,0,,0,,1,1,Low,False,False
0e35a8be-5adf-4d2f-9bef-39da829e1273,Restaurant 248,Philadelphia,OH,Sushi,40.702798,-88.60141,False,5.0,5.0,0,0.0,0.0,0,,0,,1,1,Low,False,True
5c48c9f0-00b2-4827-a304-2a43104237c0,Restaurant 256,Philadelphia,OH,Thai,32.330893,-102.102145,False,2.0,2.0,0,0.0,0.0,0,,0,,1,1,Low,False,True
2b781ec0-a37d-4a22-a274-1ddd36ec3420,Restaurant 258,Philadelphia,OH,Sushi,37.189812,-103.636952,False,3.0,3.0,0,0.0,0.0,0,,0,,1,1,Low,False,True
71a8b90f-fadf-40f5-a3bb-ad6b12c5f71a,Restaurant 262,Philadelphia,OH,Italian,37.697824,-82.346736,False,4.0,4.0,0,0.0,0.0,0,,0,,1,1,Low,False,True
934291e8-0340-4bac-a267-6a0d1b7afc2e,Restaurant 264,Philadelphia,OH,American (New),37.938069,-112.829925,False,2.0,2.0,0,0.0,0.0,0,,0,,1,1,Low,False,True
066c9d62-9aa2-4113-91b7-17436f21c2c1,Restaurant 271,Philadelphia,OH,Seafood,27.461378,-119.702736,True,2.0,2.0,0,0.0,0.0,0,,0,,1,1,Low,False,False
9b6140c7-5c11-4470-8ddd-28537492fb3b,Restaurant 285,Philadelphia,OH,Burgers,41.671408,-94.22549,True,2.5,2.5,0,0.0,0.0,0,,0,,1,1,Low,False,False
941ae802-d5e7-4433-946f-464730755c90,Restaurant 321,Philadelphia,OH,Italian,47.266957,-79.633379,False,4.5,4.5,0,0.0,0.0,0,,0,,1,1,Low,False,True
7cdbfd80-2f39-44f1-8a61-1d20b2c73a65,Restaurant 333,Philadelphia,OH,Chinese,30.54488,-89.905472,True,1.5,1.5,0,0.0,0.0,0,,0,,1,1,Low,False,False
f1c175e7-8430-4b1f-90b9-53ee97196ab0,Restaurant 349,Philadelphia,OH,Burgers,30.358948,-105.946697,True,1.0,1.0,0,0.0,0.0,0,,0,,1,1,Low,False,False
0c6483ba-94a5-4e81-abaf-42a59260c608,Restaurant 364,Philadelphia,OH,Burgers,39.781008,-81.154113,True,2.5,2.5,0,0.0,0.0,0,,0,,1,1,Low,False,False
44597cfb-af85-46aa-80e1-9df5bc6e74a5,Restaurant 368,Philadelphia,OH,Seafood,46.509739,-70.465194,True,2.0,2.0,0,0.0,0.0,0,,0,,1,1,Low,False,False
6d4eb3bd-bfc9-4bbe-918f-5f32d000f7b0,Restaurant 373,Philadelphia,OH,Coffee & Tea,27.32374,-108.402917,False,2.0,2.0,0,0.0,0.0,0,,0,,1,1,Low,False,True
871c656d-cbfa-4c2f-b2b4-8c001a921c89,Restaurant 379,Philadelphia,OH,Sushi,45.344696,-97.88049,False,4.0,4.0,0,0.0,0.0,0,,0,,1,1,Low,False,True
edd7d8bd-63fd-440b-9448-1ec3c07bcde0,Restaurant 385,Philadelphia,OH,Pizza,31.774637,-88.588888,True,4.5,4.5,0,0.0,0.0,0,,0,,1,1,Low,False,False
224cfd3c-eb69-439d-a255-76d9187b81d4,Restaurant 390,Philadelphia,OH,Sushi,40.802562,-73.500121,False,2.5,2.5,0,0.0,0.0,0,,0,,1,2,Low,False,True
d5a4ccc7-bc73-4fd1-8686-a1e6a4957b2d,Restaurant 406,Philadelphia,OH,Thai,25.461204,-82.083298,True,1.0,1.0,0,0.0,0.0,0,,0,,2,2,Below Average,False,False
069d043f-eb4a-4205-83ed-399a7dc6995d,Restaurant 412,Philadelphia,OH,American (New),33.930323,-123.057455,True,2.5,2.5,0,0.0,0.0,0,,0,,2,2,Below Average,False,False
b936054f-fd52-4f81-8751-57a5f0d466cb,Restaurant 417,Philadelphia,OH,Chinese,31.862182,-122.026592,True,2.0,2.0,0,0.0,0.0,0,,0,,2,2,Below Average,False,False
d14ef997-141c-461d-9247-441bf20d1162,Restaurant 442,Philadelphia,OH,Coffee & Tea,26.813104,-100.569612,False,4.5,4.5,0,0.0,0.0,0,,0,,2,2,Below Average,False,True
550b3a4a-bd56-4e65-b543-b1eca69665c3,Restaurant 466,Philadelphia,OH,Italian,33.036268,-76.413179,False,3.5,3.5,0,0.0,0.0,0,,0,,2,2,Below Average,False,True
c7d59a05-df98-4708-8679-5da0f55744a0,Restaurant 487,Philadelphia,OH,Thai,29.893496,-122.983903,False,3.0,3.0,0,0.0,0.0,0,,0,,2,2,Below Average,False,True
c74c784b-372e-43fe-b48f-dbf6b396f75b,Restaurant 488,Philadelphia,OH,American (New),45.503064,-92.571958,False,3.0,3.0,0,0.0,0.0,0,,0,,2,2,Below Average,False,True
d5000245-8d11-403d-ac50-04ea164a658d,Restaurant 494,Philadelphia,OH,Seafood,36.876551,-105.59061,False,3.5,3.5,0,0.0,0.0,0,,0,,2,2,Below Average,False,True
babc44ee-4e18-4eac-9192-6f9510d78a41,Restaurant 502,Philadelphia,OH,Seafood,27.497113,-113.87083,True,5.0,5.0,0,0.0,0.0,0,,0,,2,2,Below Average,False,False
667f0cbb-9689-43ca-a831-c12f60d7a0cd,Restaurant 519,Philadelphia,OH,American (New),27.448694,-121.018772,True,3.0,3.0,0,0.0,0.0,0,,0,,2,2,Below Average,False,False
a783a6b1-750c-4453-bd7e-b4e02f622d85,Restaurant 522,Philadelphia,OH,Chinese,43.139088,-112.878972,False,2.5,2.5,0,0.0,0.0,0,,0,,2,2,Below Average,False,True
2b217b5a-6a55-4642-8e31-b549f1b34ab3,Restaurant 528,Philadelphia,OH,American (New),42.253896,-117.946473,False,5.0,5.0,0,0.0,0.0,0,,0,,2,2,Below Average,False,True
00e9e57c-da41-423a-b064-22caded5e2fc,Restaurant 540,Philadelphia,OH,Italian,26.819574,-106.100598,False,3.5,3.5,0,0.0,0.0,0,,0,,2,2,Below Average,False,True
e3537d84-3f03-46f6-98a6-09a5a4049c74,Restaurant 552,Philadelphia,OH,Italian,30.073626,-120.643465,False,2.5,2.5,0,0.0,0.0,0,,0,,2,2,Below Average,False,True
073c5684-a296-4808-baf0-203d9ab78e38,Restaurant 576,Philadelphia,OH,Sushi,29.441747,-88.871792,False,2.0,2.0,0,0.0,0.0,0,,0,,2,2,Below Average,False,True
c0b392a4-36ba-4891-af63-1be5a87005bc,Restaurant 586,Philadelphia,OH,Burgers,46.39566,-118.370271,True,2.5,2.5,0,0.0,0.0,0,,0,,2,2,Below Average,False,False
fc84acc2-7d51-43b6-9a34-320ae65bd4b4,Restaurant 588,Philadelphia,OH,Italian,42.315325,-93.360983,False,1.5,1.5,0,0.0,0.0,0,,0,,2,2,Below Average,False,True
2e7f6d94-8f6b-44c8-a0aa-1154fe70bc9c,Restaurant 590,Philadelphia,OH,Coffee & Tea,34.993296,-86.617122,True,2.0,2.0,0,0.0,0.0,0,,0,,2,2,Below Average,False,False
8076d295-9d66-4c8f-9452-34ac01f37b9e,Restaurant 592,Philadelphia,OH,Chinese,40.748973,-93.318997,False,1.5,1.5,0,0.0,0.0,0,,0,,2,2,Below Average,False,True
67f96114-dee7-4855-8d58-6262eb121648,Restaurant 599,Philadelphia,OH,Italian,31.240139,-78.135438,True,3.5,3.5,0,0.0,0.0,0,,0,,2,2,Below Average,False,False
ff81dc5a-3d45-47ae-a81d-756b74b632d7,Restaurant 602,Philadelphia,OH,American (New),25.422561,-87.362875,True,3.5,3.5,0,0.0,0.0,0,,0,,2,2,Below Average,False,False
716d7f96-13b2-4745-a33d-f27a5541cc7f,Restaurant 611,Philadelphia,OH,Pizza,35.898479,-115.991749,False,2.5,2.5,0,0.0,0.0,0,,0,,2,2,Below Average,False,True
5f7ddc41-9e67-45ad-a75d-897c55c1edd9,Restaurant 612,Philadelphia,OH,Coffee & Tea,42.074433,-70.646612,True,2.5,2.5,0,0.0,0.0,0,,0,,2,2,Below Average,False,False
9a18ac84-52b3-4ae4-9500-57c38fe36031,Restaurant 621,Philadelphia,OH,Thai,33.753961,-82.745682,True,3.5,3.5,0,0.0,0.0,0,,0,,2,2,Below Average,False,False
5cf541ef-62f4-4959-b730-b1f041e9eced,Restaurant 631,Philadelphia,OH,American (New),44.499353,-110.718698,False,3.5,3.5,0,0.0,0.0,0,,0,,2,2,Below Average,False,True
1a9472ef-1fd8-4c65-99a8-125082449bae,Restaurant 651,Philadelphia,OH,Chinese,29.116609,-92.213325,False,4.5,4.5,0,0.0,0.0,0,,0,,2,2,Below Average,False,True
065fd299-f21d-4363-9f0e-7d66e7bfd7e0,Restaurant 666,Philadelphia,OH,Thai,32.316928,-103.946571,True,4.0,4.0,0,0.0,0.0,0,,0,,2,2,Below Average,False,False
7375e073-71f4-4b92-880f-01f7ce836ccf,Restaurant 669,Philadelphia,OH,American (New),45.552397,-86.753521,False,4.0,4.0,0,0.0,0.0,0,,0,,2,2,Below Average,False,True
0387d8d7-b3b1-4b3b-9c69-c96286520c9b,Restaurant 695,Philadelphia,OH,American (New),28.486972,-106.859302,True,4.0,4.0,0,0.0,0.0,0,,0,,2,2,Below Average,False,False
633feed7-1764-4bf8-9842-bd86c4ae51ce,Restaurant 751,Philadelphia,OH,Mexican,25.280388,-106.029388,True,3.0,3.0,0,0.0,0.0,0,,0,,2,2,Below Average,False,False
bd8db82f-677c-4239-a1b1-3de21c68849f,Restaurant 752,Philadelphia,OH,Seafood,31.638582,-80.687997,True,4.0,4.0,0,0.0,0.0,0,,0,,2,2,Below Average,False,False
52a44a85-a83a-4695-b91c-0f981a157a1f,Restaurant 775,Philadelphia,OH,Sushi,36.827773,-102.583212,False,3.5,3.5,0,0.0,0.0,0,,0,,2,2,Below Average,False,True
99be4429-9612-441d-b998-b93e31641d9e,Restaurant 785,Philadelphia,OH,Coffee & Tea,40.6217,-116.599484,False,1.5,1.5,0,0.0,0.0,0,,0,,2,2,Below Average,False,True
67689fd1-43bd-47d7-b6b2-daf5700bf6ec,Restaurant 789,Philadelphia,OH,Coffee & Tea,42.572256,-93.712963,False,4.5,4.5,0,0.0,0.0,0,,0,,2,2,Below Average,False,True
97ea5a3c-ece4-4e94-b2d0-35165768e901,Restaurant 805,Philadelphia,OH,Coffee & Tea,27.611847,-114.444619,False,2.5,2.5,0,0.0,0.0,0,,0,,3,2,Average,False,True
9b096723-453f-44fd-ab00-8a2ca0c45485,Restaurant 806,Philadelphia,OH,Pizza,39.879207,-122.964795,True,2.0,2.0,0,0.0,0.0,0,,0,,3,2,Average,False,False
408db516-3459-49cc-b037-6850a727ce44,Restaurant 825,Philadelphia,OH,Italian,44.026921,-97.821803,True,2.5,2.5,0,0.0,0.0,0,,0,,3,2,Average,False,False
fc3b7f42-e086-488b-b614-384b32455509,Restaurant 827,Philadelphia,OH,Chinese,25.661782,-71.312951,True,2.5,2.5,0,0.0,0.0,0,,0,,3,2,Average,False,False
23dccc94-e205-4a82-9fc0-be188eec5808,Restaurant 845,Philadelphia,OH,Coffee & Tea,31.553525,-83.609279,False,2.0,2.0,0,0.0,0.0,0,,0,,3,2,Average,False,True
2549f2c0-a7be-441b-bc18-4d5ef5545514,Restaurant 847,Philadelphia,OH,Seafood,31.175026,-91.981259,False,1.5,1.5,0,0.0,0.0,0,,0,,3,2,Average,False,True
c41599e1-d4d3-4755-beca-39ae02ee6620,Restaurant 848,Philadelphia,OH,Thai,34.798393,-122.775905,True,3.5,3.5,0,0.0,0.0,0,,0,,3,2,Average,False,False
ae8ae96e-6a04-438b-91a0-979f5f51904f,Restaurant 857,Philadelphia,OH,Mexican,27.015608,-117.568733,True,2.5,2.5,0,0.0,0.0,0,,0,,3,2,Average,False,False
4d0a0061-73a5-4e99-b6db-563c2074383d,Restaurant 861,Philadelphia,OH,Coffee & Tea,44.518174,-84.460693,True,5.0,5.0,0,0.0,0.0,0,,0,,3,2,Average,False,False
e1ee35a0-27e8-4cd8-88e2-38d62eac2577,Restaurant 863,Philadelphia,OH,Coffee & Tea,32.264553,-121.506919,True,4.0,4.0,0,0.0,0.0,0,,0,,3,2,Average,False,False
d8a6d01b-7d67-4b38-91d8-23fcaaa99b65,Restaurant 879,Philadelphia,OH,Pizza,45.373006,-86.456528,False,3.0,3.0,0,0.0,0.0,0,,0,,3,3,Average,False,True
82cdbb86-2d14-40ed-8732-b904105b1f77,Restaurant 892,Philadelphia,OH,Sushi,27.779928,-93.552939,True,1.0,1.0,0,0.0,0.0,0,,0,,3,3,Average,False,False
c680537d-5486-4ca3-8d21-5d205db39141,Restaurant 895,Philadelphia,OH,Seafood,38.180359,-93.882981,False,3.5,3.5,0,0.0,0.0,0,,0,,3,3,Average,False,True
4137093d-5da6-4fd0-a3a8-95258d6a3b72,Restaurant 897,Philadelphia,OH,Sushi,45.705622,-106.355116,False,1.0,1.0,0,0.0,0.0,0,,0,,3,3,Average,False,True
6205e72d-5cfd-4a0a-abf5-eef99bea1a32,Restaurant 904,Philadelphia,OH,Pizza,28.891394,-91.203851,True,3.5,3.5,0,0.0,0.0,0,,0,,3,3,Average,False,False
aaaabe5d-d443-401a-81df-9ceac1fc0d66,Restaurant 905,Philadelphia,OH,Sushi,32.360954,-102.294745,False,3.5,3.5,0,0.0,0.0,0,,0,,3,3,Average,False,True
0d287e69-c13a-440b-9f24-cb52e05dffcf,Restaurant 909,Philadelphia,OH,American (New),26.929892,-90.031055,False,2.5,2.5,0,0.0,0.0,0,,0,,3,3,Average,False,True
b30bcb95-5143-4808-a35b-1c64962a815d,Restaurant 912,Philadelphia,OH,Thai,44.376089,-113.298523,True,5.0,5.0,0,0.0,0.0,0,,0,,3,3,Average,False,False
e6031dae-27c2-4846-a44a-e55a5c0e116b,Restaurant 924,Philadelphia,OH,American (New),31.302819,-87.590459,False,4.5,4.5,0,0.0,0.0,0,,0,,3,3,Average,False,True
c93e0592-1e80-45f6-be26-c941f7e8ffef,Restaurant 952,Philadelphia,OH,Mexican,46.18726,-92.880956,True,1.0,1.0,0,0.0,0.0,0,,0,,3,3,Average,False,False
334400c4-74b1-418c-9fb0-9f8b2e5e2a70,Restaurant 966,Philadelphia,OH,Italian,37.293283,-114.641373,False,1.5,1.5,0,0.0,0.0,0,,0,,3,3,Average,False,True
edc63f81-8cb0-44bc-bbf7-26ede23da447,Restaurant 968,Philadelphia,OH,Pizza,29.735523,-108.989196,False,5.0,5.0,0,0.0,0.0,0,,0,,3,3,Average,False,True
71845b05-af78-4ceb-952f-03440883113c,Restaurant 977,Philadelphia,OH,Sushi,28.791299,-113.594535,True,1.0,1.0,0,0.0,0.0,0,,0,,3,3,Average,False,False
eef4c2a1-ac15-4315-a6d1-2b28848118ca,Restaurant 978,Philadelphia,OH,Italian,42.157021,-77.932477,True,4.0,4.0,0,0.0,0.0,0,,0,,3,3,Average,False,False
637c6293-e5ec-4eab-bb5c-cad79ad16c04,Restaurant 989,Philadelphia,OH,Italian,42.653538,-97.523319,True,1.5,1.5,0,0.0,0.0,0,,0,,3,3,Average,False,False
095b1676-c952-490d-ab42-6c8eda508483,Restaurant 1002,Philadelphia,OH,Italian,42.453741,-74.315713,True,5.0,5.0,0,0.0,0.0,0,,0,,3,3,Average,False,False
5981bfd7-7f6e-4b36-99e3-1e85ba34189a,Restaurant 1005,Philadelphia,OH,Sushi,33.832861,-108.070405,True,1.5,1.5,0,0.0,0.0,0,,0,,3,3,Average,False,False
ca2f2f82-354d-4a0a-83c5-3f64bce6537a,Restaurant 1007,Philadelphia,OH,Thai,41.920277,-111.670592,True,1.0,1.0,0,0.0,0.0,0,,0,,3,3,Average,False,False
fe67a151-3dc2-45ff-af34-a2ee5407c70c,Restaurant 1010,Philadelphia,OH,Burgers,40.912246,-97.464425,False,5.0,5.0,0,0.0,0.0,0,,0,,3,3,Average,False,True
4714970f-431b-41a5-b9bc-8977edb59903,Restaurant 1018,Philadelphia,OH,Chinese,36.961705,-72.086817,False,3.0,3.0,0,0.0,0.0,0,,0,,3,3,Average,False,True
1c2271b6-6a7d-462d-83e7-defbdf0a9107,Restaurant 1024,Philadelphia,OH,Thai,38.964998,-85.843191,True,5.0,5.0,0,0.0,0.0,0,,0,,3,3,Average,False,False
28391012-435c-4b34-8d3b-9cfadc2c8d7e,Restaurant 1029,Philadelphia,OH,Italian,39.768351,-94.095503,True,4.0,4.0,0,0.0,0.0,0,,0,,3,3,Average,False,False
94f12678-d226-465e-9ee2-65118a2771a1,Restaurant 1031,Philadelphia,OH,Burgers,41.949111,-107.90606,False,5.0,5.0,0,0.0,0.0,0,,0,,3,3,Average,False,True
46fde999-656d-46ff-9cb9-db53fe2ac468,Restaurant 1039,Philadelphia,OH,Thai,28.010716,-83.625344,False,1.0,1.0,0,0.0,0.0,0,,0,,3,3,Average,False,True
1040d2d8-7f23-4f2d-a710-7cf9a18d15b3,Restaurant 1047,Philadelphia,OH,Burgers,38.142731,-119.530731,True,1.5,1.5,0,0.0,0.0,0,,0,,3,3,Average,False,False
208263ca-559a-47b8-8c41-c91c311739c6,Restaurant 1048,Philadelphia,OH,American (New),43.801645,-81.908899,True,5.0,5.0,0,0.0,0.0,0,,0,,3,3,Average,False,False
1f02610b-59e3-4272-afb3-c93e2dab4347,Restaurant 1056,Philadelphia,OH,Sushi,26.914844,-111.020133,True,4.0,4.0,0,0.0,0.0,0,,0,,3,3,Average,False,False
bc1456b3-f4c8-42f2-8168-29699eaa734c,Restaurant 1080,Philadelphia,OH,Italian,42.110252,-75.44512,False,2.0,2.0,0,0.0,0.0,0,,0,,3,3,Average,False,True
8750078b-478d-4c00-8c0b-9a6e565f9651,Restaurant 1081,Philadelphia,OH,American (New),37.652844,-81.009895,False,2.0,2.0,0,0.0,0.0,0,,0,,3,3,Average,False,True
ab07702e-6057-42df-8794-4c3a1ba07597,Restaurant 1088,Philadelphia,OH,Burgers,37.074337,-86.491263,False,2.5,2.5,0,0.0,0.0,0,,0,,3,3,Average,False,True
a50eb278-a945-49b0-b260-d1171d1f3a71,Restaurant 1090,Philadelphia,OH,Chinese,32.35634,-122.384398,True,1.0,1.0,0,0.0,0.0,0,,0,,3,3,Average,False,False
90b7f69f-913f-4b62-91ad-b97ddd983e7e,Restaurant 1097,Philadelphia,OH,Seafood,36.104874,-96.193048,True,5.0,5.0,0,0.0,0.0,0,,0,,3,3,Average,False,False
60be015b-5336-476b-b956-50f7349516f2,Restaurant 1123,Philadelphia,OH,Burgers,40.948679,-102.233061,True,3.5,3.5,0,0.0,0.0,0,,0,,3,3,Average,False,False
026b6737-b3c6-42e1-951e-5e7b13eaeb19,Restaurant 1125,Philadelphia,OH,Chinese,38.291158,-86.857558,True,2.5,2.5,0,0.0,0.0,0,,0,,3,3,Average,False,False
1aedc3eb-7064-4caf-b301-0f99939a5948,Restaurant 1154,Philadelphia,OH,Mexican,29.587833,-106.920365,False,3.5,3.5,0,0.0,0.0,0,,0,,3,3,Average,False,True
b4d80b34-a51a-4860-8263-f709dd6bd58b,Restaurant 1173,Philadelphia,OH,Chinese,25.357191,-116.564356,False,3.5,3.5,0,0.0,0.0,0,,0,,3,3,Average,False,True
1e2b59d6-d5c8-4858-8471-365f7b7165c0,Restaurant 1182,Philadelphia,OH,Mexican,36.29385,-123.792367,True,1.5,1.5,0,0.0,0.0,0,,0,,3,3,Average,False,False
c6bf9ce0-3d64-484e-9c92-b49072ada568,Restaurant 1183,Philadelphia,OH,Pizza,39.571691,-100.201681,False,2.0,2.0,0,0.0,0.0,0,,0,,3,3,Average,False,True
5da33e90-6f8f-490a-8d8d-ad4839be2835,Restaurant 1197,Philadelphia,OH,Pizza,43.708073,-114.101727,False,1.0,1.0,0,0.0,0.0,0,,0,,3,3,Average,False,True
6a0ce821-443b-4d56-aae0-e37652cc0867,Restaurant 1198,Philadelphia,OH,Mexican,27.854132,-115.587315,False,3.5,3.5,0,0.0,0.0,0,,0,,3,3,Average,False,True
bc7c8cc1-16c8-4107-8592-9a3febdf041b,Restaurant 1202,Philadelphia,OH,Pizza,41.01851,-99.998004,True,1.5,1.5,0,0.0,0.0,0,,0,,4,3,Strong,False,False
8bb457e7-6024-41ef-9dfb-5d2250001642,Restaurant 1216,Philadelphia,OH,Sushi,38.663131,-95.874049,False,4.5,4.5,0,0.0,0.0,0,,0,,4,3,Strong,False,True
4ac88099-e507-4c66-83ee-04984796e526,Restaurant 1239,Philadelphia,OH,Coffee & Tea,27.208973,-96.038573,False,3.5,3.5,0,0.0,0.0,0,,0,,4,3,Strong,False,True
47d525aa-e22d-4420-845f-1f5998dbd39c,Restaurant 1240,Philadelphia,OH,Burgers,34.67163,-102.435776,True,1.0,1.0,0,0.0,0.0,0,,0,,4,3,Strong,False,False
5c12585f-0d17-4c62-a93f-c2504cec8e57,Restaurant 1249,Philadelphia,OH,Coffee & Tea,39.632535,-114.835568,True,2.5,2.5,0,0.0,0.0,0,,0,,4,3,Strong,False,False
7bbc070b-52fa-4b09-9752-b55f576bb46b,Restaurant 1252,Philadelphia,OH,Thai,38.352376,-123.125405,False,4.5,4.5,0,0.0,0.0,0,,0,,4,4,Strong,False,True
4dbf4b9f-65b1-4f02-bbeb-54b44380df2c,Restaurant 1254,Philadelphia,OH,Coffee & Tea,26.443613,-88.924441,False,3.5,3.5,0,0.0,0.0,0,,0,,4,4,Strong,False,True
b6d68f2a-53c2-43ac-b6a5-0e180d39c447,Restaurant 1265,Philadelphia,OH,Sushi,38.090506,-118.004419,True,5.0,5.0,0,0.0,0.0,0,,0,,4,4,Strong,False,False
72b147fc-ac91-492e-a893-ef12effe3fb6,Restaurant 1274,Philadelphia,OH,Sushi,34.883529,-101.524153,False,2.0,2.0,0,0.0,0.0,0,,0,,4,4,Strong,False,True
5004a095-c3c5-4b0f-bfe6-820a44f2ec23,Restaurant 1281,Philadelphia,OH,Italian,36.182777,-120.685466,True,2.0,2.0,0,0.0,0.0,0,,0,,4,4,Strong,False,False
bb4dae2b-41c6-450d-99d2-1a0f3e8055d0,Restaurant 1310,Philadelphia,OH,Burgers,40.871071,-70.553658,False,2.0,2.0,0,0.0,0.0,0,,0,,4,4,Strong,False,True
de2c4569-ce76-4df1-9bd9-964a391eb4ed,Restaurant 1313,Philadelphia,OH,Thai,42.426181,-86.493747,True,2.0,2.0,0,0.0,0.0,0,,0,,4,4,Strong,False,False
384bf0ef-e72d-42c4-aa91-a893fffbc5c3,Restaurant 1326,Philadelphia,OH,Coffee & Tea,40.486996,-110.409267,True,2.0,2.0,0,0.0,0.0,0,,0,,4,4,Strong,False,False
a7570bde-0e27-4006-a634-167889f3f26a,Restaurant 1334,Philadelphia,OH,Coffee & Tea,43.607703,-101.61404,False,3.0,3.0,0,0.0,0.0,0,,0,,4,4,Strong,False,True
2d2986c8-68ca-402f-9b94-9af660bab7fe,Restaurant 1339,Philadelphia,OH,American (New),37.717877,-111.321294,True,1.0,1.0,0,0.0,0.0,0,,0,,4,4,Strong,False,False
8f53ce1d-5ff8-41af-b656-d3b0d74218a5,Restaurant 1347,Philadelphia,OH,Thai,35.282962,-98.775653,False,1.5,1.5,0,0.0,0.0,0,,0,,4,4,Strong,False,True
73d446f4-68e5-41cd-a40d-35c9d77e55a4,Restaurant 1349,Philadelphia,OH,Italian,44.275619,-96.212688,False,2.5,2.5,0,0.0,0.0,0,,0,,4,4,Strong,False,True
c54d8773-aec7-4f96-ad63-709ce558fe44,Restaurant 1355,Philadelphia,OH,Seafood,41.558689,-76.587559,False,3.0,3.0,0,0.0,0.0,0,,0,,4,4,Strong,False,True
9c214d56-0777-42a3-ab73-a3275f532d2d,Restaurant 1358,Philadelphia,OH,Mexican,28.458029,-121.312359,True,1.0,1.0,0,0.0,0.0,0,,0,,4,4,Strong,False,False
3c66bf4d-bb13-44ec-97fa-37a1fd1e4e06,Restaurant 1377,Philadelphia,OH,Italian,44.267483,-88.169735,True,1.5,1.5,0,0.0,0.0,0,,0,,4,4,Strong,False,False
7df3be99-5253-4066-9848-53cf3f695e4f,Restaurant 1382,Philadelphia,OH,Mexican,29.094093,-117.276566,True,3.5,3.5,0,0.0,0.0,0,,0,,4,4,Strong,False,False
508a35ea-0eec-49bf-b7fb-edad8d657a19,Restaurant 1403,Philadelphia,OH,Burgers,36.899017,-119.146319,True,1.5,1.5,0,0.0,0.0,0,,0,,4,4,Strong,False,False
6b4608d5-3dcb-4ea8-bafa-31268435c79a,Restaurant 1414,Philadelphia,OH,Sushi,25.51482,-72.730262,False,3.0,3.0,0,0.0,0.0,0,,0,,4,4,Strong,False,True
bd5ea23d-80cc-4497-98bf-581030b1e403,Restaurant 1427,Philadelphia,OH,Mexican,31.414234,-82.622518,False,1.5,1.5,0,0.0,0.0,0,,0,,4,4,Strong,False,True
fd668d0b-77a8-4b2b-9d6c-e5e70fd61cdf,Restaurant 1436,Philadelphia,OH,Coffee & Tea,43.009983,-72.333385,True,5.0,5.0,0,0.0,0.0,0,,0,,4,4,Strong,False,False
7ed00303-65f7-4822-8bb3-ea20a7c9f7c2,Restaurant 1438,Philadelphia,OH,Burgers,27.383329,-78.411129,False,1.5,1.5,0,0.0,0.0,0,,0,,4,4,Strong,False,True
ee7af6e3-99b5-42ae-a16f-f7eaac67f3a8,Restaurant 1449,Philadelphia,OH,Pizza,27.27332,-106.876671,True,1.5,1.5,0,0.0,0.0,0,,0,,4,4,Strong,False,False
3f820d2f-139b-4869-a2d9-a07bed469698,Restaurant 1459,Philadelphia,OH,Mexican,32.006743,-74.108756,True,4.5,4.5,0,0.0,0.0,0,,0,,4,4,Strong,False,False
1966d2de-9828-4fa0-ab2a-b0a1c12e7b14,Restaurant 1470,Philadelphia,OH,Coffee & Tea,45.100864,-92.560543,True,2.5,2.5,0,0.0,0.0,0,,0,,4,4,Strong,False,False
b6a1330d-3edc-498c-888a-0ab6e02f112a,Restaurant 1474,Philadelphia,OH,American (New),34.115084,-98.250336,True,1.0,1.0,0,0.0,0.0,0,,0,,4,4,Strong,False,False
af893091-5cfa-454b-a7c1-d6e6439b3a07,Restaurant 1489,Philadelphia,OH,Mexican,33.157665,-72.984752,False,1.5,1.5,0,0.0,0.0,0,,0,,4,4,Strong,False,True
b354e64d-cd23-443d-b5f9-9c68b6a33fe4,Restaurant 1490,Philadelphia,OH,Mexican,25.364551,-71.967104,True,3.5,3.5,0,0.0,0.0,0,,0,,4,4,Strong,False,False
4b55122b-920d-46f2-91c8-d1e3c3dff7e8,Restaurant 1494,Philadelphia,OH,Chinese,33.583235,-78.721626,True,3.5,3.5,0,0.0,0.0,0,,0,,4,4,Strong,False,False
6f02629b-4753-4952-894b-838554677387,Restaurant 1502,Philadelphia,OH,Mexican,40.207642,-93.134729,True,1.0,1.0,0,0.0,0.0,0,,0,,4,4,Strong,False,False
7eccf864-a2da-4852-b416-06e9c5c27998,Restaurant 1507,Philadelphia,OH,Sushi,25.584522,-95.117467,False,1.5,1.5,0,0.0,0.0,0,,0,,4,4,Strong,False,True
7aad008b-5af5-402c-b9ec-9fa9921594f7,Restaurant 1509,Philadelphia,OH,Chinese,29.482194,-78.799295,True,2.5,2.5,0,0.0,0.0,0,,0,,4,4,Strong,False,False
aca289dd-77d7-4c9d-ae4c-504251e977e0,Restaurant 1524,Philadelphia,OH,Seafood,31.112346,-70.14836,False,4.5,4.5,0,0.0,0.0,0,,0,,4,4,Strong,False,True
dd040f98-b84c-4f0b-95e2-c9524e434d3b,Restaurant 1525,Philadelphia,OH,Sushi,38.838233,-92.531133,True,1.5,1.5,0,0.0,0.0,0,,0,,4,4,Strong,False,False
a45652d2-24d4-40c0-9fb6-da9d49de2535,Restaurant 1547,Philadelphia,OH,Seafood,40.221419,-107.95961,True,3.0,3.0,0,0.0,0.0,0,,0,,4,4,Strong,False,False
33c0c09f-62a2-4086-9a91-f440e3098cca,Restaurant 1548,Philadelphia,OH,Chinese,42.624906,-71.090179,True,3.5,3.5,0,0.0,0.0,0,,0,,4,4,Strong,False,False
87790706-abb5-4288-a847-c4229d684515,Restaurant 1553,Philadelphia,OH,Sushi,30.212725,-70.790019,False,1.5,1.5,0,0.0,0.0,0,,0,,4,4,Strong,False,True
e9125c0f-6d8e-4113-ba4e-35c74a743633,Restaurant 1583,Philadelphia,OH,Pizza,37.288297,-90.977758,False,2.0,2.0,0,0.0,0.0,0,,0,,4,4,Strong,False,True
972ebcaa-5c70-4b26-abd1-322b9da293e6,Restaurant 1601,Philadelphia,OH,Coffee & Tea,28.920533,-123.902523,True,3.5,3.5,0,0.0,0.0,0,,0,,5,4,Elite,True,False
cf5d9720-d77f-4f2e-b1b2-940fbb7fa1bd,Restaurant 1609,Philadelphia,OH,Coffee & Tea,41.267452,-117.721293,True,3.5,3.5,0,0.0,0.0,0,,0,,5,4,Elite,True,False
1f034d0c-7360-4570-a1e2-d6d7fc6dcbad,Restaurant 1614,Philadelphia,OH,American (New),30.360742,-122.250075,False,1.5,1.5,0,0.0,0.0,0,,0,,5,4,Elite,True,True
f89fa075-8584-4edf-b341-3b4c643e3476,Restaurant 1648,Philadelphia,OH,Sushi,37.606243,-120.078945,True,2.5,2.5,0,0.0,0.0,0,,0,,5,4,Elite,True,False
f8d99549-8d72-4082-983a-1f2818150e72,Restaurant 1651,Philadelphia,OH,Pizza,36.73568,-109.069833,True,1.0,1.0,0,0.0,0.0,0,,0,,5,4,Elite,True,False
3b3c9b90-0ddd-4927-8e1f-c833acdbb514,Restaurant 1655,Philadelphia,OH,Mexican,39.960641,-100.159263,False,4.5,4.5,0,0.0,0.0,0,,0,,5,4,Elite,True,True
50c41432-d121-4dfe-9ad9-c65ebaecdb21,Restaurant 1662,Philadelphia,OH,Sushi,26.750289,-102.038213,True,1.0,1.0,0,0.0,0.0,0,,0,,5,4,Elite,True,False
9f5a8632-4d88-4041-bb05-0b90e06c8c98,Restaurant 1681,Philadelphia,OH,Chinese,40.216456,-124.418735,False,3.0,3.0,0,0.0,0.0,0,,0,,5,4,Elite,True,True
6e130b69-ef43-48cc-b82e-2826fd9fef9a,Restaurant 1690,Philadelphia,OH,Coffee & Tea,40.796569,-71.728938,False,1.5,1.5,0,0.0,0.0,0,,0,,5,5,Elite,True,True
4d564c9d-b91f-4f14-8004-608d7b01c0bb,Restaurant 1696,Philadelphia,OH,Thai,46.143312,-75.136107,True,2.0,2.0,0,0.0,0.0,0,,0,,5,5,Elite,True,False
bebf80be-64fe-47e6-ac48-6320dc98e4d2,Restaurant 1699,Philadelphia,OH,Seafood,33.552747,-96.939218,False,1.0,1.0,0,0.0,0.0,0,,0,,5,5,Elite,True,True
60007bf6-ac09-4646-a21e-c3986465cdb9,Restaurant 1706,Philadelphia,OH,Chinese,25.711022,-121.351631,True,1.5,1.5,0,0.0,0.0,0,,0,,5,5,Elite,True,False
487b4477-a043-4e33-aa0d-2db6c5764be7,Restaurant 1707,Philadelphia,OH,Italian,35.683663,-80.625374,False,3.5,3.5,0,0.0,0.0,0,,0,,5,5,Elite,True,True
732f9aad-10ee-41c1-b129-412efae5772b,Restaurant 1717,Philadelphia,OH,Coffee & Tea,31.111128,-71.01323,True,4.5,4.5,0,0.0,0.0,0,,0,,5,5,Elite,True,False
6e7fa0cf-0278-43d8-ae57-9325be81c9eb,Restaurant 1718,Philadelphia,OH,Sushi,27.74723,-115.03924,True,3.5,3.5,0,0.0,0.0,0,,0,,5,5,Elite,True,False
14502461-2f7f-4cd1-b291-814efd75938d,Restaurant 1729,Philadelphia,OH,Italian,43.125609,-113.6078,False,3.5,3.5,0,0.0,0.0,0,,0,,5,5,Elite,True,True
0ae8cdd2-0286-42fe-8594-c92586ed2c02,Restaurant 1743,Philadelphia,OH,Italian,35.732265,-89.395571,False,5.0,5.0,0,0.0,0.0,0,,0,,5,5,Elite,True,True
9df4dd8f-48d4-450c-9098-69d9e684ca28,Restaurant 1744,Philadelphia,OH,Seafood,36.572509,-97.515032,True,1.0,1.0,0,0.0,0.0,0,,0,,5,5,Elite,True,False
36511ffd-bb68-4b99-91be-d0300986f517,Restaurant 1754,Philadelphia,OH,Burgers,25.831586,-82.138067,True,5.0,5.0,0,0.0,0.0,0,,0,,5,5,Elite,True,False
1b140f4b-36b0-4da2-95fc-a341cbc7bf11,Restaurant 1757,Philadelphia,OH,Thai,34.818964,-93.749724,True,2.5,2.5,0,0.0,0.0,0,,0,,5,5,Elite,True,False
1c31c32d-80c1-410c-a3bf-190d0c851ecd,Restaurant 1761,Philadelphia,OH,Pizza,31.260336,-73.303297,False,3.0,3.0,0,0.0,0.0,0,,0,,5,5,Elite,True,True
88a24757-080c-458f-bb67-37f8ee7ce9de,Restaurant 1765,Philadelphia,OH,Italian,34.527127,-71.190276,True,3.5,3.5,0,0.0,0.0,0,,0,,5,5,Elite,True,False
0f04faf4-392e-452d-b9ce-ec184e8cf520,Restaurant 1774,Philadelphia,OH,Italian,40.295197,-86.780018,False,4.5,4.5,0,0.0,0.0,0,,0,,5,5,Elite,True,True
202b9cba-a4f0-4df2-b806-6685ff304512,Restaurant 1775,Philadelphia,OH,Coffee & Tea,43.267923,-78.408243,True,3.5,3.5,0,0.0,0.0,0,,0,,5,5,Elite,True,False
f596883b-faf0-418c-812d-89fa7f03a979,Restaurant 1778,Philadelphia,OH,Mexican,46.387085,-88.245186,False,5.0,5.0,0,0.0,0.0,0,,0,,5,5,Elite,True,True
5d398ccd-65c5-41fd-be43-75cff44cc60c,Restaurant 1792,Philadelphia,OH,Sushi,41.691588,-115.251981,False,2.5,2.5,0,0.0,0.0,0,,0,,5,5,Elite,True,True
62bedf81-0241-465c-9ca8-c7f7a1daa4fc,Restaurant 1801,Philadelphia,OH,Mexican,39.77813,-114.048781,False,1.0,1.0,0,0.0,0.0,0,,0,,5,5,Elite,True,True
00739be5-dea4-456e-bc21-eb5f1750ede5,Restaurant 1806,Philadelphia,OH,Sushi,31.455366,-78.264465,False,1.5,1.5,0,0.0,0.0,0,,0,,5,5,Elite,True,True
4f5cc927-93b0-4243-b15a-eaa0348879b2,Restaurant 1817,Philadelphia,OH,Burgers,34.465489,-93.191757,True,3.0,3.0,0,0.0,0.0,0,,0,,5,5,Elite,True,False
b0208c23-6bb2-4f10-89bd-a40a8ca59d8f,Restaurant 1820,Philadelphia,OH,Mexican,47.200058,-109.789801,True,1.5,1.5,0,0.0,0.0,0,,0,,5,5,Elite,True,False
9b3a55a1-63c6-4834-8600-c347beb4e796,Restaurant 1822,Philadelphia,OH,Mexican,40.168965,-87.582701,True,4.5,4.5,0,0.0,0.0,0,,0,,5,5,Elite,True,False
7fcf8176-aea3-4776-adee-69b64556a1c9,Restaurant 1828,Philadelphia,OH,Chinese,47.689342,-94.653939,False,2.0,2.0,0,0.0,0.0,0,,0,,5,5,Elite,True,True
e1a263b5-5bb8-442b-9a1c-5b65094dc2d2,Restaurant 1833,Philadelphia,OH,Coffee & Tea,44.363931,-91.913522,False,3.5,3.5,0,0.0,0.0,0,,0,,5,5,Elite,True,True
5fb4184a-f204-4ed7-952f-e1705bc34999,Restaurant 1835,Philadelphia,OH,Pizza,25.377922,-120.805245,False,2.0,2.0,0,0.0,0.0,0,,0,,5,5,Elite,True,True
ea05cafe-8dae-47ac-aef4-e1ac966bd56b,Restaurant 1865,Philadelphia,OH,Pizza,30.528967,-91.884362,False,5.0,5.0,0,0.0,0.0,0,,0,,5,5,Elite,True,True
20fe51e7-264a-4a97-ad88-a3de5a83f085,Restaurant 1872,Philadelphia,OH,Burgers,33.15755,-83.733887,True,3.0,3.0,0,0.0,0.0,0,,0,,5,5,Elite,True,False
8c040945-0167-4512-8953-ec9ffda21a28,Restaurant 1881,Philadelphia,OH,Burgers,41.637299,-72.408417,False,5.0,5.0,0,0.0,0.0,0,,0,,5,5,Elite,True,True
94c8c57b-85b1-461d-9f3b-f9f7394d3f01,Restaurant 1885,Philadelphia,OH,Thai,45.292469,-87.593359,False,4.0,4.0,0,0.0,0.0,0,,0,,5,5,Elite,True,True
04505466-972b-4b61-8a86-210ff30780ea,Restaurant 1891,Philadelphia,OH,Sushi,35.013539,-81.509745,True,1.0,1.0,0,0.0,0.0,0,,0,,5,5,Elite,True,False
3fdd1b04-203e-4514-b47e-bb93a608ee5e,Restaurant 1892,Philadelphia,OH,Chinese,46.59344,-73.088362,True,1.0,1.0,0,0.0,0.0,0,,0,,5,5,Elite,True,False
9cc8add9-ff58-4679-85c2-22952f6415c3,Restaurant 1893,Philadelphia,OH,Coffee & Tea,27.032734,-77.082064,True,1.0,1.0,0,0.0,0.0,0,,0,,5,5,Elite,True,False
44134217-4d9a-4a8d-983c-83b996a6889a,Restaurant 1895,Philadelphia,OH,Burgers,37.656702,-101.006775,False,1.5,1.5,0,0.0,0.0,0,,0,,5,5,Elite,True,True
87c0b411-61a9-4921-ace6-94942ade1247,Restaurant 1902,Philadelphia,OH,Thai,31.817468,-94.601579,False,4.5,4.5,0,0.0,0.0,0,,0,,5,5,Elite,True,True
ca29c0aa-a384-421d-9bb9-dd5ed6e8d119,Restaurant 1912,Philadelphia,OH,Seafood,40.456267,-87.288091,False,2.0,2.0,0,0.0,0.0,0,,0,,5,5,Elite,True,True
b1d30481-faed-42a5-967f-741c22e03a08,Restaurant 1916,Philadelphia,OH,Pizza,29.647349,-120.533224,True,2.5,2.5,0,0.0,0.0,0,,0,,5,5,Elite,True,False
049b0394-ee69-4d8f-9833-ec17813f663f,Restaurant 1917,Philadelphia,OH,Chinese,26.287684,-89.344314,True,1.5,1.5,0,0.0,0.0,0,,0,,5,5,Elite,True,False
0be9c604-0c7c-4609-b283-a637cfc9a60c,Restaurant 1929,Philadelphia,OH,Italian,36.736178,-71.480679,False,1.5,1.5,0,0.0,0.0,0,,0,,5,5,Elite,True,True
7758ca70-135b-425f-a5d3-e585a907b809,Restaurant 1949,Philadelphia,OH,Italian,29.283455,-90.613991,True,2.5,2.5,0,0.0,0.0,0,,0,,5,5,Elite,True,False
d408e080-06dc-4b14-b0ae-76b07c534583,Restaurant 1965,Philadelphia,OH,Seafood,37.171879,-70.132358,True,5.0,5.0,0,0.0,0.0,0,,0,,5,5,Elite,True,False
e731b143-8488-4edf-90fc-d364640b45c7,Restaurant 1974,Philadelphia,OH,American (New),41.977568,-87.490278,False,3.0,3.0,0,0.0,0.0,0,,0,,5,5,Elite,True,True
2aa154f1-313e-40bc-a2ec-cfda546db534,Restaurant 1983,Philadelphia,OH,American (New),44.842968,-73.182425,True,3.5,3.5,0,0.0,0.0,0,,0,,5,5,Elite,True,False
2bd1c419-623d-4538-a0b6-8dd2eeee934b,Restaurant 1984,Philadelphia,OH,Coffee & Tea,37.737395,-84.874406,True,4.0,4.0,0,0.0,0.0,0,,0,,5,5,Elite,True,False
4b782209-9c16-478c-a37a-049d2e528cd1,Restaurant 5,Philadelphia,FL,Mexican,39.225954,-77.60612,True,2.5,2.5,0,0.0,0.0,0,,0,,1,1,Low,False,False
d46bbae2-8cd7-41d3-8bb0-e0d8b59a42e2,Restaurant 15,Philadelphia,FL,Seafood,36.676246,-114.059889,True,3.5,3.5,0,0.0,0.0,0,,0,,1,1,Low,False,False
aff2a139-3654-4967-8aab-24cf791bdd24,Restaurant 28,Philadelphia,FL,Pizza,47.280315,-93.145084,False,5.0,5.0,0,0.0,0.0,0,,0,,1,1,Low,False,True
85fbfadb-f753-46f4-9d64-14dcf96bbb65,Restaurant 35,Philadelphia,FL,Sushi,47.628626,-80.609503,False,5.0,5.0,0,0.0,0.0,0,,0,,1,1,Low,False,True
c97938a0-c6c2-4526-863f-5708c0e5b5db,Restaurant 36,Philadelphia,FL,Seafood,45.463392,-84.167082,False,2.0,2.0,0,0.0,0.0,0,,0,,1,1,Low,False,True
31b5190f-45b2-4e06-bed3-a05a02397769,Restaurant 62,Philadelphia,FL,Thai,36.169766,-103.612854,False,4.0,4.0,0,0.0,0.0,0,,0,,1,1,Low,False,True
2d93e075-4b1e-46ab-a9a4-f72edb669bb8,Restaurant 65,Philadelphia,FL,Sushi,35.817057,-83.803666,True,1.0,1.0,0,0.0,0.0,0,,0,,1,1,Low,False,False
e9a3df21-8011-497d-923f-1cbdedc634b4,Restaurant 78,Philadelphia,FL,Mexican,27.775085,-114.407864,True,1.5,1.5,0,0.0,0.0,0,,0,,1,1,Low,False,False
62326db9-a2e6-4282-9c64-fca228e4777e,Restaurant 80,Philadelphia,FL,Pizza,33.300265,-108.375283,False,5.0,5.0,0,0.0,0.0,0,,0,,1,1,Low,False,True
3e5d7b45-b4f6-4f80-8176-d54317a12259,Restaurant 85,Philadelphia,FL,Mexican,47.770719,-108.204087,True,1.0,1.0,0,0.0,0.0,0,,0,,1,1,Low,False,False
a0483908-25a0-4bd2-9a0d-e81a36848b38,Restaurant 86,Philadelphia,FL,Pizza,26.867312,-111.807415,True,5.0,5.0,0,0.0,0.0,0,,0,,1,1,Low,False,False
c2746625-af35-480f-8aa5-34b3462680ce,Restaurant 88,Philadelphia,FL,American (New),38.565161,-80.785188,True,2.5,2.5,0,0.0,0.0,0,,0,,1,1,Low,False,False
48a3bf8c-fe92-4af6-b662-f239412abc6e,Restaurant 102,Philadelphia,FL,Chinese,38.338238,-88.703259,False,2.0,2.0,0,0.0,0.0,0,,0,,1,1,Low,False,True
426965f4-56dc-4ccc-ba66-0d84aff3671f,Restaurant 112,Philadelphia,FL,Sushi,30.872514,-124.483141,True,4.5,4.5,0,0.0,0.0,0,,0,,1,1,Low,False,False
37628110-53d8-4bc8-a9d6-91fdfbdab9b3,Restaurant 121,Philadelphia,FL,Coffee & Tea,33.763586,-89.87979,True,3.5,3.5,0,0.0,0.0,0,,0,,1,1,Low,False,False
b41f1f3d-86c1-4582-b300-6f2e629c1d68,Restaurant 131,Philadelphia,FL,Coffee & Tea,27.915447,-101.847169,False,1.5,1.5,0,0.0,0.0,0,,0,,1,1,Low,False,True
c68c5373-ace0-4248-9b6c-d11f9a728a46,Restaurant 135,Philadelphia,FL,Burgers,36.627675,-101.339037,True,1.5,1.5,0,0.0,0.0,0,,0,,1,1,Low,False,False
a89041ac-d1d7-458f-b7c4-34e91ba40518,Restaurant 137,Philadelphia,FL,Sushi,46.932628,-87.224843,True,4.5,4.5,0,0.0,0.0,0,,0,,1,1,Low,False,False
871141a2-08ec-4c5b-b97a-403c484aa3a0,Restaurant 148,Philadelphia,FL,Pizza,42.649039,-82.971151,True,3.0,3.0,0,0.0,0.0,0,,0,,1,1,Low,False,False
b1d937af-7773-4429-88e7-a72d04dc1b8e,Restaurant 186,Philadelphia,FL,Chinese,41.72287,-120.659015,False,2.0,2.0,0,0.0,0.0,0,,0,,1,1,Low,False,True
32963aaa-f3d9-478b-a170-8f13fe73a2ba,Restaurant 195,Philadelphia,FL,Sushi,44.581327,-85.850499,True,2.0,2.0,0,0.0,0.0,0,,0,,1,1,Low,False,False
634ec74e-634e-4dd0-ba87-c52f6dd80b36,Restaurant 200,Philadelphia,FL,Sushi,28.72524,-73.589419,False,2.5,2.5,0,0.0,0.0,0,,0,,1,1,Low,False,True
470fe510-c7ec-4191-b70d-77bbcc89260f,Restaurant 211,Philadelphia,FL,Sushi,38.742932,-78.643269,True,4.5,4.5,0,0.0,0.0,0,,0,,1,1,Low,False,False
8870180c-8fb4-4e16-a709-fc8fc66341b0,Restaurant 225,Philadelphia,FL,Coffee & Tea,31.865481,-73.218295,True,3.0,3.0,0,0.0,0.0,0,,0,,1,1,Low,False,False
caee2cf1-dc31-4f24-995e-e658c409237e,Restaurant 238,Philadelphia,FL,Italian,30.416989,-83.543384,True,3.5,3.5,0,0.0,0.0,0,,0,,1,1,Low,False,False
9e77426a-f99d-4e5a-a3fa-8b6fc17ba243,Restaurant 245,Philadelphia,FL,Pizza,34.10682,-80.095073,True,2.5,2.5,0,0.0,0.0,0,,0,,1,1,Low,False,False
a88afc7e-0cac-457d-be98-bdb5474e37a9,Restaurant 261,Philadelphia,FL,Seafood,29.871579,-114.548697,True,1.5,1.5,0,0.0,0.0,0,,0,,1,1,Low,False,False
288d2f9b-9d2c-487b-a31a-1bb0c1877fd6,Restaurant 272,Philadelphia,FL,Seafood,31.148469,-103.170697,False,3.5,3.5,0,0.0,0.0,0,,0,,1,1,Low,False,True
edb795f2-99fa-41ec-ae8c-f7e5c26f025a,Restaurant 280,Philadelphia,FL,Seafood,36.283879,-105.430384,True,4.0,4.0,0,0.0,0.0,0,,0,,1,1,Low,False,False
5bb9c93a-9812-4406-b344-50656fe14af5,Restaurant 287,Philadelphia,FL,Coffee & Tea,43.001332,-105.13813,True,2.5,2.5,0,0.0,0.0,0,,0,,1,1,Low,False,False
3e0bf729-a729-42a5-9979-724545cac453,Restaurant 293,Philadelphia,FL,Seafood,28.545294,-101.727962,False,4.0,4.0,0,0.0,0.0,0,,0,,1,1,Low,False,True
3b71d12e-8a83-4316-bb97-de36877b4f00,Restaurant 297,Philadelphia,FL,Burgers,36.745554,-96.466123,False,2.5,2.5,0,0.0,0.0,0,,0,,1,1,Low,False,True
d6b12b3c-b02d-437b-ada6-1555b74a18d7,Restaurant 304,Philadelphia,FL,Chinese,38.279002,-81.02737,False,5.0,5.0,0,0.0,0.0,0,,0,,1,1,Low,False,True
0c48462c-2d39-415b-872f-ab8c637b5739,Restaurant 313,Philadelphia,FL,Burgers,43.935505,-104.822603,True,1.0,1.0,0,0.0,0.0,0,,0,,1,1,Low,False,False
0df0a013-135b-442b-9e5e-35d2db23196b,Restaurant 317,Philadelphia,FL,Pizza,31.148891,-77.809074,False,1.5,1.5,0,0.0,0.0,0,,0,,1,1,Low,False,True
4b31eab3-2264-4fcf-8bff-491518216981,Restaurant 319,Philadelphia,FL,Chinese,34.527177,-100.140455,False,1.5,1.5,0,0.0,0.0,0,,0,,1,1,Low,False,True
54d322c7-569a-4273-839b-4e1d6a4085bd,Restaurant 324,Philadelphia,FL,Sushi,45.111737,-76.787273,False,1.5,1.5,0,0.0,0.0,0,,0,,1,1,Low,False,True
5f7bb3d6-030c-4b86-8d36-01e51dbd226d,Restaurant 337,Philadelphia,FL,Burgers,36.760008,-113.824138,False,2.0,2.0,0,0.0,0.0,0,,0,,1,1,Low,False,True
16b27334-25fd-4172-ab5c-8744141dc4e5,Restaurant 347,Philadelphia,FL,Seafood,26.986867,-99.87896,False,3.5,3.5,0,0.0,0.0,0,,0,,1,1,Low,False,True
b8436708-7752-4b82-a942-fedc2b1f7e88,Restaurant 353,Philadelphia,FL,Italian,46.298965,-103.387603,False,3.5,3.5,0,0.0,0.0,0,,0,,1,2,Low,False,True
d49aff6c-5352-4ffd-8a3e-99b3fd95fe19,Restaurant 363,Philadelphia,FL,Burgers,34.475821,-94.712123,False,1.0,1.0,0,0.0,0.0,0,,0,,1,2,Low,False,True
a48fcbad-54a5-4401-8da6-b971eceacf01,Restaurant 370,Philadelphia,FL,Pizza,36.280038,-120.035844,True,2.5,2.5,0,0.0,0.0,0,,0,,1,2,Low,False,False
49a9c628-d778-4019-84a9-edb9ce4c051d,Restaurant 375,Philadelphia,FL,Thai,29.087291,-124.901115,True,4.0,4.0,0,0.0,0.0,0,,0,,1,2,Low,False,False
c7df6bcc-3ca0-4018-a526-e6b811b36fe5,Restaurant 387,Philadelphia,FL,Thai,39.762927,-103.686009,False,3.5,3.5,0,0.0,0.0,0,,0,,1,2,Low,False,True
5107cead-4e26-4481-9b12-ab6082d54ef5,Restaurant 410,Philadelphia,FL,American (New),32.478153,-109.771329,True,3.0,3.0,0,0.0,0.0,0,,0,,2,2,Below Average,False,False
29cfa68f-6c67-4124-bb7a-bc09beb52b88,Restaurant 423,Philadelphia,FL,Burgers,26.501602,-122.485491,False,3.0,3.0,0,0.0,0.0,0,,0,,2,2,Below Average,False,True
1ddbd19a-c829-47f1-9fe8-4961aa8096e4,Restaurant 429,Philadelphia,FL,Chinese,43.049482,-97.624352,True,2.5,2.5,0,0.0,0.0,0,,0,,2,2,Below Average,False,False
67652639-884c-479b-88cb-f9c3448a7104,Restaurant 430,Philadelphia,FL,Mexican,25.906331,-97.700491,False,2.5,2.5,0,0.0,0.0,0,,0,,2,2,Below Average,False,True
6e93963b-12b4-4856-a6a4-15e444bdf9e9,Restaurant 452,Philadelphia,FL,Burgers,47.162651,-71.622959,True,4.5,4.5,0,0.0,0.0,0,,0,,2,2,Below Average,False,False
c311f7e2-be57-4b8e-88df-ba66eb724714,Restaurant 457,Philadelphia,FL,Chinese,44.305782,-87.017283,True,3.0,3.0,0,0.0,0.0,0,,0,,2,2,Below Average,False,False
d2a27a42-cde7-4ffc-8670-1de546fe73fe,Restaurant 459,Philadelphia,FL,Pizza,26.080537,-104.012955,True,4.0,4.0,0,0.0,0.0,0,,0,,2,2,Below Average,False,False
08f054c8-b6cf-466e-bc33-54edc39ed3aa,Restaurant 470,Philadelphia,FL,Sushi,29.427785,-96.735791,True,1.5,1.5,0,0.0,0.0,0,,0,,2,2,Below Average,False,False
0ea0a782-67ec-4af6-919e-3cd79a0b6ae6,Restaurant 473,Philadelphia,FL,Burgers,33.92475,-90.33805,True,4.0,4.0,0,0.0,0.0,0,,0,,2,2,Below Average,False,False
586df239-d6da-4b0b-b966-9f6d5a64f09f,Restaurant 475,Philadelphia,FL,Pizza,31.931066,-120.242213,False,4.5,4.5,0,0.0,0.0,0,,0,,2,2,Below Average,False,True
48a42d3b-cbd2-439a-b8d5-153559390b2a,Restaurant 486,Philadelphia,FL,Seafood,26.758635,-120.853002,True,1.0,1.0,0,0.0,0.0,0,,0,,2,2,Below Average,False,False
5374ef1f-6d5a-42ed-b44e-369f47157dbc,Restaurant 499,Philadelphia,FL,Mexican,36.882736,-102.699903,True,1.0,1.0,0,0.0,0.0,0,,0,,2,2,Below Average,False,False
32ee6e67-67fa-48f6-91e7-5b752a0055e8,Restaurant 506,Philadelphia,FL,Italian,42.614754,-74.945305,False,1.5,1.5,0,0.0,0.0,0,,0,,2,2,Below Average,False,True
b077e614-615c-4f65-9544-df8383a653d0,Restaurant 541,Philadelphia,FL,Thai,42.962403,-73.367659,False,5.0,5.0,0,0.0,0.0,0,,0,,2,2,Below Average,False,True
7eb2e875-6d50-4434-9df4-987192764d00,Restaurant 553,Philadelphia,FL,Coffee & Tea,29.324014,-121.234483,True,2.0,2.0,0,0.0,0.0,0,,0,,2,2,Below Average,False,False
f1a51841-7cc3-4c64-9822-d0a766056c84,Restaurant 554,Philadelphia,FL,Thai,36.315908,-107.364595,True,2.0,2.0,0,0.0,0.0,0,,0,,2,2,Below Average,False,False
2644c083-b44d-4ffe-880c-2227ef7fe5b6,Restaurant 555,Philadelphia,FL,Thai,27.875902,-100.887085,True,1.0,1.0,0,0.0,0.0,0,,0,,2,2,Below Average,False,False
e9cb2905-59e5-4660-9512-43a69067ad5c,Restaurant 558,Philadelphia,FL,Mexican,44.049797,-118.292114,False,2.5,2.5,0,0.0,0.0,0,,0,,2,2,Below Average,False,True
b99421b7-97ac-453a-9202-d5a6b958bc06,Restaurant 561,Philadelphia,FL,Burgers,33.289813,-122.135187,True,2.5,2.5,0,0.0,0.0,0,,0,,2,2,Below Average,False,False
b82f826d-671d-4b56-b408-334f48d5a906,Restaurant 587,Philadelphia,FL,Thai,25.947192,-95.303865,True,2.0,2.0,0,0.0,0.0,0,,0,,2,2,Below Average,False,False
a6c9deb2-096e-4d4b-a0ea-a3bdb724ad19,Restaurant 596,Philadelphia,FL,American (New),35.837377,-106.74678,True,5.0,5.0,0,0.0,0.0,0,,0,,2,2,Below Average,False,False
882cf720-a755-4c50-89e4-94debbf8c49e,Restaurant 597,Philadelphia,FL,Seafood,36.109606,-84.854203,False,2.0,2.0,0,0.0,0.0,0,,0,,2,2,Below Average,False,True
e1ec6aee-4e99-48c9-987d-4254f9d49021,Restaurant 635,Philadelphia,FL,Burgers,37.649853,-82.813207,False,1.5,1.5,0,0.0,0.0,0,,0,,2,2,Below Average,False,True
e90b94a3-13eb-4523-8ff6-fc8f7baf176b,Restaurant 647,Philadelphia,FL,Thai,37.242344,-82.49671,True,1.5,1.5,0,0.0,0.0,0,,0,,2,2,Below Average,False,False
df059262-01c0-434e-aaee-5ca1f3925473,Restaurant 649,Philadelphia,FL,Italian,46.69539,-80.779844,True,2.5,2.5,0,0.0,0.0,0,,0,,2,2,Below Average,False,False
451c899b-e4ff-4230-9b59-530cbc863dcf,Restaurant 675,Philadelphia,FL,Pizza,28.852688,-86.772186,False,3.0,3.0,0,0.0,0.0,0,,0,,2,2,Below Average,False,True
cb7017d1-cb27-4e03-be39-d64479094a13,Restaurant 683,Philadelphia,FL,Chinese,37.200169,-101.089612,False,3.0,3.0,0,0.0,0.0,0,,0,,2,2,Below Average,False,True
75a0f3dd-5d50-403f-a91f-2ef79f8221ab,Restaurant 714,Philadelphia,FL,Thai,29.455537,-81.186287,True,4.5,4.5,0,0.0,0.0,0,,0,,2,2,Below Average,False,False
153c719e-0fc7-45b4-b0ef-33049a5574d8,Restaurant 722,Philadelphia,FL,Sushi,28.606127,-81.298903,True,2.0,2.0,0,0.0,0.0,0,,0,,2,2,Below Average,False,False
fc563c64-2567-4f9d-8cd5-cfa4f622f6d8,Restaurant 727,Philadelphia,FL,Coffee & Tea,39.895725,-120.009877,True,4.5,4.5,0,0.0,0.0,0,,0,,2,2,Below Average,False,False
89683983-57fe-4ad7-9984-d0a8555ae1dc,Restaurant 730,Philadelphia,FL,American (New),37.476007,-81.303669,True,1.5,1.5,0,0.0,0.0,0,,0,,2,2,Below Average,False,False
3e086e0f-8678-4ed5-bd82-ae0fbad00dc7,Restaurant 737,Philadelphia,FL,Burgers,47.300216,-95.221077,False,2.0,2.0,0,0.0,0.0,0,,0,,2,2,Below Average,False,True
8fbd8b12-c1f1-4dc4-a5c6-76b6b54e0f02,Restaurant 758,Philadelphia,FL,Seafood,47.869658,-121.330135,False,3.5,3.5,0,0.0,0.0,0,,0,,2,2,Below Average,False,True
6a255229-2c22-4b92-99d5-8689a34de3e7,Restaurant 759,Philadelphia,FL,Italian,40.775995,-71.415769,True,1.5,1.5,0,0.0,0.0,0,,0,,2,2,Below Average,False,False
ba635572-003c-4c78-8e49-b10d37d3cb89,Restaurant 772,Philadelphia,FL,Sushi,33.00024,-116.169347,True,5.0,5.0,0,0.0,0.0,0,,0,,2,3,Below Average,False,False
4ed6a0c8-c53c-4d87-a2af-4d03ad82e15f,Restaurant 778,Philadelphia,FL,Pizza,29.342055,-121.171496,True,4.5,4.5,0,0.0,0.0,0,,0,,2,3,Below Average,False,False
a602153a-1696-4c45-9792-1a1e5ac582f0,Restaurant 786,Philadelphia,FL,Pizza,36.451678,-97.236288,True,5.0,5.0,0,0.0,0.0,0,,0,,2,3,Below Average,False,False
f4b54708-3355-473d-9155-a4c44884c383,Restaurant 793,Philadelphia,FL,Thai,26.95366,-87.160481,False,3.0,3.0,0,0.0,0.0,0,,0,,2,3,Below Average,False,True
208d49b0-9b46-4c66-a884-61c3f1bcd260,Restaurant 799,Philadelphia,FL,Sushi,38.027851,-95.791499,False,4.0,4.0,0,0.0,0.0,0,,0,,2,3,Below Average,False,True
549c38b2-ee9d-470a-91c1-10e68036f457,Restaurant 807,Philadelphia,FL,Pizza,37.666241,-89.56384,True,1.0,1.0,0,0.0,0.0,0,,0,,3,3,Average,False,False
f887440b-e860-48ef-8d6b-a8c8282c987a,Restaurant 813,Philadelphia,FL,Pizza,33.348954,-85.638082,True,3.0,3.0,0,0.0,0.0,0,,0,,3,3,Average,False,False
b63f11a2-857f-4294-9936-13cac7da342f,Restaurant 814,Philadelphia,FL,Coffee & Tea,33.847875,-89.857802,True,3.5,3.5,0,0.0,0.0,0,,0,,3,3,Average,False,False
5827d9c9-b0da-40a3-b4a5-9eaa5cb16e23,Restaurant 831,Philadelphia,FL,Italian,40.439026,-117.726896,True,5.0,5.0,0,0.0,0.0,0,,0,,3,3,Average,False,False
764fe58e-7af2-445f-b3be-68a8d8c39bcb,Restaurant 834,Philadelphia,FL,Burgers,39.097426,-83.113984,False,3.0,3.0,0,0.0,0.0,0,,0,,3,3,Average,False,True
e454eb97-b31b-4f23-9ebd-05ac8cb94671,Restaurant 843,Philadelphia,FL,Sushi,43.35738,-84.091,False,5.0,5.0,0,0.0,0.0,0,,0,,3,3,Average,False,True
81a3cfc5-b420-4612-ac89-4a54c17c9c56,Restaurant 844,Philadelphia,FL,Mexican,30.521843,-82.601738,True,4.0,4.0,0,0.0,0.0,0,,0,,3,3,Average,False,False
8c699351-000e-49e1-88ad-735794c14f4d,Restaurant 846,Philadelphia,FL,Coffee & Tea,38.880813,-105.252566,True,1.5,1.5,0,0.0,0.0,0,,0,,3,3,Average,False,False
0fa65205-8c5d-4ada-90b9-010a4535388a,Restaurant 883,Philadelphia,FL,Pizza,44.141267,-108.283185,True,4.0,4.0,0,0.0,0.0,0,,0,,3,3,Average,False,False
12f08fcd-400e-4adc-9d1c-316e091d40cc,Restaurant 884,Philadelphia,FL,Seafood,36.672486,-118.190284,False,1.5,1.5,0,0.0,0.0,0,,0,,3,3,Average,False,True
c579ff1e-293a-4223-95d5-88ace5c735ab,Restaurant 886,Philadelphia,FL,Sushi,43.050153,-85.683004,True,2.0,2.0,0,0.0,0.0,0,,0,,3,3,Average,False,False
2bb317e7-e091-4fe6-be2d-9fdb45841469,Restaurant 893,Philadelphia,FL,Pizza,31.974982,-98.274095,False,2.0,2.0,0,0.0,0.0,0,,0,,3,3,Average,False,True
d7a6ac5b-76e7-49a8-8b22-96ecc6d87db8,Restaurant 894,Philadelphia,FL,Sushi,29.210774,-84.318682,False,1.0,1.0,0,0.0,0.0,0,,0,,3,3,Average,False,True
a35b7abf-877c-47de-9fb8-4e4f6a5feb7c,Restaurant 908,Philadelphia,FL,Italian,47.159918,-87.869641,True,2.5,2.5,0,0.0,0.0,0,,0,,3,3,Average,False,False
4a789bba-853f-45f5-9726-4e9ea0b6e79f,Restaurant 921,Philadelphia,FL,Sushi,36.50749,-115.62376,True,2.5,2.5,0,0.0,0.0,0,,0,,3,3,Average,False,False
e0fb9dda-b0fd-498c-9787-dfb038d347ec,Restaurant 937,Philadelphia,FL,Pizza,32.886707,-104.71435,True,1.0,1.0,0,0.0,0.0,0,,0,,3,3,Average,False,False
a1cbc2ea-701a-4784-9451-680b5e0c6c17,Restaurant 944,Philadelphia,FL,Thai,30.035736,-110.590063,True,2.0,2.0,0,0.0,0.0,0,,0,,3,3,Average,False,False
39dbf42d-5be8-41ad-b8b7-768972c49056,Restaurant 999,Philadelphia,FL,Italian,41.598497,-111.529127,True,2.0,2.0,0,0.0,0.0,0,,0,,3,3,Average,False,False
3ef40cb0-c26a-48d6-8f9f-68c9749de4d9,Restaurant 1030,Philadelphia,FL,Thai,27.561798,-106.286918,False,2.5,2.5,0,0.0,0.0,0,,0,,3,3,Average,False,True
cdb01ba2-c25b-46e3-a648-5cb901536f9f,Restaurant 1034,Philadelphia,FL,Italian,42.182378,-78.297989,False,1.0,1.0,0,0.0,0.0,0,,0,,3,3,Average,False,True
ea297aba-e0df-4f34-b9ca-66bc775e088d,Restaurant 1037,Philadelphia,FL,Chinese,45.984657,-116.244373,False,1.0,1.0,0,0.0,0.0,0,,0,,3,3,Average,False,True
c90e0001-dec8-4c3a-baf7-0a7824246891,Restaurant 1055,Philadelphia,FL,Burgers,41.769401,-101.789174,False,5.0,5.0,0,0.0,0.0,0,,0,,3,3,Average,False,True
d9d30fd4-5078-41a9-ae8e-7c63165001cc,Restaurant 1073,Philadelphia,FL,American (New),25.051389,-90.285295,False,4.0,4.0,0,0.0,0.0,0,,0,,3,3,Average,False,True
6c1e69b9-bebc-4c00-9051-fde5e0e1a429,Restaurant 1091,Philadelphia,FL,Coffee & Tea,31.443665,-91.6413,False,4.0,4.0,0,0.0,0.0,0,,0,,3,3,Average,False,True
8b5d7639-3667-4662-b18f-3a5221c6a54e,Restaurant 1101,Philadelphia,FL,Thai,44.606927,-108.699997,True,3.0,3.0,0,0.0,0.0,0,,0,,3,3,Average,False,False
13215552-218d-449a-8f4e-2a9073b62b1b,Restaurant 1112,Philadelphia,FL,Sushi,46.587763,-92.019955,False,1.0,1.0,0,0.0,0.0,0,,0,,3,3,Average,False,True
11271a62-373e-4b32-9a19-1030b784d989,Restaurant 1120,Philadelphia,FL,Thai,40.219829,-73.691499,True,1.5,1.5,0,0.0,0.0,0,,0,,3,3,Average,False,False
34555eeb-5990-4e9d-a876-c79a0263a3e7,Restaurant 1122,Philadelphia,FL,Chinese,27.080281,-70.287557,False,2.0,2.0,0,0.0,0.0,0,,0,,3,3,Average,False,True
db2bd29f-69b0-4992-adaf-cd163319a3fd,Restaurant 1134,Philadelphia,FL,Seafood,36.994524,-71.214054,False,2.0,2.0,0,0.0,0.0,0,,0,,3,3,Average,False,True
4312c2ac-889b-41a0-819e-abcab6fe4b8e,Restaurant 1137,Philadelphia,FL,Italian,27.401201,-105.05141,True,3.5,3.5,0,0.0,0.0,0,,0,,3,3,Average,False,False
2ab85c9b-b385-4832-9a9e-11f119ce0a10,Restaurant 1139,Philadelphia,FL,Chinese,47.463252,-93.936175,True,4.5,4.5,0,0.0,0.0,0,,0,,3,3,Average,False,False
047e4398-60d7-4fd8-aa6f-5b12eb7704a9,Restaurant 1140,Philadelphia,FL,Chinese,47.552457,-83.657631,True,4.0,4.0,0,0.0,0.0,0,,0,,3,3,Average,False,False
0111a2d0-836e-4645-af9e-cb95f968398a,Restaurant 1190,Philadelphia,FL,Burgers,43.264289,-72.543086,False,4.5,4.5,0,0.0,0.0,0,,0,,3,3,Average,False,True
9f517980-1a5d-47ef-bab6-b81307cd170a,Restaurant 1191,Philadelphia,FL,Chinese,39.326952,-91.598739,False,4.0,4.0,0,0.0,0.0,0,,0,,3,3,Average,False,True
a1fc7ab1-a46d-4922-a458-08cf122abb7c,Restaurant 1201,Philadelphia,FL,Coffee & Tea,32.295362,-105.979654,False,1.5,1.5,0,0.0,0.0,0,,0,,4,4,Strong,False,True
90218675-5376-43e2-8431-b834fd1263af,Restaurant 1205,Philadelphia,FL,Thai,31.065724,-87.164312,True,4.0,4.0,0,0.0,0.0,0,,0,,4,4,Strong,False,False
727747ac-8b3c-4865-82f6-96f3fb870483,Restaurant 1208,Philadelphia,FL,Sushi,41.361772,-105.584467,True,2.5,2.5,0,0.0,0.0,0,,0,,4,4,Strong,False,False
9b3b98f1-ac7d-4c04-bc64-5bc1d8fda416,Restaurant 1219,Philadelphia,FL,Pizza,29.731224,-81.784979,False,3.5,3.5,0,0.0,0.0,0,,0,,4,4,Strong,False,True
c0bf1027-9e1c-4702-9782-f3e09f4267b9,Restaurant 1230,Philadelphia,FL,Coffee & Tea,29.383171,-93.126574,False,3.5,3.5,0,0.0,0.0,0,,0,,4,4,Strong,False,True
3ad7b5ec-0b59-4e8a-b07f-a1c22ea7242b,Restaurant 1237,Philadelphia,FL,Mexican,32.146923,-93.985081,True,3.5,3.5,0,0.0,0.0,0,,0,,4,4,Strong,False,False
f4a7fd62-81da-4d82-935b-1479d26d6b51,Restaurant 1250,Philadelphia,FL,Burgers,40.353317,-72.249972,False,4.5,4.5,0,0.0,0.0,0,,0,,4,4,Strong,False,True
7df9f445-e37b-4d08-bfe8-d24aa32e5cbc,Restaurant 1255,Philadelphia,FL,Seafood,31.967387,-103.33392,False,4.5,4.5,0,0.0,0.0,0,,0,,4,4,Strong,False,True
9b90b1a9-c571-443b-9d73-e81c1adf9bc4,Restaurant 1269,Philadelphia,FL,Pizza,32.694449,-82.939525,False,2.0,2.0,0,0.0,0.0,0,,0,,4,4,Strong,False,True
82310495-df35-4311-9a38-4b263b20a636,Restaurant 1280,Philadelphia,FL,Pizza,30.616733,-75.886184,True,3.5,3.5,0,0.0,0.0,0,,0,,4,4,Strong,False,False
d3b4d713-fe6a-42d2-acd3-6c5f9e2898fb,Restaurant 1294,Philadelphia,FL,Mexican,44.988274,-118.002764,True,2.0,2.0,0,0.0,0.0,0,,0,,4,4,Strong,False,False
9b880db4-6641-42c3-8923-d9c6a5d47cfe,Restaurant 1296,Philadelphia,FL,Seafood,40.60292,-77.838033,True,3.5,3.5,0,0.0,0.0,0,,0,,4,4,Strong,False,False
18842fb1-e4d5-4217-a02d-aa648ecfe758,Restaurant 1319,Philadelphia,FL,Sushi,47.742528,-83.559216,True,2.5,2.5,0,0.0,0.0,0,,0,,4,4,Strong,False,False
255cacbc-32c5-46fd-9212-94b42cc0f927,Restaurant 1324,Philadelphia,FL,Burgers,39.504351,-96.793574,True,1.5,1.5,0,0.0,0.0,0,,0,,4,4,Strong,False,False
a2533c2d-c9e2-4a8e-a1be-6c8753c88f7a,Restaurant 1331,Philadelphia,FL,Coffee & Tea,47.295329,-107.103162,True,4.0,4.0,0,0.0,0.0,0,,0,,4,4,Strong,False,False
c9b59ebc-29cc-4da3-a377-28b6430bbfd1,Restaurant 1333,Philadelphia,FL,Italian,36.67221,-76.060416,False,4.0,4.0,0,0.0,0.0,0,,0,,4,4,Strong,False,True
ce4b693c-7d4a-4bf2-ac47-536b315e6430,Restaurant 1344,Philadelphia,FL,Burgers,35.55483,-119.517643,False,4.5,4.5,0,0.0,0.0,0,,0,,4,4,Strong,False,True
dd76ea3f-771c-4693-8ede-c59c1f02903a,Restaurant 1350,Philadelphia,FL,Mexican,44.189439,-122.991966,False,4.0,4.0,0,0.0,0.0,0,,0,,4,4,Strong,False,True
6ad7ce01-4de8-47a6-82b0-f4a8fb6685d7,Restaurant 1361,Philadelphia,FL,Sushi,39.363522,-102.82024,True,3.0,3.0,0,0.0,0.0,0,,0,,4,4,Strong,False,False
ee63b244-3380-4f3e-8863-a14b28f3db4e,Restaurant 1366,Philadelphia,FL,Coffee & Tea,42.480171,-111.757491,False,4.0,4.0,0,0.0,0.0,0,,0,,4,4,Strong,False,True
6d8e5a88-891a-4930-af83-e6a2bb5e3aae,Restaurant 1367,Philadelphia,FL,Thai,32.290354,-120.699019,False,2.5,2.5,0,0.0,0.0,0,,0,,4,4,Strong,False,True
4c53a8cf-a625-4c95-8616-b668b5fd747d,Restaurant 1379,Philadelphia,FL,Sushi,33.06575,-106.220113,False,1.5,1.5,0,0.0,0.0,0,,0,,4,4,Strong,False,True
0beb9c08-4c03-41cf-adbe-3940b0f89ced,Restaurant 1402,Philadelphia,FL,Thai,33.896757,-79.829874,False,1.0,1.0,0,0.0,0.0,0,,0,,4,4,Strong,False,True
386bba64-0fef-41cf-87bd-8e04c882824d,Restaurant 1409,Philadelphia,FL,Thai,32.76162,-108.712055,False,1.0,1.0,0,0.0,0.0,0,,0,,4,4,Strong,False,True
e8073e07-fe87-4806-9ec3-845a997c094c,Restaurant 1412,Philadelphia,FL,Pizza,47.352614,-87.105442,False,2.5,2.5,0,0.0,0.0,0,,0,,4,4,Strong,False,True
c706b769-e9ea-443d-8435-ab9f3d4eed5a,Restaurant 1418,Philadelphia,FL,Mexican,38.778827,-71.325631,True,3.5,3.5,0,0.0,0.0,0,,0,,4,4,Strong,False,False
4593da83-60cd-428b-b83e-5863f670c3c7,Restaurant 1444,Philadelphia,FL,Coffee & Tea,38.4374,-110.731836,False,5.0,5.0,0,0.0,0.0,0,,0,,4,4,Strong,False,True
ff3f9228-bd89-4d6e-8f00-7793ecfc5f60,Restaurant 1447,Philadelphia,FL,Coffee & Tea,30.15913,-109.692645,False,1.5,1.5,0,0.0,0.0,0,,0,,4,4,Strong,False,True
3cbde401-0a76-450b-ac8f-41d387a33ec6,Restaurant 1456,Philadelphia,FL,Italian,39.515948,-106.924833,False,4.5,4.5,0,0.0,0.0,0,,0,,4,4,Strong,False,True
257e5264-e60d-4735-9b48-3de0a150af45,Restaurant 1463,Philadelphia,FL,Italian,28.33469,-106.645281,False,3.5,3.5,0,0.0,0.0,0,,0,,4,4,Strong,False,True
f3099ab7-eab0-4698-ad89-1282afd6b580,Restaurant 1469,Philadelphia,FL,Sushi,33.497323,-74.201665,True,1.5,1.5,0,0.0,0.0,0,,0,,4,4,Strong,False,False
1edc8afa-0d3f-4d62-a79a-ad57417bd64f,Restaurant 1492,Philadelphia,FL,American (New),39.203766,-79.721211,True,4.0,4.0,0,0.0,0.0,0,,0,,4,4,Strong,False,False
75ad097f-df27-48d0-999b-76a2a3d9a2c1,Restaurant 1498,Philadelphia,FL,Seafood,35.798201,-75.341438,False,2.0,2.0,0,0.0,0.0,0,,0,,4,4,Strong,False,True
437977ee-375b-4715-b879-28419be8e2cb,Restaurant 1501,Philadelphia,FL,Thai,41.790696,-108.439052,False,4.5,4.5,0,0.0,0.0,0,,0,,4,4,Strong,False,True
27df9f59-ff34-4400-86d8-a118ed563a65,Restaurant 1514,Philadelphia,FL,Thai,46.2302,-91.27855,False,1.5,1.5,0,0.0,0.0,0,,0,,4,4,Strong,False,True
0d517b9e-7b23-4590-a10d-57e102ae6bbd,Restaurant 1518,Philadelphia,FL,Italian,27.360081,-90.429985,False,4.5,4.5,0,0.0,0.0,0,,0,,4,4,Strong,False,True
eece958c-fbfd-4ee6-9075-9f40b39e3edb,Restaurant 1546,Philadelphia,FL,Burgers,30.796278,-75.690908,False,1.0,1.0,0,0.0,0.0,0,,0,,4,4,Strong,False,True
829587aa-6cc3-43f8-8912-bcc759a62dac,Restaurant 1552,Philadelphia,FL,Thai,29.080452,-101.330151,True,3.0,3.0,0,0.0,0.0,0,,0,,4,4,Strong,False,False
9cf4773d-2e3b-459e-a74d-2a92d935a146,Restaurant 1554,Philadelphia,FL,Sushi,45.223929,-121.650451,False,5.0,5.0,0,0.0,0.0,0,,0,,4,4,Strong,False,True
0e4ad90d-aaa3-4cb2-b4f9-ef9e683e07ec,Restaurant 1576,Philadelphia,FL,Mexican,42.502754,-103.280157,False,2.5,2.5,0,0.0,0.0,0,,0,,4,5,Strong,False,True
a1d44269-970b-41b1-b744-3e296a8e9068,Restaurant 1610,Philadelphia,FL,Pizza,46.007219,-74.467314,True,1.5,1.5,0,0.0,0.0,0,,0,,5,5,Elite,True,False
2dc597dc-6cbf-49ff-ae63-e328d5eb9fab,Restaurant 1627,Philadelphia,FL,Thai,31.386401,-114.552967,False,4.5,4.5,0,0.0,0.0,0,,0,,5,5,Elite,True,True
4aa0fdac-e877-45b0-9d1b-4f398716e381,Restaurant 1636,Philadelphia,FL,Pizza,33.366997,-82.22324,True,4.5,4.5,0,0.0,0.0,0,,0,,5,5,Elite,True,False
bd4ddf74-8039-4890-ad6d-638b1ec808fc,Restaurant 1640,Philadelphia,FL,Coffee & Tea,25.662888,-89.580645,False,4.0,4.0,0,0.0,0.0,0,,0,,5,5,Elite,True,True
53bb4d12-4e57-460d-83e4-006ff977cdc2,Restaurant 1642,Philadelphia,FL,Chinese,41.244825,-100.066658,True,2.0,2.0,0,0.0,0.0,0,,0,,5,5,Elite,True,False
f4032f1b-36ed-4b36-88cc-bb7054d779b1,Restaurant 1657,Philadelphia,FL,Mexican,35.666935,-89.369345,False,2.5,2.5,0,0.0,0.0,0,,0,,5,5,Elite,True,True
6c1b14ae-3fbc-43eb-a0d7-9e12b5849c22,Restaurant 1667,Philadelphia,FL,Coffee & Tea,29.662069,-110.299356,True,3.0,3.0,0,0.0,0.0,0,,0,,5,5,Elite,True,False
2a22618f-75d0-4c90-b41b-3ad2148cdaa0,Restaurant 1682,Philadelphia,FL,Coffee & Tea,39.242929,-74.424437,True,1.0,1.0,0,0.0,0.0,0,,0,,5,5,Elite,True,False
ce9cdd1e-1f2e-4460-a1fd-81cb914b5145,Restaurant 1695,Philadelphia,FL,Chinese,37.817476,-101.775962,False,1.5,1.5,0,0.0,0.0,0,,0,,5,5,Elite,True,True
331f735b-c7b3-4baf-9fbe-2d65340cc058,Restaurant 1712,Philadelphia,FL,Mexican,40.803378,-105.118218,False,5.0,5.0,0,0.0,0.0,0,,0,,5,5,Elite,True,True
05866ac1-635d-4636-8682-5b28b5aedc85,Restaurant 1730,Philadelphia,FL,Sushi,33.727213,-76.724819,True,1.0,1.0,0,0.0,0.0,0,,0,,5,5,Elite,True,False
ffb016fe-5c94-4b27-8807-f62b064d3ed1,Restaurant 1735,Philadelphia,FL,Mexican,28.427675,-117.210128,True,4.0,4.0,0,0.0,0.0,0,,0,,5,5,Elite,True,False
1816b749-3afa-4271-a0c1-3ec8f5d22052,Restaurant 1736,Philadelphia,FL,Italian,36.971683,-112.25014,True,1.5,1.5,0,0.0,0.0,0,,0,,5,5,Elite,True,False
d9890ea1-fe6c-4e8b-99e7-0d4da31c948a,Restaurant 1738,Philadelphia,FL,Thai,37.280926,-82.151738,True,5.0,5.0,0,0.0,0.0,0,,0,,5,5,Elite,True,False
937b7d2f-92ca-488e-adbb-e206cf356f1a,Restaurant 1745,Philadelphia,FL,Pizza,38.901102,-102.317285,False,4.0,4.0,0,0.0,0.0,0,,0,,5,5,Elite,True,True
7eb68238-8d3a-41cd-bf34-7ea52f78ba9f,Restaurant 1749,Philadelphia,FL,Seafood,26.221745,-99.420082,True,4.0,4.0,0,0.0,0.0,0,,0,,5,5,Elite,True,False
16e7545f-2339-4e04-ba96-f94872584363,Restaurant 1751,Philadelphia,FL,Pizza,28.816744,-70.434524,False,2.0,2.0,0,0.0,0.0,0,,0,,5,5,Elite,True,True
ebb42deb-0250-485d-846a-f81180bfb977,Restaurant 1758,Philadelphia,FL,Sushi,43.10128,-112.949805,True,2.0,2.0,0,0.0,0.0,0,,0,,5,5,Elite,True,False
fe2a4fb5-d947-46d0-8ad1-3337a6b03e9c,Restaurant 1762,Philadelphia,FL,Coffee & Tea,27.449426,-116.861542,True,2.5,2.5,0,0.0,0.0,0,,0,,5,5,Elite,True,False
321c66f8-62f6-434b-b2f7-38b2961dc1a3,Restaurant 1785,Philadelphia,FL,Coffee & Tea,33.985874,-95.919566,True,2.5,2.5,0,0.0,0.0,0,,0,,5,5,Elite,True,False
cce69774-c5bb-4b19-b9f3-cf940572909f,Restaurant 1805,Philadelphia,FL,Thai,43.909785,-108.860178,False,1.5,1.5,0,0.0,0.0,0,,0,,5,5,Elite,True,True
45aee23a-43ec-462c-b45f-fe290bccce34,Restaurant 1807,Philadelphia,FL,Sushi,34.35803,-123.561872,True,3.0,3.0,0,0.0,0.0,0,,0,,5,5,Elite,True,False
4c34dbf0-0d16-429e-910b-9184e99eb21b,Restaurant 1829,Philadelphia,FL,Sushi,31.251679,-88.79384,True,3.0,3.0,0,0.0,0.0,0,,0,,5,5,Elite,True,False
4269178c-f980-47fc-98df-218c8e1f3eff,Restaurant 1860,Philadelphia,FL,American (New),39.298064,-122.664709,True,4.0,4.0,0,0.0,0.0,0,,0,,5,5,Elite,True,False
809f691d-5eb5-4b24-b078-6481e590702b,Restaurant 1864,Philadelphia,FL,Coffee & Tea,43.058218,-104.357096,True,1.0,1.0,0,0.0,0.0,0,,0,,5,5,Elite,True,False
6e46022b-39d2-4802-8f37-7536d98e3cf7,Restaurant 1870,Philadelphia,FL,American (New),31.844495,-123.860984,False,4.0,4.0,0,0.0,0.0,0,,0,,5,5,Elite,True,True
e5e4d693-581c-4fb7-8c50-b303531f6061,Restaurant 1874,Philadelphia,FL,Mexican,43.218157,-77.53037,True,5.0,5.0,0,0.0,0.0,0,,0,,5,5,Elite,True,False
48912f94-667c-4dbc-a3b4-2a97aa167459,Restaurant 1887,Philadelphia,FL,Burgers,30.321039,-95.856131,True,3.5,3.5,0,0.0,0.0,0,,0,,5,5,Elite,True,False
526b3bfe-8dfe-42a9-b414-77dca3bfed64,Restaurant 1889,Philadelphia,FL,Thai,32.766978,-120.779046,False,3.0,3.0,0,0.0,0.0,0,,0,,5,5,Elite,True,True
690b0fda-fa46-4054-88af-7d7262928ddc,Restaurant 1897,Philadelphia,FL,Italian,25.114057,-95.970457,False,4.5,4.5,0,0.0,0.0,0,,0,,5,5,Elite,True,True
f49e282e-324f-4665-bad5-0c064be569bd,Restaurant 1904,Philadelphia,FL,Sushi,42.762889,-76.196387,True,2.5,2.5,0,0.0,0.0,0,,0,,5,5,Elite,True,False
c85587a1-9759-42b2-b91e-a8276768f4d6,Restaurant 1914,Philadelphia,FL,Mexican,31.253733,-75.555335,False,1.0,1.0,0,0.0,0.0,0,,0,,5,5,Elite,True,True
793f5872-537f-4f46-b964-ffe94fb8e587,Restaurant 1920,Philadelphia,FL,Burgers,28.733183,-85.712655,False,4.5,4.5,0,0.0,0.0,0,,0,,5,5,Elite,True,True
9d11ebd1-c487-4786-b35c-fa54ba280537,Restaurant 1923,Philadelphia,FL,Thai,47.31683,-114.085841,True,4.5,4.5,0,0.0,0.0,0,,0,,5,5,Elite,True,False
97fafae4-9a85-42ce-a2c3-16a17ddb99a5,Restaurant 1946,Philadelphia,FL,Seafood,42.945702,-72.0062,False,1.5,1.5,0,0.0,0.0,0,,0,,5,5,Elite,True,True
928682a5-e28f-41f8-8458-3cedd3f04bb8,Restaurant 1959,Philadelphia,FL,Sushi,39.333147,-76.723746,True,5.0,5.0,0,0.0,0.0,0,,0,,5,5,Elite,True,False
aa519685-21e4-41ae-a6d6-612cbf683b76,Restaurant 1989,Philadelphia,FL,Thai,27.809601,-85.136767,True,4.5,4.5,0,0.0,0.0,0,,0,,5,5,Elite,True,False
f0ef8ee6-7277-4770-9b50-0ed3e101c630,Restaurant 1990,Philadelphia,FL,Seafood,46.663662,-93.592596,False,3.0,3.0,0,0.0,0.0,0,,0,,5,5,Elite,True,True
255db5b6-f856-4ad9-902a-b189c60e7ede,Restaurant 11,Philadelphia,IL,Sushi,47.938493,-117.391754,True,4.5,4.5,0,0.0,0.0,0,,0,,1,1,Low,False,False
8b8f0d21-e43f-4f07-ad76-25d9ced2704a,Restaurant 19,Philadelphia,IL,Chinese,45.691124,-100.168262,True,2.5,2.5,0,0.0,0.0,0,,0,,1,1,Low,False,False
1c80a463-faab-45d4-aedb-ec971fe99b2d,Restaurant 21,Philadelphia,IL,Seafood,36.825591,-109.68375,True,4.5,4.5,0,0.0,0.0,0,,0,,1,1,Low,False,False
506dc2e9-bd0e-44b1-942e-6ac94eefce10,Restaurant 37,Philadelphia,IL,Pizza,40.812434,-78.089795,False,5.0,5.0,0,0.0,0.0,0,,0,,1,1,Low,False,True
f0b6842d-4c6d-4075-8029-764725fe7a17,Restaurant 110,Philadelphia,IL,Thai,34.905796,-111.569141,True,4.0,4.0,0,0.0,0.0,0,,0,,1,1,Low,False,False
bdd72c27-fd63-4faa-bccd-d8bcf727cc31,Restaurant 113,Philadelphia,IL,Mexican,31.880548,-72.088401,False,3.0,3.0,0,0.0,0.0,0,,0,,1,1,Low,False,True
18674b04-e930-4893-8bc5-99447b17290a,Restaurant 134,Philadelphia,IL,Seafood,28.411678,-118.059463,False,5.0,5.0,0,0.0,0.0,0,,0,,1,1,Low,False,True
5374d195-e234-4f5c-a788-f5022d0d1bfc,Restaurant 140,Philadelphia,IL,Chinese,38.292126,-113.299366,True,4.5,4.5,0,0.0,0.0,0,,0,,1,1,Low,False,False
f2912ec7-236d-4c2c-a51a-3ddb8c66961f,Restaurant 141,Philadelphia,IL,Seafood,42.53993,-93.4245,True,4.0,4.0,0,0.0,0.0,0,,0,,1,1,Low,False,False
f83ba527-0f70-4f16-a702-acf43ab6b06a,Restaurant 161,Philadelphia,IL,Sushi,38.751375,-81.592519,False,3.5,3.5,0,0.0,0.0,0,,0,,1,1,Low,False,True
a95ded1c-ae9c-497b-84c6-1db2ccfd5e5b,Restaurant 163,Philadelphia,IL,Italian,47.25702,-86.583602,True,4.0,4.0,0,0.0,0.0,0,,0,,1,1,Low,False,False
9999ee1e-a326-4d53-9c17-7f176bd44cab,Restaurant 190,Philadelphia,IL,Chinese,33.805651,-93.801545,False,2.0,2.0,0,0.0,0.0,0,,0,,1,1,Low,False,True
f3bb368a-4f52-4ffd-882c-b84395bdef26,Restaurant 209,Philadelphia,IL,Italian,42.551792,-97.595395,False,5.0,5.0,0,0.0,0.0,0,,0,,1,1,Low,False,True
4fe2aa30-75c1-471f-b82f-1be1c25a005b,Restaurant 215,Philadelphia,IL,Pizza,29.578331,-96.998262,True,5.0,5.0,0,0.0,0.0,0,,0,,1,1,Low,False,False
c5c78217-78a4-48ce-91ab-c3b14ec7a684,Restaurant 216,Philadelphia,IL,Seafood,36.944652,-116.808263,False,5.0,5.0,0,0.0,0.0,0,,0,,1,1,Low,False,True
65a6c396-e722-469f-b0a7-be6c51fcdad2,Restaurant 224,Philadelphia,IL,Mexican,33.148601,-82.540562,False,3.0,3.0,0,0.0,0.0,0,,0,,1,1,Low,False,True
11e9cb99-ac06-4445-9d95-5b358a170b53,Restaurant 228,Philadelphia,IL,American (New),40.087357,-83.896383,False,2.5,2.5,0,0.0,0.0,0,,0,,1,1,Low,False,True
25a0eb54-5208-4418-9d3a-b5c847d45dd5,Restaurant 236,Philadelphia,IL,American (New),38.058968,-83.349449,False,2.0,2.0,0,0.0,0.0,0,,0,,1,1,Low,False,True
c6e03976-ae30-4182-b08d-2cfcd7a10499,Restaurant 240,Philadelphia,IL,Seafood,30.079533,-72.34517,False,4.5,4.5,0,0.0,0.0,0,,0,,1,1,Low,False,True
b42d7de1-3ada-44a9-9689-75bae3bfed7f,Restaurant 246,Philadelphia,IL,Italian,37.446761,-121.68594,True,1.5,1.5,0,0.0,0.0,0,,0,,1,1,Low,False,False
ff23761c-b19c-47b5-835e-fba3c9949a80,Restaurant 254,Philadelphia,IL,Thai,38.752107,-88.010745,False,3.5,3.5,0,0.0,0.0,0,,0,,1,1,Low,False,True
d4b1ec5c-ee6e-49de-8b6e-dea80817b420,Restaurant 259,Philadelphia,IL,Seafood,37.319617,-79.382654,False,1.0,1.0,0,0.0,0.0,0,,0,,1,1,Low,False,True
a4f4d3d8-8ddd-4e50-bd2f-a5e2c874810c,Restaurant 263,Philadelphia,IL,Chinese,45.304675,-99.369776,True,4.5,4.5,0,0.0,0.0,0,,0,,1,1,Low,False,False
fe9048ac-13af-4e1a-875c-64967ba99e8a,Restaurant 266,Philadelphia,IL,Chinese,42.557294,-98.125839,True,4.5,4.5,0,0.0,0.0,0,,0,,1,1,Low,False,False
622bdd6c-92ab-4876-9b72-acc61d286b35,Restaurant 290,Philadelphia,IL,Italian,41.90211,-90.190365,False,2.5,2.5,0,0.0,0.0,0,,0,,1,1,Low,False,True
2c1ad821-4752-464d-8563-3a7497221e4a,Restaurant 291,Philadelphia,IL,Coffee & Tea,46.437545,-114.010997,True,5.0,5.0,0,0.0,0.0,0,,0,,1,1,Low,False,False
0b71697b-203a-4aea-8aae-0b47b0b854a4,Restaurant 301,Philadelphia,IL,American (New),27.515342,-80.997243,True,2.5,2.5,0,0.0,0.0,0,,0,,1,1,Low,False,False
6b6120a4-4640-4e7d-ba88-1d967cdbdec7,Restaurant 302,Philadelphia,IL,Burgers,34.806496,-99.587021,True,4.0,4.0,0,0.0,0.0,0,,0,,1,1,Low,False,False
36b4cfb5-6128-4bdd-91b9-27c60dbffd0d,Restaurant 328,Philadelphia,IL,American (New),45.262747,-117.457889,True,2.0,2.0,0,0.0,0.0,0,,0,,1,1,Low,False,False
82acab3b-09c6-4b99-a338-8fe7ce949381,Restaurant 331,Philadelphia,IL,Pizza,30.699087,-89.545869,False,2.5,2.5,0,0.0,0.0,0,,0,,1,1,Low,False,True
c5c1aadd-b84c-4e29-bbb0-05b644ac798d,Restaurant 369,Philadelphia,IL,Coffee & Tea,25.648751,-86.469156,True,2.0,2.0,0,0.0,0.0,0,,0,,1,1,Low,False,False
4a16d004-97e9-4e4e-86d1-55526e348527,Restaurant 376,Philadelphia,IL,Sushi,30.080591,-93.894736,False,4.5,4.5,0,0.0,0.0,0,,0,,1,1,Low,False,True
959ee339-0172-4d60-94ab-2121e6e90357,Restaurant 377,Philadelphia,IL,Pizza,28.861411,-76.307386,False,1.5,1.5,0,0.0,0.0,0,,0,,1,1,Low,False,True
34215512-7a10-4e42-9120-d6c1f16ec78e,Restaurant 381,Philadelphia,IL,Sushi,46.888229,-120.918978,True,2.0,2.0,0,0.0,0.0,0,,0,,1,1,Low,False,False
96f53180-ba0d-4efa-ac65-3cd978378c18,Restaurant 393,Philadelphia,IL,American (New),27.001631,-94.399969,False,5.0,5.0,0,0.0,0.0,0,,0,,1,1,Low,False,True
c2e01af7-1e19-442c-9672-73cd8160b3cf,Restaurant 396,Philadelphia,IL,Italian,31.075142,-88.986678,True,4.5,4.5,0,0.0,0.0,0,,0,,1,1,Low,False,False
a08778b4-f199-4878-a9bc-54141258d887,Restaurant 409,Philadelphia,IL,Sushi,39.888869,-91.502244,False,3.0,3.0,0,0.0,0.0,0,,0,,2,1,Below Average,False,True
65f435e8-b84b-47e4-9c8e-37391212ec33,Restaurant 413,Philadelphia,IL,Sushi,31.904481,-115.650733,False,5.0,5.0,0,0.0,0.0,0,,0,,2,1,Below Average,False,True
60a373b2-48fe-44a7-b458-e95ce33dcd76,Restaurant 419,Philadelphia,IL,Coffee & Tea,26.334313,-100.137072,True,2.5,2.5,0,0.0,0.0,0,,0,,2,2,Below Average,False,False
f15a9b0f-3e7f-495a-84b1-132b58f43c4c,Restaurant 424,Philadelphia,IL,Mexican,33.26277,-114.636568,True,4.0,4.0,0,0.0,0.0,0,,0,,2,2,Below Average,False,False
76b67972-40ae-45c1-9920-00c0725d6cc3,Restaurant 435,Philadelphia,IL,Coffee & Tea,27.618136,-102.986238,False,4.5,4.5,0,0.0,0.0,0,,0,,2,2,Below Average,False,True
a2d81c0b-bb4e-4aac-9d58-c0f9a40be091,Restaurant 445,Philadelphia,IL,Chinese,43.78154,-78.562541,False,3.5,3.5,0,0.0,0.0,0,,0,,2,2,Below Average,False,True
9b1395d2-cc4f-4a89-bf84-a93bf4a50303,Restaurant 447,Philadelphia,IL,Italian,26.052897,-115.971455,True,2.0,2.0,0,0.0,0.0,0,,0,,2,2,Below Average,False,False
71d95d5b-32f4-4064-85cc-cb16e68650c4,Restaurant 483,Philadelphia,IL,Burgers,47.049155,-115.724827,True,3.5,3.5,0,0.0,0.0,0,,0,,2,2,Below Average,False,False
16409aa4-e312-4c5a-959e-8146e2477e04,Restaurant 484,Philadelphia,IL,Chinese,40.630344,-106.764038,False,4.5,4.5,0,0.0,0.0,0,,0,,2,2,Below Average,False,True
2ba2ff21-347b-49bb-b990-6a12a95ec868,Restaurant 508,Philadelphia,IL,Seafood,28.559907,-89.163324,False,3.0,3.0,0,0.0,0.0,0,,0,,2,2,Below Average,False,True
a2549609-6fce-4da8-a1f0-ab36a0bb418e,Restaurant 513,Philadelphia,IL,Seafood,39.007664,-85.152791,False,4.0,4.0,0,0.0,0.0,0,,0,,2,2,Below Average,False,True
59e4c33d-eed6-458b-8eab-83eebb13bb2f,Restaurant 530,Philadelphia,IL,Seafood,25.27186,-113.408619,False,1.5,1.5,0,0.0,0.0,0,,0,,2,2,Below Average,False,True
efae2109-2736-4117-b72d-d925773f5a10,Restaurant 535,Philadelphia,IL,Thai,31.900786,-94.082385,True,1.0,1.0,0,0.0,0.0,0,,0,,2,2,Below Average,False,False
612c34b0-b141-44a5-9136-88b99f4cd6cc,Restaurant 565,Philadelphia,IL,Burgers,43.136922,-83.381636,True,4.5,4.5,0,0.0,0.0,0,,0,,2,2,Below Average,False,False
12ff7c81-fe8d-43d2-ade5-cacbf0af4d8f,Restaurant 574,Philadelphia,IL,American (New),42.099981,-76.026316,False,3.5,3.5,0,0.0,0.0,0,,0,,2,2,Below Average,False,True
3a446fdf-2621-4812-9dfc-c9738f3793fb,Restaurant 577,Philadelphia,IL,American (New),35.550574,-88.41167,True,1.5,1.5,0,0.0,0.0,0,,0,,2,2,Below Average,False,False
760f6890-2044-41b9-b947-962c881cb90f,Restaurant 579,Philadelphia,IL,Seafood,42.57624,-101.317656,True,3.5,3.5,0,0.0,0.0,0,,0,,2,2,Below Average,False,False
1d1688e0-de22-483b-aaf1-c0268cb69643,Restaurant 604,Philadelphia,IL,Burgers,40.10943,-120.171274,True,4.0,4.0,0,0.0,0.0,0,,0,,2,2,Below Average,False,False
0980c6d3-0c36-4ac1-ba2c-ea460522eaa5,Restaurant 608,Philadelphia,IL,Sushi,47.107512,-108.315854,True,3.0,3.0,0,0.0,0.0,0,,0,,2,2,Below Average,False,False
11a7a9f4-9568-4a5a-a1d3-1916bbe63ee9,Restaurant 613,Philadelphia,IL,Chinese,45.414499,-101.484437,False,1.0,1.0,0,0.0,0.0,0,,0,,2,2,Below Average,False,True
5109fef4-02bc-492d-9978-dc92e48e1b22,Restaurant 628,Philadelphia,IL,Burgers,27.141905,-108.538804,True,3.5,3.5,0,0.0,0.0,0,,0,,2,2,Below Average,False,False
2b3fecea-43fe-49cc-b93a-a7dda66215c2,Restaurant 634,Philadelphia,IL,Sushi,43.539001,-113.321414,False,2.5,2.5,0,0.0,0.0,0,,0,,2,2,Below Average,False,True
873d9f00-78ab-4a0e-982c-83392b4ce873,Restaurant 639,Philadelphia,IL,American (New),26.5229,-116.78823,False,1.0,1.0,0,0.0,0.0,0,,0,,2,2,Below Average,False,True
bdb64cfd-5f02-4720-a2e6-a2d6c52fcd30,Restaurant 642,Philadelphia,IL,Coffee & Tea,42.889179,-74.765538,True,4.5,4.5,0,0.0,0.0,0,,0,,2,2,Below Average,False,False
40221369-b738-497f-b378-a69f46ef17ef,Restaurant 661,Philadelphia,IL,Thai,39.83475,-121.618478,True,2.5,2.5,0,0.0,0.0,0,,0,,2,2,Below Average,False,False
7ee91a5f-eef1-441e-825d-9091d5ee78f8,Restaurant 672,Philadelphia,IL,Coffee & Tea,38.346182,-72.104424,False,1.5,1.5,0,0.0,0.0,0,,0,,2,2,Below Average,False,True
134b54ea-ef07-4b79-a0dd-71709175c22e,Restaurant 674,Philadelphia,IL,Burgers,42.906124,-99.212215,False,5.0,5.0,0,0.0,0.0,0,,0,,2,2,Below Average,False,True
1ef06c79-f04d-4de2-987a-32f006d45dbd,Restaurant 702,Philadelphia,IL,American (New),32.767528,-85.344341,True,4.0,4.0,0,0.0,0.0,0,,0,,2,2,Below Average,False,False
d0314ecf-fb8d-432b-9100-f2703c6a5e96,Restaurant 734,Philadelphia,IL,Coffee & Tea,35.405445,-97.420245,False,1.5,1.5,0,0.0,0.0,0,,0,,2,2,Below Average,False,True
b1459b3d-b2fe-422c-bbf6-96852963053d,Restaurant 739,Philadelphia,IL,Coffee & Tea,39.859178,-107.053147,False,5.0,5.0,0,0.0,0.0,0,,0,,2,2,Below Average,False,True
912359bb-d1d0-46a5-9f98-ec8634fe780d,Restaurant 743,Philadelphia,IL,Chinese,29.718573,-86.107609,True,3.5,3.5,0,0.0,0.0,0,,0,,2,2,Below Average,False,False
4a77f9a0-99c0-4cf3-8c65-2c3011605293,Restaurant 745,Philadelphia,IL,Coffee & Tea,25.098769,-84.382776,False,5.0,5.0,0,0.0,0.0,0,,0,,2,2,Below Average,False,True
e039b276-dd6a-45cb-aeb7-f89d959e09e6,Restaurant 748,Philadelphia,IL,Mexican,38.987478,-114.266764,False,5.0,5.0,0,0.0,0.0,0,,0,,2,2,Below Average,False,True
2e38ce3c-b0d2-4aff-9fda-d3dbe6660adc,Restaurant 750,Philadelphia,IL,Burgers,38.91679,-73.112881,True,3.5,3.5,0,0.0,0.0,0,,0,,2,2,Below Average,False,False
44cce9c2-c69f-4189-af0f-4f27c14ee47e,Restaurant 761,Philadelphia,IL,American (New),39.633684,-72.4664,False,1.0,1.0,0,0.0,0.0,0,,0,,2,2,Below Average,False,True
a783cabb-e29c-4aaa-bb1f-4629323c73c3,Restaurant 763,Philadelphia,IL,Thai,43.397176,-110.069756,False,3.5,3.5,0,0.0,0.0,0,,0,,2,2,Below Average,False,True
d0c6187b-dadf-445d-8035-ca1e91152b63,Restaurant 808,Philadelphia,IL,Burgers,31.853521,-121.503007,True,4.0,4.0,0,0.0,0.0,0,,0,,3,2,Average,False,False
fcf1ec7f-be2d-45ab-affe-713d23895f97,Restaurant 822,Philadelphia,IL,American (New),34.050366,-104.247398,True,2.5,2.5,0,0.0,0.0,0,,0,,3,2,Average,False,False
f47ce588-6039-4256-85f8-1927fd7cd776,Restaurant 835,Philadelphia,IL,Thai,42.564535,-116.680439,True,4.5,4.5,0,0.0,0.0,0,,0,,3,2,Average,False,False
bbf2eff2-b25a-4e86-8cf8-d9d5f33534b7,Restaurant 838,Philadelphia,IL,Seafood,29.685875,-109.373595,False,2.0,2.0,0,0.0,0.0,0,,0,,3,2,Average,False,True
b7d63fff-2319-4f69-a5f6-25bc305dda22,Restaurant 841,Philadelphia,IL,Seafood,25.664114,-99.687175,False,4.5,4.5,0,0.0,0.0,0,,0,,3,3,Average,False,True
d38ee1ab-075b-42b8-aa55-b0da6885d7de,Restaurant 842,Philadelphia,IL,Mexican,40.091973,-72.700722,True,3.5,3.5,0,0.0,0.0,0,,0,,3,3,Average,False,False
18e6296a-4994-49ab-8f09-996ad7445019,Restaurant 854,Philadelphia,IL,Thai,41.654178,-83.345515,False,4.5,4.5,0,0.0,0.0,0,,0,,3,3,Average,False,True
fc933664-2241-4421-a7ec-120266e153dc,Restaurant 866,Philadelphia,IL,Coffee & Tea,43.394366,-78.550779,True,2.5,2.5,0,0.0,0.0,0,,0,,3,3,Average,False,False
6c0241bb-1bed-4818-91f3-cf4596b5e0cb,Restaurant 870,Philadelphia,IL,American (New),42.6956,-82.644781,True,5.0,5.0,0,0.0,0.0,0,,0,,3,3,Average,False,False
734b7915-f4bd-4fb5-b71f-78b73b81fb9e,Restaurant 902,Philadelphia,IL,Italian,29.151684,-123.676868,False,5.0,5.0,0,0.0,0.0,0,,0,,3,3,Average,False,True
d7ef7662-a859-44a0-b209-c2b4f7d820ac,Restaurant 915,Philadelphia,IL,Pizza,29.84435,-72.255403,True,3.5,3.5,0,0.0,0.0,0,,0,,3,3,Average,False,False
2f4330c2-e288-4198-9c27-0265241ee099,Restaurant 919,Philadelphia,IL,Coffee & Tea,27.06923,-91.260651,True,3.0,3.0,0,0.0,0.0,0,,0,,3,3,Average,False,False
b81bc656-ce56-4894-a2f3-c4cff32c84da,Restaurant 926,Philadelphia,IL,Mexican,45.242265,-80.57799,True,2.5,2.5,0,0.0,0.0,0,,0,,3,3,Average,False,False
49b12efa-709b-4020-bc9b-4a0716ced325,Restaurant 940,Philadelphia,IL,Coffee & Tea,31.891527,-106.925952,True,1.5,1.5,0,0.0,0.0,0,,0,,3,3,Average,False,False
254e57ad-98bf-4188-af52-4da5128ae0d8,Restaurant 960,Philadelphia,IL,Burgers,46.753745,-79.797628,True,1.0,1.0,0,0.0,0.0,0,,0,,3,3,Average,False,False
3cf1b0e6-4f16-43b8-bd9a-4a17b34ea3c5,Restaurant 962,Philadelphia,IL,Coffee & Tea,34.862238,-73.193862,False,4.0,4.0,0,0.0,0.0,0,,0,,3,3,Average,False,True
214cee5b-c728-4f8c-81a6-4e0a2f4ef7fa,Restaurant 984,Philadelphia,IL,Mexican,29.599671,-124.117886,False,1.0,1.0,0,0.0,0.0,0,,0,,3,3,Average,False,True
f114d0ea-93a1-474c-9328-a6417d0c40d8,Restaurant 1019,Philadelphia,IL,Burgers,40.68278,-106.13074,False,3.5,3.5,0,0.0,0.0,0,,0,,3,3,Average,False,True
ffcd3139-e220-49e4-a08c-f7ca6318fce9,Restaurant 1027,Philadelphia,IL,Thai,42.625103,-112.879318,True,3.0,3.0,0,0.0,0.0,0,,0,,3,3,Average,False,False
1563e5fc-342a-4b9b-b43d-1a6dafe192ec,Restaurant 1032,Philadelphia,IL,Pizza,46.480279,-118.053095,False,2.5,2.5,0,0.0,0.0,0,,0,,3,3,Average,False,True
bc10c0bd-1da3-4938-992d-f59c629f616c,Restaurant 1041,Philadelphia,IL,Thai,27.3448,-81.797541,False,2.0,2.0,0,0.0,0.0,0,,0,,3,3,Average,False,True
733590bb-090e-4d8f-9cdd-ac6e653f487d,Restaurant 1045,Philadelphia,IL,Pizza,27.760009,-120.454966,True,4.5,4.5,0,0.0,0.0,0,,0,,3,3,Average,False,False
9fd1ac32-40ee-4ecb-8c0d-52de3e07c3eb,Restaurant 1058,Philadelphia,IL,Sushi,33.715664,-71.979026,False,2.5,2.5,0,0.0,0.0,0,,0,,3,3,Average,False,True
d1a86b12-c280-4734-9e0b-ac7a5b04ce18,Restaurant 1072,Philadelphia,IL,Coffee & Tea,30.7446,-95.348421,False,1.5,1.5,0,0.0,0.0,0,,0,,3,3,Average,False,True
ffd4b710-56ad-4938-b2f8-26b8892b5de1,Restaurant 1092,Philadelphia,IL,Chinese,27.565158,-88.207885,False,5.0,5.0,0,0.0,0.0,0,,0,,3,3,Average,False,True
43966979-b6ad-45d5-b8a6-410202070bec,Restaurant 1136,Philadelphia,IL,Burgers,39.763489,-79.501048,False,2.0,2.0,0,0.0,0.0,0,,0,,3,3,Average,False,True
a3696229-b9e6-4ba1-bded-313c5b62dac3,Restaurant 1141,Philadelphia,IL,American (New),41.161107,-119.644109,True,4.0,4.0,0,0.0,0.0,0,,0,,3,3,Average,False,False
455d213c-54a2-4739-92a9-96d4c7643fe1,Restaurant 1148,Philadelphia,IL,Italian,27.052273,-115.144756,False,4.5,4.5,0,0.0,0.0,0,,0,,3,3,Average,False,True
c77a9eff-6cb6-40be-940f-fbcde486ad4e,Restaurant 1166,Philadelphia,IL,Coffee & Tea,44.048275,-101.578294,True,3.5,3.5,0,0.0,0.0,0,,0,,3,3,Average,False,False
2f55359a-8202-4e1f-b58c-ee9217f02110,Restaurant 1167,Philadelphia,IL,Burgers,37.713332,-116.053857,False,4.0,4.0,0,0.0,0.0,0,,0,,3,3,Average,False,True
1d77fe73-da38-45a4-be9c-e753a6ad9f2a,Restaurant 1195,Philadelphia,IL,Burgers,35.703662,-81.261832,True,2.5,2.5,0,0.0,0.0,0,,0,,3,3,Average,False,False
f30cb14b-c0ba-464c-b244-2ba085abedcf,Restaurant 1204,Philadelphia,IL,Sushi,47.759996,-73.62393,True,1.0,1.0,0,0.0,0.0,0,,0,,4,3,Strong,False,False
26ad685f-907b-44ce-857e-74e92833aa77,Restaurant 1225,Philadelphia,IL,Chinese,30.918809,-98.242868,True,3.5,3.5,0,0.0,0.0,0,,0,,4,3,Strong,False,False
845f5562-23c6-4e09-934a-971cec1f0dc6,Restaurant 1226,Philadelphia,IL,American (New),42.814105,-77.867411,False,4.5,4.5,0,0.0,0.0,0,,0,,4,3,Strong,False,True
9e8cd1db-3511-4b5a-b6c3-2e73785994b8,Restaurant 1231,Philadelphia,IL,American (New),27.534383,-124.541582,True,2.0,2.0,0,0.0,0.0,0,,0,,4,3,Strong,False,False
fb8c4ace-7c87-4089-ba7e-d409c066633f,Restaurant 1234,Philadelphia,IL,American (New),44.184531,-122.255387,False,2.0,2.0,0,0.0,0.0,0,,0,,4,3,Strong,False,True
7f34527e-447a-4374-b70b-bac185e5df0e,Restaurant 1258,Philadelphia,IL,Burgers,47.570553,-80.529448,True,2.5,2.5,0,0.0,0.0,0,,0,,4,3,Strong,False,False
e89c952e-f53a-4a95-8d06-81a38fcefb4a,Restaurant 1275,Philadelphia,IL,Seafood,32.89189,-74.506228,True,2.5,2.5,0,0.0,0.0,0,,0,,4,3,Strong,False,False
24491355-10f3-4e66-a703-ddd3186c5d7d,Restaurant 1286,Philadelphia,IL,Pizza,45.931242,-83.503706,True,3.5,3.5,0,0.0,0.0,0,,0,,4,3,Strong,False,False
04f7ef18-da41-42e9-bea1-4497da753c6f,Restaurant 1290,Philadelphia,IL,Seafood,34.075828,-91.144901,False,3.5,3.5,0,0.0,0.0,0,,0,,4,3,Strong,False,True
9313418d-e24c-41e7-849b-bafad31bd437,Restaurant 1297,Philadelphia,IL,Mexican,26.78202,-100.590302,True,5.0,5.0,0,0.0,0.0,0,,0,,4,3,Strong,False,False
707ea155-8c27-4895-887f-cc2a373d80ab,Restaurant 1299,Philadelphia,IL,Italian,43.127783,-106.575782,False,4.0,4.0,0,0.0,0.0,0,,0,,4,3,Strong,False,True
78590026-8f64-4419-a78f-f260c507cac9,Restaurant 1308,Philadelphia,IL,Mexican,26.874637,-101.843758,False,2.0,2.0,0,0.0,0.0,0,,0,,4,4,Strong,False,True
e2296c9b-f89e-475d-9a59-034adf43d332,Restaurant 1323,Philadelphia,IL,American (New),42.118383,-112.765702,True,1.5,1.5,0,0.0,0.0,0,,0,,4,4,Strong,False,False
19a49a56-3150-4fc8-b518-3304be7ca61c,Restaurant 1335,Philadelphia,IL,American (New),43.826065,-108.031914,True,4.0,4.0,0,0.0,0.0,0,,0,,4,4,Strong,False,False
5e854b00-0ee9-4543-a38f-29818955e30d,Restaurant 1337,Philadelphia,IL,Chinese,42.637367,-94.59082,True,1.0,1.0,0,0.0,0.0,0,,0,,4,4,Strong,False,False
fc6d75f1-ff5a-42ed-9382-698b9497b603,Restaurant 1365,Philadelphia,IL,Coffee & Tea,45.606927,-122.129595,False,5.0,5.0,0,0.0,0.0,0,,0,,4,4,Strong,False,True
cff41663-e334-4383-849a-7a481a1290d8,Restaurant 1376,Philadelphia,IL,American (New),44.509291,-107.593584,False,2.0,2.0,0,0.0,0.0,0,,0,,4,4,Strong,False,True
1512a1a3-d6d5-4b47-9cae-ecec080df9a9,Restaurant 1388,Philadelphia,IL,Chinese,37.966697,-88.793236,True,1.0,1.0,0,0.0,0.0,0,,0,,4,4,Strong,False,False
d3e9bfeb-8bae-45a0-9399-9eaf3360b899,Restaurant 1397,Philadelphia,IL,Coffee & Tea,35.828416,-87.226746,False,2.5,2.5,0,0.0,0.0,0,,0,,4,4,Strong,False,True
53fafbe5-9e9c-4858-bd91-f24f58dd5e90,Restaurant 1400,Philadelphia,IL,Thai,36.533486,-124.912465,True,4.0,4.0,0,0.0,0.0,0,,0,,4,4,Strong,False,False
862edc87-f5ee-4d0e-a3b6-17a0a1782b73,Restaurant 1410,Philadelphia,IL,Chinese,25.402937,-107.14521,True,1.0,1.0,0,0.0,0.0,0,,0,,4,4,Strong,False,False
886d3173-b38f-4641-a0bf-021f3d891956,Restaurant 1413,Philadelphia,IL,Chinese,25.88061,-91.485558,True,1.5,1.5,0,0.0,0.0,0,,0,,4,4,Strong,False,False
0fb40207-a866-49d4-95e5-d4664388bad0,Restaurant 1419,Philadelphia,IL,Seafood,26.465617,-109.169278,False,4.5,4.5,0,0.0,0.0,0,,0,,4,4,Strong,False,True
f4f803e7-29ba-47bf-abd8-b912eae3ed21,Restaurant 1442,Philadelphia,IL,Italian,32.053243,-85.628982,False,3.0,3.0,0,0.0,0.0,0,,0,,4,4,Strong,False,True
96c0a565-b7dc-4a43-8927-a3d84edc7bfa,Restaurant 1445,Philadelphia,IL,Burgers,28.585168,-78.106424,False,3.5,3.5,0,0.0,0.0,0,,0,,4,4,Strong,False,True
af892821-33c1-485d-b27d-d704d884d8ad,Restaurant 1453,Philadelphia,IL,Mexican,26.680255,-98.693553,False,4.5,4.5,0,0.0,0.0,0,,0,,4,4,Strong,False,True
db01cdbc-bb60-453b-87f1-a3da8a848d26,Restaurant 1462,Philadelphia,IL,Italian,47.566551,-89.058015,True,4.0,4.0,0,0.0,0.0,0,,0,,4,4,Strong,False,False
8a7129e1-d5e2-4929-be01-7f0a25f4598c,Restaurant 1466,Philadelphia,IL,Seafood,43.191159,-107.087318,True,5.0,5.0,0,0.0,0.0,0,,0,,4,4,Strong,False,False
dc7df643-0adc-43b4-84e2-710c71aaa757,Restaurant 1471,Philadelphia,IL,Pizza,37.571458,-88.662007,False,5.0,5.0,0,0.0,0.0,0,,0,,4,4,Strong,False,True
991ae128-c5ba-4256-9ee1-09e8e2629b74,Restaurant 1476,Philadelphia,IL,American (New),26.543518,-120.844609,True,1.5,1.5,0,0.0,0.0,0,,0,,4,4,Strong,False,False
e3318012-c473-4418-ae10-5a95862630dd,Restaurant 1481,Philadelphia,IL,Sushi,28.50991,-82.48544,True,2.5,2.5,0,0.0,0.0,0,,0,,4,4,Strong,False,False
f3acf22c-eb53-4b3f-9276-da8c05f217ba,Restaurant 1483,Philadelphia,IL,Mexican,40.137842,-113.906421,False,2.0,2.0,0,0.0,0.0,0,,0,,4,4,Strong,False,True
4910564f-201e-430b-8ad2-0bcdfb65c859,Restaurant 1484,Philadelphia,IL,Pizza,28.15818,-75.56162,False,4.5,4.5,0,0.0,0.0,0,,0,,4,4,Strong,False,True
a09eb8b8-1c92-4a60-920e-5dd1efdf7c90,Restaurant 1488,Philadelphia,IL,Burgers,30.871544,-118.84042,True,4.5,4.5,0,0.0,0.0,0,,0,,4,4,Strong,False,False
09d6e93f-fe75-44af-a295-ba67d972c28a,Restaurant 1506,Philadelphia,IL,Sushi,42.756179,-99.90262,False,1.5,1.5,0,0.0,0.0,0,,0,,4,4,Strong,False,True
8ce4a06e-47fe-476b-ae4a-bb74b8edca49,Restaurant 1523,Philadelphia,IL,Mexican,25.297301,-85.779741,False,4.5,4.5,0,0.0,0.0,0,,0,,4,4,Strong,False,True
51d1ccdf-f80e-4399-bf59-2aba16961341,Restaurant 1526,Philadelphia,IL,Chinese,40.470016,-75.291572,True,4.0,4.0,0,0.0,0.0,0,,0,,4,4,Strong,False,False
ca49b516-9e43-41ec-a7dc-23edd5251c39,Restaurant 1529,Philadelphia,IL,Pizza,32.913144,-71.453124,False,2.5,2.5,0,0.0,0.0,0,,0,,4,4,Strong,False,True
f1403c9b-1fc5-427d-a9f2-121f8bcd4ab1,Restaurant 1533,Philadelphia,IL,Pizza,43.535642,-75.732087,False,2.0,2.0,0,0.0,0.0,0,,0,,4,4,Strong,False,True
666b1ea2-af12-4958-8204-e318b1b1b8e1,Restaurant 1536,Philadelphia,IL,Chinese,28.059743,-103.811791,True,3.0,3.0,0,0.0,0.0,0,,0,,4,4,Strong,False,False
91f17179-ff9b-459d-a303-de02aa2c9bc2,Restaurant 1541,Philadelphia,IL,Sushi,45.701216,-73.469281,False,3.5,3.5,0,0.0,0.0,0,,0,,4,4,Strong,False,True
aff84c9d-000d-4524-9fe0-567471ef54f2,Restaurant 1542,Philadelphia,IL,American (New),43.297813,-93.157284,False,1.5,1.5,0,0.0,0.0,0,,0,,4,4,Strong,False,True
dba4f0f7-c651-4824-b536-6c941283b1fe,Restaurant 1557,Philadelphia,IL,Coffee & Tea,29.069351,-100.761633,True,2.0,2.0,0,0.0,0.0,0,,0,,4,4,Strong,False,False
dbdffc7a-12ce-4d07-bbdd-d212be6cb1ae,Restaurant 1561,Philadelphia,IL,Chinese,30.507381,-80.032797,True,2.5,2.5,0,0.0,0.0,0,,0,,4,4,Strong,False,False
8e7e3077-a2f9-4fb5-8ad6-309d993d9fcd,Restaurant 1571,Philadelphia,IL,Seafood,26.029406,-117.208182,False,2.5,2.5,0,0.0,0.0,0,,0,,4,4,Strong,False,True
3751af7e-3a48-4e9e-a5a8-ccdf68b37952,Restaurant 1589,Philadelphia,IL,Coffee & Tea,46.663265,-101.837264,False,4.0,4.0,0,0.0,0.0,0,,0,,4,4,Strong,False,True
38fd088b-2bcb-49ca-bf98-395bb4b88bb6,Restaurant 1597,Philadelphia,IL,Chinese,29.669163,-116.716838,True,2.5,2.5,0,0.0,0.0,0,,0,,4,4,Strong,False,False
70dc4f52-a00b-4863-90d5-181b76f7f68a,Restaurant 1604,Philadelphia,IL,Italian,47.622131,-97.788756,False,4.0,4.0,0,0.0,0.0,0,,0,,5,4,Elite,True,True
8e49de75-8b4d-4bca-9150-9c2acaff0992,Restaurant 1607,Philadelphia,IL,Italian,25.721598,-77.037799,True,1.0,1.0,0,0.0,0.0,0,,0,,5,4,Elite,True,False
104bfc7d-e0e1-4a55-b0c4-620559dc3536,Restaurant 1621,Philadelphia,IL,Chinese,42.74188,-74.703783,False,1.5,1.5,0,0.0,0.0,0,,0,,5,5,Elite,True,True
c013315b-5dbe-4159-85f6-96a0bf6d3a3f,Restaurant 1622,Philadelphia,IL,Mexican,33.520198,-108.486405,True,4.5,4.5,0,0.0,0.0,0,,0,,5,5,Elite,True,False
84776242-c7c3-47f0-8425-3244be83c12d,Restaurant 1631,Philadelphia,IL,Mexican,47.319906,-121.528125,False,4.5,4.5,0,0.0,0.0,0,,0,,5,5,Elite,True,True
bd7f3331-00ab-4876-9f44-67a258eff00b,Restaurant 1632,Philadelphia,IL,Seafood,45.933361,-75.359526,False,4.5,4.5,0,0.0,0.0,0,,0,,5,5,Elite,True,True
6bbce551-39a2-47bb-9a94-2f15b8905265,Restaurant 1637,Philadelphia,IL,Chinese,36.098722,-116.963389,False,3.0,3.0,0,0.0,0.0,0,,0,,5,5,Elite,True,True
ade633a8-982c-4ef1-bbf6-dcdc8ad1ca4d,Restaurant 1671,Philadelphia,IL,Chinese,28.395563,-88.003813,False,4.5,4.5,0,0.0,0.0,0,,0,,5,5,Elite,True,True
9f803fa6-7a21-4d7e-9b7f-c4c638c27b16,Restaurant 1683,Philadelphia,IL,Burgers,30.88299,-98.952138,True,4.0,4.0,0,0.0,0.0,0,,0,,5,5,Elite,True,False
98a248b0-a39d-4ca9-9bac-f0d321f78b27,Restaurant 1703,Philadelphia,IL,Burgers,44.04344,-102.648469,False,4.0,4.0,0,0.0,0.0,0,,0,,5,5,Elite,True,True
340ac7e4-b010-449a-b089-73707ad5dcc4,Restaurant 1750,Philadelphia,IL,Chinese,37.686955,-122.771157,False,4.5,4.5,0,0.0,0.0,0,,0,,5,5,Elite,True,True
6c5da0ab-aed4-4d3b-b115-28663e5752a7,Restaurant 1753,Philadelphia,IL,Coffee & Tea,32.510527,-104.761786,True,5.0,5.0,0,0.0,0.0,0,,0,,5,5,Elite,True,False
829581db-133a-4308-b9f1-be8420365389,Restaurant 1759,Philadelphia,IL,Chinese,41.742204,-104.533599,False,4.5,4.5,0,0.0,0.0,0,,0,,5,5,Elite,True,True
14ec3205-bfb5-4268-91de-7596fb57f2e0,Restaurant 1781,Philadelphia,IL,Sushi,44.967079,-114.882096,False,2.0,2.0,0,0.0,0.0,0,,0,,5,5,Elite,True,True
61393ab1-25bf-4281-9b35-eff55f0ed03b,Restaurant 1782,Philadelphia,IL,Italian,25.966586,-117.281246,False,5.0,5.0,0,0.0,0.0,0,,0,,5,5,Elite,True,True
a916af62-8411-4776-bcae-f5188dbc62ef,Restaurant 1799,Philadelphia,IL,Thai,43.231302,-101.217915,True,5.0,5.0,0,0.0,0.0,0,,0,,5,5,Elite,True,False
73eb2659-3e0e-4f8a-828b-87772c5e713f,Restaurant 1813,Philadelphia,IL,Chinese,37.465181,-110.464476,True,5.0,5.0,0,0.0,0.0,0,,0,,5,5,Elite,True,False
b9e6336b-3237-4308-849b-dd709625434a,Restaurant 1823,Philadelphia,IL,Italian,45.008875,-77.803753,False,2.5,2.5,0,0.0,0.0,0,,0,,5,5,Elite,True,True
4c2b9abf-bdc0-4c0b-a733-764baa4400b7,Restaurant 1873,Philadelphia,IL,Coffee & Tea,37.499792,-114.717458,True,2.5,2.5,0,0.0,0.0,0,,0,,5,5,Elite,True,False
cb0eb21c-b9c4-4235-9370-77861005de7b,Restaurant 1875,Philadelphia,IL,Thai,37.790077,-97.446659,False,2.0,2.0,0,0.0,0.0,0,,0,,5,5,Elite,True,True
32fc6be9-ccc3-4aa3-8a0a-01da90f0ae88,Restaurant 1894,Philadelphia,IL,Chinese,27.298752,-115.347051,False,2.5,2.5,0,0.0,0.0,0,,0,,5,5,Elite,True,True
db7f1a46-58b9-4624-bc5a-5cc4877ee3a1,Restaurant 1903,Philadelphia,IL,Seafood,33.834273,-72.643567,False,2.5,2.5,0,0.0,0.0,0,,0,,5,5,Elite,True,True
f7d1c74d-5dd5-4c7e-9502-f8530536c11f,Restaurant 1908,Philadelphia,IL,Italian,30.611121,-72.746406,True,2.0,2.0,0,0.0,0.0,0,,0,,5,5,Elite,True,False
4333fa1b-4926-4f83-ae6f-564fc51742a8,Restaurant 1909,Philadelphia,IL,Chinese,45.407503,-118.52071,False,2.0,2.0,0,0.0,0.0,0,,0,,5,5,Elite,True,True
fe7459d7-339c-4063-99c9-914c12e7ca1e,Restaurant 1924,Philadelphia,IL,American (New),29.660227,-74.629934,False,4.0,4.0,0,0.0,0.0,0,,0,,5,5,Elite,True,True
f7891691-a053-476b-b33a-28fcc2830410,Restaurant 1935,Philadelphia,IL,Burgers,38.165783,-100.26962,False,1.0,1.0,0,0.0,0.0,0,,0,,5,5,Elite,True,True
4ac9833b-19af-441a-8d9a-93564c36cbaf,Restaurant 1938,Philadelphia,IL,Chinese,40.49931,-120.259598,True,4.0,4.0,0,0.0,0.0,0,,0,,5,5,Elite,True,False
d38bf655-d7b9-4555-8069-4f5e59943d61,Restaurant 1944,Philadelphia,IL,Chinese,39.399514,-97.08558,True,1.0,1.0,0,0.0,0.0,0,,0,,5,5,Elite,True,False
f0da3a71-699c-4d88-b52d-e8088d3efa72,Restaurant 1948,Philadelphia,IL,American (New),38.266498,-97.835106,False,1.0,1.0,0,0.0,0.0,0,,0,,5,5,Elite,True,True
89c88845-6272-4757-9767-7fe270d2ae0d,Restaurant 1950,Philadelphia,IL,Pizza,33.761601,-90.925346,True,4.5,4.5,0,0.0,0.0,0,,0,,5,5,Elite,True,False
0fbb3950-36aa-406a-8648-fd43203ab1a9,Restaurant 1958,Philadelphia,IL,Pizza,39.027329,-83.420665,True,3.0,3.0,0,0.0,0.0,0,,0,,5,5,Elite,True,False
5ba59135-08cf-4bdd-88ef-71a4e0a687d2,Restaurant 1962,Philadelphia,IL,Coffee & Tea,27.466111,-84.908714,False,3.5,3.5,0,0.0,0.0,0,,0,,5,5,Elite,True,True
7c5516a0-b640-4b18-9d97-dd6e4a5c9549,Restaurant 1970,Philadelphia,IL,Italian,43.114979,-78.713301,True,3.0,3.0,0,0.0,0.0,0,,0,,5,5,Elite,True,False
2cbf9558-92c5-4695-9224-773e096deb94,Restaurant 1972,Philadelphia,IL,Thai,30.280188,-89.396297,True,2.5,2.5,0,0.0,0.0,0,,0,,5,5,Elite,True,False
b2d4b6cf-b248-43e2-b630-98b0af95fae7,Restaurant 1973,Philadelphia,IL,American (New),26.592579,-124.693666,True,3.5,3.5,0,0.0,0.0,0,,0,,5,5,Elite,True,False
2090d7ee-dd5f-44fd-bac1-540acdda5062,Restaurant 1977,Philadelphia,IL,Sushi,47.650169,-86.297363,True,3.5,3.5,0,0.0,0.0,0,,0,,5,5,Elite,True,False
aeec0bbe-5864-4bc7-bcf2-738dc08c27e3,Restaurant 1981,Philadelphia,IL,Coffee & Tea,37.247802,-82.818574,True,4.0,4.0,0,0.0,0.0,0,,0,,5,5,Elite,True,False
4375f874-a3f9-45ec-bd2f-437a10d47948,Restaurant 1987,Philadelphia,IL,Mexican,44.638952,-120.855042,True,3.0,3.0,0,0.0,0.0,0,,0,,5,5,Elite,True,False
703dfc36-3a34-4d48-97bf-6ef384868e11,Restaurant 1988,Philadelphia,IL,American (New),33.364923,-71.971667,False,5.0,5.0,0,0.0,0.0,0,,0,,5,5,Elite,True,True
c88cf940-7964-448b-9783-ac8fe9c6a1fe,Restaurant 1996,Philadelphia,IL,Pizza,36.829695,-114.843909,True,5.0,5.0,0,0.0,0.0,0,,0,,5,5,Elite,True,False
6fecdbc0-d8e2-48ee-96d9-14f83ce372ae,Restaurant 4,Philadelphia,CO,Sushi,43.56395,-84.864752,False,5.0,5.0,0,0.0,0.0,0,,0,,1,1,Low,False,True
68e0c89e-3f9e-4ca8-8fa6-2404e9cc7940,Restaurant 20,Philadelphia,CO,Sushi,30.292639,-112.888044,True,1.5,1.5,0,0.0,0.0,0,,0,,1,1,Low,False,False
3aea0012-3268-4722-825e-e7a5931f3062,Restaurant 29,Philadelphia,CO,Thai,36.565559,-78.100406,True,2.0,2.0,0,0.0,0.0,0,,0,,1,1,Low,False,False
cf671ce1-4d9d-4ad4-9b0c-170bb03226d0,Restaurant 30,Philadelphia,CO,Seafood,40.529889,-112.063786,True,1.5,1.5,0,0.0,0.0,0,,0,,1,1,Low,False,False
7a1f1470-e03a-49e0-b9d6-14c2d47a2f6e,Restaurant 46,Philadelphia,CO,Burgers,32.950804,-81.74645,True,4.0,4.0,0,0.0,0.0,0,,0,,1,1,Low,False,False
99f4838d-67fa-44bc-ad33-cd506b595287,Restaurant 67,Philadelphia,CO,Thai,35.695782,-110.906597,True,3.5,3.5,0,0.0,0.0,0,,0,,1,1,Low,False,False
03143fc7-44e4-4210-b9ae-52bfe495dab4,Restaurant 72,Philadelphia,CO,Sushi,42.816753,-99.431943,True,3.0,3.0,0,0.0,0.0,0,,0,,1,1,Low,False,False
578f751c-9992-4a0c-9dfb-2771d002e870,Restaurant 91,Philadelphia,CO,Mexican,45.456726,-84.600634,True,3.0,3.0,0,0.0,0.0,0,,0,,1,1,Low,False,False
2ca95a9c-ad28-4402-b5f1-08589564a057,Restaurant 92,Philadelphia,CO,Thai,47.990166,-88.024513,True,3.0,3.0,0,0.0,0.0,0,,0,,1,1,Low,False,False
0084935c-728e-4c12-b112-f20ca3d2abde,Restaurant 98,Philadelphia,CO,Sushi,41.325005,-107.908742,False,1.0,1.0,0,0.0,0.0,0,,0,,1,1,Low,False,True
29a898ba-79ec-4602-8961-2a35e921aa23,Restaurant 107,Philadelphia,CO,Coffee & Tea,39.946243,-78.152909,False,5.0,5.0,0,0.0,0.0,0,,0,,1,1,Low,False,True
70daca84-9fa0-4d58-b708-8869fd057fef,Restaurant 116,Philadelphia,CO,Pizza,30.037104,-114.542741,True,3.0,3.0,0,0.0,0.0,0,,0,,1,1,Low,False,False
bb73b323-a867-460e-8abe-9e713e9a6276,Restaurant 122,Philadelphia,CO,Burgers,32.544144,-91.445479,False,1.5,1.5,0,0.0,0.0,0,,0,,1,1,Low,False,True
20e51a62-a3d1-41c0-82fa-2be9d4e5692b,Restaurant 143,Philadelphia,CO,Burgers,34.21804,-117.196894,True,1.0,1.0,0,0.0,0.0,0,,0,,1,1,Low,False,False
50ab1adc-bdf5-4eb4-b5a1-72842c30a0f4,Restaurant 167,Philadelphia,CO,Burgers,28.547814,-115.053472,True,2.0,2.0,0,0.0,0.0,0,,0,,1,1,Low,False,False
60bac4b7-e0e5-43d3-b1a0-952b377afe55,Restaurant 193,Philadelphia,CO,Sushi,40.961555,-70.075414,True,2.5,2.5,0,0.0,0.0,0,,0,,1,1,Low,False,False
0edfe373-cedc-4b7e-876d-50e28961c02b,Restaurant 199,Philadelphia,CO,American (New),42.658978,-117.903187,True,5.0,5.0,0,0.0,0.0,0,,0,,1,1,Low,False,False
ea870a94-b7d0-4c5b-9667-e7e12fbc0851,Restaurant 202,Philadelphia,CO,Pizza,28.546468,-88.769692,True,3.5,3.5,0,0.0,0.0,0,,0,,1,1,Low,False,False
1d06d842-8a30-4111-af5c-e7a71b3dc4b5,Restaurant 206,Philadelphia,CO,Chinese,32.189397,-85.490041,True,3.5,3.5,0,0.0,0.0,0,,0,,1,1,Low,False,False
3afb5443-3794-4bec-885a-73ec99063de9,Restaurant 214,Philadelphia,CO,Chinese,39.053992,-117.923514,False,1.5,1.5,0,0.0,0.0,0,,0,,1,1,Low,False,True
6f9f97f5-e941-429a-83c7-42d0a9e59684,Restaurant 219,Philadelphia,CO,Italian,43.325361,-85.107168,False,1.0,1.0,0,0.0,0.0,0,,0,,1,1,Low,False,True
53e230c7-815a-47f9-9cf7-b99477c82453,Restaurant 220,Philadelphia,CO,Thai,41.592203,-92.90622,False,2.0,2.0,0,0.0,0.0,0,,0,,1,1,Low,False,True
6371e5ef-864a-4066-bee6-581995c38c66,Restaurant 234,Philadelphia,CO,Thai,46.354461,-106.572684,False,4.5,4.5,0,0.0,0.0,0,,0,,1,1,Low,False,True
0b66c9d0-846f-4caf-909e-317db4b1762a,Restaurant 252,Philadelphia,CO,Burgers,35.268145,-88.0387,True,1.0,1.0,0,0.0,0.0,0,,0,,1,1,Low,False,False
8e5b919b-d088-4e5c-9f63-1f0881030bbb,Restaurant 265,Philadelphia,CO,Coffee & Tea,31.789423,-114.209452,True,2.5,2.5,0,0.0,0.0,0,,0,,1,1,Low,False,False
49de81c9-db46-4023-b9b3-95bc33ac3880,Restaurant 275,Philadelphia,CO,Italian,45.580198,-74.446628,False,2.5,2.5,0,0.0,0.0,0,,0,,1,1,Low,False,True
2f9a2f5b-dbcd-4cdb-813d-d62ffe6140d6,Restaurant 277,Philadelphia,CO,Thai,42.301853,-85.800873,False,4.0,4.0,0,0.0,0.0,0,,0,,1,1,Low,False,True
30bdf076-0f69-43c1-8a9f-26a5420d5f93,Restaurant 289,Philadelphia,CO,Thai,31.910012,-91.82338,False,2.5,2.5,0,0.0,0.0,0,,0,,1,1,Low,False,True
c2c700aa-34b0-47c8-a47e-25340aba399c,Restaurant 294,Philadelphia,CO,Chinese,37.29045,-74.207734,True,4.0,4.0,0,0.0,0.0,0,,0,,1,1,Low,False,False
58357869-9a06-48b6-afd9-d7aa8947f36c,Restaurant 295,Philadelphia,CO,Seafood,46.031229,-118.984682,True,2.5,2.5,0,0.0,0.0,0,,0,,1,1,Low,False,False
8d616c21-f974-4c22-89c4-24774c8422cb,Restaurant 296,Philadelphia,CO,Pizza,40.581854,-103.021024,True,3.5,3.5,0,0.0,0.0,0,,0,,1,1,Low,False,False
d5a2dee4-9113-4236-a6a3-6446db75a75d,Restaurant 298,Philadelphia,CO,Burgers,28.467133,-70.12635,False,4.5,4.5,0,0.0,0.0,0,,0,,1,1,Low,False,True
c91f0492-e374-448f-9ff5-59ebeb42f7af,Restaurant 306,Philadelphia,CO,Thai,33.002267,-78.496521,True,2.0,2.0,0,0.0,0.0,0,,0,,1,1,Low,False,False
53113463-5756-47f1-9100-97d044972194,Restaurant 343,Philadelphia,CO,Pizza,41.623903,-112.437757,True,5.0,5.0,0,0.0,0.0,0,,0,,1,1,Low,False,False
507ee648-1869-4188-ab66-947ca2263c4d,Restaurant 348,Philadelphia,CO,Thai,35.670314,-92.456999,True,4.5,4.5,0,0.0,0.0,0,,0,,1,1,Low,False,False
c4cfb25e-27a9-4fba-9ed9-0f21f19a38cd,Restaurant 367,Philadelphia,CO,Mexican,47.401537,-119.492611,True,2.5,2.5,0,0.0,0.0,0,,0,,1,1,Low,False,False
1049731b-f8c8-4257-8315-e45e89676bd0,Restaurant 380,Philadelphia,CO,Italian,42.439602,-112.59295,True,4.5,4.5,0,0.0,0.0,0,,0,,1,1,Low,False,False
90fad54d-5356-4748-a873-66024d5fd74f,Restaurant 395,Philadelphia,CO,Italian,42.44268,-73.319251,True,1.5,1.5,0,0.0,0.0,0,,0,,1,1,Low,False,False
af0f70f7-1132-4ca7-b9c6-d2638c268911,Restaurant 418,Philadelphia,CO,Chinese,28.294156,-77.568333,False,2.0,2.0,0,0.0,0.0,0,,0,,2,2,Below Average,False,True
f2ae8f36-514e-4e40-aeba-79509aa01ad3,Restaurant 426,Philadelphia,CO,Sushi,38.660254,-122.362179,True,1.5,1.5,0,0.0,0.0,0,,0,,2,2,Below Average,False,False
71cf2e30-089c-4c47-b392-3b72868df558,Restaurant 437,Philadelphia,CO,Coffee & Tea,35.077745,-91.377226,True,3.5,3.5,0,0.0,0.0,0,,0,,2,2,Below Average,False,False
5aa180ba-fa96-4ea5-b66a-a5c1a1881e03,Restaurant 454,Philadelphia,CO,Sushi,40.79206,-74.334453,False,2.0,2.0,0,0.0,0.0,0,,0,,2,2,Below Average,False,True
166c4f60-ee78-432b-8fcf-7cb3effa9d96,Restaurant 461,Philadelphia,CO,Sushi,42.851375,-71.96406,True,3.0,3.0,0,0.0,0.0,0,,0,,2,2,Below Average,False,False
0d6deae0-2cc7-4283-8059-1f78aa589976,Restaurant 463,Philadelphia,CO,Chinese,25.129838,-99.351776,True,2.0,2.0,0,0.0,0.0,0,,0,,2,2,Below Average,False,False
e4ed1817-8105-4170-bc19-feaa24b45a39,Restaurant 467,Philadelphia,CO,Coffee & Tea,35.921715,-94.126592,False,1.0,1.0,0,0.0,0.0,0,,0,,2,2,Below Average,False,True
cdd715a7-e0b1-4867-ad94-59f94a9ac55b,Restaurant 468,Philadelphia,CO,Burgers,30.608025,-122.806751,True,3.5,3.5,0,0.0,0.0,0,,0,,2,2,Below Average,False,False
f78ac04b-8828-44e5-9ab7-8612af2be2ed,Restaurant 498,Philadelphia,CO,Pizza,28.70597,-90.375277,True,1.0,1.0,0,0.0,0.0,0,,0,,2,2,Below Average,False,False
a2db757f-3ed1-433e-ad54-514e3551a439,Restaurant 500,Philadelphia,CO,Seafood,44.947955,-115.618827,True,4.0,4.0,0,0.0,0.0,0,,0,,2,2,Below Average,False,False
436d7edd-d768-4c3b-8986-4021af5abc6c,Restaurant 501,Philadelphia,CO,Mexican,36.748513,-115.775306,True,3.5,3.5,0,0.0,0.0,0,,0,,2,2,Below Average,False,False
c044e783-ff82-4f84-bbe0-c6f665bdf0ea,Restaurant 509,Philadelphia,CO,Thai,47.81137,-103.140022,False,2.5,2.5,0,0.0,0.0,0,,0,,2,2,Below Average,False,True
c58511e2-7722-45db-a324-c70baad7b83b,Restaurant 527,Philadelphia,CO,American (New),36.323829,-70.805127,True,3.0,3.0,0,0.0,0.0,0,,0,,2,2,Below Average,False,False
85160969-a600-4bbb-931f-921e8f6ca546,Restaurant 538,Philadelphia,CO,American (New),39.946906,-95.385896,False,3.0,3.0,0,0.0,0.0,0,,0,,2,2,Below Average,False,True
8c589070-c353-4ce4-ae49-3c86be0b368a,Restaurant 584,Philadelphia,CO,Thai,38.088494,-113.04095,False,1.5,1.5,0,0.0,0.0,0,,0,,2,2,Below Average,False,True
51284762-7ea6-453e-bb06-ff60f6121e54,Restaurant 585,Philadelphia,CO,Chinese,38.690318,-108.478371,True,4.0,4.0,0,0.0,0.0,0,,0,,2,2,Below Average,False,False
34ce731e-46b1-49ac-ae4b-63546064f52a,Restaurant 591,Philadelphia,CO,Sushi,37.906855,-70.160668,True,5.0,5.0,0,0.0,0.0,0,,0,,2,2,Below Average,False,False
bd1a98c3-6712-4fb2-a8ba-8ca349d7af5d,Restaurant 594,Philadelphia,CO,Thai,35.130659,-74.168274,False,2.5,2.5,0,0.0,0.0,0,,0,,2,2,Below Average,False,True
235bc7b6-6d51-4c72-8dfc-05eb22c40122,Restaurant 605,Philadelphia,CO,Mexican,34.808695,-107.818948,True,3.5,3.5,0,0.0,0.0,0,,0,,2,2,Below Average,False,False
9b604f7c-caad-48c4-a131-aab5807382ec,Restaurant 606,Philadelphia,CO,Burgers,40.733119,-113.872937,True,2.0,2.0,0,0.0,0.0,0,,0,,2,2,Below Average,False,False
31c79f9f-ad25-4819-81b4-557ccb7128bc,Restaurant 607,Philadelphia,CO,Thai,32.302413,-94.346284,False,1.5,1.5,0,0.0,0.0,0,,0,,2,2,Below Average,False,True
caac8fe1-db02-434f-a68c-96232479bc7c,Restaurant 614,Philadelphia,CO,Coffee & Tea,38.657533,-96.112321,True,1.0,1.0,0,0.0,0.0,0,,0,,2,2,Below Average,False,False
376cddf7-a0c8-42c1-9ca9-8c60a0517984,Restaurant 617,Philadelphia,CO,American (New),40.868918,-75.297839,True,4.5,4.5,0,0.0,0.0,0,,0,,2,2,Below Average,False,False
920cd9d3-615e-4a62-bc45-541f514f818f,Restaurant 624,Philadelphia,CO,Coffee & Tea,30.471202,-92.612572,False,4.5,4.5,0,0.0,0.0,0,,0,,2,2,Below Average,False,True
fcaa2513-ce07-40f0-b9d0-d3fba275c1fd,Restaurant 625,Philadelphia,CO,Pizza,25.15118,-76.480767,True,3.0,3.0,0,0.0,0.0,0,,0,,2,2,Below Average,False,False
996fd2b9-3319-4897-b93a-196dbf41776c,Restaurant 636,Philadelphia,CO,Pizza,44.136984,-114.329143,False,3.5,3.5,0,0.0,0.0,0,,0,,2,2,Below Average,False,True
3bcfb998-0838-4404-bd85-1c937d6bba27,Restaurant 640,Philadelphia,CO,Italian,33.960024,-92.264447,True,3.0,3.0,0,0.0,0.0,0,,0,,2,2,Below Average,False,False
6ea09cc5-3033-494d-b1b4-16e2ec402f65,Restaurant 654,Philadelphia,CO,Coffee & Tea,45.995817,-103.435769,False,3.5,3.5,0,0.0,0.0,0,,0,,2,2,Below Average,False,True
a5397aa2-2b25-443d-adec-5a4514bdd384,Restaurant 663,Philadelphia,CO,Seafood,32.004653,-73.116669,True,4.0,4.0,0,0.0,0.0,0,,0,,2,2,Below Average,False,False
b7d5dc5c-a74e-4884-8a08-b588145a5695,Restaurant 664,Philadelphia,CO,American (New),34.296541,-117.984437,False,3.0,3.0,0,0.0,0.0,0,,0,,2,2,Below Average,False,True
52e8fb34-c578-4ef6-aa7a-6b36da3362b7,Restaurant 676,Philadelphia,CO,Coffee & Tea,38.17578,-88.902406,False,3.0,3.0,0,0.0,0.0,0,,0,,2,2,Below Average,False,True
711a21c6-85e3-4b4d-ad5c-aa69ca2c82a4,Restaurant 681,Philadelphia,CO,Coffee & Tea,26.249493,-110.458248,True,1.5,1.5,0,0.0,0.0,0,,0,,2,2,Below Average,False,False
6e510df3-bcf4-4569-bcf2-76ba6b464291,Restaurant 688,Philadelphia,CO,Sushi,26.308284,-92.322378,True,2.5,2.5,0,0.0,0.0,0,,0,,2,2,Below Average,False,False
9d5835e6-d19e-49f9-b602-d7f5f81ccf29,Restaurant 689,Philadelphia,CO,Italian,33.647044,-82.987823,True,2.0,2.0,0,0.0,0.0,0,,0,,2,2,Below Average,False,False
66eee0aa-2503-47bc-a553-ccb1896798de,Restaurant 706,Philadelphia,CO,Sushi,26.451533,-113.854737,False,3.5,3.5,0,0.0,0.0,0,,0,,2,2,Below Average,False,True
b31ead8c-2c94-4e5a-8728-4747a62d66ff,Restaurant 709,Philadelphia,CO,Coffee & Tea,28.06753,-81.492124,True,4.0,4.0,0,0.0,0.0,0,,0,,2,2,Below Average,False,False
f3124524-fe88-43db-bdc0-b8899ac991b0,Restaurant 728,Philadelphia,CO,Chinese,47.457678,-99.493165,True,2.0,2.0,0,0.0,0.0,0,,0,,2,2,Below Average,False,False
7bcf338e-a1b8-4088-8fe5-443844f4e484,Restaurant 740,Philadelphia,CO,Chinese,45.660484,-108.142775,False,3.0,3.0,0,0.0,0.0,0,,0,,2,2,Below Average,False,True
e5511228-c2c2-486c-af32-7fb47588c455,Restaurant 746,Philadelphia,CO,Coffee & Tea,28.38292,-93.912267,True,4.5,4.5,0,0.0,0.0,0,,0,,2,3,Below Average,False,False
52775d01-bd36-429f-a4bf-98ea53967b12,Restaurant 760,Philadelphia,CO,Pizza,28.361154,-99.642582,True,2.0,2.0,0,0.0,0.0,0,,0,,2,3,Below Average,False,False
62671a22-8b02-41f3-a691-c7c133b971fa,Restaurant 770,Philadelphia,CO,Pizza,35.788894,-75.030889,False,1.0,1.0,0,0.0,0.0,0,,0,,2,3,Below Average,False,True
610b9511-169a-482d-b6c7-868749a8dc02,Restaurant 780,Philadelphia,CO,Mexican,42.05294,-75.91648,False,2.0,2.0,0,0.0,0.0,0,,0,,2,3,Below Average,False,True
dbc32c22-605b-4ee0-bb93-43c17b131de4,Restaurant 782,Philadelphia,CO,Seafood,42.394968,-80.945867,False,4.0,4.0,0,0.0,0.0,0,,0,,2,3,Below Average,False,True
556dae63-0d42-4f81-a507-ae5d4431a3ad,Restaurant 820,Philadelphia,CO,Chinese,27.549049,-111.271804,False,2.0,2.0,0,0.0,0.0,0,,0,,3,3,Average,False,True
78911af0-517c-4acf-9de0-886265e80a4f,Restaurant 824,Philadelphia,CO,Pizza,28.432778,-72.308192,True,2.0,2.0,0,0.0,0.0,0,,0,,3,3,Average,False,False
71c1230b-1d31-45e2-8104-eaf018b0c1c6,Restaurant 829,Philadelphia,CO,Coffee & Tea,26.680279,-94.365001,True,1.0,1.0,0,0.0,0.0,0,,0,,3,3,Average,False,False
0548b660-6f59-4cad-b635-f5c7c43e8c0f,Restaurant 830,Philadelphia,CO,American (New),47.245826,-92.097236,False,1.0,1.0,0,0.0,0.0,0,,0,,3,3,Average,False,True
b8548863-aaf9-4e15-89a2-7f88a0c42b08,Restaurant 911,Philadelphia,CO,Seafood,40.020354,-115.794008,False,1.0,1.0,0,0.0,0.0,0,,0,,3,3,Average,False,True
6246a3ea-031d-46d2-ac96-8112879411b3,Restaurant 913,Philadelphia,CO,Burgers,31.914682,-103.25823,False,1.5,1.5,0,0.0,0.0,0,,0,,3,3,Average,False,True
b4df87c7-7d74-47e5-9b26-ed0dfcbba978,Restaurant 914,Philadelphia,CO,Italian,47.020595,-107.493283,False,3.5,3.5,0,0.0,0.0,0,,0,,3,3,Average,False,True
2c2f6ec2-2155-443b-abc4-0ef3d003f4ed,Restaurant 928,Philadelphia,CO,Mexican,46.506398,-78.772083,False,2.5,2.5,0,0.0,0.0,0,,0,,3,3,Average,False,True
d093ebd2-7f75-4ef0-9771-2d1f2c068ad4,Restaurant 930,Philadelphia,CO,Sushi,26.967298,-121.662218,False,1.0,1.0,0,0.0,0.0,0,,0,,3,3,Average,False,True
eb0274f1-06bc-4d4b-ba9e-553b0cb5c0e5,Restaurant 934,Philadelphia,CO,Seafood,27.484152,-124.324128,True,1.5,1.5,0,0.0,0.0,0,,0,,3,3,Average,False,False
2481c45e-4b90-4472-aaa7-e14d81b4f2bf,Restaurant 965,Philadelphia,CO,Burgers,46.209316,-116.546982,False,3.5,3.5,0,0.0,0.0,0,,0,,3,3,Average,False,True
6a4dea5a-acd6-4a0f-94f1-76aee923108a,Restaurant 974,Philadelphia,CO,Thai,34.546213,-115.123204,False,4.0,4.0,0,0.0,0.0,0,,0,,3,3,Average,False,True
44b9ddfb-d404-4437-be86-a60b3a0f233a,Restaurant 990,Philadelphia,CO,Chinese,47.572566,-86.702655,True,2.0,2.0,0,0.0,0.0,0,,0,,3,3,Average,False,False
4ec9fe38-9d1f-4f7d-96f3-4d4149e45e97,Restaurant 993,Philadelphia,CO,Burgers,26.378229,-104.4012,True,3.0,3.0,0,0.0,0.0,0,,0,,3,3,Average,False,False
1c6668cf-2035-4c38-944e-5456123ad708,Restaurant 1000,Philadelphia,CO,Burgers,47.257694,-113.922945,False,4.5,4.5,0,0.0,0.0,0,,0,,3,3,Average,False,True
ed0bdb44-60e6-4efa-9428-1ee9ac812ece,Restaurant 1006,Philadelphia,CO,Chinese,29.467249,-101.003613,False,3.0,3.0,0,0.0,0.0,0,,0,,3,3,Average,False,True
14b7426b-4a12-447e-bb7b-f03d01fce912,Restaurant 1008,Philadelphia,CO,Pizza,46.7181,-116.894794,True,2.5,2.5,0,0.0,0.0,0,,0,,3,3,Average,False,False
e296d202-f022-42b9-988d-360a619d8343,Restaurant 1020,Philadelphia,CO,Burgers,47.432016,-76.980741,False,1.5,1.5,0,0.0,0.0,0,,0,,3,3,Average,False,True
d14e9175-d81b-4006-b0a6-dfbf59ff8656,Restaurant 1044,Philadelphia,CO,Italian,40.01433,-104.35456,False,1.5,1.5,0,0.0,0.0,0,,0,,3,3,Average,False,True
37d7f590-d95e-44f2-897a-98750153f803,Restaurant 1046,Philadelphia,CO,Burgers,36.028462,-86.845078,True,1.5,1.5,0,0.0,0.0,0,,0,,3,3,Average,False,False
4c899b00-0ee6-4ea1-99ad-105f1035d9f4,Restaurant 1070,Philadelphia,CO,Sushi,38.969592,-71.944394,True,5.0,5.0,0,0.0,0.0,0,,0,,3,3,Average,False,False
98704bbd-22a4-4064-90df-f0915b69bccf,Restaurant 1086,Philadelphia,CO,Thai,29.339387,-77.982044,True,2.0,2.0,0,0.0,0.0,0,,0,,3,3,Average,False,False
7a748cca-8684-4191-a095-ddcad7010130,Restaurant 1093,Philadelphia,CO,Sushi,38.908418,-111.896128,False,3.0,3.0,0,0.0,0.0,0,,0,,3,3,Average,False,True
e617f2f1-9f83-434f-9629-6385a0b313df,Restaurant 1106,Philadelphia,CO,Seafood,29.741657,-100.679831,True,3.5,3.5,0,0.0,0.0,0,,0,,3,3,Average,False,False
4551a7b7-3717-4d3d-9f6c-dc8b7834f807,Restaurant 1144,Philadelphia,CO,Italian,37.035603,-82.725008,False,4.5,4.5,0,0.0,0.0,0,,0,,3,3,Average,False,True
25368af1-43f5-4c6e-a73c-fc86f7aace61,Restaurant 1145,Philadelphia,CO,Seafood,25.920297,-85.798064,True,4.0,4.0,0,0.0,0.0,0,,0,,3,3,Average,False,False
f64d42d8-5d6f-4ba3-b37a-d1fe63e4d8f9,Restaurant 1161,Philadelphia,CO,Pizza,26.7896,-88.262063,False,2.0,2.0,0,0.0,0.0,0,,0,,3,3,Average,False,True
e7006481-e3df-4713-a53e-b9f58074079d,Restaurant 1164,Philadelphia,CO,Chinese,29.971158,-113.463031,True,2.5,2.5,0,0.0,0.0,0,,0,,3,3,Average,False,False
91db77b1-0bab-456d-a759-f24b7da60d83,Restaurant 1168,Philadelphia,CO,Seafood,47.893354,-80.673313,True,1.5,1.5,0,0.0,0.0,0,,0,,3,3,Average,False,False
3e615fe9-f6eb-4d9c-8e58-66031363460a,Restaurant 1174,Philadelphia,CO,Seafood,30.562116,-71.458032,True,2.5,2.5,0,0.0,0.0,0,,0,,3,3,Average,False,False
cf052e07-e854-425f-aa56-1f8759dc14af,Restaurant 1184,Philadelphia,CO,Seafood,38.953062,-123.270224,False,3.5,3.5,0,0.0,0.0,0,,0,,3,3,Average,False,True
394f87d6-2bc1-4cdf-a7ee-8969c305999c,Restaurant 1196,Philadelphia,CO,Seafood,37.127034,-119.339389,True,3.0,3.0,0,0.0,0.0,0,,0,,3,3,Average,False,False
892bfd96-b2bf-4fe5-9236-df64462397a2,Restaurant 1228,Philadelphia,CO,Italian,33.266658,-84.059918,True,2.5,2.5,0,0.0,0.0,0,,0,,4,3,Strong,False,False
32416e25-476c-4c1a-8a99-eb9067939b8e,Restaurant 1232,Philadelphia,CO,Pizza,40.279367,-108.299492,False,3.0,3.0,0,0.0,0.0,0,,0,,4,4,Strong,False,True
530282f3-48d2-4fd5-9c91-e2915a3de69e,Restaurant 1242,Philadelphia,CO,Coffee & Tea,26.231329,-78.519096,True,2.0,2.0,0,0.0,0.0,0,,0,,4,4,Strong,False,False
9cdf422a-1737-4844-804f-f3f7445891c6,Restaurant 1246,Philadelphia,CO,Mexican,27.638304,-124.998036,True,1.5,1.5,0,0.0,0.0,0,,0,,4,4,Strong,False,False
8d7b7c77-224e-44e7-abd2-58440cf94146,Restaurant 1256,Philadelphia,CO,Seafood,42.834154,-96.101135,False,2.0,2.0,0,0.0,0.0,0,,0,,4,4,Strong,False,True
ad77a28a-7822-467e-a29b-1b7137ab81de,Restaurant 1263,Philadelphia,CO,Mexican,44.883297,-106.260878,True,5.0,5.0,0,0.0,0.0,0,,0,,4,4,Strong,False,False
0743d601-3bf8-4702-90f1-672ae409d0f2,Restaurant 1271,Philadelphia,CO,Sushi,45.412929,-98.667568,True,2.0,2.0,0,0.0,0.0,0,,0,,4,4,Strong,False,False
b3421fcf-c288-4154-bb38-a76cdb5493b6,Restaurant 1287,Philadelphia,CO,Italian,44.912073,-81.956303,False,1.0,1.0,0,0.0,0.0,0,,0,,4,4,Strong,False,True
7d77f3d5-9661-4a48-bc50-276af59798f0,Restaurant 1293,Philadelphia,CO,Thai,31.35825,-91.431931,False,3.5,3.5,0,0.0,0.0,0,,0,,4,4,Strong,False,True
baeea725-7d61-4880-97f3-1464934553dd,Restaurant 1298,Philadelphia,CO,Thai,44.070171,-87.544106,False,1.5,1.5,0,0.0,0.0,0,,0,,4,4,Strong,False,True
bab28f09-4af5-4700-9f38-b86466e0a8c3,Restaurant 1304,Philadelphia,CO,Chinese,45.954599,-106.922352,False,3.5,3.5,0,0.0,0.0,0,,0,,4,4,Strong,False,True
944cdb17-4eac-4012-bdeb-53d374834d1b,Restaurant 1312,Philadelphia,CO,Burgers,27.478751,-85.280123,False,1.5,1.5,0,0.0,0.0,0,,0,,4,4,Strong,False,True
cc86ffe0-902e-4790-87df-41573291b731,Restaurant 1314,Philadelphia,CO,Thai,33.5071,-89.282738,False,4.0,4.0,0,0.0,0.0,0,,0,,4,4,Strong,False,True
4db6e23b-c2ae-4d32-baf0-3e18a981ee57,Restaurant 1315,Philadelphia,CO,Pizza,46.729666,-119.670577,False,3.0,3.0,0,0.0,0.0,0,,0,,4,4,Strong,False,True
89c1b00a-8168-4976-acae-9f96329717a3,Restaurant 1329,Philadelphia,CO,Italian,39.667436,-98.367182,True,2.0,2.0,0,0.0,0.0,0,,0,,4,4,Strong,False,False
23eb233c-bbb7-41ce-9834-a5cefdc4017a,Restaurant 1356,Philadelphia,CO,Coffee & Tea,28.81675,-109.039177,False,2.5,2.5,0,0.0,0.0,0,,0,,4,4,Strong,False,True
9ba6e1de-fc50-44b6-9c95-17a26c8f5f7a,Restaurant 1363,Philadelphia,CO,Thai,42.61925,-106.84119,True,3.0,3.0,0,0.0,0.0,0,,0,,4,4,Strong,False,False
6e532e2a-a7ec-4bc1-a73c-f9cbfcb015f2,Restaurant 1384,Philadelphia,CO,Seafood,33.023762,-89.699575,True,4.5,4.5,0,0.0,0.0,0,,0,,4,4,Strong,False,False
d3ffccf5-47d9-4d38-981c-0dbf62a9821f,Restaurant 1399,Philadelphia,CO,Mexican,37.284649,-105.922305,True,1.0,1.0,0,0.0,0.0,0,,0,,4,4,Strong,False,False
590aee83-b720-448e-b3f2-4a8570d03160,Restaurant 1415,Philadelphia,CO,Chinese,47.883123,-91.143019,True,5.0,5.0,0,0.0,0.0,0,,0,,4,4,Strong,False,False
f1a5c50f-a907-46bf-9c6d-df9a36e6ccbb,Restaurant 1431,Philadelphia,CO,Seafood,28.828554,-90.597768,True,1.5,1.5,0,0.0,0.0,0,,0,,4,4,Strong,False,False
e4828866-b82f-45c2-80ae-1b9a77bdbc25,Restaurant 1434,Philadelphia,CO,Seafood,47.763407,-81.178554,True,4.5,4.5,0,0.0,0.0,0,,0,,4,4,Strong,False,False
83315ede-7778-44a5-b680-1030fcc1e342,Restaurant 1441,Philadelphia,CO,Chinese,42.510423,-116.858681,True,3.0,3.0,0,0.0,0.0,0,,0,,4,4,Strong,False,False
98950463-b9e8-4a60-956c-1c6be4c6b8a5,Restaurant 1448,Philadelphia,CO,Chinese,45.844947,-78.801258,True,5.0,5.0,0,0.0,0.0,0,,0,,4,4,Strong,False,False
6a69ee2a-c037-49f4-b45d-70c665a4c016,Restaurant 1450,Philadelphia,CO,Coffee & Tea,30.703355,-110.916036,True,2.0,2.0,0,0.0,0.0,0,,0,,4,4,Strong,False,False
fba73bf8-d40c-4e3a-a42a-04eca45ec072,Restaurant 1461,Philadelphia,CO,Seafood,28.555746,-116.398675,True,4.0,4.0,0,0.0,0.0,0,,0,,4,4,Strong,False,False
da663143-635d-476c-92b4-553f2b0bee1b,Restaurant 1464,Philadelphia,CO,Chinese,42.541991,-124.688011,False,4.0,4.0,0,0.0,0.0,0,,0,,4,4,Strong,False,True
7fe2f7a2-0bee-45a9-9026-8ebdfe382f3d,Restaurant 1479,Philadelphia,CO,Chinese,25.146141,-79.447755,True,1.0,1.0,0,0.0,0.0,0,,0,,4,4,Strong,False,False
a4b89c7f-f0c3-4e51-b512-9e0293a0fe01,Restaurant 1491,Philadelphia,CO,Seafood,27.942811,-116.433293,True,4.5,4.5,0,0.0,0.0,0,,0,,4,4,Strong,False,False
6c75efc4-23ed-4a9e-bf54-3d9b6a76a235,Restaurant 1504,Philadelphia,CO,Coffee & Tea,36.128432,-106.085403,True,4.0,4.0,0,0.0,0.0,0,,0,,4,4,Strong,False,False
da747c93-12c2-4764-8c76-89c3327a7fb6,Restaurant 1510,Philadelphia,CO,American (New),37.946309,-95.819115,False,1.0,1.0,0,0.0,0.0,0,,0,,4,4,Strong,False,True
c600f2ad-ec85-41d5-87fa-6e0236e356b0,Restaurant 1516,Philadelphia,CO,Burgers,30.717186,-105.727597,True,2.5,2.5,0,0.0,0.0,0,,0,,4,4,Strong,False,False
99dc75d8-4b0a-4c60-9cff-6cf87a91eec0,Restaurant 1517,Philadelphia,CO,Sushi,28.492463,-100.614025,True,3.0,3.0,0,0.0,0.0,0,,0,,4,4,Strong,False,False
acf07cd1-be70-465a-957e-f8ce255df639,Restaurant 1539,Philadelphia,CO,Burgers,44.272407,-102.201079,True,5.0,5.0,0,0.0,0.0,0,,0,,4,4,Strong,False,False
8519e1e3-3bed-4a0f-a322-a6075ea9b337,Restaurant 1551,Philadelphia,CO,Thai,33.911376,-102.58342,False,4.5,4.5,0,0.0,0.0,0,,0,,4,4,Strong,False,True
3a2ee7b6-ffed-4ca4-9204-42b330623809,Restaurant 1558,Philadelphia,CO,Sushi,46.51174,-76.147155,False,1.5,1.5,0,0.0,0.0,0,,0,,4,4,Strong,False,True
a2416b0c-f55e-4f3c-8501-9b3fd33b1b29,Restaurant 1563,Philadelphia,CO,Chinese,41.150736,-96.307995,False,5.0,5.0,0,0.0,0.0,0,,0,,4,4,Strong,False,True
530b77de-d14e-49e0-88cf-46f88cc81b83,Restaurant 1582,Philadelphia,CO,Sushi,31.61955,-116.13961,True,5.0,5.0,0,0.0,0.0,0,,0,,4,4,Strong,False,False
f6a5829b-7783-4f62-87e9-8514484e1362,Restaurant 1585,Philadelphia,CO,Italian,26.700252,-89.312555,False,4.5,4.5,0,0.0,0.0,0,,0,,4,4,Strong,False,True
02d589e4-8aa0-4384-abdd-5388842fe1ae,Restaurant 1598,Philadelphia,CO,American (New),35.927009,-86.301823,True,3.0,3.0,0,0.0,0.0,0,,0,,4,5,Strong,False,False
f5ccd3d1-923e-4058-8ec8-646341fa2710,Restaurant 1603,Philadelphia,CO,Italian,40.579583,-74.57798,False,1.5,1.5,0,0.0,0.0,0,,0,,5,5,Elite,True,True
cc959c3c-7ea9-4f92-8508-3a26c65e86cc,Restaurant 1613,Philadelphia,CO,Sushi,26.291828,-117.370678,True,1.5,1.5,0,0.0,0.0,0,,0,,5,5,Elite,True,False
b8436bfc-b2eb-4261-ae9d-e857b0b9214d,Restaurant 1618,Philadelphia,CO,Italian,38.835741,-97.134005,False,3.0,3.0,0,0.0,0.0,0,,0,,5,5,Elite,True,True
89821561-d734-4179-a5c4-2cc726d80e7c,Restaurant 1630,Philadelphia,CO,Chinese,39.067415,-92.04863,False,5.0,5.0,0,0.0,0.0,0,,0,,5,5,Elite,True,True
0a81fa0a-021b-4194-a11a-f3eb5998fb70,Restaurant 1634,Philadelphia,CO,Seafood,45.482812,-107.759697,True,1.5,1.5,0,0.0,0.0,0,,0,,5,5,Elite,True,False
b156ecb1-33cf-4d90-8d3f-9e0df08d82c9,Restaurant 1645,Philadelphia,CO,Sushi,25.905774,-96.85604,True,2.0,2.0,0,0.0,0.0,0,,0,,5,5,Elite,True,False
27eaab64-09e4-49d5-ad52-955fa9c037d3,Restaurant 1652,Philadelphia,CO,Seafood,29.803242,-92.949345,True,1.0,1.0,0,0.0,0.0,0,,0,,5,5,Elite,True,False
9889012c-0933-4446-a312-974bf5f7cc88,Restaurant 1660,Philadelphia,CO,Pizza,45.341484,-78.102523,False,1.0,1.0,0,0.0,0.0,0,,0,,5,5,Elite,True,True
e332c60f-fa43-408c-95cc-751ec7688d1a,Restaurant 1674,Philadelphia,CO,Sushi,47.476335,-81.424721,False,4.0,4.0,0,0.0,0.0,0,,0,,5,5,Elite,True,True
880cd7cf-e6f9-4eea-bdc7-f792c6ca9803,Restaurant 1684,Philadelphia,CO,Coffee & Tea,46.829813,-87.333351,True,1.0,1.0,0,0.0,0.0,0,,0,,5,5,Elite,True,False
e54b34c9-9e3e-44d2-b8ee-cb0e9e34de59,Restaurant 1686,Philadelphia,CO,Sushi,25.789869,-107.960253,False,4.5,4.5,0,0.0,0.0,0,,0,,5,5,Elite,True,True
9f3dff24-a5d7-4924-8e12-bba837b933f5,Restaurant 1697,Philadelphia,CO,Coffee & Tea,40.286742,-100.464384,False,5.0,5.0,0,0.0,0.0,0,,0,,5,5,Elite,True,True
5ebe950a-bb5a-44d1-8816-35cd95e812a4,Restaurant 1705,Philadelphia,CO,Coffee & Tea,45.441115,-89.467747,False,2.0,2.0,0,0.0,0.0,0,,0,,5,5,Elite,True,True
40520127-6c28-4142-bdad-a6feffa9925f,Restaurant 1710,Philadelphia,CO,Chinese,30.240371,-74.024909,True,3.5,3.5,0,0.0,0.0,0,,0,,5,5,Elite,True,False
b0fe070f-91d6-4e65-b0a1-018c0830ad5c,Restaurant 1713,Philadelphia,CO,Seafood,28.988559,-85.147402,True,3.0,3.0,0,0.0,0.0,0,,0,,5,5,Elite,True,False
e2e03bb4-3865-4986-8202-d0e2e96a87d0,Restaurant 1723,Philadelphia,CO,Mexican,47.509467,-110.164896,True,4.5,4.5,0,0.0,0.0,0,,0,,5,5,Elite,True,False
4193bff4-85df-4d06-8cd8-563b046dcac4,Restaurant 1741,Philadelphia,CO,Seafood,35.63532,-99.978071,True,1.5,1.5,0,0.0,0.0,0,,0,,5,5,Elite,True,False
5fecb5c9-9051-42ef-b6eb-47ace5c01733,Restaurant 1772,Philadelphia,CO,Seafood,26.648716,-91.299467,False,2.0,2.0,0,0.0,0.0,0,,0,,5,5,Elite,True,True
56fbc620-8ace-4504-91fe-b6093cd3648f,Restaurant 1787,Philadelphia,CO,Chinese,47.196972,-121.546084,True,4.0,4.0,0,0.0,0.0,0,,0,,5,5,Elite,True,False
e73cc532-82c3-4beb-9289-5d3d013cf4ca,Restaurant 1791,Philadelphia,CO,Sushi,26.177501,-70.612239,False,2.5,2.5,0,0.0,0.0,0,,0,,5,5,Elite,True,True
99917411-2697-414b-bbb6-96cd7ce902c9,Restaurant 1800,Philadelphia,CO,American (New),36.118732,-92.750504,False,1.5,1.5,0,0.0,0.0,0,,0,,5,5,Elite,True,True
abadbe72-251b-4bc9-9985-95a2e42f872f,Restaurant 1802,Philadelphia,CO,Pizza,25.393791,-88.448087,False,3.5,3.5,0,0.0,0.0,0,,0,,5,5,Elite,True,True
d4308e7b-3a78-4c99-8c00-94d3d130a68d,Restaurant 1818,Philadelphia,CO,Seafood,25.033411,-118.69641,True,2.5,2.5,0,0.0,0.0,0,,0,,5,5,Elite,True,False
a0d05f5e-9473-46ca-9f7a-447cf8368598,Restaurant 1819,Philadelphia,CO,Pizza,47.24501,-111.317093,True,1.0,1.0,0,0.0,0.0,0,,0,,5,5,Elite,True,False
d85d6b64-796f-4ef6-bceb-89a17251c012,Restaurant 1838,Philadelphia,CO,Italian,45.541363,-119.858437,True,2.5,2.5,0,0.0,0.0,0,,0,,5,5,Elite,True,False
270ebe3e-be69-4492-aea2-bd858daf08e7,Restaurant 1842,Philadelphia,CO,Thai,40.347868,-114.410046,True,2.0,2.0,0,0.0,0.0,0,,0,,5,5,Elite,True,False
4e2c07cc-8835-419f-8ae3-e50f4453eda2,Restaurant 1848,Philadelphia,CO,Italian,46.933216,-101.631253,False,4.5,4.5,0,0.0,0.0,0,,0,,5,5,Elite,True,True
d71351bc-86a1-4b0c-9c64-d38c9580cf64,Restaurant 1852,Philadelphia,CO,American (New),45.341683,-111.71779,False,5.0,5.0,0,0.0,0.0,0,,0,,5,5,Elite,True,True
c56034aa-2f78-4abb-8b41-ca896dd43bbd,Restaurant 1859,Philadelphia,CO,Thai,38.256855,-98.777191,True,4.5,4.5,0,0.0,0.0,0,,0,,5,5,Elite,True,False
b0662d42-f6a7-4695-b775-7b915c173b06,Restaurant 1876,Philadelphia,CO,Mexican,40.494589,-106.303905,False,3.0,3.0,0,0.0,0.0,0,,0,,5,5,Elite,True,True
f592967a-d1a4-4b6e-b495-e773b1021f97,Restaurant 1900,Philadelphia,CO,Seafood,36.670188,-70.374522,False,1.5,1.5,0,0.0,0.0,0,,0,,5,5,Elite,True,True
4fa17d53-ab84-4b87-9df8-1e6cfd209ba3,Restaurant 1921,Philadelphia,CO,Burgers,32.924661,-94.449453,False,1.5,1.5,0,0.0,0.0,0,,0,,5,5,Elite,True,True
1b673978-6110-45ed-8638-3dc37a269223,Restaurant 1941,Philadelphia,CO,Pizza,37.462726,-81.915787,True,1.0,1.0,0,0.0,0.0,0,,0,,5,5,Elite,True,False
a46514ad-9c13-4471-8073-6afd9372d5e3,Restaurant 1954,Philadelphia,CO,American (New),32.82428,-115.956816,True,1.5,1.5,0,0.0,0.0,0,,0,,5,5,Elite,True,False
280220a3-448d-4018-b918-53ffc3ded458,Restaurant 1960,Philadelphia,CO,Italian,28.790742,-114.04687,True,3.5,3.5,0,0.0,0.0,0,,0,,5,5,Elite,True,False
2e3c1099-2064-4a3b-b980-49892e46ccd6,Restaurant 1975,Philadelphia,CO,Mexican,33.87399,-90.902075,False,4.5,4.5,0,0.0,0.0,0,,0,,5,5,Elite,True,True
e79a3345-5f1a-4493-9b76-e3d05de99191,Restaurant 1999,Philadelphia,CO,Italian,42.922072,-84.862824,True,3.5,3.5,0,0.0,0.0,0,,0,,5,5,Elite,True,False
cb8f8a44-90f9-4667-b289-8ee7f3cad5ae,Restaurant 1052,Philadelphia,NY,Thai,26.061824,-72.981297,False,3.0,3.0,0,0.0,0.0,0,,0,,3,1,Average,False,True
facf871c-ddab-457a-b811-7383bd631314,Restaurant 1054,Philadelphia,NY,Seafood,29.325694,-108.515992,True,2.5,2.5,0,0.0,0.0,0,,0,,3,1,Average,False,False
39b4e4fe-e6c7-4096-b1fb-3e64de5e099a,Restaurant 2,Philadelphia,NY,Chinese,38.553111,-80.481325,False,1.0,1.0,0,0.0,0.0,0,,0,,1,1,Low,False,True
f37b17d4-a786-4ec5-bf74-fd0405de96f7,Restaurant 7,Philadelphia,NY,American (New),31.14049,-73.483998,True,1.5,1.5,0,0.0,0.0,0,,0,,1,1,Low,False,False
96060ead-4793-4cbe-869c-f2dc3e186cdc,Restaurant 1057,Philadelphia,NY,Burgers,37.96377,-89.372589,True,5.0,5.0,0,0.0,0.0,0,,0,,3,1,Average,False,False
5099fcfd-f316-438f-8ac1-7e344eacd601,Restaurant 24,Philadelphia,NY,Coffee & Tea,29.374805,-100.326255,False,4.0,4.0,0,0.0,0.0,0,,0,,1,1,Low,False,True
298f9476-abf4-4686-aff2-c3072f4a8f26,Restaurant 1060,Philadelphia,NY,Sushi,25.226857,-104.256421,True,2.5,2.5,0,0.0,0.0,0,,0,,3,1,Average,False,False
6cdafd24-501f-4baf-a2a0-b25d10ed29d8,Restaurant 32,Philadelphia,NY,Sushi,34.103074,-88.057038,False,3.0,3.0,0,0.0,0.0,0,,0,,1,1,Low,False,True
aa11f3c2-cd44-451f-b280-10a2822c9c35,Restaurant 1083,Philadelphia,NY,Italian,40.601137,-106.182245,False,1.0,1.0,0,0.0,0.0,0,,0,,3,1,Average,False,True
d97c5d40-0d71-4df7-88db-6df30563b36a,Restaurant 47,Philadelphia,NY,Chinese,26.02089,-101.016837,True,5.0,5.0,0,0.0,0.0,0,,0,,1,1,Low,False,False
e7352eaa-c694-44a5-a670-e944f17914f0,Restaurant 1096,Philadelphia,NY,Coffee & Tea,37.661401,-111.111097,False,5.0,5.0,0,0.0,0.0,0,,0,,3,1,Average,False,True
5a375f5d-0922-4c68-b1fb-60663f29dbc0,Restaurant 59,Philadelphia,NY,Chinese,40.960846,-86.146947,False,1.5,1.5,0,0.0,0.0,0,,0,,1,1,Low,False,True
cffe33bf-1698-4197-bdca-f40770074e4b,Restaurant 1100,Philadelphia,NY,American (New),25.082813,-93.545611,False,1.0,1.0,0,0.0,0.0,0,,0,,3,1,Average,False,True
c3e355af-1040-46b2-bfb7-02b686674d50,Restaurant 1103,Philadelphia,NY,Chinese,37.295683,-124.923002,False,3.5,3.5,0,0.0,0.0,0,,0,,3,1,Average,False,True
0365a1ea-9ca0-435c-9685-3c96fe5c460d,Restaurant 1105,Philadelphia,NY,Burgers,29.064911,-71.561741,True,5.0,5.0,0,0.0,0.0,0,,0,,3,1,Average,False,False
c13eddfa-ef0a-40e4-a8fc-d94c8b71948d,Restaurant 69,Philadelphia,NY,Chinese,41.035439,-108.412952,True,1.5,1.5,0,0.0,0.0,0,,0,,1,1,Low,False,False
02d00be4-8b01-45a5-a452-a6fa965fa8e9,Restaurant 1114,Philadelphia,NY,Pizza,37.501108,-110.289885,True,5.0,5.0,0,0.0,0.0,0,,0,,3,1,Average,False,False
063d3473-d07e-4b6d-bdd5-1986ea61e436,Restaurant 1116,Philadelphia,NY,Sushi,33.86381,-105.567955,False,3.0,3.0,0,0.0,0.0,0,,0,,3,1,Average,False,True
31583592-66ae-4a33-825b-26302719afd0,Restaurant 1126,Philadelphia,NY,Chinese,33.335164,-98.934051,True,2.0,2.0,0,0.0,0.0,0,,0,,3,1,Average,False,False
9f7672b1-a4fc-475e-a17b-972ab79d058f,Restaurant 1135,Philadelphia,NY,Coffee & Tea,29.224957,-83.970234,True,5.0,5.0,0,0.0,0.0,0,,0,,3,1,Average,False,False
3a1b6379-6f34-4b2d-96e3-eac5b3714a0a,Restaurant 1157,Philadelphia,NY,Sushi,46.910835,-87.398071,True,3.0,3.0,0,0.0,0.0,0,,0,,3,1,Average,False,False
671424c6-a8b2-4f4f-b4ab-f79745a6ab3c,Restaurant 118,Philadelphia,NY,Thai,43.089795,-76.794667,False,3.5,3.5,0,0.0,0.0,0,,0,,1,1,Low,False,True
d120f4a6-15d8-4184-9a94-29cd185705c0,Restaurant 126,Philadelphia,NY,Burgers,27.285156,-87.287585,True,5.0,5.0,0,0.0,0.0,0,,0,,1,1,Low,False,False
fec37f86-aa4f-4db4-9265-1d75f06af877,Restaurant 127,Philadelphia,NY,Pizza,46.827248,-79.66949,True,1.5,1.5,0,0.0,0.0,0,,0,,1,1,Low,False,False
e90ff2da-f719-411d-aa94-f7ced6c8b930,Restaurant 128,Philadelphia,NY,Mexican,43.100496,-113.713693,True,5.0,5.0,0,0.0,0.0,0,,0,,1,1,Low,False,False
76169414-a71f-468a-b374-116a510848ee,Restaurant 1172,Philadelphia,NY,Mexican,31.522902,-76.621606,False,3.0,3.0,0,0.0,0.0,0,,0,,3,1,Average,False,True
1ec7f9db-06e8-4a5d-8a93-a7a7fbb637cc,Restaurant 1179,Philadelphia,NY,Italian,44.330506,-85.052806,True,4.0,4.0,0,0.0,0.0,0,,0,,3,1,Average,False,False
dfc58364-2ae8-4afb-b2c8-e215370312d1,Restaurant 136,Philadelphia,NY,Burgers,32.795427,-100.05756,False,4.0,4.0,0,0.0,0.0,0,,0,,1,1,Low,False,True
327ace53-d67d-4447-a058-fca86dead6b8,Restaurant 1189,Philadelphia,NY,Seafood,28.978069,-87.21184,True,3.0,3.0,0,0.0,0.0,0,,0,,3,1,Average,False,False
c0de4b8e-2fa3-4c05-853c-3063b5b95a2f,Restaurant 1207,Philadelphia,NY,Mexican,35.992317,-98.044289,False,3.0,3.0,0,0.0,0.0,0,,0,,4,1,Strong,False,True
79e489a0-38cc-4719-a689-7abac44f0c10,Restaurant 153,Philadelphia,NY,Chinese,42.919711,-120.799134,True,1.5,1.5,0,0.0,0.0,0,,0,,1,1,Low,False,False
4b8d4948-c14d-4911-be86-42b214d345d5,Restaurant 1210,Philadelphia,NY,Thai,42.516858,-96.733998,False,3.5,3.5,0,0.0,0.0,0,,0,,4,1,Strong,False,True
1ffb7371-3bdd-4f43-bb37-364b43d2b53b,Restaurant 168,Philadelphia,NY,Italian,39.043695,-83.618486,True,4.5,4.5,0,0.0,0.0,0,,0,,1,1,Low,False,False
f8e1f755-8325-43dc-bb9c-b0ec3f71272b,Restaurant 169,Philadelphia,NY,Burgers,40.601057,-93.626933,False,4.5,4.5,0,0.0,0.0,0,,0,,1,1,Low,False,True
c1f2b7f8-09a2-47af-93da-ee9115d68f17,Restaurant 1213,Philadelphia,NY,Chinese,45.564255,-114.713363,False,1.0,1.0,0,0.0,0.0,0,,0,,4,1,Strong,False,True
38c0b299-0de7-4c08-bbab-70f27eb5f983,Restaurant 1217,Philadelphia,NY,Mexican,30.050335,-122.077423,False,1.0,1.0,0,0.0,0.0,0,,0,,4,1,Strong,False,True
251b15a9-5276-426e-a095-bcf10d864deb,Restaurant 183,Philadelphia,NY,Italian,32.258704,-107.945826,False,4.0,4.0,0,0.0,0.0,0,,0,,1,1,Low,False,True
6c488b5a-1b56-4287-9841-6d102265b707,Restaurant 184,Philadelphia,NY,Chinese,33.210406,-82.053714,True,3.5,3.5,0,0.0,0.0,0,,0,,1,1,Low,False,False
41af0b3d-cc13-4170-8677-a9ff4a0b8587,Restaurant 1266,Philadelphia,NY,Burgers,38.83426,-106.799411,False,2.5,2.5,0,0.0,0.0,0,,0,,4,1,Strong,False,True
a75e2d77-f5a9-4ebb-a017-a1d1675389a0,Restaurant 201,Philadelphia,NY,American (New),46.996087,-109.905193,True,3.0,3.0,0,0.0,0.0,0,,0,,1,1,Low,False,False
0a70f56d-dc81-418d-8d3d-df8febb33d1b,Restaurant 1276,Philadelphia,NY,Pizza,42.191941,-76.141556,True,5.0,5.0,0,0.0,0.0,0,,0,,4,1,Strong,False,False
2e035901-c4b2-4026-83ea-2d57ddb80151,Restaurant 1278,Philadelphia,NY,Italian,27.983474,-103.119974,True,1.5,1.5,0,0.0,0.0,0,,0,,4,2,Strong,False,False
65b3c406-3f54-468f-8f73-e403b942f881,Restaurant 1279,Philadelphia,NY,Chinese,41.220869,-80.261634,False,2.5,2.5,0,0.0,0.0,0,,0,,4,2,Strong,False,True
e2c5120f-4685-4868-a145-2da148452a59,Restaurant 1282,Philadelphia,NY,Coffee & Tea,33.56497,-80.099116,True,2.0,2.0,0,0.0,0.0,0,,0,,4,2,Strong,False,False
353679c0-b6cf-4b88-8a6c-939619a08447,Restaurant 232,Philadelphia,NY,Thai,41.98979,-78.231679,False,1.0,1.0,0,0.0,0.0,0,,0,,1,2,Low,False,True
c9b1e53e-1290-451e-a352-412069e5b535,Restaurant 239,Philadelphia,NY,Sushi,40.359081,-99.403275,False,2.0,2.0,0,0.0,0.0,0,,0,,1,2,Low,False,True
0203e5d7-3c6e-40c3-b47d-0139d21187f4,Restaurant 251,Philadelphia,NY,Sushi,25.740998,-88.689127,True,1.0,1.0,0,0.0,0.0,0,,0,,1,2,Low,False,False
4ce90dc4-21f7-4d01-a00c-7bc039719b7e,Restaurant 253,Philadelphia,NY,Mexican,29.997192,-77.494837,False,1.0,1.0,0,0.0,0.0,0,,0,,1,2,Low,False,True
9415da49-717a-45c9-9cb1-a04230b67453,Restaurant 255,Philadelphia,NY,Pizza,31.911522,-121.64733,False,2.0,2.0,0,0.0,0.0,0,,0,,1,2,Low,False,True
ac1068c0-1db2-4a25-9f08-90c6f0bd239f,Restaurant 1285,Philadelphia,NY,Pizza,33.72452,-88.704087,False,5.0,5.0,0,0.0,0.0,0,,0,,4,2,Strong,False,True
49394ff4-c479-4da5-96f6-107b7f0e89ee,Restaurant 1289,Philadelphia,NY,American (New),45.87739,-109.561493,True,3.0,3.0,0,0.0,0.0,0,,0,,4,2,Strong,False,False
a4a737b7-05cc-4d68-b2cf-6837a2c87f8b,Restaurant 273,Philadelphia,NY,Burgers,40.732957,-78.367309,False,1.0,1.0,0,0.0,0.0,0,,0,,1,2,Low,False,True
728edd11-307d-472b-95b1-69e8bff5f75f,Restaurant 278,Philadelphia,NY,Thai,44.196963,-103.596387,False,5.0,5.0,0,0.0,0.0,0,,0,,1,2,Low,False,True
b2a9eb8d-9753-4880-9b23-3398c865a5f1,Restaurant 1305,Philadelphia,NY,American (New),41.854362,-76.587527,False,3.5,3.5,0,0.0,0.0,0,,0,,4,2,Strong,False,True
b87ada2e-41fc-46d0-8c45-9bd99575ca3a,Restaurant 310,Philadelphia,NY,Burgers,47.168069,-97.200909,False,4.5,4.5,0,0.0,0.0,0,,0,,1,2,Low,False,True
fad6bf46-cf2e-4ece-a7e3-97c2a1ca7103,Restaurant 314,Philadelphia,NY,Coffee & Tea,45.120626,-123.227328,True,3.0,3.0,0,0.0,0.0,0,,0,,1,2,Low,False,False
f6ff3cd3-be23-4c66-bbfe-90acaf1dbd1c,Restaurant 315,Philadelphia,NY,Thai,43.646162,-92.664186,False,3.5,3.5,0,0.0,0.0,0,,0,,1,2,Low,False,True
51574129-05a3-4c6c-ad79-2db0a1cc99dd,Restaurant 316,Philadelphia,NY,Chinese,43.525131,-93.645911,True,5.0,5.0,0,0.0,0.0,0,,0,,1,2,Low,False,False
88eeb713-088a-4c7d-a7c3-dcaf7dc7e7cb,Restaurant 1338,Philadelphia,NY,Chinese,44.277428,-103.246054,True,2.5,2.5,0,0.0,0.0,0,,0,,4,2,Strong,False,False
56ea1ba4-651f-412e-8080-50ddd4271e27,Restaurant 326,Philadelphia,NY,Pizza,26.792591,-92.347628,True,5.0,5.0,0,0.0,0.0,0,,0,,1,2,Low,False,False
1edf6834-b795-47ff-9df4-f7d8c814259b,Restaurant 1345,Philadelphia,NY,Burgers,37.902914,-98.415776,True,5.0,5.0,0,0.0,0.0,0,,0,,4,2,Strong,False,False
d910e224-61c9-4140-a64c-618d1dc93073,Restaurant 330,Philadelphia,NY,Chinese,45.621638,-117.299277,False,1.5,1.5,0,0.0,0.0,0,,0,,1,2,Low,False,True
12f16d9a-5a6a-4fd5-b81a-4e7f8651d940,Restaurant 332,Philadelphia,NY,Mexican,38.959318,-114.624441,True,4.0,4.0,0,0.0,0.0,0,,0,,1,2,Low,False,False
cd9ea75a-da23-4962-b22f-c8ae67e5d94c,Restaurant 1357,Philadelphia,NY,Pizza,46.322831,-85.392836,False,2.0,2.0,0,0.0,0.0,0,,0,,4,2,Strong,False,True
2d700e6c-01a1-4142-b5b3-cf99305e822c,Restaurant 1364,Philadelphia,NY,Coffee & Tea,27.10078,-80.815539,True,2.0,2.0,0,0.0,0.0,0,,0,,4,2,Strong,False,False
180960e6-f823-4317-9f3e-438b57ef4c5c,Restaurant 345,Philadelphia,NY,Sushi,46.06466,-107.403567,False,1.5,1.5,0,0.0,0.0,0,,0,,1,2,Low,False,True
f1c04b39-56d3-4823-b4b0-1efa4673884a,Restaurant 1370,Philadelphia,NY,Chinese,33.606735,-73.674416,False,1.0,1.0,0,0.0,0.0,0,,0,,4,2,Strong,False,True
e4dd73f6-70d3-4437-98a7-28efa8873ba4,Restaurant 1371,Philadelphia,NY,Seafood,38.482333,-106.935165,True,3.5,3.5,0,0.0,0.0,0,,0,,4,2,Strong,False,False
32e8743d-c22c-4dab-a02a-7cf89e146053,Restaurant 357,Philadelphia,NY,Pizza,34.113623,-122.307716,True,3.0,3.0,0,0.0,0.0,0,,0,,1,2,Low,False,False
86432427-0ffb-461a-9489-ae6ff0530645,Restaurant 1383,Philadelphia,NY,Coffee & Tea,47.523399,-110.735525,True,4.5,4.5,0,0.0,0.0,0,,0,,4,2,Strong,False,False
cc6ff513-c574-48f9-b2ec-4493c18b579a,Restaurant 1391,Philadelphia,NY,Pizza,41.637566,-91.948194,False,4.5,4.5,0,0.0,0.0,0,,0,,4,2,Strong,False,True
bcf3dd2d-e083-463a-be2b-f8ef59aa6c4e,Restaurant 1396,Philadelphia,NY,Coffee & Tea,27.073839,-111.539711,True,5.0,5.0,0,0.0,0.0,0,,0,,4,2,Strong,False,False
1d140dd2-1477-4ba9-b6bf-8798756b6199,Restaurant 378,Philadelphia,NY,Burgers,40.94305,-105.723536,True,1.5,1.5,0,0.0,0.0,0,,0,,1,2,Low,False,False
136f3e33-7563-4f27-89d7-b708276f7a5e,Restaurant 384,Philadelphia,NY,Chinese,26.141615,-93.552661,True,4.5,4.5,0,0.0,0.0,0,,0,,1,2,Low,False,False
5b262e0b-16f4-4533-885a-32d3b65356a9,Restaurant 1401,Philadelphia,NY,Burgers,29.858344,-101.052965,True,3.5,3.5,0,0.0,0.0,0,,0,,4,2,Strong,False,False
1080357b-bb63-47e9-af21-8270650b4d3e,Restaurant 1430,Philadelphia,NY,Pizza,25.667943,-112.669406,False,5.0,5.0,0,0.0,0.0,0,,0,,4,2,Strong,False,True
1ebf0d78-fcae-486e-a690-6ca1556d30bd,Restaurant 392,Philadelphia,NY,Seafood,27.902278,-101.714381,True,4.0,4.0,0,0.0,0.0,0,,0,,1,2,Low,False,False
d56a974c-cbdf-44b3-bea7-98f690cbb753,Restaurant 1440,Philadelphia,NY,Seafood,32.876187,-87.094324,False,3.5,3.5,0,0.0,0.0,0,,0,,4,2,Strong,False,True
2ce46e86-6c14-4f63-8243-80679d286b48,Restaurant 399,Philadelphia,NY,Seafood,31.91105,-84.0952,False,3.5,3.5,0,0.0,0.0,0,,0,,1,2,Low,False,True
8b481235-ee04-4e01-b594-2a278eaec2a3,Restaurant 400,Philadelphia,NY,Pizza,29.861982,-79.681681,False,4.5,4.5,0,0.0,0.0,0,,0,,2,2,Below Average,False,True
19ec6f2a-8d7a-4f4c-81b2-d98cb463b3a8,Restaurant 402,Philadelphia,NY,Chinese,30.738276,-99.895323,False,3.5,3.5,0,0.0,0.0,0,,0,,2,2,Below Average,False,True
6e3f991c-0222-4fa5-9d5f-cbac2558eb9e,Restaurant 1455,Philadelphia,NY,Burgers,43.532615,-91.207269,False,4.5,4.5,0,0.0,0.0,0,,0,,4,2,Strong,False,True
874784c7-743a-432a-9a60-8e2efb000967,Restaurant 1460,Philadelphia,NY,Italian,32.065608,-108.20389,True,5.0,5.0,0,0.0,0.0,0,,0,,4,3,Strong,False,False
a0c2504d-5cfc-4561-95d6-1ed407a24aeb,Restaurant 415,Philadelphia,NY,Coffee & Tea,34.670869,-76.223605,False,3.5,3.5,0,0.0,0.0,0,,0,,2,3,Below Average,False,True
5575dc82-46ab-4faa-ba57-04b349d1ce3e,Restaurant 422,Philadelphia,NY,American (New),40.951069,-106.060762,False,2.0,2.0,0,0.0,0.0,0,,0,,2,3,Below Average,False,True
817f20ff-3f1b-4659-9c5d-e2ec34e24e68,Restaurant 425,Philadelphia,NY,Italian,38.562935,-115.705839,False,3.5,3.5,0,0.0,0.0,0,,0,,2,3,Below Average,False,True
192997ea-b905-4a62-b3a8-b2f55d3384dd,Restaurant 1473,Philadelphia,NY,Thai,33.330687,-114.055815,True,3.0,3.0,0,0.0,0.0,0,,0,,4,3,Strong,False,False
ea1d2589-4082-4dc2-959a-36d1fe170df1,Restaurant 1485,Philadelphia,NY,Seafood,26.131929,-100.879923,False,2.5,2.5,0,0.0,0.0,0,,0,,4,3,Strong,False,True
79c9775b-095b-44c4-b4ee-96f2dbff6a06,Restaurant 1512,Philadelphia,NY,American (New),26.12498,-71.696949,False,4.0,4.0,0,0.0,0.0,0,,0,,4,3,Strong,False,True
d456ef09-40b6-4e63-be6e-36b3faa8782b,Restaurant 448,Philadelphia,NY,Sushi,46.394974,-103.390693,False,4.5,4.5,0,0.0,0.0,0,,0,,2,3,Below Average,False,True
6652b67b-f609-4dfb-832f-f66d00bf8199,Restaurant 1534,Philadelphia,NY,Burgers,32.142134,-97.16344,True,5.0,5.0,0,0.0,0.0,0,,0,,4,3,Strong,False,False
a34497c4-8dc7-4519-8104-0c8188fb47c5,Restaurant 460,Philadelphia,NY,Seafood,44.983549,-77.675539,False,4.5,4.5,0,0.0,0.0,0,,0,,2,3,Below Average,False,True
9f383e3c-88b2-464f-ae08-590111c9c63b,Restaurant 1535,Philadelphia,NY,Chinese,27.082471,-92.111684,True,4.0,4.0,0,0.0,0.0,0,,0,,4,3,Strong,False,False
3cdf47e2-378b-49af-b4d8-e50d8cc6e15a,Restaurant 471,Philadelphia,NY,Thai,34.756817,-119.284025,True,5.0,5.0,0,0.0,0.0,0,,0,,2,3,Below Average,False,False
76089146-c85d-474a-9914-a554171053c7,Restaurant 1538,Philadelphia,NY,Mexican,35.128186,-80.366107,False,2.0,2.0,0,0.0,0.0,0,,0,,4,3,Strong,False,True
ec7dadd1-ef65-44d3-a60c-b2d2664b97fb,Restaurant 482,Philadelphia,NY,Seafood,36.174808,-106.940966,True,3.0,3.0,0,0.0,0.0,0,,0,,2,3,Below Average,False,False
4f4eb30c-a58d-41fa-a2ba-6f04b0f889d1,Restaurant 1556,Philadelphia,NY,Thai,39.280065,-115.001731,True,2.5,2.5,0,0.0,0.0,0,,0,,4,3,Strong,False,False
2954edfc-6aee-4abc-98c8-6cb2420518ba,Restaurant 1569,Philadelphia,NY,Pizza,26.67816,-113.801547,True,2.5,2.5,0,0.0,0.0,0,,0,,4,3,Strong,False,False
5281eec6-5016-4df4-9c45-d4ec0e5a9831,Restaurant 518,Philadelphia,NY,Italian,47.150314,-99.988255,True,4.0,4.0,0,0.0,0.0,0,,0,,2,3,Below Average,False,False
aa743637-010b-4033-9774-3e2e956bf8b5,Restaurant 525,Philadelphia,NY,Thai,45.073077,-113.627175,False,2.5,2.5,0,0.0,0.0,0,,0,,2,3,Below Average,False,True
9d74c87a-f4fb-4b32-8f9e-a5cb3dca9742,Restaurant 532,Philadelphia,NY,Thai,41.11639,-104.52297,False,4.0,4.0,0,0.0,0.0,0,,0,,2,3,Below Average,False,True
ac2c53de-d616-4215-9a65-ff045f5b0904,Restaurant 536,Philadelphia,NY,Chinese,35.960407,-90.357578,False,4.5,4.5,0,0.0,0.0,0,,0,,2,3,Below Average,False,True
3c2578e4-5752-4a56-b12e-e1ac28172257,Restaurant 1570,Philadelphia,NY,Burgers,46.259181,-124.739367,True,2.5,2.5,0,0.0,0.0,0,,0,,4,3,Strong,False,False
862a54b4-7ff5-45f3-9f0c-953a0e33aef4,Restaurant 1572,Philadelphia,NY,Burgers,41.942572,-110.006178,False,1.0,1.0,0,0.0,0.0,0,,0,,4,3,Strong,False,True
c634f514-ac1c-4260-b56f-22cef8c60fbe,Restaurant 1573,Philadelphia,NY,Thai,30.828786,-124.426366,False,4.0,4.0,0,0.0,0.0,0,,0,,4,3,Strong,False,True
43b9b9bd-5ee1-416b-8d9f-041d4e762f71,Restaurant 1579,Philadelphia,NY,Thai,26.006432,-124.218387,False,2.0,2.0,0,0.0,0.0,0,,0,,4,3,Strong,False,True
e4b65d83-bb6a-4122-91e8-1c2f114187ca,Restaurant 559,Philadelphia,NY,Italian,41.912424,-119.832183,False,2.5,2.5,0,0.0,0.0,0,,0,,2,3,Below Average,False,True
9415a31e-0086-423a-9829-8b02075b25f7,Restaurant 1581,Philadelphia,NY,Sushi,39.425913,-106.526125,False,4.5,4.5,0,0.0,0.0,0,,0,,4,3,Strong,False,True
2f817f00-6f17-4007-9a83-6f408dde3733,Restaurant 1591,Philadelphia,NY,Chinese,29.475845,-76.951663,False,3.5,3.5,0,0.0,0.0,0,,0,,4,3,Strong,False,True
e28aee60-dc9f-4096-b135-c64361050bd8,Restaurant 567,Philadelphia,NY,Sushi,29.292415,-105.878443,True,4.5,4.5,0,0.0,0.0,0,,0,,2,3,Below Average,False,False
c7dae061-4e20-4b09-8a64-bbdef93429bb,Restaurant 570,Philadelphia,NY,Burgers,40.714156,-82.884625,False,2.0,2.0,0,0.0,0.0,0,,0,,2,3,Below Average,False,True
3b2809a6-93e2-409e-b4cd-65df73ed4b5b,Restaurant 573,Philadelphia,NY,Coffee & Tea,41.510439,-124.280264,True,2.5,2.5,0,0.0,0.0,0,,0,,2,3,Below Average,False,False
ace9f434-cac5-4812-bfd9-871c0b363a0b,Restaurant 580,Philadelphia,NY,Coffee & Tea,42.611289,-74.061919,False,3.0,3.0,0,0.0,0.0,0,,0,,2,3,Below Average,False,True
dc50cfe8-8361-4f2f-bba0-b5dbdab42b85,Restaurant 1592,Philadelphia,NY,Pizza,28.250624,-119.02424,False,4.5,4.5,0,0.0,0.0,0,,0,,4,3,Strong,False,True
eb40b553-2333-4d38-96af-9021bfacbad7,Restaurant 582,Philadelphia,NY,Sushi,44.68157,-123.806425,True,3.0,3.0,0,0.0,0.0,0,,0,,2,3,Below Average,False,False
8145e048-7580-4eb1-b904-e733ccd7420c,Restaurant 593,Philadelphia,NY,Seafood,32.924073,-88.952458,False,3.0,3.0,0,0.0,0.0,0,,0,,2,3,Below Average,False,True
0c8ca1c5-7f81-4d41-911c-3d02110a1838,Restaurant 1593,Philadelphia,NY,Thai,37.688941,-116.380436,False,4.0,4.0,0,0.0,0.0,0,,0,,4,3,Strong,False,True
70f65296-e230-4a5f-a9ad-b143e809fee4,Restaurant 600,Philadelphia,NY,Thai,36.696428,-85.967116,True,3.5,3.5,0,0.0,0.0,0,,0,,2,3,Below Average,False,False
f5236ca3-c33d-4550-a050-38a6df143fa8,Restaurant 1595,Philadelphia,NY,Seafood,34.459664,-99.228113,False,2.0,2.0,0,0.0,0.0,0,,0,,4,3,Strong,False,True
8416128e-8127-4e26-b728-0374197fdb17,Restaurant 610,Philadelphia,NY,Chinese,33.263011,-87.152229,False,4.5,4.5,0,0.0,0.0,0,,0,,2,3,Below Average,False,True
d4eee952-6069-46d0-a0d3-2142b6f8d900,Restaurant 1606,Philadelphia,NY,Coffee & Tea,31.051608,-70.211534,False,3.5,3.5,0,0.0,0.0,0,,0,,5,3,Elite,True,True
7fca1ce5-29e0-48d7-8563-3c66d2fc7754,Restaurant 616,Philadelphia,NY,Burgers,35.109739,-76.358133,True,3.0,3.0,0,0.0,0.0,0,,0,,2,3,Below Average,False,False
42212f1b-f9b1-4ef9-b351-4fe5f5d68f5b,Restaurant 1608,Philadelphia,NY,Chinese,33.740389,-123.020926,False,3.0,3.0,0,0.0,0.0,0,,0,,5,3,Elite,True,True
62ae2b8a-f11d-4711-a2ae-3f025e299987,Restaurant 623,Philadelphia,NY,American (New),39.318888,-111.078896,False,4.5,4.5,0,0.0,0.0,0,,0,,2,4,Below Average,False,True
55f1bf6b-991c-46d0-802f-5be749f4f705,Restaurant 1617,Philadelphia,NY,Thai,41.165966,-120.832113,True,2.0,2.0,0,0.0,0.0,0,,0,,5,4,Elite,True,False
37aca1fd-fdf9-4acc-8a17-363e7518565e,Restaurant 630,Philadelphia,NY,Seafood,26.338246,-93.574811,False,5.0,5.0,0,0.0,0.0,0,,0,,2,4,Below Average,False,True
82473a88-2bff-46ca-8caa-b0171d772a5c,Restaurant 1619,Philadelphia,NY,Sushi,25.160611,-76.019416,True,3.0,3.0,0,0.0,0.0,0,,0,,5,4,Elite,True,False
125a6011-9e50-4dca-9f3d-5ee791dafc79,Restaurant 1633,Philadelphia,NY,Mexican,47.2059,-82.012268,True,2.5,2.5,0,0.0,0.0,0,,0,,5,4,Elite,True,False
a5f39c7d-a96f-43d0-ab8b-145403d850d6,Restaurant 671,Philadelphia,NY,Seafood,31.19276,-74.038955,True,3.5,3.5,0,0.0,0.0,0,,0,,2,4,Below Average,False,False
878ba491-1624-47e0-86e9-4a5218748211,Restaurant 1638,Philadelphia,NY,Mexican,29.328486,-74.195996,True,1.5,1.5,0,0.0,0.0,0,,0,,5,4,Elite,True,False
26120823-6402-4618-a97b-fa2008a87cc0,Restaurant 679,Philadelphia,NY,Thai,29.158611,-95.993613,True,1.0,1.0,0,0.0,0.0,0,,0,,2,4,Below Average,False,False
9b639ae5-6f5d-4998-af58-fa7ce597a4bb,Restaurant 1649,Philadelphia,NY,Coffee & Tea,26.299826,-87.406293,True,1.0,1.0,0,0.0,0.0,0,,0,,5,4,Elite,True,False
f1e6cba0-0e27-48d0-8b68-f24731377764,Restaurant 1677,Philadelphia,NY,Thai,33.07609,-102.560085,False,1.5,1.5,0,0.0,0.0,0,,0,,5,4,Elite,True,True
0a172f7f-ca49-4267-acba-93ae1702570e,Restaurant 713,Philadelphia,NY,Coffee & Tea,27.70268,-95.839054,True,1.5,1.5,0,0.0,0.0,0,,0,,2,4,Below Average,False,False
3634ec04-1cc3-44c4-9642-fcf5de9c1b49,Restaurant 1679,Philadelphia,NY,Pizza,39.679718,-72.664719,True,2.5,2.5,0,0.0,0.0,0,,0,,5,4,Elite,True,False
6153cd4a-1c53-4bf8-8ca6-d7f2d5096151,Restaurant 1692,Philadelphia,NY,Sushi,44.908009,-92.90366,False,4.5,4.5,0,0.0,0.0,0,,0,,5,4,Elite,True,True
4be517bb-bb0c-411b-9b63-724270e10e30,Restaurant 1704,Philadelphia,NY,Thai,41.709391,-104.447477,True,4.5,4.5,0,0.0,0.0,0,,0,,5,4,Elite,True,False
ee97d322-c143-4e9d-b557-376b193f7441,Restaurant 724,Philadelphia,NY,Burgers,32.527807,-93.129313,True,2.0,2.0,0,0.0,0.0,0,,0,,2,4,Below Average,False,False
332cc67d-b317-4dbd-a7fd-de8fe2c56e27,Restaurant 1711,Philadelphia,NY,Mexican,36.906451,-102.365342,False,3.0,3.0,0,0.0,0.0,0,,0,,5,4,Elite,True,True
11264f5b-26e6-45b1-88b4-67e23deb3a46,Restaurant 1721,Philadelphia,NY,Thai,38.88421,-83.655039,True,5.0,5.0,0,0.0,0.0,0,,0,,5,4,Elite,True,False
88abaa52-b757-4ac5-9065-60ba401e1bd4,Restaurant 1724,Philadelphia,NY,Sushi,35.568652,-115.889659,False,2.0,2.0,0,0.0,0.0,0,,0,,5,4,Elite,True,True
34943ff1-6675-4665-8bee-78dc85300de0,Restaurant 733,Philadelphia,NY,Pizza,32.370668,-75.613683,False,5.0,5.0,0,0.0,0.0,0,,0,,2,4,Below Average,False,True
a90d01c0-750d-4f9a-90d8-d1b2ea8cd97a,Restaurant 1725,Philadelphia,NY,Mexican,32.095367,-93.119934,True,4.0,4.0,0,0.0,0.0,0,,0,,5,4,Elite,True,False
5317d8c8-53d0-4405-b376-dfe0d224f6b9,Restaurant 1727,Philadelphia,NY,Pizza,36.304956,-81.572673,False,5.0,5.0,0,0.0,0.0,0,,0,,5,4,Elite,True,True
9a59ba45-42d3-4f69-808e-edff0298fa82,Restaurant 755,Philadelphia,NY,Seafood,44.142526,-109.079526,False,4.5,4.5,0,0.0,0.0,0,,0,,2,4,Below Average,False,True
5e0405cc-e039-43c1-9654-c2b16d645bd6,Restaurant 1733,Philadelphia,NY,Chinese,39.835206,-92.049213,False,2.5,2.5,0,0.0,0.0,0,,0,,5,4,Elite,True,True
f5c17b8d-5b20-4d51-81dd-d9cc2395f179,Restaurant 781,Philadelphia,NY,Italian,44.412679,-102.764103,False,2.5,2.5,0,0.0,0.0,0,,0,,2,4,Below Average,False,True
319c27e1-7578-4321-8359-8b17365b6162,Restaurant 784,Philadelphia,NY,Pizza,46.675269,-123.365206,False,1.0,1.0,0,0.0,0.0,0,,0,,2,4,Below Average,False,True
20191d69-1d79-4e4e-8a1b-96b778ba2eb2,Restaurant 1734,Philadelphia,NY,Sushi,41.263405,-116.268548,False,5.0,5.0,0,0.0,0.0,0,,0,,5,4,Elite,True,True
006a91e3-4ddc-4bc0-bf32-45a13c6b4211,Restaurant 796,Philadelphia,NY,Chinese,36.424822,-80.369855,False,3.5,3.5,0,0.0,0.0,0,,0,,2,4,Below Average,False,True
02c4fa7d-b7ff-4a74-a580-63dfb288527d,Restaurant 797,Philadelphia,NY,Italian,39.615217,-71.4241,True,1.5,1.5,0,0.0,0.0,0,,0,,2,4,Below Average,False,False
3e0398f8-e0f9-455b-bfa5-ffccefd9ee9d,Restaurant 1747,Philadelphia,NY,Burgers,25.376695,-112.511068,False,4.5,4.5,0,0.0,0.0,0,,0,,5,4,Elite,True,True
90aab484-493d-41d2-ac0f-c0bac804ee9f,Restaurant 802,Philadelphia,NY,Seafood,47.128693,-84.178559,False,4.5,4.5,0,0.0,0.0,0,,0,,3,4,Average,False,True
8d07db44-04fd-476a-9590-97fccab3e844,Restaurant 809,Philadelphia,NY,Coffee & Tea,38.132388,-97.486331,False,1.5,1.5,0,0.0,0.0,0,,0,,3,4,Average,False,True
9599c638-49dd-46d8-84f9-8f916ca8ae36,Restaurant 810,Philadelphia,NY,Mexican,27.812367,-80.632201,False,3.5,3.5,0,0.0,0.0,0,,0,,3,4,Average,False,True
455969b1-2c40-40b5-8bc4-f678997233c2,Restaurant 811,Philadelphia,NY,Italian,27.456722,-113.224025,False,3.0,3.0,0,0.0,0.0,0,,0,,3,4,Average,False,True
46dfbcd2-f634-47ac-90bd-36d96f4c9cc3,Restaurant 1756,Philadelphia,NY,Seafood,26.012309,-124.33369,False,2.0,2.0,0,0.0,0.0,0,,0,,5,4,Elite,True,True
e84a0b9a-5553-40b7-a29c-96af2b4997c2,Restaurant 1764,Philadelphia,NY,Burgers,39.330337,-72.832961,True,1.5,1.5,0,0.0,0.0,0,,0,,5,4,Elite,True,False
3b8f2820-4b18-45f6-8a13-0bc9b5576a0d,Restaurant 836,Philadelphia,NY,Coffee & Tea,25.824832,-110.687682,True,4.5,4.5,0,0.0,0.0,0,,0,,3,4,Average,False,False
8c336c58-76a2-4012-821c-b804b4f42843,Restaurant 839,Philadelphia,NY,Mexican,47.954105,-124.773085,True,2.0,2.0,0,0.0,0.0,0,,0,,3,4,Average,False,False
a08276e4-7acc-4d1f-93df-07eb1e0a40c9,Restaurant 1767,Philadelphia,NY,Sushi,43.504179,-106.513879,False,3.5,3.5,0,0.0,0.0,0,,0,,5,4,Elite,True,True
8c6a6762-1042-4f85-a930-2a22a30e7e41,Restaurant 858,Philadelphia,NY,Sushi,39.918334,-89.26431,True,4.0,4.0,0,0.0,0.0,0,,0,,3,4,Average,False,False
30bac6ad-a2b2-4657-bb1f-ff60dfa73965,Restaurant 1771,Philadelphia,NY,Seafood,45.632291,-79.669499,False,4.5,4.5,0,0.0,0.0,0,,0,,5,4,Elite,True,True
5da2c863-e7fe-4da5-b849-dd39b5615e8d,Restaurant 1788,Philadelphia,NY,Burgers,31.088112,-75.966774,False,1.0,1.0,0,0.0,0.0,0,,0,,5,4,Elite,True,True
f17eb6e3-1383-4fde-91a0-894f8eed23b6,Restaurant 1793,Philadelphia,NY,Italian,25.475891,-117.856739,False,3.0,3.0,0,0.0,0.0,0,,0,,5,5,Elite,True,True
532b5dc6-cfaf-4ac2-a524-54e04c5e6913,Restaurant 876,Philadelphia,NY,Pizza,43.44068,-102.262482,False,4.0,4.0,0,0.0,0.0,0,,0,,3,5,Average,False,True
0f6a5cd4-c53b-474a-97c5-c728e98622ae,Restaurant 881,Philadelphia,NY,Mexican,26.938461,-95.441158,False,4.0,4.0,0,0.0,0.0,0,,0,,3,5,Average,False,True
b2b3c335-7e91-4a34-a7f4-e88ebd6c27d2,Restaurant 1825,Philadelphia,NY,Burgers,27.539579,-109.203453,True,3.0,3.0,0,0.0,0.0,0,,0,,5,5,Elite,True,False
de73b1c3-271f-4b79-8004-06a826e4cc6e,Restaurant 899,Philadelphia,NY,American (New),37.46219,-83.331166,False,5.0,5.0,0,0.0,0.0,0,,0,,3,5,Average,False,True
89641129-a7f7-4fb4-87cd-7fe4810b14d0,Restaurant 906,Philadelphia,NY,Sushi,42.299076,-92.768401,False,4.5,4.5,0,0.0,0.0,0,,0,,3,5,Average,False,True
aa1121a3-be59-47f5-b669-73dd401b7500,Restaurant 1832,Philadelphia,NY,Seafood,27.494723,-108.151407,False,4.0,4.0,0,0.0,0.0,0,,0,,5,5,Elite,True,True
7a88d7af-eb07-4444-931e-b37b1359be5f,Restaurant 910,Philadelphia,NY,Pizza,46.91009,-72.125634,True,5.0,5.0,0,0.0,0.0,0,,0,,3,5,Average,False,False
d3c2a1c5-fd88-4c8f-94a0-d9a98010e013,Restaurant 1834,Philadelphia,NY,Coffee & Tea,26.053479,-106.511861,False,4.5,4.5,0,0.0,0.0,0,,0,,5,5,Elite,True,True
bb14f7e8-a672-46ae-931e-24abbbe71421,Restaurant 1837,Philadelphia,NY,Sushi,33.530171,-122.986127,False,1.0,1.0,0,0.0,0.0,0,,0,,5,5,Elite,True,True
5716a482-72e0-4f24-9d04-7d302b34aa16,Restaurant 1840,Philadelphia,NY,Seafood,45.41177,-119.494855,True,5.0,5.0,0,0.0,0.0,0,,0,,5,5,Elite,True,False
69eb99ba-3ea2-4c72-bc72-39ea568641e1,Restaurant 1843,Philadelphia,NY,Pizza,28.050448,-99.652968,True,4.5,4.5,0,0.0,0.0,0,,0,,5,5,Elite,True,False
c7a27ee0-b732-4fb4-8af4-f8c0997b6031,Restaurant 925,Philadelphia,NY,Burgers,31.39246,-101.896586,True,4.5,4.5,0,0.0,0.0,0,,0,,3,5,Average,False,False
ec5f75bb-f14b-4e7e-8a0f-75cdc2b8e8b5,Restaurant 1844,Philadelphia,NY,Sushi,39.424003,-76.59085,True,3.0,3.0,0,0.0,0.0,0,,0,,5,5,Elite,True,False
d70e63b4-f274-41ca-be20-4cf6da687fd4,Restaurant 1863,Philadelphia,NY,Pizza,28.43328,-110.18249,False,2.5,2.5,0,0.0,0.0,0,,0,,5,5,Elite,True,True
a45ca8d9-e7fb-4f15-93a0-766d51c161b9,Restaurant 1869,Philadelphia,NY,American (New),40.478995,-117.217447,True,4.0,4.0,0,0.0,0.0,0,,0,,5,5,Elite,True,False
d90c8e65-932b-4475-9be5-e910b0a493d5,Restaurant 1871,Philadelphia,NY,Burgers,32.120456,-82.193784,True,1.5,1.5,0,0.0,0.0,0,,0,,5,5,Elite,True,False
bf114da7-fb63-4a3b-97f2-a5a5d9afd9d6,Restaurant 939,Philadelphia,NY,Seafood,35.941676,-86.948745,False,4.5,4.5,0,0.0,0.0,0,,0,,3,5,Average,False,True
8c41e9f6-6f97-40aa-8f3a-051d570b70b6,Restaurant 1877,Philadelphia,NY,Seafood,47.303834,-79.683434,False,2.5,2.5,0,0.0,0.0,0,,0,,5,5,Elite,True,True
fcc8103d-e838-4129-a524-d7776cf6e96d,Restaurant 942,Philadelphia,NY,Chinese,29.237624,-70.556708,True,3.5,3.5,0,0.0,0.0,0,,0,,3,5,Average,False,False
59e6ec97-61bc-425c-8997-b45e0cef93d1,Restaurant 1899,Philadelphia,NY,Coffee & Tea,33.60896,-85.187846,False,1.0,1.0,0,0.0,0.0,0,,0,,5,5,Elite,True,True
406a051a-57d2-40e2-9a74-7941347b65c5,Restaurant 946,Philadelphia,NY,Sushi,35.492685,-104.669764,False,3.5,3.5,0,0.0,0.0,0,,0,,3,5,Average,False,True
eb080d94-7489-47cd-95e3-81a740994fee,Restaurant 948,Philadelphia,NY,Chinese,42.550895,-92.697077,True,5.0,5.0,0,0.0,0.0,0,,0,,3,5,Average,False,False
5f5eb29e-7f09-48e1-82ab-21228078a1be,Restaurant 1905,Philadelphia,NY,Burgers,42.952147,-82.305217,True,4.0,4.0,0,0.0,0.0,0,,0,,5,5,Elite,True,False
812e63a0-75e2-43c9-8788-a8b02c3d1d44,Restaurant 953,Philadelphia,NY,Chinese,30.027656,-101.623743,True,4.0,4.0,0,0.0,0.0,0,,0,,3,5,Average,False,False
9c3c6b14-50ec-4bb4-8732-6327a28d847b,Restaurant 1907,Philadelphia,NY,Chinese,37.918172,-70.291947,True,2.5,2.5,0,0.0,0.0,0,,0,,5,5,Elite,True,False
fe991fb6-987e-43db-bbb2-f6586e7cc7b9,Restaurant 959,Philadelphia,NY,Italian,47.953901,-70.08772,True,5.0,5.0,0,0.0,0.0,0,,0,,3,5,Average,False,False
20884c72-dac3-4fd8-aa8b-3369e467b6d7,Restaurant 961,Philadelphia,NY,Chinese,35.91208,-96.629606,False,5.0,5.0,0,0.0,0.0,0,,0,,3,5,Average,False,True
b487508d-7795-4b27-84f4-d722cd847dfd,Restaurant 1930,Philadelphia,NY,American (New),29.712477,-111.243074,False,1.5,1.5,0,0.0,0.0,0,,0,,5,5,Elite,True,True
54cea9be-2231-4833-9b70-066500231633,Restaurant 964,Philadelphia,NY,Seafood,34.791545,-83.60556,False,5.0,5.0,0,0.0,0.0,0,,0,,3,5,Average,False,True
51d04985-c7e0-44d3-ba43-1f529b5891fd,Restaurant 1934,Philadelphia,NY,Burgers,30.589676,-118.675799,False,5.0,5.0,0,0.0,0.0,0,,0,,5,5,Elite,True,True
3aa66772-97eb-4681-b792-9ef0d112d298,Restaurant 985,Philadelphia,NY,Burgers,43.329256,-79.325213,True,2.0,2.0,0,0.0,0.0,0,,0,,3,5,Average,False,False
58c2351b-5f1f-4b84-99ea-cdd73d2f9a7e,Restaurant 987,Philadelphia,NY,Pizza,27.435362,-107.214769,False,1.0,1.0,0,0.0,0.0,0,,0,,3,5,Average,False,True
7646ffc5-91f6-4036-ac86-905cb330b599,Restaurant 988,Philadelphia,NY,Sushi,30.062212,-88.812106,True,3.0,3.0,0,0.0,0.0,0,,0,,3,5,Average,False,False
b9b4fd91-f720-4dfa-9af5-1e741277731d,Restaurant 1945,Philadelphia,NY,Pizza,34.238027,-103.52271,True,2.5,2.5,0,0.0,0.0,0,,0,,5,5,Elite,True,False
ebf1fec4-5b45-4411-a4d9-2656aa8a0efb,Restaurant 1956,Philadelphia,NY,American (New),32.896476,-91.563433,True,3.5,3.5,0,0.0,0.0,0,,0,,5,5,Elite,True,False
3b4af736-861d-4b49-9d92-10e75a3a23bf,Restaurant 1978,Philadelphia,NY,Sushi,41.274013,-80.574897,True,1.5,1.5,0,0.0,0.0,0,,0,,5,5,Elite,True,False
6cc9541b-be03-494c-a3a2-2ca8a4e403be,Restaurant 996,Philadelphia,NY,American (New),37.40417,-75.135237,False,2.5,2.5,0,0.0,0.0,0,,0,,3,5,Average,False,True
990e4fbc-bea9-45c2-b137-c5a01a23070d,Restaurant 998,Philadelphia,NY,Burgers,27.110466,-92.405314,True,2.5,2.5,0,0.0,0.0,0,,0,,3,5,Average,False,False
588252e0-9608-4573-be20-ef66d3a7473d,Restaurant 1004,Philadelphia,NY,Burgers,46.071035,-124.77007,False,5.0,5.0,0,0.0,0.0,0,,0,,3,5,Average,False,True
a50d316a-1f4c-4afb-90f6-620f326e1e24,Restaurant 1979,Philadelphia,NY,Pizza,28.29389,-78.735813,True,1.0,1.0,0,0.0,0.0,0,,0,,5,5,Elite,True,False
859e8489-c9dc-45c2-9337-5d2d16b39129,Restaurant 0,Philadelphia,PA,Seafood,30.632513,-117.325414,True,1.5,1.5,0,0.0,0.0,0,,0,,1,1,Low,False,False
60952fb3-5ad3-4b00-867b-0c0764c763b6,Restaurant 1017,Philadelphia,PA,American (New),42.29137,-124.602534,True,1.0,1.0,0,0.0,0.0,0,,0,,3,1,Average,False,False
dfdf1e84-7019-43ad-82b1-411f08a76024,Restaurant 1021,Philadelphia,PA,Seafood,27.826574,-95.815386,False,2.5,2.5,0,0.0,0.0,0,,0,,3,1,Average,False,True
b3cc076c-17bb-4448-bc7d-5e051f6c9d05,Restaurant 1036,Philadelphia,PA,Coffee & Tea,28.512151,-85.577853,True,2.5,2.5,0,0.0,0.0,0,,0,,3,1,Average,False,False
f3e98ea3-fc8b-421e-8849-dcd2d299077a,Restaurant 1051,Philadelphia,PA,Burgers,47.538354,-97.161843,True,3.5,3.5,0,0.0,0.0,0,,0,,3,1,Average,False,False
40cef1ea-5719-460f-8c9e-41332dd5ceb5,Restaurant 1,Philadelphia,PA,American (New),27.154991,-112.203651,True,1.0,1.0,0,0.0,0.0,0,,0,,1,1,Low,False,False
e1695292-3748-495d-a20f-4c2fbf3c6da1,Restaurant 9,Philadelphia,PA,Burgers,34.22679,-121.359627,False,3.5,3.5,0,0.0,0.0,0,,0,,1,1,Low,False,True
a12a64a0-f929-4bcf-9556-30726ff78f01,Restaurant 31,Philadelphia,PA,Mexican,26.885618,-88.844476,False,5.0,5.0,0,0.0,0.0,0,,0,,1,1,Low,False,True
1830cd91-8c93-4567-a279-6c4c2b4a89c6,Restaurant 44,Philadelphia,PA,American (New),29.441985,-106.945593,False,1.5,1.5,0,0.0,0.0,0,,0,,1,1,Low,False,True
059fb9bb-2f80-4abe-9be9-20619dc5cccd,Restaurant 1068,Philadelphia,PA,American (New),40.57176,-73.715722,False,2.0,2.0,0,0.0,0.0,0,,0,,3,1,Average,False,True
5c101545-3842-45e6-8501-5067e2dfd285,Restaurant 1079,Philadelphia,PA,Pizza,45.322254,-85.992931,False,1.5,1.5,0,0.0,0.0,0,,0,,3,1,Average,False,True
5dcc6439-cd1c-401f-9974-86f991d72621,Restaurant 50,Philadelphia,PA,Coffee & Tea,31.599015,-101.356152,False,3.5,3.5,0,0.0,0.0,0,,0,,1,1,Low,False,True
e4243fba-02e0-48ea-af4d-a065cc51e321,Restaurant 1087,Philadelphia,PA,Sushi,47.779172,-73.899592,True,4.0,4.0,0,0.0,0.0,0,,0,,3,1,Average,False,False
04968982-95bd-4f83-aebf-f2d94bb430c6,Restaurant 1089,Philadelphia,PA,Italian,34.822675,-122.158948,False,1.5,1.5,0,0.0,0.0,0,,0,,3,1,Average,False,True
379f6bc5-5e9b-4e65-af45-d6afd1cd2b81,Restaurant 63,Philadelphia,PA,Coffee & Tea,38.613534,-88.535013,True,1.5,1.5,0,0.0,0.0,0,,0,,1,1,Low,False,False
9b1766f3-af44-4549-a91b-790b437497af,Restaurant 64,Philadelphia,PA,Italian,33.719389,-113.358684,False,3.5,3.5,0,0.0,0.0,0,,0,,1,1,Low,False,True
f302725f-3e99-4a64-8193-4fa68dfb2542,Restaurant 1102,Philadelphia,PA,Italian,30.478986,-122.850013,True,2.0,2.0,0,0.0,0.0,0,,0,,3,1,Average,False,False
24a3c021-5dd9-47b2-a7ca-54a3ebdbd59d,Restaurant 66,Philadelphia,PA,Coffee & Tea,29.585296,-123.879099,True,2.0,2.0,0,0.0,0.0,0,,0,,1,1,Low,False,False
c2a67327-89ce-41b2-aac9-4150f886efcc,Restaurant 96,Philadelphia,PA,Seafood,44.995452,-99.591301,False,1.0,1.0,0,0.0,0.0,0,,0,,1,1,Low,False,True
0a7f217f-1c94-46f8-bd93-83def3d00a8f,Restaurant 1109,Philadelphia,PA,Sushi,28.747129,-115.224615,True,4.0,4.0,0,0.0,0.0,0,,0,,3,1,Average,False,False
e7e35986-1bfd-47b6-a312-5ddf165b2613,Restaurant 104,Philadelphia,PA,Coffee & Tea,42.128218,-86.212467,True,4.0,4.0,0,0.0,0.0,0,,0,,1,1,Low,False,False
6212a8ae-e663-4f27-87e6-cbff7eb0a0da,Restaurant 106,Philadelphia,PA,Italian,34.429508,-88.987027,False,2.0,2.0,0,0.0,0.0,0,,0,,1,1,Low,False,True
23a52345-31ad-4f02-b9c0-e8186775e859,Restaurant 108,Philadelphia,PA,Burgers,26.573677,-90.286144,True,3.0,3.0,0,0.0,0.0,0,,0,,1,1,Low,False,False
312586e7-d473-4d2e-a7ae-1c4a601b1e16,Restaurant 1128,Philadelphia,PA,Burgers,27.696424,-86.732059,True,2.0,2.0,0,0.0,0.0,0,,0,,3,1,Average,False,False
b6c91728-c175-4220-b4a3-29059a276bf4,Restaurant 1129,Philadelphia,PA,Chinese,40.243188,-120.942634,True,2.0,2.0,0,0.0,0.0,0,,0,,3,1,Average,False,False
0eab7582-b95e-43fb-9f25-12ed9500e955,Restaurant 1132,Philadelphia,PA,Burgers,25.738739,-83.687689,True,5.0,5.0,0,0.0,0.0,0,,0,,3,1,Average,False,False
26b8d05a-b5de-4f43-86b9-284b7e4fb112,Restaurant 115,Philadelphia,PA,Italian,44.89655,-82.192861,False,1.0,1.0,0,0.0,0.0,0,,0,,1,1,Low,False,True
2d2e5725-578e-4882-9173-31b873e75b28,Restaurant 1142,Philadelphia,PA,Thai,43.309594,-98.767583,True,1.0,1.0,0,0.0,0.0,0,,0,,3,1,Average,False,False
21263509-3a0b-4795-a346-7ae41cf67974,Restaurant 1156,Philadelphia,PA,Mexican,42.806727,-121.567986,False,3.5,3.5,0,0.0,0.0,0,,0,,3,1,Average,False,True
bdd54d10-9dbf-4959-be31-ee1e8388fd80,Restaurant 130,Philadelphia,PA,Pizza,25.341788,-81.550843,False,2.5,2.5,0,0.0,0.0,0,,0,,1,1,Low,False,True
ae7d5da4-5059-4759-9e69-433f1de9ba98,Restaurant 1159,Philadelphia,PA,Chinese,45.584002,-101.430614,True,3.0,3.0,0,0.0,0.0,0,,0,,3,1,Average,False,False
fd16d09c-7282-4c26-8828-0246c6b2d3b6,Restaurant 1165,Philadelphia,PA,Burgers,45.623063,-97.385314,False,1.5,1.5,0,0.0,0.0,0,,0,,3,1,Average,False,True
55d715ee-23e9-4d4e-8118-2663557cb27f,Restaurant 1170,Philadelphia,PA,Sushi,31.667803,-101.864753,False,2.5,2.5,0,0.0,0.0,0,,0,,3,1,Average,False,True
c5fa2a70-a41c-44df-98e9-d34cddd2c77c,Restaurant 133,Philadelphia,PA,Sushi,44.487866,-101.554951,False,1.5,1.5,0,0.0,0.0,0,,0,,1,1,Low,False,True
64ca513f-2108-41c0-912f-3b1c37e0aa9f,Restaurant 1178,Philadelphia,PA,Mexican,47.618526,-90.104527,True,3.5,3.5,0,0.0,0.0,0,,0,,3,1,Average,False,False
6696f863-dc33-45d7-a724-5b2385dd06c0,Restaurant 142,Philadelphia,PA,Thai,31.285219,-83.067477,True,3.5,3.5,0,0.0,0.0,0,,0,,1,1,Low,False,False
f1da8164-8760-47a9-8111-bcf1ee606ba3,Restaurant 150,Philadelphia,PA,Seafood,25.431055,-74.336066,False,3.5,3.5,0,0.0,0.0,0,,0,,1,1,Low,False,True
48f02e2a-67ee-4063-8b47-a09a802ca40b,Restaurant 1199,Philadelphia,PA,Thai,25.410235,-81.91819,False,1.0,1.0,0,0.0,0.0,0,,0,,3,1,Average,False,True
76443310-cc2b-4d72-9080-72be48b970fb,Restaurant 1200,Philadelphia,PA,Sushi,46.114793,-122.848387,False,1.0,1.0,0,0.0,0.0,0,,0,,4,1,Strong,False,True
578b3eac-363e-41f5-8e9d-10a9878fa709,Restaurant 1203,Philadelphia,PA,Sushi,28.190892,-70.35528,True,4.0,4.0,0,0.0,0.0,0,,0,,4,1,Strong,False,False
fd2f7669-544e-4b1a-9812-5448e1800cc1,Restaurant 165,Philadelphia,PA,Mexican,32.10392,-72.685688,True,3.5,3.5,0,0.0,0.0,0,,0,,1,2,Low,False,False
87fb6a41-ec8c-43da-a725-6c71b5607535,Restaurant 1209,Philadelphia,PA,Sushi,25.301946,-113.112549,False,4.0,4.0,0,0.0,0.0,0,,0,,4,2,Strong,False,True
210860b5-6a0a-428e-99b3-ecb3257024ba,Restaurant 173,Philadelphia,PA,Pizza,36.546164,-112.032206,True,1.5,1.5,0,0.0,0.0,0,,0,,1,2,Low,False,False
fe9733f0-8e55-4d65-a146-bcb2484c30cb,Restaurant 180,Philadelphia,PA,Chinese,33.89827,-104.468369,True,1.0,1.0,0,0.0,0.0,0,,0,,1,2,Low,False,False
b5606e4b-60f6-48e9-ac69-c1d8d4a44e80,Restaurant 1215,Philadelphia,PA,Italian,31.269544,-119.620302,True,4.0,4.0,0,0.0,0.0,0,,0,,4,2,Strong,False,False
af8468a4-30bb-461b-8e81-867623dd6a66,Restaurant 188,Philadelphia,PA,Chinese,39.141584,-101.078272,False,1.0,1.0,0,0.0,0.0,0,,0,,1,2,Low,False,True
1fc80929-cc59-47ae-9e3d-3fdf0d48865a,Restaurant 1223,Philadelphia,PA,Mexican,45.084026,-99.008747,False,1.0,1.0,0,0.0,0.0,0,,0,,4,2,Strong,False,True
e146995b-fa5c-4338-b38c-43cf9ea70e2b,Restaurant 1233,Philadelphia,PA,Pizza,31.509398,-92.381061,False,1.0,1.0,0,0.0,0.0,0,,0,,4,2,Strong,False,True
4dd5547c-30c1-4cc1-85ea-05c451cf885c,Restaurant 1236,Philadelphia,PA,Sushi,46.4575,-111.319932,False,4.0,4.0,0,0.0,0.0,0,,0,,4,2,Strong,False,True
1e0c843b-bdba-4dd4-a305-74303bac4eef,Restaurant 1262,Philadelphia,PA,Chinese,47.076144,-119.708664,True,1.0,1.0,0,0.0,0.0,0,,0,,4,2,Strong,False,False
0bc776f1-b987-4c4e-b426-3b679c00f561,Restaurant 203,Philadelphia,PA,Seafood,42.733514,-110.443925,False,2.5,2.5,0,0.0,0.0,0,,0,,1,2,Low,False,True
ea894346-3083-48a4-91a5-1b9cf16c953b,Restaurant 1273,Philadelphia,PA,Pizza,37.286275,-77.683804,False,1.0,1.0,0,0.0,0.0,0,,0,,4,2,Strong,False,True
5177a521-3308-43ad-a897-541bb5217ec3,Restaurant 208,Philadelphia,PA,Chinese,46.743853,-77.470988,True,4.0,4.0,0,0.0,0.0,0,,0,,1,2,Low,False,False
ac9944ad-382b-4167-9491-21e4402a2066,Restaurant 1277,Philadelphia,PA,Chinese,26.303056,-100.879426,False,3.0,3.0,0,0.0,0.0,0,,0,,4,2,Strong,False,True
0747e5b7-b4bc-4c89-8fc6-0262600d088b,Restaurant 210,Philadelphia,PA,Pizza,46.740354,-97.200555,False,2.5,2.5,0,0.0,0.0,0,,0,,1,2,Low,False,True
2d774ff3-f056-4a09-82a3-570f35f79621,Restaurant 221,Philadelphia,PA,Burgers,46.808719,-118.955746,False,1.0,1.0,0,0.0,0.0,0,,0,,1,2,Low,False,True
3f96a85e-c90c-4670-970a-034799845a21,Restaurant 260,Philadelphia,PA,Mexican,29.327756,-83.106697,False,5.0,5.0,0,0.0,0.0,0,,0,,1,2,Low,False,True
2ae0bcf3-cd33-40cd-aa41-c1a7fe0a967f,Restaurant 1284,Philadelphia,PA,Coffee & Tea,44.655207,-103.883506,False,1.0,1.0,0,0.0,0.0,0,,0,,4,2,Strong,False,True
61ff5a7c-5015-4d1d-b6f4-d055d4abdb92,Restaurant 268,Philadelphia,PA,Mexican,28.162305,-90.311409,True,1.5,1.5,0,0.0,0.0,0,,0,,1,2,Low,False,False
02ba7431-70fd-4b5a-a936-a897f61f76e2,Restaurant 303,Philadelphia,PA,Mexican,45.31124,-100.273374,True,4.0,4.0,0,0.0,0.0,0,,0,,1,2,Low,False,False
b56a66f1-6a1d-48d0-b582-2b0468ac7e60,Restaurant 1295,Philadelphia,PA,Pizza,40.742152,-77.668635,True,3.5,3.5,0,0.0,0.0,0,,0,,4,2,Strong,False,False
0961ee01-9cd1-4b42-95cd-a5aa84ed6280,Restaurant 323,Philadelphia,PA,Mexican,46.376956,-116.310907,False,4.5,4.5,0,0.0,0.0,0,,0,,1,2,Low,False,True
23a56620-fc58-4382-94db-59d8ad2d37fb,Restaurant 1321,Philadelphia,PA,Coffee & Tea,29.672242,-73.200672,True,4.0,4.0,0,0.0,0.0,0,,0,,4,2,Strong,False,False
1a916e76-88a9-46ec-93d3-b3dd8151bc55,Restaurant 329,Philadelphia,PA,Seafood,39.950465,-100.794532,False,2.5,2.5,0,0.0,0.0,0,,0,,1,2,Low,False,True
daffc541-7e3f-4cff-b17f-2da7d6f34a59,Restaurant 1341,Philadelphia,PA,Italian,42.248054,-80.285229,True,4.0,4.0,0,0.0,0.0,0,,0,,4,2,Strong,False,False
d759c867-ce46-4ebd-960d-86131694d418,Restaurant 335,Philadelphia,PA,American (New),26.553249,-110.57981,False,1.0,1.0,0,0.0,0.0,0,,0,,1,2,Low,False,True
352a8931-cee8-43b6-bfa5-f4ad5c9bfb69,Restaurant 344,Philadelphia,PA,Mexican,33.371459,-74.38754,False,2.0,2.0,0,0.0,0.0,0,,0,,1,2,Low,False,True
4ab00b8f-44be-433c-9800-24db8f7b8b7c,Restaurant 346,Philadelphia,PA,Coffee & Tea,30.133256,-96.632423,True,1.0,1.0,0,0.0,0.0,0,,0,,1,2,Low,False,False
23e5d016-3dbf-4d65-bec4-a3bb2220a349,Restaurant 1369,Philadelphia,PA,Seafood,44.673563,-82.609037,True,3.5,3.5,0,0.0,0.0,0,,0,,4,2,Strong,False,False
ebc7c741-e15d-4a30-9b34-19c77540b080,Restaurant 351,Philadelphia,PA,Seafood,45.637612,-96.413243,True,3.5,3.5,0,0.0,0.0,0,,0,,1,2,Low,False,False
bfe97d56-ce3b-48a4-a011-b7ca0fda89d5,Restaurant 359,Philadelphia,PA,Sushi,28.00645,-79.697962,False,3.5,3.5,0,0.0,0.0,0,,0,,1,2,Low,False,True
94cb2e5c-2908-4c62-908b-ec3abf5e16c4,Restaurant 1372,Philadelphia,PA,Pizza,31.323883,-98.669582,False,1.0,1.0,0,0.0,0.0,0,,0,,4,2,Strong,False,True
a6f1e1bd-4a04-41f0-8e17-f246f6b9c123,Restaurant 1373,Philadelphia,PA,American (New),47.936326,-90.226795,False,4.5,4.5,0,0.0,0.0,0,,0,,4,2,Strong,False,True
2dac13d6-b673-4d7b-a3b3-275830b6ea60,Restaurant 1374,Philadelphia,PA,Sushi,25.66325,-75.815418,True,2.0,2.0,0,0.0,0.0,0,,0,,4,2,Strong,False,False
dd0f799b-5a70-4977-aca2-8ae9e78e2d2f,Restaurant 366,Philadelphia,PA,American (New),38.733676,-123.38831,False,3.0,3.0,0,0.0,0.0,0,,0,,1,2,Low,False,True
6f032ca7-af0f-4329-956e-97bb5bf3d0a1,Restaurant 372,Philadelphia,PA,Sushi,38.492011,-74.552672,False,1.5,1.5,0,0.0,0.0,0,,0,,1,2,Low,False,True
720d1deb-906d-451e-94c9-107cec6cdf0a,Restaurant 1394,Philadelphia,PA,Thai,32.113291,-82.879729,False,3.5,3.5,0,0.0,0.0,0,,0,,4,2,Strong,False,True
56878a9f-1465-4cc6-8efd-bdedf4c5b4cf,Restaurant 1395,Philadelphia,PA,Thai,28.392293,-76.437489,True,3.0,3.0,0,0.0,0.0,0,,0,,4,2,Strong,False,False
8c0e0dbc-73b6-4b90-8c72-cbaab8192c55,Restaurant 388,Philadelphia,PA,Thai,35.11403,-110.512955,True,3.0,3.0,0,0.0,0.0,0,,0,,1,2,Low,False,False
4330c405-4dd6-4842-b63f-ad1ee2b3f0a4,Restaurant 391,Philadelphia,PA,Thai,38.138059,-96.575043,False,2.0,2.0,0,0.0,0.0,0,,0,,1,2,Low,False,True
e0aa2c0d-0e0f-4660-824e-dfe136916382,Restaurant 1405,Philadelphia,PA,American (New),34.774568,-84.186424,False,1.5,1.5,0,0.0,0.0,0,,0,,4,3,Strong,False,True
fc43590c-3a48-4750-a11b-f806ef228efa,Restaurant 1422,Philadelphia,PA,Sushi,44.602709,-71.775202,False,4.5,4.5,0,0.0,0.0,0,,0,,4,3,Strong,False,True
36d9ce30-dda7-4133-b3fa-cf7f4d8b3e74,Restaurant 394,Philadelphia,PA,Thai,38.51425,-82.007289,True,1.5,1.5,0,0.0,0.0,0,,0,,1,3,Low,False,False
ff0e8239-c9f4-4eda-afe1-f9235f8fa616,Restaurant 1437,Philadelphia,PA,American (New),43.668235,-79.443074,False,1.0,1.0,0,0.0,0.0,0,,0,,4,3,Strong,False,True
f6c6d37e-5139-4fd1-978a-a3b87083a7bf,Restaurant 407,Philadelphia,PA,Burgers,30.80498,-80.720294,False,3.0,3.0,0,0.0,0.0,0,,0,,2,3,Below Average,False,True
0c9d0199-fe0f-4cc7-aa9a-55953f137425,Restaurant 1451,Philadelphia,PA,American (New),31.112557,-109.738789,True,2.5,2.5,0,0.0,0.0,0,,0,,4,3,Strong,False,False
865988c1-50e6-444c-ac9f-aefb4bd5c988,Restaurant 1452,Philadelphia,PA,American (New),30.234484,-92.787743,True,4.5,4.5,0,0.0,0.0,0,,0,,4,3,Strong,False,False
ecb30a9a-b276-4623-9a3f-d53ec3308349,Restaurant 411,Philadelphia,PA,Italian,34.294264,-107.422784,False,2.0,2.0,0,0.0,0.0,0,,0,,2,3,Below Average,False,True
4bf2901a-a6fb-4c90-ac88-0e113b3d6d01,Restaurant 431,Philadelphia,PA,American (New),27.047065,-118.9263,True,4.5,4.5,0,0.0,0.0,0,,0,,2,3,Below Average,False,False
bc569aa2-3009-42f1-8dee-987680d3ca33,Restaurant 434,Philadelphia,PA,Sushi,40.257166,-115.621825,False,3.5,3.5,0,0.0,0.0,0,,0,,2,3,Below Average,False,True
0616afaf-dcdd-4e7d-8181-6c6fd8f47fe9,Restaurant 1475,Philadelphia,PA,Italian,35.055759,-123.235379,False,5.0,5.0,0,0.0,0.0,0,,0,,4,3,Strong,False,True
c6224fc5-bb62-4943-80ba-02e68bb8b2a8,Restaurant 444,Philadelphia,PA,Coffee & Tea,43.211016,-72.025581,True,3.0,3.0,0,0.0,0.0,0,,0,,2,3,Below Average,False,False
d71d0f5f-bf20-4886-ac18-62db004062bf,Restaurant 1503,Philadelphia,PA,Chinese,39.596505,-79.05415,False,2.5,2.5,0,0.0,0.0,0,,0,,4,3,Strong,False,True
694469d4-76ee-490b-9786-4cce70a9d388,Restaurant 449,Philadelphia,PA,Coffee & Tea,44.261723,-92.615389,True,4.5,4.5,0,0.0,0.0,0,,0,,2,3,Below Average,False,False
4a911a9d-2314-4116-91f3-02e7bc88c4f2,Restaurant 464,Philadelphia,PA,Sushi,39.159,-88.596038,False,4.5,4.5,0,0.0,0.0,0,,0,,2,3,Below Average,False,True
b685dea9-2822-4dc2-812a-68638e57f994,Restaurant 477,Philadelphia,PA,American (New),45.119639,-117.224437,False,1.0,1.0,0,0.0,0.0,0,,0,,2,3,Below Average,False,True
428b4410-f87b-4ed7-93e2-e4916e06be3f,Restaurant 507,Philadelphia,PA,Chinese,38.293704,-118.519427,True,1.0,1.0,0,0.0,0.0,0,,0,,2,3,Below Average,False,False
b42ef8ab-9109-4404-adab-9510a5b1b78a,Restaurant 1544,Philadelphia,PA,Pizza,39.232537,-97.657688,True,4.0,4.0,0,0.0,0.0,0,,0,,4,3,Strong,False,False
fd28180f-e5b5-4665-b041-b45d584b4711,Restaurant 1555,Philadelphia,PA,Sushi,25.289305,-107.022719,False,3.0,3.0,0,0.0,0.0,0,,0,,4,3,Strong,False,True
7634650c-d7d5-4b95-8bf9-6214c323c454,Restaurant 512,Philadelphia,PA,Italian,43.934876,-99.058224,True,4.0,4.0,0,0.0,0.0,0,,0,,2,3,Below Average,False,False
0396b29f-8f79-480c-895f-d0894b73af95,Restaurant 1565,Philadelphia,PA,Italian,27.399326,-94.131085,False,4.0,4.0,0,0.0,0.0,0,,0,,4,3,Strong,False,True
b76c4138-0bca-4312-897f-b8622e94f02f,Restaurant 1567,Philadelphia,PA,Burgers,47.235669,-103.830424,True,3.5,3.5,0,0.0,0.0,0,,0,,4,3,Strong,False,False
037471d3-f709-4a65-8a32-25594bba08fa,Restaurant 542,Philadelphia,PA,Burgers,41.738766,-88.58876,True,1.5,1.5,0,0.0,0.0,0,,0,,2,3,Below Average,False,False
68085f50-e3a5-4dfa-9696-26af31e08000,Restaurant 549,Philadelphia,PA,Coffee & Tea,37.036274,-83.29386,False,2.0,2.0,0,0.0,0.0,0,,0,,2,3,Below Average,False,True
1192a2f7-1d33-43dd-9ab4-ba2ae4684056,Restaurant 550,Philadelphia,PA,Seafood,46.780023,-98.761311,False,1.0,1.0,0,0.0,0.0,0,,0,,2,3,Below Average,False,True
bd145874-df9e-4a43-9477-15491c699058,Restaurant 551,Philadelphia,PA,Mexican,33.593809,-102.354527,False,5.0,5.0,0,0.0,0.0,0,,0,,2,3,Below Average,False,True
609fc121-e659-4979-ab19-a71fe76dd297,Restaurant 562,Philadelphia,PA,Pizza,43.270979,-92.841673,True,4.0,4.0,0,0.0,0.0,0,,0,,2,3,Below Average,False,False
27b71fd9-28bd-4ceb-ab2b-ec60c3add1e0,Restaurant 564,Philadelphia,PA,Coffee & Tea,33.176907,-116.534486,True,5.0,5.0,0,0.0,0.0,0,,0,,2,3,Below Average,False,False
38c3b0e3-72dd-4f32-9907-cae204cfcc33,Restaurant 1588,Philadelphia,PA,Burgers,43.525361,-117.080892,True,4.5,4.5,0,0.0,0.0,0,,0,,4,3,Strong,False,False
896b56fd-45a0-49ae-af65-81437507d74e,Restaurant 581,Philadelphia,PA,Pizza,47.607999,-92.233045,False,5.0,5.0,0,0.0,0.0,0,,0,,2,3,Below Average,False,True
398417a5-e54e-485a-92f6-f3d8ee147623,Restaurant 598,Philadelphia,PA,Pizza,28.917352,-109.379255,False,3.0,3.0,0,0.0,0.0,0,,0,,2,3,Below Average,False,True
15cb2ecc-5e16-4a68-8e7c-d4dba86092c1,Restaurant 603,Philadelphia,PA,Mexican,30.926625,-103.705618,False,1.0,1.0,0,0.0,0.0,0,,0,,2,3,Below Average,False,True
97b58304-f5c8-433a-b451-208b7b756c15,Restaurant 1594,Philadelphia,PA,Burgers,33.877325,-88.315355,True,3.0,3.0,0,0.0,0.0,0,,0,,4,3,Strong,False,False
e2b89b16-f81e-4c6e-bb0e-5e54488639eb,Restaurant 615,Philadelphia,PA,American (New),36.930161,-103.241384,False,1.0,1.0,0,0.0,0.0,0,,0,,2,3,Below Average,False,True
5595c6a3-9b32-487e-9863-c95b5c6a8bfc,Restaurant 1596,Philadelphia,PA,Chinese,27.232486,-121.405253,True,1.0,1.0,0,0.0,0.0,0,,0,,4,3,Strong,False,False
ea625d9d-d935-473d-abce-c85a6d6f0da7,Restaurant 619,Philadelphia,PA,Italian,35.434657,-75.686037,True,2.5,2.5,0,0.0,0.0,0,,0,,2,3,Below Average,False,False
e9d681fe-a73b-4733-a61b-acbfae329aeb,Restaurant 627,Philadelphia,PA,Coffee & Tea,34.590009,-115.196338,True,3.0,3.0,0,0.0,0.0,0,,0,,2,3,Below Average,False,False
1e5c5284-b29e-432a-8d53-e31b16020757,Restaurant 1612,Philadelphia,PA,Chinese,41.939581,-106.237586,False,1.5,1.5,0,0.0,0.0,0,,0,,5,3,Elite,True,True
f4b5972c-ce98-4b8e-9ffa-9c3503a4c20b,Restaurant 645,Philadelphia,PA,Pizza,46.443759,-87.212122,False,1.5,1.5,0,0.0,0.0,0,,0,,2,3,Below Average,False,True
6d961427-22b7-4e5e-b113-eb102eacac22,Restaurant 665,Philadelphia,PA,Burgers,43.877326,-105.241545,True,3.0,3.0,0,0.0,0.0,0,,0,,2,3,Below Average,False,False
452407f9-b89d-4ac8-9dc2-03d9c18302bb,Restaurant 1626,Philadelphia,PA,Burgers,35.862629,-110.101045,False,2.5,2.5,0,0.0,0.0,0,,0,,5,4,Elite,True,True
a23bdf06-826b-46d3-aecf-fa30a6adb893,Restaurant 1628,Philadelphia,PA,Thai,47.113107,-121.320166,False,3.5,3.5,0,0.0,0.0,0,,0,,5,4,Elite,True,True
7142f49b-5dfd-4be3-8976-ebb50305a91e,Restaurant 678,Philadelphia,PA,Thai,38.887895,-74.942768,False,2.0,2.0,0,0.0,0.0,0,,0,,2,4,Below Average,False,True
a3f1c221-c9ec-462e-841b-c12db5ba8c0c,Restaurant 684,Philadelphia,PA,Italian,46.107379,-89.941672,False,4.0,4.0,0,0.0,0.0,0,,0,,2,4,Below Average,False,True
c74c71a6-afa6-4d9b-a266-8f8acde3fa94,Restaurant 1644,Philadelphia,PA,Italian,34.987971,-107.186367,True,2.0,2.0,0,0.0,0.0,0,,0,,5,4,Elite,True,False
9061f432-c8a6-481b-9172-0d1068d0be44,Restaurant 710,Philadelphia,PA,Thai,29.126496,-120.097232,False,3.0,3.0,0,0.0,0.0,0,,0,,2,4,Below Average,False,True
f97e02f4-a684-4acb-a58d-dcf623a5f9f9,Restaurant 1650,Philadelphia,PA,Chinese,42.446138,-72.751869,False,2.0,2.0,0,0.0,0.0,0,,0,,5,4,Elite,True,True
1234ab6e-407b-462a-9991-aa354e3916c8,Restaurant 1658,Philadelphia,PA,Burgers,25.284288,-79.372704,False,3.5,3.5,0,0.0,0.0,0,,0,,5,4,Elite,True,True
dd0deac7-f785-487f-bfb9-07e703ba337f,Restaurant 1664,Philadelphia,PA,Pizza,26.980191,-112.085845,False,5.0,5.0,0,0.0,0.0,0,,0,,5,4,Elite,True,True
2f88fc1e-6387-4360-b7f1-3dc02f540d91,Restaurant 1668,Philadelphia,PA,Italian,44.214027,-101.056053,True,4.5,4.5,0,0.0,0.0,0,,0,,5,4,Elite,True,False
f2b9cfe7-6c88-44da-b120-78aabce36cde,Restaurant 1673,Philadelphia,PA,American (New),36.646116,-77.715865,False,2.0,2.0,0,0.0,0.0,0,,0,,5,4,Elite,True,True
15e5f8a8-a5bb-4655-bac8-79a8a7705a9b,Restaurant 715,Philadelphia,PA,Pizza,33.376441,-113.472564,False,3.0,3.0,0,0.0,0.0,0,,0,,2,4,Below Average,False,True
bd2341f2-01fa-4d80-a040-b050330d13d4,Restaurant 1678,Philadelphia,PA,Burgers,43.39851,-97.76384,True,1.5,1.5,0,0.0,0.0,0,,0,,5,4,Elite,True,False
bd541b13-1745-47f1-9ed7-0830f1af2770,Restaurant 716,Philadelphia,PA,Sushi,29.045415,-81.797939,True,4.5,4.5,0,0.0,0.0,0,,0,,2,4,Below Average,False,False
69c953a8-0893-47fb-bf31-e98c3b0692a6,Restaurant 1691,Philadelphia,PA,Italian,42.842023,-80.625854,True,2.0,2.0,0,0.0,0.0,0,,0,,5,4,Elite,True,False
6e47726c-b373-44ce-ab2f-61f1c41a2bac,Restaurant 721,Philadelphia,PA,Chinese,28.139534,-78.159175,True,4.5,4.5,0,0.0,0.0,0,,0,,2,4,Below Average,False,False
77432ed4-b6e5-48a3-abef-3838d91d0435,Restaurant 1694,Philadelphia,PA,Coffee & Tea,45.646858,-104.744144,False,5.0,5.0,0,0.0,0.0,0,,0,,5,4,Elite,True,True
966ffa93-4e00-4238-84d3-eb99b7b8b574,Restaurant 1700,Philadelphia,PA,Mexican,45.248847,-117.461601,True,2.5,2.5,0,0.0,0.0,0,,0,,5,4,Elite,True,False
80fa5fc6-09fd-427a-970e-8383d450afc8,Restaurant 725,Philadelphia,PA,Coffee & Tea,41.869955,-97.268102,False,4.0,4.0,0,0.0,0.0,0,,0,,2,4,Below Average,False,True
3ae085f9-3e2b-46bb-9595-b1b3caee4abf,Restaurant 729,Philadelphia,PA,Italian,26.626068,-75.861106,True,3.5,3.5,0,0.0,0.0,0,,0,,2,4,Below Average,False,False
907086a2-cf58-43c1-8fa8-8d1779f622d2,Restaurant 1716,Philadelphia,PA,American (New),29.345346,-73.62329,False,4.5,4.5,0,0.0,0.0,0,,0,,5,4,Elite,True,True
a60b2ced-0120-45b6-bad7-333819ca5436,Restaurant 1720,Philadelphia,PA,Mexican,27.562937,-71.274006,False,3.0,3.0,0,0.0,0.0,0,,0,,5,4,Elite,True,True
9b419214-de50-4457-bcf5-3e839f13b477,Restaurant 731,Philadelphia,PA,Thai,33.807965,-99.405592,False,1.0,1.0,0,0.0,0.0,0,,0,,2,4,Below Average,False,True
f4a76288-da53-439e-aa64-d1e98a00e26c,Restaurant 738,Philadelphia,PA,Burgers,29.348395,-123.787986,False,2.5,2.5,0,0.0,0.0,0,,0,,2,4,Below Average,False,True
eb46e11a-baba-4d61-bddc-1e9ebd2041a6,Restaurant 741,Philadelphia,PA,Thai,33.121781,-99.92404,False,2.0,2.0,0,0.0,0.0,0,,0,,2,4,Below Average,False,True
df259635-07dd-4d4b-9915-798e9be92e7d,Restaurant 773,Philadelphia,PA,Sushi,29.990956,-114.464886,True,3.0,3.0,0,0.0,0.0,0,,0,,2,4,Below Average,False,False
044514f5-edb7-4ae4-8c09-f3d6bc986d99,Restaurant 1731,Philadelphia,PA,Coffee & Tea,38.1481,-105.226369,False,1.0,1.0,0,0.0,0.0,0,,0,,5,4,Elite,True,True
f4ea63b2-e6fe-470c-880b-1b27ae9d336a,Restaurant 791,Philadelphia,PA,Chinese,26.037724,-78.968622,True,3.5,3.5,0,0.0,0.0,0,,0,,2,4,Below Average,False,False
864250a8-30c8-41b0-ab9b-3a9e3b656bfc,Restaurant 798,Philadelphia,PA,Seafood,47.913237,-102.888496,True,2.5,2.5,0,0.0,0.0,0,,0,,2,4,Below Average,False,False
090b82e7-f66c-48a2-b7b7-e9644f658f7e,Restaurant 1740,Philadelphia,PA,Seafood,28.103829,-122.341054,True,2.0,2.0,0,0.0,0.0,0,,0,,5,4,Elite,True,False
5f0698fb-7625-4154-b7f8-f7528fb1e924,Restaurant 812,Philadelphia,PA,Coffee & Tea,37.269809,-86.521025,False,1.5,1.5,0,0.0,0.0,0,,0,,3,4,Average,False,True
1ff0321c-7fbe-4445-b1f0-4fa06ee52a6c,Restaurant 815,Philadelphia,PA,Italian,46.33267,-74.514032,True,3.0,3.0,0,0.0,0.0,0,,0,,3,4,Average,False,False
89239dce-4113-4057-b918-d89f65a66bca,Restaurant 851,Philadelphia,PA,Burgers,26.760248,-122.51978,False,1.5,1.5,0,0.0,0.0,0,,0,,3,4,Average,False,True
19d8e326-57ae-4ac6-8d2f-75b70663f597,Restaurant 860,Philadelphia,PA,Pizza,38.460204,-113.926387,False,4.0,4.0,0,0.0,0.0,0,,0,,3,4,Average,False,True
dbe58fa5-b956-40ae-9b69-4ab317374c20,Restaurant 1769,Philadelphia,PA,Seafood,35.837787,-123.202346,False,3.0,3.0,0,0.0,0.0,0,,0,,5,4,Elite,True,True
1a9835d6-d43e-4d3f-b2bb-dcf373b3484e,Restaurant 1770,Philadelphia,PA,Pizza,45.536234,-106.842204,True,1.0,1.0,0,0.0,0.0,0,,0,,5,4,Elite,True,False
435ebcce-d017-498f-bf72-6cd1350d218c,Restaurant 869,Philadelphia,PA,Coffee & Tea,32.767899,-118.731689,True,2.5,2.5,0,0.0,0.0,0,,0,,3,4,Average,False,False
89a84829-6b04-47b8-86c7-25e0f87d8bdf,Restaurant 1779,Philadelphia,PA,Italian,28.600212,-114.468127,True,1.5,1.5,0,0.0,0.0,0,,0,,5,4,Elite,True,False
3eade810-5836-441a-8e73-2db42558e12c,Restaurant 871,Philadelphia,PA,American (New),43.376698,-72.054409,True,1.5,1.5,0,0.0,0.0,0,,0,,3,4,Average,False,False
0886f332-97bd-48a7-82b2-a51d36b96a6c,Restaurant 1789,Philadelphia,PA,Pizza,30.272079,-112.800948,False,4.5,4.5,0,0.0,0.0,0,,0,,5,5,Elite,True,True
d7a8993e-9fb0-4cce-a638-5c0d6d8ab99d,Restaurant 1790,Philadelphia,PA,American (New),43.454997,-109.950091,True,5.0,5.0,0,0.0,0.0,0,,0,,5,5,Elite,True,False
4c61ee15-6ef7-4ac7-8503-14a00071a734,Restaurant 898,Philadelphia,PA,American (New),39.492512,-82.562267,True,3.0,3.0,0,0.0,0.0,0,,0,,3,5,Average,False,False
f9e82551-de34-4683-bb68-bb5ca02f460b,Restaurant 1821,Philadelphia,PA,Chinese,27.459934,-113.65166,True,2.0,2.0,0,0.0,0.0,0,,0,,5,5,Elite,True,False
354ce2aa-2473-4e64-aa74-e05faf579b75,Restaurant 1824,Philadelphia,PA,American (New),25.07032,-99.502962,False,1.0,1.0,0,0.0,0.0,0,,0,,5,5,Elite,True,True
cbd4ab1e-1a50-47aa-abec-59c876bd8f9e,Restaurant 907,Philadelphia,PA,Mexican,35.690941,-102.610795,False,4.5,4.5,0,0.0,0.0,0,,0,,3,5,Average,False,True
cc11e4fc-5b59-4c13-b6e4-887b745626ce,Restaurant 1831,Philadelphia,PA,Pizza,47.048295,-106.994283,False,5.0,5.0,0,0.0,0.0,0,,0,,5,5,Elite,True,True
c6fad533-6daa-49a3-b604-f49fba68c8ea,Restaurant 916,Philadelphia,PA,Sushi,40.472247,-102.276033,True,4.5,4.5,0,0.0,0.0,0,,0,,3,5,Average,False,False
de9e9f30-1b96-4896-830f-2ddba255ce07,Restaurant 917,Philadelphia,PA,Burgers,35.239066,-118.212142,False,4.0,4.0,0,0.0,0.0,0,,0,,3,5,Average,False,True
b171a987-18e0-4143-a3ac-73f04e51154c,Restaurant 918,Philadelphia,PA,Pizza,35.641928,-73.506368,True,4.5,4.5,0,0.0,0.0,0,,0,,3,5,Average,False,False
1030e2fb-55dc-4967-898b-6e89f97994e2,Restaurant 920,Philadelphia,PA,Burgers,36.335271,-86.277376,True,2.5,2.5,0,0.0,0.0,0,,0,,3,5,Average,False,False
b1718ddb-5b58-45ea-bdb8-d9f01304f55a,Restaurant 1841,Philadelphia,PA,Pizza,41.016719,-73.593985,True,4.5,4.5,0,0.0,0.0,0,,0,,5,5,Elite,True,False
1d944406-d9d7-4e0c-bcce-d0725f346f07,Restaurant 929,Philadelphia,PA,Sushi,36.952526,-111.979098,False,1.5,1.5,0,0.0,0.0,0,,0,,3,5,Average,False,True
1e1ef32b-759a-4e9a-affc-86b714303d5d,Restaurant 931,Philadelphia,PA,Pizza,26.260143,-91.409375,True,4.0,4.0,0,0.0,0.0,0,,0,,3,5,Average,False,False
24b7bd6b-9691-4337-912a-f1bdb1644abd,Restaurant 1849,Philadelphia,PA,Seafood,34.333772,-104.346063,True,5.0,5.0,0,0.0,0.0,0,,0,,5,5,Elite,True,False
c3245798-4de5-4f9c-a800-7bf92b651d3c,Restaurant 1856,Philadelphia,PA,Coffee & Tea,26.923577,-115.929184,True,1.5,1.5,0,0.0,0.0,0,,0,,5,5,Elite,True,False
926c3f48-7732-457e-895f-7ada0b6f8e59,Restaurant 932,Philadelphia,PA,Coffee & Tea,44.548374,-102.907432,True,4.0,4.0,0,0.0,0.0,0,,0,,3,5,Average,False,False
577d2cc1-cdd3-4f2d-998e-5e72884ebfd6,Restaurant 936,Philadelphia,PA,Thai,32.168338,-101.028353,True,3.5,3.5,0,0.0,0.0,0,,0,,3,5,Average,False,False
66a1c33e-074c-4520-9b97-3f62f82238b1,Restaurant 941,Philadelphia,PA,Chinese,30.129577,-112.334929,False,2.5,2.5,0,0.0,0.0,0,,0,,3,5,Average,False,True
88cf80a0-e003-4353-996c-fe9db6da14ba,Restaurant 945,Philadelphia,PA,Sushi,44.386273,-74.914308,False,1.0,1.0,0,0.0,0.0,0,,0,,3,5,Average,False,True
c3d23fe5-7ef2-4c87-97c4-9a849ac6426f,Restaurant 1883,Philadelphia,PA,Seafood,38.480076,-106.597634,True,4.0,4.0,0,0.0,0.0,0,,0,,5,5,Elite,True,False
d8617d20-af1b-40b6-9903-3bf96c02da58,Restaurant 1884,Philadelphia,PA,Seafood,40.833124,-106.638142,False,4.5,4.5,0,0.0,0.0,0,,0,,5,5,Elite,True,True
6cf9feb9-6534-49f6-a7d0-efd9c0e448b6,Restaurant 949,Philadelphia,PA,Mexican,43.299074,-76.993168,False,5.0,5.0,0,0.0,0.0,0,,0,,3,5,Average,False,True
83a199ef-be5c-41ce-97cd-0c1762e946dd,Restaurant 1901,Philadelphia,PA,Seafood,47.813564,-92.940549,False,2.0,2.0,0,0.0,0.0,0,,0,,5,5,Elite,True,True
f0fef2d1-6d8e-4b58-986a-de512e5e6ab7,Restaurant 955,Philadelphia,PA,Burgers,36.782028,-106.499431,False,4.5,4.5,0,0.0,0.0,0,,0,,3,5,Average,False,True
1d83b87c-291f-46ad-be53-ba7696743316,Restaurant 963,Philadelphia,PA,Chinese,28.195855,-76.943738,False,3.0,3.0,0,0.0,0.0,0,,0,,3,5,Average,False,True
417da4a7-22f6-4fd2-88f9-e7306c8227f9,Restaurant 1915,Philadelphia,PA,Pizza,44.600778,-101.116352,True,4.0,4.0,0,0.0,0.0,0,,0,,5,5,Elite,True,False
23c12b60-b5e5-4f0c-858f-fd1d414e093a,Restaurant 1919,Philadelphia,PA,Coffee & Tea,30.071748,-109.610988,False,1.0,1.0,0,0.0,0.0,0,,0,,5,5,Elite,True,True
3b96a956-2372-42eb-9c4a-dbef13d98c9d,Restaurant 1926,Philadelphia,PA,Thai,27.590261,-83.731428,False,2.5,2.5,0,0.0,0.0,0,,0,,5,5,Elite,True,True
930c80fa-74c9-4aab-a797-9e92b4e3e3ae,Restaurant 972,Philadelphia,PA,Seafood,35.251826,-79.647956,False,2.5,2.5,0,0.0,0.0,0,,0,,3,5,Average,False,True
4a688be8-1820-4f30-a7e0-bf377b89ba04,Restaurant 992,Philadelphia,PA,Burgers,25.487908,-83.258243,True,1.5,1.5,0,0.0,0.0,0,,0,,3,5,Average,False,False
7f61592d-36a4-4712-93f2-2bce3bf58a29,Restaurant 1937,Philadelphia,PA,Thai,42.584329,-104.313574,True,2.0,2.0,0,0.0,0.0,0,,0,,5,5,Elite,True,False
b16637d0-c409-4283-ad34-78933372ae8a,Restaurant 1942,Philadelphia,PA,American (New),40.911245,-112.361051,False,5.0,5.0,0,0.0,0.0,0,,0,,5,5,Elite,True,True
dde62ba3-67c9-4ef4-b4ce-35648dcbb314,Restaurant 994,Philadelphia,PA,Italian,46.23841,-92.105865,True,4.5,4.5,0,0.0,0.0,0,,0,,3,5,Average,False,False
a37a1be3-2ab8-4aa3-be3b-c506e45de798,Restaurant 995,Philadelphia,PA,Chinese,43.210935,-102.180863,True,3.0,3.0,0,0.0,0.0,0,,0,,3,5,Average,False,False
7a9e7943-30f8-40ea-bd07-cfaff2bc5a8b,Restaurant 1012,Philadelphia,PA,Italian,43.776956,-124.913178,False,1.5,1.5,0,0.0,0.0,0,,0,,3,5,Average,False,True
eaaf038f-5a2d-4695-bb4b-f23c4c3fa6f8,Restaurant 1980,Philadelphia,PA,American (New),36.950584,-102.15476,True,4.5,4.5,0,0.0,0.0,0,,0,,5,5,Elite,True,False
bdc78fc0-52e2-4613-aed5-1829fc944116,Restaurant 1995,Philadelphia,PA,Chinese,42.502926,-98.108001,False,4.5,4.5,0,0.0,0.0,0,,0,,5,5,Elite,True,True
73dc46bb-192a-49fb-8db0-c087ba1bc291,Restaurant 1997,Philadelphia,PA,Sushi,47.493766,-112.004196,False,4.0,4.0,0,0.0,0.0,0,,0,,5,5,Elite,True,True
041225a4-95df-4e78-8d09-49e0bb132be5,Restaurant 13,Philadelphia,WA,Sushi,40.646518,-118.699654,False,5.0,5.0,0,0.0,0.0,0,,0,,1,1,Low,False,True
c5155494-1f0c-4cb4-9ae8-2a99e76be59d,Restaurant 40,Philadelphia,WA,Mexican,34.885094,-122.699413,False,3.5,3.5,0,0.0,0.0,0,,0,,1,1,Low,False,True
fc0bf660-1263-415b-8c01-4eec481ceb16,Restaurant 45,Philadelphia,WA,Pizza,46.602454,-118.656204,False,3.0,3.0,0,0.0,0.0,0,,0,,1,1,Low,False,True
db216414-7217-4143-a349-3f6300808c8f,Restaurant 51,Philadelphia,WA,American (New),43.255914,-72.20924,False,2.0,2.0,0,0.0,0.0,0,,0,,1,1,Low,False,True
cd00e585-075e-40f4-a32f-7d010f628718,Restaurant 56,Philadelphia,WA,American (New),32.297853,-83.461249,False,4.5,4.5,0,0.0,0.0,0,,0,,1,1,Low,False,True
4aaeba07-e1e3-4583-bcb9-f257d4f49232,Restaurant 75,Philadelphia,WA,Coffee & Tea,26.969098,-85.395893,True,4.5,4.5,0,0.0,0.0,0,,0,,1,1,Low,False,False
ae3ae548-5fc5-4b7b-8fa7-590faec82a4c,Restaurant 77,Philadelphia,WA,Italian,34.786588,-83.973551,False,3.5,3.5,0,0.0,0.0,0,,0,,1,1,Low,False,True
c3203c88-54a0-4b3a-bb32-a872b7af9047,Restaurant 81,Philadelphia,WA,Seafood,41.0406,-118.054628,True,4.5,4.5,0,0.0,0.0,0,,0,,1,1,Low,False,False
0eff75fd-4367-4a43-82a2-55da974cb31b,Restaurant 93,Philadelphia,WA,Coffee & Tea,35.171276,-109.701389,True,4.0,4.0,0,0.0,0.0,0,,0,,1,1,Low,False,False
fbf6332c-31b4-4eac-97d8-a4d40398bb35,Restaurant 101,Philadelphia,WA,Pizza,44.872619,-109.806393,False,4.0,4.0,0,0.0,0.0,0,,0,,1,1,Low,False,True
e67626b2-2e08-4269-964d-83b426828f84,Restaurant 103,Philadelphia,WA,Mexican,33.675831,-73.693126,False,2.5,2.5,0,0.0,0.0,0,,0,,1,1,Low,False,True
7dc49068-c5ec-4657-b67c-bfcd933c6880,Restaurant 132,Philadelphia,WA,Coffee & Tea,27.508242,-97.288872,False,1.0,1.0,0,0.0,0.0,0,,0,,1,1,Low,False,True
1746c880-a4f4-4822-a3ca-ef8c39d44f9c,Restaurant 139,Philadelphia,WA,Seafood,40.410305,-102.405525,False,4.0,4.0,0,0.0,0.0,0,,0,,1,1,Low,False,True
74e436ee-3905-4fbf-8069-1ccf413759b4,Restaurant 158,Philadelphia,WA,Chinese,35.642368,-94.5126,True,1.0,1.0,0,0.0,0.0,0,,0,,1,1,Low,False,False
7042bb49-2c25-4e1a-b1bb-dabc90a28a4d,Restaurant 159,Philadelphia,WA,Pizza,47.027614,-100.221229,True,3.5,3.5,0,0.0,0.0,0,,0,,1,1,Low,False,False
6a14b9dd-42e6-4dfd-945a-dbb1bd2807d5,Restaurant 170,Philadelphia,WA,Coffee & Tea,47.224168,-80.070982,True,2.0,2.0,0,0.0,0.0,0,,0,,1,1,Low,False,False
2128f213-de84-4c3a-ad1f-0f8a55599ffb,Restaurant 171,Philadelphia,WA,Thai,41.362222,-96.624984,True,1.5,1.5,0,0.0,0.0,0,,0,,1,1,Low,False,False
f62ab0bb-f37e-4ad8-ae83-4ecfa135648f,Restaurant 207,Philadelphia,WA,Thai,32.339665,-99.344009,True,3.0,3.0,0,0.0,0.0,0,,0,,1,1,Low,False,False
da5fa659-0076-4026-9d72-5e73d4143276,Restaurant 213,Philadelphia,WA,American (New),33.338047,-109.126907,False,4.0,4.0,0,0.0,0.0,0,,0,,1,1,Low,False,True
216689e2-4041-4899-a989-df3f73debd27,Restaurant 218,Philadelphia,WA,Sushi,41.301016,-108.511519,False,1.0,1.0,0,0.0,0.0,0,,0,,1,1,Low,False,True
8fe4077f-caa8-414c-bc99-ca6604aef6e1,Restaurant 223,Philadelphia,WA,Coffee & Tea,47.956826,-98.689596,True,4.0,4.0,0,0.0,0.0,0,,0,,1,1,Low,False,False
77c8f5c6-d153-453c-bac1-704982e849dd,Restaurant 242,Philadelphia,WA,Seafood,26.796363,-93.97072,True,1.0,1.0,0,0.0,0.0,0,,0,,1,1,Low,False,False
be1bc014-a840-4f30-a48a-ffd420c9c627,Restaurant 249,Philadelphia,WA,Italian,37.163378,-84.967802,True,2.5,2.5,0,0.0,0.0,0,,0,,1,1,Low,False,False
675718c0-56c6-462b-8ae9-19a224bd3e50,Restaurant 250,Philadelphia,WA,Thai,37.234473,-79.715176,False,2.5,2.5,0,0.0,0.0,0,,0,,1,1,Low,False,True
9f31b217-8f0c-4252-a81a-dfef1a878f55,Restaurant 270,Philadelphia,WA,Pizza,25.272572,-95.882029,False,3.0,3.0,0,0.0,0.0,0,,0,,1,1,Low,False,True
c02121ed-573b-4a93-b27c-7e61fc3798e3,Restaurant 274,Philadelphia,WA,Burgers,26.290644,-124.480241,False,2.0,2.0,0,0.0,0.0,0,,0,,1,1,Low,False,True
fe223133-da99-40aa-a11b-ba60e4dffca6,Restaurant 279,Philadelphia,WA,Chinese,26.235018,-100.960146,False,1.5,1.5,0,0.0,0.0,0,,0,,1,1,Low,False,True
ad721e79-2536-4bd0-864b-ed435d81c8b7,Restaurant 312,Philadelphia,WA,Seafood,28.868806,-99.847324,True,4.5,4.5,0,0.0,0.0,0,,0,,1,1,Low,False,False
b684bf9f-7a63-4f2e-b628-3c1b03da2c12,Restaurant 322,Philadelphia,WA,Sushi,28.003668,-78.116758,True,3.5,3.5,0,0.0,0.0,0,,0,,1,1,Low,False,False
1450b992-ae40-4f08-ac9b-181ed7f32aba,Restaurant 336,Philadelphia,WA,Italian,34.74223,-102.874742,True,5.0,5.0,0,0.0,0.0,0,,0,,1,1,Low,False,False
b270fc05-7615-46f7-850e-6c9220fc84a5,Restaurant 352,Philadelphia,WA,Mexican,39.655961,-103.310679,True,1.0,1.0,0,0.0,0.0,0,,0,,1,1,Low,False,False
32d2366f-bec8-42c2-b2f4-f13406e9b27d,Restaurant 403,Philadelphia,WA,Coffee & Tea,39.614426,-118.186993,False,1.0,1.0,0,0.0,0.0,0,,0,,2,1,Below Average,False,True
746a2e36-817d-414c-b596-3b3c7df996d4,Restaurant 421,Philadelphia,WA,Pizza,41.805159,-72.746226,True,3.5,3.5,0,0.0,0.0,0,,0,,2,1,Below Average,False,False
631fc542-fbc7-444b-8819-2db56a754fd4,Restaurant 439,Philadelphia,WA,Burgers,27.190569,-88.605771,False,2.5,2.5,0,0.0,0.0,0,,0,,2,1,Below Average,False,True
ff1307a7-d9b3-4b73-a5dc-1051b1a8bf30,Restaurant 440,Philadelphia,WA,Coffee & Tea,26.255021,-89.613071,False,2.0,2.0,0,0.0,0.0,0,,0,,2,1,Below Average,False,True
4bdb53b2-c475-4fea-a187-281e8ce22713,Restaurant 450,Philadelphia,WA,Seafood,37.724206,-101.195429,True,4.5,4.5,0,0.0,0.0,0,,0,,2,1,Below Average,False,False
dc9b7df1-239b-45c1-9adf-3c426381fabc,Restaurant 453,Philadelphia,WA,Mexican,44.390712,-94.870672,True,3.5,3.5,0,0.0,0.0,0,,0,,2,2,Below Average,False,False
e82eeb1d-e380-423f-90e9-52321873308f,Restaurant 455,Philadelphia,WA,Burgers,38.404544,-73.152949,False,4.0,4.0,0,0.0,0.0,0,,0,,2,2,Below Average,False,True
ff81636d-d263-4802-8561-942190b3d15c,Restaurant 456,Philadelphia,WA,Thai,25.581259,-117.007031,False,1.0,1.0,0,0.0,0.0,0,,0,,2,2,Below Average,False,True
4ae2a95c-4f3f-4078-a542-685cc396e39a,Restaurant 465,Philadelphia,WA,American (New),47.010718,-96.366654,False,5.0,5.0,0,0.0,0.0,0,,0,,2,2,Below Average,False,True
7ec5b09e-9906-4b13-beef-ddbe53eaf253,Restaurant 469,Philadelphia,WA,Coffee & Tea,25.568232,-96.57227,False,3.5,3.5,0,0.0,0.0,0,,0,,2,2,Below Average,False,True
c0689d68-05eb-4dd7-ad09-9a15432b44a0,Restaurant 474,Philadelphia,WA,American (New),39.752723,-90.990785,False,1.0,1.0,0,0.0,0.0,0,,0,,2,2,Below Average,False,True
b0d9e6a3-fec2-4d19-b119-a681f182e368,Restaurant 480,Philadelphia,WA,Mexican,39.827514,-120.977049,True,1.5,1.5,0,0.0,0.0,0,,0,,2,2,Below Average,False,False
383f29c9-fe82-4f35-a3a8-6d95cb94b438,Restaurant 493,Philadelphia,WA,American (New),28.998546,-89.047858,True,3.5,3.5,0,0.0,0.0,0,,0,,2,2,Below Average,False,False
c634f3b4-dea1-4b01-a044-19c2d780aad7,Restaurant 495,Philadelphia,WA,Thai,35.11767,-112.350508,True,5.0,5.0,0,0.0,0.0,0,,0,,2,2,Below Average,False,False
25c8d599-a94a-4b55-a2b0-c599a74e63ae,Restaurant 505,Philadelphia,WA,Burgers,30.278184,-80.873489,True,4.0,4.0,0,0.0,0.0,0,,0,,2,2,Below Average,False,False
73155454-3f97-4cd6-8510-0bb3132d3393,Restaurant 510,Philadelphia,WA,Sushi,36.126484,-70.632045,True,3.5,3.5,0,0.0,0.0,0,,0,,2,2,Below Average,False,False
ff3dbb94-2645-4dec-b2b4-07da65b8a7cc,Restaurant 515,Philadelphia,WA,Pizza,41.064344,-91.164551,True,1.0,1.0,0,0.0,0.0,0,,0,,2,2,Below Average,False,False
910b41fd-a21e-4dd9-9665-7b6ff0c9c9eb,Restaurant 520,Philadelphia,WA,Mexican,30.753254,-100.647725,False,4.0,4.0,0,0.0,0.0,0,,0,,2,2,Below Average,False,True
c8cb2c71-17f7-4a0a-bc27-cee8bed2dc18,Restaurant 523,Philadelphia,WA,Chinese,41.118827,-110.515767,False,3.0,3.0,0,0.0,0.0,0,,0,,2,2,Below Average,False,True
a1adf48d-e0a0-4e19-90b8-607a4613fdc2,Restaurant 524,Philadelphia,WA,Coffee & Tea,35.960775,-105.555414,True,3.0,3.0,0,0.0,0.0,0,,0,,2,2,Below Average,False,False
b93abe7a-c511-4be1-b0a0-8cbd003696ba,Restaurant 529,Philadelphia,WA,American (New),34.055489,-87.251374,True,2.0,2.0,0,0.0,0.0,0,,0,,2,2,Below Average,False,False
72eed0c7-ee34-407a-b310-8a3ec47acf3d,Restaurant 537,Philadelphia,WA,Chinese,46.432425,-110.825685,True,1.0,1.0,0,0.0,0.0,0,,0,,2,2,Below Average,False,False
8391ecc5-953e-4fab-9b0a-135e519aae87,Restaurant 548,Philadelphia,WA,Thai,43.508279,-100.697683,False,3.5,3.5,0,0.0,0.0,0,,0,,2,2,Below Average,False,True
4b6ff088-0d1b-42b7-9955-1b9401cc3717,Restaurant 578,Philadelphia,WA,American (New),40.123233,-95.635474,False,4.5,4.5,0,0.0,0.0,0,,0,,2,2,Below Average,False,True
e1af6754-8e99-4bd0-9cc2-e8cbc3d019cf,Restaurant 601,Philadelphia,WA,Chinese,37.895813,-85.814195,False,1.0,1.0,0,0.0,0.0,0,,0,,2,2,Below Average,False,True
caf83720-9dd4-43c0-9906-b3f5254898c1,Restaurant 638,Philadelphia,WA,Mexican,37.993681,-87.699131,True,5.0,5.0,0,0.0,0.0,0,,0,,2,2,Below Average,False,False
03a9901c-2c5a-4ef8-ae58-9f2176d4e265,Restaurant 644,Philadelphia,WA,American (New),47.832568,-113.714709,False,1.0,1.0,0,0.0,0.0,0,,0,,2,2,Below Average,False,True
c46d381c-28e1-4ad1-a90f-63d75b58b38e,Restaurant 646,Philadelphia,WA,Mexican,42.147759,-123.763586,False,3.0,3.0,0,0.0,0.0,0,,0,,2,2,Below Average,False,True
99bc508f-4b7d-4bbd-b8be-e4182a349f8c,Restaurant 650,Philadelphia,WA,Pizza,26.166702,-123.405402,False,1.0,1.0,0,0.0,0.0,0,,0,,2,2,Below Average,False,True
58859cfc-feae-425b-a0db-eddce39ea1cd,Restaurant 652,Philadelphia,WA,Sushi,47.394683,-83.434139,True,4.5,4.5,0,0.0,0.0,0,,0,,2,2,Below Average,False,False
92ad423b-f50e-430a-9214-f2cc4b78f088,Restaurant 670,Philadelphia,WA,Seafood,33.848439,-112.584249,True,4.0,4.0,0,0.0,0.0,0,,0,,2,2,Below Average,False,False
fcb504fc-e95f-48f3-94f6-b9bdd4982c20,Restaurant 693,Philadelphia,WA,Pizza,30.022889,-89.616401,True,4.5,4.5,0,0.0,0.0,0,,0,,2,2,Below Average,False,False
c296a0b0-c068-43d5-b481-4306d4c0129b,Restaurant 699,Philadelphia,WA,Chinese,47.252798,-88.659625,True,3.0,3.0,0,0.0,0.0,0,,0,,2,2,Below Average,False,False
e4a666aa-a07f-4de0-bb19-4508fa0d339f,Restaurant 703,Philadelphia,WA,Coffee & Tea,42.044184,-112.185789,True,1.5,1.5,0,0.0,0.0,0,,0,,2,2,Below Average,False,False
7e0ea6e6-6352-4cc1-bb52-595a259b3f5e,Restaurant 707,Philadelphia,WA,Chinese,32.396567,-71.941919,True,2.5,2.5,0,0.0,0.0,0,,0,,2,2,Below Average,False,False
73def9a5-5614-4db5-af5f-5b4abd919807,Restaurant 723,Philadelphia,WA,Pizza,44.830578,-113.095657,False,4.5,4.5,0,0.0,0.0,0,,0,,2,2,Below Average,False,True
8a0e4abe-d4d7-45a7-8f90-dc4234226a9b,Restaurant 744,Philadelphia,WA,Thai,37.273788,-118.318049,False,1.0,1.0,0,0.0,0.0,0,,0,,2,2,Below Average,False,True
cb85f43d-63eb-4f41-b7ce-4f6f8ede540c,Restaurant 762,Philadelphia,WA,American (New),42.628176,-114.921388,True,1.5,1.5,0,0.0,0.0,0,,0,,2,2,Below Average,False,False
65432ce1-fe52-4c25-8191-61ed50e30362,Restaurant 774,Philadelphia,WA,Chinese,33.42865,-92.584069,True,4.5,4.5,0,0.0,0.0,0,,0,,2,2,Below Average,False,False
6b0b1839-5fbd-4ff3-9d38-4e3c625f2d34,Restaurant 788,Philadelphia,WA,Thai,44.788296,-108.332549,False,2.0,2.0,0,0.0,0.0,0,,0,,2,2,Below Average,False,True
113220c4-00e0-45bd-8d58-83298022a8cc,Restaurant 794,Philadelphia,WA,Italian,25.859685,-88.822772,False,4.0,4.0,0,0.0,0.0,0,,0,,2,2,Below Average,False,True
a42eeb56-46ea-4cc6-a7e3-82eaa1ab59c1,Restaurant 800,Philadelphia,WA,Italian,34.956941,-95.302883,False,2.5,2.5,0,0.0,0.0,0,,0,,3,3,Average,False,True
f1e5f1da-0c12-4b59-bb65-f65e66a99689,Restaurant 803,Philadelphia,WA,Burgers,33.378317,-116.874097,False,2.0,2.0,0,0.0,0.0,0,,0,,3,3,Average,False,True
3365c608-7285-44a2-9f4f-b13e4da94ad4,Restaurant 832,Philadelphia,WA,American (New),46.39752,-76.715679,False,2.0,2.0,0,0.0,0.0,0,,0,,3,3,Average,False,True
ed616d74-937e-4aa7-a688-36e3429ea1e3,Restaurant 849,Philadelphia,WA,Coffee & Tea,39.886184,-120.381644,True,4.5,4.5,0,0.0,0.0,0,,0,,3,3,Average,False,False
69207bd6-af1b-47c3-b7da-e725c0a16359,Restaurant 865,Philadelphia,WA,Burgers,38.51615,-87.326425,False,4.5,4.5,0,0.0,0.0,0,,0,,3,3,Average,False,True
460b8578-323b-43b0-90df-c415bb5b6a17,Restaurant 868,Philadelphia,WA,Thai,47.983008,-105.266729,True,3.0,3.0,0,0.0,0.0,0,,0,,3,3,Average,False,False
fde54432-d9e3-4e64-a9d8-837187049985,Restaurant 872,Philadelphia,WA,Italian,28.842065,-118.506736,True,2.5,2.5,0,0.0,0.0,0,,0,,3,3,Average,False,False
b6d991b2-7063-42d8-ac3d-0eae2fcccc6e,Restaurant 873,Philadelphia,WA,Sushi,41.848694,-119.538817,True,3.5,3.5,0,0.0,0.0,0,,0,,3,3,Average,False,False
97a955e0-c8cb-4cfd-b07f-a9912ccd0557,Restaurant 880,Philadelphia,WA,Chinese,46.170364,-86.483771,False,4.5,4.5,0,0.0,0.0,0,,0,,3,3,Average,False,True
3631dc73-775d-4617-95b6-0f8ec481d17f,Restaurant 882,Philadelphia,WA,American (New),32.181806,-106.261012,True,2.0,2.0,0,0.0,0.0,0,,0,,3,3,Average,False,False
7021aba8-225b-470f-83c7-9fb6f38809aa,Restaurant 887,Philadelphia,WA,Burgers,29.428771,-82.179777,True,4.5,4.5,0,0.0,0.0,0,,0,,3,3,Average,False,False
00a9fb92-035d-4d3e-b167-0352034753e2,Restaurant 889,Philadelphia,WA,Burgers,38.529508,-96.458025,False,4.0,4.0,0,0.0,0.0,0,,0,,3,3,Average,False,True
66688073-9a51-470d-821b-d655a5a3f09e,Restaurant 891,Philadelphia,WA,Sushi,40.972826,-99.951219,False,1.0,1.0,0,0.0,0.0,0,,0,,3,3,Average,False,True
bac0805e-3789-40fa-ab31-6e235ba3996d,Restaurant 923,Philadelphia,WA,Pizza,30.817185,-94.193621,False,4.5,4.5,0,0.0,0.0,0,,0,,3,3,Average,False,True
ed2b7395-5030-43c2-a871-8a9d4b58081a,Restaurant 935,Philadelphia,WA,Thai,33.173998,-98.523038,True,4.5,4.5,0,0.0,0.0,0,,0,,3,3,Average,False,False
1891ca52-a128-4079-9e25-a99ba500b733,Restaurant 938,Philadelphia,WA,Sushi,44.750151,-101.786637,True,2.5,2.5,0,0.0,0.0,0,,0,,3,3,Average,False,False
188181c3-f32a-482f-8310-f4d562340405,Restaurant 943,Philadelphia,WA,Mexican,28.275245,-100.777553,True,3.5,3.5,0,0.0,0.0,0,,0,,3,3,Average,False,False
a6d4005e-2227-435f-b5cc-98bff44de6d7,Restaurant 954,Philadelphia,WA,Mexican,28.089597,-120.378452,False,4.5,4.5,0,0.0,0.0,0,,0,,3,3,Average,False,True
d4fbba7c-cd21-4231-8a7d-8a944e33c014,Restaurant 969,Philadelphia,WA,Sushi,28.951991,-77.716096,True,4.0,4.0,0,0.0,0.0,0,,0,,3,3,Average,False,False
a1716876-7173-4839-a0e9-662758fa3f23,Restaurant 970,Philadelphia,WA,Italian,35.999776,-121.218036,True,2.5,2.5,0,0.0,0.0,0,,0,,3,3,Average,False,False
a4cab6a3-a10d-4237-9613-2d7fa9118287,Restaurant 1022,Philadelphia,WA,Pizza,40.185253,-124.827899,False,3.5,3.5,0,0.0,0.0,0,,0,,3,3,Average,False,True
d21af797-41be-4869-8354-44ecd391c8e2,Restaurant 1026,Philadelphia,WA,Pizza,30.597188,-115.626184,False,1.5,1.5,0,0.0,0.0,0,,0,,3,3,Average,False,True
329e7064-8b48-4885-b9d6-112afac7b55c,Restaurant 1049,Philadelphia,WA,Pizza,27.854055,-83.585649,True,1.5,1.5,0,0.0,0.0,0,,0,,3,3,Average,False,False
60ab67b9-0ab8-4314-93a3-6389c84d5ab3,Restaurant 1061,Philadelphia,WA,Seafood,38.543022,-80.626101,False,1.5,1.5,0,0.0,0.0,0,,0,,3,3,Average,False,True
39d16d18-caa2-43cb-855b-d5ebb1979c95,Restaurant 1062,Philadelphia,WA,Thai,38.97174,-75.688637,False,2.0,2.0,0,0.0,0.0,0,,0,,3,3,Average,False,True
91601fc0-0928-4ba9-8394-d2e4afec332f,Restaurant 1063,Philadelphia,WA,Italian,38.676191,-78.270349,True,4.5,4.5,0,0.0,0.0,0,,0,,3,3,Average,False,False
ba73423f-e438-4ea2-aa79-26a9b76e2a27,Restaurant 1064,Philadelphia,WA,Mexican,40.123948,-117.153142,False,3.0,3.0,0,0.0,0.0,0,,0,,3,3,Average,False,True
6f5d1897-4083-4efb-a148-ba7d73357922,Restaurant 1066,Philadelphia,WA,Sushi,32.019311,-77.814319,False,3.0,3.0,0,0.0,0.0,0,,0,,3,3,Average,False,True
3d623c63-26c2-4f87-8177-8d536aed2499,Restaurant 1078,Philadelphia,WA,Chinese,27.499985,-100.878536,True,4.5,4.5,0,0.0,0.0,0,,0,,3,3,Average,False,False
b298da43-3678-4e5c-b7cb-cfd1f21e8197,Restaurant 1095,Philadelphia,WA,Pizza,32.886653,-85.105714,True,2.5,2.5,0,0.0,0.0,0,,0,,3,3,Average,False,False
bea8299f-eeeb-4938-8caa-83f0825409d8,Restaurant 1104,Philadelphia,WA,Pizza,41.607831,-102.541141,True,3.0,3.0,0,0.0,0.0,0,,0,,3,3,Average,False,False
51a565b4-ea99-4b93-b031-de94488675de,Restaurant 1115,Philadelphia,WA,Mexican,27.35902,-76.244872,True,4.0,4.0,0,0.0,0.0,0,,0,,3,3,Average,False,False
30e775f8-8f19-46a4-8e36-914e5643e99c,Restaurant 1119,Philadelphia,WA,Chinese,38.791064,-87.631168,False,2.0,2.0,0,0.0,0.0,0,,0,,3,3,Average,False,True
6278bfe5-e884-4438-84f7-fb6b5c1cd500,Restaurant 1124,Philadelphia,WA,Sushi,37.391187,-97.906923,False,5.0,5.0,0,0.0,0.0,0,,0,,3,3,Average,False,True
97b5bf89-8555-41e4-8dc7-c4c213989f3a,Restaurant 1131,Philadelphia,WA,Sushi,35.814244,-85.259342,False,4.5,4.5,0,0.0,0.0,0,,0,,3,3,Average,False,True
e1c04e7e-d32b-4b6c-aa48-3f9831034cf9,Restaurant 1138,Philadelphia,WA,Pizza,26.502341,-92.158908,True,3.0,3.0,0,0.0,0.0,0,,0,,3,3,Average,False,False
6cb1c01d-f782-4618-8469-659e73969185,Restaurant 1185,Philadelphia,WA,American (New),28.64293,-84.206674,True,1.5,1.5,0,0.0,0.0,0,,0,,3,4,Average,False,False
9514c379-a3b0-4a92-94cf-0d98d719f340,Restaurant 1186,Philadelphia,WA,Pizza,42.502102,-113.103141,True,3.5,3.5,0,0.0,0.0,0,,0,,3,4,Average,False,False
a0040d4f-4d72-48b5-9df0-f6ab4ff6f9f6,Restaurant 1193,Philadelphia,WA,Chinese,34.161053,-118.694253,True,3.5,3.5,0,0.0,0.0,0,,0,,3,4,Average,False,False
0401bc2a-dc48-4924-96a4-15cc45b59306,Restaurant 1218,Philadelphia,WA,Sushi,31.335568,-76.456984,False,4.0,4.0,0,0.0,0.0,0,,0,,4,4,Strong,False,True
a6c321e6-6af2-431d-960a-89b09dc596c5,Restaurant 1224,Philadelphia,WA,Coffee & Tea,42.364827,-82.36089,False,1.5,1.5,0,0.0,0.0,0,,0,,4,4,Strong,False,True
642b1a07-8ad0-4137-b4a6-b7d47e296a16,Restaurant 1245,Philadelphia,WA,Pizza,28.137263,-75.772121,False,2.0,2.0,0,0.0,0.0,0,,0,,4,4,Strong,False,True
ae5ee031-4746-4037-9976-adfe77be8188,Restaurant 1268,Philadelphia,WA,Chinese,38.403768,-73.469021,True,3.0,3.0,0,0.0,0.0,0,,0,,4,4,Strong,False,False
a3e7344a-e7b0-46d4-b07c-12419d580c7e,Restaurant 1301,Philadelphia,WA,Thai,41.395326,-73.303309,True,4.0,4.0,0,0.0,0.0,0,,0,,4,4,Strong,False,False
6998e9e1-af1f-47d1-af7a-af94e520a5ae,Restaurant 1303,Philadelphia,WA,Italian,38.963346,-88.744123,False,5.0,5.0,0,0.0,0.0,0,,0,,4,4,Strong,False,True
4d311a4d-1ef2-4cb3-bf60-ecc9f8e63b21,Restaurant 1307,Philadelphia,WA,Italian,42.85831,-102.581041,False,2.0,2.0,0,0.0,0.0,0,,0,,4,4,Strong,False,True
7cad41a3-4026-46c7-93c0-f5bebd7dcbcc,Restaurant 1316,Philadelphia,WA,Burgers,38.336049,-78.576402,False,4.0,4.0,0,0.0,0.0,0,,0,,4,4,Strong,False,True
16d9b46b-d42b-4f60-9316-f7cba9215ef5,Restaurant 1320,Philadelphia,WA,Pizza,42.361889,-123.495743,True,1.0,1.0,0,0.0,0.0,0,,0,,4,4,Strong,False,False
6141c8ff-5e91-4d45-8363-33562058f1d0,Restaurant 1325,Philadelphia,WA,Thai,29.37917,-94.300634,True,1.0,1.0,0,0.0,0.0,0,,0,,4,4,Strong,False,False
dd498b0d-e9dd-4f46-8adb-ef239b1a6e1b,Restaurant 1340,Philadelphia,WA,Mexican,43.2009,-122.674316,True,3.0,3.0,0,0.0,0.0,0,,0,,4,4,Strong,False,False
04f509d0-9f45-4f5d-9ceb-9e07e997b78e,Restaurant 1352,Philadelphia,WA,Pizza,46.188299,-101.586389,True,1.5,1.5,0,0.0,0.0,0,,0,,4,4,Strong,False,False
6a249cce-a90e-4d90-b9d5-1f5dd3b1a6aa,Restaurant 1353,Philadelphia,WA,Coffee & Tea,28.82253,-100.931931,False,1.5,1.5,0,0.0,0.0,0,,0,,4,4,Strong,False,True
a450c849-10e9-4a84-9740-deea7f58671c,Restaurant 1354,Philadelphia,WA,Italian,28.216904,-76.918172,True,4.0,4.0,0,0.0,0.0,0,,0,,4,4,Strong,False,False
c79b6a82-fc7a-4bad-be32-792c778f8055,Restaurant 1359,Philadelphia,WA,Sushi,32.613808,-121.639072,True,4.5,4.5,0,0.0,0.0,0,,0,,4,4,Strong,False,False
2a4df03d-246c-44c9-8c13-fef5495e4bc8,Restaurant 1360,Philadelphia,WA,Burgers,32.934021,-124.222878,False,2.5,2.5,0,0.0,0.0,0,,0,,4,4,Strong,False,True
2200b213-7fc6-43c2-9f91-76746b5da9d4,Restaurant 1368,Philadelphia,WA,Chinese,36.272151,-81.606922,False,1.5,1.5,0,0.0,0.0,0,,0,,4,4,Strong,False,True
771d089e-5466-4394-9774-5bf708797842,Restaurant 1386,Philadelphia,WA,Italian,44.086727,-81.313773,True,1.5,1.5,0,0.0,0.0,0,,0,,4,4,Strong,False,False
63d2ce80-78e4-40e8-bb28-2660e37dba3d,Restaurant 1392,Philadelphia,WA,Thai,34.682678,-82.426015,True,4.0,4.0,0,0.0,0.0,0,,0,,4,4,Strong,False,False
161ebb77-2f1f-4ef9-8e98-10e50163d5ae,Restaurant 1411,Philadelphia,WA,Coffee & Tea,30.718415,-120.377423,True,1.5,1.5,0,0.0,0.0,0,,0,,4,4,Strong,False,False
37b0aab6-9c1f-49d3-96ff-4562bb1d06bd,Restaurant 1420,Philadelphia,WA,Chinese,35.938866,-94.328858,False,3.5,3.5,0,0.0,0.0,0,,0,,4,4,Strong,False,True
0fa7fed7-a716-449f-828c-ebdd00bb9908,Restaurant 1423,Philadelphia,WA,Thai,31.992753,-83.702836,True,4.5,4.5,0,0.0,0.0,0,,0,,4,4,Strong,False,False
df8e3f4b-ccbb-4029-9290-79d1590ce1c7,Restaurant 1425,Philadelphia,WA,Mexican,33.703863,-72.81495,False,1.5,1.5,0,0.0,0.0,0,,0,,4,4,Strong,False,True
e2f805ca-ad75-4494-b972-a736717a283f,Restaurant 1429,Philadelphia,WA,Burgers,42.547503,-88.909516,False,1.5,1.5,0,0.0,0.0,0,,0,,4,4,Strong,False,True
6932226a-19e1-4533-b76f-39bf0459534a,Restaurant 1432,Philadelphia,WA,Mexican,44.85908,-78.233004,False,2.0,2.0,0,0.0,0.0,0,,0,,4,4,Strong,False,True
5ed9f376-9e66-46f7-a899-7faaad4e18f9,Restaurant 1454,Philadelphia,WA,Sushi,29.944861,-98.202313,False,1.0,1.0,0,0.0,0.0,0,,0,,4,4,Strong,False,True
7d570e44-dda3-4310-b911-faff3ced5290,Restaurant 1457,Philadelphia,WA,Sushi,32.846273,-87.71866,False,5.0,5.0,0,0.0,0.0,0,,0,,4,4,Strong,False,True
36630652-4757-4567-9cdf-8f5b45557f44,Restaurant 1477,Philadelphia,WA,Italian,38.200281,-99.235426,False,2.5,2.5,0,0.0,0.0,0,,0,,4,4,Strong,False,True
897c6b39-e675-4dc0-a4e5-46fce9adc92d,Restaurant 1482,Philadelphia,WA,Sushi,46.723379,-122.830108,False,2.0,2.0,0,0.0,0.0,0,,0,,4,4,Strong,False,True
145c69c7-29a0-40ee-8d02-95ab6bf46c9e,Restaurant 1505,Philadelphia,WA,Thai,27.70984,-109.638214,False,5.0,5.0,0,0.0,0.0,0,,0,,4,4,Strong,False,True
ba70af0e-8bb2-4514-991e-4aebda64acf0,Restaurant 1508,Philadelphia,WA,American (New),27.904883,-105.880667,True,4.5,4.5,0,0.0,0.0,0,,0,,4,4,Strong,False,False
449d68de-88a7-4abc-876b-a46f7461213f,Restaurant 1511,Philadelphia,WA,American (New),33.612859,-119.492406,True,2.0,2.0,0,0.0,0.0,0,,0,,4,4,Strong,False,False
40a5beea-6780-4476-8013-20dfacfc117a,Restaurant 1519,Philadelphia,WA,Burgers,35.450451,-121.12785,True,3.5,3.5,0,0.0,0.0,0,,0,,4,5,Strong,False,False
5322436e-f142-4841-9478-7c5d238dacbb,Restaurant 1540,Philadelphia,WA,Italian,34.191187,-93.349872,False,4.0,4.0,0,0.0,0.0,0,,0,,4,5,Strong,False,True
d3edcee4-ebd7-4e14-bd1f-5937bc3cc211,Restaurant 1566,Philadelphia,WA,Pizza,29.325815,-120.094688,False,5.0,5.0,0,0.0,0.0,0,,0,,4,5,Strong,False,True
09b99fb9-eb17-44ac-937f-d30f90abedcb,Restaurant 1568,Philadelphia,WA,Coffee & Tea,36.701148,-87.537664,True,1.0,1.0,0,0.0,0.0,0,,0,,4,5,Strong,False,False
759d4d34-88f8-4151-b2cd-b4f6a75c1cdd,Restaurant 1577,Philadelphia,WA,Thai,35.786011,-118.986086,False,2.5,2.5,0,0.0,0.0,0,,0,,4,5,Strong,False,True
9e2a4f1e-b7b1-42b9-a92d-0e65fc927cb6,Restaurant 1587,Philadelphia,WA,Thai,30.148316,-109.222507,False,2.0,2.0,0,0.0,0.0,0,,0,,4,5,Strong,False,True
76409af3-5705-49b6-a4f3-21c039e17069,Restaurant 1605,Philadelphia,WA,Thai,47.586837,-75.264607,False,1.0,1.0,0,0.0,0.0,0,,0,,5,5,Elite,True,True
44cae13e-0864-49b3-bfad-8eba02dfdbb2,Restaurant 1629,Philadelphia,WA,Chinese,43.483307,-102.101002,True,1.0,1.0,0,0.0,0.0,0,,0,,5,5,Elite,True,False
6c64d407-4b6a-4e13-9c95-a763ed98b260,Restaurant 1639,Philadelphia,WA,Mexican,30.709209,-104.31951,False,1.0,1.0,0,0.0,0.0,0,,0,,5,5,Elite,True,True
d71482aa-0d9e-4360-8992-3eab6a40e50d,Restaurant 1653,Philadelphia,WA,American (New),34.135174,-116.625928,False,1.0,1.0,0,0.0,0.0,0,,0,,5,5,Elite,True,True
a597a194-2c7a-44a4-8921-b87186ee62e6,Restaurant 1654,Philadelphia,WA,Chinese,28.676856,-113.912775,True,3.0,3.0,0,0.0,0.0,0,,0,,5,5,Elite,True,False
17e18527-ce74-4867-9e88-9018fed493c3,Restaurant 1670,Philadelphia,WA,Chinese,32.376358,-89.83772,False,4.0,4.0,0,0.0,0.0,0,,0,,5,5,Elite,True,True
7082a1fa-1b07-4738-84ae-3d01d417cb85,Restaurant 1675,Philadelphia,WA,Mexican,36.950083,-93.349447,True,3.0,3.0,0,0.0,0.0,0,,0,,5,5,Elite,True,False
c7b01f6b-88c2-431d-9f58-cd2b1f9352d7,Restaurant 1689,Philadelphia,WA,Seafood,29.00013,-100.155074,False,2.0,2.0,0,0.0,0.0,0,,0,,5,5,Elite,True,True
30d6bd4d-7fcf-40ce-a7c2-ebc6a27a55cf,Restaurant 1702,Philadelphia,WA,Mexican,44.807266,-121.260329,True,5.0,5.0,0,0.0,0.0,0,,0,,5,5,Elite,True,False
fe744ad3-3023-4fc7-b72f-43f7e015b764,Restaurant 1708,Philadelphia,WA,Coffee & Tea,33.880159,-77.086252,True,5.0,5.0,0,0.0,0.0,0,,0,,5,5,Elite,True,False
dbdd8700-4315-45f7-9787-ba083cc18cdc,Restaurant 1715,Philadelphia,WA,American (New),28.365818,-91.670893,False,3.0,3.0,0,0.0,0.0,0,,0,,5,5,Elite,True,True
5c76f01b-cdd1-4c2f-bb23-581dce161f86,Restaurant 1722,Philadelphia,WA,Thai,32.284509,-112.907023,True,4.0,4.0,0,0.0,0.0,0,,0,,5,5,Elite,True,False
4396ea78-8d4c-41eb-8561-e509ac2c5ee6,Restaurant 1728,Philadelphia,WA,Sushi,33.921715,-100.679579,True,2.5,2.5,0,0.0,0.0,0,,0,,5,5,Elite,True,False
479fbf55-f994-4d16-bb7b-653d9cffcd1e,Restaurant 1752,Philadelphia,WA,Seafood,39.505514,-104.580346,False,4.5,4.5,0,0.0,0.0,0,,0,,5,5,Elite,True,True
c3141098-f7e6-4620-bb43-ad948f4ede14,Restaurant 1786,Philadelphia,WA,Pizza,37.392222,-83.432453,False,1.0,1.0,0,0.0,0.0,0,,0,,5,5,Elite,True,True
edf19b2a-4c60-445c-9f87-214b85a41e4b,Restaurant 1808,Philadelphia,WA,Chinese,38.789557,-119.493256,False,1.5,1.5,0,0.0,0.0,0,,0,,5,5,Elite,True,True
e8e92be2-af99-4a86-bbe2-6b085847e77d,Restaurant 1810,Philadelphia,WA,American (New),45.998384,-120.618527,False,5.0,5.0,0,0.0,0.0,0,,0,,5,5,Elite,True,True
ea1f0a2b-ce6e-4c5f-a360-b1dcafe7b5f4,Restaurant 1839,Philadelphia,WA,Pizza,46.580249,-111.73345,True,4.5,4.5,0,0.0,0.0,0,,0,,5,5,Elite,True,False
3cdceb4f-1a00-4e56-9ad0-1c8a9c0cbfd9,Restaurant 1847,Philadelphia,WA,Seafood,37.209913,-75.449738,True,3.5,3.5,0,0.0,0.0,0,,0,,5,5,Elite,True,False
e444ac6b-8617-42b4-9b4f-543cb7e811ff,Restaurant 1879,Philadelphia,WA,Mexican,41.58879,-81.694481,True,5.0,5.0,0,0.0,0.0,0,,0,,5,5,Elite,True,False
3408e807-ef69-4f3f-99db-e52f344a5898,Restaurant 1890,Philadelphia,WA,Mexican,46.635358,-122.643061,False,3.5,3.5,0,0.0,0.0,0,,0,,5,5,Elite,True,True
5eb8c89d-8b0a-42ec-ac44-50d07683f7ed,Restaurant 1906,Philadelphia,WA,Coffee & Tea,28.565019,-89.786829,True,4.5,4.5,0,0.0,0.0,0,,0,,5,5,Elite,True,False
43bd96a0-5164-491d-b8d4-b7cb569df305,Restaurant 1910,Philadelphia,WA,Italian,34.343311,-83.02921,False,5.0,5.0,0,0.0,0.0,0,,0,,5,5,Elite,True,True
a30db52a-2ace-46f7-a07f-dcd4b5d3a468,Restaurant 1911,Philadelphia,WA,American (New),38.177005,-106.040542,True,1.5,1.5,0,0.0,0.0,0,,0,,5,5,Elite,True,False
b23a28d6-3e8a-46b2-a36a-a58b7b6c3bd7,Restaurant 1928,Philadelphia,WA,Pizza,32.06326,-92.409474,False,2.0,2.0,0,0.0,0.0,0,,0,,5,5,Elite,True,True
6b976b61-e528-45e2-af01-01eae0ec22ea,Restaurant 1933,Philadelphia,WA,Mexican,28.947251,-94.963121,False,4.5,4.5,0,0.0,0.0,0,,0,,5,5,Elite,True,True
70610a51-9617-42fd-a2d0-4acf2bd9649f,Restaurant 1952,Philadelphia,WA,Thai,35.595774,-103.326315,False,2.0,2.0,0,0.0,0.0,0,,0,,5,5,Elite,True,True
a14be992-9251-4871-bba6-babba45ba841,Restaurant 1957,Philadelphia,WA,Burgers,33.492323,-123.58874,False,4.5,4.5,0,0.0,0.0,0,,0,,5,5,Elite,True,True
b701b9f3-5cfb-434a-a2df-7f13dff92847,Restaurant 1968,Philadelphia,WA,Thai,43.222799,-100.262118,False,4.5,4.5,0,0.0,0.0,0,,0,,5,5,Elite,True,True
