business_id,business_name,city,state,primary_cuisine,performance_tier,tier_label,order_month,order_day_of_week,total_orders,delivered_orders,cancelled_orders,fulfillment_rate,on_time_rate,avg_delivery_min,p90_delivery_min,total_gmv_usd,avg_order_value_usd,total_delivery_fees_usd,_is_synthetic_data
979b061e-4ac6-4950-856e-fbff493b027a,Restaurant 16,Philadelphia,AZ,Mexican,1,Low,2022-01-01,Wednesday,1,1.0,0.0,1.0,1.0,32.0,32.0,27.05,27.05,7.23,True
d1b7b24b-4641-450e-b4e8-47092e175290,Restaurant 22,Philadelphia,AZ,Burgers,1,Low,2022-04-01,Wednesday,1,1.0,0.0,1.0,0.0,51.0,51.0,47.15,47.15,5.72,True
bfacd035-2b61-4720-b818-81c84d141a1a,Restaurant 33,Philadelphia,AZ,American (New),1,Low,2022-04-01,Wednesday,1,1.0,0.0,1.0,0.0,67.0,67.0,46.82,46.82,2.23,True
8419c858-5083-44dd-9d2f-0fbb91600c64,Restaurant 53,Philadelphia,AZ,Burgers,1,Low,2024-12-01,Monday,1,1.0,0.0,1.0,0.0,51.0,51.0,21.05,21.05,1.78,True
77cec5eb-981c-4dad-833f-7d9890102f9d,Restaurant 55,Philadelphia,AZ,Coffee & Tea,1,Low,2022-04-01,Saturday,1,1.0,0.0,1.0,1.0,46.0,46.0,49.76,49.76,6.61,True
aab54cce-bd91-4d6c-941d-dfffc8108b7d,Restaurant 58,Philadelphia,AZ,Thai,1,Low,2024-10-01,Sunday,1,1.0,0.0,1.0,1.0,21.0,21.0,29.61,29.61,5.73,True
c53ec9c4-3f6d-45d9-bbc2-96629c14acb8,Restaurant 60,Philadelphia,AZ,Seafood,1,Low,2024-11-01,Sunday,1,0.0,1.0,0.0,,,,33.43,33.43,5.83,True
a0b2da34-5c89-44c7-8d79-afa148010c89,Restaurant 61,Philadelphia,AZ,Coffee & Tea,1,Low,2024-03-01,Tuesday,1,1.0,0.0,1.0,0.0,53.0,53.0,8.0,8.0,2.21,True
591d6f4c-e48f-4789-9caf-0c027e3804ce,Restaurant 73,Philadelphia,AZ,Coffee & Tea,1,Low,2024-10-01,Wednesday,1,1.0,0.0,1.0,1.0,17.0,17.0,38.49,38.49,3.37,True
0a90f802-0fcf-42b9-84bb-4c3dac3add20,Restaurant 76,Philadelphia,AZ,Coffee & Tea,1,Low,2024-09-01,Sunday,1,1.0,0.0,1.0,1.0,10.0,10.0,9.64,9.64,1.84,True
e5f87447-42f7-4a39-9ffd-f9f7857fb524,Restaurant 79,Philadelphia,AZ,Sushi,1,Low,2022-08-01,Saturday,1,0.0,1.0,0.0,,,,13.17,13.17,6.15,True
c0c0ecf5-abda-4d35-9a2e-40eb13306bfe,Restaurant 82,Philadelphia,AZ,Sushi,1,Low,2023-12-01,Thursday,1,1.0,0.0,1.0,1.0,28.0,28.0,49.64,49.64,1.4,True
16443fd7-b809-4258-82a0-d3f26a944729,Restaurant 87,Philadelphia,AZ,Sushi,1,Low,2023-04-01,Monday,1,1.0,0.0,1.0,0.0,40.0,40.0,33.94,33.94,7.6,True
fc4fcbc8-e42f-4c5b-87e1-4ac14d86a4a5,Restaurant 90,Philadelphia,AZ,Coffee & Tea,1,Low,2024-03-01,Friday,1,1.0,0.0,1.0,1.0,26.0,26.0,43.63,43.63,3.87,True
1520dc80-5566-4e0a-b17c-5fcfc60d991c,Restaurant 97,Philadelphia,AZ,Sushi,1,Low,2022-02-01,Tuesday,1,1.0,0.0,1.0,1.0,28.0,28.0,41.98,41.98,2.36,True
37f2a1e6-67f5-421d-89e0-e3a01465a750,Restaurant 114,Philadelphia,AZ,Burgers,1,Low,2024-02-01,Friday,1,1.0,0.0,1.0,1.0,35.0,35.0,8.0,8.0,1.84,True
f7e16e60-ffdf-49b7-b317-124a64caa172,Restaurant 117,Philadelphia,AZ,Burgers,1,Low,2024-12-01,Monday,1,1.0,0.0,1.0,1.0,15.0,15.0,16.4,16.4,6.35,True
91a13e4c-37fa-4bd8-a05d-5086afc83586,Restaurant 119,Philadelphia,AZ,Thai,1,Low,2023-12-01,Monday,1,1.0,0.0,1.0,1.0,15.0,15.0,17.34,17.34,1.18,True
46865a1b-74e6-494e-bbad-480c599a8de4,Restaurant 125,Philadelphia,AZ,Coffee & Tea,1,Low,2024-03-01,Sunday,1,1.0,0.0,1.0,1.0,24.0,24.0,13.33,13.33,4.75,True
972887eb-5efa-4e42-a7a0-cb0ab25f0026,Restaurant 144,Philadelphia,AZ,Pizza,1,Low,2023-07-01,Monday,1,1.0,0.0,1.0,0.0,55.0,55.0,40.74,40.74,1.61,True
c214b78c-a14f-4770-a416-b47ea798c754,Restaurant 147,Philadelphia,AZ,Pizza,1,Low,2022-12-01,Wednesday,1,1.0,0.0,1.0,1.0,33.0,33.0,37.12,37.12,1.65,True
89cf3c09-cf6c-41d4-b529-f0a2a09d2a85,Restaurant 155,Philadelphia,AZ,Chinese,1,Low,2022-02-01,Tuesday,1,1.0,0.0,1.0,1.0,10.0,10.0,22.7,22.7,1.0,True
e61d2fab-902b-42a0-959b-47d3b1490827,Restaurant 156,Philadelphia,AZ,Chinese,1,Low,2024-08-01,Friday,1,1.0,0.0,1.0,0.0,42.0,42.0,16.34,16.34,6.48,True
705f84f3-dfc4-4043-b406-50f554a7ef2e,Restaurant 160,Philadelphia,AZ,Burgers,1,Low,2023-02-01,Wednesday,1,0.0,1.0,0.0,,,,32.05,32.05,3.73,True
e8b9eabb-d56a-499a-baa9-32c7aa302b84,Restaurant 172,Philadelphia,AZ,Pizza,1,Low,2024-06-01,Friday,1,1.0,0.0,1.0,1.0,10.0,10.0,8.0,8.0,7.67,True
755fb9ed-1fcd-4d30-9d0f-4f41fa9f87ea,Restaurant 175,Philadelphia,AZ,American (New),1,Low,2024-06-01,Friday,1,1.0,0.0,1.0,1.0,19.0,19.0,21.05,21.05,3.27,True
065dc5fd-8dd3-4ed0-a054-a3976b7fb023,Restaurant 182,Philadelphia,AZ,Mexican,1,Low,2022-04-01,Tuesday,1,1.0,0.0,1.0,1.0,22.0,22.0,14.81,14.81,7.4,True
4d2a434a-a9bb-4fb8-b01f-5fe4ae326d57,Restaurant 204,Philadelphia,AZ,Burgers,1,Low,2023-05-01,Wednesday,1,1.0,0.0,1.0,1.0,29.0,29.0,37.0,37.0,1.05,True
a7b8ca5c-13c6-42c0-8068-ea10c88436b4,Restaurant 205,Philadelphia,AZ,Mexican,1,Low,2024-01-01,Thursday,1,1.0,0.0,1.0,0.0,59.0,59.0,57.77,57.77,6.3,True
9f48c66d-495c-4261-8145-50fabc999aa2,Restaurant 226,Philadelphia,AZ,Seafood,1,Low,2024-09-01,Friday,1,1.0,0.0,1.0,1.0,35.0,35.0,27.03,27.03,3.39,True
d62440c3-6480-4c98-9cb8-c6714f1808b2,Restaurant 231,Philadelphia,AZ,Sushi,1,Low,2022-09-01,Friday,1,1.0,0.0,1.0,1.0,28.0,28.0,8.0,8.0,3.27,True
5647ac52-1239-428e-a11f-706dafbd405e,Restaurant 235,Philadelphia,AZ,Thai,1,Low,2023-03-01,Wednesday,1,1.0,0.0,1.0,1.0,31.0,31.0,32.73,32.73,6.99,True
9118ba18-f69f-48f6-9135-9c5cf3d5a515,Restaurant 244,Philadelphia,AZ,American (New),1,Low,2024-12-01,Monday,1,1.0,0.0,1.0,1.0,28.0,28.0,8.0,8.0,5.37,True
4e083304-68b7-466b-83e1-8d5b67967bc0,Restaurant 257,Philadelphia,AZ,American (New),1,Low,2023-07-01,Monday,1,1.0,0.0,1.0,1.0,30.0,30.0,44.32,44.32,1.84,True
079fcc3d-2113-4c2d-97b8-bae65f766873,Restaurant 269,Philadelphia,AZ,Pizza,1,Low,2024-11-01,Monday,1,1.0,0.0,1.0,1.0,24.0,24.0,24.97,24.97,3.91,True
786a7a3f-2749-431e-983b-fdef7724ffb9,Restaurant 292,Philadelphia,AZ,Italian,1,Low,2022-10-01,Wednesday,1,1.0,0.0,1.0,0.0,50.0,50.0,40.45,40.45,1.08,True
1768a42b-6a3e-4789-887d-345d5038a987,Restaurant 305,Philadelphia,AZ,Seafood,1,Low,2023-08-01,Friday,1,1.0,0.0,1.0,0.0,43.0,43.0,8.0,8.0,5.97,True
e410ee9f-6717-409e-a90d-878240431333,Restaurant 311,Philadelphia,AZ,Italian,1,Low,2024-09-01,Wednesday,1,1.0,0.0,1.0,1.0,19.0,19.0,52.7,52.7,4.59,True
4ab75392-4df5-4319-9697-4e9dd70d7d87,Restaurant 320,Philadelphia,AZ,Sushi,1,Low,2024-12-01,Sunday,1,1.0,0.0,1.0,1.0,29.0,29.0,34.64,34.64,4.81,True
626dcbfd-cfa9-498a-b59b-2481288a958c,Restaurant 342,Philadelphia,AZ,Italian,1,Low,2023-07-01,Sunday,1,1.0,0.0,1.0,1.0,29.0,29.0,56.29,56.29,4.07,True
be8b0ae4-f295-4ebb-ac32-9f74fa2c6ae7,Restaurant 355,Philadelphia,AZ,Coffee & Tea,1,Low,2023-05-01,Friday,1,1.0,0.0,1.0,0.0,44.0,44.0,20.7,20.7,4.85,True
b29a272d-fe1c-47ad-8625-bf9600ff2486,Restaurant 358,Philadelphia,AZ,Sushi,1,Low,2023-07-01,Wednesday,1,1.0,0.0,1.0,1.0,43.0,43.0,52.27,52.27,3.83,True
331e5f36-037e-44df-a3bf-55f8282b7d13,Restaurant 361,Philadelphia,AZ,Burgers,1,Low,2022-02-01,Sunday,1,1.0,0.0,1.0,1.0,32.0,32.0,26.06,26.06,4.98,True
fb1b05aa-5b04-4b70-908e-ee87d07e747b,Restaurant 371,Philadelphia,AZ,Chinese,1,Low,2024-05-01,Thursday,1,1.0,0.0,1.0,0.0,43.0,43.0,35.47,35.47,5.35,True
6ca2dd9f-e5bc-4212-ac40-7db6e0cc3f01,Restaurant 398,Philadelphia,AZ,Coffee & Tea,1,Low,2023-04-01,Saturday,1,1.0,0.0,1.0,1.0,18.0,18.0,36.74,36.74,7.72,True
35a4701d-9d43-4dad-8efb-48cf44dacd42,Restaurant 404,Philadelphia,AZ,Thai,2,Below Average,2023-02-01,Saturday,1,1.0,0.0,1.0,0.0,69.0,69.0,22.81,22.81,1.83,True
c758c09e-f198-43af-aba4-fecd75f2035d,Restaurant 408,Philadelphia,AZ,Pizza,2,Below Average,2023-07-01,Thursday,1,1.0,0.0,1.0,1.0,31.0,31.0,8.0,8.0,2.37,True
7aafa5e7-2fca-464b-9972-83ab318b8982,Restaurant 416,Philadelphia,AZ,American (New),2,Below Average,2023-05-01,Friday,1,1.0,0.0,1.0,0.0,33.0,33.0,30.11,30.11,6.93,True
edb869e1-37e8-4ad5-a0cc-7b49499766df,Restaurant 427,Philadelphia,AZ,Italian,2,Below Average,2024-10-01,Thursday,1,0.0,1.0,0.0,,,,8.0,8.0,2.56,True
40593f4c-16b7-4359-9103-4b3f40c1714d,Restaurant 472,Philadelphia,AZ,Seafood,2,Below Average,2022-09-01,Tuesday,1,1.0,0.0,1.0,1.0,21.0,21.0,8.0,8.0,1.64,True
d741d745-a559-4edc-9467-78113c0d7a2a,Restaurant 481,Philadelphia,AZ,Seafood,2,Below Average,2024-05-01,Thursday,1,1.0,0.0,1.0,1.0,41.0,41.0,13.76,13.76,1.54,True
d1fa02d2-4824-4881-b065-68ae0d50f9fc,Restaurant 485,Philadelphia,AZ,American (New),2,Below Average,2024-01-01,Thursday,1,1.0,0.0,1.0,1.0,41.0,41.0,16.15,16.15,2.35,True
11a79323-5a9a-43e9-ad5f-e10f428ff6e2,Restaurant 491,Philadelphia,AZ,Burgers,2,Below Average,2024-11-01,Friday,1,1.0,0.0,1.0,0.0,56.0,56.0,45.0,45.0,3.12,True
c74979df-3ffe-403a-9a29-9a7ede41544a,Restaurant 492,Philadelphia,AZ,Italian,2,Below Average,2022-12-01,Saturday,1,1.0,0.0,1.0,1.0,20.0,20.0,14.3,14.3,2.45,True
c454a0f5-981a-46e1-8ffb-2811b5cb93bd,Restaurant 497,Philadelphia,AZ,Pizza,2,Below Average,2022-10-01,Sunday,1,1.0,0.0,1.0,0.0,54.0,54.0,36.55,36.55,5.75,True
4daaaf46-2989-43e6-a830-320e07f5761a,Restaurant 511,Philadelphia,AZ,Thai,2,Below Average,2022-05-01,Wednesday,1,1.0,0.0,1.0,1.0,25.0,25.0,30.4,30.4,7.94,True
8cec4095-88e1-424b-986e-29528ff880bb,Restaurant 521,Philadelphia,AZ,Italian,2,Below Average,2024-03-01,Thursday,1,1.0,0.0,1.0,0.0,39.0,39.0,42.47,42.47,6.16,True
314c0658-5e3a-4b84-afa1-b2b927e259d1,Restaurant 539,Philadelphia,AZ,Burgers,2,Below Average,2023-05-01,Monday,1,1.0,0.0,1.0,1.0,28.0,28.0,13.12,13.12,3.27,True
93fe5418-bb48-4c0c-ba73-72cc58ebb31b,Restaurant 545,Philadelphia,AZ,Chinese,2,Below Average,2023-01-01,Saturday,1,1.0,0.0,1.0,0.0,55.0,55.0,37.04,37.04,2.24,True
00cf1342-ec8f-4b94-bf38-a1f490f7b5ef,Restaurant 546,Philadelphia,AZ,Thai,2,Below Average,2023-02-01,Friday,1,1.0,0.0,1.0,1.0,33.0,33.0,8.0,8.0,6.09,True
e809694a-afdd-4625-bbb0-7d039c70b94f,Restaurant 556,Philadelphia,AZ,Pizza,2,Below Average,2024-12-01,Thursday,1,1.0,0.0,1.0,1.0,28.0,28.0,21.21,21.21,5.07,True
129c612f-cded-4c63-aa5a-6d93ab8748a0,Restaurant 563,Philadelphia,AZ,Sushi,2,Below Average,2022-08-01,Saturday,1,1.0,0.0,1.0,0.0,42.0,42.0,44.11,44.11,4.16,True
d636c448-8fb6-4a81-981e-e2cd0da74117,Restaurant 572,Philadelphia,AZ,Pizza,2,Below Average,2022-05-01,Saturday,1,1.0,0.0,1.0,1.0,35.0,35.0,32.79,32.79,4.6,True
89448ab9-6c2e-4220-87ec-74be30da6836,Restaurant 583,Philadelphia,AZ,Italian,2,Below Average,2023-11-01,Monday,1,1.0,0.0,1.0,0.0,46.0,46.0,30.16,30.16,3.39,True
58bacc4c-bb18-4de4-86c4-324ce6dfa5b5,Restaurant 633,Philadelphia,AZ,Pizza,2,Below Average,2024-06-01,Saturday,1,1.0,0.0,1.0,1.0,10.0,10.0,41.94,41.94,1.33,True
5406dbde-b7f2-4ccf-b673-37b13d7ca57b,Restaurant 637,Philadelphia,AZ,Burgers,2,Below Average,2023-08-01,Tuesday,1,1.0,0.0,1.0,0.0,54.0,54.0,27.87,27.87,1.66,True
c98e2d4e-6ae8-4bd0-92f9-59e7627569b5,Restaurant 657,Philadelphia,AZ,Coffee & Tea,2,Below Average,2024-11-01,Tuesday,1,1.0,0.0,1.0,0.0,41.0,41.0,10.88,10.88,2.37,True
84181fcb-62e9-4c77-90c0-6330d383ab41,Restaurant 662,Philadelphia,AZ,Chinese,2,Below Average,2023-03-01,Friday,1,1.0,0.0,1.0,1.0,14.0,14.0,40.89,40.89,3.8,True
84f83952-d481-43f7-af27-ae1aab5951af,Restaurant 682,Philadelphia,AZ,Burgers,2,Below Average,2022-07-01,Tuesday,1,1.0,0.0,1.0,1.0,52.0,52.0,8.0,8.0,5.69,True
ed62a955-3f64-4b53-8156-6e46d7e34c36,Restaurant 690,Philadelphia,AZ,Italian,2,Below Average,2024-04-01,Saturday,1,1.0,0.0,1.0,1.0,31.0,31.0,16.0,16.0,7.63,True
cce2abde-a49d-4714-8ef7-423154de3d51,Restaurant 696,Philadelphia,AZ,Pizza,2,Below Average,2023-07-01,Saturday,1,1.0,0.0,1.0,0.0,53.0,53.0,40.09,40.09,4.46,True
a74944e4-3961-4a84-9716-4c116a9f8ff1,Restaurant 697,Philadelphia,AZ,Burgers,2,Below Average,2022-05-01,Wednesday,1,1.0,0.0,1.0,1.0,17.0,17.0,43.1,43.1,2.36,True
e2d6af06-6e6c-4b7b-a265-6c13cd75429f,Restaurant 701,Philadelphia,AZ,Pizza,2,Below Average,2022-03-01,Monday,1,1.0,0.0,1.0,1.0,36.0,36.0,8.0,8.0,4.98,True
12715c0b-2a2f-47bc-8fe4-5a2a47ded7c5,Restaurant 704,Philadelphia,AZ,Pizza,2,Below Average,2023-05-01,Saturday,1,1.0,0.0,1.0,0.0,71.0,71.0,8.0,8.0,4.31,True
51926554-6002-417d-bcae-44d868302d68,Restaurant 712,Philadelphia,AZ,Pizza,2,Below Average,2022-03-01,Wednesday,1,1.0,0.0,1.0,0.0,41.0,41.0,25.71,25.71,4.95,True
fce78aa2-1359-44e4-ac61-2f6e18e9335b,Restaurant 717,Philadelphia,AZ,Chinese,2,Below Average,2023-10-01,Sunday,1,1.0,0.0,1.0,1.0,23.0,23.0,43.23,43.23,6.81,True
9344a4c8-8e8f-4f3f-9fc1-58ddb03f82a8,Restaurant 719,Philadelphia,AZ,Chinese,2,Below Average,2024-07-01,Tuesday,1,1.0,0.0,1.0,0.0,46.0,46.0,15.67,15.67,3.22,True
fbb256e4-0493-4232-9efd-ceb760e3f62e,Restaurant 726,Philadelphia,AZ,Thai,2,Below Average,2023-04-01,Saturday,1,1.0,0.0,1.0,1.0,21.0,21.0,27.74,27.74,3.05,True
d91704fa-48a1-49e1-ba4a-5b0ddbe58d30,Restaurant 756,Philadelphia,AZ,Italian,2,Below Average,2022-03-01,Friday,1,1.0,0.0,1.0,1.0,10.0,10.0,9.77,9.77,3.42,True
d2404a7c-420d-48ea-bbec-bf44d8a6fb5d,Restaurant 767,Philadelphia,AZ,Sushi,2,Below Average,2024-04-01,Monday,1,1.0,0.0,1.0,1.0,37.0,37.0,31.02,31.02,1.24,True
0ae4929d-3b1e-4ce8-90a2-3d01fd182f32,Restaurant 783,Philadelphia,AZ,Coffee & Tea,2,Below Average,2022-06-01,Thursday,1,1.0,0.0,1.0,0.0,45.0,45.0,14.96,14.96,4.15,True
58bc29bb-3f64-45ea-b538-697f54f4a7bf,Restaurant 795,Philadelphia,AZ,Coffee & Tea,2,Below Average,2023-05-01,Saturday,1,1.0,0.0,1.0,0.0,39.0,39.0,43.53,43.53,4.28,True
2255a249-e14f-44d1-951b-e2f6042b41c6,Restaurant 801,Philadelphia,AZ,Seafood,3,Average,2023-03-01,Monday,1,1.0,0.0,1.0,1.0,38.0,38.0,30.92,30.92,2.42,True
acc69e71-ca2d-4613-b80b-61a6ecf464bc,Restaurant 817,Philadelphia,AZ,Italian,3,Average,2024-04-01,Tuesday,1,1.0,0.0,1.0,1.0,34.0,34.0,8.0,8.0,3.63,True
ca6eba6e-1732-47e7-8fb8-05312b9bcabd,Restaurant 821,Philadelphia,AZ,Sushi,3,Average,2022-03-01,Thursday,1,1.0,0.0,1.0,0.0,57.0,57.0,34.68,34.68,5.37,True
b9d2a4f0-10e3-4026-9462-f21c9c08a7f4,Restaurant 826,Philadelphia,AZ,Burgers,3,Average,2022-07-01,Friday,1,1.0,0.0,1.0,0.0,48.0,48.0,25.19,25.19,3.17,True
4da48650-7f7b-4754-97b8-84c85d91cda7,Restaurant 828,Philadelphia,AZ,Burgers,3,Average,2024-11-01,Friday,1,1.0,0.0,1.0,1.0,13.0,13.0,30.55,30.55,7.07,True
a5a9932e-f5ee-4c1e-b9da-61f6f3cb6378,Restaurant 837,Philadelphia,AZ,Thai,3,Average,2024-08-01,Friday,1,1.0,0.0,1.0,1.0,38.0,38.0,49.69,49.69,4.38,True
4dd216c0-4ec4-4f96-9ea7-69112212ec25,Restaurant 852,Philadelphia,AZ,American (New),3,Average,2023-05-01,Tuesday,1,1.0,0.0,1.0,1.0,24.0,24.0,52.58,52.58,5.6,True
7295fd65-f87f-46d0-952b-23e3bad9fab5,Restaurant 859,Philadelphia,AZ,Coffee & Tea,3,Average,2024-04-01,Thursday,1,1.0,0.0,1.0,1.0,29.0,29.0,18.63,18.63,1.06,True
e09717f3-4617-4e4d-92ae-fa3ebaba9429,Restaurant 862,Philadelphia,AZ,American (New),3,Average,2024-05-01,Friday,1,1.0,0.0,1.0,1.0,10.0,10.0,24.98,24.98,4.31,True
6822d6f3-d1a8-4a5d-afd8-c1d43a5890cd,Restaurant 864,Philadelphia,AZ,Coffee & Tea,3,Average,2024-10-01,Monday,1,1.0,0.0,1.0,1.0,16.0,16.0,8.0,8.0,5.58,True
3e358c7a-df9c-42ad-a094-b9d3c0f39b93,Restaurant 874,Philadelphia,AZ,American (New),3,Average,2024-07-01,Saturday,1,1.0,0.0,1.0,1.0,32.0,32.0,21.89,21.89,4.71,True
73bec6d6-827b-492c-9713-1c1a9d59e16e,Restaurant 885,Philadelphia,AZ,Chinese,3,Average,2024-05-01,Tuesday,1,1.0,0.0,1.0,1.0,35.0,35.0,52.0,52.0,7.27,True
acc025e8-c707-4ae0-92db-58ccc57b6918,Restaurant 890,Philadelphia,AZ,Thai,3,Average,2023-11-01,Tuesday,1,1.0,0.0,1.0,1.0,44.0,44.0,22.29,22.29,3.63,True
f1281845-cdeb-46d8-afb5-67de99bdd4ca,Restaurant 901,Philadelphia,AZ,Coffee & Tea,3,Average,2022-01-01,Wednesday,1,1.0,0.0,1.0,1.0,10.0,10.0,29.44,29.44,3.94,True
4a17ffa3-5662-46ce-b7c4-33d96dc6f623,Restaurant 933,Philadelphia,AZ,American (New),3,Average,2022-05-01,Friday,1,1.0,0.0,1.0,1.0,28.0,28.0,28.02,28.02,7.67,True
a926dae7-78fa-477c-b040-bc873b760dc8,Restaurant 950,Philadelphia,AZ,Coffee & Tea,3,Average,2023-08-01,Thursday,1,1.0,0.0,1.0,1.0,14.0,14.0,58.24,58.24,5.39,True
ea3d7242-1e0a-42cd-9ea2-53ade29d6b4e,Restaurant 951,Philadelphia,AZ,Italian,3,Average,2024-10-01,Thursday,1,1.0,0.0,1.0,1.0,10.0,10.0,8.0,8.0,2.31,True
edb41cc5-8f78-4d02-8074-d008f3cb8929,Restaurant 956,Philadelphia,AZ,Sushi,3,Average,2024-09-01,Thursday,1,1.0,0.0,1.0,1.0,38.0,38.0,60.56,60.56,7.89,True
f83916a4-7a55-430b-9626-e699c71be7c0,Restaurant 973,Philadelphia,AZ,Italian,3,Average,2024-10-01,Saturday,1,1.0,0.0,1.0,0.0,54.0,54.0,23.4,23.4,4.29,True
7639f7c7-098c-4d62-b48e-d3880e1270d3,Restaurant 976,Philadelphia,AZ,American (New),3,Average,2022-02-01,Sunday,1,0.0,1.0,0.0,,,,8.0,8.0,6.91,True
c6723b61-5117-41cb-b323-781566595b93,Restaurant 980,Philadelphia,AZ,Seafood,3,Average,2022-06-01,Wednesday,1,1.0,0.0,1.0,0.0,42.0,42.0,8.0,8.0,6.89,True
e1ff6786-efc1-4609-96b8-fc02cee6a4d5,Restaurant 982,Philadelphia,AZ,Pizza,3,Average,2024-03-01,Sunday,1,1.0,0.0,1.0,0.0,59.0,59.0,8.0,8.0,1.41,True
1558d8da-7fba-42eb-9a69-33ad42177f23,Restaurant 1003,Philadelphia,AZ,Thai,3,Average,2023-12-01,Wednesday,1,1.0,0.0,1.0,1.0,37.0,37.0,35.72,35.72,1.01,True
5234d9df-1b99-4690-bdca-66e8a4d70cac,Restaurant 1014,Philadelphia,AZ,Italian,3,Average,2024-02-01,Sunday,1,1.0,0.0,1.0,1.0,31.0,31.0,40.66,40.66,7.07,True
12449516-8eda-4310-b182-e978e0642282,Restaurant 1015,Philadelphia,AZ,Sushi,3,Average,2024-09-01,Saturday,1,1.0,0.0,1.0,1.0,45.0,45.0,8.0,8.0,1.39,True
5d47aff6-b2df-45a3-9057-e3ef8efbb33f,Restaurant 1023,Philadelphia,AZ,Coffee & Tea,3,Average,2023-08-01,Thursday,1,1.0,0.0,1.0,1.0,30.0,30.0,19.45,19.45,2.43,True
e90b0d83-172c-47f1-9398-60a560df0695,Restaurant 1028,Philadelphia,AZ,Chinese,3,Average,2022-07-01,Monday,1,1.0,0.0,1.0,1.0,13.0,13.0,33.16,33.16,3.09,True
a755f275-b94b-4c7f-b233-d6a19817c5f0,Restaurant 1033,Philadelphia,AZ,Thai,3,Average,2023-05-01,Sunday,1,1.0,0.0,1.0,1.0,41.0,41.0,15.99,15.99,5.02,True
f9fb31b0-68aa-46e7-8742-e1a42b9f7cb8,Restaurant 1038,Philadelphia,AZ,Mexican,3,Average,2022-03-01,Saturday,1,1.0,0.0,1.0,0.0,56.0,56.0,33.53,33.53,4.2,True
0f9b21c6-5190-4f06-9934-a9e873cfc151,Restaurant 1050,Philadelphia,AZ,American (New),3,Average,2024-08-01,Tuesday,1,1.0,0.0,1.0,1.0,24.0,24.0,9.76,9.76,6.75,True
dc041d53-60bf-4bcd-b709-69476bdc19cf,Restaurant 1053,Philadelphia,AZ,Sushi,3,Average,2022-09-01,Tuesday,1,1.0,0.0,1.0,1.0,18.0,18.0,45.07,45.07,4.46,True
e984c17e-b842-40fd-9b45-2e858639cbb4,Restaurant 1065,Philadelphia,AZ,Italian,3,Average,2022-07-01,Tuesday,1,1.0,0.0,1.0,1.0,26.0,26.0,31.13,31.13,4.41,True
3c93868a-69be-47e8-a8ad-e55c69cd4fc8,Restaurant 1074,Philadelphia,AZ,Italian,3,Average,2022-10-01,Saturday,1,1.0,0.0,1.0,1.0,20.0,20.0,41.54,41.54,3.9,True
0f02ed56-45bf-4617-ae8e-82fa1821bf61,Restaurant 1076,Philadelphia,AZ,Coffee & Tea,3,Average,2024-05-01,Thursday,1,1.0,0.0,1.0,1.0,10.0,10.0,42.87,42.87,4.33,True
2cf1ec82-2930-4d7e-a2d4-3d3ffc5a5cc1,Restaurant 1084,Philadelphia,AZ,Mexican,3,Average,2023-05-01,Thursday,1,1.0,0.0,1.0,1.0,41.0,41.0,8.0,8.0,3.22,True
25f6ce41-c572-40b2-8684-b76c09fb8cfa,Restaurant 1133,Philadelphia,AZ,Burgers,3,Average,2022-09-01,Saturday,1,0.0,1.0,0.0,,,,16.5,16.5,5.11,True
a4541be4-4160-43c6-865c-3f07de48c842,Restaurant 1147,Philadelphia,AZ,Italian,3,Average,2024-12-01,Monday,1,1.0,0.0,1.0,1.0,32.0,32.0,8.0,8.0,1.47,True
23d4f074-c094-4741-a523-b2fa964b54f9,Restaurant 1150,Philadelphia,AZ,Burgers,3,Average,2022-01-01,Tuesday,1,1.0,0.0,1.0,0.0,62.0,62.0,37.04,37.04,1.18,True
d59c2271-63c8-4ecf-a41b-6a89abb8c9db,Restaurant 1160,Philadelphia,AZ,Pizza,3,Average,2022-09-01,Monday,1,1.0,0.0,1.0,1.0,15.0,15.0,40.8,40.8,5.04,True
32cea1a5-5839-46e8-a7c5-a6b5400897cb,Restaurant 1163,Philadelphia,AZ,American (New),3,Average,2024-04-01,Wednesday,1,1.0,0.0,1.0,1.0,25.0,25.0,21.72,21.72,3.15,True
e48f894e-133e-460e-9ce6-d4a17a7f26a1,Restaurant 1171,Philadelphia,AZ,Pizza,3,Average,2024-10-01,Monday,1,1.0,0.0,1.0,1.0,31.0,31.0,25.85,25.85,1.35,True
ce0b1f70-0bb1-4c18-9dc2-b5439ef60c1a,Restaurant 1192,Philadelphia,AZ,Italian,3,Average,2022-10-01,Monday,1,1.0,0.0,1.0,1.0,37.0,37.0,19.31,19.31,6.78,True
8f3321f4-bcde-4288-9cca-b540966b69b3,Restaurant 1206,Philadelphia,AZ,American (New),4,Strong,2024-09-01,Wednesday,1,1.0,0.0,1.0,0.0,38.0,38.0,10.54,10.54,4.28,True
64a33811-deac-463c-9e83-7c4bdb422034,Restaurant 1229,Philadelphia,AZ,Seafood,4,Strong,2023-09-01,Monday,1,1.0,0.0,1.0,0.0,38.0,38.0,33.6,33.6,1.68,True
0170cbd9-ecf2-4ebc-b91b-f0fc4f9389d1,Restaurant 1243,Philadelphia,AZ,Italian,4,Strong,2023-12-01,Wednesday,1,1.0,0.0,1.0,0.0,49.0,49.0,45.03,45.03,3.91,True
14430ebb-1169-4de0-b8e3-89c9d39e78b2,Restaurant 1244,Philadelphia,AZ,American (New),4,Strong,2022-07-01,Thursday,1,1.0,0.0,1.0,1.0,45.0,45.0,30.13,30.13,2.92,True
bd1132d2-08c1-494f-bc6f-82a12838881e,Restaurant 1248,Philadelphia,AZ,Seafood,4,Strong,2023-08-01,Monday,1,1.0,0.0,1.0,1.0,31.0,31.0,22.6,22.6,5.44,True
c9cd86f1-6d76-4f14-929f-78c489141c64,Restaurant 1253,Philadelphia,AZ,Chinese,4,Strong,2022-01-01,Saturday,1,1.0,0.0,1.0,1.0,28.0,28.0,25.7,25.7,1.95,True
556a9d62-1825-423f-a7aa-acb1ec1c095f,Restaurant 1261,Philadelphia,AZ,Sushi,4,Strong,2024-01-01,Thursday,1,1.0,0.0,1.0,0.0,46.0,46.0,32.6,32.6,1.6,True
15f7afdd-2f0b-4288-bc53-243e0228720b,Restaurant 1264,Philadelphia,AZ,Coffee & Tea,4,Strong,2024-09-01,Tuesday,1,0.0,1.0,0.0,,,,8.07,8.07,1.4,True
a5aac5be-2afe-4fd6-983c-d630b4711756,Restaurant 1270,Philadelphia,AZ,Burgers,4,Strong,2024-06-01,Thursday,1,1.0,0.0,1.0,1.0,19.0,19.0,30.7,30.7,6.86,True
f0610907-d718-445a-b988-1bd8368afb62,Restaurant 1272,Philadelphia,AZ,Pizza,4,Strong,2022-03-01,Monday,1,1.0,0.0,1.0,1.0,13.0,13.0,24.46,24.46,3.35,True
3899c000-60dc-44b2-be6f-315fcf5c0745,Restaurant 1288,Philadelphia,AZ,Burgers,4,Strong,2024-03-01,Saturday,1,1.0,0.0,1.0,1.0,17.0,17.0,32.26,32.26,6.64,True
8e0244c3-7c97-42d3-bfcf-dacdf9407fdc,Restaurant 1292,Philadelphia,AZ,Burgers,4,Strong,2024-10-01,Monday,1,1.0,0.0,1.0,1.0,36.0,36.0,35.1,35.1,6.52,True
ebf4f62f-28a1-42e0-a01c-e854ae20caee,Restaurant 1309,Philadelphia,AZ,Thai,4,Strong,2023-02-01,Friday,1,1.0,0.0,1.0,0.0,47.0,47.0,38.33,38.33,2.49,True
b818c60f-c959-46fb-a08a-f800aa7833e5,Restaurant 1328,Philadelphia,AZ,Seafood,4,Strong,2024-06-01,Sunday,1,1.0,0.0,1.0,1.0,38.0,38.0,51.31,51.31,2.97,True
d9dbed11-36ab-48ae-aa8e-6e7e69ec58d6,Restaurant 1330,Philadelphia,AZ,Mexican,4,Strong,2022-01-01,Sunday,1,1.0,0.0,1.0,0.0,50.0,50.0,16.68,16.68,3.36,True
0333c093-7f7f-48ce-9493-bec321aebd3a,Restaurant 1351,Philadelphia,AZ,Coffee & Tea,4,Strong,2023-11-01,Friday,1,1.0,0.0,1.0,1.0,35.0,35.0,33.42,33.42,1.72,True
73356008-07b7-4128-bf8a-7166aefc395a,Restaurant 1381,Philadelphia,AZ,Italian,4,Strong,2023-01-01,Monday,1,1.0,0.0,1.0,1.0,27.0,27.0,26.35,26.35,6.24,True
58707e66-0acd-4d1f-b407-dccf4f7f14e0,Restaurant 1387,Philadelphia,AZ,Coffee & Tea,4,Strong,2023-03-01,Tuesday,1,1.0,0.0,1.0,1.0,45.0,45.0,18.15,18.15,6.19,True
8ff62754-22d9-4277-a8af-563c873154ed,Restaurant 1390,Philadelphia,AZ,Burgers,4,Strong,2023-10-01,Monday,1,1.0,0.0,1.0,0.0,36.0,36.0,49.31,49.31,5.97,True
237038ae-18c1-4b9f-802c-200ebbca54fc,Restaurant 1406,Philadelphia,AZ,American (New),4,Strong,2022-05-01,Tuesday,1,1.0,0.0,1.0,1.0,23.0,23.0,41.12,41.12,2.18,True
06e69bce-6c4e-425d-aff7-ca7831ca8102,Restaurant 1408,Philadelphia,AZ,Seafood,4,Strong,2022-04-01,Saturday,1,1.0,0.0,1.0,1.0,23.0,23.0,40.16,40.16,5.42,True
b7d30ad8-04a0-4b83-b31c-9f48a1c1086b,Restaurant 1416,Philadelphia,AZ,Seafood,4,Strong,2023-04-01,Friday,1,1.0,0.0,1.0,1.0,33.0,33.0,37.15,37.15,5.63,True
71895e3a-9fce-476d-a163-6b93020d207a,Restaurant 1428,Philadelphia,AZ,Italian,4,Strong,2022-10-01,Sunday,1,1.0,0.0,1.0,0.0,64.0,64.0,59.1,59.1,4.21,True
49f41eac-97cc-4967-8673-3aa31e2cfc99,Restaurant 1433,Philadelphia,AZ,Coffee & Tea,4,Strong,2024-06-01,Thursday,1,1.0,0.0,1.0,1.0,26.0,26.0,29.0,29.0,7.79,True
cef00736-03ae-4c47-8ae6-e81e784d9822,Restaurant 1458,Philadelphia,AZ,Thai,4,Strong,2023-03-01,Friday,1,1.0,0.0,1.0,1.0,54.0,54.0,39.39,39.39,5.82,True
06faa0f3-0587-4f11-b6b5-9e1145227000,Restaurant 1465,Philadelphia,AZ,Chinese,4,Strong,2022-01-01,Wednesday,1,1.0,0.0,1.0,1.0,39.0,39.0,21.96,21.96,7.05,True
24aca3f0-eede-421b-8939-ef357e21cb44,Restaurant 1467,Philadelphia,AZ,Pizza,4,Strong,2024-10-01,Tuesday,1,1.0,0.0,1.0,1.0,29.0,29.0,12.01,12.01,2.32,True
5f9b4a4d-0c8a-453b-96d0-be61e216531e,Restaurant 1468,Philadelphia,AZ,Pizza,4,Strong,2024-04-01,Tuesday,1,1.0,0.0,1.0,1.0,31.0,31.0,32.1,32.1,5.73,True
c5b8ade8-6efe-4695-b6cf-2a8518d0e122,Restaurant 1478,Philadelphia,AZ,Pizza,4,Strong,2022-07-01,Monday,1,1.0,0.0,1.0,1.0,36.0,36.0,31.2,31.2,7.97,True
1fd17a05-503c-4728-b9ab-77a43e794bc3,Restaurant 1487,Philadelphia,AZ,Sushi,4,Strong,2023-01-01,Tuesday,1,0.0,1.0,0.0,,,,52.26,52.26,4.55,True
3131e914-3efe-4cf9-a5de-ef0642cec831,Restaurant 1495,Philadelphia,AZ,Seafood,4,Strong,2024-05-01,Saturday,1,1.0,0.0,1.0,1.0,29.0,29.0,32.85,32.85,6.39,True
7aadca91-da2d-4dc4-8525-fe19dc7941f2,Restaurant 1497,Philadelphia,AZ,Seafood,4,Strong,2023-09-01,Friday,1,1.0,0.0,1.0,1.0,29.0,29.0,34.96,34.96,7.37,True
bf7a474e-4be2-4676-9882-5ae4d2f37be0,Restaurant 1513,Philadelphia,AZ,Italian,4,Strong,2022-03-01,Monday,1,1.0,0.0,1.0,0.0,42.0,42.0,22.23,22.23,4.34,True
68acacc8-53c8-4da0-9c64-3cff98112155,Restaurant 1515,Philadelphia,AZ,Burgers,4,Strong,2023-06-01,Thursday,1,1.0,0.0,1.0,0.0,58.0,58.0,23.98,23.98,5.64,True
e8b0ea68-73d4-42b3-b187-a603c5c9a28b,Restaurant 1527,Philadelphia,AZ,Mexican,4,Strong,2024-05-01,Thursday,1,1.0,0.0,1.0,1.0,41.0,41.0,40.03,40.03,3.93,True
6e2518b1-a6a5-4eb5-aa21-6623cec2a451,Restaurant 1530,Philadelphia,AZ,Burgers,4,Strong,2022-07-01,Friday,1,1.0,0.0,1.0,1.0,29.0,29.0,31.44,31.44,1.02,True
4bf86166-f17c-4567-9167-b5fd930a99d2,Restaurant 1537,Philadelphia,AZ,Mexican,4,Strong,2022-03-01,Friday,1,1.0,0.0,1.0,1.0,14.0,14.0,8.0,8.0,4.06,True
ef3c1bcd-c9d3-45b7-884f-cea121ed9fc3,Restaurant 1545,Philadelphia,AZ,Chinese,4,Strong,2022-10-01,Monday,1,1.0,0.0,1.0,1.0,20.0,20.0,37.71,37.71,7.94,True
442a6be0-8e3c-49b9-849d-2a4583d6381d,Restaurant 1560,Philadelphia,AZ,Chinese,4,Strong,2022-03-01,Thursday,1,1.0,0.0,1.0,0.0,31.0,31.0,22.42,22.42,7.29,True
28ab599d-bf9e-46e3-8eeb-200a8ca24494,Restaurant 1562,Philadelphia,AZ,Chinese,4,Strong,2023-04-01,Saturday,1,1.0,0.0,1.0,1.0,22.0,22.0,41.86,41.86,5.09,True
426ad328-4250-42d0-97c8-8e6de697fe0d,Restaurant 1564,Philadelphia,AZ,Sushi,4,Strong,2024-10-01,Thursday,1,1.0,0.0,1.0,1.0,33.0,33.0,17.54,17.54,5.92,True
b3521046-c57d-4dae-95c2-e9144041ab52,Restaurant 1580,Philadelphia,AZ,American (New),4,Strong,2024-06-01,Friday,1,1.0,0.0,1.0,0.0,41.0,41.0,20.84,20.84,2.05,True
38db347e-505b-4422-ba14-abc891fe9f5d,Restaurant 1586,Philadelphia,AZ,Thai,4,Strong,2023-05-01,Monday,1,1.0,0.0,1.0,1.0,18.0,18.0,8.0,8.0,2.9,True
867dea61-695b-4633-8547-a0e22f438e7f,Restaurant 1590,Philadelphia,AZ,Mexican,4,Strong,2024-08-01,Sunday,1,1.0,0.0,1.0,0.0,44.0,44.0,30.45,30.45,4.38,True
de3e9df0-23f3-4ab7-813c-11860fa584ea,Restaurant 1602,Philadelphia,AZ,Thai,5,Elite,2023-02-01,Tuesday,1,1.0,0.0,1.0,0.0,42.0,42.0,35.54,35.54,3.95,True
04924ee9-98ef-490d-b1b8-1ae831810d23,Restaurant 1615,Philadelphia,AZ,Seafood,5,Elite,2022-09-01,Thursday,1,0.0,1.0,0.0,,,,50.62,50.62,1.31,True
100ed743-c4e6-438e-888c-e614efb05f1f,Restaurant 1624,Philadelphia,AZ,Chinese,5,Elite,2024-07-01,Friday,1,1.0,0.0,1.0,0.0,63.0,63.0,40.77,40.77,4.94,True
74fee88a-883a-4bf3-9fb1-2216db44ad63,Restaurant 1641,Philadelphia,AZ,Italian,5,Elite,2022-02-01,Saturday,1,1.0,0.0,1.0,0.0,55.0,55.0,8.0,8.0,3.03,True
d9ca11a3-002a-40dd-ae61-a69334c3a6fa,Restaurant 1659,Philadelphia,AZ,Mexican,5,Elite,2024-10-01,Saturday,1,1.0,0.0,1.0,0.0,67.0,67.0,26.02,26.02,3.23,True
13052c96-f2f8-4405-b922-32a050f2174b,Restaurant 1661,Philadelphia,AZ,Mexican,5,Elite,2022-02-01,Monday,1,1.0,0.0,1.0,1.0,44.0,44.0,45.57,45.57,4.7,True
e9d31913-cbd1-469b-aa07-619b549bfdb4,Restaurant 1665,Philadelphia,AZ,Pizza,5,Elite,2022-08-01,Tuesday,1,1.0,0.0,1.0,1.0,23.0,23.0,28.3,28.3,1.01,True
ffd216cb-0413-4779-a2c4-8aa74e39ec4e,Restaurant 1666,Philadelphia,AZ,Sushi,5,Elite,2023-01-01,Friday,1,1.0,0.0,1.0,1.0,25.0,25.0,8.24,8.24,1.91,True
73abd7ea-c7d6-4673-861b-c0dcd8709d37,Restaurant 1676,Philadelphia,AZ,American (New),5,Elite,2022-03-01,Monday,1,1.0,0.0,1.0,1.0,10.0,10.0,26.26,26.26,7.4,True
50cff78b-74fd-420c-b5fb-700c125e9c8f,Restaurant 1688,Philadelphia,AZ,Seafood,5,Elite,2024-01-01,Sunday,1,1.0,0.0,1.0,0.0,42.0,42.0,12.43,12.43,6.32,True
099ce46c-3d6d-4e29-a8ad-7c61e3897eda,Restaurant 1701,Philadelphia,AZ,Thai,5,Elite,2024-03-01,Monday,1,1.0,0.0,1.0,0.0,52.0,52.0,13.76,13.76,1.92,True
438ab3c1-c8ca-4eb9-91f8-cde2979b042c,Restaurant 1737,Philadelphia,AZ,Sushi,5,Elite,2023-08-01,Wednesday,1,1.0,0.0,1.0,0.0,53.0,53.0,50.04,50.04,3.97,True
3e11acff-1e98-4497-91eb-ebf47266d18c,Restaurant 1746,Philadelphia,AZ,Italian,5,Elite,2023-10-01,Tuesday,1,1.0,0.0,1.0,1.0,29.0,29.0,8.0,8.0,4.81,True
69a13d4c-e4fb-4480-a5ad-8bb87dc6d7be,Restaurant 1748,Philadelphia,AZ,Thai,5,Elite,2024-05-01,Sunday,1,1.0,0.0,1.0,1.0,26.0,26.0,35.84,35.84,4.65,True
fa0c3273-42e2-48c6-8a26-134d68ef12fc,Restaurant 1755,Philadelphia,AZ,Italian,5,Elite,2024-12-01,Thursday,1,1.0,0.0,1.0,1.0,21.0,21.0,39.03,39.03,5.82,True
5ef3ae86-fb41-4e68-a639-ff743f58be16,Restaurant 1766,Philadelphia,AZ,Mexican,5,Elite,2024-10-01,Thursday,1,1.0,0.0,1.0,0.0,52.0,52.0,14.27,14.27,3.65,True
caa4e8e6-b27d-4604-8ea8-097cd33b0093,Restaurant 1803,Philadelphia,AZ,Seafood,5,Elite,2022-09-01,Sunday,1,1.0,0.0,1.0,0.0,47.0,47.0,32.77,32.77,6.94,True
0d069d96-4d81-4a89-a77f-b7ca1c1cc1e3,Restaurant 1804,Philadelphia,AZ,Chinese,5,Elite,2022-12-01,Monday,1,1.0,0.0,1.0,1.0,35.0,35.0,23.42,23.42,7.01,True
3b301716-6d78-49a3-840f-0f62e7dc73fd,Restaurant 1816,Philadelphia,AZ,Chinese,5,Elite,2022-08-01,Monday,1,1.0,0.0,1.0,1.0,15.0,15.0,40.52,40.52,2.44,True
f51976dd-8d54-4115-a504-6f6366b3af30,Restaurant 1826,Philadelphia,AZ,Mexican,5,Elite,2022-10-01,Sunday,1,1.0,0.0,1.0,1.0,30.0,30.0,36.64,36.64,5.57,True
e9a03872-8b56-4582-8a1b-5243912b9689,Restaurant 1827,Philadelphia,AZ,Mexican,5,Elite,2024-02-01,Wednesday,1,1.0,0.0,1.0,1.0,35.0,35.0,61.99,61.99,5.65,True
3e5f8ca8-dd5c-485a-a827-1a8b3404dc65,Restaurant 1836,Philadelphia,AZ,Thai,5,Elite,2024-03-01,Saturday,1,1.0,0.0,1.0,0.0,35.0,35.0,8.0,8.0,5.28,True
e3cde411-5e84-4a06-a77c-d2940ca49ee0,Restaurant 1845,Philadelphia,AZ,Sushi,5,Elite,2022-10-01,Monday,1,1.0,0.0,1.0,0.0,40.0,40.0,12.51,12.51,3.39,True
8c9e1003-0c87-449b-8383-c0e9ecd22168,Restaurant 1857,Philadelphia,AZ,Chinese,5,Elite,2023-08-01,Saturday,1,1.0,0.0,1.0,1.0,10.0,10.0,21.86,21.86,5.49,True
4ad8767f-a9e3-4e25-88d2-fa77ca61a1e3,Restaurant 1861,Philadelphia,AZ,Chinese,5,Elite,2022-11-01,Sunday,1,1.0,0.0,1.0,1.0,44.0,44.0,16.47,16.47,4.24,True
befd1965-31c7-42e8-a5c5-86f8480d7d40,Restaurant 1868,Philadelphia,AZ,Burgers,5,Elite,2022-11-01,Saturday,1,1.0,0.0,1.0,0.0,48.0,48.0,27.26,27.26,5.3,True
10976c04-b5e2-496a-96b7-6e540faed368,Restaurant 1882,Philadelphia,AZ,Thai,5,Elite,2023-05-01,Saturday,1,1.0,0.0,1.0,1.0,35.0,35.0,20.3,20.3,5.76,True
b8f254f1-fb49-4539-bda7-a35e90b28470,Restaurant 1898,Philadelphia,AZ,Pizza,5,Elite,2024-12-01,Friday,1,1.0,0.0,1.0,1.0,10.0,10.0,54.03,54.03,3.1,True
83e03988-896e-44f2-904d-b1ccd5f20062,Restaurant 1918,Philadelphia,AZ,Burgers,5,Elite,2022-06-01,Wednesday,1,1.0,0.0,1.0,1.0,29.0,29.0,42.9,42.9,2.37,True
042ad3f8-d676-4fc1-818f-f549c98d9242,Restaurant 1925,Philadelphia,AZ,Seafood,5,Elite,2023-09-01,Tuesday,1,1.0,0.0,1.0,1.0,23.0,23.0,22.27,22.27,6.56,True
c83909e6-fc43-491d-837a-d2957605ee94,Restaurant 1927,Philadelphia,AZ,Coffee & Tea,5,Elite,2023-06-01,Sunday,1,1.0,0.0,1.0,1.0,10.0,10.0,8.02,8.02,7.35,True
198c2c99-1344-4088-a778-3718209d672b,Restaurant 1936,Philadelphia,AZ,American (New),5,Elite,2022-10-01,Tuesday,1,1.0,0.0,1.0,1.0,16.0,16.0,8.0,8.0,6.95,True
30f3a3f7-1581-49a0-83e0-fb407e37f8b7,Restaurant 1939,Philadelphia,AZ,Sushi,5,Elite,2022-06-01,Thursday,1,1.0,0.0,1.0,0.0,45.0,45.0,30.47,30.47,2.09,True
bc9124bd-0dd3-4fb0-9fbe-b93824c5b538,Restaurant 1947,Philadelphia,AZ,Thai,5,Elite,2023-07-01,Wednesday,1,1.0,0.0,1.0,1.0,41.0,41.0,16.29,16.29,2.47,True
761c8834-a68b-4234-848d-435ac19b1e50,Restaurant 1969,Philadelphia,AZ,Seafood,5,Elite,2022-10-01,Monday,1,1.0,0.0,1.0,0.0,49.0,49.0,15.2,15.2,3.36,True
fbcb63e8-74e6-403c-8d31-c537e01c863d,Restaurant 1976,Philadelphia,AZ,Pizza,5,Elite,2023-03-01,Saturday,1,1.0,0.0,1.0,0.0,55.0,55.0,33.62,33.62,4.65,True
8ff9727a-25b9-4806-be20-fdcf5c4c06fa,Restaurant 1985,Philadelphia,AZ,Seafood,5,Elite,2024-04-01,Tuesday,1,1.0,0.0,1.0,1.0,19.0,19.0,28.48,28.48,4.72,True
4ec0bc7b-2294-475f-a334-81ffb6697467,Restaurant 1992,Philadelphia,AZ,Sushi,5,Elite,2022-01-01,Sunday,1,1.0,0.0,1.0,0.0,58.0,58.0,35.71,35.71,2.1,True
58d02875-1e24-4c0c-b4be-dddbaf3b0ca2,Restaurant 1993,Philadelphia,AZ,Thai,5,Elite,2023-02-01,Monday,1,1.0,0.0,1.0,1.0,31.0,31.0,19.93,19.93,6.74,True
190b7abe-8193-42d9-b8bc-d515b5de287d,Restaurant 991,Philadelphia,CA,American (New),3,Average,2022-03-01,Thursday,1,1.0,0.0,1.0,1.0,31.0,31.0,63.38,63.38,3.97,True
adad5940-e205-4086-9222-7b0104825fd5,Restaurant 6,Philadelphia,CA,Chinese,1,Low,2022-02-01,Tuesday,1,0.0,1.0,0.0,,,,28.55,28.55,2.34,True
3676ce48-4d9e-4aee-86a1-16121f7866d1,Restaurant 1009,Philadelphia,CA,Burgers,3,Average,2024-05-01,Saturday,1,1.0,0.0,1.0,0.0,39.0,39.0,20.47,20.47,5.56,True
a11d34e6-9352-4afb-b566-999a4909f08b,Restaurant 1011,Philadelphia,CA,Burgers,3,Average,2023-06-01,Wednesday,1,1.0,0.0,1.0,1.0,15.0,15.0,65.46,65.46,7.3,True
196a9ddb-ff47-41df-a0e1-0430351e5584,Restaurant 1016,Philadelphia,CA,Sushi,3,Average,2023-07-01,Tuesday,1,1.0,0.0,1.0,0.0,49.0,49.0,46.87,46.87,3.94,True
378e23e4-3769-4d48-a472-f4b39ab04dee,Restaurant 17,Philadelphia,CA,Coffee & Tea,1,Low,2024-08-01,Monday,1,1.0,0.0,1.0,1.0,31.0,31.0,10.24,10.24,7.32,True
34bbbd1e-95ba-4dfb-9128-58e263d4134e,Restaurant 1025,Philadelphia,CA,Sushi,3,Average,2022-10-01,Thursday,1,1.0,0.0,1.0,1.0,44.0,44.0,45.83,45.83,4.64,True
ff226a5c-fa4e-4f86-8536-492a96c1870f,Restaurant 1035,Philadelphia,CA,Italian,3,Average,2024-05-01,Sunday,1,1.0,0.0,1.0,0.0,46.0,46.0,36.0,36.0,7.06,True
acb27707-dec1-4205-940c-67a243f47518,Restaurant 41,Philadelphia,CA,Thai,1,Low,2024-12-01,Monday,1,1.0,0.0,1.0,0.0,56.0,56.0,14.93,14.93,2.13,True
36a4b8e6-8dfa-4ea6-998e-4632d8191290,Restaurant 48,Philadelphia,CA,Burgers,1,Low,2023-05-01,Tuesday,1,1.0,0.0,1.0,1.0,15.0,15.0,16.27,16.27,7.84,True
71ac5587-65ed-4077-98ec-776972e2fc59,Restaurant 52,Philadelphia,CA,Pizza,1,Low,2024-07-01,Monday,1,1.0,0.0,1.0,1.0,26.0,26.0,32.35,32.35,6.28,True
8b1abb2c-7c27-4e3f-8cfc-98dd4c467131,Restaurant 1059,Philadelphia,CA,Italian,3,Average,2024-01-01,Wednesday,1,1.0,0.0,1.0,1.0,29.0,29.0,29.0,29.0,1.16,True
55715d56-7ebd-4afd-8c1f-a9d1b3321179,Restaurant 68,Philadelphia,CA,Sushi,1,Low,2022-11-01,Wednesday,1,1.0,0.0,1.0,1.0,22.0,22.0,8.0,8.0,3.4,True
99d1e92f-f4ec-445d-8b42-94f9049737b0,Restaurant 84,Philadelphia,CA,Coffee & Tea,1,Low,2022-12-01,Thursday,1,1.0,0.0,1.0,1.0,12.0,12.0,28.44,28.44,7.0,True
56180211-cd20-4730-845d-34e59371bfb3,Restaurant 1069,Philadelphia,CA,Mexican,3,Average,2023-10-01,Saturday,1,1.0,0.0,1.0,0.0,45.0,45.0,8.0,8.0,1.08,True
ca6ea88e-5ed7-41c7-bc32-9a896a9160e8,Restaurant 1075,Philadelphia,CA,Sushi,3,Average,2023-04-01,Tuesday,1,1.0,0.0,1.0,1.0,27.0,27.0,26.11,26.11,6.28,True
adafecd7-8c8d-40a4-8e1e-de69f1956cda,Restaurant 109,Philadelphia,CA,Pizza,1,Low,2022-11-01,Wednesday,1,1.0,0.0,1.0,1.0,27.0,27.0,24.92,24.92,2.43,True
cfb3799f-40de-4fae-b552-2317fccc6644,Restaurant 111,Philadelphia,CA,Mexican,1,Low,2024-07-01,Wednesday,1,1.0,0.0,1.0,1.0,29.0,29.0,36.76,36.76,5.25,True
32a762e9-7717-476c-84fa-e982795d702a,Restaurant 1085,Philadelphia,CA,Sushi,3,Average,2023-06-01,Wednesday,1,1.0,0.0,1.0,0.0,45.0,45.0,19.21,19.21,6.21,True
98083e27-c9e6-4b34-8fa3-af3252572fb6,Restaurant 1099,Philadelphia,CA,Seafood,3,Average,2022-03-01,Tuesday,1,1.0,0.0,1.0,1.0,44.0,44.0,11.15,11.15,1.29,True
fa153ba5-f96d-41fd-8444-4563a70747d3,Restaurant 1110,Philadelphia,CA,Pizza,3,Average,2022-06-01,Tuesday,1,1.0,0.0,1.0,0.0,40.0,40.0,19.58,19.58,4.69,True
19fac723-f78d-4787-a2ec-d0836307ede8,Restaurant 1111,Philadelphia,CA,Mexican,3,Average,2023-07-01,Friday,1,1.0,0.0,1.0,1.0,22.0,22.0,25.81,25.81,3.72,True
03bb8bbf-0ed2-432f-b214-d7083aa3d159,Restaurant 1118,Philadelphia,CA,Thai,3,Average,2022-12-01,Sunday,1,1.0,0.0,1.0,1.0,21.0,21.0,46.83,46.83,4.68,True
57185a76-61dc-4ef9-9926-680ca0ca9b49,Restaurant 157,Philadelphia,CA,Sushi,1,Low,2022-10-01,Sunday,1,1.0,0.0,1.0,0.0,33.0,33.0,54.27,54.27,5.44,True
8d302156-6612-4355-beb7-629fa83b3943,Restaurant 1130,Philadelphia,CA,Coffee & Tea,3,Average,2023-04-01,Wednesday,1,1.0,0.0,1.0,1.0,30.0,30.0,19.93,19.93,4.27,True
4e44ed02-497b-4bc6-be88-840a7c6b9ba7,Restaurant 174,Philadelphia,CA,Thai,1,Low,2024-03-01,Wednesday,1,1.0,0.0,1.0,1.0,44.0,44.0,31.9,31.9,6.46,True
0e9dd086-3e85-4a97-be94-d44552d2af83,Restaurant 179,Philadelphia,CA,Burgers,1,Low,2022-11-01,Wednesday,1,1.0,0.0,1.0,1.0,23.0,23.0,26.02,26.02,7.02,True
e561ab54-4e33-48eb-b46b-3a409d00923c,Restaurant 181,Philadelphia,CA,Thai,1,Low,2022-11-01,Friday,1,1.0,0.0,1.0,1.0,27.0,27.0,31.88,31.88,6.51,True
c074797c-cc7e-4b94-b73c-56cb6563a0bf,Restaurant 1143,Philadelphia,CA,American (New),3,Average,2024-01-01,Tuesday,1,1.0,0.0,1.0,1.0,20.0,20.0,30.07,30.07,3.59,True
74d4b6ee-66d1-495a-a81f-1b213e739b16,Restaurant 191,Philadelphia,CA,Sushi,1,Low,2023-02-01,Tuesday,1,1.0,0.0,1.0,1.0,44.0,44.0,12.41,12.41,4.25,True
40e94756-f5a8-41fd-bb3d-87c24caf61ef,Restaurant 1155,Philadelphia,CA,Chinese,3,Average,2023-10-01,Wednesday,1,1.0,0.0,1.0,0.0,33.0,33.0,8.0,8.0,3.58,True
0f668b8a-bfd7-4761-a195-43543290414e,Restaurant 1158,Philadelphia,CA,Italian,3,Average,2023-04-01,Friday,1,1.0,0.0,1.0,1.0,10.0,10.0,33.04,33.04,4.57,True
5f8cf778-64fe-4ea6-b01d-f468db522307,Restaurant 198,Philadelphia,CA,Thai,1,Low,2023-07-01,Sunday,1,1.0,0.0,1.0,1.0,36.0,36.0,62.98,62.98,1.01,True
485bfb82-045c-4cbe-aa9f-ca61db3ccf91,Restaurant 1177,Philadelphia,CA,Seafood,3,Average,2022-08-01,Friday,1,1.0,0.0,1.0,1.0,28.0,28.0,16.77,16.77,6.87,True
3e2a1b4b-6073-402e-9d5c-cb0f3108b92f,Restaurant 1181,Philadelphia,CA,Chinese,3,Average,2023-08-01,Thursday,1,1.0,0.0,1.0,1.0,20.0,20.0,43.25,43.25,1.78,True
d100a0f6-93b6-485d-82d9-d090701eb72b,Restaurant 230,Philadelphia,CA,Burgers,1,Low,2023-06-01,Thursday,1,1.0,0.0,1.0,0.0,31.0,31.0,11.76,11.76,4.6,True
76cd9655-f0fb-40e8-ad1d-c46909bb77be,Restaurant 237,Philadelphia,CA,Mexican,1,Low,2022-10-01,Saturday,1,1.0,0.0,1.0,1.0,61.0,61.0,8.0,8.0,3.73,True
0d2de02d-d4b4-41a4-a13f-c9e8d9bf4617,Restaurant 1188,Philadelphia,CA,American (New),3,Average,2023-09-01,Tuesday,1,1.0,0.0,1.0,1.0,25.0,25.0,13.94,13.94,4.81,True
a49528a7-612d-4dee-abde-5874cf249631,Restaurant 1194,Philadelphia,CA,Chinese,3,Average,2022-10-01,Monday,1,1.0,0.0,1.0,0.0,47.0,47.0,10.36,10.36,7.89,True
d64ccfd5-d033-4596-b349-f89f35f48641,Restaurant 276,Philadelphia,CA,Pizza,1,Low,2022-10-01,Monday,1,1.0,0.0,1.0,1.0,29.0,29.0,56.54,56.54,3.51,True
6f496bd3-c18b-494e-a328-d82855e1e291,Restaurant 281,Philadelphia,CA,Thai,1,Low,2024-05-01,Monday,1,1.0,0.0,1.0,1.0,21.0,21.0,35.19,35.19,2.84,True
df38fb94-890b-4bcc-9527-d4a36b3b03b2,Restaurant 283,Philadelphia,CA,Sushi,1,Low,2022-06-01,Monday,1,1.0,0.0,1.0,1.0,40.0,40.0,40.41,40.41,7.66,True
ce11f7e1-4a73-4bec-9e13-7448aa48bf45,Restaurant 1214,Philadelphia,CA,American (New),4,Strong,2022-05-01,Monday,1,1.0,0.0,1.0,1.0,13.0,13.0,39.86,39.86,3.15,True
bae0cc16-f75c-4f94-9dc5-71a80fed7282,Restaurant 1247,Philadelphia,CA,Italian,4,Strong,2024-07-01,Sunday,1,1.0,0.0,1.0,1.0,21.0,21.0,31.47,31.47,5.28,True
68b932e7-111c-414d-b0d1-d9e0dfdb5d4f,Restaurant 299,Philadelphia,CA,Chinese,1,Low,2022-10-01,Friday,1,1.0,0.0,1.0,1.0,31.0,31.0,32.19,32.19,2.08,True
684cdc82-91ca-42b7-9336-de28c0cc8756,Restaurant 300,Philadelphia,CA,Sushi,1,Low,2023-10-01,Sunday,1,1.0,0.0,1.0,1.0,26.0,26.0,25.0,25.0,7.61,True
abd35160-b08e-4392-a2f1-e80e859c16a7,Restaurant 307,Philadelphia,CA,Burgers,1,Low,2023-08-01,Saturday,1,1.0,0.0,1.0,1.0,44.0,44.0,33.01,33.01,5.48,True
4f785c7b-4fa0-4681-8f77-08b7c3858183,Restaurant 1251,Philadelphia,CA,Sushi,4,Strong,2023-03-01,Friday,1,1.0,0.0,1.0,0.0,51.0,51.0,29.79,29.79,5.35,True
81187d03-4226-4c7a-9142-5c25a08a26da,Restaurant 1257,Philadelphia,CA,Coffee & Tea,4,Strong,2022-12-01,Thursday,1,1.0,0.0,1.0,0.0,57.0,57.0,32.59,32.59,4.63,True
3d785051-a04b-4442-b9fc-fbb2c0d5b140,Restaurant 1259,Philadelphia,CA,Seafood,4,Strong,2022-03-01,Wednesday,1,1.0,0.0,1.0,1.0,24.0,24.0,42.06,42.06,6.1,True
793db73c-2384-41c3-b575-3f11e03c95b0,Restaurant 327,Philadelphia,CA,Sushi,1,Low,2024-05-01,Wednesday,1,0.0,1.0,0.0,,,,8.0,8.0,3.29,True
232c4e8d-0357-4e57-9f22-e3789de7c63b,Restaurant 1283,Philadelphia,CA,Italian,4,Strong,2023-12-01,Saturday,1,1.0,0.0,1.0,1.0,20.0,20.0,47.24,47.24,7.85,True
d12306f1-094a-46f5-9d6c-c440ffab1f29,Restaurant 338,Philadelphia,CA,Sushi,1,Low,2024-06-01,Wednesday,1,1.0,0.0,1.0,1.0,29.0,29.0,9.36,9.36,2.35,True
ea0a15b8-0d7d-491b-8113-d407145deb2f,Restaurant 339,Philadelphia,CA,Thai,1,Low,2023-05-01,Sunday,1,1.0,0.0,1.0,1.0,39.0,39.0,21.24,21.24,5.36,True
6e5d33a4-fd0b-4d89-8f3f-79da6346807b,Restaurant 1291,Philadelphia,CA,Coffee & Tea,4,Strong,2022-03-01,Thursday,1,1.0,0.0,1.0,0.0,44.0,44.0,34.29,34.29,4.59,True
1d8cea2a-2740-4ffc-a448-fa0114935103,Restaurant 350,Philadelphia,CA,Italian,1,Low,2024-07-01,Wednesday,1,1.0,0.0,1.0,1.0,10.0,10.0,48.61,48.61,7.09,True
16a7e1dd-fea8-4d1d-9737-8100fe297cea,Restaurant 354,Philadelphia,CA,Thai,1,Low,2023-10-01,Tuesday,1,1.0,0.0,1.0,1.0,31.0,31.0,19.62,19.62,6.53,True
34ad6596-3eb3-440d-9942-b64c30d06c56,Restaurant 360,Philadelphia,CA,Sushi,1,Low,2024-10-01,Friday,1,1.0,0.0,1.0,1.0,10.0,10.0,8.0,8.0,3.03,True
544dc4f9-eafb-4a68-b59b-cc7d0b05533d,Restaurant 1302,Philadelphia,CA,American (New),4,Strong,2023-04-01,Saturday,1,1.0,0.0,1.0,1.0,40.0,40.0,11.64,11.64,7.66,True
d1d75ce4-bc84-48c7-b70a-cd0d4c53925b,Restaurant 1306,Philadelphia,CA,Seafood,4,Strong,2024-12-01,Sunday,1,1.0,0.0,1.0,1.0,15.0,15.0,48.96,48.96,7.79,True
de5b3a8b-08c5-433a-a8c7-eb5e68da1e84,Restaurant 382,Philadelphia,CA,Thai,1,Low,2023-09-01,Saturday,1,1.0,0.0,1.0,0.0,35.0,35.0,49.7,49.7,3.71,True
b726eab1-cd04-4c64-bf84-1976a3d7f31c,Restaurant 1318,Philadelphia,CA,Mexican,4,Strong,2024-10-01,Monday,1,1.0,0.0,1.0,1.0,36.0,36.0,10.51,10.51,3.44,True
84e63912-413d-4c1c-a621-e8e5b64ade3f,Restaurant 1322,Philadelphia,CA,Italian,4,Strong,2022-07-01,Sunday,1,1.0,0.0,1.0,0.0,26.0,26.0,38.67,38.67,1.5,True
913126a1-03e8-4657-aa9c-838b260d7bad,Restaurant 389,Philadelphia,CA,Burgers,1,Low,2022-05-01,Wednesday,1,0.0,1.0,0.0,,,,36.37,36.37,3.49,True
32335eaa-b575-466d-a494-372d456b8e95,Restaurant 1332,Philadelphia,CA,Mexican,4,Strong,2023-09-01,Friday,1,1.0,0.0,1.0,1.0,26.0,26.0,8.0,8.0,1.97,True
7b8cb828-e020-4ec7-b641-4b1f10444111,Restaurant 1336,Philadelphia,CA,Burgers,4,Strong,2024-07-01,Sunday,1,1.0,0.0,1.0,1.0,46.0,46.0,19.78,19.78,3.49,True
ea31c191-14c0-4467-8c07-f48236f18437,Restaurant 405,Philadelphia,CA,Mexican,2,Below Average,2023-01-01,Monday,1,1.0,0.0,1.0,1.0,33.0,33.0,33.68,33.68,6.1,True
99bc29c5-806a-43ff-b5ce-f3927cfe0e08,Restaurant 1342,Philadelphia,CA,American (New),4,Strong,2024-10-01,Saturday,1,1.0,0.0,1.0,1.0,22.0,22.0,23.64,23.64,6.94,True
4abadf2f-bf50-4835-aabc-5e16cc098fe1,Restaurant 1343,Philadelphia,CA,American (New),4,Strong,2023-03-01,Monday,1,1.0,0.0,1.0,1.0,30.0,30.0,31.37,31.37,3.74,True
8020a8a6-92eb-42f5-b727-a8959fc58470,Restaurant 428,Philadelphia,CA,American (New),2,Below Average,2024-09-01,Friday,1,1.0,0.0,1.0,0.0,63.0,63.0,42.74,42.74,4.71,True
ba26014e-c55f-4237-bb6e-f24b820912f2,Restaurant 432,Philadelphia,CA,Pizza,2,Below Average,2023-09-01,Wednesday,1,1.0,0.0,1.0,0.0,37.0,37.0,63.31,63.31,4.75,True
c9a6e050-d724-4a3a-a3f9-527b6fd988b7,Restaurant 1348,Philadelphia,CA,Sushi,4,Strong,2022-07-01,Saturday,1,1.0,0.0,1.0,1.0,32.0,32.0,22.1,22.1,7.77,True
7766edc5-d35e-4216-8031-502324c6aea3,Restaurant 1375,Philadelphia,CA,Mexican,4,Strong,2023-11-01,Saturday,1,1.0,0.0,1.0,1.0,39.0,39.0,8.0,8.0,2.21,True
5101636f-fa5f-4957-afb4-8303a45bcd80,Restaurant 438,Philadelphia,CA,Chinese,2,Below Average,2024-07-01,Saturday,1,1.0,0.0,1.0,1.0,32.0,32.0,19.88,19.88,2.24,True
f6c23698-bc28-4423-9f0c-eef0724e3cc0,Restaurant 441,Philadelphia,CA,American (New),2,Below Average,2023-11-01,Wednesday,1,1.0,0.0,1.0,1.0,50.0,50.0,25.62,25.62,3.99,True
0fccb44c-afb9-4971-9181-4df06edac76a,Restaurant 443,Philadelphia,CA,American (New),2,Below Average,2022-11-01,Wednesday,1,1.0,0.0,1.0,1.0,27.0,27.0,41.79,41.79,6.54,True
f1886153-85f0-4e38-9f85-f529a6b3bb94,Restaurant 446,Philadelphia,CA,American (New),2,Below Average,2022-06-01,Thursday,1,1.0,0.0,1.0,1.0,17.0,17.0,36.1,36.1,5.07,True
843cd534-807f-41e5-b999-0bf74d49788a,Restaurant 1380,Philadelphia,CA,Mexican,4,Strong,2023-10-01,Monday,1,1.0,0.0,1.0,1.0,23.0,23.0,26.69,26.69,1.92,True
22f9ae5a-a524-4f7e-a690-9904b3fd9e2c,Restaurant 458,Philadelphia,CA,Mexican,2,Below Average,2024-05-01,Wednesday,1,1.0,0.0,1.0,1.0,25.0,25.0,27.87,27.87,3.36,True
20d086fe-d946-4918-aec8-9a0e0af401e0,Restaurant 1398,Philadelphia,CA,Italian,4,Strong,2023-04-01,Wednesday,1,1.0,0.0,1.0,1.0,18.0,18.0,59.2,59.2,2.15,True
77591e1d-cf8e-47fd-a554-a661e7fa226f,Restaurant 1407,Philadelphia,CA,Burgers,4,Strong,2023-01-01,Saturday,1,1.0,0.0,1.0,1.0,37.0,37.0,42.96,42.96,4.92,True
40ee7684-f164-4174-b8d8-5820ae68833b,Restaurant 478,Philadelphia,CA,American (New),2,Below Average,2022-03-01,Wednesday,1,1.0,0.0,1.0,1.0,40.0,40.0,37.98,37.98,3.68,True
1f41cb03-f0c7-4873-95d6-d4abee059914,Restaurant 1426,Philadelphia,CA,Chinese,4,Strong,2023-09-01,Tuesday,1,1.0,0.0,1.0,1.0,23.0,23.0,36.04,36.04,6.67,True
3e3d6ca6-c6dd-4fc3-8f86-10d0bfabce1f,Restaurant 489,Philadelphia,CA,Coffee & Tea,2,Below Average,2023-09-01,Friday,1,1.0,0.0,1.0,1.0,47.0,47.0,29.88,29.88,4.23,True
78e42928-d3f2-4584-878f-410b57b13657,Restaurant 1472,Philadelphia,CA,Chinese,4,Strong,2022-12-01,Saturday,1,1.0,0.0,1.0,1.0,38.0,38.0,28.43,28.43,6.66,True
e46456c6-5786-4968-a2e8-ee4014df71ce,Restaurant 1486,Philadelphia,CA,Mexican,4,Strong,2022-09-01,Wednesday,1,1.0,0.0,1.0,0.0,59.0,59.0,28.55,28.55,6.9,True
75664995-e181-4b1f-8b7d-b94a77e658cd,Restaurant 1520,Philadelphia,CA,American (New),4,Strong,2023-02-01,Thursday,1,1.0,0.0,1.0,1.0,33.0,33.0,18.7,18.7,6.69,True
e73b38e3-8d85-4631-a447-9acebd12b7e8,Restaurant 1521,Philadelphia,CA,Burgers,4,Strong,2022-07-01,Saturday,1,1.0,0.0,1.0,1.0,34.0,34.0,11.98,11.98,7.07,True
8e7e4db4-05b2-4b29-8f88-1864eca89173,Restaurant 1522,Philadelphia,CA,Burgers,4,Strong,2024-12-01,Tuesday,1,1.0,0.0,1.0,1.0,25.0,25.0,39.1,39.1,1.81,True
3a0ddd08-6f6f-4b00-8407-83f57b8f9323,Restaurant 516,Philadelphia,CA,American (New),2,Below Average,2022-05-01,Wednesday,1,1.0,0.0,1.0,0.0,51.0,51.0,32.16,32.16,7.45,True
f58a448e-e697-4b10-bfee-d4fe4a6fd258,Restaurant 517,Philadelphia,CA,Chinese,2,Below Average,2022-10-01,Thursday,1,1.0,0.0,1.0,1.0,36.0,36.0,15.35,15.35,2.71,True
51eee245-6a79-429d-94e7-0d0eec478a81,Restaurant 526,Philadelphia,CA,Coffee & Tea,2,Below Average,2024-05-01,Monday,1,1.0,0.0,1.0,1.0,35.0,35.0,12.67,12.67,4.72,True
ebc0c504-46a8-4ae7-ba6a-fff43f0cd79d,Restaurant 1532,Philadelphia,CA,Italian,4,Strong,2024-11-01,Wednesday,1,0.0,1.0,0.0,,,,35.3,35.3,1.01,True
7d6dcc2b-9c62-412d-8495-8306d60ae4a6,Restaurant 1543,Philadelphia,CA,Italian,4,Strong,2024-10-01,Saturday,1,1.0,0.0,1.0,0.0,31.0,31.0,34.54,34.54,6.04,True
bd85550a-4e6f-4bdf-a67e-dda9bbf7bad4,Restaurant 1549,Philadelphia,CA,Seafood,4,Strong,2023-02-01,Saturday,1,1.0,0.0,1.0,1.0,32.0,32.0,17.24,17.24,6.05,True
3dbe0e36-c08b-4b22-8d4e-5ff6b3b36651,Restaurant 543,Philadelphia,CA,American (New),2,Below Average,2022-03-01,Thursday,1,1.0,0.0,1.0,1.0,22.0,22.0,30.21,30.21,6.12,True
b5eebd4c-570a-4fbe-9da5-dc1304086d5b,Restaurant 544,Philadelphia,CA,Mexican,2,Below Average,2023-02-01,Friday,1,1.0,0.0,1.0,1.0,21.0,21.0,31.59,31.59,3.25,True
9765c8c6-8276-4766-823e-49cdb1cd7492,Restaurant 1574,Philadelphia,CA,American (New),4,Strong,2023-08-01,Sunday,1,1.0,0.0,1.0,1.0,28.0,28.0,29.95,29.95,1.75,True
81539a67-c688-4ceb-bc5a-303610fb7e3f,Restaurant 557,Philadelphia,CA,Thai,2,Below Average,2022-07-01,Friday,1,1.0,0.0,1.0,1.0,34.0,34.0,14.87,14.87,4.58,True
19c24157-37d6-4e0f-bea7-4e61d1652155,Restaurant 1578,Philadelphia,CA,American (New),4,Strong,2024-08-01,Wednesday,1,1.0,0.0,1.0,1.0,33.0,33.0,10.44,10.44,3.89,True
3a258350-fe0b-4784-ba6c-ac7c98f979a6,Restaurant 1584,Philadelphia,CA,Mexican,4,Strong,2023-03-01,Saturday,1,1.0,0.0,1.0,0.0,49.0,49.0,31.82,31.82,3.67,True
2fe5a1e7-2cd6-4bd9-acfb-47e9fd757c75,Restaurant 1600,Philadelphia,CA,Burgers,5,Elite,2024-02-01,Monday,1,1.0,0.0,1.0,1.0,23.0,23.0,17.91,17.91,6.33,True
0ec3c97b-00c3-4088-940b-b62867d30833,Restaurant 1611,Philadelphia,CA,Sushi,5,Elite,2023-04-01,Monday,1,1.0,0.0,1.0,0.0,52.0,52.0,11.36,11.36,6.88,True
647b17fc-02cf-4b70-a27f-4272309468ff,Restaurant 571,Philadelphia,CA,Mexican,2,Below Average,2022-02-01,Thursday,1,1.0,0.0,1.0,1.0,23.0,23.0,19.03,19.03,3.65,True
0e3b3c15-b778-4b64-9d75-b974893edb3b,Restaurant 575,Philadelphia,CA,Mexican,2,Below Average,2024-11-01,Wednesday,1,1.0,0.0,1.0,0.0,43.0,43.0,28.12,28.12,2.69,True
ac18dc03-1988-4407-8739-8c004c9f5a59,Restaurant 1620,Philadelphia,CA,Pizza,5,Elite,2023-02-01,Tuesday,1,1.0,0.0,1.0,0.0,48.0,48.0,22.78,22.78,3.18,True
008b8658-9bb5-4d39-ac48-fd4779f9eee7,Restaurant 595,Philadelphia,CA,Chinese,2,Below Average,2022-01-01,Monday,1,1.0,0.0,1.0,0.0,39.0,39.0,11.68,11.68,6.54,True
3c7b46c0-5b76-4f1b-8e0d-eea2a8dbe533,Restaurant 1635,Philadelphia,CA,Burgers,5,Elite,2024-11-01,Saturday,1,1.0,0.0,1.0,0.0,50.0,50.0,19.93,19.93,6.69,True
a3035b26-42eb-4537-9dd4-d5eb422fb48d,Restaurant 1643,Philadelphia,CA,Burgers,5,Elite,2024-07-01,Tuesday,1,1.0,0.0,1.0,0.0,43.0,43.0,20.78,20.78,4.98,True
b83768f6-15a1-4848-bc82-9b98bfc748c2,Restaurant 1647,Philadelphia,CA,American (New),5,Elite,2022-04-01,Thursday,1,1.0,0.0,1.0,1.0,24.0,24.0,28.44,28.44,2.05,True
ce935ddb-3274-4fa1-9112-2a305a96d522,Restaurant 1656,Philadelphia,CA,Mexican,5,Elite,2024-09-01,Saturday,1,1.0,0.0,1.0,1.0,31.0,31.0,38.18,38.18,3.16,True
00373304-2f50-45c4-85dc-ebe88e2cf084,Restaurant 1669,Philadelphia,CA,Chinese,5,Elite,2023-01-01,Tuesday,1,1.0,0.0,1.0,1.0,41.0,41.0,42.49,42.49,4.09,True
d52048a8-b154-4296-87cb-62f47566d74d,Restaurant 629,Philadelphia,CA,American (New),2,Below Average,2023-10-01,Monday,1,1.0,0.0,1.0,1.0,10.0,10.0,24.48,24.48,5.59,True
26b9ceb0-7cf3-4d7c-843c-82d11ec35ce4,Restaurant 1672,Philadelphia,CA,American (New),5,Elite,2024-10-01,Tuesday,1,1.0,0.0,1.0,0.0,41.0,41.0,21.43,21.43,4.2,True
2c15b7cc-7d43-4340-bc94-8d8b6d6485ec,Restaurant 648,Philadelphia,CA,American (New),2,Below Average,2022-01-01,Friday,1,1.0,0.0,1.0,0.0,36.0,36.0,28.59,28.59,5.62,True
30265b31-f57d-4d95-8f41-5587d69fa70a,Restaurant 653,Philadelphia,CA,Mexican,2,Below Average,2023-04-01,Sunday,1,1.0,0.0,1.0,1.0,46.0,46.0,30.7,30.7,7.01,True
8853bca9-c000-4107-b4c9-8b4ed34905d1,Restaurant 655,Philadelphia,CA,Seafood,2,Below Average,2024-10-01,Sunday,1,1.0,0.0,1.0,0.0,43.0,43.0,16.3,16.3,4.06,True
bcf729b8-4e2a-4e76-83a1-8eaf2bbfb7d9,Restaurant 1680,Philadelphia,CA,Coffee & Tea,5,Elite,2023-01-01,Sunday,1,1.0,0.0,1.0,1.0,33.0,33.0,40.59,40.59,5.62,True
812f1eb5-7a80-499c-87b4-5cc3e4058d19,Restaurant 658,Philadelphia,CA,American (New),2,Below Average,2022-10-01,Tuesday,1,1.0,0.0,1.0,0.0,52.0,52.0,41.39,41.39,5.4,True
0181e513-a7ee-4f98-8a4e-8ccbfeb1b0ad,Restaurant 1709,Philadelphia,CA,Italian,5,Elite,2023-09-01,Sunday,1,1.0,0.0,1.0,1.0,45.0,45.0,30.08,30.08,4.02,True
8fa74d81-1cbc-40ca-84aa-ef9679882bc7,Restaurant 660,Philadelphia,CA,Seafood,2,Below Average,2024-12-01,Tuesday,1,1.0,0.0,1.0,1.0,30.0,30.0,20.36,20.36,5.56,True
315e2a7b-c6e0-4757-8b74-50654834d1ab,Restaurant 1719,Philadelphia,CA,Pizza,5,Elite,2023-06-01,Thursday,1,0.0,1.0,0.0,,,,28.72,28.72,1.72,True
eb880677-9120-40b4-a878-424e5cb1004b,Restaurant 1726,Philadelphia,CA,American (New),5,Elite,2024-10-01,Monday,1,1.0,0.0,1.0,1.0,20.0,20.0,8.0,8.0,1.75,True
303af62e-f957-4b8b-9228-308828fd0474,Restaurant 673,Philadelphia,CA,Seafood,2,Below Average,2024-09-01,Tuesday,1,1.0,0.0,1.0,0.0,31.0,31.0,14.57,14.57,5.35,True
c4aa683a-a827-4485-950d-10854a337f42,Restaurant 1732,Philadelphia,CA,Thai,5,Elite,2023-07-01,Sunday,1,1.0,0.0,1.0,1.0,15.0,15.0,8.0,8.0,7.23,True
cf7eea88-f042-401e-bb38-024312da85a3,Restaurant 1742,Philadelphia,CA,American (New),5,Elite,2022-06-01,Friday,1,1.0,0.0,1.0,0.0,47.0,47.0,28.58,28.58,4.13,True
ba8dd99e-3c3d-4019-8c83-60119aef4877,Restaurant 685,Philadelphia,CA,American (New),2,Below Average,2023-09-01,Sunday,1,1.0,0.0,1.0,1.0,24.0,24.0,42.79,42.79,2.3,True
ba4c93b3-a4fe-4818-9818-cf61c2373579,Restaurant 1763,Philadelphia,CA,Italian,5,Elite,2024-08-01,Saturday,1,1.0,0.0,1.0,1.0,14.0,14.0,43.08,43.08,7.86,True
9dfbdee3-6b19-4855-9a41-780220ab55d1,Restaurant 687,Philadelphia,CA,Pizza,2,Below Average,2024-11-01,Saturday,1,1.0,0.0,1.0,1.0,29.0,29.0,20.47,20.47,5.43,True
f1e31771-8212-4167-88a4-085f77eadda1,Restaurant 691,Philadelphia,CA,Italian,2,Below Average,2024-05-01,Thursday,1,1.0,0.0,1.0,1.0,52.0,52.0,41.68,41.68,7.41,True
77cb1df1-1763-45c3-b0ab-c2e1aab24f7a,Restaurant 694,Philadelphia,CA,Pizza,2,Below Average,2024-06-01,Monday,1,1.0,0.0,1.0,0.0,71.0,71.0,58.72,58.72,5.81,True
cce00507-721d-44f1-9614-e454a1bf27b8,Restaurant 698,Philadelphia,CA,Mexican,2,Below Average,2023-04-01,Saturday,1,1.0,0.0,1.0,0.0,44.0,44.0,23.35,23.35,4.68,True
b91057ae-925c-48f5-9a87-218e7176d718,Restaurant 700,Philadelphia,CA,Seafood,2,Below Average,2022-11-01,Wednesday,1,1.0,0.0,1.0,0.0,38.0,38.0,37.57,37.57,4.15,True
f2927dab-0f8c-414f-9461-07faf4129038,Restaurant 705,Philadelphia,CA,Coffee & Tea,2,Below Average,2022-02-01,Thursday,1,1.0,0.0,1.0,1.0,15.0,15.0,15.14,15.14,6.29,True
f4ae295a-a6c7-4d23-a6cf-dce53502b0a5,Restaurant 708,Philadelphia,CA,Coffee & Tea,2,Below Average,2023-03-01,Monday,1,1.0,0.0,1.0,0.0,82.0,82.0,22.29,22.29,3.48,True
105993d8-e4da-46a8-abb1-76363d389fd0,Restaurant 1768,Philadelphia,CA,Sushi,5,Elite,2023-04-01,Friday,1,1.0,0.0,1.0,1.0,37.0,37.0,40.23,40.23,7.78,True
c8357981-d8a3-4067-bc5d-a6ba4fda397d,Restaurant 718,Philadelphia,CA,Coffee & Tea,2,Below Average,2023-10-01,Wednesday,1,1.0,0.0,1.0,1.0,31.0,31.0,8.79,8.79,2.11,True
1d0d71cd-1f29-4b68-8c38-52721db9616e,Restaurant 732,Philadelphia,CA,Coffee & Tea,2,Below Average,2023-06-01,Saturday,1,1.0,0.0,1.0,1.0,25.0,25.0,54.48,54.48,1.59,True
c3b2f1ea-cf9b-4bf2-b962-e296bc9c24dc,Restaurant 735,Philadelphia,CA,Italian,2,Below Average,2024-02-01,Wednesday,1,1.0,0.0,1.0,1.0,31.0,31.0,45.58,45.58,5.79,True
8a80de20-3565-4768-b4a2-6d164e685ea7,Restaurant 736,Philadelphia,CA,American (New),2,Below Average,2024-03-01,Friday,1,1.0,0.0,1.0,0.0,33.0,33.0,45.99,45.99,5.46,True
f77d017f-c133-43b1-a15b-c9fdc279c1bb,Restaurant 1784,Philadelphia,CA,Chinese,5,Elite,2022-11-01,Monday,1,1.0,0.0,1.0,0.0,68.0,68.0,23.81,23.81,4.63,True
f8b93329-c27d-4c1b-9b9c-5c1e16ea4c92,Restaurant 1795,Philadelphia,CA,Italian,5,Elite,2024-08-01,Thursday,1,1.0,0.0,1.0,0.0,46.0,46.0,8.0,8.0,6.12,True
77eb2bac-366a-42f8-b26c-52f299355a9e,Restaurant 749,Philadelphia,CA,Mexican,2,Below Average,2022-09-01,Thursday,1,0.0,1.0,0.0,,,,37.04,37.04,2.58,True
df09e2fd-3c89-4f96-b719-0493a91c54e3,Restaurant 753,Philadelphia,CA,Seafood,2,Below Average,2023-07-01,Monday,1,1.0,0.0,1.0,0.0,38.0,38.0,34.65,34.65,2.56,True
fbb46272-9d5b-499d-85ff-0092e4afc244,Restaurant 754,Philadelphia,CA,Seafood,2,Below Average,2022-09-01,Thursday,1,1.0,0.0,1.0,1.0,23.0,23.0,45.41,45.41,6.39,True
e97dfcba-e1e2-4032-9bf7-65cd60ed4f98,Restaurant 757,Philadelphia,CA,Pizza,2,Below Average,2023-08-01,Tuesday,1,1.0,0.0,1.0,1.0,35.0,35.0,40.7,40.7,1.36,True
a8a17e62-886c-4c3a-8eb1-4bccaff7f2db,Restaurant 1796,Philadelphia,CA,Coffee & Tea,5,Elite,2023-11-01,Sunday,1,1.0,0.0,1.0,1.0,17.0,17.0,56.19,56.19,4.67,True
3d181fe5-f907-44ec-a20b-bc802e446d66,Restaurant 1797,Philadelphia,CA,Pizza,5,Elite,2023-12-01,Wednesday,1,1.0,0.0,1.0,1.0,32.0,32.0,34.06,34.06,1.91,True
25fca3da-846f-40dc-8206-1d891a1a926b,Restaurant 766,Philadelphia,CA,Chinese,2,Below Average,2024-03-01,Thursday,1,1.0,0.0,1.0,1.0,35.0,35.0,33.52,33.52,6.04,True
b7e1aead-c202-40b2-b6cd-90a9d21ae283,Restaurant 1798,Philadelphia,CA,Chinese,5,Elite,2023-09-01,Monday,1,1.0,0.0,1.0,0.0,47.0,47.0,42.51,42.51,7.67,True
a282d015-9c91-4733-ba5f-1ccb5fe64e44,Restaurant 769,Philadelphia,CA,Pizza,2,Below Average,2024-12-01,Monday,1,1.0,0.0,1.0,1.0,44.0,44.0,46.61,46.61,1.08,True
cdb04504-3a06-4917-a915-fd0d5edb90d4,Restaurant 771,Philadelphia,CA,Sushi,2,Below Average,2023-07-01,Monday,1,1.0,0.0,1.0,1.0,37.0,37.0,14.91,14.91,7.6,True
3eb4aa66-55ee-4cb6-8cdb-b2c69fc65daa,Restaurant 1809,Philadelphia,CA,Italian,5,Elite,2023-02-01,Wednesday,1,1.0,0.0,1.0,1.0,42.0,42.0,20.65,20.65,7.89,True
5521b148-df6d-4c88-9bd6-83809ff14848,Restaurant 777,Philadelphia,CA,American (New),2,Below Average,2022-07-01,Thursday,1,1.0,0.0,1.0,1.0,31.0,31.0,53.76,53.76,4.13,True
be516685-883e-457d-a84e-6d3b0bebeaba,Restaurant 779,Philadelphia,CA,Burgers,2,Below Average,2023-11-01,Sunday,1,1.0,0.0,1.0,1.0,17.0,17.0,54.73,54.73,6.41,True
0d260b10-422a-48b5-aa99-a4b58692b63d,Restaurant 787,Philadelphia,CA,Pizza,2,Below Average,2024-06-01,Saturday,1,1.0,0.0,1.0,1.0,21.0,21.0,38.56,38.56,7.01,True
7261b6a6-09a8-4e50-991f-c7295e2b1374,Restaurant 792,Philadelphia,CA,Mexican,2,Below Average,2024-07-01,Thursday,1,1.0,0.0,1.0,1.0,11.0,11.0,29.81,29.81,3.41,True
fbc3744c-57fe-4f65-891e-ad5724238208,Restaurant 804,Philadelphia,CA,Seafood,3,Average,2023-08-01,Tuesday,1,1.0,0.0,1.0,0.0,42.0,42.0,44.9,44.9,3.31,True
fa25eb9e-7606-4dd5-b696-7ceda8673603,Restaurant 1830,Philadelphia,CA,Coffee & Tea,5,Elite,2023-04-01,Wednesday,1,1.0,0.0,1.0,1.0,35.0,35.0,16.3,16.3,2.9,True
44dc67e6-b1df-4aaf-aa52-8119fcbc38ff,Restaurant 818,Philadelphia,CA,Pizza,3,Average,2024-05-01,Thursday,1,1.0,0.0,1.0,1.0,41.0,41.0,46.33,46.33,4.67,True
32f271e9-cc9c-4532-80ab-316be5996fb6,Restaurant 1853,Philadelphia,CA,Coffee & Tea,5,Elite,2023-08-01,Sunday,1,1.0,0.0,1.0,0.0,43.0,43.0,67.28,67.28,2.79,True
5c778682-ae3b-4d73-b291-5ffb80e919d4,Restaurant 823,Philadelphia,CA,Seafood,3,Average,2023-06-01,Monday,1,1.0,0.0,1.0,1.0,22.0,22.0,20.94,20.94,3.68,True
1a4d1ae8-8c07-451c-a1b2-495d2ad297ce,Restaurant 1855,Philadelphia,CA,Pizza,5,Elite,2024-03-01,Tuesday,1,1.0,0.0,1.0,1.0,40.0,40.0,8.0,8.0,3.35,True
5d846ec2-9a70-4311-9a25-6cc976593af0,Restaurant 840,Philadelphia,CA,Seafood,3,Average,2024-05-01,Saturday,1,1.0,0.0,1.0,0.0,44.0,44.0,32.32,32.32,3.17,True
06f43adc-e09b-4910-a6f2-7b29c66f5d62,Restaurant 853,Philadelphia,CA,Burgers,3,Average,2023-08-01,Thursday,1,1.0,0.0,1.0,0.0,59.0,59.0,35.54,35.54,4.28,True
a9b51ae5-094e-4285-b63c-cc0da16c55d5,Restaurant 1862,Philadelphia,CA,Seafood,5,Elite,2022-06-01,Sunday,1,1.0,0.0,1.0,1.0,25.0,25.0,29.46,29.46,4.91,True
8649cfe0-e520-469b-a1aa-bf06574af3b7,Restaurant 856,Philadelphia,CA,Italian,3,Average,2023-10-01,Monday,1,1.0,0.0,1.0,1.0,46.0,46.0,30.21,30.21,3.55,True
12f9f3bb-bbb4-4f4a-99f1-008fc3d9a633,Restaurant 1867,Philadelphia,CA,American (New),5,Elite,2022-02-01,Tuesday,1,1.0,0.0,1.0,1.0,14.0,14.0,46.25,46.25,4.76,True
7b5c052f-cef1-4bc6-a1e5-a2057de61b06,Restaurant 1878,Philadelphia,CA,Seafood,5,Elite,2023-06-01,Monday,1,1.0,0.0,1.0,0.0,59.0,59.0,49.31,49.31,5.02,True
800e83dc-a886-436c-a66c-942efdbaf80e,Restaurant 1880,Philadelphia,CA,Mexican,5,Elite,2023-04-01,Tuesday,1,1.0,0.0,1.0,1.0,32.0,32.0,34.13,34.13,4.0,True
805d38cc-2000-4739-8a61-1c2b3f4d322c,Restaurant 888,Philadelphia,CA,Sushi,3,Average,2024-12-01,Saturday,1,1.0,0.0,1.0,0.0,63.0,63.0,14.06,14.06,4.18,True
14df6748-2a69-4785-b4ec-cd0a34a87709,Restaurant 1886,Philadelphia,CA,Sushi,5,Elite,2023-10-01,Sunday,1,1.0,0.0,1.0,1.0,54.0,54.0,33.76,33.76,7.55,True
08878081-c5be-4fc3-aa80-8f64adea7861,Restaurant 900,Philadelphia,CA,Mexican,3,Average,2023-10-01,Saturday,1,1.0,0.0,1.0,1.0,25.0,25.0,23.92,23.92,5.61,True
e4dabff0-cfd1-4584-b208-934f30288626,Restaurant 903,Philadelphia,CA,Thai,3,Average,2022-03-01,Thursday,1,0.0,1.0,0.0,,,,14.27,14.27,3.8,True
d9138c95-e89b-4295-9646-255cfce2c50e,Restaurant 1913,Philadelphia,CA,Mexican,5,Elite,2024-09-01,Saturday,1,1.0,0.0,1.0,1.0,29.0,29.0,11.87,11.87,7.17,True
466eecc1-077a-47f2-9661-2740f668df4f,Restaurant 1961,Philadelphia,CA,Sushi,5,Elite,2022-06-01,Monday,1,1.0,0.0,1.0,1.0,30.0,30.0,42.57,42.57,6.56,True
8d6e948c-d9ab-4fcb-9756-252f53ccd67b,Restaurant 1963,Philadelphia,CA,Seafood,5,Elite,2023-11-01,Friday,1,1.0,0.0,1.0,1.0,37.0,37.0,25.44,25.44,7.04,True
0ffbece7-b236-4383-b170-ef0e5fb8b7cc,Restaurant 957,Philadelphia,CA,Sushi,3,Average,2024-05-01,Wednesday,1,1.0,0.0,1.0,1.0,32.0,32.0,57.9,57.9,2.73,True
ccb80a76-79ff-4343-bebb-fee9c4d76672,Restaurant 958,Philadelphia,CA,Italian,3,Average,2023-08-01,Thursday,1,1.0,0.0,1.0,1.0,50.0,50.0,35.76,35.76,7.8,True
cfb530f2-ff18-48b0-9525-1c74a6ea9da4,Restaurant 975,Philadelphia,CA,Sushi,3,Average,2023-07-01,Tuesday,1,1.0,0.0,1.0,0.0,65.0,65.0,13.96,13.96,5.02,True
d9f36ab0-0b26-4264-a4b9-812794fa309b,Restaurant 1994,Philadelphia,CA,Thai,5,Elite,2023-11-01,Friday,1,1.0,0.0,1.0,0.0,32.0,32.0,14.07,14.07,4.41,True
75150154-a58e-4f12-a85f-ffc584ca4752,Restaurant 1998,Philadelphia,CA,Pizza,5,Elite,2022-06-01,Sunday,1,1.0,0.0,1.0,0.0,53.0,53.0,12.72,12.72,1.52,True
717f5a9c-c8d2-4626-bfc9-95c5c295726e,Restaurant 983,Philadelphia,CA,Mexican,3,Average,2024-10-01,Sunday,1,1.0,0.0,1.0,1.0,24.0,24.0,27.42,27.42,4.39,True
588641b5-4966-4546-bbf3-1ce9aa44e4d2,Restaurant 3,Philadelphia,TX,Chinese,1,Low,2024-12-01,Friday,1,1.0,0.0,1.0,1.0,37.0,37.0,39.39,39.39,5.74,True
656e2e08-057d-4130-90cd-992bda818642,Restaurant 8,Philadelphia,TX,Pizza,1,Low,2024-04-01,Monday,1,1.0,0.0,1.0,1.0,22.0,22.0,39.18,39.18,1.83,True
d10cd1f8-aded-4019-b136-7d7fe8aaf343,Restaurant 1001,Philadelphia,TX,Pizza,3,Average,2024-09-01,Monday,1,1.0,0.0,1.0,0.0,58.0,58.0,38.29,38.29,5.16,True
af94efd7-4a33-465b-addd-809933ecdb97,Restaurant 10,Philadelphia,TX,Seafood,1,Low,2024-10-01,Saturday,1,1.0,0.0,1.0,1.0,15.0,15.0,30.49,30.49,3.96,True
3d6b9854-e7f3-4494-9d64-f3053c765039,Restaurant 12,Philadelphia,TX,American (New),1,Low,2023-01-01,Wednesday,1,1.0,0.0,1.0,1.0,50.0,50.0,36.85,36.85,1.47,True
5feb2bba-c725-46cb-a0af-8a6106bfcd10,Restaurant 1013,Philadelphia,TX,American (New),3,Average,2023-05-01,Tuesday,1,1.0,0.0,1.0,0.0,41.0,41.0,18.02,18.02,6.23,True
dc81e380-2ad6-46c2-a1eb-4bb11625dd6a,Restaurant 18,Philadelphia,TX,Italian,1,Low,2024-03-01,Saturday,1,1.0,0.0,1.0,1.0,21.0,21.0,23.95,23.95,5.03,True
a66d96f1-d8ca-4ee3-ac4d-98c292faa20e,Restaurant 26,Philadelphia,TX,Burgers,1,Low,2022-06-01,Thursday,1,1.0,0.0,1.0,1.0,22.0,22.0,33.95,33.95,1.45,True
d45c8cec-fe1f-4a5c-a776-a3acf6dc6b7c,Restaurant 34,Philadelphia,TX,Coffee & Tea,1,Low,2024-04-01,Friday,1,1.0,0.0,1.0,1.0,33.0,33.0,22.57,22.57,7.41,True
6da36bd5-3842-4eda-9fd8-32199f19b9e0,Restaurant 1040,Philadelphia,TX,Mexican,3,Average,2022-03-01,Wednesday,1,1.0,0.0,1.0,0.0,39.0,39.0,26.11,26.11,2.21,True
64b671ba-cb01-4b19-a612-d805d5315392,Restaurant 57,Philadelphia,TX,Mexican,1,Low,2023-10-01,Thursday,1,1.0,0.0,1.0,0.0,56.0,56.0,41.17,41.17,4.01,True
6a4a0483-851e-4c7c-a70a-5e55f780ed7e,Restaurant 1043,Philadelphia,TX,Coffee & Tea,3,Average,2023-05-01,Tuesday,1,1.0,0.0,1.0,0.0,35.0,35.0,30.72,30.72,4.46,True
429eabaf-3d6c-48d0-8ab6-eb0cb21d79cc,Restaurant 74,Philadelphia,TX,American (New),1,Low,2022-02-01,Monday,1,1.0,0.0,1.0,1.0,14.0,14.0,33.23,33.23,7.12,True
79fd66d1-afbf-47e3-ad3b-4163879ba401,Restaurant 89,Philadelphia,TX,Coffee & Tea,1,Low,2024-09-01,Tuesday,1,1.0,0.0,1.0,0.0,66.0,66.0,61.34,61.34,1.8,True
1f5160ba-9612-482e-a149-ab16daf6e6ca,Restaurant 105,Philadelphia,TX,American (New),1,Low,2024-12-01,Tuesday,1,1.0,0.0,1.0,1.0,40.0,40.0,13.45,13.45,4.87,True
b6e2bc92-4273-48b0-9efb-c0b522c2dd3b,Restaurant 1071,Philadelphia,TX,Chinese,3,Average,2024-05-01,Tuesday,1,1.0,0.0,1.0,0.0,39.0,39.0,8.0,8.0,6.46,True
4eb4d331-0250-4425-a396-233baaa52fe6,Restaurant 123,Philadelphia,TX,Mexican,1,Low,2022-11-01,Sunday,1,1.0,0.0,1.0,1.0,10.0,10.0,8.0,8.0,6.25,True
ff8d8391-553e-4a5b-8883-1a51e8420693,Restaurant 1077,Philadelphia,TX,Burgers,3,Average,2022-02-01,Monday,1,0.0,1.0,0.0,,,,20.53,20.53,7.2,True
fc5b4aa1-b33d-4441-a171-ccaa0b3c1de7,Restaurant 1082,Philadelphia,TX,American (New),3,Average,2023-06-01,Wednesday,1,1.0,0.0,1.0,0.0,72.0,72.0,20.13,20.13,1.51,True
0dff6a31-ecbf-4313-bd9a-b656c29d71b6,Restaurant 124,Philadelphia,TX,Burgers,1,Low,2022-11-01,Wednesday,1,1.0,0.0,1.0,1.0,20.0,20.0,35.54,35.54,1.92,True
9a199a88-12da-418a-87c5-772e1c617853,Restaurant 1094,Philadelphia,TX,Sushi,3,Average,2024-12-01,Tuesday,1,1.0,0.0,1.0,1.0,33.0,33.0,9.48,9.48,3.1,True
1dd3c1ad-bbbc-47ad-9f82-aefa5b730315,Restaurant 1098,Philadelphia,TX,American (New),3,Average,2023-01-01,Tuesday,1,1.0,0.0,1.0,1.0,34.0,34.0,27.66,27.66,5.08,True
21682f69-5c47-4a72-87a5-336de7345560,Restaurant 129,Philadelphia,TX,Thai,1,Low,2024-07-01,Tuesday,1,1.0,0.0,1.0,1.0,29.0,29.0,14.49,14.49,1.27,True
5daab94d-877e-4712-a29b-efab0fe3a91c,Restaurant 1107,Philadelphia,TX,Sushi,3,Average,2023-06-01,Tuesday,1,1.0,0.0,1.0,1.0,42.0,42.0,47.91,47.91,4.66,True
31d620a6-37a6-4e0e-bcaf-ed3549d302d1,Restaurant 1108,Philadelphia,TX,Thai,3,Average,2024-10-01,Wednesday,1,1.0,0.0,1.0,1.0,10.0,10.0,56.66,56.66,5.15,True
93660b97-def1-4f6e-b222-832d6508d55d,Restaurant 145,Philadelphia,TX,Seafood,1,Low,2022-03-01,Monday,1,1.0,0.0,1.0,1.0,32.0,32.0,14.3,14.3,1.5,True
341b9622-9db1-439a-9fa4-c7e6b5b1ab25,Restaurant 154,Philadelphia,TX,Sushi,1,Low,2024-01-01,Friday,1,1.0,0.0,1.0,0.0,48.0,48.0,39.27,39.27,2.95,True
99864446-5bf5-407b-b4c2-3f886ccfe705,Restaurant 1117,Philadelphia,TX,Seafood,3,Average,2023-08-01,Sunday,1,1.0,0.0,1.0,0.0,46.0,46.0,43.69,43.69,2.21,True
689eb5bf-3d0f-4246-ac10-7b0c40d98400,Restaurant 166,Philadelphia,TX,Chinese,1,Low,2024-01-01,Thursday,1,1.0,0.0,1.0,1.0,20.0,20.0,11.1,11.1,3.76,True
23ac97de-f8dc-4fe1-870f-604aefcc7e3a,Restaurant 1121,Philadelphia,TX,Seafood,3,Average,2022-02-01,Monday,1,1.0,0.0,1.0,0.0,45.0,45.0,8.0,8.0,4.23,True
9c0402d6-5e32-4b57-8c17-39fade86f1f7,Restaurant 1127,Philadelphia,TX,Mexican,3,Average,2022-11-01,Sunday,1,1.0,0.0,1.0,1.0,19.0,19.0,23.3,23.3,6.97,True
1ce7dcba-9d87-46f4-a052-4bb0e8167baf,Restaurant 189,Philadelphia,TX,Sushi,1,Low,2024-10-01,Friday,1,1.0,0.0,1.0,1.0,20.0,20.0,57.98,57.98,3.01,True
f50f3422-d5ee-461a-af1c-9335191d7416,Restaurant 192,Philadelphia,TX,Coffee & Tea,1,Low,2024-10-01,Monday,1,1.0,0.0,1.0,1.0,37.0,37.0,10.49,10.49,2.38,True
2c79efe8-c421-4844-a95f-4055f6fc047f,Restaurant 1146,Philadelphia,TX,American (New),3,Average,2024-11-01,Tuesday,1,1.0,0.0,1.0,1.0,29.0,29.0,18.42,18.42,1.35,True
a4f6958c-7211-4240-a935-fa36c3ecac38,Restaurant 1149,Philadelphia,TX,Burgers,3,Average,2022-12-01,Thursday,1,1.0,0.0,1.0,0.0,45.0,45.0,17.47,17.47,6.73,True
ef0f7c48-baf6-4425-8b99-2f6966a0fe9f,Restaurant 1152,Philadelphia,TX,Burgers,3,Average,2022-05-01,Monday,1,1.0,0.0,1.0,1.0,33.0,33.0,29.54,29.54,5.65,True
96319705-637d-48ce-9de5-1b8c07d551f6,Restaurant 194,Philadelphia,TX,American (New),1,Low,2023-06-01,Thursday,1,1.0,0.0,1.0,0.0,72.0,72.0,10.61,10.61,4.33,True
09bb7ae0-0c97-4ec7-ac77-fddca6f9eb9d,Restaurant 212,Philadelphia,TX,Pizza,1,Low,2024-08-01,Saturday,1,1.0,0.0,1.0,0.0,54.0,54.0,43.94,43.94,2.02,True
8dda6319-c735-4752-9f77-be9c84b6a818,Restaurant 1175,Philadelphia,TX,Burgers,3,Average,2023-06-01,Thursday,1,0.0,1.0,0.0,,,,28.86,28.86,4.19,True
ee328c2e-9696-4a6d-9e79-ed012d49022f,Restaurant 217,Philadelphia,TX,American (New),1,Low,2022-08-01,Tuesday,1,1.0,0.0,1.0,1.0,25.0,25.0,23.15,23.15,7.82,True
506360a0-94cb-4b16-abf2-a0d410712d99,Restaurant 229,Philadelphia,TX,Mexican,1,Low,2023-04-01,Tuesday,1,1.0,0.0,1.0,0.0,28.0,28.0,47.32,47.32,7.01,True
c8b3d72b-b3f9-431c-bfde-6a0d49c90dcb,Restaurant 1180,Philadelphia,TX,Seafood,3,Average,2023-04-01,Sunday,1,1.0,0.0,1.0,1.0,31.0,31.0,28.34,28.34,6.92,True
0651182b-1fad-4e0a-9835-9ea1d5aa9d4f,Restaurant 243,Philadelphia,TX,Sushi,1,Low,2024-01-01,Monday,1,1.0,0.0,1.0,1.0,15.0,15.0,19.32,19.32,2.9,True
92cbbc27-8f71-417e-acb8-5c31fdc4811f,Restaurant 1187,Philadelphia,TX,Coffee & Tea,3,Average,2022-09-01,Tuesday,1,1.0,0.0,1.0,1.0,41.0,41.0,23.11,23.11,3.33,True
cb5e4c74-475e-4d2c-bb5d-6f0de19f63f1,Restaurant 247,Philadelphia,TX,Coffee & Tea,1,Low,2023-10-01,Wednesday,1,1.0,0.0,1.0,0.0,46.0,46.0,28.69,28.69,5.95,True
5bc72129-2a13-410b-8545-fc60032db419,Restaurant 267,Philadelphia,TX,Sushi,1,Low,2024-07-01,Monday,1,1.0,0.0,1.0,1.0,21.0,21.0,24.56,24.56,4.22,True
971fa6de-021c-4ea6-8114-b6c00ffcc8a1,Restaurant 282,Philadelphia,TX,Chinese,1,Low,2024-11-01,Friday,1,1.0,0.0,1.0,0.0,46.0,46.0,26.85,26.85,6.9,True
a97df63e-af03-4dfa-80f0-844ff375caae,Restaurant 286,Philadelphia,TX,Italian,1,Low,2024-07-01,Tuesday,1,1.0,0.0,1.0,1.0,37.0,37.0,13.54,13.54,1.58,True
38293ae8-e50b-4544-abea-b2e52f7872d2,Restaurant 288,Philadelphia,TX,Chinese,1,Low,2022-03-01,Sunday,1,0.0,1.0,0.0,,,,19.15,19.15,7.18,True
859e5de9-04de-431e-8aa9-04fd8782662a,Restaurant 1220,Philadelphia,TX,Chinese,4,Strong,2023-01-01,Thursday,1,1.0,0.0,1.0,0.0,44.0,44.0,31.29,31.29,7.52,True
4b67adf6-220f-4ec0-a951-ec2e2e0c65c9,Restaurant 1222,Philadelphia,TX,Coffee & Tea,4,Strong,2023-12-01,Saturday,1,1.0,0.0,1.0,1.0,10.0,10.0,28.04,28.04,3.83,True
ab4046f1-1817-4bb8-978c-daea86d60329,Restaurant 1227,Philadelphia,TX,Pizza,4,Strong,2024-01-01,Wednesday,1,1.0,0.0,1.0,0.0,55.0,55.0,46.86,46.86,6.19,True
dc7ba30a-e113-4f17-8ce8-090d0e56e630,Restaurant 1238,Philadelphia,TX,American (New),4,Strong,2023-07-01,Tuesday,1,1.0,0.0,1.0,1.0,32.0,32.0,62.04,62.04,7.47,True
1e2ceb6a-bcc4-473c-879b-7a38f3ecd232,Restaurant 1241,Philadelphia,TX,Seafood,4,Strong,2024-05-01,Friday,1,1.0,0.0,1.0,0.0,61.0,61.0,14.45,14.45,6.25,True
16d9d5ff-641b-4b36-a4f4-3ca18e4c50af,Restaurant 308,Philadelphia,TX,Coffee & Tea,1,Low,2022-07-01,Wednesday,1,1.0,0.0,1.0,0.0,54.0,54.0,43.96,43.96,6.25,True
0b92d1fd-fab3-4069-82b0-6e60f8d6a16a,Restaurant 309,Philadelphia,TX,Coffee & Tea,1,Low,2023-05-01,Wednesday,1,1.0,0.0,1.0,1.0,10.0,10.0,29.22,29.22,1.93,True
2973a8bf-cd8c-4ce6-814c-c740b07881a6,Restaurant 318,Philadelphia,TX,Thai,1,Low,2022-04-01,Sunday,1,1.0,0.0,1.0,1.0,26.0,26.0,25.66,25.66,6.02,True
fd16d193-73de-4c9b-8dca-c12bba9b8663,Restaurant 325,Philadelphia,TX,Sushi,1,Low,2023-03-01,Wednesday,1,1.0,0.0,1.0,0.0,30.0,30.0,25.3,25.3,7.87,True
ccc32c90-a5ee-4ce1-979a-2fcd88593432,Restaurant 1260,Philadelphia,TX,Mexican,4,Strong,2022-11-01,Tuesday,1,1.0,0.0,1.0,1.0,18.0,18.0,15.42,15.42,5.37,True
ae22d53a-67f2-43b2-85e1-5fd3a9c2c809,Restaurant 340,Philadelphia,TX,Thai,1,Low,2024-05-01,Tuesday,1,1.0,0.0,1.0,1.0,47.0,47.0,24.07,24.07,1.72,True
b007ff0c-84c4-44af-821f-6505a4f3d905,Restaurant 362,Philadelphia,TX,Pizza,1,Low,2023-11-01,Tuesday,1,1.0,0.0,1.0,1.0,34.0,34.0,48.61,48.61,2.03,True
a92eb381-5d01-48e3-8519-d03d70275a6c,Restaurant 1300,Philadelphia,TX,Chinese,4,Strong,2023-03-01,Friday,1,1.0,0.0,1.0,1.0,45.0,45.0,31.29,31.29,1.69,True
0c848203-2ee0-45af-8c90-fcaa6129acff,Restaurant 374,Philadelphia,TX,Burgers,1,Low,2024-11-01,Saturday,1,1.0,0.0,1.0,1.0,22.0,22.0,17.43,17.43,7.99,True
be05b421-a9a6-42b8-b3d8-89e3f92328c7,Restaurant 1311,Philadelphia,TX,Chinese,4,Strong,2024-01-01,Tuesday,1,1.0,0.0,1.0,1.0,44.0,44.0,23.81,23.81,2.89,True
3ea5d548-71f3-4a78-abed-76f1aac0e8a4,Restaurant 1317,Philadelphia,TX,Seafood,4,Strong,2022-08-01,Tuesday,1,1.0,0.0,1.0,1.0,31.0,31.0,67.11,67.11,3.7,True
29f0b988-affb-4093-b54e-172b2cfe1ad8,Restaurant 386,Philadelphia,TX,Coffee & Tea,1,Low,2023-01-01,Tuesday,1,1.0,0.0,1.0,0.0,43.0,43.0,20.32,20.32,1.01,True
fbf5f91e-7fdb-4083-9868-f3d21401c421,Restaurant 397,Philadelphia,TX,Mexican,1,Low,2022-10-01,Thursday,1,1.0,0.0,1.0,1.0,30.0,30.0,20.2,20.2,1.49,True
0960d5ca-f7b4-417a-9c49-1ffedcb84d9b,Restaurant 1327,Philadelphia,TX,Burgers,4,Strong,2024-09-01,Saturday,1,1.0,0.0,1.0,0.0,56.0,56.0,9.67,9.67,1.03,True
62206523-1f84-4d1e-8f16-06671e7729b8,Restaurant 401,Philadelphia,TX,Thai,2,Below Average,2024-09-01,Sunday,1,1.0,0.0,1.0,1.0,39.0,39.0,25.8,25.8,4.45,True
895c6667-0fdc-4ea8-861c-daa49ac7ecc6,Restaurant 414,Philadelphia,TX,Mexican,2,Below Average,2024-08-01,Friday,1,1.0,0.0,1.0,1.0,35.0,35.0,42.22,42.22,4.1,True
5eb7097b-7001-4a14-9c1d-fd28e9a75a68,Restaurant 420,Philadelphia,TX,Pizza,2,Below Average,2024-10-01,Monday,1,1.0,0.0,1.0,0.0,37.0,37.0,58.84,58.84,1.03,True
8f38a302-aaa3-40c0-8724-be5162259a9d,Restaurant 433,Philadelphia,TX,Sushi,2,Below Average,2024-01-01,Monday,1,1.0,0.0,1.0,1.0,10.0,10.0,9.89,9.89,3.0,True
ccb9d2b2-94af-4394-85e9-85abad378e0f,Restaurant 436,Philadelphia,TX,Seafood,2,Below Average,2022-12-01,Wednesday,1,1.0,0.0,1.0,1.0,19.0,19.0,24.87,24.87,5.53,True
6261e095-3ee6-430b-901b-3d0ae0f28c27,Restaurant 451,Philadelphia,TX,Burgers,2,Below Average,2024-06-01,Monday,1,1.0,0.0,1.0,1.0,41.0,41.0,55.41,55.41,2.35,True
e100b61e-62ac-4f64-9c37-3da0864e7699,Restaurant 462,Philadelphia,TX,Thai,2,Below Average,2023-06-01,Wednesday,1,1.0,0.0,1.0,1.0,25.0,25.0,42.54,42.54,3.96,True
fe584508-1181-4e8d-ab73-c953f0de6884,Restaurant 1385,Philadelphia,TX,Mexican,4,Strong,2024-02-01,Tuesday,1,1.0,0.0,1.0,0.0,46.0,46.0,40.27,40.27,7.13,True
1d300547-c182-4c24-b278-385f0acc2353,Restaurant 1389,Philadelphia,TX,Italian,4,Strong,2022-09-01,Friday,1,1.0,0.0,1.0,1.0,38.0,38.0,29.01,29.01,7.01,True
865d304d-d016-4486-b229-ce73303e8d64,Restaurant 1393,Philadelphia,TX,Thai,4,Strong,2024-05-01,Thursday,1,1.0,0.0,1.0,1.0,31.0,31.0,35.44,35.44,4.46,True
f72451b0-7e50-43a4-a62e-845adcce8dd1,Restaurant 476,Philadelphia,TX,Italian,2,Below Average,2023-10-01,Monday,1,1.0,0.0,1.0,0.0,56.0,56.0,48.19,48.19,4.82,True
e5ca5eaf-38b4-465a-8e33-4fc8bb87c30f,Restaurant 1404,Philadelphia,TX,Burgers,4,Strong,2024-06-01,Monday,1,1.0,0.0,1.0,1.0,30.0,30.0,8.0,8.0,3.33,True
827fd9b3-55ca-43e2-9a06-d22b5ef3d001,Restaurant 479,Philadelphia,TX,Seafood,2,Below Average,2023-10-01,Thursday,1,1.0,0.0,1.0,1.0,35.0,35.0,18.09,18.09,2.0,True
95cfedc4-614e-4cd7-917c-d486cf9d16f7,Restaurant 1417,Philadelphia,TX,Thai,4,Strong,2022-09-01,Thursday,1,0.0,1.0,0.0,,,,39.29,39.29,1.71,True
761d6d1d-6f9d-4b73-81c9-2e7276827590,Restaurant 1421,Philadelphia,TX,Italian,4,Strong,2024-01-01,Monday,1,1.0,0.0,1.0,1.0,13.0,13.0,32.22,32.22,4.11,True
39d93b7b-fe52-4d20-9cdd-5c095b095e9f,Restaurant 1424,Philadelphia,TX,Mexican,4,Strong,2023-09-01,Monday,1,1.0,0.0,1.0,1.0,31.0,31.0,42.45,42.45,4.04,True
194a06ef-3e4f-4502-85b0-ae765533aad9,Restaurant 490,Philadelphia,TX,Pizza,2,Below Average,2022-06-01,Friday,1,1.0,0.0,1.0,1.0,47.0,47.0,41.78,41.78,3.39,True
6f16fd46-9bea-4e0a-a565-366b9a4129a1,Restaurant 1435,Philadelphia,TX,American (New),4,Strong,2022-12-01,Sunday,1,1.0,0.0,1.0,1.0,10.0,10.0,21.13,21.13,4.9,True
7bce55ce-fbbd-4d12-8b87-0fd2ee26e4fd,Restaurant 1439,Philadelphia,TX,Coffee & Tea,4,Strong,2022-05-01,Sunday,1,1.0,0.0,1.0,0.0,67.0,67.0,11.44,11.44,4.55,True
bfa97811-4e45-4bf6-a0ec-9f84f1fb5dbb,Restaurant 1443,Philadelphia,TX,Mexican,4,Strong,2022-10-01,Wednesday,1,1.0,0.0,1.0,0.0,47.0,47.0,36.27,36.27,5.45,True
e52dc04d-cbc6-45b9-bdb9-7f43376f7cbe,Restaurant 1446,Philadelphia,TX,Chinese,4,Strong,2023-04-01,Sunday,1,1.0,0.0,1.0,1.0,20.0,20.0,35.29,35.29,4.92,True
040bdccd-a690-421b-b4e7-49b3fbec4d8d,Restaurant 496,Philadelphia,TX,Sushi,2,Below Average,2022-09-01,Tuesday,1,1.0,0.0,1.0,1.0,17.0,17.0,25.05,25.05,7.4,True
19face6f-4f71-43ad-bde7-ecbebf3cea94,Restaurant 1480,Philadelphia,TX,Mexican,4,Strong,2022-08-01,Saturday,1,1.0,0.0,1.0,1.0,37.0,37.0,8.0,8.0,3.52,True
a00c77b0-25a9-4d88-ba62-17f18d8774a4,Restaurant 503,Philadelphia,TX,Sushi,2,Below Average,2022-03-01,Tuesday,1,1.0,0.0,1.0,0.0,62.0,62.0,37.9,37.9,6.62,True
bee51a57-fd12-48d2-9382-cecea86a6d77,Restaurant 1493,Philadelphia,TX,Mexican,4,Strong,2022-01-01,Wednesday,1,1.0,0.0,1.0,1.0,12.0,12.0,33.79,33.79,7.73,True
c5fa5024-6516-49e0-b557-ed6678f8ab3b,Restaurant 1496,Philadelphia,TX,Sushi,4,Strong,2023-04-01,Wednesday,1,1.0,0.0,1.0,1.0,44.0,44.0,32.4,32.4,5.02,True
bf1a0137-e3a4-4332-abb8-bf2647572495,Restaurant 1500,Philadelphia,TX,Mexican,4,Strong,2023-05-01,Friday,1,1.0,0.0,1.0,1.0,15.0,15.0,62.83,62.83,6.05,True
0d286e68-7e86-434f-b66a-37d964835249,Restaurant 504,Philadelphia,TX,Chinese,2,Below Average,2023-06-01,Thursday,1,1.0,0.0,1.0,1.0,10.0,10.0,44.56,44.56,1.09,True
61ff00fa-12e9-4f41-9c3d-15ff16dc5266,Restaurant 514,Philadelphia,TX,Pizza,2,Below Average,2022-04-01,Sunday,1,1.0,0.0,1.0,0.0,39.0,39.0,33.11,33.11,5.92,True
e3d227b5-2b27-4e8c-aaff-d99ca9887532,Restaurant 531,Philadelphia,TX,Coffee & Tea,2,Below Average,2023-10-01,Monday,1,1.0,0.0,1.0,0.0,52.0,52.0,20.27,20.27,4.42,True
dab75cbd-cdf2-44ae-897c-7f6942d8f105,Restaurant 1528,Philadelphia,TX,Coffee & Tea,4,Strong,2024-09-01,Sunday,1,1.0,0.0,1.0,0.0,71.0,71.0,42.87,42.87,4.76,True
f39ee359-15d3-4ef1-a197-01c1f7351a43,Restaurant 1531,Philadelphia,TX,Italian,4,Strong,2023-10-01,Thursday,1,1.0,0.0,1.0,0.0,42.0,42.0,8.0,8.0,6.3,True
53b6348f-0292-456a-8fd3-da701f51a034,Restaurant 533,Philadelphia,TX,Burgers,2,Below Average,2024-08-01,Sunday,1,1.0,0.0,1.0,1.0,27.0,27.0,37.83,37.83,3.7,True
992c70c2-77e2-43b7-ba41-6785277c860e,Restaurant 534,Philadelphia,TX,American (New),2,Below Average,2024-12-01,Monday,1,1.0,0.0,1.0,1.0,30.0,30.0,15.18,15.18,1.82,True
c81b7b7a-10c6-4d0c-9c9e-5f4ede59bc02,Restaurant 547,Philadelphia,TX,Chinese,2,Below Average,2022-02-01,Wednesday,1,1.0,0.0,1.0,1.0,34.0,34.0,23.31,23.31,1.34,True
04fbade6-29fd-4fcf-b863-51d16c453153,Restaurant 1550,Philadelphia,TX,Sushi,4,Strong,2024-04-01,Tuesday,1,1.0,0.0,1.0,1.0,20.0,20.0,54.06,54.06,6.13,True
554ec36e-d754-47b2-97f4-04be874b7d9e,Restaurant 1559,Philadelphia,TX,Seafood,4,Strong,2024-07-01,Thursday,1,1.0,0.0,1.0,0.0,32.0,32.0,9.64,9.64,5.44,True
0b2133c8-7a82-4d70-92af-7809575b8d99,Restaurant 1575,Philadelphia,TX,Italian,4,Strong,2023-02-01,Wednesday,1,1.0,0.0,1.0,1.0,35.0,35.0,8.0,8.0,5.0,True
a4ba4a77-e6db-43b2-9aec-9732d40baef5,Restaurant 566,Philadelphia,TX,American (New),2,Below Average,2022-05-01,Wednesday,1,1.0,0.0,1.0,0.0,57.0,57.0,33.61,33.61,1.52,True
9ac04fa9-d769-4217-9dc1-ffffda70ad1d,Restaurant 568,Philadelphia,TX,American (New),2,Below Average,2022-01-01,Tuesday,1,1.0,0.0,1.0,1.0,30.0,30.0,22.88,22.88,3.41,True
a3baa31c-5934-4dd8-bcd0-e74e2ac063c3,Restaurant 1599,Philadelphia,TX,Italian,4,Strong,2022-12-01,Thursday,1,1.0,0.0,1.0,1.0,10.0,10.0,10.33,10.33,6.78,True
645e65a9-0b2e-449e-b8b3-3c362871f715,Restaurant 569,Philadelphia,TX,American (New),2,Below Average,2023-11-01,Friday,1,1.0,0.0,1.0,1.0,10.0,10.0,11.82,11.82,6.59,True
acc1c875-ed80-456b-ae6a-72ea004e1185,Restaurant 589,Philadelphia,TX,Italian,2,Below Average,2022-10-01,Wednesday,1,1.0,0.0,1.0,1.0,19.0,19.0,8.0,8.0,4.91,True
e85c5921-e799-441c-b48b-9fc3aac2cea7,Restaurant 609,Philadelphia,TX,Seafood,2,Below Average,2024-01-01,Tuesday,1,1.0,0.0,1.0,1.0,26.0,26.0,21.85,21.85,5.33,True
d04da35c-7c30-4cb7-8c2f-ea10f1cdadb1,Restaurant 1623,Philadelphia,TX,Coffee & Tea,5,Elite,2024-11-01,Friday,1,1.0,0.0,1.0,1.0,28.0,28.0,8.0,8.0,7.3,True
c6dcddeb-ce50-4190-ae74-d9b8edef74f4,Restaurant 1625,Philadelphia,TX,Mexican,5,Elite,2022-01-01,Tuesday,1,1.0,0.0,1.0,1.0,36.0,36.0,32.81,32.81,6.87,True
78d4d0f0-b487-485d-a372-845c75934a69,Restaurant 618,Philadelphia,TX,Chinese,2,Below Average,2023-10-01,Friday,1,1.0,0.0,1.0,1.0,29.0,29.0,33.9,33.9,6.09,True
cdb372b5-0ba0-4a01-a8d6-36fc3b6192d3,Restaurant 620,Philadelphia,TX,American (New),2,Below Average,2022-12-01,Saturday,1,1.0,0.0,1.0,1.0,24.0,24.0,23.95,23.95,1.7,True
89131b07-e74e-4500-a943-eb74039fb447,Restaurant 1646,Philadelphia,TX,Chinese,5,Elite,2022-06-01,Saturday,1,1.0,0.0,1.0,1.0,25.0,25.0,29.83,29.83,4.66,True
0d861420-d9bb-4cbf-88e2-fbf99de9e45c,Restaurant 622,Philadelphia,TX,Sushi,2,Below Average,2023-06-01,Monday,1,1.0,0.0,1.0,1.0,24.0,24.0,33.67,33.67,3.97,True
4ab70675-b98a-4de7-9964-847d9dd3d37c,Restaurant 626,Philadelphia,TX,Chinese,2,Below Average,2023-07-01,Monday,1,1.0,0.0,1.0,0.0,43.0,43.0,44.04,44.04,7.77,True
c7b5092a-7cc3-4276-819b-7de0443b0963,Restaurant 1663,Philadelphia,TX,Coffee & Tea,5,Elite,2024-04-01,Friday,1,1.0,0.0,1.0,1.0,10.0,10.0,15.47,15.47,6.83,True
75096181-875a-44c6-a9de-50fac972054f,Restaurant 643,Philadelphia,TX,Thai,2,Below Average,2022-12-01,Saturday,1,1.0,0.0,1.0,0.0,63.0,63.0,44.19,44.19,4.29,True
0da64d6f-3607-4b63-a5ff-b46f5584d7d2,Restaurant 656,Philadelphia,TX,Italian,2,Below Average,2023-07-01,Monday,1,1.0,0.0,1.0,1.0,19.0,19.0,8.25,8.25,5.02,True
43c1afa9-d845-402e-a99f-0edf9e3120b9,Restaurant 659,Philadelphia,TX,Chinese,2,Below Average,2023-07-01,Wednesday,1,1.0,0.0,1.0,1.0,36.0,36.0,22.34,22.34,2.5,True
1fe4bd72-8e77-4118-a0b3-00da4a70fa25,Restaurant 1687,Philadelphia,TX,American (New),5,Elite,2022-04-01,Tuesday,1,1.0,0.0,1.0,0.0,40.0,40.0,8.0,8.0,5.38,True
e0cdf24e-971c-45e5-8caf-e86683e62ffb,Restaurant 1693,Philadelphia,TX,Chinese,5,Elite,2023-05-01,Thursday,1,1.0,0.0,1.0,0.0,46.0,46.0,43.5,43.5,4.04,True
3995e609-6a53-4a4e-ab7b-ae04dc7c3a7d,Restaurant 1698,Philadelphia,TX,Italian,5,Elite,2022-10-01,Sunday,1,1.0,0.0,1.0,1.0,19.0,19.0,53.34,53.34,7.27,True
bafb9902-adfd-4c54-9be6-6d44e7e139c4,Restaurant 667,Philadelphia,TX,Italian,2,Below Average,2022-05-01,Tuesday,1,1.0,0.0,1.0,1.0,34.0,34.0,63.25,63.25,6.58,True
99b19f1e-2ade-40da-ba17-f273c3d1e7ad,Restaurant 1714,Philadelphia,TX,Seafood,5,Elite,2024-06-01,Thursday,1,1.0,0.0,1.0,1.0,28.0,28.0,13.74,13.74,1.45,True
a62743cb-31b2-406d-9922-1e5e8d6fab4f,Restaurant 668,Philadelphia,TX,Sushi,2,Below Average,2023-04-01,Wednesday,1,1.0,0.0,1.0,1.0,10.0,10.0,8.0,8.0,6.18,True
1bb78e86-6bd8-451b-917b-90e49d836919,Restaurant 680,Philadelphia,TX,Thai,2,Below Average,2024-12-01,Saturday,1,0.0,1.0,0.0,,,,23.25,23.25,7.03,True
a79caa7f-78f3-46de-9b81-7cb27adce251,Restaurant 1739,Philadelphia,TX,American (New),5,Elite,2022-10-01,Monday,1,1.0,0.0,1.0,0.0,41.0,41.0,15.66,15.66,3.34,True
5b77a2e2-7eaa-45b0-b049-a0b1c4755312,Restaurant 686,Philadelphia,TX,Sushi,2,Below Average,2023-06-01,Thursday,1,1.0,0.0,1.0,0.0,47.0,47.0,42.42,42.42,1.78,True
e523e5b8-b3f9-4ee9-81b2-e07b8aa0e5d3,Restaurant 1760,Philadelphia,TX,Mexican,5,Elite,2022-07-01,Sunday,1,0.0,1.0,0.0,,,,29.37,29.37,3.67,True
e51aaedf-fd6c-4f3d-8e96-548230cc26f0,Restaurant 711,Philadelphia,TX,Seafood,2,Below Average,2023-11-01,Friday,1,1.0,0.0,1.0,1.0,39.0,39.0,30.83,30.83,4.18,True
f5af287b-b3f0-46ef-ab9a-11ef025dea2d,Restaurant 1773,Philadelphia,TX,Italian,5,Elite,2023-05-01,Thursday,1,1.0,0.0,1.0,0.0,68.0,68.0,46.95,46.95,5.96,True
5014fdcd-9788-4159-89ef-8f368961bc92,Restaurant 1776,Philadelphia,TX,Coffee & Tea,5,Elite,2023-10-01,Sunday,1,1.0,0.0,1.0,1.0,25.0,25.0,35.5,35.5,4.04,True
4f545fee-c809-4856-a41d-231ee876432a,Restaurant 1777,Philadelphia,TX,Coffee & Tea,5,Elite,2024-09-01,Friday,1,1.0,0.0,1.0,0.0,54.0,54.0,30.0,30.0,5.5,True
5f3ba672-bb5c-47f6-a06a-6aee121dc288,Restaurant 1783,Philadelphia,TX,Chinese,5,Elite,2022-10-01,Tuesday,1,1.0,0.0,1.0,1.0,29.0,29.0,35.48,35.48,1.6,True
56330a1b-d982-4ee7-aab9-a723c03812be,Restaurant 1794,Philadelphia,TX,American (New),5,Elite,2022-08-01,Thursday,1,0.0,1.0,0.0,,,,23.17,23.17,5.17,True
4a777441-342a-4d58-871c-e1e13d83f2b8,Restaurant 764,Philadelphia,TX,Sushi,2,Below Average,2023-07-01,Saturday,1,1.0,0.0,1.0,1.0,28.0,28.0,30.39,30.39,4.97,True
2fdb9ef6-44c9-4d6f-9ce7-a8aaa5439e22,Restaurant 765,Philadelphia,TX,Burgers,2,Below Average,2024-03-01,Friday,1,1.0,0.0,1.0,1.0,27.0,27.0,16.22,16.22,7.06,True
5534db5e-a98a-4dd3-8cce-0e1afd735ac4,Restaurant 768,Philadelphia,TX,Burgers,2,Below Average,2024-12-01,Tuesday,1,1.0,0.0,1.0,1.0,38.0,38.0,22.06,22.06,2.85,True
c44db8e4-b37d-4939-8e63-1aaf11b97993,Restaurant 776,Philadelphia,TX,Chinese,2,Below Average,2022-01-01,Thursday,1,1.0,0.0,1.0,0.0,63.0,63.0,18.56,18.56,3.53,True
602e375c-8d81-45ee-a934-5e1a2ca0c23a,Restaurant 790,Philadelphia,TX,Chinese,2,Below Average,2023-06-01,Monday,1,1.0,0.0,1.0,1.0,21.0,21.0,33.39,33.39,1.1,True
e67dd971-4c9b-4e57-a087-bb6900673931,Restaurant 816,Philadelphia,TX,Sushi,3,Average,2022-06-01,Friday,1,1.0,0.0,1.0,1.0,48.0,48.0,20.73,20.73,1.22,True
d67074e4-aa4d-4205-953b-a0ea65c14a2f,Restaurant 1812,Philadelphia,TX,Pizza,5,Elite,2022-03-01,Tuesday,1,1.0,0.0,1.0,0.0,59.0,59.0,50.65,50.65,2.98,True
2c36338c-58f6-4d55-9b3e-5b16c9028c29,Restaurant 1814,Philadelphia,TX,Mexican,5,Elite,2023-02-01,Sunday,1,1.0,0.0,1.0,1.0,18.0,18.0,39.4,39.4,5.09,True
41c75614-7f1c-4a71-b576-0d9b214a0ec6,Restaurant 1815,Philadelphia,TX,Seafood,5,Elite,2024-04-01,Saturday,1,1.0,0.0,1.0,1.0,10.0,10.0,30.89,30.89,6.61,True
a5e885c6-6194-4ade-bd6c-69ea4457dd6b,Restaurant 819,Philadelphia,TX,Italian,3,Average,2024-06-01,Friday,1,1.0,0.0,1.0,1.0,34.0,34.0,8.0,8.0,1.17,True
a7ecb100-e165-4038-963d-3564d811a576,Restaurant 1846,Philadelphia,TX,Italian,5,Elite,2024-10-01,Wednesday,1,1.0,0.0,1.0,1.0,22.0,22.0,29.75,29.75,5.47,True
8c5d5ee6-73b8-44a8-b3cb-29a7017ae18a,Restaurant 1850,Philadelphia,TX,Burgers,5,Elite,2023-07-01,Sunday,1,1.0,0.0,1.0,0.0,33.0,33.0,58.9,58.9,2.54,True
af89d1fc-2651-4805-b449-9654f04e2dfa,Restaurant 1851,Philadelphia,TX,Pizza,5,Elite,2023-01-01,Saturday,1,1.0,0.0,1.0,0.0,63.0,63.0,65.21,65.21,1.8,True
6aab0d48-a360-4301-8e80-413d3b6e03d2,Restaurant 833,Philadelphia,TX,Chinese,3,Average,2024-12-01,Tuesday,1,1.0,0.0,1.0,0.0,49.0,49.0,57.55,57.55,5.3,True
f3aadb96-a268-479a-a3fa-2e674fb91d3b,Restaurant 1854,Philadelphia,TX,Burgers,5,Elite,2022-01-01,Wednesday,1,1.0,0.0,1.0,0.0,23.0,23.0,47.8,47.8,5.61,True
a2dc5586-55be-462a-847d-1bc17a38fbcc,Restaurant 850,Philadelphia,TX,Italian,3,Average,2022-06-01,Thursday,1,1.0,0.0,1.0,1.0,25.0,25.0,9.9,9.9,6.21,True
6bac540e-4654-4065-ab1b-d4caf2c1ac61,Restaurant 855,Philadelphia,TX,Pizza,3,Average,2022-04-01,Saturday,1,1.0,0.0,1.0,1.0,32.0,32.0,33.2,33.2,1.35,True
5cd47c39-573a-4a4e-93e8-26540088ca79,Restaurant 867,Philadelphia,TX,Mexican,3,Average,2022-04-01,Thursday,1,1.0,0.0,1.0,1.0,19.0,19.0,39.1,39.1,1.85,True
c7b38bde-0329-48e6-9336-09de3e41ebca,Restaurant 1866,Philadelphia,TX,Italian,5,Elite,2023-10-01,Monday,1,1.0,0.0,1.0,1.0,23.0,23.0,43.22,43.22,2.62,True
e202b0d9-09d4-4658-9ae6-085a3f7a0416,Restaurant 878,Philadelphia,TX,American (New),3,Average,2023-12-01,Tuesday,1,1.0,0.0,1.0,0.0,34.0,34.0,38.33,38.33,4.45,True
2213d9f3-ac15-48c0-8ead-a02ba75eb7a5,Restaurant 896,Philadelphia,TX,Sushi,3,Average,2022-02-01,Thursday,1,1.0,0.0,1.0,1.0,24.0,24.0,36.16,36.16,7.16,True
947d1fbf-4040-4e37-9228-884e2c9e3b4e,Restaurant 922,Philadelphia,TX,Mexican,3,Average,2022-05-01,Saturday,1,1.0,0.0,1.0,1.0,25.0,25.0,33.9,33.9,2.2,True
6e78b025-22f6-47e3-a972-1c28c691bb32,Restaurant 1888,Philadelphia,TX,Mexican,5,Elite,2022-03-01,Tuesday,1,1.0,0.0,1.0,1.0,36.0,36.0,37.9,37.9,6.5,True
7050e998-b03a-4cc3-8a08-66ec02640158,Restaurant 1896,Philadelphia,TX,Sushi,5,Elite,2023-12-01,Tuesday,1,1.0,0.0,1.0,1.0,32.0,32.0,36.71,36.71,1.27,True
fb8181f5-dfc7-4eee-a1f4-87f19f56a429,Restaurant 927,Philadelphia,TX,Burgers,3,Average,2022-02-01,Friday,1,1.0,0.0,1.0,1.0,47.0,47.0,69.14,69.14,5.22,True
96c2f2de-d822-4d6e-83dc-fb8df9a1e163,Restaurant 1922,Philadelphia,TX,American (New),5,Elite,2023-04-01,Tuesday,1,1.0,0.0,1.0,1.0,29.0,29.0,38.89,38.89,2.76,True
56b2627b-6ac2-4da2-b844-7d013d0d0664,Restaurant 1932,Philadelphia,TX,Mexican,5,Elite,2023-12-01,Thursday,1,1.0,0.0,1.0,0.0,34.0,34.0,34.21,34.21,5.46,True
dd754afa-4305-4930-afba-9ff5469328c0,Restaurant 1940,Philadelphia,TX,Mexican,5,Elite,2024-03-01,Monday,1,1.0,0.0,1.0,1.0,10.0,10.0,28.87,28.87,1.49,True
070a935f-337a-484e-bc0c-3a3dba37c9e9,Restaurant 1943,Philadelphia,TX,Sushi,5,Elite,2022-03-01,Wednesday,1,1.0,0.0,1.0,1.0,32.0,32.0,27.42,27.42,5.87,True
565316ef-c26e-4812-ac54-4aedf5593b44,Restaurant 1951,Philadelphia,TX,Italian,5,Elite,2024-12-01,Monday,1,1.0,0.0,1.0,1.0,23.0,23.0,22.72,22.72,3.07,True
847ee13a-4d07-4e3d-8cec-ad07fcb3cc87,Restaurant 1953,Philadelphia,TX,Mexican,5,Elite,2022-02-01,Friday,1,1.0,0.0,1.0,1.0,23.0,23.0,8.0,8.0,4.91,True
759dd5ad-889c-4959-b255-cd76834b8c25,Restaurant 947,Philadelphia,TX,Seafood,3,Average,2022-08-01,Wednesday,1,1.0,0.0,1.0,0.0,37.0,37.0,22.63,22.63,2.46,True
325576ff-122f-48d6-9162-5ffa7d9c943a,Restaurant 967,Philadelphia,TX,Mexican,3,Average,2024-09-01,Monday,1,1.0,0.0,1.0,1.0,30.0,30.0,10.11,10.11,2.83,True
30b9b9fc-aa82-4c91-9094-423c329bf6e8,Restaurant 1964,Philadelphia,TX,Thai,5,Elite,2023-07-01,Wednesday,1,1.0,0.0,1.0,1.0,37.0,37.0,35.7,35.7,6.47,True
19ba337d-f608-47ea-99a8-1defd7246d2a,Restaurant 1967,Philadelphia,TX,Chinese,5,Elite,2024-03-01,Friday,1,1.0,0.0,1.0,0.0,48.0,48.0,63.19,63.19,6.85,True
543cbb36-dfb5-452f-8165-52bddaf2fcd7,Restaurant 979,Philadelphia,TX,American (New),3,Average,2024-06-01,Sunday,1,1.0,0.0,1.0,0.0,36.0,36.0,27.29,27.29,5.74,True
53384ded-ea87-495b-9ff8-53ecfea18f1b,Restaurant 1982,Philadelphia,TX,Coffee & Tea,5,Elite,2022-07-01,Monday,1,1.0,0.0,1.0,1.0,12.0,12.0,41.08,41.08,4.75,True
901b06bd-5339-4bb0-b5d2-78035a45a787,Restaurant 1986,Philadelphia,TX,Sushi,5,Elite,2024-03-01,Wednesday,1,1.0,0.0,1.0,1.0,10.0,10.0,31.13,31.13,7.36,True
74958e3f-03e8-4667-ac9f-59bf28f3b107,Restaurant 1991,Philadelphia,TX,Seafood,5,Elite,2022-04-01,Thursday,1,1.0,0.0,1.0,1.0,31.0,31.0,22.15,22.15,2.45,True
2577a528-d2c0-4059-bd47-24a83408c04a,Restaurant 981,Philadelphia,TX,Italian,3,Average,2022-03-01,Saturday,1,1.0,0.0,1.0,0.0,60.0,60.0,32.04,32.04,3.48,True
1af8102d-461b-4f4e-aa80-ce9c087e8dc5,Restaurant 14,Philadelphia,OH,American (New),1,Low,2023-11-01,Sunday,1,1.0,0.0,1.0,1.0,27.0,27.0,54.59,54.59,4.38,True
a5dc9144-4605-4d6e-90b6-450da3437d16,Restaurant 27,Philadelphia,OH,Thai,1,Low,2024-10-01,Friday,1,1.0,0.0,1.0,1.0,39.0,39.0,36.98,36.98,3.56,True
1f073c53-ef32-4629-b0b7-ef431ef2e441,Restaurant 38,Philadelphia,OH,Coffee & Tea,1,Low,2024-07-01,Sunday,1,1.0,0.0,1.0,0.0,55.0,55.0,27.49,27.49,6.69,True
be3ee977-fb43-46ab-85cf-50e51ffbf460,Restaurant 39,Philadelphia,OH,Chinese,1,Low,2022-05-01,Monday,1,0.0,1.0,0.0,,,,51.39,51.39,7.19,True
1e2d819e-3804-4a56-a578-6a30f8a0e9ce,Restaurant 42,Philadelphia,OH,Thai,1,Low,2022-04-01,Sunday,1,1.0,0.0,1.0,1.0,45.0,45.0,49.26,49.26,2.12,True
8c2f26c7-c38c-4952-a4a0-a41e067b51bc,Restaurant 43,Philadelphia,OH,Mexican,1,Low,2022-05-01,Saturday,1,1.0,0.0,1.0,0.0,44.0,44.0,20.34,20.34,4.69,True
d12493d2-3ec9-477e-982b-59b95212805e,Restaurant 49,Philadelphia,OH,Burgers,1,Low,2024-03-01,Monday,1,1.0,0.0,1.0,1.0,11.0,11.0,32.74,32.74,6.77,True
2ea09749-aaf2-4489-a19b-2842c91bfcab,Restaurant 54,Philadelphia,OH,Thai,1,Low,2024-02-01,Sunday,1,1.0,0.0,1.0,1.0,28.0,28.0,35.77,35.77,6.01,True
00d06576-a313-4f5c-a319-06f7494f0357,Restaurant 70,Philadelphia,OH,Coffee & Tea,1,Low,2024-06-01,Friday,1,1.0,0.0,1.0,0.0,58.0,58.0,25.88,25.88,3.52,True
38f480f9-543e-4094-b660-3ad272866273,Restaurant 71,Philadelphia,OH,American (New),1,Low,2022-06-01,Friday,1,1.0,0.0,1.0,0.0,53.0,53.0,36.47,36.47,2.27,True
2f225b68-423d-4100-811b-2445bd07a731,Restaurant 83,Philadelphia,OH,Seafood,1,Low,2024-02-01,Saturday,1,1.0,0.0,1.0,0.0,52.0,52.0,56.09,56.09,4.06,True
b18b3960-bad9-455c-9652-fa70314346fd,Restaurant 95,Philadelphia,OH,Burgers,1,Low,2022-11-01,Wednesday,1,1.0,0.0,1.0,1.0,37.0,37.0,46.54,46.54,7.26,True
75a8a294-5f7e-4b50-896d-05061b1d4703,Restaurant 100,Philadelphia,OH,Mexican,1,Low,2024-04-01,Sunday,1,1.0,0.0,1.0,1.0,30.0,30.0,24.59,24.59,3.04,True
936632ba-dc72-45f7-9c7a-8265e043af99,Restaurant 120,Philadelphia,OH,Coffee & Tea,1,Low,2023-01-01,Friday,1,1.0,0.0,1.0,0.0,50.0,50.0,20.95,20.95,2.37,True
b2a3fb35-8cdf-435b-99a2-6092e4fa4d4b,Restaurant 138,Philadelphia,OH,Seafood,1,Low,2022-08-01,Friday,1,1.0,0.0,1.0,1.0,24.0,24.0,42.08,42.08,4.23,True
b454dd0e-3f59-4acd-8de8-869c3f5048f6,Restaurant 146,Philadelphia,OH,Italian,1,Low,2022-10-01,Thursday,1,1.0,0.0,1.0,1.0,25.0,25.0,21.39,21.39,5.46,True
70f2a17b-f5b0-4e9f-a140-8b6ad571338e,Restaurant 149,Philadelphia,OH,Sushi,1,Low,2023-07-01,Thursday,1,1.0,0.0,1.0,1.0,39.0,39.0,35.36,35.36,5.91,True
f7f86abf-88ef-4c1a-8c70-c5cd5358b588,Restaurant 151,Philadelphia,OH,Chinese,1,Low,2024-02-01,Wednesday,1,1.0,0.0,1.0,1.0,33.0,33.0,29.88,29.88,1.21,True
315260a5-49d2-41c6-b125-d658ad716bc0,Restaurant 152,Philadelphia,OH,Italian,1,Low,2024-03-01,Saturday,1,0.0,1.0,0.0,,,,45.57,45.57,3.75,True
212ba355-b6c2-48ec-b51e-1b798742febd,Restaurant 162,Philadelphia,OH,Seafood,1,Low,2022-06-01,Tuesday,1,1.0,0.0,1.0,0.0,41.0,41.0,8.0,8.0,7.02,True
950d91ab-42f0-4950-8a25-532d8c5e7072,Restaurant 164,Philadelphia,OH,American (New),1,Low,2024-01-01,Sunday,1,1.0,0.0,1.0,0.0,52.0,52.0,23.0,23.0,3.08,True
c8607222-a242-40f8-bf52-7b5df6176cd2,Restaurant 176,Philadelphia,OH,Burgers,1,Low,2022-06-01,Thursday,1,1.0,0.0,1.0,1.0,40.0,40.0,64.42,64.42,7.26,True
67aa8ed2-729f-43e6-852f-373057cc75a6,Restaurant 178,Philadelphia,OH,American (New),1,Low,2023-03-01,Wednesday,1,1.0,0.0,1.0,1.0,19.0,19.0,25.08,25.08,2.51,True
c74b55b1-95cd-405f-9fdd-f4e39fb65311,Restaurant 185,Philadelphia,OH,Chinese,1,Low,2022-02-01,Monday,1,1.0,0.0,1.0,1.0,24.0,24.0,38.25,38.25,6.67,True
81fcde8d-e3fc-4355-8402-0897e184bc73,Restaurant 222,Philadelphia,OH,American (New),1,Low,2022-10-01,Friday,1,1.0,0.0,1.0,0.0,58.0,58.0,26.34,26.34,4.36,True
c7d84f3f-4869-4a0f-9699-488a56597697,Restaurant 227,Philadelphia,OH,Italian,1,Low,2023-12-01,Monday,1,1.0,0.0,1.0,1.0,32.0,32.0,26.77,26.77,7.58,True
33bd0c64-8609-4bc7-9584-30cd8db6a3d0,Restaurant 233,Philadelphia,OH,Italian,1,Low,2022-11-01,Wednesday,1,1.0,0.0,1.0,0.0,52.0,52.0,19.53,19.53,2.33,True
b5ac4a25-3733-440f-962c-a916cb798d32,Restaurant 241,Philadelphia,OH,American (New),1,Low,2023-12-01,Thursday,1,1.0,0.0,1.0,1.0,31.0,31.0,30.76,30.76,2.45,True
5c48c9f0-00b2-4827-a304-2a43104237c0,Restaurant 256,Philadelphia,OH,Thai,1,Low,2023-12-01,Friday,1,1.0,0.0,1.0,0.0,60.0,60.0,34.0,34.0,7.65,True
2b781ec0-a37d-4a22-a274-1ddd36ec3420,Restaurant 258,Philadelphia,OH,Sushi,1,Low,2023-08-01,Wednesday,1,1.0,0.0,1.0,1.0,18.0,18.0,32.34,32.34,2.08,True
934291e8-0340-4bac-a267-6a0d1b7afc2e,Restaurant 264,Philadelphia,OH,American (New),1,Low,2022-02-01,Sunday,1,1.0,0.0,1.0,1.0,18.0,18.0,28.35,28.35,1.92,True
066c9d62-9aa2-4113-91b7-17436f21c2c1,Restaurant 271,Philadelphia,OH,Seafood,1,Low,2023-12-01,Monday,1,1.0,0.0,1.0,1.0,12.0,12.0,35.77,35.77,7.31,True
9b6140c7-5c11-4470-8ddd-28537492fb3b,Restaurant 285,Philadelphia,OH,Burgers,1,Low,2023-04-01,Saturday,1,1.0,0.0,1.0,0.0,50.0,50.0,22.17,22.17,3.33,True
941ae802-d5e7-4433-946f-464730755c90,Restaurant 321,Philadelphia,OH,Italian,1,Low,2022-07-01,Friday,1,1.0,0.0,1.0,1.0,10.0,10.0,27.51,27.51,1.77,True
f1c175e7-8430-4b1f-90b9-53ee97196ab0,Restaurant 349,Philadelphia,OH,Burgers,1,Low,2023-10-01,Wednesday,1,0.0,1.0,0.0,,,,27.15,27.15,2.7,True
0c6483ba-94a5-4e81-abaf-42a59260c608,Restaurant 364,Philadelphia,OH,Burgers,1,Low,2023-05-01,Sunday,1,1.0,0.0,1.0,0.0,51.0,51.0,10.81,10.81,7.81,True
44597cfb-af85-46aa-80e1-9df5bc6e74a5,Restaurant 368,Philadelphia,OH,Seafood,1,Low,2024-09-01,Monday,1,0.0,1.0,0.0,,,,39.22,39.22,2.39,True
6d4eb3bd-bfc9-4bbe-918f-5f32d000f7b0,Restaurant 373,Philadelphia,OH,Coffee & Tea,1,Low,2024-01-01,Sunday,1,1.0,0.0,1.0,1.0,31.0,31.0,23.66,23.66,6.89,True
871c656d-cbfa-4c2f-b2b4-8c001a921c89,Restaurant 379,Philadelphia,OH,Sushi,1,Low,2022-04-01,Tuesday,1,1.0,0.0,1.0,1.0,24.0,24.0,36.38,36.38,6.17,True
edd7d8bd-63fd-440b-9448-1ec3c07bcde0,Restaurant 385,Philadelphia,OH,Pizza,1,Low,2024-08-01,Monday,1,0.0,1.0,0.0,,,,38.15,38.15,1.44,True
224cfd3c-eb69-439d-a255-76d9187b81d4,Restaurant 390,Philadelphia,OH,Sushi,1,Low,2024-12-01,Sunday,1,1.0,0.0,1.0,1.0,10.0,10.0,8.0,8.0,1.14,True
d5a4ccc7-bc73-4fd1-8686-a1e6a4957b2d,Restaurant 406,Philadelphia,OH,Thai,2,Below Average,2023-11-01,Friday,1,1.0,0.0,1.0,1.0,30.0,30.0,14.61,14.61,7.34,True
069d043f-eb4a-4205-83ed-399a7dc6995d,Restaurant 412,Philadelphia,OH,American (New),2,Below Average,2023-02-01,Thursday,1,1.0,0.0,1.0,1.0,10.0,10.0,10.6,10.6,5.39,True
d14ef997-141c-461d-9247-441bf20d1162,Restaurant 442,Philadelphia,OH,Coffee & Tea,2,Below Average,2023-03-01,Wednesday,1,1.0,0.0,1.0,1.0,41.0,41.0,34.58,34.58,1.52,True
c7d59a05-df98-4708-8679-5da0f55744a0,Restaurant 487,Philadelphia,OH,Thai,2,Below Average,2023-10-01,Wednesday,1,1.0,0.0,1.0,0.0,47.0,47.0,31.08,31.08,6.04,True
c74c784b-372e-43fe-b48f-dbf6b396f75b,Restaurant 488,Philadelphia,OH,American (New),2,Below Average,2023-06-01,Monday,1,1.0,0.0,1.0,1.0,30.0,30.0,36.85,36.85,5.82,True
d5000245-8d11-403d-ac50-04ea164a658d,Restaurant 494,Philadelphia,OH,Seafood,2,Below Average,2022-02-01,Friday,1,1.0,0.0,1.0,0.0,65.0,65.0,21.9,21.9,7.52,True
babc44ee-4e18-4eac-9192-6f9510d78a41,Restaurant 502,Philadelphia,OH,Seafood,2,Below Average,2022-11-01,Tuesday,1,1.0,0.0,1.0,1.0,41.0,41.0,37.92,37.92,4.39,True
667f0cbb-9689-43ca-a831-c12f60d7a0cd,Restaurant 519,Philadelphia,OH,American (New),2,Below Average,2022-11-01,Monday,1,1.0,0.0,1.0,1.0,25.0,25.0,27.82,27.82,5.57,True
a783a6b1-750c-4453-bd7e-b4e02f622d85,Restaurant 522,Philadelphia,OH,Chinese,2,Below Average,2024-05-01,Friday,1,1.0,0.0,1.0,1.0,32.0,32.0,42.65,42.65,7.54,True
2b217b5a-6a55-4642-8e31-b549f1b34ab3,Restaurant 528,Philadelphia,OH,American (New),2,Below Average,2024-03-01,Friday,1,1.0,0.0,1.0,1.0,30.0,30.0,24.95,24.95,2.83,True
00e9e57c-da41-423a-b064-22caded5e2fc,Restaurant 540,Philadelphia,OH,Italian,2,Below Average,2023-06-01,Tuesday,1,1.0,0.0,1.0,0.0,50.0,50.0,25.06,25.06,5.05,True
e3537d84-3f03-46f6-98a6-09a5a4049c74,Restaurant 552,Philadelphia,OH,Italian,2,Below Average,2023-08-01,Sunday,1,1.0,0.0,1.0,1.0,28.0,28.0,27.85,27.85,4.81,True
073c5684-a296-4808-baf0-203d9ab78e38,Restaurant 576,Philadelphia,OH,Sushi,2,Below Average,2022-05-01,Sunday,1,1.0,0.0,1.0,1.0,55.0,55.0,32.4,32.4,6.19,True
c0b392a4-36ba-4891-af63-1be5a87005bc,Restaurant 586,Philadelphia,OH,Burgers,2,Below Average,2022-05-01,Tuesday,1,1.0,0.0,1.0,1.0,51.0,51.0,32.09,32.09,2.62,True
fc84acc2-7d51-43b6-9a34-320ae65bd4b4,Restaurant 588,Philadelphia,OH,Italian,2,Below Average,2024-05-01,Thursday,1,1.0,0.0,1.0,0.0,72.0,72.0,42.82,42.82,7.25,True
2e7f6d94-8f6b-44c8-a0aa-1154fe70bc9c,Restaurant 590,Philadelphia,OH,Coffee & Tea,2,Below Average,2022-04-01,Wednesday,1,1.0,0.0,1.0,1.0,32.0,32.0,36.6,36.6,7.14,True
8076d295-9d66-4c8f-9452-34ac01f37b9e,Restaurant 592,Philadelphia,OH,Chinese,2,Below Average,2024-03-01,Sunday,1,1.0,0.0,1.0,1.0,53.0,53.0,33.81,33.81,7.66,True
67f96114-dee7-4855-8d58-6262eb121648,Restaurant 599,Philadelphia,OH,Italian,2,Below Average,2024-01-01,Sunday,1,1.0,0.0,1.0,0.0,62.0,62.0,66.62,66.62,4.17,True
716d7f96-13b2-4745-a33d-f27a5541cc7f,Restaurant 611,Philadelphia,OH,Pizza,2,Below Average,2022-05-01,Tuesday,1,1.0,0.0,1.0,0.0,57.0,57.0,28.17,28.17,1.37,True
5f7ddc41-9e67-45ad-a75d-897c55c1edd9,Restaurant 612,Philadelphia,OH,Coffee & Tea,2,Below Average,2022-03-01,Friday,1,1.0,0.0,1.0,0.0,48.0,48.0,26.87,26.87,1.69,True
9a18ac84-52b3-4ae4-9500-57c38fe36031,Restaurant 621,Philadelphia,OH,Thai,2,Below Average,2023-07-01,Wednesday,1,1.0,0.0,1.0,0.0,44.0,44.0,34.24,34.24,4.25,True
5cf541ef-62f4-4959-b730-b1f041e9eced,Restaurant 631,Philadelphia,OH,American (New),2,Below Average,2023-05-01,Wednesday,1,1.0,0.0,1.0,0.0,36.0,36.0,26.05,26.05,1.21,True
1a9472ef-1fd8-4c65-99a8-125082449bae,Restaurant 651,Philadelphia,OH,Chinese,2,Below Average,2023-05-01,Saturday,1,1.0,0.0,1.0,1.0,37.0,37.0,30.71,30.71,7.16,True
065fd299-f21d-4363-9f0e-7d66e7bfd7e0,Restaurant 666,Philadelphia,OH,Thai,2,Below Average,2022-11-01,Thursday,1,1.0,0.0,1.0,1.0,31.0,31.0,17.92,17.92,3.35,True
7375e073-71f4-4b92-880f-01f7ce836ccf,Restaurant 669,Philadelphia,OH,American (New),2,Below Average,2024-09-01,Thursday,1,0.0,1.0,0.0,,,,19.11,19.11,6.26,True
0387d8d7-b3b1-4b3b-9c69-c96286520c9b,Restaurant 695,Philadelphia,OH,American (New),2,Below Average,2023-01-01,Sunday,1,1.0,0.0,1.0,1.0,16.0,16.0,44.84,44.84,7.74,True
633feed7-1764-4bf8-9842-bd86c4ae51ce,Restaurant 751,Philadelphia,OH,Mexican,2,Below Average,2022-03-01,Wednesday,1,1.0,0.0,1.0,0.0,35.0,35.0,53.7,53.7,2.74,True
bd8db82f-677c-4239-a1b1-3de21c68849f,Restaurant 752,Philadelphia,OH,Seafood,2,Below Average,2024-08-01,Monday,1,1.0,0.0,1.0,1.0,25.0,25.0,48.22,48.22,6.61,True
52a44a85-a83a-4695-b91c-0f981a157a1f,Restaurant 775,Philadelphia,OH,Sushi,2,Below Average,2024-01-01,Thursday,1,1.0,0.0,1.0,1.0,42.0,42.0,8.0,8.0,6.33,True
99be4429-9612-441d-b998-b93e31641d9e,Restaurant 785,Philadelphia,OH,Coffee & Tea,2,Below Average,2024-08-01,Monday,1,1.0,0.0,1.0,1.0,38.0,38.0,8.0,8.0,6.62,True
67689fd1-43bd-47d7-b6b2-daf5700bf6ec,Restaurant 789,Philadelphia,OH,Coffee & Tea,2,Below Average,2023-01-01,Thursday,1,1.0,0.0,1.0,1.0,51.0,51.0,28.13,28.13,6.45,True
97ea5a3c-ece4-4e94-b2d0-35165768e901,Restaurant 805,Philadelphia,OH,Coffee & Tea,3,Average,2024-04-01,Friday,1,1.0,0.0,1.0,1.0,38.0,38.0,12.33,12.33,3.63,True
9b096723-453f-44fd-ab00-8a2ca0c45485,Restaurant 806,Philadelphia,OH,Pizza,3,Average,2024-01-01,Sunday,1,1.0,0.0,1.0,1.0,12.0,12.0,11.87,11.87,4.23,True
408db516-3459-49cc-b037-6850a727ce44,Restaurant 825,Philadelphia,OH,Italian,3,Average,2022-11-01,Monday,1,1.0,0.0,1.0,0.0,52.0,52.0,28.06,28.06,3.05,True
fc3b7f42-e086-488b-b614-384b32455509,Restaurant 827,Philadelphia,OH,Chinese,3,Average,2024-11-01,Tuesday,1,1.0,0.0,1.0,1.0,28.0,28.0,37.83,37.83,2.04,True
23dccc94-e205-4a82-9fc0-be188eec5808,Restaurant 845,Philadelphia,OH,Coffee & Tea,3,Average,2023-02-01,Friday,1,1.0,0.0,1.0,1.0,25.0,25.0,31.58,31.58,1.84,True
2549f2c0-a7be-441b-bc18-4d5ef5545514,Restaurant 847,Philadelphia,OH,Seafood,3,Average,2023-06-01,Thursday,1,1.0,0.0,1.0,0.0,56.0,56.0,22.65,22.65,6.15,True
c41599e1-d4d3-4755-beca-39ae02ee6620,Restaurant 848,Philadelphia,OH,Thai,3,Average,2023-08-01,Saturday,1,1.0,0.0,1.0,1.0,31.0,31.0,20.26,20.26,4.67,True
ae8ae96e-6a04-438b-91a0-979f5f51904f,Restaurant 857,Philadelphia,OH,Mexican,3,Average,2022-09-01,Wednesday,1,1.0,0.0,1.0,1.0,17.0,17.0,9.31,9.31,2.08,True
4d0a0061-73a5-4e99-b6db-563c2074383d,Restaurant 861,Philadelphia,OH,Coffee & Tea,3,Average,2024-11-01,Thursday,1,1.0,0.0,1.0,0.0,46.0,46.0,27.21,27.21,4.76,True
e1ee35a0-27e8-4cd8-88e2-38d62eac2577,Restaurant 863,Philadelphia,OH,Coffee & Tea,3,Average,2022-10-01,Wednesday,1,1.0,0.0,1.0,1.0,11.0,11.0,41.68,41.68,3.1,True
d8a6d01b-7d67-4b38-91d8-23fcaaa99b65,Restaurant 879,Philadelphia,OH,Pizza,3,Average,2022-12-01,Monday,1,1.0,0.0,1.0,1.0,34.0,34.0,30.22,30.22,4.61,True
82cdbb86-2d14-40ed-8732-b904105b1f77,Restaurant 892,Philadelphia,OH,Sushi,3,Average,2022-04-01,Thursday,1,1.0,0.0,1.0,1.0,33.0,33.0,23.63,23.63,6.62,True
c680537d-5486-4ca3-8d21-5d205db39141,Restaurant 895,Philadelphia,OH,Seafood,3,Average,2024-08-01,Saturday,1,1.0,0.0,1.0,1.0,32.0,32.0,26.2,26.2,1.72,True
4137093d-5da6-4fd0-a3a8-95258d6a3b72,Restaurant 897,Philadelphia,OH,Sushi,3,Average,2024-08-01,Thursday,1,1.0,0.0,1.0,1.0,28.0,28.0,33.12,33.12,7.82,True
aaaabe5d-d443-401a-81df-9ceac1fc0d66,Restaurant 905,Philadelphia,OH,Sushi,3,Average,2024-08-01,Tuesday,1,1.0,0.0,1.0,0.0,60.0,60.0,30.7,30.7,2.82,True
0d287e69-c13a-440b-9f24-cb52e05dffcf,Restaurant 909,Philadelphia,OH,American (New),3,Average,2022-03-01,Thursday,1,1.0,0.0,1.0,1.0,24.0,24.0,12.04,12.04,3.13,True
b30bcb95-5143-4808-a35b-1c64962a815d,Restaurant 912,Philadelphia,OH,Thai,3,Average,2022-12-01,Thursday,1,1.0,0.0,1.0,1.0,15.0,15.0,50.24,50.24,6.62,True
e6031dae-27c2-4846-a44a-e55a5c0e116b,Restaurant 924,Philadelphia,OH,American (New),3,Average,2024-01-01,Thursday,1,1.0,0.0,1.0,1.0,27.0,27.0,24.09,24.09,2.02,True
c93e0592-1e80-45f6-be26-c941f7e8ffef,Restaurant 952,Philadelphia,OH,Mexican,3,Average,2023-01-01,Wednesday,1,1.0,0.0,1.0,1.0,12.0,12.0,55.18,55.18,3.17,True
334400c4-74b1-418c-9fb0-9f8b2e5e2a70,Restaurant 966,Philadelphia,OH,Italian,3,Average,2023-05-01,Friday,1,1.0,0.0,1.0,0.0,27.0,27.0,13.32,13.32,2.34,True
edc63f81-8cb0-44bc-bbf7-26ede23da447,Restaurant 968,Philadelphia,OH,Pizza,3,Average,2024-04-01,Tuesday,1,1.0,0.0,1.0,0.0,54.0,54.0,73.69,73.69,4.84,True
71845b05-af78-4ceb-952f-03440883113c,Restaurant 977,Philadelphia,OH,Sushi,3,Average,2024-06-01,Wednesday,1,1.0,0.0,1.0,0.0,66.0,66.0,50.84,50.84,7.49,True
eef4c2a1-ac15-4315-a6d1-2b28848118ca,Restaurant 978,Philadelphia,OH,Italian,3,Average,2022-12-01,Thursday,1,1.0,0.0,1.0,0.0,43.0,43.0,14.11,14.11,1.99,True
637c6293-e5ec-4eab-bb5c-cad79ad16c04,Restaurant 989,Philadelphia,OH,Italian,3,Average,2022-02-01,Sunday,1,1.0,0.0,1.0,1.0,25.0,25.0,39.95,39.95,4.93,True
095b1676-c952-490d-ab42-6c8eda508483,Restaurant 1002,Philadelphia,OH,Italian,3,Average,2023-05-01,Saturday,1,1.0,0.0,1.0,1.0,34.0,34.0,8.0,8.0,1.37,True
5981bfd7-7f6e-4b36-99e3-1e85ba34189a,Restaurant 1005,Philadelphia,OH,Sushi,3,Average,2024-01-01,Tuesday,1,1.0,0.0,1.0,1.0,21.0,21.0,8.0,8.0,4.26,True
ca2f2f82-354d-4a0a-83c5-3f64bce6537a,Restaurant 1007,Philadelphia,OH,Thai,3,Average,2022-01-01,Tuesday,1,1.0,0.0,1.0,1.0,10.0,10.0,8.0,8.0,2.29,True
fe67a151-3dc2-45ff-af34-a2ee5407c70c,Restaurant 1010,Philadelphia,OH,Burgers,3,Average,2022-06-01,Tuesday,1,1.0,0.0,1.0,0.0,40.0,40.0,19.76,19.76,5.44,True
4714970f-431b-41a5-b9bc-8977edb59903,Restaurant 1018,Philadelphia,OH,Chinese,3,Average,2022-08-01,Friday,1,0.0,1.0,0.0,,,,11.43,11.43,1.84,True
1c2271b6-6a7d-462d-83e7-defbdf0a9107,Restaurant 1024,Philadelphia,OH,Thai,3,Average,2024-09-01,Thursday,1,1.0,0.0,1.0,1.0,29.0,29.0,24.92,24.92,4.69,True
28391012-435c-4b34-8d3b-9cfadc2c8d7e,Restaurant 1029,Philadelphia,OH,Italian,3,Average,2022-03-01,Tuesday,1,1.0,0.0,1.0,0.0,39.0,39.0,36.19,36.19,3.16,True
94f12678-d226-465e-9ee2-65118a2771a1,Restaurant 1031,Philadelphia,OH,Burgers,3,Average,2024-11-01,Thursday,1,1.0,0.0,1.0,1.0,37.0,37.0,38.6,38.6,5.19,True
46fde999-656d-46ff-9cb9-db53fe2ac468,Restaurant 1039,Philadelphia,OH,Thai,3,Average,2023-02-01,Monday,1,1.0,0.0,1.0,1.0,40.0,40.0,10.2,10.2,3.95,True
1040d2d8-7f23-4f2d-a710-7cf9a18d15b3,Restaurant 1047,Philadelphia,OH,Burgers,3,Average,2022-04-01,Sunday,1,1.0,0.0,1.0,0.0,37.0,37.0,38.76,38.76,6.84,True
208263ca-559a-47b8-8c41-c91c311739c6,Restaurant 1048,Philadelphia,OH,American (New),3,Average,2023-07-01,Sunday,1,1.0,0.0,1.0,1.0,25.0,25.0,9.58,9.58,7.5,True
1f02610b-59e3-4272-afb3-c93e2dab4347,Restaurant 1056,Philadelphia,OH,Sushi,3,Average,2022-01-01,Sunday,1,1.0,0.0,1.0,0.0,48.0,48.0,24.43,24.43,6.3,True
bc1456b3-f4c8-42f2-8168-29699eaa734c,Restaurant 1080,Philadelphia,OH,Italian,3,Average,2024-05-01,Tuesday,1,1.0,0.0,1.0,1.0,36.0,36.0,14.17,14.17,5.93,True
8750078b-478d-4c00-8c0b-9a6e565f9651,Restaurant 1081,Philadelphia,OH,American (New),3,Average,2023-07-01,Monday,1,0.0,1.0,0.0,,,,33.0,33.0,1.01,True
ab07702e-6057-42df-8794-4c3a1ba07597,Restaurant 1088,Philadelphia,OH,Burgers,3,Average,2024-01-01,Wednesday,1,1.0,0.0,1.0,0.0,50.0,50.0,26.34,26.34,1.39,True
a50eb278-a945-49b0-b260-d1171d1f3a71,Restaurant 1090,Philadelphia,OH,Chinese,3,Average,2023-09-01,Monday,1,1.0,0.0,1.0,1.0,37.0,37.0,30.51,30.51,3.34,True
90b7f69f-913f-4b62-91ad-b97ddd983e7e,Restaurant 1097,Philadelphia,OH,Seafood,3,Average,2022-01-01,Wednesday,1,1.0,0.0,1.0,0.0,40.0,40.0,37.61,37.61,3.56,True
026b6737-b3c6-42e1-951e-5e7b13eaeb19,Restaurant 1125,Philadelphia,OH,Chinese,3,Average,2022-03-01,Saturday,1,1.0,0.0,1.0,1.0,25.0,25.0,28.33,28.33,1.53,True
1aedc3eb-7064-4caf-b301-0f99939a5948,Restaurant 1154,Philadelphia,OH,Mexican,3,Average,2024-02-01,Wednesday,1,1.0,0.0,1.0,0.0,40.0,40.0,46.37,46.37,4.28,True
b4d80b34-a51a-4860-8263-f709dd6bd58b,Restaurant 1173,Philadelphia,OH,Chinese,3,Average,2022-11-01,Sunday,1,1.0,0.0,1.0,1.0,17.0,17.0,46.15,46.15,2.29,True
1e2b59d6-d5c8-4858-8471-365f7b7165c0,Restaurant 1182,Philadelphia,OH,Mexican,3,Average,2023-10-01,Tuesday,1,1.0,0.0,1.0,1.0,44.0,44.0,52.25,52.25,1.46,True
c6bf9ce0-3d64-484e-9c92-b49072ada568,Restaurant 1183,Philadelphia,OH,Pizza,3,Average,2024-04-01,Monday,1,1.0,0.0,1.0,0.0,49.0,49.0,17.37,17.37,6.08,True
5da33e90-6f8f-490a-8d8d-ad4839be2835,Restaurant 1197,Philadelphia,OH,Pizza,3,Average,2024-04-01,Wednesday,1,0.0,1.0,0.0,,,,27.64,27.64,7.38,True
6a0ce821-443b-4d56-aae0-e37652cc0867,Restaurant 1198,Philadelphia,OH,Mexican,3,Average,2022-07-01,Monday,1,1.0,0.0,1.0,1.0,36.0,36.0,38.1,38.1,6.25,True
bc7c8cc1-16c8-4107-8592-9a3febdf041b,Restaurant 1202,Philadelphia,OH,Pizza,4,Strong,2022-03-01,Tuesday,1,1.0,0.0,1.0,0.0,42.0,42.0,51.95,51.95,4.8,True
8bb457e7-6024-41ef-9dfb-5d2250001642,Restaurant 1216,Philadelphia,OH,Sushi,4,Strong,2023-09-01,Tuesday,1,1.0,0.0,1.0,0.0,40.0,40.0,26.84,26.84,1.47,True
4dbf4b9f-65b1-4f02-bbeb-54b44380df2c,Restaurant 1254,Philadelphia,OH,Coffee & Tea,4,Strong,2023-06-01,Friday,1,1.0,0.0,1.0,1.0,10.0,10.0,10.73,10.73,4.18,True
b6d68f2a-53c2-43ac-b6a5-0e180d39c447,Restaurant 1265,Philadelphia,OH,Sushi,4,Strong,2024-05-01,Saturday,1,1.0,0.0,1.0,1.0,40.0,40.0,13.85,13.85,4.86,True
72b147fc-ac91-492e-a893-ef12effe3fb6,Restaurant 1274,Philadelphia,OH,Sushi,4,Strong,2022-03-01,Wednesday,1,1.0,0.0,1.0,0.0,38.0,38.0,33.94,33.94,4.0,True
5004a095-c3c5-4b0f-bfe6-820a44f2ec23,Restaurant 1281,Philadelphia,OH,Italian,4,Strong,2023-06-01,Sunday,1,1.0,0.0,1.0,1.0,19.0,19.0,47.8,47.8,3.32,True
bb4dae2b-41c6-450d-99d2-1a0f3e8055d0,Restaurant 1310,Philadelphia,OH,Burgers,4,Strong,2024-09-01,Wednesday,1,1.0,0.0,1.0,1.0,24.0,24.0,36.74,36.74,2.35,True
de2c4569-ce76-4df1-9bd9-964a391eb4ed,Restaurant 1313,Philadelphia,OH,Thai,4,Strong,2023-07-01,Wednesday,1,1.0,0.0,1.0,0.0,62.0,62.0,50.13,50.13,4.17,True
384bf0ef-e72d-42c4-aa91-a893fffbc5c3,Restaurant 1326,Philadelphia,OH,Coffee & Tea,4,Strong,2023-09-01,Friday,1,1.0,0.0,1.0,0.0,41.0,41.0,31.23,31.23,2.19,True
a7570bde-0e27-4006-a634-167889f3f26a,Restaurant 1334,Philadelphia,OH,Coffee & Tea,4,Strong,2023-09-01,Monday,1,1.0,0.0,1.0,1.0,15.0,15.0,8.0,8.0,5.19,True
2d2986c8-68ca-402f-9b94-9af660bab7fe,Restaurant 1339,Philadelphia,OH,American (New),4,Strong,2024-06-01,Wednesday,1,1.0,0.0,1.0,1.0,10.0,10.0,28.2,28.2,2.81,True
8f53ce1d-5ff8-41af-b656-d3b0d74218a5,Restaurant 1347,Philadelphia,OH,Thai,4,Strong,2024-01-01,Tuesday,1,1.0,0.0,1.0,1.0,21.0,21.0,24.56,24.56,1.1,True
73d446f4-68e5-41cd-a40d-35c9d77e55a4,Restaurant 1349,Philadelphia,OH,Italian,4,Strong,2023-03-01,Thursday,1,1.0,0.0,1.0,1.0,40.0,40.0,35.55,35.55,3.41,True
c54d8773-aec7-4f96-ad63-709ce558fe44,Restaurant 1355,Philadelphia,OH,Seafood,4,Strong,2024-07-01,Thursday,1,1.0,0.0,1.0,1.0,27.0,27.0,25.46,25.46,5.2,True
7df3be99-5253-4066-9848-53cf3f695e4f,Restaurant 1382,Philadelphia,OH,Mexican,4,Strong,2022-04-01,Sunday,1,1.0,0.0,1.0,0.0,32.0,32.0,8.0,8.0,7.54,True
508a35ea-0eec-49bf-b7fb-edad8d657a19,Restaurant 1403,Philadelphia,OH,Burgers,4,Strong,2024-02-01,Thursday,1,1.0,0.0,1.0,1.0,27.0,27.0,16.8,16.8,4.23,True
6b4608d5-3dcb-4ea8-bafa-31268435c79a,Restaurant 1414,Philadelphia,OH,Sushi,4,Strong,2023-10-01,Monday,1,1.0,0.0,1.0,1.0,35.0,35.0,26.13,26.13,3.26,True
bd5ea23d-80cc-4497-98bf-581030b1e403,Restaurant 1427,Philadelphia,OH,Mexican,4,Strong,2024-02-01,Saturday,1,0.0,1.0,0.0,,,,18.77,18.77,6.61,True
fd668d0b-77a8-4b2b-9d6c-e5e70fd61cdf,Restaurant 1436,Philadelphia,OH,Coffee & Tea,4,Strong,2023-03-01,Friday,1,1.0,0.0,1.0,1.0,25.0,25.0,22.01,22.01,7.53,True
7ed00303-65f7-4822-8bb3-ea20a7c9f7c2,Restaurant 1438,Philadelphia,OH,Burgers,4,Strong,2022-11-01,Tuesday,1,1.0,0.0,1.0,1.0,17.0,17.0,34.61,34.61,4.72,True
ee7af6e3-99b5-42ae-a16f-f7eaac67f3a8,Restaurant 1449,Philadelphia,OH,Pizza,4,Strong,2023-08-01,Monday,1,1.0,0.0,1.0,1.0,44.0,44.0,50.14,50.14,2.15,True
3f820d2f-139b-4869-a2d9-a07bed469698,Restaurant 1459,Philadelphia,OH,Mexican,4,Strong,2024-08-01,Tuesday,1,1.0,0.0,1.0,0.0,39.0,39.0,11.61,11.61,5.85,True
1966d2de-9828-4fa0-ab2a-b0a1c12e7b14,Restaurant 1470,Philadelphia,OH,Coffee & Tea,4,Strong,2022-10-01,Friday,1,1.0,0.0,1.0,1.0,13.0,13.0,16.19,16.19,1.88,True
b6a1330d-3edc-498c-888a-0ab6e02f112a,Restaurant 1474,Philadelphia,OH,American (New),4,Strong,2024-01-01,Tuesday,1,1.0,0.0,1.0,1.0,55.0,55.0,11.19,11.19,7.31,True
af893091-5cfa-454b-a7c1-d6e6439b3a07,Restaurant 1489,Philadelphia,OH,Mexican,4,Strong,2024-07-01,Wednesday,1,1.0,0.0,1.0,1.0,31.0,31.0,11.36,11.36,3.57,True
b354e64d-cd23-443d-b5f9-9c68b6a33fe4,Restaurant 1490,Philadelphia,OH,Mexican,4,Strong,2023-02-01,Friday,1,1.0,0.0,1.0,1.0,34.0,34.0,21.93,21.93,2.4,True
4b55122b-920d-46f2-91c8-d1e3c3dff7e8,Restaurant 1494,Philadelphia,OH,Chinese,4,Strong,2024-10-01,Thursday,1,1.0,0.0,1.0,0.0,55.0,55.0,8.0,8.0,1.54,True
6f02629b-4753-4952-894b-838554677387,Restaurant 1502,Philadelphia,OH,Mexican,4,Strong,2022-10-01,Thursday,1,1.0,0.0,1.0,1.0,19.0,19.0,54.77,54.77,1.28,True
7eccf864-a2da-4852-b416-06e9c5c27998,Restaurant 1507,Philadelphia,OH,Sushi,4,Strong,2022-10-01,Monday,1,1.0,0.0,1.0,1.0,10.0,10.0,55.26,55.26,1.99,True
7aad008b-5af5-402c-b9ec-9fa9921594f7,Restaurant 1509,Philadelphia,OH,Chinese,4,Strong,2022-01-01,Tuesday,1,1.0,0.0,1.0,1.0,33.0,33.0,22.0,22.0,7.26,True
aca289dd-77d7-4c9d-ae4c-504251e977e0,Restaurant 1524,Philadelphia,OH,Seafood,4,Strong,2024-11-01,Thursday,1,1.0,0.0,1.0,1.0,35.0,35.0,8.0,8.0,2.54,True
dd040f98-b84c-4f0b-95e2-c9524e434d3b,Restaurant 1525,Philadelphia,OH,Sushi,4,Strong,2024-09-01,Tuesday,1,1.0,0.0,1.0,0.0,59.0,59.0,47.43,47.43,5.48,True
a45652d2-24d4-40c0-9fb6-da9d49de2535,Restaurant 1547,Philadelphia,OH,Seafood,4,Strong,2022-12-01,Saturday,1,1.0,0.0,1.0,1.0,39.0,39.0,42.73,42.73,5.72,True
33c0c09f-62a2-4086-9a91-f440e3098cca,Restaurant 1548,Philadelphia,OH,Chinese,4,Strong,2024-07-01,Friday,1,1.0,0.0,1.0,1.0,31.0,31.0,20.01,20.01,6.79,True
87790706-abb5-4288-a847-c4229d684515,Restaurant 1553,Philadelphia,OH,Sushi,4,Strong,2023-08-01,Friday,1,1.0,0.0,1.0,1.0,15.0,15.0,23.79,23.79,4.32,True
e9125c0f-6d8e-4113-ba4e-35c74a743633,Restaurant 1583,Philadelphia,OH,Pizza,4,Strong,2022-08-01,Thursday,1,1.0,0.0,1.0,1.0,38.0,38.0,8.0,8.0,7.08,True
972ebcaa-5c70-4b26-abd1-322b9da293e6,Restaurant 1601,Philadelphia,OH,Coffee & Tea,5,Elite,2024-01-01,Saturday,1,1.0,0.0,1.0,1.0,42.0,42.0,12.5,12.5,6.64,True
cf5d9720-d77f-4f2e-b1b2-940fbb7fa1bd,Restaurant 1609,Philadelphia,OH,Coffee & Tea,5,Elite,2024-07-01,Friday,1,1.0,0.0,1.0,0.0,36.0,36.0,38.44,38.44,7.56,True
f89fa075-8584-4edf-b341-3b4c643e3476,Restaurant 1648,Philadelphia,OH,Sushi,5,Elite,2023-12-01,Monday,1,0.0,1.0,0.0,,,,29.11,29.11,7.83,True
f8d99549-8d72-4082-983a-1f2818150e72,Restaurant 1651,Philadelphia,OH,Pizza,5,Elite,2023-06-01,Saturday,1,1.0,0.0,1.0,1.0,17.0,17.0,34.01,34.01,2.7,True
3b3c9b90-0ddd-4927-8e1f-c833acdbb514,Restaurant 1655,Philadelphia,OH,Mexican,5,Elite,2023-09-01,Wednesday,1,1.0,0.0,1.0,1.0,44.0,44.0,62.83,62.83,3.99,True
9f5a8632-4d88-4041-bb05-0b90e06c8c98,Restaurant 1681,Philadelphia,OH,Chinese,5,Elite,2024-06-01,Saturday,1,1.0,0.0,1.0,0.0,64.0,64.0,37.05,37.05,5.59,True
6e130b69-ef43-48cc-b82e-2826fd9fef9a,Restaurant 1690,Philadelphia,OH,Coffee & Tea,5,Elite,2022-10-01,Tuesday,1,1.0,0.0,1.0,1.0,38.0,38.0,74.62,74.62,5.21,True
60007bf6-ac09-4646-a21e-c3986465cdb9,Restaurant 1706,Philadelphia,OH,Chinese,5,Elite,2022-05-01,Saturday,1,1.0,0.0,1.0,0.0,53.0,53.0,43.04,43.04,5.48,True
487b4477-a043-4e33-aa0d-2db6c5764be7,Restaurant 1707,Philadelphia,OH,Italian,5,Elite,2022-08-01,Tuesday,1,1.0,0.0,1.0,1.0,35.0,35.0,24.79,24.79,2.65,True
732f9aad-10ee-41c1-b129-412efae5772b,Restaurant 1717,Philadelphia,OH,Coffee & Tea,5,Elite,2022-04-01,Sunday,1,1.0,0.0,1.0,1.0,10.0,10.0,37.12,37.12,7.5,True
6e7fa0cf-0278-43d8-ae57-9325be81c9eb,Restaurant 1718,Philadelphia,OH,Sushi,5,Elite,2022-11-01,Thursday,1,1.0,0.0,1.0,1.0,19.0,19.0,31.15,31.15,1.27,True
14502461-2f7f-4cd1-b291-814efd75938d,Restaurant 1729,Philadelphia,OH,Italian,5,Elite,2022-06-01,Tuesday,1,1.0,0.0,1.0,1.0,10.0,10.0,8.0,8.0,4.42,True
0ae8cdd2-0286-42fe-8594-c92586ed2c02,Restaurant 1743,Philadelphia,OH,Italian,5,Elite,2023-09-01,Friday,1,1.0,0.0,1.0,1.0,24.0,24.0,27.73,27.73,6.07,True
9df4dd8f-48d4-450c-9098-69d9e684ca28,Restaurant 1744,Philadelphia,OH,Seafood,5,Elite,2024-01-01,Thursday,1,1.0,0.0,1.0,1.0,18.0,18.0,48.72,48.72,3.74,True
36511ffd-bb68-4b99-91be-d0300986f517,Restaurant 1754,Philadelphia,OH,Burgers,5,Elite,2022-07-01,Saturday,1,1.0,0.0,1.0,0.0,29.0,29.0,23.55,23.55,3.15,True
1b140f4b-36b0-4da2-95fc-a341cbc7bf11,Restaurant 1757,Philadelphia,OH,Thai,5,Elite,2023-12-01,Saturday,1,1.0,0.0,1.0,1.0,42.0,42.0,46.12,46.12,5.53,True
1c31c32d-80c1-410c-a3bf-190d0c851ecd,Restaurant 1761,Philadelphia,OH,Pizza,5,Elite,2024-09-01,Monday,1,1.0,0.0,1.0,1.0,17.0,17.0,21.81,21.81,5.74,True
88a24757-080c-458f-bb67-37f8ee7ce9de,Restaurant 1765,Philadelphia,OH,Italian,5,Elite,2023-06-01,Tuesday,1,1.0,0.0,1.0,1.0,35.0,35.0,22.95,22.95,4.2,True
0f04faf4-392e-452d-b9ce-ec184e8cf520,Restaurant 1774,Philadelphia,OH,Italian,5,Elite,2023-09-01,Saturday,1,1.0,0.0,1.0,0.0,56.0,56.0,8.0,8.0,1.93,True
f596883b-faf0-418c-812d-89fa7f03a979,Restaurant 1778,Philadelphia,OH,Mexican,5,Elite,2023-02-01,Tuesday,1,1.0,0.0,1.0,1.0,54.0,54.0,44.34,44.34,1.37,True
5d398ccd-65c5-41fd-be43-75cff44cc60c,Restaurant 1792,Philadelphia,OH,Sushi,5,Elite,2022-06-01,Thursday,1,1.0,0.0,1.0,1.0,21.0,21.0,34.89,34.89,1.7,True
62bedf81-0241-465c-9ca8-c7f7a1daa4fc,Restaurant 1801,Philadelphia,OH,Mexican,5,Elite,2024-03-01,Sunday,1,1.0,0.0,1.0,0.0,34.0,34.0,8.0,8.0,6.7,True
00739be5-dea4-456e-bc21-eb5f1750ede5,Restaurant 1806,Philadelphia,OH,Sushi,5,Elite,2022-03-01,Saturday,1,1.0,0.0,1.0,1.0,49.0,49.0,55.06,55.06,7.86,True
4f5cc927-93b0-4243-b15a-eaa0348879b2,Restaurant 1817,Philadelphia,OH,Burgers,5,Elite,2023-01-01,Thursday,1,1.0,0.0,1.0,1.0,10.0,10.0,41.08,41.08,4.2,True
b0208c23-6bb2-4f10-89bd-a40a8ca59d8f,Restaurant 1820,Philadelphia,OH,Mexican,5,Elite,2024-03-01,Saturday,1,0.0,1.0,0.0,,,,44.78,44.78,5.62,True
9b3a55a1-63c6-4834-8600-c347beb4e796,Restaurant 1822,Philadelphia,OH,Mexican,5,Elite,2024-02-01,Friday,1,1.0,0.0,1.0,1.0,22.0,22.0,34.65,34.65,7.25,True
7fcf8176-aea3-4776-adee-69b64556a1c9,Restaurant 1828,Philadelphia,OH,Chinese,5,Elite,2022-02-01,Friday,1,1.0,0.0,1.0,0.0,37.0,37.0,36.0,36.0,3.51,True
e1a263b5-5bb8-442b-9a1c-5b65094dc2d2,Restaurant 1833,Philadelphia,OH,Coffee & Tea,5,Elite,2023-04-01,Thursday,1,1.0,0.0,1.0,0.0,40.0,40.0,13.47,13.47,6.38,True
5fb4184a-f204-4ed7-952f-e1705bc34999,Restaurant 1835,Philadelphia,OH,Pizza,5,Elite,2022-11-01,Wednesday,1,1.0,0.0,1.0,1.0,41.0,41.0,23.86,23.86,5.78,True
ea05cafe-8dae-47ac-aef4-e1ac966bd56b,Restaurant 1865,Philadelphia,OH,Pizza,5,Elite,2022-03-01,Sunday,1,1.0,0.0,1.0,1.0,33.0,33.0,23.57,23.57,3.78,True
20fe51e7-264a-4a97-ad88-a3de5a83f085,Restaurant 1872,Philadelphia,OH,Burgers,5,Elite,2022-04-01,Sunday,1,1.0,0.0,1.0,1.0,52.0,52.0,9.5,9.5,2.49,True
8c040945-0167-4512-8953-ec9ffda21a28,Restaurant 1881,Philadelphia,OH,Burgers,5,Elite,2023-06-01,Monday,1,1.0,0.0,1.0,1.0,35.0,35.0,38.02,38.02,4.88,True
94c8c57b-85b1-461d-9f3b-f9f7394d3f01,Restaurant 1885,Philadelphia,OH,Thai,5,Elite,2022-01-01,Wednesday,1,1.0,0.0,1.0,1.0,36.0,36.0,61.09,61.09,5.17,True
04505466-972b-4b61-8a86-210ff30780ea,Restaurant 1891,Philadelphia,OH,Sushi,5,Elite,2024-05-01,Tuesday,1,1.0,0.0,1.0,1.0,39.0,39.0,50.65,50.65,1.76,True
3fdd1b04-203e-4514-b47e-bb93a608ee5e,Restaurant 1892,Philadelphia,OH,Chinese,5,Elite,2022-06-01,Thursday,1,1.0,0.0,1.0,1.0,29.0,29.0,35.48,35.48,4.44,True
9cc8add9-ff58-4679-85c2-22952f6415c3,Restaurant 1893,Philadelphia,OH,Coffee & Tea,5,Elite,2022-07-01,Friday,1,1.0,0.0,1.0,1.0,31.0,31.0,25.61,25.61,6.95,True
44134217-4d9a-4a8d-983c-83b996a6889a,Restaurant 1895,Philadelphia,OH,Burgers,5,Elite,2023-04-01,Tuesday,1,1.0,0.0,1.0,1.0,39.0,39.0,17.65,17.65,3.61,True
87c0b411-61a9-4921-ace6-94942ade1247,Restaurant 1902,Philadelphia,OH,Thai,5,Elite,2023-01-01,Saturday,1,1.0,0.0,1.0,1.0,28.0,28.0,8.72,8.72,4.97,True
ca29c0aa-a384-421d-9bb9-dd5ed6e8d119,Restaurant 1912,Philadelphia,OH,Seafood,5,Elite,2024-04-01,Monday,1,1.0,0.0,1.0,1.0,10.0,10.0,23.23,23.23,1.55,True
b1d30481-faed-42a5-967f-741c22e03a08,Restaurant 1916,Philadelphia,OH,Pizza,5,Elite,2023-09-01,Wednesday,1,1.0,0.0,1.0,1.0,37.0,37.0,28.34,28.34,6.03,True
049b0394-ee69-4d8f-9833-ec17813f663f,Restaurant 1917,Philadelphia,OH,Chinese,5,Elite,2022-12-01,Thursday,1,1.0,0.0,1.0,1.0,18.0,18.0,25.97,25.97,4.78,True
0be9c604-0c7c-4609-b283-a637cfc9a60c,Restaurant 1929,Philadelphia,OH,Italian,5,Elite,2023-05-01,Wednesday,1,1.0,0.0,1.0,1.0,40.0,40.0,37.99,37.99,4.13,True
7758ca70-135b-425f-a5d3-e585a907b809,Restaurant 1949,Philadelphia,OH,Italian,5,Elite,2023-02-01,Sunday,1,1.0,0.0,1.0,0.0,39.0,39.0,29.82,29.82,6.15,True
d408e080-06dc-4b14-b0ae-76b07c534583,Restaurant 1965,Philadelphia,OH,Seafood,5,Elite,2023-04-01,Friday,1,1.0,0.0,1.0,1.0,46.0,46.0,33.25,33.25,7.65,True
e731b143-8488-4edf-90fc-d364640b45c7,Restaurant 1974,Philadelphia,OH,American (New),5,Elite,2023-12-01,Wednesday,1,0.0,1.0,0.0,,,,8.0,8.0,3.15,True
2aa154f1-313e-40bc-a2ec-cfda546db534,Restaurant 1983,Philadelphia,OH,American (New),5,Elite,2023-08-01,Sunday,1,1.0,0.0,1.0,1.0,24.0,24.0,36.51,36.51,5.0,True
2bd1c419-623d-4538-a0b6-8dd2eeee934b,Restaurant 1984,Philadelphia,OH,Coffee & Tea,5,Elite,2023-08-01,Wednesday,1,1.0,0.0,1.0,0.0,35.0,35.0,17.45,17.45,4.17,True
4b782209-9c16-478c-a37a-049d2e528cd1,Restaurant 5,Philadelphia,FL,Mexican,1,Low,2022-03-01,Monday,1,1.0,0.0,1.0,0.0,48.0,48.0,28.17,28.17,6.33,True
d46bbae2-8cd7-41d3-8bb0-e0d8b59a42e2,Restaurant 15,Philadelphia,FL,Seafood,1,Low,2024-10-01,Wednesday,1,1.0,0.0,1.0,0.0,49.0,49.0,16.39,16.39,4.64,True
aff2a139-3654-4967-8aab-24cf791bdd24,Restaurant 28,Philadelphia,FL,Pizza,1,Low,2024-07-01,Sunday,1,1.0,0.0,1.0,1.0,35.0,35.0,39.45,39.45,2.77,True
85fbfadb-f753-46f4-9d64-14dcf96bbb65,Restaurant 35,Philadelphia,FL,Sushi,1,Low,2022-04-01,Wednesday,1,1.0,0.0,1.0,1.0,11.0,11.0,8.0,8.0,2.76,True
c97938a0-c6c2-4526-863f-5708c0e5b5db,Restaurant 36,Philadelphia,FL,Seafood,1,Low,2023-10-01,Tuesday,1,1.0,0.0,1.0,1.0,20.0,20.0,26.1,26.1,2.13,True
31b5190f-45b2-4e06-bed3-a05a02397769,Restaurant 62,Philadelphia,FL,Thai,1,Low,2023-05-01,Monday,1,1.0,0.0,1.0,0.0,38.0,38.0,15.0,15.0,6.8,True
2d93e075-4b1e-46ab-a9a4-f72edb669bb8,Restaurant 65,Philadelphia,FL,Sushi,1,Low,2023-05-01,Friday,1,1.0,0.0,1.0,1.0,22.0,22.0,34.76,34.76,1.57,True
e9a3df21-8011-497d-923f-1cbdedc634b4,Restaurant 78,Philadelphia,FL,Mexican,1,Low,2024-11-01,Saturday,1,1.0,0.0,1.0,0.0,29.0,29.0,30.58,30.58,7.98,True
3e5d7b45-b4f6-4f80-8176-d54317a12259,Restaurant 85,Philadelphia,FL,Mexican,1,Low,2023-08-01,Thursday,1,1.0,0.0,1.0,1.0,35.0,35.0,19.99,19.99,5.36,True
a0483908-25a0-4bd2-9a0d-e81a36848b38,Restaurant 86,Philadelphia,FL,Pizza,1,Low,2022-11-01,Thursday,1,1.0,0.0,1.0,1.0,31.0,31.0,36.17,36.17,1.58,True
c2746625-af35-480f-8aa5-34b3462680ce,Restaurant 88,Philadelphia,FL,American (New),1,Low,2023-03-01,Thursday,1,1.0,0.0,1.0,0.0,60.0,60.0,36.22,36.22,3.65,True
48a3bf8c-fe92-4af6-b662-f239412abc6e,Restaurant 102,Philadelphia,FL,Chinese,1,Low,2024-09-01,Tuesday,1,1.0,0.0,1.0,0.0,35.0,35.0,38.75,38.75,2.43,True
426965f4-56dc-4ccc-ba66-0d84aff3671f,Restaurant 112,Philadelphia,FL,Sushi,1,Low,2023-05-01,Sunday,1,0.0,1.0,0.0,,,,22.71,22.71,5.28,True
37628110-53d8-4bc8-a9d6-91fdfbdab9b3,Restaurant 121,Philadelphia,FL,Coffee & Tea,1,Low,2023-10-01,Wednesday,1,0.0,1.0,0.0,,,,45.45,45.45,2.81,True
b41f1f3d-86c1-4582-b300-6f2e629c1d68,Restaurant 131,Philadelphia,FL,Coffee & Tea,1,Low,2022-03-01,Monday,1,1.0,0.0,1.0,1.0,19.0,19.0,72.69,72.69,7.52,True
c68c5373-ace0-4248-9b6c-d11f9a728a46,Restaurant 135,Philadelphia,FL,Burgers,1,Low,2022-02-01,Friday,1,1.0,0.0,1.0,1.0,25.0,25.0,29.58,29.58,2.31,True
a89041ac-d1d7-458f-b7c4-34e91ba40518,Restaurant 137,Philadelphia,FL,Sushi,1,Low,2022-10-01,Friday,1,1.0,0.0,1.0,1.0,34.0,34.0,29.35,29.35,5.51,True
871141a2-08ec-4c5b-b97a-403c484aa3a0,Restaurant 148,Philadelphia,FL,Pizza,1,Low,2024-06-01,Tuesday,1,1.0,0.0,1.0,1.0,20.0,20.0,37.8,37.8,5.13,True
b1d937af-7773-4429-88e7-a72d04dc1b8e,Restaurant 186,Philadelphia,FL,Chinese,1,Low,2024-01-01,Sunday,1,1.0,0.0,1.0,0.0,48.0,48.0,39.98,39.98,5.87,True
32963aaa-f3d9-478b-a170-8f13fe73a2ba,Restaurant 195,Philadelphia,FL,Sushi,1,Low,2022-06-01,Friday,1,1.0,0.0,1.0,0.0,44.0,44.0,33.07,33.07,5.93,True
470fe510-c7ec-4191-b70d-77bbcc89260f,Restaurant 211,Philadelphia,FL,Sushi,1,Low,2024-04-01,Monday,1,1.0,0.0,1.0,1.0,10.0,10.0,17.09,17.09,7.83,True
8870180c-8fb4-4e16-a709-fc8fc66341b0,Restaurant 225,Philadelphia,FL,Coffee & Tea,1,Low,2023-09-01,Monday,1,1.0,0.0,1.0,0.0,40.0,40.0,20.15,20.15,6.87,True
caee2cf1-dc31-4f24-995e-e658c409237e,Restaurant 238,Philadelphia,FL,Italian,1,Low,2023-10-01,Saturday,1,1.0,0.0,1.0,1.0,30.0,30.0,75.34,75.34,6.95,True
9e77426a-f99d-4e5a-a3fa-8b6fc17ba243,Restaurant 245,Philadelphia,FL,Pizza,1,Low,2023-05-01,Thursday,1,1.0,0.0,1.0,0.0,48.0,48.0,23.42,23.42,4.75,True
a88afc7e-0cac-457d-be98-bdb5474e37a9,Restaurant 261,Philadelphia,FL,Seafood,1,Low,2022-08-01,Tuesday,1,1.0,0.0,1.0,0.0,46.0,46.0,33.28,33.28,5.97,True
288d2f9b-9d2c-487b-a31a-1bb0c1877fd6,Restaurant 272,Philadelphia,FL,Seafood,1,Low,2024-03-01,Friday,1,1.0,0.0,1.0,1.0,30.0,30.0,13.08,13.08,1.84,True
edb795f2-99fa-41ec-ae8c-f7e5c26f025a,Restaurant 280,Philadelphia,FL,Seafood,1,Low,2022-08-01,Saturday,1,1.0,0.0,1.0,1.0,38.0,38.0,18.41,18.41,6.67,True
5bb9c93a-9812-4406-b344-50656fe14af5,Restaurant 287,Philadelphia,FL,Coffee & Tea,1,Low,2023-10-01,Saturday,1,1.0,0.0,1.0,0.0,54.0,54.0,22.2,22.2,3.17,True
3b71d12e-8a83-4316-bb97-de36877b4f00,Restaurant 297,Philadelphia,FL,Burgers,1,Low,2023-07-01,Thursday,1,1.0,0.0,1.0,1.0,49.0,49.0,10.38,10.38,2.79,True
d6b12b3c-b02d-437b-ada6-1555b74a18d7,Restaurant 304,Philadelphia,FL,Chinese,1,Low,2024-10-01,Friday,1,1.0,0.0,1.0,0.0,46.0,46.0,8.0,8.0,1.17,True
0c48462c-2d39-415b-872f-ab8c637b5739,Restaurant 313,Philadelphia,FL,Burgers,1,Low,2022-10-01,Friday,1,1.0,0.0,1.0,0.0,52.0,52.0,29.05,29.05,6.38,True
0df0a013-135b-442b-9e5e-35d2db23196b,Restaurant 317,Philadelphia,FL,Pizza,1,Low,2023-05-01,Thursday,1,1.0,0.0,1.0,1.0,10.0,10.0,23.61,23.61,7.42,True
4b31eab3-2264-4fcf-8bff-491518216981,Restaurant 319,Philadelphia,FL,Chinese,1,Low,2022-02-01,Friday,1,1.0,0.0,1.0,1.0,19.0,19.0,31.44,31.44,6.98,True
54d322c7-569a-4273-839b-4e1d6a4085bd,Restaurant 324,Philadelphia,FL,Sushi,1,Low,2024-05-01,Sunday,1,1.0,0.0,1.0,1.0,19.0,19.0,53.27,53.27,1.09,True
5f7bb3d6-030c-4b86-8d36-01e51dbd226d,Restaurant 337,Philadelphia,FL,Burgers,1,Low,2024-12-01,Thursday,1,0.0,1.0,0.0,,,,42.31,42.31,1.8,True
16b27334-25fd-4172-ab5c-8744141dc4e5,Restaurant 347,Philadelphia,FL,Seafood,1,Low,2022-05-01,Monday,1,1.0,0.0,1.0,0.0,31.0,31.0,32.67,32.67,5.74,True
b8436708-7752-4b82-a942-fedc2b1f7e88,Restaurant 353,Philadelphia,FL,Italian,1,Low,2023-06-01,Friday,1,1.0,0.0,1.0,1.0,34.0,34.0,32.03,32.03,4.71,True
d49aff6c-5352-4ffd-8a3e-99b3fd95fe19,Restaurant 363,Philadelphia,FL,Burgers,1,Low,2023-10-01,Monday,1,1.0,0.0,1.0,1.0,31.0,31.0,53.24,53.24,3.39,True
a48fcbad-54a5-4401-8da6-b971eceacf01,Restaurant 370,Philadelphia,FL,Pizza,1,Low,2022-10-01,Monday,1,1.0,0.0,1.0,1.0,30.0,30.0,27.16,27.16,6.2,True
c7df6bcc-3ca0-4018-a526-e6b811b36fe5,Restaurant 387,Philadelphia,FL,Thai,1,Low,2022-01-01,Wednesday,1,1.0,0.0,1.0,1.0,39.0,39.0,8.0,8.0,3.14,True
5107cead-4e26-4481-9b12-ab6082d54ef5,Restaurant 410,Philadelphia,FL,American (New),2,Below Average,2024-06-01,Wednesday,1,1.0,0.0,1.0,0.0,51.0,51.0,21.27,21.27,2.44,True
29cfa68f-6c67-4124-bb7a-bc09beb52b88,Restaurant 423,Philadelphia,FL,Burgers,2,Below Average,2024-04-01,Sunday,1,1.0,0.0,1.0,1.0,50.0,50.0,55.13,55.13,6.48,True
1ddbd19a-c829-47f1-9fe8-4961aa8096e4,Restaurant 429,Philadelphia,FL,Chinese,2,Below Average,2023-02-01,Tuesday,1,1.0,0.0,1.0,0.0,43.0,43.0,55.71,55.71,3.67,True
67652639-884c-479b-88cb-f9c3448a7104,Restaurant 430,Philadelphia,FL,Mexican,2,Below Average,2023-06-01,Wednesday,1,1.0,0.0,1.0,0.0,48.0,48.0,17.01,17.01,1.27,True
6e93963b-12b4-4856-a6a4-15e444bdf9e9,Restaurant 452,Philadelphia,FL,Burgers,2,Below Average,2024-02-01,Tuesday,1,1.0,0.0,1.0,0.0,39.0,39.0,18.05,18.05,2.08,True
c311f7e2-be57-4b8e-88df-ba66eb724714,Restaurant 457,Philadelphia,FL,Chinese,2,Below Average,2024-08-01,Tuesday,1,0.0,1.0,0.0,,,,13.82,13.82,2.07,True
08f054c8-b6cf-466e-bc33-54edc39ed3aa,Restaurant 470,Philadelphia,FL,Sushi,2,Below Average,2022-11-01,Monday,1,1.0,0.0,1.0,1.0,23.0,23.0,15.2,15.2,7.34,True
0ea0a782-67ec-4af6-919e-3cd79a0b6ae6,Restaurant 473,Philadelphia,FL,Burgers,2,Below Average,2022-09-01,Friday,1,1.0,0.0,1.0,1.0,45.0,45.0,14.51,14.51,1.98,True
48a42d3b-cbd2-439a-b8d5-153559390b2a,Restaurant 486,Philadelphia,FL,Seafood,2,Below Average,2023-09-01,Thursday,1,1.0,0.0,1.0,1.0,23.0,23.0,31.03,31.03,5.11,True
5374ef1f-6d5a-42ed-b44e-369f47157dbc,Restaurant 499,Philadelphia,FL,Mexican,2,Below Average,2022-07-01,Saturday,1,1.0,0.0,1.0,1.0,18.0,18.0,35.54,35.54,6.37,True
32ee6e67-67fa-48f6-91e7-5b752a0055e8,Restaurant 506,Philadelphia,FL,Italian,2,Below Average,2024-11-01,Saturday,1,1.0,0.0,1.0,1.0,39.0,39.0,45.34,45.34,5.1,True
7eb2e875-6d50-4434-9df4-987192764d00,Restaurant 553,Philadelphia,FL,Coffee & Tea,2,Below Average,2022-04-01,Thursday,1,1.0,0.0,1.0,1.0,25.0,25.0,19.45,19.45,5.18,True
f1a51841-7cc3-4c64-9822-d0a766056c84,Restaurant 554,Philadelphia,FL,Thai,2,Below Average,2023-10-01,Saturday,1,0.0,1.0,0.0,,,,22.92,22.92,1.22,True
2644c083-b44d-4ffe-880c-2227ef7fe5b6,Restaurant 555,Philadelphia,FL,Thai,2,Below Average,2024-06-01,Tuesday,1,0.0,1.0,0.0,,,,28.68,28.68,2.85,True
b99421b7-97ac-453a-9202-d5a6b958bc06,Restaurant 561,Philadelphia,FL,Burgers,2,Below Average,2024-09-01,Friday,1,1.0,0.0,1.0,0.0,42.0,42.0,15.64,15.64,7.52,True
b82f826d-671d-4b56-b408-334f48d5a906,Restaurant 587,Philadelphia,FL,Thai,2,Below Average,2023-02-01,Tuesday,1,1.0,0.0,1.0,1.0,14.0,14.0,13.84,13.84,3.32,True
a6c9deb2-096e-4d4b-a0ea-a3bdb724ad19,Restaurant 596,Philadelphia,FL,American (New),2,Below Average,2024-08-01,Sunday,1,1.0,0.0,1.0,1.0,22.0,22.0,8.0,8.0,1.1,True
882cf720-a755-4c50-89e4-94debbf8c49e,Restaurant 597,Philadelphia,FL,Seafood,2,Below Average,2024-08-01,Sunday,1,1.0,0.0,1.0,1.0,24.0,24.0,45.43,45.43,4.26,True
e1ec6aee-4e99-48c9-987d-4254f9d49021,Restaurant 635,Philadelphia,FL,Burgers,2,Below Average,2023-12-01,Saturday,1,1.0,0.0,1.0,1.0,35.0,35.0,57.51,57.51,3.43,True
e90b94a3-13eb-4523-8ff6-fc8f7baf176b,Restaurant 647,Philadelphia,FL,Thai,2,Below Average,2024-06-01,Tuesday,1,1.0,0.0,1.0,1.0,36.0,36.0,28.83,28.83,1.29,True
df059262-01c0-434e-aaee-5ca1f3925473,Restaurant 649,Philadelphia,FL,Italian,2,Below Average,2022-07-01,Friday,1,1.0,0.0,1.0,1.0,32.0,32.0,18.2,18.2,1.9,True
451c899b-e4ff-4230-9b59-530cbc863dcf,Restaurant 675,Philadelphia,FL,Pizza,2,Below Average,2024-01-01,Tuesday,1,1.0,0.0,1.0,1.0,28.0,28.0,8.0,8.0,6.81,True
cb7017d1-cb27-4e03-be39-d64479094a13,Restaurant 683,Philadelphia,FL,Chinese,2,Below Average,2024-10-01,Wednesday,1,1.0,0.0,1.0,1.0,43.0,43.0,19.86,19.86,5.31,True
75a0f3dd-5d50-403f-a91f-2ef79f8221ab,Restaurant 714,Philadelphia,FL,Thai,2,Below Average,2024-07-01,Monday,1,1.0,0.0,1.0,1.0,40.0,40.0,37.01,37.01,2.97,True
153c719e-0fc7-45b4-b0ef-33049a5574d8,Restaurant 722,Philadelphia,FL,Sushi,2,Below Average,2024-06-01,Thursday,1,1.0,0.0,1.0,1.0,40.0,40.0,19.12,19.12,5.27,True
89683983-57fe-4ad7-9984-d0a8555ae1dc,Restaurant 730,Philadelphia,FL,American (New),2,Below Average,2023-08-01,Saturday,1,1.0,0.0,1.0,0.0,66.0,66.0,36.83,36.83,3.54,True
3e086e0f-8678-4ed5-bd82-ae0fbad00dc7,Restaurant 737,Philadelphia,FL,Burgers,2,Below Average,2023-12-01,Friday,1,1.0,0.0,1.0,1.0,37.0,37.0,32.07,32.07,7.9,True
8fbd8b12-c1f1-4dc4-a5c6-76b6b54e0f02,Restaurant 758,Philadelphia,FL,Seafood,2,Below Average,2022-05-01,Thursday,1,0.0,1.0,0.0,,,,55.92,55.92,1.99,True
6a255229-2c22-4b92-99d5-8689a34de3e7,Restaurant 759,Philadelphia,FL,Italian,2,Below Average,2022-04-01,Friday,1,1.0,0.0,1.0,1.0,41.0,41.0,27.41,27.41,5.28,True
ba635572-003c-4c78-8e49-b10d37d3cb89,Restaurant 772,Philadelphia,FL,Sushi,2,Below Average,2024-12-01,Sunday,1,1.0,0.0,1.0,1.0,49.0,49.0,8.0,8.0,1.98,True
4ed6a0c8-c53c-4d87-a2af-4d03ad82e15f,Restaurant 778,Philadelphia,FL,Pizza,2,Below Average,2024-12-01,Friday,1,0.0,1.0,0.0,,,,8.0,8.0,3.38,True
a602153a-1696-4c45-9792-1a1e5ac582f0,Restaurant 786,Philadelphia,FL,Pizza,2,Below Average,2023-11-01,Wednesday,1,1.0,0.0,1.0,1.0,17.0,17.0,20.8,20.8,2.77,True
f4b54708-3355-473d-9155-a4c44884c383,Restaurant 793,Philadelphia,FL,Thai,2,Below Average,2024-05-01,Tuesday,1,1.0,0.0,1.0,1.0,38.0,38.0,31.83,31.83,3.9,True
208d49b0-9b46-4c66-a884-61c3f1bcd260,Restaurant 799,Philadelphia,FL,Sushi,2,Below Average,2024-02-01,Tuesday,1,1.0,0.0,1.0,0.0,63.0,63.0,46.27,46.27,7.92,True
549c38b2-ee9d-470a-91c1-10e68036f457,Restaurant 807,Philadelphia,FL,Pizza,3,Average,2022-04-01,Monday,1,1.0,0.0,1.0,0.0,30.0,30.0,46.58,46.58,6.35,True
f887440b-e860-48ef-8d6b-a8c8282c987a,Restaurant 813,Philadelphia,FL,Pizza,3,Average,2024-03-01,Sunday,1,1.0,0.0,1.0,0.0,62.0,62.0,37.89,37.89,6.01,True
5827d9c9-b0da-40a3-b4a5-9eaa5cb16e23,Restaurant 831,Philadelphia,FL,Italian,3,Average,2024-01-01,Wednesday,1,1.0,0.0,1.0,1.0,23.0,23.0,21.72,21.72,1.04,True
764fe58e-7af2-445f-b3be-68a8d8c39bcb,Restaurant 834,Philadelphia,FL,Burgers,3,Average,2023-05-01,Thursday,1,1.0,0.0,1.0,0.0,54.0,54.0,46.38,46.38,3.16,True
e454eb97-b31b-4f23-9ebd-05ac8cb94671,Restaurant 843,Philadelphia,FL,Sushi,3,Average,2024-01-01,Monday,1,1.0,0.0,1.0,1.0,39.0,39.0,77.23,77.23,5.23,True
81a3cfc5-b420-4612-ac89-4a54c17c9c56,Restaurant 844,Philadelphia,FL,Mexican,3,Average,2024-08-01,Thursday,1,1.0,0.0,1.0,1.0,41.0,41.0,21.73,21.73,5.65,True
8c699351-000e-49e1-88ad-735794c14f4d,Restaurant 846,Philadelphia,FL,Coffee & Tea,3,Average,2022-05-01,Sunday,1,1.0,0.0,1.0,1.0,29.0,29.0,37.93,37.93,3.54,True
0fa65205-8c5d-4ada-90b9-010a4535388a,Restaurant 883,Philadelphia,FL,Pizza,3,Average,2024-11-01,Saturday,1,1.0,0.0,1.0,1.0,29.0,29.0,22.52,22.52,5.89,True
c579ff1e-293a-4223-95d5-88ace5c735ab,Restaurant 886,Philadelphia,FL,Sushi,3,Average,2024-05-01,Friday,1,1.0,0.0,1.0,1.0,24.0,24.0,8.0,8.0,6.26,True
2bb317e7-e091-4fe6-be2d-9fdb45841469,Restaurant 893,Philadelphia,FL,Pizza,3,Average,2023-02-01,Monday,1,1.0,0.0,1.0,1.0,36.0,36.0,25.4,25.4,3.89,True
d7a6ac5b-76e7-49a8-8b22-96ecc6d87db8,Restaurant 894,Philadelphia,FL,Sushi,3,Average,2024-09-01,Saturday,1,1.0,0.0,1.0,1.0,12.0,12.0,38.02,38.02,5.68,True
a35b7abf-877c-47de-9fb8-4e4f6a5feb7c,Restaurant 908,Philadelphia,FL,Italian,3,Average,2024-03-01,Thursday,1,1.0,0.0,1.0,1.0,34.0,34.0,30.45,30.45,6.92,True
4a789bba-853f-45f5-9726-4e9ea0b6e79f,Restaurant 921,Philadelphia,FL,Sushi,3,Average,2023-12-01,Wednesday,1,1.0,0.0,1.0,0.0,63.0,63.0,23.36,23.36,3.26,True
e0fb9dda-b0fd-498c-9787-dfb038d347ec,Restaurant 937,Philadelphia,FL,Pizza,3,Average,2023-08-01,Thursday,1,1.0,0.0,1.0,0.0,40.0,40.0,55.01,55.01,6.23,True
a1cbc2ea-701a-4784-9451-680b5e0c6c17,Restaurant 944,Philadelphia,FL,Thai,3,Average,2024-12-01,Tuesday,1,1.0,0.0,1.0,0.0,43.0,43.0,35.18,35.18,1.1,True
39dbf42d-5be8-41ad-b8b7-768972c49056,Restaurant 999,Philadelphia,FL,Italian,3,Average,2023-02-01,Wednesday,1,1.0,0.0,1.0,1.0,25.0,25.0,43.54,43.54,4.63,True
3ef40cb0-c26a-48d6-8f9f-68c9749de4d9,Restaurant 1030,Philadelphia,FL,Thai,3,Average,2023-08-01,Saturday,1,1.0,0.0,1.0,1.0,36.0,36.0,15.93,15.93,1.94,True
cdb01ba2-c25b-46e3-a648-5cb901536f9f,Restaurant 1034,Philadelphia,FL,Italian,3,Average,2023-10-01,Wednesday,1,1.0,0.0,1.0,1.0,26.0,26.0,27.46,27.46,4.61,True
ea297aba-e0df-4f34-b9ca-66bc775e088d,Restaurant 1037,Philadelphia,FL,Chinese,3,Average,2022-09-01,Sunday,1,1.0,0.0,1.0,1.0,34.0,34.0,21.65,21.65,7.06,True
c90e0001-dec8-4c3a-baf7-0a7824246891,Restaurant 1055,Philadelphia,FL,Burgers,3,Average,2024-05-01,Sunday,1,1.0,0.0,1.0,1.0,40.0,40.0,18.15,18.15,3.65,True
d9d30fd4-5078-41a9-ae8e-7c63165001cc,Restaurant 1073,Philadelphia,FL,American (New),3,Average,2024-03-01,Tuesday,1,1.0,0.0,1.0,1.0,10.0,10.0,11.05,11.05,4.62,True
6c1e69b9-bebc-4c00-9051-fde5e0e1a429,Restaurant 1091,Philadelphia,FL,Coffee & Tea,3,Average,2024-01-01,Monday,1,1.0,0.0,1.0,1.0,14.0,14.0,23.95,23.95,6.37,True
13215552-218d-449a-8f4e-2a9073b62b1b,Restaurant 1112,Philadelphia,FL,Sushi,3,Average,2024-10-01,Sunday,1,1.0,0.0,1.0,1.0,10.0,10.0,30.31,30.31,7.36,True
11271a62-373e-4b32-9a19-1030b784d989,Restaurant 1120,Philadelphia,FL,Thai,3,Average,2023-06-01,Sunday,1,1.0,0.0,1.0,1.0,27.0,27.0,43.45,43.45,4.27,True
34555eeb-5990-4e9d-a876-c79a0263a3e7,Restaurant 1122,Philadelphia,FL,Chinese,3,Average,2023-04-01,Sunday,1,1.0,0.0,1.0,1.0,30.0,30.0,19.91,19.91,6.58,True
db2bd29f-69b0-4992-adaf-cd163319a3fd,Restaurant 1134,Philadelphia,FL,Seafood,3,Average,2022-08-01,Wednesday,1,1.0,0.0,1.0,1.0,43.0,43.0,47.95,47.95,2.43,True
4312c2ac-889b-41a0-819e-abcab6fe4b8e,Restaurant 1137,Philadelphia,FL,Italian,3,Average,2023-08-01,Monday,1,1.0,0.0,1.0,1.0,31.0,31.0,21.94,21.94,3.64,True
047e4398-60d7-4fd8-aa6f-5b12eb7704a9,Restaurant 1140,Philadelphia,FL,Chinese,3,Average,2024-11-01,Friday,1,1.0,0.0,1.0,1.0,20.0,20.0,24.84,24.84,2.16,True
0111a2d0-836e-4645-af9e-cb95f968398a,Restaurant 1190,Philadelphia,FL,Burgers,3,Average,2022-06-01,Monday,1,1.0,0.0,1.0,0.0,59.0,59.0,21.62,21.62,5.17,True
9f517980-1a5d-47ef-bab6-b81307cd170a,Restaurant 1191,Philadelphia,FL,Chinese,3,Average,2023-09-01,Saturday,1,1.0,0.0,1.0,1.0,41.0,41.0,39.15,39.15,7.77,True
a1fc7ab1-a46d-4922-a458-08cf122abb7c,Restaurant 1201,Philadelphia,FL,Coffee & Tea,4,Strong,2024-07-01,Wednesday,1,1.0,0.0,1.0,0.0,34.0,34.0,16.33,16.33,5.54,True
90218675-5376-43e2-8431-b834fd1263af,Restaurant 1205,Philadelphia,FL,Thai,4,Strong,2023-04-01,Monday,1,1.0,0.0,1.0,0.0,59.0,59.0,43.92,43.92,3.92,True
9b3b98f1-ac7d-4c04-bc64-5bc1d8fda416,Restaurant 1219,Philadelphia,FL,Pizza,4,Strong,2024-06-01,Sunday,1,1.0,0.0,1.0,0.0,46.0,46.0,8.92,8.92,2.11,True
3ad7b5ec-0b59-4e8a-b07f-a1c22ea7242b,Restaurant 1237,Philadelphia,FL,Mexican,4,Strong,2024-01-01,Thursday,1,1.0,0.0,1.0,0.0,31.0,31.0,28.3,28.3,2.66,True
f4a7fd62-81da-4d82-935b-1479d26d6b51,Restaurant 1250,Philadelphia,FL,Burgers,4,Strong,2024-07-01,Saturday,1,1.0,0.0,1.0,0.0,50.0,50.0,8.0,8.0,1.3,True
7df9f445-e37b-4d08-bfe8-d24aa32e5cbc,Restaurant 1255,Philadelphia,FL,Seafood,4,Strong,2024-10-01,Tuesday,1,1.0,0.0,1.0,1.0,23.0,23.0,29.29,29.29,2.22,True
9b90b1a9-c571-443b-9d73-e81c1adf9bc4,Restaurant 1269,Philadelphia,FL,Pizza,4,Strong,2022-12-01,Monday,1,1.0,0.0,1.0,1.0,21.0,21.0,15.11,15.11,5.57,True
82310495-df35-4311-9a38-4b263b20a636,Restaurant 1280,Philadelphia,FL,Pizza,4,Strong,2024-05-01,Thursday,1,1.0,0.0,1.0,1.0,21.0,21.0,15.24,15.24,0.99,True
d3b4d713-fe6a-42d2-acd3-6c5f9e2898fb,Restaurant 1294,Philadelphia,FL,Mexican,4,Strong,2024-05-01,Friday,1,1.0,0.0,1.0,0.0,53.0,53.0,20.5,20.5,7.58,True
18842fb1-e4d5-4217-a02d-aa648ecfe758,Restaurant 1319,Philadelphia,FL,Sushi,4,Strong,2022-01-01,Tuesday,1,1.0,0.0,1.0,1.0,25.0,25.0,21.48,21.48,3.77,True
255cacbc-32c5-46fd-9212-94b42cc0f927,Restaurant 1324,Philadelphia,FL,Burgers,4,Strong,2022-11-01,Tuesday,1,1.0,0.0,1.0,1.0,46.0,46.0,60.67,60.67,7.65,True
a2533c2d-c9e2-4a8e-a1be-6c8753c88f7a,Restaurant 1331,Philadelphia,FL,Coffee & Tea,4,Strong,2023-06-01,Monday,1,1.0,0.0,1.0,1.0,47.0,47.0,30.83,30.83,3.72,True
c9b59ebc-29cc-4da3-a377-28b6430bbfd1,Restaurant 1333,Philadelphia,FL,Italian,4,Strong,2023-12-01,Thursday,1,1.0,0.0,1.0,1.0,10.0,10.0,35.67,35.67,2.88,True
ce4b693c-7d4a-4bf2-ac47-536b315e6430,Restaurant 1344,Philadelphia,FL,Burgers,4,Strong,2023-10-01,Wednesday,1,1.0,0.0,1.0,1.0,35.0,35.0,15.91,15.91,2.09,True
dd76ea3f-771c-4693-8ede-c59c1f02903a,Restaurant 1350,Philadelphia,FL,Mexican,4,Strong,2023-05-01,Friday,1,1.0,0.0,1.0,1.0,18.0,18.0,44.25,44.25,3.4,True
6ad7ce01-4de8-47a6-82b0-f4a8fb6685d7,Restaurant 1361,Philadelphia,FL,Sushi,4,Strong,2024-01-01,Saturday,1,1.0,0.0,1.0,1.0,39.0,39.0,31.24,31.24,3.74,True
ee63b244-3380-4f3e-8863-a14b28f3db4e,Restaurant 1366,Philadelphia,FL,Coffee & Tea,4,Strong,2024-03-01,Sunday,1,1.0,0.0,1.0,0.0,50.0,50.0,11.43,11.43,2.65,True
6d8e5a88-891a-4930-af83-e6a2bb5e3aae,Restaurant 1367,Philadelphia,FL,Thai,4,Strong,2023-02-01,Saturday,1,1.0,0.0,1.0,0.0,36.0,36.0,24.97,24.97,4.27,True
4c53a8cf-a625-4c95-8616-b668b5fd747d,Restaurant 1379,Philadelphia,FL,Sushi,4,Strong,2022-01-01,Tuesday,1,1.0,0.0,1.0,1.0,23.0,23.0,54.63,54.63,1.77,True
0beb9c08-4c03-41cf-adbe-3940b0f89ced,Restaurant 1402,Philadelphia,FL,Thai,4,Strong,2023-03-01,Friday,1,1.0,0.0,1.0,1.0,19.0,19.0,35.4,35.4,2.32,True
386bba64-0fef-41cf-87bd-8e04c882824d,Restaurant 1409,Philadelphia,FL,Thai,4,Strong,2022-08-01,Friday,1,1.0,0.0,1.0,1.0,34.0,34.0,37.85,37.85,4.64,True
e8073e07-fe87-4806-9ec3-845a997c094c,Restaurant 1412,Philadelphia,FL,Pizza,4,Strong,2022-01-01,Monday,1,1.0,0.0,1.0,1.0,41.0,41.0,17.49,17.49,7.04,True
c706b769-e9ea-443d-8435-ab9f3d4eed5a,Restaurant 1418,Philadelphia,FL,Mexican,4,Strong,2023-04-01,Wednesday,1,1.0,0.0,1.0,1.0,10.0,10.0,15.49,15.49,7.98,True
4593da83-60cd-428b-b83e-5863f670c3c7,Restaurant 1444,Philadelphia,FL,Coffee & Tea,4,Strong,2024-09-01,Thursday,1,1.0,0.0,1.0,0.0,56.0,56.0,50.2,50.2,5.6,True
ff3f9228-bd89-4d6e-8f00-7793ecfc5f60,Restaurant 1447,Philadelphia,FL,Coffee & Tea,4,Strong,2022-09-01,Sunday,1,1.0,0.0,1.0,1.0,29.0,29.0,11.15,11.15,7.58,True
3cbde401-0a76-450b-ac8f-41d387a33ec6,Restaurant 1456,Philadelphia,FL,Italian,4,Strong,2022-02-01,Sunday,1,1.0,0.0,1.0,1.0,21.0,21.0,31.7,31.7,2.86,True
257e5264-e60d-4735-9b48-3de0a150af45,Restaurant 1463,Philadelphia,FL,Italian,4,Strong,2024-03-01,Tuesday,1,1.0,0.0,1.0,1.0,34.0,34.0,29.61,29.61,7.55,True
f3099ab7-eab0-4698-ad89-1282afd6b580,Restaurant 1469,Philadelphia,FL,Sushi,4,Strong,2023-08-01,Tuesday,1,1.0,0.0,1.0,0.0,53.0,53.0,9.56,9.56,4.9,True
1edc8afa-0d3f-4d62-a79a-ad57417bd64f,Restaurant 1492,Philadelphia,FL,American (New),4,Strong,2024-01-01,Monday,1,1.0,0.0,1.0,1.0,16.0,16.0,26.69,26.69,3.43,True
75ad097f-df27-48d0-999b-76a2a3d9a2c1,Restaurant 1498,Philadelphia,FL,Seafood,4,Strong,2022-05-01,Friday,1,1.0,0.0,1.0,1.0,30.0,30.0,59.52,59.52,5.65,True
437977ee-375b-4715-b879-28419be8e2cb,Restaurant 1501,Philadelphia,FL,Thai,4,Strong,2023-01-01,Thursday,1,1.0,0.0,1.0,1.0,29.0,29.0,24.11,24.11,7.65,True
27df9f59-ff34-4400-86d8-a118ed563a65,Restaurant 1514,Philadelphia,FL,Thai,4,Strong,2023-11-01,Thursday,1,1.0,0.0,1.0,0.0,61.0,61.0,34.65,34.65,4.6,True
0d517b9e-7b23-4590-a10d-57e102ae6bbd,Restaurant 1518,Philadelphia,FL,Italian,4,Strong,2024-10-01,Tuesday,1,1.0,0.0,1.0,1.0,39.0,39.0,8.0,8.0,5.18,True
829587aa-6cc3-43f8-8912-bcc759a62dac,Restaurant 1552,Philadelphia,FL,Thai,4,Strong,2022-06-01,Friday,1,1.0,0.0,1.0,1.0,36.0,36.0,16.61,16.61,1.28,True
0e4ad90d-aaa3-4cb2-b4f9-ef9e683e07ec,Restaurant 1576,Philadelphia,FL,Mexican,4,Strong,2023-08-01,Sunday,1,1.0,0.0,1.0,0.0,34.0,34.0,49.72,49.72,2.76,True
a1d44269-970b-41b1-b744-3e296a8e9068,Restaurant 1610,Philadelphia,FL,Pizza,5,Elite,2022-03-01,Monday,1,1.0,0.0,1.0,1.0,18.0,18.0,18.95,18.95,4.02,True
2dc597dc-6cbf-49ff-ae63-e328d5eb9fab,Restaurant 1627,Philadelphia,FL,Thai,5,Elite,2023-07-01,Saturday,1,1.0,0.0,1.0,1.0,38.0,38.0,41.01,41.01,3.18,True
4aa0fdac-e877-45b0-9d1b-4f398716e381,Restaurant 1636,Philadelphia,FL,Pizza,5,Elite,2024-04-01,Sunday,1,1.0,0.0,1.0,1.0,22.0,22.0,28.72,28.72,6.87,True
bd4ddf74-8039-4890-ad6d-638b1ec808fc,Restaurant 1640,Philadelphia,FL,Coffee & Tea,5,Elite,2022-07-01,Monday,1,1.0,0.0,1.0,1.0,24.0,24.0,19.99,19.99,1.97,True
53bb4d12-4e57-460d-83e4-006ff977cdc2,Restaurant 1642,Philadelphia,FL,Chinese,5,Elite,2022-06-01,Thursday,1,1.0,0.0,1.0,0.0,59.0,59.0,51.48,51.48,7.3,True
f4032f1b-36ed-4b36-88cc-bb7054d779b1,Restaurant 1657,Philadelphia,FL,Mexican,5,Elite,2023-10-01,Tuesday,1,1.0,0.0,1.0,1.0,27.0,27.0,36.9,36.9,6.01,True
6c1b14ae-3fbc-43eb-a0d7-9e12b5849c22,Restaurant 1667,Philadelphia,FL,Coffee & Tea,5,Elite,2022-10-01,Tuesday,1,1.0,0.0,1.0,1.0,26.0,26.0,28.7,28.7,6.55,True
2a22618f-75d0-4c90-b41b-3ad2148cdaa0,Restaurant 1682,Philadelphia,FL,Coffee & Tea,5,Elite,2022-10-01,Wednesday,1,1.0,0.0,1.0,1.0,15.0,15.0,8.0,8.0,6.31,True
ce9cdd1e-1f2e-4460-a1fd-81cb914b5145,Restaurant 1695,Philadelphia,FL,Chinese,5,Elite,2023-01-01,Sunday,1,1.0,0.0,1.0,0.0,56.0,56.0,57.74,57.74,7.17,True
331f735b-c7b3-4baf-9fbe-2d65340cc058,Restaurant 1712,Philadelphia,FL,Mexican,5,Elite,2023-09-01,Thursday,1,1.0,0.0,1.0,0.0,48.0,48.0,53.15,53.15,4.73,True
05866ac1-635d-4636-8682-5b28b5aedc85,Restaurant 1730,Philadelphia,FL,Sushi,5,Elite,2022-05-01,Friday,1,1.0,0.0,1.0,0.0,45.0,45.0,8.0,8.0,7.78,True
1816b749-3afa-4271-a0c1-3ec8f5d22052,Restaurant 1736,Philadelphia,FL,Italian,5,Elite,2024-03-01,Saturday,1,1.0,0.0,1.0,0.0,46.0,46.0,44.65,44.65,4.28,True
d9890ea1-fe6c-4e8b-99e7-0d4da31c948a,Restaurant 1738,Philadelphia,FL,Thai,5,Elite,2022-10-01,Thursday,1,1.0,0.0,1.0,1.0,11.0,11.0,38.15,38.15,5.99,True
937b7d2f-92ca-488e-adbb-e206cf356f1a,Restaurant 1745,Philadelphia,FL,Pizza,5,Elite,2022-04-01,Wednesday,1,1.0,0.0,1.0,1.0,23.0,23.0,11.5,11.5,4.85,True
7eb68238-8d3a-41cd-bf34-7ea52f78ba9f,Restaurant 1749,Philadelphia,FL,Seafood,5,Elite,2023-05-01,Tuesday,1,1.0,0.0,1.0,1.0,10.0,10.0,43.58,43.58,3.0,True
16e7545f-2339-4e04-ba96-f94872584363,Restaurant 1751,Philadelphia,FL,Pizza,5,Elite,2024-10-01,Friday,1,1.0,0.0,1.0,1.0,32.0,32.0,34.74,34.74,4.48,True
ebb42deb-0250-485d-846a-f81180bfb977,Restaurant 1758,Philadelphia,FL,Sushi,5,Elite,2024-11-01,Saturday,1,1.0,0.0,1.0,1.0,33.0,33.0,38.25,38.25,2.45,True
fe2a4fb5-d947-46d0-8ad1-3337a6b03e9c,Restaurant 1762,Philadelphia,FL,Coffee & Tea,5,Elite,2024-04-01,Thursday,1,1.0,0.0,1.0,0.0,35.0,35.0,38.68,38.68,6.74,True
321c66f8-62f6-434b-b2f7-38b2961dc1a3,Restaurant 1785,Philadelphia,FL,Coffee & Tea,5,Elite,2023-12-01,Saturday,1,1.0,0.0,1.0,0.0,70.0,70.0,24.37,24.37,3.5,True
cce69774-c5bb-4b19-b9f3-cf940572909f,Restaurant 1805,Philadelphia,FL,Thai,5,Elite,2022-04-01,Thursday,1,1.0,0.0,1.0,1.0,36.0,36.0,8.84,8.84,6.39,True
45aee23a-43ec-462c-b45f-fe290bccce34,Restaurant 1807,Philadelphia,FL,Sushi,5,Elite,2022-08-01,Saturday,1,1.0,0.0,1.0,0.0,47.0,47.0,17.16,17.16,7.88,True
4c34dbf0-0d16-429e-910b-9184e99eb21b,Restaurant 1829,Philadelphia,FL,Sushi,5,Elite,2022-05-01,Friday,1,1.0,0.0,1.0,0.0,40.0,40.0,15.04,15.04,5.92,True
4269178c-f980-47fc-98df-218c8e1f3eff,Restaurant 1860,Philadelphia,FL,American (New),5,Elite,2023-10-01,Friday,1,1.0,0.0,1.0,0.0,50.0,50.0,30.47,30.47,6.91,True
6e46022b-39d2-4802-8f37-7536d98e3cf7,Restaurant 1870,Philadelphia,FL,American (New),5,Elite,2024-08-01,Sunday,1,1.0,0.0,1.0,1.0,37.0,37.0,33.5,33.5,6.12,True
e5e4d693-581c-4fb7-8c50-b303531f6061,Restaurant 1874,Philadelphia,FL,Mexican,5,Elite,2022-07-01,Monday,1,1.0,0.0,1.0,0.0,45.0,45.0,41.61,41.61,1.84,True
48912f94-667c-4dbc-a3b4-2a97aa167459,Restaurant 1887,Philadelphia,FL,Burgers,5,Elite,2024-11-01,Thursday,1,1.0,0.0,1.0,1.0,28.0,28.0,20.93,20.93,2.61,True
690b0fda-fa46-4054-88af-7d7262928ddc,Restaurant 1897,Philadelphia,FL,Italian,5,Elite,2022-12-01,Thursday,1,1.0,0.0,1.0,0.0,39.0,39.0,33.67,33.67,5.65,True
f49e282e-324f-4665-bad5-0c064be569bd,Restaurant 1904,Philadelphia,FL,Sushi,5,Elite,2023-12-01,Saturday,1,1.0,0.0,1.0,0.0,62.0,62.0,25.96,25.96,5.85,True
c85587a1-9759-42b2-b91e-a8276768f4d6,Restaurant 1914,Philadelphia,FL,Mexican,5,Elite,2024-03-01,Monday,1,1.0,0.0,1.0,1.0,12.0,12.0,58.63,58.63,4.39,True
793f5872-537f-4f46-b964-ffe94fb8e587,Restaurant 1920,Philadelphia,FL,Burgers,5,Elite,2023-08-01,Wednesday,1,1.0,0.0,1.0,1.0,23.0,23.0,18.65,18.65,4.07,True
9d11ebd1-c487-4786-b35c-fa54ba280537,Restaurant 1923,Philadelphia,FL,Thai,5,Elite,2023-08-01,Wednesday,1,1.0,0.0,1.0,1.0,33.0,33.0,36.23,36.23,5.77,True
97fafae4-9a85-42ce-a2c3-16a17ddb99a5,Restaurant 1946,Philadelphia,FL,Seafood,5,Elite,2024-04-01,Saturday,1,1.0,0.0,1.0,1.0,10.0,10.0,37.13,37.13,7.15,True
aa519685-21e4-41ae-a6d6-612cbf683b76,Restaurant 1989,Philadelphia,FL,Thai,5,Elite,2022-01-01,Wednesday,1,1.0,0.0,1.0,0.0,44.0,44.0,41.33,41.33,7.77,True
f0ef8ee6-7277-4770-9b50-0ed3e101c630,Restaurant 1990,Philadelphia,FL,Seafood,5,Elite,2024-03-01,Saturday,1,1.0,0.0,1.0,1.0,16.0,16.0,23.32,23.32,7.65,True
255db5b6-f856-4ad9-902a-b189c60e7ede,Restaurant 11,Philadelphia,IL,Sushi,1,Low,2022-05-01,Saturday,1,1.0,0.0,1.0,1.0,23.0,23.0,55.02,55.02,7.34,True
8b8f0d21-e43f-4f07-ad76-25d9ced2704a,Restaurant 19,Philadelphia,IL,Chinese,1,Low,2024-04-01,Sunday,1,1.0,0.0,1.0,1.0,15.0,15.0,27.93,27.93,3.12,True
1c80a463-faab-45d4-aedb-ec971fe99b2d,Restaurant 21,Philadelphia,IL,Seafood,1,Low,2024-05-01,Wednesday,1,1.0,0.0,1.0,1.0,33.0,33.0,8.0,8.0,6.33,True
506dc2e9-bd0e-44b1-942e-6ac94eefce10,Restaurant 37,Philadelphia,IL,Pizza,1,Low,2022-08-01,Monday,1,1.0,0.0,1.0,1.0,33.0,33.0,8.0,8.0,7.37,True
bdd72c27-fd63-4faa-bccd-d8bcf727cc31,Restaurant 113,Philadelphia,IL,Mexican,1,Low,2022-10-01,Sunday,1,1.0,0.0,1.0,1.0,26.0,26.0,42.32,42.32,4.44,True
18674b04-e930-4893-8bc5-99447b17290a,Restaurant 134,Philadelphia,IL,Seafood,1,Low,2022-03-01,Friday,1,1.0,0.0,1.0,0.0,33.0,33.0,8.53,8.53,5.2,True
5374d195-e234-4f5c-a788-f5022d0d1bfc,Restaurant 140,Philadelphia,IL,Chinese,1,Low,2023-05-01,Monday,1,0.0,1.0,0.0,,,,29.71,29.71,3.68,True
f2912ec7-236d-4c2c-a51a-3ddb8c66961f,Restaurant 141,Philadelphia,IL,Seafood,1,Low,2022-08-01,Thursday,1,1.0,0.0,1.0,1.0,52.0,52.0,15.6,15.6,3.69,True
f83ba527-0f70-4f16-a702-acf43ab6b06a,Restaurant 161,Philadelphia,IL,Sushi,1,Low,2022-10-01,Wednesday,1,1.0,0.0,1.0,1.0,10.0,10.0,8.0,8.0,4.58,True
a95ded1c-ae9c-497b-84c6-1db2ccfd5e5b,Restaurant 163,Philadelphia,IL,Italian,1,Low,2023-07-01,Friday,1,1.0,0.0,1.0,1.0,26.0,26.0,29.92,29.92,2.29,True
f3bb368a-4f52-4ffd-882c-b84395bdef26,Restaurant 209,Philadelphia,IL,Italian,1,Low,2022-05-01,Tuesday,1,1.0,0.0,1.0,1.0,30.0,30.0,16.99,16.99,6.61,True
4fe2aa30-75c1-471f-b82f-1be1c25a005b,Restaurant 215,Philadelphia,IL,Pizza,1,Low,2022-12-01,Thursday,1,1.0,0.0,1.0,1.0,33.0,33.0,22.28,22.28,4.67,True
c5c78217-78a4-48ce-91ab-c3b14ec7a684,Restaurant 216,Philadelphia,IL,Seafood,1,Low,2022-11-01,Monday,1,1.0,0.0,1.0,0.0,35.0,35.0,30.44,30.44,1.83,True
65a6c396-e722-469f-b0a7-be6c51fcdad2,Restaurant 224,Philadelphia,IL,Mexican,1,Low,2022-01-01,Saturday,1,1.0,0.0,1.0,1.0,41.0,41.0,38.2,38.2,5.6,True
25a0eb54-5208-4418-9d3a-b5c847d45dd5,Restaurant 236,Philadelphia,IL,American (New),1,Low,2023-10-01,Saturday,1,1.0,0.0,1.0,1.0,24.0,24.0,14.99,14.99,6.35,True
c6e03976-ae30-4182-b08d-2cfcd7a10499,Restaurant 240,Philadelphia,IL,Seafood,1,Low,2022-07-01,Monday,1,1.0,0.0,1.0,1.0,30.0,30.0,11.11,11.11,6.68,True
b42d7de1-3ada-44a9-9689-75bae3bfed7f,Restaurant 246,Philadelphia,IL,Italian,1,Low,2023-08-01,Saturday,1,1.0,0.0,1.0,1.0,33.0,33.0,28.34,28.34,5.1,True
ff23761c-b19c-47b5-835e-fba3c9949a80,Restaurant 254,Philadelphia,IL,Thai,1,Low,2023-02-01,Thursday,1,1.0,0.0,1.0,0.0,54.0,54.0,27.84,27.84,1.84,True
d4b1ec5c-ee6e-49de-8b6e-dea80817b420,Restaurant 259,Philadelphia,IL,Seafood,1,Low,2023-03-01,Friday,1,0.0,1.0,0.0,,,,48.58,48.58,7.44,True
a4f4d3d8-8ddd-4e50-bd2f-a5e2c874810c,Restaurant 263,Philadelphia,IL,Chinese,1,Low,2022-12-01,Sunday,1,1.0,0.0,1.0,1.0,51.0,51.0,37.43,37.43,4.56,True
fe9048ac-13af-4e1a-875c-64967ba99e8a,Restaurant 266,Philadelphia,IL,Chinese,1,Low,2023-09-01,Tuesday,1,1.0,0.0,1.0,0.0,38.0,38.0,8.0,8.0,5.17,True
622bdd6c-92ab-4876-9b72-acc61d286b35,Restaurant 290,Philadelphia,IL,Italian,1,Low,2024-09-01,Wednesday,1,1.0,0.0,1.0,1.0,13.0,13.0,41.7,41.7,5.49,True
2c1ad821-4752-464d-8563-3a7497221e4a,Restaurant 291,Philadelphia,IL,Coffee & Tea,1,Low,2024-09-01,Tuesday,1,0.0,1.0,0.0,,,,31.12,31.12,5.29,True
0b71697b-203a-4aea-8aae-0b47b0b854a4,Restaurant 301,Philadelphia,IL,American (New),1,Low,2022-06-01,Saturday,1,1.0,0.0,1.0,1.0,30.0,30.0,22.8,22.8,3.34,True
6b6120a4-4640-4e7d-ba88-1d967cdbdec7,Restaurant 302,Philadelphia,IL,Burgers,1,Low,2024-06-01,Sunday,1,1.0,0.0,1.0,1.0,47.0,47.0,30.85,30.85,5.99,True
36b4cfb5-6128-4bdd-91b9-27c60dbffd0d,Restaurant 328,Philadelphia,IL,American (New),1,Low,2024-06-01,Sunday,1,1.0,0.0,1.0,0.0,60.0,60.0,45.99,45.99,6.88,True
82acab3b-09c6-4b99-a338-8fe7ce949381,Restaurant 331,Philadelphia,IL,Pizza,1,Low,2024-10-01,Thursday,1,1.0,0.0,1.0,1.0,23.0,23.0,32.54,32.54,7.84,True
c5c1aadd-b84c-4e29-bbb0-05b644ac798d,Restaurant 369,Philadelphia,IL,Coffee & Tea,1,Low,2023-02-01,Friday,1,1.0,0.0,1.0,1.0,50.0,50.0,30.61,30.61,4.09,True
4a16d004-97e9-4e4e-86d1-55526e348527,Restaurant 376,Philadelphia,IL,Sushi,1,Low,2024-08-01,Thursday,1,1.0,0.0,1.0,1.0,10.0,10.0,30.32,30.32,7.23,True
959ee339-0172-4d60-94ab-2121e6e90357,Restaurant 377,Philadelphia,IL,Pizza,1,Low,2022-11-01,Wednesday,1,0.0,1.0,0.0,,,,35.29,35.29,3.85,True
34215512-7a10-4e42-9120-d6c1f16ec78e,Restaurant 381,Philadelphia,IL,Sushi,1,Low,2022-12-01,Friday,1,1.0,0.0,1.0,1.0,10.0,10.0,9.56,9.56,6.83,True
96f53180-ba0d-4efa-ac65-3cd978378c18,Restaurant 393,Philadelphia,IL,American (New),1,Low,2022-02-01,Saturday,1,1.0,0.0,1.0,1.0,13.0,13.0,47.5,47.5,3.33,True
c2e01af7-1e19-442c-9672-73cd8160b3cf,Restaurant 396,Philadelphia,IL,Italian,1,Low,2022-10-01,Sunday,1,1.0,0.0,1.0,1.0,31.0,31.0,39.52,39.52,3.43,True
a08778b4-f199-4878-a9bc-54141258d887,Restaurant 409,Philadelphia,IL,Sushi,2,Below Average,2024-10-01,Monday,1,1.0,0.0,1.0,1.0,16.0,16.0,21.98,21.98,5.19,True
65f435e8-b84b-47e4-9c8e-37391212ec33,Restaurant 413,Philadelphia,IL,Sushi,2,Below Average,2024-08-01,Saturday,1,1.0,0.0,1.0,1.0,17.0,17.0,12.7,12.7,1.9,True
60a373b2-48fe-44a7-b458-e95ce33dcd76,Restaurant 419,Philadelphia,IL,Coffee & Tea,2,Below Average,2023-09-01,Friday,1,1.0,0.0,1.0,0.0,63.0,63.0,32.5,32.5,1.31,True
f15a9b0f-3e7f-495a-84b1-132b58f43c4c,Restaurant 424,Philadelphia,IL,Mexican,2,Below Average,2022-09-01,Tuesday,1,1.0,0.0,1.0,1.0,38.0,38.0,38.95,38.95,2.12,True
a2d81c0b-bb4e-4aac-9d58-c0f9a40be091,Restaurant 445,Philadelphia,IL,Chinese,2,Below Average,2023-06-01,Friday,1,1.0,0.0,1.0,1.0,35.0,35.0,25.57,25.57,4.92,True
71d95d5b-32f4-4064-85cc-cb16e68650c4,Restaurant 483,Philadelphia,IL,Burgers,2,Below Average,2022-10-01,Sunday,1,1.0,0.0,1.0,0.0,46.0,46.0,22.57,22.57,1.07,True
16409aa4-e312-4c5a-959e-8146e2477e04,Restaurant 484,Philadelphia,IL,Chinese,2,Below Average,2023-10-01,Tuesday,1,1.0,0.0,1.0,0.0,42.0,42.0,39.15,39.15,4.97,True
2ba2ff21-347b-49bb-b990-6a12a95ec868,Restaurant 508,Philadelphia,IL,Seafood,2,Below Average,2023-04-01,Sunday,1,1.0,0.0,1.0,1.0,34.0,34.0,49.5,49.5,6.13,True
a2549609-6fce-4da8-a1f0-ab36a0bb418e,Restaurant 513,Philadelphia,IL,Seafood,2,Below Average,2022-11-01,Saturday,1,1.0,0.0,1.0,0.0,51.0,51.0,24.63,24.63,7.11,True
59e4c33d-eed6-458b-8eab-83eebb13bb2f,Restaurant 530,Philadelphia,IL,Seafood,2,Below Average,2022-03-01,Monday,1,1.0,0.0,1.0,0.0,48.0,48.0,22.01,22.01,1.27,True
efae2109-2736-4117-b72d-d925773f5a10,Restaurant 535,Philadelphia,IL,Thai,2,Below Average,2023-10-01,Sunday,1,1.0,0.0,1.0,1.0,31.0,31.0,40.87,40.87,6.98,True
612c34b0-b141-44a5-9136-88b99f4cd6cc,Restaurant 565,Philadelphia,IL,Burgers,2,Below Average,2022-08-01,Thursday,1,1.0,0.0,1.0,1.0,22.0,22.0,39.8,39.8,3.37,True
12ff7c81-fe8d-43d2-ade5-cacbf0af4d8f,Restaurant 574,Philadelphia,IL,American (New),2,Below Average,2023-02-01,Sunday,1,1.0,0.0,1.0,1.0,36.0,36.0,20.26,20.26,1.22,True
3a446fdf-2621-4812-9dfc-c9738f3793fb,Restaurant 577,Philadelphia,IL,American (New),2,Below Average,2023-04-01,Saturday,1,1.0,0.0,1.0,1.0,22.0,22.0,30.53,30.53,5.28,True
760f6890-2044-41b9-b947-962c881cb90f,Restaurant 579,Philadelphia,IL,Seafood,2,Below Average,2024-09-01,Tuesday,1,1.0,0.0,1.0,1.0,32.0,32.0,36.02,36.02,2.55,True
1d1688e0-de22-483b-aaf1-c0268cb69643,Restaurant 604,Philadelphia,IL,Burgers,2,Below Average,2023-02-01,Saturday,1,1.0,0.0,1.0,1.0,27.0,27.0,13.77,13.77,2.48,True
0980c6d3-0c36-4ac1-ba2c-ea460522eaa5,Restaurant 608,Philadelphia,IL,Sushi,2,Below Average,2022-11-01,Sunday,1,1.0,0.0,1.0,1.0,28.0,28.0,47.62,47.62,5.8,True
11a7a9f4-9568-4a5a-a1d3-1916bbe63ee9,Restaurant 613,Philadelphia,IL,Chinese,2,Below Average,2022-04-01,Tuesday,1,1.0,0.0,1.0,1.0,10.0,10.0,57.75,57.75,6.18,True
5109fef4-02bc-492d-9978-dc92e48e1b22,Restaurant 628,Philadelphia,IL,Burgers,2,Below Average,2023-09-01,Tuesday,1,1.0,0.0,1.0,0.0,71.0,71.0,8.0,8.0,1.37,True
2b3fecea-43fe-49cc-b93a-a7dda66215c2,Restaurant 634,Philadelphia,IL,Sushi,2,Below Average,2022-08-01,Friday,1,1.0,0.0,1.0,0.0,50.0,50.0,22.22,22.22,3.74,True
873d9f00-78ab-4a0e-982c-83392b4ce873,Restaurant 639,Philadelphia,IL,American (New),2,Below Average,2023-06-01,Wednesday,1,1.0,0.0,1.0,1.0,15.0,15.0,32.63,32.63,3.56,True
bdb64cfd-5f02-4720-a2e6-a2d6c52fcd30,Restaurant 642,Philadelphia,IL,Coffee & Tea,2,Below Average,2022-12-01,Friday,1,1.0,0.0,1.0,1.0,45.0,45.0,41.7,41.7,1.5,True
40221369-b738-497f-b378-a69f46ef17ef,Restaurant 661,Philadelphia,IL,Thai,2,Below Average,2023-07-01,Thursday,1,1.0,0.0,1.0,1.0,32.0,32.0,10.62,10.62,7.22,True
7ee91a5f-eef1-441e-825d-9091d5ee78f8,Restaurant 672,Philadelphia,IL,Coffee & Tea,2,Below Average,2024-11-01,Sunday,1,1.0,0.0,1.0,1.0,36.0,36.0,30.66,30.66,1.93,True
134b54ea-ef07-4b79-a0dd-71709175c22e,Restaurant 674,Philadelphia,IL,Burgers,2,Below Average,2024-12-01,Friday,1,1.0,0.0,1.0,1.0,52.0,52.0,27.57,27.57,5.44,True
1ef06c79-f04d-4de2-987a-32f006d45dbd,Restaurant 702,Philadelphia,IL,American (New),2,Below Average,2022-11-01,Tuesday,1,1.0,0.0,1.0,1.0,41.0,41.0,30.96,30.96,1.37,True
d0314ecf-fb8d-432b-9100-f2703c6a5e96,Restaurant 734,Philadelphia,IL,Coffee & Tea,2,Below Average,2023-06-01,Monday,1,1.0,0.0,1.0,1.0,36.0,36.0,15.47,15.47,4.99,True
b1459b3d-b2fe-422c-bbf6-96852963053d,Restaurant 739,Philadelphia,IL,Coffee & Tea,2,Below Average,2024-11-01,Wednesday,1,1.0,0.0,1.0,1.0,37.0,37.0,26.63,26.63,6.06,True
912359bb-d1d0-46a5-9f98-ec8634fe780d,Restaurant 743,Philadelphia,IL,Chinese,2,Below Average,2024-07-01,Thursday,1,1.0,0.0,1.0,0.0,45.0,45.0,61.19,61.19,3.7,True
4a77f9a0-99c0-4cf3-8c65-2c3011605293,Restaurant 745,Philadelphia,IL,Coffee & Tea,2,Below Average,2024-05-01,Saturday,1,1.0,0.0,1.0,1.0,10.0,10.0,45.85,45.85,2.29,True
e039b276-dd6a-45cb-aeb7-f89d959e09e6,Restaurant 748,Philadelphia,IL,Mexican,2,Below Average,2023-11-01,Friday,1,1.0,0.0,1.0,0.0,50.0,50.0,40.11,40.11,7.1,True
2e38ce3c-b0d2-4aff-9fda-d3dbe6660adc,Restaurant 750,Philadelphia,IL,Burgers,2,Below Average,2023-06-01,Thursday,1,1.0,0.0,1.0,1.0,19.0,19.0,25.16,25.16,4.85,True
44cce9c2-c69f-4189-af0f-4f27c14ee47e,Restaurant 761,Philadelphia,IL,American (New),2,Below Average,2023-10-01,Wednesday,1,1.0,0.0,1.0,1.0,48.0,48.0,24.19,24.19,7.37,True
a783cabb-e29c-4aaa-bb1f-4629323c73c3,Restaurant 763,Philadelphia,IL,Thai,2,Below Average,2023-11-01,Saturday,1,1.0,0.0,1.0,1.0,53.0,53.0,25.34,25.34,6.17,True
d0c6187b-dadf-445d-8035-ca1e91152b63,Restaurant 808,Philadelphia,IL,Burgers,3,Average,2022-10-01,Thursday,1,1.0,0.0,1.0,0.0,48.0,48.0,16.9,16.9,5.06,True
fcf1ec7f-be2d-45ab-affe-713d23895f97,Restaurant 822,Philadelphia,IL,American (New),3,Average,2024-12-01,Thursday,1,1.0,0.0,1.0,1.0,14.0,14.0,25.1,25.1,3.81,True
bbf2eff2-b25a-4e86-8cf8-d9d5f33534b7,Restaurant 838,Philadelphia,IL,Seafood,3,Average,2023-12-01,Sunday,1,1.0,0.0,1.0,1.0,40.0,40.0,28.42,28.42,2.24,True
b7d63fff-2319-4f69-a5f6-25bc305dda22,Restaurant 841,Philadelphia,IL,Seafood,3,Average,2023-06-01,Tuesday,1,1.0,0.0,1.0,0.0,57.0,57.0,8.66,8.66,4.4,True
d38ee1ab-075b-42b8-aa55-b0da6885d7de,Restaurant 842,Philadelphia,IL,Mexican,3,Average,2023-12-01,Saturday,1,0.0,1.0,0.0,,,,17.48,17.48,6.5,True
18e6296a-4994-49ab-8f09-996ad7445019,Restaurant 854,Philadelphia,IL,Thai,3,Average,2024-12-01,Saturday,1,1.0,0.0,1.0,1.0,37.0,37.0,23.27,23.27,2.25,True
fc933664-2241-4421-a7ec-120266e153dc,Restaurant 866,Philadelphia,IL,Coffee & Tea,3,Average,2024-02-01,Sunday,1,1.0,0.0,1.0,0.0,37.0,37.0,38.64,38.64,5.72,True
6c0241bb-1bed-4818-91f3-cf4596b5e0cb,Restaurant 870,Philadelphia,IL,American (New),3,Average,2023-06-01,Wednesday,1,1.0,0.0,1.0,1.0,37.0,37.0,56.2,56.2,1.05,True
734b7915-f4bd-4fb5-b71f-78b73b81fb9e,Restaurant 902,Philadelphia,IL,Italian,3,Average,2024-12-01,Friday,1,1.0,0.0,1.0,0.0,42.0,42.0,8.0,8.0,7.22,True
d7ef7662-a859-44a0-b209-c2b4f7d820ac,Restaurant 915,Philadelphia,IL,Pizza,3,Average,2023-03-01,Tuesday,1,1.0,0.0,1.0,0.0,36.0,36.0,53.24,53.24,6.89,True
2f4330c2-e288-4198-9c27-0265241ee099,Restaurant 919,Philadelphia,IL,Coffee & Tea,3,Average,2022-12-01,Tuesday,1,1.0,0.0,1.0,0.0,39.0,39.0,20.93,20.93,1.98,True
b81bc656-ce56-4894-a2f3-c4cff32c84da,Restaurant 926,Philadelphia,IL,Mexican,3,Average,2022-04-01,Monday,1,1.0,0.0,1.0,1.0,31.0,31.0,8.0,8.0,3.9,True
49b12efa-709b-4020-bc9b-4a0716ced325,Restaurant 940,Philadelphia,IL,Coffee & Tea,3,Average,2023-08-01,Saturday,1,1.0,0.0,1.0,1.0,32.0,32.0,45.09,45.09,3.34,True
254e57ad-98bf-4188-af52-4da5128ae0d8,Restaurant 960,Philadelphia,IL,Burgers,3,Average,2023-07-01,Saturday,1,1.0,0.0,1.0,1.0,29.0,29.0,23.76,23.76,6.62,True
3cf1b0e6-4f16-43b8-bd9a-4a17b34ea3c5,Restaurant 962,Philadelphia,IL,Coffee & Tea,3,Average,2022-05-01,Sunday,1,1.0,0.0,1.0,1.0,42.0,42.0,13.54,13.54,6.82,True
214cee5b-c728-4f8c-81a6-4e0a2f4ef7fa,Restaurant 984,Philadelphia,IL,Mexican,3,Average,2023-11-01,Friday,1,1.0,0.0,1.0,1.0,36.0,36.0,49.9,49.9,4.42,True
f114d0ea-93a1-474c-9328-a6417d0c40d8,Restaurant 1019,Philadelphia,IL,Burgers,3,Average,2022-12-01,Thursday,1,1.0,0.0,1.0,0.0,67.0,67.0,36.4,36.4,7.06,True
1563e5fc-342a-4b9b-b43d-1a6dafe192ec,Restaurant 1032,Philadelphia,IL,Pizza,3,Average,2024-07-01,Saturday,1,1.0,0.0,1.0,1.0,39.0,39.0,45.28,45.28,5.17,True
bc10c0bd-1da3-4938-992d-f59c629f616c,Restaurant 1041,Philadelphia,IL,Thai,3,Average,2023-10-01,Friday,1,1.0,0.0,1.0,0.0,48.0,48.0,39.81,39.81,5.06,True
9fd1ac32-40ee-4ecb-8c0d-52de3e07c3eb,Restaurant 1058,Philadelphia,IL,Sushi,3,Average,2022-08-01,Saturday,1,1.0,0.0,1.0,1.0,39.0,39.0,21.71,21.71,1.71,True
d1a86b12-c280-4734-9e0b-ac7a5b04ce18,Restaurant 1072,Philadelphia,IL,Coffee & Tea,3,Average,2024-01-01,Tuesday,1,1.0,0.0,1.0,0.0,48.0,48.0,11.13,11.13,4.94,True
43966979-b6ad-45d5-b8a6-410202070bec,Restaurant 1136,Philadelphia,IL,Burgers,3,Average,2023-05-01,Wednesday,1,1.0,0.0,1.0,0.0,48.0,48.0,46.38,46.38,7.49,True
a3696229-b9e6-4ba1-bded-313c5b62dac3,Restaurant 1141,Philadelphia,IL,American (New),3,Average,2023-11-01,Monday,1,1.0,0.0,1.0,1.0,19.0,19.0,8.0,8.0,1.45,True
455d213c-54a2-4739-92a9-96d4c7643fe1,Restaurant 1148,Philadelphia,IL,Italian,3,Average,2022-01-01,Friday,1,0.0,1.0,0.0,,,,25.8,25.8,7.1,True
c77a9eff-6cb6-40be-940f-fbcde486ad4e,Restaurant 1166,Philadelphia,IL,Coffee & Tea,3,Average,2023-11-01,Sunday,1,1.0,0.0,1.0,1.0,41.0,41.0,53.37,53.37,7.75,True
2f55359a-8202-4e1f-b58c-ee9217f02110,Restaurant 1167,Philadelphia,IL,Burgers,3,Average,2023-03-01,Tuesday,1,1.0,0.0,1.0,0.0,53.0,53.0,8.0,8.0,2.16,True
1d77fe73-da38-45a4-be9c-e753a6ad9f2a,Restaurant 1195,Philadelphia,IL,Burgers,3,Average,2023-01-01,Friday,1,1.0,0.0,1.0,0.0,38.0,38.0,28.94,28.94,5.21,True
f30cb14b-c0ba-464c-b244-2ba085abedcf,Restaurant 1204,Philadelphia,IL,Sushi,4,Strong,2024-11-01,Wednesday,1,1.0,0.0,1.0,1.0,19.0,19.0,28.67,28.67,3.67,True
26ad685f-907b-44ce-857e-74e92833aa77,Restaurant 1225,Philadelphia,IL,Chinese,4,Strong,2023-02-01,Saturday,1,1.0,0.0,1.0,0.0,42.0,42.0,19.89,19.89,5.31,True
845f5562-23c6-4e09-934a-971cec1f0dc6,Restaurant 1226,Philadelphia,IL,American (New),4,Strong,2024-06-01,Tuesday,1,1.0,0.0,1.0,1.0,45.0,45.0,29.88,29.88,5.31,True
9e8cd1db-3511-4b5a-b6c3-2e73785994b8,Restaurant 1231,Philadelphia,IL,American (New),4,Strong,2024-10-01,Sunday,1,1.0,0.0,1.0,1.0,18.0,18.0,33.68,33.68,7.96,True
fb8c4ace-7c87-4089-ba7e-d409c066633f,Restaurant 1234,Philadelphia,IL,American (New),4,Strong,2023-06-01,Thursday,1,1.0,0.0,1.0,1.0,20.0,20.0,34.6,34.6,6.86,True
7f34527e-447a-4374-b70b-bac185e5df0e,Restaurant 1258,Philadelphia,IL,Burgers,4,Strong,2023-05-01,Wednesday,1,1.0,0.0,1.0,1.0,43.0,43.0,45.43,45.43,6.26,True
e89c952e-f53a-4a95-8d06-81a38fcefb4a,Restaurant 1275,Philadelphia,IL,Seafood,4,Strong,2024-11-01,Saturday,1,1.0,0.0,1.0,1.0,33.0,33.0,8.0,8.0,5.41,True
24491355-10f3-4e66-a703-ddd3186c5d7d,Restaurant 1286,Philadelphia,IL,Pizza,4,Strong,2023-01-01,Thursday,1,1.0,0.0,1.0,1.0,26.0,26.0,18.7,18.7,1.34,True
04f7ef18-da41-42e9-bea1-4497da753c6f,Restaurant 1290,Philadelphia,IL,Seafood,4,Strong,2023-10-01,Sunday,1,1.0,0.0,1.0,0.0,45.0,45.0,56.58,56.58,6.96,True
9313418d-e24c-41e7-849b-bafad31bd437,Restaurant 1297,Philadelphia,IL,Mexican,4,Strong,2024-11-01,Saturday,1,1.0,0.0,1.0,1.0,15.0,15.0,8.0,8.0,3.81,True
707ea155-8c27-4895-887f-cc2a373d80ab,Restaurant 1299,Philadelphia,IL,Italian,4,Strong,2023-03-01,Thursday,1,1.0,0.0,1.0,1.0,26.0,26.0,23.92,23.92,3.36,True
e2296c9b-f89e-475d-9a59-034adf43d332,Restaurant 1323,Philadelphia,IL,American (New),4,Strong,2023-01-01,Wednesday,1,1.0,0.0,1.0,0.0,43.0,43.0,34.46,34.46,4.97,True
19a49a56-3150-4fc8-b518-3304be7ca61c,Restaurant 1335,Philadelphia,IL,American (New),4,Strong,2022-05-01,Thursday,1,1.0,0.0,1.0,0.0,35.0,35.0,24.43,24.43,4.84,True
5e854b00-0ee9-4543-a38f-29818955e30d,Restaurant 1337,Philadelphia,IL,Chinese,4,Strong,2024-08-01,Friday,1,1.0,0.0,1.0,0.0,47.0,47.0,41.38,41.38,6.15,True
cff41663-e334-4383-849a-7a481a1290d8,Restaurant 1376,Philadelphia,IL,American (New),4,Strong,2023-09-01,Tuesday,1,1.0,0.0,1.0,1.0,30.0,30.0,55.85,55.85,1.87,True
1512a1a3-d6d5-4b47-9cae-ecec080df9a9,Restaurant 1388,Philadelphia,IL,Chinese,4,Strong,2024-04-01,Wednesday,1,1.0,0.0,1.0,1.0,39.0,39.0,39.09,39.09,1.12,True
d3e9bfeb-8bae-45a0-9399-9eaf3360b899,Restaurant 1397,Philadelphia,IL,Coffee & Tea,4,Strong,2022-08-01,Friday,1,1.0,0.0,1.0,1.0,31.0,31.0,33.28,33.28,1.83,True
53fafbe5-9e9c-4858-bd91-f24f58dd5e90,Restaurant 1400,Philadelphia,IL,Thai,4,Strong,2022-07-01,Friday,1,1.0,0.0,1.0,1.0,20.0,20.0,39.39,39.39,1.34,True
862edc87-f5ee-4d0e-a3b6-17a0a1782b73,Restaurant 1410,Philadelphia,IL,Chinese,4,Strong,2024-01-01,Monday,1,0.0,1.0,0.0,,,,25.83,25.83,2.35,True
886d3173-b38f-4641-a0bf-021f3d891956,Restaurant 1413,Philadelphia,IL,Chinese,4,Strong,2022-08-01,Friday,1,1.0,0.0,1.0,0.0,51.0,51.0,9.14,9.14,4.54,True
0fb40207-a866-49d4-95e5-d4664388bad0,Restaurant 1419,Philadelphia,IL,Seafood,4,Strong,2022-06-01,Monday,1,1.0,0.0,1.0,1.0,40.0,40.0,63.25,63.25,3.06,True
f4f803e7-29ba-47bf-abd8-b912eae3ed21,Restaurant 1442,Philadelphia,IL,Italian,4,Strong,2022-12-01,Saturday,1,1.0,0.0,1.0,0.0,42.0,42.0,16.29,16.29,5.0,True
96c0a565-b7dc-4a43-8927-a3d84edc7bfa,Restaurant 1445,Philadelphia,IL,Burgers,4,Strong,2024-06-01,Sunday,1,1.0,0.0,1.0,1.0,30.0,30.0,30.93,30.93,3.89,True
af892821-33c1-485d-b27d-d704d884d8ad,Restaurant 1453,Philadelphia,IL,Mexican,4,Strong,2022-08-01,Monday,1,1.0,0.0,1.0,0.0,42.0,42.0,8.0,8.0,3.26,True
db01cdbc-bb60-453b-87f1-a3da8a848d26,Restaurant 1462,Philadelphia,IL,Italian,4,Strong,2022-03-01,Tuesday,1,1.0,0.0,1.0,1.0,18.0,18.0,41.03,41.03,2.74,True
8a7129e1-d5e2-4929-be01-7f0a25f4598c,Restaurant 1466,Philadelphia,IL,Seafood,4,Strong,2024-03-01,Friday,1,1.0,0.0,1.0,1.0,25.0,25.0,35.35,35.35,3.48,True
dc7df643-0adc-43b4-84e2-710c71aaa757,Restaurant 1471,Philadelphia,IL,Pizza,4,Strong,2024-10-01,Wednesday,1,1.0,0.0,1.0,1.0,23.0,23.0,52.95,52.95,7.26,True
991ae128-c5ba-4256-9ee1-09e8e2629b74,Restaurant 1476,Philadelphia,IL,American (New),4,Strong,2023-02-01,Saturday,1,1.0,0.0,1.0,1.0,24.0,24.0,8.0,8.0,1.28,True
e3318012-c473-4418-ae10-5a95862630dd,Restaurant 1481,Philadelphia,IL,Sushi,4,Strong,2024-03-01,Tuesday,1,1.0,0.0,1.0,1.0,23.0,23.0,56.53,56.53,4.78,True
f3acf22c-eb53-4b3f-9276-da8c05f217ba,Restaurant 1483,Philadelphia,IL,Mexican,4,Strong,2024-02-01,Tuesday,1,1.0,0.0,1.0,0.0,45.0,45.0,8.0,8.0,2.55,True
4910564f-201e-430b-8ad2-0bcdfb65c859,Restaurant 1484,Philadelphia,IL,Pizza,4,Strong,2023-12-01,Sunday,1,1.0,0.0,1.0,0.0,48.0,48.0,53.71,53.71,2.89,True
a09eb8b8-1c92-4a60-920e-5dd1efdf7c90,Restaurant 1488,Philadelphia,IL,Burgers,4,Strong,2024-03-01,Friday,1,1.0,0.0,1.0,0.0,46.0,46.0,19.69,19.69,1.74,True
09d6e93f-fe75-44af-a295-ba67d972c28a,Restaurant 1506,Philadelphia,IL,Sushi,4,Strong,2024-02-01,Tuesday,1,0.0,1.0,0.0,,,,30.23,30.23,5.64,True
8ce4a06e-47fe-476b-ae4a-bb74b8edca49,Restaurant 1523,Philadelphia,IL,Mexican,4,Strong,2024-07-01,Wednesday,1,1.0,0.0,1.0,1.0,27.0,27.0,8.65,8.65,2.87,True
51d1ccdf-f80e-4399-bf59-2aba16961341,Restaurant 1526,Philadelphia,IL,Chinese,4,Strong,2024-03-01,Tuesday,1,1.0,0.0,1.0,1.0,17.0,17.0,47.69,47.69,3.43,True
ca49b516-9e43-41ec-a7dc-23edd5251c39,Restaurant 1529,Philadelphia,IL,Pizza,4,Strong,2023-07-01,Sunday,1,1.0,0.0,1.0,0.0,37.0,37.0,42.06,42.06,6.46,True
f1403c9b-1fc5-427d-a9f2-121f8bcd4ab1,Restaurant 1533,Philadelphia,IL,Pizza,4,Strong,2024-10-01,Friday,1,1.0,0.0,1.0,1.0,28.0,28.0,39.49,39.49,3.46,True
666b1ea2-af12-4958-8204-e318b1b1b8e1,Restaurant 1536,Philadelphia,IL,Chinese,4,Strong,2022-01-01,Saturday,1,1.0,0.0,1.0,1.0,44.0,44.0,48.19,48.19,5.16,True
91f17179-ff9b-459d-a303-de02aa2c9bc2,Restaurant 1541,Philadelphia,IL,Sushi,4,Strong,2022-02-01,Sunday,1,1.0,0.0,1.0,1.0,17.0,17.0,8.0,8.0,4.82,True
aff84c9d-000d-4524-9fe0-567471ef54f2,Restaurant 1542,Philadelphia,IL,American (New),4,Strong,2022-03-01,Tuesday,1,1.0,0.0,1.0,0.0,64.0,64.0,35.79,35.79,5.39,True
dba4f0f7-c651-4824-b536-6c941283b1fe,Restaurant 1557,Philadelphia,IL,Coffee & Tea,4,Strong,2022-09-01,Friday,1,1.0,0.0,1.0,1.0,42.0,42.0,61.68,61.68,1.83,True
dbdffc7a-12ce-4d07-bbdd-d212be6cb1ae,Restaurant 1561,Philadelphia,IL,Chinese,4,Strong,2023-11-01,Tuesday,2,2.0,0.0,1.0,0.5,34.5,37.3,58.5,29.25,9.16,True
8e7e3077-a2f9-4fb5-8ad6-309d993d9fcd,Restaurant 1571,Philadelphia,IL,Seafood,4,Strong,2024-02-01,Saturday,1,1.0,0.0,1.0,0.0,45.0,45.0,41.37,41.37,7.47,True
38fd088b-2bcb-49ca-bf98-395bb4b88bb6,Restaurant 1597,Philadelphia,IL,Chinese,4,Strong,2023-03-01,Tuesday,1,1.0,0.0,1.0,1.0,32.0,32.0,30.62,30.62,4.83,True
70dc4f52-a00b-4863-90d5-181b76f7f68a,Restaurant 1604,Philadelphia,IL,Italian,5,Elite,2024-06-01,Friday,1,1.0,0.0,1.0,1.0,36.0,36.0,35.28,35.28,1.98,True
8e49de75-8b4d-4bca-9150-9c2acaff0992,Restaurant 1607,Philadelphia,IL,Italian,5,Elite,2024-06-01,Sunday,1,1.0,0.0,1.0,0.0,53.0,53.0,28.27,28.27,4.6,True
c013315b-5dbe-4159-85f6-96a0bf6d3a3f,Restaurant 1622,Philadelphia,IL,Mexican,5,Elite,2023-04-01,Monday,1,1.0,0.0,1.0,1.0,50.0,50.0,28.96,28.96,7.09,True
84776242-c7c3-47f0-8425-3244be83c12d,Restaurant 1631,Philadelphia,IL,Mexican,5,Elite,2023-07-01,Saturday,1,1.0,0.0,1.0,1.0,37.0,37.0,14.87,14.87,5.12,True
bd7f3331-00ab-4876-9f44-67a258eff00b,Restaurant 1632,Philadelphia,IL,Seafood,5,Elite,2022-02-01,Saturday,1,1.0,0.0,1.0,1.0,42.0,42.0,55.35,55.35,5.53,True
ade633a8-982c-4ef1-bbf6-dcdc8ad1ca4d,Restaurant 1671,Philadelphia,IL,Chinese,5,Elite,2024-11-01,Friday,1,1.0,0.0,1.0,1.0,32.0,32.0,38.67,38.67,6.44,True
9f803fa6-7a21-4d7e-9b7f-c4c638c27b16,Restaurant 1683,Philadelphia,IL,Burgers,5,Elite,2024-08-01,Thursday,1,1.0,0.0,1.0,1.0,18.0,18.0,8.0,8.0,2.73,True
98a248b0-a39d-4ca9-9bac-f0d321f78b27,Restaurant 1703,Philadelphia,IL,Burgers,5,Elite,2022-11-01,Tuesday,1,1.0,0.0,1.0,1.0,32.0,32.0,32.69,32.69,2.31,True
340ac7e4-b010-449a-b089-73707ad5dcc4,Restaurant 1750,Philadelphia,IL,Chinese,5,Elite,2022-05-01,Wednesday,1,1.0,0.0,1.0,0.0,45.0,45.0,40.24,40.24,2.43,True
6c5da0ab-aed4-4d3b-b115-28663e5752a7,Restaurant 1753,Philadelphia,IL,Coffee & Tea,5,Elite,2023-04-01,Monday,1,0.0,1.0,0.0,,,,32.3,32.3,6.52,True
14ec3205-bfb5-4268-91de-7596fb57f2e0,Restaurant 1781,Philadelphia,IL,Sushi,5,Elite,2023-11-01,Friday,1,1.0,0.0,1.0,1.0,26.0,26.0,41.33,41.33,5.85,True
61393ab1-25bf-4281-9b35-eff55f0ed03b,Restaurant 1782,Philadelphia,IL,Italian,5,Elite,2022-10-01,Monday,1,1.0,0.0,1.0,1.0,44.0,44.0,38.32,38.32,2.65,True
a916af62-8411-4776-bcae-f5188dbc62ef,Restaurant 1799,Philadelphia,IL,Thai,5,Elite,2022-06-01,Wednesday,1,1.0,0.0,1.0,1.0,11.0,11.0,27.98,27.98,7.43,True
73eb2659-3e0e-4f8a-828b-87772c5e713f,Restaurant 1813,Philadelphia,IL,Chinese,5,Elite,2024-02-01,Thursday,1,1.0,0.0,1.0,0.0,56.0,56.0,43.06,43.06,5.5,True
b9e6336b-3237-4308-849b-dd709625434a,Restaurant 1823,Philadelphia,IL,Italian,5,Elite,2023-06-01,Tuesday,1,1.0,0.0,1.0,1.0,12.0,12.0,34.71,34.71,7.0,True
4c2b9abf-bdc0-4c0b-a733-764baa4400b7,Restaurant 1873,Philadelphia,IL,Coffee & Tea,5,Elite,2024-03-01,Monday,1,1.0,0.0,1.0,0.0,59.0,59.0,26.16,26.16,3.66,True
cb0eb21c-b9c4-4235-9370-77861005de7b,Restaurant 1875,Philadelphia,IL,Thai,5,Elite,2023-04-01,Friday,1,1.0,0.0,1.0,0.0,37.0,37.0,23.8,23.8,1.43,True
32fc6be9-ccc3-4aa3-8a0a-01da90f0ae88,Restaurant 1894,Philadelphia,IL,Chinese,5,Elite,2024-10-01,Sunday,1,1.0,0.0,1.0,0.0,47.0,47.0,40.34,40.34,4.89,True
db7f1a46-58b9-4624-bc5a-5cc4877ee3a1,Restaurant 1903,Philadelphia,IL,Seafood,5,Elite,2022-09-01,Wednesday,1,1.0,0.0,1.0,0.0,51.0,51.0,45.12,45.12,3.66,True
f7d1c74d-5dd5-4c7e-9502-f8530536c11f,Restaurant 1908,Philadelphia,IL,Italian,5,Elite,2023-01-01,Saturday,1,1.0,0.0,1.0,1.0,37.0,37.0,35.87,35.87,2.84,True
4333fa1b-4926-4f83-ae6f-564fc51742a8,Restaurant 1909,Philadelphia,IL,Chinese,5,Elite,2024-03-01,Saturday,1,1.0,0.0,1.0,1.0,19.0,19.0,34.92,34.92,4.1,True
f7891691-a053-476b-b33a-28fcc2830410,Restaurant 1935,Philadelphia,IL,Burgers,5,Elite,2022-06-01,Tuesday,1,1.0,0.0,1.0,0.0,48.0,48.0,15.52,15.52,7.54,True
4ac9833b-19af-441a-8d9a-93564c36cbaf,Restaurant 1938,Philadelphia,IL,Chinese,5,Elite,2024-07-01,Friday,1,1.0,0.0,1.0,1.0,34.0,34.0,22.81,22.81,2.61,True
d38bf655-d7b9-4555-8069-4f5e59943d61,Restaurant 1944,Philadelphia,IL,Chinese,5,Elite,2022-09-01,Friday,1,1.0,0.0,1.0,1.0,21.0,21.0,64.7,64.7,2.92,True
f0da3a71-699c-4d88-b52d-e8088d3efa72,Restaurant 1948,Philadelphia,IL,American (New),5,Elite,2022-02-01,Friday,1,1.0,0.0,1.0,0.0,43.0,43.0,44.33,44.33,4.91,True
89c88845-6272-4757-9767-7fe270d2ae0d,Restaurant 1950,Philadelphia,IL,Pizza,5,Elite,2022-07-01,Thursday,1,0.0,1.0,0.0,,,,8.0,8.0,1.79,True
0fbb3950-36aa-406a-8648-fd43203ab1a9,Restaurant 1958,Philadelphia,IL,Pizza,5,Elite,2022-07-01,Monday,1,1.0,0.0,1.0,1.0,21.0,21.0,28.59,28.59,6.67,True
5ba59135-08cf-4bdd-88ef-71a4e0a687d2,Restaurant 1962,Philadelphia,IL,Coffee & Tea,5,Elite,2023-02-01,Saturday,1,1.0,0.0,1.0,0.0,68.0,68.0,8.0,8.0,3.6,True
7c5516a0-b640-4b18-9d97-dd6e4a5c9549,Restaurant 1970,Philadelphia,IL,Italian,5,Elite,2022-07-01,Thursday,1,1.0,0.0,1.0,1.0,37.0,37.0,36.86,36.86,7.22,True
b2d4b6cf-b248-43e2-b630-98b0af95fae7,Restaurant 1973,Philadelphia,IL,American (New),5,Elite,2023-04-01,Wednesday,1,1.0,0.0,1.0,1.0,30.0,30.0,16.08,16.08,7.53,True
2090d7ee-dd5f-44fd-bac1-540acdda5062,Restaurant 1977,Philadelphia,IL,Sushi,5,Elite,2024-06-01,Sunday,1,1.0,0.0,1.0,0.0,36.0,36.0,32.24,32.24,7.98,True
4375f874-a3f9-45ec-bd2f-437a10d47948,Restaurant 1987,Philadelphia,IL,Mexican,5,Elite,2023-10-01,Saturday,1,1.0,0.0,1.0,1.0,20.0,20.0,42.96,42.96,1.26,True
703dfc36-3a34-4d48-97bf-6ef384868e11,Restaurant 1988,Philadelphia,IL,American (New),5,Elite,2023-08-01,Tuesday,1,1.0,0.0,1.0,1.0,12.0,12.0,41.87,41.87,7.13,True
c88cf940-7964-448b-9783-ac8fe9c6a1fe,Restaurant 1996,Philadelphia,IL,Pizza,5,Elite,2024-12-01,Friday,1,1.0,0.0,1.0,1.0,33.0,33.0,22.01,22.01,6.88,True
6fecdbc0-d8e2-48ee-96d9-14f83ce372ae,Restaurant 4,Philadelphia,CO,Sushi,1,Low,2024-10-01,Thursday,1,1.0,0.0,1.0,1.0,29.0,29.0,8.0,8.0,4.47,True
68e0c89e-3f9e-4ca8-8fa6-2404e9cc7940,Restaurant 20,Philadelphia,CO,Sushi,1,Low,2022-07-01,Sunday,1,1.0,0.0,1.0,1.0,12.0,12.0,32.65,32.65,1.99,True
3aea0012-3268-4722-825e-e7a5931f3062,Restaurant 29,Philadelphia,CO,Thai,1,Low,2022-06-01,Sunday,1,1.0,0.0,1.0,1.0,22.0,22.0,49.85,49.85,3.68,True
cf671ce1-4d9d-4ad4-9b0c-170bb03226d0,Restaurant 30,Philadelphia,CO,Seafood,1,Low,2024-08-01,Saturday,1,1.0,0.0,1.0,1.0,10.0,10.0,37.76,37.76,7.83,True
7a1f1470-e03a-49e0-b9d6-14c2d47a2f6e,Restaurant 46,Philadelphia,CO,Burgers,1,Low,2023-04-01,Sunday,1,1.0,0.0,1.0,1.0,52.0,52.0,29.69,29.69,6.84,True
99f4838d-67fa-44bc-ad33-cd506b595287,Restaurant 67,Philadelphia,CO,Thai,1,Low,2024-08-01,Tuesday,1,1.0,0.0,1.0,0.0,45.0,45.0,15.66,15.66,7.04,True
03143fc7-44e4-4210-b9ae-52bfe495dab4,Restaurant 72,Philadelphia,CO,Sushi,1,Low,2023-10-01,Wednesday,1,1.0,0.0,1.0,1.0,25.0,25.0,30.04,30.04,5.07,True
578f751c-9992-4a0c-9dfb-2771d002e870,Restaurant 91,Philadelphia,CO,Mexican,1,Low,2023-08-01,Monday,1,1.0,0.0,1.0,1.0,36.0,36.0,23.9,23.9,3.52,True
2ca95a9c-ad28-4402-b5f1-08589564a057,Restaurant 92,Philadelphia,CO,Thai,1,Low,2022-09-01,Monday,1,1.0,0.0,1.0,0.0,48.0,48.0,33.23,33.23,7.43,True
0084935c-728e-4c12-b112-f20ca3d2abde,Restaurant 98,Philadelphia,CO,Sushi,1,Low,2024-09-01,Sunday,1,1.0,0.0,1.0,0.0,43.0,43.0,36.95,36.95,2.31,True
29a898ba-79ec-4602-8961-2a35e921aa23,Restaurant 107,Philadelphia,CO,Coffee & Tea,1,Low,2024-02-01,Saturday,1,1.0,0.0,1.0,1.0,27.0,27.0,36.77,36.77,2.83,True
bb73b323-a867-460e-8abe-9e713e9a6276,Restaurant 122,Philadelphia,CO,Burgers,1,Low,2022-11-01,Thursday,1,1.0,0.0,1.0,0.0,64.0,64.0,39.63,39.63,5.44,True
20e51a62-a3d1-41c0-82fa-2be9d4e5692b,Restaurant 143,Philadelphia,CO,Burgers,1,Low,2022-06-01,Saturday,1,1.0,0.0,1.0,1.0,42.0,42.0,52.23,52.23,5.19,True
50ab1adc-bdf5-4eb4-b5a1-72842c30a0f4,Restaurant 167,Philadelphia,CO,Burgers,1,Low,2023-11-01,Thursday,1,1.0,0.0,1.0,1.0,34.0,34.0,37.41,37.41,7.87,True
60bac4b7-e0e5-43d3-b1a0-952b377afe55,Restaurant 193,Philadelphia,CO,Sushi,1,Low,2024-06-01,Sunday,1,1.0,0.0,1.0,0.0,44.0,44.0,24.45,24.45,7.49,True
0edfe373-cedc-4b7e-876d-50e28961c02b,Restaurant 199,Philadelphia,CO,American (New),1,Low,2022-12-01,Sunday,1,1.0,0.0,1.0,0.0,55.0,55.0,52.34,52.34,7.57,True
ea870a94-b7d0-4c5b-9667-e7e12fbc0851,Restaurant 202,Philadelphia,CO,Pizza,1,Low,2022-10-01,Saturday,1,0.0,1.0,0.0,,,,13.18,13.18,4.78,True
3afb5443-3794-4bec-885a-73ec99063de9,Restaurant 214,Philadelphia,CO,Chinese,1,Low,2022-09-01,Friday,1,0.0,1.0,0.0,,,,38.68,38.68,5.3,True
6f9f97f5-e941-429a-83c7-42d0a9e59684,Restaurant 219,Philadelphia,CO,Italian,1,Low,2022-04-01,Saturday,1,1.0,0.0,1.0,0.0,54.0,54.0,22.36,22.36,1.81,True
53e230c7-815a-47f9-9cf7-b99477c82453,Restaurant 220,Philadelphia,CO,Thai,1,Low,2023-05-01,Wednesday,1,1.0,0.0,1.0,1.0,27.0,27.0,8.0,8.0,6.22,True
6371e5ef-864a-4066-bee6-581995c38c66,Restaurant 234,Philadelphia,CO,Thai,1,Low,2024-09-01,Wednesday,1,1.0,0.0,1.0,1.0,22.0,22.0,10.35,10.35,1.08,True
0b66c9d0-846f-4caf-909e-317db4b1762a,Restaurant 252,Philadelphia,CO,Burgers,1,Low,2023-06-01,Thursday,1,1.0,0.0,1.0,1.0,42.0,42.0,40.25,40.25,7.98,True
8e5b919b-d088-4e5c-9f63-1f0881030bbb,Restaurant 265,Philadelphia,CO,Coffee & Tea,1,Low,2022-12-01,Friday,1,1.0,0.0,1.0,1.0,23.0,23.0,50.36,50.36,1.5,True
49de81c9-db46-4023-b9b3-95bc33ac3880,Restaurant 275,Philadelphia,CO,Italian,1,Low,2022-07-01,Tuesday,1,1.0,0.0,1.0,1.0,24.0,24.0,24.5,24.5,3.88,True
2f9a2f5b-dbcd-4cdb-813d-d62ffe6140d6,Restaurant 277,Philadelphia,CO,Thai,1,Low,2023-10-01,Monday,1,1.0,0.0,1.0,0.0,29.0,29.0,28.42,28.42,1.28,True
30bdf076-0f69-43c1-8a9f-26a5420d5f93,Restaurant 289,Philadelphia,CO,Thai,1,Low,2022-10-01,Monday,1,1.0,0.0,1.0,1.0,10.0,10.0,22.15,22.15,6.67,True
c2c700aa-34b0-47c8-a47e-25340aba399c,Restaurant 294,Philadelphia,CO,Chinese,1,Low,2023-04-01,Friday,1,1.0,0.0,1.0,1.0,27.0,27.0,21.12,21.12,6.73,True
58357869-9a06-48b6-afd9-d7aa8947f36c,Restaurant 295,Philadelphia,CO,Seafood,1,Low,2023-07-01,Sunday,1,1.0,0.0,1.0,1.0,59.0,59.0,15.39,15.39,1.0,True
8d616c21-f974-4c22-89c4-24774c8422cb,Restaurant 296,Philadelphia,CO,Pizza,1,Low,2022-01-01,Monday,1,1.0,0.0,1.0,1.0,51.0,51.0,11.57,11.57,5.27,True
d5a2dee4-9113-4236-a6a3-6446db75a75d,Restaurant 298,Philadelphia,CO,Burgers,1,Low,2024-02-01,Wednesday,1,1.0,0.0,1.0,0.0,54.0,54.0,34.3,34.3,7.51,True
c91f0492-e374-448f-9ff5-59ebeb42f7af,Restaurant 306,Philadelphia,CO,Thai,1,Low,2023-06-01,Monday,1,1.0,0.0,1.0,1.0,28.0,28.0,8.0,8.0,3.28,True
53113463-5756-47f1-9100-97d044972194,Restaurant 343,Philadelphia,CO,Pizza,1,Low,2024-01-01,Monday,1,1.0,0.0,1.0,1.0,21.0,21.0,8.89,8.89,7.1,True
507ee648-1869-4188-ab66-947ca2263c4d,Restaurant 348,Philadelphia,CO,Thai,1,Low,2023-10-01,Sunday,1,1.0,0.0,1.0,1.0,30.0,30.0,17.15,17.15,1.75,True
c4cfb25e-27a9-4fba-9ed9-0f21f19a38cd,Restaurant 367,Philadelphia,CO,Mexican,1,Low,2024-11-01,Thursday,1,1.0,0.0,1.0,1.0,33.0,33.0,36.53,36.53,1.43,True
1049731b-f8c8-4257-8315-e45e89676bd0,Restaurant 380,Philadelphia,CO,Italian,1,Low,2022-02-01,Saturday,1,1.0,0.0,1.0,0.0,40.0,40.0,13.49,13.49,1.27,True
90fad54d-5356-4748-a873-66024d5fd74f,Restaurant 395,Philadelphia,CO,Italian,1,Low,2024-10-01,Saturday,1,1.0,0.0,1.0,1.0,18.0,18.0,41.05,41.05,6.44,True
af0f70f7-1132-4ca7-b9c6-d2638c268911,Restaurant 418,Philadelphia,CO,Chinese,2,Below Average,2023-05-01,Tuesday,1,1.0,0.0,1.0,0.0,29.0,29.0,26.44,26.44,4.89,True
71cf2e30-089c-4c47-b392-3b72868df558,Restaurant 437,Philadelphia,CO,Coffee & Tea,2,Below Average,2022-07-01,Sunday,1,1.0,0.0,1.0,1.0,31.0,31.0,29.29,29.29,2.31,True
5aa180ba-fa96-4ea5-b66a-a5c1a1881e03,Restaurant 454,Philadelphia,CO,Sushi,2,Below Average,2024-05-01,Saturday,1,1.0,0.0,1.0,1.0,35.0,35.0,11.14,11.14,2.15,True
166c4f60-ee78-432b-8fcf-7cb3effa9d96,Restaurant 461,Philadelphia,CO,Sushi,2,Below Average,2022-02-01,Sunday,1,1.0,0.0,1.0,1.0,10.0,10.0,23.67,23.67,5.5,True
0d6deae0-2cc7-4283-8059-1f78aa589976,Restaurant 463,Philadelphia,CO,Chinese,2,Below Average,2022-01-01,Wednesday,1,1.0,0.0,1.0,1.0,12.0,12.0,39.38,39.38,7.7,True
e4ed1817-8105-4170-bc19-feaa24b45a39,Restaurant 467,Philadelphia,CO,Coffee & Tea,2,Below Average,2023-12-01,Saturday,1,1.0,0.0,1.0,1.0,24.0,24.0,43.13,43.13,3.71,True
cdd715a7-e0b1-4867-ad94-59f94a9ac55b,Restaurant 468,Philadelphia,CO,Burgers,2,Below Average,2023-08-01,Thursday,1,1.0,0.0,1.0,1.0,14.0,14.0,39.36,39.36,4.04,True
f78ac04b-8828-44e5-9ab7-8612af2be2ed,Restaurant 498,Philadelphia,CO,Pizza,2,Below Average,2024-08-01,Saturday,1,1.0,0.0,1.0,1.0,45.0,45.0,30.25,30.25,7.81,True
a2db757f-3ed1-433e-ad54-514e3551a439,Restaurant 500,Philadelphia,CO,Seafood,2,Below Average,2023-08-01,Friday,1,1.0,0.0,1.0,1.0,25.0,25.0,8.56,8.56,3.06,True
436d7edd-d768-4c3b-8986-4021af5abc6c,Restaurant 501,Philadelphia,CO,Mexican,2,Below Average,2024-08-01,Thursday,1,1.0,0.0,1.0,1.0,28.0,28.0,33.08,33.08,7.05,True
c044e783-ff82-4f84-bbe0-c6f665bdf0ea,Restaurant 509,Philadelphia,CO,Thai,2,Below Average,2023-08-01,Monday,1,1.0,0.0,1.0,1.0,29.0,29.0,32.1,32.1,6.82,True
c58511e2-7722-45db-a324-c70baad7b83b,Restaurant 527,Philadelphia,CO,American (New),2,Below Average,2024-03-01,Wednesday,1,1.0,0.0,1.0,1.0,27.0,27.0,36.05,36.05,1.98,True
85160969-a600-4bbb-931f-921e8f6ca546,Restaurant 538,Philadelphia,CO,American (New),2,Below Average,2022-08-01,Saturday,1,1.0,0.0,1.0,0.0,47.0,47.0,31.6,31.6,5.97,True
8c589070-c353-4ce4-ae49-3c86be0b368a,Restaurant 584,Philadelphia,CO,Thai,2,Below Average,2022-12-01,Friday,1,1.0,0.0,1.0,1.0,26.0,26.0,27.8,27.8,3.63,True
51284762-7ea6-453e-bb06-ff60f6121e54,Restaurant 585,Philadelphia,CO,Chinese,2,Below Average,2023-11-01,Sunday,1,1.0,0.0,1.0,0.0,49.0,49.0,22.49,22.49,1.15,True
34ce731e-46b1-49ac-ae4b-63546064f52a,Restaurant 591,Philadelphia,CO,Sushi,2,Below Average,2024-09-01,Saturday,1,1.0,0.0,1.0,1.0,23.0,23.0,10.78,10.78,1.23,True
bd1a98c3-6712-4fb2-a8ba-8ca349d7af5d,Restaurant 594,Philadelphia,CO,Thai,2,Below Average,2024-01-01,Monday,1,1.0,0.0,1.0,1.0,36.0,36.0,43.29,43.29,7.84,True
235bc7b6-6d51-4c72-8dfc-05eb22c40122,Restaurant 605,Philadelphia,CO,Mexican,2,Below Average,2023-10-01,Monday,1,1.0,0.0,1.0,1.0,10.0,10.0,55.26,55.26,6.72,True
9b604f7c-caad-48c4-a131-aab5807382ec,Restaurant 606,Philadelphia,CO,Burgers,2,Below Average,2022-02-01,Thursday,1,1.0,0.0,1.0,1.0,42.0,42.0,18.08,18.08,6.26,True
31c79f9f-ad25-4819-81b4-557ccb7128bc,Restaurant 607,Philadelphia,CO,Thai,2,Below Average,2024-01-01,Wednesday,1,1.0,0.0,1.0,0.0,41.0,41.0,10.73,10.73,7.08,True
caac8fe1-db02-434f-a68c-96232479bc7c,Restaurant 614,Philadelphia,CO,Coffee & Tea,2,Below Average,2023-09-01,Tuesday,1,1.0,0.0,1.0,1.0,22.0,22.0,18.1,18.1,2.49,True
376cddf7-a0c8-42c1-9ca9-8c60a0517984,Restaurant 617,Philadelphia,CO,American (New),2,Below Average,2023-09-01,Sunday,1,1.0,0.0,1.0,1.0,34.0,34.0,36.28,36.28,7.93,True
920cd9d3-615e-4a62-bc45-541f514f818f,Restaurant 624,Philadelphia,CO,Coffee & Tea,2,Below Average,2023-09-01,Thursday,1,1.0,0.0,1.0,0.0,36.0,36.0,38.76,38.76,2.87,True
fcaa2513-ce07-40f0-b9d0-d3fba275c1fd,Restaurant 625,Philadelphia,CO,Pizza,2,Below Average,2022-12-01,Wednesday,1,1.0,0.0,1.0,0.0,42.0,42.0,30.37,30.37,3.64,True
996fd2b9-3319-4897-b93a-196dbf41776c,Restaurant 636,Philadelphia,CO,Pizza,2,Below Average,2022-02-01,Thursday,1,1.0,0.0,1.0,1.0,47.0,47.0,45.11,45.11,6.49,True
3bcfb998-0838-4404-bd85-1c937d6bba27,Restaurant 640,Philadelphia,CO,Italian,2,Below Average,2022-06-01,Tuesday,1,1.0,0.0,1.0,1.0,17.0,17.0,30.36,30.36,6.72,True
b7d5dc5c-a74e-4884-8a08-b588145a5695,Restaurant 664,Philadelphia,CO,American (New),2,Below Average,2024-01-01,Saturday,1,1.0,0.0,1.0,1.0,28.0,28.0,38.03,38.03,6.01,True
52e8fb34-c578-4ef6-aa7a-6b36da3362b7,Restaurant 676,Philadelphia,CO,Coffee & Tea,2,Below Average,2022-11-01,Sunday,1,1.0,0.0,1.0,1.0,24.0,24.0,17.96,17.96,2.71,True
711a21c6-85e3-4b4d-ad5c-aa69ca2c82a4,Restaurant 681,Philadelphia,CO,Coffee & Tea,2,Below Average,2024-05-01,Saturday,1,1.0,0.0,1.0,1.0,25.0,25.0,8.0,8.0,6.5,True
6e510df3-bcf4-4569-bcf2-76ba6b464291,Restaurant 688,Philadelphia,CO,Sushi,2,Below Average,2024-05-01,Sunday,1,1.0,0.0,1.0,0.0,39.0,39.0,25.6,25.6,6.25,True
9d5835e6-d19e-49f9-b602-d7f5f81ccf29,Restaurant 689,Philadelphia,CO,Italian,2,Below Average,2024-12-01,Saturday,1,1.0,0.0,1.0,1.0,35.0,35.0,8.0,8.0,5.4,True
66eee0aa-2503-47bc-a553-ccb1896798de,Restaurant 706,Philadelphia,CO,Sushi,2,Below Average,2022-08-01,Wednesday,1,1.0,0.0,1.0,1.0,29.0,29.0,12.24,12.24,4.28,True
b31ead8c-2c94-4e5a-8728-4747a62d66ff,Restaurant 709,Philadelphia,CO,Coffee & Tea,2,Below Average,2024-07-01,Wednesday,1,1.0,0.0,1.0,0.0,40.0,40.0,34.1,34.1,6.22,True
f3124524-fe88-43db-bdc0-b8899ac991b0,Restaurant 728,Philadelphia,CO,Chinese,2,Below Average,2022-02-01,Thursday,1,0.0,1.0,0.0,,,,23.64,23.64,5.1,True
7bcf338e-a1b8-4088-8fe5-443844f4e484,Restaurant 740,Philadelphia,CO,Chinese,2,Below Average,2022-05-01,Wednesday,1,1.0,0.0,1.0,1.0,34.0,34.0,9.19,9.19,3.34,True
e5511228-c2c2-486c-af32-7fb47588c455,Restaurant 746,Philadelphia,CO,Coffee & Tea,2,Below Average,2022-06-01,Friday,1,1.0,0.0,1.0,1.0,15.0,15.0,19.14,19.14,7.84,True
52775d01-bd36-429f-a4bf-98ea53967b12,Restaurant 760,Philadelphia,CO,Pizza,2,Below Average,2022-12-01,Sunday,1,1.0,0.0,1.0,1.0,17.0,17.0,22.24,22.24,3.42,True
62671a22-8b02-41f3-a691-c7c133b971fa,Restaurant 770,Philadelphia,CO,Pizza,2,Below Average,2024-12-01,Tuesday,1,1.0,0.0,1.0,1.0,33.0,33.0,16.77,16.77,3.93,True
610b9511-169a-482d-b6c7-868749a8dc02,Restaurant 780,Philadelphia,CO,Mexican,2,Below Average,2023-01-01,Tuesday,1,1.0,0.0,1.0,1.0,31.0,31.0,35.97,35.97,2.91,True
556dae63-0d42-4f81-a507-ae5d4431a3ad,Restaurant 820,Philadelphia,CO,Chinese,3,Average,2023-03-01,Saturday,1,1.0,0.0,1.0,0.0,49.0,49.0,22.03,22.03,5.25,True
78911af0-517c-4acf-9de0-886265e80a4f,Restaurant 824,Philadelphia,CO,Pizza,3,Average,2023-08-01,Friday,1,1.0,0.0,1.0,1.0,26.0,26.0,38.23,38.23,1.97,True
71c1230b-1d31-45e2-8104-eaf018b0c1c6,Restaurant 829,Philadelphia,CO,Coffee & Tea,3,Average,2024-04-01,Monday,1,1.0,0.0,1.0,0.0,36.0,36.0,25.83,25.83,1.49,True
b8548863-aaf9-4e15-89a2-7f88a0c42b08,Restaurant 911,Philadelphia,CO,Seafood,3,Average,2023-03-01,Saturday,1,1.0,0.0,1.0,0.0,39.0,39.0,8.0,8.0,3.61,True
6246a3ea-031d-46d2-ac96-8112879411b3,Restaurant 913,Philadelphia,CO,Burgers,3,Average,2024-12-01,Tuesday,1,1.0,0.0,1.0,1.0,33.0,33.0,13.2,13.2,5.47,True
b4df87c7-7d74-47e5-9b26-ed0dfcbba978,Restaurant 914,Philadelphia,CO,Italian,3,Average,2023-07-01,Thursday,1,1.0,0.0,1.0,1.0,23.0,23.0,9.08,9.08,2.94,True
2c2f6ec2-2155-443b-abc4-0ef3d003f4ed,Restaurant 928,Philadelphia,CO,Mexican,3,Average,2024-10-01,Tuesday,1,1.0,0.0,1.0,0.0,51.0,51.0,8.0,8.0,5.66,True
d093ebd2-7f75-4ef0-9771-2d1f2c068ad4,Restaurant 930,Philadelphia,CO,Sushi,3,Average,2022-04-01,Thursday,1,1.0,0.0,1.0,1.0,12.0,12.0,8.0,8.0,6.68,True
eb0274f1-06bc-4d4b-ba9e-553b0cb5c0e5,Restaurant 934,Philadelphia,CO,Seafood,3,Average,2022-05-01,Wednesday,1,1.0,0.0,1.0,1.0,42.0,42.0,15.79,15.79,7.39,True
2481c45e-4b90-4472-aaa7-e14d81b4f2bf,Restaurant 965,Philadelphia,CO,Burgers,3,Average,2024-03-01,Sunday,1,1.0,0.0,1.0,1.0,20.0,20.0,18.08,18.08,1.61,True
6a4dea5a-acd6-4a0f-94f1-76aee923108a,Restaurant 974,Philadelphia,CO,Thai,3,Average,2022-09-01,Saturday,1,1.0,0.0,1.0,1.0,29.0,29.0,20.49,20.49,4.74,True
44b9ddfb-d404-4437-be86-a60b3a0f233a,Restaurant 990,Philadelphia,CO,Chinese,3,Average,2023-04-01,Wednesday,1,1.0,0.0,1.0,1.0,32.0,32.0,32.44,32.44,5.33,True
4ec9fe38-9d1f-4f7d-96f3-4d4149e45e97,Restaurant 993,Philadelphia,CO,Burgers,3,Average,2022-05-01,Monday,1,1.0,0.0,1.0,0.0,67.0,67.0,15.71,15.71,2.77,True
1c6668cf-2035-4c38-944e-5456123ad708,Restaurant 1000,Philadelphia,CO,Burgers,3,Average,2022-12-01,Sunday,1,0.0,1.0,0.0,,,,18.61,18.61,1.48,True
ed0bdb44-60e6-4efa-9428-1ee9ac812ece,Restaurant 1006,Philadelphia,CO,Chinese,3,Average,2023-07-01,Tuesday,1,1.0,0.0,1.0,0.0,54.0,54.0,8.0,8.0,4.34,True
14b7426b-4a12-447e-bb7b-f03d01fce912,Restaurant 1008,Philadelphia,CO,Pizza,3,Average,2023-07-01,Thursday,1,1.0,0.0,1.0,1.0,22.0,22.0,9.68,9.68,5.22,True
e296d202-f022-42b9-988d-360a619d8343,Restaurant 1020,Philadelphia,CO,Burgers,3,Average,2022-06-01,Thursday,1,0.0,1.0,0.0,,,,18.12,18.12,2.23,True
d14e9175-d81b-4006-b0a6-dfbf59ff8656,Restaurant 1044,Philadelphia,CO,Italian,3,Average,2024-02-01,Tuesday,1,1.0,0.0,1.0,1.0,33.0,33.0,60.81,60.81,5.14,True
37d7f590-d95e-44f2-897a-98750153f803,Restaurant 1046,Philadelphia,CO,Burgers,3,Average,2024-04-01,Saturday,1,1.0,0.0,1.0,1.0,45.0,45.0,38.98,38.98,7.21,True
4c899b00-0ee6-4ea1-99ad-105f1035d9f4,Restaurant 1070,Philadelphia,CO,Sushi,3,Average,2022-10-01,Saturday,1,1.0,0.0,1.0,1.0,35.0,35.0,34.28,34.28,6.79,True
98704bbd-22a4-4064-90df-f0915b69bccf,Restaurant 1086,Philadelphia,CO,Thai,3,Average,2023-07-01,Tuesday,1,0.0,1.0,0.0,,,,44.78,44.78,7.1,True
7a748cca-8684-4191-a095-ddcad7010130,Restaurant 1093,Philadelphia,CO,Sushi,3,Average,2022-04-01,Tuesday,1,1.0,0.0,1.0,0.0,47.0,47.0,26.19,26.19,1.46,True
e617f2f1-9f83-434f-9629-6385a0b313df,Restaurant 1106,Philadelphia,CO,Seafood,3,Average,2023-05-01,Thursday,1,1.0,0.0,1.0,1.0,21.0,21.0,39.66,39.66,1.23,True
4551a7b7-3717-4d3d-9f6c-dc8b7834f807,Restaurant 1144,Philadelphia,CO,Italian,3,Average,2022-06-01,Wednesday,1,1.0,0.0,1.0,0.0,51.0,51.0,8.0,8.0,3.75,True
25368af1-43f5-4c6e-a73c-fc86f7aace61,Restaurant 1145,Philadelphia,CO,Seafood,3,Average,2024-03-01,Tuesday,1,1.0,0.0,1.0,1.0,35.0,35.0,10.51,10.51,3.27,True
f64d42d8-5d6f-4ba3-b37a-d1fe63e4d8f9,Restaurant 1161,Philadelphia,CO,Pizza,3,Average,2024-11-01,Thursday,1,1.0,0.0,1.0,1.0,30.0,30.0,12.19,12.19,1.52,True
e7006481-e3df-4713-a53e-b9f58074079d,Restaurant 1164,Philadelphia,CO,Chinese,3,Average,2023-07-01,Tuesday,1,1.0,0.0,1.0,1.0,34.0,34.0,48.5,48.5,3.65,True
91db77b1-0bab-456d-a759-f24b7da60d83,Restaurant 1168,Philadelphia,CO,Seafood,3,Average,2024-01-01,Tuesday,1,1.0,0.0,1.0,0.0,41.0,41.0,41.26,41.26,1.79,True
3e615fe9-f6eb-4d9c-8e58-66031363460a,Restaurant 1174,Philadelphia,CO,Seafood,3,Average,2023-09-01,Saturday,1,1.0,0.0,1.0,0.0,46.0,46.0,31.05,31.05,6.32,True
cf052e07-e854-425f-aa56-1f8759dc14af,Restaurant 1184,Philadelphia,CO,Seafood,3,Average,2024-09-01,Friday,1,1.0,0.0,1.0,0.0,44.0,44.0,12.85,12.85,5.21,True
394f87d6-2bc1-4cdf-a7ee-8969c305999c,Restaurant 1196,Philadelphia,CO,Seafood,3,Average,2024-03-01,Sunday,1,1.0,0.0,1.0,1.0,24.0,24.0,22.94,22.94,2.24,True
892bfd96-b2bf-4fe5-9236-df64462397a2,Restaurant 1228,Philadelphia,CO,Italian,4,Strong,2024-08-01,Wednesday,1,1.0,0.0,1.0,1.0,26.0,26.0,49.88,49.88,4.2,True
32416e25-476c-4c1a-8a99-eb9067939b8e,Restaurant 1232,Philadelphia,CO,Pizza,4,Strong,2022-11-01,Friday,1,1.0,0.0,1.0,1.0,25.0,25.0,36.84,36.84,6.38,True
530282f3-48d2-4fd5-9c91-e2915a3de69e,Restaurant 1242,Philadelphia,CO,Coffee & Tea,4,Strong,2022-07-01,Thursday,1,1.0,0.0,1.0,1.0,53.0,53.0,20.06,20.06,4.65,True
9cdf422a-1737-4844-804f-f3f7445891c6,Restaurant 1246,Philadelphia,CO,Mexican,4,Strong,2024-01-01,Friday,1,1.0,0.0,1.0,1.0,31.0,31.0,48.98,48.98,7.76,True
8d7b7c77-224e-44e7-abd2-58440cf94146,Restaurant 1256,Philadelphia,CO,Seafood,4,Strong,2022-02-01,Monday,1,1.0,0.0,1.0,1.0,23.0,23.0,26.86,26.86,1.83,True
ad77a28a-7822-467e-a29b-1b7137ab81de,Restaurant 1263,Philadelphia,CO,Mexican,4,Strong,2022-11-01,Thursday,1,1.0,0.0,1.0,0.0,52.0,52.0,32.22,32.22,1.17,True
0743d601-3bf8-4702-90f1-672ae409d0f2,Restaurant 1271,Philadelphia,CO,Sushi,4,Strong,2024-03-01,Thursday,1,1.0,0.0,1.0,1.0,44.0,44.0,11.01,11.01,3.14,True
b3421fcf-c288-4154-bb38-a76cdb5493b6,Restaurant 1287,Philadelphia,CO,Italian,4,Strong,2022-06-01,Saturday,1,1.0,0.0,1.0,0.0,64.0,64.0,49.71,49.71,6.6,True
7d77f3d5-9661-4a48-bc50-276af59798f0,Restaurant 1293,Philadelphia,CO,Thai,4,Strong,2022-03-01,Sunday,1,1.0,0.0,1.0,0.0,45.0,45.0,26.6,26.6,1.68,True
baeea725-7d61-4880-97f3-1464934553dd,Restaurant 1298,Philadelphia,CO,Thai,4,Strong,2023-10-01,Sunday,1,1.0,0.0,1.0,0.0,38.0,38.0,19.62,19.62,5.87,True
bab28f09-4af5-4700-9f38-b86466e0a8c3,Restaurant 1304,Philadelphia,CO,Chinese,4,Strong,2024-06-01,Friday,1,1.0,0.0,1.0,1.0,24.0,24.0,43.65,43.65,1.21,True
944cdb17-4eac-4012-bdeb-53d374834d1b,Restaurant 1312,Philadelphia,CO,Burgers,4,Strong,2022-10-01,Monday,1,1.0,0.0,1.0,0.0,78.0,78.0,28.64,28.64,5.93,True
cc86ffe0-902e-4790-87df-41573291b731,Restaurant 1314,Philadelphia,CO,Thai,4,Strong,2023-07-01,Monday,1,1.0,0.0,1.0,1.0,32.0,32.0,10.47,10.47,1.46,True
4db6e23b-c2ae-4d32-baf0-3e18a981ee57,Restaurant 1315,Philadelphia,CO,Pizza,4,Strong,2022-11-01,Sunday,1,1.0,0.0,1.0,1.0,26.0,26.0,8.29,8.29,6.6,True
89c1b00a-8168-4976-acae-9f96329717a3,Restaurant 1329,Philadelphia,CO,Italian,4,Strong,2023-03-01,Sunday,1,1.0,0.0,1.0,0.0,52.0,52.0,46.7,46.7,7.28,True
23eb233c-bbb7-41ce-9834-a5cefdc4017a,Restaurant 1356,Philadelphia,CO,Coffee & Tea,4,Strong,2023-01-01,Tuesday,1,1.0,0.0,1.0,1.0,10.0,10.0,57.41,57.41,5.45,True
9ba6e1de-fc50-44b6-9c95-17a26c8f5f7a,Restaurant 1363,Philadelphia,CO,Thai,4,Strong,2024-08-01,Sunday,1,1.0,0.0,1.0,1.0,48.0,48.0,8.0,8.0,6.72,True
6e532e2a-a7ec-4bc1-a73c-f9cbfcb015f2,Restaurant 1384,Philadelphia,CO,Seafood,4,Strong,2022-08-01,Friday,1,1.0,0.0,1.0,1.0,20.0,20.0,56.8,56.8,5.49,True
590aee83-b720-448e-b3f2-4a8570d03160,Restaurant 1415,Philadelphia,CO,Chinese,4,Strong,2022-11-01,Wednesday,1,1.0,0.0,1.0,1.0,28.0,28.0,20.49,20.49,2.38,True
f1a5c50f-a907-46bf-9c6d-df9a36e6ccbb,Restaurant 1431,Philadelphia,CO,Seafood,4,Strong,2024-11-01,Friday,1,1.0,0.0,1.0,1.0,29.0,29.0,33.51,33.51,7.76,True
e4828866-b82f-45c2-80ae-1b9a77bdbc25,Restaurant 1434,Philadelphia,CO,Seafood,4,Strong,2022-06-01,Saturday,1,1.0,0.0,1.0,1.0,38.0,38.0,41.36,41.36,6.76,True
83315ede-7778-44a5-b680-1030fcc1e342,Restaurant 1441,Philadelphia,CO,Chinese,4,Strong,2023-03-01,Monday,1,1.0,0.0,1.0,0.0,54.0,54.0,12.4,12.4,7.41,True
98950463-b9e8-4a60-956c-1c6be4c6b8a5,Restaurant 1448,Philadelphia,CO,Chinese,4,Strong,2022-05-01,Saturday,1,1.0,0.0,1.0,1.0,23.0,23.0,32.99,32.99,2.31,True
6a69ee2a-c037-49f4-b45d-70c665a4c016,Restaurant 1450,Philadelphia,CO,Coffee & Tea,4,Strong,2024-11-01,Tuesday,1,1.0,0.0,1.0,0.0,45.0,45.0,29.14,29.14,4.88,True
fba73bf8-d40c-4e3a-a42a-04eca45ec072,Restaurant 1461,Philadelphia,CO,Seafood,4,Strong,2022-04-01,Thursday,1,1.0,0.0,1.0,0.0,58.0,58.0,9.28,9.28,5.21,True
7fe2f7a2-0bee-45a9-9026-8ebdfe382f3d,Restaurant 1479,Philadelphia,CO,Chinese,4,Strong,2024-10-01,Thursday,1,1.0,0.0,1.0,1.0,33.0,33.0,36.36,36.36,2.44,True
a4b89c7f-f0c3-4e51-b512-9e0293a0fe01,Restaurant 1491,Philadelphia,CO,Seafood,4,Strong,2024-04-01,Sunday,1,1.0,0.0,1.0,0.0,46.0,46.0,8.0,8.0,1.0,True
6c75efc4-23ed-4a9e-bf54-3d9b6a76a235,Restaurant 1504,Philadelphia,CO,Coffee & Tea,4,Strong,2024-11-01,Monday,1,1.0,0.0,1.0,1.0,39.0,39.0,8.0,8.0,5.87,True
99dc75d8-4b0a-4c60-9cff-6cf87a91eec0,Restaurant 1517,Philadelphia,CO,Sushi,4,Strong,2022-09-01,Monday,1,1.0,0.0,1.0,1.0,29.0,29.0,27.7,27.7,4.35,True
acf07cd1-be70-465a-957e-f8ce255df639,Restaurant 1539,Philadelphia,CO,Burgers,4,Strong,2024-11-01,Tuesday,1,1.0,0.0,1.0,1.0,32.0,32.0,43.8,43.8,3.54,True
8519e1e3-3bed-4a0f-a322-a6075ea9b337,Restaurant 1551,Philadelphia,CO,Thai,4,Strong,2024-05-01,Tuesday,1,1.0,0.0,1.0,0.0,44.0,44.0,17.81,17.81,6.57,True
3a2ee7b6-ffed-4ca4-9204-42b330623809,Restaurant 1558,Philadelphia,CO,Sushi,4,Strong,2023-05-01,Saturday,1,1.0,0.0,1.0,0.0,56.0,56.0,29.1,29.1,3.3,True
a2416b0c-f55e-4f3c-8501-9b3fd33b1b29,Restaurant 1563,Philadelphia,CO,Chinese,4,Strong,2024-04-01,Sunday,1,1.0,0.0,1.0,1.0,22.0,22.0,30.7,30.7,2.52,True
530b77de-d14e-49e0-88cf-46f88cc81b83,Restaurant 1582,Philadelphia,CO,Sushi,4,Strong,2024-12-01,Saturday,1,1.0,0.0,1.0,0.0,42.0,42.0,36.74,36.74,1.79,True
f6a5829b-7783-4f62-87e9-8514484e1362,Restaurant 1585,Philadelphia,CO,Italian,4,Strong,2024-02-01,Saturday,1,1.0,0.0,1.0,1.0,37.0,37.0,41.49,41.49,1.09,True
02d589e4-8aa0-4384-abdd-5388842fe1ae,Restaurant 1598,Philadelphia,CO,American (New),4,Strong,2023-10-01,Monday,1,1.0,0.0,1.0,1.0,11.0,11.0,45.46,45.46,3.83,True
f5ccd3d1-923e-4058-8ec8-646341fa2710,Restaurant 1603,Philadelphia,CO,Italian,5,Elite,2024-07-01,Saturday,1,1.0,0.0,1.0,0.0,55.0,55.0,43.45,43.45,4.5,True
cc959c3c-7ea9-4f92-8508-3a26c65e86cc,Restaurant 1613,Philadelphia,CO,Sushi,5,Elite,2022-12-01,Sunday,1,1.0,0.0,1.0,1.0,36.0,36.0,29.47,29.47,3.66,True
0a81fa0a-021b-4194-a11a-f3eb5998fb70,Restaurant 1634,Philadelphia,CO,Seafood,5,Elite,2022-03-01,Saturday,1,1.0,0.0,1.0,1.0,21.0,21.0,15.07,15.07,7.03,True
b156ecb1-33cf-4d90-8d3f-9e0df08d82c9,Restaurant 1645,Philadelphia,CO,Sushi,5,Elite,2023-11-01,Monday,1,1.0,0.0,1.0,1.0,36.0,36.0,34.8,34.8,7.54,True
27eaab64-09e4-49d5-ad52-955fa9c037d3,Restaurant 1652,Philadelphia,CO,Seafood,5,Elite,2022-12-01,Saturday,1,1.0,0.0,1.0,1.0,11.0,11.0,47.0,47.0,7.62,True
9889012c-0933-4446-a312-974bf5f7cc88,Restaurant 1660,Philadelphia,CO,Pizza,5,Elite,2022-03-01,Thursday,1,1.0,0.0,1.0,1.0,23.0,23.0,27.83,27.83,4.38,True
e332c60f-fa43-408c-95cc-751ec7688d1a,Restaurant 1674,Philadelphia,CO,Sushi,5,Elite,2023-01-01,Thursday,1,1.0,0.0,1.0,1.0,31.0,31.0,36.3,36.3,1.09,True
880cd7cf-e6f9-4eea-bdc7-f792c6ca9803,Restaurant 1684,Philadelphia,CO,Coffee & Tea,5,Elite,2023-08-01,Friday,1,1.0,0.0,1.0,1.0,40.0,40.0,19.42,19.42,1.7,True
e54b34c9-9e3e-44d2-b8ee-cb0e9e34de59,Restaurant 1686,Philadelphia,CO,Sushi,5,Elite,2022-04-01,Tuesday,1,1.0,0.0,1.0,1.0,29.0,29.0,18.33,18.33,1.24,True
9f3dff24-a5d7-4924-8e12-bba837b933f5,Restaurant 1697,Philadelphia,CO,Coffee & Tea,5,Elite,2024-03-01,Monday,1,1.0,0.0,1.0,0.0,42.0,42.0,29.52,29.52,5.25,True
5ebe950a-bb5a-44d1-8816-35cd95e812a4,Restaurant 1705,Philadelphia,CO,Coffee & Tea,5,Elite,2022-05-01,Sunday,1,1.0,0.0,1.0,1.0,19.0,19.0,35.62,35.62,4.09,True
40520127-6c28-4142-bdad-a6feffa9925f,Restaurant 1710,Philadelphia,CO,Chinese,5,Elite,2024-10-01,Thursday,1,1.0,0.0,1.0,0.0,38.0,38.0,35.1,35.1,5.88,True
b0fe070f-91d6-4e65-b0a1-018c0830ad5c,Restaurant 1713,Philadelphia,CO,Seafood,5,Elite,2024-09-01,Wednesday,1,1.0,0.0,1.0,1.0,35.0,35.0,8.0,8.0,7.04,True
e2e03bb4-3865-4986-8202-d0e2e96a87d0,Restaurant 1723,Philadelphia,CO,Mexican,5,Elite,2022-11-01,Friday,1,1.0,0.0,1.0,1.0,23.0,23.0,34.33,34.33,2.91,True
4193bff4-85df-4d06-8cd8-563b046dcac4,Restaurant 1741,Philadelphia,CO,Seafood,5,Elite,2022-10-01,Saturday,1,1.0,0.0,1.0,1.0,29.0,29.0,27.05,27.05,7.31,True
5fecb5c9-9051-42ef-b6eb-47ace5c01733,Restaurant 1772,Philadelphia,CO,Seafood,5,Elite,2024-09-01,Tuesday,1,1.0,0.0,1.0,1.0,21.0,21.0,18.2,18.2,1.79,True
56fbc620-8ace-4504-91fe-b6093cd3648f,Restaurant 1787,Philadelphia,CO,Chinese,5,Elite,2023-09-01,Saturday,1,1.0,0.0,1.0,1.0,23.0,23.0,8.0,8.0,2.55,True
e73cc532-82c3-4beb-9289-5d3d013cf4ca,Restaurant 1791,Philadelphia,CO,Sushi,5,Elite,2023-02-01,Sunday,1,1.0,0.0,1.0,1.0,36.0,36.0,39.4,39.4,3.9,True
99917411-2697-414b-bbb6-96cd7ce902c9,Restaurant 1800,Philadelphia,CO,American (New),5,Elite,2024-08-01,Friday,1,1.0,0.0,1.0,0.0,52.0,52.0,21.05,21.05,2.92,True
abadbe72-251b-4bc9-9985-95a2e42f872f,Restaurant 1802,Philadelphia,CO,Pizza,5,Elite,2022-02-01,Tuesday,1,1.0,0.0,1.0,1.0,41.0,41.0,30.65,30.65,1.53,True
d4308e7b-3a78-4c99-8c00-94d3d130a68d,Restaurant 1818,Philadelphia,CO,Seafood,5,Elite,2022-02-01,Thursday,1,1.0,0.0,1.0,1.0,17.0,17.0,31.38,31.38,4.14,True
a0d05f5e-9473-46ca-9f7a-447cf8368598,Restaurant 1819,Philadelphia,CO,Pizza,5,Elite,2024-09-01,Thursday,1,1.0,0.0,1.0,0.0,60.0,60.0,32.26,32.26,5.68,True
d85d6b64-796f-4ef6-bceb-89a17251c012,Restaurant 1838,Philadelphia,CO,Italian,5,Elite,2023-03-01,Monday,1,1.0,0.0,1.0,1.0,18.0,18.0,39.04,39.04,7.96,True
270ebe3e-be69-4492-aea2-bd858daf08e7,Restaurant 1842,Philadelphia,CO,Thai,5,Elite,2024-04-01,Monday,1,1.0,0.0,1.0,0.0,65.0,65.0,41.55,41.55,4.12,True
4e2c07cc-8835-419f-8ae3-e50f4453eda2,Restaurant 1848,Philadelphia,CO,Italian,5,Elite,2022-10-01,Wednesday,1,1.0,0.0,1.0,1.0,39.0,39.0,14.62,14.62,6.08,True
d71351bc-86a1-4b0c-9c64-d38c9580cf64,Restaurant 1852,Philadelphia,CO,American (New),5,Elite,2022-10-01,Sunday,1,1.0,0.0,1.0,1.0,26.0,26.0,56.62,56.62,5.88,True
c56034aa-2f78-4abb-8b41-ca896dd43bbd,Restaurant 1859,Philadelphia,CO,Thai,5,Elite,2023-10-01,Tuesday,1,1.0,0.0,1.0,1.0,29.0,29.0,8.78,8.78,2.21,True
b0662d42-f6a7-4695-b775-7b915c173b06,Restaurant 1876,Philadelphia,CO,Mexican,5,Elite,2023-06-01,Saturday,1,1.0,0.0,1.0,1.0,28.0,28.0,22.09,22.09,1.21,True
f592967a-d1a4-4b6e-b495-e773b1021f97,Restaurant 1900,Philadelphia,CO,Seafood,5,Elite,2022-04-01,Monday,1,1.0,0.0,1.0,1.0,26.0,26.0,40.04,40.04,2.59,True
4fa17d53-ab84-4b87-9df8-1e6cfd209ba3,Restaurant 1921,Philadelphia,CO,Burgers,5,Elite,2023-10-01,Wednesday,1,1.0,0.0,1.0,1.0,42.0,42.0,26.14,26.14,5.58,True
1b673978-6110-45ed-8638-3dc37a269223,Restaurant 1941,Philadelphia,CO,Pizza,5,Elite,2022-03-01,Wednesday,1,0.0,1.0,0.0,,,,11.07,11.07,2.74,True
a46514ad-9c13-4471-8073-6afd9372d5e3,Restaurant 1954,Philadelphia,CO,American (New),5,Elite,2024-08-01,Wednesday,1,1.0,0.0,1.0,1.0,25.0,25.0,33.76,33.76,2.35,True
280220a3-448d-4018-b918-53ffc3ded458,Restaurant 1960,Philadelphia,CO,Italian,5,Elite,2023-04-01,Sunday,1,1.0,0.0,1.0,1.0,38.0,38.0,33.56,33.56,4.59,True
2e3c1099-2064-4a3b-b980-49892e46ccd6,Restaurant 1975,Philadelphia,CO,Mexican,5,Elite,2024-06-01,Saturday,1,1.0,0.0,1.0,1.0,35.0,35.0,11.14,11.14,4.69,True
e79a3345-5f1a-4493-9b76-e3d05de99191,Restaurant 1999,Philadelphia,CO,Italian,5,Elite,2023-08-01,Sunday,1,1.0,0.0,1.0,1.0,19.0,19.0,29.27,29.27,4.54,True
cb8f8a44-90f9-4667-b289-8ee7f3cad5ae,Restaurant 1052,Philadelphia,NY,Thai,3,Average,2024-08-01,Sunday,1,1.0,0.0,1.0,0.0,53.0,53.0,16.32,16.32,5.66,True
facf871c-ddab-457a-b811-7383bd631314,Restaurant 1054,Philadelphia,NY,Seafood,3,Average,2022-07-01,Thursday,1,1.0,0.0,1.0,1.0,14.0,14.0,18.0,18.0,7.18,True
39b4e4fe-e6c7-4096-b1fb-3e64de5e099a,Restaurant 2,Philadelphia,NY,Chinese,1,Low,2023-06-01,Thursday,1,1.0,0.0,1.0,0.0,42.0,42.0,18.1,18.1,3.08,True
f37b17d4-a786-4ec5-bf74-fd0405de96f7,Restaurant 7,Philadelphia,NY,American (New),1,Low,2024-04-01,Tuesday,1,1.0,0.0,1.0,0.0,59.0,59.0,15.04,15.04,6.95,True
96060ead-4793-4cbe-869c-f2dc3e186cdc,Restaurant 1057,Philadelphia,NY,Burgers,3,Average,2022-01-01,Sunday,1,1.0,0.0,1.0,1.0,49.0,49.0,11.82,11.82,2.68,True
5099fcfd-f316-438f-8ac1-7e344eacd601,Restaurant 24,Philadelphia,NY,Coffee & Tea,1,Low,2024-07-01,Tuesday,1,1.0,0.0,1.0,1.0,28.0,28.0,9.21,9.21,5.7,True
298f9476-abf4-4686-aff2-c3072f4a8f26,Restaurant 1060,Philadelphia,NY,Sushi,3,Average,2022-11-01,Sunday,1,1.0,0.0,1.0,1.0,40.0,40.0,8.69,8.69,5.01,True
6cdafd24-501f-4baf-a2a0-b25d10ed29d8,Restaurant 32,Philadelphia,NY,Sushi,1,Low,2022-09-01,Tuesday,1,1.0,0.0,1.0,1.0,33.0,33.0,26.71,26.71,7.07,True
aa11f3c2-cd44-451f-b280-10a2822c9c35,Restaurant 1083,Philadelphia,NY,Italian,3,Average,2024-12-01,Saturday,1,1.0,0.0,1.0,0.0,39.0,39.0,31.4,31.4,7.78,True
d97c5d40-0d71-4df7-88db-6df30563b36a,Restaurant 47,Philadelphia,NY,Chinese,1,Low,2023-12-01,Saturday,1,1.0,0.0,1.0,1.0,25.0,25.0,31.98,31.98,7.09,True
e7352eaa-c694-44a5-a670-e944f17914f0,Restaurant 1096,Philadelphia,NY,Coffee & Tea,3,Average,2023-03-01,Monday,1,1.0,0.0,1.0,1.0,23.0,23.0,34.53,34.53,5.52,True
5a375f5d-0922-4c68-b1fb-60663f29dbc0,Restaurant 59,Philadelphia,NY,Chinese,1,Low,2023-06-01,Monday,1,1.0,0.0,1.0,1.0,39.0,39.0,62.66,62.66,5.97,True
cffe33bf-1698-4197-bdca-f40770074e4b,Restaurant 1100,Philadelphia,NY,American (New),3,Average,2023-11-01,Friday,1,1.0,0.0,1.0,1.0,38.0,38.0,48.05,48.05,7.84,True
c3e355af-1040-46b2-bfb7-02b686674d50,Restaurant 1103,Philadelphia,NY,Chinese,3,Average,2023-11-01,Tuesday,1,1.0,0.0,1.0,1.0,21.0,21.0,16.01,16.01,4.11,True
0365a1ea-9ca0-435c-9685-3c96fe5c460d,Restaurant 1105,Philadelphia,NY,Burgers,3,Average,2024-05-01,Friday,1,1.0,0.0,1.0,1.0,44.0,44.0,36.6,36.6,1.36,True
c13eddfa-ef0a-40e4-a8fc-d94c8b71948d,Restaurant 69,Philadelphia,NY,Chinese,1,Low,2023-05-01,Wednesday,1,1.0,0.0,1.0,1.0,24.0,24.0,26.62,26.62,5.33,True
02d00be4-8b01-45a5-a452-a6fa965fa8e9,Restaurant 1114,Philadelphia,NY,Pizza,3,Average,2024-03-01,Monday,1,1.0,0.0,1.0,1.0,33.0,33.0,26.7,26.7,6.77,True
063d3473-d07e-4b6d-bdd5-1986ea61e436,Restaurant 1116,Philadelphia,NY,Sushi,3,Average,2022-08-01,Monday,1,1.0,0.0,1.0,1.0,40.0,40.0,45.13,45.13,4.03,True
31583592-66ae-4a33-825b-26302719afd0,Restaurant 1126,Philadelphia,NY,Chinese,3,Average,2023-09-01,Monday,1,1.0,0.0,1.0,0.0,59.0,59.0,8.0,8.0,4.58,True
9f7672b1-a4fc-475e-a17b-972ab79d058f,Restaurant 1135,Philadelphia,NY,Coffee & Tea,3,Average,2022-03-01,Thursday,1,1.0,0.0,1.0,1.0,27.0,27.0,40.77,40.77,3.42,True
3a1b6379-6f34-4b2d-96e3-eac5b3714a0a,Restaurant 1157,Philadelphia,NY,Sushi,3,Average,2022-03-01,Sunday,1,1.0,0.0,1.0,0.0,37.0,37.0,53.66,53.66,5.5,True
671424c6-a8b2-4f4f-b4ab-f79745a6ab3c,Restaurant 118,Philadelphia,NY,Thai,1,Low,2024-06-01,Monday,1,1.0,0.0,1.0,1.0,29.0,29.0,14.05,14.05,2.42,True
d120f4a6-15d8-4184-9a94-29cd185705c0,Restaurant 126,Philadelphia,NY,Burgers,1,Low,2023-06-01,Sunday,1,1.0,0.0,1.0,1.0,43.0,43.0,34.92,34.92,6.63,True
fec37f86-aa4f-4db4-9265-1d75f06af877,Restaurant 127,Philadelphia,NY,Pizza,1,Low,2023-07-01,Monday,1,1.0,0.0,1.0,0.0,47.0,47.0,41.24,41.24,1.2,True
e90ff2da-f719-411d-aa94-f7ced6c8b930,Restaurant 128,Philadelphia,NY,Mexican,1,Low,2024-08-01,Tuesday,1,1.0,0.0,1.0,0.0,58.0,58.0,56.11,56.11,3.28,True
76169414-a71f-468a-b374-116a510848ee,Restaurant 1172,Philadelphia,NY,Mexican,3,Average,2024-05-01,Tuesday,1,1.0,0.0,1.0,1.0,13.0,13.0,58.15,58.15,5.8,True
1ec7f9db-06e8-4a5d-8a93-a7a7fbb637cc,Restaurant 1179,Philadelphia,NY,Italian,3,Average,2024-11-01,Saturday,1,1.0,0.0,1.0,1.0,38.0,38.0,21.29,21.29,2.26,True
dfc58364-2ae8-4afb-b2c8-e215370312d1,Restaurant 136,Philadelphia,NY,Burgers,1,Low,2023-05-01,Tuesday,1,1.0,0.0,1.0,0.0,42.0,42.0,26.37,26.37,2.53,True
327ace53-d67d-4447-a058-fca86dead6b8,Restaurant 1189,Philadelphia,NY,Seafood,3,Average,2024-11-01,Wednesday,1,0.0,1.0,0.0,,,,8.0,8.0,2.68,True
79e489a0-38cc-4719-a689-7abac44f0c10,Restaurant 153,Philadelphia,NY,Chinese,1,Low,2024-05-01,Monday,1,1.0,0.0,1.0,0.0,56.0,56.0,17.16,17.16,2.04,True
4b8d4948-c14d-4911-be86-42b214d345d5,Restaurant 1210,Philadelphia,NY,Thai,4,Strong,2022-12-01,Sunday,1,1.0,0.0,1.0,1.0,27.0,27.0,44.62,44.62,5.18,True
1ffb7371-3bdd-4f43-bb37-364b43d2b53b,Restaurant 168,Philadelphia,NY,Italian,1,Low,2022-07-01,Sunday,1,1.0,0.0,1.0,1.0,37.0,37.0,48.97,48.97,5.48,True
f8e1f755-8325-43dc-bb9c-b0ec3f71272b,Restaurant 169,Philadelphia,NY,Burgers,1,Low,2024-09-01,Tuesday,1,1.0,0.0,1.0,1.0,18.0,18.0,49.37,49.37,2.2,True
c1f2b7f8-09a2-47af-93da-ee9115d68f17,Restaurant 1213,Philadelphia,NY,Chinese,4,Strong,2022-01-01,Friday,1,1.0,0.0,1.0,1.0,10.0,10.0,26.54,26.54,2.86,True
38c0b299-0de7-4c08-bbab-70f27eb5f983,Restaurant 1217,Philadelphia,NY,Mexican,4,Strong,2023-04-01,Thursday,1,1.0,0.0,1.0,1.0,15.0,15.0,26.99,26.99,5.71,True
6c488b5a-1b56-4287-9841-6d102265b707,Restaurant 184,Philadelphia,NY,Chinese,1,Low,2023-12-01,Wednesday,1,1.0,0.0,1.0,1.0,24.0,24.0,38.29,38.29,1.97,True
41af0b3d-cc13-4170-8677-a9ff4a0b8587,Restaurant 1266,Philadelphia,NY,Burgers,4,Strong,2023-09-01,Friday,1,1.0,0.0,1.0,0.0,33.0,33.0,23.53,23.53,5.76,True
a75e2d77-f5a9-4ebb-a017-a1d1675389a0,Restaurant 201,Philadelphia,NY,American (New),1,Low,2022-05-01,Sunday,1,1.0,0.0,1.0,0.0,44.0,44.0,29.54,29.54,7.25,True
0a70f56d-dc81-418d-8d3d-df8febb33d1b,Restaurant 1276,Philadelphia,NY,Pizza,4,Strong,2023-11-01,Thursday,1,1.0,0.0,1.0,0.0,51.0,51.0,8.0,8.0,6.1,True
2e035901-c4b2-4026-83ea-2d57ddb80151,Restaurant 1278,Philadelphia,NY,Italian,4,Strong,2023-04-01,Saturday,1,1.0,0.0,1.0,1.0,45.0,45.0,38.86,38.86,5.39,True
e2c5120f-4685-4868-a145-2da148452a59,Restaurant 1282,Philadelphia,NY,Coffee & Tea,4,Strong,2024-09-01,Thursday,1,1.0,0.0,1.0,1.0,31.0,31.0,20.69,20.69,7.95,True
353679c0-b6cf-4b88-8a6c-939619a08447,Restaurant 232,Philadelphia,NY,Thai,1,Low,2024-01-01,Monday,1,1.0,0.0,1.0,1.0,28.0,28.0,8.0,8.0,7.76,True
c9b1e53e-1290-451e-a352-412069e5b535,Restaurant 239,Philadelphia,NY,Sushi,1,Low,2023-07-01,Saturday,1,1.0,0.0,1.0,1.0,30.0,30.0,41.54,41.54,6.94,True
0203e5d7-3c6e-40c3-b47d-0139d21187f4,Restaurant 251,Philadelphia,NY,Sushi,1,Low,2022-06-01,Monday,1,1.0,0.0,1.0,1.0,19.0,19.0,30.86,30.86,4.17,True
4ce90dc4-21f7-4d01-a00c-7bc039719b7e,Restaurant 253,Philadelphia,NY,Mexican,1,Low,2024-08-01,Saturday,1,1.0,0.0,1.0,1.0,21.0,21.0,45.6,45.6,2.52,True
ac1068c0-1db2-4a25-9f08-90c6f0bd239f,Restaurant 1285,Philadelphia,NY,Pizza,4,Strong,2024-03-01,Monday,1,1.0,0.0,1.0,1.0,18.0,18.0,39.62,39.62,1.8,True
49394ff4-c479-4da5-96f6-107b7f0e89ee,Restaurant 1289,Philadelphia,NY,American (New),4,Strong,2022-11-01,Wednesday,1,1.0,0.0,1.0,1.0,12.0,12.0,18.89,18.89,4.41,True
a4a737b7-05cc-4d68-b2cf-6837a2c87f8b,Restaurant 273,Philadelphia,NY,Burgers,1,Low,2023-12-01,Friday,1,1.0,0.0,1.0,0.0,48.0,48.0,51.39,51.39,5.89,True
728edd11-307d-472b-95b1-69e8bff5f75f,Restaurant 278,Philadelphia,NY,Thai,1,Low,2022-07-01,Monday,1,0.0,1.0,0.0,,,,16.67,16.67,5.07,True
b2a9eb8d-9753-4880-9b23-3398c865a5f1,Restaurant 1305,Philadelphia,NY,American (New),4,Strong,2023-01-01,Tuesday,1,1.0,0.0,1.0,1.0,27.0,27.0,42.17,42.17,7.24,True
b87ada2e-41fc-46d0-8c45-9bd99575ca3a,Restaurant 310,Philadelphia,NY,Burgers,1,Low,2024-12-01,Tuesday,1,1.0,0.0,1.0,1.0,30.0,30.0,33.16,33.16,7.04,True
fad6bf46-cf2e-4ece-a7e3-97c2a1ca7103,Restaurant 314,Philadelphia,NY,Coffee & Tea,1,Low,2023-10-01,Monday,1,1.0,0.0,1.0,1.0,18.0,18.0,27.73,27.73,1.44,True
f6ff3cd3-be23-4c66-bbfe-90acaf1dbd1c,Restaurant 315,Philadelphia,NY,Thai,1,Low,2023-10-01,Thursday,1,1.0,0.0,1.0,1.0,30.0,30.0,22.88,22.88,3.71,True
51574129-05a3-4c6c-ad79-2db0a1cc99dd,Restaurant 316,Philadelphia,NY,Chinese,1,Low,2022-02-01,Friday,1,1.0,0.0,1.0,0.0,50.0,50.0,13.27,13.27,3.8,True
88eeb713-088a-4c7d-a7c3-dcaf7dc7e7cb,Restaurant 1338,Philadelphia,NY,Chinese,4,Strong,2022-04-01,Saturday,1,1.0,0.0,1.0,1.0,29.0,29.0,8.0,8.0,3.68,True
1edf6834-b795-47ff-9df4-f7d8c814259b,Restaurant 1345,Philadelphia,NY,Burgers,4,Strong,2023-10-01,Friday,1,1.0,0.0,1.0,0.0,60.0,60.0,49.9,49.9,5.46,True
d910e224-61c9-4140-a64c-618d1dc93073,Restaurant 330,Philadelphia,NY,Chinese,1,Low,2023-07-01,Sunday,1,1.0,0.0,1.0,1.0,29.0,29.0,20.23,20.23,1.24,True
12f16d9a-5a6a-4fd5-b81a-4e7f8651d940,Restaurant 332,Philadelphia,NY,Mexican,1,Low,2023-10-01,Tuesday,1,1.0,0.0,1.0,1.0,42.0,42.0,40.57,40.57,2.56,True
cd9ea75a-da23-4962-b22f-c8ae67e5d94c,Restaurant 1357,Philadelphia,NY,Pizza,4,Strong,2024-12-01,Sunday,1,1.0,0.0,1.0,1.0,46.0,46.0,8.0,8.0,1.54,True
2d700e6c-01a1-4142-b5b3-cf99305e822c,Restaurant 1364,Philadelphia,NY,Coffee & Tea,4,Strong,2024-09-01,Tuesday,1,1.0,0.0,1.0,0.0,45.0,45.0,17.63,17.63,7.27,True
180960e6-f823-4317-9f3e-438b57ef4c5c,Restaurant 345,Philadelphia,NY,Sushi,1,Low,2024-07-01,Sunday,1,1.0,0.0,1.0,1.0,10.0,10.0,18.84,18.84,5.38,True
e4dd73f6-70d3-4437-98a7-28efa8873ba4,Restaurant 1371,Philadelphia,NY,Seafood,4,Strong,2022-02-01,Friday,1,1.0,0.0,1.0,1.0,29.0,29.0,8.0,8.0,3.2,True
32e8743d-c22c-4dab-a02a-7cf89e146053,Restaurant 357,Philadelphia,NY,Pizza,1,Low,2022-08-01,Monday,1,0.0,1.0,0.0,,,,28.71,28.71,4.46,True
86432427-0ffb-461a-9489-ae6ff0530645,Restaurant 1383,Philadelphia,NY,Coffee & Tea,4,Strong,2022-11-01,Monday,1,1.0,0.0,1.0,1.0,25.0,25.0,8.0,8.0,7.13,True
cc6ff513-c574-48f9-b2ec-4493c18b579a,Restaurant 1391,Philadelphia,NY,Pizza,4,Strong,2022-09-01,Sunday,1,1.0,0.0,1.0,1.0,25.0,25.0,30.0,30.0,7.41,True
bcf3dd2d-e083-463a-be2b-f8ef59aa6c4e,Restaurant 1396,Philadelphia,NY,Coffee & Tea,4,Strong,2023-01-01,Thursday,1,1.0,0.0,1.0,1.0,28.0,28.0,20.79,20.79,3.89,True
1d140dd2-1477-4ba9-b6bf-8798756b6199,Restaurant 378,Philadelphia,NY,Burgers,1,Low,2023-07-01,Thursday,1,1.0,0.0,1.0,0.0,43.0,43.0,30.68,30.68,2.08,True
136f3e33-7563-4f27-89d7-b708276f7a5e,Restaurant 384,Philadelphia,NY,Chinese,1,Low,2024-10-01,Wednesday,1,1.0,0.0,1.0,1.0,31.0,31.0,59.7,59.7,5.44,True
5b262e0b-16f4-4533-885a-32d3b65356a9,Restaurant 1401,Philadelphia,NY,Burgers,4,Strong,2024-06-01,Saturday,1,1.0,0.0,1.0,1.0,19.0,19.0,22.12,22.12,3.77,True
1080357b-bb63-47e9-af21-8270650b4d3e,Restaurant 1430,Philadelphia,NY,Pizza,4,Strong,2022-10-01,Wednesday,1,0.0,1.0,0.0,,,,37.93,37.93,7.02,True
1ebf0d78-fcae-486e-a690-6ca1556d30bd,Restaurant 392,Philadelphia,NY,Seafood,1,Low,2023-03-01,Saturday,1,1.0,0.0,1.0,0.0,73.0,73.0,8.0,8.0,4.26,True
d56a974c-cbdf-44b3-bea7-98f690cbb753,Restaurant 1440,Philadelphia,NY,Seafood,4,Strong,2024-07-01,Saturday,1,1.0,0.0,1.0,1.0,19.0,19.0,18.61,18.61,1.06,True
2ce46e86-6c14-4f63-8243-80679d286b48,Restaurant 399,Philadelphia,NY,Seafood,1,Low,2023-10-01,Thursday,1,1.0,0.0,1.0,0.0,59.0,59.0,45.54,45.54,1.74,True
8b481235-ee04-4e01-b594-2a278eaec2a3,Restaurant 400,Philadelphia,NY,Pizza,2,Below Average,2022-11-01,Monday,1,1.0,0.0,1.0,1.0,45.0,45.0,40.32,40.32,4.74,True
19ec6f2a-8d7a-4f4c-81b2-d98cb463b3a8,Restaurant 402,Philadelphia,NY,Chinese,2,Below Average,2024-04-01,Thursday,1,1.0,0.0,1.0,1.0,32.0,32.0,37.34,37.34,5.23,True
6e3f991c-0222-4fa5-9d5f-cbac2558eb9e,Restaurant 1455,Philadelphia,NY,Burgers,4,Strong,2023-01-01,Tuesday,1,1.0,0.0,1.0,1.0,36.0,36.0,33.13,33.13,1.06,True
874784c7-743a-432a-9a60-8e2efb000967,Restaurant 1460,Philadelphia,NY,Italian,4,Strong,2023-05-01,Wednesday,1,1.0,0.0,1.0,1.0,38.0,38.0,8.31,8.31,1.55,True
a0c2504d-5cfc-4561-95d6-1ed407a24aeb,Restaurant 415,Philadelphia,NY,Coffee & Tea,2,Below Average,2024-10-01,Sunday,1,1.0,0.0,1.0,0.0,43.0,43.0,30.86,30.86,5.23,True
5575dc82-46ab-4faa-ba57-04b349d1ce3e,Restaurant 422,Philadelphia,NY,American (New),2,Below Average,2022-08-01,Wednesday,1,1.0,0.0,1.0,1.0,26.0,26.0,31.15,31.15,5.81,True
817f20ff-3f1b-4659-9c5d-e2ec34e24e68,Restaurant 425,Philadelphia,NY,Italian,2,Below Average,2023-07-01,Monday,1,1.0,0.0,1.0,1.0,23.0,23.0,47.14,47.14,1.62,True
192997ea-b905-4a62-b3a8-b2f55d3384dd,Restaurant 1473,Philadelphia,NY,Thai,4,Strong,2023-12-01,Friday,1,1.0,0.0,1.0,1.0,27.0,27.0,44.67,44.67,2.34,True
ea1d2589-4082-4dc2-959a-36d1fe170df1,Restaurant 1485,Philadelphia,NY,Seafood,4,Strong,2024-10-01,Monday,1,1.0,0.0,1.0,1.0,30.0,30.0,54.59,54.59,2.51,True
79c9775b-095b-44c4-b4ee-96f2dbff6a06,Restaurant 1512,Philadelphia,NY,American (New),4,Strong,2023-08-01,Monday,1,1.0,0.0,1.0,0.0,46.0,46.0,45.28,45.28,3.5,True
d456ef09-40b6-4e63-be6e-36b3faa8782b,Restaurant 448,Philadelphia,NY,Sushi,2,Below Average,2024-12-01,Sunday,1,1.0,0.0,1.0,0.0,45.0,45.0,32.72,32.72,3.28,True
6652b67b-f609-4dfb-832f-f66d00bf8199,Restaurant 1534,Philadelphia,NY,Burgers,4,Strong,2022-12-01,Sunday,1,1.0,0.0,1.0,0.0,57.0,57.0,45.94,45.94,2.17,True
a34497c4-8dc7-4519-8104-0c8188fb47c5,Restaurant 460,Philadelphia,NY,Seafood,2,Below Average,2023-04-01,Thursday,1,0.0,1.0,0.0,,,,17.61,17.61,3.8,True
9f383e3c-88b2-464f-ae08-590111c9c63b,Restaurant 1535,Philadelphia,NY,Chinese,4,Strong,2024-01-01,Saturday,1,1.0,0.0,1.0,0.0,67.0,67.0,37.37,37.37,6.15,True
3cdf47e2-378b-49af-b4d8-e50d8cc6e15a,Restaurant 471,Philadelphia,NY,Thai,2,Below Average,2024-03-01,Saturday,1,1.0,0.0,1.0,1.0,29.0,29.0,22.62,22.62,2.47,True
76089146-c85d-474a-9914-a554171053c7,Restaurant 1538,Philadelphia,NY,Mexican,4,Strong,2023-08-01,Sunday,1,1.0,0.0,1.0,0.0,49.0,49.0,58.56,58.56,6.96,True
ec7dadd1-ef65-44d3-a60c-b2d2664b97fb,Restaurant 482,Philadelphia,NY,Seafood,2,Below Average,2023-04-01,Tuesday,1,1.0,0.0,1.0,1.0,41.0,41.0,42.61,42.61,1.71,True
4f4eb30c-a58d-41fa-a2ba-6f04b0f889d1,Restaurant 1556,Philadelphia,NY,Thai,4,Strong,2023-04-01,Wednesday,1,1.0,0.0,1.0,1.0,32.0,32.0,10.81,10.81,7.97,True
2954edfc-6aee-4abc-98c8-6cb2420518ba,Restaurant 1569,Philadelphia,NY,Pizza,4,Strong,2024-03-01,Friday,1,1.0,0.0,1.0,0.0,42.0,42.0,13.6,13.6,5.79,True
5281eec6-5016-4df4-9c45-d4ec0e5a9831,Restaurant 518,Philadelphia,NY,Italian,2,Below Average,2023-03-01,Thursday,1,1.0,0.0,1.0,1.0,21.0,21.0,11.18,11.18,7.62,True
aa743637-010b-4033-9774-3e2e956bf8b5,Restaurant 525,Philadelphia,NY,Thai,2,Below Average,2024-06-01,Thursday,1,1.0,0.0,1.0,0.0,38.0,38.0,22.07,22.07,7.7,True
9d74c87a-f4fb-4b32-8f9e-a5cb3dca9742,Restaurant 532,Philadelphia,NY,Thai,2,Below Average,2022-09-01,Sunday,1,1.0,0.0,1.0,1.0,41.0,41.0,13.62,13.62,1.91,True
ac2c53de-d616-4215-9a65-ff045f5b0904,Restaurant 536,Philadelphia,NY,Chinese,2,Below Average,2023-08-01,Tuesday,1,1.0,0.0,1.0,1.0,28.0,28.0,26.37,26.37,4.84,True
3c2578e4-5752-4a56-b12e-e1ac28172257,Restaurant 1570,Philadelphia,NY,Burgers,4,Strong,2022-01-01,Saturday,1,1.0,0.0,1.0,1.0,22.0,22.0,50.97,50.97,1.57,True
862a54b4-7ff5-45f3-9f0c-953a0e33aef4,Restaurant 1572,Philadelphia,NY,Burgers,4,Strong,2023-09-01,Tuesday,1,1.0,0.0,1.0,1.0,33.0,33.0,27.87,27.87,5.85,True
c634f514-ac1c-4260-b56f-22cef8c60fbe,Restaurant 1573,Philadelphia,NY,Thai,4,Strong,2024-09-01,Tuesday,1,1.0,0.0,1.0,0.0,42.0,42.0,10.31,10.31,2.54,True
43b9b9bd-5ee1-416b-8d9f-041d4e762f71,Restaurant 1579,Philadelphia,NY,Thai,4,Strong,2024-03-01,Monday,1,1.0,0.0,1.0,0.0,32.0,32.0,9.24,9.24,3.43,True
e4b65d83-bb6a-4122-91e8-1c2f114187ca,Restaurant 559,Philadelphia,NY,Italian,2,Below Average,2023-09-01,Friday,1,1.0,0.0,1.0,1.0,36.0,36.0,21.7,21.7,2.67,True
9415a31e-0086-423a-9829-8b02075b25f7,Restaurant 1581,Philadelphia,NY,Sushi,4,Strong,2024-11-01,Wednesday,1,1.0,0.0,1.0,1.0,26.0,26.0,10.35,10.35,5.61,True
2f817f00-6f17-4007-9a83-6f408dde3733,Restaurant 1591,Philadelphia,NY,Chinese,4,Strong,2023-05-01,Sunday,1,1.0,0.0,1.0,1.0,23.0,23.0,8.0,8.0,7.15,True
e28aee60-dc9f-4096-b135-c64361050bd8,Restaurant 567,Philadelphia,NY,Sushi,2,Below Average,2024-03-01,Friday,1,1.0,0.0,1.0,1.0,19.0,19.0,30.66,30.66,2.87,True
c7dae061-4e20-4b09-8a64-bbdef93429bb,Restaurant 570,Philadelphia,NY,Burgers,2,Below Average,2024-06-01,Monday,1,1.0,0.0,1.0,1.0,45.0,45.0,10.86,10.86,1.72,True
3b2809a6-93e2-409e-b4cd-65df73ed4b5b,Restaurant 573,Philadelphia,NY,Coffee & Tea,2,Below Average,2022-12-01,Tuesday,1,1.0,0.0,1.0,1.0,19.0,19.0,30.87,30.87,6.7,True
ace9f434-cac5-4812-bfd9-871c0b363a0b,Restaurant 580,Philadelphia,NY,Coffee & Tea,2,Below Average,2024-10-01,Friday,1,1.0,0.0,1.0,0.0,67.0,67.0,29.34,29.34,5.27,True
dc50cfe8-8361-4f2f-bba0-b5dbdab42b85,Restaurant 1592,Philadelphia,NY,Pizza,4,Strong,2022-04-01,Sunday,1,1.0,0.0,1.0,1.0,32.0,32.0,45.12,45.12,7.17,True
eb40b553-2333-4d38-96af-9021bfacbad7,Restaurant 582,Philadelphia,NY,Sushi,2,Below Average,2024-04-01,Thursday,1,1.0,0.0,1.0,1.0,14.0,14.0,12.88,12.88,1.22,True
8145e048-7580-4eb1-b904-e733ccd7420c,Restaurant 593,Philadelphia,NY,Seafood,2,Below Average,2022-02-01,Monday,1,1.0,0.0,1.0,0.0,31.0,31.0,23.43,23.43,5.02,True
0c8ca1c5-7f81-4d41-911c-3d02110a1838,Restaurant 1593,Philadelphia,NY,Thai,4,Strong,2023-11-01,Wednesday,1,1.0,0.0,1.0,1.0,35.0,35.0,54.38,54.38,7.4,True
70f65296-e230-4a5f-a9ad-b143e809fee4,Restaurant 600,Philadelphia,NY,Thai,2,Below Average,2023-06-01,Monday,1,1.0,0.0,1.0,1.0,33.0,33.0,8.0,8.0,3.48,True
8416128e-8127-4e26-b728-0374197fdb17,Restaurant 610,Philadelphia,NY,Chinese,2,Below Average,2024-07-01,Thursday,1,1.0,0.0,1.0,1.0,27.0,27.0,19.07,19.07,5.71,True
d4eee952-6069-46d0-a0d3-2142b6f8d900,Restaurant 1606,Philadelphia,NY,Coffee & Tea,5,Elite,2024-03-01,Sunday,1,1.0,0.0,1.0,0.0,51.0,51.0,41.26,41.26,3.47,True
7fca1ce5-29e0-48d7-8563-3c66d2fc7754,Restaurant 616,Philadelphia,NY,Burgers,2,Below Average,2024-04-01,Friday,1,1.0,0.0,1.0,0.0,54.0,54.0,17.75,17.75,1.29,True
42212f1b-f9b1-4ef9-b351-4fe5f5d68f5b,Restaurant 1608,Philadelphia,NY,Chinese,5,Elite,2023-10-01,Thursday,1,1.0,0.0,1.0,1.0,19.0,19.0,38.29,38.29,2.01,True
62ae2b8a-f11d-4711-a2ae-3f025e299987,Restaurant 623,Philadelphia,NY,American (New),2,Below Average,2023-04-01,Saturday,1,1.0,0.0,1.0,1.0,47.0,47.0,20.07,20.07,6.16,True
55f1bf6b-991c-46d0-802f-5be749f4f705,Restaurant 1617,Philadelphia,NY,Thai,5,Elite,2024-04-01,Monday,1,1.0,0.0,1.0,1.0,45.0,45.0,32.08,32.08,7.07,True
37aca1fd-fdf9-4acc-8a17-363e7518565e,Restaurant 630,Philadelphia,NY,Seafood,2,Below Average,2023-03-01,Thursday,1,1.0,0.0,1.0,0.0,50.0,50.0,33.53,33.53,2.3,True
82473a88-2bff-46ca-8caa-b0171d772a5c,Restaurant 1619,Philadelphia,NY,Sushi,5,Elite,2024-02-01,Friday,1,1.0,0.0,1.0,0.0,54.0,54.0,37.53,37.53,6.96,True
125a6011-9e50-4dca-9f3d-5ee791dafc79,Restaurant 1633,Philadelphia,NY,Mexican,5,Elite,2023-08-01,Wednesday,1,1.0,0.0,1.0,1.0,40.0,40.0,64.42,64.42,6.49,True
a5f39c7d-a96f-43d0-ab8b-145403d850d6,Restaurant 671,Philadelphia,NY,Seafood,2,Below Average,2024-01-01,Tuesday,1,1.0,0.0,1.0,1.0,17.0,17.0,54.9,54.9,5.29,True
878ba491-1624-47e0-86e9-4a5218748211,Restaurant 1638,Philadelphia,NY,Mexican,5,Elite,2024-07-01,Sunday,1,0.0,1.0,0.0,,,,8.0,8.0,7.9,True
26120823-6402-4618-a97b-fa2008a87cc0,Restaurant 679,Philadelphia,NY,Thai,2,Below Average,2022-12-01,Friday,1,1.0,0.0,1.0,1.0,32.0,32.0,17.84,17.84,4.31,True
9b639ae5-6f5d-4998-af58-fa7ce597a4bb,Restaurant 1649,Philadelphia,NY,Coffee & Tea,5,Elite,2024-06-01,Tuesday,1,1.0,0.0,1.0,1.0,11.0,11.0,33.99,33.99,4.98,True
0a172f7f-ca49-4267-acba-93ae1702570e,Restaurant 713,Philadelphia,NY,Coffee & Tea,2,Below Average,2022-12-01,Monday,1,1.0,0.0,1.0,0.0,36.0,36.0,31.64,31.64,6.3,True
3634ec04-1cc3-44c4-9642-fcf5de9c1b49,Restaurant 1679,Philadelphia,NY,Pizza,5,Elite,2023-01-01,Thursday,1,0.0,1.0,0.0,,,,34.45,34.45,5.02,True
6153cd4a-1c53-4bf8-8ca6-d7f2d5096151,Restaurant 1692,Philadelphia,NY,Sushi,5,Elite,2023-11-01,Monday,1,1.0,0.0,1.0,1.0,10.0,10.0,22.08,22.08,4.06,True
4be517bb-bb0c-411b-9b63-724270e10e30,Restaurant 1704,Philadelphia,NY,Thai,5,Elite,2022-11-01,Friday,1,1.0,0.0,1.0,1.0,10.0,10.0,40.13,40.13,7.82,True
ee97d322-c143-4e9d-b557-376b193f7441,Restaurant 724,Philadelphia,NY,Burgers,2,Below Average,2023-06-01,Saturday,1,1.0,0.0,1.0,1.0,21.0,21.0,22.45,22.45,1.73,True
332cc67d-b317-4dbd-a7fd-de8fe2c56e27,Restaurant 1711,Philadelphia,NY,Mexican,5,Elite,2023-09-01,Tuesday,1,1.0,0.0,1.0,1.0,24.0,24.0,28.01,28.01,7.16,True
11264f5b-26e6-45b1-88b4-67e23deb3a46,Restaurant 1721,Philadelphia,NY,Thai,5,Elite,2022-11-01,Tuesday,1,1.0,0.0,1.0,1.0,23.0,23.0,45.81,45.81,5.45,True
34943ff1-6675-4665-8bee-78dc85300de0,Restaurant 733,Philadelphia,NY,Pizza,2,Below Average,2023-10-01,Thursday,1,1.0,0.0,1.0,1.0,38.0,38.0,27.66,27.66,2.86,True
a90d01c0-750d-4f9a-90d8-d1b2ea8cd97a,Restaurant 1725,Philadelphia,NY,Mexican,5,Elite,2022-12-01,Sunday,1,1.0,0.0,1.0,1.0,23.0,23.0,8.0,8.0,6.17,True
5317d8c8-53d0-4405-b376-dfe0d224f6b9,Restaurant 1727,Philadelphia,NY,Pizza,5,Elite,2023-03-01,Wednesday,1,1.0,0.0,1.0,1.0,23.0,23.0,38.9,38.9,1.9,True
9a59ba45-42d3-4f69-808e-edff0298fa82,Restaurant 755,Philadelphia,NY,Seafood,2,Below Average,2023-01-01,Thursday,1,1.0,0.0,1.0,0.0,57.0,57.0,20.24,20.24,2.15,True
5e0405cc-e039-43c1-9654-c2b16d645bd6,Restaurant 1733,Philadelphia,NY,Chinese,5,Elite,2023-05-01,Monday,1,1.0,0.0,1.0,0.0,42.0,42.0,14.92,14.92,6.05,True
f5c17b8d-5b20-4d51-81dd-d9cc2395f179,Restaurant 781,Philadelphia,NY,Italian,2,Below Average,2024-02-01,Wednesday,1,1.0,0.0,1.0,1.0,10.0,10.0,30.56,30.56,1.75,True
319c27e1-7578-4321-8359-8b17365b6162,Restaurant 784,Philadelphia,NY,Pizza,2,Below Average,2022-01-01,Sunday,1,1.0,0.0,1.0,1.0,39.0,39.0,42.51,42.51,1.28,True
20191d69-1d79-4e4e-8a1b-96b778ba2eb2,Restaurant 1734,Philadelphia,NY,Sushi,5,Elite,2023-03-01,Saturday,1,1.0,0.0,1.0,1.0,57.0,57.0,32.88,32.88,7.41,True
006a91e3-4ddc-4bc0-bf32-45a13c6b4211,Restaurant 796,Philadelphia,NY,Chinese,2,Below Average,2023-07-01,Friday,1,1.0,0.0,1.0,0.0,54.0,54.0,44.56,44.56,3.3,True
02c4fa7d-b7ff-4a74-a580-63dfb288527d,Restaurant 797,Philadelphia,NY,Italian,2,Below Average,2023-10-01,Sunday,1,1.0,0.0,1.0,1.0,31.0,31.0,33.53,33.53,5.14,True
90aab484-493d-41d2-ac0f-c0bac804ee9f,Restaurant 802,Philadelphia,NY,Seafood,3,Average,2024-09-01,Thursday,1,1.0,0.0,1.0,1.0,21.0,21.0,37.06,37.06,5.45,True
8d07db44-04fd-476a-9590-97fccab3e844,Restaurant 809,Philadelphia,NY,Coffee & Tea,3,Average,2022-05-01,Saturday,1,1.0,0.0,1.0,1.0,31.0,31.0,23.74,23.74,5.34,True
9599c638-49dd-46d8-84f9-8f916ca8ae36,Restaurant 810,Philadelphia,NY,Mexican,3,Average,2024-04-01,Friday,1,1.0,0.0,1.0,1.0,26.0,26.0,33.13,33.13,7.94,True
455969b1-2c40-40b5-8bc4-f678997233c2,Restaurant 811,Philadelphia,NY,Italian,3,Average,2022-09-01,Thursday,1,1.0,0.0,1.0,1.0,10.0,10.0,28.0,28.0,6.64,True
46dfbcd2-f634-47ac-90bd-36d96f4c9cc3,Restaurant 1756,Philadelphia,NY,Seafood,5,Elite,2024-09-01,Wednesday,1,1.0,0.0,1.0,1.0,47.0,47.0,48.9,48.9,6.18,True
e84a0b9a-5553-40b7-a29c-96af2b4997c2,Restaurant 1764,Philadelphia,NY,Burgers,5,Elite,2023-05-01,Thursday,1,1.0,0.0,1.0,0.0,39.0,39.0,13.99,13.99,2.03,True
3b8f2820-4b18-45f6-8a13-0bc9b5576a0d,Restaurant 836,Philadelphia,NY,Coffee & Tea,3,Average,2022-11-01,Tuesday,1,0.0,1.0,0.0,,,,40.41,40.41,4.8,True
8c336c58-76a2-4012-821c-b804b4f42843,Restaurant 839,Philadelphia,NY,Mexican,3,Average,2023-04-01,Thursday,1,1.0,0.0,1.0,0.0,59.0,59.0,27.1,27.1,1.53,True
a08276e4-7acc-4d1f-93df-07eb1e0a40c9,Restaurant 1767,Philadelphia,NY,Sushi,5,Elite,2022-06-01,Thursday,1,1.0,0.0,1.0,0.0,47.0,47.0,25.89,25.89,4.06,True
8c6a6762-1042-4f85-a930-2a22a30e7e41,Restaurant 858,Philadelphia,NY,Sushi,3,Average,2023-04-01,Monday,1,1.0,0.0,1.0,1.0,40.0,40.0,19.04,19.04,3.89,True
30bac6ad-a2b2-4657-bb1f-ff60dfa73965,Restaurant 1771,Philadelphia,NY,Seafood,5,Elite,2022-11-01,Sunday,1,1.0,0.0,1.0,1.0,45.0,45.0,43.0,43.0,4.54,True
5da2c863-e7fe-4da5-b849-dd39b5615e8d,Restaurant 1788,Philadelphia,NY,Burgers,5,Elite,2022-10-01,Tuesday,1,1.0,0.0,1.0,0.0,51.0,51.0,23.54,23.54,7.35,True
532b5dc6-cfaf-4ac2-a524-54e04c5e6913,Restaurant 876,Philadelphia,NY,Pizza,3,Average,2024-11-01,Sunday,1,1.0,0.0,1.0,1.0,38.0,38.0,8.0,8.0,2.09,True
0f6a5cd4-c53b-474a-97c5-c728e98622ae,Restaurant 881,Philadelphia,NY,Mexican,3,Average,2023-04-01,Tuesday,1,1.0,0.0,1.0,0.0,52.0,52.0,48.5,48.5,5.48,True
b2b3c335-7e91-4a34-a7f4-e88ebd6c27d2,Restaurant 1825,Philadelphia,NY,Burgers,5,Elite,2023-10-01,Saturday,1,1.0,0.0,1.0,0.0,53.0,53.0,14.59,14.59,6.1,True
de73b1c3-271f-4b79-8004-06a826e4cc6e,Restaurant 899,Philadelphia,NY,American (New),3,Average,2023-07-01,Thursday,1,1.0,0.0,1.0,0.0,61.0,61.0,33.28,33.28,7.03,True
89641129-a7f7-4fb4-87cd-7fe4810b14d0,Restaurant 906,Philadelphia,NY,Sushi,3,Average,2024-06-01,Tuesday,1,1.0,0.0,1.0,1.0,25.0,25.0,36.24,36.24,3.39,True
aa1121a3-be59-47f5-b669-73dd401b7500,Restaurant 1832,Philadelphia,NY,Seafood,5,Elite,2023-02-01,Friday,1,1.0,0.0,1.0,1.0,36.0,36.0,30.14,30.14,6.5,True
7a88d7af-eb07-4444-931e-b37b1359be5f,Restaurant 910,Philadelphia,NY,Pizza,3,Average,2022-12-01,Saturday,1,1.0,0.0,1.0,0.0,48.0,48.0,59.44,59.44,2.36,True
d3c2a1c5-fd88-4c8f-94a0-d9a98010e013,Restaurant 1834,Philadelphia,NY,Coffee & Tea,5,Elite,2023-10-01,Tuesday,1,1.0,0.0,1.0,1.0,26.0,26.0,30.51,30.51,7.94,True
bb14f7e8-a672-46ae-931e-24abbbe71421,Restaurant 1837,Philadelphia,NY,Sushi,5,Elite,2022-12-01,Tuesday,1,1.0,0.0,1.0,1.0,45.0,45.0,34.83,34.83,7.25,True
5716a482-72e0-4f24-9d04-7d302b34aa16,Restaurant 1840,Philadelphia,NY,Seafood,5,Elite,2024-02-01,Tuesday,1,1.0,0.0,1.0,1.0,30.0,30.0,12.46,12.46,2.93,True
69eb99ba-3ea2-4c72-bc72-39ea568641e1,Restaurant 1843,Philadelphia,NY,Pizza,5,Elite,2024-05-01,Thursday,1,1.0,0.0,1.0,1.0,21.0,21.0,18.42,18.42,3.59,True
c7a27ee0-b732-4fb4-8af4-f8c0997b6031,Restaurant 925,Philadelphia,NY,Burgers,3,Average,2023-12-01,Thursday,1,1.0,0.0,1.0,1.0,49.0,49.0,48.84,48.84,7.49,True
ec5f75bb-f14b-4e7e-8a0f-75cdc2b8e8b5,Restaurant 1844,Philadelphia,NY,Sushi,5,Elite,2024-09-01,Monday,1,1.0,0.0,1.0,1.0,37.0,37.0,45.54,45.54,3.59,True
d70e63b4-f274-41ca-be20-4cf6da687fd4,Restaurant 1863,Philadelphia,NY,Pizza,5,Elite,2022-12-01,Wednesday,1,1.0,0.0,1.0,1.0,19.0,19.0,8.0,8.0,2.27,True
a45ca8d9-e7fb-4f15-93a0-766d51c161b9,Restaurant 1869,Philadelphia,NY,American (New),5,Elite,2024-03-01,Saturday,1,1.0,0.0,1.0,0.0,28.0,28.0,56.14,56.14,2.69,True
d90c8e65-932b-4475-9be5-e910b0a493d5,Restaurant 1871,Philadelphia,NY,Burgers,5,Elite,2024-09-01,Saturday,1,1.0,0.0,1.0,1.0,36.0,36.0,44.24,44.24,4.91,True
bf114da7-fb63-4a3b-97f2-a5a5d9afd9d6,Restaurant 939,Philadelphia,NY,Seafood,3,Average,2023-04-01,Thursday,1,1.0,0.0,1.0,1.0,41.0,41.0,37.61,37.61,7.43,True
fcc8103d-e838-4129-a524-d7776cf6e96d,Restaurant 942,Philadelphia,NY,Chinese,3,Average,2023-01-01,Sunday,1,1.0,0.0,1.0,1.0,21.0,21.0,27.72,27.72,3.66,True
59e6ec97-61bc-425c-8997-b45e0cef93d1,Restaurant 1899,Philadelphia,NY,Coffee & Tea,5,Elite,2024-03-01,Sunday,1,1.0,0.0,1.0,1.0,31.0,31.0,20.31,20.31,4.96,True
eb080d94-7489-47cd-95e3-81a740994fee,Restaurant 948,Philadelphia,NY,Chinese,3,Average,2022-09-01,Wednesday,1,1.0,0.0,1.0,1.0,46.0,46.0,36.86,36.86,5.57,True
5f5eb29e-7f09-48e1-82ab-21228078a1be,Restaurant 1905,Philadelphia,NY,Burgers,5,Elite,2023-03-01,Sunday,1,1.0,0.0,1.0,0.0,49.0,49.0,8.0,8.0,5.08,True
812e63a0-75e2-43c9-8788-a8b02c3d1d44,Restaurant 953,Philadelphia,NY,Chinese,3,Average,2024-12-01,Thursday,1,1.0,0.0,1.0,1.0,22.0,22.0,24.97,24.97,6.0,True
9c3c6b14-50ec-4bb4-8732-6327a28d847b,Restaurant 1907,Philadelphia,NY,Chinese,5,Elite,2024-11-01,Sunday,1,1.0,0.0,1.0,1.0,29.0,29.0,36.33,36.33,5.61,True
fe991fb6-987e-43db-bbb2-f6586e7cc7b9,Restaurant 959,Philadelphia,NY,Italian,3,Average,2022-11-01,Friday,2,2.0,0.0,1.0,0.0,47.0,47.0,42.24,21.12,5.59,True
20884c72-dac3-4fd8-aa8b-3369e467b6d7,Restaurant 961,Philadelphia,NY,Chinese,3,Average,2023-10-01,Sunday,1,1.0,0.0,1.0,1.0,10.0,10.0,8.0,8.0,6.57,True
b487508d-7795-4b27-84f4-d722cd847dfd,Restaurant 1930,Philadelphia,NY,American (New),5,Elite,2023-10-01,Sunday,1,1.0,0.0,1.0,1.0,22.0,22.0,13.01,13.01,7.88,True
54cea9be-2231-4833-9b70-066500231633,Restaurant 964,Philadelphia,NY,Seafood,3,Average,2023-09-01,Saturday,1,1.0,0.0,1.0,1.0,18.0,18.0,8.0,8.0,3.04,True
51d04985-c7e0-44d3-ba43-1f529b5891fd,Restaurant 1934,Philadelphia,NY,Burgers,5,Elite,2023-05-01,Friday,1,1.0,0.0,1.0,1.0,42.0,42.0,47.54,47.54,5.23,True
3aa66772-97eb-4681-b792-9ef0d112d298,Restaurant 985,Philadelphia,NY,Burgers,3,Average,2024-05-01,Wednesday,1,1.0,0.0,1.0,1.0,48.0,48.0,22.64,22.64,3.33,True
58c2351b-5f1f-4b84-99ea-cdd73d2f9a7e,Restaurant 987,Philadelphia,NY,Pizza,3,Average,2022-05-01,Monday,1,1.0,0.0,1.0,1.0,44.0,44.0,29.42,29.42,7.88,True
7646ffc5-91f6-4036-ac86-905cb330b599,Restaurant 988,Philadelphia,NY,Sushi,3,Average,2023-11-01,Saturday,1,1.0,0.0,1.0,0.0,52.0,52.0,34.92,34.92,4.55,True
b9b4fd91-f720-4dfa-9af5-1e741277731d,Restaurant 1945,Philadelphia,NY,Pizza,5,Elite,2022-12-01,Monday,1,1.0,0.0,1.0,0.0,41.0,41.0,31.77,31.77,3.63,True
ebf1fec4-5b45-4411-a4d9-2656aa8a0efb,Restaurant 1956,Philadelphia,NY,American (New),5,Elite,2023-08-01,Thursday,1,1.0,0.0,1.0,1.0,25.0,25.0,36.69,36.69,2.05,True
3b4af736-861d-4b49-9d92-10e75a3a23bf,Restaurant 1978,Philadelphia,NY,Sushi,5,Elite,2023-12-01,Saturday,1,1.0,0.0,1.0,1.0,27.0,27.0,44.33,44.33,2.61,True
6cc9541b-be03-494c-a3a2-2ca8a4e403be,Restaurant 996,Philadelphia,NY,American (New),3,Average,2023-06-01,Thursday,1,1.0,0.0,1.0,1.0,31.0,31.0,44.89,44.89,7.89,True
990e4fbc-bea9-45c2-b137-c5a01a23070d,Restaurant 998,Philadelphia,NY,Burgers,3,Average,2024-08-01,Tuesday,1,1.0,0.0,1.0,1.0,23.0,23.0,34.33,34.33,7.39,True
588252e0-9608-4573-be20-ef66d3a7473d,Restaurant 1004,Philadelphia,NY,Burgers,3,Average,2023-11-01,Wednesday,1,1.0,0.0,1.0,1.0,36.0,36.0,26.96,26.96,1.79,True
a50d316a-1f4c-4afb-90f6-620f326e1e24,Restaurant 1979,Philadelphia,NY,Pizza,5,Elite,2022-03-01,Saturday,1,1.0,0.0,1.0,0.0,51.0,51.0,38.5,38.5,1.03,True
859e8489-c9dc-45c2-9337-5d2d16b39129,Restaurant 0,Philadelphia,PA,Seafood,1,Low,2023-08-01,Monday,1,1.0,0.0,1.0,1.0,26.0,26.0,13.55,13.55,4.1,True
60952fb3-5ad3-4b00-867b-0c0764c763b6,Restaurant 1017,Philadelphia,PA,American (New),3,Average,2024-10-01,Sunday,1,1.0,0.0,1.0,1.0,16.0,16.0,29.41,29.41,3.86,True
b3cc076c-17bb-4448-bc7d-5e051f6c9d05,Restaurant 1036,Philadelphia,PA,Coffee & Tea,3,Average,2023-03-01,Thursday,1,1.0,0.0,1.0,0.0,62.0,62.0,33.8,33.8,5.72,True
f3e98ea3-fc8b-421e-8849-dcd2d299077a,Restaurant 1051,Philadelphia,PA,Burgers,3,Average,2024-02-01,Tuesday,1,1.0,0.0,1.0,1.0,41.0,41.0,44.89,44.89,6.24,True
40cef1ea-5719-460f-8c9e-41332dd5ceb5,Restaurant 1,Philadelphia,PA,American (New),1,Low,2022-02-01,Monday,1,1.0,0.0,1.0,1.0,34.0,34.0,44.59,44.59,6.01,True
e1695292-3748-495d-a20f-4c2fbf3c6da1,Restaurant 9,Philadelphia,PA,Burgers,1,Low,2023-05-01,Saturday,1,1.0,0.0,1.0,0.0,48.0,48.0,31.32,31.32,3.99,True
a12a64a0-f929-4bcf-9556-30726ff78f01,Restaurant 31,Philadelphia,PA,Mexican,1,Low,2023-01-01,Sunday,1,1.0,0.0,1.0,1.0,10.0,10.0,15.51,15.51,2.24,True
059fb9bb-2f80-4abe-9be9-20619dc5cccd,Restaurant 1068,Philadelphia,PA,American (New),3,Average,2022-01-01,Friday,1,1.0,0.0,1.0,1.0,27.0,27.0,37.73,37.73,2.55,True
5c101545-3842-45e6-8501-5067e2dfd285,Restaurant 1079,Philadelphia,PA,Pizza,3,Average,2022-11-01,Friday,1,1.0,0.0,1.0,1.0,17.0,17.0,22.77,22.77,1.76,True
5dcc6439-cd1c-401f-9974-86f991d72621,Restaurant 50,Philadelphia,PA,Coffee & Tea,1,Low,2024-05-01,Saturday,1,1.0,0.0,1.0,1.0,31.0,31.0,26.83,26.83,5.58,True
e4243fba-02e0-48ea-af4d-a065cc51e321,Restaurant 1087,Philadelphia,PA,Sushi,3,Average,2022-02-01,Monday,1,1.0,0.0,1.0,0.0,55.0,55.0,17.57,17.57,4.46,True
04968982-95bd-4f83-aebf-f2d94bb430c6,Restaurant 1089,Philadelphia,PA,Italian,3,Average,2023-04-01,Friday,1,1.0,0.0,1.0,0.0,37.0,37.0,8.0,8.0,7.6,True
379f6bc5-5e9b-4e65-af45-d6afd1cd2b81,Restaurant 63,Philadelphia,PA,Coffee & Tea,1,Low,2023-05-01,Tuesday,1,1.0,0.0,1.0,1.0,26.0,26.0,21.13,21.13,3.79,True
9b1766f3-af44-4549-a91b-790b437497af,Restaurant 64,Philadelphia,PA,Italian,1,Low,2023-04-01,Friday,1,1.0,0.0,1.0,1.0,27.0,27.0,20.12,20.12,7.33,True
f302725f-3e99-4a64-8193-4fa68dfb2542,Restaurant 1102,Philadelphia,PA,Italian,3,Average,2024-06-01,Thursday,1,1.0,0.0,1.0,1.0,22.0,22.0,42.54,42.54,3.97,True
24a3c021-5dd9-47b2-a7ca-54a3ebdbd59d,Restaurant 66,Philadelphia,PA,Coffee & Tea,1,Low,2024-04-01,Thursday,1,1.0,0.0,1.0,1.0,57.0,57.0,36.37,36.37,6.13,True
c2a67327-89ce-41b2-aac9-4150f886efcc,Restaurant 96,Philadelphia,PA,Seafood,1,Low,2023-03-01,Thursday,1,1.0,0.0,1.0,1.0,18.0,18.0,10.55,10.55,7.72,True
0a7f217f-1c94-46f8-bd93-83def3d00a8f,Restaurant 1109,Philadelphia,PA,Sushi,3,Average,2022-07-01,Saturday,1,1.0,0.0,1.0,1.0,34.0,34.0,27.09,27.09,6.32,True
6212a8ae-e663-4f27-87e6-cbff7eb0a0da,Restaurant 106,Philadelphia,PA,Italian,1,Low,2024-02-01,Thursday,1,1.0,0.0,1.0,1.0,24.0,24.0,22.25,22.25,3.17,True
23a52345-31ad-4f02-b9c0-e8186775e859,Restaurant 108,Philadelphia,PA,Burgers,1,Low,2023-09-01,Wednesday,1,1.0,0.0,1.0,1.0,17.0,17.0,8.53,8.53,2.37,True
312586e7-d473-4d2e-a7ae-1c4a601b1e16,Restaurant 1128,Philadelphia,PA,Burgers,3,Average,2024-05-01,Tuesday,1,1.0,0.0,1.0,0.0,44.0,44.0,21.26,21.26,3.38,True
b6c91728-c175-4220-b4a3-29059a276bf4,Restaurant 1129,Philadelphia,PA,Chinese,3,Average,2024-02-01,Friday,1,1.0,0.0,1.0,1.0,18.0,18.0,19.62,19.62,1.41,True
0eab7582-b95e-43fb-9f25-12ed9500e955,Restaurant 1132,Philadelphia,PA,Burgers,3,Average,2024-02-01,Tuesday,1,1.0,0.0,1.0,0.0,31.0,31.0,25.57,25.57,7.66,True
26b8d05a-b5de-4f43-86b9-284b7e4fb112,Restaurant 115,Philadelphia,PA,Italian,1,Low,2023-11-01,Tuesday,1,0.0,1.0,0.0,,,,28.31,28.31,3.2,True
2d2e5725-578e-4882-9173-31b873e75b28,Restaurant 1142,Philadelphia,PA,Thai,3,Average,2023-01-01,Sunday,1,1.0,0.0,1.0,1.0,31.0,31.0,31.54,31.54,7.95,True
21263509-3a0b-4795-a346-7ae41cf67974,Restaurant 1156,Philadelphia,PA,Mexican,3,Average,2022-02-01,Wednesday,1,1.0,0.0,1.0,1.0,23.0,23.0,36.09,36.09,2.97,True
bdd54d10-9dbf-4959-be31-ee1e8388fd80,Restaurant 130,Philadelphia,PA,Pizza,1,Low,2023-09-01,Tuesday,1,1.0,0.0,1.0,1.0,17.0,17.0,15.19,15.19,1.68,True
ae7d5da4-5059-4759-9e69-433f1de9ba98,Restaurant 1159,Philadelphia,PA,Chinese,3,Average,2024-03-01,Thursday,1,1.0,0.0,1.0,0.0,53.0,53.0,42.85,42.85,5.41,True
fd16d09c-7282-4c26-8828-0246c6b2d3b6,Restaurant 1165,Philadelphia,PA,Burgers,3,Average,2024-07-01,Saturday,1,1.0,0.0,1.0,1.0,34.0,34.0,41.1,41.1,1.74,True
55d715ee-23e9-4d4e-8118-2663557cb27f,Restaurant 1170,Philadelphia,PA,Sushi,3,Average,2022-06-01,Wednesday,1,1.0,0.0,1.0,1.0,44.0,44.0,54.43,54.43,3.63,True
c5fa2a70-a41c-44df-98e9-d34cddd2c77c,Restaurant 133,Philadelphia,PA,Sushi,1,Low,2024-08-01,Friday,1,1.0,0.0,1.0,1.0,34.0,34.0,22.14,22.14,7.31,True
6696f863-dc33-45d7-a724-5b2385dd06c0,Restaurant 142,Philadelphia,PA,Thai,1,Low,2024-05-01,Monday,1,1.0,0.0,1.0,0.0,57.0,57.0,27.42,27.42,1.3,True
f1da8164-8760-47a9-8111-bcf1ee606ba3,Restaurant 150,Philadelphia,PA,Seafood,1,Low,2022-01-01,Monday,1,1.0,0.0,1.0,1.0,29.0,29.0,24.74,24.74,6.98,True
48f02e2a-67ee-4063-8b47-a09a802ca40b,Restaurant 1199,Philadelphia,PA,Thai,3,Average,2023-02-01,Wednesday,1,1.0,0.0,1.0,1.0,41.0,41.0,20.61,20.61,6.8,True
76443310-cc2b-4d72-9080-72be48b970fb,Restaurant 1200,Philadelphia,PA,Sushi,4,Strong,2023-10-01,Saturday,1,1.0,0.0,1.0,1.0,39.0,39.0,38.92,38.92,6.99,True
578b3eac-363e-41f5-8e9d-10a9878fa709,Restaurant 1203,Philadelphia,PA,Sushi,4,Strong,2024-04-01,Friday,1,1.0,0.0,1.0,1.0,29.0,29.0,30.45,30.45,3.75,True
fd2f7669-544e-4b1a-9812-5448e1800cc1,Restaurant 165,Philadelphia,PA,Mexican,1,Low,2024-03-01,Saturday,1,1.0,0.0,1.0,1.0,10.0,10.0,20.93,20.93,4.59,True
87fb6a41-ec8c-43da-a725-6c71b5607535,Restaurant 1209,Philadelphia,PA,Sushi,4,Strong,2024-09-01,Tuesday,1,1.0,0.0,1.0,1.0,38.0,38.0,31.85,31.85,2.09,True
210860b5-6a0a-428e-99b3-ecb3257024ba,Restaurant 173,Philadelphia,PA,Pizza,1,Low,2022-04-01,Tuesday,1,1.0,0.0,1.0,0.0,33.0,33.0,19.12,19.12,4.74,True
fe9733f0-8e55-4d65-a146-bcb2484c30cb,Restaurant 180,Philadelphia,PA,Chinese,1,Low,2022-06-01,Sunday,1,1.0,0.0,1.0,0.0,50.0,50.0,42.92,42.92,3.46,True
b5606e4b-60f6-48e9-ac69-c1d8d4a44e80,Restaurant 1215,Philadelphia,PA,Italian,4,Strong,2023-07-01,Monday,1,1.0,0.0,1.0,1.0,22.0,22.0,22.42,22.42,1.04,True
af8468a4-30bb-461b-8e81-867623dd6a66,Restaurant 188,Philadelphia,PA,Chinese,1,Low,2022-04-01,Monday,1,1.0,0.0,1.0,1.0,24.0,24.0,44.15,44.15,7.93,True
1fc80929-cc59-47ae-9e3d-3fdf0d48865a,Restaurant 1223,Philadelphia,PA,Mexican,4,Strong,2022-03-01,Sunday,1,1.0,0.0,1.0,1.0,36.0,36.0,41.16,41.16,2.32,True
e146995b-fa5c-4338-b38c-43cf9ea70e2b,Restaurant 1233,Philadelphia,PA,Pizza,4,Strong,2022-09-01,Tuesday,1,1.0,0.0,1.0,1.0,34.0,34.0,41.05,41.05,4.8,True
4dd5547c-30c1-4cc1-85ea-05c451cf885c,Restaurant 1236,Philadelphia,PA,Sushi,4,Strong,2022-07-01,Thursday,1,1.0,0.0,1.0,0.0,57.0,57.0,55.81,55.81,3.29,True
1e0c843b-bdba-4dd4-a305-74303bac4eef,Restaurant 1262,Philadelphia,PA,Chinese,4,Strong,2024-04-01,Sunday,1,1.0,0.0,1.0,1.0,33.0,33.0,8.0,8.0,7.52,True
0bc776f1-b987-4c4e-b426-3b679c00f561,Restaurant 203,Philadelphia,PA,Seafood,1,Low,2023-07-01,Saturday,1,1.0,0.0,1.0,0.0,38.0,38.0,31.28,31.28,7.61,True
ea894346-3083-48a4-91a5-1b9cf16c953b,Restaurant 1273,Philadelphia,PA,Pizza,4,Strong,2024-01-01,Saturday,1,1.0,0.0,1.0,1.0,10.0,10.0,20.37,20.37,2.74,True
5177a521-3308-43ad-a897-541bb5217ec3,Restaurant 208,Philadelphia,PA,Chinese,1,Low,2022-10-01,Thursday,1,1.0,0.0,1.0,1.0,35.0,35.0,22.17,22.17,6.6,True
ac9944ad-382b-4167-9491-21e4402a2066,Restaurant 1277,Philadelphia,PA,Chinese,4,Strong,2022-01-01,Saturday,1,1.0,0.0,1.0,1.0,22.0,22.0,25.4,25.4,2.76,True
0747e5b7-b4bc-4c89-8fc6-0262600d088b,Restaurant 210,Philadelphia,PA,Pizza,1,Low,2022-09-01,Wednesday,1,1.0,0.0,1.0,0.0,34.0,34.0,47.72,47.72,5.17,True
2d774ff3-f056-4a09-82a3-570f35f79621,Restaurant 221,Philadelphia,PA,Burgers,1,Low,2024-06-01,Sunday,1,1.0,0.0,1.0,0.0,42.0,42.0,16.62,16.62,4.42,True
3f96a85e-c90c-4670-970a-034799845a21,Restaurant 260,Philadelphia,PA,Mexican,1,Low,2024-11-01,Tuesday,1,1.0,0.0,1.0,0.0,55.0,55.0,45.74,45.74,7.3,True
2ae0bcf3-cd33-40cd-aa41-c1a7fe0a967f,Restaurant 1284,Philadelphia,PA,Coffee & Tea,4,Strong,2023-02-01,Friday,1,1.0,0.0,1.0,1.0,29.0,29.0,17.48,17.48,5.68,True
61ff5a7c-5015-4d1d-b6f4-d055d4abdb92,Restaurant 268,Philadelphia,PA,Mexican,1,Low,2024-10-01,Tuesday,1,1.0,0.0,1.0,0.0,44.0,44.0,8.0,8.0,1.87,True
02ba7431-70fd-4b5a-a936-a897f61f76e2,Restaurant 303,Philadelphia,PA,Mexican,1,Low,2023-09-01,Tuesday,1,1.0,0.0,1.0,0.0,56.0,56.0,24.12,24.12,5.86,True
b56a66f1-6a1d-48d0-b582-2b0468ac7e60,Restaurant 1295,Philadelphia,PA,Pizza,4,Strong,2022-03-01,Monday,1,1.0,0.0,1.0,1.0,24.0,24.0,26.39,26.39,7.31,True
0961ee01-9cd1-4b42-95cd-a5aa84ed6280,Restaurant 323,Philadelphia,PA,Mexican,1,Low,2022-03-01,Wednesday,1,1.0,0.0,1.0,1.0,29.0,29.0,29.94,29.94,7.83,True
23a56620-fc58-4382-94db-59d8ad2d37fb,Restaurant 1321,Philadelphia,PA,Coffee & Tea,4,Strong,2022-03-01,Friday,1,1.0,0.0,1.0,1.0,49.0,49.0,8.79,8.79,1.29,True
daffc541-7e3f-4cff-b17f-2da7d6f34a59,Restaurant 1341,Philadelphia,PA,Italian,4,Strong,2023-06-01,Wednesday,1,1.0,0.0,1.0,0.0,36.0,36.0,16.33,16.33,6.17,True
352a8931-cee8-43b6-bfa5-f4ad5c9bfb69,Restaurant 344,Philadelphia,PA,Mexican,1,Low,2024-09-01,Friday,1,1.0,0.0,1.0,0.0,50.0,50.0,36.61,36.61,2.48,True
4ab00b8f-44be-433c-9800-24db8f7b8b7c,Restaurant 346,Philadelphia,PA,Coffee & Tea,1,Low,2023-11-01,Monday,1,1.0,0.0,1.0,0.0,53.0,53.0,27.97,27.97,3.36,True
23e5d016-3dbf-4d65-bec4-a3bb2220a349,Restaurant 1369,Philadelphia,PA,Seafood,4,Strong,2023-06-01,Saturday,1,1.0,0.0,1.0,0.0,35.0,35.0,49.99,49.99,7.39,True
ebc7c741-e15d-4a30-9b34-19c77540b080,Restaurant 351,Philadelphia,PA,Seafood,1,Low,2024-06-01,Monday,1,1.0,0.0,1.0,1.0,44.0,44.0,19.06,19.06,5.97,True
a6f1e1bd-4a04-41f0-8e17-f246f6b9c123,Restaurant 1373,Philadelphia,PA,American (New),4,Strong,2023-03-01,Monday,1,1.0,0.0,1.0,1.0,14.0,14.0,53.43,53.43,4.32,True
2dac13d6-b673-4d7b-a3b3-275830b6ea60,Restaurant 1374,Philadelphia,PA,Sushi,4,Strong,2024-09-01,Sunday,1,1.0,0.0,1.0,0.0,50.0,50.0,13.5,13.5,3.59,True
dd0f799b-5a70-4977-aca2-8ae9e78e2d2f,Restaurant 366,Philadelphia,PA,American (New),1,Low,2023-06-01,Wednesday,1,1.0,0.0,1.0,1.0,10.0,10.0,20.78,20.78,6.23,True
6f032ca7-af0f-4329-956e-97bb5bf3d0a1,Restaurant 372,Philadelphia,PA,Sushi,1,Low,2023-04-01,Friday,1,1.0,0.0,1.0,0.0,35.0,35.0,33.97,33.97,3.54,True
720d1deb-906d-451e-94c9-107cec6cdf0a,Restaurant 1394,Philadelphia,PA,Thai,4,Strong,2024-06-01,Monday,1,1.0,0.0,1.0,1.0,50.0,50.0,9.09,9.09,1.18,True
56878a9f-1465-4cc6-8efd-bdedf4c5b4cf,Restaurant 1395,Philadelphia,PA,Thai,4,Strong,2024-07-01,Thursday,1,1.0,0.0,1.0,0.0,55.0,55.0,8.0,8.0,5.46,True
8c0e0dbc-73b6-4b90-8c72-cbaab8192c55,Restaurant 388,Philadelphia,PA,Thai,1,Low,2022-12-01,Thursday,1,1.0,0.0,1.0,1.0,50.0,50.0,57.36,57.36,5.24,True
4330c405-4dd6-4842-b63f-ad1ee2b3f0a4,Restaurant 391,Philadelphia,PA,Thai,1,Low,2022-08-01,Monday,1,1.0,0.0,1.0,0.0,42.0,42.0,20.61,20.61,6.38,True
e0aa2c0d-0e0f-4660-824e-dfe136916382,Restaurant 1405,Philadelphia,PA,American (New),4,Strong,2023-10-01,Wednesday,1,1.0,0.0,1.0,1.0,32.0,32.0,13.43,13.43,4.43,True
fc43590c-3a48-4750-a11b-f806ef228efa,Restaurant 1422,Philadelphia,PA,Sushi,4,Strong,2023-01-01,Monday,1,1.0,0.0,1.0,0.0,51.0,51.0,14.77,14.77,1.81,True
36d9ce30-dda7-4133-b3fa-cf7f4d8b3e74,Restaurant 394,Philadelphia,PA,Thai,1,Low,2024-03-01,Tuesday,1,1.0,0.0,1.0,0.0,53.0,53.0,24.61,24.61,2.8,True
ff0e8239-c9f4-4eda-afe1-f9235f8fa616,Restaurant 1437,Philadelphia,PA,American (New),4,Strong,2022-01-01,Sunday,1,1.0,0.0,1.0,1.0,39.0,39.0,53.76,53.76,4.04,True
f6c6d37e-5139-4fd1-978a-a3b87083a7bf,Restaurant 407,Philadelphia,PA,Burgers,2,Below Average,2024-10-01,Saturday,1,1.0,0.0,1.0,1.0,10.0,10.0,16.18,16.18,3.84,True
0c9d0199-fe0f-4cc7-aa9a-55953f137425,Restaurant 1451,Philadelphia,PA,American (New),4,Strong,2022-12-01,Monday,1,1.0,0.0,1.0,1.0,10.0,10.0,39.08,39.08,2.53,True
865988c1-50e6-444c-ac9f-aefb4bd5c988,Restaurant 1452,Philadelphia,PA,American (New),4,Strong,2023-10-01,Monday,1,1.0,0.0,1.0,1.0,32.0,32.0,55.06,55.06,2.55,True
ecb30a9a-b276-4623-9a3f-d53ec3308349,Restaurant 411,Philadelphia,PA,Italian,2,Below Average,2022-12-01,Tuesday,1,1.0,0.0,1.0,1.0,39.0,39.0,34.09,34.09,6.8,True
4bf2901a-a6fb-4c90-ac88-0e113b3d6d01,Restaurant 431,Philadelphia,PA,American (New),2,Below Average,2024-03-01,Friday,1,1.0,0.0,1.0,0.0,48.0,48.0,8.0,8.0,4.29,True
bc569aa2-3009-42f1-8dee-987680d3ca33,Restaurant 434,Philadelphia,PA,Sushi,2,Below Average,2024-12-01,Saturday,1,1.0,0.0,1.0,1.0,48.0,48.0,8.0,8.0,6.94,True
0616afaf-dcdd-4e7d-8181-6c6fd8f47fe9,Restaurant 1475,Philadelphia,PA,Italian,4,Strong,2023-08-01,Thursday,1,1.0,0.0,1.0,1.0,45.0,45.0,11.64,11.64,3.37,True
c6224fc5-bb62-4943-80ba-02e68bb8b2a8,Restaurant 444,Philadelphia,PA,Coffee & Tea,2,Below Average,2024-05-01,Monday,1,1.0,0.0,1.0,1.0,27.0,27.0,48.54,48.54,2.53,True
d71d0f5f-bf20-4886-ac18-62db004062bf,Restaurant 1503,Philadelphia,PA,Chinese,4,Strong,2024-08-01,Monday,1,1.0,0.0,1.0,0.0,55.0,55.0,8.0,8.0,3.75,True
694469d4-76ee-490b-9786-4cce70a9d388,Restaurant 449,Philadelphia,PA,Coffee & Tea,2,Below Average,2024-01-01,Monday,1,1.0,0.0,1.0,1.0,44.0,44.0,8.0,8.0,3.52,True
4a911a9d-2314-4116-91f3-02e7bc88c4f2,Restaurant 464,Philadelphia,PA,Sushi,2,Below Average,2024-04-01,Wednesday,1,1.0,0.0,1.0,1.0,34.0,34.0,32.15,32.15,3.84,True
b685dea9-2822-4dc2-812a-68638e57f994,Restaurant 477,Philadelphia,PA,American (New),2,Below Average,2024-12-01,Wednesday,1,1.0,0.0,1.0,0.0,52.0,52.0,47.11,47.11,4.0,True
b42ef8ab-9109-4404-adab-9510a5b1b78a,Restaurant 1544,Philadelphia,PA,Pizza,4,Strong,2024-09-01,Thursday,1,1.0,0.0,1.0,1.0,25.0,25.0,24.03,24.03,2.87,True
7634650c-d7d5-4b95-8bf9-6214c323c454,Restaurant 512,Philadelphia,PA,Italian,2,Below Average,2024-07-01,Thursday,1,1.0,0.0,1.0,0.0,29.0,29.0,32.48,32.48,3.46,True
0396b29f-8f79-480c-895f-d0894b73af95,Restaurant 1565,Philadelphia,PA,Italian,4,Strong,2022-07-01,Sunday,1,1.0,0.0,1.0,1.0,22.0,22.0,28.05,28.05,2.68,True
b76c4138-0bca-4312-897f-b8622e94f02f,Restaurant 1567,Philadelphia,PA,Burgers,4,Strong,2023-07-01,Friday,1,1.0,0.0,1.0,1.0,23.0,23.0,34.41,34.41,7.98,True
037471d3-f709-4a65-8a32-25594bba08fa,Restaurant 542,Philadelphia,PA,Burgers,2,Below Average,2024-08-01,Friday,1,1.0,0.0,1.0,0.0,39.0,39.0,23.34,23.34,7.04,True
68085f50-e3a5-4dfa-9696-26af31e08000,Restaurant 549,Philadelphia,PA,Coffee & Tea,2,Below Average,2024-03-01,Friday,1,1.0,0.0,1.0,1.0,34.0,34.0,34.88,34.88,1.67,True
1192a2f7-1d33-43dd-9ab4-ba2ae4684056,Restaurant 550,Philadelphia,PA,Seafood,2,Below Average,2022-09-01,Wednesday,1,1.0,0.0,1.0,1.0,39.0,39.0,8.85,8.85,3.8,True
bd145874-df9e-4a43-9477-15491c699058,Restaurant 551,Philadelphia,PA,Mexican,2,Below Average,2024-04-01,Thursday,1,1.0,0.0,1.0,1.0,26.0,26.0,17.62,17.62,3.39,True
609fc121-e659-4979-ab19-a71fe76dd297,Restaurant 562,Philadelphia,PA,Pizza,2,Below Average,2023-01-01,Friday,1,1.0,0.0,1.0,0.0,41.0,41.0,11.01,11.01,7.1,True
27b71fd9-28bd-4ceb-ab2b-ec60c3add1e0,Restaurant 564,Philadelphia,PA,Coffee & Tea,2,Below Average,2024-07-01,Sunday,1,1.0,0.0,1.0,1.0,45.0,45.0,12.25,12.25,7.28,True
38c3b0e3-72dd-4f32-9907-cae204cfcc33,Restaurant 1588,Philadelphia,PA,Burgers,4,Strong,2023-05-01,Monday,2,2.0,0.0,1.0,1.0,19.0,21.4,58.44,29.22,7.37,True
398417a5-e54e-485a-92f6-f3d8ee147623,Restaurant 598,Philadelphia,PA,Pizza,2,Below Average,2022-03-01,Saturday,1,1.0,0.0,1.0,1.0,18.0,18.0,12.58,12.58,3.24,True
15cb2ecc-5e16-4a68-8e7c-d4dba86092c1,Restaurant 603,Philadelphia,PA,Mexican,2,Below Average,2024-04-01,Saturday,1,1.0,0.0,1.0,1.0,34.0,34.0,38.08,38.08,7.8,True
97b58304-f5c8-433a-b451-208b7b756c15,Restaurant 1594,Philadelphia,PA,Burgers,4,Strong,2022-08-01,Monday,1,1.0,0.0,1.0,1.0,42.0,42.0,8.0,8.0,3.33,True
e2b89b16-f81e-4c6e-bb0e-5e54488639eb,Restaurant 615,Philadelphia,PA,American (New),2,Below Average,2023-07-01,Friday,1,0.0,1.0,0.0,,,,42.21,42.21,4.95,True
5595c6a3-9b32-487e-9863-c95b5c6a8bfc,Restaurant 1596,Philadelphia,PA,Chinese,4,Strong,2023-11-01,Wednesday,1,0.0,1.0,0.0,,,,37.1,37.1,5.29,True
ea625d9d-d935-473d-abce-c85a6d6f0da7,Restaurant 619,Philadelphia,PA,Italian,2,Below Average,2024-11-01,Saturday,1,1.0,0.0,1.0,1.0,26.0,26.0,8.0,8.0,2.06,True
e9d681fe-a73b-4733-a61b-acbfae329aeb,Restaurant 627,Philadelphia,PA,Coffee & Tea,2,Below Average,2022-04-01,Wednesday,2,2.0,0.0,1.0,1.0,39.0,40.6,45.47,22.74,3.93,True
6d961427-22b7-4e5e-b113-eb102eacac22,Restaurant 665,Philadelphia,PA,Burgers,2,Below Average,2023-12-01,Saturday,1,1.0,0.0,1.0,0.0,55.0,55.0,8.0,8.0,1.25,True
452407f9-b89d-4ac8-9dc2-03d9c18302bb,Restaurant 1626,Philadelphia,PA,Burgers,5,Elite,2022-12-01,Wednesday,1,1.0,0.0,1.0,1.0,22.0,22.0,21.39,21.39,5.96,True
a23bdf06-826b-46d3-aecf-fa30a6adb893,Restaurant 1628,Philadelphia,PA,Thai,5,Elite,2022-06-01,Thursday,1,1.0,0.0,1.0,1.0,36.0,36.0,28.72,28.72,1.1,True
7142f49b-5dfd-4be3-8976-ebb50305a91e,Restaurant 678,Philadelphia,PA,Thai,2,Below Average,2022-03-01,Friday,1,1.0,0.0,1.0,0.0,49.0,49.0,8.0,8.0,1.39,True
c74c71a6-afa6-4d9b-a266-8f8acde3fa94,Restaurant 1644,Philadelphia,PA,Italian,5,Elite,2022-05-01,Monday,1,1.0,0.0,1.0,1.0,35.0,35.0,37.56,37.56,5.5,True
9061f432-c8a6-481b-9172-0d1068d0be44,Restaurant 710,Philadelphia,PA,Thai,2,Below Average,2022-05-01,Monday,1,1.0,0.0,1.0,1.0,33.0,33.0,11.43,11.43,5.7,True
1234ab6e-407b-462a-9991-aa354e3916c8,Restaurant 1658,Philadelphia,PA,Burgers,5,Elite,2024-10-01,Saturday,1,1.0,0.0,1.0,0.0,41.0,41.0,36.37,36.37,3.09,True
dd0deac7-f785-487f-bfb9-07e703ba337f,Restaurant 1664,Philadelphia,PA,Pizza,5,Elite,2023-08-01,Friday,1,1.0,0.0,1.0,1.0,10.0,10.0,22.41,22.41,1.45,True
2f88fc1e-6387-4360-b7f1-3dc02f540d91,Restaurant 1668,Philadelphia,PA,Italian,5,Elite,2022-12-01,Thursday,1,1.0,0.0,1.0,1.0,18.0,18.0,15.63,15.63,7.28,True
f2b9cfe7-6c88-44da-b120-78aabce36cde,Restaurant 1673,Philadelphia,PA,American (New),5,Elite,2024-10-01,Friday,2,2.0,0.0,1.0,0.0,49.0,49.8,88.93,44.47,11.0,True
15e5f8a8-a5bb-4655-bac8-79a8a7705a9b,Restaurant 715,Philadelphia,PA,Pizza,2,Below Average,2023-11-01,Monday,1,1.0,0.0,1.0,0.0,47.0,47.0,30.0,30.0,4.91,True
bd2341f2-01fa-4d80-a040-b050330d13d4,Restaurant 1678,Philadelphia,PA,Burgers,5,Elite,2022-07-01,Friday,1,1.0,0.0,1.0,1.0,16.0,16.0,40.17,40.17,4.96,True
bd541b13-1745-47f1-9ed7-0830f1af2770,Restaurant 716,Philadelphia,PA,Sushi,2,Below Average,2023-04-01,Saturday,1,1.0,0.0,1.0,0.0,55.0,55.0,38.34,38.34,5.01,True
69c953a8-0893-47fb-bf31-e98c3b0692a6,Restaurant 1691,Philadelphia,PA,Italian,5,Elite,2023-12-01,Saturday,1,1.0,0.0,1.0,0.0,42.0,42.0,44.62,44.62,7.04,True
6e47726c-b373-44ce-ab2f-61f1c41a2bac,Restaurant 721,Philadelphia,PA,Chinese,2,Below Average,2023-01-01,Friday,1,1.0,0.0,1.0,0.0,39.0,39.0,53.77,53.77,1.7,True
77432ed4-b6e5-48a3-abef-3838d91d0435,Restaurant 1694,Philadelphia,PA,Coffee & Tea,5,Elite,2022-07-01,Friday,1,1.0,0.0,1.0,0.0,65.0,65.0,8.0,8.0,2.93,True
966ffa93-4e00-4238-84d3-eb99b7b8b574,Restaurant 1700,Philadelphia,PA,Mexican,5,Elite,2024-03-01,Saturday,1,1.0,0.0,1.0,1.0,38.0,38.0,37.44,37.44,5.12,True
80fa5fc6-09fd-427a-970e-8383d450afc8,Restaurant 725,Philadelphia,PA,Coffee & Tea,2,Below Average,2024-07-01,Wednesday,1,1.0,0.0,1.0,1.0,32.0,32.0,25.21,25.21,5.87,True
907086a2-cf58-43c1-8fa8-8d1779f622d2,Restaurant 1716,Philadelphia,PA,American (New),5,Elite,2023-07-01,Tuesday,1,1.0,0.0,1.0,1.0,35.0,35.0,43.43,43.43,7.77,True
a60b2ced-0120-45b6-bad7-333819ca5436,Restaurant 1720,Philadelphia,PA,Mexican,5,Elite,2024-12-01,Friday,1,1.0,0.0,1.0,0.0,48.0,48.0,15.81,15.81,3.79,True
9b419214-de50-4457-bcf5-3e839f13b477,Restaurant 731,Philadelphia,PA,Thai,2,Below Average,2023-08-01,Saturday,1,1.0,0.0,1.0,0.0,52.0,52.0,30.56,30.56,1.64,True
f4a76288-da53-439e-aa64-d1e98a00e26c,Restaurant 738,Philadelphia,PA,Burgers,2,Below Average,2024-08-01,Friday,1,1.0,0.0,1.0,0.0,42.0,42.0,8.0,8.0,2.52,True
eb46e11a-baba-4d61-bddc-1e9ebd2041a6,Restaurant 741,Philadelphia,PA,Thai,2,Below Average,2024-10-01,Wednesday,1,1.0,0.0,1.0,1.0,10.0,10.0,12.82,12.82,6.14,True
df259635-07dd-4d4b-9915-798e9be92e7d,Restaurant 773,Philadelphia,PA,Sushi,2,Below Average,2022-12-01,Thursday,1,1.0,0.0,1.0,1.0,24.0,24.0,8.0,8.0,5.3,True
044514f5-edb7-4ae4-8c09-f3d6bc986d99,Restaurant 1731,Philadelphia,PA,Coffee & Tea,5,Elite,2022-08-01,Thursday,1,1.0,0.0,1.0,1.0,22.0,22.0,30.19,30.19,1.51,True
864250a8-30c8-41b0-ab9b-3a9e3b656bfc,Restaurant 798,Philadelphia,PA,Seafood,2,Below Average,2022-03-01,Monday,1,1.0,0.0,1.0,1.0,25.0,25.0,33.21,33.21,2.26,True
090b82e7-f66c-48a2-b7b7-e9644f658f7e,Restaurant 1740,Philadelphia,PA,Seafood,5,Elite,2023-06-01,Saturday,1,1.0,0.0,1.0,1.0,36.0,36.0,41.64,41.64,2.9,True
5f0698fb-7625-4154-b7f8-f7528fb1e924,Restaurant 812,Philadelphia,PA,Coffee & Tea,3,Average,2022-08-01,Thursday,1,1.0,0.0,1.0,1.0,11.0,11.0,49.32,49.32,5.28,True
1ff0321c-7fbe-4445-b1f0-4fa06ee52a6c,Restaurant 815,Philadelphia,PA,Italian,3,Average,2022-12-01,Friday,1,1.0,0.0,1.0,1.0,46.0,46.0,45.88,45.88,1.75,True
89239dce-4113-4057-b918-d89f65a66bca,Restaurant 851,Philadelphia,PA,Burgers,3,Average,2023-06-01,Thursday,1,1.0,0.0,1.0,1.0,25.0,25.0,42.08,42.08,6.78,True
19d8e326-57ae-4ac6-8d2f-75b70663f597,Restaurant 860,Philadelphia,PA,Pizza,3,Average,2023-12-01,Friday,1,1.0,0.0,1.0,0.0,30.0,30.0,30.3,30.3,2.35,True
dbe58fa5-b956-40ae-9b69-4ab317374c20,Restaurant 1769,Philadelphia,PA,Seafood,5,Elite,2023-04-01,Thursday,1,1.0,0.0,1.0,1.0,30.0,30.0,19.15,19.15,5.86,True
1a9835d6-d43e-4d3f-b2bb-dcf373b3484e,Restaurant 1770,Philadelphia,PA,Pizza,5,Elite,2023-10-01,Friday,1,1.0,0.0,1.0,0.0,40.0,40.0,51.62,51.62,1.88,True
435ebcce-d017-498f-bf72-6cd1350d218c,Restaurant 869,Philadelphia,PA,Coffee & Tea,3,Average,2022-05-01,Sunday,1,1.0,0.0,1.0,1.0,22.0,22.0,40.97,40.97,2.62,True
89a84829-6b04-47b8-86c7-25e0f87d8bdf,Restaurant 1779,Philadelphia,PA,Italian,5,Elite,2023-11-01,Sunday,1,1.0,0.0,1.0,1.0,39.0,39.0,33.1,33.1,7.24,True
3eade810-5836-441a-8e73-2db42558e12c,Restaurant 871,Philadelphia,PA,American (New),3,Average,2022-04-01,Thursday,1,1.0,0.0,1.0,1.0,34.0,34.0,48.28,48.28,4.5,True
0886f332-97bd-48a7-82b2-a51d36b96a6c,Restaurant 1789,Philadelphia,PA,Pizza,5,Elite,2023-10-01,Monday,1,1.0,0.0,1.0,1.0,33.0,33.0,8.0,8.0,5.96,True
d7a8993e-9fb0-4cce-a638-5c0d6d8ab99d,Restaurant 1790,Philadelphia,PA,American (New),5,Elite,2024-08-01,Wednesday,1,1.0,0.0,1.0,1.0,44.0,44.0,34.67,34.67,6.86,True
4c61ee15-6ef7-4ac7-8503-14a00071a734,Restaurant 898,Philadelphia,PA,American (New),3,Average,2022-02-01,Sunday,1,1.0,0.0,1.0,1.0,45.0,45.0,33.25,33.25,2.93,True
f9e82551-de34-4683-bb68-bb5ca02f460b,Restaurant 1821,Philadelphia,PA,Chinese,5,Elite,2022-12-01,Thursday,1,1.0,0.0,1.0,0.0,41.0,41.0,19.18,19.18,5.27,True
354ce2aa-2473-4e64-aa74-e05faf579b75,Restaurant 1824,Philadelphia,PA,American (New),5,Elite,2024-04-01,Monday,1,1.0,0.0,1.0,1.0,32.0,32.0,52.04,52.04,5.31,True
cbd4ab1e-1a50-47aa-abec-59c876bd8f9e,Restaurant 907,Philadelphia,PA,Mexican,3,Average,2024-04-01,Sunday,1,1.0,0.0,1.0,0.0,56.0,56.0,27.51,27.51,6.8,True
cc11e4fc-5b59-4c13-b6e4-887b745626ce,Restaurant 1831,Philadelphia,PA,Pizza,5,Elite,2022-07-01,Tuesday,1,1.0,0.0,1.0,1.0,10.0,10.0,51.09,51.09,6.23,True
c6fad533-6daa-49a3-b604-f49fba68c8ea,Restaurant 916,Philadelphia,PA,Sushi,3,Average,2023-04-01,Wednesday,1,1.0,0.0,1.0,1.0,37.0,37.0,36.99,36.99,5.73,True
de9e9f30-1b96-4896-830f-2ddba255ce07,Restaurant 917,Philadelphia,PA,Burgers,3,Average,2023-04-01,Sunday,1,1.0,0.0,1.0,1.0,24.0,24.0,51.43,51.43,4.71,True
b171a987-18e0-4143-a3ac-73f04e51154c,Restaurant 918,Philadelphia,PA,Pizza,3,Average,2022-06-01,Sunday,1,1.0,0.0,1.0,1.0,12.0,12.0,23.82,23.82,4.95,True
b1718ddb-5b58-45ea-bdb8-d9f01304f55a,Restaurant 1841,Philadelphia,PA,Pizza,5,Elite,2022-01-01,Thursday,1,1.0,0.0,1.0,1.0,38.0,38.0,15.26,15.26,3.3,True
1d944406-d9d7-4e0c-bcce-d0725f346f07,Restaurant 929,Philadelphia,PA,Sushi,3,Average,2023-03-01,Tuesday,1,1.0,0.0,1.0,1.0,10.0,10.0,8.0,8.0,7.73,True
1e1ef32b-759a-4e9a-affc-86b714303d5d,Restaurant 931,Philadelphia,PA,Pizza,3,Average,2024-02-01,Tuesday,1,1.0,0.0,1.0,0.0,28.0,28.0,8.0,8.0,7.04,True
24b7bd6b-9691-4337-912a-f1bdb1644abd,Restaurant 1849,Philadelphia,PA,Seafood,5,Elite,2024-02-01,Friday,1,1.0,0.0,1.0,0.0,58.0,58.0,20.09,20.09,5.95,True
926c3f48-7732-457e-895f-7ada0b6f8e59,Restaurant 932,Philadelphia,PA,Coffee & Tea,3,Average,2023-06-01,Wednesday,1,1.0,0.0,1.0,0.0,43.0,43.0,16.38,16.38,1.87,True
577d2cc1-cdd3-4f2d-998e-5e72884ebfd6,Restaurant 936,Philadelphia,PA,Thai,3,Average,2024-01-01,Sunday,1,1.0,0.0,1.0,1.0,48.0,48.0,22.07,22.07,5.33,True
66a1c33e-074c-4520-9b97-3f62f82238b1,Restaurant 941,Philadelphia,PA,Chinese,3,Average,2022-05-01,Sunday,1,1.0,0.0,1.0,1.0,28.0,28.0,54.13,54.13,2.71,True
88cf80a0-e003-4353-996c-fe9db6da14ba,Restaurant 945,Philadelphia,PA,Sushi,3,Average,2023-03-01,Tuesday,1,1.0,0.0,1.0,1.0,39.0,39.0,53.01,53.01,2.34,True
c3d23fe5-7ef2-4c87-97c4-9a849ac6426f,Restaurant 1883,Philadelphia,PA,Seafood,5,Elite,2023-12-01,Thursday,1,1.0,0.0,1.0,1.0,40.0,40.0,20.58,20.58,6.93,True
6cf9feb9-6534-49f6-a7d0-efd9c0e448b6,Restaurant 949,Philadelphia,PA,Mexican,3,Average,2023-09-01,Monday,1,1.0,0.0,1.0,1.0,37.0,37.0,40.11,40.11,4.6,True
f0fef2d1-6d8e-4b58-986a-de512e5e6ab7,Restaurant 955,Philadelphia,PA,Burgers,3,Average,2023-06-01,Saturday,1,0.0,1.0,0.0,,,,30.02,30.02,4.32,True
1d83b87c-291f-46ad-be53-ba7696743316,Restaurant 963,Philadelphia,PA,Chinese,3,Average,2022-09-01,Wednesday,1,1.0,0.0,1.0,0.0,49.0,49.0,49.48,49.48,4.51,True
417da4a7-22f6-4fd2-88f9-e7306c8227f9,Restaurant 1915,Philadelphia,PA,Pizza,5,Elite,2022-02-01,Friday,1,1.0,0.0,1.0,1.0,45.0,45.0,12.22,12.22,3.62,True
23c12b60-b5e5-4f0c-858f-fd1d414e093a,Restaurant 1919,Philadelphia,PA,Coffee & Tea,5,Elite,2024-05-01,Wednesday,1,1.0,0.0,1.0,1.0,15.0,15.0,23.83,23.83,1.51,True
3b96a956-2372-42eb-9c4a-dbef13d98c9d,Restaurant 1926,Philadelphia,PA,Thai,5,Elite,2022-12-01,Wednesday,1,0.0,1.0,0.0,,,,23.68,23.68,2.91,True
930c80fa-74c9-4aab-a797-9e92b4e3e3ae,Restaurant 972,Philadelphia,PA,Seafood,3,Average,2023-05-01,Tuesday,1,1.0,0.0,1.0,0.0,44.0,44.0,8.59,8.59,3.22,True
4a688be8-1820-4f30-a7e0-bf377b89ba04,Restaurant 992,Philadelphia,PA,Burgers,3,Average,2024-12-01,Sunday,1,0.0,1.0,0.0,,,,33.29,33.29,3.53,True
7f61592d-36a4-4712-93f2-2bce3bf58a29,Restaurant 1937,Philadelphia,PA,Thai,5,Elite,2022-07-01,Saturday,1,1.0,0.0,1.0,1.0,28.0,28.0,48.53,48.53,3.27,True
b16637d0-c409-4283-ad34-78933372ae8a,Restaurant 1942,Philadelphia,PA,American (New),5,Elite,2024-02-01,Thursday,1,0.0,1.0,0.0,,,,28.21,28.21,3.35,True
dde62ba3-67c9-4ef4-b4ce-35648dcbb314,Restaurant 994,Philadelphia,PA,Italian,3,Average,2023-04-01,Thursday,1,1.0,0.0,1.0,0.0,64.0,64.0,39.7,39.7,2.21,True
a37a1be3-2ab8-4aa3-be3b-c506e45de798,Restaurant 995,Philadelphia,PA,Chinese,3,Average,2023-03-01,Wednesday,1,1.0,0.0,1.0,0.0,53.0,53.0,30.25,30.25,7.78,True
7a9e7943-30f8-40ea-bd07-cfaff2bc5a8b,Restaurant 1012,Philadelphia,PA,Italian,3,Average,2024-07-01,Sunday,1,1.0,0.0,1.0,0.0,57.0,57.0,38.08,38.08,5.1,True
eaaf038f-5a2d-4695-bb4b-f23c4c3fa6f8,Restaurant 1980,Philadelphia,PA,American (New),5,Elite,2024-08-01,Tuesday,1,0.0,1.0,0.0,,,,22.82,22.82,1.34,True
bdc78fc0-52e2-4613-aed5-1829fc944116,Restaurant 1995,Philadelphia,PA,Chinese,5,Elite,2024-04-01,Friday,1,1.0,0.0,1.0,1.0,10.0,10.0,30.8,30.8,6.57,True
73dc46bb-192a-49fb-8db0-c087ba1bc291,Restaurant 1997,Philadelphia,PA,Sushi,5,Elite,2024-07-01,Wednesday,1,1.0,0.0,1.0,1.0,18.0,18.0,36.82,36.82,2.35,True
041225a4-95df-4e78-8d09-49e0bb132be5,Restaurant 13,Philadelphia,WA,Sushi,1,Low,2024-10-01,Saturday,1,1.0,0.0,1.0,0.0,46.0,46.0,31.72,31.72,4.72,True
c5155494-1f0c-4cb4-9ae8-2a99e76be59d,Restaurant 40,Philadelphia,WA,Mexican,1,Low,2024-12-01,Wednesday,1,1.0,0.0,1.0,1.0,26.0,26.0,23.34,23.34,2.61,True
fc0bf660-1263-415b-8c01-4eec481ceb16,Restaurant 45,Philadelphia,WA,Pizza,1,Low,2024-11-01,Saturday,1,1.0,0.0,1.0,1.0,10.0,10.0,34.39,34.39,7.46,True
db216414-7217-4143-a349-3f6300808c8f,Restaurant 51,Philadelphia,WA,American (New),1,Low,2022-10-01,Tuesday,1,1.0,0.0,1.0,0.0,47.0,47.0,51.19,51.19,3.04,True
cd00e585-075e-40f4-a32f-7d010f628718,Restaurant 56,Philadelphia,WA,American (New),1,Low,2023-04-01,Monday,1,1.0,0.0,1.0,1.0,31.0,31.0,52.98,52.98,1.2,True
4aaeba07-e1e3-4583-bcb9-f257d4f49232,Restaurant 75,Philadelphia,WA,Coffee & Tea,1,Low,2024-06-01,Wednesday,1,1.0,0.0,1.0,1.0,26.0,26.0,13.56,13.56,2.78,True
c3203c88-54a0-4b3a-bb32-a872b7af9047,Restaurant 81,Philadelphia,WA,Seafood,1,Low,2024-09-01,Sunday,1,1.0,0.0,1.0,0.0,33.0,33.0,39.58,39.58,1.01,True
0eff75fd-4367-4a43-82a2-55da974cb31b,Restaurant 93,Philadelphia,WA,Coffee & Tea,1,Low,2023-02-01,Thursday,1,1.0,0.0,1.0,1.0,18.0,18.0,31.72,31.72,1.95,True
fbf6332c-31b4-4eac-97d8-a4d40398bb35,Restaurant 101,Philadelphia,WA,Pizza,1,Low,2023-02-01,Tuesday,1,1.0,0.0,1.0,1.0,10.0,10.0,27.37,27.37,5.19,True
e67626b2-2e08-4269-964d-83b426828f84,Restaurant 103,Philadelphia,WA,Mexican,1,Low,2023-04-01,Monday,1,1.0,0.0,1.0,1.0,38.0,38.0,13.62,13.62,6.15,True
7dc49068-c5ec-4657-b67c-bfcd933c6880,Restaurant 132,Philadelphia,WA,Coffee & Tea,1,Low,2022-01-01,Wednesday,1,1.0,0.0,1.0,0.0,50.0,50.0,15.49,15.49,6.33,True
1746c880-a4f4-4822-a3ca-ef8c39d44f9c,Restaurant 139,Philadelphia,WA,Seafood,1,Low,2024-05-01,Thursday,1,1.0,0.0,1.0,1.0,21.0,21.0,42.42,42.42,7.57,True
74e436ee-3905-4fbf-8069-1ccf413759b4,Restaurant 158,Philadelphia,WA,Chinese,1,Low,2022-01-01,Monday,1,0.0,1.0,0.0,,,,39.11,39.11,2.88,True
7042bb49-2c25-4e1a-b1bb-dabc90a28a4d,Restaurant 159,Philadelphia,WA,Pizza,1,Low,2023-06-01,Sunday,1,1.0,0.0,1.0,1.0,23.0,23.0,28.75,28.75,7.0,True
6a14b9dd-42e6-4dfd-945a-dbb1bd2807d5,Restaurant 170,Philadelphia,WA,Coffee & Tea,1,Low,2024-01-01,Sunday,1,1.0,0.0,1.0,1.0,33.0,33.0,29.47,29.47,1.75,True
2128f213-de84-4c3a-ad1f-0f8a55599ffb,Restaurant 171,Philadelphia,WA,Thai,1,Low,2023-12-01,Friday,1,1.0,0.0,1.0,1.0,28.0,28.0,53.95,53.95,1.59,True
da5fa659-0076-4026-9d72-5e73d4143276,Restaurant 213,Philadelphia,WA,American (New),1,Low,2024-09-01,Tuesday,1,1.0,0.0,1.0,1.0,50.0,50.0,33.97,33.97,1.69,True
216689e2-4041-4899-a989-df3f73debd27,Restaurant 218,Philadelphia,WA,Sushi,1,Low,2024-09-01,Monday,1,1.0,0.0,1.0,1.0,31.0,31.0,23.74,23.74,4.88,True
8fe4077f-caa8-414c-bc99-ca6604aef6e1,Restaurant 223,Philadelphia,WA,Coffee & Tea,1,Low,2023-08-01,Friday,1,0.0,1.0,0.0,,,,44.81,44.81,2.59,True
77c8f5c6-d153-453c-bac1-704982e849dd,Restaurant 242,Philadelphia,WA,Seafood,1,Low,2023-12-01,Saturday,1,1.0,0.0,1.0,1.0,33.0,33.0,38.19,38.19,6.46,True
be1bc014-a840-4f30-a48a-ffd420c9c627,Restaurant 249,Philadelphia,WA,Italian,1,Low,2024-08-01,Wednesday,1,1.0,0.0,1.0,0.0,66.0,66.0,44.77,44.77,2.72,True
675718c0-56c6-462b-8ae9-19a224bd3e50,Restaurant 250,Philadelphia,WA,Thai,1,Low,2024-03-01,Saturday,1,1.0,0.0,1.0,1.0,27.0,27.0,14.53,14.53,4.92,True
9f31b217-8f0c-4252-a81a-dfef1a878f55,Restaurant 270,Philadelphia,WA,Pizza,1,Low,2024-12-01,Sunday,1,1.0,0.0,1.0,0.0,30.0,30.0,22.36,22.36,7.63,True
c02121ed-573b-4a93-b27c-7e61fc3798e3,Restaurant 274,Philadelphia,WA,Burgers,1,Low,2022-06-01,Thursday,1,1.0,0.0,1.0,0.0,28.0,28.0,51.1,51.1,6.62,True
fe223133-da99-40aa-a11b-ba60e4dffca6,Restaurant 279,Philadelphia,WA,Chinese,1,Low,2023-04-01,Friday,1,1.0,0.0,1.0,1.0,16.0,16.0,25.24,25.24,1.42,True
ad721e79-2536-4bd0-864b-ed435d81c8b7,Restaurant 312,Philadelphia,WA,Seafood,1,Low,2023-06-01,Wednesday,1,1.0,0.0,1.0,0.0,50.0,50.0,27.02,27.02,5.07,True
1450b992-ae40-4f08-ac9b-181ed7f32aba,Restaurant 336,Philadelphia,WA,Italian,1,Low,2023-01-01,Sunday,1,1.0,0.0,1.0,1.0,26.0,26.0,62.71,62.71,7.81,True
32d2366f-bec8-42c2-b2f4-f13406e9b27d,Restaurant 403,Philadelphia,WA,Coffee & Tea,2,Below Average,2023-11-01,Monday,1,1.0,0.0,1.0,1.0,11.0,11.0,15.03,15.03,4.66,True
746a2e36-817d-414c-b596-3b3c7df996d4,Restaurant 421,Philadelphia,WA,Pizza,2,Below Average,2024-12-01,Sunday,1,1.0,0.0,1.0,1.0,21.0,21.0,51.02,51.02,5.53,True
631fc542-fbc7-444b-8819-2db56a754fd4,Restaurant 439,Philadelphia,WA,Burgers,2,Below Average,2023-07-01,Tuesday,1,1.0,0.0,1.0,0.0,45.0,45.0,44.68,44.68,3.43,True
ff1307a7-d9b3-4b73-a5dc-1051b1a8bf30,Restaurant 440,Philadelphia,WA,Coffee & Tea,2,Below Average,2023-03-01,Saturday,1,1.0,0.0,1.0,1.0,25.0,25.0,33.41,33.41,7.51,True
dc9b7df1-239b-45c1-9adf-3c426381fabc,Restaurant 453,Philadelphia,WA,Mexican,2,Below Average,2024-06-01,Saturday,1,1.0,0.0,1.0,1.0,29.0,29.0,8.0,8.0,6.7,True
e82eeb1d-e380-423f-90e9-52321873308f,Restaurant 455,Philadelphia,WA,Burgers,2,Below Average,2022-01-01,Sunday,1,1.0,0.0,1.0,0.0,45.0,45.0,51.73,51.73,5.98,True
ff81636d-d263-4802-8561-942190b3d15c,Restaurant 456,Philadelphia,WA,Thai,2,Below Average,2023-06-01,Tuesday,1,1.0,0.0,1.0,0.0,44.0,44.0,26.06,26.06,4.64,True
4ae2a95c-4f3f-4078-a542-685cc396e39a,Restaurant 465,Philadelphia,WA,American (New),2,Below Average,2023-12-01,Tuesday,1,1.0,0.0,1.0,1.0,25.0,25.0,21.34,21.34,6.65,True
7ec5b09e-9906-4b13-beef-ddbe53eaf253,Restaurant 469,Philadelphia,WA,Coffee & Tea,2,Below Average,2024-09-01,Thursday,1,1.0,0.0,1.0,1.0,25.0,25.0,41.14,41.14,4.41,True
c0689d68-05eb-4dd7-ad09-9a15432b44a0,Restaurant 474,Philadelphia,WA,American (New),2,Below Average,2022-01-01,Monday,1,1.0,0.0,1.0,1.0,37.0,37.0,17.42,17.42,1.09,True
b0d9e6a3-fec2-4d19-b119-a681f182e368,Restaurant 480,Philadelphia,WA,Mexican,2,Below Average,2022-06-01,Saturday,1,1.0,0.0,1.0,1.0,19.0,19.0,8.0,8.0,7.34,True
383f29c9-fe82-4f35-a3a8-6d95cb94b438,Restaurant 493,Philadelphia,WA,American (New),2,Below Average,2023-08-01,Friday,1,1.0,0.0,1.0,1.0,15.0,15.0,19.15,19.15,1.19,True
c634f3b4-dea1-4b01-a044-19c2d780aad7,Restaurant 495,Philadelphia,WA,Thai,2,Below Average,2024-03-01,Wednesday,1,1.0,0.0,1.0,1.0,31.0,31.0,18.04,18.04,3.51,True
25c8d599-a94a-4b55-a2b0-c599a74e63ae,Restaurant 505,Philadelphia,WA,Burgers,2,Below Average,2024-12-01,Friday,1,1.0,0.0,1.0,1.0,32.0,32.0,34.83,34.83,2.05,True
ff3dbb94-2645-4dec-b2b4-07da65b8a7cc,Restaurant 515,Philadelphia,WA,Pizza,2,Below Average,2024-10-01,Wednesday,1,1.0,0.0,1.0,1.0,33.0,33.0,35.91,35.91,2.04,True
910b41fd-a21e-4dd9-9665-7b6ff0c9c9eb,Restaurant 520,Philadelphia,WA,Mexican,2,Below Average,2024-05-01,Wednesday,1,1.0,0.0,1.0,0.0,58.0,58.0,19.33,19.33,7.78,True
c8cb2c71-17f7-4a0a-bc27-cee8bed2dc18,Restaurant 523,Philadelphia,WA,Chinese,2,Below Average,2024-01-01,Wednesday,1,1.0,0.0,1.0,1.0,21.0,21.0,21.59,21.59,3.22,True
a1adf48d-e0a0-4e19-90b8-607a4613fdc2,Restaurant 524,Philadelphia,WA,Coffee & Tea,2,Below Average,2022-07-01,Wednesday,1,1.0,0.0,1.0,1.0,35.0,35.0,11.73,11.73,6.39,True
b93abe7a-c511-4be1-b0a0-8cbd003696ba,Restaurant 529,Philadelphia,WA,American (New),2,Below Average,2022-01-01,Saturday,1,1.0,0.0,1.0,1.0,19.0,19.0,37.27,37.27,4.53,True
72eed0c7-ee34-407a-b310-8a3ec47acf3d,Restaurant 537,Philadelphia,WA,Chinese,2,Below Average,2024-07-01,Friday,1,1.0,0.0,1.0,1.0,35.0,35.0,27.64,27.64,7.79,True
4b6ff088-0d1b-42b7-9955-1b9401cc3717,Restaurant 578,Philadelphia,WA,American (New),2,Below Average,2022-09-01,Sunday,1,1.0,0.0,1.0,0.0,59.0,59.0,8.0,8.0,7.21,True
e1af6754-8e99-4bd0-9cc2-e8cbc3d019cf,Restaurant 601,Philadelphia,WA,Chinese,2,Below Average,2022-09-01,Friday,1,1.0,0.0,1.0,1.0,29.0,29.0,21.55,21.55,6.85,True
caf83720-9dd4-43c0-9906-b3f5254898c1,Restaurant 638,Philadelphia,WA,Mexican,2,Below Average,2023-07-01,Saturday,1,1.0,0.0,1.0,0.0,33.0,33.0,68.14,68.14,7.41,True
03a9901c-2c5a-4ef8-ae58-9f2176d4e265,Restaurant 644,Philadelphia,WA,American (New),2,Below Average,2024-12-01,Sunday,1,1.0,0.0,1.0,1.0,12.0,12.0,41.9,41.9,7.4,True
c46d381c-28e1-4ad1-a90f-63d75b58b38e,Restaurant 646,Philadelphia,WA,Mexican,2,Below Average,2024-06-01,Wednesday,1,1.0,0.0,1.0,1.0,44.0,44.0,28.23,28.23,3.24,True
99bc508f-4b7d-4bbd-b8be-e4182a349f8c,Restaurant 650,Philadelphia,WA,Pizza,2,Below Average,2023-02-01,Wednesday,1,1.0,0.0,1.0,1.0,17.0,17.0,35.7,35.7,2.31,True
58859cfc-feae-425b-a0db-eddce39ea1cd,Restaurant 652,Philadelphia,WA,Sushi,2,Below Average,2022-08-01,Thursday,1,1.0,0.0,1.0,1.0,28.0,28.0,41.96,41.96,7.46,True
fcb504fc-e95f-48f3-94f6-b9bdd4982c20,Restaurant 693,Philadelphia,WA,Pizza,2,Below Average,2022-11-01,Monday,1,1.0,0.0,1.0,1.0,18.0,18.0,24.33,24.33,2.51,True
c296a0b0-c068-43d5-b481-4306d4c0129b,Restaurant 699,Philadelphia,WA,Chinese,2,Below Average,2022-09-01,Thursday,1,1.0,0.0,1.0,1.0,10.0,10.0,41.99,41.99,7.71,True
e4a666aa-a07f-4de0-bb19-4508fa0d339f,Restaurant 703,Philadelphia,WA,Coffee & Tea,2,Below Average,2024-06-01,Friday,1,1.0,0.0,1.0,1.0,27.0,27.0,16.83,16.83,4.81,True
7e0ea6e6-6352-4cc1-bb52-595a259b3f5e,Restaurant 707,Philadelphia,WA,Chinese,2,Below Average,2023-03-01,Friday,1,1.0,0.0,1.0,1.0,26.0,26.0,25.93,25.93,5.49,True
8a0e4abe-d4d7-45a7-8f90-dc4234226a9b,Restaurant 744,Philadelphia,WA,Thai,2,Below Average,2023-02-01,Sunday,1,1.0,0.0,1.0,1.0,10.0,10.0,20.99,20.99,4.62,True
cb85f43d-63eb-4f41-b7ce-4f6f8ede540c,Restaurant 762,Philadelphia,WA,American (New),2,Below Average,2022-10-01,Tuesday,1,1.0,0.0,1.0,0.0,42.0,42.0,8.0,8.0,4.37,True
65432ce1-fe52-4c25-8191-61ed50e30362,Restaurant 774,Philadelphia,WA,Chinese,2,Below Average,2023-10-01,Monday,1,1.0,0.0,1.0,1.0,26.0,26.0,23.13,23.13,4.75,True
6b0b1839-5fbd-4ff3-9d38-4e3c625f2d34,Restaurant 788,Philadelphia,WA,Thai,2,Below Average,2023-04-01,Sunday,1,1.0,0.0,1.0,1.0,28.0,28.0,15.18,15.18,6.41,True
113220c4-00e0-45bd-8d58-83298022a8cc,Restaurant 794,Philadelphia,WA,Italian,2,Below Average,2022-07-01,Thursday,1,1.0,0.0,1.0,1.0,46.0,46.0,30.96,30.96,4.45,True
a42eeb56-46ea-4cc6-a7e3-82eaa1ab59c1,Restaurant 800,Philadelphia,WA,Italian,3,Average,2022-01-01,Thursday,1,1.0,0.0,1.0,0.0,54.0,54.0,17.27,17.27,4.15,True
f1e5f1da-0c12-4b59-bb65-f65e66a99689,Restaurant 803,Philadelphia,WA,Burgers,3,Average,2023-03-01,Wednesday,1,1.0,0.0,1.0,1.0,24.0,24.0,20.3,20.3,6.54,True
3365c608-7285-44a2-9f4f-b13e4da94ad4,Restaurant 832,Philadelphia,WA,American (New),3,Average,2022-08-01,Friday,1,1.0,0.0,1.0,1.0,30.0,30.0,41.25,41.25,4.24,True
ed616d74-937e-4aa7-a688-36e3429ea1e3,Restaurant 849,Philadelphia,WA,Coffee & Tea,3,Average,2024-12-01,Wednesday,1,1.0,0.0,1.0,1.0,14.0,14.0,32.16,32.16,3.52,True
460b8578-323b-43b0-90df-c415bb5b6a17,Restaurant 868,Philadelphia,WA,Thai,3,Average,2023-06-01,Saturday,1,1.0,0.0,1.0,1.0,45.0,45.0,49.71,49.71,4.42,True
fde54432-d9e3-4e64-a9d8-837187049985,Restaurant 872,Philadelphia,WA,Italian,3,Average,2024-02-01,Sunday,1,1.0,0.0,1.0,0.0,50.0,50.0,28.7,28.7,4.17,True
b6d991b2-7063-42d8-ac3d-0eae2fcccc6e,Restaurant 873,Philadelphia,WA,Sushi,3,Average,2023-10-01,Wednesday,1,1.0,0.0,1.0,0.0,55.0,55.0,48.03,48.03,3.02,True
97a955e0-c8cb-4cfd-b07f-a9912ccd0557,Restaurant 880,Philadelphia,WA,Chinese,3,Average,2023-12-01,Saturday,1,1.0,0.0,1.0,0.0,44.0,44.0,33.34,33.34,4.55,True
3631dc73-775d-4617-95b6-0f8ec481d17f,Restaurant 882,Philadelphia,WA,American (New),3,Average,2024-06-01,Tuesday,1,1.0,0.0,1.0,1.0,31.0,31.0,20.71,20.71,7.6,True
7021aba8-225b-470f-83c7-9fb6f38809aa,Restaurant 887,Philadelphia,WA,Burgers,3,Average,2022-03-01,Friday,1,1.0,0.0,1.0,1.0,32.0,32.0,14.19,14.19,4.49,True
00a9fb92-035d-4d3e-b167-0352034753e2,Restaurant 889,Philadelphia,WA,Burgers,3,Average,2023-01-01,Monday,1,1.0,0.0,1.0,1.0,37.0,37.0,75.09,75.09,6.09,True
66688073-9a51-470d-821b-d655a5a3f09e,Restaurant 891,Philadelphia,WA,Sushi,3,Average,2023-02-01,Friday,1,0.0,1.0,0.0,,,,8.0,8.0,2.21,True
bac0805e-3789-40fa-ab31-6e235ba3996d,Restaurant 923,Philadelphia,WA,Pizza,3,Average,2023-05-01,Saturday,1,1.0,0.0,1.0,0.0,52.0,52.0,25.4,25.4,4.36,True
ed2b7395-5030-43c2-a871-8a9d4b58081a,Restaurant 935,Philadelphia,WA,Thai,3,Average,2023-04-01,Friday,1,1.0,0.0,1.0,1.0,34.0,34.0,19.56,19.56,3.34,True
1891ca52-a128-4079-9e25-a99ba500b733,Restaurant 938,Philadelphia,WA,Sushi,3,Average,2023-03-01,Thursday,1,1.0,0.0,1.0,1.0,38.0,38.0,25.89,25.89,2.15,True
188181c3-f32a-482f-8310-f4d562340405,Restaurant 943,Philadelphia,WA,Mexican,3,Average,2024-08-01,Wednesday,1,1.0,0.0,1.0,0.0,59.0,59.0,38.9,38.9,1.31,True
a6d4005e-2227-435f-b5cc-98bff44de6d7,Restaurant 954,Philadelphia,WA,Mexican,3,Average,2024-07-01,Friday,1,1.0,0.0,1.0,1.0,42.0,42.0,8.0,8.0,4.79,True
d4fbba7c-cd21-4231-8a7d-8a944e33c014,Restaurant 969,Philadelphia,WA,Sushi,3,Average,2022-06-01,Thursday,1,1.0,0.0,1.0,1.0,15.0,15.0,46.57,46.57,3.37,True
d21af797-41be-4869-8354-44ecd391c8e2,Restaurant 1026,Philadelphia,WA,Pizza,3,Average,2023-10-01,Wednesday,1,1.0,0.0,1.0,1.0,34.0,34.0,8.0,8.0,2.52,True
329e7064-8b48-4885-b9d6-112afac7b55c,Restaurant 1049,Philadelphia,WA,Pizza,3,Average,2022-11-01,Wednesday,1,1.0,0.0,1.0,1.0,17.0,17.0,61.88,61.88,5.9,True
60ab67b9-0ab8-4314-93a3-6389c84d5ab3,Restaurant 1061,Philadelphia,WA,Seafood,3,Average,2023-11-01,Thursday,1,1.0,0.0,1.0,0.0,50.0,50.0,32.45,32.45,1.94,True
91601fc0-0928-4ba9-8394-d2e4afec332f,Restaurant 1063,Philadelphia,WA,Italian,3,Average,2023-10-01,Wednesday,1,1.0,0.0,1.0,1.0,40.0,40.0,34.76,34.76,3.76,True
ba73423f-e438-4ea2-aa79-26a9b76e2a27,Restaurant 1064,Philadelphia,WA,Mexican,3,Average,2024-10-01,Wednesday,1,1.0,0.0,1.0,0.0,54.0,54.0,13.99,13.99,3.22,True
6f5d1897-4083-4efb-a148-ba7d73357922,Restaurant 1066,Philadelphia,WA,Sushi,3,Average,2024-10-01,Sunday,1,1.0,0.0,1.0,1.0,24.0,24.0,25.78,25.78,5.48,True
3d623c63-26c2-4f87-8177-8d536aed2499,Restaurant 1078,Philadelphia,WA,Chinese,3,Average,2022-09-01,Thursday,1,1.0,0.0,1.0,1.0,42.0,42.0,45.01,45.01,6.27,True
b298da43-3678-4e5c-b7cb-cfd1f21e8197,Restaurant 1095,Philadelphia,WA,Pizza,3,Average,2022-12-01,Friday,1,0.0,1.0,0.0,,,,50.63,50.63,4.19,True
bea8299f-eeeb-4938-8caa-83f0825409d8,Restaurant 1104,Philadelphia,WA,Pizza,3,Average,2023-11-01,Tuesday,1,1.0,0.0,1.0,1.0,19.0,19.0,35.41,35.41,5.82,True
51a565b4-ea99-4b93-b031-de94488675de,Restaurant 1115,Philadelphia,WA,Mexican,3,Average,2024-12-01,Monday,1,1.0,0.0,1.0,1.0,33.0,33.0,27.16,27.16,5.46,True
30e775f8-8f19-46a4-8e36-914e5643e99c,Restaurant 1119,Philadelphia,WA,Chinese,3,Average,2023-06-01,Friday,1,1.0,0.0,1.0,0.0,50.0,50.0,30.6,30.6,7.64,True
6278bfe5-e884-4438-84f7-fb6b5c1cd500,Restaurant 1124,Philadelphia,WA,Sushi,3,Average,2023-09-01,Thursday,1,1.0,0.0,1.0,1.0,45.0,45.0,9.63,9.63,4.29,True
97b5bf89-8555-41e4-8dc7-c4c213989f3a,Restaurant 1131,Philadelphia,WA,Sushi,3,Average,2024-06-01,Tuesday,1,1.0,0.0,1.0,1.0,45.0,45.0,35.73,35.73,2.52,True
e1c04e7e-d32b-4b6c-aa48-3f9831034cf9,Restaurant 1138,Philadelphia,WA,Pizza,3,Average,2024-06-01,Thursday,1,1.0,0.0,1.0,1.0,32.0,32.0,44.0,44.0,4.38,True
6cb1c01d-f782-4618-8469-659e73969185,Restaurant 1185,Philadelphia,WA,American (New),3,Average,2023-08-01,Friday,1,1.0,0.0,1.0,1.0,24.0,24.0,25.51,25.51,5.84,True
9514c379-a3b0-4a92-94cf-0d98d719f340,Restaurant 1186,Philadelphia,WA,Pizza,3,Average,2023-03-01,Friday,1,1.0,0.0,1.0,0.0,63.0,63.0,15.03,15.03,3.65,True
a0040d4f-4d72-48b5-9df0-f6ab4ff6f9f6,Restaurant 1193,Philadelphia,WA,Chinese,3,Average,2022-06-01,Sunday,1,1.0,0.0,1.0,1.0,39.0,39.0,8.0,8.0,7.72,True
0401bc2a-dc48-4924-96a4-15cc45b59306,Restaurant 1218,Philadelphia,WA,Sushi,4,Strong,2022-03-01,Friday,1,1.0,0.0,1.0,1.0,10.0,10.0,26.03,26.03,6.18,True
a6c321e6-6af2-431d-960a-89b09dc596c5,Restaurant 1224,Philadelphia,WA,Coffee & Tea,4,Strong,2023-11-01,Sunday,1,1.0,0.0,1.0,1.0,23.0,23.0,28.35,28.35,2.83,True
ae5ee031-4746-4037-9976-adfe77be8188,Restaurant 1268,Philadelphia,WA,Chinese,4,Strong,2024-07-01,Sunday,1,1.0,0.0,1.0,1.0,10.0,10.0,42.29,42.29,3.2,True
a3e7344a-e7b0-46d4-b07c-12419d580c7e,Restaurant 1301,Philadelphia,WA,Thai,4,Strong,2023-12-01,Thursday,1,1.0,0.0,1.0,1.0,56.0,56.0,43.24,43.24,4.44,True
6998e9e1-af1f-47d1-af7a-af94e520a5ae,Restaurant 1303,Philadelphia,WA,Italian,4,Strong,2024-05-01,Monday,1,1.0,0.0,1.0,1.0,30.0,30.0,35.56,35.56,4.79,True
4d311a4d-1ef2-4cb3-bf60-ecc9f8e63b21,Restaurant 1307,Philadelphia,WA,Italian,4,Strong,2022-08-01,Friday,1,1.0,0.0,1.0,1.0,53.0,53.0,33.37,33.37,5.91,True
16d9b46b-d42b-4f60-9316-f7cba9215ef5,Restaurant 1320,Philadelphia,WA,Pizza,4,Strong,2024-11-01,Wednesday,1,1.0,0.0,1.0,1.0,18.0,18.0,31.83,31.83,4.68,True
6141c8ff-5e91-4d45-8363-33562058f1d0,Restaurant 1325,Philadelphia,WA,Thai,4,Strong,2022-03-01,Sunday,1,1.0,0.0,1.0,1.0,16.0,16.0,49.63,49.63,4.39,True
dd498b0d-e9dd-4f46-8adb-ef239b1a6e1b,Restaurant 1340,Philadelphia,WA,Mexican,4,Strong,2024-11-01,Tuesday,1,1.0,0.0,1.0,1.0,30.0,30.0,18.46,18.46,4.96,True
04f509d0-9f45-4f5d-9ceb-9e07e997b78e,Restaurant 1352,Philadelphia,WA,Pizza,4,Strong,2022-05-01,Wednesday,1,1.0,0.0,1.0,0.0,57.0,57.0,35.41,35.41,6.99,True
6a249cce-a90e-4d90-b9d5-1f5dd3b1a6aa,Restaurant 1353,Philadelphia,WA,Coffee & Tea,4,Strong,2022-02-01,Tuesday,1,1.0,0.0,1.0,0.0,49.0,49.0,27.66,27.66,5.75,True
a450c849-10e9-4a84-9740-deea7f58671c,Restaurant 1354,Philadelphia,WA,Italian,4,Strong,2023-12-01,Sunday,1,1.0,0.0,1.0,1.0,22.0,22.0,9.48,9.48,6.25,True
c79b6a82-fc7a-4bad-be32-792c778f8055,Restaurant 1359,Philadelphia,WA,Sushi,4,Strong,2022-12-01,Saturday,1,1.0,0.0,1.0,1.0,51.0,51.0,8.0,8.0,2.61,True
2a4df03d-246c-44c9-8c13-fef5495e4bc8,Restaurant 1360,Philadelphia,WA,Burgers,4,Strong,2022-09-01,Tuesday,1,1.0,0.0,1.0,1.0,27.0,27.0,39.59,39.59,2.9,True
2200b213-7fc6-43c2-9f91-76746b5da9d4,Restaurant 1368,Philadelphia,WA,Chinese,4,Strong,2024-12-01,Thursday,1,1.0,0.0,1.0,1.0,49.0,49.0,23.61,23.61,7.41,True
771d089e-5466-4394-9774-5bf708797842,Restaurant 1386,Philadelphia,WA,Italian,4,Strong,2023-03-01,Friday,1,1.0,0.0,1.0,0.0,43.0,43.0,17.37,17.37,4.23,True
63d2ce80-78e4-40e8-bb28-2660e37dba3d,Restaurant 1392,Philadelphia,WA,Thai,4,Strong,2024-05-01,Monday,1,1.0,0.0,1.0,0.0,60.0,60.0,14.68,14.68,6.98,True
161ebb77-2f1f-4ef9-8e98-10e50163d5ae,Restaurant 1411,Philadelphia,WA,Coffee & Tea,4,Strong,2023-09-01,Tuesday,1,1.0,0.0,1.0,1.0,32.0,32.0,15.85,15.85,4.14,True
37b0aab6-9c1f-49d3-96ff-4562bb1d06bd,Restaurant 1420,Philadelphia,WA,Chinese,4,Strong,2024-12-01,Thursday,1,1.0,0.0,1.0,1.0,26.0,26.0,37.39,37.39,1.72,True
0fa7fed7-a716-449f-828c-ebdd00bb9908,Restaurant 1423,Philadelphia,WA,Thai,4,Strong,2023-04-01,Saturday,1,1.0,0.0,1.0,1.0,25.0,25.0,35.53,35.53,4.4,True
df8e3f4b-ccbb-4029-9290-79d1590ce1c7,Restaurant 1425,Philadelphia,WA,Mexican,4,Strong,2022-02-01,Thursday,1,1.0,0.0,1.0,1.0,10.0,10.0,36.92,36.92,4.38,True
e2f805ca-ad75-4494-b972-a736717a283f,Restaurant 1429,Philadelphia,WA,Burgers,4,Strong,2024-05-01,Wednesday,1,1.0,0.0,1.0,1.0,40.0,40.0,32.23,32.23,3.01,True
6932226a-19e1-4533-b76f-39bf0459534a,Restaurant 1432,Philadelphia,WA,Mexican,4,Strong,2023-04-01,Sunday,1,1.0,0.0,1.0,1.0,30.0,30.0,18.21,18.21,4.35,True
7d570e44-dda3-4310-b911-faff3ced5290,Restaurant 1457,Philadelphia,WA,Sushi,4,Strong,2023-12-01,Saturday,1,1.0,0.0,1.0,1.0,19.0,19.0,16.59,16.59,4.8,True
36630652-4757-4567-9cdf-8f5b45557f44,Restaurant 1477,Philadelphia,WA,Italian,4,Strong,2023-09-01,Tuesday,1,1.0,0.0,1.0,0.0,56.0,56.0,70.25,70.25,7.71,True
897c6b39-e675-4dc0-a4e5-46fce9adc92d,Restaurant 1482,Philadelphia,WA,Sushi,4,Strong,2023-04-01,Tuesday,1,1.0,0.0,1.0,0.0,65.0,65.0,24.52,24.52,3.52,True
145c69c7-29a0-40ee-8d02-95ab6bf46c9e,Restaurant 1505,Philadelphia,WA,Thai,4,Strong,2024-08-01,Sunday,1,1.0,0.0,1.0,1.0,30.0,30.0,40.05,40.05,3.94,True
449d68de-88a7-4abc-876b-a46f7461213f,Restaurant 1511,Philadelphia,WA,American (New),4,Strong,2024-08-01,Thursday,1,1.0,0.0,1.0,0.0,54.0,54.0,32.98,32.98,4.43,True
40a5beea-6780-4476-8013-20dfacfc117a,Restaurant 1519,Philadelphia,WA,Burgers,4,Strong,2024-10-01,Saturday,1,1.0,0.0,1.0,1.0,28.0,28.0,32.12,32.12,1.5,True
5322436e-f142-4841-9478-7c5d238dacbb,Restaurant 1540,Philadelphia,WA,Italian,4,Strong,2023-04-01,Wednesday,1,1.0,0.0,1.0,1.0,22.0,22.0,31.51,31.51,4.3,True
d3edcee4-ebd7-4e14-bd1f-5937bc3cc211,Restaurant 1566,Philadelphia,WA,Pizza,4,Strong,2022-10-01,Wednesday,1,1.0,0.0,1.0,1.0,40.0,40.0,33.43,33.43,2.73,True
09b99fb9-eb17-44ac-937f-d30f90abedcb,Restaurant 1568,Philadelphia,WA,Coffee & Tea,4,Strong,2023-07-01,Friday,1,1.0,0.0,1.0,0.0,43.0,43.0,37.38,37.38,1.41,True
759d4d34-88f8-4151-b2cd-b4f6a75c1cdd,Restaurant 1577,Philadelphia,WA,Thai,4,Strong,2024-04-01,Thursday,1,1.0,0.0,1.0,0.0,36.0,36.0,29.52,29.52,7.96,True
9e2a4f1e-b7b1-42b9-a92d-0e65fc927cb6,Restaurant 1587,Philadelphia,WA,Thai,4,Strong,2024-06-01,Friday,1,1.0,0.0,1.0,1.0,13.0,13.0,40.4,40.4,6.95,True
76409af3-5705-49b6-a4f3-21c039e17069,Restaurant 1605,Philadelphia,WA,Thai,5,Elite,2024-01-01,Tuesday,1,1.0,0.0,1.0,1.0,30.0,30.0,38.81,38.81,7.02,True
6c64d407-4b6a-4e13-9c95-a763ed98b260,Restaurant 1639,Philadelphia,WA,Mexican,5,Elite,2023-02-01,Wednesday,1,1.0,0.0,1.0,0.0,53.0,53.0,17.17,17.17,4.46,True
d71482aa-0d9e-4360-8992-3eab6a40e50d,Restaurant 1653,Philadelphia,WA,American (New),5,Elite,2023-02-01,Wednesday,1,1.0,0.0,1.0,1.0,33.0,33.0,36.87,36.87,7.87,True
a597a194-2c7a-44a4-8921-b87186ee62e6,Restaurant 1654,Philadelphia,WA,Chinese,5,Elite,2022-08-01,Monday,1,1.0,0.0,1.0,0.0,52.0,52.0,60.71,60.71,7.81,True
17e18527-ce74-4867-9e88-9018fed493c3,Restaurant 1670,Philadelphia,WA,Chinese,5,Elite,2024-07-01,Saturday,1,0.0,1.0,0.0,,,,27.63,27.63,7.98,True
7082a1fa-1b07-4738-84ae-3d01d417cb85,Restaurant 1675,Philadelphia,WA,Mexican,5,Elite,2024-03-01,Monday,1,1.0,0.0,1.0,0.0,41.0,41.0,8.0,8.0,2.84,True
c7b01f6b-88c2-431d-9f58-cd2b1f9352d7,Restaurant 1689,Philadelphia,WA,Seafood,5,Elite,2024-05-01,Wednesday,1,1.0,0.0,1.0,0.0,41.0,41.0,70.31,70.31,2.89,True
30d6bd4d-7fcf-40ce-a7c2-ebc6a27a55cf,Restaurant 1702,Philadelphia,WA,Mexican,5,Elite,2023-06-01,Saturday,1,1.0,0.0,1.0,0.0,45.0,45.0,47.36,47.36,5.58,True
fe744ad3-3023-4fc7-b72f-43f7e015b764,Restaurant 1708,Philadelphia,WA,Coffee & Tea,5,Elite,2023-04-01,Tuesday,1,1.0,0.0,1.0,0.0,52.0,52.0,42.42,42.42,5.46,True
dbdd8700-4315-45f7-9787-ba083cc18cdc,Restaurant 1715,Philadelphia,WA,American (New),5,Elite,2024-04-01,Thursday,1,1.0,0.0,1.0,1.0,45.0,45.0,26.85,26.85,7.5,True
5c76f01b-cdd1-4c2f-bb23-581dce161f86,Restaurant 1722,Philadelphia,WA,Thai,5,Elite,2022-01-01,Friday,1,1.0,0.0,1.0,1.0,32.0,32.0,61.1,61.1,3.77,True
4396ea78-8d4c-41eb-8561-e509ac2c5ee6,Restaurant 1728,Philadelphia,WA,Sushi,5,Elite,2023-11-01,Friday,1,1.0,0.0,1.0,1.0,53.0,53.0,18.41,18.41,6.45,True
479fbf55-f994-4d16-bb7b-653d9cffcd1e,Restaurant 1752,Philadelphia,WA,Seafood,5,Elite,2024-05-01,Thursday,1,1.0,0.0,1.0,1.0,46.0,46.0,46.28,46.28,4.21,True
c3141098-f7e6-4620-bb43-ad948f4ede14,Restaurant 1786,Philadelphia,WA,Pizza,5,Elite,2023-12-01,Friday,1,1.0,0.0,1.0,0.0,38.0,38.0,8.0,8.0,7.96,True
edf19b2a-4c60-445c-9f87-214b85a41e4b,Restaurant 1808,Philadelphia,WA,Chinese,5,Elite,2024-10-01,Saturday,1,1.0,0.0,1.0,1.0,52.0,52.0,34.59,34.59,1.2,True
e8e92be2-af99-4a86-bbe2-6b085847e77d,Restaurant 1810,Philadelphia,WA,American (New),5,Elite,2024-03-01,Friday,1,1.0,0.0,1.0,1.0,10.0,10.0,45.18,45.18,2.85,True
ea1f0a2b-ce6e-4c5f-a360-b1dcafe7b5f4,Restaurant 1839,Philadelphia,WA,Pizza,5,Elite,2024-07-01,Thursday,1,1.0,0.0,1.0,1.0,30.0,30.0,27.37,27.37,3.69,True
3cdceb4f-1a00-4e56-9ad0-1c8a9c0cbfd9,Restaurant 1847,Philadelphia,WA,Seafood,5,Elite,2023-06-01,Thursday,1,1.0,0.0,1.0,1.0,25.0,25.0,28.16,28.16,1.35,True
e444ac6b-8617-42b4-9b4f-543cb7e811ff,Restaurant 1879,Philadelphia,WA,Mexican,5,Elite,2022-10-01,Monday,1,1.0,0.0,1.0,1.0,38.0,38.0,11.76,11.76,2.06,True
3408e807-ef69-4f3f-99db-e52f344a5898,Restaurant 1890,Philadelphia,WA,Mexican,5,Elite,2024-09-01,Thursday,1,1.0,0.0,1.0,1.0,41.0,41.0,30.09,30.09,6.82,True
5eb8c89d-8b0a-42ec-ac44-50d07683f7ed,Restaurant 1906,Philadelphia,WA,Coffee & Tea,5,Elite,2024-03-01,Sunday,1,1.0,0.0,1.0,0.0,50.0,50.0,18.18,18.18,5.53,True
43bd96a0-5164-491d-b8d4-b7cb569df305,Restaurant 1910,Philadelphia,WA,Italian,5,Elite,2022-10-01,Sunday,1,1.0,0.0,1.0,0.0,63.0,63.0,37.16,37.16,3.93,True
a30db52a-2ace-46f7-a07f-dcd4b5d3a468,Restaurant 1911,Philadelphia,WA,American (New),5,Elite,2022-03-01,Sunday,1,1.0,0.0,1.0,1.0,30.0,30.0,39.06,39.06,2.37,True
b23a28d6-3e8a-46b2-a36a-a58b7b6c3bd7,Restaurant 1928,Philadelphia,WA,Pizza,5,Elite,2024-12-01,Monday,1,0.0,1.0,0.0,,,,33.59,33.59,4.27,True
6b976b61-e528-45e2-af01-01eae0ec22ea,Restaurant 1933,Philadelphia,WA,Mexican,5,Elite,2024-03-01,Monday,1,1.0,0.0,1.0,1.0,38.0,38.0,29.16,29.16,6.79,True
a14be992-9251-4871-bba6-babba45ba841,Restaurant 1957,Philadelphia,WA,Burgers,5,Elite,2022-05-01,Tuesday,1,1.0,0.0,1.0,0.0,46.0,46.0,29.94,29.94,1.21,True
b701b9f3-5cfb-434a-a2df-7f13dff92847,Restaurant 1968,Philadelphia,WA,Thai,5,Elite,2023-08-01,Tuesday,1,1.0,0.0,1.0,1.0,22.0,22.0,40.08,40.08,1.17,True
979b061e-4ac6-4950-856e-fbff493b027a,Restaurant 16,Philadelphia,AZ,Mexican,1,Low,2024-05-01,Sunday,1,1.0,0.0,1.0,1.0,31.0,31.0,56.09,56.09,6.79,True
d1b7b24b-4641-450e-b4e8-47092e175290,Restaurant 22,Philadelphia,AZ,Burgers,1,Low,2023-10-01,Sunday,1,1.0,0.0,1.0,1.0,38.0,38.0,63.91,63.91,5.66,True
77cec5eb-981c-4dad-833f-7d9890102f9d,Restaurant 55,Philadelphia,AZ,Coffee & Tea,1,Low,2023-06-01,Thursday,1,1.0,0.0,1.0,1.0,31.0,31.0,25.34,25.34,1.4,True
c53ec9c4-3f6d-45d9-bbc2-96629c14acb8,Restaurant 60,Philadelphia,AZ,Seafood,1,Low,2024-01-01,Sunday,1,1.0,0.0,1.0,0.0,43.0,43.0,8.0,8.0,5.36,True
591d6f4c-e48f-4789-9caf-0c027e3804ce,Restaurant 73,Philadelphia,AZ,Coffee & Tea,1,Low,2024-03-01,Friday,1,1.0,0.0,1.0,0.0,55.0,55.0,31.74,31.74,4.1,True
0a90f802-0fcf-42b9-84bb-4c3dac3add20,Restaurant 76,Philadelphia,AZ,Coffee & Tea,1,Low,2024-07-01,Friday,1,1.0,0.0,1.0,1.0,26.0,26.0,8.0,8.0,3.23,True
e5f87447-42f7-4a39-9ffd-f9f7857fb524,Restaurant 79,Philadelphia,AZ,Sushi,1,Low,2022-07-01,Friday,1,1.0,0.0,1.0,1.0,41.0,41.0,18.64,18.64,7.06,True
c0c0ecf5-abda-4d35-9a2e-40eb13306bfe,Restaurant 82,Philadelphia,AZ,Sushi,1,Low,2023-06-01,Tuesday,1,1.0,0.0,1.0,0.0,50.0,50.0,24.42,24.42,1.08,True
16443fd7-b809-4258-82a0-d3f26a944729,Restaurant 87,Philadelphia,AZ,Sushi,1,Low,2024-05-01,Thursday,1,1.0,0.0,1.0,1.0,10.0,10.0,19.4,19.4,1.45,True
fc4fcbc8-e42f-4c5b-87e1-4ac14d86a4a5,Restaurant 90,Philadelphia,AZ,Coffee & Tea,1,Low,2022-08-01,Wednesday,1,1.0,0.0,1.0,0.0,43.0,43.0,41.77,41.77,5.9,True
37f2a1e6-67f5-421d-89e0-e3a01465a750,Restaurant 114,Philadelphia,AZ,Burgers,1,Low,2024-05-01,Saturday,1,1.0,0.0,1.0,1.0,24.0,24.0,35.61,35.61,4.48,True
f7e16e60-ffdf-49b7-b317-124a64caa172,Restaurant 117,Philadelphia,AZ,Burgers,1,Low,2024-11-01,Monday,1,1.0,0.0,1.0,1.0,37.0,37.0,39.95,39.95,6.63,True
46865a1b-74e6-494e-bbad-480c599a8de4,Restaurant 125,Philadelphia,AZ,Coffee & Tea,1,Low,2022-05-01,Tuesday,1,1.0,0.0,1.0,0.0,54.0,54.0,34.45,34.45,7.44,True
972887eb-5efa-4e42-a7a0-cb0ab25f0026,Restaurant 144,Philadelphia,AZ,Pizza,1,Low,2022-06-01,Wednesday,1,1.0,0.0,1.0,0.0,34.0,34.0,27.56,27.56,2.88,True
c214b78c-a14f-4770-a416-b47ea798c754,Restaurant 147,Philadelphia,AZ,Pizza,1,Low,2023-09-01,Wednesday,1,1.0,0.0,1.0,1.0,14.0,14.0,8.0,8.0,6.75,True
89cf3c09-cf6c-41d4-b529-f0a2a09d2a85,Restaurant 155,Philadelphia,AZ,Chinese,1,Low,2024-02-01,Monday,1,1.0,0.0,1.0,0.0,59.0,59.0,53.23,53.23,1.89,True
705f84f3-dfc4-4043-b406-50f554a7ef2e,Restaurant 160,Philadelphia,AZ,Burgers,1,Low,2024-10-01,Wednesday,1,1.0,0.0,1.0,1.0,40.0,40.0,40.52,40.52,5.27,True
e8b9eabb-d56a-499a-baa9-32c7aa302b84,Restaurant 172,Philadelphia,AZ,Pizza,1,Low,2022-04-01,Friday,1,1.0,0.0,1.0,1.0,24.0,24.0,41.75,41.75,3.01,True
755fb9ed-1fcd-4d30-9d0f-4f41fa9f87ea,Restaurant 175,Philadelphia,AZ,American (New),1,Low,2022-11-01,Saturday,1,1.0,0.0,1.0,0.0,38.0,38.0,42.25,42.25,1.96,True
4d2a434a-a9bb-4fb8-b01f-5fe4ae326d57,Restaurant 204,Philadelphia,AZ,Burgers,1,Low,2023-05-01,Monday,1,1.0,0.0,1.0,0.0,38.0,38.0,39.46,39.46,6.58,True
a7b8ca5c-13c6-42c0-8068-ea10c88436b4,Restaurant 205,Philadelphia,AZ,Mexican,1,Low,2024-04-01,Friday,1,1.0,0.0,1.0,0.0,46.0,46.0,32.6,32.6,5.1,True
d62440c3-6480-4c98-9cb8-c6714f1808b2,Restaurant 231,Philadelphia,AZ,Sushi,1,Low,2022-01-01,Sunday,1,1.0,0.0,1.0,0.0,46.0,46.0,12.87,12.87,1.66,True
5647ac52-1239-428e-a11f-706dafbd405e,Restaurant 235,Philadelphia,AZ,Thai,1,Low,2022-11-01,Tuesday,1,1.0,0.0,1.0,1.0,30.0,30.0,8.0,8.0,6.59,True
9118ba18-f69f-48f6-9135-9c5cf3d5a515,Restaurant 244,Philadelphia,AZ,American (New),1,Low,2024-03-01,Tuesday,1,1.0,0.0,1.0,1.0,36.0,36.0,35.0,35.0,5.53,True
4e083304-68b7-466b-83e1-8d5b67967bc0,Restaurant 257,Philadelphia,AZ,American (New),1,Low,2022-09-01,Tuesday,1,1.0,0.0,1.0,1.0,40.0,40.0,23.19,23.19,4.03,True
786a7a3f-2749-431e-983b-fdef7724ffb9,Restaurant 292,Philadelphia,AZ,Italian,1,Low,2024-05-01,Friday,1,1.0,0.0,1.0,1.0,29.0,29.0,33.08,33.08,5.52,True
1768a42b-6a3e-4789-887d-345d5038a987,Restaurant 305,Philadelphia,AZ,Seafood,1,Low,2022-10-01,Monday,1,1.0,0.0,1.0,1.0,32.0,32.0,49.44,49.44,1.43,True
e410ee9f-6717-409e-a90d-878240431333,Restaurant 311,Philadelphia,AZ,Italian,1,Low,2024-05-01,Wednesday,1,1.0,0.0,1.0,0.0,40.0,40.0,38.83,38.83,2.1,True
4ab75392-4df5-4319-9697-4e9dd70d7d87,Restaurant 320,Philadelphia,AZ,Sushi,1,Low,2024-03-01,Thursday,1,1.0,0.0,1.0,1.0,30.0,30.0,8.0,8.0,2.57,True
be8b0ae4-f295-4ebb-ac32-9f74fa2c6ae7,Restaurant 355,Philadelphia,AZ,Coffee & Tea,1,Low,2023-02-01,Friday,1,1.0,0.0,1.0,1.0,44.0,44.0,58.69,58.69,5.36,True
b29a272d-fe1c-47ad-8625-bf9600ff2486,Restaurant 358,Philadelphia,AZ,Sushi,1,Low,2023-11-01,Friday,1,1.0,0.0,1.0,1.0,10.0,10.0,33.74,33.74,2.95,True
331e5f36-037e-44df-a3bf-55f8282b7d13,Restaurant 361,Philadelphia,AZ,Burgers,1,Low,2024-08-01,Tuesday,1,1.0,0.0,1.0,1.0,20.0,20.0,18.79,18.79,2.32,True
fb1b05aa-5b04-4b70-908e-ee87d07e747b,Restaurant 371,Philadelphia,AZ,Chinese,1,Low,2024-02-01,Monday,1,1.0,0.0,1.0,0.0,36.0,36.0,14.73,14.73,7.72,True
6ca2dd9f-e5bc-4212-ac40-7db6e0cc3f01,Restaurant 398,Philadelphia,AZ,Coffee & Tea,1,Low,2024-12-01,Sunday,1,1.0,0.0,1.0,1.0,10.0,10.0,15.19,15.19,4.55,True
35a4701d-9d43-4dad-8efb-48cf44dacd42,Restaurant 404,Philadelphia,AZ,Thai,2,Below Average,2022-01-01,Wednesday,1,1.0,0.0,1.0,1.0,26.0,26.0,36.26,36.26,2.87,True
c758c09e-f198-43af-aba4-fecd75f2035d,Restaurant 408,Philadelphia,AZ,Pizza,2,Below Average,2022-12-01,Sunday,1,1.0,0.0,1.0,1.0,26.0,26.0,32.12,32.12,2.83,True
7aafa5e7-2fca-464b-9972-83ab318b8982,Restaurant 416,Philadelphia,AZ,American (New),2,Below Average,2022-11-01,Sunday,1,1.0,0.0,1.0,1.0,10.0,10.0,10.62,10.62,3.72,True
edb869e1-37e8-4ad5-a0cc-7b49499766df,Restaurant 427,Philadelphia,AZ,Italian,2,Below Average,2023-03-01,Saturday,1,1.0,0.0,1.0,0.0,45.0,45.0,20.78,20.78,7.9,True
d1fa02d2-4824-4881-b065-68ae0d50f9fc,Restaurant 485,Philadelphia,AZ,American (New),2,Below Average,2023-02-01,Wednesday,1,1.0,0.0,1.0,1.0,10.0,10.0,37.51,37.51,7.82,True
11a79323-5a9a-43e9-ad5f-e10f428ff6e2,Restaurant 491,Philadelphia,AZ,Burgers,2,Below Average,2023-04-01,Thursday,1,1.0,0.0,1.0,0.0,41.0,41.0,32.19,32.19,2.52,True
4daaaf46-2989-43e6-a830-320e07f5761a,Restaurant 511,Philadelphia,AZ,Thai,2,Below Average,2023-12-01,Friday,1,1.0,0.0,1.0,0.0,30.0,30.0,8.0,8.0,5.48,True
8cec4095-88e1-424b-986e-29528ff880bb,Restaurant 521,Philadelphia,AZ,Italian,2,Below Average,2022-10-01,Tuesday,1,1.0,0.0,1.0,0.0,60.0,60.0,22.44,22.44,1.93,True
93fe5418-bb48-4c0c-ba73-72cc58ebb31b,Restaurant 545,Philadelphia,AZ,Chinese,2,Below Average,2023-03-01,Tuesday,1,1.0,0.0,1.0,1.0,27.0,27.0,32.12,32.12,7.68,True
e809694a-afdd-4625-bbb0-7d039c70b94f,Restaurant 556,Philadelphia,AZ,Pizza,2,Below Average,2023-08-01,Thursday,1,1.0,0.0,1.0,1.0,10.0,10.0,39.56,39.56,1.07,True
129c612f-cded-4c63-aa5a-6d93ab8748a0,Restaurant 563,Philadelphia,AZ,Sushi,2,Below Average,2022-07-01,Saturday,1,1.0,0.0,1.0,1.0,25.0,25.0,8.0,8.0,1.22,True
89448ab9-6c2e-4220-87ec-74be30da6836,Restaurant 583,Philadelphia,AZ,Italian,2,Below Average,2023-09-01,Monday,1,1.0,0.0,1.0,1.0,28.0,28.0,29.62,29.62,5.47,True
58bacc4c-bb18-4de4-86c4-324ce6dfa5b5,Restaurant 633,Philadelphia,AZ,Pizza,2,Below Average,2024-08-01,Thursday,1,1.0,0.0,1.0,1.0,23.0,23.0,18.18,18.18,3.36,True
c98e2d4e-6ae8-4bd0-92f9-59e7627569b5,Restaurant 657,Philadelphia,AZ,Coffee & Tea,2,Below Average,2022-04-01,Saturday,1,1.0,0.0,1.0,1.0,20.0,20.0,9.39,9.39,3.6,True
84181fcb-62e9-4c77-90c0-6330d383ab41,Restaurant 662,Philadelphia,AZ,Chinese,2,Below Average,2022-07-01,Saturday,1,1.0,0.0,1.0,1.0,29.0,29.0,37.62,37.62,7.0,True
84f83952-d481-43f7-af27-ae1aab5951af,Restaurant 682,Philadelphia,AZ,Burgers,2,Below Average,2022-02-01,Wednesday,1,1.0,0.0,1.0,1.0,44.0,44.0,24.19,24.19,2.19,True
ed62a955-3f64-4b53-8156-6e46d7e34c36,Restaurant 690,Philadelphia,AZ,Italian,2,Below Average,2024-08-01,Thursday,1,1.0,0.0,1.0,1.0,19.0,19.0,16.02,16.02,3.13,True
cce2abde-a49d-4714-8ef7-423154de3d51,Restaurant 696,Philadelphia,AZ,Pizza,2,Below Average,2022-02-01,Monday,1,1.0,0.0,1.0,0.0,37.0,37.0,16.71,16.71,1.92,True
a74944e4-3961-4a84-9716-4c116a9f8ff1,Restaurant 697,Philadelphia,AZ,Burgers,2,Below Average,2022-03-01,Friday,1,1.0,0.0,1.0,1.0,29.0,29.0,42.61,42.61,6.51,True
e2d6af06-6e6c-4b7b-a265-6c13cd75429f,Restaurant 701,Philadelphia,AZ,Pizza,2,Below Average,2024-09-01,Friday,1,1.0,0.0,1.0,1.0,19.0,19.0,44.9,44.9,1.32,True
12715c0b-2a2f-47bc-8fe4-5a2a47ded7c5,Restaurant 704,Philadelphia,AZ,Pizza,2,Below Average,2024-04-01,Thursday,1,1.0,0.0,1.0,1.0,41.0,41.0,20.92,20.92,1.06,True
51926554-6002-417d-bcae-44d868302d68,Restaurant 712,Philadelphia,AZ,Pizza,2,Below Average,2024-01-01,Wednesday,1,1.0,0.0,1.0,1.0,31.0,31.0,26.67,26.67,5.24,True
9344a4c8-8e8f-4f3f-9fc1-58ddb03f82a8,Restaurant 719,Philadelphia,AZ,Chinese,2,Below Average,2023-04-01,Sunday,1,1.0,0.0,1.0,0.0,26.0,26.0,40.83,40.83,7.79,True
fbb256e4-0493-4232-9efd-ceb760e3f62e,Restaurant 726,Philadelphia,AZ,Thai,2,Below Average,2024-06-01,Thursday,1,1.0,0.0,1.0,0.0,46.0,46.0,32.53,32.53,6.68,True
d91704fa-48a1-49e1-ba4a-5b0ddbe58d30,Restaurant 756,Philadelphia,AZ,Italian,2,Below Average,2024-06-01,Friday,1,1.0,0.0,1.0,1.0,32.0,32.0,21.25,21.25,3.75,True
d2404a7c-420d-48ea-bbec-bf44d8a6fb5d,Restaurant 767,Philadelphia,AZ,Sushi,2,Below Average,2023-12-01,Monday,1,1.0,0.0,1.0,0.0,41.0,41.0,25.22,25.22,6.76,True
58bc29bb-3f64-45ea-b538-697f54f4a7bf,Restaurant 795,Philadelphia,AZ,Coffee & Tea,2,Below Average,2024-05-01,Wednesday,1,1.0,0.0,1.0,0.0,45.0,45.0,8.0,8.0,3.85,True
2255a249-e14f-44d1-951b-e2f6042b41c6,Restaurant 801,Philadelphia,AZ,Seafood,3,Average,2024-10-01,Monday,1,1.0,0.0,1.0,1.0,42.0,42.0,23.06,23.06,1.12,True
ca6eba6e-1732-47e7-8fb8-05312b9bcabd,Restaurant 821,Philadelphia,AZ,Sushi,3,Average,2024-07-01,Saturday,1,1.0,0.0,1.0,0.0,54.0,54.0,18.78,18.78,4.51,True
4da48650-7f7b-4754-97b8-84c85d91cda7,Restaurant 828,Philadelphia,AZ,Burgers,3,Average,2024-03-01,Saturday,1,0.0,1.0,0.0,,,,38.24,38.24,6.11,True
a5a9932e-f5ee-4c1e-b9da-61f6f3cb6378,Restaurant 837,Philadelphia,AZ,Thai,3,Average,2023-08-01,Thursday,1,1.0,0.0,1.0,1.0,43.0,43.0,25.63,25.63,5.85,True
4dd216c0-4ec4-4f96-9ea7-69112212ec25,Restaurant 852,Philadelphia,AZ,American (New),3,Average,2023-10-01,Thursday,1,1.0,0.0,1.0,0.0,41.0,41.0,33.78,33.78,1.67,True
7295fd65-f87f-46d0-952b-23e3bad9fab5,Restaurant 859,Philadelphia,AZ,Coffee & Tea,3,Average,2024-10-01,Sunday,1,1.0,0.0,1.0,0.0,37.0,37.0,8.0,8.0,7.18,True
e09717f3-4617-4e4d-92ae-fa3ebaba9429,Restaurant 862,Philadelphia,AZ,American (New),3,Average,2024-09-01,Monday,1,1.0,0.0,1.0,1.0,16.0,16.0,19.13,19.13,6.93,True
6822d6f3-d1a8-4a5d-afd8-c1d43a5890cd,Restaurant 864,Philadelphia,AZ,Coffee & Tea,3,Average,2023-12-01,Sunday,1,1.0,0.0,1.0,1.0,25.0,25.0,8.0,8.0,1.14,True
3e358c7a-df9c-42ad-a094-b9d3c0f39b93,Restaurant 874,Philadelphia,AZ,American (New),3,Average,2024-06-01,Monday,1,1.0,0.0,1.0,1.0,29.0,29.0,15.2,15.2,4.18,True
73bec6d6-827b-492c-9713-1c1a9d59e16e,Restaurant 885,Philadelphia,AZ,Chinese,3,Average,2022-03-01,Saturday,1,1.0,0.0,1.0,1.0,51.0,51.0,42.38,42.38,2.89,True
acc025e8-c707-4ae0-92db-58ccc57b6918,Restaurant 890,Philadelphia,AZ,Thai,3,Average,2022-02-01,Thursday,1,1.0,0.0,1.0,0.0,34.0,34.0,70.63,70.63,3.6,True
f1281845-cdeb-46d8-afb5-67de99bdd4ca,Restaurant 901,Philadelphia,AZ,Coffee & Tea,3,Average,2024-08-01,Tuesday,1,1.0,0.0,1.0,1.0,11.0,11.0,50.56,50.56,5.09,True
4a17ffa3-5662-46ce-b7c4-33d96dc6f623,Restaurant 933,Philadelphia,AZ,American (New),3,Average,2024-05-01,Friday,1,1.0,0.0,1.0,0.0,42.0,42.0,25.54,25.54,7.82,True
ea3d7242-1e0a-42cd-9ea2-53ade29d6b4e,Restaurant 951,Philadelphia,AZ,Italian,3,Average,2024-06-01,Friday,1,1.0,0.0,1.0,0.0,54.0,54.0,41.9,41.9,4.52,True
7639f7c7-098c-4d62-b48e-d3880e1270d3,Restaurant 976,Philadelphia,AZ,American (New),3,Average,2022-12-01,Saturday,1,1.0,0.0,1.0,0.0,54.0,54.0,32.78,32.78,2.6,True
1558d8da-7fba-42eb-9a69-33ad42177f23,Restaurant 1003,Philadelphia,AZ,Thai,3,Average,2023-03-01,Thursday,1,1.0,0.0,1.0,1.0,16.0,16.0,8.0,8.0,5.87,True
12449516-8eda-4310-b182-e978e0642282,Restaurant 1015,Philadelphia,AZ,Sushi,3,Average,2022-01-01,Friday,1,1.0,0.0,1.0,1.0,32.0,32.0,8.0,8.0,1.8,True
5d47aff6-b2df-45a3-9057-e3ef8efbb33f,Restaurant 1023,Philadelphia,AZ,Coffee & Tea,3,Average,2022-10-01,Sunday,1,1.0,0.0,1.0,0.0,53.0,53.0,20.1,20.1,3.28,True
e90b0d83-172c-47f1-9398-60a560df0695,Restaurant 1028,Philadelphia,AZ,Chinese,3,Average,2023-06-01,Friday,1,1.0,0.0,1.0,1.0,33.0,33.0,15.88,15.88,7.01,True
a755f275-b94b-4c7f-b233-d6a19817c5f0,Restaurant 1033,Philadelphia,AZ,Thai,3,Average,2024-08-01,Wednesday,1,1.0,0.0,1.0,0.0,47.0,47.0,29.43,29.43,4.28,True
f9fb31b0-68aa-46e7-8742-e1a42b9f7cb8,Restaurant 1038,Philadelphia,AZ,Mexican,3,Average,2023-07-01,Monday,1,1.0,0.0,1.0,1.0,45.0,45.0,17.94,17.94,4.32,True
0f9b21c6-5190-4f06-9934-a9e873cfc151,Restaurant 1050,Philadelphia,AZ,American (New),3,Average,2024-09-01,Friday,1,1.0,0.0,1.0,1.0,25.0,25.0,25.98,25.98,1.38,True
dc041d53-60bf-4bcd-b709-69476bdc19cf,Restaurant 1053,Philadelphia,AZ,Sushi,3,Average,2024-11-01,Thursday,1,1.0,0.0,1.0,0.0,64.0,64.0,15.99,15.99,1.03,True
e984c17e-b842-40fd-9b45-2e858639cbb4,Restaurant 1065,Philadelphia,AZ,Italian,3,Average,2024-04-01,Tuesday,1,1.0,0.0,1.0,1.0,29.0,29.0,32.23,32.23,6.95,True
3c93868a-69be-47e8-a8ad-e55c69cd4fc8,Restaurant 1074,Philadelphia,AZ,Italian,3,Average,2022-01-01,Wednesday,1,1.0,0.0,1.0,1.0,21.0,21.0,39.69,39.69,5.26,True
2cf1ec82-2930-4d7e-a2d4-3d3ffc5a5cc1,Restaurant 1084,Philadelphia,AZ,Mexican,3,Average,2023-04-01,Saturday,1,1.0,0.0,1.0,0.0,49.0,49.0,40.06,40.06,4.16,True
a4541be4-4160-43c6-865c-3f07de48c842,Restaurant 1147,Philadelphia,AZ,Italian,3,Average,2024-10-01,Wednesday,1,1.0,0.0,1.0,1.0,10.0,10.0,19.23,19.23,2.87,True
23d4f074-c094-4741-a523-b2fa964b54f9,Restaurant 1150,Philadelphia,AZ,Burgers,3,Average,2023-06-01,Tuesday,1,1.0,0.0,1.0,1.0,17.0,17.0,24.0,24.0,6.42,True
d59c2271-63c8-4ecf-a41b-6a89abb8c9db,Restaurant 1160,Philadelphia,AZ,Pizza,3,Average,2023-05-01,Sunday,1,1.0,0.0,1.0,0.0,52.0,52.0,31.43,31.43,5.95,True
32cea1a5-5839-46e8-a7c5-a6b5400897cb,Restaurant 1163,Philadelphia,AZ,American (New),3,Average,2023-10-01,Friday,1,1.0,0.0,1.0,1.0,30.0,30.0,34.57,34.57,6.93,True
e48f894e-133e-460e-9ce6-d4a17a7f26a1,Restaurant 1171,Philadelphia,AZ,Pizza,3,Average,2022-02-01,Monday,1,1.0,0.0,1.0,1.0,19.0,19.0,33.9,33.9,6.7,True
ce0b1f70-0bb1-4c18-9dc2-b5439ef60c1a,Restaurant 1192,Philadelphia,AZ,Italian,3,Average,2024-02-01,Monday,1,1.0,0.0,1.0,1.0,33.0,33.0,26.5,26.5,3.78,True
8f3321f4-bcde-4288-9cca-b540966b69b3,Restaurant 1206,Philadelphia,AZ,American (New),4,Strong,2022-01-01,Tuesday,1,1.0,0.0,1.0,0.0,67.0,67.0,29.58,29.58,1.25,True
64a33811-deac-463c-9e83-7c4bdb422034,Restaurant 1229,Philadelphia,AZ,Seafood,4,Strong,2024-12-01,Thursday,1,1.0,0.0,1.0,1.0,25.0,25.0,29.39,29.39,1.77,True
0170cbd9-ecf2-4ebc-b91b-f0fc4f9389d1,Restaurant 1243,Philadelphia,AZ,Italian,4,Strong,2024-01-01,Sunday,1,1.0,0.0,1.0,0.0,35.0,35.0,36.54,36.54,6.09,True
14430ebb-1169-4de0-b8e3-89c9d39e78b2,Restaurant 1244,Philadelphia,AZ,American (New),4,Strong,2024-10-01,Tuesday,1,1.0,0.0,1.0,1.0,39.0,39.0,25.18,25.18,4.83,True
bd1132d2-08c1-494f-bc6f-82a12838881e,Restaurant 1248,Philadelphia,AZ,Seafood,4,Strong,2022-06-01,Wednesday,1,1.0,0.0,1.0,1.0,23.0,23.0,14.44,14.44,4.93,True
c9cd86f1-6d76-4f14-929f-78c489141c64,Restaurant 1253,Philadelphia,AZ,Chinese,4,Strong,2023-11-01,Sunday,1,1.0,0.0,1.0,0.0,48.0,48.0,21.47,21.47,2.5,True
556a9d62-1825-423f-a7aa-acb1ec1c095f,Restaurant 1261,Philadelphia,AZ,Sushi,4,Strong,2024-12-01,Tuesday,1,1.0,0.0,1.0,0.0,55.0,55.0,42.32,42.32,1.3,True
15f7afdd-2f0b-4288-bc53-243e0228720b,Restaurant 1264,Philadelphia,AZ,Coffee & Tea,4,Strong,2023-08-01,Saturday,1,1.0,0.0,1.0,1.0,30.0,30.0,31.1,31.1,2.85,True
a5aac5be-2afe-4fd6-983c-d630b4711756,Restaurant 1270,Philadelphia,AZ,Burgers,4,Strong,2023-07-01,Sunday,1,1.0,0.0,1.0,1.0,41.0,41.0,38.29,38.29,7.41,True
f0610907-d718-445a-b988-1bd8368afb62,Restaurant 1272,Philadelphia,AZ,Pizza,4,Strong,2023-02-01,Sunday,1,1.0,0.0,1.0,1.0,39.0,39.0,8.0,8.0,5.97,True
3899c000-60dc-44b2-be6f-315fcf5c0745,Restaurant 1288,Philadelphia,AZ,Burgers,4,Strong,2023-04-01,Monday,1,1.0,0.0,1.0,0.0,60.0,60.0,14.43,14.43,4.75,True
8e0244c3-7c97-42d3-bfcf-dacdf9407fdc,Restaurant 1292,Philadelphia,AZ,Burgers,4,Strong,2024-08-01,Tuesday,1,1.0,0.0,1.0,1.0,31.0,31.0,49.84,49.84,6.39,True
ebf4f62f-28a1-42e0-a01c-e854ae20caee,Restaurant 1309,Philadelphia,AZ,Thai,4,Strong,2022-10-01,Friday,1,1.0,0.0,1.0,1.0,42.0,42.0,8.0,8.0,1.74,True
b818c60f-c959-46fb-a08a-f800aa7833e5,Restaurant 1328,Philadelphia,AZ,Seafood,4,Strong,2022-03-01,Tuesday,1,1.0,0.0,1.0,0.0,65.0,65.0,8.0,8.0,7.69,True
d9dbed11-36ab-48ae-aa8e-6e7e69ec58d6,Restaurant 1330,Philadelphia,AZ,Mexican,4,Strong,2024-02-01,Monday,1,1.0,0.0,1.0,1.0,26.0,26.0,33.0,33.0,5.41,True
0333c093-7f7f-48ce-9493-bec321aebd3a,Restaurant 1351,Philadelphia,AZ,Coffee & Tea,4,Strong,2023-02-01,Monday,1,1.0,0.0,1.0,1.0,36.0,36.0,12.93,12.93,7.48,True
8ff62754-22d9-4277-a8af-563c873154ed,Restaurant 1390,Philadelphia,AZ,Burgers,4,Strong,2024-02-01,Friday,1,1.0,0.0,1.0,1.0,31.0,31.0,30.97,30.97,3.1,True
06e69bce-6c4e-425d-aff7-ca7831ca8102,Restaurant 1408,Philadelphia,AZ,Seafood,4,Strong,2024-02-01,Tuesday,1,1.0,0.0,1.0,0.0,42.0,42.0,30.8,30.8,7.58,True
b7d30ad8-04a0-4b83-b31c-9f48a1c1086b,Restaurant 1416,Philadelphia,AZ,Seafood,4,Strong,2023-04-01,Sunday,1,1.0,0.0,1.0,1.0,17.0,17.0,46.13,46.13,4.76,True
71895e3a-9fce-476d-a163-6b93020d207a,Restaurant 1428,Philadelphia,AZ,Italian,4,Strong,2023-03-01,Friday,1,1.0,0.0,1.0,0.0,28.0,28.0,28.35,28.35,5.34,True
49f41eac-97cc-4967-8673-3aa31e2cfc99,Restaurant 1433,Philadelphia,AZ,Coffee & Tea,4,Strong,2022-04-01,Friday,1,1.0,0.0,1.0,0.0,52.0,52.0,47.25,47.25,3.62,True
cef00736-03ae-4c47-8ae6-e81e784d9822,Restaurant 1458,Philadelphia,AZ,Thai,4,Strong,2023-03-01,Tuesday,1,1.0,0.0,1.0,1.0,45.0,45.0,8.0,8.0,3.86,True
06faa0f3-0587-4f11-b6b5-9e1145227000,Restaurant 1465,Philadelphia,AZ,Chinese,4,Strong,2023-05-01,Tuesday,1,1.0,0.0,1.0,1.0,27.0,27.0,17.91,17.91,2.74,True
24aca3f0-eede-421b-8939-ef357e21cb44,Restaurant 1467,Philadelphia,AZ,Pizza,4,Strong,2022-04-01,Saturday,1,1.0,0.0,1.0,0.0,51.0,51.0,34.05,34.05,6.79,True
5f9b4a4d-0c8a-453b-96d0-be61e216531e,Restaurant 1468,Philadelphia,AZ,Pizza,4,Strong,2022-04-01,Saturday,1,1.0,0.0,1.0,1.0,19.0,19.0,35.07,35.07,6.07,True
c5b8ade8-6efe-4695-b6cf-2a8518d0e122,Restaurant 1478,Philadelphia,AZ,Pizza,4,Strong,2022-06-01,Sunday,1,1.0,0.0,1.0,0.0,45.0,45.0,34.61,34.61,1.49,True
3131e914-3efe-4cf9-a5de-ef0642cec831,Restaurant 1495,Philadelphia,AZ,Seafood,4,Strong,2024-12-01,Thursday,1,1.0,0.0,1.0,1.0,33.0,33.0,33.35,33.35,5.31,True
7aadca91-da2d-4dc4-8525-fe19dc7941f2,Restaurant 1497,Philadelphia,AZ,Seafood,4,Strong,2024-08-01,Thursday,1,1.0,0.0,1.0,1.0,45.0,45.0,20.92,20.92,5.45,True
e8b0ea68-73d4-42b3-b187-a603c5c9a28b,Restaurant 1527,Philadelphia,AZ,Mexican,4,Strong,2023-12-01,Sunday,1,1.0,0.0,1.0,0.0,46.0,46.0,34.32,34.32,2.56,True
6e2518b1-a6a5-4eb5-aa21-6623cec2a451,Restaurant 1530,Philadelphia,AZ,Burgers,4,Strong,2022-12-01,Sunday,1,1.0,0.0,1.0,0.0,41.0,41.0,29.06,29.06,4.77,True
442a6be0-8e3c-49b9-849d-2a4583d6381d,Restaurant 1560,Philadelphia,AZ,Chinese,4,Strong,2023-04-01,Monday,1,1.0,0.0,1.0,1.0,28.0,28.0,39.69,39.69,5.8,True
28ab599d-bf9e-46e3-8eeb-200a8ca24494,Restaurant 1562,Philadelphia,AZ,Chinese,4,Strong,2024-02-01,Monday,1,1.0,0.0,1.0,1.0,30.0,30.0,36.07,36.07,4.86,True
426ad328-4250-42d0-97c8-8e6de697fe0d,Restaurant 1564,Philadelphia,AZ,Sushi,4,Strong,2022-07-01,Friday,1,1.0,0.0,1.0,1.0,28.0,28.0,43.7,43.7,1.2,True
b3521046-c57d-4dae-95c2-e9144041ab52,Restaurant 1580,Philadelphia,AZ,American (New),4,Strong,2024-04-01,Saturday,1,1.0,0.0,1.0,1.0,27.0,27.0,50.26,50.26,5.75,True
867dea61-695b-4633-8547-a0e22f438e7f,Restaurant 1590,Philadelphia,AZ,Mexican,4,Strong,2022-03-01,Wednesday,1,1.0,0.0,1.0,1.0,40.0,40.0,18.37,18.37,4.12,True
de3e9df0-23f3-4ab7-813c-11860fa584ea,Restaurant 1602,Philadelphia,AZ,Thai,5,Elite,2022-09-01,Saturday,1,1.0,0.0,1.0,1.0,21.0,21.0,61.27,61.27,2.38,True
04924ee9-98ef-490d-b1b8-1ae831810d23,Restaurant 1615,Philadelphia,AZ,Seafood,5,Elite,2022-03-01,Tuesday,1,1.0,0.0,1.0,0.0,47.0,47.0,66.49,66.49,1.0,True
100ed743-c4e6-438e-888c-e614efb05f1f,Restaurant 1624,Philadelphia,AZ,Chinese,5,Elite,2022-02-01,Saturday,1,1.0,0.0,1.0,1.0,33.0,33.0,8.0,8.0,1.7,True
74fee88a-883a-4bf3-9fb1-2216db44ad63,Restaurant 1641,Philadelphia,AZ,Italian,5,Elite,2022-05-01,Friday,1,1.0,0.0,1.0,0.0,55.0,55.0,20.74,20.74,6.59,True
d9ca11a3-002a-40dd-ae61-a69334c3a6fa,Restaurant 1659,Philadelphia,AZ,Mexican,5,Elite,2024-08-01,Wednesday,1,1.0,0.0,1.0,1.0,26.0,26.0,36.79,36.79,5.65,True
13052c96-f2f8-4405-b922-32a050f2174b,Restaurant 1661,Philadelphia,AZ,Mexican,5,Elite,2023-12-01,Friday,1,1.0,0.0,1.0,1.0,23.0,23.0,28.17,28.17,3.56,True
e9d31913-cbd1-469b-aa07-619b549bfdb4,Restaurant 1665,Philadelphia,AZ,Pizza,5,Elite,2022-05-01,Saturday,1,1.0,0.0,1.0,1.0,38.0,38.0,41.31,41.31,6.2,True
ffd216cb-0413-4779-a2c4-8aa74e39ec4e,Restaurant 1666,Philadelphia,AZ,Sushi,5,Elite,2022-07-01,Thursday,1,1.0,0.0,1.0,1.0,27.0,27.0,44.09,44.09,3.06,True
73abd7ea-c7d6-4673-861b-c0dcd8709d37,Restaurant 1676,Philadelphia,AZ,American (New),5,Elite,2022-03-01,Sunday,1,1.0,0.0,1.0,1.0,37.0,37.0,15.13,15.13,5.89,True
50cff78b-74fd-420c-b5fb-700c125e9c8f,Restaurant 1688,Philadelphia,AZ,Seafood,5,Elite,2023-08-01,Monday,1,1.0,0.0,1.0,1.0,25.0,25.0,16.21,16.21,7.72,True
099ce46c-3d6d-4e29-a8ad-7c61e3897eda,Restaurant 1701,Philadelphia,AZ,Thai,5,Elite,2023-09-01,Thursday,1,1.0,0.0,1.0,1.0,26.0,26.0,8.0,8.0,6.91,True
438ab3c1-c8ca-4eb9-91f8-cde2979b042c,Restaurant 1737,Philadelphia,AZ,Sushi,5,Elite,2022-08-01,Tuesday,1,1.0,0.0,1.0,1.0,27.0,27.0,8.0,8.0,6.49,True
3e11acff-1e98-4497-91eb-ebf47266d18c,Restaurant 1746,Philadelphia,AZ,Italian,5,Elite,2022-03-01,Monday,1,1.0,0.0,1.0,1.0,26.0,26.0,18.93,18.93,4.55,True
69a13d4c-e4fb-4480-a5ad-8bb87dc6d7be,Restaurant 1748,Philadelphia,AZ,Thai,5,Elite,2024-03-01,Thursday,1,1.0,0.0,1.0,0.0,38.0,38.0,55.12,55.12,3.26,True
fa0c3273-42e2-48c6-8a26-134d68ef12fc,Restaurant 1755,Philadelphia,AZ,Italian,5,Elite,2023-10-01,Tuesday,1,1.0,0.0,1.0,1.0,16.0,16.0,39.43,39.43,2.92,True
5ef3ae86-fb41-4e68-a639-ff743f58be16,Restaurant 1766,Philadelphia,AZ,Mexican,5,Elite,2022-09-01,Saturday,1,1.0,0.0,1.0,0.0,63.0,63.0,21.41,21.41,4.43,True
caa4e8e6-b27d-4604-8ea8-097cd33b0093,Restaurant 1803,Philadelphia,AZ,Seafood,5,Elite,2022-07-01,Wednesday,1,1.0,0.0,1.0,0.0,54.0,54.0,26.91,26.91,6.91,True
0d069d96-4d81-4a89-a77f-b7ca1c1cc1e3,Restaurant 1804,Philadelphia,AZ,Chinese,5,Elite,2023-01-01,Monday,1,1.0,0.0,1.0,1.0,16.0,16.0,23.51,23.51,7.81,True
3b301716-6d78-49a3-840f-0f62e7dc73fd,Restaurant 1816,Philadelphia,AZ,Chinese,5,Elite,2022-11-01,Wednesday,1,1.0,0.0,1.0,0.0,61.0,61.0,40.1,40.1,6.67,True
f51976dd-8d54-4115-a504-6f6366b3af30,Restaurant 1826,Philadelphia,AZ,Mexican,5,Elite,2023-11-01,Saturday,1,1.0,0.0,1.0,1.0,22.0,22.0,30.5,30.5,5.57,True
3e5f8ca8-dd5c-485a-a827-1a8b3404dc65,Restaurant 1836,Philadelphia,AZ,Thai,5,Elite,2023-12-01,Wednesday,1,1.0,0.0,1.0,1.0,20.0,20.0,44.95,44.95,3.81,True
8c9e1003-0c87-449b-8383-c0e9ecd22168,Restaurant 1857,Philadelphia,AZ,Chinese,5,Elite,2023-08-01,Thursday,1,1.0,0.0,1.0,1.0,26.0,26.0,18.83,18.83,3.58,True
4ad8767f-a9e3-4e25-88d2-fa77ca61a1e3,Restaurant 1861,Philadelphia,AZ,Chinese,5,Elite,2022-01-01,Sunday,1,1.0,0.0,1.0,1.0,26.0,26.0,38.41,38.41,7.51,True
befd1965-31c7-42e8-a5c5-86f8480d7d40,Restaurant 1868,Philadelphia,AZ,Burgers,5,Elite,2024-12-01,Monday,1,1.0,0.0,1.0,1.0,26.0,26.0,36.89,36.89,4.17,True
10976c04-b5e2-496a-96b7-6e540faed368,Restaurant 1882,Philadelphia,AZ,Thai,5,Elite,2022-11-01,Tuesday,1,1.0,0.0,1.0,0.0,63.0,63.0,56.22,56.22,1.69,True
b8f254f1-fb49-4539-bda7-a35e90b28470,Restaurant 1898,Philadelphia,AZ,Pizza,5,Elite,2024-05-01,Wednesday,1,1.0,0.0,1.0,1.0,35.0,35.0,48.3,48.3,5.91,True
83e03988-896e-44f2-904d-b1ccd5f20062,Restaurant 1918,Philadelphia,AZ,Burgers,5,Elite,2024-09-01,Sunday,1,1.0,0.0,1.0,0.0,34.0,34.0,60.27,60.27,6.2,True
042ad3f8-d676-4fc1-818f-f549c98d9242,Restaurant 1925,Philadelphia,AZ,Seafood,5,Elite,2022-06-01,Sunday,1,1.0,0.0,1.0,1.0,25.0,25.0,28.14,28.14,1.78,True
c83909e6-fc43-491d-837a-d2957605ee94,Restaurant 1927,Philadelphia,AZ,Coffee & Tea,5,Elite,2024-01-01,Sunday,1,1.0,0.0,1.0,1.0,10.0,10.0,25.63,25.63,6.95,True
30f3a3f7-1581-49a0-83e0-fb407e37f8b7,Restaurant 1939,Philadelphia,AZ,Sushi,5,Elite,2024-03-01,Saturday,1,0.0,1.0,0.0,,,,38.43,38.43,3.84,True
bc9124bd-0dd3-4fb0-9fbe-b93824c5b538,Restaurant 1947,Philadelphia,AZ,Thai,5,Elite,2022-07-01,Saturday,1,0.0,1.0,0.0,,,,10.85,10.85,6.99,True
761c8834-a68b-4234-848d-435ac19b1e50,Restaurant 1969,Philadelphia,AZ,Seafood,5,Elite,2022-06-01,Wednesday,1,1.0,0.0,1.0,1.0,35.0,35.0,47.25,47.25,6.29,True
fbcb63e8-74e6-403c-8d31-c537e01c863d,Restaurant 1976,Philadelphia,AZ,Pizza,5,Elite,2023-08-01,Friday,1,1.0,0.0,1.0,1.0,28.0,28.0,37.15,37.15,1.14,True
8ff9727a-25b9-4806-be20-fdcf5c4c06fa,Restaurant 1985,Philadelphia,AZ,Seafood,5,Elite,2023-07-01,Wednesday,1,1.0,0.0,1.0,1.0,13.0,13.0,12.57,12.57,6.49,True
58d02875-1e24-4c0c-b4be-dddbaf3b0ca2,Restaurant 1993,Philadelphia,AZ,Thai,5,Elite,2023-03-01,Wednesday,1,1.0,0.0,1.0,0.0,43.0,43.0,29.41,29.41,5.05,True
190b7abe-8193-42d9-b8bc-d515b5de287d,Restaurant 991,Philadelphia,CA,American (New),3,Average,2023-08-01,Thursday,1,1.0,0.0,1.0,1.0,45.0,45.0,16.38,16.38,1.51,True
adad5940-e205-4086-9222-7b0104825fd5,Restaurant 6,Philadelphia,CA,Chinese,1,Low,2024-06-01,Saturday,1,1.0,0.0,1.0,0.0,64.0,64.0,44.7,44.7,7.28,True
3676ce48-4d9e-4aee-86a1-16121f7866d1,Restaurant 1009,Philadelphia,CA,Burgers,3,Average,2022-11-01,Thursday,1,1.0,0.0,1.0,1.0,12.0,12.0,32.46,32.46,1.88,True
a11d34e6-9352-4afb-b566-999a4909f08b,Restaurant 1011,Philadelphia,CA,Burgers,3,Average,2024-01-01,Monday,1,1.0,0.0,1.0,1.0,11.0,11.0,36.53,36.53,5.61,True
196a9ddb-ff47-41df-a0e1-0430351e5584,Restaurant 1016,Philadelphia,CA,Sushi,3,Average,2024-03-01,Thursday,1,1.0,0.0,1.0,1.0,31.0,31.0,9.99,9.99,3.95,True
378e23e4-3769-4d48-a472-f4b39ab04dee,Restaurant 17,Philadelphia,CA,Coffee & Tea,1,Low,2023-10-01,Thursday,1,1.0,0.0,1.0,1.0,10.0,10.0,33.21,33.21,6.26,True
34bbbd1e-95ba-4dfb-9128-58e263d4134e,Restaurant 1025,Philadelphia,CA,Sushi,3,Average,2022-11-01,Tuesday,1,1.0,0.0,1.0,1.0,10.0,10.0,30.73,30.73,2.46,True
ff226a5c-fa4e-4f86-8536-492a96c1870f,Restaurant 1035,Philadelphia,CA,Italian,3,Average,2022-10-01,Friday,1,1.0,0.0,1.0,0.0,31.0,31.0,10.98,10.98,5.15,True
36a4b8e6-8dfa-4ea6-998e-4632d8191290,Restaurant 48,Philadelphia,CA,Burgers,1,Low,2024-02-01,Thursday,1,1.0,0.0,1.0,1.0,51.0,51.0,8.0,8.0,5.86,True
71ac5587-65ed-4077-98ec-776972e2fc59,Restaurant 52,Philadelphia,CA,Pizza,1,Low,2022-11-01,Monday,1,1.0,0.0,1.0,1.0,43.0,43.0,18.07,18.07,6.84,True
8b1abb2c-7c27-4e3f-8cfc-98dd4c467131,Restaurant 1059,Philadelphia,CA,Italian,3,Average,2022-10-01,Tuesday,1,1.0,0.0,1.0,1.0,37.0,37.0,8.0,8.0,4.48,True
55715d56-7ebd-4afd-8c1f-a9d1b3321179,Restaurant 68,Philadelphia,CA,Sushi,1,Low,2023-05-01,Sunday,1,1.0,0.0,1.0,0.0,51.0,51.0,39.71,39.71,6.21,True
56180211-cd20-4730-845d-34e59371bfb3,Restaurant 1069,Philadelphia,CA,Mexican,3,Average,2024-06-01,Friday,1,1.0,0.0,1.0,0.0,43.0,43.0,24.66,24.66,5.65,True
ca6ea88e-5ed7-41c7-bc32-9a896a9160e8,Restaurant 1075,Philadelphia,CA,Sushi,3,Average,2023-11-01,Saturday,1,1.0,0.0,1.0,1.0,19.0,19.0,29.06,29.06,1.16,True
adafecd7-8c8d-40a4-8e1e-de69f1956cda,Restaurant 109,Philadelphia,CA,Pizza,1,Low,2023-06-01,Wednesday,1,0.0,1.0,0.0,,,,8.0,8.0,2.61,True
cfb3799f-40de-4fae-b552-2317fccc6644,Restaurant 111,Philadelphia,CA,Mexican,1,Low,2024-09-01,Wednesday,1,1.0,0.0,1.0,1.0,19.0,19.0,48.38,48.38,7.32,True
32a762e9-7717-476c-84fa-e982795d702a,Restaurant 1085,Philadelphia,CA,Sushi,3,Average,2024-08-01,Thursday,1,1.0,0.0,1.0,1.0,27.0,27.0,42.27,42.27,2.04,True
03bb8bbf-0ed2-432f-b214-d7083aa3d159,Restaurant 1118,Philadelphia,CA,Thai,3,Average,2022-11-01,Thursday,1,1.0,0.0,1.0,1.0,36.0,36.0,16.8,16.8,3.14,True
57185a76-61dc-4ef9-9926-680ca0ca9b49,Restaurant 157,Philadelphia,CA,Sushi,1,Low,2023-06-01,Saturday,1,1.0,0.0,1.0,1.0,24.0,24.0,15.88,15.88,3.35,True
8d302156-6612-4355-beb7-629fa83b3943,Restaurant 1130,Philadelphia,CA,Coffee & Tea,3,Average,2022-06-01,Monday,1,1.0,0.0,1.0,1.0,45.0,45.0,39.82,39.82,6.57,True
0e9dd086-3e85-4a97-be94-d44552d2af83,Restaurant 179,Philadelphia,CA,Burgers,1,Low,2022-02-01,Thursday,1,1.0,0.0,1.0,1.0,32.0,32.0,23.1,23.1,1.98,True
c074797c-cc7e-4b94-b73c-56cb6563a0bf,Restaurant 1143,Philadelphia,CA,American (New),3,Average,2024-02-01,Tuesday,1,1.0,0.0,1.0,1.0,37.0,37.0,23.76,23.76,4.96,True
74d4b6ee-66d1-495a-a81f-1b213e739b16,Restaurant 191,Philadelphia,CA,Sushi,1,Low,2022-10-01,Friday,1,1.0,0.0,1.0,1.0,14.0,14.0,38.21,38.21,6.81,True
0f668b8a-bfd7-4761-a195-43543290414e,Restaurant 1158,Philadelphia,CA,Italian,3,Average,2024-04-01,Tuesday,1,1.0,0.0,1.0,0.0,49.0,49.0,25.0,25.0,2.44,True
5f8cf778-64fe-4ea6-b01d-f468db522307,Restaurant 198,Philadelphia,CA,Thai,1,Low,2023-03-01,Tuesday,1,1.0,0.0,1.0,0.0,40.0,40.0,8.0,8.0,3.35,True
3e2a1b4b-6073-402e-9d5c-cb0f3108b92f,Restaurant 1181,Philadelphia,CA,Chinese,3,Average,2023-01-01,Monday,1,0.0,1.0,0.0,,,,35.0,35.0,1.44,True
d100a0f6-93b6-485d-82d9-d090701eb72b,Restaurant 230,Philadelphia,CA,Burgers,1,Low,2023-03-01,Thursday,1,1.0,0.0,1.0,1.0,36.0,36.0,24.7,24.7,5.57,True
0d2de02d-d4b4-41a4-a13f-c9e8d9bf4617,Restaurant 1188,Philadelphia,CA,American (New),3,Average,2024-05-01,Wednesday,1,1.0,0.0,1.0,0.0,58.0,58.0,19.0,19.0,4.0,True
a49528a7-612d-4dee-abde-5874cf249631,Restaurant 1194,Philadelphia,CA,Chinese,3,Average,2024-09-01,Monday,1,1.0,0.0,1.0,1.0,48.0,48.0,15.11,15.11,4.48,True
6f496bd3-c18b-494e-a328-d82855e1e291,Restaurant 281,Philadelphia,CA,Thai,1,Low,2023-08-01,Monday,1,1.0,0.0,1.0,1.0,33.0,33.0,58.73,58.73,3.25,True
df38fb94-890b-4bcc-9527-d4a36b3b03b2,Restaurant 283,Philadelphia,CA,Sushi,1,Low,2023-01-01,Wednesday,1,1.0,0.0,1.0,0.0,64.0,64.0,35.8,35.8,3.43,True
ce11f7e1-4a73-4bec-9e13-7448aa48bf45,Restaurant 1214,Philadelphia,CA,American (New),4,Strong,2023-07-01,Saturday,1,1.0,0.0,1.0,1.0,36.0,36.0,44.57,44.57,2.94,True
bae0cc16-f75c-4f94-9dc5-71a80fed7282,Restaurant 1247,Philadelphia,CA,Italian,4,Strong,2024-12-01,Tuesday,1,1.0,0.0,1.0,1.0,29.0,29.0,16.53,16.53,1.11,True
68b932e7-111c-414d-b0d1-d9e0dfdb5d4f,Restaurant 299,Philadelphia,CA,Chinese,1,Low,2022-08-01,Saturday,1,1.0,0.0,1.0,0.0,44.0,44.0,17.83,17.83,4.62,True
684cdc82-91ca-42b7-9336-de28c0cc8756,Restaurant 300,Philadelphia,CA,Sushi,1,Low,2023-08-01,Tuesday,1,1.0,0.0,1.0,1.0,32.0,32.0,11.1,11.1,7.16,True
abd35160-b08e-4392-a2f1-e80e859c16a7,Restaurant 307,Philadelphia,CA,Burgers,1,Low,2024-05-01,Friday,1,1.0,0.0,1.0,1.0,46.0,46.0,19.23,19.23,5.04,True
4f785c7b-4fa0-4681-8f77-08b7c3858183,Restaurant 1251,Philadelphia,CA,Sushi,4,Strong,2024-03-01,Monday,1,1.0,0.0,1.0,1.0,40.0,40.0,19.35,19.35,3.62,True
81187d03-4226-4c7a-9142-5c25a08a26da,Restaurant 1257,Philadelphia,CA,Coffee & Tea,4,Strong,2023-03-01,Friday,1,1.0,0.0,1.0,0.0,29.0,29.0,40.61,40.61,4.78,True
3d785051-a04b-4442-b9fc-fbb2c0d5b140,Restaurant 1259,Philadelphia,CA,Seafood,4,Strong,2024-09-01,Sunday,1,1.0,0.0,1.0,1.0,15.0,15.0,20.13,20.13,5.3,True
793db73c-2384-41c3-b575-3f11e03c95b0,Restaurant 327,Philadelphia,CA,Sushi,1,Low,2022-06-01,Wednesday,1,1.0,0.0,1.0,0.0,44.0,44.0,31.21,31.21,5.93,True
232c4e8d-0357-4e57-9f22-e3789de7c63b,Restaurant 1283,Philadelphia,CA,Italian,4,Strong,2023-10-01,Tuesday,1,1.0,0.0,1.0,1.0,32.0,32.0,28.76,28.76,2.97,True
d12306f1-094a-46f5-9d6c-c440ffab1f29,Restaurant 338,Philadelphia,CA,Sushi,1,Low,2024-03-01,Friday,1,1.0,0.0,1.0,1.0,10.0,10.0,29.06,29.06,6.29,True
ea0a15b8-0d7d-491b-8113-d407145deb2f,Restaurant 339,Philadelphia,CA,Thai,1,Low,2022-10-01,Tuesday,1,1.0,0.0,1.0,1.0,22.0,22.0,8.0,8.0,4.67,True
6e5d33a4-fd0b-4d89-8f3f-79da6346807b,Restaurant 1291,Philadelphia,CA,Coffee & Tea,4,Strong,2023-08-01,Monday,1,1.0,0.0,1.0,1.0,31.0,31.0,44.63,44.63,2.3,True
1d8cea2a-2740-4ffc-a448-fa0114935103,Restaurant 350,Philadelphia,CA,Italian,1,Low,2023-09-01,Thursday,1,1.0,0.0,1.0,1.0,49.0,49.0,18.95,18.95,7.56,True
16a7e1dd-fea8-4d1d-9737-8100fe297cea,Restaurant 354,Philadelphia,CA,Thai,1,Low,2023-05-01,Thursday,1,1.0,0.0,1.0,1.0,42.0,42.0,20.52,20.52,1.14,True
544dc4f9-eafb-4a68-b59b-cc7d0b05533d,Restaurant 1302,Philadelphia,CA,American (New),4,Strong,2024-08-01,Saturday,1,1.0,0.0,1.0,1.0,35.0,35.0,10.39,10.39,5.91,True
d1d75ce4-bc84-48c7-b70a-cd0d4c53925b,Restaurant 1306,Philadelphia,CA,Seafood,4,Strong,2024-04-01,Sunday,1,1.0,0.0,1.0,1.0,19.0,19.0,34.81,34.81,3.44,True
de5b3a8b-08c5-433a-a8c7-eb5e68da1e84,Restaurant 382,Philadelphia,CA,Thai,1,Low,2022-02-01,Saturday,1,1.0,0.0,1.0,1.0,32.0,32.0,38.99,38.99,5.2,True
b726eab1-cd04-4c64-bf84-1976a3d7f31c,Restaurant 1318,Philadelphia,CA,Mexican,4,Strong,2024-01-01,Saturday,1,1.0,0.0,1.0,1.0,16.0,16.0,36.87,36.87,2.22,True
913126a1-03e8-4657-aa9c-838b260d7bad,Restaurant 389,Philadelphia,CA,Burgers,1,Low,2022-02-01,Monday,1,1.0,0.0,1.0,1.0,10.0,10.0,32.88,32.88,2.54,True
32335eaa-b575-466d-a494-372d456b8e95,Restaurant 1332,Philadelphia,CA,Mexican,4,Strong,2024-04-01,Saturday,1,1.0,0.0,1.0,0.0,58.0,58.0,45.93,45.93,2.91,True
7b8cb828-e020-4ec7-b641-4b1f10444111,Restaurant 1336,Philadelphia,CA,Burgers,4,Strong,2024-12-01,Monday,1,1.0,0.0,1.0,1.0,33.0,33.0,15.28,15.28,2.3,True
ea31c191-14c0-4467-8c07-f48236f18437,Restaurant 405,Philadelphia,CA,Mexican,2,Below Average,2024-04-01,Monday,1,1.0,0.0,1.0,0.0,49.0,49.0,8.0,8.0,6.17,True
99bc29c5-806a-43ff-b5ce-f3927cfe0e08,Restaurant 1342,Philadelphia,CA,American (New),4,Strong,2024-06-01,Friday,1,1.0,0.0,1.0,1.0,18.0,18.0,41.85,41.85,3.09,True
8020a8a6-92eb-42f5-b727-a8959fc58470,Restaurant 428,Philadelphia,CA,American (New),2,Below Average,2023-04-01,Thursday,1,1.0,0.0,1.0,1.0,19.0,19.0,40.92,40.92,1.25,True
ba26014e-c55f-4237-bb6e-f24b820912f2,Restaurant 432,Philadelphia,CA,Pizza,2,Below Average,2024-11-01,Friday,1,1.0,0.0,1.0,1.0,39.0,39.0,8.98,8.98,4.32,True
c9a6e050-d724-4a3a-a3f9-527b6fd988b7,Restaurant 1348,Philadelphia,CA,Sushi,4,Strong,2023-04-01,Friday,1,1.0,0.0,1.0,1.0,35.0,35.0,31.7,31.7,4.49,True
7766edc5-d35e-4216-8031-502324c6aea3,Restaurant 1375,Philadelphia,CA,Mexican,4,Strong,2022-10-01,Wednesday,1,1.0,0.0,1.0,1.0,43.0,43.0,26.65,26.65,1.46,True
5101636f-fa5f-4957-afb4-8303a45bcd80,Restaurant 438,Philadelphia,CA,Chinese,2,Below Average,2024-12-01,Thursday,1,1.0,0.0,1.0,1.0,25.0,25.0,28.17,28.17,1.18,True
f6c23698-bc28-4423-9f0c-eef0724e3cc0,Restaurant 441,Philadelphia,CA,American (New),2,Below Average,2023-11-01,Tuesday,1,1.0,0.0,1.0,0.0,57.0,57.0,22.92,22.92,1.34,True
f1886153-85f0-4e38-9f85-f529a6b3bb94,Restaurant 446,Philadelphia,CA,American (New),2,Below Average,2022-12-01,Thursday,1,1.0,0.0,1.0,1.0,29.0,29.0,46.16,46.16,3.23,True
843cd534-807f-41e5-b999-0bf74d49788a,Restaurant 1380,Philadelphia,CA,Mexican,4,Strong,2023-01-01,Monday,1,1.0,0.0,1.0,1.0,25.0,25.0,38.75,38.75,1.05,True
20d086fe-d946-4918-aec8-9a0e0af401e0,Restaurant 1398,Philadelphia,CA,Italian,4,Strong,2024-02-01,Thursday,1,1.0,0.0,1.0,1.0,41.0,41.0,21.76,21.76,2.54,True
77591e1d-cf8e-47fd-a554-a661e7fa226f,Restaurant 1407,Philadelphia,CA,Burgers,4,Strong,2023-12-01,Sunday,1,1.0,0.0,1.0,1.0,34.0,34.0,59.01,59.01,4.38,True
40ee7684-f164-4174-b8d8-5820ae68833b,Restaurant 478,Philadelphia,CA,American (New),2,Below Average,2023-06-01,Thursday,1,1.0,0.0,1.0,1.0,27.0,27.0,36.65,36.65,3.31,True
1f41cb03-f0c7-4873-95d6-d4abee059914,Restaurant 1426,Philadelphia,CA,Chinese,4,Strong,2023-01-01,Saturday,1,1.0,0.0,1.0,1.0,45.0,45.0,30.23,30.23,5.12,True
3e3d6ca6-c6dd-4fc3-8f86-10d0bfabce1f,Restaurant 489,Philadelphia,CA,Coffee & Tea,2,Below Average,2024-09-01,Sunday,1,0.0,1.0,0.0,,,,34.84,34.84,4.97,True
78e42928-d3f2-4584-878f-410b57b13657,Restaurant 1472,Philadelphia,CA,Chinese,4,Strong,2022-09-01,Saturday,1,1.0,0.0,1.0,1.0,38.0,38.0,39.39,39.39,1.37,True
e46456c6-5786-4968-a2e8-ee4014df71ce,Restaurant 1486,Philadelphia,CA,Mexican,4,Strong,2022-01-01,Wednesday,1,1.0,0.0,1.0,0.0,35.0,35.0,8.0,8.0,7.44,True
75664995-e181-4b1f-8b7d-b94a77e658cd,Restaurant 1520,Philadelphia,CA,American (New),4,Strong,2022-03-01,Thursday,1,1.0,0.0,1.0,1.0,16.0,16.0,22.22,22.22,6.72,True
e73b38e3-8d85-4631-a447-9acebd12b7e8,Restaurant 1521,Philadelphia,CA,Burgers,4,Strong,2023-04-01,Thursday,1,0.0,1.0,0.0,,,,30.99,30.99,7.97,True
8e7e4db4-05b2-4b29-8f88-1864eca89173,Restaurant 1522,Philadelphia,CA,Burgers,4,Strong,2022-06-01,Friday,1,1.0,0.0,1.0,0.0,44.0,44.0,40.29,40.29,7.23,True
3a0ddd08-6f6f-4b00-8407-83f57b8f9323,Restaurant 516,Philadelphia,CA,American (New),2,Below Average,2023-05-01,Wednesday,1,1.0,0.0,1.0,0.0,50.0,50.0,29.97,29.97,3.78,True
f58a448e-e697-4b10-bfee-d4fe4a6fd258,Restaurant 517,Philadelphia,CA,Chinese,2,Below Average,2022-01-01,Monday,1,1.0,0.0,1.0,1.0,24.0,24.0,20.82,20.82,7.33,True
51eee245-6a79-429d-94e7-0d0eec478a81,Restaurant 526,Philadelphia,CA,Coffee & Tea,2,Below Average,2022-11-01,Friday,1,1.0,0.0,1.0,1.0,52.0,52.0,20.88,20.88,6.83,True
ebc0c504-46a8-4ae7-ba6a-fff43f0cd79d,Restaurant 1532,Philadelphia,CA,Italian,4,Strong,2023-10-01,Thursday,1,1.0,0.0,1.0,1.0,27.0,27.0,33.68,33.68,1.01,True
7d6dcc2b-9c62-412d-8495-8306d60ae4a6,Restaurant 1543,Philadelphia,CA,Italian,4,Strong,2023-08-01,Friday,1,1.0,0.0,1.0,0.0,50.0,50.0,25.08,25.08,6.17,True
bd85550a-4e6f-4bdf-a67e-dda9bbf7bad4,Restaurant 1549,Philadelphia,CA,Seafood,4,Strong,2022-05-01,Wednesday,1,1.0,0.0,1.0,1.0,35.0,35.0,8.0,8.0,3.48,True
b5eebd4c-570a-4fbe-9da5-dc1304086d5b,Restaurant 544,Philadelphia,CA,Mexican,2,Below Average,2023-02-01,Tuesday,1,1.0,0.0,1.0,1.0,31.0,31.0,39.15,39.15,2.34,True
9765c8c6-8276-4766-823e-49cdb1cd7492,Restaurant 1574,Philadelphia,CA,American (New),4,Strong,2023-11-01,Friday,1,1.0,0.0,1.0,0.0,31.0,31.0,23.73,23.73,4.17,True
81539a67-c688-4ceb-bc5a-303610fb7e3f,Restaurant 557,Philadelphia,CA,Thai,2,Below Average,2023-06-01,Wednesday,1,1.0,0.0,1.0,1.0,34.0,34.0,23.65,23.65,6.45,True
19c24157-37d6-4e0f-bea7-4e61d1652155,Restaurant 1578,Philadelphia,CA,American (New),4,Strong,2023-05-01,Saturday,1,1.0,0.0,1.0,1.0,38.0,38.0,18.32,18.32,3.74,True
0e3b3c15-b778-4b64-9d75-b974893edb3b,Restaurant 575,Philadelphia,CA,Mexican,2,Below Average,2022-08-01,Wednesday,1,1.0,0.0,1.0,1.0,21.0,21.0,28.55,28.55,4.59,True
ac18dc03-1988-4407-8739-8c004c9f5a59,Restaurant 1620,Philadelphia,CA,Pizza,5,Elite,2024-03-01,Tuesday,1,1.0,0.0,1.0,1.0,15.0,15.0,33.23,33.23,6.82,True
008b8658-9bb5-4d39-ac48-fd4779f9eee7,Restaurant 595,Philadelphia,CA,Chinese,2,Below Average,2023-11-01,Monday,1,1.0,0.0,1.0,0.0,43.0,43.0,34.21,34.21,7.63,True
3c7b46c0-5b76-4f1b-8e0d-eea2a8dbe533,Restaurant 1635,Philadelphia,CA,Burgers,5,Elite,2022-07-01,Thursday,1,1.0,0.0,1.0,1.0,44.0,44.0,8.0,8.0,5.43,True
a3035b26-42eb-4537-9dd4-d5eb422fb48d,Restaurant 1643,Philadelphia,CA,Burgers,5,Elite,2022-04-01,Friday,1,1.0,0.0,1.0,1.0,27.0,27.0,25.36,25.36,3.55,True
b83768f6-15a1-4848-bc82-9b98bfc748c2,Restaurant 1647,Philadelphia,CA,American (New),5,Elite,2022-01-01,Sunday,1,1.0,0.0,1.0,0.0,57.0,57.0,44.08,44.08,6.32,True
26b9ceb0-7cf3-4d7c-843c-82d11ec35ce4,Restaurant 1672,Philadelphia,CA,American (New),5,Elite,2022-12-01,Wednesday,1,1.0,0.0,1.0,1.0,25.0,25.0,15.88,15.88,1.19,True
2c15b7cc-7d43-4340-bc94-8d8b6d6485ec,Restaurant 648,Philadelphia,CA,American (New),2,Below Average,2024-04-01,Friday,1,1.0,0.0,1.0,1.0,46.0,46.0,8.0,8.0,2.56,True
bcf729b8-4e2a-4e76-83a1-8eaf2bbfb7d9,Restaurant 1680,Philadelphia,CA,Coffee & Tea,5,Elite,2024-09-01,Tuesday,1,1.0,0.0,1.0,1.0,25.0,25.0,13.83,13.83,4.86,True
812f1eb5-7a80-499c-87b4-5cc3e4058d19,Restaurant 658,Philadelphia,CA,American (New),2,Below Average,2022-10-01,Friday,1,1.0,0.0,1.0,1.0,29.0,29.0,31.38,31.38,1.28,True
0181e513-a7ee-4f98-8a4e-8ccbfeb1b0ad,Restaurant 1709,Philadelphia,CA,Italian,5,Elite,2022-01-01,Thursday,1,0.0,1.0,0.0,,,,29.82,29.82,2.18,True
8fa74d81-1cbc-40ca-84aa-ef9679882bc7,Restaurant 660,Philadelphia,CA,Seafood,2,Below Average,2023-08-01,Friday,1,1.0,0.0,1.0,0.0,34.0,34.0,48.21,48.21,4.55,True
315e2a7b-c6e0-4757-8b74-50654834d1ab,Restaurant 1719,Philadelphia,CA,Pizza,5,Elite,2024-07-01,Thursday,1,1.0,0.0,1.0,0.0,34.0,34.0,16.12,16.12,1.48,True
eb880677-9120-40b4-a878-424e5cb1004b,Restaurant 1726,Philadelphia,CA,American (New),5,Elite,2024-06-01,Saturday,1,1.0,0.0,1.0,0.0,33.0,33.0,17.12,17.12,5.77,True
303af62e-f957-4b8b-9228-308828fd0474,Restaurant 673,Philadelphia,CA,Seafood,2,Below Average,2024-08-01,Tuesday,1,1.0,0.0,1.0,0.0,44.0,44.0,23.9,23.9,1.56,True
c4aa683a-a827-4485-950d-10854a337f42,Restaurant 1732,Philadelphia,CA,Thai,5,Elite,2023-02-01,Friday,2,2.0,0.0,1.0,1.0,37.5,43.5,61.03,30.52,8.53,True
ba4c93b3-a4fe-4818-9818-cf61c2373579,Restaurant 1763,Philadelphia,CA,Italian,5,Elite,2022-11-01,Sunday,1,1.0,0.0,1.0,0.0,47.0,47.0,13.84,13.84,1.54,True
9dfbdee3-6b19-4855-9a41-780220ab55d1,Restaurant 687,Philadelphia,CA,Pizza,2,Below Average,2024-02-01,Friday,1,1.0,0.0,1.0,1.0,39.0,39.0,38.39,38.39,6.63,True
f1e31771-8212-4167-88a4-085f77eadda1,Restaurant 691,Philadelphia,CA,Italian,2,Below Average,2022-12-01,Friday,1,1.0,0.0,1.0,1.0,33.0,33.0,15.09,15.09,1.14,True
77cb1df1-1763-45c3-b0ab-c2e1aab24f7a,Restaurant 694,Philadelphia,CA,Pizza,2,Below Average,2023-07-01,Tuesday,1,1.0,0.0,1.0,1.0,29.0,29.0,23.19,23.19,2.4,True
cce00507-721d-44f1-9614-e454a1bf27b8,Restaurant 698,Philadelphia,CA,Mexican,2,Below Average,2023-03-01,Friday,1,1.0,0.0,1.0,1.0,34.0,34.0,35.96,35.96,4.46,True
b91057ae-925c-48f5-9a87-218e7176d718,Restaurant 700,Philadelphia,CA,Seafood,2,Below Average,2022-12-01,Tuesday,1,1.0,0.0,1.0,1.0,27.0,27.0,59.62,59.62,1.5,True
f2927dab-0f8c-414f-9461-07faf4129038,Restaurant 705,Philadelphia,CA,Coffee & Tea,2,Below Average,2023-09-01,Thursday,1,1.0,0.0,1.0,0.0,33.0,33.0,59.0,59.0,6.54,True
f4ae295a-a6c7-4d23-a6cf-dce53502b0a5,Restaurant 708,Philadelphia,CA,Coffee & Tea,2,Below Average,2022-12-01,Tuesday,1,1.0,0.0,1.0,1.0,10.0,10.0,41.7,41.7,3.42,True
105993d8-e4da-46a8-abb1-76363d389fd0,Restaurant 1768,Philadelphia,CA,Sushi,5,Elite,2023-03-01,Thursday,1,1.0,0.0,1.0,1.0,41.0,41.0,8.0,8.0,6.93,True
1d0d71cd-1f29-4b68-8c38-52721db9616e,Restaurant 732,Philadelphia,CA,Coffee & Tea,2,Below Average,2024-07-01,Thursday,1,1.0,0.0,1.0,1.0,25.0,25.0,26.53,26.53,2.81,True
c3b2f1ea-cf9b-4bf2-b962-e296bc9c24dc,Restaurant 735,Philadelphia,CA,Italian,2,Below Average,2024-04-01,Monday,1,1.0,0.0,1.0,1.0,29.0,29.0,23.57,23.57,3.93,True
8a80de20-3565-4768-b4a2-6d164e685ea7,Restaurant 736,Philadelphia,CA,American (New),2,Below Average,2022-02-01,Wednesday,1,1.0,0.0,1.0,0.0,43.0,43.0,53.36,53.36,1.19,True
f8b93329-c27d-4c1b-9b9c-5c1e16ea4c92,Restaurant 1795,Philadelphia,CA,Italian,5,Elite,2022-07-01,Saturday,1,1.0,0.0,1.0,1.0,24.0,24.0,8.0,8.0,3.8,True
77eb2bac-366a-42f8-b26c-52f299355a9e,Restaurant 749,Philadelphia,CA,Mexican,2,Below Average,2024-03-01,Monday,1,1.0,0.0,1.0,1.0,29.0,29.0,39.33,39.33,4.11,True
e97dfcba-e1e2-4032-9bf7-65cd60ed4f98,Restaurant 757,Philadelphia,CA,Pizza,2,Below Average,2024-12-01,Friday,1,1.0,0.0,1.0,0.0,75.0,75.0,23.16,23.16,7.05,True
a8a17e62-886c-4c3a-8eb1-4bccaff7f2db,Restaurant 1796,Philadelphia,CA,Coffee & Tea,5,Elite,2022-08-01,Tuesday,1,1.0,0.0,1.0,1.0,49.0,49.0,63.4,63.4,2.98,True
3d181fe5-f907-44ec-a20b-bc802e446d66,Restaurant 1797,Philadelphia,CA,Pizza,5,Elite,2024-06-01,Saturday,1,1.0,0.0,1.0,0.0,50.0,50.0,41.82,41.82,3.84,True
25fca3da-846f-40dc-8206-1d891a1a926b,Restaurant 766,Philadelphia,CA,Chinese,2,Below Average,2024-11-01,Tuesday,1,1.0,0.0,1.0,1.0,45.0,45.0,12.81,12.81,3.52,True
b7e1aead-c202-40b2-b6cd-90a9d21ae283,Restaurant 1798,Philadelphia,CA,Chinese,5,Elite,2023-06-01,Thursday,1,1.0,0.0,1.0,0.0,41.0,41.0,37.31,37.31,5.0,True
a282d015-9c91-4733-ba5f-1ccb5fe64e44,Restaurant 769,Philadelphia,CA,Pizza,2,Below Average,2022-02-01,Saturday,1,1.0,0.0,1.0,1.0,11.0,11.0,32.88,32.88,3.41,True
cdb04504-3a06-4917-a915-fd0d5edb90d4,Restaurant 771,Philadelphia,CA,Sushi,2,Below Average,2024-05-01,Tuesday,1,1.0,0.0,1.0,1.0,25.0,25.0,14.05,14.05,5.19,True
7261b6a6-09a8-4e50-991f-c7295e2b1374,Restaurant 792,Philadelphia,CA,Mexican,2,Below Average,2023-04-01,Thursday,1,1.0,0.0,1.0,1.0,15.0,15.0,21.43,21.43,1.02,True
fbc3744c-57fe-4f65-891e-ad5724238208,Restaurant 804,Philadelphia,CA,Seafood,3,Average,2023-07-01,Sunday,1,1.0,0.0,1.0,1.0,29.0,29.0,24.49,24.49,2.34,True
fa25eb9e-7606-4dd5-b696-7ceda8673603,Restaurant 1830,Philadelphia,CA,Coffee & Tea,5,Elite,2023-12-01,Wednesday,1,1.0,0.0,1.0,1.0,31.0,31.0,8.0,8.0,5.76,True
44dc67e6-b1df-4aaf-aa52-8119fcbc38ff,Restaurant 818,Philadelphia,CA,Pizza,3,Average,2022-01-01,Tuesday,1,1.0,0.0,1.0,1.0,24.0,24.0,30.13,30.13,7.67,True
32f271e9-cc9c-4532-80ab-316be5996fb6,Restaurant 1853,Philadelphia,CA,Coffee & Tea,5,Elite,2023-11-01,Tuesday,1,1.0,0.0,1.0,1.0,10.0,10.0,12.52,12.52,6.83,True
5c778682-ae3b-4d73-b291-5ffb80e919d4,Restaurant 823,Philadelphia,CA,Seafood,3,Average,2024-05-01,Wednesday,1,1.0,0.0,1.0,1.0,40.0,40.0,55.47,55.47,5.03,True
5d846ec2-9a70-4311-9a25-6cc976593af0,Restaurant 840,Philadelphia,CA,Seafood,3,Average,2024-04-01,Tuesday,1,1.0,0.0,1.0,0.0,61.0,61.0,41.1,41.1,1.26,True
06f43adc-e09b-4910-a6f2-7b29c66f5d62,Restaurant 853,Philadelphia,CA,Burgers,3,Average,2023-12-01,Wednesday,1,1.0,0.0,1.0,1.0,29.0,29.0,36.48,36.48,4.76,True
a9b51ae5-094e-4285-b63c-cc0da16c55d5,Restaurant 1862,Philadelphia,CA,Seafood,5,Elite,2024-02-01,Sunday,1,1.0,0.0,1.0,0.0,40.0,40.0,28.0,28.0,5.03,True
12f9f3bb-bbb4-4f4a-99f1-008fc3d9a633,Restaurant 1867,Philadelphia,CA,American (New),5,Elite,2023-09-01,Saturday,1,1.0,0.0,1.0,1.0,30.0,30.0,18.8,18.8,4.18,True
800e83dc-a886-436c-a66c-942efdbaf80e,Restaurant 1880,Philadelphia,CA,Mexican,5,Elite,2023-07-01,Wednesday,1,1.0,0.0,1.0,1.0,23.0,23.0,43.16,43.16,7.84,True
14df6748-2a69-4785-b4ec-cd0a34a87709,Restaurant 1886,Philadelphia,CA,Sushi,5,Elite,2024-02-01,Wednesday,1,1.0,0.0,1.0,0.0,56.0,56.0,12.11,12.11,7.34,True
e4dabff0-cfd1-4584-b208-934f30288626,Restaurant 903,Philadelphia,CA,Thai,3,Average,2024-02-01,Thursday,1,1.0,0.0,1.0,1.0,29.0,29.0,19.98,19.98,2.6,True
d9138c95-e89b-4295-9646-255cfce2c50e,Restaurant 1913,Philadelphia,CA,Mexican,5,Elite,2022-07-01,Sunday,1,1.0,0.0,1.0,1.0,43.0,43.0,8.0,8.0,5.62,True
466eecc1-077a-47f2-9661-2740f668df4f,Restaurant 1961,Philadelphia,CA,Sushi,5,Elite,2023-01-01,Sunday,1,1.0,0.0,1.0,1.0,27.0,27.0,8.0,8.0,3.05,True
8d6e948c-d9ab-4fcb-9756-252f53ccd67b,Restaurant 1963,Philadelphia,CA,Seafood,5,Elite,2024-08-01,Saturday,1,1.0,0.0,1.0,1.0,19.0,19.0,28.41,28.41,3.16,True
0ffbece7-b236-4383-b170-ef0e5fb8b7cc,Restaurant 957,Philadelphia,CA,Sushi,3,Average,2024-01-01,Sunday,1,1.0,0.0,1.0,1.0,10.0,10.0,52.64,52.64,1.58,True
ccb80a76-79ff-4343-bebb-fee9c4d76672,Restaurant 958,Philadelphia,CA,Italian,3,Average,2023-06-01,Tuesday,1,1.0,0.0,1.0,1.0,21.0,21.0,12.05,12.05,3.01,True
cfb530f2-ff18-48b0-9525-1c74a6ea9da4,Restaurant 975,Philadelphia,CA,Sushi,3,Average,2022-05-01,Thursday,1,1.0,0.0,1.0,1.0,16.0,16.0,28.44,28.44,4.67,True
d9f36ab0-0b26-4264-a4b9-812794fa309b,Restaurant 1994,Philadelphia,CA,Thai,5,Elite,2023-08-01,Monday,1,1.0,0.0,1.0,1.0,53.0,53.0,20.91,20.91,3.73,True
75150154-a58e-4f12-a85f-ffc584ca4752,Restaurant 1998,Philadelphia,CA,Pizza,5,Elite,2022-02-01,Tuesday,1,1.0,0.0,1.0,1.0,10.0,10.0,42.26,42.26,5.05,True
717f5a9c-c8d2-4626-bfc9-95c5c295726e,Restaurant 983,Philadelphia,CA,Mexican,3,Average,2022-03-01,Thursday,1,1.0,0.0,1.0,1.0,12.0,12.0,21.41,21.41,3.61,True
588641b5-4966-4546-bbf3-1ce9aa44e4d2,Restaurant 3,Philadelphia,TX,Chinese,1,Low,2022-04-01,Monday,1,0.0,1.0,0.0,,,,32.89,32.89,2.91,True
656e2e08-057d-4130-90cd-992bda818642,Restaurant 8,Philadelphia,TX,Pizza,1,Low,2023-08-01,Thursday,1,1.0,0.0,1.0,0.0,46.0,46.0,32.79,32.79,1.1,True
d10cd1f8-aded-4019-b136-7d7fe8aaf343,Restaurant 1001,Philadelphia,TX,Pizza,3,Average,2022-05-01,Thursday,1,1.0,0.0,1.0,1.0,24.0,24.0,48.55,48.55,4.65,True
dc81e380-2ad6-46c2-a1eb-4bb11625dd6a,Restaurant 18,Philadelphia,TX,Italian,1,Low,2023-04-01,Friday,1,1.0,0.0,1.0,0.0,42.0,42.0,24.86,24.86,5.01,True
a66d96f1-d8ca-4ee3-ac4d-98c292faa20e,Restaurant 26,Philadelphia,TX,Burgers,1,Low,2022-08-01,Friday,1,1.0,0.0,1.0,1.0,34.0,34.0,22.06,22.06,4.41,True
d45c8cec-fe1f-4a5c-a776-a3acf6dc6b7c,Restaurant 34,Philadelphia,TX,Coffee & Tea,1,Low,2022-02-01,Thursday,1,1.0,0.0,1.0,0.0,44.0,44.0,8.0,8.0,7.11,True
6da36bd5-3842-4eda-9fd8-32199f19b9e0,Restaurant 1040,Philadelphia,TX,Mexican,3,Average,2024-11-01,Sunday,1,1.0,0.0,1.0,0.0,44.0,44.0,14.36,14.36,7.13,True
64b671ba-cb01-4b19-a612-d805d5315392,Restaurant 57,Philadelphia,TX,Mexican,1,Low,2022-01-01,Sunday,1,1.0,0.0,1.0,0.0,38.0,38.0,8.0,8.0,5.75,True
6a4a0483-851e-4c7c-a70a-5e55f780ed7e,Restaurant 1043,Philadelphia,TX,Coffee & Tea,3,Average,2022-05-01,Sunday,1,1.0,0.0,1.0,0.0,68.0,68.0,28.01,28.01,2.85,True
1f5160ba-9612-482e-a149-ab16daf6e6ca,Restaurant 105,Philadelphia,TX,American (New),1,Low,2024-11-01,Thursday,1,1.0,0.0,1.0,1.0,10.0,10.0,27.25,27.25,4.19,True
b6e2bc92-4273-48b0-9efb-c0b522c2dd3b,Restaurant 1071,Philadelphia,TX,Chinese,3,Average,2022-10-01,Wednesday,1,1.0,0.0,1.0,1.0,30.0,30.0,49.26,49.26,7.22,True
4eb4d331-0250-4425-a396-233baaa52fe6,Restaurant 123,Philadelphia,TX,Mexican,1,Low,2023-11-01,Tuesday,1,1.0,0.0,1.0,1.0,26.0,26.0,10.14,10.14,6.55,True
ff8d8391-553e-4a5b-8883-1a51e8420693,Restaurant 1077,Philadelphia,TX,Burgers,3,Average,2023-11-01,Monday,1,1.0,0.0,1.0,1.0,13.0,13.0,22.56,22.56,4.82,True
fc5b4aa1-b33d-4441-a171-ccaa0b3c1de7,Restaurant 1082,Philadelphia,TX,American (New),3,Average,2024-02-01,Friday,1,1.0,0.0,1.0,1.0,28.0,28.0,10.58,10.58,6.19,True
0dff6a31-ecbf-4313-bd9a-b656c29d71b6,Restaurant 124,Philadelphia,TX,Burgers,1,Low,2024-07-01,Tuesday,1,1.0,0.0,1.0,0.0,39.0,39.0,23.72,23.72,5.31,True
9a199a88-12da-418a-87c5-772e1c617853,Restaurant 1094,Philadelphia,TX,Sushi,3,Average,2023-11-01,Tuesday,1,1.0,0.0,1.0,1.0,28.0,28.0,51.38,51.38,5.81,True
1dd3c1ad-bbbc-47ad-9f82-aefa5b730315,Restaurant 1098,Philadelphia,TX,American (New),3,Average,2022-12-01,Friday,1,1.0,0.0,1.0,1.0,23.0,23.0,28.31,28.31,6.07,True
21682f69-5c47-4a72-87a5-336de7345560,Restaurant 129,Philadelphia,TX,Thai,1,Low,2022-05-01,Sunday,1,1.0,0.0,1.0,1.0,32.0,32.0,37.97,37.97,7.42,True
31d620a6-37a6-4e0e-bcaf-ed3549d302d1,Restaurant 1108,Philadelphia,TX,Thai,3,Average,2024-08-01,Saturday,1,1.0,0.0,1.0,0.0,50.0,50.0,17.1,17.1,2.72,True
93660b97-def1-4f6e-b222-832d6508d55d,Restaurant 145,Philadelphia,TX,Seafood,1,Low,2022-11-01,Wednesday,1,1.0,0.0,1.0,1.0,44.0,44.0,23.54,23.54,2.86,True
99864446-5bf5-407b-b4c2-3f886ccfe705,Restaurant 1117,Philadelphia,TX,Seafood,3,Average,2023-04-01,Monday,1,1.0,0.0,1.0,0.0,53.0,53.0,15.69,15.69,5.44,True
689eb5bf-3d0f-4246-ac10-7b0c40d98400,Restaurant 166,Philadelphia,TX,Chinese,1,Low,2024-08-01,Monday,1,1.0,0.0,1.0,1.0,19.0,19.0,21.29,21.29,3.38,True
9c0402d6-5e32-4b57-8c17-39fade86f1f7,Restaurant 1127,Philadelphia,TX,Mexican,3,Average,2023-07-01,Saturday,1,1.0,0.0,1.0,1.0,26.0,26.0,8.0,8.0,7.06,True
1ce7dcba-9d87-46f4-a052-4bb0e8167baf,Restaurant 189,Philadelphia,TX,Sushi,1,Low,2024-05-01,Saturday,1,1.0,0.0,1.0,1.0,35.0,35.0,48.17,48.17,7.12,True
2c79efe8-c421-4844-a95f-4055f6fc047f,Restaurant 1146,Philadelphia,TX,American (New),3,Average,2024-06-01,Thursday,1,1.0,0.0,1.0,0.0,35.0,35.0,31.06,31.06,5.55,True
a4f6958c-7211-4240-a935-fa36c3ecac38,Restaurant 1149,Philadelphia,TX,Burgers,3,Average,2022-02-01,Wednesday,1,1.0,0.0,1.0,0.0,33.0,33.0,22.52,22.52,4.25,True
ef0f7c48-baf6-4425-8b99-2f6966a0fe9f,Restaurant 1152,Philadelphia,TX,Burgers,3,Average,2023-11-01,Friday,1,1.0,0.0,1.0,0.0,33.0,33.0,16.4,16.4,1.08,True
96319705-637d-48ce-9de5-1b8c07d551f6,Restaurant 194,Philadelphia,TX,American (New),1,Low,2022-09-01,Thursday,1,1.0,0.0,1.0,0.0,72.0,72.0,34.52,34.52,3.71,True
09bb7ae0-0c97-4ec7-ac77-fddca6f9eb9d,Restaurant 212,Philadelphia,TX,Pizza,1,Low,2022-04-01,Saturday,1,1.0,0.0,1.0,1.0,28.0,28.0,8.0,8.0,6.64,True
8dda6319-c735-4752-9f77-be9c84b6a818,Restaurant 1175,Philadelphia,TX,Burgers,3,Average,2022-01-01,Friday,1,1.0,0.0,1.0,1.0,45.0,45.0,50.83,50.83,6.09,True
ee328c2e-9696-4a6d-9e79-ed012d49022f,Restaurant 217,Philadelphia,TX,American (New),1,Low,2022-04-01,Wednesday,1,1.0,0.0,1.0,1.0,21.0,21.0,17.85,17.85,2.16,True
506360a0-94cb-4b16-abf2-a0d410712d99,Restaurant 229,Philadelphia,TX,Mexican,1,Low,2024-12-01,Wednesday,1,1.0,0.0,1.0,0.0,54.0,54.0,24.51,24.51,6.22,True
c8b3d72b-b3f9-431c-bfde-6a0d49c90dcb,Restaurant 1180,Philadelphia,TX,Seafood,3,Average,2023-02-01,Sunday,1,1.0,0.0,1.0,1.0,31.0,31.0,32.62,32.62,7.08,True
0651182b-1fad-4e0a-9835-9ea1d5aa9d4f,Restaurant 243,Philadelphia,TX,Sushi,1,Low,2023-11-01,Friday,1,1.0,0.0,1.0,0.0,67.0,67.0,23.29,23.29,7.3,True
92cbbc27-8f71-417e-acb8-5c31fdc4811f,Restaurant 1187,Philadelphia,TX,Coffee & Tea,3,Average,2023-01-01,Wednesday,1,1.0,0.0,1.0,1.0,42.0,42.0,27.67,27.67,7.73,True
cb5e4c74-475e-4d2c-bb5d-6f0de19f63f1,Restaurant 247,Philadelphia,TX,Coffee & Tea,1,Low,2022-09-01,Tuesday,1,1.0,0.0,1.0,1.0,37.0,37.0,53.92,53.92,6.73,True
5bc72129-2a13-410b-8545-fc60032db419,Restaurant 267,Philadelphia,TX,Sushi,1,Low,2024-02-01,Tuesday,1,1.0,0.0,1.0,0.0,60.0,60.0,14.0,14.0,2.96,True
971fa6de-021c-4ea6-8114-b6c00ffcc8a1,Restaurant 282,Philadelphia,TX,Chinese,1,Low,2024-04-01,Wednesday,1,1.0,0.0,1.0,0.0,38.0,38.0,30.93,30.93,2.26,True
38293ae8-e50b-4544-abea-b2e52f7872d2,Restaurant 288,Philadelphia,TX,Chinese,1,Low,2024-10-01,Sunday,1,1.0,0.0,1.0,1.0,20.0,20.0,29.34,29.34,1.16,True
ab4046f1-1817-4bb8-978c-daea86d60329,Restaurant 1227,Philadelphia,TX,Pizza,4,Strong,2022-11-01,Sunday,1,1.0,0.0,1.0,1.0,27.0,27.0,11.0,11.0,5.71,True
16d9d5ff-641b-4b36-a4f4-3ca18e4c50af,Restaurant 308,Philadelphia,TX,Coffee & Tea,1,Low,2024-07-01,Wednesday,1,1.0,0.0,1.0,1.0,31.0,31.0,32.62,32.62,1.15,True
0b92d1fd-fab3-4069-82b0-6e60f8d6a16a,Restaurant 309,Philadelphia,TX,Coffee & Tea,1,Low,2024-11-01,Sunday,1,1.0,0.0,1.0,0.0,48.0,48.0,41.79,41.79,5.94,True
ae22d53a-67f2-43b2-85e1-5fd3a9c2c809,Restaurant 340,Philadelphia,TX,Thai,1,Low,2023-08-01,Saturday,1,1.0,0.0,1.0,1.0,10.0,10.0,40.26,40.26,6.99,True
b007ff0c-84c4-44af-821f-6505a4f3d905,Restaurant 362,Philadelphia,TX,Pizza,1,Low,2024-12-01,Tuesday,1,1.0,0.0,1.0,1.0,28.0,28.0,9.1,9.1,1.42,True
a92eb381-5d01-48e3-8519-d03d70275a6c,Restaurant 1300,Philadelphia,TX,Chinese,4,Strong,2024-05-01,Tuesday,1,1.0,0.0,1.0,1.0,26.0,26.0,13.77,13.77,4.16,True
0c848203-2ee0-45af-8c90-fcaa6129acff,Restaurant 374,Philadelphia,TX,Burgers,1,Low,2024-04-01,Wednesday,1,1.0,0.0,1.0,1.0,45.0,45.0,39.68,39.68,1.04,True
be05b421-a9a6-42b8-b3d8-89e3f92328c7,Restaurant 1311,Philadelphia,TX,Chinese,4,Strong,2023-12-01,Saturday,1,1.0,0.0,1.0,1.0,46.0,46.0,10.5,10.5,1.85,True
29f0b988-affb-4093-b54e-172b2cfe1ad8,Restaurant 386,Philadelphia,TX,Coffee & Tea,1,Low,2024-06-01,Saturday,1,1.0,0.0,1.0,1.0,52.0,52.0,20.4,20.4,6.93,True
fbf5f91e-7fdb-4083-9868-f3d21401c421,Restaurant 397,Philadelphia,TX,Mexican,1,Low,2022-01-01,Friday,1,1.0,0.0,1.0,1.0,32.0,32.0,15.06,15.06,7.75,True
0960d5ca-f7b4-417a-9c49-1ffedcb84d9b,Restaurant 1327,Philadelphia,TX,Burgers,4,Strong,2023-07-01,Tuesday,1,1.0,0.0,1.0,1.0,28.0,28.0,22.92,22.92,4.98,True
62206523-1f84-4d1e-8f16-06671e7729b8,Restaurant 401,Philadelphia,TX,Thai,2,Below Average,2024-01-01,Tuesday,1,1.0,0.0,1.0,0.0,44.0,44.0,55.28,55.28,5.57,True
895c6667-0fdc-4ea8-861c-daa49ac7ecc6,Restaurant 414,Philadelphia,TX,Mexican,2,Below Average,2022-03-01,Friday,1,1.0,0.0,1.0,1.0,24.0,24.0,22.43,22.43,3.07,True
8f38a302-aaa3-40c0-8724-be5162259a9d,Restaurant 433,Philadelphia,TX,Sushi,2,Below Average,2022-12-01,Saturday,1,1.0,0.0,1.0,1.0,32.0,32.0,27.92,27.92,2.83,True
e100b61e-62ac-4f64-9c37-3da0864e7699,Restaurant 462,Philadelphia,TX,Thai,2,Below Average,2024-08-01,Sunday,1,1.0,0.0,1.0,1.0,28.0,28.0,42.57,42.57,4.85,True
fe584508-1181-4e8d-ab73-c953f0de6884,Restaurant 1385,Philadelphia,TX,Mexican,4,Strong,2023-11-01,Friday,1,1.0,0.0,1.0,1.0,23.0,23.0,22.11,22.11,3.41,True
1d300547-c182-4c24-b278-385f0acc2353,Restaurant 1389,Philadelphia,TX,Italian,4,Strong,2024-01-01,Tuesday,1,1.0,0.0,1.0,1.0,56.0,56.0,54.25,54.25,4.19,True
f72451b0-7e50-43a4-a62e-845adcce8dd1,Restaurant 476,Philadelphia,TX,Italian,2,Below Average,2022-07-01,Tuesday,1,1.0,0.0,1.0,1.0,35.0,35.0,26.98,26.98,2.2,True
e5ca5eaf-38b4-465a-8e33-4fc8bb87c30f,Restaurant 1404,Philadelphia,TX,Burgers,4,Strong,2023-07-01,Sunday,1,1.0,0.0,1.0,1.0,31.0,31.0,13.51,13.51,3.43,True
827fd9b3-55ca-43e2-9a06-d22b5ef3d001,Restaurant 479,Philadelphia,TX,Seafood,2,Below Average,2024-05-01,Monday,1,1.0,0.0,1.0,1.0,42.0,42.0,25.65,25.65,3.39,True
95cfedc4-614e-4cd7-917c-d486cf9d16f7,Restaurant 1417,Philadelphia,TX,Thai,4,Strong,2022-09-01,Tuesday,1,1.0,0.0,1.0,0.0,51.0,51.0,44.64,44.64,6.68,True
761d6d1d-6f9d-4b73-81c9-2e7276827590,Restaurant 1421,Philadelphia,TX,Italian,4,Strong,2024-02-01,Thursday,1,1.0,0.0,1.0,1.0,19.0,19.0,30.62,30.62,5.54,True
39d93b7b-fe52-4d20-9cdd-5c095b095e9f,Restaurant 1424,Philadelphia,TX,Mexican,4,Strong,2024-10-01,Thursday,1,1.0,0.0,1.0,1.0,10.0,10.0,8.0,8.0,7.32,True
194a06ef-3e4f-4502-85b0-ae765533aad9,Restaurant 490,Philadelphia,TX,Pizza,2,Below Average,2024-03-01,Monday,1,1.0,0.0,1.0,1.0,19.0,19.0,26.71,26.71,5.55,True
6f16fd46-9bea-4e0a-a565-366b9a4129a1,Restaurant 1435,Philadelphia,TX,American (New),4,Strong,2024-05-01,Thursday,1,1.0,0.0,1.0,0.0,46.0,46.0,16.03,16.03,2.33,True
7bce55ce-fbbd-4d12-8b87-0fd2ee26e4fd,Restaurant 1439,Philadelphia,TX,Coffee & Tea,4,Strong,2023-06-01,Wednesday,1,1.0,0.0,1.0,1.0,35.0,35.0,36.26,36.26,2.42,True
bfa97811-4e45-4bf6-a0ec-9f84f1fb5dbb,Restaurant 1443,Philadelphia,TX,Mexican,4,Strong,2024-05-01,Wednesday,1,1.0,0.0,1.0,1.0,22.0,22.0,23.9,23.9,2.58,True
e52dc04d-cbc6-45b9-bdb9-7f43376f7cbe,Restaurant 1446,Philadelphia,TX,Chinese,4,Strong,2023-11-01,Friday,1,1.0,0.0,1.0,1.0,41.0,41.0,45.94,45.94,7.98,True
19face6f-4f71-43ad-bde7-ecbebf3cea94,Restaurant 1480,Philadelphia,TX,Mexican,4,Strong,2023-12-01,Sunday,1,1.0,0.0,1.0,1.0,23.0,23.0,21.78,21.78,2.2,True
bee51a57-fd12-48d2-9382-cecea86a6d77,Restaurant 1493,Philadelphia,TX,Mexican,4,Strong,2024-06-01,Sunday,1,1.0,0.0,1.0,1.0,26.0,26.0,14.6,14.6,7.41,True
c5fa5024-6516-49e0-b557-ed6678f8ab3b,Restaurant 1496,Philadelphia,TX,Sushi,4,Strong,2024-10-01,Friday,1,1.0,0.0,1.0,0.0,50.0,50.0,34.86,34.86,6.76,True
bf1a0137-e3a4-4332-abb8-bf2647572495,Restaurant 1500,Philadelphia,TX,Mexican,4,Strong,2022-12-01,Friday,1,1.0,0.0,1.0,1.0,13.0,13.0,34.37,34.37,2.98,True
0d286e68-7e86-434f-b66a-37d964835249,Restaurant 504,Philadelphia,TX,Chinese,2,Below Average,2022-01-01,Monday,1,1.0,0.0,1.0,1.0,25.0,25.0,43.42,43.42,5.22,True
e3d227b5-2b27-4e8c-aaff-d99ca9887532,Restaurant 531,Philadelphia,TX,Coffee & Tea,2,Below Average,2024-01-01,Friday,1,1.0,0.0,1.0,0.0,65.0,65.0,26.21,26.21,1.77,True
dab75cbd-cdf2-44ae-897c-7f6942d8f105,Restaurant 1528,Philadelphia,TX,Coffee & Tea,4,Strong,2024-06-01,Sunday,1,1.0,0.0,1.0,0.0,50.0,50.0,48.02,48.02,4.38,True
f39ee359-15d3-4ef1-a197-01c1f7351a43,Restaurant 1531,Philadelphia,TX,Italian,4,Strong,2023-12-01,Sunday,1,1.0,0.0,1.0,1.0,38.0,38.0,8.0,8.0,5.52,True
53b6348f-0292-456a-8fd3-da701f51a034,Restaurant 533,Philadelphia,TX,Burgers,2,Below Average,2024-06-01,Monday,1,1.0,0.0,1.0,1.0,10.0,10.0,33.33,33.33,4.26,True
992c70c2-77e2-43b7-ba41-6785277c860e,Restaurant 534,Philadelphia,TX,American (New),2,Below Average,2023-10-01,Friday,1,1.0,0.0,1.0,1.0,15.0,15.0,41.32,41.32,5.35,True
c81b7b7a-10c6-4d0c-9c9e-5f4ede59bc02,Restaurant 547,Philadelphia,TX,Chinese,2,Below Average,2023-09-01,Sunday,1,1.0,0.0,1.0,1.0,19.0,19.0,13.81,13.81,7.05,True
04fbade6-29fd-4fcf-b863-51d16c453153,Restaurant 1550,Philadelphia,TX,Sushi,4,Strong,2023-04-01,Tuesday,1,1.0,0.0,1.0,0.0,45.0,45.0,15.46,15.46,7.58,True
554ec36e-d754-47b2-97f4-04be874b7d9e,Restaurant 1559,Philadelphia,TX,Seafood,4,Strong,2022-01-01,Friday,1,1.0,0.0,1.0,1.0,10.0,10.0,44.49,44.49,5.46,True
a3baa31c-5934-4dd8-bcd0-e74e2ac063c3,Restaurant 1599,Philadelphia,TX,Italian,4,Strong,2023-06-01,Wednesday,1,1.0,0.0,1.0,1.0,23.0,23.0,28.52,28.52,6.5,True
645e65a9-0b2e-449e-b8b3-3c362871f715,Restaurant 569,Philadelphia,TX,American (New),2,Below Average,2022-01-01,Friday,1,1.0,0.0,1.0,1.0,29.0,29.0,25.13,25.13,5.4,True
acc1c875-ed80-456b-ae6a-72ea004e1185,Restaurant 589,Philadelphia,TX,Italian,2,Below Average,2024-10-01,Wednesday,1,1.0,0.0,1.0,0.0,24.0,24.0,63.19,63.19,6.22,True
e85c5921-e799-441c-b48b-9fc3aac2cea7,Restaurant 609,Philadelphia,TX,Seafood,2,Below Average,2024-04-01,Monday,1,1.0,0.0,1.0,1.0,50.0,50.0,21.93,21.93,6.66,True
d04da35c-7c30-4cb7-8c2f-ea10f1cdadb1,Restaurant 1623,Philadelphia,TX,Coffee & Tea,5,Elite,2022-05-01,Friday,1,1.0,0.0,1.0,0.0,45.0,45.0,21.17,21.17,4.1,True
c6dcddeb-ce50-4190-ae74-d9b8edef74f4,Restaurant 1625,Philadelphia,TX,Mexican,5,Elite,2023-04-01,Tuesday,1,1.0,0.0,1.0,1.0,23.0,23.0,48.77,48.77,2.63,True
78d4d0f0-b487-485d-a372-845c75934a69,Restaurant 618,Philadelphia,TX,Chinese,2,Below Average,2022-07-01,Saturday,1,1.0,0.0,1.0,1.0,32.0,32.0,43.99,43.99,5.19,True
cdb372b5-0ba0-4a01-a8d6-36fc3b6192d3,Restaurant 620,Philadelphia,TX,American (New),2,Below Average,2023-08-01,Tuesday,1,1.0,0.0,1.0,1.0,42.0,42.0,18.22,18.22,2.52,True
0d861420-d9bb-4cbf-88e2-fbf99de9e45c,Restaurant 622,Philadelphia,TX,Sushi,2,Below Average,2024-02-01,Friday,1,1.0,0.0,1.0,1.0,47.0,47.0,8.0,8.0,6.62,True
4ab70675-b98a-4de7-9964-847d9dd3d37c,Restaurant 626,Philadelphia,TX,Chinese,2,Below Average,2024-03-01,Sunday,1,1.0,0.0,1.0,0.0,28.0,28.0,16.13,16.13,1.81,True
75096181-875a-44c6-a9de-50fac972054f,Restaurant 643,Philadelphia,TX,Thai,2,Below Average,2024-08-01,Friday,1,1.0,0.0,1.0,1.0,46.0,46.0,22.47,22.47,5.51,True
0da64d6f-3607-4b63-a5ff-b46f5584d7d2,Restaurant 656,Philadelphia,TX,Italian,2,Below Average,2024-09-01,Saturday,1,1.0,0.0,1.0,0.0,46.0,46.0,37.31,37.31,5.78,True
1fe4bd72-8e77-4118-a0b3-00da4a70fa25,Restaurant 1687,Philadelphia,TX,American (New),5,Elite,2022-07-01,Monday,1,1.0,0.0,1.0,0.0,43.0,43.0,43.91,43.91,5.07,True
e0cdf24e-971c-45e5-8caf-e86683e62ffb,Restaurant 1693,Philadelphia,TX,Chinese,5,Elite,2022-08-01,Friday,1,1.0,0.0,1.0,0.0,24.0,24.0,47.61,47.61,1.43,True
3995e609-6a53-4a4e-ab7b-ae04dc7c3a7d,Restaurant 1698,Philadelphia,TX,Italian,5,Elite,2022-09-01,Tuesday,1,1.0,0.0,1.0,1.0,36.0,36.0,44.65,44.65,6.79,True
bafb9902-adfd-4c54-9be6-6d44e7e139c4,Restaurant 667,Philadelphia,TX,Italian,2,Below Average,2023-05-01,Sunday,1,1.0,0.0,1.0,0.0,77.0,77.0,8.0,8.0,5.28,True
99b19f1e-2ade-40da-ba17-f273c3d1e7ad,Restaurant 1714,Philadelphia,TX,Seafood,5,Elite,2023-10-01,Tuesday,1,1.0,0.0,1.0,1.0,27.0,27.0,17.6,17.6,4.41,True
a62743cb-31b2-406d-9922-1e5e8d6fab4f,Restaurant 668,Philadelphia,TX,Sushi,2,Below Average,2022-04-01,Thursday,1,1.0,0.0,1.0,1.0,37.0,37.0,8.0,8.0,7.17,True
1bb78e86-6bd8-451b-917b-90e49d836919,Restaurant 680,Philadelphia,TX,Thai,2,Below Average,2023-07-01,Friday,1,1.0,0.0,1.0,1.0,15.0,15.0,33.41,33.41,3.58,True
a79caa7f-78f3-46de-9b81-7cb27adce251,Restaurant 1739,Philadelphia,TX,American (New),5,Elite,2023-01-01,Friday,1,1.0,0.0,1.0,1.0,28.0,28.0,23.46,23.46,5.84,True
5b77a2e2-7eaa-45b0-b049-a0b1c4755312,Restaurant 686,Philadelphia,TX,Sushi,2,Below Average,2023-10-01,Tuesday,1,1.0,0.0,1.0,1.0,24.0,24.0,31.12,31.12,3.81,True
e523e5b8-b3f9-4ee9-81b2-e07b8aa0e5d3,Restaurant 1760,Philadelphia,TX,Mexican,5,Elite,2023-11-01,Saturday,1,1.0,0.0,1.0,1.0,34.0,34.0,19.95,19.95,1.97,True
e51aaedf-fd6c-4f3d-8e96-548230cc26f0,Restaurant 711,Philadelphia,TX,Seafood,2,Below Average,2023-07-01,Monday,1,1.0,0.0,1.0,1.0,28.0,28.0,34.01,34.01,1.71,True
f5af287b-b3f0-46ef-ab9a-11ef025dea2d,Restaurant 1773,Philadelphia,TX,Italian,5,Elite,2023-03-01,Saturday,1,1.0,0.0,1.0,0.0,51.0,51.0,13.4,13.4,7.08,True
5014fdcd-9788-4159-89ef-8f368961bc92,Restaurant 1776,Philadelphia,TX,Coffee & Tea,5,Elite,2022-06-01,Monday,1,1.0,0.0,1.0,1.0,12.0,12.0,23.59,23.59,4.61,True
5f3ba672-bb5c-47f6-a06a-6aee121dc288,Restaurant 1783,Philadelphia,TX,Chinese,5,Elite,2024-03-01,Saturday,1,1.0,0.0,1.0,0.0,56.0,56.0,49.76,49.76,5.1,True
4a777441-342a-4d58-871c-e1e13d83f2b8,Restaurant 764,Philadelphia,TX,Sushi,2,Below Average,2024-06-01,Monday,1,1.0,0.0,1.0,1.0,26.0,26.0,43.93,43.93,7.06,True
2fdb9ef6-44c9-4d6f-9ce7-a8aaa5439e22,Restaurant 765,Philadelphia,TX,Burgers,2,Below Average,2023-02-01,Friday,1,1.0,0.0,1.0,0.0,58.0,58.0,31.25,31.25,7.74,True
5534db5e-a98a-4dd3-8cce-0e1afd735ac4,Restaurant 768,Philadelphia,TX,Burgers,2,Below Average,2022-01-01,Monday,1,1.0,0.0,1.0,1.0,29.0,29.0,9.34,9.34,2.46,True
c44db8e4-b37d-4939-8e63-1aaf11b97993,Restaurant 776,Philadelphia,TX,Chinese,2,Below Average,2022-11-01,Sunday,1,1.0,0.0,1.0,1.0,28.0,28.0,12.0,12.0,7.05,True
e67dd971-4c9b-4e57-a087-bb6900673931,Restaurant 816,Philadelphia,TX,Sushi,3,Average,2023-05-01,Wednesday,1,1.0,0.0,1.0,1.0,32.0,32.0,44.36,44.36,2.98,True
d67074e4-aa4d-4205-953b-a0ea65c14a2f,Restaurant 1812,Philadelphia,TX,Pizza,5,Elite,2022-10-01,Friday,1,1.0,0.0,1.0,1.0,25.0,25.0,25.14,25.14,6.48,True
2c36338c-58f6-4d55-9b3e-5b16c9028c29,Restaurant 1814,Philadelphia,TX,Mexican,5,Elite,2023-04-01,Thursday,1,1.0,0.0,1.0,1.0,33.0,33.0,24.17,24.17,3.2,True
41c75614-7f1c-4a71-b576-0d9b214a0ec6,Restaurant 1815,Philadelphia,TX,Seafood,5,Elite,2024-10-01,Friday,1,1.0,0.0,1.0,1.0,28.0,28.0,20.43,20.43,5.26,True
a5e885c6-6194-4ade-bd6c-69ea4457dd6b,Restaurant 819,Philadelphia,TX,Italian,3,Average,2022-05-01,Monday,1,1.0,0.0,1.0,1.0,23.0,23.0,31.37,31.37,4.24,True
a7ecb100-e165-4038-963d-3564d811a576,Restaurant 1846,Philadelphia,TX,Italian,5,Elite,2024-02-01,Friday,1,1.0,0.0,1.0,0.0,58.0,58.0,8.0,8.0,2.71,True
8c5d5ee6-73b8-44a8-b3cb-29a7017ae18a,Restaurant 1850,Philadelphia,TX,Burgers,5,Elite,2024-07-01,Monday,1,1.0,0.0,1.0,1.0,43.0,43.0,26.55,26.55,1.27,True
af89d1fc-2651-4805-b449-9654f04e2dfa,Restaurant 1851,Philadelphia,TX,Pizza,5,Elite,2023-08-01,Saturday,1,1.0,0.0,1.0,0.0,55.0,55.0,41.34,41.34,6.68,True
f3aadb96-a268-479a-a3fa-2e674fb91d3b,Restaurant 1854,Philadelphia,TX,Burgers,5,Elite,2023-12-01,Sunday,1,1.0,0.0,1.0,1.0,49.0,49.0,10.17,10.17,2.41,True
a2dc5586-55be-462a-847d-1bc17a38fbcc,Restaurant 850,Philadelphia,TX,Italian,3,Average,2024-06-01,Saturday,1,1.0,0.0,1.0,0.0,43.0,43.0,13.29,13.29,1.2,True
6bac540e-4654-4065-ab1b-d4caf2c1ac61,Restaurant 855,Philadelphia,TX,Pizza,3,Average,2022-11-01,Friday,1,1.0,0.0,1.0,0.0,37.0,37.0,38.2,38.2,7.19,True
5cd47c39-573a-4a4e-93e8-26540088ca79,Restaurant 867,Philadelphia,TX,Mexican,3,Average,2022-02-01,Thursday,1,1.0,0.0,1.0,0.0,37.0,37.0,8.0,8.0,4.53,True
2213d9f3-ac15-48c0-8ead-a02ba75eb7a5,Restaurant 896,Philadelphia,TX,Sushi,3,Average,2023-05-01,Wednesday,1,1.0,0.0,1.0,1.0,21.0,21.0,55.03,55.03,3.87,True
947d1fbf-4040-4e37-9228-884e2c9e3b4e,Restaurant 922,Philadelphia,TX,Mexican,3,Average,2024-09-01,Sunday,1,1.0,0.0,1.0,1.0,28.0,28.0,14.89,14.89,1.16,True
6e78b025-22f6-47e3-a972-1c28c691bb32,Restaurant 1888,Philadelphia,TX,Mexican,5,Elite,2024-04-01,Friday,1,1.0,0.0,1.0,1.0,14.0,14.0,16.29,16.29,7.7,True
7050e998-b03a-4cc3-8a08-66ec02640158,Restaurant 1896,Philadelphia,TX,Sushi,5,Elite,2023-08-01,Thursday,1,1.0,0.0,1.0,0.0,37.0,37.0,37.12,37.12,1.19,True
fb8181f5-dfc7-4eee-a1f4-87f19f56a429,Restaurant 927,Philadelphia,TX,Burgers,3,Average,2024-12-01,Friday,1,1.0,0.0,1.0,1.0,22.0,22.0,49.61,49.61,6.74,True
96c2f2de-d822-4d6e-83dc-fb8df9a1e163,Restaurant 1922,Philadelphia,TX,American (New),5,Elite,2022-11-01,Saturday,1,1.0,0.0,1.0,0.0,56.0,56.0,28.59,28.59,6.69,True
dd754afa-4305-4930-afba-9ff5469328c0,Restaurant 1940,Philadelphia,TX,Mexican,5,Elite,2024-09-01,Monday,1,1.0,0.0,1.0,1.0,18.0,18.0,38.06,38.06,3.26,True
565316ef-c26e-4812-ac54-4aedf5593b44,Restaurant 1951,Philadelphia,TX,Italian,5,Elite,2024-08-01,Thursday,1,1.0,0.0,1.0,1.0,16.0,16.0,12.97,12.97,3.16,True
847ee13a-4d07-4e3d-8cec-ad07fcb3cc87,Restaurant 1953,Philadelphia,TX,Mexican,5,Elite,2023-11-01,Tuesday,1,1.0,0.0,1.0,0.0,49.0,49.0,8.0,8.0,2.2,True
759dd5ad-889c-4959-b255-cd76834b8c25,Restaurant 947,Philadelphia,TX,Seafood,3,Average,2022-03-01,Wednesday,1,0.0,1.0,0.0,,,,17.1,17.1,1.79,True
325576ff-122f-48d6-9162-5ffa7d9c943a,Restaurant 967,Philadelphia,TX,Mexican,3,Average,2022-12-01,Friday,1,1.0,0.0,1.0,1.0,10.0,10.0,18.57,18.57,1.46,True
19ba337d-f608-47ea-99a8-1defd7246d2a,Restaurant 1967,Philadelphia,TX,Chinese,5,Elite,2023-03-01,Saturday,1,1.0,0.0,1.0,1.0,24.0,24.0,8.0,8.0,1.79,True
543cbb36-dfb5-452f-8165-52bddaf2fcd7,Restaurant 979,Philadelphia,TX,American (New),3,Average,2022-07-01,Sunday,1,1.0,0.0,1.0,0.0,46.0,46.0,14.8,14.8,7.99,True
901b06bd-5339-4bb0-b5d2-78035a45a787,Restaurant 1986,Philadelphia,TX,Sushi,5,Elite,2024-04-01,Thursday,1,1.0,0.0,1.0,1.0,28.0,28.0,37.66,37.66,2.89,True
74958e3f-03e8-4667-ac9f-59bf28f3b107,Restaurant 1991,Philadelphia,TX,Seafood,5,Elite,2023-07-01,Tuesday,1,1.0,0.0,1.0,0.0,35.0,35.0,15.15,15.15,6.76,True
2577a528-d2c0-4059-bd47-24a83408c04a,Restaurant 981,Philadelphia,TX,Italian,3,Average,2023-11-01,Thursday,1,1.0,0.0,1.0,1.0,19.0,19.0,21.45,21.45,3.71,True
1af8102d-461b-4f4e-aa80-ce9c087e8dc5,Restaurant 14,Philadelphia,OH,American (New),1,Low,2024-05-01,Monday,1,0.0,1.0,0.0,,,,33.65,33.65,5.51,True
a5dc9144-4605-4d6e-90b6-450da3437d16,Restaurant 27,Philadelphia,OH,Thai,1,Low,2023-10-01,Sunday,1,1.0,0.0,1.0,1.0,25.0,25.0,14.37,14.37,4.36,True
1f073c53-ef32-4629-b0b7-ef431ef2e441,Restaurant 38,Philadelphia,OH,Coffee & Tea,1,Low,2022-02-01,Monday,1,1.0,0.0,1.0,1.0,42.0,42.0,45.55,45.55,2.44,True
be3ee977-fb43-46ab-85cf-50e51ffbf460,Restaurant 39,Philadelphia,OH,Chinese,1,Low,2024-09-01,Sunday,1,1.0,0.0,1.0,1.0,36.0,36.0,32.03,32.03,6.7,True
1e2d819e-3804-4a56-a578-6a30f8a0e9ce,Restaurant 42,Philadelphia,OH,Thai,1,Low,2022-08-01,Friday,1,1.0,0.0,1.0,1.0,28.0,28.0,23.02,23.02,5.7,True
8c2f26c7-c38c-4952-a4a0-a41e067b51bc,Restaurant 43,Philadelphia,OH,Mexican,1,Low,2023-12-01,Sunday,1,1.0,0.0,1.0,0.0,60.0,60.0,36.23,36.23,5.01,True
d12493d2-3ec9-477e-982b-59b95212805e,Restaurant 49,Philadelphia,OH,Burgers,1,Low,2022-11-01,Sunday,1,1.0,0.0,1.0,1.0,27.0,27.0,46.73,46.73,2.16,True
2ea09749-aaf2-4489-a19b-2842c91bfcab,Restaurant 54,Philadelphia,OH,Thai,1,Low,2024-01-01,Tuesday,1,1.0,0.0,1.0,1.0,24.0,24.0,30.96,30.96,5.44,True
00d06576-a313-4f5c-a319-06f7494f0357,Restaurant 70,Philadelphia,OH,Coffee & Tea,1,Low,2023-12-01,Tuesday,1,1.0,0.0,1.0,0.0,60.0,60.0,8.0,8.0,7.07,True
38f480f9-543e-4094-b660-3ad272866273,Restaurant 71,Philadelphia,OH,American (New),1,Low,2022-09-01,Wednesday,1,1.0,0.0,1.0,1.0,31.0,31.0,36.19,36.19,3.5,True
2f225b68-423d-4100-811b-2445bd07a731,Restaurant 83,Philadelphia,OH,Seafood,1,Low,2022-12-01,Tuesday,1,1.0,0.0,1.0,1.0,43.0,43.0,35.41,35.41,5.96,True
b18b3960-bad9-455c-9652-fa70314346fd,Restaurant 95,Philadelphia,OH,Burgers,1,Low,2024-06-01,Friday,1,1.0,0.0,1.0,1.0,37.0,37.0,12.13,12.13,7.32,True
936632ba-dc72-45f7-9c7a-8265e043af99,Restaurant 120,Philadelphia,OH,Coffee & Tea,1,Low,2022-12-01,Tuesday,1,1.0,0.0,1.0,0.0,42.0,42.0,25.2,25.2,7.19,True
b2a3fb35-8cdf-435b-99a2-6092e4fa4d4b,Restaurant 138,Philadelphia,OH,Seafood,1,Low,2024-04-01,Friday,1,1.0,0.0,1.0,0.0,48.0,48.0,34.67,34.67,5.27,True
70f2a17b-f5b0-4e9f-a140-8b6ad571338e,Restaurant 149,Philadelphia,OH,Sushi,1,Low,2022-04-01,Sunday,1,1.0,0.0,1.0,1.0,26.0,26.0,30.12,30.12,2.01,True
f7f86abf-88ef-4c1a-8c70-c5cd5358b588,Restaurant 151,Philadelphia,OH,Chinese,1,Low,2022-06-01,Tuesday,1,1.0,0.0,1.0,1.0,48.0,48.0,17.03,17.03,7.23,True
315260a5-49d2-41c6-b125-d658ad716bc0,Restaurant 152,Philadelphia,OH,Italian,1,Low,2024-10-01,Wednesday,1,1.0,0.0,1.0,1.0,17.0,17.0,33.51,33.51,7.68,True
950d91ab-42f0-4950-8a25-532d8c5e7072,Restaurant 164,Philadelphia,OH,American (New),1,Low,2023-05-01,Friday,1,1.0,0.0,1.0,1.0,22.0,22.0,26.0,26.0,7.34,True
c8607222-a242-40f8-bf52-7b5df6176cd2,Restaurant 176,Philadelphia,OH,Burgers,1,Low,2024-08-01,Monday,1,1.0,0.0,1.0,1.0,30.0,30.0,33.39,33.39,7.4,True
67aa8ed2-729f-43e6-852f-373057cc75a6,Restaurant 178,Philadelphia,OH,American (New),1,Low,2022-08-01,Monday,1,1.0,0.0,1.0,1.0,37.0,37.0,9.73,9.73,1.01,True
c74b55b1-95cd-405f-9fdd-f4e39fb65311,Restaurant 185,Philadelphia,OH,Chinese,1,Low,2024-08-01,Tuesday,1,1.0,0.0,1.0,1.0,32.0,32.0,49.18,49.18,3.64,True
c7d84f3f-4869-4a0f-9699-488a56597697,Restaurant 227,Philadelphia,OH,Italian,1,Low,2024-04-01,Sunday,1,1.0,0.0,1.0,1.0,28.0,28.0,8.0,8.0,3.48,True
33bd0c64-8609-4bc7-9584-30cd8db6a3d0,Restaurant 233,Philadelphia,OH,Italian,1,Low,2023-02-01,Thursday,1,1.0,0.0,1.0,0.0,71.0,71.0,31.49,31.49,7.33,True
b5ac4a25-3733-440f-962c-a916cb798d32,Restaurant 241,Philadelphia,OH,American (New),1,Low,2024-09-01,Sunday,1,1.0,0.0,1.0,0.0,58.0,58.0,49.28,49.28,7.66,True
5c48c9f0-00b2-4827-a304-2a43104237c0,Restaurant 256,Philadelphia,OH,Thai,1,Low,2023-12-01,Saturday,1,1.0,0.0,1.0,1.0,13.0,13.0,19.27,19.27,1.98,True
934291e8-0340-4bac-a267-6a0d1b7afc2e,Restaurant 264,Philadelphia,OH,American (New),1,Low,2023-12-01,Monday,1,1.0,0.0,1.0,1.0,32.0,32.0,39.58,39.58,2.97,True
066c9d62-9aa2-4113-91b7-17436f21c2c1,Restaurant 271,Philadelphia,OH,Seafood,1,Low,2023-01-01,Tuesday,1,1.0,0.0,1.0,1.0,43.0,43.0,18.15,18.15,4.29,True
f1c175e7-8430-4b1f-90b9-53ee97196ab0,Restaurant 349,Philadelphia,OH,Burgers,1,Low,2024-03-01,Sunday,1,1.0,0.0,1.0,1.0,25.0,25.0,26.25,26.25,1.51,True
44597cfb-af85-46aa-80e1-9df5bc6e74a5,Restaurant 368,Philadelphia,OH,Seafood,1,Low,2024-02-01,Wednesday,1,1.0,0.0,1.0,1.0,41.0,41.0,39.42,39.42,2.96,True
6d4eb3bd-bfc9-4bbe-918f-5f32d000f7b0,Restaurant 373,Philadelphia,OH,Coffee & Tea,1,Low,2024-04-01,Friday,1,1.0,0.0,1.0,1.0,41.0,41.0,32.71,32.71,2.04,True
871c656d-cbfa-4c2f-b2b4-8c001a921c89,Restaurant 379,Philadelphia,OH,Sushi,1,Low,2024-06-01,Sunday,1,1.0,0.0,1.0,0.0,72.0,72.0,33.3,33.3,5.51,True
edd7d8bd-63fd-440b-9448-1ec3c07bcde0,Restaurant 385,Philadelphia,OH,Pizza,1,Low,2023-06-01,Monday,1,1.0,0.0,1.0,1.0,37.0,37.0,22.29,22.29,2.42,True
224cfd3c-eb69-439d-a255-76d9187b81d4,Restaurant 390,Philadelphia,OH,Sushi,1,Low,2022-10-01,Sunday,1,1.0,0.0,1.0,1.0,30.0,30.0,28.47,28.47,4.26,True
d14ef997-141c-461d-9247-441bf20d1162,Restaurant 442,Philadelphia,OH,Coffee & Tea,2,Below Average,2022-08-01,Saturday,1,1.0,0.0,1.0,0.0,68.0,68.0,41.19,41.19,4.54,True
c7d59a05-df98-4708-8679-5da0f55744a0,Restaurant 487,Philadelphia,OH,Thai,2,Below Average,2022-04-01,Tuesday,1,1.0,0.0,1.0,1.0,47.0,47.0,45.73,45.73,1.36,True
d5000245-8d11-403d-ac50-04ea164a658d,Restaurant 494,Philadelphia,OH,Seafood,2,Below Average,2023-07-01,Saturday,1,1.0,0.0,1.0,1.0,34.0,34.0,18.89,18.89,4.26,True
babc44ee-4e18-4eac-9192-6f9510d78a41,Restaurant 502,Philadelphia,OH,Seafood,2,Below Average,2022-09-01,Thursday,1,1.0,0.0,1.0,1.0,39.0,39.0,11.64,11.64,2.24,True
a783a6b1-750c-4453-bd7e-b4e02f622d85,Restaurant 522,Philadelphia,OH,Chinese,2,Below Average,2023-11-01,Monday,1,1.0,0.0,1.0,1.0,23.0,23.0,8.0,8.0,6.36,True
2b217b5a-6a55-4642-8e31-b549f1b34ab3,Restaurant 528,Philadelphia,OH,American (New),2,Below Average,2024-08-01,Wednesday,1,1.0,0.0,1.0,0.0,57.0,57.0,18.78,18.78,3.8,True
00e9e57c-da41-423a-b064-22caded5e2fc,Restaurant 540,Philadelphia,OH,Italian,2,Below Average,2022-07-01,Sunday,2,2.0,0.0,1.0,1.0,32.0,39.2,76.13,38.07,9.49,True
e3537d84-3f03-46f6-98a6-09a5a4049c74,Restaurant 552,Philadelphia,OH,Italian,2,Below Average,2024-06-01,Monday,1,1.0,0.0,1.0,1.0,30.0,30.0,19.83,19.83,1.6,True
073c5684-a296-4808-baf0-203d9ab78e38,Restaurant 576,Philadelphia,OH,Sushi,2,Below Average,2022-03-01,Friday,1,1.0,0.0,1.0,0.0,48.0,48.0,13.94,13.94,6.96,True
c0b392a4-36ba-4891-af63-1be5a87005bc,Restaurant 586,Philadelphia,OH,Burgers,2,Below Average,2022-06-01,Saturday,1,1.0,0.0,1.0,1.0,24.0,24.0,35.27,35.27,1.72,True
fc84acc2-7d51-43b6-9a34-320ae65bd4b4,Restaurant 588,Philadelphia,OH,Italian,2,Below Average,2024-04-01,Sunday,1,1.0,0.0,1.0,1.0,29.0,29.0,41.14,41.14,2.16,True
2e7f6d94-8f6b-44c8-a0aa-1154fe70bc9c,Restaurant 590,Philadelphia,OH,Coffee & Tea,2,Below Average,2022-08-01,Tuesday,1,1.0,0.0,1.0,0.0,47.0,47.0,8.0,8.0,4.91,True
67f96114-dee7-4855-8d58-6262eb121648,Restaurant 599,Philadelphia,OH,Italian,2,Below Average,2024-03-01,Monday,1,1.0,0.0,1.0,1.0,30.0,30.0,19.3,19.3,3.7,True
716d7f96-13b2-4745-a33d-f27a5541cc7f,Restaurant 611,Philadelphia,OH,Pizza,2,Below Average,2023-11-01,Thursday,1,1.0,0.0,1.0,0.0,46.0,46.0,12.38,12.38,1.84,True
5f7ddc41-9e67-45ad-a75d-897c55c1edd9,Restaurant 612,Philadelphia,OH,Coffee & Tea,2,Below Average,2024-03-01,Wednesday,1,1.0,0.0,1.0,1.0,31.0,31.0,23.24,23.24,3.33,True
9a18ac84-52b3-4ae4-9500-57c38fe36031,Restaurant 621,Philadelphia,OH,Thai,2,Below Average,2022-07-01,Wednesday,1,0.0,1.0,0.0,,,,8.0,8.0,5.17,True
1a9472ef-1fd8-4c65-99a8-125082449bae,Restaurant 651,Philadelphia,OH,Chinese,2,Below Average,2024-07-01,Wednesday,1,1.0,0.0,1.0,1.0,25.0,25.0,37.16,37.16,3.35,True
065fd299-f21d-4363-9f0e-7d66e7bfd7e0,Restaurant 666,Philadelphia,OH,Thai,2,Below Average,2022-05-01,Monday,1,1.0,0.0,1.0,0.0,51.0,51.0,8.0,8.0,2.09,True
7375e073-71f4-4b92-880f-01f7ce836ccf,Restaurant 669,Philadelphia,OH,American (New),2,Below Average,2022-10-01,Tuesday,1,1.0,0.0,1.0,0.0,45.0,45.0,36.49,36.49,1.32,True
0387d8d7-b3b1-4b3b-9c69-c96286520c9b,Restaurant 695,Philadelphia,OH,American (New),2,Below Average,2022-07-01,Saturday,1,1.0,0.0,1.0,1.0,23.0,23.0,18.1,18.1,1.31,True
633feed7-1764-4bf8-9842-bd86c4ae51ce,Restaurant 751,Philadelphia,OH,Mexican,2,Below Average,2022-06-01,Thursday,1,1.0,0.0,1.0,0.0,53.0,53.0,28.49,28.49,1.5,True
bd8db82f-677c-4239-a1b1-3de21c68849f,Restaurant 752,Philadelphia,OH,Seafood,2,Below Average,2023-01-01,Wednesday,1,1.0,0.0,1.0,1.0,42.0,42.0,27.54,27.54,2.25,True
52a44a85-a83a-4695-b91c-0f981a157a1f,Restaurant 775,Philadelphia,OH,Sushi,2,Below Average,2024-12-01,Tuesday,1,1.0,0.0,1.0,1.0,18.0,18.0,14.53,14.53,4.24,True
99be4429-9612-441d-b998-b93e31641d9e,Restaurant 785,Philadelphia,OH,Coffee & Tea,2,Below Average,2023-09-01,Friday,1,1.0,0.0,1.0,0.0,64.0,64.0,23.1,23.1,5.86,True
67689fd1-43bd-47d7-b6b2-daf5700bf6ec,Restaurant 789,Philadelphia,OH,Coffee & Tea,2,Below Average,2022-03-01,Wednesday,1,1.0,0.0,1.0,1.0,18.0,18.0,49.83,49.83,6.84,True
97ea5a3c-ece4-4e94-b2d0-35165768e901,Restaurant 805,Philadelphia,OH,Coffee & Tea,3,Average,2024-02-01,Wednesday,1,1.0,0.0,1.0,1.0,43.0,43.0,31.31,31.31,5.12,True
408db516-3459-49cc-b037-6850a727ce44,Restaurant 825,Philadelphia,OH,Italian,3,Average,2023-01-01,Thursday,1,1.0,0.0,1.0,1.0,35.0,35.0,21.5,21.5,2.4,True
fc3b7f42-e086-488b-b614-384b32455509,Restaurant 827,Philadelphia,OH,Chinese,3,Average,2022-09-01,Friday,1,1.0,0.0,1.0,1.0,24.0,24.0,43.81,43.81,3.8,True
23dccc94-e205-4a82-9fc0-be188eec5808,Restaurant 845,Philadelphia,OH,Coffee & Tea,3,Average,2022-10-01,Saturday,1,1.0,0.0,1.0,1.0,10.0,10.0,35.15,35.15,4.21,True
2549f2c0-a7be-441b-bc18-4d5ef5545514,Restaurant 847,Philadelphia,OH,Seafood,3,Average,2024-01-01,Friday,1,1.0,0.0,1.0,1.0,33.0,33.0,40.96,40.96,2.11,True
c41599e1-d4d3-4755-beca-39ae02ee6620,Restaurant 848,Philadelphia,OH,Thai,3,Average,2024-01-01,Wednesday,1,1.0,0.0,1.0,0.0,51.0,51.0,8.93,8.93,2.5,True
4d0a0061-73a5-4e99-b6db-563c2074383d,Restaurant 861,Philadelphia,OH,Coffee & Tea,3,Average,2022-10-01,Wednesday,1,1.0,0.0,1.0,1.0,34.0,34.0,39.93,39.93,6.85,True
e1ee35a0-27e8-4cd8-88e2-38d62eac2577,Restaurant 863,Philadelphia,OH,Coffee & Tea,3,Average,2023-03-01,Wednesday,1,1.0,0.0,1.0,1.0,28.0,28.0,29.6,29.6,3.53,True
82cdbb86-2d14-40ed-8732-b904105b1f77,Restaurant 892,Philadelphia,OH,Sushi,3,Average,2022-08-01,Monday,1,1.0,0.0,1.0,1.0,33.0,33.0,46.02,46.02,6.12,True
4137093d-5da6-4fd0-a3a8-95258d6a3b72,Restaurant 897,Philadelphia,OH,Sushi,3,Average,2023-01-01,Thursday,1,1.0,0.0,1.0,1.0,37.0,37.0,19.14,19.14,6.41,True
0d287e69-c13a-440b-9f24-cb52e05dffcf,Restaurant 909,Philadelphia,OH,American (New),3,Average,2023-11-01,Sunday,1,1.0,0.0,1.0,0.0,60.0,60.0,43.47,43.47,6.02,True
b30bcb95-5143-4808-a35b-1c64962a815d,Restaurant 912,Philadelphia,OH,Thai,3,Average,2022-02-01,Sunday,1,1.0,0.0,1.0,0.0,41.0,41.0,8.0,8.0,7.49,True
c93e0592-1e80-45f6-be26-c941f7e8ffef,Restaurant 952,Philadelphia,OH,Mexican,3,Average,2022-01-01,Monday,1,1.0,0.0,1.0,0.0,57.0,57.0,31.3,31.3,3.47,True
334400c4-74b1-418c-9fb0-9f8b2e5e2a70,Restaurant 966,Philadelphia,OH,Italian,3,Average,2023-11-01,Friday,1,1.0,0.0,1.0,1.0,42.0,42.0,31.16,31.16,3.64,True
71845b05-af78-4ceb-952f-03440883113c,Restaurant 977,Philadelphia,OH,Sushi,3,Average,2023-05-01,Wednesday,1,1.0,0.0,1.0,1.0,40.0,40.0,8.0,8.0,5.73,True
eef4c2a1-ac15-4315-a6d1-2b28848118ca,Restaurant 978,Philadelphia,OH,Italian,3,Average,2024-01-01,Wednesday,1,1.0,0.0,1.0,1.0,36.0,36.0,8.06,8.06,3.64,True
637c6293-e5ec-4eab-bb5c-cad79ad16c04,Restaurant 989,Philadelphia,OH,Italian,3,Average,2022-06-01,Saturday,1,1.0,0.0,1.0,1.0,31.0,31.0,14.1,14.1,6.0,True
5981bfd7-7f6e-4b36-99e3-1e85ba34189a,Restaurant 1005,Philadelphia,OH,Sushi,3,Average,2023-02-01,Wednesday,1,1.0,0.0,1.0,1.0,28.0,28.0,54.18,54.18,7.87,True
fe67a151-3dc2-45ff-af34-a2ee5407c70c,Restaurant 1010,Philadelphia,OH,Burgers,3,Average,2022-08-01,Monday,1,1.0,0.0,1.0,1.0,26.0,26.0,57.84,57.84,6.13,True
4714970f-431b-41a5-b9bc-8977edb59903,Restaurant 1018,Philadelphia,OH,Chinese,3,Average,2023-02-01,Friday,1,1.0,0.0,1.0,1.0,42.0,42.0,24.7,24.7,1.39,True
1c2271b6-6a7d-462d-83e7-defbdf0a9107,Restaurant 1024,Philadelphia,OH,Thai,3,Average,2022-09-01,Wednesday,1,1.0,0.0,1.0,1.0,50.0,50.0,11.28,11.28,6.62,True
94f12678-d226-465e-9ee2-65118a2771a1,Restaurant 1031,Philadelphia,OH,Burgers,3,Average,2023-03-01,Monday,1,1.0,0.0,1.0,1.0,32.0,32.0,36.05,36.05,1.6,True
46fde999-656d-46ff-9cb9-db53fe2ac468,Restaurant 1039,Philadelphia,OH,Thai,3,Average,2023-12-01,Friday,1,1.0,0.0,1.0,1.0,31.0,31.0,22.74,22.74,1.77,True
208263ca-559a-47b8-8c41-c91c311739c6,Restaurant 1048,Philadelphia,OH,American (New),3,Average,2023-02-01,Saturday,1,1.0,0.0,1.0,0.0,48.0,48.0,44.71,44.71,5.6,True
bc1456b3-f4c8-42f2-8168-29699eaa734c,Restaurant 1080,Philadelphia,OH,Italian,3,Average,2022-11-01,Tuesday,1,1.0,0.0,1.0,1.0,26.0,26.0,12.21,12.21,6.02,True
ab07702e-6057-42df-8794-4c3a1ba07597,Restaurant 1088,Philadelphia,OH,Burgers,3,Average,2022-09-01,Saturday,1,1.0,0.0,1.0,1.0,26.0,26.0,50.78,50.78,2.88,True
a50eb278-a945-49b0-b260-d1171d1f3a71,Restaurant 1090,Philadelphia,OH,Chinese,3,Average,2022-02-01,Monday,1,1.0,0.0,1.0,1.0,19.0,19.0,30.24,30.24,4.35,True
90b7f69f-913f-4b62-91ad-b97ddd983e7e,Restaurant 1097,Philadelphia,OH,Seafood,3,Average,2023-08-01,Friday,1,1.0,0.0,1.0,1.0,27.0,27.0,44.6,44.6,5.05,True
026b6737-b3c6-42e1-951e-5e7b13eaeb19,Restaurant 1125,Philadelphia,OH,Chinese,3,Average,2023-05-01,Friday,1,1.0,0.0,1.0,1.0,36.0,36.0,30.67,30.67,1.58,True
1aedc3eb-7064-4caf-b301-0f99939a5948,Restaurant 1154,Philadelphia,OH,Mexican,3,Average,2023-09-01,Wednesday,1,1.0,0.0,1.0,0.0,65.0,65.0,35.72,35.72,4.77,True
b4d80b34-a51a-4860-8263-f709dd6bd58b,Restaurant 1173,Philadelphia,OH,Chinese,3,Average,2022-08-01,Wednesday,1,1.0,0.0,1.0,1.0,19.0,19.0,14.67,14.67,2.25,True
1e2b59d6-d5c8-4858-8471-365f7b7165c0,Restaurant 1182,Philadelphia,OH,Mexican,3,Average,2023-12-01,Saturday,1,1.0,0.0,1.0,1.0,11.0,11.0,12.27,12.27,2.18,True
c6bf9ce0-3d64-484e-9c92-b49072ada568,Restaurant 1183,Philadelphia,OH,Pizza,3,Average,2024-12-01,Tuesday,1,0.0,1.0,0.0,,,,25.15,25.15,4.46,True
5da33e90-6f8f-490a-8d8d-ad4839be2835,Restaurant 1197,Philadelphia,OH,Pizza,3,Average,2023-03-01,Friday,1,1.0,0.0,1.0,1.0,30.0,30.0,8.0,8.0,1.49,True
6a0ce821-443b-4d56-aae0-e37652cc0867,Restaurant 1198,Philadelphia,OH,Mexican,3,Average,2024-07-01,Thursday,1,1.0,0.0,1.0,1.0,39.0,39.0,34.81,34.81,6.71,True
bc7c8cc1-16c8-4107-8592-9a3febdf041b,Restaurant 1202,Philadelphia,OH,Pizza,4,Strong,2024-04-01,Monday,1,1.0,0.0,1.0,0.0,40.0,40.0,42.08,42.08,4.91,True
8bb457e7-6024-41ef-9dfb-5d2250001642,Restaurant 1216,Philadelphia,OH,Sushi,4,Strong,2024-05-01,Friday,1,1.0,0.0,1.0,1.0,20.0,20.0,20.25,20.25,6.89,True
4dbf4b9f-65b1-4f02-bbeb-54b44380df2c,Restaurant 1254,Philadelphia,OH,Coffee & Tea,4,Strong,2022-09-01,Thursday,1,1.0,0.0,1.0,1.0,10.0,10.0,42.57,42.57,2.06,True
b6d68f2a-53c2-43ac-b6a5-0e180d39c447,Restaurant 1265,Philadelphia,OH,Sushi,4,Strong,2022-08-01,Sunday,1,1.0,0.0,1.0,1.0,13.0,13.0,41.48,41.48,4.69,True
5004a095-c3c5-4b0f-bfe6-820a44f2ec23,Restaurant 1281,Philadelphia,OH,Italian,4,Strong,2023-05-01,Tuesday,1,1.0,0.0,1.0,0.0,71.0,71.0,45.32,45.32,5.75,True
de2c4569-ce76-4df1-9bd9-964a391eb4ed,Restaurant 1313,Philadelphia,OH,Thai,4,Strong,2023-03-01,Saturday,1,1.0,0.0,1.0,1.0,34.0,34.0,27.81,27.81,1.03,True
384bf0ef-e72d-42c4-aa91-a893fffbc5c3,Restaurant 1326,Philadelphia,OH,Coffee & Tea,4,Strong,2022-06-01,Tuesday,1,1.0,0.0,1.0,0.0,59.0,59.0,8.0,8.0,1.78,True
a7570bde-0e27-4006-a634-167889f3f26a,Restaurant 1334,Philadelphia,OH,Coffee & Tea,4,Strong,2022-05-01,Tuesday,1,1.0,0.0,1.0,1.0,36.0,36.0,33.58,33.58,7.81,True
2d2986c8-68ca-402f-9b94-9af660bab7fe,Restaurant 1339,Philadelphia,OH,American (New),4,Strong,2022-10-01,Sunday,1,1.0,0.0,1.0,1.0,37.0,37.0,10.48,10.48,1.85,True
73d446f4-68e5-41cd-a40d-35c9d77e55a4,Restaurant 1349,Philadelphia,OH,Italian,4,Strong,2022-12-01,Wednesday,1,1.0,0.0,1.0,1.0,39.0,39.0,8.0,8.0,1.78,True
508a35ea-0eec-49bf-b7fb-edad8d657a19,Restaurant 1403,Philadelphia,OH,Burgers,4,Strong,2022-09-01,Friday,1,1.0,0.0,1.0,0.0,45.0,45.0,34.83,34.83,6.09,True
6b4608d5-3dcb-4ea8-bafa-31268435c79a,Restaurant 1414,Philadelphia,OH,Sushi,4,Strong,2022-04-01,Thursday,1,1.0,0.0,1.0,1.0,44.0,44.0,36.38,36.38,4.52,True
bd5ea23d-80cc-4497-98bf-581030b1e403,Restaurant 1427,Philadelphia,OH,Mexican,4,Strong,2022-01-01,Friday,1,1.0,0.0,1.0,1.0,23.0,23.0,20.68,20.68,4.11,True
fd668d0b-77a8-4b2b-9d6c-e5e70fd61cdf,Restaurant 1436,Philadelphia,OH,Coffee & Tea,4,Strong,2022-05-01,Saturday,1,1.0,0.0,1.0,1.0,38.0,38.0,21.92,21.92,5.44,True
7ed00303-65f7-4822-8bb3-ea20a7c9f7c2,Restaurant 1438,Philadelphia,OH,Burgers,4,Strong,2023-05-01,Tuesday,1,1.0,0.0,1.0,0.0,48.0,48.0,36.69,36.69,1.76,True
ee7af6e3-99b5-42ae-a16f-f7eaac67f3a8,Restaurant 1449,Philadelphia,OH,Pizza,4,Strong,2024-06-01,Wednesday,1,1.0,0.0,1.0,1.0,42.0,42.0,42.56,42.56,4.22,True
3f820d2f-139b-4869-a2d9-a07bed469698,Restaurant 1459,Philadelphia,OH,Mexican,4,Strong,2024-08-01,Saturday,1,1.0,0.0,1.0,0.0,50.0,50.0,32.44,32.44,4.29,True
1966d2de-9828-4fa0-ab2a-b0a1c12e7b14,Restaurant 1470,Philadelphia,OH,Coffee & Tea,4,Strong,2024-01-01,Tuesday,1,1.0,0.0,1.0,1.0,37.0,37.0,25.21,25.21,2.63,True
af893091-5cfa-454b-a7c1-d6e6439b3a07,Restaurant 1489,Philadelphia,OH,Mexican,4,Strong,2023-05-01,Wednesday,1,1.0,0.0,1.0,1.0,10.0,10.0,54.22,54.22,7.31,True
4b55122b-920d-46f2-91c8-d1e3c3dff7e8,Restaurant 1494,Philadelphia,OH,Chinese,4,Strong,2023-06-01,Thursday,1,1.0,0.0,1.0,1.0,38.0,38.0,33.44,33.44,7.72,True
7aad008b-5af5-402c-b9ec-9fa9921594f7,Restaurant 1509,Philadelphia,OH,Chinese,4,Strong,2022-11-01,Sunday,1,1.0,0.0,1.0,1.0,22.0,22.0,27.64,27.64,6.49,True
aca289dd-77d7-4c9d-ae4c-504251e977e0,Restaurant 1524,Philadelphia,OH,Seafood,4,Strong,2024-12-01,Tuesday,1,1.0,0.0,1.0,0.0,50.0,50.0,23.84,23.84,3.78,True
dd040f98-b84c-4f0b-95e2-c9524e434d3b,Restaurant 1525,Philadelphia,OH,Sushi,4,Strong,2022-09-01,Tuesday,1,1.0,0.0,1.0,1.0,10.0,10.0,61.6,61.6,6.33,True
a45652d2-24d4-40c0-9fb6-da9d49de2535,Restaurant 1547,Philadelphia,OH,Seafood,4,Strong,2022-07-01,Saturday,1,1.0,0.0,1.0,1.0,30.0,30.0,37.55,37.55,3.58,True
33c0c09f-62a2-4086-9a91-f440e3098cca,Restaurant 1548,Philadelphia,OH,Chinese,4,Strong,2022-12-01,Sunday,1,1.0,0.0,1.0,1.0,10.0,10.0,29.16,29.16,7.38,True
e9125c0f-6d8e-4113-ba4e-35c74a743633,Restaurant 1583,Philadelphia,OH,Pizza,4,Strong,2024-01-01,Wednesday,1,1.0,0.0,1.0,1.0,16.0,16.0,11.19,11.19,5.78,True
972ebcaa-5c70-4b26-abd1-322b9da293e6,Restaurant 1601,Philadelphia,OH,Coffee & Tea,5,Elite,2022-02-01,Thursday,1,1.0,0.0,1.0,0.0,43.0,43.0,22.97,22.97,2.26,True
cf5d9720-d77f-4f2e-b1b2-940fbb7fa1bd,Restaurant 1609,Philadelphia,OH,Coffee & Tea,5,Elite,2022-11-01,Sunday,1,1.0,0.0,1.0,0.0,35.0,35.0,8.0,8.0,2.88,True
f89fa075-8584-4edf-b341-3b4c643e3476,Restaurant 1648,Philadelphia,OH,Sushi,5,Elite,2023-12-01,Thursday,1,1.0,0.0,1.0,1.0,35.0,35.0,23.52,23.52,6.45,True
f8d99549-8d72-4082-983a-1f2818150e72,Restaurant 1651,Philadelphia,OH,Pizza,5,Elite,2023-03-01,Saturday,1,1.0,0.0,1.0,1.0,35.0,35.0,8.0,8.0,2.78,True
3b3c9b90-0ddd-4927-8e1f-c833acdbb514,Restaurant 1655,Philadelphia,OH,Mexican,5,Elite,2022-08-01,Monday,1,1.0,0.0,1.0,1.0,27.0,27.0,53.42,53.42,6.85,True
9f5a8632-4d88-4041-bb05-0b90e06c8c98,Restaurant 1681,Philadelphia,OH,Chinese,5,Elite,2022-02-01,Tuesday,1,0.0,1.0,0.0,,,,27.99,27.99,2.05,True
6e130b69-ef43-48cc-b82e-2826fd9fef9a,Restaurant 1690,Philadelphia,OH,Coffee & Tea,5,Elite,2023-09-01,Tuesday,1,1.0,0.0,1.0,1.0,34.0,34.0,25.83,25.83,6.88,True
60007bf6-ac09-4646-a21e-c3986465cdb9,Restaurant 1706,Philadelphia,OH,Chinese,5,Elite,2024-10-01,Tuesday,1,1.0,0.0,1.0,1.0,10.0,10.0,57.03,57.03,6.57,True
6e7fa0cf-0278-43d8-ae57-9325be81c9eb,Restaurant 1718,Philadelphia,OH,Sushi,5,Elite,2022-12-01,Sunday,1,1.0,0.0,1.0,1.0,37.0,37.0,12.2,12.2,2.16,True
0ae8cdd2-0286-42fe-8594-c92586ed2c02,Restaurant 1743,Philadelphia,OH,Italian,5,Elite,2023-05-01,Wednesday,1,1.0,0.0,1.0,1.0,10.0,10.0,8.0,8.0,1.34,True
9df4dd8f-48d4-450c-9098-69d9e684ca28,Restaurant 1744,Philadelphia,OH,Seafood,5,Elite,2023-04-01,Friday,1,1.0,0.0,1.0,1.0,15.0,15.0,44.85,44.85,2.5,True
36511ffd-bb68-4b99-91be-d0300986f517,Restaurant 1754,Philadelphia,OH,Burgers,5,Elite,2022-08-01,Wednesday,1,1.0,0.0,1.0,0.0,42.0,42.0,59.69,59.69,4.97,True
1b140f4b-36b0-4da2-95fc-a341cbc7bf11,Restaurant 1757,Philadelphia,OH,Thai,5,Elite,2024-01-01,Sunday,1,1.0,0.0,1.0,1.0,26.0,26.0,25.11,25.11,4.03,True
1c31c32d-80c1-410c-a3bf-190d0c851ecd,Restaurant 1761,Philadelphia,OH,Pizza,5,Elite,2024-06-01,Friday,1,1.0,0.0,1.0,1.0,23.0,23.0,50.13,50.13,1.2,True
0f04faf4-392e-452d-b9ce-ec184e8cf520,Restaurant 1774,Philadelphia,OH,Italian,5,Elite,2024-02-01,Friday,1,1.0,0.0,1.0,0.0,44.0,44.0,27.92,27.92,1.33,True
f596883b-faf0-418c-812d-89fa7f03a979,Restaurant 1778,Philadelphia,OH,Mexican,5,Elite,2024-11-01,Sunday,1,1.0,0.0,1.0,1.0,42.0,42.0,47.92,47.92,3.28,True
5d398ccd-65c5-41fd-be43-75cff44cc60c,Restaurant 1792,Philadelphia,OH,Sushi,5,Elite,2022-03-01,Monday,1,1.0,0.0,1.0,1.0,42.0,42.0,51.1,51.1,7.24,True
62bedf81-0241-465c-9ca8-c7f7a1daa4fc,Restaurant 1801,Philadelphia,OH,Mexican,5,Elite,2024-07-01,Sunday,1,1.0,0.0,1.0,1.0,27.0,27.0,33.01,33.01,1.87,True
00739be5-dea4-456e-bc21-eb5f1750ede5,Restaurant 1806,Philadelphia,OH,Sushi,5,Elite,2024-07-01,Wednesday,1,1.0,0.0,1.0,1.0,34.0,34.0,8.0,8.0,2.7,True
4f5cc927-93b0-4243-b15a-eaa0348879b2,Restaurant 1817,Philadelphia,OH,Burgers,5,Elite,2024-10-01,Wednesday,1,1.0,0.0,1.0,0.0,49.0,49.0,38.59,38.59,6.79,True
b0208c23-6bb2-4f10-89bd-a40a8ca59d8f,Restaurant 1820,Philadelphia,OH,Mexican,5,Elite,2022-06-01,Tuesday,1,1.0,0.0,1.0,1.0,35.0,35.0,45.39,45.39,4.53,True
9b3a55a1-63c6-4834-8600-c347beb4e796,Restaurant 1822,Philadelphia,OH,Mexican,5,Elite,2024-06-01,Monday,1,1.0,0.0,1.0,1.0,38.0,38.0,17.07,17.07,7.04,True
7fcf8176-aea3-4776-adee-69b64556a1c9,Restaurant 1828,Philadelphia,OH,Chinese,5,Elite,2023-12-01,Monday,1,1.0,0.0,1.0,1.0,24.0,24.0,33.73,33.73,5.82,True
e1a263b5-5bb8-442b-9a1c-5b65094dc2d2,Restaurant 1833,Philadelphia,OH,Coffee & Tea,5,Elite,2023-12-01,Sunday,1,1.0,0.0,1.0,1.0,24.0,24.0,23.37,23.37,6.52,True
5fb4184a-f204-4ed7-952f-e1705bc34999,Restaurant 1835,Philadelphia,OH,Pizza,5,Elite,2022-05-01,Friday,1,1.0,0.0,1.0,0.0,46.0,46.0,23.74,23.74,5.87,True
ea05cafe-8dae-47ac-aef4-e1ac966bd56b,Restaurant 1865,Philadelphia,OH,Pizza,5,Elite,2024-01-01,Saturday,1,1.0,0.0,1.0,1.0,15.0,15.0,36.13,36.13,1.14,True
20fe51e7-264a-4a97-ad88-a3de5a83f085,Restaurant 1872,Philadelphia,OH,Burgers,5,Elite,2024-03-01,Sunday,1,1.0,0.0,1.0,1.0,12.0,12.0,28.33,28.33,6.59,True
8c040945-0167-4512-8953-ec9ffda21a28,Restaurant 1881,Philadelphia,OH,Burgers,5,Elite,2022-02-01,Saturday,1,1.0,0.0,1.0,0.0,42.0,42.0,39.34,39.34,3.41,True
94c8c57b-85b1-461d-9f3b-f9f7394d3f01,Restaurant 1885,Philadelphia,OH,Thai,5,Elite,2022-12-01,Sunday,1,1.0,0.0,1.0,1.0,45.0,45.0,11.71,11.71,5.02,True
04505466-972b-4b61-8a86-210ff30780ea,Restaurant 1891,Philadelphia,OH,Sushi,5,Elite,2022-02-01,Wednesday,1,1.0,0.0,1.0,0.0,55.0,55.0,64.21,64.21,6.06,True
9cc8add9-ff58-4679-85c2-22952f6415c3,Restaurant 1893,Philadelphia,OH,Coffee & Tea,5,Elite,2024-04-01,Monday,1,1.0,0.0,1.0,1.0,25.0,25.0,41.55,41.55,5.88,True
44134217-4d9a-4a8d-983c-83b996a6889a,Restaurant 1895,Philadelphia,OH,Burgers,5,Elite,2024-04-01,Sunday,1,1.0,0.0,1.0,0.0,49.0,49.0,30.63,30.63,3.27,True
87c0b411-61a9-4921-ace6-94942ade1247,Restaurant 1902,Philadelphia,OH,Thai,5,Elite,2023-08-01,Monday,1,1.0,0.0,1.0,1.0,17.0,17.0,34.58,34.58,3.93,True
ca29c0aa-a384-421d-9bb9-dd5ed6e8d119,Restaurant 1912,Philadelphia,OH,Seafood,5,Elite,2022-09-01,Tuesday,1,1.0,0.0,1.0,1.0,31.0,31.0,10.72,10.72,5.52,True
0be9c604-0c7c-4609-b283-a637cfc9a60c,Restaurant 1929,Philadelphia,OH,Italian,5,Elite,2024-02-01,Wednesday,1,1.0,0.0,1.0,1.0,10.0,10.0,8.0,8.0,3.02,True
d408e080-06dc-4b14-b0ae-76b07c534583,Restaurant 1965,Philadelphia,OH,Seafood,5,Elite,2023-09-01,Friday,1,1.0,0.0,1.0,1.0,27.0,27.0,42.56,42.56,6.6,True
e731b143-8488-4edf-90fc-d364640b45c7,Restaurant 1974,Philadelphia,OH,American (New),5,Elite,2024-01-01,Friday,1,1.0,0.0,1.0,1.0,37.0,37.0,10.85,10.85,5.11,True
2aa154f1-313e-40bc-a2ec-cfda546db534,Restaurant 1983,Philadelphia,OH,American (New),5,Elite,2024-10-01,Friday,1,1.0,0.0,1.0,0.0,45.0,45.0,32.66,32.66,1.14,True
2bd1c419-623d-4538-a0b6-8dd2eeee934b,Restaurant 1984,Philadelphia,OH,Coffee & Tea,5,Elite,2022-07-01,Thursday,1,1.0,0.0,1.0,1.0,30.0,30.0,12.12,12.12,6.55,True
4b782209-9c16-478c-a37a-049d2e528cd1,Restaurant 5,Philadelphia,FL,Mexican,1,Low,2024-12-01,Tuesday,1,1.0,0.0,1.0,1.0,38.0,38.0,35.39,35.39,7.98,True
d46bbae2-8cd7-41d3-8bb0-e0d8b59a42e2,Restaurant 15,Philadelphia,FL,Seafood,1,Low,2023-06-01,Thursday,1,1.0,0.0,1.0,1.0,30.0,30.0,35.53,35.53,4.37,True
aff2a139-3654-4967-8aab-24cf791bdd24,Restaurant 28,Philadelphia,FL,Pizza,1,Low,2022-08-01,Friday,1,1.0,0.0,1.0,1.0,40.0,40.0,19.63,19.63,2.02,True
85fbfadb-f753-46f4-9d64-14dcf96bbb65,Restaurant 35,Philadelphia,FL,Sushi,1,Low,2024-03-01,Sunday,1,1.0,0.0,1.0,1.0,34.0,34.0,37.95,37.95,6.92,True
c97938a0-c6c2-4526-863f-5708c0e5b5db,Restaurant 36,Philadelphia,FL,Seafood,1,Low,2022-02-01,Tuesday,1,1.0,0.0,1.0,0.0,47.0,47.0,35.94,35.94,7.65,True
31b5190f-45b2-4e06-bed3-a05a02397769,Restaurant 62,Philadelphia,FL,Thai,1,Low,2023-08-01,Tuesday,1,1.0,0.0,1.0,1.0,24.0,24.0,8.18,8.18,3.57,True
e9a3df21-8011-497d-923f-1cbdedc634b4,Restaurant 78,Philadelphia,FL,Mexican,1,Low,2023-01-01,Thursday,1,1.0,0.0,1.0,0.0,67.0,67.0,49.3,49.3,1.78,True
3e5d7b45-b4f6-4f80-8176-d54317a12259,Restaurant 85,Philadelphia,FL,Mexican,1,Low,2022-01-01,Sunday,1,1.0,0.0,1.0,1.0,15.0,15.0,26.24,26.24,6.21,True
48a3bf8c-fe92-4af6-b662-f239412abc6e,Restaurant 102,Philadelphia,FL,Chinese,1,Low,2024-04-01,Saturday,1,1.0,0.0,1.0,0.0,45.0,45.0,45.85,45.85,1.73,True
426965f4-56dc-4ccc-ba66-0d84aff3671f,Restaurant 112,Philadelphia,FL,Sushi,1,Low,2024-12-01,Sunday,1,1.0,0.0,1.0,1.0,37.0,37.0,40.45,40.45,5.38,True
37628110-53d8-4bc8-a9d6-91fdfbdab9b3,Restaurant 121,Philadelphia,FL,Coffee & Tea,1,Low,2022-04-01,Friday,1,1.0,0.0,1.0,1.0,16.0,16.0,46.05,46.05,7.1,True
b41f1f3d-86c1-4582-b300-6f2e629c1d68,Restaurant 131,Philadelphia,FL,Coffee & Tea,1,Low,2024-08-01,Wednesday,1,1.0,0.0,1.0,1.0,37.0,37.0,57.38,57.38,7.51,True
c68c5373-ace0-4248-9b6c-d11f9a728a46,Restaurant 135,Philadelphia,FL,Burgers,1,Low,2024-01-01,Tuesday,1,1.0,0.0,1.0,1.0,13.0,13.0,23.73,23.73,1.68,True
a89041ac-d1d7-458f-b7c4-34e91ba40518,Restaurant 137,Philadelphia,FL,Sushi,1,Low,2023-04-01,Monday,1,1.0,0.0,1.0,1.0,15.0,15.0,49.96,49.96,5.05,True
871141a2-08ec-4c5b-b97a-403c484aa3a0,Restaurant 148,Philadelphia,FL,Pizza,1,Low,2023-06-01,Wednesday,1,1.0,0.0,1.0,1.0,14.0,14.0,31.8,31.8,1.4,True
b1d937af-7773-4429-88e7-a72d04dc1b8e,Restaurant 186,Philadelphia,FL,Chinese,1,Low,2023-11-01,Wednesday,1,1.0,0.0,1.0,0.0,40.0,40.0,14.22,14.22,1.16,True
32963aaa-f3d9-478b-a170-8f13fe73a2ba,Restaurant 195,Philadelphia,FL,Sushi,1,Low,2024-01-01,Sunday,1,1.0,0.0,1.0,0.0,53.0,53.0,19.88,19.88,3.35,True
470fe510-c7ec-4191-b70d-77bbcc89260f,Restaurant 211,Philadelphia,FL,Sushi,1,Low,2023-01-01,Monday,1,1.0,0.0,1.0,1.0,10.0,10.0,16.92,16.92,5.96,True
8870180c-8fb4-4e16-a709-fc8fc66341b0,Restaurant 225,Philadelphia,FL,Coffee & Tea,1,Low,2022-04-01,Friday,1,1.0,0.0,1.0,1.0,23.0,23.0,47.36,47.36,5.33,True
caee2cf1-dc31-4f24-995e-e658c409237e,Restaurant 238,Philadelphia,FL,Italian,1,Low,2022-04-01,Wednesday,1,1.0,0.0,1.0,1.0,43.0,43.0,45.7,45.7,7.19,True
9e77426a-f99d-4e5a-a3fa-8b6fc17ba243,Restaurant 245,Philadelphia,FL,Pizza,1,Low,2023-07-01,Saturday,1,1.0,0.0,1.0,0.0,38.0,38.0,26.38,26.38,3.41,True
a88afc7e-0cac-457d-be98-bdb5474e37a9,Restaurant 261,Philadelphia,FL,Seafood,1,Low,2022-06-01,Sunday,1,1.0,0.0,1.0,1.0,30.0,30.0,54.86,54.86,3.45,True
edb795f2-99fa-41ec-ae8c-f7e5c26f025a,Restaurant 280,Philadelphia,FL,Seafood,1,Low,2023-10-01,Friday,1,1.0,0.0,1.0,1.0,23.0,23.0,23.34,23.34,1.29,True
5bb9c93a-9812-4406-b344-50656fe14af5,Restaurant 287,Philadelphia,FL,Coffee & Tea,1,Low,2024-07-01,Thursday,1,1.0,0.0,1.0,1.0,40.0,40.0,37.02,37.02,6.58,True
3b71d12e-8a83-4316-bb97-de36877b4f00,Restaurant 297,Philadelphia,FL,Burgers,1,Low,2023-03-01,Wednesday,1,1.0,0.0,1.0,1.0,14.0,14.0,20.19,20.19,2.66,True
0c48462c-2d39-415b-872f-ab8c637b5739,Restaurant 313,Philadelphia,FL,Burgers,1,Low,2023-03-01,Wednesday,1,1.0,0.0,1.0,1.0,29.0,29.0,33.06,33.06,7.73,True
0df0a013-135b-442b-9e5e-35d2db23196b,Restaurant 317,Philadelphia,FL,Pizza,1,Low,2023-04-01,Saturday,1,1.0,0.0,1.0,1.0,22.0,22.0,33.46,33.46,4.97,True
4b31eab3-2264-4fcf-8bff-491518216981,Restaurant 319,Philadelphia,FL,Chinese,1,Low,2022-11-01,Monday,1,1.0,0.0,1.0,1.0,10.0,10.0,22.5,22.5,1.57,True
54d322c7-569a-4273-839b-4e1d6a4085bd,Restaurant 324,Philadelphia,FL,Sushi,1,Low,2022-07-01,Sunday,1,1.0,0.0,1.0,0.0,40.0,40.0,21.4,21.4,4.23,True
5f7bb3d6-030c-4b86-8d36-01e51dbd226d,Restaurant 337,Philadelphia,FL,Burgers,1,Low,2022-09-01,Monday,1,1.0,0.0,1.0,1.0,36.0,36.0,15.78,15.78,1.7,True
16b27334-25fd-4172-ab5c-8744141dc4e5,Restaurant 347,Philadelphia,FL,Seafood,1,Low,2024-01-01,Friday,1,1.0,0.0,1.0,0.0,69.0,69.0,33.41,33.41,4.66,True
b8436708-7752-4b82-a942-fedc2b1f7e88,Restaurant 353,Philadelphia,FL,Italian,1,Low,2023-01-01,Thursday,1,1.0,0.0,1.0,1.0,21.0,21.0,46.25,46.25,5.43,True
d49aff6c-5352-4ffd-8a3e-99b3fd95fe19,Restaurant 363,Philadelphia,FL,Burgers,1,Low,2023-07-01,Friday,1,1.0,0.0,1.0,1.0,27.0,27.0,19.07,19.07,1.59,True
a48fcbad-54a5-4401-8da6-b971eceacf01,Restaurant 370,Philadelphia,FL,Pizza,1,Low,2022-06-01,Thursday,1,1.0,0.0,1.0,1.0,29.0,29.0,25.26,25.26,3.2,True
c7df6bcc-3ca0-4018-a526-e6b811b36fe5,Restaurant 387,Philadelphia,FL,Thai,1,Low,2024-06-01,Thursday,1,1.0,0.0,1.0,0.0,32.0,32.0,8.0,8.0,5.22,True
5107cead-4e26-4481-9b12-ab6082d54ef5,Restaurant 410,Philadelphia,FL,American (New),2,Below Average,2023-02-01,Sunday,1,1.0,0.0,1.0,0.0,42.0,42.0,27.1,27.1,5.91,True
29cfa68f-6c67-4124-bb7a-bc09beb52b88,Restaurant 423,Philadelphia,FL,Burgers,2,Below Average,2024-09-01,Wednesday,1,0.0,1.0,0.0,,,,15.84,15.84,3.76,True
67652639-884c-479b-88cb-f9c3448a7104,Restaurant 430,Philadelphia,FL,Mexican,2,Below Average,2023-10-01,Thursday,1,1.0,0.0,1.0,0.0,50.0,50.0,62.64,62.64,1.57,True
6e93963b-12b4-4856-a6a4-15e444bdf9e9,Restaurant 452,Philadelphia,FL,Burgers,2,Below Average,2022-11-01,Monday,1,1.0,0.0,1.0,1.0,17.0,17.0,8.0,8.0,2.07,True
c311f7e2-be57-4b8e-88df-ba66eb724714,Restaurant 457,Philadelphia,FL,Chinese,2,Below Average,2022-05-01,Tuesday,1,1.0,0.0,1.0,1.0,24.0,24.0,20.01,20.01,6.99,True
08f054c8-b6cf-466e-bc33-54edc39ed3aa,Restaurant 470,Philadelphia,FL,Sushi,2,Below Average,2023-08-01,Monday,1,1.0,0.0,1.0,0.0,57.0,57.0,38.53,38.53,4.15,True
0ea0a782-67ec-4af6-919e-3cd79a0b6ae6,Restaurant 473,Philadelphia,FL,Burgers,2,Below Average,2024-11-01,Saturday,1,1.0,0.0,1.0,1.0,28.0,28.0,21.52,21.52,4.76,True
48a42d3b-cbd2-439a-b8d5-153559390b2a,Restaurant 486,Philadelphia,FL,Seafood,2,Below Average,2023-07-01,Saturday,1,1.0,0.0,1.0,0.0,56.0,56.0,52.16,52.16,3.5,True
7eb2e875-6d50-4434-9df4-987192764d00,Restaurant 553,Philadelphia,FL,Coffee & Tea,2,Below Average,2022-12-01,Tuesday,1,1.0,0.0,1.0,1.0,22.0,22.0,38.22,38.22,5.79,True
b99421b7-97ac-453a-9202-d5a6b958bc06,Restaurant 561,Philadelphia,FL,Burgers,2,Below Average,2023-03-01,Monday,1,1.0,0.0,1.0,0.0,41.0,41.0,47.22,47.22,5.89,True
b82f826d-671d-4b56-b408-334f48d5a906,Restaurant 587,Philadelphia,FL,Thai,2,Below Average,2024-10-01,Wednesday,1,1.0,0.0,1.0,1.0,42.0,42.0,25.46,25.46,5.92,True
a6c9deb2-096e-4d4b-a0ea-a3bdb724ad19,Restaurant 596,Philadelphia,FL,American (New),2,Below Average,2022-04-01,Thursday,1,1.0,0.0,1.0,1.0,42.0,42.0,18.55,18.55,3.91,True
882cf720-a755-4c50-89e4-94debbf8c49e,Restaurant 597,Philadelphia,FL,Seafood,2,Below Average,2023-01-01,Friday,1,1.0,0.0,1.0,1.0,21.0,21.0,32.81,32.81,5.0,True
e1ec6aee-4e99-48c9-987d-4254f9d49021,Restaurant 635,Philadelphia,FL,Burgers,2,Below Average,2022-04-01,Sunday,1,1.0,0.0,1.0,1.0,33.0,33.0,39.33,39.33,3.2,True
df059262-01c0-434e-aaee-5ca1f3925473,Restaurant 649,Philadelphia,FL,Italian,2,Below Average,2024-04-01,Saturday,1,1.0,0.0,1.0,1.0,39.0,39.0,42.7,42.7,6.49,True
451c899b-e4ff-4230-9b59-530cbc863dcf,Restaurant 675,Philadelphia,FL,Pizza,2,Below Average,2023-06-01,Sunday,1,1.0,0.0,1.0,0.0,48.0,48.0,18.01,18.01,5.43,True
cb7017d1-cb27-4e03-be39-d64479094a13,Restaurant 683,Philadelphia,FL,Chinese,2,Below Average,2024-06-01,Saturday,1,0.0,1.0,0.0,,,,35.81,35.81,3.65,True
153c719e-0fc7-45b4-b0ef-33049a5574d8,Restaurant 722,Philadelphia,FL,Sushi,2,Below Average,2024-04-01,Tuesday,1,1.0,0.0,1.0,1.0,30.0,30.0,19.9,19.9,2.07,True
89683983-57fe-4ad7-9984-d0a8555ae1dc,Restaurant 730,Philadelphia,FL,American (New),2,Below Average,2023-10-01,Friday,1,1.0,0.0,1.0,1.0,59.0,59.0,34.21,34.21,1.55,True
3e086e0f-8678-4ed5-bd82-ae0fbad00dc7,Restaurant 737,Philadelphia,FL,Burgers,2,Below Average,2022-02-01,Tuesday,1,1.0,0.0,1.0,1.0,23.0,23.0,58.62,58.62,2.18,True
8fbd8b12-c1f1-4dc4-a5c6-76b6b54e0f02,Restaurant 758,Philadelphia,FL,Seafood,2,Below Average,2022-12-01,Thursday,1,1.0,0.0,1.0,1.0,33.0,33.0,8.0,8.0,4.8,True
6a255229-2c22-4b92-99d5-8689a34de3e7,Restaurant 759,Philadelphia,FL,Italian,2,Below Average,2023-10-01,Thursday,1,1.0,0.0,1.0,0.0,57.0,57.0,34.03,34.03,7.34,True
ba635572-003c-4c78-8e49-b10d37d3cb89,Restaurant 772,Philadelphia,FL,Sushi,2,Below Average,2023-06-01,Monday,1,1.0,0.0,1.0,0.0,55.0,55.0,27.03,27.03,7.16,True
a602153a-1696-4c45-9792-1a1e5ac582f0,Restaurant 786,Philadelphia,FL,Pizza,2,Below Average,2023-04-01,Saturday,1,1.0,0.0,1.0,1.0,19.0,19.0,65.17,65.17,7.26,True
f4b54708-3355-473d-9155-a4c44884c383,Restaurant 793,Philadelphia,FL,Thai,2,Below Average,2024-04-01,Friday,1,1.0,0.0,1.0,1.0,26.0,26.0,21.89,21.89,4.98,True
549c38b2-ee9d-470a-91c1-10e68036f457,Restaurant 807,Philadelphia,FL,Pizza,3,Average,2023-04-01,Thursday,1,1.0,0.0,1.0,1.0,14.0,14.0,21.03,21.03,1.57,True
f887440b-e860-48ef-8d6b-a8c8282c987a,Restaurant 813,Philadelphia,FL,Pizza,3,Average,2024-11-01,Saturday,1,1.0,0.0,1.0,0.0,38.0,38.0,29.48,29.48,3.23,True
764fe58e-7af2-445f-b3be-68a8d8c39bcb,Restaurant 834,Philadelphia,FL,Burgers,3,Average,2022-05-01,Sunday,1,1.0,0.0,1.0,1.0,41.0,41.0,8.0,8.0,7.96,True
e454eb97-b31b-4f23-9ebd-05ac8cb94671,Restaurant 843,Philadelphia,FL,Sushi,3,Average,2022-11-01,Thursday,1,1.0,0.0,1.0,1.0,30.0,30.0,8.0,8.0,5.94,True
8c699351-000e-49e1-88ad-735794c14f4d,Restaurant 846,Philadelphia,FL,Coffee & Tea,3,Average,2024-10-01,Wednesday,1,1.0,0.0,1.0,1.0,44.0,44.0,22.62,22.62,2.95,True
c579ff1e-293a-4223-95d5-88ace5c735ab,Restaurant 886,Philadelphia,FL,Sushi,3,Average,2022-05-01,Monday,1,1.0,0.0,1.0,1.0,31.0,31.0,8.0,8.0,5.25,True
2bb317e7-e091-4fe6-be2d-9fdb45841469,Restaurant 893,Philadelphia,FL,Pizza,3,Average,2022-03-01,Wednesday,1,1.0,0.0,1.0,0.0,59.0,59.0,18.77,18.77,2.2,True
d7a6ac5b-76e7-49a8-8b22-96ecc6d87db8,Restaurant 894,Philadelphia,FL,Sushi,3,Average,2023-07-01,Monday,1,1.0,0.0,1.0,0.0,37.0,37.0,37.67,37.67,6.85,True
a35b7abf-877c-47de-9fb8-4e4f6a5feb7c,Restaurant 908,Philadelphia,FL,Italian,3,Average,2024-02-01,Sunday,1,1.0,0.0,1.0,1.0,43.0,43.0,38.27,38.27,1.86,True
4a789bba-853f-45f5-9726-4e9ea0b6e79f,Restaurant 921,Philadelphia,FL,Sushi,3,Average,2024-07-01,Wednesday,1,1.0,0.0,1.0,1.0,10.0,10.0,14.2,14.2,6.12,True
e0fb9dda-b0fd-498c-9787-dfb038d347ec,Restaurant 937,Philadelphia,FL,Pizza,3,Average,2023-02-01,Friday,1,1.0,0.0,1.0,1.0,42.0,42.0,21.17,21.17,4.82,True
a1cbc2ea-701a-4784-9451-680b5e0c6c17,Restaurant 944,Philadelphia,FL,Thai,3,Average,2023-05-01,Saturday,1,1.0,0.0,1.0,1.0,45.0,45.0,29.79,29.79,1.18,True
39dbf42d-5be8-41ad-b8b7-768972c49056,Restaurant 999,Philadelphia,FL,Italian,3,Average,2022-09-01,Friday,1,1.0,0.0,1.0,0.0,28.0,28.0,31.53,31.53,3.79,True
3ef40cb0-c26a-48d6-8f9f-68c9749de4d9,Restaurant 1030,Philadelphia,FL,Thai,3,Average,2023-01-01,Wednesday,1,1.0,0.0,1.0,0.0,45.0,45.0,32.21,32.21,7.45,True
cdb01ba2-c25b-46e3-a648-5cb901536f9f,Restaurant 1034,Philadelphia,FL,Italian,3,Average,2023-05-01,Saturday,1,1.0,0.0,1.0,1.0,27.0,27.0,15.9,15.9,4.63,True
ea297aba-e0df-4f34-b9ca-66bc775e088d,Restaurant 1037,Philadelphia,FL,Chinese,3,Average,2024-01-01,Thursday,1,0.0,1.0,0.0,,,,8.0,8.0,7.54,True
c90e0001-dec8-4c3a-baf7-0a7824246891,Restaurant 1055,Philadelphia,FL,Burgers,3,Average,2022-02-01,Thursday,1,1.0,0.0,1.0,0.0,41.0,41.0,30.36,30.36,6.75,True
6c1e69b9-bebc-4c00-9051-fde5e0e1a429,Restaurant 1091,Philadelphia,FL,Coffee & Tea,3,Average,2022-11-01,Thursday,1,1.0,0.0,1.0,0.0,65.0,65.0,29.52,29.52,7.46,True
13215552-218d-449a-8f4e-2a9073b62b1b,Restaurant 1112,Philadelphia,FL,Sushi,3,Average,2022-07-01,Wednesday,1,1.0,0.0,1.0,1.0,33.0,33.0,35.35,35.35,5.77,True
34555eeb-5990-4e9d-a876-c79a0263a3e7,Restaurant 1122,Philadelphia,FL,Chinese,3,Average,2024-03-01,Wednesday,1,1.0,0.0,1.0,1.0,38.0,38.0,33.26,33.26,3.37,True
db2bd29f-69b0-4992-adaf-cd163319a3fd,Restaurant 1134,Philadelphia,FL,Seafood,3,Average,2024-09-01,Monday,1,1.0,0.0,1.0,1.0,16.0,16.0,16.07,16.07,6.02,True
4312c2ac-889b-41a0-819e-abcab6fe4b8e,Restaurant 1137,Philadelphia,FL,Italian,3,Average,2023-12-01,Thursday,1,1.0,0.0,1.0,0.0,38.0,38.0,13.39,13.39,7.92,True
047e4398-60d7-4fd8-aa6f-5b12eb7704a9,Restaurant 1140,Philadelphia,FL,Chinese,3,Average,2022-03-01,Tuesday,1,1.0,0.0,1.0,1.0,23.0,23.0,41.64,41.64,6.61,True
0111a2d0-836e-4645-af9e-cb95f968398a,Restaurant 1190,Philadelphia,FL,Burgers,3,Average,2024-04-01,Wednesday,1,1.0,0.0,1.0,0.0,61.0,61.0,26.0,26.0,6.26,True
9f517980-1a5d-47ef-bab6-b81307cd170a,Restaurant 1191,Philadelphia,FL,Chinese,3,Average,2022-04-01,Tuesday,1,1.0,0.0,1.0,1.0,27.0,27.0,11.9,11.9,6.13,True
90218675-5376-43e2-8431-b834fd1263af,Restaurant 1205,Philadelphia,FL,Thai,4,Strong,2022-05-01,Tuesday,1,1.0,0.0,1.0,1.0,10.0,10.0,9.8,9.8,2.64,True
9b3b98f1-ac7d-4c04-bc64-5bc1d8fda416,Restaurant 1219,Philadelphia,FL,Pizza,4,Strong,2023-01-01,Tuesday,1,1.0,0.0,1.0,1.0,32.0,32.0,23.35,23.35,1.24,True
f4a7fd62-81da-4d82-935b-1479d26d6b51,Restaurant 1250,Philadelphia,FL,Burgers,4,Strong,2023-06-01,Tuesday,1,1.0,0.0,1.0,0.0,43.0,43.0,18.27,18.27,3.72,True
7df9f445-e37b-4d08-bfe8-d24aa32e5cbc,Restaurant 1255,Philadelphia,FL,Seafood,4,Strong,2023-09-01,Wednesday,1,1.0,0.0,1.0,0.0,43.0,43.0,53.05,53.05,4.66,True
9b90b1a9-c571-443b-9d73-e81c1adf9bc4,Restaurant 1269,Philadelphia,FL,Pizza,4,Strong,2024-07-01,Wednesday,1,1.0,0.0,1.0,1.0,26.0,26.0,11.52,11.52,2.56,True
82310495-df35-4311-9a38-4b263b20a636,Restaurant 1280,Philadelphia,FL,Pizza,4,Strong,2023-06-01,Saturday,1,1.0,0.0,1.0,1.0,31.0,31.0,40.88,40.88,1.2,True
d3b4d713-fe6a-42d2-acd3-6c5f9e2898fb,Restaurant 1294,Philadelphia,FL,Mexican,4,Strong,2024-03-01,Wednesday,1,0.0,1.0,0.0,,,,8.0,8.0,4.6,True
18842fb1-e4d5-4217-a02d-aa648ecfe758,Restaurant 1319,Philadelphia,FL,Sushi,4,Strong,2022-12-01,Thursday,1,1.0,0.0,1.0,0.0,48.0,48.0,39.31,39.31,7.86,True
255cacbc-32c5-46fd-9212-94b42cc0f927,Restaurant 1324,Philadelphia,FL,Burgers,4,Strong,2024-11-01,Tuesday,1,1.0,0.0,1.0,0.0,49.0,49.0,66.58,66.58,3.88,True
ce4b693c-7d4a-4bf2-ac47-536b315e6430,Restaurant 1344,Philadelphia,FL,Burgers,4,Strong,2022-07-01,Monday,1,1.0,0.0,1.0,1.0,28.0,28.0,8.0,8.0,3.4,True
dd76ea3f-771c-4693-8ede-c59c1f02903a,Restaurant 1350,Philadelphia,FL,Mexican,4,Strong,2022-05-01,Thursday,1,1.0,0.0,1.0,1.0,32.0,32.0,34.31,34.31,2.14,True
6ad7ce01-4de8-47a6-82b0-f4a8fb6685d7,Restaurant 1361,Philadelphia,FL,Sushi,4,Strong,2023-09-01,Thursday,1,1.0,0.0,1.0,0.0,49.0,49.0,45.34,45.34,1.21,True
ee63b244-3380-4f3e-8863-a14b28f3db4e,Restaurant 1366,Philadelphia,FL,Coffee & Tea,4,Strong,2024-08-01,Wednesday,1,1.0,0.0,1.0,1.0,29.0,29.0,17.55,17.55,5.93,True
6d8e5a88-891a-4930-af83-e6a2bb5e3aae,Restaurant 1367,Philadelphia,FL,Thai,4,Strong,2023-01-01,Monday,1,1.0,0.0,1.0,1.0,28.0,28.0,42.18,42.18,2.2,True
4c53a8cf-a625-4c95-8616-b668b5fd747d,Restaurant 1379,Philadelphia,FL,Sushi,4,Strong,2023-01-01,Thursday,1,1.0,0.0,1.0,1.0,24.0,24.0,50.13,50.13,5.43,True
0beb9c08-4c03-41cf-adbe-3940b0f89ced,Restaurant 1402,Philadelphia,FL,Thai,4,Strong,2022-08-01,Wednesday,1,1.0,0.0,1.0,1.0,27.0,27.0,20.56,20.56,0.99,True
386bba64-0fef-41cf-87bd-8e04c882824d,Restaurant 1409,Philadelphia,FL,Thai,4,Strong,2022-09-01,Monday,1,0.0,1.0,0.0,,,,24.47,24.47,6.75,True
c706b769-e9ea-443d-8435-ab9f3d4eed5a,Restaurant 1418,Philadelphia,FL,Mexican,4,Strong,2024-02-01,Wednesday,1,0.0,1.0,0.0,,,,51.55,51.55,7.17,True
4593da83-60cd-428b-b83e-5863f670c3c7,Restaurant 1444,Philadelphia,FL,Coffee & Tea,4,Strong,2024-05-01,Wednesday,1,1.0,0.0,1.0,1.0,32.0,32.0,29.69,29.69,1.57,True
ff3f9228-bd89-4d6e-8f00-7793ecfc5f60,Restaurant 1447,Philadelphia,FL,Coffee & Tea,4,Strong,2023-08-01,Saturday,1,1.0,0.0,1.0,0.0,57.0,57.0,51.58,51.58,5.07,True
3cbde401-0a76-450b-ac8f-41d387a33ec6,Restaurant 1456,Philadelphia,FL,Italian,4,Strong,2024-01-01,Thursday,1,1.0,0.0,1.0,0.0,54.0,54.0,12.43,12.43,4.0,True
257e5264-e60d-4735-9b48-3de0a150af45,Restaurant 1463,Philadelphia,FL,Italian,4,Strong,2023-02-01,Wednesday,1,1.0,0.0,1.0,1.0,11.0,11.0,25.17,25.17,7.91,True
f3099ab7-eab0-4698-ad89-1282afd6b580,Restaurant 1469,Philadelphia,FL,Sushi,4,Strong,2024-11-01,Friday,1,1.0,0.0,1.0,1.0,40.0,40.0,25.22,25.22,1.32,True
1edc8afa-0d3f-4d62-a79a-ad57417bd64f,Restaurant 1492,Philadelphia,FL,American (New),4,Strong,2024-07-01,Wednesday,1,1.0,0.0,1.0,1.0,41.0,41.0,18.29,18.29,2.91,True
75ad097f-df27-48d0-999b-76a2a3d9a2c1,Restaurant 1498,Philadelphia,FL,Seafood,4,Strong,2022-11-01,Sunday,1,1.0,0.0,1.0,1.0,32.0,32.0,31.25,31.25,6.79,True
27df9f59-ff34-4400-86d8-a118ed563a65,Restaurant 1514,Philadelphia,FL,Thai,4,Strong,2023-01-01,Wednesday,1,1.0,0.0,1.0,1.0,22.0,22.0,29.96,29.96,5.08,True
0d517b9e-7b23-4590-a10d-57e102ae6bbd,Restaurant 1518,Philadelphia,FL,Italian,4,Strong,2023-09-01,Monday,1,1.0,0.0,1.0,1.0,40.0,40.0,12.09,12.09,7.17,True
829587aa-6cc3-43f8-8912-bcc759a62dac,Restaurant 1552,Philadelphia,FL,Thai,4,Strong,2023-08-01,Monday,1,1.0,0.0,1.0,1.0,20.0,20.0,27.68,27.68,6.34,True
0e4ad90d-aaa3-4cb2-b4f9-ef9e683e07ec,Restaurant 1576,Philadelphia,FL,Mexican,4,Strong,2024-11-01,Friday,1,1.0,0.0,1.0,1.0,20.0,20.0,31.76,31.76,6.32,True
a1d44269-970b-41b1-b744-3e296a8e9068,Restaurant 1610,Philadelphia,FL,Pizza,5,Elite,2022-12-01,Thursday,1,1.0,0.0,1.0,1.0,30.0,30.0,23.46,23.46,5.13,True
4aa0fdac-e877-45b0-9d1b-4f398716e381,Restaurant 1636,Philadelphia,FL,Pizza,5,Elite,2024-10-01,Thursday,1,1.0,0.0,1.0,0.0,53.0,53.0,51.06,51.06,1.22,True
bd4ddf74-8039-4890-ad6d-638b1ec808fc,Restaurant 1640,Philadelphia,FL,Coffee & Tea,5,Elite,2022-07-01,Friday,1,1.0,0.0,1.0,1.0,27.0,27.0,18.23,18.23,5.27,True
53bb4d12-4e57-460d-83e4-006ff977cdc2,Restaurant 1642,Philadelphia,FL,Chinese,5,Elite,2022-10-01,Friday,1,1.0,0.0,1.0,1.0,30.0,30.0,40.08,40.08,1.42,True
f4032f1b-36ed-4b36-88cc-bb7054d779b1,Restaurant 1657,Philadelphia,FL,Mexican,5,Elite,2024-04-01,Monday,1,1.0,0.0,1.0,1.0,38.0,38.0,24.9,24.9,7.16,True
6c1b14ae-3fbc-43eb-a0d7-9e12b5849c22,Restaurant 1667,Philadelphia,FL,Coffee & Tea,5,Elite,2023-08-01,Friday,1,1.0,0.0,1.0,1.0,23.0,23.0,16.72,16.72,6.4,True
2a22618f-75d0-4c90-b41b-3ad2148cdaa0,Restaurant 1682,Philadelphia,FL,Coffee & Tea,5,Elite,2022-04-01,Friday,1,1.0,0.0,1.0,0.0,37.0,37.0,40.15,40.15,5.17,True
ce9cdd1e-1f2e-4460-a1fd-81cb914b5145,Restaurant 1695,Philadelphia,FL,Chinese,5,Elite,2022-06-01,Thursday,1,1.0,0.0,1.0,1.0,21.0,21.0,41.3,41.3,7.8,True
331f735b-c7b3-4baf-9fbe-2d65340cc058,Restaurant 1712,Philadelphia,FL,Mexican,5,Elite,2022-12-01,Wednesday,1,1.0,0.0,1.0,0.0,52.0,52.0,45.79,45.79,4.67,True
05866ac1-635d-4636-8682-5b28b5aedc85,Restaurant 1730,Philadelphia,FL,Sushi,5,Elite,2022-08-01,Monday,1,1.0,0.0,1.0,0.0,37.0,37.0,12.69,12.69,2.31,True
d9890ea1-fe6c-4e8b-99e7-0d4da31c948a,Restaurant 1738,Philadelphia,FL,Thai,5,Elite,2023-02-01,Sunday,1,1.0,0.0,1.0,0.0,43.0,43.0,27.01,27.01,3.99,True
937b7d2f-92ca-488e-adbb-e206cf356f1a,Restaurant 1745,Philadelphia,FL,Pizza,5,Elite,2023-03-01,Thursday,1,1.0,0.0,1.0,1.0,28.0,28.0,19.04,19.04,5.96,True
7eb68238-8d3a-41cd-bf34-7ea52f78ba9f,Restaurant 1749,Philadelphia,FL,Seafood,5,Elite,2024-04-01,Thursday,1,1.0,0.0,1.0,0.0,34.0,34.0,16.95,16.95,6.58,True
16e7545f-2339-4e04-ba96-f94872584363,Restaurant 1751,Philadelphia,FL,Pizza,5,Elite,2024-07-01,Wednesday,1,1.0,0.0,1.0,0.0,49.0,49.0,25.86,25.86,2.25,True
ebb42deb-0250-485d-846a-f81180bfb977,Restaurant 1758,Philadelphia,FL,Sushi,5,Elite,2024-09-01,Thursday,1,1.0,0.0,1.0,1.0,44.0,44.0,21.37,21.37,5.39,True
fe2a4fb5-d947-46d0-8ad1-3337a6b03e9c,Restaurant 1762,Philadelphia,FL,Coffee & Tea,5,Elite,2024-10-01,Sunday,1,1.0,0.0,1.0,0.0,55.0,55.0,43.49,43.49,1.68,True
321c66f8-62f6-434b-b2f7-38b2961dc1a3,Restaurant 1785,Philadelphia,FL,Coffee & Tea,5,Elite,2024-11-01,Friday,1,1.0,0.0,1.0,0.0,51.0,51.0,35.99,35.99,7.74,True
cce69774-c5bb-4b19-b9f3-cf940572909f,Restaurant 1805,Philadelphia,FL,Thai,5,Elite,2024-06-01,Friday,1,1.0,0.0,1.0,0.0,40.0,40.0,31.5,31.5,6.66,True
4c34dbf0-0d16-429e-910b-9184e99eb21b,Restaurant 1829,Philadelphia,FL,Sushi,5,Elite,2024-04-01,Tuesday,1,1.0,0.0,1.0,1.0,31.0,31.0,10.23,10.23,3.42,True
4269178c-f980-47fc-98df-218c8e1f3eff,Restaurant 1860,Philadelphia,FL,American (New),5,Elite,2023-04-01,Wednesday,1,1.0,0.0,1.0,1.0,38.0,38.0,28.95,28.95,3.88,True
6e46022b-39d2-4802-8f37-7536d98e3cf7,Restaurant 1870,Philadelphia,FL,American (New),5,Elite,2023-10-01,Saturday,1,1.0,0.0,1.0,1.0,24.0,24.0,30.73,30.73,3.15,True
48912f94-667c-4dbc-a3b4-2a97aa167459,Restaurant 1887,Philadelphia,FL,Burgers,5,Elite,2024-02-01,Tuesday,1,1.0,0.0,1.0,1.0,27.0,27.0,39.3,39.3,1.96,True
c85587a1-9759-42b2-b91e-a8276768f4d6,Restaurant 1914,Philadelphia,FL,Mexican,5,Elite,2023-08-01,Sunday,1,1.0,0.0,1.0,1.0,38.0,38.0,41.2,41.2,3.01,True
793f5872-537f-4f46-b964-ffe94fb8e587,Restaurant 1920,Philadelphia,FL,Burgers,5,Elite,2022-06-01,Tuesday,1,1.0,0.0,1.0,1.0,16.0,16.0,20.49,20.49,1.77,True
9d11ebd1-c487-4786-b35c-fa54ba280537,Restaurant 1923,Philadelphia,FL,Thai,5,Elite,2023-05-01,Wednesday,1,1.0,0.0,1.0,1.0,33.0,33.0,22.96,22.96,1.3,True
97fafae4-9a85-42ce-a2c3-16a17ddb99a5,Restaurant 1946,Philadelphia,FL,Seafood,5,Elite,2024-09-01,Sunday,1,1.0,0.0,1.0,0.0,50.0,50.0,33.93,33.93,1.05,True
aa519685-21e4-41ae-a6d6-612cbf683b76,Restaurant 1989,Philadelphia,FL,Thai,5,Elite,2023-12-01,Saturday,1,1.0,0.0,1.0,1.0,42.0,42.0,31.43,31.43,6.86,True
f0ef8ee6-7277-4770-9b50-0ed3e101c630,Restaurant 1990,Philadelphia,FL,Seafood,5,Elite,2022-05-01,Wednesday,1,1.0,0.0,1.0,0.0,48.0,48.0,13.1,13.1,7.34,True
255db5b6-f856-4ad9-902a-b189c60e7ede,Restaurant 11,Philadelphia,IL,Sushi,1,Low,2024-12-01,Saturday,1,1.0,0.0,1.0,1.0,22.0,22.0,26.0,26.0,7.75,True
8b8f0d21-e43f-4f07-ad76-25d9ced2704a,Restaurant 19,Philadelphia,IL,Chinese,1,Low,2023-01-01,Tuesday,1,1.0,0.0,1.0,0.0,33.0,33.0,12.7,12.7,4.74,True
1c80a463-faab-45d4-aedb-ec971fe99b2d,Restaurant 21,Philadelphia,IL,Seafood,1,Low,2024-06-01,Tuesday,1,1.0,0.0,1.0,1.0,45.0,45.0,16.73,16.73,2.89,True
506dc2e9-bd0e-44b1-942e-6ac94eefce10,Restaurant 37,Philadelphia,IL,Pizza,1,Low,2023-04-01,Saturday,1,1.0,0.0,1.0,1.0,47.0,47.0,17.96,17.96,2.45,True
18674b04-e930-4893-8bc5-99447b17290a,Restaurant 134,Philadelphia,IL,Seafood,1,Low,2024-02-01,Tuesday,1,1.0,0.0,1.0,1.0,12.0,12.0,25.96,25.96,7.97,True
5374d195-e234-4f5c-a788-f5022d0d1bfc,Restaurant 140,Philadelphia,IL,Chinese,1,Low,2024-04-01,Sunday,1,1.0,0.0,1.0,1.0,17.0,17.0,15.79,15.79,2.16,True
f83ba527-0f70-4f16-a702-acf43ab6b06a,Restaurant 161,Philadelphia,IL,Sushi,1,Low,2023-08-01,Monday,1,1.0,0.0,1.0,1.0,31.0,31.0,26.21,26.21,5.41,True
a95ded1c-ae9c-497b-84c6-1db2ccfd5e5b,Restaurant 163,Philadelphia,IL,Italian,1,Low,2022-04-01,Monday,1,1.0,0.0,1.0,1.0,43.0,43.0,17.49,17.49,1.42,True
f3bb368a-4f52-4ffd-882c-b84395bdef26,Restaurant 209,Philadelphia,IL,Italian,1,Low,2023-03-01,Wednesday,1,1.0,0.0,1.0,1.0,43.0,43.0,38.58,38.58,7.04,True
4fe2aa30-75c1-471f-b82f-1be1c25a005b,Restaurant 215,Philadelphia,IL,Pizza,1,Low,2024-06-01,Thursday,1,1.0,0.0,1.0,0.0,45.0,45.0,35.33,35.33,6.58,True
65a6c396-e722-469f-b0a7-be6c51fcdad2,Restaurant 224,Philadelphia,IL,Mexican,1,Low,2023-03-01,Wednesday,2,2.0,0.0,1.0,1.0,19.0,21.4,75.09,37.55,6.36,True
25a0eb54-5208-4418-9d3a-b5c847d45dd5,Restaurant 236,Philadelphia,IL,American (New),1,Low,2022-11-01,Tuesday,1,1.0,0.0,1.0,0.0,47.0,47.0,41.61,41.61,5.63,True
d4b1ec5c-ee6e-49de-8b6e-dea80817b420,Restaurant 259,Philadelphia,IL,Seafood,1,Low,2023-06-01,Sunday,1,1.0,0.0,1.0,1.0,30.0,30.0,16.66,16.66,4.63,True
fe9048ac-13af-4e1a-875c-64967ba99e8a,Restaurant 266,Philadelphia,IL,Chinese,1,Low,2022-08-01,Saturday,1,1.0,0.0,1.0,1.0,43.0,43.0,31.0,31.0,7.68,True
622bdd6c-92ab-4876-9b72-acc61d286b35,Restaurant 290,Philadelphia,IL,Italian,1,Low,2022-10-01,Monday,1,1.0,0.0,1.0,0.0,53.0,53.0,28.37,28.37,7.54,True
2c1ad821-4752-464d-8563-3a7497221e4a,Restaurant 291,Philadelphia,IL,Coffee & Tea,1,Low,2024-05-01,Tuesday,1,1.0,0.0,1.0,1.0,24.0,24.0,17.51,17.51,5.33,True
0b71697b-203a-4aea-8aae-0b47b0b854a4,Restaurant 301,Philadelphia,IL,American (New),1,Low,2023-10-01,Wednesday,1,1.0,0.0,1.0,1.0,33.0,33.0,29.22,29.22,7.44,True
6b6120a4-4640-4e7d-ba88-1d967cdbdec7,Restaurant 302,Philadelphia,IL,Burgers,1,Low,2024-05-01,Wednesday,1,1.0,0.0,1.0,1.0,31.0,31.0,52.58,52.58,1.71,True
c5c1aadd-b84c-4e29-bbb0-05b644ac798d,Restaurant 369,Philadelphia,IL,Coffee & Tea,1,Low,2024-09-01,Monday,1,1.0,0.0,1.0,1.0,14.0,14.0,24.01,24.01,6.11,True
959ee339-0172-4d60-94ab-2121e6e90357,Restaurant 377,Philadelphia,IL,Pizza,1,Low,2024-04-01,Friday,1,1.0,0.0,1.0,0.0,29.0,29.0,30.71,30.71,5.13,True
34215512-7a10-4e42-9120-d6c1f16ec78e,Restaurant 381,Philadelphia,IL,Sushi,1,Low,2022-12-01,Tuesday,1,1.0,0.0,1.0,1.0,31.0,31.0,13.94,13.94,1.97,True
96f53180-ba0d-4efa-ac65-3cd978378c18,Restaurant 393,Philadelphia,IL,American (New),1,Low,2022-10-01,Wednesday,1,1.0,0.0,1.0,0.0,44.0,44.0,31.25,31.25,2.62,True
c2e01af7-1e19-442c-9672-73cd8160b3cf,Restaurant 396,Philadelphia,IL,Italian,1,Low,2023-12-01,Friday,1,1.0,0.0,1.0,0.0,46.0,46.0,12.3,12.3,7.71,True
a08778b4-f199-4878-a9bc-54141258d887,Restaurant 409,Philadelphia,IL,Sushi,2,Below Average,2024-02-01,Monday,1,1.0,0.0,1.0,1.0,26.0,26.0,12.57,12.57,4.63,True
65f435e8-b84b-47e4-9c8e-37391212ec33,Restaurant 413,Philadelphia,IL,Sushi,2,Below Average,2022-01-01,Sunday,1,1.0,0.0,1.0,1.0,46.0,46.0,54.57,54.57,4.21,True
60a373b2-48fe-44a7-b458-e95ce33dcd76,Restaurant 419,Philadelphia,IL,Coffee & Tea,2,Below Average,2024-03-01,Monday,1,1.0,0.0,1.0,0.0,53.0,53.0,34.53,34.53,1.44,True
f15a9b0f-3e7f-495a-84b1-132b58f43c4c,Restaurant 424,Philadelphia,IL,Mexican,2,Below Average,2024-12-01,Saturday,1,1.0,0.0,1.0,1.0,34.0,34.0,11.83,11.83,4.35,True
a2d81c0b-bb4e-4aac-9d58-c0f9a40be091,Restaurant 445,Philadelphia,IL,Chinese,2,Below Average,2024-08-01,Saturday,1,1.0,0.0,1.0,1.0,25.0,25.0,27.65,27.65,3.35,True
16409aa4-e312-4c5a-959e-8146e2477e04,Restaurant 484,Philadelphia,IL,Chinese,2,Below Average,2024-08-01,Sunday,1,1.0,0.0,1.0,0.0,62.0,62.0,51.36,51.36,7.38,True
2ba2ff21-347b-49bb-b990-6a12a95ec868,Restaurant 508,Philadelphia,IL,Seafood,2,Below Average,2024-01-01,Monday,1,1.0,0.0,1.0,1.0,47.0,47.0,41.52,41.52,3.75,True
59e4c33d-eed6-458b-8eab-83eebb13bb2f,Restaurant 530,Philadelphia,IL,Seafood,2,Below Average,2023-06-01,Saturday,1,1.0,0.0,1.0,1.0,21.0,21.0,9.84,9.84,3.78,True
efae2109-2736-4117-b72d-d925773f5a10,Restaurant 535,Philadelphia,IL,Thai,2,Below Average,2022-04-01,Sunday,1,1.0,0.0,1.0,1.0,37.0,37.0,44.67,44.67,6.62,True
612c34b0-b141-44a5-9136-88b99f4cd6cc,Restaurant 565,Philadelphia,IL,Burgers,2,Below Average,2024-02-01,Monday,1,1.0,0.0,1.0,0.0,46.0,46.0,35.38,35.38,4.2,True
12ff7c81-fe8d-43d2-ade5-cacbf0af4d8f,Restaurant 574,Philadelphia,IL,American (New),2,Below Average,2023-10-01,Wednesday,1,1.0,0.0,1.0,1.0,11.0,11.0,29.46,29.46,5.76,True
760f6890-2044-41b9-b947-962c881cb90f,Restaurant 579,Philadelphia,IL,Seafood,2,Below Average,2023-12-01,Thursday,1,1.0,0.0,1.0,0.0,32.0,32.0,34.94,34.94,2.94,True
1d1688e0-de22-483b-aaf1-c0268cb69643,Restaurant 604,Philadelphia,IL,Burgers,2,Below Average,2024-06-01,Wednesday,1,1.0,0.0,1.0,0.0,39.0,39.0,8.0,8.0,5.22,True
0980c6d3-0c36-4ac1-ba2c-ea460522eaa5,Restaurant 608,Philadelphia,IL,Sushi,2,Below Average,2024-07-01,Wednesday,1,1.0,0.0,1.0,1.0,33.0,33.0,42.96,42.96,2.58,True
5109fef4-02bc-492d-9978-dc92e48e1b22,Restaurant 628,Philadelphia,IL,Burgers,2,Below Average,2023-06-01,Friday,1,1.0,0.0,1.0,1.0,37.0,37.0,26.99,26.99,2.13,True
2b3fecea-43fe-49cc-b93a-a7dda66215c2,Restaurant 634,Philadelphia,IL,Sushi,2,Below Average,2022-09-01,Sunday,1,1.0,0.0,1.0,1.0,34.0,34.0,52.52,52.52,3.23,True
873d9f00-78ab-4a0e-982c-83392b4ce873,Restaurant 639,Philadelphia,IL,American (New),2,Below Average,2022-01-01,Tuesday,1,1.0,0.0,1.0,1.0,31.0,31.0,36.14,36.14,4.62,True
bdb64cfd-5f02-4720-a2e6-a2d6c52fcd30,Restaurant 642,Philadelphia,IL,Coffee & Tea,2,Below Average,2023-03-01,Wednesday,1,1.0,0.0,1.0,1.0,26.0,26.0,31.63,31.63,5.26,True
7ee91a5f-eef1-441e-825d-9091d5ee78f8,Restaurant 672,Philadelphia,IL,Coffee & Tea,2,Below Average,2024-10-01,Monday,1,1.0,0.0,1.0,1.0,28.0,28.0,40.91,40.91,2.76,True
134b54ea-ef07-4b79-a0dd-71709175c22e,Restaurant 674,Philadelphia,IL,Burgers,2,Below Average,2023-10-01,Saturday,1,1.0,0.0,1.0,1.0,36.0,36.0,40.95,40.95,5.08,True
1ef06c79-f04d-4de2-987a-32f006d45dbd,Restaurant 702,Philadelphia,IL,American (New),2,Below Average,2024-05-01,Thursday,1,1.0,0.0,1.0,1.0,30.0,30.0,25.28,25.28,1.85,True
d0314ecf-fb8d-432b-9100-f2703c6a5e96,Restaurant 734,Philadelphia,IL,Coffee & Tea,2,Below Average,2024-06-01,Monday,1,1.0,0.0,1.0,0.0,28.0,28.0,35.86,35.86,3.05,True
b1459b3d-b2fe-422c-bbf6-96852963053d,Restaurant 739,Philadelphia,IL,Coffee & Tea,2,Below Average,2023-11-01,Monday,1,1.0,0.0,1.0,0.0,43.0,43.0,15.14,15.14,4.07,True
912359bb-d1d0-46a5-9f98-ec8634fe780d,Restaurant 743,Philadelphia,IL,Chinese,2,Below Average,2023-10-01,Monday,1,1.0,0.0,1.0,1.0,32.0,32.0,26.95,26.95,3.12,True
4a77f9a0-99c0-4cf3-8c65-2c3011605293,Restaurant 745,Philadelphia,IL,Coffee & Tea,2,Below Average,2024-05-01,Thursday,1,1.0,0.0,1.0,0.0,63.0,63.0,30.78,30.78,4.24,True
2e38ce3c-b0d2-4aff-9fda-d3dbe6660adc,Restaurant 750,Philadelphia,IL,Burgers,2,Below Average,2022-07-01,Saturday,1,1.0,0.0,1.0,1.0,51.0,51.0,39.64,39.64,7.79,True
44cce9c2-c69f-4189-af0f-4f27c14ee47e,Restaurant 761,Philadelphia,IL,American (New),2,Below Average,2024-10-01,Wednesday,1,1.0,0.0,1.0,1.0,32.0,32.0,34.37,34.37,5.11,True
d0c6187b-dadf-445d-8035-ca1e91152b63,Restaurant 808,Philadelphia,IL,Burgers,3,Average,2022-03-01,Sunday,1,1.0,0.0,1.0,1.0,17.0,17.0,47.19,47.19,5.48,True
fcf1ec7f-be2d-45ab-affe-713d23895f97,Restaurant 822,Philadelphia,IL,American (New),3,Average,2023-12-01,Saturday,1,1.0,0.0,1.0,0.0,44.0,44.0,8.0,8.0,5.57,True
bbf2eff2-b25a-4e86-8cf8-d9d5f33534b7,Restaurant 838,Philadelphia,IL,Seafood,3,Average,2022-03-01,Tuesday,1,0.0,1.0,0.0,,,,24.84,24.84,3.5,True
d38ee1ab-075b-42b8-aa55-b0da6885d7de,Restaurant 842,Philadelphia,IL,Mexican,3,Average,2023-03-01,Friday,1,1.0,0.0,1.0,0.0,46.0,46.0,30.16,30.16,2.53,True
18e6296a-4994-49ab-8f09-996ad7445019,Restaurant 854,Philadelphia,IL,Thai,3,Average,2022-07-01,Tuesday,1,1.0,0.0,1.0,1.0,33.0,33.0,12.09,12.09,5.63,True
fc933664-2241-4421-a7ec-120266e153dc,Restaurant 866,Philadelphia,IL,Coffee & Tea,3,Average,2023-07-01,Thursday,1,1.0,0.0,1.0,1.0,36.0,36.0,14.6,14.6,5.89,True
6c0241bb-1bed-4818-91f3-cf4596b5e0cb,Restaurant 870,Philadelphia,IL,American (New),3,Average,2022-05-01,Saturday,1,1.0,0.0,1.0,1.0,16.0,16.0,8.0,8.0,6.1,True
734b7915-f4bd-4fb5-b71f-78b73b81fb9e,Restaurant 902,Philadelphia,IL,Italian,3,Average,2024-05-01,Wednesday,1,1.0,0.0,1.0,1.0,35.0,35.0,17.52,17.52,3.55,True
d7ef7662-a859-44a0-b209-c2b4f7d820ac,Restaurant 915,Philadelphia,IL,Pizza,3,Average,2022-01-01,Wednesday,1,1.0,0.0,1.0,1.0,38.0,38.0,45.78,45.78,4.45,True
2f4330c2-e288-4198-9c27-0265241ee099,Restaurant 919,Philadelphia,IL,Coffee & Tea,3,Average,2023-04-01,Tuesday,1,1.0,0.0,1.0,1.0,31.0,31.0,50.3,50.3,7.62,True
49b12efa-709b-4020-bc9b-4a0716ced325,Restaurant 940,Philadelphia,IL,Coffee & Tea,3,Average,2022-07-01,Wednesday,1,1.0,0.0,1.0,0.0,49.0,49.0,22.68,22.68,5.8,True
3cf1b0e6-4f16-43b8-bd9a-4a17b34ea3c5,Restaurant 962,Philadelphia,IL,Coffee & Tea,3,Average,2024-06-01,Friday,1,1.0,0.0,1.0,1.0,14.0,14.0,28.3,28.3,1.56,True
214cee5b-c728-4f8c-81a6-4e0a2f4ef7fa,Restaurant 984,Philadelphia,IL,Mexican,3,Average,2022-10-01,Friday,1,1.0,0.0,1.0,1.0,34.0,34.0,33.0,33.0,1.07,True
1563e5fc-342a-4b9b-b43d-1a6dafe192ec,Restaurant 1032,Philadelphia,IL,Pizza,3,Average,2024-11-01,Tuesday,1,1.0,0.0,1.0,1.0,20.0,20.0,32.47,32.47,5.64,True
bc10c0bd-1da3-4938-992d-f59c629f616c,Restaurant 1041,Philadelphia,IL,Thai,3,Average,2022-06-01,Saturday,1,1.0,0.0,1.0,1.0,32.0,32.0,34.05,34.05,2.31,True
9fd1ac32-40ee-4ecb-8c0d-52de3e07c3eb,Restaurant 1058,Philadelphia,IL,Sushi,3,Average,2024-11-01,Saturday,1,1.0,0.0,1.0,1.0,40.0,40.0,54.98,54.98,7.08,True
d1a86b12-c280-4734-9e0b-ac7a5b04ce18,Restaurant 1072,Philadelphia,IL,Coffee & Tea,3,Average,2022-05-01,Sunday,1,0.0,1.0,0.0,,,,23.38,23.38,4.87,True
43966979-b6ad-45d5-b8a6-410202070bec,Restaurant 1136,Philadelphia,IL,Burgers,3,Average,2022-11-01,Saturday,1,1.0,0.0,1.0,1.0,27.0,27.0,50.1,50.1,5.9,True
a3696229-b9e6-4ba1-bded-313c5b62dac3,Restaurant 1141,Philadelphia,IL,American (New),3,Average,2024-04-01,Thursday,1,1.0,0.0,1.0,0.0,43.0,43.0,36.35,36.35,3.91,True
455d213c-54a2-4739-92a9-96d4c7643fe1,Restaurant 1148,Philadelphia,IL,Italian,3,Average,2024-09-01,Thursday,1,1.0,0.0,1.0,0.0,30.0,30.0,21.84,21.84,3.69,True
c77a9eff-6cb6-40be-940f-fbcde486ad4e,Restaurant 1166,Philadelphia,IL,Coffee & Tea,3,Average,2023-04-01,Thursday,1,1.0,0.0,1.0,1.0,14.0,14.0,34.61,34.61,5.58,True
1d77fe73-da38-45a4-be9c-e753a6ad9f2a,Restaurant 1195,Philadelphia,IL,Burgers,3,Average,2023-05-01,Monday,1,1.0,0.0,1.0,1.0,43.0,43.0,28.51,28.51,2.79,True
f30cb14b-c0ba-464c-b244-2ba085abedcf,Restaurant 1204,Philadelphia,IL,Sushi,4,Strong,2022-10-01,Sunday,1,1.0,0.0,1.0,0.0,43.0,43.0,42.51,42.51,5.98,True
26ad685f-907b-44ce-857e-74e92833aa77,Restaurant 1225,Philadelphia,IL,Chinese,4,Strong,2022-08-01,Tuesday,1,1.0,0.0,1.0,1.0,11.0,11.0,27.45,27.45,5.99,True
9e8cd1db-3511-4b5a-b6c3-2e73785994b8,Restaurant 1231,Philadelphia,IL,American (New),4,Strong,2023-05-01,Friday,1,1.0,0.0,1.0,1.0,14.0,14.0,23.79,23.79,4.58,True
7f34527e-447a-4374-b70b-bac185e5df0e,Restaurant 1258,Philadelphia,IL,Burgers,4,Strong,2022-11-01,Sunday,1,1.0,0.0,1.0,1.0,22.0,22.0,17.82,17.82,5.5,True
e89c952e-f53a-4a95-8d06-81a38fcefb4a,Restaurant 1275,Philadelphia,IL,Seafood,4,Strong,2024-04-01,Sunday,1,1.0,0.0,1.0,1.0,23.0,23.0,43.01,43.01,1.49,True
24491355-10f3-4e66-a703-ddd3186c5d7d,Restaurant 1286,Philadelphia,IL,Pizza,4,Strong,2024-01-01,Wednesday,1,1.0,0.0,1.0,1.0,10.0,10.0,27.93,27.93,6.49,True
04f7ef18-da41-42e9-bea1-4497da753c6f,Restaurant 1290,Philadelphia,IL,Seafood,4,Strong,2022-12-01,Wednesday,1,1.0,0.0,1.0,1.0,34.0,34.0,29.96,29.96,4.65,True
9313418d-e24c-41e7-849b-bafad31bd437,Restaurant 1297,Philadelphia,IL,Mexican,4,Strong,2024-01-01,Thursday,1,1.0,0.0,1.0,1.0,31.0,31.0,53.15,53.15,5.56,True
707ea155-8c27-4895-887f-cc2a373d80ab,Restaurant 1299,Philadelphia,IL,Italian,4,Strong,2022-11-01,Sunday,1,1.0,0.0,1.0,1.0,10.0,10.0,24.31,24.31,6.5,True
e2296c9b-f89e-475d-9a59-034adf43d332,Restaurant 1323,Philadelphia,IL,American (New),4,Strong,2024-03-01,Sunday,1,1.0,0.0,1.0,1.0,22.0,22.0,10.32,10.32,7.22,True
5e854b00-0ee9-4543-a38f-29818955e30d,Restaurant 1337,Philadelphia,IL,Chinese,4,Strong,2023-05-01,Wednesday,1,1.0,0.0,1.0,1.0,27.0,27.0,44.89,44.89,1.5,True
cff41663-e334-4383-849a-7a481a1290d8,Restaurant 1376,Philadelphia,IL,American (New),4,Strong,2024-02-01,Friday,1,1.0,0.0,1.0,1.0,23.0,23.0,23.32,23.32,1.17,True
d3e9bfeb-8bae-45a0-9399-9eaf3360b899,Restaurant 1397,Philadelphia,IL,Coffee & Tea,4,Strong,2023-01-01,Wednesday,1,1.0,0.0,1.0,1.0,43.0,43.0,23.25,23.25,2.06,True
862edc87-f5ee-4d0e-a3b6-17a0a1782b73,Restaurant 1410,Philadelphia,IL,Chinese,4,Strong,2023-03-01,Sunday,1,1.0,0.0,1.0,1.0,37.0,37.0,46.99,46.99,4.22,True
886d3173-b38f-4641-a0bf-021f3d891956,Restaurant 1413,Philadelphia,IL,Chinese,4,Strong,2023-04-01,Saturday,1,1.0,0.0,1.0,1.0,33.0,33.0,8.0,8.0,7.72,True
0fb40207-a866-49d4-95e5-d4664388bad0,Restaurant 1419,Philadelphia,IL,Seafood,4,Strong,2024-12-01,Thursday,1,1.0,0.0,1.0,1.0,22.0,22.0,40.18,40.18,3.05,True
af892821-33c1-485d-b27d-d704d884d8ad,Restaurant 1453,Philadelphia,IL,Mexican,4,Strong,2023-09-01,Tuesday,1,1.0,0.0,1.0,1.0,33.0,33.0,25.56,25.56,1.3,True
8a7129e1-d5e2-4929-be01-7f0a25f4598c,Restaurant 1466,Philadelphia,IL,Seafood,4,Strong,2023-07-01,Friday,1,1.0,0.0,1.0,1.0,23.0,23.0,29.65,29.65,1.89,True
dc7df643-0adc-43b4-84e2-710c71aaa757,Restaurant 1471,Philadelphia,IL,Pizza,4,Strong,2023-08-01,Wednesday,1,1.0,0.0,1.0,1.0,50.0,50.0,27.33,27.33,3.54,True
991ae128-c5ba-4256-9ee1-09e8e2629b74,Restaurant 1476,Philadelphia,IL,American (New),4,Strong,2023-08-01,Tuesday,1,1.0,0.0,1.0,1.0,10.0,10.0,42.33,42.33,3.39,True
e3318012-c473-4418-ae10-5a95862630dd,Restaurant 1481,Philadelphia,IL,Sushi,4,Strong,2022-11-01,Sunday,1,1.0,0.0,1.0,0.0,55.0,55.0,55.49,55.49,6.75,True
f3acf22c-eb53-4b3f-9276-da8c05f217ba,Restaurant 1483,Philadelphia,IL,Mexican,4,Strong,2024-07-01,Tuesday,1,1.0,0.0,1.0,1.0,26.0,26.0,30.54,30.54,3.62,True
4910564f-201e-430b-8ad2-0bcdfb65c859,Restaurant 1484,Philadelphia,IL,Pizza,4,Strong,2024-09-01,Monday,1,1.0,0.0,1.0,0.0,40.0,40.0,18.9,18.9,3.65,True
a09eb8b8-1c92-4a60-920e-5dd1efdf7c90,Restaurant 1488,Philadelphia,IL,Burgers,4,Strong,2022-03-01,Thursday,1,1.0,0.0,1.0,0.0,45.0,45.0,48.48,48.48,6.82,True
09d6e93f-fe75-44af-a295-ba67d972c28a,Restaurant 1506,Philadelphia,IL,Sushi,4,Strong,2022-06-01,Wednesday,1,1.0,0.0,1.0,1.0,13.0,13.0,20.07,20.07,2.71,True
8ce4a06e-47fe-476b-ae4a-bb74b8edca49,Restaurant 1523,Philadelphia,IL,Mexican,4,Strong,2022-12-01,Monday,1,1.0,0.0,1.0,1.0,11.0,11.0,36.15,36.15,2.71,True
51d1ccdf-f80e-4399-bf59-2aba16961341,Restaurant 1526,Philadelphia,IL,Chinese,4,Strong,2022-10-01,Sunday,1,1.0,0.0,1.0,1.0,10.0,10.0,45.96,45.96,1.71,True
ca49b516-9e43-41ec-a7dc-23edd5251c39,Restaurant 1529,Philadelphia,IL,Pizza,4,Strong,2024-06-01,Saturday,1,1.0,0.0,1.0,1.0,35.0,35.0,22.85,22.85,3.25,True
666b1ea2-af12-4958-8204-e318b1b1b8e1,Restaurant 1536,Philadelphia,IL,Chinese,4,Strong,2023-02-01,Wednesday,1,1.0,0.0,1.0,1.0,39.0,39.0,31.69,31.69,3.15,True
91f17179-ff9b-459d-a303-de02aa2c9bc2,Restaurant 1541,Philadelphia,IL,Sushi,4,Strong,2024-01-01,Friday,1,1.0,0.0,1.0,1.0,34.0,34.0,25.11,25.11,3.16,True
aff84c9d-000d-4524-9fe0-567471ef54f2,Restaurant 1542,Philadelphia,IL,American (New),4,Strong,2024-12-01,Thursday,1,1.0,0.0,1.0,1.0,28.0,28.0,41.62,41.62,5.91,True
dba4f0f7-c651-4824-b536-6c941283b1fe,Restaurant 1557,Philadelphia,IL,Coffee & Tea,4,Strong,2023-05-01,Tuesday,1,1.0,0.0,1.0,1.0,20.0,20.0,24.21,24.21,2.88,True
8e7e3077-a2f9-4fb5-8ad6-309d993d9fcd,Restaurant 1571,Philadelphia,IL,Seafood,4,Strong,2022-04-01,Tuesday,1,1.0,0.0,1.0,1.0,26.0,26.0,16.42,16.42,4.24,True
70dc4f52-a00b-4863-90d5-181b76f7f68a,Restaurant 1604,Philadelphia,IL,Italian,5,Elite,2022-11-01,Sunday,1,1.0,0.0,1.0,1.0,21.0,21.0,39.7,39.7,7.05,True
c013315b-5dbe-4159-85f6-96a0bf6d3a3f,Restaurant 1622,Philadelphia,IL,Mexican,5,Elite,2022-10-01,Thursday,1,1.0,0.0,1.0,1.0,30.0,30.0,41.07,41.07,1.44,True
84776242-c7c3-47f0-8425-3244be83c12d,Restaurant 1631,Philadelphia,IL,Mexican,5,Elite,2023-11-01,Tuesday,1,1.0,0.0,1.0,1.0,45.0,45.0,21.97,21.97,6.03,True
bd7f3331-00ab-4876-9f44-67a258eff00b,Restaurant 1632,Philadelphia,IL,Seafood,5,Elite,2022-05-01,Friday,1,1.0,0.0,1.0,0.0,26.0,26.0,14.73,14.73,1.61,True
ade633a8-982c-4ef1-bbf6-dcdc8ad1ca4d,Restaurant 1671,Philadelphia,IL,Chinese,5,Elite,2024-03-01,Saturday,1,1.0,0.0,1.0,1.0,26.0,26.0,36.2,36.2,4.72,True
9f803fa6-7a21-4d7e-9b7f-c4c638c27b16,Restaurant 1683,Philadelphia,IL,Burgers,5,Elite,2024-07-01,Sunday,1,1.0,0.0,1.0,1.0,44.0,44.0,47.75,47.75,7.27,True
98a248b0-a39d-4ca9-9bac-f0d321f78b27,Restaurant 1703,Philadelphia,IL,Burgers,5,Elite,2023-02-01,Sunday,1,1.0,0.0,1.0,1.0,30.0,30.0,29.57,29.57,6.07,True
6c5da0ab-aed4-4d3b-b115-28663e5752a7,Restaurant 1753,Philadelphia,IL,Coffee & Tea,5,Elite,2022-09-01,Friday,1,1.0,0.0,1.0,1.0,41.0,41.0,15.78,15.78,6.45,True
14ec3205-bfb5-4268-91de-7596fb57f2e0,Restaurant 1781,Philadelphia,IL,Sushi,5,Elite,2022-08-01,Sunday,1,1.0,0.0,1.0,1.0,36.0,36.0,14.68,14.68,7.43,True
61393ab1-25bf-4281-9b35-eff55f0ed03b,Restaurant 1782,Philadelphia,IL,Italian,5,Elite,2023-09-01,Sunday,1,1.0,0.0,1.0,1.0,41.0,41.0,34.06,34.06,1.63,True
a916af62-8411-4776-bcae-f5188dbc62ef,Restaurant 1799,Philadelphia,IL,Thai,5,Elite,2022-06-01,Tuesday,1,1.0,0.0,1.0,1.0,27.0,27.0,41.73,41.73,3.99,True
73eb2659-3e0e-4f8a-828b-87772c5e713f,Restaurant 1813,Philadelphia,IL,Chinese,5,Elite,2024-01-01,Wednesday,1,1.0,0.0,1.0,1.0,30.0,30.0,30.51,30.51,2.58,True
b9e6336b-3237-4308-849b-dd709625434a,Restaurant 1823,Philadelphia,IL,Italian,5,Elite,2024-09-01,Tuesday,1,1.0,0.0,1.0,1.0,16.0,16.0,8.0,8.0,3.95,True
4c2b9abf-bdc0-4c0b-a733-764baa4400b7,Restaurant 1873,Philadelphia,IL,Coffee & Tea,5,Elite,2024-02-01,Sunday,1,1.0,0.0,1.0,0.0,49.0,49.0,29.72,29.72,6.4,True
cb0eb21c-b9c4-4235-9370-77861005de7b,Restaurant 1875,Philadelphia,IL,Thai,5,Elite,2024-09-01,Saturday,1,1.0,0.0,1.0,1.0,44.0,44.0,26.75,26.75,5.18,True
32fc6be9-ccc3-4aa3-8a0a-01da90f0ae88,Restaurant 1894,Philadelphia,IL,Chinese,5,Elite,2023-07-01,Sunday,1,1.0,0.0,1.0,1.0,24.0,24.0,19.61,19.61,6.31,True
db7f1a46-58b9-4624-bc5a-5cc4877ee3a1,Restaurant 1903,Philadelphia,IL,Seafood,5,Elite,2023-08-01,Wednesday,1,1.0,0.0,1.0,1.0,31.0,31.0,33.61,33.61,4.02,True
f7d1c74d-5dd5-4c7e-9502-f8530536c11f,Restaurant 1908,Philadelphia,IL,Italian,5,Elite,2023-01-01,Friday,1,1.0,0.0,1.0,0.0,50.0,50.0,26.86,26.86,7.67,True
4333fa1b-4926-4f83-ae6f-564fc51742a8,Restaurant 1909,Philadelphia,IL,Chinese,5,Elite,2023-07-01,Monday,1,1.0,0.0,1.0,1.0,26.0,26.0,24.12,24.12,2.07,True
f7891691-a053-476b-b33a-28fcc2830410,Restaurant 1935,Philadelphia,IL,Burgers,5,Elite,2023-03-01,Monday,1,1.0,0.0,1.0,1.0,22.0,22.0,41.32,41.32,4.34,True
4ac9833b-19af-441a-8d9a-93564c36cbaf,Restaurant 1938,Philadelphia,IL,Chinese,5,Elite,2023-02-01,Tuesday,1,1.0,0.0,1.0,0.0,33.0,33.0,61.25,61.25,2.01,True
d38bf655-d7b9-4555-8069-4f5e59943d61,Restaurant 1944,Philadelphia,IL,Chinese,5,Elite,2022-07-01,Sunday,1,1.0,0.0,1.0,1.0,32.0,32.0,34.91,34.91,6.38,True
f0da3a71-699c-4d88-b52d-e8088d3efa72,Restaurant 1948,Philadelphia,IL,American (New),5,Elite,2022-01-01,Thursday,1,1.0,0.0,1.0,0.0,37.0,37.0,26.43,26.43,5.63,True
89c88845-6272-4757-9767-7fe270d2ae0d,Restaurant 1950,Philadelphia,IL,Pizza,5,Elite,2023-09-01,Tuesday,1,1.0,0.0,1.0,0.0,52.0,52.0,34.8,34.8,6.95,True
5ba59135-08cf-4bdd-88ef-71a4e0a687d2,Restaurant 1962,Philadelphia,IL,Coffee & Tea,5,Elite,2023-01-01,Monday,1,1.0,0.0,1.0,1.0,49.0,49.0,29.07,29.07,4.11,True
7c5516a0-b640-4b18-9d97-dd6e4a5c9549,Restaurant 1970,Philadelphia,IL,Italian,5,Elite,2022-01-01,Wednesday,1,0.0,1.0,0.0,,,,41.53,41.53,7.05,True
b2d4b6cf-b248-43e2-b630-98b0af95fae7,Restaurant 1973,Philadelphia,IL,American (New),5,Elite,2023-07-01,Sunday,1,1.0,0.0,1.0,1.0,30.0,30.0,21.93,21.93,2.9,True
4375f874-a3f9-45ec-bd2f-437a10d47948,Restaurant 1987,Philadelphia,IL,Mexican,5,Elite,2022-12-01,Thursday,1,1.0,0.0,1.0,1.0,44.0,44.0,18.02,18.02,2.69,True
703dfc36-3a34-4d48-97bf-6ef384868e11,Restaurant 1988,Philadelphia,IL,American (New),5,Elite,2023-06-01,Thursday,1,1.0,0.0,1.0,1.0,27.0,27.0,38.33,38.33,7.8,True
3aea0012-3268-4722-825e-e7a5931f3062,Restaurant 29,Philadelphia,CO,Thai,1,Low,2024-11-01,Sunday,1,0.0,1.0,0.0,,,,8.02,8.02,7.77,True
7a1f1470-e03a-49e0-b9d6-14c2d47a2f6e,Restaurant 46,Philadelphia,CO,Burgers,1,Low,2024-12-01,Sunday,1,1.0,0.0,1.0,1.0,17.0,17.0,10.93,10.93,3.4,True
99f4838d-67fa-44bc-ad33-cd506b595287,Restaurant 67,Philadelphia,CO,Thai,1,Low,2022-07-01,Saturday,1,1.0,0.0,1.0,1.0,23.0,23.0,39.54,39.54,7.11,True
578f751c-9992-4a0c-9dfb-2771d002e870,Restaurant 91,Philadelphia,CO,Mexican,1,Low,2024-09-01,Monday,1,1.0,0.0,1.0,1.0,38.0,38.0,45.22,45.22,1.01,True
2ca95a9c-ad28-4402-b5f1-08589564a057,Restaurant 92,Philadelphia,CO,Thai,1,Low,2024-02-01,Thursday,1,1.0,0.0,1.0,0.0,48.0,48.0,46.13,46.13,7.81,True
29a898ba-79ec-4602-8961-2a35e921aa23,Restaurant 107,Philadelphia,CO,Coffee & Tea,1,Low,2023-10-01,Wednesday,1,1.0,0.0,1.0,1.0,10.0,10.0,33.09,33.09,4.46,True
20e51a62-a3d1-41c0-82fa-2be9d4e5692b,Restaurant 143,Philadelphia,CO,Burgers,1,Low,2022-09-01,Wednesday,1,1.0,0.0,1.0,0.0,53.0,53.0,33.82,33.82,4.57,True
50ab1adc-bdf5-4eb4-b5a1-72842c30a0f4,Restaurant 167,Philadelphia,CO,Burgers,1,Low,2024-06-01,Saturday,1,1.0,0.0,1.0,1.0,24.0,24.0,20.83,20.83,5.15,True
60bac4b7-e0e5-43d3-b1a0-952b377afe55,Restaurant 193,Philadelphia,CO,Sushi,1,Low,2022-08-01,Friday,1,1.0,0.0,1.0,1.0,34.0,34.0,21.32,21.32,4.52,True
0edfe373-cedc-4b7e-876d-50e28961c02b,Restaurant 199,Philadelphia,CO,American (New),1,Low,2023-04-01,Wednesday,1,1.0,0.0,1.0,0.0,56.0,56.0,32.81,32.81,5.76,True
ea870a94-b7d0-4c5b-9667-e7e12fbc0851,Restaurant 202,Philadelphia,CO,Pizza,1,Low,2022-04-01,Tuesday,1,1.0,0.0,1.0,1.0,44.0,44.0,25.94,25.94,7.89,True
3afb5443-3794-4bec-885a-73ec99063de9,Restaurant 214,Philadelphia,CO,Chinese,1,Low,2024-06-01,Saturday,1,1.0,0.0,1.0,1.0,33.0,33.0,8.0,8.0,6.76,True
6f9f97f5-e941-429a-83c7-42d0a9e59684,Restaurant 219,Philadelphia,CO,Italian,1,Low,2022-10-01,Wednesday,1,1.0,0.0,1.0,1.0,27.0,27.0,31.95,31.95,4.95,True
53e230c7-815a-47f9-9cf7-b99477c82453,Restaurant 220,Philadelphia,CO,Thai,1,Low,2022-09-01,Thursday,1,1.0,0.0,1.0,0.0,56.0,56.0,37.63,37.63,5.99,True
49de81c9-db46-4023-b9b3-95bc33ac3880,Restaurant 275,Philadelphia,CO,Italian,1,Low,2023-01-01,Saturday,1,0.0,1.0,0.0,,,,26.47,26.47,2.04,True
2f9a2f5b-dbcd-4cdb-813d-d62ffe6140d6,Restaurant 277,Philadelphia,CO,Thai,1,Low,2023-01-01,Sunday,1,1.0,0.0,1.0,1.0,33.0,33.0,27.91,27.91,4.36,True
30bdf076-0f69-43c1-8a9f-26a5420d5f93,Restaurant 289,Philadelphia,CO,Thai,1,Low,2023-09-01,Friday,1,1.0,0.0,1.0,1.0,30.0,30.0,54.5,54.5,2.88,True
c2c700aa-34b0-47c8-a47e-25340aba399c,Restaurant 294,Philadelphia,CO,Chinese,1,Low,2022-04-01,Tuesday,1,1.0,0.0,1.0,0.0,46.0,46.0,30.64,30.64,6.64,True
8d616c21-f974-4c22-89c4-24774c8422cb,Restaurant 296,Philadelphia,CO,Pizza,1,Low,2024-02-01,Tuesday,1,0.0,1.0,0.0,,,,53.01,53.01,2.06,True
c91f0492-e374-448f-9ff5-59ebeb42f7af,Restaurant 306,Philadelphia,CO,Thai,1,Low,2022-09-01,Tuesday,1,1.0,0.0,1.0,0.0,40.0,40.0,21.1,21.1,5.48,True
53113463-5756-47f1-9100-97d044972194,Restaurant 343,Philadelphia,CO,Pizza,1,Low,2022-10-01,Sunday,1,1.0,0.0,1.0,1.0,10.0,10.0,8.0,8.0,2.75,True
507ee648-1869-4188-ab66-947ca2263c4d,Restaurant 348,Philadelphia,CO,Thai,1,Low,2024-09-01,Friday,1,1.0,0.0,1.0,1.0,19.0,19.0,52.2,52.2,5.55,True
c4cfb25e-27a9-4fba-9ed9-0f21f19a38cd,Restaurant 367,Philadelphia,CO,Mexican,1,Low,2022-07-01,Saturday,1,1.0,0.0,1.0,0.0,39.0,39.0,39.65,39.65,7.9,True
1049731b-f8c8-4257-8315-e45e89676bd0,Restaurant 380,Philadelphia,CO,Italian,1,Low,2023-04-01,Tuesday,1,0.0,1.0,0.0,,,,33.11,33.11,4.81,True
90fad54d-5356-4748-a873-66024d5fd74f,Restaurant 395,Philadelphia,CO,Italian,1,Low,2024-05-01,Thursday,1,1.0,0.0,1.0,1.0,47.0,47.0,18.47,18.47,5.27,True
af0f70f7-1132-4ca7-b9c6-d2638c268911,Restaurant 418,Philadelphia,CO,Chinese,2,Below Average,2024-09-01,Tuesday,1,1.0,0.0,1.0,1.0,28.0,28.0,8.0,8.0,7.53,True
71cf2e30-089c-4c47-b392-3b72868df558,Restaurant 437,Philadelphia,CO,Coffee & Tea,2,Below Average,2024-04-01,Friday,1,1.0,0.0,1.0,1.0,38.0,38.0,21.89,21.89,6.73,True
5aa180ba-fa96-4ea5-b66a-a5c1a1881e03,Restaurant 454,Philadelphia,CO,Sushi,2,Below Average,2022-02-01,Saturday,1,1.0,0.0,1.0,1.0,10.0,10.0,32.44,32.44,1.66,True
166c4f60-ee78-432b-8fcf-7cb3effa9d96,Restaurant 461,Philadelphia,CO,Sushi,2,Below Average,2022-09-01,Thursday,1,1.0,0.0,1.0,1.0,48.0,48.0,40.58,40.58,1.84,True
e4ed1817-8105-4170-bc19-feaa24b45a39,Restaurant 467,Philadelphia,CO,Coffee & Tea,2,Below Average,2023-04-01,Thursday,1,1.0,0.0,1.0,1.0,35.0,35.0,40.1,40.1,4.98,True
cdd715a7-e0b1-4867-ad94-59f94a9ac55b,Restaurant 468,Philadelphia,CO,Burgers,2,Below Average,2024-09-01,Monday,1,1.0,0.0,1.0,1.0,16.0,16.0,29.35,29.35,7.54,True
f78ac04b-8828-44e5-9ab7-8612af2be2ed,Restaurant 498,Philadelphia,CO,Pizza,2,Below Average,2022-09-01,Thursday,1,1.0,0.0,1.0,1.0,30.0,30.0,33.64,33.64,6.56,True
a2db757f-3ed1-433e-ad54-514e3551a439,Restaurant 500,Philadelphia,CO,Seafood,2,Below Average,2023-07-01,Monday,1,1.0,0.0,1.0,1.0,17.0,17.0,8.0,8.0,2.34,True
436d7edd-d768-4c3b-8986-4021af5abc6c,Restaurant 501,Philadelphia,CO,Mexican,2,Below Average,2023-03-01,Sunday,1,1.0,0.0,1.0,1.0,35.0,35.0,45.46,45.46,1.34,True
c044e783-ff82-4f84-bbe0-c6f665bdf0ea,Restaurant 509,Philadelphia,CO,Thai,2,Below Average,2024-08-01,Tuesday,1,1.0,0.0,1.0,0.0,58.0,58.0,43.07,43.07,3.0,True
c58511e2-7722-45db-a324-c70baad7b83b,Restaurant 527,Philadelphia,CO,American (New),2,Below Average,2023-09-01,Thursday,1,1.0,0.0,1.0,1.0,39.0,39.0,49.93,49.93,5.08,True
34ce731e-46b1-49ac-ae4b-63546064f52a,Restaurant 591,Philadelphia,CO,Sushi,2,Below Average,2024-10-01,Friday,1,1.0,0.0,1.0,1.0,31.0,31.0,8.0,8.0,4.98,True
bd1a98c3-6712-4fb2-a8ba-8ca349d7af5d,Restaurant 594,Philadelphia,CO,Thai,2,Below Average,2023-07-01,Thursday,1,1.0,0.0,1.0,1.0,18.0,18.0,17.88,17.88,4.78,True
235bc7b6-6d51-4c72-8dfc-05eb22c40122,Restaurant 605,Philadelphia,CO,Mexican,2,Below Average,2024-11-01,Friday,1,0.0,1.0,0.0,,,,33.69,33.69,2.85,True
9b604f7c-caad-48c4-a131-aab5807382ec,Restaurant 606,Philadelphia,CO,Burgers,2,Below Average,2024-12-01,Tuesday,1,1.0,0.0,1.0,0.0,68.0,68.0,31.96,31.96,3.51,True
31c79f9f-ad25-4819-81b4-557ccb7128bc,Restaurant 607,Philadelphia,CO,Thai,2,Below Average,2024-06-01,Wednesday,1,0.0,1.0,0.0,,,,45.98,45.98,5.75,True
caac8fe1-db02-434f-a68c-96232479bc7c,Restaurant 614,Philadelphia,CO,Coffee & Tea,2,Below Average,2024-07-01,Friday,1,0.0,1.0,0.0,,,,17.39,17.39,5.18,True
376cddf7-a0c8-42c1-9ca9-8c60a0517984,Restaurant 617,Philadelphia,CO,American (New),2,Below Average,2023-04-01,Tuesday,1,1.0,0.0,1.0,0.0,67.0,67.0,47.76,47.76,2.03,True
920cd9d3-615e-4a62-bc45-541f514f818f,Restaurant 624,Philadelphia,CO,Coffee & Tea,2,Below Average,2024-06-01,Wednesday,1,0.0,1.0,0.0,,,,21.35,21.35,4.91,True
996fd2b9-3319-4897-b93a-196dbf41776c,Restaurant 636,Philadelphia,CO,Pizza,2,Below Average,2024-07-01,Friday,1,1.0,0.0,1.0,1.0,36.0,36.0,8.0,8.0,3.18,True
3bcfb998-0838-4404-bd85-1c937d6bba27,Restaurant 640,Philadelphia,CO,Italian,2,Below Average,2022-09-01,Saturday,1,1.0,0.0,1.0,0.0,43.0,43.0,31.48,31.48,5.01,True
b7d5dc5c-a74e-4884-8a08-b588145a5695,Restaurant 664,Philadelphia,CO,American (New),2,Below Average,2023-01-01,Sunday,1,1.0,0.0,1.0,0.0,46.0,46.0,24.04,24.04,5.19,True
52e8fb34-c578-4ef6-aa7a-6b36da3362b7,Restaurant 676,Philadelphia,CO,Coffee & Tea,2,Below Average,2022-05-01,Friday,1,1.0,0.0,1.0,1.0,16.0,16.0,34.38,34.38,4.45,True
6e510df3-bcf4-4569-bcf2-76ba6b464291,Restaurant 688,Philadelphia,CO,Sushi,2,Below Average,2022-03-01,Wednesday,1,1.0,0.0,1.0,0.0,51.0,51.0,48.33,48.33,7.61,True
9d5835e6-d19e-49f9-b602-d7f5f81ccf29,Restaurant 689,Philadelphia,CO,Italian,2,Below Average,2024-06-01,Monday,1,1.0,0.0,1.0,1.0,23.0,23.0,29.85,29.85,2.93,True
66eee0aa-2503-47bc-a553-ccb1896798de,Restaurant 706,Philadelphia,CO,Sushi,2,Below Average,2024-09-01,Sunday,1,1.0,0.0,1.0,1.0,18.0,18.0,27.58,27.58,2.68,True
f3124524-fe88-43db-bdc0-b8899ac991b0,Restaurant 728,Philadelphia,CO,Chinese,2,Below Average,2022-03-01,Thursday,1,1.0,0.0,1.0,0.0,35.0,35.0,16.83,16.83,1.22,True
7bcf338e-a1b8-4088-8fe5-443844f4e484,Restaurant 740,Philadelphia,CO,Chinese,2,Below Average,2024-07-01,Friday,1,1.0,0.0,1.0,0.0,44.0,44.0,47.25,47.25,4.99,True
52775d01-bd36-429f-a4bf-98ea53967b12,Restaurant 760,Philadelphia,CO,Pizza,2,Below Average,2022-03-01,Wednesday,1,1.0,0.0,1.0,1.0,34.0,34.0,39.0,39.0,1.53,True
610b9511-169a-482d-b6c7-868749a8dc02,Restaurant 780,Philadelphia,CO,Mexican,2,Below Average,2024-12-01,Friday,1,1.0,0.0,1.0,0.0,52.0,52.0,38.76,38.76,1.71,True
b8548863-aaf9-4e15-89a2-7f88a0c42b08,Restaurant 911,Philadelphia,CO,Seafood,3,Average,2022-09-01,Friday,1,0.0,1.0,0.0,,,,27.03,27.03,2.62,True
6246a3ea-031d-46d2-ac96-8112879411b3,Restaurant 913,Philadelphia,CO,Burgers,3,Average,2023-10-01,Monday,1,1.0,0.0,1.0,0.0,52.0,52.0,29.9,29.9,1.5,True
b4df87c7-7d74-47e5-9b26-ed0dfcbba978,Restaurant 914,Philadelphia,CO,Italian,3,Average,2023-01-01,Monday,1,1.0,0.0,1.0,1.0,10.0,10.0,23.02,23.02,2.86,True
2c2f6ec2-2155-443b-abc4-0ef3d003f4ed,Restaurant 928,Philadelphia,CO,Mexican,3,Average,2023-10-01,Friday,1,1.0,0.0,1.0,0.0,57.0,57.0,16.59,16.59,5.13,True
eb0274f1-06bc-4d4b-ba9e-553b0cb5c0e5,Restaurant 934,Philadelphia,CO,Seafood,3,Average,2022-07-01,Sunday,1,1.0,0.0,1.0,1.0,28.0,28.0,8.0,8.0,2.0,True
2481c45e-4b90-4472-aaa7-e14d81b4f2bf,Restaurant 965,Philadelphia,CO,Burgers,3,Average,2024-07-01,Tuesday,1,1.0,0.0,1.0,0.0,33.0,33.0,35.97,35.97,1.62,True
6a4dea5a-acd6-4a0f-94f1-76aee923108a,Restaurant 974,Philadelphia,CO,Thai,3,Average,2022-03-01,Saturday,1,1.0,0.0,1.0,1.0,13.0,13.0,27.32,27.32,5.76,True
4ec9fe38-9d1f-4f7d-96f3-4d4149e45e97,Restaurant 993,Philadelphia,CO,Burgers,3,Average,2022-01-01,Monday,1,1.0,0.0,1.0,1.0,40.0,40.0,50.04,50.04,2.45,True
1c6668cf-2035-4c38-944e-5456123ad708,Restaurant 1000,Philadelphia,CO,Burgers,3,Average,2023-11-01,Sunday,1,1.0,0.0,1.0,1.0,33.0,33.0,15.36,15.36,5.66,True
e296d202-f022-42b9-988d-360a619d8343,Restaurant 1020,Philadelphia,CO,Burgers,3,Average,2024-02-01,Monday,1,1.0,0.0,1.0,0.0,36.0,36.0,35.6,35.6,2.87,True
d14e9175-d81b-4006-b0a6-dfbf59ff8656,Restaurant 1044,Philadelphia,CO,Italian,3,Average,2024-10-01,Friday,1,1.0,0.0,1.0,0.0,48.0,48.0,32.42,32.42,6.11,True
37d7f590-d95e-44f2-897a-98750153f803,Restaurant 1046,Philadelphia,CO,Burgers,3,Average,2022-06-01,Saturday,1,1.0,0.0,1.0,1.0,44.0,44.0,8.0,8.0,5.71,True
98704bbd-22a4-4064-90df-f0915b69bccf,Restaurant 1086,Philadelphia,CO,Thai,3,Average,2023-09-01,Tuesday,1,1.0,0.0,1.0,0.0,52.0,52.0,18.18,18.18,7.38,True
7a748cca-8684-4191-a095-ddcad7010130,Restaurant 1093,Philadelphia,CO,Sushi,3,Average,2022-01-01,Monday,1,1.0,0.0,1.0,1.0,25.0,25.0,31.27,31.27,2.52,True
e617f2f1-9f83-434f-9629-6385a0b313df,Restaurant 1106,Philadelphia,CO,Seafood,3,Average,2024-02-01,Friday,1,1.0,0.0,1.0,1.0,32.0,32.0,25.94,25.94,4.7,True
4551a7b7-3717-4d3d-9f6c-dc8b7834f807,Restaurant 1144,Philadelphia,CO,Italian,3,Average,2024-02-01,Saturday,1,1.0,0.0,1.0,1.0,35.0,35.0,27.44,27.44,3.72,True
f64d42d8-5d6f-4ba3-b37a-d1fe63e4d8f9,Restaurant 1161,Philadelphia,CO,Pizza,3,Average,2022-08-01,Friday,1,1.0,0.0,1.0,0.0,46.0,46.0,35.13,35.13,2.31,True
91db77b1-0bab-456d-a759-f24b7da60d83,Restaurant 1168,Philadelphia,CO,Seafood,3,Average,2022-07-01,Wednesday,1,1.0,0.0,1.0,0.0,38.0,38.0,38.05,38.05,2.6,True
3e615fe9-f6eb-4d9c-8e58-66031363460a,Restaurant 1174,Philadelphia,CO,Seafood,3,Average,2022-12-01,Thursday,1,1.0,0.0,1.0,1.0,18.0,18.0,45.46,45.46,3.07,True
cf052e07-e854-425f-aa56-1f8759dc14af,Restaurant 1184,Philadelphia,CO,Seafood,3,Average,2022-01-01,Sunday,1,1.0,0.0,1.0,1.0,24.0,24.0,12.07,12.07,6.69,True
394f87d6-2bc1-4cdf-a7ee-8969c305999c,Restaurant 1196,Philadelphia,CO,Seafood,3,Average,2022-06-01,Wednesday,1,1.0,0.0,1.0,1.0,52.0,52.0,15.99,15.99,7.79,True
892bfd96-b2bf-4fe5-9236-df64462397a2,Restaurant 1228,Philadelphia,CO,Italian,4,Strong,2022-12-01,Monday,1,1.0,0.0,1.0,0.0,47.0,47.0,28.3,28.3,4.33,True
32416e25-476c-4c1a-8a99-eb9067939b8e,Restaurant 1232,Philadelphia,CO,Pizza,4,Strong,2024-02-01,Monday,1,1.0,0.0,1.0,1.0,10.0,10.0,37.55,37.55,7.27,True
530282f3-48d2-4fd5-9c91-e2915a3de69e,Restaurant 1242,Philadelphia,CO,Coffee & Tea,4,Strong,2023-08-01,Friday,1,1.0,0.0,1.0,1.0,45.0,45.0,29.48,29.48,7.64,True
9cdf422a-1737-4844-804f-f3f7445891c6,Restaurant 1246,Philadelphia,CO,Mexican,4,Strong,2024-06-01,Thursday,1,1.0,0.0,1.0,1.0,39.0,39.0,34.83,34.83,3.59,True
8d7b7c77-224e-44e7-abd2-58440cf94146,Restaurant 1256,Philadelphia,CO,Seafood,4,Strong,2022-09-01,Friday,1,1.0,0.0,1.0,1.0,30.0,30.0,24.63,24.63,3.63,True
b3421fcf-c288-4154-bb38-a76cdb5493b6,Restaurant 1287,Philadelphia,CO,Italian,4,Strong,2023-08-01,Tuesday,1,1.0,0.0,1.0,1.0,43.0,43.0,48.52,48.52,4.09,True
7d77f3d5-9661-4a48-bc50-276af59798f0,Restaurant 1293,Philadelphia,CO,Thai,4,Strong,2024-09-01,Monday,1,1.0,0.0,1.0,0.0,21.0,21.0,15.99,15.99,4.4,True
baeea725-7d61-4880-97f3-1464934553dd,Restaurant 1298,Philadelphia,CO,Thai,4,Strong,2022-10-01,Sunday,1,1.0,0.0,1.0,1.0,42.0,42.0,20.3,20.3,1.46,True
bab28f09-4af5-4700-9f38-b86466e0a8c3,Restaurant 1304,Philadelphia,CO,Chinese,4,Strong,2023-11-01,Friday,1,1.0,0.0,1.0,1.0,27.0,27.0,33.09,33.09,7.31,True
944cdb17-4eac-4012-bdeb-53d374834d1b,Restaurant 1312,Philadelphia,CO,Burgers,4,Strong,2024-07-01,Monday,1,1.0,0.0,1.0,1.0,38.0,38.0,38.6,38.6,3.37,True
cc86ffe0-902e-4790-87df-41573291b731,Restaurant 1314,Philadelphia,CO,Thai,4,Strong,2024-01-01,Saturday,1,1.0,0.0,1.0,1.0,10.0,10.0,21.45,21.45,1.28,True
4db6e23b-c2ae-4d32-baf0-3e18a981ee57,Restaurant 1315,Philadelphia,CO,Pizza,4,Strong,2023-10-01,Monday,1,1.0,0.0,1.0,0.0,64.0,64.0,11.24,11.24,4.77,True
23eb233c-bbb7-41ce-9834-a5cefdc4017a,Restaurant 1356,Philadelphia,CO,Coffee & Tea,4,Strong,2023-11-01,Sunday,1,1.0,0.0,1.0,1.0,31.0,31.0,60.09,60.09,1.06,True
6e532e2a-a7ec-4bc1-a73c-f9cbfcb015f2,Restaurant 1384,Philadelphia,CO,Seafood,4,Strong,2024-08-01,Monday,1,1.0,0.0,1.0,1.0,37.0,37.0,8.0,8.0,7.35,True
590aee83-b720-448e-b3f2-4a8570d03160,Restaurant 1415,Philadelphia,CO,Chinese,4,Strong,2024-12-01,Thursday,1,1.0,0.0,1.0,1.0,16.0,16.0,41.61,41.61,5.73,True
f1a5c50f-a907-46bf-9c6d-df9a36e6ccbb,Restaurant 1431,Philadelphia,CO,Seafood,4,Strong,2024-10-01,Friday,1,1.0,0.0,1.0,1.0,18.0,18.0,44.44,44.44,2.44,True
e4828866-b82f-45c2-80ae-1b9a77bdbc25,Restaurant 1434,Philadelphia,CO,Seafood,4,Strong,2024-06-01,Wednesday,1,1.0,0.0,1.0,0.0,57.0,57.0,8.0,8.0,3.17,True
83315ede-7778-44a5-b680-1030fcc1e342,Restaurant 1441,Philadelphia,CO,Chinese,4,Strong,2023-01-01,Wednesday,1,1.0,0.0,1.0,0.0,45.0,45.0,35.98,35.98,6.66,True
98950463-b9e8-4a60-956c-1c6be4c6b8a5,Restaurant 1448,Philadelphia,CO,Chinese,4,Strong,2022-03-01,Thursday,1,1.0,0.0,1.0,0.0,44.0,44.0,54.49,54.49,5.88,True
6a69ee2a-c037-49f4-b45d-70c665a4c016,Restaurant 1450,Philadelphia,CO,Coffee & Tea,4,Strong,2022-04-01,Wednesday,1,1.0,0.0,1.0,0.0,66.0,66.0,40.06,40.06,1.51,True
fba73bf8-d40c-4e3a-a42a-04eca45ec072,Restaurant 1461,Philadelphia,CO,Seafood,4,Strong,2022-09-01,Thursday,1,1.0,0.0,1.0,0.0,55.0,55.0,47.64,47.64,5.54,True
7fe2f7a2-0bee-45a9-9026-8ebdfe382f3d,Restaurant 1479,Philadelphia,CO,Chinese,4,Strong,2024-12-01,Saturday,1,1.0,0.0,1.0,0.0,51.0,51.0,20.98,20.98,5.05,True
a4b89c7f-f0c3-4e51-b512-9e0293a0fe01,Restaurant 1491,Philadelphia,CO,Seafood,4,Strong,2022-07-01,Thursday,1,1.0,0.0,1.0,0.0,41.0,41.0,27.59,27.59,2.53,True
99dc75d8-4b0a-4c60-9cff-6cf87a91eec0,Restaurant 1517,Philadelphia,CO,Sushi,4,Strong,2023-03-01,Monday,1,1.0,0.0,1.0,0.0,31.0,31.0,8.0,8.0,5.13,True
acf07cd1-be70-465a-957e-f8ce255df639,Restaurant 1539,Philadelphia,CO,Burgers,4,Strong,2024-10-01,Tuesday,1,1.0,0.0,1.0,1.0,36.0,36.0,21.94,21.94,3.2,True
3a2ee7b6-ffed-4ca4-9204-42b330623809,Restaurant 1558,Philadelphia,CO,Sushi,4,Strong,2024-10-01,Wednesday,1,1.0,0.0,1.0,1.0,22.0,22.0,18.15,18.15,7.25,True
a2416b0c-f55e-4f3c-8501-9b3fd33b1b29,Restaurant 1563,Philadelphia,CO,Chinese,4,Strong,2022-10-01,Monday,1,1.0,0.0,1.0,1.0,21.0,21.0,12.78,12.78,2.0,True
530b77de-d14e-49e0-88cf-46f88cc81b83,Restaurant 1582,Philadelphia,CO,Sushi,4,Strong,2024-12-01,Wednesday,1,1.0,0.0,1.0,1.0,11.0,11.0,32.87,32.87,3.18,True
f6a5829b-7783-4f62-87e9-8514484e1362,Restaurant 1585,Philadelphia,CO,Italian,4,Strong,2022-02-01,Thursday,1,1.0,0.0,1.0,1.0,46.0,46.0,24.6,24.6,1.89,True
0a81fa0a-021b-4194-a11a-f3eb5998fb70,Restaurant 1634,Philadelphia,CO,Seafood,5,Elite,2022-05-01,Saturday,1,1.0,0.0,1.0,1.0,37.0,37.0,54.53,54.53,4.41,True
27eaab64-09e4-49d5-ad52-955fa9c037d3,Restaurant 1652,Philadelphia,CO,Seafood,5,Elite,2024-07-01,Tuesday,1,1.0,0.0,1.0,1.0,26.0,26.0,27.35,27.35,3.58,True
9889012c-0933-4446-a312-974bf5f7cc88,Restaurant 1660,Philadelphia,CO,Pizza,5,Elite,2023-08-01,Thursday,1,1.0,0.0,1.0,1.0,12.0,12.0,16.08,16.08,1.62,True
e332c60f-fa43-408c-95cc-751ec7688d1a,Restaurant 1674,Philadelphia,CO,Sushi,5,Elite,2022-09-01,Sunday,1,1.0,0.0,1.0,0.0,49.0,49.0,26.8,26.8,4.44,True
e54b34c9-9e3e-44d2-b8ee-cb0e9e34de59,Restaurant 1686,Philadelphia,CO,Sushi,5,Elite,2023-12-01,Sunday,1,1.0,0.0,1.0,1.0,33.0,33.0,30.04,30.04,1.64,True
9f3dff24-a5d7-4924-8e12-bba837b933f5,Restaurant 1697,Philadelphia,CO,Coffee & Tea,5,Elite,2023-02-01,Tuesday,1,1.0,0.0,1.0,1.0,31.0,31.0,29.99,29.99,5.51,True
5ebe950a-bb5a-44d1-8816-35cd95e812a4,Restaurant 1705,Philadelphia,CO,Coffee & Tea,5,Elite,2024-03-01,Wednesday,1,1.0,0.0,1.0,1.0,29.0,29.0,25.56,25.56,4.88,True
b0fe070f-91d6-4e65-b0a1-018c0830ad5c,Restaurant 1713,Philadelphia,CO,Seafood,5,Elite,2023-07-01,Thursday,1,1.0,0.0,1.0,1.0,18.0,18.0,8.0,8.0,5.44,True
e2e03bb4-3865-4986-8202-d0e2e96a87d0,Restaurant 1723,Philadelphia,CO,Mexican,5,Elite,2022-09-01,Monday,1,1.0,0.0,1.0,1.0,31.0,31.0,8.0,8.0,7.98,True
4193bff4-85df-4d06-8cd8-563b046dcac4,Restaurant 1741,Philadelphia,CO,Seafood,5,Elite,2022-10-01,Thursday,1,1.0,0.0,1.0,1.0,38.0,38.0,19.66,19.66,6.55,True
5fecb5c9-9051-42ef-b6eb-47ace5c01733,Restaurant 1772,Philadelphia,CO,Seafood,5,Elite,2023-11-01,Thursday,1,1.0,0.0,1.0,1.0,23.0,23.0,37.9,37.9,3.49,True
e73cc532-82c3-4beb-9289-5d3d013cf4ca,Restaurant 1791,Philadelphia,CO,Sushi,5,Elite,2023-10-01,Tuesday,1,1.0,0.0,1.0,1.0,24.0,24.0,42.66,42.66,1.56,True
abadbe72-251b-4bc9-9985-95a2e42f872f,Restaurant 1802,Philadelphia,CO,Pizza,5,Elite,2023-03-01,Thursday,1,1.0,0.0,1.0,1.0,36.0,36.0,8.55,8.55,3.69,True
d4308e7b-3a78-4c99-8c00-94d3d130a68d,Restaurant 1818,Philadelphia,CO,Seafood,5,Elite,2023-08-01,Monday,1,1.0,0.0,1.0,1.0,23.0,23.0,49.49,49.49,6.82,True
d85d6b64-796f-4ef6-bceb-89a17251c012,Restaurant 1838,Philadelphia,CO,Italian,5,Elite,2023-07-01,Saturday,1,1.0,0.0,1.0,0.0,57.0,57.0,14.7,14.7,3.41,True
270ebe3e-be69-4492-aea2-bd858daf08e7,Restaurant 1842,Philadelphia,CO,Thai,5,Elite,2023-12-01,Sunday,1,1.0,0.0,1.0,1.0,36.0,36.0,34.78,34.78,6.77,True
4e2c07cc-8835-419f-8ae3-e50f4453eda2,Restaurant 1848,Philadelphia,CO,Italian,5,Elite,2024-09-01,Tuesday,1,1.0,0.0,1.0,0.0,36.0,36.0,29.66,29.66,4.36,True
d71351bc-86a1-4b0c-9c64-d38c9580cf64,Restaurant 1852,Philadelphia,CO,American (New),5,Elite,2024-12-01,Sunday,1,1.0,0.0,1.0,0.0,60.0,60.0,52.64,52.64,7.67,True
c56034aa-2f78-4abb-8b41-ca896dd43bbd,Restaurant 1859,Philadelphia,CO,Thai,5,Elite,2022-07-01,Saturday,1,1.0,0.0,1.0,1.0,41.0,41.0,26.22,26.22,1.94,True
b0662d42-f6a7-4695-b775-7b915c173b06,Restaurant 1876,Philadelphia,CO,Mexican,5,Elite,2024-03-01,Thursday,1,1.0,0.0,1.0,0.0,45.0,45.0,8.0,8.0,1.37,True
1b673978-6110-45ed-8638-3dc37a269223,Restaurant 1941,Philadelphia,CO,Pizza,5,Elite,2024-03-01,Monday,1,1.0,0.0,1.0,1.0,15.0,15.0,29.97,29.97,2.72,True
a46514ad-9c13-4471-8073-6afd9372d5e3,Restaurant 1954,Philadelphia,CO,American (New),5,Elite,2024-03-01,Friday,1,1.0,0.0,1.0,1.0,24.0,24.0,42.83,42.83,5.87,True
280220a3-448d-4018-b918-53ffc3ded458,Restaurant 1960,Philadelphia,CO,Italian,5,Elite,2023-12-01,Saturday,1,1.0,0.0,1.0,0.0,56.0,56.0,58.3,58.3,7.13,True
e79a3345-5f1a-4493-9b76-e3d05de99191,Restaurant 1999,Philadelphia,CO,Italian,5,Elite,2022-12-01,Thursday,1,1.0,0.0,1.0,1.0,31.0,31.0,15.23,15.23,7.24,True
cb8f8a44-90f9-4667-b289-8ee7f3cad5ae,Restaurant 1052,Philadelphia,NY,Thai,3,Average,2022-11-01,Wednesday,1,1.0,0.0,1.0,0.0,43.0,43.0,49.72,49.72,1.56,True
39b4e4fe-e6c7-4096-b1fb-3e64de5e099a,Restaurant 2,Philadelphia,NY,Chinese,1,Low,2022-11-01,Thursday,1,1.0,0.0,1.0,1.0,29.0,29.0,27.46,27.46,3.69,True
f37b17d4-a786-4ec5-bf74-fd0405de96f7,Restaurant 7,Philadelphia,NY,American (New),1,Low,2024-02-01,Friday,1,1.0,0.0,1.0,1.0,39.0,39.0,37.3,37.3,5.89,True
96060ead-4793-4cbe-869c-f2dc3e186cdc,Restaurant 1057,Philadelphia,NY,Burgers,3,Average,2024-03-01,Friday,1,1.0,0.0,1.0,1.0,28.0,28.0,52.93,52.93,7.24,True
5099fcfd-f316-438f-8ac1-7e344eacd601,Restaurant 24,Philadelphia,NY,Coffee & Tea,1,Low,2024-03-01,Thursday,1,1.0,0.0,1.0,1.0,10.0,10.0,20.86,20.86,7.68,True
298f9476-abf4-4686-aff2-c3072f4a8f26,Restaurant 1060,Philadelphia,NY,Sushi,3,Average,2022-03-01,Monday,1,1.0,0.0,1.0,0.0,60.0,60.0,20.21,20.21,6.7,True
d97c5d40-0d71-4df7-88db-6df30563b36a,Restaurant 47,Philadelphia,NY,Chinese,1,Low,2022-12-01,Thursday,1,1.0,0.0,1.0,1.0,45.0,45.0,11.66,11.66,3.69,True
e7352eaa-c694-44a5-a670-e944f17914f0,Restaurant 1096,Philadelphia,NY,Coffee & Tea,3,Average,2023-04-01,Monday,1,1.0,0.0,1.0,0.0,56.0,56.0,22.67,22.67,4.07,True
5a375f5d-0922-4c68-b1fb-60663f29dbc0,Restaurant 59,Philadelphia,NY,Chinese,1,Low,2024-09-01,Saturday,1,1.0,0.0,1.0,1.0,32.0,32.0,33.78,33.78,2.46,True
cffe33bf-1698-4197-bdca-f40770074e4b,Restaurant 1100,Philadelphia,NY,American (New),3,Average,2024-10-01,Monday,1,1.0,0.0,1.0,1.0,10.0,10.0,25.33,25.33,4.44,True
c3e355af-1040-46b2-bfb7-02b686674d50,Restaurant 1103,Philadelphia,NY,Chinese,3,Average,2022-02-01,Monday,1,1.0,0.0,1.0,1.0,26.0,26.0,17.38,17.38,2.39,True
0365a1ea-9ca0-435c-9685-3c96fe5c460d,Restaurant 1105,Philadelphia,NY,Burgers,3,Average,2022-08-01,Tuesday,1,1.0,0.0,1.0,0.0,56.0,56.0,13.91,13.91,6.05,True
c13eddfa-ef0a-40e4-a8fc-d94c8b71948d,Restaurant 69,Philadelphia,NY,Chinese,1,Low,2024-05-01,Monday,1,1.0,0.0,1.0,1.0,42.0,42.0,19.84,19.84,4.33,True
02d00be4-8b01-45a5-a452-a6fa965fa8e9,Restaurant 1114,Philadelphia,NY,Pizza,3,Average,2024-08-01,Saturday,1,1.0,0.0,1.0,1.0,49.0,49.0,39.42,39.42,3.89,True
063d3473-d07e-4b6d-bdd5-1986ea61e436,Restaurant 1116,Philadelphia,NY,Sushi,3,Average,2022-06-01,Monday,1,1.0,0.0,1.0,1.0,30.0,30.0,29.06,29.06,7.83,True
d120f4a6-15d8-4184-9a94-29cd185705c0,Restaurant 126,Philadelphia,NY,Burgers,1,Low,2023-03-01,Wednesday,1,1.0,0.0,1.0,1.0,43.0,43.0,27.66,27.66,2.45,True
fec37f86-aa4f-4db4-9265-1d75f06af877,Restaurant 127,Philadelphia,NY,Pizza,1,Low,2023-01-01,Tuesday,1,1.0,0.0,1.0,1.0,22.0,22.0,28.51,28.51,6.32,True
1ec7f9db-06e8-4a5d-8a93-a7a7fbb637cc,Restaurant 1179,Philadelphia,NY,Italian,3,Average,2023-09-01,Sunday,1,1.0,0.0,1.0,1.0,10.0,10.0,23.1,23.1,2.04,True
327ace53-d67d-4447-a058-fca86dead6b8,Restaurant 1189,Philadelphia,NY,Seafood,3,Average,2024-05-01,Sunday,1,1.0,0.0,1.0,1.0,40.0,40.0,25.07,25.07,5.86,True
79e489a0-38cc-4719-a689-7abac44f0c10,Restaurant 153,Philadelphia,NY,Chinese,1,Low,2024-02-01,Saturday,1,1.0,0.0,1.0,1.0,19.0,19.0,33.33,33.33,6.63,True
4b8d4948-c14d-4911-be86-42b214d345d5,Restaurant 1210,Philadelphia,NY,Thai,4,Strong,2022-11-01,Tuesday,1,1.0,0.0,1.0,1.0,39.0,39.0,14.14,14.14,2.39,True
1ffb7371-3bdd-4f43-bb37-364b43d2b53b,Restaurant 168,Philadelphia,NY,Italian,1,Low,2023-01-01,Monday,1,1.0,0.0,1.0,1.0,29.0,29.0,21.84,21.84,4.48,True
f8e1f755-8325-43dc-bb9c-b0ec3f71272b,Restaurant 169,Philadelphia,NY,Burgers,1,Low,2022-12-01,Friday,1,1.0,0.0,1.0,1.0,37.0,37.0,19.99,19.99,3.38,True
38c0b299-0de7-4c08-bbab-70f27eb5f983,Restaurant 1217,Philadelphia,NY,Mexican,4,Strong,2023-12-01,Sunday,1,1.0,0.0,1.0,0.0,51.0,51.0,16.62,16.62,3.54,True
6c488b5a-1b56-4287-9841-6d102265b707,Restaurant 184,Philadelphia,NY,Chinese,1,Low,2023-08-01,Sunday,1,1.0,0.0,1.0,1.0,31.0,31.0,42.19,42.19,6.4,True
41af0b3d-cc13-4170-8677-a9ff4a0b8587,Restaurant 1266,Philadelphia,NY,Burgers,4,Strong,2024-01-01,Thursday,1,1.0,0.0,1.0,1.0,10.0,10.0,26.49,26.49,5.64,True
0a70f56d-dc81-418d-8d3d-df8febb33d1b,Restaurant 1276,Philadelphia,NY,Pizza,4,Strong,2024-06-01,Thursday,1,1.0,0.0,1.0,1.0,31.0,31.0,12.97,12.97,3.93,True
2e035901-c4b2-4026-83ea-2d57ddb80151,Restaurant 1278,Philadelphia,NY,Italian,4,Strong,2023-09-01,Friday,1,1.0,0.0,1.0,1.0,38.0,38.0,13.23,13.23,7.56,True
e2c5120f-4685-4868-a145-2da148452a59,Restaurant 1282,Philadelphia,NY,Coffee & Tea,4,Strong,2024-08-01,Thursday,1,1.0,0.0,1.0,1.0,42.0,42.0,39.38,39.38,4.31,True
353679c0-b6cf-4b88-8a6c-939619a08447,Restaurant 232,Philadelphia,NY,Thai,1,Low,2024-12-01,Tuesday,1,1.0,0.0,1.0,1.0,39.0,39.0,36.28,36.28,1.0,True
c9b1e53e-1290-451e-a352-412069e5b535,Restaurant 239,Philadelphia,NY,Sushi,1,Low,2024-05-01,Friday,1,1.0,0.0,1.0,1.0,28.0,28.0,58.62,58.62,1.37,True
4ce90dc4-21f7-4d01-a00c-7bc039719b7e,Restaurant 253,Philadelphia,NY,Mexican,1,Low,2022-07-01,Tuesday,1,1.0,0.0,1.0,1.0,32.0,32.0,13.74,13.74,7.44,True
ac1068c0-1db2-4a25-9f08-90c6f0bd239f,Restaurant 1285,Philadelphia,NY,Pizza,4,Strong,2023-05-01,Thursday,1,1.0,0.0,1.0,1.0,35.0,35.0,27.98,27.98,2.68,True
728edd11-307d-472b-95b1-69e8bff5f75f,Restaurant 278,Philadelphia,NY,Thai,1,Low,2022-02-01,Saturday,1,1.0,0.0,1.0,1.0,36.0,36.0,34.26,34.26,5.02,True
fad6bf46-cf2e-4ece-a7e3-97c2a1ca7103,Restaurant 314,Philadelphia,NY,Coffee & Tea,1,Low,2024-02-01,Sunday,1,1.0,0.0,1.0,1.0,14.0,14.0,66.84,66.84,2.3,True
f6ff3cd3-be23-4c66-bbfe-90acaf1dbd1c,Restaurant 315,Philadelphia,NY,Thai,1,Low,2024-01-01,Friday,1,1.0,0.0,1.0,0.0,36.0,36.0,35.85,35.85,4.36,True
51574129-05a3-4c6c-ad79-2db0a1cc99dd,Restaurant 316,Philadelphia,NY,Chinese,1,Low,2024-08-01,Tuesday,1,1.0,0.0,1.0,0.0,46.0,46.0,44.92,44.92,1.03,True
88eeb713-088a-4c7d-a7c3-dcaf7dc7e7cb,Restaurant 1338,Philadelphia,NY,Chinese,4,Strong,2023-01-01,Wednesday,1,1.0,0.0,1.0,1.0,25.0,25.0,24.75,24.75,6.01,True
1edf6834-b795-47ff-9df4-f7d8c814259b,Restaurant 1345,Philadelphia,NY,Burgers,4,Strong,2023-11-01,Friday,1,1.0,0.0,1.0,1.0,14.0,14.0,24.02,24.02,2.04,True
d910e224-61c9-4140-a64c-618d1dc93073,Restaurant 330,Philadelphia,NY,Chinese,1,Low,2022-04-01,Sunday,1,1.0,0.0,1.0,0.0,42.0,42.0,8.0,8.0,7.3,True
12f16d9a-5a6a-4fd5-b81a-4e7f8651d940,Restaurant 332,Philadelphia,NY,Mexican,1,Low,2022-02-01,Sunday,1,1.0,0.0,1.0,0.0,42.0,42.0,20.21,20.21,1.94,True
2d700e6c-01a1-4142-b5b3-cf99305e822c,Restaurant 1364,Philadelphia,NY,Coffee & Tea,4,Strong,2023-03-01,Friday,1,1.0,0.0,1.0,0.0,45.0,45.0,24.3,24.3,7.26,True
180960e6-f823-4317-9f3e-438b57ef4c5c,Restaurant 345,Philadelphia,NY,Sushi,1,Low,2022-12-01,Thursday,1,1.0,0.0,1.0,1.0,29.0,29.0,8.0,8.0,4.83,True
e4dd73f6-70d3-4437-98a7-28efa8873ba4,Restaurant 1371,Philadelphia,NY,Seafood,4,Strong,2024-08-01,Friday,1,1.0,0.0,1.0,1.0,21.0,21.0,33.92,33.92,4.4,True
86432427-0ffb-461a-9489-ae6ff0530645,Restaurant 1383,Philadelphia,NY,Coffee & Tea,4,Strong,2023-06-01,Friday,1,1.0,0.0,1.0,1.0,29.0,29.0,34.73,34.73,3.15,True
cc6ff513-c574-48f9-b2ec-4493c18b579a,Restaurant 1391,Philadelphia,NY,Pizza,4,Strong,2023-07-01,Friday,1,1.0,0.0,1.0,1.0,24.0,24.0,34.24,34.24,5.29,True
bcf3dd2d-e083-463a-be2b-f8ef59aa6c4e,Restaurant 1396,Philadelphia,NY,Coffee & Tea,4,Strong,2024-12-01,Wednesday,1,0.0,1.0,0.0,,,,61.13,61.13,1.82,True
1d140dd2-1477-4ba9-b6bf-8798756b6199,Restaurant 378,Philadelphia,NY,Burgers,1,Low,2023-01-01,Wednesday,1,1.0,0.0,1.0,0.0,58.0,58.0,11.6,11.6,7.16,True
5b262e0b-16f4-4533-885a-32d3b65356a9,Restaurant 1401,Philadelphia,NY,Burgers,4,Strong,2022-02-01,Saturday,1,1.0,0.0,1.0,0.0,54.0,54.0,48.14,48.14,6.94,True
1080357b-bb63-47e9-af21-8270650b4d3e,Restaurant 1430,Philadelphia,NY,Pizza,4,Strong,2023-10-01,Sunday,1,1.0,0.0,1.0,1.0,49.0,49.0,29.63,29.63,2.96,True
1ebf0d78-fcae-486e-a690-6ca1556d30bd,Restaurant 392,Philadelphia,NY,Seafood,1,Low,2024-08-01,Tuesday,1,1.0,0.0,1.0,0.0,47.0,47.0,29.54,29.54,1.09,True
d56a974c-cbdf-44b3-bea7-98f690cbb753,Restaurant 1440,Philadelphia,NY,Seafood,4,Strong,2023-11-01,Tuesday,1,1.0,0.0,1.0,0.0,50.0,50.0,18.28,18.28,7.22,True
2ce46e86-6c14-4f63-8243-80679d286b48,Restaurant 399,Philadelphia,NY,Seafood,1,Low,2024-03-01,Friday,1,1.0,0.0,1.0,1.0,17.0,17.0,29.66,29.66,1.12,True
8b481235-ee04-4e01-b594-2a278eaec2a3,Restaurant 400,Philadelphia,NY,Pizza,2,Below Average,2023-10-01,Tuesday,1,1.0,0.0,1.0,0.0,51.0,51.0,33.61,33.61,3.23,True
19ec6f2a-8d7a-4f4c-81b2-d98cb463b3a8,Restaurant 402,Philadelphia,NY,Chinese,2,Below Average,2024-01-01,Monday,1,1.0,0.0,1.0,1.0,30.0,30.0,48.67,48.67,4.22,True
6e3f991c-0222-4fa5-9d5f-cbac2558eb9e,Restaurant 1455,Philadelphia,NY,Burgers,4,Strong,2022-02-01,Sunday,1,1.0,0.0,1.0,1.0,36.0,36.0,36.24,36.24,2.36,True
874784c7-743a-432a-9a60-8e2efb000967,Restaurant 1460,Philadelphia,NY,Italian,4,Strong,2024-07-01,Tuesday,1,1.0,0.0,1.0,0.0,43.0,43.0,35.15,35.15,3.11,True
a0c2504d-5cfc-4561-95d6-1ed407a24aeb,Restaurant 415,Philadelphia,NY,Coffee & Tea,2,Below Average,2024-07-01,Sunday,1,1.0,0.0,1.0,0.0,48.0,48.0,28.56,28.56,7.43,True
5575dc82-46ab-4faa-ba57-04b349d1ce3e,Restaurant 422,Philadelphia,NY,American (New),2,Below Average,2022-11-01,Saturday,1,1.0,0.0,1.0,0.0,77.0,77.0,27.28,27.28,3.83,True
817f20ff-3f1b-4659-9c5d-e2ec34e24e68,Restaurant 425,Philadelphia,NY,Italian,2,Below Average,2023-06-01,Sunday,1,1.0,0.0,1.0,0.0,46.0,46.0,32.11,32.11,4.86,True
192997ea-b905-4a62-b3a8-b2f55d3384dd,Restaurant 1473,Philadelphia,NY,Thai,4,Strong,2022-09-01,Sunday,1,1.0,0.0,1.0,1.0,29.0,29.0,60.4,60.4,5.72,True
ea1d2589-4082-4dc2-959a-36d1fe170df1,Restaurant 1485,Philadelphia,NY,Seafood,4,Strong,2024-03-01,Monday,1,1.0,0.0,1.0,1.0,36.0,36.0,39.68,39.68,7.2,True
d456ef09-40b6-4e63-be6e-36b3faa8782b,Restaurant 448,Philadelphia,NY,Sushi,2,Below Average,2023-07-01,Saturday,1,1.0,0.0,1.0,0.0,41.0,41.0,28.15,28.15,5.41,True
6652b67b-f609-4dfb-832f-f66d00bf8199,Restaurant 1534,Philadelphia,NY,Burgers,4,Strong,2022-11-01,Thursday,1,1.0,0.0,1.0,0.0,51.0,51.0,9.09,9.09,7.24,True
a34497c4-8dc7-4519-8104-0c8188fb47c5,Restaurant 460,Philadelphia,NY,Seafood,2,Below Average,2023-11-01,Thursday,1,1.0,0.0,1.0,1.0,26.0,26.0,21.33,21.33,2.17,True
3cdf47e2-378b-49af-b4d8-e50d8cc6e15a,Restaurant 471,Philadelphia,NY,Thai,2,Below Average,2022-12-01,Tuesday,1,1.0,0.0,1.0,0.0,48.0,48.0,47.24,47.24,7.61,True
ec7dadd1-ef65-44d3-a60c-b2d2664b97fb,Restaurant 482,Philadelphia,NY,Seafood,2,Below Average,2024-08-01,Sunday,1,1.0,0.0,1.0,0.0,67.0,67.0,19.99,19.99,3.94,True
2954edfc-6aee-4abc-98c8-6cb2420518ba,Restaurant 1569,Philadelphia,NY,Pizza,4,Strong,2023-01-01,Wednesday,1,1.0,0.0,1.0,0.0,51.0,51.0,60.9,60.9,6.67,True
aa743637-010b-4033-9774-3e2e956bf8b5,Restaurant 525,Philadelphia,NY,Thai,2,Below Average,2023-06-01,Friday,1,1.0,0.0,1.0,0.0,29.0,29.0,19.89,19.89,1.8,True
3c2578e4-5752-4a56-b12e-e1ac28172257,Restaurant 1570,Philadelphia,NY,Burgers,4,Strong,2023-09-01,Monday,1,1.0,0.0,1.0,0.0,58.0,58.0,51.25,51.25,6.85,True
862a54b4-7ff5-45f3-9f0c-953a0e33aef4,Restaurant 1572,Philadelphia,NY,Burgers,4,Strong,2022-02-01,Monday,2,2.0,0.0,1.0,1.0,26.0,33.2,100.57,50.29,13.45,True
c634f514-ac1c-4260-b56f-22cef8c60fbe,Restaurant 1573,Philadelphia,NY,Thai,4,Strong,2023-10-01,Tuesday,1,1.0,0.0,1.0,0.0,34.0,34.0,29.2,29.2,7.3,True
43b9b9bd-5ee1-416b-8d9f-041d4e762f71,Restaurant 1579,Philadelphia,NY,Thai,4,Strong,2024-05-01,Sunday,1,1.0,0.0,1.0,0.0,40.0,40.0,45.3,45.3,7.33,True
9415a31e-0086-423a-9829-8b02075b25f7,Restaurant 1581,Philadelphia,NY,Sushi,4,Strong,2024-09-01,Friday,1,1.0,0.0,1.0,1.0,10.0,10.0,43.97,43.97,4.04,True
2f817f00-6f17-4007-9a83-6f408dde3733,Restaurant 1591,Philadelphia,NY,Chinese,4,Strong,2023-04-01,Thursday,1,1.0,0.0,1.0,1.0,20.0,20.0,15.0,15.0,1.56,True
e28aee60-dc9f-4096-b135-c64361050bd8,Restaurant 567,Philadelphia,NY,Sushi,2,Below Average,2022-01-01,Tuesday,1,1.0,0.0,1.0,1.0,38.0,38.0,36.53,36.53,5.08,True
c7dae061-4e20-4b09-8a64-bbdef93429bb,Restaurant 570,Philadelphia,NY,Burgers,2,Below Average,2022-01-01,Monday,1,1.0,0.0,1.0,1.0,29.0,29.0,71.6,71.6,6.55,True
ace9f434-cac5-4812-bfd9-871c0b363a0b,Restaurant 580,Philadelphia,NY,Coffee & Tea,2,Below Average,2023-12-01,Thursday,1,1.0,0.0,1.0,1.0,10.0,10.0,8.0,8.0,2.12,True
dc50cfe8-8361-4f2f-bba0-b5dbdab42b85,Restaurant 1592,Philadelphia,NY,Pizza,4,Strong,2022-01-01,Tuesday,1,1.0,0.0,1.0,1.0,10.0,10.0,20.09,20.09,2.47,True
8145e048-7580-4eb1-b904-e733ccd7420c,Restaurant 593,Philadelphia,NY,Seafood,2,Below Average,2024-06-01,Monday,1,1.0,0.0,1.0,0.0,53.0,53.0,52.48,52.48,5.53,True
0c8ca1c5-7f81-4d41-911c-3d02110a1838,Restaurant 1593,Philadelphia,NY,Thai,4,Strong,2024-12-01,Tuesday,1,1.0,0.0,1.0,1.0,31.0,31.0,43.43,43.43,6.48,True
70f65296-e230-4a5f-a9ad-b143e809fee4,Restaurant 600,Philadelphia,NY,Thai,2,Below Average,2024-03-01,Saturday,1,1.0,0.0,1.0,1.0,28.0,28.0,16.62,16.62,6.73,True
8416128e-8127-4e26-b728-0374197fdb17,Restaurant 610,Philadelphia,NY,Chinese,2,Below Average,2024-10-01,Friday,1,1.0,0.0,1.0,1.0,16.0,16.0,12.32,12.32,5.0,True
d4eee952-6069-46d0-a0d3-2142b6f8d900,Restaurant 1606,Philadelphia,NY,Coffee & Tea,5,Elite,2022-07-01,Wednesday,1,1.0,0.0,1.0,1.0,43.0,43.0,8.0,8.0,7.4,True
7fca1ce5-29e0-48d7-8563-3c66d2fc7754,Restaurant 616,Philadelphia,NY,Burgers,2,Below Average,2023-06-01,Saturday,1,1.0,0.0,1.0,1.0,30.0,30.0,40.23,40.23,1.59,True
42212f1b-f9b1-4ef9-b351-4fe5f5d68f5b,Restaurant 1608,Philadelphia,NY,Chinese,5,Elite,2024-09-01,Thursday,1,1.0,0.0,1.0,1.0,36.0,36.0,22.05,22.05,7.96,True
62ae2b8a-f11d-4711-a2ae-3f025e299987,Restaurant 623,Philadelphia,NY,American (New),2,Below Average,2022-11-01,Friday,1,1.0,0.0,1.0,0.0,57.0,57.0,12.1,12.1,6.46,True
55f1bf6b-991c-46d0-802f-5be749f4f705,Restaurant 1617,Philadelphia,NY,Thai,5,Elite,2023-05-01,Wednesday,1,1.0,0.0,1.0,1.0,32.0,32.0,25.86,25.86,2.31,True
37aca1fd-fdf9-4acc-8a17-363e7518565e,Restaurant 630,Philadelphia,NY,Seafood,2,Below Average,2022-12-01,Tuesday,1,1.0,0.0,1.0,1.0,10.0,10.0,17.13,17.13,5.54,True
82473a88-2bff-46ca-8caa-b0171d772a5c,Restaurant 1619,Philadelphia,NY,Sushi,5,Elite,2023-10-01,Friday,1,1.0,0.0,1.0,1.0,18.0,18.0,10.83,10.83,5.71,True
125a6011-9e50-4dca-9f3d-5ee791dafc79,Restaurant 1633,Philadelphia,NY,Mexican,5,Elite,2023-10-01,Saturday,1,1.0,0.0,1.0,1.0,40.0,40.0,29.38,29.38,6.55,True
a5f39c7d-a96f-43d0-ab8b-145403d850d6,Restaurant 671,Philadelphia,NY,Seafood,2,Below Average,2023-08-01,Wednesday,1,1.0,0.0,1.0,1.0,29.0,29.0,22.26,22.26,7.27,True
878ba491-1624-47e0-86e9-4a5218748211,Restaurant 1638,Philadelphia,NY,Mexican,5,Elite,2023-03-01,Thursday,1,1.0,0.0,1.0,1.0,40.0,40.0,30.79,30.79,2.73,True
26120823-6402-4618-a97b-fa2008a87cc0,Restaurant 679,Philadelphia,NY,Thai,2,Below Average,2023-04-01,Wednesday,1,1.0,0.0,1.0,1.0,27.0,27.0,17.96,17.96,4.35,True
6153cd4a-1c53-4bf8-8ca6-d7f2d5096151,Restaurant 1692,Philadelphia,NY,Sushi,5,Elite,2022-03-01,Tuesday,1,1.0,0.0,1.0,1.0,52.0,52.0,11.01,11.01,2.0,True
4be517bb-bb0c-411b-9b63-724270e10e30,Restaurant 1704,Philadelphia,NY,Thai,5,Elite,2022-07-01,Sunday,1,1.0,0.0,1.0,0.0,53.0,53.0,48.57,48.57,5.9,True
ee97d322-c143-4e9d-b557-376b193f7441,Restaurant 724,Philadelphia,NY,Burgers,2,Below Average,2022-11-01,Tuesday,1,1.0,0.0,1.0,0.0,59.0,59.0,23.12,23.12,1.02,True
332cc67d-b317-4dbd-a7fd-de8fe2c56e27,Restaurant 1711,Philadelphia,NY,Mexican,5,Elite,2024-07-01,Sunday,1,1.0,0.0,1.0,1.0,50.0,50.0,24.81,24.81,2.72,True
11264f5b-26e6-45b1-88b4-67e23deb3a46,Restaurant 1721,Philadelphia,NY,Thai,5,Elite,2023-09-01,Saturday,1,0.0,1.0,0.0,,,,36.6,36.6,5.22,True
a90d01c0-750d-4f9a-90d8-d1b2ea8cd97a,Restaurant 1725,Philadelphia,NY,Mexican,5,Elite,2023-02-01,Monday,1,1.0,0.0,1.0,1.0,10.0,10.0,37.07,37.07,4.8,True
5317d8c8-53d0-4405-b376-dfe0d224f6b9,Restaurant 1727,Philadelphia,NY,Pizza,5,Elite,2022-10-01,Monday,1,1.0,0.0,1.0,0.0,59.0,59.0,23.3,23.3,7.13,True
9a59ba45-42d3-4f69-808e-edff0298fa82,Restaurant 755,Philadelphia,NY,Seafood,2,Below Average,2024-09-01,Tuesday,1,1.0,0.0,1.0,1.0,28.0,28.0,25.3,25.3,4.5,True
5e0405cc-e039-43c1-9654-c2b16d645bd6,Restaurant 1733,Philadelphia,NY,Chinese,5,Elite,2022-05-01,Thursday,1,1.0,0.0,1.0,1.0,23.0,23.0,28.83,28.83,2.56,True
319c27e1-7578-4321-8359-8b17365b6162,Restaurant 784,Philadelphia,NY,Pizza,2,Below Average,2024-07-01,Monday,1,1.0,0.0,1.0,0.0,41.0,41.0,35.56,35.56,3.99,True
20191d69-1d79-4e4e-8a1b-96b778ba2eb2,Restaurant 1734,Philadelphia,NY,Sushi,5,Elite,2022-12-01,Wednesday,1,1.0,0.0,1.0,1.0,24.0,24.0,45.84,45.84,3.44,True
02c4fa7d-b7ff-4a74-a580-63dfb288527d,Restaurant 797,Philadelphia,NY,Italian,2,Below Average,2023-09-01,Saturday,1,1.0,0.0,1.0,1.0,38.0,38.0,11.46,11.46,7.85,True
90aab484-493d-41d2-ac0f-c0bac804ee9f,Restaurant 802,Philadelphia,NY,Seafood,3,Average,2023-05-01,Tuesday,1,1.0,0.0,1.0,1.0,26.0,26.0,40.66,40.66,7.71,True
8d07db44-04fd-476a-9590-97fccab3e844,Restaurant 809,Philadelphia,NY,Coffee & Tea,3,Average,2024-06-01,Wednesday,1,1.0,0.0,1.0,0.0,61.0,61.0,31.49,31.49,7.74,True
9599c638-49dd-46d8-84f9-8f916ca8ae36,Restaurant 810,Philadelphia,NY,Mexican,3,Average,2023-12-01,Wednesday,1,1.0,0.0,1.0,1.0,34.0,34.0,40.34,40.34,1.86,True
455969b1-2c40-40b5-8bc4-f678997233c2,Restaurant 811,Philadelphia,NY,Italian,3,Average,2023-09-01,Thursday,1,1.0,0.0,1.0,1.0,25.0,25.0,10.75,10.75,7.74,True
46dfbcd2-f634-47ac-90bd-36d96f4c9cc3,Restaurant 1756,Philadelphia,NY,Seafood,5,Elite,2022-10-01,Wednesday,1,1.0,0.0,1.0,0.0,43.0,43.0,40.21,40.21,2.68,True
3b8f2820-4b18-45f6-8a13-0bc9b5576a0d,Restaurant 836,Philadelphia,NY,Coffee & Tea,3,Average,2022-10-01,Monday,1,1.0,0.0,1.0,1.0,18.0,18.0,25.75,25.75,7.97,True
8c336c58-76a2-4012-821c-b804b4f42843,Restaurant 839,Philadelphia,NY,Mexican,3,Average,2024-07-01,Monday,1,1.0,0.0,1.0,0.0,41.0,41.0,34.44,34.44,5.79,True
a08276e4-7acc-4d1f-93df-07eb1e0a40c9,Restaurant 1767,Philadelphia,NY,Sushi,5,Elite,2023-05-01,Saturday,1,1.0,0.0,1.0,1.0,36.0,36.0,38.2,38.2,4.99,True
8c6a6762-1042-4f85-a930-2a22a30e7e41,Restaurant 858,Philadelphia,NY,Sushi,3,Average,2022-11-01,Friday,1,1.0,0.0,1.0,1.0,18.0,18.0,38.23,38.23,3.95,True
30bac6ad-a2b2-4657-bb1f-ff60dfa73965,Restaurant 1771,Philadelphia,NY,Seafood,5,Elite,2023-06-01,Friday,1,1.0,0.0,1.0,0.0,47.0,47.0,8.37,8.37,6.81,True
5da2c863-e7fe-4da5-b849-dd39b5615e8d,Restaurant 1788,Philadelphia,NY,Burgers,5,Elite,2022-12-01,Saturday,1,1.0,0.0,1.0,0.0,58.0,58.0,23.6,23.6,2.87,True
532b5dc6-cfaf-4ac2-a524-54e04c5e6913,Restaurant 876,Philadelphia,NY,Pizza,3,Average,2024-05-01,Friday,1,1.0,0.0,1.0,0.0,51.0,51.0,34.52,34.52,1.72,True
0f6a5cd4-c53b-474a-97c5-c728e98622ae,Restaurant 881,Philadelphia,NY,Mexican,3,Average,2022-06-01,Friday,1,1.0,0.0,1.0,1.0,29.0,29.0,20.03,20.03,4.7,True
aa1121a3-be59-47f5-b669-73dd401b7500,Restaurant 1832,Philadelphia,NY,Seafood,5,Elite,2023-03-01,Tuesday,1,1.0,0.0,1.0,0.0,35.0,35.0,59.68,59.68,1.81,True
7a88d7af-eb07-4444-931e-b37b1359be5f,Restaurant 910,Philadelphia,NY,Pizza,3,Average,2023-02-01,Sunday,1,1.0,0.0,1.0,0.0,49.0,49.0,36.35,36.35,6.66,True
d3c2a1c5-fd88-4c8f-94a0-d9a98010e013,Restaurant 1834,Philadelphia,NY,Coffee & Tea,5,Elite,2023-03-01,Friday,1,1.0,0.0,1.0,1.0,23.0,23.0,21.53,21.53,3.76,True
69eb99ba-3ea2-4c72-bc72-39ea568641e1,Restaurant 1843,Philadelphia,NY,Pizza,5,Elite,2024-02-01,Tuesday,1,1.0,0.0,1.0,0.0,50.0,50.0,20.4,20.4,3.97,True
c7a27ee0-b732-4fb4-8af4-f8c0997b6031,Restaurant 925,Philadelphia,NY,Burgers,3,Average,2023-03-01,Tuesday,1,1.0,0.0,1.0,1.0,24.0,24.0,43.47,43.47,4.26,True
ec5f75bb-f14b-4e7e-8a0f-75cdc2b8e8b5,Restaurant 1844,Philadelphia,NY,Sushi,5,Elite,2022-11-01,Friday,1,1.0,0.0,1.0,0.0,36.0,36.0,25.92,25.92,2.59,True
d70e63b4-f274-41ca-be20-4cf6da687fd4,Restaurant 1863,Philadelphia,NY,Pizza,5,Elite,2023-11-01,Monday,1,1.0,0.0,1.0,0.0,45.0,45.0,24.94,24.94,1.12,True
a45ca8d9-e7fb-4f15-93a0-766d51c161b9,Restaurant 1869,Philadelphia,NY,American (New),5,Elite,2023-07-01,Thursday,1,1.0,0.0,1.0,1.0,10.0,10.0,47.98,47.98,3.66,True
bf114da7-fb63-4a3b-97f2-a5a5d9afd9d6,Restaurant 939,Philadelphia,NY,Seafood,3,Average,2024-05-01,Thursday,1,1.0,0.0,1.0,1.0,33.0,33.0,25.87,25.87,3.85,True
59e6ec97-61bc-425c-8997-b45e0cef93d1,Restaurant 1899,Philadelphia,NY,Coffee & Tea,5,Elite,2024-11-01,Tuesday,1,1.0,0.0,1.0,1.0,25.0,25.0,34.84,34.84,2.52,True
eb080d94-7489-47cd-95e3-81a740994fee,Restaurant 948,Philadelphia,NY,Chinese,3,Average,2023-11-01,Sunday,1,1.0,0.0,1.0,1.0,28.0,28.0,8.0,8.0,7.53,True
5f5eb29e-7f09-48e1-82ab-21228078a1be,Restaurant 1905,Philadelphia,NY,Burgers,5,Elite,2024-12-01,Monday,1,1.0,0.0,1.0,1.0,39.0,39.0,24.48,24.48,3.95,True
812e63a0-75e2-43c9-8788-a8b02c3d1d44,Restaurant 953,Philadelphia,NY,Chinese,3,Average,2022-11-01,Wednesday,1,1.0,0.0,1.0,1.0,39.0,39.0,49.31,49.31,5.74,True
9c3c6b14-50ec-4bb4-8732-6327a28d847b,Restaurant 1907,Philadelphia,NY,Chinese,5,Elite,2024-04-01,Saturday,1,0.0,1.0,0.0,,,,25.38,25.38,7.45,True
fe991fb6-987e-43db-bbb2-f6586e7cc7b9,Restaurant 959,Philadelphia,NY,Italian,3,Average,2022-12-01,Wednesday,1,1.0,0.0,1.0,1.0,21.0,21.0,33.32,33.32,5.02,True
20884c72-dac3-4fd8-aa8b-3369e467b6d7,Restaurant 961,Philadelphia,NY,Chinese,3,Average,2022-02-01,Friday,1,1.0,0.0,1.0,1.0,18.0,18.0,31.53,31.53,4.68,True
b487508d-7795-4b27-84f4-d722cd847dfd,Restaurant 1930,Philadelphia,NY,American (New),5,Elite,2022-03-01,Wednesday,1,1.0,0.0,1.0,1.0,15.0,15.0,33.92,33.92,1.25,True
54cea9be-2231-4833-9b70-066500231633,Restaurant 964,Philadelphia,NY,Seafood,3,Average,2024-03-01,Sunday,1,1.0,0.0,1.0,0.0,31.0,31.0,59.11,59.11,1.81,True
3aa66772-97eb-4681-b792-9ef0d112d298,Restaurant 985,Philadelphia,NY,Burgers,3,Average,2023-11-01,Sunday,1,1.0,0.0,1.0,0.0,41.0,41.0,14.72,14.72,4.24,True
b9b4fd91-f720-4dfa-9af5-1e741277731d,Restaurant 1945,Philadelphia,NY,Pizza,5,Elite,2022-11-01,Thursday,1,1.0,0.0,1.0,1.0,14.0,14.0,16.46,16.46,2.87,True
ebf1fec4-5b45-4411-a4d9-2656aa8a0efb,Restaurant 1956,Philadelphia,NY,American (New),5,Elite,2024-05-01,Thursday,1,1.0,0.0,1.0,1.0,23.0,23.0,45.77,45.77,5.82,True
3b4af736-861d-4b49-9d92-10e75a3a23bf,Restaurant 1978,Philadelphia,NY,Sushi,5,Elite,2024-06-01,Sunday,1,1.0,0.0,1.0,1.0,45.0,45.0,35.23,35.23,7.31,True
6cc9541b-be03-494c-a3a2-2ca8a4e403be,Restaurant 996,Philadelphia,NY,American (New),3,Average,2022-03-01,Thursday,1,1.0,0.0,1.0,1.0,32.0,32.0,33.5,33.5,3.62,True
990e4fbc-bea9-45c2-b137-c5a01a23070d,Restaurant 998,Philadelphia,NY,Burgers,3,Average,2022-11-01,Monday,1,1.0,0.0,1.0,0.0,51.0,51.0,20.97,20.97,2.16,True
588252e0-9608-4573-be20-ef66d3a7473d,Restaurant 1004,Philadelphia,NY,Burgers,3,Average,2024-10-01,Saturday,1,1.0,0.0,1.0,0.0,56.0,56.0,16.12,16.12,2.13,True
a50d316a-1f4c-4afb-90f6-620f326e1e24,Restaurant 1979,Philadelphia,NY,Pizza,5,Elite,2022-10-01,Thursday,1,1.0,0.0,1.0,1.0,30.0,30.0,23.66,23.66,6.6,True
859e8489-c9dc-45c2-9337-5d2d16b39129,Restaurant 0,Philadelphia,PA,Seafood,1,Low,2023-12-01,Monday,1,1.0,0.0,1.0,1.0,35.0,35.0,38.45,38.45,6.63,True
b3cc076c-17bb-4448-bc7d-5e051f6c9d05,Restaurant 1036,Philadelphia,PA,Coffee & Tea,3,Average,2024-05-01,Wednesday,1,1.0,0.0,1.0,1.0,13.0,13.0,23.0,23.0,4.81,True
f3e98ea3-fc8b-421e-8849-dcd2d299077a,Restaurant 1051,Philadelphia,PA,Burgers,3,Average,2023-10-01,Monday,1,1.0,0.0,1.0,1.0,30.0,30.0,8.0,8.0,5.53,True
40cef1ea-5719-460f-8c9e-41332dd5ceb5,Restaurant 1,Philadelphia,PA,American (New),1,Low,2023-02-01,Monday,1,1.0,0.0,1.0,0.0,30.0,30.0,45.77,45.77,6.98,True
a12a64a0-f929-4bcf-9556-30726ff78f01,Restaurant 31,Philadelphia,PA,Mexican,1,Low,2023-02-01,Tuesday,1,1.0,0.0,1.0,1.0,40.0,40.0,48.89,48.89,7.8,True
059fb9bb-2f80-4abe-9be9-20619dc5cccd,Restaurant 1068,Philadelphia,PA,American (New),3,Average,2023-12-01,Tuesday,1,0.0,1.0,0.0,,,,41.3,41.3,5.65,True
5c101545-3842-45e6-8501-5067e2dfd285,Restaurant 1079,Philadelphia,PA,Pizza,3,Average,2023-04-01,Wednesday,1,1.0,0.0,1.0,1.0,28.0,28.0,49.19,49.19,2.26,True
e4243fba-02e0-48ea-af4d-a065cc51e321,Restaurant 1087,Philadelphia,PA,Sushi,3,Average,2023-02-01,Sunday,1,1.0,0.0,1.0,1.0,10.0,10.0,15.21,15.21,7.7,True
04968982-95bd-4f83-aebf-f2d94bb430c6,Restaurant 1089,Philadelphia,PA,Italian,3,Average,2024-10-01,Wednesday,1,1.0,0.0,1.0,1.0,41.0,41.0,33.39,33.39,6.13,True
379f6bc5-5e9b-4e65-af45-d6afd1cd2b81,Restaurant 63,Philadelphia,PA,Coffee & Tea,1,Low,2024-10-01,Sunday,1,1.0,0.0,1.0,1.0,27.0,27.0,8.0,8.0,3.73,True
f302725f-3e99-4a64-8193-4fa68dfb2542,Restaurant 1102,Philadelphia,PA,Italian,3,Average,2023-04-01,Sunday,1,1.0,0.0,1.0,1.0,10.0,10.0,8.0,8.0,2.14,True
24a3c021-5dd9-47b2-a7ca-54a3ebdbd59d,Restaurant 66,Philadelphia,PA,Coffee & Tea,1,Low,2024-11-01,Tuesday,1,1.0,0.0,1.0,1.0,29.0,29.0,57.63,57.63,5.66,True
c2a67327-89ce-41b2-aac9-4150f886efcc,Restaurant 96,Philadelphia,PA,Seafood,1,Low,2022-11-01,Saturday,1,1.0,0.0,1.0,1.0,10.0,10.0,48.84,48.84,2.72,True
0a7f217f-1c94-46f8-bd93-83def3d00a8f,Restaurant 1109,Philadelphia,PA,Sushi,3,Average,2024-05-01,Thursday,1,1.0,0.0,1.0,0.0,45.0,45.0,27.53,27.53,7.18,True
23a52345-31ad-4f02-b9c0-e8186775e859,Restaurant 108,Philadelphia,PA,Burgers,1,Low,2022-01-01,Friday,1,1.0,0.0,1.0,1.0,28.0,28.0,49.89,49.89,4.8,True
312586e7-d473-4d2e-a7ae-1c4a601b1e16,Restaurant 1128,Philadelphia,PA,Burgers,3,Average,2024-10-01,Friday,1,1.0,0.0,1.0,1.0,43.0,43.0,23.23,23.23,6.05,True
b6c91728-c175-4220-b4a3-29059a276bf4,Restaurant 1129,Philadelphia,PA,Chinese,3,Average,2022-12-01,Monday,1,1.0,0.0,1.0,1.0,46.0,46.0,23.3,23.3,7.39,True
0eab7582-b95e-43fb-9f25-12ed9500e955,Restaurant 1132,Philadelphia,PA,Burgers,3,Average,2024-02-01,Thursday,1,1.0,0.0,1.0,1.0,42.0,42.0,8.0,8.0,2.87,True
26b8d05a-b5de-4f43-86b9-284b7e4fb112,Restaurant 115,Philadelphia,PA,Italian,1,Low,2022-05-01,Monday,1,1.0,0.0,1.0,1.0,36.0,36.0,21.0,21.0,4.87,True
2d2e5725-578e-4882-9173-31b873e75b28,Restaurant 1142,Philadelphia,PA,Thai,3,Average,2023-09-01,Friday,1,1.0,0.0,1.0,1.0,12.0,12.0,12.23,12.23,3.36,True
21263509-3a0b-4795-a346-7ae41cf67974,Restaurant 1156,Philadelphia,PA,Mexican,3,Average,2023-12-01,Wednesday,1,1.0,0.0,1.0,1.0,28.0,28.0,8.0,8.0,7.44,True
ae7d5da4-5059-4759-9e69-433f1de9ba98,Restaurant 1159,Philadelphia,PA,Chinese,3,Average,2024-04-01,Friday,1,1.0,0.0,1.0,1.0,24.0,24.0,52.33,52.33,1.38,True
fd16d09c-7282-4c26-8828-0246c6b2d3b6,Restaurant 1165,Philadelphia,PA,Burgers,3,Average,2022-08-01,Saturday,1,1.0,0.0,1.0,1.0,11.0,11.0,32.24,32.24,1.73,True
55d715ee-23e9-4d4e-8118-2663557cb27f,Restaurant 1170,Philadelphia,PA,Sushi,3,Average,2022-01-01,Wednesday,1,1.0,0.0,1.0,1.0,25.0,25.0,20.35,20.35,5.94,True
f1da8164-8760-47a9-8111-bcf1ee606ba3,Restaurant 150,Philadelphia,PA,Seafood,1,Low,2023-08-01,Wednesday,1,1.0,0.0,1.0,0.0,37.0,37.0,10.33,10.33,6.94,True
48f02e2a-67ee-4063-8b47-a09a802ca40b,Restaurant 1199,Philadelphia,PA,Thai,3,Average,2022-06-01,Monday,1,1.0,0.0,1.0,0.0,55.0,55.0,42.41,42.41,2.23,True
76443310-cc2b-4d72-9080-72be48b970fb,Restaurant 1200,Philadelphia,PA,Sushi,4,Strong,2023-04-01,Wednesday,1,1.0,0.0,1.0,1.0,43.0,43.0,40.79,40.79,1.0,True
578b3eac-363e-41f5-8e9d-10a9878fa709,Restaurant 1203,Philadelphia,PA,Sushi,4,Strong,2024-01-01,Friday,1,1.0,0.0,1.0,1.0,28.0,28.0,18.04,18.04,3.67,True
fd2f7669-544e-4b1a-9812-5448e1800cc1,Restaurant 165,Philadelphia,PA,Mexican,1,Low,2023-01-01,Thursday,1,1.0,0.0,1.0,0.0,62.0,62.0,12.93,12.93,4.04,True
210860b5-6a0a-428e-99b3-ecb3257024ba,Restaurant 173,Philadelphia,PA,Pizza,1,Low,2023-02-01,Friday,1,1.0,0.0,1.0,1.0,45.0,45.0,20.16,20.16,6.11,True
fe9733f0-8e55-4d65-a146-bcb2484c30cb,Restaurant 180,Philadelphia,PA,Chinese,1,Low,2022-08-01,Tuesday,1,1.0,0.0,1.0,1.0,16.0,16.0,44.81,44.81,1.92,True
b5606e4b-60f6-48e9-ac69-c1d8d4a44e80,Restaurant 1215,Philadelphia,PA,Italian,4,Strong,2022-10-01,Friday,1,1.0,0.0,1.0,0.0,28.0,28.0,40.5,40.5,6.08,True
af8468a4-30bb-461b-8e81-867623dd6a66,Restaurant 188,Philadelphia,PA,Chinese,1,Low,2022-10-01,Wednesday,1,1.0,0.0,1.0,1.0,32.0,32.0,14.4,14.4,5.6,True
e146995b-fa5c-4338-b38c-43cf9ea70e2b,Restaurant 1233,Philadelphia,PA,Pizza,4,Strong,2022-08-01,Thursday,1,1.0,0.0,1.0,1.0,10.0,10.0,39.78,39.78,6.24,True
4dd5547c-30c1-4cc1-85ea-05c451cf885c,Restaurant 1236,Philadelphia,PA,Sushi,4,Strong,2024-06-01,Saturday,1,1.0,0.0,1.0,1.0,16.0,16.0,40.23,40.23,1.48,True
1e0c843b-bdba-4dd4-a305-74303bac4eef,Restaurant 1262,Philadelphia,PA,Chinese,4,Strong,2022-03-01,Tuesday,1,1.0,0.0,1.0,1.0,43.0,43.0,40.74,40.74,2.03,True
0bc776f1-b987-4c4e-b426-3b679c00f561,Restaurant 203,Philadelphia,PA,Seafood,1,Low,2024-02-01,Wednesday,1,1.0,0.0,1.0,0.0,35.0,35.0,40.05,40.05,2.05,True
ea894346-3083-48a4-91a5-1b9cf16c953b,Restaurant 1273,Philadelphia,PA,Pizza,4,Strong,2024-09-01,Friday,1,1.0,0.0,1.0,1.0,15.0,15.0,44.92,44.92,7.98,True
5177a521-3308-43ad-a897-541bb5217ec3,Restaurant 208,Philadelphia,PA,Chinese,1,Low,2024-09-01,Sunday,1,1.0,0.0,1.0,1.0,30.0,30.0,24.5,24.5,3.56,True
ac9944ad-382b-4167-9491-21e4402a2066,Restaurant 1277,Philadelphia,PA,Chinese,4,Strong,2022-02-01,Tuesday,1,1.0,0.0,1.0,1.0,14.0,14.0,8.0,8.0,2.58,True
0747e5b7-b4bc-4c89-8fc6-0262600d088b,Restaurant 210,Philadelphia,PA,Pizza,1,Low,2022-08-01,Tuesday,1,1.0,0.0,1.0,0.0,47.0,47.0,8.0,8.0,7.7,True
2d774ff3-f056-4a09-82a3-570f35f79621,Restaurant 221,Philadelphia,PA,Burgers,1,Low,2024-06-01,Wednesday,1,1.0,0.0,1.0,1.0,49.0,49.0,38.25,38.25,2.54,True
3f96a85e-c90c-4670-970a-034799845a21,Restaurant 260,Philadelphia,PA,Mexican,1,Low,2024-09-01,Tuesday,1,1.0,0.0,1.0,1.0,23.0,23.0,29.19,29.19,6.61,True
2ae0bcf3-cd33-40cd-aa41-c1a7fe0a967f,Restaurant 1284,Philadelphia,PA,Coffee & Tea,4,Strong,2022-06-01,Sunday,1,1.0,0.0,1.0,1.0,29.0,29.0,55.6,55.6,4.7,True
61ff5a7c-5015-4d1d-b6f4-d055d4abdb92,Restaurant 268,Philadelphia,PA,Mexican,1,Low,2024-12-01,Monday,1,1.0,0.0,1.0,1.0,52.0,52.0,41.62,41.62,3.88,True
b56a66f1-6a1d-48d0-b582-2b0468ac7e60,Restaurant 1295,Philadelphia,PA,Pizza,4,Strong,2023-04-01,Sunday,1,1.0,0.0,1.0,1.0,10.0,10.0,21.44,21.44,5.1,True
23a56620-fc58-4382-94db-59d8ad2d37fb,Restaurant 1321,Philadelphia,PA,Coffee & Tea,4,Strong,2022-01-01,Saturday,1,1.0,0.0,1.0,1.0,22.0,22.0,37.0,37.0,2.55,True
daffc541-7e3f-4cff-b17f-2da7d6f34a59,Restaurant 1341,Philadelphia,PA,Italian,4,Strong,2023-06-01,Thursday,1,1.0,0.0,1.0,0.0,58.0,58.0,38.24,38.24,7.44,True
352a8931-cee8-43b6-bfa5-f4ad5c9bfb69,Restaurant 344,Philadelphia,PA,Mexican,1,Low,2023-01-01,Tuesday,1,1.0,0.0,1.0,0.0,52.0,52.0,8.0,8.0,7.63,True
4ab00b8f-44be-433c-9800-24db8f7b8b7c,Restaurant 346,Philadelphia,PA,Coffee & Tea,1,Low,2024-08-01,Sunday,1,1.0,0.0,1.0,0.0,38.0,38.0,37.14,37.14,1.13,True
23e5d016-3dbf-4d65-bec4-a3bb2220a349,Restaurant 1369,Philadelphia,PA,Seafood,4,Strong,2024-10-01,Friday,1,1.0,0.0,1.0,1.0,51.0,51.0,36.48,36.48,7.18,True
ebc7c741-e15d-4a30-9b34-19c77540b080,Restaurant 351,Philadelphia,PA,Seafood,1,Low,2024-01-01,Saturday,1,1.0,0.0,1.0,1.0,36.0,36.0,8.0,8.0,2.46,True
2dac13d6-b673-4d7b-a3b3-275830b6ea60,Restaurant 1374,Philadelphia,PA,Sushi,4,Strong,2022-01-01,Saturday,1,1.0,0.0,1.0,1.0,33.0,33.0,50.98,50.98,1.41,True
dd0f799b-5a70-4977-aca2-8ae9e78e2d2f,Restaurant 366,Philadelphia,PA,American (New),1,Low,2023-11-01,Wednesday,1,1.0,0.0,1.0,1.0,18.0,18.0,40.72,40.72,5.89,True
6f032ca7-af0f-4329-956e-97bb5bf3d0a1,Restaurant 372,Philadelphia,PA,Sushi,1,Low,2022-03-01,Thursday,1,1.0,0.0,1.0,1.0,25.0,25.0,26.19,26.19,7.36,True
720d1deb-906d-451e-94c9-107cec6cdf0a,Restaurant 1394,Philadelphia,PA,Thai,4,Strong,2022-11-01,Thursday,1,1.0,0.0,1.0,1.0,35.0,35.0,25.18,25.18,3.88,True
56878a9f-1465-4cc6-8efd-bdedf4c5b4cf,Restaurant 1395,Philadelphia,PA,Thai,4,Strong,2024-09-01,Friday,1,1.0,0.0,1.0,1.0,10.0,10.0,30.33,30.33,6.33,True
8c0e0dbc-73b6-4b90-8c72-cbaab8192c55,Restaurant 388,Philadelphia,PA,Thai,1,Low,2024-04-01,Sunday,1,1.0,0.0,1.0,0.0,48.0,48.0,29.08,29.08,5.86,True
4330c405-4dd6-4842-b63f-ad1ee2b3f0a4,Restaurant 391,Philadelphia,PA,Thai,1,Low,2022-04-01,Tuesday,1,1.0,0.0,1.0,0.0,43.0,43.0,55.06,55.06,6.98,True
fc43590c-3a48-4750-a11b-f806ef228efa,Restaurant 1422,Philadelphia,PA,Sushi,4,Strong,2022-10-01,Saturday,1,1.0,0.0,1.0,0.0,54.0,54.0,30.05,30.05,5.03,True
36d9ce30-dda7-4133-b3fa-cf7f4d8b3e74,Restaurant 394,Philadelphia,PA,Thai,1,Low,2023-08-01,Tuesday,1,1.0,0.0,1.0,1.0,10.0,10.0,37.54,37.54,6.3,True
0c9d0199-fe0f-4cc7-aa9a-55953f137425,Restaurant 1451,Philadelphia,PA,American (New),4,Strong,2024-01-01,Monday,1,1.0,0.0,1.0,0.0,47.0,47.0,10.29,10.29,3.34,True
865988c1-50e6-444c-ac9f-aefb4bd5c988,Restaurant 1452,Philadelphia,PA,American (New),4,Strong,2022-09-01,Wednesday,1,1.0,0.0,1.0,0.0,39.0,39.0,17.55,17.55,1.87,True
bc569aa2-3009-42f1-8dee-987680d3ca33,Restaurant 434,Philadelphia,PA,Sushi,2,Below Average,2023-07-01,Sunday,1,1.0,0.0,1.0,1.0,50.0,50.0,48.81,48.81,4.06,True
0616afaf-dcdd-4e7d-8181-6c6fd8f47fe9,Restaurant 1475,Philadelphia,PA,Italian,4,Strong,2024-12-01,Sunday,1,1.0,0.0,1.0,0.0,44.0,44.0,18.7,18.7,1.41,True
c6224fc5-bb62-4943-80ba-02e68bb8b2a8,Restaurant 444,Philadelphia,PA,Coffee & Tea,2,Below Average,2023-03-01,Wednesday,1,1.0,0.0,1.0,1.0,33.0,33.0,20.58,20.58,2.61,True
d71d0f5f-bf20-4886-ac18-62db004062bf,Restaurant 1503,Philadelphia,PA,Chinese,4,Strong,2022-07-01,Friday,1,1.0,0.0,1.0,1.0,31.0,31.0,38.08,38.08,7.05,True
694469d4-76ee-490b-9786-4cce70a9d388,Restaurant 449,Philadelphia,PA,Coffee & Tea,2,Below Average,2023-02-01,Thursday,1,1.0,0.0,1.0,0.0,49.0,49.0,8.5,8.5,1.25,True
4a911a9d-2314-4116-91f3-02e7bc88c4f2,Restaurant 464,Philadelphia,PA,Sushi,2,Below Average,2022-01-01,Monday,1,1.0,0.0,1.0,1.0,27.0,27.0,19.47,19.47,4.75,True
b42ef8ab-9109-4404-adab-9510a5b1b78a,Restaurant 1544,Philadelphia,PA,Pizza,4,Strong,2023-11-01,Saturday,1,1.0,0.0,1.0,1.0,31.0,31.0,20.77,20.77,4.73,True
7634650c-d7d5-4b95-8bf9-6214c323c454,Restaurant 512,Philadelphia,PA,Italian,2,Below Average,2024-01-01,Saturday,1,1.0,0.0,1.0,0.0,71.0,71.0,19.0,19.0,7.58,True
0396b29f-8f79-480c-895f-d0894b73af95,Restaurant 1565,Philadelphia,PA,Italian,4,Strong,2024-02-01,Saturday,1,1.0,0.0,1.0,1.0,22.0,22.0,19.53,19.53,1.37,True
b76c4138-0bca-4312-897f-b8622e94f02f,Restaurant 1567,Philadelphia,PA,Burgers,4,Strong,2022-03-01,Tuesday,1,1.0,0.0,1.0,1.0,10.0,10.0,8.0,8.0,3.73,True
037471d3-f709-4a65-8a32-25594bba08fa,Restaurant 542,Philadelphia,PA,Burgers,2,Below Average,2024-09-01,Saturday,1,1.0,0.0,1.0,1.0,16.0,16.0,8.0,8.0,7.12,True
68085f50-e3a5-4dfa-9696-26af31e08000,Restaurant 549,Philadelphia,PA,Coffee & Tea,2,Below Average,2023-09-01,Thursday,1,1.0,0.0,1.0,1.0,19.0,19.0,19.82,19.82,2.51,True
1192a2f7-1d33-43dd-9ab4-ba2ae4684056,Restaurant 550,Philadelphia,PA,Seafood,2,Below Average,2022-10-01,Thursday,1,1.0,0.0,1.0,1.0,25.0,25.0,12.59,12.59,4.22,True
bd145874-df9e-4a43-9477-15491c699058,Restaurant 551,Philadelphia,PA,Mexican,2,Below Average,2022-04-01,Monday,1,1.0,0.0,1.0,0.0,55.0,55.0,20.08,20.08,7.44,True
609fc121-e659-4979-ab19-a71fe76dd297,Restaurant 562,Philadelphia,PA,Pizza,2,Below Average,2024-07-01,Thursday,1,1.0,0.0,1.0,1.0,28.0,28.0,20.43,20.43,3.9,True
27b71fd9-28bd-4ceb-ab2b-ec60c3add1e0,Restaurant 564,Philadelphia,PA,Coffee & Tea,2,Below Average,2023-09-01,Thursday,1,1.0,0.0,1.0,1.0,10.0,10.0,44.58,44.58,4.04,True
398417a5-e54e-485a-92f6-f3d8ee147623,Restaurant 598,Philadelphia,PA,Pizza,2,Below Average,2024-05-01,Thursday,1,0.0,1.0,0.0,,,,47.68,47.68,2.26,True
15cb2ecc-5e16-4a68-8e7c-d4dba86092c1,Restaurant 603,Philadelphia,PA,Mexican,2,Below Average,2024-06-01,Sunday,1,1.0,0.0,1.0,1.0,28.0,28.0,37.25,37.25,7.31,True
97b58304-f5c8-433a-b451-208b7b756c15,Restaurant 1594,Philadelphia,PA,Burgers,4,Strong,2023-02-01,Thursday,1,1.0,0.0,1.0,0.0,51.0,51.0,30.16,30.16,1.16,True
ea625d9d-d935-473d-abce-c85a6d6f0da7,Restaurant 619,Philadelphia,PA,Italian,2,Below Average,2023-02-01,Tuesday,1,1.0,0.0,1.0,1.0,12.0,12.0,9.91,9.91,5.04,True
e9d681fe-a73b-4733-a61b-acbfae329aeb,Restaurant 627,Philadelphia,PA,Coffee & Tea,2,Below Average,2022-01-01,Sunday,1,1.0,0.0,1.0,1.0,26.0,26.0,17.68,17.68,6.46,True
6d961427-22b7-4e5e-b113-eb102eacac22,Restaurant 665,Philadelphia,PA,Burgers,2,Below Average,2024-09-01,Tuesday,1,1.0,0.0,1.0,1.0,32.0,32.0,33.61,33.61,7.02,True
452407f9-b89d-4ac8-9dc2-03d9c18302bb,Restaurant 1626,Philadelphia,PA,Burgers,5,Elite,2023-07-01,Sunday,1,1.0,0.0,1.0,1.0,28.0,28.0,17.53,17.53,4.4,True
a23bdf06-826b-46d3-aecf-fa30a6adb893,Restaurant 1628,Philadelphia,PA,Thai,5,Elite,2023-07-01,Thursday,1,1.0,0.0,1.0,1.0,20.0,20.0,8.0,8.0,2.88,True
7142f49b-5dfd-4be3-8976-ebb50305a91e,Restaurant 678,Philadelphia,PA,Thai,2,Below Average,2022-04-01,Friday,1,1.0,0.0,1.0,0.0,58.0,58.0,18.27,18.27,4.34,True
1234ab6e-407b-462a-9991-aa354e3916c8,Restaurant 1658,Philadelphia,PA,Burgers,5,Elite,2023-02-01,Saturday,1,1.0,0.0,1.0,0.0,45.0,45.0,33.29,33.29,6.53,True
dd0deac7-f785-487f-bfb9-07e703ba337f,Restaurant 1664,Philadelphia,PA,Pizza,5,Elite,2024-03-01,Saturday,1,1.0,0.0,1.0,1.0,28.0,28.0,35.89,35.89,6.6,True
2f88fc1e-6387-4360-b7f1-3dc02f540d91,Restaurant 1668,Philadelphia,PA,Italian,5,Elite,2023-11-01,Thursday,1,1.0,0.0,1.0,1.0,49.0,49.0,22.84,22.84,4.52,True
f2b9cfe7-6c88-44da-b120-78aabce36cde,Restaurant 1673,Philadelphia,PA,American (New),5,Elite,2024-09-01,Thursday,1,1.0,0.0,1.0,0.0,45.0,45.0,49.58,49.58,3.81,True
15e5f8a8-a5bb-4655-bac8-79a8a7705a9b,Restaurant 715,Philadelphia,PA,Pizza,2,Below Average,2023-02-01,Thursday,1,1.0,0.0,1.0,1.0,37.0,37.0,39.35,39.35,7.82,True
bd2341f2-01fa-4d80-a040-b050330d13d4,Restaurant 1678,Philadelphia,PA,Burgers,5,Elite,2024-09-01,Sunday,1,1.0,0.0,1.0,1.0,29.0,29.0,36.6,36.6,2.9,True
bd541b13-1745-47f1-9ed7-0830f1af2770,Restaurant 716,Philadelphia,PA,Sushi,2,Below Average,2024-10-01,Thursday,1,1.0,0.0,1.0,1.0,35.0,35.0,28.14,28.14,6.44,True
69c953a8-0893-47fb-bf31-e98c3b0692a6,Restaurant 1691,Philadelphia,PA,Italian,5,Elite,2023-09-01,Monday,1,1.0,0.0,1.0,0.0,35.0,35.0,46.8,46.8,7.23,True
77432ed4-b6e5-48a3-abef-3838d91d0435,Restaurant 1694,Philadelphia,PA,Coffee & Tea,5,Elite,2022-12-01,Tuesday,1,0.0,1.0,0.0,,,,23.57,23.57,1.44,True
966ffa93-4e00-4238-84d3-eb99b7b8b574,Restaurant 1700,Philadelphia,PA,Mexican,5,Elite,2023-05-01,Monday,1,1.0,0.0,1.0,1.0,10.0,10.0,15.63,15.63,7.54,True
80fa5fc6-09fd-427a-970e-8383d450afc8,Restaurant 725,Philadelphia,PA,Coffee & Tea,2,Below Average,2023-03-01,Saturday,1,1.0,0.0,1.0,0.0,59.0,59.0,33.01,33.01,7.49,True
907086a2-cf58-43c1-8fa8-8d1779f622d2,Restaurant 1716,Philadelphia,PA,American (New),5,Elite,2022-07-01,Tuesday,1,1.0,0.0,1.0,1.0,36.0,36.0,39.57,39.57,5.73,True
a60b2ced-0120-45b6-bad7-333819ca5436,Restaurant 1720,Philadelphia,PA,Mexican,5,Elite,2022-12-01,Monday,1,1.0,0.0,1.0,1.0,37.0,37.0,50.9,50.9,6.06,True
f4a76288-da53-439e-aa64-d1e98a00e26c,Restaurant 738,Philadelphia,PA,Burgers,2,Below Average,2024-01-01,Friday,1,1.0,0.0,1.0,1.0,39.0,39.0,17.91,17.91,4.89,True
eb46e11a-baba-4d61-bddc-1e9ebd2041a6,Restaurant 741,Philadelphia,PA,Thai,2,Below Average,2024-01-01,Monday,1,1.0,0.0,1.0,1.0,24.0,24.0,18.73,18.73,1.95,True
df259635-07dd-4d4b-9915-798e9be92e7d,Restaurant 773,Philadelphia,PA,Sushi,2,Below Average,2024-10-01,Sunday,1,1.0,0.0,1.0,1.0,30.0,30.0,15.17,15.17,2.13,True
044514f5-edb7-4ae4-8c09-f3d6bc986d99,Restaurant 1731,Philadelphia,PA,Coffee & Tea,5,Elite,2023-06-01,Saturday,1,1.0,0.0,1.0,1.0,30.0,30.0,29.01,29.01,3.28,True
864250a8-30c8-41b0-ab9b-3a9e3b656bfc,Restaurant 798,Philadelphia,PA,Seafood,2,Below Average,2023-04-01,Sunday,1,1.0,0.0,1.0,0.0,52.0,52.0,12.09,12.09,4.03,True
5f0698fb-7625-4154-b7f8-f7528fb1e924,Restaurant 812,Philadelphia,PA,Coffee & Tea,3,Average,2024-02-01,Thursday,1,1.0,0.0,1.0,1.0,41.0,41.0,9.64,9.64,6.44,True
1ff0321c-7fbe-4445-b1f0-4fa06ee52a6c,Restaurant 815,Philadelphia,PA,Italian,3,Average,2022-06-01,Wednesday,1,1.0,0.0,1.0,1.0,33.0,33.0,46.21,46.21,6.98,True
89239dce-4113-4057-b918-d89f65a66bca,Restaurant 851,Philadelphia,PA,Burgers,3,Average,2024-12-01,Sunday,1,1.0,0.0,1.0,1.0,44.0,44.0,13.18,13.18,3.61,True
19d8e326-57ae-4ac6-8d2f-75b70663f597,Restaurant 860,Philadelphia,PA,Pizza,3,Average,2023-04-01,Saturday,1,1.0,0.0,1.0,0.0,35.0,35.0,23.24,23.24,5.08,True
dbe58fa5-b956-40ae-9b69-4ab317374c20,Restaurant 1769,Philadelphia,PA,Seafood,5,Elite,2023-09-01,Saturday,1,1.0,0.0,1.0,1.0,35.0,35.0,8.0,8.0,4.53,True
435ebcce-d017-498f-bf72-6cd1350d218c,Restaurant 869,Philadelphia,PA,Coffee & Tea,3,Average,2024-05-01,Tuesday,1,1.0,0.0,1.0,1.0,36.0,36.0,21.52,21.52,7.33,True
89a84829-6b04-47b8-86c7-25e0f87d8bdf,Restaurant 1779,Philadelphia,PA,Italian,5,Elite,2023-11-01,Monday,1,1.0,0.0,1.0,1.0,12.0,12.0,21.13,21.13,5.94,True
0886f332-97bd-48a7-82b2-a51d36b96a6c,Restaurant 1789,Philadelphia,PA,Pizza,5,Elite,2022-04-01,Sunday,1,1.0,0.0,1.0,0.0,42.0,42.0,20.19,20.19,7.5,True
d7a8993e-9fb0-4cce-a638-5c0d6d8ab99d,Restaurant 1790,Philadelphia,PA,American (New),5,Elite,2023-11-01,Wednesday,1,1.0,0.0,1.0,1.0,40.0,40.0,17.03,17.03,5.23,True
4c61ee15-6ef7-4ac7-8503-14a00071a734,Restaurant 898,Philadelphia,PA,American (New),3,Average,2023-10-01,Saturday,1,1.0,0.0,1.0,1.0,14.0,14.0,48.93,48.93,5.38,True
f9e82551-de34-4683-bb68-bb5ca02f460b,Restaurant 1821,Philadelphia,PA,Chinese,5,Elite,2023-01-01,Tuesday,1,1.0,0.0,1.0,0.0,37.0,37.0,41.29,41.29,5.39,True
354ce2aa-2473-4e64-aa74-e05faf579b75,Restaurant 1824,Philadelphia,PA,American (New),5,Elite,2024-07-01,Thursday,1,1.0,0.0,1.0,1.0,16.0,16.0,13.87,13.87,7.29,True
cbd4ab1e-1a50-47aa-abec-59c876bd8f9e,Restaurant 907,Philadelphia,PA,Mexican,3,Average,2022-09-01,Saturday,1,1.0,0.0,1.0,1.0,10.0,10.0,47.47,47.47,2.81,True
cc11e4fc-5b59-4c13-b6e4-887b745626ce,Restaurant 1831,Philadelphia,PA,Pizza,5,Elite,2022-05-01,Tuesday,1,1.0,0.0,1.0,1.0,17.0,17.0,44.7,44.7,7.77,True
de9e9f30-1b96-4896-830f-2ddba255ce07,Restaurant 917,Philadelphia,PA,Burgers,3,Average,2022-08-01,Tuesday,1,1.0,0.0,1.0,1.0,36.0,36.0,22.03,22.03,3.3,True
b171a987-18e0-4143-a3ac-73f04e51154c,Restaurant 918,Philadelphia,PA,Pizza,3,Average,2024-08-01,Thursday,1,1.0,0.0,1.0,1.0,31.0,31.0,18.67,18.67,3.9,True
b1718ddb-5b58-45ea-bdb8-d9f01304f55a,Restaurant 1841,Philadelphia,PA,Pizza,5,Elite,2022-11-01,Wednesday,1,1.0,0.0,1.0,1.0,43.0,43.0,38.03,38.03,1.52,True
1d944406-d9d7-4e0c-bcce-d0725f346f07,Restaurant 929,Philadelphia,PA,Sushi,3,Average,2023-11-01,Friday,1,1.0,0.0,1.0,0.0,47.0,47.0,25.28,25.28,6.48,True
1e1ef32b-759a-4e9a-affc-86b714303d5d,Restaurant 931,Philadelphia,PA,Pizza,3,Average,2022-04-01,Wednesday,1,1.0,0.0,1.0,1.0,11.0,11.0,49.42,49.42,4.04,True
926c3f48-7732-457e-895f-7ada0b6f8e59,Restaurant 932,Philadelphia,PA,Coffee & Tea,3,Average,2024-05-01,Saturday,1,1.0,0.0,1.0,1.0,36.0,36.0,45.99,45.99,4.78,True
66a1c33e-074c-4520-9b97-3f62f82238b1,Restaurant 941,Philadelphia,PA,Chinese,3,Average,2023-01-01,Sunday,1,1.0,0.0,1.0,1.0,33.0,33.0,43.11,43.11,2.94,True
88cf80a0-e003-4353-996c-fe9db6da14ba,Restaurant 945,Philadelphia,PA,Sushi,3,Average,2022-08-01,Friday,1,1.0,0.0,1.0,0.0,39.0,39.0,33.46,33.46,6.2,True
c3d23fe5-7ef2-4c87-97c4-9a849ac6426f,Restaurant 1883,Philadelphia,PA,Seafood,5,Elite,2024-01-01,Friday,1,1.0,0.0,1.0,1.0,10.0,10.0,47.5,47.5,3.97,True
6cf9feb9-6534-49f6-a7d0-efd9c0e448b6,Restaurant 949,Philadelphia,PA,Mexican,3,Average,2023-01-01,Tuesday,1,1.0,0.0,1.0,1.0,18.0,18.0,26.19,26.19,3.75,True
1d83b87c-291f-46ad-be53-ba7696743316,Restaurant 963,Philadelphia,PA,Chinese,3,Average,2022-04-01,Saturday,1,1.0,0.0,1.0,1.0,10.0,10.0,8.0,8.0,1.7,True
3b96a956-2372-42eb-9c4a-dbef13d98c9d,Restaurant 1926,Philadelphia,PA,Thai,5,Elite,2022-02-01,Monday,1,1.0,0.0,1.0,0.0,44.0,44.0,33.16,33.16,6.31,True
930c80fa-74c9-4aab-a797-9e92b4e3e3ae,Restaurant 972,Philadelphia,PA,Seafood,3,Average,2024-08-01,Monday,1,1.0,0.0,1.0,1.0,20.0,20.0,8.0,8.0,6.13,True
7f61592d-36a4-4712-93f2-2bce3bf58a29,Restaurant 1937,Philadelphia,PA,Thai,5,Elite,2024-06-01,Wednesday,1,1.0,0.0,1.0,1.0,25.0,25.0,29.44,29.44,4.04,True
a37a1be3-2ab8-4aa3-be3b-c506e45de798,Restaurant 995,Philadelphia,PA,Chinese,3,Average,2023-04-01,Wednesday,1,1.0,0.0,1.0,1.0,20.0,20.0,61.51,61.51,3.06,True
7a9e7943-30f8-40ea-bd07-cfaff2bc5a8b,Restaurant 1012,Philadelphia,PA,Italian,3,Average,2022-05-01,Monday,1,1.0,0.0,1.0,0.0,52.0,52.0,45.96,45.96,5.39,True
eaaf038f-5a2d-4695-bb4b-f23c4c3fa6f8,Restaurant 1980,Philadelphia,PA,American (New),5,Elite,2024-07-01,Friday,1,0.0,1.0,0.0,,,,34.0,34.0,3.82,True
73dc46bb-192a-49fb-8db0-c087ba1bc291,Restaurant 1997,Philadelphia,PA,Sushi,5,Elite,2022-03-01,Tuesday,1,1.0,0.0,1.0,0.0,33.0,33.0,65.99,65.99,6.13,True
041225a4-95df-4e78-8d09-49e0bb132be5,Restaurant 13,Philadelphia,WA,Sushi,1,Low,2024-09-01,Saturday,1,1.0,0.0,1.0,0.0,44.0,44.0,52.43,52.43,2.82,True
c5155494-1f0c-4cb4-9ae8-2a99e76be59d,Restaurant 40,Philadelphia,WA,Mexican,1,Low,2022-10-01,Thursday,1,1.0,0.0,1.0,0.0,69.0,69.0,26.1,26.1,5.83,True
fc0bf660-1263-415b-8c01-4eec481ceb16,Restaurant 45,Philadelphia,WA,Pizza,1,Low,2024-05-01,Wednesday,1,1.0,0.0,1.0,1.0,10.0,10.0,44.6,44.6,4.82,True
db216414-7217-4143-a349-3f6300808c8f,Restaurant 51,Philadelphia,WA,American (New),1,Low,2023-07-01,Tuesday,1,1.0,0.0,1.0,1.0,37.0,37.0,35.28,35.28,7.83,True
cd00e585-075e-40f4-a32f-7d010f628718,Restaurant 56,Philadelphia,WA,American (New),1,Low,2024-11-01,Tuesday,1,1.0,0.0,1.0,0.0,45.0,45.0,8.0,8.0,7.88,True
fbf6332c-31b4-4eac-97d8-a4d40398bb35,Restaurant 101,Philadelphia,WA,Pizza,1,Low,2024-08-01,Thursday,1,1.0,0.0,1.0,1.0,35.0,35.0,37.68,37.68,3.94,True
e67626b2-2e08-4269-964d-83b426828f84,Restaurant 103,Philadelphia,WA,Mexican,1,Low,2024-12-01,Monday,2,2.0,0.0,1.0,0.5,41.0,45.0,68.05,34.03,3.35,True
7dc49068-c5ec-4657-b67c-bfcd933c6880,Restaurant 132,Philadelphia,WA,Coffee & Tea,1,Low,2022-05-01,Sunday,1,1.0,0.0,1.0,1.0,31.0,31.0,42.83,42.83,5.82,True
74e436ee-3905-4fbf-8069-1ccf413759b4,Restaurant 158,Philadelphia,WA,Chinese,1,Low,2023-10-01,Tuesday,1,1.0,0.0,1.0,1.0,32.0,32.0,20.06,20.06,7.01,True
7042bb49-2c25-4e1a-b1bb-dabc90a28a4d,Restaurant 159,Philadelphia,WA,Pizza,1,Low,2023-04-01,Saturday,1,1.0,0.0,1.0,1.0,40.0,40.0,19.63,19.63,6.29,True
6a14b9dd-42e6-4dfd-945a-dbb1bd2807d5,Restaurant 170,Philadelphia,WA,Coffee & Tea,1,Low,2024-04-01,Sunday,1,1.0,0.0,1.0,1.0,31.0,31.0,42.47,42.47,2.71,True
2128f213-de84-4c3a-ad1f-0f8a55599ffb,Restaurant 171,Philadelphia,WA,Thai,1,Low,2024-10-01,Sunday,1,1.0,0.0,1.0,0.0,49.0,49.0,20.83,20.83,1.97,True
da5fa659-0076-4026-9d72-5e73d4143276,Restaurant 213,Philadelphia,WA,American (New),1,Low,2022-02-01,Thursday,1,1.0,0.0,1.0,1.0,10.0,10.0,42.2,42.2,4.82,True
216689e2-4041-4899-a989-df3f73debd27,Restaurant 218,Philadelphia,WA,Sushi,1,Low,2023-01-01,Sunday,1,1.0,0.0,1.0,0.0,35.0,35.0,37.6,37.6,1.01,True
8fe4077f-caa8-414c-bc99-ca6604aef6e1,Restaurant 223,Philadelphia,WA,Coffee & Tea,1,Low,2024-08-01,Friday,1,1.0,0.0,1.0,0.0,48.0,48.0,15.41,15.41,6.22,True
77c8f5c6-d153-453c-bac1-704982e849dd,Restaurant 242,Philadelphia,WA,Seafood,1,Low,2023-11-01,Thursday,1,1.0,0.0,1.0,1.0,28.0,28.0,21.72,21.72,5.3,True
fe223133-da99-40aa-a11b-ba60e4dffca6,Restaurant 279,Philadelphia,WA,Chinese,1,Low,2023-08-01,Tuesday,1,1.0,0.0,1.0,0.0,31.0,31.0,19.01,19.01,4.83,True
ad721e79-2536-4bd0-864b-ed435d81c8b7,Restaurant 312,Philadelphia,WA,Seafood,1,Low,2023-01-01,Friday,1,1.0,0.0,1.0,0.0,49.0,49.0,13.86,13.86,6.81,True
1450b992-ae40-4f08-ac9b-181ed7f32aba,Restaurant 336,Philadelphia,WA,Italian,1,Low,2022-06-01,Monday,1,1.0,0.0,1.0,0.0,38.0,38.0,30.19,30.19,4.77,True
32d2366f-bec8-42c2-b2f4-f13406e9b27d,Restaurant 403,Philadelphia,WA,Coffee & Tea,2,Below Average,2022-03-01,Friday,1,1.0,0.0,1.0,0.0,45.0,45.0,38.29,38.29,2.07,True
746a2e36-817d-414c-b596-3b3c7df996d4,Restaurant 421,Philadelphia,WA,Pizza,2,Below Average,2024-11-01,Friday,1,1.0,0.0,1.0,0.0,37.0,37.0,26.22,26.22,5.76,True
ff1307a7-d9b3-4b73-a5dc-1051b1a8bf30,Restaurant 440,Philadelphia,WA,Coffee & Tea,2,Below Average,2024-09-01,Sunday,1,1.0,0.0,1.0,1.0,27.0,27.0,22.06,22.06,5.86,True
dc9b7df1-239b-45c1-9adf-3c426381fabc,Restaurant 453,Philadelphia,WA,Mexican,2,Below Average,2024-10-01,Tuesday,1,0.0,1.0,0.0,,,,28.64,28.64,2.01,True
e82eeb1d-e380-423f-90e9-52321873308f,Restaurant 455,Philadelphia,WA,Burgers,2,Below Average,2023-02-01,Friday,1,1.0,0.0,1.0,0.0,49.0,49.0,22.73,22.73,2.05,True
ff81636d-d263-4802-8561-942190b3d15c,Restaurant 456,Philadelphia,WA,Thai,2,Below Average,2023-07-01,Saturday,1,1.0,0.0,1.0,0.0,39.0,39.0,8.0,8.0,7.55,True
4ae2a95c-4f3f-4078-a542-685cc396e39a,Restaurant 465,Philadelphia,WA,American (New),2,Below Average,2022-05-01,Sunday,1,1.0,0.0,1.0,1.0,54.0,54.0,22.91,22.91,5.86,True
c0689d68-05eb-4dd7-ad09-9a15432b44a0,Restaurant 474,Philadelphia,WA,American (New),2,Below Average,2023-10-01,Sunday,1,1.0,0.0,1.0,1.0,37.0,37.0,28.15,28.15,6.32,True
b0d9e6a3-fec2-4d19-b119-a681f182e368,Restaurant 480,Philadelphia,WA,Mexican,2,Below Average,2024-04-01,Wednesday,1,1.0,0.0,1.0,0.0,40.0,40.0,31.21,31.21,3.5,True
383f29c9-fe82-4f35-a3a8-6d95cb94b438,Restaurant 493,Philadelphia,WA,American (New),2,Below Average,2022-12-01,Sunday,1,1.0,0.0,1.0,1.0,34.0,34.0,26.36,26.36,5.88,True
c634f3b4-dea1-4b01-a044-19c2d780aad7,Restaurant 495,Philadelphia,WA,Thai,2,Below Average,2022-11-01,Monday,1,1.0,0.0,1.0,1.0,43.0,43.0,13.46,13.46,2.58,True
ff3dbb94-2645-4dec-b2b4-07da65b8a7cc,Restaurant 515,Philadelphia,WA,Pizza,2,Below Average,2023-12-01,Sunday,1,1.0,0.0,1.0,0.0,28.0,28.0,29.64,29.64,6.18,True
910b41fd-a21e-4dd9-9665-7b6ff0c9c9eb,Restaurant 520,Philadelphia,WA,Mexican,2,Below Average,2023-10-01,Friday,1,1.0,0.0,1.0,1.0,29.0,29.0,27.06,27.06,7.06,True
c8cb2c71-17f7-4a0a-bc27-cee8bed2dc18,Restaurant 523,Philadelphia,WA,Chinese,2,Below Average,2022-05-01,Thursday,1,1.0,0.0,1.0,1.0,30.0,30.0,52.76,52.76,2.83,True
a1adf48d-e0a0-4e19-90b8-607a4613fdc2,Restaurant 524,Philadelphia,WA,Coffee & Tea,2,Below Average,2023-05-01,Sunday,1,1.0,0.0,1.0,1.0,25.0,25.0,36.25,36.25,6.54,True
b93abe7a-c511-4be1-b0a0-8cbd003696ba,Restaurant 529,Philadelphia,WA,American (New),2,Below Average,2022-06-01,Wednesday,1,1.0,0.0,1.0,1.0,28.0,28.0,19.82,19.82,5.26,True
72eed0c7-ee34-407a-b310-8a3ec47acf3d,Restaurant 537,Philadelphia,WA,Chinese,2,Below Average,2022-12-01,Friday,1,1.0,0.0,1.0,0.0,37.0,37.0,31.67,31.67,4.38,True
4b6ff088-0d1b-42b7-9955-1b9401cc3717,Restaurant 578,Philadelphia,WA,American (New),2,Below Average,2023-06-01,Thursday,1,1.0,0.0,1.0,0.0,51.0,51.0,17.93,17.93,6.47,True
03a9901c-2c5a-4ef8-ae58-9f2176d4e265,Restaurant 644,Philadelphia,WA,American (New),2,Below Average,2024-07-01,Wednesday,1,1.0,0.0,1.0,1.0,30.0,30.0,19.42,19.42,2.45,True
c46d381c-28e1-4ad1-a90f-63d75b58b38e,Restaurant 646,Philadelphia,WA,Mexican,2,Below Average,2023-12-01,Tuesday,1,1.0,0.0,1.0,1.0,14.0,14.0,10.53,10.53,3.52,True
99bc508f-4b7d-4bbd-b8be-e4182a349f8c,Restaurant 650,Philadelphia,WA,Pizza,2,Below Average,2022-06-01,Monday,1,0.0,1.0,0.0,,,,53.13,53.13,1.62,True
58859cfc-feae-425b-a0db-eddce39ea1cd,Restaurant 652,Philadelphia,WA,Sushi,2,Below Average,2022-04-01,Tuesday,1,1.0,0.0,1.0,0.0,58.0,58.0,32.81,32.81,6.24,True
fcb504fc-e95f-48f3-94f6-b9bdd4982c20,Restaurant 693,Philadelphia,WA,Pizza,2,Below Average,2024-11-01,Wednesday,1,1.0,0.0,1.0,1.0,17.0,17.0,28.8,28.8,7.55,True
e4a666aa-a07f-4de0-bb19-4508fa0d339f,Restaurant 703,Philadelphia,WA,Coffee & Tea,2,Below Average,2022-01-01,Monday,1,1.0,0.0,1.0,1.0,43.0,43.0,36.65,36.65,7.9,True
8a0e4abe-d4d7-45a7-8f90-dc4234226a9b,Restaurant 744,Philadelphia,WA,Thai,2,Below Average,2022-02-01,Friday,1,1.0,0.0,1.0,1.0,28.0,28.0,39.51,39.51,2.84,True
cb85f43d-63eb-4f41-b7ce-4f6f8ede540c,Restaurant 762,Philadelphia,WA,American (New),2,Below Average,2023-01-01,Tuesday,1,1.0,0.0,1.0,1.0,20.0,20.0,17.17,17.17,3.81,True
65432ce1-fe52-4c25-8191-61ed50e30362,Restaurant 774,Philadelphia,WA,Chinese,2,Below Average,2022-10-01,Saturday,1,1.0,0.0,1.0,1.0,44.0,44.0,30.95,30.95,7.82,True
113220c4-00e0-45bd-8d58-83298022a8cc,Restaurant 794,Philadelphia,WA,Italian,2,Below Average,2023-06-01,Wednesday,1,1.0,0.0,1.0,1.0,27.0,27.0,8.0,8.0,4.49,True
f1e5f1da-0c12-4b59-bb65-f65e66a99689,Restaurant 803,Philadelphia,WA,Burgers,3,Average,2023-05-01,Thursday,1,1.0,0.0,1.0,1.0,26.0,26.0,40.6,40.6,4.31,True
3365c608-7285-44a2-9f4f-b13e4da94ad4,Restaurant 832,Philadelphia,WA,American (New),3,Average,2023-04-01,Monday,1,1.0,0.0,1.0,1.0,33.0,33.0,22.72,22.72,3.88,True
b6d991b2-7063-42d8-ac3d-0eae2fcccc6e,Restaurant 873,Philadelphia,WA,Sushi,3,Average,2024-01-01,Wednesday,1,1.0,0.0,1.0,1.0,26.0,26.0,42.17,42.17,5.93,True
97a955e0-c8cb-4cfd-b07f-a9912ccd0557,Restaurant 880,Philadelphia,WA,Chinese,3,Average,2024-01-01,Wednesday,1,1.0,0.0,1.0,1.0,40.0,40.0,19.83,19.83,1.38,True
7021aba8-225b-470f-83c7-9fb6f38809aa,Restaurant 887,Philadelphia,WA,Burgers,3,Average,2023-12-01,Thursday,1,1.0,0.0,1.0,1.0,28.0,28.0,48.7,48.7,5.01,True
00a9fb92-035d-4d3e-b167-0352034753e2,Restaurant 889,Philadelphia,WA,Burgers,3,Average,2023-05-01,Thursday,1,1.0,0.0,1.0,1.0,18.0,18.0,41.18,41.18,3.66,True
bac0805e-3789-40fa-ab31-6e235ba3996d,Restaurant 923,Philadelphia,WA,Pizza,3,Average,2023-12-01,Sunday,1,1.0,0.0,1.0,1.0,24.0,24.0,8.0,8.0,1.76,True
ed2b7395-5030-43c2-a871-8a9d4b58081a,Restaurant 935,Philadelphia,WA,Thai,3,Average,2023-07-01,Saturday,1,1.0,0.0,1.0,1.0,34.0,34.0,40.55,40.55,2.7,True
1891ca52-a128-4079-9e25-a99ba500b733,Restaurant 938,Philadelphia,WA,Sushi,3,Average,2023-11-01,Thursday,1,1.0,0.0,1.0,1.0,21.0,21.0,10.47,10.47,3.03,True
188181c3-f32a-482f-8310-f4d562340405,Restaurant 943,Philadelphia,WA,Mexican,3,Average,2024-11-01,Tuesday,1,1.0,0.0,1.0,1.0,32.0,32.0,18.77,18.77,5.21,True
d21af797-41be-4869-8354-44ecd391c8e2,Restaurant 1026,Philadelphia,WA,Pizza,3,Average,2022-05-01,Thursday,1,1.0,0.0,1.0,1.0,48.0,48.0,19.4,19.4,5.02,True
329e7064-8b48-4885-b9d6-112afac7b55c,Restaurant 1049,Philadelphia,WA,Pizza,3,Average,2024-12-01,Monday,1,1.0,0.0,1.0,1.0,39.0,39.0,16.57,16.57,1.39,True
60ab67b9-0ab8-4314-93a3-6389c84d5ab3,Restaurant 1061,Philadelphia,WA,Seafood,3,Average,2024-04-01,Wednesday,1,1.0,0.0,1.0,0.0,51.0,51.0,25.15,25.15,5.2,True
6f5d1897-4083-4efb-a148-ba7d73357922,Restaurant 1066,Philadelphia,WA,Sushi,3,Average,2024-09-01,Tuesday,1,1.0,0.0,1.0,1.0,28.0,28.0,46.83,46.83,2.74,True
b298da43-3678-4e5c-b7cb-cfd1f21e8197,Restaurant 1095,Philadelphia,WA,Pizza,3,Average,2024-02-01,Sunday,1,1.0,0.0,1.0,1.0,20.0,20.0,23.5,23.5,5.63,True
51a565b4-ea99-4b93-b031-de94488675de,Restaurant 1115,Philadelphia,WA,Mexican,3,Average,2022-09-01,Wednesday,1,1.0,0.0,1.0,0.0,39.0,39.0,32.06,32.06,1.63,True
30e775f8-8f19-46a4-8e36-914e5643e99c,Restaurant 1119,Philadelphia,WA,Chinese,3,Average,2024-10-01,Monday,1,1.0,0.0,1.0,1.0,10.0,10.0,41.71,41.71,3.3,True
97b5bf89-8555-41e4-8dc7-c4c213989f3a,Restaurant 1131,Philadelphia,WA,Sushi,3,Average,2023-09-01,Sunday,1,1.0,0.0,1.0,0.0,64.0,64.0,39.02,39.02,5.17,True
e1c04e7e-d32b-4b6c-aa48-3f9831034cf9,Restaurant 1138,Philadelphia,WA,Pizza,3,Average,2024-01-01,Sunday,1,1.0,0.0,1.0,1.0,24.0,24.0,29.98,29.98,3.27,True
9514c379-a3b0-4a92-94cf-0d98d719f340,Restaurant 1186,Philadelphia,WA,Pizza,3,Average,2023-11-01,Saturday,1,1.0,0.0,1.0,1.0,42.0,42.0,60.73,60.73,3.28,True
0401bc2a-dc48-4924-96a4-15cc45b59306,Restaurant 1218,Philadelphia,WA,Sushi,4,Strong,2022-07-01,Saturday,1,1.0,0.0,1.0,0.0,31.0,31.0,32.08,32.08,7.18,True
a6c321e6-6af2-431d-960a-89b09dc596c5,Restaurant 1224,Philadelphia,WA,Coffee & Tea,4,Strong,2023-10-01,Monday,1,1.0,0.0,1.0,1.0,22.0,22.0,21.01,21.01,5.01,True
ae5ee031-4746-4037-9976-adfe77be8188,Restaurant 1268,Philadelphia,WA,Chinese,4,Strong,2022-07-01,Sunday,1,1.0,0.0,1.0,0.0,47.0,47.0,32.92,32.92,1.02,True
a3e7344a-e7b0-46d4-b07c-12419d580c7e,Restaurant 1301,Philadelphia,WA,Thai,4,Strong,2023-07-01,Thursday,1,1.0,0.0,1.0,0.0,51.0,51.0,27.24,27.24,2.38,True
4d311a4d-1ef2-4cb3-bf60-ecc9f8e63b21,Restaurant 1307,Philadelphia,WA,Italian,4,Strong,2022-02-01,Friday,1,1.0,0.0,1.0,1.0,22.0,22.0,25.39,25.39,3.73,True
16d9b46b-d42b-4f60-9316-f7cba9215ef5,Restaurant 1320,Philadelphia,WA,Pizza,4,Strong,2023-05-01,Tuesday,1,1.0,0.0,1.0,1.0,10.0,10.0,43.35,43.35,2.28,True
6141c8ff-5e91-4d45-8363-33562058f1d0,Restaurant 1325,Philadelphia,WA,Thai,4,Strong,2024-03-01,Friday,1,1.0,0.0,1.0,1.0,24.0,24.0,39.15,39.15,6.41,True
dd498b0d-e9dd-4f46-8adb-ef239b1a6e1b,Restaurant 1340,Philadelphia,WA,Mexican,4,Strong,2024-04-01,Monday,1,1.0,0.0,1.0,0.0,37.0,37.0,41.82,41.82,6.03,True
04f509d0-9f45-4f5d-9ceb-9e07e997b78e,Restaurant 1352,Philadelphia,WA,Pizza,4,Strong,2024-11-01,Wednesday,1,1.0,0.0,1.0,1.0,38.0,38.0,13.39,13.39,7.92,True
6a249cce-a90e-4d90-b9d5-1f5dd3b1a6aa,Restaurant 1353,Philadelphia,WA,Coffee & Tea,4,Strong,2024-06-01,Sunday,1,1.0,0.0,1.0,0.0,52.0,52.0,8.0,8.0,4.04,True
c79b6a82-fc7a-4bad-be32-792c778f8055,Restaurant 1359,Philadelphia,WA,Sushi,4,Strong,2023-04-01,Saturday,1,1.0,0.0,1.0,0.0,59.0,59.0,20.12,20.12,3.62,True
2a4df03d-246c-44c9-8c13-fef5495e4bc8,Restaurant 1360,Philadelphia,WA,Burgers,4,Strong,2022-11-01,Sunday,1,1.0,0.0,1.0,0.0,50.0,50.0,42.63,42.63,4.09,True
2200b213-7fc6-43c2-9f91-76746b5da9d4,Restaurant 1368,Philadelphia,WA,Chinese,4,Strong,2023-04-01,Saturday,1,1.0,0.0,1.0,1.0,26.0,26.0,31.46,31.46,4.91,True
771d089e-5466-4394-9774-5bf708797842,Restaurant 1386,Philadelphia,WA,Italian,4,Strong,2024-10-01,Tuesday,1,1.0,0.0,1.0,0.0,45.0,45.0,59.34,59.34,1.82,True
63d2ce80-78e4-40e8-bb28-2660e37dba3d,Restaurant 1392,Philadelphia,WA,Thai,4,Strong,2024-07-01,Wednesday,1,1.0,0.0,1.0,1.0,48.0,48.0,30.68,30.68,2.86,True
161ebb77-2f1f-4ef9-8e98-10e50163d5ae,Restaurant 1411,Philadelphia,WA,Coffee & Tea,4,Strong,2024-11-01,Wednesday,1,1.0,0.0,1.0,1.0,35.0,35.0,42.91,42.91,1.28,True
0fa7fed7-a716-449f-828c-ebdd00bb9908,Restaurant 1423,Philadelphia,WA,Thai,4,Strong,2024-04-01,Sunday,1,1.0,0.0,1.0,1.0,23.0,23.0,45.84,45.84,5.56,True
df8e3f4b-ccbb-4029-9290-79d1590ce1c7,Restaurant 1425,Philadelphia,WA,Mexican,4,Strong,2022-06-01,Saturday,1,1.0,0.0,1.0,1.0,45.0,45.0,44.79,44.79,4.37,True
e2f805ca-ad75-4494-b972-a736717a283f,Restaurant 1429,Philadelphia,WA,Burgers,4,Strong,2022-07-01,Wednesday,1,1.0,0.0,1.0,1.0,31.0,31.0,36.64,36.64,2.24,True
6932226a-19e1-4533-b76f-39bf0459534a,Restaurant 1432,Philadelphia,WA,Mexican,4,Strong,2024-11-01,Friday,1,1.0,0.0,1.0,1.0,31.0,31.0,26.4,26.4,4.51,True
7d570e44-dda3-4310-b911-faff3ced5290,Restaurant 1457,Philadelphia,WA,Sushi,4,Strong,2024-03-01,Tuesday,1,1.0,0.0,1.0,1.0,36.0,36.0,25.69,25.69,7.49,True
36630652-4757-4567-9cdf-8f5b45557f44,Restaurant 1477,Philadelphia,WA,Italian,4,Strong,2023-04-01,Tuesday,1,1.0,0.0,1.0,1.0,36.0,36.0,53.86,53.86,1.08,True
897c6b39-e675-4dc0-a4e5-46fce9adc92d,Restaurant 1482,Philadelphia,WA,Sushi,4,Strong,2023-04-01,Thursday,1,1.0,0.0,1.0,1.0,36.0,36.0,33.12,33.12,3.44,True
145c69c7-29a0-40ee-8d02-95ab6bf46c9e,Restaurant 1505,Philadelphia,WA,Thai,4,Strong,2022-03-01,Tuesday,1,1.0,0.0,1.0,0.0,40.0,40.0,32.49,32.49,5.19,True
449d68de-88a7-4abc-876b-a46f7461213f,Restaurant 1511,Philadelphia,WA,American (New),4,Strong,2024-01-01,Friday,1,1.0,0.0,1.0,0.0,46.0,46.0,42.34,42.34,2.84,True
40a5beea-6780-4476-8013-20dfacfc117a,Restaurant 1519,Philadelphia,WA,Burgers,4,Strong,2023-06-01,Saturday,1,1.0,0.0,1.0,0.0,33.0,33.0,22.51,22.51,2.05,True
5322436e-f142-4841-9478-7c5d238dacbb,Restaurant 1540,Philadelphia,WA,Italian,4,Strong,2023-09-01,Tuesday,1,1.0,0.0,1.0,1.0,45.0,45.0,37.69,37.69,1.01,True
d3edcee4-ebd7-4e14-bd1f-5937bc3cc211,Restaurant 1566,Philadelphia,WA,Pizza,4,Strong,2023-04-01,Sunday,1,1.0,0.0,1.0,1.0,24.0,24.0,9.03,9.03,7.92,True
09b99fb9-eb17-44ac-937f-d30f90abedcb,Restaurant 1568,Philadelphia,WA,Coffee & Tea,4,Strong,2023-05-01,Sunday,1,1.0,0.0,1.0,1.0,10.0,10.0,18.56,18.56,5.76,True
759d4d34-88f8-4151-b2cd-b4f6a75c1cdd,Restaurant 1577,Philadelphia,WA,Thai,4,Strong,2022-05-01,Saturday,1,1.0,0.0,1.0,1.0,23.0,23.0,30.39,30.39,3.82,True
9e2a4f1e-b7b1-42b9-a92d-0e65fc927cb6,Restaurant 1587,Philadelphia,WA,Thai,4,Strong,2023-11-01,Tuesday,1,1.0,0.0,1.0,1.0,39.0,39.0,17.91,17.91,7.5,True
6c64d407-4b6a-4e13-9c95-a763ed98b260,Restaurant 1639,Philadelphia,WA,Mexican,5,Elite,2024-06-01,Sunday,1,1.0,0.0,1.0,0.0,45.0,45.0,29.8,29.8,6.61,True
d71482aa-0d9e-4360-8992-3eab6a40e50d,Restaurant 1653,Philadelphia,WA,American (New),5,Elite,2022-05-01,Friday,1,1.0,0.0,1.0,1.0,21.0,21.0,40.36,40.36,1.02,True
a597a194-2c7a-44a4-8921-b87186ee62e6,Restaurant 1654,Philadelphia,WA,Chinese,5,Elite,2024-12-01,Thursday,1,1.0,0.0,1.0,0.0,43.0,43.0,33.18,33.18,4.28,True
17e18527-ce74-4867-9e88-9018fed493c3,Restaurant 1670,Philadelphia,WA,Chinese,5,Elite,2022-01-01,Saturday,1,1.0,0.0,1.0,0.0,53.0,53.0,43.51,43.51,4.33,True
c7b01f6b-88c2-431d-9f58-cd2b1f9352d7,Restaurant 1689,Philadelphia,WA,Seafood,5,Elite,2023-12-01,Monday,1,1.0,0.0,1.0,0.0,51.0,51.0,36.67,36.67,5.34,True
30d6bd4d-7fcf-40ce-a7c2-ebc6a27a55cf,Restaurant 1702,Philadelphia,WA,Mexican,5,Elite,2023-04-01,Sunday,1,1.0,0.0,1.0,1.0,13.0,13.0,34.52,34.52,7.67,True
fe744ad3-3023-4fc7-b72f-43f7e015b764,Restaurant 1708,Philadelphia,WA,Coffee & Tea,5,Elite,2023-12-01,Friday,1,1.0,0.0,1.0,0.0,56.0,56.0,15.03,15.03,6.02,True
dbdd8700-4315-45f7-9787-ba083cc18cdc,Restaurant 1715,Philadelphia,WA,American (New),5,Elite,2024-08-01,Tuesday,1,1.0,0.0,1.0,1.0,34.0,34.0,30.88,30.88,5.84,True
5c76f01b-cdd1-4c2f-bb23-581dce161f86,Restaurant 1722,Philadelphia,WA,Thai,5,Elite,2022-03-01,Wednesday,1,1.0,0.0,1.0,1.0,18.0,18.0,41.84,41.84,5.61,True
4396ea78-8d4c-41eb-8561-e509ac2c5ee6,Restaurant 1728,Philadelphia,WA,Sushi,5,Elite,2023-10-01,Thursday,1,1.0,0.0,1.0,0.0,46.0,46.0,22.55,22.55,4.43,True
479fbf55-f994-4d16-bb7b-653d9cffcd1e,Restaurant 1752,Philadelphia,WA,Seafood,5,Elite,2022-12-01,Thursday,1,1.0,0.0,1.0,1.0,10.0,10.0,56.97,56.97,3.83,True
c3141098-f7e6-4620-bb43-ad948f4ede14,Restaurant 1786,Philadelphia,WA,Pizza,5,Elite,2022-11-01,Sunday,1,1.0,0.0,1.0,0.0,38.0,38.0,27.26,27.26,2.87,True
edf19b2a-4c60-445c-9f87-214b85a41e4b,Restaurant 1808,Philadelphia,WA,Chinese,5,Elite,2023-01-01,Monday,1,1.0,0.0,1.0,1.0,31.0,31.0,35.65,35.65,5.75,True
ea1f0a2b-ce6e-4c5f-a360-b1dcafe7b5f4,Restaurant 1839,Philadelphia,WA,Pizza,5,Elite,2023-07-01,Friday,1,1.0,0.0,1.0,0.0,35.0,35.0,46.71,46.71,1.21,True
3cdceb4f-1a00-4e56-9ad0-1c8a9c0cbfd9,Restaurant 1847,Philadelphia,WA,Seafood,5,Elite,2023-05-01,Tuesday,1,1.0,0.0,1.0,1.0,11.0,11.0,26.34,26.34,1.96,True
3408e807-ef69-4f3f-99db-e52f344a5898,Restaurant 1890,Philadelphia,WA,Mexican,5,Elite,2023-06-01,Tuesday,1,1.0,0.0,1.0,0.0,60.0,60.0,8.0,8.0,2.73,True
43bd96a0-5164-491d-b8d4-b7cb569df305,Restaurant 1910,Philadelphia,WA,Italian,5,Elite,2024-07-01,Saturday,1,1.0,0.0,1.0,1.0,10.0,10.0,36.67,36.67,6.53,True
a30db52a-2ace-46f7-a07f-dcd4b5d3a468,Restaurant 1911,Philadelphia,WA,American (New),5,Elite,2024-01-01,Wednesday,1,1.0,0.0,1.0,1.0,10.0,10.0,10.91,10.91,7.46,True
b23a28d6-3e8a-46b2-a36a-a58b7b6c3bd7,Restaurant 1928,Philadelphia,WA,Pizza,5,Elite,2024-08-01,Thursday,1,1.0,0.0,1.0,0.0,44.0,44.0,20.39,20.39,3.86,True
6b976b61-e528-45e2-af01-01eae0ec22ea,Restaurant 1933,Philadelphia,WA,Mexican,5,Elite,2022-03-01,Friday,1,1.0,0.0,1.0,1.0,45.0,45.0,8.0,8.0,6.01,True
a14be992-9251-4871-bba6-babba45ba841,Restaurant 1957,Philadelphia,WA,Burgers,5,Elite,2022-10-01,Tuesday,1,1.0,0.0,1.0,1.0,36.0,36.0,29.76,29.76,3.31,True
d1b7b24b-4641-450e-b4e8-47092e175290,Restaurant 22,Philadelphia,AZ,Burgers,1,Low,2023-05-01,Wednesday,1,1.0,0.0,1.0,1.0,37.0,37.0,22.91,22.91,4.22,True
77cec5eb-981c-4dad-833f-7d9890102f9d,Restaurant 55,Philadelphia,AZ,Coffee & Tea,1,Low,2023-01-01,Thursday,1,1.0,0.0,1.0,1.0,29.0,29.0,49.55,49.55,6.02,True
c53ec9c4-3f6d-45d9-bbc2-96629c14acb8,Restaurant 60,Philadelphia,AZ,Seafood,1,Low,2022-09-01,Wednesday,1,1.0,0.0,1.0,1.0,20.0,20.0,27.54,27.54,6.78,True
591d6f4c-e48f-4789-9caf-0c027e3804ce,Restaurant 73,Philadelphia,AZ,Coffee & Tea,1,Low,2022-11-01,Friday,1,1.0,0.0,1.0,1.0,32.0,32.0,32.44,32.44,1.88,True
0a90f802-0fcf-42b9-84bb-4c3dac3add20,Restaurant 76,Philadelphia,AZ,Coffee & Tea,1,Low,2022-05-01,Monday,1,1.0,0.0,1.0,0.0,51.0,51.0,62.16,62.16,3.68,True
e5f87447-42f7-4a39-9ffd-f9f7857fb524,Restaurant 79,Philadelphia,AZ,Sushi,1,Low,2022-12-01,Tuesday,1,1.0,0.0,1.0,1.0,20.0,20.0,18.14,18.14,2.54,True
c0c0ecf5-abda-4d35-9a2e-40eb13306bfe,Restaurant 82,Philadelphia,AZ,Sushi,1,Low,2023-02-01,Friday,1,1.0,0.0,1.0,1.0,29.0,29.0,30.37,30.37,6.62,True
16443fd7-b809-4258-82a0-d3f26a944729,Restaurant 87,Philadelphia,AZ,Sushi,1,Low,2023-07-01,Sunday,1,1.0,0.0,1.0,1.0,35.0,35.0,16.17,16.17,7.08,True
fc4fcbc8-e42f-4c5b-87e1-4ac14d86a4a5,Restaurant 90,Philadelphia,AZ,Coffee & Tea,1,Low,2024-12-01,Wednesday,1,1.0,0.0,1.0,0.0,46.0,46.0,20.32,20.32,5.46,True
37f2a1e6-67f5-421d-89e0-e3a01465a750,Restaurant 114,Philadelphia,AZ,Burgers,1,Low,2024-09-01,Monday,1,1.0,0.0,1.0,0.0,51.0,51.0,32.74,32.74,3.1,True
f7e16e60-ffdf-49b7-b317-124a64caa172,Restaurant 117,Philadelphia,AZ,Burgers,1,Low,2024-02-01,Sunday,1,1.0,0.0,1.0,1.0,45.0,45.0,23.61,23.61,4.69,True
46865a1b-74e6-494e-bbad-480c599a8de4,Restaurant 125,Philadelphia,AZ,Coffee & Tea,1,Low,2024-08-01,Sunday,1,1.0,0.0,1.0,1.0,39.0,39.0,34.5,34.5,6.57,True
972887eb-5efa-4e42-a7a0-cb0ab25f0026,Restaurant 144,Philadelphia,AZ,Pizza,1,Low,2024-01-01,Sunday,1,1.0,0.0,1.0,0.0,42.0,42.0,29.59,29.59,6.1,True
89cf3c09-cf6c-41d4-b529-f0a2a09d2a85,Restaurant 155,Philadelphia,AZ,Chinese,1,Low,2022-10-01,Saturday,1,1.0,0.0,1.0,1.0,20.0,20.0,70.34,70.34,2.52,True
e8b9eabb-d56a-499a-baa9-32c7aa302b84,Restaurant 172,Philadelphia,AZ,Pizza,1,Low,2024-08-01,Thursday,1,1.0,0.0,1.0,1.0,23.0,23.0,37.97,37.97,5.16,True
755fb9ed-1fcd-4d30-9d0f-4f41fa9f87ea,Restaurant 175,Philadelphia,AZ,American (New),1,Low,2022-06-01,Sunday,1,1.0,0.0,1.0,1.0,30.0,30.0,28.38,28.38,3.13,True
4d2a434a-a9bb-4fb8-b01f-5fe4ae326d57,Restaurant 204,Philadelphia,AZ,Burgers,1,Low,2023-03-01,Wednesday,1,1.0,0.0,1.0,0.0,47.0,47.0,8.0,8.0,6.67,True
a7b8ca5c-13c6-42c0-8068-ea10c88436b4,Restaurant 205,Philadelphia,AZ,Mexican,1,Low,2023-08-01,Thursday,1,1.0,0.0,1.0,1.0,47.0,47.0,38.62,38.62,1.88,True
9118ba18-f69f-48f6-9135-9c5cf3d5a515,Restaurant 244,Philadelphia,AZ,American (New),1,Low,2022-03-01,Friday,1,1.0,0.0,1.0,1.0,28.0,28.0,30.08,30.08,7.47,True
4e083304-68b7-466b-83e1-8d5b67967bc0,Restaurant 257,Philadelphia,AZ,American (New),1,Low,2023-07-01,Tuesday,1,1.0,0.0,1.0,1.0,23.0,23.0,51.97,51.97,6.95,True
786a7a3f-2749-431e-983b-fdef7724ffb9,Restaurant 292,Philadelphia,AZ,Italian,1,Low,2022-12-01,Thursday,1,1.0,0.0,1.0,1.0,10.0,10.0,39.72,39.72,6.91,True
1768a42b-6a3e-4789-887d-345d5038a987,Restaurant 305,Philadelphia,AZ,Seafood,1,Low,2022-06-01,Friday,1,1.0,0.0,1.0,0.0,51.0,51.0,26.56,26.56,5.58,True
e410ee9f-6717-409e-a90d-878240431333,Restaurant 311,Philadelphia,AZ,Italian,1,Low,2023-06-01,Wednesday,1,1.0,0.0,1.0,1.0,29.0,29.0,20.28,20.28,5.07,True
4ab75392-4df5-4319-9697-4e9dd70d7d87,Restaurant 320,Philadelphia,AZ,Sushi,1,Low,2022-04-01,Monday,1,1.0,0.0,1.0,1.0,13.0,13.0,19.54,19.54,5.03,True
be8b0ae4-f295-4ebb-ac32-9f74fa2c6ae7,Restaurant 355,Philadelphia,AZ,Coffee & Tea,1,Low,2024-12-01,Saturday,1,1.0,0.0,1.0,1.0,10.0,10.0,28.84,28.84,6.37,True
331e5f36-037e-44df-a3bf-55f8282b7d13,Restaurant 361,Philadelphia,AZ,Burgers,1,Low,2023-12-01,Thursday,1,1.0,0.0,1.0,1.0,31.0,31.0,42.57,42.57,6.31,True
fb1b05aa-5b04-4b70-908e-ee87d07e747b,Restaurant 371,Philadelphia,AZ,Chinese,1,Low,2024-12-01,Tuesday,1,1.0,0.0,1.0,1.0,30.0,30.0,34.79,34.79,1.65,True
6ca2dd9f-e5bc-4212-ac40-7db6e0cc3f01,Restaurant 398,Philadelphia,AZ,Coffee & Tea,1,Low,2024-05-01,Wednesday,1,1.0,0.0,1.0,1.0,32.0,32.0,29.95,29.95,3.63,True
35a4701d-9d43-4dad-8efb-48cf44dacd42,Restaurant 404,Philadelphia,AZ,Thai,2,Below Average,2024-12-01,Monday,1,1.0,0.0,1.0,1.0,40.0,40.0,19.39,19.39,5.77,True
c758c09e-f198-43af-aba4-fecd75f2035d,Restaurant 408,Philadelphia,AZ,Pizza,2,Below Average,2022-09-01,Saturday,1,1.0,0.0,1.0,1.0,29.0,29.0,30.01,30.01,5.0,True
7aafa5e7-2fca-464b-9972-83ab318b8982,Restaurant 416,Philadelphia,AZ,American (New),2,Below Average,2024-04-01,Thursday,1,1.0,0.0,1.0,1.0,30.0,30.0,35.98,35.98,2.29,True
edb869e1-37e8-4ad5-a0cc-7b49499766df,Restaurant 427,Philadelphia,AZ,Italian,2,Below Average,2024-02-01,Saturday,1,1.0,0.0,1.0,1.0,26.0,26.0,30.94,30.94,2.09,True
d1fa02d2-4824-4881-b065-68ae0d50f9fc,Restaurant 485,Philadelphia,AZ,American (New),2,Below Average,2023-06-01,Wednesday,1,1.0,0.0,1.0,1.0,24.0,24.0,22.02,22.02,3.51,True
4daaaf46-2989-43e6-a830-320e07f5761a,Restaurant 511,Philadelphia,AZ,Thai,2,Below Average,2022-11-01,Friday,1,1.0,0.0,1.0,0.0,43.0,43.0,32.27,32.27,4.39,True
93fe5418-bb48-4c0c-ba73-72cc58ebb31b,Restaurant 545,Philadelphia,AZ,Chinese,2,Below Average,2024-08-01,Tuesday,1,0.0,1.0,0.0,,,,8.0,8.0,5.93,True
e809694a-afdd-4625-bbb0-7d039c70b94f,Restaurant 556,Philadelphia,AZ,Pizza,2,Below Average,2023-04-01,Saturday,1,1.0,0.0,1.0,0.0,40.0,40.0,51.09,51.09,6.94,True
129c612f-cded-4c63-aa5a-6d93ab8748a0,Restaurant 563,Philadelphia,AZ,Sushi,2,Below Average,2024-08-01,Monday,1,1.0,0.0,1.0,0.0,56.0,56.0,45.68,45.68,2.21,True
89448ab9-6c2e-4220-87ec-74be30da6836,Restaurant 583,Philadelphia,AZ,Italian,2,Below Average,2023-01-01,Wednesday,1,1.0,0.0,1.0,0.0,52.0,52.0,75.74,75.74,4.38,True
58bacc4c-bb18-4de4-86c4-324ce6dfa5b5,Restaurant 633,Philadelphia,AZ,Pizza,2,Below Average,2024-08-01,Tuesday,1,1.0,0.0,1.0,1.0,23.0,23.0,28.96,28.96,3.97,True
c98e2d4e-6ae8-4bd0-92f9-59e7627569b5,Restaurant 657,Philadelphia,AZ,Coffee & Tea,2,Below Average,2022-01-01,Tuesday,1,1.0,0.0,1.0,0.0,66.0,66.0,32.71,32.71,4.71,True
ed62a955-3f64-4b53-8156-6e46d7e34c36,Restaurant 690,Philadelphia,AZ,Italian,2,Below Average,2022-10-01,Monday,1,1.0,0.0,1.0,1.0,37.0,37.0,60.8,60.8,5.27,True
cce2abde-a49d-4714-8ef7-423154de3d51,Restaurant 696,Philadelphia,AZ,Pizza,2,Below Average,2023-02-01,Saturday,1,1.0,0.0,1.0,1.0,52.0,52.0,20.25,20.25,4.34,True
12715c0b-2a2f-47bc-8fe4-5a2a47ded7c5,Restaurant 704,Philadelphia,AZ,Pizza,2,Below Average,2024-08-01,Thursday,1,1.0,0.0,1.0,1.0,28.0,28.0,35.95,35.95,2.63,True
51926554-6002-417d-bcae-44d868302d68,Restaurant 712,Philadelphia,AZ,Pizza,2,Below Average,2023-04-01,Sunday,1,1.0,0.0,1.0,0.0,34.0,34.0,14.2,14.2,5.05,True
9344a4c8-8e8f-4f3f-9fc1-58ddb03f82a8,Restaurant 719,Philadelphia,AZ,Chinese,2,Below Average,2023-07-01,Sunday,1,1.0,0.0,1.0,1.0,26.0,26.0,14.29,14.29,6.47,True
d2404a7c-420d-48ea-bbec-bf44d8a6fb5d,Restaurant 767,Philadelphia,AZ,Sushi,2,Below Average,2023-07-01,Saturday,1,1.0,0.0,1.0,1.0,33.0,33.0,51.97,51.97,2.47,True
58bc29bb-3f64-45ea-b538-697f54f4a7bf,Restaurant 795,Philadelphia,AZ,Coffee & Tea,2,Below Average,2024-03-01,Wednesday,1,1.0,0.0,1.0,0.0,43.0,43.0,22.54,22.54,5.3,True
ca6eba6e-1732-47e7-8fb8-05312b9bcabd,Restaurant 821,Philadelphia,AZ,Sushi,3,Average,2024-05-01,Thursday,1,1.0,0.0,1.0,1.0,10.0,10.0,50.87,50.87,2.67,True
4da48650-7f7b-4754-97b8-84c85d91cda7,Restaurant 828,Philadelphia,AZ,Burgers,3,Average,2023-12-01,Friday,1,1.0,0.0,1.0,1.0,27.0,27.0,21.88,21.88,1.88,True
a5a9932e-f5ee-4c1e-b9da-61f6f3cb6378,Restaurant 837,Philadelphia,AZ,Thai,3,Average,2024-07-01,Tuesday,1,1.0,0.0,1.0,1.0,20.0,20.0,21.41,21.41,4.26,True
7295fd65-f87f-46d0-952b-23e3bad9fab5,Restaurant 859,Philadelphia,AZ,Coffee & Tea,3,Average,2022-08-01,Wednesday,1,1.0,0.0,1.0,1.0,34.0,34.0,31.2,31.2,5.27,True
6822d6f3-d1a8-4a5d-afd8-c1d43a5890cd,Restaurant 864,Philadelphia,AZ,Coffee & Tea,3,Average,2024-08-01,Sunday,1,0.0,1.0,0.0,,,,8.0,8.0,4.4,True
3e358c7a-df9c-42ad-a094-b9d3c0f39b93,Restaurant 874,Philadelphia,AZ,American (New),3,Average,2024-11-01,Wednesday,1,1.0,0.0,1.0,1.0,32.0,32.0,44.62,44.62,3.2,True
ea3d7242-1e0a-42cd-9ea2-53ade29d6b4e,Restaurant 951,Philadelphia,AZ,Italian,3,Average,2022-04-01,Friday,1,1.0,0.0,1.0,1.0,42.0,42.0,33.9,33.9,6.19,True
7639f7c7-098c-4d62-b48e-d3880e1270d3,Restaurant 976,Philadelphia,AZ,American (New),3,Average,2022-02-01,Saturday,1,1.0,0.0,1.0,0.0,32.0,32.0,22.46,22.46,7.06,True
12449516-8eda-4310-b182-e978e0642282,Restaurant 1015,Philadelphia,AZ,Sushi,3,Average,2023-05-01,Tuesday,1,1.0,0.0,1.0,1.0,28.0,28.0,63.39,63.39,3.16,True
5d47aff6-b2df-45a3-9057-e3ef8efbb33f,Restaurant 1023,Philadelphia,AZ,Coffee & Tea,3,Average,2022-08-01,Thursday,1,1.0,0.0,1.0,1.0,24.0,24.0,44.42,44.42,5.45,True
a755f275-b94b-4c7f-b233-d6a19817c5f0,Restaurant 1033,Philadelphia,AZ,Thai,3,Average,2022-07-01,Monday,1,1.0,0.0,1.0,1.0,36.0,36.0,31.96,31.96,3.5,True
f9fb31b0-68aa-46e7-8742-e1a42b9f7cb8,Restaurant 1038,Philadelphia,AZ,Mexican,3,Average,2024-06-01,Thursday,1,1.0,0.0,1.0,1.0,15.0,15.0,33.12,33.12,4.27,True
0f9b21c6-5190-4f06-9934-a9e873cfc151,Restaurant 1050,Philadelphia,AZ,American (New),3,Average,2022-04-01,Monday,1,1.0,0.0,1.0,1.0,33.0,33.0,17.17,17.17,3.19,True
e984c17e-b842-40fd-9b45-2e858639cbb4,Restaurant 1065,Philadelphia,AZ,Italian,3,Average,2022-01-01,Saturday,1,1.0,0.0,1.0,0.0,40.0,40.0,39.74,39.74,4.87,True
a4541be4-4160-43c6-865c-3f07de48c842,Restaurant 1147,Philadelphia,AZ,Italian,3,Average,2024-07-01,Tuesday,1,1.0,0.0,1.0,0.0,33.0,33.0,28.67,28.67,4.71,True
23d4f074-c094-4741-a523-b2fa964b54f9,Restaurant 1150,Philadelphia,AZ,Burgers,3,Average,2024-07-01,Wednesday,1,1.0,0.0,1.0,0.0,25.0,25.0,20.36,20.36,3.26,True
32cea1a5-5839-46e8-a7c5-a6b5400897cb,Restaurant 1163,Philadelphia,AZ,American (New),3,Average,2024-05-01,Monday,1,1.0,0.0,1.0,0.0,57.0,57.0,29.5,29.5,4.52,True
ce0b1f70-0bb1-4c18-9dc2-b5439ef60c1a,Restaurant 1192,Philadelphia,AZ,Italian,3,Average,2024-06-01,Wednesday,1,1.0,0.0,1.0,1.0,42.0,42.0,24.08,24.08,4.71,True
64a33811-deac-463c-9e83-7c4bdb422034,Restaurant 1229,Philadelphia,AZ,Seafood,4,Strong,2022-03-01,Wednesday,1,1.0,0.0,1.0,0.0,50.0,50.0,23.31,23.31,5.06,True
bd1132d2-08c1-494f-bc6f-82a12838881e,Restaurant 1248,Philadelphia,AZ,Seafood,4,Strong,2022-05-01,Sunday,1,1.0,0.0,1.0,1.0,19.0,19.0,19.11,19.11,4.32,True
15f7afdd-2f0b-4288-bc53-243e0228720b,Restaurant 1264,Philadelphia,AZ,Coffee & Tea,4,Strong,2023-04-01,Sunday,1,1.0,0.0,1.0,0.0,58.0,58.0,20.45,20.45,5.92,True
8e0244c3-7c97-42d3-bfcf-dacdf9407fdc,Restaurant 1292,Philadelphia,AZ,Burgers,4,Strong,2022-10-01,Monday,1,1.0,0.0,1.0,1.0,10.0,10.0,13.98,13.98,6.4,True
ebf4f62f-28a1-42e0-a01c-e854ae20caee,Restaurant 1309,Philadelphia,AZ,Thai,4,Strong,2023-03-01,Sunday,1,1.0,0.0,1.0,0.0,40.0,40.0,48.13,48.13,6.8,True
d9dbed11-36ab-48ae-aa8e-6e7e69ec58d6,Restaurant 1330,Philadelphia,AZ,Mexican,4,Strong,2022-04-01,Monday,1,1.0,0.0,1.0,1.0,38.0,38.0,24.91,24.91,3.27,True
0333c093-7f7f-48ce-9493-bec321aebd3a,Restaurant 1351,Philadelphia,AZ,Coffee & Tea,4,Strong,2024-03-01,Thursday,1,1.0,0.0,1.0,1.0,28.0,28.0,26.72,26.72,7.45,True
b7d30ad8-04a0-4b83-b31c-9f48a1c1086b,Restaurant 1416,Philadelphia,AZ,Seafood,4,Strong,2022-03-01,Monday,1,1.0,0.0,1.0,1.0,37.0,37.0,59.9,59.9,5.34,True
71895e3a-9fce-476d-a163-6b93020d207a,Restaurant 1428,Philadelphia,AZ,Italian,4,Strong,2023-09-01,Wednesday,1,1.0,0.0,1.0,1.0,39.0,39.0,48.84,48.84,2.49,True
49f41eac-97cc-4967-8673-3aa31e2cfc99,Restaurant 1433,Philadelphia,AZ,Coffee & Tea,4,Strong,2022-05-01,Friday,1,1.0,0.0,1.0,1.0,40.0,40.0,40.54,40.54,6.83,True
cef00736-03ae-4c47-8ae6-e81e784d9822,Restaurant 1458,Philadelphia,AZ,Thai,4,Strong,2022-06-01,Saturday,1,1.0,0.0,1.0,1.0,26.0,26.0,16.15,16.15,2.35,True
06faa0f3-0587-4f11-b6b5-9e1145227000,Restaurant 1465,Philadelphia,AZ,Chinese,4,Strong,2022-06-01,Tuesday,1,1.0,0.0,1.0,1.0,14.0,14.0,36.98,36.98,1.39,True
24aca3f0-eede-421b-8939-ef357e21cb44,Restaurant 1467,Philadelphia,AZ,Pizza,4,Strong,2022-02-01,Sunday,1,1.0,0.0,1.0,0.0,46.0,46.0,24.68,24.68,3.5,True
5f9b4a4d-0c8a-453b-96d0-be61e216531e,Restaurant 1468,Philadelphia,AZ,Pizza,4,Strong,2024-05-01,Wednesday,1,1.0,0.0,1.0,0.0,32.0,32.0,16.15,16.15,7.3,True
c5b8ade8-6efe-4695-b6cf-2a8518d0e122,Restaurant 1478,Philadelphia,AZ,Pizza,4,Strong,2023-12-01,Saturday,1,1.0,0.0,1.0,0.0,32.0,32.0,52.45,52.45,4.96,True
3131e914-3efe-4cf9-a5de-ef0642cec831,Restaurant 1495,Philadelphia,AZ,Seafood,4,Strong,2023-08-01,Tuesday,1,0.0,1.0,0.0,,,,29.96,29.96,3.14,True
e8b0ea68-73d4-42b3-b187-a603c5c9a28b,Restaurant 1527,Philadelphia,AZ,Mexican,4,Strong,2024-04-01,Saturday,1,0.0,1.0,0.0,,,,20.14,20.14,5.59,True
6e2518b1-a6a5-4eb5-aa21-6623cec2a451,Restaurant 1530,Philadelphia,AZ,Burgers,4,Strong,2023-02-01,Monday,1,1.0,0.0,1.0,0.0,68.0,68.0,26.01,26.01,5.3,True
442a6be0-8e3c-49b9-849d-2a4583d6381d,Restaurant 1560,Philadelphia,AZ,Chinese,4,Strong,2024-01-01,Friday,1,1.0,0.0,1.0,0.0,32.0,32.0,31.44,31.44,5.57,True
426ad328-4250-42d0-97c8-8e6de697fe0d,Restaurant 1564,Philadelphia,AZ,Sushi,4,Strong,2023-03-01,Tuesday,1,1.0,0.0,1.0,1.0,34.0,34.0,8.0,8.0,3.34,True
b3521046-c57d-4dae-95c2-e9144041ab52,Restaurant 1580,Philadelphia,AZ,American (New),4,Strong,2023-09-01,Friday,1,1.0,0.0,1.0,1.0,27.0,27.0,35.11,35.11,4.82,True
de3e9df0-23f3-4ab7-813c-11860fa584ea,Restaurant 1602,Philadelphia,AZ,Thai,5,Elite,2022-05-01,Sunday,1,1.0,0.0,1.0,0.0,59.0,59.0,30.04,30.04,3.76,True
04924ee9-98ef-490d-b1b8-1ae831810d23,Restaurant 1615,Philadelphia,AZ,Seafood,5,Elite,2022-11-01,Thursday,1,1.0,0.0,1.0,1.0,39.0,39.0,16.91,16.91,6.42,True
100ed743-c4e6-438e-888c-e614efb05f1f,Restaurant 1624,Philadelphia,AZ,Chinese,5,Elite,2024-02-01,Thursday,1,1.0,0.0,1.0,0.0,48.0,48.0,21.37,21.37,4.47,True
d9ca11a3-002a-40dd-ae61-a69334c3a6fa,Restaurant 1659,Philadelphia,AZ,Mexican,5,Elite,2023-09-01,Saturday,1,1.0,0.0,1.0,1.0,15.0,15.0,45.52,45.52,1.05,True
13052c96-f2f8-4405-b922-32a050f2174b,Restaurant 1661,Philadelphia,AZ,Mexican,5,Elite,2023-02-01,Monday,1,1.0,0.0,1.0,0.0,45.0,45.0,31.24,31.24,6.94,True
e9d31913-cbd1-469b-aa07-619b549bfdb4,Restaurant 1665,Philadelphia,AZ,Pizza,5,Elite,2023-11-01,Tuesday,1,1.0,0.0,1.0,0.0,64.0,64.0,31.5,31.5,7.38,True
ffd216cb-0413-4779-a2c4-8aa74e39ec4e,Restaurant 1666,Philadelphia,AZ,Sushi,5,Elite,2024-12-01,Sunday,1,1.0,0.0,1.0,1.0,35.0,35.0,25.24,25.24,5.19,True
50cff78b-74fd-420c-b5fb-700c125e9c8f,Restaurant 1688,Philadelphia,AZ,Seafood,5,Elite,2024-12-01,Friday,1,0.0,1.0,0.0,,,,21.68,21.68,6.07,True
438ab3c1-c8ca-4eb9-91f8-cde2979b042c,Restaurant 1737,Philadelphia,AZ,Sushi,5,Elite,2022-12-01,Saturday,1,1.0,0.0,1.0,0.0,46.0,46.0,15.26,15.26,6.27,True
3e11acff-1e98-4497-91eb-ebf47266d18c,Restaurant 1746,Philadelphia,AZ,Italian,5,Elite,2024-12-01,Sunday,1,1.0,0.0,1.0,1.0,20.0,20.0,11.99,11.99,3.55,True
69a13d4c-e4fb-4480-a5ad-8bb87dc6d7be,Restaurant 1748,Philadelphia,AZ,Thai,5,Elite,2023-10-01,Tuesday,1,1.0,0.0,1.0,1.0,19.0,19.0,24.25,24.25,1.34,True
fa0c3273-42e2-48c6-8a26-134d68ef12fc,Restaurant 1755,Philadelphia,AZ,Italian,5,Elite,2022-01-01,Wednesday,1,1.0,0.0,1.0,1.0,41.0,41.0,14.25,14.25,1.46,True
caa4e8e6-b27d-4604-8ea8-097cd33b0093,Restaurant 1803,Philadelphia,AZ,Seafood,5,Elite,2023-05-01,Wednesday,1,1.0,0.0,1.0,1.0,26.0,26.0,44.16,44.16,1.37,True
0d069d96-4d81-4a89-a77f-b7ca1c1cc1e3,Restaurant 1804,Philadelphia,AZ,Chinese,5,Elite,2024-09-01,Monday,1,1.0,0.0,1.0,0.0,55.0,55.0,21.34,21.34,2.43,True
3e5f8ca8-dd5c-485a-a827-1a8b3404dc65,Restaurant 1836,Philadelphia,AZ,Thai,5,Elite,2023-02-01,Sunday,1,1.0,0.0,1.0,1.0,15.0,15.0,51.67,51.67,6.15,True
8c9e1003-0c87-449b-8383-c0e9ecd22168,Restaurant 1857,Philadelphia,AZ,Chinese,5,Elite,2022-07-01,Tuesday,1,1.0,0.0,1.0,0.0,57.0,57.0,31.47,31.47,2.9,True
4ad8767f-a9e3-4e25-88d2-fa77ca61a1e3,Restaurant 1861,Philadelphia,AZ,Chinese,5,Elite,2023-01-01,Thursday,1,1.0,0.0,1.0,1.0,25.0,25.0,32.61,32.61,2.78,True
befd1965-31c7-42e8-a5c5-86f8480d7d40,Restaurant 1868,Philadelphia,AZ,Burgers,5,Elite,2024-12-01,Sunday,1,0.0,1.0,0.0,,,,32.15,32.15,5.82,True
83e03988-896e-44f2-904d-b1ccd5f20062,Restaurant 1918,Philadelphia,AZ,Burgers,5,Elite,2024-08-01,Tuesday,1,1.0,0.0,1.0,1.0,36.0,36.0,36.91,36.91,3.61,True
c83909e6-fc43-491d-837a-d2957605ee94,Restaurant 1927,Philadelphia,AZ,Coffee & Tea,5,Elite,2022-10-01,Thursday,1,1.0,0.0,1.0,1.0,27.0,27.0,44.9,44.9,5.43,True
30f3a3f7-1581-49a0-83e0-fb407e37f8b7,Restaurant 1939,Philadelphia,AZ,Sushi,5,Elite,2023-09-01,Friday,1,1.0,0.0,1.0,1.0,51.0,51.0,52.18,52.18,6.98,True
bc9124bd-0dd3-4fb0-9fbe-b93824c5b538,Restaurant 1947,Philadelphia,AZ,Thai,5,Elite,2024-03-01,Friday,2,2.0,0.0,1.0,0.5,26.5,35.7,87.09,43.55,10.08,True
761c8834-a68b-4234-848d-435ac19b1e50,Restaurant 1969,Philadelphia,AZ,Seafood,5,Elite,2024-10-01,Thursday,1,1.0,0.0,1.0,1.0,30.0,30.0,33.65,33.65,4.12,True
fbcb63e8-74e6-403c-8d31-c537e01c863d,Restaurant 1976,Philadelphia,AZ,Pizza,5,Elite,2022-05-01,Monday,1,1.0,0.0,1.0,0.0,38.0,38.0,8.0,8.0,2.32,True
8ff9727a-25b9-4806-be20-fdcf5c4c06fa,Restaurant 1985,Philadelphia,AZ,Seafood,5,Elite,2024-01-01,Thursday,1,1.0,0.0,1.0,1.0,39.0,39.0,30.38,30.38,2.67,True
58d02875-1e24-4c0c-b4be-dddbaf3b0ca2,Restaurant 1993,Philadelphia,AZ,Thai,5,Elite,2023-10-01,Sunday,1,1.0,0.0,1.0,0.0,60.0,60.0,41.45,41.45,2.07,True
3676ce48-4d9e-4aee-86a1-16121f7866d1,Restaurant 1009,Philadelphia,CA,Burgers,3,Average,2022-09-01,Sunday,1,1.0,0.0,1.0,1.0,44.0,44.0,15.02,15.02,5.42,True
a11d34e6-9352-4afb-b566-999a4909f08b,Restaurant 1011,Philadelphia,CA,Burgers,3,Average,2023-01-01,Saturday,1,1.0,0.0,1.0,0.0,55.0,55.0,16.82,16.82,1.55,True
378e23e4-3769-4d48-a472-f4b39ab04dee,Restaurant 17,Philadelphia,CA,Coffee & Tea,1,Low,2022-01-01,Tuesday,1,1.0,0.0,1.0,1.0,33.0,33.0,27.16,27.16,6.88,True
34bbbd1e-95ba-4dfb-9128-58e263d4134e,Restaurant 1025,Philadelphia,CA,Sushi,3,Average,2024-02-01,Thursday,1,1.0,0.0,1.0,0.0,42.0,42.0,39.05,39.05,3.02,True
ff226a5c-fa4e-4f86-8536-492a96c1870f,Restaurant 1035,Philadelphia,CA,Italian,3,Average,2024-12-01,Wednesday,1,1.0,0.0,1.0,1.0,40.0,40.0,12.55,12.55,4.4,True
8b1abb2c-7c27-4e3f-8cfc-98dd4c467131,Restaurant 1059,Philadelphia,CA,Italian,3,Average,2024-09-01,Saturday,1,1.0,0.0,1.0,0.0,43.0,43.0,26.04,26.04,3.79,True
55715d56-7ebd-4afd-8c1f-a9d1b3321179,Restaurant 68,Philadelphia,CA,Sushi,1,Low,2023-09-01,Friday,1,1.0,0.0,1.0,1.0,44.0,44.0,48.91,48.91,1.84,True
adafecd7-8c8d-40a4-8e1e-de69f1956cda,Restaurant 109,Philadelphia,CA,Pizza,1,Low,2022-09-01,Thursday,1,1.0,0.0,1.0,0.0,40.0,40.0,18.91,18.91,3.39,True
cfb3799f-40de-4fae-b552-2317fccc6644,Restaurant 111,Philadelphia,CA,Mexican,1,Low,2023-06-01,Thursday,1,1.0,0.0,1.0,1.0,10.0,10.0,20.41,20.41,4.66,True
32a762e9-7717-476c-84fa-e982795d702a,Restaurant 1085,Philadelphia,CA,Sushi,3,Average,2024-12-01,Saturday,1,1.0,0.0,1.0,1.0,46.0,46.0,39.79,39.79,1.89,True
03bb8bbf-0ed2-432f-b214-d7083aa3d159,Restaurant 1118,Philadelphia,CA,Thai,3,Average,2024-07-01,Monday,1,1.0,0.0,1.0,0.0,47.0,47.0,22.86,22.86,2.47,True
57185a76-61dc-4ef9-9926-680ca0ca9b49,Restaurant 157,Philadelphia,CA,Sushi,1,Low,2024-12-01,Wednesday,1,1.0,0.0,1.0,1.0,22.0,22.0,21.77,21.77,2.88,True
8d302156-6612-4355-beb7-629fa83b3943,Restaurant 1130,Philadelphia,CA,Coffee & Tea,3,Average,2022-05-01,Tuesday,1,1.0,0.0,1.0,1.0,29.0,29.0,43.73,43.73,4.74,True
0e9dd086-3e85-4a97-be94-d44552d2af83,Restaurant 179,Philadelphia,CA,Burgers,1,Low,2022-12-01,Monday,1,1.0,0.0,1.0,1.0,25.0,25.0,45.62,45.62,6.86,True
c074797c-cc7e-4b94-b73c-56cb6563a0bf,Restaurant 1143,Philadelphia,CA,American (New),3,Average,2023-01-01,Sunday,1,1.0,0.0,1.0,1.0,10.0,10.0,42.05,42.05,2.06,True
0f668b8a-bfd7-4761-a195-43543290414e,Restaurant 1158,Philadelphia,CA,Italian,3,Average,2022-09-01,Friday,1,1.0,0.0,1.0,1.0,39.0,39.0,21.85,21.85,3.14,True
5f8cf778-64fe-4ea6-b01d-f468db522307,Restaurant 198,Philadelphia,CA,Thai,1,Low,2023-04-01,Sunday,1,1.0,0.0,1.0,1.0,15.0,15.0,17.38,17.38,4.85,True
3e2a1b4b-6073-402e-9d5c-cb0f3108b92f,Restaurant 1181,Philadelphia,CA,Chinese,3,Average,2024-11-01,Sunday,1,1.0,0.0,1.0,1.0,28.0,28.0,8.0,8.0,7.13,True
0d2de02d-d4b4-41a4-a13f-c9e8d9bf4617,Restaurant 1188,Philadelphia,CA,American (New),3,Average,2023-05-01,Wednesday,1,1.0,0.0,1.0,1.0,45.0,45.0,19.59,19.59,4.29,True
a49528a7-612d-4dee-abde-5874cf249631,Restaurant 1194,Philadelphia,CA,Chinese,3,Average,2023-06-01,Wednesday,1,1.0,0.0,1.0,1.0,36.0,36.0,18.42,18.42,3.73,True
6f496bd3-c18b-494e-a328-d82855e1e291,Restaurant 281,Philadelphia,CA,Thai,1,Low,2023-01-01,Sunday,1,1.0,0.0,1.0,1.0,21.0,21.0,31.89,31.89,5.36,True
df38fb94-890b-4bcc-9527-d4a36b3b03b2,Restaurant 283,Philadelphia,CA,Sushi,1,Low,2022-03-01,Thursday,1,1.0,0.0,1.0,1.0,43.0,43.0,8.0,8.0,2.93,True
ce11f7e1-4a73-4bec-9e13-7448aa48bf45,Restaurant 1214,Philadelphia,CA,American (New),4,Strong,2024-10-01,Wednesday,1,1.0,0.0,1.0,1.0,43.0,43.0,8.0,8.0,1.69,True
bae0cc16-f75c-4f94-9dc5-71a80fed7282,Restaurant 1247,Philadelphia,CA,Italian,4,Strong,2023-03-01,Sunday,1,1.0,0.0,1.0,1.0,27.0,27.0,52.92,52.92,2.42,True
684cdc82-91ca-42b7-9336-de28c0cc8756,Restaurant 300,Philadelphia,CA,Sushi,1,Low,2024-04-01,Tuesday,1,1.0,0.0,1.0,0.0,56.0,56.0,27.84,27.84,3.23,True
abd35160-b08e-4392-a2f1-e80e859c16a7,Restaurant 307,Philadelphia,CA,Burgers,1,Low,2023-07-01,Sunday,1,1.0,0.0,1.0,0.0,55.0,55.0,27.24,27.24,5.39,True
4f785c7b-4fa0-4681-8f77-08b7c3858183,Restaurant 1251,Philadelphia,CA,Sushi,4,Strong,2024-03-01,Thursday,1,1.0,0.0,1.0,1.0,42.0,42.0,20.45,20.45,4.22,True
d12306f1-094a-46f5-9d6c-c440ffab1f29,Restaurant 338,Philadelphia,CA,Sushi,1,Low,2023-12-01,Monday,1,1.0,0.0,1.0,1.0,29.0,29.0,14.03,14.03,6.97,True
ea0a15b8-0d7d-491b-8113-d407145deb2f,Restaurant 339,Philadelphia,CA,Thai,1,Low,2023-05-01,Wednesday,1,1.0,0.0,1.0,0.0,62.0,62.0,21.45,21.45,4.42,True
1d8cea2a-2740-4ffc-a448-fa0114935103,Restaurant 350,Philadelphia,CA,Italian,1,Low,2023-03-01,Wednesday,1,1.0,0.0,1.0,0.0,47.0,47.0,41.53,41.53,4.83,True
544dc4f9-eafb-4a68-b59b-cc7d0b05533d,Restaurant 1302,Philadelphia,CA,American (New),4,Strong,2024-12-01,Monday,1,1.0,0.0,1.0,0.0,52.0,52.0,59.04,59.04,5.78,True
d1d75ce4-bc84-48c7-b70a-cd0d4c53925b,Restaurant 1306,Philadelphia,CA,Seafood,4,Strong,2022-05-01,Friday,1,1.0,0.0,1.0,0.0,53.0,53.0,28.87,28.87,5.02,True
de5b3a8b-08c5-433a-a8c7-eb5e68da1e84,Restaurant 382,Philadelphia,CA,Thai,1,Low,2022-02-01,Monday,1,1.0,0.0,1.0,1.0,45.0,45.0,42.48,42.48,5.18,True
913126a1-03e8-4657-aa9c-838b260d7bad,Restaurant 389,Philadelphia,CA,Burgers,1,Low,2024-08-01,Sunday,1,1.0,0.0,1.0,1.0,37.0,37.0,16.37,16.37,6.14,True
32335eaa-b575-466d-a494-372d456b8e95,Restaurant 1332,Philadelphia,CA,Mexican,4,Strong,2022-05-01,Monday,1,1.0,0.0,1.0,1.0,35.0,35.0,9.14,9.14,6.79,True
7b8cb828-e020-4ec7-b641-4b1f10444111,Restaurant 1336,Philadelphia,CA,Burgers,4,Strong,2022-11-01,Monday,1,1.0,0.0,1.0,1.0,30.0,30.0,26.28,26.28,5.5,True
99bc29c5-806a-43ff-b5ce-f3927cfe0e08,Restaurant 1342,Philadelphia,CA,American (New),4,Strong,2023-11-01,Wednesday,1,1.0,0.0,1.0,1.0,18.0,18.0,26.17,26.17,1.77,True
ba26014e-c55f-4237-bb6e-f24b820912f2,Restaurant 432,Philadelphia,CA,Pizza,2,Below Average,2024-08-01,Thursday,1,1.0,0.0,1.0,1.0,38.0,38.0,19.65,19.65,7.45,True
c9a6e050-d724-4a3a-a3f9-527b6fd988b7,Restaurant 1348,Philadelphia,CA,Sushi,4,Strong,2022-01-01,Wednesday,1,1.0,0.0,1.0,1.0,23.0,23.0,14.82,14.82,4.96,True
7766edc5-d35e-4216-8031-502324c6aea3,Restaurant 1375,Philadelphia,CA,Mexican,4,Strong,2023-12-01,Tuesday,1,1.0,0.0,1.0,1.0,20.0,20.0,28.65,28.65,7.76,True
5101636f-fa5f-4957-afb4-8303a45bcd80,Restaurant 438,Philadelphia,CA,Chinese,2,Below Average,2022-04-01,Friday,1,1.0,0.0,1.0,0.0,47.0,47.0,20.07,20.07,4.35,True
f6c23698-bc28-4423-9f0c-eef0724e3cc0,Restaurant 441,Philadelphia,CA,American (New),2,Below Average,2022-04-01,Sunday,1,1.0,0.0,1.0,0.0,43.0,43.0,44.6,44.6,2.52,True
f1886153-85f0-4e38-9f85-f529a6b3bb94,Restaurant 446,Philadelphia,CA,American (New),2,Below Average,2024-12-01,Saturday,1,1.0,0.0,1.0,1.0,10.0,10.0,39.54,39.54,6.34,True
843cd534-807f-41e5-b999-0bf74d49788a,Restaurant 1380,Philadelphia,CA,Mexican,4,Strong,2023-03-01,Saturday,1,1.0,0.0,1.0,1.0,37.0,37.0,48.74,48.74,2.57,True
20d086fe-d946-4918-aec8-9a0e0af401e0,Restaurant 1398,Philadelphia,CA,Italian,4,Strong,2023-04-01,Thursday,1,1.0,0.0,1.0,1.0,10.0,10.0,8.0,8.0,6.76,True
78e42928-d3f2-4584-878f-410b57b13657,Restaurant 1472,Philadelphia,CA,Chinese,4,Strong,2024-12-01,Friday,1,1.0,0.0,1.0,1.0,34.0,34.0,12.06,12.06,2.16,True
e46456c6-5786-4968-a2e8-ee4014df71ce,Restaurant 1486,Philadelphia,CA,Mexican,4,Strong,2023-03-01,Wednesday,1,1.0,0.0,1.0,0.0,32.0,32.0,37.38,37.38,4.44,True
75664995-e181-4b1f-8b7d-b94a77e658cd,Restaurant 1520,Philadelphia,CA,American (New),4,Strong,2024-07-01,Sunday,1,1.0,0.0,1.0,1.0,32.0,32.0,43.97,43.97,2.77,True
3a0ddd08-6f6f-4b00-8407-83f57b8f9323,Restaurant 516,Philadelphia,CA,American (New),2,Below Average,2022-04-01,Friday,1,1.0,0.0,1.0,0.0,58.0,58.0,34.23,34.23,1.9,True
f58a448e-e697-4b10-bfee-d4fe4a6fd258,Restaurant 517,Philadelphia,CA,Chinese,2,Below Average,2023-12-01,Saturday,1,1.0,0.0,1.0,1.0,31.0,31.0,39.36,39.36,7.28,True
51eee245-6a79-429d-94e7-0d0eec478a81,Restaurant 526,Philadelphia,CA,Coffee & Tea,2,Below Average,2024-10-01,Monday,1,1.0,0.0,1.0,1.0,23.0,23.0,8.0,8.0,1.04,True
ebc0c504-46a8-4ae7-ba6a-fff43f0cd79d,Restaurant 1532,Philadelphia,CA,Italian,4,Strong,2023-04-01,Friday,1,1.0,0.0,1.0,0.0,40.0,40.0,33.66,33.66,7.84,True
7d6dcc2b-9c62-412d-8495-8306d60ae4a6,Restaurant 1543,Philadelphia,CA,Italian,4,Strong,2024-04-01,Monday,1,1.0,0.0,1.0,1.0,20.0,20.0,61.77,61.77,7.37,True
bd85550a-4e6f-4bdf-a67e-dda9bbf7bad4,Restaurant 1549,Philadelphia,CA,Seafood,4,Strong,2023-12-01,Monday,1,1.0,0.0,1.0,1.0,20.0,20.0,40.81,40.81,5.79,True
b5eebd4c-570a-4fbe-9da5-dc1304086d5b,Restaurant 544,Philadelphia,CA,Mexican,2,Below Average,2024-01-01,Friday,1,1.0,0.0,1.0,1.0,29.0,29.0,28.48,28.48,7.0,True
9765c8c6-8276-4766-823e-49cdb1cd7492,Restaurant 1574,Philadelphia,CA,American (New),4,Strong,2022-03-01,Thursday,1,1.0,0.0,1.0,0.0,46.0,46.0,38.73,38.73,3.93,True
19c24157-37d6-4e0f-bea7-4e61d1652155,Restaurant 1578,Philadelphia,CA,American (New),4,Strong,2022-01-01,Friday,1,1.0,0.0,1.0,1.0,38.0,38.0,29.39,29.39,2.35,True
ac18dc03-1988-4407-8739-8c004c9f5a59,Restaurant 1620,Philadelphia,CA,Pizza,5,Elite,2022-09-01,Saturday,1,1.0,0.0,1.0,1.0,27.0,27.0,30.98,30.98,5.33,True
a3035b26-42eb-4537-9dd4-d5eb422fb48d,Restaurant 1643,Philadelphia,CA,Burgers,5,Elite,2023-02-01,Saturday,1,1.0,0.0,1.0,1.0,29.0,29.0,11.92,11.92,1.17,True
b83768f6-15a1-4848-bc82-9b98bfc748c2,Restaurant 1647,Philadelphia,CA,American (New),5,Elite,2024-12-01,Monday,1,1.0,0.0,1.0,1.0,28.0,28.0,32.03,32.03,7.98,True
26b9ceb0-7cf3-4d7c-843c-82d11ec35ce4,Restaurant 1672,Philadelphia,CA,American (New),5,Elite,2022-05-01,Tuesday,1,1.0,0.0,1.0,1.0,16.0,16.0,25.08,25.08,3.61,True
2c15b7cc-7d43-4340-bc94-8d8b6d6485ec,Restaurant 648,Philadelphia,CA,American (New),2,Below Average,2024-12-01,Wednesday,1,1.0,0.0,1.0,0.0,55.0,55.0,39.11,39.11,1.26,True
812f1eb5-7a80-499c-87b4-5cc3e4058d19,Restaurant 658,Philadelphia,CA,American (New),2,Below Average,2024-03-01,Friday,1,1.0,0.0,1.0,1.0,39.0,39.0,8.0,8.0,4.1,True
8fa74d81-1cbc-40ca-84aa-ef9679882bc7,Restaurant 660,Philadelphia,CA,Seafood,2,Below Average,2022-02-01,Tuesday,1,1.0,0.0,1.0,1.0,41.0,41.0,17.79,17.79,1.36,True
303af62e-f957-4b8b-9228-308828fd0474,Restaurant 673,Philadelphia,CA,Seafood,2,Below Average,2023-06-01,Tuesday,1,1.0,0.0,1.0,0.0,29.0,29.0,28.61,28.61,3.68,True
77cb1df1-1763-45c3-b0ab-c2e1aab24f7a,Restaurant 694,Philadelphia,CA,Pizza,2,Below Average,2024-12-01,Tuesday,1,1.0,0.0,1.0,1.0,26.0,26.0,26.64,26.64,6.23,True
f4ae295a-a6c7-4d23-a6cf-dce53502b0a5,Restaurant 708,Philadelphia,CA,Coffee & Tea,2,Below Average,2024-05-01,Sunday,1,1.0,0.0,1.0,1.0,22.0,22.0,17.62,17.62,1.48,True
105993d8-e4da-46a8-abb1-76363d389fd0,Restaurant 1768,Philadelphia,CA,Sushi,5,Elite,2022-07-01,Sunday,1,1.0,0.0,1.0,1.0,37.0,37.0,23.79,23.79,5.98,True
1d0d71cd-1f29-4b68-8c38-52721db9616e,Restaurant 732,Philadelphia,CA,Coffee & Tea,2,Below Average,2022-06-01,Friday,1,1.0,0.0,1.0,0.0,54.0,54.0,43.44,43.44,5.92,True
c3b2f1ea-cf9b-4bf2-b962-e296bc9c24dc,Restaurant 735,Philadelphia,CA,Italian,2,Below Average,2024-06-01,Saturday,1,1.0,0.0,1.0,1.0,34.0,34.0,8.0,8.0,2.89,True
8a80de20-3565-4768-b4a2-6d164e685ea7,Restaurant 736,Philadelphia,CA,American (New),2,Below Average,2023-10-01,Friday,1,1.0,0.0,1.0,1.0,10.0,10.0,27.25,27.25,3.73,True
f8b93329-c27d-4c1b-9b9c-5c1e16ea4c92,Restaurant 1795,Philadelphia,CA,Italian,5,Elite,2022-12-01,Saturday,1,1.0,0.0,1.0,1.0,24.0,24.0,41.15,41.15,1.28,True
e97dfcba-e1e2-4032-9bf7-65cd60ed4f98,Restaurant 757,Philadelphia,CA,Pizza,2,Below Average,2024-01-01,Monday,1,0.0,1.0,0.0,,,,8.0,8.0,1.81,True
a8a17e62-886c-4c3a-8eb1-4bccaff7f2db,Restaurant 1796,Philadelphia,CA,Coffee & Tea,5,Elite,2023-02-01,Tuesday,1,1.0,0.0,1.0,0.0,40.0,40.0,27.79,27.79,1.27,True
b7e1aead-c202-40b2-b6cd-90a9d21ae283,Restaurant 1798,Philadelphia,CA,Chinese,5,Elite,2022-02-01,Sunday,1,1.0,0.0,1.0,1.0,39.0,39.0,19.5,19.5,1.26,True
cdb04504-3a06-4917-a915-fd0d5edb90d4,Restaurant 771,Philadelphia,CA,Sushi,2,Below Average,2023-01-01,Monday,1,1.0,0.0,1.0,1.0,30.0,30.0,26.2,26.2,4.51,True
7261b6a6-09a8-4e50-991f-c7295e2b1374,Restaurant 792,Philadelphia,CA,Mexican,2,Below Average,2022-02-01,Monday,1,1.0,0.0,1.0,1.0,38.0,38.0,37.2,37.2,3.06,True
fbc3744c-57fe-4f65-891e-ad5724238208,Restaurant 804,Philadelphia,CA,Seafood,3,Average,2023-03-01,Tuesday,1,1.0,0.0,1.0,0.0,43.0,43.0,42.97,42.97,1.27,True
fa25eb9e-7606-4dd5-b696-7ceda8673603,Restaurant 1830,Philadelphia,CA,Coffee & Tea,5,Elite,2022-12-01,Tuesday,1,1.0,0.0,1.0,1.0,48.0,48.0,34.61,34.61,6.59,True
44dc67e6-b1df-4aaf-aa52-8119fcbc38ff,Restaurant 818,Philadelphia,CA,Pizza,3,Average,2023-07-01,Monday,1,1.0,0.0,1.0,1.0,25.0,25.0,52.52,52.52,3.33,True
5d846ec2-9a70-4311-9a25-6cc976593af0,Restaurant 840,Philadelphia,CA,Seafood,3,Average,2024-06-01,Friday,1,1.0,0.0,1.0,1.0,32.0,32.0,41.1,41.1,6.91,True
800e83dc-a886-436c-a66c-942efdbaf80e,Restaurant 1880,Philadelphia,CA,Mexican,5,Elite,2023-07-01,Friday,1,1.0,0.0,1.0,1.0,27.0,27.0,34.63,34.63,4.42,True
466eecc1-077a-47f2-9661-2740f668df4f,Restaurant 1961,Philadelphia,CA,Sushi,5,Elite,2024-01-01,Friday,1,1.0,0.0,1.0,1.0,19.0,19.0,26.39,26.39,6.65,True
8d6e948c-d9ab-4fcb-9756-252f53ccd67b,Restaurant 1963,Philadelphia,CA,Seafood,5,Elite,2022-09-01,Saturday,1,1.0,0.0,1.0,0.0,36.0,36.0,33.1,33.1,2.14,True
0ffbece7-b236-4383-b170-ef0e5fb8b7cc,Restaurant 957,Philadelphia,CA,Sushi,3,Average,2023-01-01,Thursday,1,1.0,0.0,1.0,0.0,59.0,59.0,26.64,26.64,6.55,True
cfb530f2-ff18-48b0-9525-1c74a6ea9da4,Restaurant 975,Philadelphia,CA,Sushi,3,Average,2024-07-01,Saturday,1,1.0,0.0,1.0,0.0,47.0,47.0,23.99,23.99,1.78,True
717f5a9c-c8d2-4626-bfc9-95c5c295726e,Restaurant 983,Philadelphia,CA,Mexican,3,Average,2024-02-01,Monday,1,1.0,0.0,1.0,1.0,34.0,34.0,29.27,29.27,2.45,True
656e2e08-057d-4130-90cd-992bda818642,Restaurant 8,Philadelphia,TX,Pizza,1,Low,2024-02-01,Thursday,1,1.0,0.0,1.0,1.0,43.0,43.0,8.02,8.02,3.86,True
d10cd1f8-aded-4019-b136-7d7fe8aaf343,Restaurant 1001,Philadelphia,TX,Pizza,3,Average,2022-03-01,Tuesday,1,1.0,0.0,1.0,1.0,41.0,41.0,28.76,28.76,3.88,True
dc81e380-2ad6-46c2-a1eb-4bb11625dd6a,Restaurant 18,Philadelphia,TX,Italian,1,Low,2023-12-01,Thursday,1,1.0,0.0,1.0,0.0,45.0,45.0,53.41,53.41,5.43,True
a66d96f1-d8ca-4ee3-ac4d-98c292faa20e,Restaurant 26,Philadelphia,TX,Burgers,1,Low,2022-04-01,Saturday,1,1.0,0.0,1.0,1.0,33.0,33.0,27.58,27.58,5.17,True
6da36bd5-3842-4eda-9fd8-32199f19b9e0,Restaurant 1040,Philadelphia,TX,Mexican,3,Average,2024-09-01,Tuesday,1,1.0,0.0,1.0,0.0,49.0,49.0,17.98,17.98,5.9,True
64b671ba-cb01-4b19-a612-d805d5315392,Restaurant 57,Philadelphia,TX,Mexican,1,Low,2022-10-01,Monday,1,1.0,0.0,1.0,1.0,31.0,31.0,36.08,36.08,6.65,True
b6e2bc92-4273-48b0-9efb-c0b522c2dd3b,Restaurant 1071,Philadelphia,TX,Chinese,3,Average,2022-04-01,Saturday,1,1.0,0.0,1.0,1.0,29.0,29.0,39.23,39.23,4.31,True
ff8d8391-553e-4a5b-8883-1a51e8420693,Restaurant 1077,Philadelphia,TX,Burgers,3,Average,2022-09-01,Thursday,2,1.0,1.0,0.5,0.0,52.0,52.0,60.44,30.22,6.01,True
fc5b4aa1-b33d-4441-a171-ccaa0b3c1de7,Restaurant 1082,Philadelphia,TX,American (New),3,Average,2023-01-01,Monday,1,1.0,0.0,1.0,1.0,17.0,17.0,25.18,25.18,6.31,True
0dff6a31-ecbf-4313-bd9a-b656c29d71b6,Restaurant 124,Philadelphia,TX,Burgers,1,Low,2022-08-01,Tuesday,1,1.0,0.0,1.0,1.0,19.0,19.0,11.81,11.81,6.08,True
9a199a88-12da-418a-87c5-772e1c617853,Restaurant 1094,Philadelphia,TX,Sushi,3,Average,2022-11-01,Tuesday,1,1.0,0.0,1.0,1.0,43.0,43.0,38.33,38.33,6.38,True
1dd3c1ad-bbbc-47ad-9f82-aefa5b730315,Restaurant 1098,Philadelphia,TX,American (New),3,Average,2024-07-01,Saturday,1,1.0,0.0,1.0,1.0,36.0,36.0,36.44,36.44,3.25,True
31d620a6-37a6-4e0e-bcaf-ed3549d302d1,Restaurant 1108,Philadelphia,TX,Thai,3,Average,2023-11-01,Wednesday,1,1.0,0.0,1.0,0.0,62.0,62.0,28.11,28.11,1.46,True
1ce7dcba-9d87-46f4-a052-4bb0e8167baf,Restaurant 189,Philadelphia,TX,Sushi,1,Low,2022-06-01,Thursday,1,1.0,0.0,1.0,0.0,38.0,38.0,8.0,8.0,5.95,True
a4f6958c-7211-4240-a935-fa36c3ecac38,Restaurant 1149,Philadelphia,TX,Burgers,3,Average,2023-09-01,Tuesday,1,1.0,0.0,1.0,0.0,59.0,59.0,44.83,44.83,3.26,True
96319705-637d-48ce-9de5-1b8c07d551f6,Restaurant 194,Philadelphia,TX,American (New),1,Low,2023-04-01,Sunday,1,1.0,0.0,1.0,1.0,43.0,43.0,49.52,49.52,5.06,True
ee328c2e-9696-4a6d-9e79-ed012d49022f,Restaurant 217,Philadelphia,TX,American (New),1,Low,2024-06-01,Wednesday,1,0.0,1.0,0.0,,,,37.04,37.04,5.54,True
506360a0-94cb-4b16-abf2-a0d410712d99,Restaurant 229,Philadelphia,TX,Mexican,1,Low,2024-05-01,Saturday,1,1.0,0.0,1.0,1.0,42.0,42.0,30.99,30.99,2.09,True
c8b3d72b-b3f9-431c-bfde-6a0d49c90dcb,Restaurant 1180,Philadelphia,TX,Seafood,3,Average,2024-07-01,Tuesday,1,1.0,0.0,1.0,0.0,42.0,42.0,19.09,19.09,3.17,True
92cbbc27-8f71-417e-acb8-5c31fdc4811f,Restaurant 1187,Philadelphia,TX,Coffee & Tea,3,Average,2024-01-01,Sunday,1,1.0,0.0,1.0,1.0,30.0,30.0,44.98,44.98,5.46,True
cb5e4c74-475e-4d2c-bb5d-6f0de19f63f1,Restaurant 247,Philadelphia,TX,Coffee & Tea,1,Low,2022-01-01,Thursday,1,1.0,0.0,1.0,1.0,39.0,39.0,39.24,39.24,6.74,True
971fa6de-021c-4ea6-8114-b6c00ffcc8a1,Restaurant 282,Philadelphia,TX,Chinese,1,Low,2022-12-01,Tuesday,1,1.0,0.0,1.0,1.0,39.0,39.0,48.94,48.94,1.98,True
ab4046f1-1817-4bb8-978c-daea86d60329,Restaurant 1227,Philadelphia,TX,Pizza,4,Strong,2024-01-01,Tuesday,1,1.0,0.0,1.0,1.0,10.0,10.0,34.47,34.47,4.77,True
16d9d5ff-641b-4b36-a4f4-3ca18e4c50af,Restaurant 308,Philadelphia,TX,Coffee & Tea,1,Low,2022-08-01,Tuesday,1,1.0,0.0,1.0,0.0,51.0,51.0,22.52,22.52,7.83,True
ae22d53a-67f2-43b2-85e1-5fd3a9c2c809,Restaurant 340,Philadelphia,TX,Thai,1,Low,2022-05-01,Saturday,1,0.0,1.0,0.0,,,,8.0,8.0,6.44,True
b007ff0c-84c4-44af-821f-6505a4f3d905,Restaurant 362,Philadelphia,TX,Pizza,1,Low,2023-04-01,Saturday,1,1.0,0.0,1.0,1.0,27.0,27.0,42.56,42.56,1.53,True
29f0b988-affb-4093-b54e-172b2cfe1ad8,Restaurant 386,Philadelphia,TX,Coffee & Tea,1,Low,2022-10-01,Wednesday,1,1.0,0.0,1.0,0.0,55.0,55.0,16.53,16.53,1.33,True
fbf5f91e-7fdb-4083-9868-f3d21401c421,Restaurant 397,Philadelphia,TX,Mexican,1,Low,2024-08-01,Wednesday,1,1.0,0.0,1.0,0.0,59.0,59.0,23.7,23.7,2.18,True
8f38a302-aaa3-40c0-8724-be5162259a9d,Restaurant 433,Philadelphia,TX,Sushi,2,Below Average,2024-06-01,Sunday,1,1.0,0.0,1.0,0.0,34.0,34.0,9.64,9.64,2.05,True
e100b61e-62ac-4f64-9c37-3da0864e7699,Restaurant 462,Philadelphia,TX,Thai,2,Below Average,2023-09-01,Thursday,2,2.0,0.0,1.0,0.5,34.5,54.1,67.2,33.6,9.36,True
1d300547-c182-4c24-b278-385f0acc2353,Restaurant 1389,Philadelphia,TX,Italian,4,Strong,2024-05-01,Thursday,1,1.0,0.0,1.0,1.0,40.0,40.0,34.19,34.19,5.94,True
95cfedc4-614e-4cd7-917c-d486cf9d16f7,Restaurant 1417,Philadelphia,TX,Thai,4,Strong,2023-01-01,Wednesday,1,1.0,0.0,1.0,1.0,13.0,13.0,10.22,10.22,6.43,True
761d6d1d-6f9d-4b73-81c9-2e7276827590,Restaurant 1421,Philadelphia,TX,Italian,4,Strong,2024-04-01,Saturday,1,1.0,0.0,1.0,1.0,37.0,37.0,29.58,29.58,4.88,True
39d93b7b-fe52-4d20-9cdd-5c095b095e9f,Restaurant 1424,Philadelphia,TX,Mexican,4,Strong,2024-07-01,Tuesday,1,1.0,0.0,1.0,1.0,31.0,31.0,14.63,14.63,3.8,True
194a06ef-3e4f-4502-85b0-ae765533aad9,Restaurant 490,Philadelphia,TX,Pizza,2,Below Average,2024-09-01,Thursday,1,1.0,0.0,1.0,1.0,29.0,29.0,22.1,22.1,1.61,True
e52dc04d-cbc6-45b9-bdb9-7f43376f7cbe,Restaurant 1446,Philadelphia,TX,Chinese,4,Strong,2023-11-01,Saturday,1,1.0,0.0,1.0,1.0,29.0,29.0,37.43,37.43,5.28,True
bee51a57-fd12-48d2-9382-cecea86a6d77,Restaurant 1493,Philadelphia,TX,Mexican,4,Strong,2024-09-01,Sunday,1,1.0,0.0,1.0,1.0,26.0,26.0,29.43,29.43,6.45,True
0d286e68-7e86-434f-b66a-37d964835249,Restaurant 504,Philadelphia,TX,Chinese,2,Below Average,2024-06-01,Wednesday,1,1.0,0.0,1.0,0.0,34.0,34.0,30.54,30.54,5.6,True
f39ee359-15d3-4ef1-a197-01c1f7351a43,Restaurant 1531,Philadelphia,TX,Italian,4,Strong,2022-05-01,Thursday,1,1.0,0.0,1.0,1.0,27.0,27.0,11.75,11.75,2.04,True
53b6348f-0292-456a-8fd3-da701f51a034,Restaurant 533,Philadelphia,TX,Burgers,2,Below Average,2022-02-01,Tuesday,1,1.0,0.0,1.0,0.0,46.0,46.0,12.81,12.81,7.35,True
992c70c2-77e2-43b7-ba41-6785277c860e,Restaurant 534,Philadelphia,TX,American (New),2,Below Average,2022-12-01,Saturday,1,1.0,0.0,1.0,0.0,40.0,40.0,41.77,41.77,4.38,True
c81b7b7a-10c6-4d0c-9c9e-5f4ede59bc02,Restaurant 547,Philadelphia,TX,Chinese,2,Below Average,2024-03-01,Tuesday,1,1.0,0.0,1.0,0.0,48.0,48.0,12.81,12.81,3.59,True
04fbade6-29fd-4fcf-b863-51d16c453153,Restaurant 1550,Philadelphia,TX,Sushi,4,Strong,2024-08-01,Sunday,1,1.0,0.0,1.0,1.0,21.0,21.0,38.39,38.39,6.55,True
554ec36e-d754-47b2-97f4-04be874b7d9e,Restaurant 1559,Philadelphia,TX,Seafood,4,Strong,2022-05-01,Tuesday,1,1.0,0.0,1.0,1.0,57.0,57.0,38.3,38.3,4.17,True
a3baa31c-5934-4dd8-bcd0-e74e2ac063c3,Restaurant 1599,Philadelphia,TX,Italian,4,Strong,2023-09-01,Saturday,1,1.0,0.0,1.0,0.0,49.0,49.0,13.29,13.29,5.03,True
e85c5921-e799-441c-b48b-9fc3aac2cea7,Restaurant 609,Philadelphia,TX,Seafood,2,Below Average,2023-07-01,Saturday,1,1.0,0.0,1.0,1.0,38.0,38.0,49.16,49.16,3.46,True
c6dcddeb-ce50-4190-ae74-d9b8edef74f4,Restaurant 1625,Philadelphia,TX,Mexican,5,Elite,2023-01-01,Wednesday,1,1.0,0.0,1.0,1.0,16.0,16.0,8.0,8.0,6.65,True
0d861420-d9bb-4cbf-88e2-fbf99de9e45c,Restaurant 622,Philadelphia,TX,Sushi,2,Below Average,2024-07-01,Tuesday,1,0.0,1.0,0.0,,,,25.21,25.21,6.03,True
4ab70675-b98a-4de7-9964-847d9dd3d37c,Restaurant 626,Philadelphia,TX,Chinese,2,Below Average,2023-01-01,Thursday,1,1.0,0.0,1.0,1.0,18.0,18.0,36.59,36.59,5.81,True
75096181-875a-44c6-a9de-50fac972054f,Restaurant 643,Philadelphia,TX,Thai,2,Below Average,2023-10-01,Sunday,1,1.0,0.0,1.0,0.0,45.0,45.0,38.17,38.17,3.48,True
0da64d6f-3607-4b63-a5ff-b46f5584d7d2,Restaurant 656,Philadelphia,TX,Italian,2,Below Average,2024-03-01,Wednesday,1,1.0,0.0,1.0,1.0,13.0,13.0,45.83,45.83,2.14,True
1fe4bd72-8e77-4118-a0b3-00da4a70fa25,Restaurant 1687,Philadelphia,TX,American (New),5,Elite,2022-04-01,Saturday,1,1.0,0.0,1.0,1.0,37.0,37.0,22.9,22.9,3.93,True
e0cdf24e-971c-45e5-8caf-e86683e62ffb,Restaurant 1693,Philadelphia,TX,Chinese,5,Elite,2022-08-01,Monday,1,1.0,0.0,1.0,1.0,22.0,22.0,49.83,49.83,2.7,True
3995e609-6a53-4a4e-ab7b-ae04dc7c3a7d,Restaurant 1698,Philadelphia,TX,Italian,5,Elite,2024-07-01,Wednesday,1,1.0,0.0,1.0,1.0,15.0,15.0,8.0,8.0,2.4,True
bafb9902-adfd-4c54-9be6-6d44e7e139c4,Restaurant 667,Philadelphia,TX,Italian,2,Below Average,2022-08-01,Monday,1,0.0,1.0,0.0,,,,23.66,23.66,4.97,True
99b19f1e-2ade-40da-ba17-f273c3d1e7ad,Restaurant 1714,Philadelphia,TX,Seafood,5,Elite,2023-11-01,Thursday,1,1.0,0.0,1.0,1.0,37.0,37.0,27.85,27.85,6.69,True
a62743cb-31b2-406d-9922-1e5e8d6fab4f,Restaurant 668,Philadelphia,TX,Sushi,2,Below Average,2022-09-01,Saturday,1,1.0,0.0,1.0,0.0,53.0,53.0,26.42,26.42,5.63,True
e523e5b8-b3f9-4ee9-81b2-e07b8aa0e5d3,Restaurant 1760,Philadelphia,TX,Mexican,5,Elite,2023-03-01,Friday,1,1.0,0.0,1.0,0.0,48.0,48.0,34.64,34.64,7.0,True
f5af287b-b3f0-46ef-ab9a-11ef025dea2d,Restaurant 1773,Philadelphia,TX,Italian,5,Elite,2023-02-01,Friday,1,1.0,0.0,1.0,1.0,13.0,13.0,33.52,33.52,1.0,True
5f3ba672-bb5c-47f6-a06a-6aee121dc288,Restaurant 1783,Philadelphia,TX,Chinese,5,Elite,2023-06-01,Sunday,1,1.0,0.0,1.0,1.0,43.0,43.0,39.44,39.44,7.13,True
4a777441-342a-4d58-871c-e1e13d83f2b8,Restaurant 764,Philadelphia,TX,Sushi,2,Below Average,2022-09-01,Sunday,1,1.0,0.0,1.0,1.0,48.0,48.0,18.66,18.66,6.52,True
2fdb9ef6-44c9-4d6f-9ce7-a8aaa5439e22,Restaurant 765,Philadelphia,TX,Burgers,2,Below Average,2023-10-01,Friday,1,1.0,0.0,1.0,1.0,38.0,38.0,52.16,52.16,3.61,True
5534db5e-a98a-4dd3-8cce-0e1afd735ac4,Restaurant 768,Philadelphia,TX,Burgers,2,Below Average,2022-10-01,Thursday,1,1.0,0.0,1.0,0.0,31.0,31.0,38.55,38.55,1.0,True
c44db8e4-b37d-4939-8e63-1aaf11b97993,Restaurant 776,Philadelphia,TX,Chinese,2,Below Average,2023-11-01,Friday,1,1.0,0.0,1.0,1.0,18.0,18.0,20.73,20.73,1.64,True
e67dd971-4c9b-4e57-a087-bb6900673931,Restaurant 816,Philadelphia,TX,Sushi,3,Average,2023-11-01,Tuesday,1,1.0,0.0,1.0,1.0,21.0,21.0,27.6,27.6,5.66,True
a7ecb100-e165-4038-963d-3564d811a576,Restaurant 1846,Philadelphia,TX,Italian,5,Elite,2022-07-01,Thursday,1,1.0,0.0,1.0,1.0,10.0,10.0,16.12,16.12,5.54,True
8c5d5ee6-73b8-44a8-b3cb-29a7017ae18a,Restaurant 1850,Philadelphia,TX,Burgers,5,Elite,2023-09-01,Thursday,1,1.0,0.0,1.0,1.0,28.0,28.0,42.53,42.53,5.5,True
af89d1fc-2651-4805-b449-9654f04e2dfa,Restaurant 1851,Philadelphia,TX,Pizza,5,Elite,2023-11-01,Saturday,1,1.0,0.0,1.0,1.0,10.0,10.0,50.28,50.28,1.18,True
f3aadb96-a268-479a-a3fa-2e674fb91d3b,Restaurant 1854,Philadelphia,TX,Burgers,5,Elite,2024-06-01,Thursday,1,1.0,0.0,1.0,1.0,18.0,18.0,21.79,21.79,5.26,True
a2dc5586-55be-462a-847d-1bc17a38fbcc,Restaurant 850,Philadelphia,TX,Italian,3,Average,2024-03-01,Friday,1,1.0,0.0,1.0,1.0,19.0,19.0,36.62,36.62,4.32,True
5cd47c39-573a-4a4e-93e8-26540088ca79,Restaurant 867,Philadelphia,TX,Mexican,3,Average,2024-09-01,Friday,1,1.0,0.0,1.0,0.0,60.0,60.0,19.54,19.54,2.02,True
947d1fbf-4040-4e37-9228-884e2c9e3b4e,Restaurant 922,Philadelphia,TX,Mexican,3,Average,2024-10-01,Tuesday,1,1.0,0.0,1.0,1.0,28.0,28.0,60.16,60.16,7.94,True
6e78b025-22f6-47e3-a972-1c28c691bb32,Restaurant 1888,Philadelphia,TX,Mexican,5,Elite,2022-08-01,Tuesday,1,1.0,0.0,1.0,1.0,15.0,15.0,29.16,29.16,6.04,True
fb8181f5-dfc7-4eee-a1f4-87f19f56a429,Restaurant 927,Philadelphia,TX,Burgers,3,Average,2024-01-01,Monday,1,1.0,0.0,1.0,1.0,57.0,57.0,15.06,15.06,2.23,True
96c2f2de-d822-4d6e-83dc-fb8df9a1e163,Restaurant 1922,Philadelphia,TX,American (New),5,Elite,2023-07-01,Thursday,1,1.0,0.0,1.0,1.0,37.0,37.0,34.13,34.13,1.52,True
565316ef-c26e-4812-ac54-4aedf5593b44,Restaurant 1951,Philadelphia,TX,Italian,5,Elite,2023-01-01,Sunday,1,1.0,0.0,1.0,1.0,26.0,26.0,22.08,22.08,4.41,True
847ee13a-4d07-4e3d-8cec-ad07fcb3cc87,Restaurant 1953,Philadelphia,TX,Mexican,5,Elite,2022-05-01,Thursday,1,1.0,0.0,1.0,1.0,32.0,32.0,29.52,29.52,6.66,True
759dd5ad-889c-4959-b255-cd76834b8c25,Restaurant 947,Philadelphia,TX,Seafood,3,Average,2023-11-01,Saturday,1,1.0,0.0,1.0,1.0,37.0,37.0,29.21,29.21,7.58,True
325576ff-122f-48d6-9162-5ffa7d9c943a,Restaurant 967,Philadelphia,TX,Mexican,3,Average,2023-03-01,Wednesday,1,1.0,0.0,1.0,0.0,58.0,58.0,8.0,8.0,4.94,True
543cbb36-dfb5-452f-8165-52bddaf2fcd7,Restaurant 979,Philadelphia,TX,American (New),3,Average,2023-07-01,Thursday,1,1.0,0.0,1.0,1.0,28.0,28.0,63.53,63.53,2.38,True
901b06bd-5339-4bb0-b5d2-78035a45a787,Restaurant 1986,Philadelphia,TX,Sushi,5,Elite,2024-07-01,Sunday,1,1.0,0.0,1.0,1.0,39.0,39.0,38.14,38.14,2.41,True
2577a528-d2c0-4059-bd47-24a83408c04a,Restaurant 981,Philadelphia,TX,Italian,3,Average,2024-08-01,Thursday,1,1.0,0.0,1.0,1.0,16.0,16.0,22.9,22.9,4.46,True
1af8102d-461b-4f4e-aa80-ce9c087e8dc5,Restaurant 14,Philadelphia,OH,American (New),1,Low,2024-07-01,Wednesday,1,1.0,0.0,1.0,1.0,25.0,25.0,8.0,8.0,5.82,True
a5dc9144-4605-4d6e-90b6-450da3437d16,Restaurant 27,Philadelphia,OH,Thai,1,Low,2024-08-01,Tuesday,1,1.0,0.0,1.0,1.0,44.0,44.0,31.26,31.26,5.08,True
1f073c53-ef32-4629-b0b7-ef431ef2e441,Restaurant 38,Philadelphia,OH,Coffee & Tea,1,Low,2024-10-01,Wednesday,1,1.0,0.0,1.0,1.0,13.0,13.0,14.18,14.18,5.78,True
1e2d819e-3804-4a56-a578-6a30f8a0e9ce,Restaurant 42,Philadelphia,OH,Thai,1,Low,2023-08-01,Tuesday,1,1.0,0.0,1.0,1.0,13.0,13.0,8.0,8.0,3.76,True
8c2f26c7-c38c-4952-a4a0-a41e067b51bc,Restaurant 43,Philadelphia,OH,Mexican,1,Low,2023-05-01,Thursday,1,1.0,0.0,1.0,0.0,47.0,47.0,32.47,32.47,2.27,True
d12493d2-3ec9-477e-982b-59b95212805e,Restaurant 49,Philadelphia,OH,Burgers,1,Low,2023-11-01,Saturday,1,1.0,0.0,1.0,1.0,28.0,28.0,12.8,12.8,3.92,True
2ea09749-aaf2-4489-a19b-2842c91bfcab,Restaurant 54,Philadelphia,OH,Thai,1,Low,2024-02-01,Saturday,1,1.0,0.0,1.0,0.0,27.0,27.0,8.33,8.33,2.17,True
00d06576-a313-4f5c-a319-06f7494f0357,Restaurant 70,Philadelphia,OH,Coffee & Tea,1,Low,2022-01-01,Saturday,1,1.0,0.0,1.0,1.0,17.0,17.0,22.52,22.52,5.51,True
38f480f9-543e-4094-b660-3ad272866273,Restaurant 71,Philadelphia,OH,American (New),1,Low,2023-09-01,Wednesday,1,1.0,0.0,1.0,1.0,33.0,33.0,29.31,29.31,4.46,True
2f225b68-423d-4100-811b-2445bd07a731,Restaurant 83,Philadelphia,OH,Seafood,1,Low,2023-10-01,Tuesday,1,1.0,0.0,1.0,1.0,16.0,16.0,28.7,28.7,1.15,True
b18b3960-bad9-455c-9652-fa70314346fd,Restaurant 95,Philadelphia,OH,Burgers,1,Low,2023-11-01,Wednesday,1,1.0,0.0,1.0,0.0,48.0,48.0,8.97,8.97,3.27,True
b2a3fb35-8cdf-435b-99a2-6092e4fa4d4b,Restaurant 138,Philadelphia,OH,Seafood,1,Low,2024-04-01,Wednesday,1,1.0,0.0,1.0,1.0,10.0,10.0,44.07,44.07,7.3,True
315260a5-49d2-41c6-b125-d658ad716bc0,Restaurant 152,Philadelphia,OH,Italian,1,Low,2023-08-01,Thursday,1,1.0,0.0,1.0,1.0,38.0,38.0,42.12,42.12,6.16,True
950d91ab-42f0-4950-8a25-532d8c5e7072,Restaurant 164,Philadelphia,OH,American (New),1,Low,2023-10-01,Monday,1,1.0,0.0,1.0,1.0,46.0,46.0,44.39,44.39,6.05,True
67aa8ed2-729f-43e6-852f-373057cc75a6,Restaurant 178,Philadelphia,OH,American (New),1,Low,2023-07-01,Thursday,2,2.0,0.0,1.0,1.0,20.5,20.9,16.0,8.0,9.75,True
c7d84f3f-4869-4a0f-9699-488a56597697,Restaurant 227,Philadelphia,OH,Italian,1,Low,2023-05-01,Tuesday,1,1.0,0.0,1.0,1.0,25.0,25.0,49.18,49.18,1.75,True
33bd0c64-8609-4bc7-9584-30cd8db6a3d0,Restaurant 233,Philadelphia,OH,Italian,1,Low,2023-10-01,Thursday,1,1.0,0.0,1.0,1.0,40.0,40.0,38.23,38.23,2.02,True
b5ac4a25-3733-440f-962c-a916cb798d32,Restaurant 241,Philadelphia,OH,American (New),1,Low,2022-02-01,Thursday,1,1.0,0.0,1.0,1.0,28.0,28.0,13.0,13.0,3.18,True
5c48c9f0-00b2-4827-a304-2a43104237c0,Restaurant 256,Philadelphia,OH,Thai,1,Low,2024-05-01,Tuesday,1,1.0,0.0,1.0,0.0,37.0,37.0,34.41,34.41,5.96,True
934291e8-0340-4bac-a267-6a0d1b7afc2e,Restaurant 264,Philadelphia,OH,American (New),1,Low,2024-04-01,Wednesday,1,1.0,0.0,1.0,0.0,45.0,45.0,8.24,8.24,7.91,True
44597cfb-af85-46aa-80e1-9df5bc6e74a5,Restaurant 368,Philadelphia,OH,Seafood,1,Low,2023-09-01,Wednesday,1,1.0,0.0,1.0,1.0,15.0,15.0,49.76,49.76,5.02,True
871c656d-cbfa-4c2f-b2b4-8c001a921c89,Restaurant 379,Philadelphia,OH,Sushi,1,Low,2024-01-01,Wednesday,1,1.0,0.0,1.0,1.0,33.0,33.0,29.8,29.8,5.92,True
edd7d8bd-63fd-440b-9448-1ec3c07bcde0,Restaurant 385,Philadelphia,OH,Pizza,1,Low,2023-03-01,Tuesday,1,1.0,0.0,1.0,1.0,15.0,15.0,57.89,57.89,2.84,True
d5000245-8d11-403d-ac50-04ea164a658d,Restaurant 494,Philadelphia,OH,Seafood,2,Below Average,2023-08-01,Sunday,1,1.0,0.0,1.0,1.0,25.0,25.0,8.0,8.0,1.08,True
a783a6b1-750c-4453-bd7e-b4e02f622d85,Restaurant 522,Philadelphia,OH,Chinese,2,Below Average,2022-02-01,Thursday,1,1.0,0.0,1.0,1.0,10.0,10.0,8.0,8.0,3.73,True
2b217b5a-6a55-4642-8e31-b549f1b34ab3,Restaurant 528,Philadelphia,OH,American (New),2,Below Average,2022-01-01,Friday,1,1.0,0.0,1.0,1.0,41.0,41.0,18.94,18.94,1.61,True
073c5684-a296-4808-baf0-203d9ab78e38,Restaurant 576,Philadelphia,OH,Sushi,2,Below Average,2022-08-01,Thursday,1,1.0,0.0,1.0,0.0,28.0,28.0,20.96,20.96,5.48,True
c0b392a4-36ba-4891-af63-1be5a87005bc,Restaurant 586,Philadelphia,OH,Burgers,2,Below Average,2023-08-01,Sunday,1,1.0,0.0,1.0,1.0,37.0,37.0,32.59,32.59,7.33,True
fc84acc2-7d51-43b6-9a34-320ae65bd4b4,Restaurant 588,Philadelphia,OH,Italian,2,Below Average,2023-07-01,Thursday,1,1.0,0.0,1.0,0.0,53.0,53.0,8.0,8.0,5.27,True
716d7f96-13b2-4745-a33d-f27a5541cc7f,Restaurant 611,Philadelphia,OH,Pizza,2,Below Average,2024-02-01,Sunday,1,1.0,0.0,1.0,1.0,48.0,48.0,41.78,41.78,1.21,True
5f7ddc41-9e67-45ad-a75d-897c55c1edd9,Restaurant 612,Philadelphia,OH,Coffee & Tea,2,Below Average,2024-03-01,Sunday,1,1.0,0.0,1.0,1.0,31.0,31.0,8.0,8.0,3.37,True
1a9472ef-1fd8-4c65-99a8-125082449bae,Restaurant 651,Philadelphia,OH,Chinese,2,Below Average,2023-03-01,Saturday,1,1.0,0.0,1.0,1.0,53.0,53.0,37.41,37.41,1.53,True
065fd299-f21d-4363-9f0e-7d66e7bfd7e0,Restaurant 666,Philadelphia,OH,Thai,2,Below Average,2024-01-01,Friday,1,1.0,0.0,1.0,1.0,18.0,18.0,20.96,20.96,5.82,True
633feed7-1764-4bf8-9842-bd86c4ae51ce,Restaurant 751,Philadelphia,OH,Mexican,2,Below Average,2022-01-01,Saturday,1,1.0,0.0,1.0,0.0,35.0,35.0,8.0,8.0,4.17,True
52a44a85-a83a-4695-b91c-0f981a157a1f,Restaurant 775,Philadelphia,OH,Sushi,2,Below Average,2022-03-01,Friday,1,1.0,0.0,1.0,0.0,23.0,23.0,30.87,30.87,5.08,True
99be4429-9612-441d-b998-b93e31641d9e,Restaurant 785,Philadelphia,OH,Coffee & Tea,2,Below Average,2023-05-01,Monday,1,1.0,0.0,1.0,0.0,55.0,55.0,39.47,39.47,2.08,True
67689fd1-43bd-47d7-b6b2-daf5700bf6ec,Restaurant 789,Philadelphia,OH,Coffee & Tea,2,Below Average,2023-10-01,Thursday,1,1.0,0.0,1.0,1.0,37.0,37.0,12.12,12.12,2.47,True
97ea5a3c-ece4-4e94-b2d0-35165768e901,Restaurant 805,Philadelphia,OH,Coffee & Tea,3,Average,2023-03-01,Thursday,1,1.0,0.0,1.0,0.0,47.0,47.0,17.44,17.44,6.83,True
fc3b7f42-e086-488b-b614-384b32455509,Restaurant 827,Philadelphia,OH,Chinese,3,Average,2023-02-01,Thursday,1,1.0,0.0,1.0,1.0,32.0,32.0,36.0,36.0,7.74,True
2549f2c0-a7be-441b-bc18-4d5ef5545514,Restaurant 847,Philadelphia,OH,Seafood,3,Average,2022-06-01,Wednesday,1,1.0,0.0,1.0,1.0,19.0,19.0,47.3,47.3,5.47,True
c41599e1-d4d3-4755-beca-39ae02ee6620,Restaurant 848,Philadelphia,OH,Thai,3,Average,2023-09-01,Thursday,1,1.0,0.0,1.0,0.0,52.0,52.0,24.34,24.34,5.08,True
e1ee35a0-27e8-4cd8-88e2-38d62eac2577,Restaurant 863,Philadelphia,OH,Coffee & Tea,3,Average,2022-10-01,Saturday,1,1.0,0.0,1.0,1.0,31.0,31.0,28.7,28.7,6.17,True
4137093d-5da6-4fd0-a3a8-95258d6a3b72,Restaurant 897,Philadelphia,OH,Sushi,3,Average,2023-04-01,Tuesday,1,1.0,0.0,1.0,1.0,23.0,23.0,39.29,39.29,5.38,True
b30bcb95-5143-4808-a35b-1c64962a815d,Restaurant 912,Philadelphia,OH,Thai,3,Average,2022-03-01,Thursday,1,1.0,0.0,1.0,0.0,48.0,48.0,35.08,35.08,3.73,True
71845b05-af78-4ceb-952f-03440883113c,Restaurant 977,Philadelphia,OH,Sushi,3,Average,2022-11-01,Tuesday,1,1.0,0.0,1.0,1.0,29.0,29.0,48.82,48.82,2.17,True
eef4c2a1-ac15-4315-a6d1-2b28848118ca,Restaurant 978,Philadelphia,OH,Italian,3,Average,2024-04-01,Tuesday,1,1.0,0.0,1.0,1.0,34.0,34.0,39.12,39.12,2.57,True
637c6293-e5ec-4eab-bb5c-cad79ad16c04,Restaurant 989,Philadelphia,OH,Italian,3,Average,2024-03-01,Saturday,1,1.0,0.0,1.0,1.0,28.0,28.0,13.28,13.28,7.81,True
fe67a151-3dc2-45ff-af34-a2ee5407c70c,Restaurant 1010,Philadelphia,OH,Burgers,3,Average,2024-03-01,Sunday,1,1.0,0.0,1.0,0.0,63.0,63.0,67.67,67.67,3.49,True
1c2271b6-6a7d-462d-83e7-defbdf0a9107,Restaurant 1024,Philadelphia,OH,Thai,3,Average,2023-11-01,Thursday,1,1.0,0.0,1.0,0.0,33.0,33.0,11.48,11.48,1.11,True
94f12678-d226-465e-9ee2-65118a2771a1,Restaurant 1031,Philadelphia,OH,Burgers,3,Average,2024-06-01,Saturday,1,1.0,0.0,1.0,1.0,42.0,42.0,45.96,45.96,3.11,True
46fde999-656d-46ff-9cb9-db53fe2ac468,Restaurant 1039,Philadelphia,OH,Thai,3,Average,2023-01-01,Tuesday,1,1.0,0.0,1.0,0.0,36.0,36.0,43.3,43.3,4.98,True
208263ca-559a-47b8-8c41-c91c311739c6,Restaurant 1048,Philadelphia,OH,American (New),3,Average,2023-02-01,Monday,1,1.0,0.0,1.0,1.0,11.0,11.0,38.75,38.75,2.51,True
ab07702e-6057-42df-8794-4c3a1ba07597,Restaurant 1088,Philadelphia,OH,Burgers,3,Average,2022-08-01,Monday,1,1.0,0.0,1.0,1.0,22.0,22.0,27.82,27.82,1.02,True
a50eb278-a945-49b0-b260-d1171d1f3a71,Restaurant 1090,Philadelphia,OH,Chinese,3,Average,2023-10-01,Monday,1,1.0,0.0,1.0,1.0,31.0,31.0,15.48,15.48,2.3,True
90b7f69f-913f-4b62-91ad-b97ddd983e7e,Restaurant 1097,Philadelphia,OH,Seafood,3,Average,2022-06-01,Sunday,1,1.0,0.0,1.0,0.0,51.0,51.0,26.16,26.16,4.34,True
026b6737-b3c6-42e1-951e-5e7b13eaeb19,Restaurant 1125,Philadelphia,OH,Chinese,3,Average,2023-11-01,Friday,1,1.0,0.0,1.0,1.0,49.0,49.0,37.7,37.7,1.51,True
1aedc3eb-7064-4caf-b301-0f99939a5948,Restaurant 1154,Philadelphia,OH,Mexican,3,Average,2024-08-01,Saturday,1,1.0,0.0,1.0,0.0,45.0,45.0,34.17,34.17,3.12,True
b4d80b34-a51a-4860-8263-f709dd6bd58b,Restaurant 1173,Philadelphia,OH,Chinese,3,Average,2023-04-01,Wednesday,1,0.0,1.0,0.0,,,,24.25,24.25,6.21,True
1e2b59d6-d5c8-4858-8471-365f7b7165c0,Restaurant 1182,Philadelphia,OH,Mexican,3,Average,2023-04-01,Friday,1,1.0,0.0,1.0,1.0,29.0,29.0,32.75,32.75,7.91,True
c6bf9ce0-3d64-484e-9c92-b49072ada568,Restaurant 1183,Philadelphia,OH,Pizza,3,Average,2024-07-01,Thursday,1,1.0,0.0,1.0,1.0,28.0,28.0,37.82,37.82,4.71,True
6a0ce821-443b-4d56-aae0-e37652cc0867,Restaurant 1198,Philadelphia,OH,Mexican,3,Average,2023-11-01,Wednesday,1,1.0,0.0,1.0,0.0,44.0,44.0,53.61,53.61,4.5,True
8bb457e7-6024-41ef-9dfb-5d2250001642,Restaurant 1216,Philadelphia,OH,Sushi,4,Strong,2022-06-01,Sunday,1,1.0,0.0,1.0,1.0,14.0,14.0,42.86,42.86,2.8,True
4dbf4b9f-65b1-4f02-bbeb-54b44380df2c,Restaurant 1254,Philadelphia,OH,Coffee & Tea,4,Strong,2022-09-01,Friday,1,1.0,0.0,1.0,1.0,11.0,11.0,33.82,33.82,4.12,True
b6d68f2a-53c2-43ac-b6a5-0e180d39c447,Restaurant 1265,Philadelphia,OH,Sushi,4,Strong,2022-08-01,Wednesday,1,1.0,0.0,1.0,1.0,41.0,41.0,8.65,8.65,3.32,True
5004a095-c3c5-4b0f-bfe6-820a44f2ec23,Restaurant 1281,Philadelphia,OH,Italian,4,Strong,2023-04-01,Thursday,1,1.0,0.0,1.0,1.0,29.0,29.0,19.4,19.4,2.11,True
de2c4569-ce76-4df1-9bd9-964a391eb4ed,Restaurant 1313,Philadelphia,OH,Thai,4,Strong,2024-09-01,Saturday,1,1.0,0.0,1.0,1.0,51.0,51.0,38.88,38.88,5.05,True
384bf0ef-e72d-42c4-aa91-a893fffbc5c3,Restaurant 1326,Philadelphia,OH,Coffee & Tea,4,Strong,2024-03-01,Sunday,1,1.0,0.0,1.0,0.0,56.0,56.0,33.05,33.05,6.57,True
a7570bde-0e27-4006-a634-167889f3f26a,Restaurant 1334,Philadelphia,OH,Coffee & Tea,4,Strong,2023-06-01,Sunday,1,1.0,0.0,1.0,0.0,46.0,46.0,8.0,8.0,3.18,True
73d446f4-68e5-41cd-a40d-35c9d77e55a4,Restaurant 1349,Philadelphia,OH,Italian,4,Strong,2024-03-01,Sunday,1,1.0,0.0,1.0,1.0,22.0,22.0,16.14,16.14,3.08,True
508a35ea-0eec-49bf-b7fb-edad8d657a19,Restaurant 1403,Philadelphia,OH,Burgers,4,Strong,2022-08-01,Wednesday,1,1.0,0.0,1.0,0.0,38.0,38.0,8.59,8.59,4.76,True
6b4608d5-3dcb-4ea8-bafa-31268435c79a,Restaurant 1414,Philadelphia,OH,Sushi,4,Strong,2022-11-01,Friday,1,1.0,0.0,1.0,1.0,27.0,27.0,31.05,31.05,2.36,True
bd5ea23d-80cc-4497-98bf-581030b1e403,Restaurant 1427,Philadelphia,OH,Mexican,4,Strong,2023-02-01,Friday,1,1.0,0.0,1.0,1.0,12.0,12.0,32.85,32.85,4.28,True
7ed00303-65f7-4822-8bb3-ea20a7c9f7c2,Restaurant 1438,Philadelphia,OH,Burgers,4,Strong,2022-01-01,Sunday,1,1.0,0.0,1.0,0.0,46.0,46.0,11.59,11.59,2.96,True
ee7af6e3-99b5-42ae-a16f-f7eaac67f3a8,Restaurant 1449,Philadelphia,OH,Pizza,4,Strong,2022-06-01,Monday,1,1.0,0.0,1.0,1.0,23.0,23.0,39.61,39.61,2.18,True
3f820d2f-139b-4869-a2d9-a07bed469698,Restaurant 1459,Philadelphia,OH,Mexican,4,Strong,2024-02-01,Sunday,1,1.0,0.0,1.0,1.0,27.0,27.0,46.67,46.67,6.24,True
1966d2de-9828-4fa0-ab2a-b0a1c12e7b14,Restaurant 1470,Philadelphia,OH,Coffee & Tea,4,Strong,2022-04-01,Saturday,1,1.0,0.0,1.0,1.0,20.0,20.0,33.36,33.36,5.0,True
4b55122b-920d-46f2-91c8-d1e3c3dff7e8,Restaurant 1494,Philadelphia,OH,Chinese,4,Strong,2023-02-01,Thursday,1,1.0,0.0,1.0,1.0,42.0,42.0,8.0,8.0,6.71,True
7aad008b-5af5-402c-b9ec-9fa9921594f7,Restaurant 1509,Philadelphia,OH,Chinese,4,Strong,2022-07-01,Sunday,1,1.0,0.0,1.0,1.0,58.0,58.0,30.64,30.64,4.32,True
aca289dd-77d7-4c9d-ae4c-504251e977e0,Restaurant 1524,Philadelphia,OH,Seafood,4,Strong,2024-07-01,Tuesday,1,0.0,1.0,0.0,,,,21.01,21.01,3.08,True
a45652d2-24d4-40c0-9fb6-da9d49de2535,Restaurant 1547,Philadelphia,OH,Seafood,4,Strong,2023-02-01,Thursday,1,0.0,1.0,0.0,,,,13.54,13.54,2.69,True
33c0c09f-62a2-4086-9a91-f440e3098cca,Restaurant 1548,Philadelphia,OH,Chinese,4,Strong,2022-12-01,Friday,1,1.0,0.0,1.0,0.0,62.0,62.0,32.32,32.32,7.29,True
972ebcaa-5c70-4b26-abd1-322b9da293e6,Restaurant 1601,Philadelphia,OH,Coffee & Tea,5,Elite,2022-09-01,Friday,1,1.0,0.0,1.0,1.0,49.0,49.0,26.83,26.83,6.37,True
cf5d9720-d77f-4f2e-b1b2-940fbb7fa1bd,Restaurant 1609,Philadelphia,OH,Coffee & Tea,5,Elite,2024-09-01,Sunday,1,1.0,0.0,1.0,1.0,18.0,18.0,40.46,40.46,3.89,True
f89fa075-8584-4edf-b341-3b4c643e3476,Restaurant 1648,Philadelphia,OH,Sushi,5,Elite,2023-04-01,Friday,1,1.0,0.0,1.0,1.0,38.0,38.0,23.79,23.79,3.36,True
f8d99549-8d72-4082-983a-1f2818150e72,Restaurant 1651,Philadelphia,OH,Pizza,5,Elite,2024-02-01,Friday,1,1.0,0.0,1.0,1.0,29.0,29.0,32.64,32.64,5.77,True
3b3c9b90-0ddd-4927-8e1f-c833acdbb514,Restaurant 1655,Philadelphia,OH,Mexican,5,Elite,2024-12-01,Tuesday,1,1.0,0.0,1.0,1.0,38.0,38.0,14.56,14.56,1.71,True
60007bf6-ac09-4646-a21e-c3986465cdb9,Restaurant 1706,Philadelphia,OH,Chinese,5,Elite,2022-07-01,Friday,1,1.0,0.0,1.0,1.0,25.0,25.0,32.05,32.05,2.73,True
0ae8cdd2-0286-42fe-8594-c92586ed2c02,Restaurant 1743,Philadelphia,OH,Italian,5,Elite,2023-11-01,Friday,1,1.0,0.0,1.0,1.0,28.0,28.0,8.0,8.0,5.59,True
36511ffd-bb68-4b99-91be-d0300986f517,Restaurant 1754,Philadelphia,OH,Burgers,5,Elite,2024-07-01,Saturday,1,1.0,0.0,1.0,0.0,70.0,70.0,11.6,11.6,5.4,True
1b140f4b-36b0-4da2-95fc-a341cbc7bf11,Restaurant 1757,Philadelphia,OH,Thai,5,Elite,2023-05-01,Thursday,1,1.0,0.0,1.0,0.0,38.0,38.0,39.41,39.41,7.37,True
0f04faf4-392e-452d-b9ce-ec184e8cf520,Restaurant 1774,Philadelphia,OH,Italian,5,Elite,2023-05-01,Wednesday,1,0.0,1.0,0.0,,,,19.13,19.13,2.81,True
f596883b-faf0-418c-812d-89fa7f03a979,Restaurant 1778,Philadelphia,OH,Mexican,5,Elite,2022-05-01,Tuesday,1,1.0,0.0,1.0,1.0,24.0,24.0,10.53,10.53,6.87,True
62bedf81-0241-465c-9ca8-c7f7a1daa4fc,Restaurant 1801,Philadelphia,OH,Mexican,5,Elite,2024-04-01,Sunday,1,1.0,0.0,1.0,0.0,43.0,43.0,60.42,60.42,6.22,True
00739be5-dea4-456e-bc21-eb5f1750ede5,Restaurant 1806,Philadelphia,OH,Sushi,5,Elite,2023-05-01,Thursday,1,1.0,0.0,1.0,1.0,38.0,38.0,31.39,31.39,5.57,True
4f5cc927-93b0-4243-b15a-eaa0348879b2,Restaurant 1817,Philadelphia,OH,Burgers,5,Elite,2024-01-01,Monday,1,1.0,0.0,1.0,1.0,46.0,46.0,42.89,42.89,6.52,True
b0208c23-6bb2-4f10-89bd-a40a8ca59d8f,Restaurant 1820,Philadelphia,OH,Mexican,5,Elite,2022-06-01,Thursday,1,1.0,0.0,1.0,1.0,18.0,18.0,35.27,35.27,1.52,True
9b3a55a1-63c6-4834-8600-c347beb4e796,Restaurant 1822,Philadelphia,OH,Mexican,5,Elite,2024-08-01,Monday,1,1.0,0.0,1.0,1.0,17.0,17.0,40.42,40.42,3.76,True
7fcf8176-aea3-4776-adee-69b64556a1c9,Restaurant 1828,Philadelphia,OH,Chinese,5,Elite,2024-07-01,Wednesday,1,1.0,0.0,1.0,0.0,46.0,46.0,44.4,44.4,2.37,True
e1a263b5-5bb8-442b-9a1c-5b65094dc2d2,Restaurant 1833,Philadelphia,OH,Coffee & Tea,5,Elite,2022-07-01,Thursday,1,1.0,0.0,1.0,1.0,38.0,38.0,31.94,31.94,2.64,True
5fb4184a-f204-4ed7-952f-e1705bc34999,Restaurant 1835,Philadelphia,OH,Pizza,5,Elite,2022-01-01,Monday,1,1.0,0.0,1.0,0.0,33.0,33.0,37.27,37.27,1.31,True
ea05cafe-8dae-47ac-aef4-e1ac966bd56b,Restaurant 1865,Philadelphia,OH,Pizza,5,Elite,2023-07-01,Friday,1,0.0,1.0,0.0,,,,33.5,33.5,5.34,True
20fe51e7-264a-4a97-ad88-a3de5a83f085,Restaurant 1872,Philadelphia,OH,Burgers,5,Elite,2024-11-01,Monday,1,1.0,0.0,1.0,0.0,57.0,57.0,18.39,18.39,5.58,True
8c040945-0167-4512-8953-ec9ffda21a28,Restaurant 1881,Philadelphia,OH,Burgers,5,Elite,2024-09-01,Monday,1,1.0,0.0,1.0,1.0,33.0,33.0,21.65,21.65,4.3,True
94c8c57b-85b1-461d-9f3b-f9f7394d3f01,Restaurant 1885,Philadelphia,OH,Thai,5,Elite,2023-08-01,Sunday,1,1.0,0.0,1.0,1.0,14.0,14.0,8.0,8.0,7.79,True
04505466-972b-4b61-8a86-210ff30780ea,Restaurant 1891,Philadelphia,OH,Sushi,5,Elite,2023-05-01,Tuesday,1,1.0,0.0,1.0,1.0,22.0,22.0,11.73,11.73,3.58,True
9cc8add9-ff58-4679-85c2-22952f6415c3,Restaurant 1893,Philadelphia,OH,Coffee & Tea,5,Elite,2023-02-01,Thursday,1,1.0,0.0,1.0,0.0,56.0,56.0,43.67,43.67,4.09,True
44134217-4d9a-4a8d-983c-83b996a6889a,Restaurant 1895,Philadelphia,OH,Burgers,5,Elite,2024-05-01,Friday,1,1.0,0.0,1.0,0.0,45.0,45.0,39.85,39.85,1.84,True
87c0b411-61a9-4921-ace6-94942ade1247,Restaurant 1902,Philadelphia,OH,Thai,5,Elite,2023-11-01,Saturday,1,1.0,0.0,1.0,1.0,10.0,10.0,25.79,25.79,3.39,True
ca29c0aa-a384-421d-9bb9-dd5ed6e8d119,Restaurant 1912,Philadelphia,OH,Seafood,5,Elite,2023-05-01,Monday,1,1.0,0.0,1.0,1.0,32.0,32.0,35.08,35.08,3.28,True
0be9c604-0c7c-4609-b283-a637cfc9a60c,Restaurant 1929,Philadelphia,OH,Italian,5,Elite,2024-03-01,Monday,1,1.0,0.0,1.0,1.0,36.0,36.0,22.87,22.87,5.07,True
d408e080-06dc-4b14-b0ae-76b07c534583,Restaurant 1965,Philadelphia,OH,Seafood,5,Elite,2023-10-01,Sunday,1,1.0,0.0,1.0,1.0,10.0,10.0,8.0,8.0,2.0,True
2bd1c419-623d-4538-a0b6-8dd2eeee934b,Restaurant 1984,Philadelphia,OH,Coffee & Tea,5,Elite,2024-01-01,Wednesday,1,1.0,0.0,1.0,0.0,39.0,39.0,37.55,37.55,4.36,True
4b782209-9c16-478c-a37a-049d2e528cd1,Restaurant 5,Philadelphia,FL,Mexican,1,Low,2022-07-01,Sunday,1,1.0,0.0,1.0,1.0,41.0,41.0,58.4,58.4,7.96,True
d46bbae2-8cd7-41d3-8bb0-e0d8b59a42e2,Restaurant 15,Philadelphia,FL,Seafood,1,Low,2023-07-01,Saturday,1,1.0,0.0,1.0,0.0,44.0,44.0,25.46,25.46,5.89,True
c97938a0-c6c2-4526-863f-5708c0e5b5db,Restaurant 36,Philadelphia,FL,Seafood,1,Low,2024-08-01,Tuesday,1,1.0,0.0,1.0,1.0,28.0,28.0,30.41,30.41,6.67,True
31b5190f-45b2-4e06-bed3-a05a02397769,Restaurant 62,Philadelphia,FL,Thai,1,Low,2024-06-01,Monday,1,0.0,1.0,0.0,,,,30.13,30.13,5.53,True
e9a3df21-8011-497d-923f-1cbdedc634b4,Restaurant 78,Philadelphia,FL,Mexican,1,Low,2022-06-01,Monday,1,1.0,0.0,1.0,0.0,46.0,46.0,35.63,35.63,6.55,True
48a3bf8c-fe92-4af6-b662-f239412abc6e,Restaurant 102,Philadelphia,FL,Chinese,1,Low,2024-07-01,Tuesday,1,1.0,0.0,1.0,0.0,62.0,62.0,59.97,59.97,6.68,True
426965f4-56dc-4ccc-ba66-0d84aff3671f,Restaurant 112,Philadelphia,FL,Sushi,1,Low,2024-05-01,Thursday,1,1.0,0.0,1.0,1.0,35.0,35.0,44.21,44.21,5.9,True
37628110-53d8-4bc8-a9d6-91fdfbdab9b3,Restaurant 121,Philadelphia,FL,Coffee & Tea,1,Low,2022-10-01,Wednesday,1,1.0,0.0,1.0,1.0,25.0,25.0,8.0,8.0,6.19,True
b41f1f3d-86c1-4582-b300-6f2e629c1d68,Restaurant 131,Philadelphia,FL,Coffee & Tea,1,Low,2023-07-01,Friday,1,1.0,0.0,1.0,0.0,43.0,43.0,34.71,34.71,1.7,True
c68c5373-ace0-4248-9b6c-d11f9a728a46,Restaurant 135,Philadelphia,FL,Burgers,1,Low,2022-05-01,Thursday,1,1.0,0.0,1.0,1.0,36.0,36.0,24.39,24.39,7.32,True
a89041ac-d1d7-458f-b7c4-34e91ba40518,Restaurant 137,Philadelphia,FL,Sushi,1,Low,2022-07-01,Sunday,1,1.0,0.0,1.0,1.0,41.0,41.0,26.61,26.61,2.55,True
871141a2-08ec-4c5b-b97a-403c484aa3a0,Restaurant 148,Philadelphia,FL,Pizza,1,Low,2022-10-01,Thursday,1,1.0,0.0,1.0,0.0,40.0,40.0,12.17,12.17,2.47,True
b1d937af-7773-4429-88e7-a72d04dc1b8e,Restaurant 186,Philadelphia,FL,Chinese,1,Low,2024-01-01,Saturday,1,1.0,0.0,1.0,1.0,18.0,18.0,8.0,8.0,5.46,True
8870180c-8fb4-4e16-a709-fc8fc66341b0,Restaurant 225,Philadelphia,FL,Coffee & Tea,1,Low,2022-12-01,Wednesday,1,1.0,0.0,1.0,1.0,38.0,38.0,59.89,59.89,1.12,True
caee2cf1-dc31-4f24-995e-e658c409237e,Restaurant 238,Philadelphia,FL,Italian,1,Low,2022-03-01,Wednesday,1,1.0,0.0,1.0,1.0,50.0,50.0,33.47,33.47,1.99,True
a88afc7e-0cac-457d-be98-bdb5474e37a9,Restaurant 261,Philadelphia,FL,Seafood,1,Low,2023-08-01,Wednesday,1,1.0,0.0,1.0,1.0,42.0,42.0,30.65,30.65,1.1,True
5bb9c93a-9812-4406-b344-50656fe14af5,Restaurant 287,Philadelphia,FL,Coffee & Tea,1,Low,2023-10-01,Thursday,1,1.0,0.0,1.0,0.0,28.0,28.0,20.17,20.17,7.02,True
3b71d12e-8a83-4316-bb97-de36877b4f00,Restaurant 297,Philadelphia,FL,Burgers,1,Low,2023-12-01,Saturday,1,1.0,0.0,1.0,1.0,19.0,19.0,25.55,25.55,7.11,True
0c48462c-2d39-415b-872f-ab8c637b5739,Restaurant 313,Philadelphia,FL,Burgers,1,Low,2023-09-01,Tuesday,1,1.0,0.0,1.0,1.0,32.0,32.0,22.78,22.78,1.02,True
4b31eab3-2264-4fcf-8bff-491518216981,Restaurant 319,Philadelphia,FL,Chinese,1,Low,2024-07-01,Sunday,1,1.0,0.0,1.0,1.0,42.0,42.0,31.16,31.16,2.94,True
b8436708-7752-4b82-a942-fedc2b1f7e88,Restaurant 353,Philadelphia,FL,Italian,1,Low,2023-12-01,Thursday,1,1.0,0.0,1.0,1.0,32.0,32.0,10.02,10.02,1.68,True
a48fcbad-54a5-4401-8da6-b971eceacf01,Restaurant 370,Philadelphia,FL,Pizza,1,Low,2023-08-01,Monday,1,1.0,0.0,1.0,1.0,10.0,10.0,26.04,26.04,7.94,True
c7df6bcc-3ca0-4018-a526-e6b811b36fe5,Restaurant 387,Philadelphia,FL,Thai,1,Low,2024-12-01,Sunday,1,1.0,0.0,1.0,1.0,29.0,29.0,25.11,25.11,3.6,True
5107cead-4e26-4481-9b12-ab6082d54ef5,Restaurant 410,Philadelphia,FL,American (New),2,Below Average,2023-11-01,Sunday,1,1.0,0.0,1.0,1.0,36.0,36.0,8.41,8.41,7.74,True
29cfa68f-6c67-4124-bb7a-bc09beb52b88,Restaurant 423,Philadelphia,FL,Burgers,2,Below Average,2024-08-01,Monday,1,1.0,0.0,1.0,0.0,30.0,30.0,34.43,34.43,7.61,True
6e93963b-12b4-4856-a6a4-15e444bdf9e9,Restaurant 452,Philadelphia,FL,Burgers,2,Below Average,2023-02-01,Tuesday,1,1.0,0.0,1.0,0.0,51.0,51.0,32.84,32.84,2.24,True
c311f7e2-be57-4b8e-88df-ba66eb724714,Restaurant 457,Philadelphia,FL,Chinese,2,Below Average,2022-03-01,Monday,1,1.0,0.0,1.0,0.0,37.0,37.0,31.84,31.84,3.43,True
0ea0a782-67ec-4af6-919e-3cd79a0b6ae6,Restaurant 473,Philadelphia,FL,Burgers,2,Below Average,2022-03-01,Monday,1,1.0,0.0,1.0,1.0,35.0,35.0,49.12,49.12,2.38,True
48a42d3b-cbd2-439a-b8d5-153559390b2a,Restaurant 486,Philadelphia,FL,Seafood,2,Below Average,2022-09-01,Monday,1,1.0,0.0,1.0,1.0,10.0,10.0,40.27,40.27,7.47,True
b99421b7-97ac-453a-9202-d5a6b958bc06,Restaurant 561,Philadelphia,FL,Burgers,2,Below Average,2024-03-01,Saturday,1,1.0,0.0,1.0,1.0,45.0,45.0,32.16,32.16,6.16,True
b82f826d-671d-4b56-b408-334f48d5a906,Restaurant 587,Philadelphia,FL,Thai,2,Below Average,2022-12-01,Friday,1,1.0,0.0,1.0,0.0,75.0,75.0,21.89,21.89,3.57,True
a6c9deb2-096e-4d4b-a0ea-a3bdb724ad19,Restaurant 596,Philadelphia,FL,American (New),2,Below Average,2022-12-01,Thursday,1,1.0,0.0,1.0,0.0,59.0,59.0,16.86,16.86,2.93,True
882cf720-a755-4c50-89e4-94debbf8c49e,Restaurant 597,Philadelphia,FL,Seafood,2,Below Average,2024-08-01,Saturday,1,1.0,0.0,1.0,1.0,12.0,12.0,33.34,33.34,1.74,True
df059262-01c0-434e-aaee-5ca1f3925473,Restaurant 649,Philadelphia,FL,Italian,2,Below Average,2024-11-01,Tuesday,1,1.0,0.0,1.0,0.0,51.0,51.0,30.71,30.71,4.97,True
cb7017d1-cb27-4e03-be39-d64479094a13,Restaurant 683,Philadelphia,FL,Chinese,2,Below Average,2023-04-01,Sunday,1,1.0,0.0,1.0,1.0,21.0,21.0,57.27,57.27,7.41,True
153c719e-0fc7-45b4-b0ef-33049a5574d8,Restaurant 722,Philadelphia,FL,Sushi,2,Below Average,2024-10-01,Thursday,1,1.0,0.0,1.0,1.0,18.0,18.0,20.98,20.98,6.98,True
89683983-57fe-4ad7-9984-d0a8555ae1dc,Restaurant 730,Philadelphia,FL,American (New),2,Below Average,2022-02-01,Saturday,1,1.0,0.0,1.0,1.0,38.0,38.0,35.72,35.72,1.74,True
3e086e0f-8678-4ed5-bd82-ae0fbad00dc7,Restaurant 737,Philadelphia,FL,Burgers,2,Below Average,2024-11-01,Sunday,1,1.0,0.0,1.0,1.0,39.0,39.0,37.11,37.11,2.47,True
8fbd8b12-c1f1-4dc4-a5c6-76b6b54e0f02,Restaurant 758,Philadelphia,FL,Seafood,2,Below Average,2024-02-01,Tuesday,1,1.0,0.0,1.0,0.0,52.0,52.0,30.21,30.21,1.92,True
6a255229-2c22-4b92-99d5-8689a34de3e7,Restaurant 759,Philadelphia,FL,Italian,2,Below Average,2023-10-01,Wednesday,1,1.0,0.0,1.0,1.0,28.0,28.0,8.0,8.0,1.2,True
ba635572-003c-4c78-8e49-b10d37d3cb89,Restaurant 772,Philadelphia,FL,Sushi,2,Below Average,2023-10-01,Wednesday,1,0.0,1.0,0.0,,,,38.59,38.59,5.43,True
8c699351-000e-49e1-88ad-735794c14f4d,Restaurant 846,Philadelphia,FL,Coffee & Tea,3,Average,2022-03-01,Tuesday,1,1.0,0.0,1.0,1.0,23.0,23.0,48.89,48.89,2.91,True
c579ff1e-293a-4223-95d5-88ace5c735ab,Restaurant 886,Philadelphia,FL,Sushi,3,Average,2024-01-01,Wednesday,1,1.0,0.0,1.0,1.0,20.0,20.0,29.65,29.65,3.76,True
2bb317e7-e091-4fe6-be2d-9fdb45841469,Restaurant 893,Philadelphia,FL,Pizza,3,Average,2023-06-01,Thursday,1,1.0,0.0,1.0,1.0,46.0,46.0,24.28,24.28,4.48,True
d7a6ac5b-76e7-49a8-8b22-96ecc6d87db8,Restaurant 894,Philadelphia,FL,Sushi,3,Average,2024-04-01,Monday,1,1.0,0.0,1.0,0.0,69.0,69.0,46.85,46.85,2.73,True
4a789bba-853f-45f5-9726-4e9ea0b6e79f,Restaurant 921,Philadelphia,FL,Sushi,3,Average,2023-03-01,Saturday,1,1.0,0.0,1.0,1.0,37.0,37.0,8.0,8.0,6.94,True
e0fb9dda-b0fd-498c-9787-dfb038d347ec,Restaurant 937,Philadelphia,FL,Pizza,3,Average,2024-03-01,Tuesday,1,1.0,0.0,1.0,1.0,22.0,22.0,16.74,16.74,3.42,True
a1cbc2ea-701a-4784-9451-680b5e0c6c17,Restaurant 944,Philadelphia,FL,Thai,3,Average,2024-08-01,Saturday,1,1.0,0.0,1.0,1.0,12.0,12.0,24.27,24.27,6.09,True
39dbf42d-5be8-41ad-b8b7-768972c49056,Restaurant 999,Philadelphia,FL,Italian,3,Average,2024-05-01,Thursday,1,1.0,0.0,1.0,1.0,15.0,15.0,8.0,8.0,3.44,True
c90e0001-dec8-4c3a-baf7-0a7824246891,Restaurant 1055,Philadelphia,FL,Burgers,3,Average,2022-12-01,Wednesday,1,1.0,0.0,1.0,0.0,52.0,52.0,57.29,57.29,6.87,True
13215552-218d-449a-8f4e-2a9073b62b1b,Restaurant 1112,Philadelphia,FL,Sushi,3,Average,2023-10-01,Saturday,1,1.0,0.0,1.0,0.0,42.0,42.0,38.82,38.82,4.03,True
34555eeb-5990-4e9d-a876-c79a0263a3e7,Restaurant 1122,Philadelphia,FL,Chinese,3,Average,2023-09-01,Monday,1,1.0,0.0,1.0,1.0,10.0,10.0,21.8,21.8,4.66,True
db2bd29f-69b0-4992-adaf-cd163319a3fd,Restaurant 1134,Philadelphia,FL,Seafood,3,Average,2023-07-01,Wednesday,1,0.0,1.0,0.0,,,,53.09,53.09,1.27,True
4312c2ac-889b-41a0-819e-abcab6fe4b8e,Restaurant 1137,Philadelphia,FL,Italian,3,Average,2023-06-01,Monday,1,1.0,0.0,1.0,1.0,18.0,18.0,26.24,26.24,3.25,True
047e4398-60d7-4fd8-aa6f-5b12eb7704a9,Restaurant 1140,Philadelphia,FL,Chinese,3,Average,2022-03-01,Friday,1,1.0,0.0,1.0,1.0,37.0,37.0,53.17,53.17,1.7,True
0111a2d0-836e-4645-af9e-cb95f968398a,Restaurant 1190,Philadelphia,FL,Burgers,3,Average,2022-01-01,Monday,1,1.0,0.0,1.0,1.0,23.0,23.0,47.25,47.25,7.93,True
90218675-5376-43e2-8431-b834fd1263af,Restaurant 1205,Philadelphia,FL,Thai,4,Strong,2024-04-01,Tuesday,1,1.0,0.0,1.0,1.0,21.0,21.0,35.42,35.42,5.16,True
9b3b98f1-ac7d-4c04-bc64-5bc1d8fda416,Restaurant 1219,Philadelphia,FL,Pizza,4,Strong,2024-07-01,Monday,1,1.0,0.0,1.0,1.0,44.0,44.0,18.72,18.72,1.89,True
f4a7fd62-81da-4d82-935b-1479d26d6b51,Restaurant 1250,Philadelphia,FL,Burgers,4,Strong,2022-07-01,Monday,1,1.0,0.0,1.0,1.0,24.0,24.0,18.64,18.64,2.29,True
7df9f445-e37b-4d08-bfe8-d24aa32e5cbc,Restaurant 1255,Philadelphia,FL,Seafood,4,Strong,2023-05-01,Friday,1,1.0,0.0,1.0,1.0,31.0,31.0,11.79,11.79,6.74,True
9b90b1a9-c571-443b-9d73-e81c1adf9bc4,Restaurant 1269,Philadelphia,FL,Pizza,4,Strong,2024-02-01,Friday,1,1.0,0.0,1.0,0.0,49.0,49.0,45.6,45.6,5.4,True
82310495-df35-4311-9a38-4b263b20a636,Restaurant 1280,Philadelphia,FL,Pizza,4,Strong,2022-07-01,Thursday,1,1.0,0.0,1.0,1.0,28.0,28.0,23.66,23.66,3.58,True
d3b4d713-fe6a-42d2-acd3-6c5f9e2898fb,Restaurant 1294,Philadelphia,FL,Mexican,4,Strong,2022-02-01,Thursday,1,1.0,0.0,1.0,1.0,23.0,23.0,35.83,35.83,2.43,True
18842fb1-e4d5-4217-a02d-aa648ecfe758,Restaurant 1319,Philadelphia,FL,Sushi,4,Strong,2022-09-01,Saturday,1,1.0,0.0,1.0,1.0,42.0,42.0,28.75,28.75,2.07,True
ce4b693c-7d4a-4bf2-ac47-536b315e6430,Restaurant 1344,Philadelphia,FL,Burgers,4,Strong,2024-05-01,Saturday,1,1.0,0.0,1.0,1.0,45.0,45.0,32.42,32.42,7.54,True
dd76ea3f-771c-4693-8ede-c59c1f02903a,Restaurant 1350,Philadelphia,FL,Mexican,4,Strong,2022-09-01,Tuesday,1,1.0,0.0,1.0,1.0,33.0,33.0,43.97,43.97,6.23,True
6ad7ce01-4de8-47a6-82b0-f4a8fb6685d7,Restaurant 1361,Philadelphia,FL,Sushi,4,Strong,2023-11-01,Tuesday,1,1.0,0.0,1.0,1.0,47.0,47.0,8.58,8.58,6.68,True
ee63b244-3380-4f3e-8863-a14b28f3db4e,Restaurant 1366,Philadelphia,FL,Coffee & Tea,4,Strong,2022-04-01,Tuesday,1,1.0,0.0,1.0,1.0,48.0,48.0,52.9,52.9,7.64,True
6d8e5a88-891a-4930-af83-e6a2bb5e3aae,Restaurant 1367,Philadelphia,FL,Thai,4,Strong,2023-08-01,Friday,1,1.0,0.0,1.0,1.0,36.0,36.0,28.42,28.42,3.14,True
4c53a8cf-a625-4c95-8616-b668b5fd747d,Restaurant 1379,Philadelphia,FL,Sushi,4,Strong,2024-12-01,Tuesday,1,1.0,0.0,1.0,1.0,35.0,35.0,26.44,26.44,6.78,True
0beb9c08-4c03-41cf-adbe-3940b0f89ced,Restaurant 1402,Philadelphia,FL,Thai,4,Strong,2022-11-01,Wednesday,1,1.0,0.0,1.0,0.0,62.0,62.0,47.9,47.9,6.68,True
3cbde401-0a76-450b-ac8f-41d387a33ec6,Restaurant 1456,Philadelphia,FL,Italian,4,Strong,2022-05-01,Wednesday,1,1.0,0.0,1.0,0.0,59.0,59.0,45.06,45.06,6.73,True
75ad097f-df27-48d0-999b-76a2a3d9a2c1,Restaurant 1498,Philadelphia,FL,Seafood,4,Strong,2022-06-01,Saturday,1,1.0,0.0,1.0,1.0,37.0,37.0,40.28,40.28,7.68,True
27df9f59-ff34-4400-86d8-a118ed563a65,Restaurant 1514,Philadelphia,FL,Thai,4,Strong,2024-06-01,Thursday,1,1.0,0.0,1.0,1.0,40.0,40.0,43.12,43.12,1.31,True
0d517b9e-7b23-4590-a10d-57e102ae6bbd,Restaurant 1518,Philadelphia,FL,Italian,4,Strong,2024-03-01,Saturday,1,1.0,0.0,1.0,1.0,16.0,16.0,34.72,34.72,6.23,True
829587aa-6cc3-43f8-8912-bcc759a62dac,Restaurant 1552,Philadelphia,FL,Thai,4,Strong,2023-12-01,Wednesday,1,0.0,1.0,0.0,,,,9.94,9.94,1.57,True
0e4ad90d-aaa3-4cb2-b4f9-ef9e683e07ec,Restaurant 1576,Philadelphia,FL,Mexican,4,Strong,2023-05-01,Friday,1,1.0,0.0,1.0,0.0,50.0,50.0,23.77,23.77,4.22,True
a1d44269-970b-41b1-b744-3e296a8e9068,Restaurant 1610,Philadelphia,FL,Pizza,5,Elite,2024-08-01,Thursday,1,1.0,0.0,1.0,0.0,44.0,44.0,17.96,17.96,4.11,True
bd4ddf74-8039-4890-ad6d-638b1ec808fc,Restaurant 1640,Philadelphia,FL,Coffee & Tea,5,Elite,2022-08-01,Sunday,1,1.0,0.0,1.0,1.0,32.0,32.0,8.0,8.0,3.21,True
53bb4d12-4e57-460d-83e4-006ff977cdc2,Restaurant 1642,Philadelphia,FL,Chinese,5,Elite,2023-06-01,Sunday,1,1.0,0.0,1.0,0.0,42.0,42.0,28.22,28.22,1.85,True
ce9cdd1e-1f2e-4460-a1fd-81cb914b5145,Restaurant 1695,Philadelphia,FL,Chinese,5,Elite,2023-10-01,Saturday,1,1.0,0.0,1.0,0.0,41.0,41.0,11.01,11.01,5.82,True
331f735b-c7b3-4baf-9fbe-2d65340cc058,Restaurant 1712,Philadelphia,FL,Mexican,5,Elite,2024-05-01,Wednesday,1,1.0,0.0,1.0,0.0,35.0,35.0,8.0,8.0,5.51,True
05866ac1-635d-4636-8682-5b28b5aedc85,Restaurant 1730,Philadelphia,FL,Sushi,5,Elite,2023-02-01,Monday,1,1.0,0.0,1.0,0.0,36.0,36.0,8.0,8.0,4.95,True
d9890ea1-fe6c-4e8b-99e7-0d4da31c948a,Restaurant 1738,Philadelphia,FL,Thai,5,Elite,2022-08-01,Monday,1,1.0,0.0,1.0,0.0,32.0,32.0,8.0,8.0,5.6,True
7eb68238-8d3a-41cd-bf34-7ea52f78ba9f,Restaurant 1749,Philadelphia,FL,Seafood,5,Elite,2022-12-01,Saturday,1,0.0,1.0,0.0,,,,25.78,25.78,6.55,True
fe2a4fb5-d947-46d0-8ad1-3337a6b03e9c,Restaurant 1762,Philadelphia,FL,Coffee & Tea,5,Elite,2022-01-01,Sunday,1,1.0,0.0,1.0,0.0,46.0,46.0,59.42,59.42,5.46,True
321c66f8-62f6-434b-b2f7-38b2961dc1a3,Restaurant 1785,Philadelphia,FL,Coffee & Tea,5,Elite,2022-01-01,Sunday,1,1.0,0.0,1.0,0.0,39.0,39.0,59.09,59.09,7.2,True
cce69774-c5bb-4b19-b9f3-cf940572909f,Restaurant 1805,Philadelphia,FL,Thai,5,Elite,2023-09-01,Friday,1,1.0,0.0,1.0,0.0,34.0,34.0,9.31,9.31,3.24,True
4c34dbf0-0d16-429e-910b-9184e99eb21b,Restaurant 1829,Philadelphia,FL,Sushi,5,Elite,2022-04-01,Friday,1,1.0,0.0,1.0,0.0,44.0,44.0,23.57,23.57,1.49,True
48912f94-667c-4dbc-a3b4-2a97aa167459,Restaurant 1887,Philadelphia,FL,Burgers,5,Elite,2023-02-01,Monday,1,1.0,0.0,1.0,0.0,46.0,46.0,31.72,31.72,7.11,True
793f5872-537f-4f46-b964-ffe94fb8e587,Restaurant 1920,Philadelphia,FL,Burgers,5,Elite,2024-12-01,Monday,1,1.0,0.0,1.0,1.0,37.0,37.0,33.41,33.41,4.02,True
9d11ebd1-c487-4786-b35c-fa54ba280537,Restaurant 1923,Philadelphia,FL,Thai,5,Elite,2024-05-01,Tuesday,1,1.0,0.0,1.0,0.0,49.0,49.0,28.5,28.5,7.6,True
97fafae4-9a85-42ce-a2c3-16a17ddb99a5,Restaurant 1946,Philadelphia,FL,Seafood,5,Elite,2022-04-01,Monday,1,1.0,0.0,1.0,1.0,10.0,10.0,33.31,33.31,1.26,True
aa519685-21e4-41ae-a6d6-612cbf683b76,Restaurant 1989,Philadelphia,FL,Thai,5,Elite,2023-12-01,Wednesday,1,1.0,0.0,1.0,1.0,20.0,20.0,60.49,60.49,7.79,True
f0ef8ee6-7277-4770-9b50-0ed3e101c630,Restaurant 1990,Philadelphia,FL,Seafood,5,Elite,2024-01-01,Friday,1,1.0,0.0,1.0,1.0,25.0,25.0,16.82,16.82,7.0,True
255db5b6-f856-4ad9-902a-b189c60e7ede,Restaurant 11,Philadelphia,IL,Sushi,1,Low,2022-02-01,Saturday,1,1.0,0.0,1.0,0.0,41.0,41.0,12.57,12.57,1.49,True
8b8f0d21-e43f-4f07-ad76-25d9ced2704a,Restaurant 19,Philadelphia,IL,Chinese,1,Low,2023-02-01,Thursday,1,1.0,0.0,1.0,1.0,41.0,41.0,24.17,24.17,3.44,True
18674b04-e930-4893-8bc5-99447b17290a,Restaurant 134,Philadelphia,IL,Seafood,1,Low,2022-12-01,Monday,1,1.0,0.0,1.0,1.0,30.0,30.0,10.64,10.64,6.54,True
f83ba527-0f70-4f16-a702-acf43ab6b06a,Restaurant 161,Philadelphia,IL,Sushi,1,Low,2023-09-01,Tuesday,1,1.0,0.0,1.0,0.0,41.0,41.0,33.58,33.58,2.35,True
a95ded1c-ae9c-497b-84c6-1db2ccfd5e5b,Restaurant 163,Philadelphia,IL,Italian,1,Low,2022-07-01,Sunday,1,1.0,0.0,1.0,1.0,12.0,12.0,33.81,33.81,5.38,True
25a0eb54-5208-4418-9d3a-b5c847d45dd5,Restaurant 236,Philadelphia,IL,American (New),1,Low,2024-07-01,Friday,1,1.0,0.0,1.0,0.0,62.0,62.0,24.31,24.31,4.94,True
fe9048ac-13af-4e1a-875c-64967ba99e8a,Restaurant 266,Philadelphia,IL,Chinese,1,Low,2022-02-01,Wednesday,1,1.0,0.0,1.0,0.0,34.0,34.0,35.55,35.55,6.8,True
6b6120a4-4640-4e7d-ba88-1d967cdbdec7,Restaurant 302,Philadelphia,IL,Burgers,1,Low,2024-04-01,Saturday,1,0.0,1.0,0.0,,,,27.4,27.4,5.0,True
959ee339-0172-4d60-94ab-2121e6e90357,Restaurant 377,Philadelphia,IL,Pizza,1,Low,2023-02-01,Monday,1,1.0,0.0,1.0,0.0,31.0,31.0,15.5,15.5,1.57,True
34215512-7a10-4e42-9120-d6c1f16ec78e,Restaurant 381,Philadelphia,IL,Sushi,1,Low,2023-04-01,Monday,1,1.0,0.0,1.0,1.0,22.0,22.0,48.81,48.81,7.86,True
96f53180-ba0d-4efa-ac65-3cd978378c18,Restaurant 393,Philadelphia,IL,American (New),1,Low,2023-02-01,Friday,1,1.0,0.0,1.0,1.0,19.0,19.0,29.07,29.07,4.0,True
c2e01af7-1e19-442c-9672-73cd8160b3cf,Restaurant 396,Philadelphia,IL,Italian,1,Low,2024-06-01,Friday,1,1.0,0.0,1.0,1.0,32.0,32.0,39.79,39.79,4.32,True
65f435e8-b84b-47e4-9c8e-37391212ec33,Restaurant 413,Philadelphia,IL,Sushi,2,Below Average,2022-11-01,Wednesday,1,0.0,1.0,0.0,,,,33.54,33.54,6.78,True
60a373b2-48fe-44a7-b458-e95ce33dcd76,Restaurant 419,Philadelphia,IL,Coffee & Tea,2,Below Average,2024-05-01,Friday,1,1.0,0.0,1.0,0.0,69.0,69.0,8.0,8.0,4.87,True
f15a9b0f-3e7f-495a-84b1-132b58f43c4c,Restaurant 424,Philadelphia,IL,Mexican,2,Below Average,2023-03-01,Tuesday,1,1.0,0.0,1.0,0.0,43.0,43.0,33.5,33.5,2.36,True
a2d81c0b-bb4e-4aac-9d58-c0f9a40be091,Restaurant 445,Philadelphia,IL,Chinese,2,Below Average,2024-12-01,Thursday,1,1.0,0.0,1.0,1.0,10.0,10.0,19.33,19.33,4.77,True
16409aa4-e312-4c5a-959e-8146e2477e04,Restaurant 484,Philadelphia,IL,Chinese,2,Below Average,2024-04-01,Monday,1,1.0,0.0,1.0,0.0,54.0,54.0,23.52,23.52,5.24,True
2ba2ff21-347b-49bb-b990-6a12a95ec868,Restaurant 508,Philadelphia,IL,Seafood,2,Below Average,2022-01-01,Saturday,1,1.0,0.0,1.0,1.0,39.0,39.0,36.86,36.86,4.84,True
efae2109-2736-4117-b72d-d925773f5a10,Restaurant 535,Philadelphia,IL,Thai,2,Below Average,2023-06-01,Saturday,1,1.0,0.0,1.0,1.0,43.0,43.0,48.03,48.03,6.91,True
12ff7c81-fe8d-43d2-ade5-cacbf0af4d8f,Restaurant 574,Philadelphia,IL,American (New),2,Below Average,2024-11-01,Saturday,1,1.0,0.0,1.0,0.0,43.0,43.0,13.66,13.66,2.4,True
1d1688e0-de22-483b-aaf1-c0268cb69643,Restaurant 604,Philadelphia,IL,Burgers,2,Below Average,2023-02-01,Tuesday,1,1.0,0.0,1.0,1.0,23.0,23.0,8.0,8.0,3.56,True
0980c6d3-0c36-4ac1-ba2c-ea460522eaa5,Restaurant 608,Philadelphia,IL,Sushi,2,Below Average,2024-06-01,Friday,1,0.0,1.0,0.0,,,,35.87,35.87,6.1,True
5109fef4-02bc-492d-9978-dc92e48e1b22,Restaurant 628,Philadelphia,IL,Burgers,2,Below Average,2024-01-01,Sunday,1,1.0,0.0,1.0,1.0,55.0,55.0,24.59,24.59,1.75,True
bdb64cfd-5f02-4720-a2e6-a2d6c52fcd30,Restaurant 642,Philadelphia,IL,Coffee & Tea,2,Below Average,2023-03-01,Friday,1,1.0,0.0,1.0,1.0,10.0,10.0,8.0,8.0,2.19,True
134b54ea-ef07-4b79-a0dd-71709175c22e,Restaurant 674,Philadelphia,IL,Burgers,2,Below Average,2022-04-01,Saturday,1,1.0,0.0,1.0,1.0,40.0,40.0,38.68,38.68,4.03,True
d0314ecf-fb8d-432b-9100-f2703c6a5e96,Restaurant 734,Philadelphia,IL,Coffee & Tea,2,Below Average,2024-07-01,Tuesday,1,1.0,0.0,1.0,1.0,40.0,40.0,25.34,25.34,2.32,True
b1459b3d-b2fe-422c-bbf6-96852963053d,Restaurant 739,Philadelphia,IL,Coffee & Tea,2,Below Average,2022-12-01,Sunday,1,1.0,0.0,1.0,1.0,53.0,53.0,33.75,33.75,7.1,True
912359bb-d1d0-46a5-9f98-ec8634fe780d,Restaurant 743,Philadelphia,IL,Chinese,2,Below Average,2024-06-01,Tuesday,1,1.0,0.0,1.0,0.0,43.0,43.0,9.78,9.78,7.22,True
4a77f9a0-99c0-4cf3-8c65-2c3011605293,Restaurant 745,Philadelphia,IL,Coffee & Tea,2,Below Average,2022-12-01,Tuesday,1,1.0,0.0,1.0,1.0,41.0,41.0,24.52,24.52,7.47,True
2e38ce3c-b0d2-4aff-9fda-d3dbe6660adc,Restaurant 750,Philadelphia,IL,Burgers,2,Below Average,2023-08-01,Wednesday,1,1.0,0.0,1.0,1.0,37.0,37.0,18.77,18.77,4.01,True
fc933664-2241-4421-a7ec-120266e153dc,Restaurant 866,Philadelphia,IL,Coffee & Tea,3,Average,2024-05-01,Tuesday,1,1.0,0.0,1.0,0.0,44.0,44.0,26.82,26.82,7.83,True
734b7915-f4bd-4fb5-b71f-78b73b81fb9e,Restaurant 902,Philadelphia,IL,Italian,3,Average,2024-06-01,Friday,1,1.0,0.0,1.0,1.0,24.0,24.0,49.86,49.86,3.86,True
d7ef7662-a859-44a0-b209-c2b4f7d820ac,Restaurant 915,Philadelphia,IL,Pizza,3,Average,2023-10-01,Thursday,1,1.0,0.0,1.0,1.0,35.0,35.0,24.91,24.91,1.42,True
214cee5b-c728-4f8c-81a6-4e0a2f4ef7fa,Restaurant 984,Philadelphia,IL,Mexican,3,Average,2022-03-01,Sunday,1,1.0,0.0,1.0,1.0,15.0,15.0,12.52,12.52,5.41,True
1563e5fc-342a-4b9b-b43d-1a6dafe192ec,Restaurant 1032,Philadelphia,IL,Pizza,3,Average,2023-10-01,Tuesday,1,1.0,0.0,1.0,1.0,28.0,28.0,30.4,30.4,1.57,True
bc10c0bd-1da3-4938-992d-f59c629f616c,Restaurant 1041,Philadelphia,IL,Thai,3,Average,2023-04-01,Wednesday,1,1.0,0.0,1.0,0.0,44.0,44.0,25.63,25.63,6.53,True
9fd1ac32-40ee-4ecb-8c0d-52de3e07c3eb,Restaurant 1058,Philadelphia,IL,Sushi,3,Average,2024-04-01,Sunday,1,1.0,0.0,1.0,1.0,21.0,21.0,20.01,20.01,5.85,True
d1a86b12-c280-4734-9e0b-ac7a5b04ce18,Restaurant 1072,Philadelphia,IL,Coffee & Tea,3,Average,2024-06-01,Saturday,1,1.0,0.0,1.0,1.0,11.0,11.0,63.95,63.95,2.85,True
43966979-b6ad-45d5-b8a6-410202070bec,Restaurant 1136,Philadelphia,IL,Burgers,3,Average,2024-10-01,Sunday,1,1.0,0.0,1.0,0.0,48.0,48.0,42.4,42.4,1.53,True
455d213c-54a2-4739-92a9-96d4c7643fe1,Restaurant 1148,Philadelphia,IL,Italian,3,Average,2024-05-01,Tuesday,1,1.0,0.0,1.0,1.0,11.0,11.0,25.41,25.41,3.26,True
c77a9eff-6cb6-40be-940f-fbcde486ad4e,Restaurant 1166,Philadelphia,IL,Coffee & Tea,3,Average,2023-12-01,Friday,1,1.0,0.0,1.0,1.0,36.0,36.0,43.02,43.02,4.75,True
1d77fe73-da38-45a4-be9c-e753a6ad9f2a,Restaurant 1195,Philadelphia,IL,Burgers,3,Average,2024-02-01,Wednesday,1,1.0,0.0,1.0,1.0,33.0,33.0,13.93,13.93,4.7,True
26ad685f-907b-44ce-857e-74e92833aa77,Restaurant 1225,Philadelphia,IL,Chinese,4,Strong,2024-09-01,Sunday,1,1.0,0.0,1.0,1.0,27.0,27.0,23.14,23.14,2.52,True
9e8cd1db-3511-4b5a-b6c3-2e73785994b8,Restaurant 1231,Philadelphia,IL,American (New),4,Strong,2022-01-01,Saturday,1,1.0,0.0,1.0,1.0,14.0,14.0,34.55,34.55,5.79,True
7f34527e-447a-4374-b70b-bac185e5df0e,Restaurant 1258,Philadelphia,IL,Burgers,4,Strong,2022-12-01,Thursday,1,1.0,0.0,1.0,1.0,32.0,32.0,46.21,46.21,2.54,True
e89c952e-f53a-4a95-8d06-81a38fcefb4a,Restaurant 1275,Philadelphia,IL,Seafood,4,Strong,2024-08-01,Friday,1,1.0,0.0,1.0,1.0,15.0,15.0,45.61,45.61,3.63,True
24491355-10f3-4e66-a703-ddd3186c5d7d,Restaurant 1286,Philadelphia,IL,Pizza,4,Strong,2023-01-01,Wednesday,1,1.0,0.0,1.0,1.0,23.0,23.0,31.17,31.17,5.34,True
04f7ef18-da41-42e9-bea1-4497da753c6f,Restaurant 1290,Philadelphia,IL,Seafood,4,Strong,2024-12-01,Tuesday,1,1.0,0.0,1.0,0.0,51.0,51.0,21.17,21.17,6.4,True
707ea155-8c27-4895-887f-cc2a373d80ab,Restaurant 1299,Philadelphia,IL,Italian,4,Strong,2024-07-01,Tuesday,1,1.0,0.0,1.0,1.0,40.0,40.0,56.11,56.11,2.04,True
e2296c9b-f89e-475d-9a59-034adf43d332,Restaurant 1323,Philadelphia,IL,American (New),4,Strong,2024-06-01,Monday,1,1.0,0.0,1.0,1.0,27.0,27.0,51.49,51.49,6.8,True
5e854b00-0ee9-4543-a38f-29818955e30d,Restaurant 1337,Philadelphia,IL,Chinese,4,Strong,2022-08-01,Sunday,1,1.0,0.0,1.0,1.0,25.0,25.0,8.0,8.0,3.77,True
d3e9bfeb-8bae-45a0-9399-9eaf3360b899,Restaurant 1397,Philadelphia,IL,Coffee & Tea,4,Strong,2023-11-01,Wednesday,1,1.0,0.0,1.0,1.0,32.0,32.0,54.7,54.7,7.67,True
862edc87-f5ee-4d0e-a3b6-17a0a1782b73,Restaurant 1410,Philadelphia,IL,Chinese,4,Strong,2024-11-01,Sunday,1,1.0,0.0,1.0,1.0,32.0,32.0,16.14,16.14,3.78,True
886d3173-b38f-4641-a0bf-021f3d891956,Restaurant 1413,Philadelphia,IL,Chinese,4,Strong,2023-01-01,Tuesday,1,0.0,1.0,0.0,,,,61.95,61.95,2.98,True
0fb40207-a866-49d4-95e5-d4664388bad0,Restaurant 1419,Philadelphia,IL,Seafood,4,Strong,2023-10-01,Tuesday,1,1.0,0.0,1.0,1.0,43.0,43.0,32.28,32.28,6.01,True
8a7129e1-d5e2-4929-be01-7f0a25f4598c,Restaurant 1466,Philadelphia,IL,Seafood,4,Strong,2023-01-01,Monday,1,1.0,0.0,1.0,0.0,46.0,46.0,42.61,42.61,7.29,True
dc7df643-0adc-43b4-84e2-710c71aaa757,Restaurant 1471,Philadelphia,IL,Pizza,4,Strong,2022-10-01,Monday,1,1.0,0.0,1.0,1.0,32.0,32.0,15.78,15.78,6.93,True
e3318012-c473-4418-ae10-5a95862630dd,Restaurant 1481,Philadelphia,IL,Sushi,4,Strong,2023-01-01,Monday,1,1.0,0.0,1.0,0.0,60.0,60.0,13.36,13.36,6.48,True
f3acf22c-eb53-4b3f-9276-da8c05f217ba,Restaurant 1483,Philadelphia,IL,Mexican,4,Strong,2024-12-01,Monday,1,1.0,0.0,1.0,1.0,30.0,30.0,16.88,16.88,5.23,True
a09eb8b8-1c92-4a60-920e-5dd1efdf7c90,Restaurant 1488,Philadelphia,IL,Burgers,4,Strong,2024-07-01,Thursday,1,1.0,0.0,1.0,1.0,27.0,27.0,20.58,20.58,2.3,True
09d6e93f-fe75-44af-a295-ba67d972c28a,Restaurant 1506,Philadelphia,IL,Sushi,4,Strong,2024-11-01,Saturday,1,1.0,0.0,1.0,1.0,37.0,37.0,22.67,22.67,1.3,True
51d1ccdf-f80e-4399-bf59-2aba16961341,Restaurant 1526,Philadelphia,IL,Chinese,4,Strong,2023-11-01,Saturday,1,1.0,0.0,1.0,1.0,19.0,19.0,9.1,9.1,5.07,True
ca49b516-9e43-41ec-a7dc-23edd5251c39,Restaurant 1529,Philadelphia,IL,Pizza,4,Strong,2023-06-01,Wednesday,1,1.0,0.0,1.0,1.0,47.0,47.0,9.83,9.83,1.43,True
666b1ea2-af12-4958-8204-e318b1b1b8e1,Restaurant 1536,Philadelphia,IL,Chinese,4,Strong,2023-07-01,Monday,1,1.0,0.0,1.0,0.0,36.0,36.0,22.37,22.37,1.37,True
91f17179-ff9b-459d-a303-de02aa2c9bc2,Restaurant 1541,Philadelphia,IL,Sushi,4,Strong,2024-02-01,Thursday,1,1.0,0.0,1.0,1.0,26.0,26.0,27.21,27.21,2.59,True
aff84c9d-000d-4524-9fe0-567471ef54f2,Restaurant 1542,Philadelphia,IL,American (New),4,Strong,2022-01-01,Saturday,1,1.0,0.0,1.0,0.0,51.0,51.0,36.1,36.1,3.21,True
dba4f0f7-c651-4824-b536-6c941283b1fe,Restaurant 1557,Philadelphia,IL,Coffee & Tea,4,Strong,2023-09-01,Monday,1,1.0,0.0,1.0,1.0,16.0,16.0,24.43,24.43,1.94,True
70dc4f52-a00b-4863-90d5-181b76f7f68a,Restaurant 1604,Philadelphia,IL,Italian,5,Elite,2024-07-01,Saturday,1,1.0,0.0,1.0,1.0,14.0,14.0,26.84,26.84,6.53,True
c013315b-5dbe-4159-85f6-96a0bf6d3a3f,Restaurant 1622,Philadelphia,IL,Mexican,5,Elite,2024-03-01,Sunday,1,1.0,0.0,1.0,1.0,21.0,21.0,45.85,45.85,5.79,True
bd7f3331-00ab-4876-9f44-67a258eff00b,Restaurant 1632,Philadelphia,IL,Seafood,5,Elite,2022-12-01,Monday,1,1.0,0.0,1.0,1.0,41.0,41.0,43.2,43.2,5.19,True
98a248b0-a39d-4ca9-9bac-f0d321f78b27,Restaurant 1703,Philadelphia,IL,Burgers,5,Elite,2023-10-01,Saturday,1,1.0,0.0,1.0,1.0,34.0,34.0,30.02,30.02,3.67,True
6c5da0ab-aed4-4d3b-b115-28663e5752a7,Restaurant 1753,Philadelphia,IL,Coffee & Tea,5,Elite,2022-01-01,Thursday,1,1.0,0.0,1.0,0.0,46.0,46.0,38.39,38.39,5.49,True
14ec3205-bfb5-4268-91de-7596fb57f2e0,Restaurant 1781,Philadelphia,IL,Sushi,5,Elite,2024-11-01,Sunday,1,1.0,0.0,1.0,1.0,34.0,34.0,22.79,22.79,7.05,True
61393ab1-25bf-4281-9b35-eff55f0ed03b,Restaurant 1782,Philadelphia,IL,Italian,5,Elite,2024-08-01,Saturday,1,1.0,0.0,1.0,1.0,30.0,30.0,18.37,18.37,2.74,True
b9e6336b-3237-4308-849b-dd709625434a,Restaurant 1823,Philadelphia,IL,Italian,5,Elite,2024-05-01,Thursday,1,1.0,0.0,1.0,1.0,29.0,29.0,12.57,12.57,7.94,True
4c2b9abf-bdc0-4c0b-a733-764baa4400b7,Restaurant 1873,Philadelphia,IL,Coffee & Tea,5,Elite,2022-05-01,Monday,1,1.0,0.0,1.0,1.0,30.0,30.0,18.17,18.17,1.06,True
cb0eb21c-b9c4-4235-9370-77861005de7b,Restaurant 1875,Philadelphia,IL,Thai,5,Elite,2023-10-01,Saturday,1,1.0,0.0,1.0,1.0,25.0,25.0,45.48,45.48,6.98,True
32fc6be9-ccc3-4aa3-8a0a-01da90f0ae88,Restaurant 1894,Philadelphia,IL,Chinese,5,Elite,2024-02-01,Friday,1,1.0,0.0,1.0,1.0,37.0,37.0,21.83,21.83,6.34,True
db7f1a46-58b9-4624-bc5a-5cc4877ee3a1,Restaurant 1903,Philadelphia,IL,Seafood,5,Elite,2023-04-01,Tuesday,1,1.0,0.0,1.0,1.0,28.0,28.0,74.08,74.08,1.14,True
f7891691-a053-476b-b33a-28fcc2830410,Restaurant 1935,Philadelphia,IL,Burgers,5,Elite,2024-03-01,Friday,1,1.0,0.0,1.0,1.0,36.0,36.0,32.45,32.45,6.55,True
4ac9833b-19af-441a-8d9a-93564c36cbaf,Restaurant 1938,Philadelphia,IL,Chinese,5,Elite,2024-05-01,Sunday,1,1.0,0.0,1.0,1.0,48.0,48.0,18.36,18.36,5.3,True
d38bf655-d7b9-4555-8069-4f5e59943d61,Restaurant 1944,Philadelphia,IL,Chinese,5,Elite,2024-02-01,Thursday,1,1.0,0.0,1.0,1.0,11.0,11.0,24.01,24.01,5.57,True
f0da3a71-699c-4d88-b52d-e8088d3efa72,Restaurant 1948,Philadelphia,IL,American (New),5,Elite,2023-04-01,Sunday,1,1.0,0.0,1.0,1.0,35.0,35.0,53.62,53.62,2.42,True
5ba59135-08cf-4bdd-88ef-71a4e0a687d2,Restaurant 1962,Philadelphia,IL,Coffee & Tea,5,Elite,2022-10-01,Monday,1,1.0,0.0,1.0,1.0,19.0,19.0,31.59,31.59,3.99,True
b2d4b6cf-b248-43e2-b630-98b0af95fae7,Restaurant 1973,Philadelphia,IL,American (New),5,Elite,2024-05-01,Sunday,1,1.0,0.0,1.0,0.0,39.0,39.0,25.71,25.71,1.42,True
4375f874-a3f9-45ec-bd2f-437a10d47948,Restaurant 1987,Philadelphia,IL,Mexican,5,Elite,2024-10-01,Tuesday,1,1.0,0.0,1.0,0.0,56.0,56.0,36.91,36.91,6.34,True
703dfc36-3a34-4d48-97bf-6ef384868e11,Restaurant 1988,Philadelphia,IL,American (New),5,Elite,2022-03-01,Monday,1,0.0,1.0,0.0,,,,40.17,40.17,2.71,True
3aea0012-3268-4722-825e-e7a5931f3062,Restaurant 29,Philadelphia,CO,Thai,1,Low,2022-06-01,Friday,1,1.0,0.0,1.0,1.0,38.0,38.0,23.3,23.3,7.57,True
7a1f1470-e03a-49e0-b9d6-14c2d47a2f6e,Restaurant 46,Philadelphia,CO,Burgers,1,Low,2023-12-01,Wednesday,1,1.0,0.0,1.0,1.0,39.0,39.0,60.75,60.75,1.91,True
578f751c-9992-4a0c-9dfb-2771d002e870,Restaurant 91,Philadelphia,CO,Mexican,1,Low,2024-05-01,Thursday,1,0.0,1.0,0.0,,,,35.34,35.34,1.76,True
2ca95a9c-ad28-4402-b5f1-08589564a057,Restaurant 92,Philadelphia,CO,Thai,1,Low,2023-02-01,Thursday,1,1.0,0.0,1.0,1.0,21.0,21.0,34.93,34.93,3.84,True
29a898ba-79ec-4602-8961-2a35e921aa23,Restaurant 107,Philadelphia,CO,Coffee & Tea,1,Low,2024-09-01,Monday,1,1.0,0.0,1.0,1.0,14.0,14.0,29.22,29.22,2.66,True
20e51a62-a3d1-41c0-82fa-2be9d4e5692b,Restaurant 143,Philadelphia,CO,Burgers,1,Low,2022-05-01,Monday,2,2.0,0.0,1.0,1.0,22.5,29.3,39.99,20.0,13.12,True
50ab1adc-bdf5-4eb4-b5a1-72842c30a0f4,Restaurant 167,Philadelphia,CO,Burgers,1,Low,2023-12-01,Tuesday,1,1.0,0.0,1.0,0.0,39.0,39.0,14.15,14.15,1.44,True
60bac4b7-e0e5-43d3-b1a0-952b377afe55,Restaurant 193,Philadelphia,CO,Sushi,1,Low,2024-02-01,Thursday,1,1.0,0.0,1.0,1.0,31.0,31.0,9.17,9.17,5.76,True
ea870a94-b7d0-4c5b-9667-e7e12fbc0851,Restaurant 202,Philadelphia,CO,Pizza,1,Low,2023-10-01,Friday,1,1.0,0.0,1.0,1.0,23.0,23.0,18.9,18.9,6.35,True
53e230c7-815a-47f9-9cf7-b99477c82453,Restaurant 220,Philadelphia,CO,Thai,1,Low,2022-05-01,Wednesday,1,1.0,0.0,1.0,0.0,41.0,41.0,32.43,32.43,2.54,True
49de81c9-db46-4023-b9b3-95bc33ac3880,Restaurant 275,Philadelphia,CO,Italian,1,Low,2024-09-01,Tuesday,1,1.0,0.0,1.0,0.0,59.0,59.0,41.68,41.68,4.02,True
2f9a2f5b-dbcd-4cdb-813d-d62ffe6140d6,Restaurant 277,Philadelphia,CO,Thai,1,Low,2023-07-01,Sunday,1,1.0,0.0,1.0,1.0,27.0,27.0,52.11,52.11,4.52,True
30bdf076-0f69-43c1-8a9f-26a5420d5f93,Restaurant 289,Philadelphia,CO,Thai,1,Low,2024-11-01,Monday,1,1.0,0.0,1.0,1.0,36.0,36.0,39.25,39.25,1.51,True
8d616c21-f974-4c22-89c4-24774c8422cb,Restaurant 296,Philadelphia,CO,Pizza,1,Low,2022-02-01,Thursday,1,1.0,0.0,1.0,1.0,40.0,40.0,36.84,36.84,2.67,True
c91f0492-e374-448f-9ff5-59ebeb42f7af,Restaurant 306,Philadelphia,CO,Thai,1,Low,2022-01-01,Tuesday,1,1.0,0.0,1.0,1.0,10.0,10.0,18.13,18.13,5.27,True
507ee648-1869-4188-ab66-947ca2263c4d,Restaurant 348,Philadelphia,CO,Thai,1,Low,2024-03-01,Tuesday,1,1.0,0.0,1.0,1.0,10.0,10.0,26.45,26.45,5.06,True
c4cfb25e-27a9-4fba-9ed9-0f21f19a38cd,Restaurant 367,Philadelphia,CO,Mexican,1,Low,2023-03-01,Saturday,1,1.0,0.0,1.0,1.0,10.0,10.0,18.04,18.04,1.65,True
1049731b-f8c8-4257-8315-e45e89676bd0,Restaurant 380,Philadelphia,CO,Italian,1,Low,2024-04-01,Thursday,1,1.0,0.0,1.0,1.0,51.0,51.0,39.8,39.8,2.89,True
90fad54d-5356-4748-a873-66024d5fd74f,Restaurant 395,Philadelphia,CO,Italian,1,Low,2024-11-01,Saturday,1,1.0,0.0,1.0,1.0,31.0,31.0,46.91,46.91,2.38,True
af0f70f7-1132-4ca7-b9c6-d2638c268911,Restaurant 418,Philadelphia,CO,Chinese,2,Below Average,2024-11-01,Saturday,1,1.0,0.0,1.0,1.0,26.0,26.0,24.22,24.22,5.92,True
5aa180ba-fa96-4ea5-b66a-a5c1a1881e03,Restaurant 454,Philadelphia,CO,Sushi,2,Below Average,2022-04-01,Wednesday,1,1.0,0.0,1.0,1.0,24.0,24.0,17.49,17.49,6.9,True
166c4f60-ee78-432b-8fcf-7cb3effa9d96,Restaurant 461,Philadelphia,CO,Sushi,2,Below Average,2024-03-01,Wednesday,1,0.0,1.0,0.0,,,,23.51,23.51,1.83,True
f78ac04b-8828-44e5-9ab7-8612af2be2ed,Restaurant 498,Philadelphia,CO,Pizza,2,Below Average,2024-07-01,Wednesday,1,1.0,0.0,1.0,1.0,10.0,10.0,37.63,37.63,6.94,True
a2db757f-3ed1-433e-ad54-514e3551a439,Restaurant 500,Philadelphia,CO,Seafood,2,Below Average,2024-01-01,Sunday,1,1.0,0.0,1.0,0.0,45.0,45.0,44.66,44.66,7.14,True
436d7edd-d768-4c3b-8986-4021af5abc6c,Restaurant 501,Philadelphia,CO,Mexican,2,Below Average,2022-03-01,Monday,1,1.0,0.0,1.0,1.0,40.0,40.0,30.18,30.18,7.66,True
c58511e2-7722-45db-a324-c70baad7b83b,Restaurant 527,Philadelphia,CO,American (New),2,Below Average,2024-04-01,Wednesday,1,1.0,0.0,1.0,1.0,39.0,39.0,22.89,22.89,7.22,True
34ce731e-46b1-49ac-ae4b-63546064f52a,Restaurant 591,Philadelphia,CO,Sushi,2,Below Average,2022-01-01,Saturday,1,1.0,0.0,1.0,1.0,31.0,31.0,33.06,33.06,3.17,True
9b604f7c-caad-48c4-a131-aab5807382ec,Restaurant 606,Philadelphia,CO,Burgers,2,Below Average,2024-11-01,Monday,1,1.0,0.0,1.0,1.0,10.0,10.0,24.37,24.37,5.61,True
31c79f9f-ad25-4819-81b4-557ccb7128bc,Restaurant 607,Philadelphia,CO,Thai,2,Below Average,2023-06-01,Thursday,1,1.0,0.0,1.0,1.0,14.0,14.0,37.34,37.34,4.84,True
caac8fe1-db02-434f-a68c-96232479bc7c,Restaurant 614,Philadelphia,CO,Coffee & Tea,2,Below Average,2024-12-01,Tuesday,1,1.0,0.0,1.0,1.0,29.0,29.0,45.69,45.69,5.81,True
376cddf7-a0c8-42c1-9ca9-8c60a0517984,Restaurant 617,Philadelphia,CO,American (New),2,Below Average,2023-05-01,Wednesday,1,1.0,0.0,1.0,1.0,20.0,20.0,25.26,25.26,1.83,True
3bcfb998-0838-4404-bd85-1c937d6bba27,Restaurant 640,Philadelphia,CO,Italian,2,Below Average,2022-08-01,Monday,1,1.0,0.0,1.0,0.0,45.0,45.0,25.93,25.93,2.54,True
b7d5dc5c-a74e-4884-8a08-b588145a5695,Restaurant 664,Philadelphia,CO,American (New),2,Below Average,2023-07-01,Monday,1,1.0,0.0,1.0,1.0,27.0,27.0,24.91,24.91,2.4,True
52e8fb34-c578-4ef6-aa7a-6b36da3362b7,Restaurant 676,Philadelphia,CO,Coffee & Tea,2,Below Average,2024-09-01,Monday,1,1.0,0.0,1.0,1.0,46.0,46.0,43.67,43.67,6.65,True
6e510df3-bcf4-4569-bcf2-76ba6b464291,Restaurant 688,Philadelphia,CO,Sushi,2,Below Average,2023-10-01,Friday,1,0.0,1.0,0.0,,,,8.0,8.0,2.71,True
9d5835e6-d19e-49f9-b602-d7f5f81ccf29,Restaurant 689,Philadelphia,CO,Italian,2,Below Average,2023-12-01,Friday,1,1.0,0.0,1.0,1.0,14.0,14.0,17.52,17.52,4.23,True
66eee0aa-2503-47bc-a553-ccb1896798de,Restaurant 706,Philadelphia,CO,Sushi,2,Below Average,2023-08-01,Wednesday,1,1.0,0.0,1.0,1.0,32.0,32.0,35.38,35.38,2.13,True
f3124524-fe88-43db-bdc0-b8899ac991b0,Restaurant 728,Philadelphia,CO,Chinese,2,Below Average,2024-12-01,Wednesday,1,1.0,0.0,1.0,0.0,50.0,50.0,34.6,34.6,5.1,True
7bcf338e-a1b8-4088-8fe5-443844f4e484,Restaurant 740,Philadelphia,CO,Chinese,2,Below Average,2023-10-01,Monday,1,1.0,0.0,1.0,1.0,10.0,10.0,13.76,13.76,5.67,True
52775d01-bd36-429f-a4bf-98ea53967b12,Restaurant 760,Philadelphia,CO,Pizza,2,Below Average,2023-09-01,Monday,1,1.0,0.0,1.0,0.0,48.0,48.0,30.66,30.66,2.53,True
610b9511-169a-482d-b6c7-868749a8dc02,Restaurant 780,Philadelphia,CO,Mexican,2,Below Average,2022-11-01,Monday,1,1.0,0.0,1.0,1.0,11.0,11.0,11.18,11.18,7.58,True
b8548863-aaf9-4e15-89a2-7f88a0c42b08,Restaurant 911,Philadelphia,CO,Seafood,3,Average,2022-06-01,Sunday,1,1.0,0.0,1.0,1.0,39.0,39.0,28.58,28.58,2.66,True
6246a3ea-031d-46d2-ac96-8112879411b3,Restaurant 913,Philadelphia,CO,Burgers,3,Average,2022-05-01,Monday,1,1.0,0.0,1.0,1.0,32.0,32.0,42.08,42.08,1.59,True
2c2f6ec2-2155-443b-abc4-0ef3d003f4ed,Restaurant 928,Philadelphia,CO,Mexican,3,Average,2024-10-01,Sunday,1,1.0,0.0,1.0,0.0,34.0,34.0,25.56,25.56,4.78,True
2481c45e-4b90-4472-aaa7-e14d81b4f2bf,Restaurant 965,Philadelphia,CO,Burgers,3,Average,2024-09-01,Monday,1,1.0,0.0,1.0,0.0,52.0,52.0,26.18,26.18,3.27,True
4ec9fe38-9d1f-4f7d-96f3-4d4149e45e97,Restaurant 993,Philadelphia,CO,Burgers,3,Average,2022-11-01,Wednesday,1,1.0,0.0,1.0,1.0,29.0,29.0,13.54,13.54,6.71,True
1c6668cf-2035-4c38-944e-5456123ad708,Restaurant 1000,Philadelphia,CO,Burgers,3,Average,2024-01-01,Tuesday,1,1.0,0.0,1.0,0.0,45.0,45.0,73.57,73.57,4.21,True
e296d202-f022-42b9-988d-360a619d8343,Restaurant 1020,Philadelphia,CO,Burgers,3,Average,2023-07-01,Saturday,1,1.0,0.0,1.0,0.0,56.0,56.0,16.45,16.45,3.2,True
d14e9175-d81b-4006-b0a6-dfbf59ff8656,Restaurant 1044,Philadelphia,CO,Italian,3,Average,2024-03-01,Saturday,1,1.0,0.0,1.0,0.0,40.0,40.0,23.42,23.42,7.17,True
37d7f590-d95e-44f2-897a-98750153f803,Restaurant 1046,Philadelphia,CO,Burgers,3,Average,2023-03-01,Friday,1,1.0,0.0,1.0,1.0,50.0,50.0,64.87,64.87,7.94,True
98704bbd-22a4-4064-90df-f0915b69bccf,Restaurant 1086,Philadelphia,CO,Thai,3,Average,2022-07-01,Saturday,1,1.0,0.0,1.0,1.0,39.0,39.0,8.0,8.0,5.38,True
e617f2f1-9f83-434f-9629-6385a0b313df,Restaurant 1106,Philadelphia,CO,Seafood,3,Average,2024-02-01,Sunday,1,1.0,0.0,1.0,1.0,24.0,24.0,34.34,34.34,1.94,True
91db77b1-0bab-456d-a759-f24b7da60d83,Restaurant 1168,Philadelphia,CO,Seafood,3,Average,2023-12-01,Friday,1,1.0,0.0,1.0,1.0,16.0,16.0,23.37,23.37,7.45,True
3e615fe9-f6eb-4d9c-8e58-66031363460a,Restaurant 1174,Philadelphia,CO,Seafood,3,Average,2022-06-01,Tuesday,1,1.0,0.0,1.0,1.0,40.0,40.0,43.35,43.35,6.4,True
cf052e07-e854-425f-aa56-1f8759dc14af,Restaurant 1184,Philadelphia,CO,Seafood,3,Average,2024-06-01,Thursday,1,1.0,0.0,1.0,0.0,50.0,50.0,32.69,32.69,6.79,True
394f87d6-2bc1-4cdf-a7ee-8969c305999c,Restaurant 1196,Philadelphia,CO,Seafood,3,Average,2024-02-01,Wednesday,1,1.0,0.0,1.0,1.0,33.0,33.0,21.0,21.0,7.67,True
32416e25-476c-4c1a-8a99-eb9067939b8e,Restaurant 1232,Philadelphia,CO,Pizza,4,Strong,2024-10-01,Sunday,1,1.0,0.0,1.0,1.0,32.0,32.0,14.13,14.13,3.45,True
8d7b7c77-224e-44e7-abd2-58440cf94146,Restaurant 1256,Philadelphia,CO,Seafood,4,Strong,2022-07-01,Monday,1,1.0,0.0,1.0,1.0,28.0,28.0,28.89,28.89,1.36,True
b3421fcf-c288-4154-bb38-a76cdb5493b6,Restaurant 1287,Philadelphia,CO,Italian,4,Strong,2024-06-01,Sunday,1,1.0,0.0,1.0,1.0,39.0,39.0,48.61,48.61,1.57,True
7d77f3d5-9661-4a48-bc50-276af59798f0,Restaurant 1293,Philadelphia,CO,Thai,4,Strong,2023-09-01,Tuesday,1,1.0,0.0,1.0,1.0,34.0,34.0,36.12,36.12,6.1,True
cc86ffe0-902e-4790-87df-41573291b731,Restaurant 1314,Philadelphia,CO,Thai,4,Strong,2024-03-01,Saturday,1,1.0,0.0,1.0,0.0,54.0,54.0,46.56,46.56,5.19,True
4db6e23b-c2ae-4d32-baf0-3e18a981ee57,Restaurant 1315,Philadelphia,CO,Pizza,4,Strong,2024-07-01,Thursday,1,1.0,0.0,1.0,1.0,10.0,10.0,8.52,8.52,2.23,True
23eb233c-bbb7-41ce-9834-a5cefdc4017a,Restaurant 1356,Philadelphia,CO,Coffee & Tea,4,Strong,2023-10-01,Tuesday,1,1.0,0.0,1.0,1.0,19.0,19.0,29.28,29.28,3.09,True
590aee83-b720-448e-b3f2-4a8570d03160,Restaurant 1415,Philadelphia,CO,Chinese,4,Strong,2023-06-01,Saturday,1,1.0,0.0,1.0,1.0,11.0,11.0,24.27,24.27,2.51,True
f1a5c50f-a907-46bf-9c6d-df9a36e6ccbb,Restaurant 1431,Philadelphia,CO,Seafood,4,Strong,2023-02-01,Wednesday,1,1.0,0.0,1.0,0.0,47.0,47.0,20.41,20.41,7.31,True
98950463-b9e8-4a60-956c-1c6be4c6b8a5,Restaurant 1448,Philadelphia,CO,Chinese,4,Strong,2023-08-01,Tuesday,1,1.0,0.0,1.0,1.0,45.0,45.0,35.92,35.92,7.45,True
6a69ee2a-c037-49f4-b45d-70c665a4c016,Restaurant 1450,Philadelphia,CO,Coffee & Tea,4,Strong,2022-04-01,Tuesday,1,1.0,0.0,1.0,0.0,38.0,38.0,8.0,8.0,5.23,True
fba73bf8-d40c-4e3a-a42a-04eca45ec072,Restaurant 1461,Philadelphia,CO,Seafood,4,Strong,2024-03-01,Thursday,1,1.0,0.0,1.0,1.0,36.0,36.0,8.71,8.71,5.31,True
99dc75d8-4b0a-4c60-9cff-6cf87a91eec0,Restaurant 1517,Philadelphia,CO,Sushi,4,Strong,2022-03-01,Tuesday,1,1.0,0.0,1.0,0.0,61.0,61.0,11.91,11.91,6.29,True
acf07cd1-be70-465a-957e-f8ce255df639,Restaurant 1539,Philadelphia,CO,Burgers,4,Strong,2022-12-01,Monday,1,1.0,0.0,1.0,1.0,37.0,37.0,24.78,24.78,3.26,True
3a2ee7b6-ffed-4ca4-9204-42b330623809,Restaurant 1558,Philadelphia,CO,Sushi,4,Strong,2023-08-01,Wednesday,1,1.0,0.0,1.0,1.0,24.0,24.0,31.02,31.02,7.89,True
a2416b0c-f55e-4f3c-8501-9b3fd33b1b29,Restaurant 1563,Philadelphia,CO,Chinese,4,Strong,2024-03-01,Sunday,1,0.0,1.0,0.0,,,,42.92,42.92,2.17,True
530b77de-d14e-49e0-88cf-46f88cc81b83,Restaurant 1582,Philadelphia,CO,Sushi,4,Strong,2024-03-01,Thursday,1,1.0,0.0,1.0,0.0,39.0,39.0,45.98,45.98,5.69,True
f6a5829b-7783-4f62-87e9-8514484e1362,Restaurant 1585,Philadelphia,CO,Italian,4,Strong,2022-06-01,Saturday,1,1.0,0.0,1.0,1.0,38.0,38.0,34.05,34.05,6.0,True
0a81fa0a-021b-4194-a11a-f3eb5998fb70,Restaurant 1634,Philadelphia,CO,Seafood,5,Elite,2023-04-01,Sunday,1,1.0,0.0,1.0,1.0,31.0,31.0,9.27,9.27,3.46,True
27eaab64-09e4-49d5-ad52-955fa9c037d3,Restaurant 1652,Philadelphia,CO,Seafood,5,Elite,2024-04-01,Monday,1,1.0,0.0,1.0,0.0,51.0,51.0,29.63,29.63,7.27,True
e332c60f-fa43-408c-95cc-751ec7688d1a,Restaurant 1674,Philadelphia,CO,Sushi,5,Elite,2022-04-01,Friday,1,1.0,0.0,1.0,0.0,56.0,56.0,63.32,63.32,6.81,True
e54b34c9-9e3e-44d2-b8ee-cb0e9e34de59,Restaurant 1686,Philadelphia,CO,Sushi,5,Elite,2022-03-01,Monday,1,1.0,0.0,1.0,1.0,33.0,33.0,8.0,8.0,7.42,True
9f3dff24-a5d7-4924-8e12-bba837b933f5,Restaurant 1697,Philadelphia,CO,Coffee & Tea,5,Elite,2024-09-01,Thursday,1,1.0,0.0,1.0,1.0,29.0,29.0,43.48,43.48,4.08,True
5ebe950a-bb5a-44d1-8816-35cd95e812a4,Restaurant 1705,Philadelphia,CO,Coffee & Tea,5,Elite,2023-03-01,Tuesday,1,1.0,0.0,1.0,1.0,22.0,22.0,23.61,23.61,7.62,True
e2e03bb4-3865-4986-8202-d0e2e96a87d0,Restaurant 1723,Philadelphia,CO,Mexican,5,Elite,2024-11-01,Friday,1,1.0,0.0,1.0,0.0,58.0,58.0,27.79,27.79,2.29,True
4193bff4-85df-4d06-8cd8-563b046dcac4,Restaurant 1741,Philadelphia,CO,Seafood,5,Elite,2023-11-01,Friday,1,1.0,0.0,1.0,1.0,32.0,32.0,41.18,41.18,4.84,True
e73cc532-82c3-4beb-9289-5d3d013cf4ca,Restaurant 1791,Philadelphia,CO,Sushi,5,Elite,2022-05-01,Friday,1,1.0,0.0,1.0,1.0,22.0,22.0,13.79,13.79,6.76,True
abadbe72-251b-4bc9-9985-95a2e42f872f,Restaurant 1802,Philadelphia,CO,Pizza,5,Elite,2022-07-01,Saturday,1,1.0,0.0,1.0,1.0,43.0,43.0,19.89,19.89,2.4,True
d85d6b64-796f-4ef6-bceb-89a17251c012,Restaurant 1838,Philadelphia,CO,Italian,5,Elite,2022-04-01,Sunday,1,1.0,0.0,1.0,1.0,50.0,50.0,36.84,36.84,3.86,True
d71351bc-86a1-4b0c-9c64-d38c9580cf64,Restaurant 1852,Philadelphia,CO,American (New),5,Elite,2023-07-01,Wednesday,1,1.0,0.0,1.0,1.0,24.0,24.0,50.72,50.72,1.39,True
c56034aa-2f78-4abb-8b41-ca896dd43bbd,Restaurant 1859,Philadelphia,CO,Thai,5,Elite,2022-12-01,Thursday,1,1.0,0.0,1.0,1.0,27.0,27.0,24.6,24.6,5.43,True
1b673978-6110-45ed-8638-3dc37a269223,Restaurant 1941,Philadelphia,CO,Pizza,5,Elite,2022-08-01,Wednesday,1,1.0,0.0,1.0,1.0,29.0,29.0,8.0,8.0,4.29,True
a46514ad-9c13-4471-8073-6afd9372d5e3,Restaurant 1954,Philadelphia,CO,American (New),5,Elite,2024-06-01,Sunday,1,1.0,0.0,1.0,1.0,29.0,29.0,8.0,8.0,5.07,True
280220a3-448d-4018-b918-53ffc3ded458,Restaurant 1960,Philadelphia,CO,Italian,5,Elite,2022-09-01,Wednesday,1,1.0,0.0,1.0,0.0,64.0,64.0,25.61,25.61,3.88,True
e79a3345-5f1a-4493-9b76-e3d05de99191,Restaurant 1999,Philadelphia,CO,Italian,5,Elite,2024-10-01,Sunday,1,1.0,0.0,1.0,1.0,31.0,31.0,21.07,21.07,3.35,True
5099fcfd-f316-438f-8ac1-7e344eacd601,Restaurant 24,Philadelphia,NY,Coffee & Tea,1,Low,2024-01-01,Monday,1,1.0,0.0,1.0,1.0,42.0,42.0,52.79,52.79,3.72,True
d97c5d40-0d71-4df7-88db-6df30563b36a,Restaurant 47,Philadelphia,NY,Chinese,1,Low,2024-05-01,Saturday,1,1.0,0.0,1.0,1.0,16.0,16.0,40.76,40.76,2.34,True
e7352eaa-c694-44a5-a670-e944f17914f0,Restaurant 1096,Philadelphia,NY,Coffee & Tea,3,Average,2023-10-01,Monday,1,1.0,0.0,1.0,0.0,36.0,36.0,8.0,8.0,1.66,True
5a375f5d-0922-4c68-b1fb-60663f29dbc0,Restaurant 59,Philadelphia,NY,Chinese,1,Low,2023-09-01,Saturday,1,1.0,0.0,1.0,1.0,10.0,10.0,46.18,46.18,1.83,True
0365a1ea-9ca0-435c-9685-3c96fe5c460d,Restaurant 1105,Philadelphia,NY,Burgers,3,Average,2022-04-01,Monday,1,1.0,0.0,1.0,1.0,34.0,34.0,38.92,38.92,5.0,True
02d00be4-8b01-45a5-a452-a6fa965fa8e9,Restaurant 1114,Philadelphia,NY,Pizza,3,Average,2022-01-01,Thursday,1,1.0,0.0,1.0,0.0,50.0,50.0,8.0,8.0,4.57,True
063d3473-d07e-4b6d-bdd5-1986ea61e436,Restaurant 1116,Philadelphia,NY,Sushi,3,Average,2022-02-01,Monday,1,1.0,0.0,1.0,0.0,36.0,36.0,21.42,21.42,1.82,True
d120f4a6-15d8-4184-9a94-29cd185705c0,Restaurant 126,Philadelphia,NY,Burgers,1,Low,2024-03-01,Friday,1,0.0,1.0,0.0,,,,45.05,45.05,6.07,True
fec37f86-aa4f-4db4-9265-1d75f06af877,Restaurant 127,Philadelphia,NY,Pizza,1,Low,2024-10-01,Sunday,1,1.0,0.0,1.0,1.0,25.0,25.0,44.55,44.55,2.68,True
327ace53-d67d-4447-a058-fca86dead6b8,Restaurant 1189,Philadelphia,NY,Seafood,3,Average,2022-02-01,Sunday,1,0.0,1.0,0.0,,,,11.01,11.01,4.42,True
4b8d4948-c14d-4911-be86-42b214d345d5,Restaurant 1210,Philadelphia,NY,Thai,4,Strong,2024-05-01,Wednesday,1,1.0,0.0,1.0,1.0,29.0,29.0,12.35,12.35,5.86,True
f8e1f755-8325-43dc-bb9c-b0ec3f71272b,Restaurant 169,Philadelphia,NY,Burgers,1,Low,2023-06-01,Thursday,1,1.0,0.0,1.0,1.0,20.0,20.0,28.83,28.83,4.14,True
41af0b3d-cc13-4170-8677-a9ff4a0b8587,Restaurant 1266,Philadelphia,NY,Burgers,4,Strong,2023-10-01,Sunday,1,1.0,0.0,1.0,1.0,19.0,19.0,18.93,18.93,1.28,True
0a70f56d-dc81-418d-8d3d-df8febb33d1b,Restaurant 1276,Philadelphia,NY,Pizza,4,Strong,2022-10-01,Wednesday,1,1.0,0.0,1.0,1.0,37.0,37.0,31.36,31.36,7.17,True
e2c5120f-4685-4868-a145-2da148452a59,Restaurant 1282,Philadelphia,NY,Coffee & Tea,4,Strong,2022-05-01,Thursday,1,1.0,0.0,1.0,1.0,26.0,26.0,27.15,27.15,4.16,True
353679c0-b6cf-4b88-8a6c-939619a08447,Restaurant 232,Philadelphia,NY,Thai,1,Low,2022-03-01,Monday,1,1.0,0.0,1.0,1.0,43.0,43.0,8.0,8.0,1.04,True
c9b1e53e-1290-451e-a352-412069e5b535,Restaurant 239,Philadelphia,NY,Sushi,1,Low,2022-05-01,Saturday,1,1.0,0.0,1.0,0.0,49.0,49.0,34.46,34.46,1.07,True
4ce90dc4-21f7-4d01-a00c-7bc039719b7e,Restaurant 253,Philadelphia,NY,Mexican,1,Low,2022-02-01,Wednesday,1,1.0,0.0,1.0,1.0,18.0,18.0,19.28,19.28,4.96,True
fad6bf46-cf2e-4ece-a7e3-97c2a1ca7103,Restaurant 314,Philadelphia,NY,Coffee & Tea,1,Low,2024-11-01,Tuesday,1,1.0,0.0,1.0,1.0,25.0,25.0,53.58,53.58,6.01,True
51574129-05a3-4c6c-ad79-2db0a1cc99dd,Restaurant 316,Philadelphia,NY,Chinese,1,Low,2022-06-01,Thursday,1,1.0,0.0,1.0,1.0,19.0,19.0,8.0,8.0,2.85,True
1edf6834-b795-47ff-9df4-f7d8c814259b,Restaurant 1345,Philadelphia,NY,Burgers,4,Strong,2022-04-01,Friday,1,1.0,0.0,1.0,0.0,61.0,61.0,48.24,48.24,7.55,True
d910e224-61c9-4140-a64c-618d1dc93073,Restaurant 330,Philadelphia,NY,Chinese,1,Low,2022-05-01,Sunday,1,1.0,0.0,1.0,0.0,86.0,86.0,25.77,25.77,3.23,True
12f16d9a-5a6a-4fd5-b81a-4e7f8651d940,Restaurant 332,Philadelphia,NY,Mexican,1,Low,2024-03-01,Wednesday,1,1.0,0.0,1.0,1.0,36.0,36.0,40.07,40.07,2.75,True
2d700e6c-01a1-4142-b5b3-cf99305e822c,Restaurant 1364,Philadelphia,NY,Coffee & Tea,4,Strong,2024-04-01,Saturday,1,1.0,0.0,1.0,1.0,39.0,39.0,23.05,23.05,2.64,True
180960e6-f823-4317-9f3e-438b57ef4c5c,Restaurant 345,Philadelphia,NY,Sushi,1,Low,2023-05-01,Wednesday,1,1.0,0.0,1.0,0.0,34.0,34.0,8.0,8.0,1.48,True
86432427-0ffb-461a-9489-ae6ff0530645,Restaurant 1383,Philadelphia,NY,Coffee & Tea,4,Strong,2024-02-01,Thursday,1,1.0,0.0,1.0,0.0,44.0,44.0,15.11,15.11,2.01,True
bcf3dd2d-e083-463a-be2b-f8ef59aa6c4e,Restaurant 1396,Philadelphia,NY,Coffee & Tea,4,Strong,2023-10-01,Wednesday,1,1.0,0.0,1.0,1.0,50.0,50.0,20.75,20.75,5.47,True
5b262e0b-16f4-4533-885a-32d3b65356a9,Restaurant 1401,Philadelphia,NY,Burgers,4,Strong,2023-03-01,Friday,1,1.0,0.0,1.0,1.0,25.0,25.0,22.05,22.05,1.51,True
1080357b-bb63-47e9-af21-8270650b4d3e,Restaurant 1430,Philadelphia,NY,Pizza,4,Strong,2023-03-01,Friday,1,1.0,0.0,1.0,0.0,37.0,37.0,17.93,17.93,7.14,True
1ebf0d78-fcae-486e-a690-6ca1556d30bd,Restaurant 392,Philadelphia,NY,Seafood,1,Low,2024-09-01,Sunday,1,1.0,0.0,1.0,1.0,35.0,35.0,20.53,20.53,6.48,True
2ce46e86-6c14-4f63-8243-80679d286b48,Restaurant 399,Philadelphia,NY,Seafood,1,Low,2022-08-01,Tuesday,1,0.0,1.0,0.0,,,,43.14,43.14,6.22,True
6e3f991c-0222-4fa5-9d5f-cbac2558eb9e,Restaurant 1455,Philadelphia,NY,Burgers,4,Strong,2023-08-01,Sunday,1,1.0,0.0,1.0,1.0,34.0,34.0,42.24,42.24,5.12,True
874784c7-743a-432a-9a60-8e2efb000967,Restaurant 1460,Philadelphia,NY,Italian,4,Strong,2023-04-01,Wednesday,1,1.0,0.0,1.0,0.0,56.0,56.0,23.26,23.26,1.37,True
817f20ff-3f1b-4659-9c5d-e2ec34e24e68,Restaurant 425,Philadelphia,NY,Italian,2,Below Average,2022-09-01,Tuesday,1,1.0,0.0,1.0,1.0,13.0,13.0,14.51,14.51,4.09,True
192997ea-b905-4a62-b3a8-b2f55d3384dd,Restaurant 1473,Philadelphia,NY,Thai,4,Strong,2024-12-01,Tuesday,1,1.0,0.0,1.0,1.0,49.0,49.0,47.4,47.4,5.37,True
ea1d2589-4082-4dc2-959a-36d1fe170df1,Restaurant 1485,Philadelphia,NY,Seafood,4,Strong,2023-11-01,Thursday,1,1.0,0.0,1.0,1.0,14.0,14.0,34.88,34.88,6.64,True
d456ef09-40b6-4e63-be6e-36b3faa8782b,Restaurant 448,Philadelphia,NY,Sushi,2,Below Average,2022-12-01,Saturday,1,1.0,0.0,1.0,0.0,41.0,41.0,39.8,39.8,3.0,True
6652b67b-f609-4dfb-832f-f66d00bf8199,Restaurant 1534,Philadelphia,NY,Burgers,4,Strong,2024-02-01,Monday,1,1.0,0.0,1.0,1.0,13.0,13.0,22.92,22.92,6.79,True
3cdf47e2-378b-49af-b4d8-e50d8cc6e15a,Restaurant 471,Philadelphia,NY,Thai,2,Below Average,2023-08-01,Wednesday,1,1.0,0.0,1.0,1.0,28.0,28.0,39.3,39.3,7.64,True
ec7dadd1-ef65-44d3-a60c-b2d2664b97fb,Restaurant 482,Philadelphia,NY,Seafood,2,Below Average,2024-11-01,Saturday,1,1.0,0.0,1.0,1.0,53.0,53.0,8.0,8.0,3.99,True
2954edfc-6aee-4abc-98c8-6cb2420518ba,Restaurant 1569,Philadelphia,NY,Pizza,4,Strong,2022-08-01,Wednesday,2,2.0,0.0,1.0,0.5,27.0,38.2,51.51,25.76,4.51,True
aa743637-010b-4033-9774-3e2e956bf8b5,Restaurant 525,Philadelphia,NY,Thai,2,Below Average,2024-08-01,Friday,1,1.0,0.0,1.0,1.0,10.0,10.0,37.05,37.05,7.01,True
862a54b4-7ff5-45f3-9f0c-953a0e33aef4,Restaurant 1572,Philadelphia,NY,Burgers,4,Strong,2024-03-01,Tuesday,1,1.0,0.0,1.0,0.0,46.0,46.0,8.17,8.17,3.11,True
c634f514-ac1c-4260-b56f-22cef8c60fbe,Restaurant 1573,Philadelphia,NY,Thai,4,Strong,2022-09-01,Thursday,1,1.0,0.0,1.0,1.0,28.0,28.0,9.02,9.02,1.64,True
43b9b9bd-5ee1-416b-8d9f-041d4e762f71,Restaurant 1579,Philadelphia,NY,Thai,4,Strong,2024-01-01,Tuesday,1,1.0,0.0,1.0,0.0,43.0,43.0,19.58,19.58,3.42,True
2f817f00-6f17-4007-9a83-6f408dde3733,Restaurant 1591,Philadelphia,NY,Chinese,4,Strong,2024-06-01,Saturday,1,1.0,0.0,1.0,0.0,47.0,47.0,30.83,30.83,3.88,True
e28aee60-dc9f-4096-b135-c64361050bd8,Restaurant 567,Philadelphia,NY,Sushi,2,Below Average,2023-01-01,Sunday,1,1.0,0.0,1.0,0.0,52.0,52.0,18.49,18.49,6.14,True
c7dae061-4e20-4b09-8a64-bbdef93429bb,Restaurant 570,Philadelphia,NY,Burgers,2,Below Average,2023-03-01,Thursday,1,0.0,1.0,0.0,,,,35.1,35.1,5.92,True
ace9f434-cac5-4812-bfd9-871c0b363a0b,Restaurant 580,Philadelphia,NY,Coffee & Tea,2,Below Average,2023-08-01,Monday,1,1.0,0.0,1.0,0.0,41.0,41.0,12.14,12.14,7.38,True
8416128e-8127-4e26-b728-0374197fdb17,Restaurant 610,Philadelphia,NY,Chinese,2,Below Average,2022-11-01,Saturday,1,1.0,0.0,1.0,1.0,10.0,10.0,34.47,34.47,6.49,True
d4eee952-6069-46d0-a0d3-2142b6f8d900,Restaurant 1606,Philadelphia,NY,Coffee & Tea,5,Elite,2024-09-01,Tuesday,1,1.0,0.0,1.0,1.0,45.0,45.0,45.58,45.58,3.19,True
7fca1ce5-29e0-48d7-8563-3c66d2fc7754,Restaurant 616,Philadelphia,NY,Burgers,2,Below Average,2023-02-01,Thursday,1,1.0,0.0,1.0,0.0,37.0,37.0,8.0,8.0,4.75,True
42212f1b-f9b1-4ef9-b351-4fe5f5d68f5b,Restaurant 1608,Philadelphia,NY,Chinese,5,Elite,2024-12-01,Wednesday,1,1.0,0.0,1.0,1.0,26.0,26.0,18.91,18.91,5.06,True
62ae2b8a-f11d-4711-a2ae-3f025e299987,Restaurant 623,Philadelphia,NY,American (New),2,Below Average,2024-11-01,Thursday,1,1.0,0.0,1.0,1.0,11.0,11.0,59.78,59.78,2.25,True
55f1bf6b-991c-46d0-802f-5be749f4f705,Restaurant 1617,Philadelphia,NY,Thai,5,Elite,2024-02-01,Friday,1,1.0,0.0,1.0,1.0,37.0,37.0,22.33,22.33,5.45,True
37aca1fd-fdf9-4acc-8a17-363e7518565e,Restaurant 630,Philadelphia,NY,Seafood,2,Below Average,2024-01-01,Tuesday,1,1.0,0.0,1.0,1.0,13.0,13.0,29.8,29.8,1.87,True
125a6011-9e50-4dca-9f3d-5ee791dafc79,Restaurant 1633,Philadelphia,NY,Mexican,5,Elite,2023-07-01,Wednesday,1,1.0,0.0,1.0,1.0,27.0,27.0,40.51,40.51,2.97,True
a5f39c7d-a96f-43d0-ab8b-145403d850d6,Restaurant 671,Philadelphia,NY,Seafood,2,Below Average,2023-05-01,Sunday,1,1.0,0.0,1.0,1.0,10.0,10.0,23.07,23.07,3.0,True
878ba491-1624-47e0-86e9-4a5218748211,Restaurant 1638,Philadelphia,NY,Mexican,5,Elite,2023-04-01,Tuesday,1,1.0,0.0,1.0,0.0,46.0,46.0,35.91,35.91,5.36,True
6153cd4a-1c53-4bf8-8ca6-d7f2d5096151,Restaurant 1692,Philadelphia,NY,Sushi,5,Elite,2024-02-01,Monday,1,1.0,0.0,1.0,1.0,42.0,42.0,17.42,17.42,3.57,True
ee97d322-c143-4e9d-b557-376b193f7441,Restaurant 724,Philadelphia,NY,Burgers,2,Below Average,2022-07-01,Monday,1,1.0,0.0,1.0,1.0,27.0,27.0,22.08,22.08,4.61,True
11264f5b-26e6-45b1-88b4-67e23deb3a46,Restaurant 1721,Philadelphia,NY,Thai,5,Elite,2022-09-01,Thursday,1,1.0,0.0,1.0,1.0,23.0,23.0,50.55,50.55,4.78,True
5317d8c8-53d0-4405-b376-dfe0d224f6b9,Restaurant 1727,Philadelphia,NY,Pizza,5,Elite,2022-08-01,Thursday,1,1.0,0.0,1.0,1.0,23.0,23.0,31.52,31.52,3.01,True
5e0405cc-e039-43c1-9654-c2b16d645bd6,Restaurant 1733,Philadelphia,NY,Chinese,5,Elite,2023-06-01,Sunday,1,1.0,0.0,1.0,0.0,40.0,40.0,20.34,20.34,4.88,True
20191d69-1d79-4e4e-8a1b-96b778ba2eb2,Restaurant 1734,Philadelphia,NY,Sushi,5,Elite,2022-03-01,Thursday,1,1.0,0.0,1.0,0.0,40.0,40.0,32.04,32.04,2.37,True
02c4fa7d-b7ff-4a74-a580-63dfb288527d,Restaurant 797,Philadelphia,NY,Italian,2,Below Average,2023-09-01,Thursday,1,1.0,0.0,1.0,1.0,27.0,27.0,35.05,35.05,5.26,True
90aab484-493d-41d2-ac0f-c0bac804ee9f,Restaurant 802,Philadelphia,NY,Seafood,3,Average,2022-07-01,Monday,1,1.0,0.0,1.0,1.0,32.0,32.0,8.0,8.0,3.53,True
8d07db44-04fd-476a-9590-97fccab3e844,Restaurant 809,Philadelphia,NY,Coffee & Tea,3,Average,2022-03-01,Thursday,1,1.0,0.0,1.0,0.0,39.0,39.0,22.3,22.3,1.71,True
9599c638-49dd-46d8-84f9-8f916ca8ae36,Restaurant 810,Philadelphia,NY,Mexican,3,Average,2024-06-01,Monday,1,1.0,0.0,1.0,1.0,31.0,31.0,13.34,13.34,6.06,True
455969b1-2c40-40b5-8bc4-f678997233c2,Restaurant 811,Philadelphia,NY,Italian,3,Average,2022-07-01,Monday,1,1.0,0.0,1.0,0.0,58.0,58.0,10.42,10.42,7.94,True
46dfbcd2-f634-47ac-90bd-36d96f4c9cc3,Restaurant 1756,Philadelphia,NY,Seafood,5,Elite,2022-11-01,Thursday,1,1.0,0.0,1.0,0.0,35.0,35.0,47.73,47.73,6.4,True
3b8f2820-4b18-45f6-8a13-0bc9b5576a0d,Restaurant 836,Philadelphia,NY,Coffee & Tea,3,Average,2023-11-01,Thursday,1,1.0,0.0,1.0,0.0,29.0,29.0,28.07,28.07,7.49,True
8c336c58-76a2-4012-821c-b804b4f42843,Restaurant 839,Philadelphia,NY,Mexican,3,Average,2023-06-01,Monday,1,0.0,1.0,0.0,,,,19.91,19.91,5.5,True
a08276e4-7acc-4d1f-93df-07eb1e0a40c9,Restaurant 1767,Philadelphia,NY,Sushi,5,Elite,2022-05-01,Wednesday,1,1.0,0.0,1.0,1.0,41.0,41.0,39.34,39.34,1.56,True
8c6a6762-1042-4f85-a930-2a22a30e7e41,Restaurant 858,Philadelphia,NY,Sushi,3,Average,2022-04-01,Friday,1,1.0,0.0,1.0,1.0,46.0,46.0,31.81,31.81,3.0,True
5da2c863-e7fe-4da5-b849-dd39b5615e8d,Restaurant 1788,Philadelphia,NY,Burgers,5,Elite,2024-12-01,Wednesday,1,1.0,0.0,1.0,1.0,26.0,26.0,30.28,30.28,3.06,True
532b5dc6-cfaf-4ac2-a524-54e04c5e6913,Restaurant 876,Philadelphia,NY,Pizza,3,Average,2024-11-01,Friday,1,1.0,0.0,1.0,0.0,43.0,43.0,28.42,28.42,7.94,True
aa1121a3-be59-47f5-b669-73dd401b7500,Restaurant 1832,Philadelphia,NY,Seafood,5,Elite,2023-02-01,Saturday,1,1.0,0.0,1.0,1.0,35.0,35.0,22.16,22.16,6.71,True
7a88d7af-eb07-4444-931e-b37b1359be5f,Restaurant 910,Philadelphia,NY,Pizza,3,Average,2022-09-01,Sunday,1,1.0,0.0,1.0,0.0,54.0,54.0,12.9,12.9,7.19,True
c7a27ee0-b732-4fb4-8af4-f8c0997b6031,Restaurant 925,Philadelphia,NY,Burgers,3,Average,2022-01-01,Monday,1,1.0,0.0,1.0,1.0,17.0,17.0,25.72,25.72,1.67,True
ec5f75bb-f14b-4e7e-8a0f-75cdc2b8e8b5,Restaurant 1844,Philadelphia,NY,Sushi,5,Elite,2024-12-01,Thursday,2,2.0,0.0,1.0,0.5,39.0,54.2,26.8,13.4,5.84,True
d70e63b4-f274-41ca-be20-4cf6da687fd4,Restaurant 1863,Philadelphia,NY,Pizza,5,Elite,2022-07-01,Friday,1,1.0,0.0,1.0,0.0,41.0,41.0,34.84,34.84,7.44,True
a45ca8d9-e7fb-4f15-93a0-766d51c161b9,Restaurant 1869,Philadelphia,NY,American (New),5,Elite,2022-04-01,Tuesday,1,1.0,0.0,1.0,0.0,38.0,38.0,37.95,37.95,7.15,True
bf114da7-fb63-4a3b-97f2-a5a5d9afd9d6,Restaurant 939,Philadelphia,NY,Seafood,3,Average,2023-08-01,Tuesday,1,1.0,0.0,1.0,1.0,41.0,41.0,11.03,11.03,5.12,True
59e6ec97-61bc-425c-8997-b45e0cef93d1,Restaurant 1899,Philadelphia,NY,Coffee & Tea,5,Elite,2024-08-01,Sunday,1,1.0,0.0,1.0,0.0,51.0,51.0,12.43,12.43,5.96,True
eb080d94-7489-47cd-95e3-81a740994fee,Restaurant 948,Philadelphia,NY,Chinese,3,Average,2023-09-01,Friday,1,1.0,0.0,1.0,1.0,39.0,39.0,44.2,44.2,7.38,True
5f5eb29e-7f09-48e1-82ab-21228078a1be,Restaurant 1905,Philadelphia,NY,Burgers,5,Elite,2023-09-01,Friday,1,1.0,0.0,1.0,1.0,30.0,30.0,27.77,27.77,3.57,True
fe991fb6-987e-43db-bbb2-f6586e7cc7b9,Restaurant 959,Philadelphia,NY,Italian,3,Average,2022-01-01,Monday,1,1.0,0.0,1.0,0.0,47.0,47.0,29.47,29.47,7.98,True
b487508d-7795-4b27-84f4-d722cd847dfd,Restaurant 1930,Philadelphia,NY,American (New),5,Elite,2022-01-01,Sunday,1,1.0,0.0,1.0,1.0,33.0,33.0,41.52,41.52,6.0,True
54cea9be-2231-4833-9b70-066500231633,Restaurant 964,Philadelphia,NY,Seafood,3,Average,2022-03-01,Wednesday,1,1.0,0.0,1.0,0.0,57.0,57.0,19.19,19.19,1.72,True
b9b4fd91-f720-4dfa-9af5-1e741277731d,Restaurant 1945,Philadelphia,NY,Pizza,5,Elite,2024-05-01,Sunday,1,1.0,0.0,1.0,1.0,15.0,15.0,48.32,48.32,5.39,True
3b4af736-861d-4b49-9d92-10e75a3a23bf,Restaurant 1978,Philadelphia,NY,Sushi,5,Elite,2023-02-01,Wednesday,1,1.0,0.0,1.0,0.0,41.0,41.0,28.02,28.02,6.66,True
6cc9541b-be03-494c-a3a2-2ca8a4e403be,Restaurant 996,Philadelphia,NY,American (New),3,Average,2024-11-01,Friday,1,0.0,1.0,0.0,,,,36.96,36.96,2.83,True
990e4fbc-bea9-45c2-b137-c5a01a23070d,Restaurant 998,Philadelphia,NY,Burgers,3,Average,2022-06-01,Tuesday,1,0.0,1.0,0.0,,,,8.0,8.0,6.96,True
588252e0-9608-4573-be20-ef66d3a7473d,Restaurant 1004,Philadelphia,NY,Burgers,3,Average,2023-10-01,Sunday,1,1.0,0.0,1.0,1.0,38.0,38.0,29.1,29.1,6.64,True
859e8489-c9dc-45c2-9337-5d2d16b39129,Restaurant 0,Philadelphia,PA,Seafood,1,Low,2022-01-01,Monday,1,1.0,0.0,1.0,0.0,64.0,64.0,19.51,19.51,2.8,True
b3cc076c-17bb-4448-bc7d-5e051f6c9d05,Restaurant 1036,Philadelphia,PA,Coffee & Tea,3,Average,2024-06-01,Wednesday,1,1.0,0.0,1.0,0.0,69.0,69.0,17.68,17.68,6.92,True
40cef1ea-5719-460f-8c9e-41332dd5ceb5,Restaurant 1,Philadelphia,PA,American (New),1,Low,2022-06-01,Tuesday,1,1.0,0.0,1.0,0.0,48.0,48.0,22.55,22.55,7.41,True
a12a64a0-f929-4bcf-9556-30726ff78f01,Restaurant 31,Philadelphia,PA,Mexican,1,Low,2024-12-01,Sunday,1,1.0,0.0,1.0,1.0,29.0,29.0,21.39,21.39,4.83,True
059fb9bb-2f80-4abe-9be9-20619dc5cccd,Restaurant 1068,Philadelphia,PA,American (New),3,Average,2023-10-01,Monday,1,1.0,0.0,1.0,1.0,25.0,25.0,13.16,13.16,4.88,True
379f6bc5-5e9b-4e65-af45-d6afd1cd2b81,Restaurant 63,Philadelphia,PA,Coffee & Tea,1,Low,2022-02-01,Saturday,1,1.0,0.0,1.0,1.0,30.0,30.0,51.68,51.68,3.71,True
f302725f-3e99-4a64-8193-4fa68dfb2542,Restaurant 1102,Philadelphia,PA,Italian,3,Average,2024-10-01,Saturday,1,1.0,0.0,1.0,1.0,20.0,20.0,14.75,14.75,7.64,True
0a7f217f-1c94-46f8-bd93-83def3d00a8f,Restaurant 1109,Philadelphia,PA,Sushi,3,Average,2023-11-01,Monday,1,1.0,0.0,1.0,0.0,50.0,50.0,31.92,31.92,6.46,True
23a52345-31ad-4f02-b9c0-e8186775e859,Restaurant 108,Philadelphia,PA,Burgers,1,Low,2022-03-01,Friday,1,1.0,0.0,1.0,1.0,15.0,15.0,33.84,33.84,3.52,True
312586e7-d473-4d2e-a7ae-1c4a601b1e16,Restaurant 1128,Philadelphia,PA,Burgers,3,Average,2022-01-01,Saturday,1,1.0,0.0,1.0,1.0,26.0,26.0,26.7,26.7,3.85,True
0eab7582-b95e-43fb-9f25-12ed9500e955,Restaurant 1132,Philadelphia,PA,Burgers,3,Average,2024-06-01,Thursday,1,1.0,0.0,1.0,1.0,34.0,34.0,26.84,26.84,4.96,True
2d2e5725-578e-4882-9173-31b873e75b28,Restaurant 1142,Philadelphia,PA,Thai,3,Average,2024-01-01,Thursday,1,1.0,0.0,1.0,1.0,18.0,18.0,8.33,8.33,5.75,True
21263509-3a0b-4795-a346-7ae41cf67974,Restaurant 1156,Philadelphia,PA,Mexican,3,Average,2023-07-01,Sunday,1,1.0,0.0,1.0,1.0,37.0,37.0,8.0,8.0,4.01,True
ae7d5da4-5059-4759-9e69-433f1de9ba98,Restaurant 1159,Philadelphia,PA,Chinese,3,Average,2023-12-01,Friday,1,1.0,0.0,1.0,1.0,40.0,40.0,33.78,33.78,2.04,True
55d715ee-23e9-4d4e-8118-2663557cb27f,Restaurant 1170,Philadelphia,PA,Sushi,3,Average,2024-06-01,Tuesday,1,1.0,0.0,1.0,1.0,24.0,24.0,41.08,41.08,3.47,True
f1da8164-8760-47a9-8111-bcf1ee606ba3,Restaurant 150,Philadelphia,PA,Seafood,1,Low,2024-03-01,Saturday,1,1.0,0.0,1.0,1.0,25.0,25.0,10.05,10.05,2.25,True
48f02e2a-67ee-4063-8b47-a09a802ca40b,Restaurant 1199,Philadelphia,PA,Thai,3,Average,2022-12-01,Sunday,1,1.0,0.0,1.0,1.0,19.0,19.0,33.6,33.6,1.43,True
76443310-cc2b-4d72-9080-72be48b970fb,Restaurant 1200,Philadelphia,PA,Sushi,4,Strong,2023-12-01,Friday,1,1.0,0.0,1.0,0.0,69.0,69.0,8.0,8.0,7.22,True
578b3eac-363e-41f5-8e9d-10a9878fa709,Restaurant 1203,Philadelphia,PA,Sushi,4,Strong,2023-01-01,Saturday,1,1.0,0.0,1.0,0.0,53.0,53.0,30.87,30.87,4.41,True
fd2f7669-544e-4b1a-9812-5448e1800cc1,Restaurant 165,Philadelphia,PA,Mexican,1,Low,2022-04-01,Tuesday,1,1.0,0.0,1.0,0.0,53.0,53.0,21.92,21.92,6.3,True
210860b5-6a0a-428e-99b3-ecb3257024ba,Restaurant 173,Philadelphia,PA,Pizza,1,Low,2024-02-01,Saturday,1,1.0,0.0,1.0,1.0,24.0,24.0,27.24,27.24,2.38,True
fe9733f0-8e55-4d65-a146-bcb2484c30cb,Restaurant 180,Philadelphia,PA,Chinese,1,Low,2024-03-01,Sunday,1,1.0,0.0,1.0,1.0,11.0,11.0,10.38,10.38,6.04,True
b5606e4b-60f6-48e9-ac69-c1d8d4a44e80,Restaurant 1215,Philadelphia,PA,Italian,4,Strong,2022-09-01,Thursday,1,1.0,0.0,1.0,0.0,59.0,59.0,43.49,43.49,4.46,True
af8468a4-30bb-461b-8e81-867623dd6a66,Restaurant 188,Philadelphia,PA,Chinese,1,Low,2024-04-01,Wednesday,1,1.0,0.0,1.0,0.0,36.0,36.0,20.04,20.04,1.46,True
e146995b-fa5c-4338-b38c-43cf9ea70e2b,Restaurant 1233,Philadelphia,PA,Pizza,4,Strong,2023-01-01,Tuesday,1,1.0,0.0,1.0,1.0,31.0,31.0,18.3,18.3,2.79,True
1e0c843b-bdba-4dd4-a305-74303bac4eef,Restaurant 1262,Philadelphia,PA,Chinese,4,Strong,2023-09-01,Wednesday,1,1.0,0.0,1.0,1.0,22.0,22.0,47.07,47.07,4.21,True
ea894346-3083-48a4-91a5-1b9cf16c953b,Restaurant 1273,Philadelphia,PA,Pizza,4,Strong,2023-12-01,Tuesday,1,1.0,0.0,1.0,0.0,45.0,45.0,52.68,52.68,5.34,True
ac9944ad-382b-4167-9491-21e4402a2066,Restaurant 1277,Philadelphia,PA,Chinese,4,Strong,2023-04-01,Tuesday,1,1.0,0.0,1.0,1.0,42.0,42.0,39.62,39.62,2.37,True
2d774ff3-f056-4a09-82a3-570f35f79621,Restaurant 221,Philadelphia,PA,Burgers,1,Low,2022-05-01,Monday,1,1.0,0.0,1.0,0.0,41.0,41.0,40.17,40.17,3.05,True
3f96a85e-c90c-4670-970a-034799845a21,Restaurant 260,Philadelphia,PA,Mexican,1,Low,2022-07-01,Saturday,1,1.0,0.0,1.0,1.0,18.0,18.0,36.13,36.13,3.44,True
2ae0bcf3-cd33-40cd-aa41-c1a7fe0a967f,Restaurant 1284,Philadelphia,PA,Coffee & Tea,4,Strong,2022-04-01,Tuesday,1,1.0,0.0,1.0,0.0,52.0,52.0,34.72,34.72,6.74,True
b56a66f1-6a1d-48d0-b582-2b0468ac7e60,Restaurant 1295,Philadelphia,PA,Pizza,4,Strong,2023-01-01,Monday,1,1.0,0.0,1.0,0.0,49.0,49.0,39.25,39.25,6.83,True
352a8931-cee8-43b6-bfa5-f4ad5c9bfb69,Restaurant 344,Philadelphia,PA,Mexican,1,Low,2024-03-01,Sunday,1,1.0,0.0,1.0,1.0,19.0,19.0,46.92,46.92,5.92,True
720d1deb-906d-451e-94c9-107cec6cdf0a,Restaurant 1394,Philadelphia,PA,Thai,4,Strong,2022-01-01,Tuesday,1,0.0,1.0,0.0,,,,33.32,33.32,1.92,True
56878a9f-1465-4cc6-8efd-bdedf4c5b4cf,Restaurant 1395,Philadelphia,PA,Thai,4,Strong,2024-08-01,Thursday,1,1.0,0.0,1.0,0.0,44.0,44.0,25.26,25.26,2.13,True
8c0e0dbc-73b6-4b90-8c72-cbaab8192c55,Restaurant 388,Philadelphia,PA,Thai,1,Low,2023-07-01,Saturday,1,1.0,0.0,1.0,1.0,39.0,39.0,40.07,40.07,0.99,True
fc43590c-3a48-4750-a11b-f806ef228efa,Restaurant 1422,Philadelphia,PA,Sushi,4,Strong,2024-07-01,Saturday,1,1.0,0.0,1.0,1.0,20.0,20.0,16.34,16.34,5.29,True
0c9d0199-fe0f-4cc7-aa9a-55953f137425,Restaurant 1451,Philadelphia,PA,American (New),4,Strong,2022-10-01,Saturday,1,1.0,0.0,1.0,0.0,50.0,50.0,38.91,38.91,1.22,True
865988c1-50e6-444c-ac9f-aefb4bd5c988,Restaurant 1452,Philadelphia,PA,American (New),4,Strong,2023-07-01,Saturday,1,1.0,0.0,1.0,1.0,25.0,25.0,21.03,21.03,5.67,True
bc569aa2-3009-42f1-8dee-987680d3ca33,Restaurant 434,Philadelphia,PA,Sushi,2,Below Average,2023-03-01,Monday,1,1.0,0.0,1.0,1.0,27.0,27.0,19.17,19.17,5.48,True
0616afaf-dcdd-4e7d-8181-6c6fd8f47fe9,Restaurant 1475,Philadelphia,PA,Italian,4,Strong,2023-12-01,Sunday,1,1.0,0.0,1.0,1.0,36.0,36.0,14.13,14.13,1.18,True
c6224fc5-bb62-4943-80ba-02e68bb8b2a8,Restaurant 444,Philadelphia,PA,Coffee & Tea,2,Below Average,2024-02-01,Monday,1,1.0,0.0,1.0,1.0,40.0,40.0,10.15,10.15,1.27,True
d71d0f5f-bf20-4886-ac18-62db004062bf,Restaurant 1503,Philadelphia,PA,Chinese,4,Strong,2022-05-01,Tuesday,1,1.0,0.0,1.0,0.0,51.0,51.0,9.6,9.6,3.02,True
694469d4-76ee-490b-9786-4cce70a9d388,Restaurant 449,Philadelphia,PA,Coffee & Tea,2,Below Average,2023-03-01,Wednesday,1,1.0,0.0,1.0,1.0,19.0,19.0,20.99,20.99,5.18,True
b42ef8ab-9109-4404-adab-9510a5b1b78a,Restaurant 1544,Philadelphia,PA,Pizza,4,Strong,2023-12-01,Wednesday,1,1.0,0.0,1.0,1.0,43.0,43.0,35.01,35.01,4.74,True
7634650c-d7d5-4b95-8bf9-6214c323c454,Restaurant 512,Philadelphia,PA,Italian,2,Below Average,2024-12-01,Wednesday,1,1.0,0.0,1.0,0.0,49.0,49.0,18.38,18.38,3.71,True
b76c4138-0bca-4312-897f-b8622e94f02f,Restaurant 1567,Philadelphia,PA,Burgers,4,Strong,2022-10-01,Friday,1,1.0,0.0,1.0,1.0,29.0,29.0,42.12,42.12,5.15,True
037471d3-f709-4a65-8a32-25594bba08fa,Restaurant 542,Philadelphia,PA,Burgers,2,Below Average,2023-06-01,Tuesday,1,1.0,0.0,1.0,1.0,14.0,14.0,26.03,26.03,3.64,True
1192a2f7-1d33-43dd-9ab4-ba2ae4684056,Restaurant 550,Philadelphia,PA,Seafood,2,Below Average,2022-09-01,Tuesday,1,1.0,0.0,1.0,1.0,25.0,25.0,19.93,19.93,7.47,True
609fc121-e659-4979-ab19-a71fe76dd297,Restaurant 562,Philadelphia,PA,Pizza,2,Below Average,2023-04-01,Wednesday,1,0.0,1.0,0.0,,,,26.44,26.44,4.77,True
15cb2ecc-5e16-4a68-8e7c-d4dba86092c1,Restaurant 603,Philadelphia,PA,Mexican,2,Below Average,2022-07-01,Sunday,1,1.0,0.0,1.0,1.0,17.0,17.0,20.48,20.48,6.65,True
97b58304-f5c8-433a-b451-208b7b756c15,Restaurant 1594,Philadelphia,PA,Burgers,4,Strong,2024-02-01,Wednesday,1,1.0,0.0,1.0,0.0,42.0,42.0,28.8,28.8,3.33,True
ea625d9d-d935-473d-abce-c85a6d6f0da7,Restaurant 619,Philadelphia,PA,Italian,2,Below Average,2022-03-01,Saturday,1,1.0,0.0,1.0,1.0,29.0,29.0,52.92,52.92,3.05,True
e9d681fe-a73b-4733-a61b-acbfae329aeb,Restaurant 627,Philadelphia,PA,Coffee & Tea,2,Below Average,2024-03-01,Sunday,1,1.0,0.0,1.0,1.0,28.0,28.0,8.73,8.73,4.19,True
452407f9-b89d-4ac8-9dc2-03d9c18302bb,Restaurant 1626,Philadelphia,PA,Burgers,5,Elite,2024-06-01,Monday,1,1.0,0.0,1.0,1.0,45.0,45.0,36.23,36.23,5.38,True
a23bdf06-826b-46d3-aecf-fa30a6adb893,Restaurant 1628,Philadelphia,PA,Thai,5,Elite,2023-09-01,Monday,1,1.0,0.0,1.0,0.0,53.0,53.0,41.22,41.22,3.67,True
1234ab6e-407b-462a-9991-aa354e3916c8,Restaurant 1658,Philadelphia,PA,Burgers,5,Elite,2022-05-01,Tuesday,1,1.0,0.0,1.0,0.0,49.0,49.0,31.7,31.7,2.79,True
dd0deac7-f785-487f-bfb9-07e703ba337f,Restaurant 1664,Philadelphia,PA,Pizza,5,Elite,2023-12-01,Tuesday,1,1.0,0.0,1.0,1.0,54.0,54.0,34.84,34.84,2.26,True
2f88fc1e-6387-4360-b7f1-3dc02f540d91,Restaurant 1668,Philadelphia,PA,Italian,5,Elite,2023-08-01,Thursday,1,1.0,0.0,1.0,1.0,48.0,48.0,54.88,54.88,1.45,True
15e5f8a8-a5bb-4655-bac8-79a8a7705a9b,Restaurant 715,Philadelphia,PA,Pizza,2,Below Average,2022-12-01,Monday,1,1.0,0.0,1.0,1.0,17.0,17.0,23.91,23.91,1.53,True
bd2341f2-01fa-4d80-a040-b050330d13d4,Restaurant 1678,Philadelphia,PA,Burgers,5,Elite,2024-10-01,Friday,1,1.0,0.0,1.0,1.0,38.0,38.0,39.53,39.53,3.3,True
966ffa93-4e00-4238-84d3-eb99b7b8b574,Restaurant 1700,Philadelphia,PA,Mexican,5,Elite,2022-08-01,Sunday,1,1.0,0.0,1.0,1.0,29.0,29.0,48.72,48.72,5.74,True
80fa5fc6-09fd-427a-970e-8383d450afc8,Restaurant 725,Philadelphia,PA,Coffee & Tea,2,Below Average,2023-06-01,Tuesday,1,1.0,0.0,1.0,0.0,48.0,48.0,59.09,59.09,4.16,True
907086a2-cf58-43c1-8fa8-8d1779f622d2,Restaurant 1716,Philadelphia,PA,American (New),5,Elite,2024-04-01,Monday,1,1.0,0.0,1.0,0.0,38.0,38.0,26.88,26.88,5.11,True
a60b2ced-0120-45b6-bad7-333819ca5436,Restaurant 1720,Philadelphia,PA,Mexican,5,Elite,2022-01-01,Thursday,1,1.0,0.0,1.0,0.0,43.0,43.0,14.88,14.88,5.11,True
f4a76288-da53-439e-aa64-d1e98a00e26c,Restaurant 738,Philadelphia,PA,Burgers,2,Below Average,2024-05-01,Friday,1,1.0,0.0,1.0,0.0,53.0,53.0,38.25,38.25,3.4,True
eb46e11a-baba-4d61-bddc-1e9ebd2041a6,Restaurant 741,Philadelphia,PA,Thai,2,Below Average,2022-04-01,Sunday,1,1.0,0.0,1.0,1.0,30.0,30.0,34.82,34.82,1.97,True
044514f5-edb7-4ae4-8c09-f3d6bc986d99,Restaurant 1731,Philadelphia,PA,Coffee & Tea,5,Elite,2022-08-01,Monday,1,1.0,0.0,1.0,1.0,26.0,26.0,42.87,42.87,4.57,True
864250a8-30c8-41b0-ab9b-3a9e3b656bfc,Restaurant 798,Philadelphia,PA,Seafood,2,Below Average,2024-08-01,Thursday,1,1.0,0.0,1.0,1.0,52.0,52.0,31.36,31.36,6.47,True
1ff0321c-7fbe-4445-b1f0-4fa06ee52a6c,Restaurant 815,Philadelphia,PA,Italian,3,Average,2024-02-01,Thursday,1,1.0,0.0,1.0,1.0,35.0,35.0,16.23,16.23,7.3,True
89239dce-4113-4057-b918-d89f65a66bca,Restaurant 851,Philadelphia,PA,Burgers,3,Average,2022-10-01,Sunday,1,0.0,1.0,0.0,,,,53.98,53.98,3.65,True
19d8e326-57ae-4ac6-8d2f-75b70663f597,Restaurant 860,Philadelphia,PA,Pizza,3,Average,2022-01-01,Sunday,1,1.0,0.0,1.0,0.0,65.0,65.0,31.75,31.75,5.89,True
dbe58fa5-b956-40ae-9b69-4ab317374c20,Restaurant 1769,Philadelphia,PA,Seafood,5,Elite,2023-07-01,Thursday,1,1.0,0.0,1.0,1.0,45.0,45.0,33.89,33.89,7.56,True
435ebcce-d017-498f-bf72-6cd1350d218c,Restaurant 869,Philadelphia,PA,Coffee & Tea,3,Average,2023-12-01,Wednesday,1,1.0,0.0,1.0,1.0,13.0,13.0,54.03,54.03,4.32,True
89a84829-6b04-47b8-86c7-25e0f87d8bdf,Restaurant 1779,Philadelphia,PA,Italian,5,Elite,2024-08-01,Wednesday,1,1.0,0.0,1.0,0.0,25.0,25.0,38.46,38.46,4.85,True
0886f332-97bd-48a7-82b2-a51d36b96a6c,Restaurant 1789,Philadelphia,PA,Pizza,5,Elite,2024-12-01,Sunday,1,1.0,0.0,1.0,0.0,24.0,24.0,42.51,42.51,4.27,True
d7a8993e-9fb0-4cce-a638-5c0d6d8ab99d,Restaurant 1790,Philadelphia,PA,American (New),5,Elite,2023-11-01,Friday,1,1.0,0.0,1.0,1.0,12.0,12.0,29.01,29.01,3.23,True
b171a987-18e0-4143-a3ac-73f04e51154c,Restaurant 918,Philadelphia,PA,Pizza,3,Average,2024-03-01,Wednesday,1,1.0,0.0,1.0,1.0,12.0,12.0,52.24,52.24,2.48,True
b1718ddb-5b58-45ea-bdb8-d9f01304f55a,Restaurant 1841,Philadelphia,PA,Pizza,5,Elite,2024-02-01,Tuesday,1,1.0,0.0,1.0,1.0,38.0,38.0,36.49,36.49,5.83,True
1d944406-d9d7-4e0c-bcce-d0725f346f07,Restaurant 929,Philadelphia,PA,Sushi,3,Average,2023-05-01,Tuesday,1,1.0,0.0,1.0,1.0,34.0,34.0,42.92,42.92,1.53,True
1e1ef32b-759a-4e9a-affc-86b714303d5d,Restaurant 931,Philadelphia,PA,Pizza,3,Average,2023-04-01,Thursday,1,1.0,0.0,1.0,0.0,47.0,47.0,26.56,26.56,5.41,True
926c3f48-7732-457e-895f-7ada0b6f8e59,Restaurant 932,Philadelphia,PA,Coffee & Tea,3,Average,2024-02-01,Thursday,1,1.0,0.0,1.0,1.0,24.0,24.0,35.05,35.05,2.78,True
88cf80a0-e003-4353-996c-fe9db6da14ba,Restaurant 945,Philadelphia,PA,Sushi,3,Average,2024-01-01,Tuesday,1,1.0,0.0,1.0,1.0,37.0,37.0,56.09,56.09,2.07,True
c3d23fe5-7ef2-4c87-97c4-9a849ac6426f,Restaurant 1883,Philadelphia,PA,Seafood,5,Elite,2022-10-01,Sunday,1,1.0,0.0,1.0,0.0,48.0,48.0,27.28,27.28,4.33,True
6cf9feb9-6534-49f6-a7d0-efd9c0e448b6,Restaurant 949,Philadelphia,PA,Mexican,3,Average,2024-02-01,Tuesday,1,1.0,0.0,1.0,0.0,37.0,37.0,8.0,8.0,3.39,True
3b96a956-2372-42eb-9c4a-dbef13d98c9d,Restaurant 1926,Philadelphia,PA,Thai,5,Elite,2023-04-01,Thursday,1,1.0,0.0,1.0,1.0,35.0,35.0,29.52,29.52,3.36,True
930c80fa-74c9-4aab-a797-9e92b4e3e3ae,Restaurant 972,Philadelphia,PA,Seafood,3,Average,2023-04-01,Tuesday,1,1.0,0.0,1.0,0.0,30.0,30.0,15.68,15.68,1.43,True
7f61592d-36a4-4712-93f2-2bce3bf58a29,Restaurant 1937,Philadelphia,PA,Thai,5,Elite,2022-10-01,Sunday,1,1.0,0.0,1.0,0.0,37.0,37.0,8.0,8.0,4.06,True
a37a1be3-2ab8-4aa3-be3b-c506e45de798,Restaurant 995,Philadelphia,PA,Chinese,3,Average,2024-10-01,Thursday,1,1.0,0.0,1.0,1.0,20.0,20.0,61.51,61.51,6.16,True
7a9e7943-30f8-40ea-bd07-cfaff2bc5a8b,Restaurant 1012,Philadelphia,PA,Italian,3,Average,2023-02-01,Wednesday,1,1.0,0.0,1.0,1.0,36.0,36.0,15.11,15.11,7.96,True
73dc46bb-192a-49fb-8db0-c087ba1bc291,Restaurant 1997,Philadelphia,PA,Sushi,5,Elite,2024-04-01,Thursday,1,1.0,0.0,1.0,0.0,56.0,56.0,43.84,43.84,2.14,True
041225a4-95df-4e78-8d09-49e0bb132be5,Restaurant 13,Philadelphia,WA,Sushi,1,Low,2022-04-01,Thursday,1,1.0,0.0,1.0,1.0,37.0,37.0,39.55,39.55,1.29,True
db216414-7217-4143-a349-3f6300808c8f,Restaurant 51,Philadelphia,WA,American (New),1,Low,2022-04-01,Thursday,1,1.0,0.0,1.0,0.0,47.0,47.0,12.73,12.73,4.11,True
fbf6332c-31b4-4eac-97d8-a4d40398bb35,Restaurant 101,Philadelphia,WA,Pizza,1,Low,2022-03-01,Tuesday,1,1.0,0.0,1.0,1.0,35.0,35.0,20.91,20.91,5.27,True
e67626b2-2e08-4269-964d-83b426828f84,Restaurant 103,Philadelphia,WA,Mexican,1,Low,2022-12-01,Sunday,1,1.0,0.0,1.0,1.0,23.0,23.0,34.96,34.96,5.44,True
74e436ee-3905-4fbf-8069-1ccf413759b4,Restaurant 158,Philadelphia,WA,Chinese,1,Low,2024-07-01,Monday,1,1.0,0.0,1.0,1.0,35.0,35.0,50.4,50.4,6.17,True
7042bb49-2c25-4e1a-b1bb-dabc90a28a4d,Restaurant 159,Philadelphia,WA,Pizza,1,Low,2022-08-01,Monday,1,1.0,0.0,1.0,0.0,53.0,53.0,14.21,14.21,1.29,True
6a14b9dd-42e6-4dfd-945a-dbb1bd2807d5,Restaurant 170,Philadelphia,WA,Coffee & Tea,1,Low,2022-01-01,Monday,1,1.0,0.0,1.0,1.0,26.0,26.0,27.97,27.97,3.57,True
2128f213-de84-4c3a-ad1f-0f8a55599ffb,Restaurant 171,Philadelphia,WA,Thai,1,Low,2022-03-01,Wednesday,1,1.0,0.0,1.0,1.0,19.0,19.0,8.0,8.0,4.89,True
da5fa659-0076-4026-9d72-5e73d4143276,Restaurant 213,Philadelphia,WA,American (New),1,Low,2024-10-01,Tuesday,1,1.0,0.0,1.0,1.0,19.0,19.0,8.0,8.0,6.03,True
216689e2-4041-4899-a989-df3f73debd27,Restaurant 218,Philadelphia,WA,Sushi,1,Low,2023-10-01,Saturday,1,1.0,0.0,1.0,1.0,39.0,39.0,34.76,34.76,5.51,True
77c8f5c6-d153-453c-bac1-704982e849dd,Restaurant 242,Philadelphia,WA,Seafood,1,Low,2023-10-01,Wednesday,1,1.0,0.0,1.0,0.0,42.0,42.0,44.95,44.95,3.87,True
1450b992-ae40-4f08-ac9b-181ed7f32aba,Restaurant 336,Philadelphia,WA,Italian,1,Low,2022-11-01,Tuesday,1,0.0,1.0,0.0,,,,11.72,11.72,3.37,True
ff1307a7-d9b3-4b73-a5dc-1051b1a8bf30,Restaurant 440,Philadelphia,WA,Coffee & Tea,2,Below Average,2022-04-01,Thursday,1,1.0,0.0,1.0,1.0,24.0,24.0,54.02,54.02,7.76,True
dc9b7df1-239b-45c1-9adf-3c426381fabc,Restaurant 453,Philadelphia,WA,Mexican,2,Below Average,2024-07-01,Tuesday,1,1.0,0.0,1.0,1.0,24.0,24.0,14.61,14.61,1.2,True
e82eeb1d-e380-423f-90e9-52321873308f,Restaurant 455,Philadelphia,WA,Burgers,2,Below Average,2024-06-01,Friday,1,1.0,0.0,1.0,1.0,32.0,32.0,42.5,42.5,2.66,True
4ae2a95c-4f3f-4078-a542-685cc396e39a,Restaurant 465,Philadelphia,WA,American (New),2,Below Average,2022-08-01,Sunday,1,1.0,0.0,1.0,1.0,21.0,21.0,27.16,27.16,6.04,True
c0689d68-05eb-4dd7-ad09-9a15432b44a0,Restaurant 474,Philadelphia,WA,American (New),2,Below Average,2024-10-01,Monday,1,1.0,0.0,1.0,1.0,34.0,34.0,35.13,35.13,3.74,True
b0d9e6a3-fec2-4d19-b119-a681f182e368,Restaurant 480,Philadelphia,WA,Mexican,2,Below Average,2024-07-01,Thursday,1,1.0,0.0,1.0,0.0,39.0,39.0,41.9,41.9,2.68,True
ff3dbb94-2645-4dec-b2b4-07da65b8a7cc,Restaurant 515,Philadelphia,WA,Pizza,2,Below Average,2023-08-01,Friday,1,1.0,0.0,1.0,1.0,22.0,22.0,23.8,23.8,5.86,True
c8cb2c71-17f7-4a0a-bc27-cee8bed2dc18,Restaurant 523,Philadelphia,WA,Chinese,2,Below Average,2023-11-01,Friday,1,1.0,0.0,1.0,1.0,20.0,20.0,67.0,67.0,3.71,True
a1adf48d-e0a0-4e19-90b8-607a4613fdc2,Restaurant 524,Philadelphia,WA,Coffee & Tea,2,Below Average,2024-01-01,Monday,1,1.0,0.0,1.0,1.0,24.0,24.0,16.88,16.88,7.59,True
72eed0c7-ee34-407a-b310-8a3ec47acf3d,Restaurant 537,Philadelphia,WA,Chinese,2,Below Average,2022-04-01,Monday,1,1.0,0.0,1.0,0.0,42.0,42.0,12.56,12.56,4.39,True
4b6ff088-0d1b-42b7-9955-1b9401cc3717,Restaurant 578,Philadelphia,WA,American (New),2,Below Average,2023-07-01,Thursday,1,1.0,0.0,1.0,1.0,22.0,22.0,36.81,36.81,5.43,True
c46d381c-28e1-4ad1-a90f-63d75b58b38e,Restaurant 646,Philadelphia,WA,Mexican,2,Below Average,2023-02-01,Friday,1,1.0,0.0,1.0,0.0,52.0,52.0,61.96,61.96,4.15,True
99bc508f-4b7d-4bbd-b8be-e4182a349f8c,Restaurant 650,Philadelphia,WA,Pizza,2,Below Average,2024-10-01,Thursday,1,1.0,0.0,1.0,1.0,37.0,37.0,38.97,38.97,4.53,True
fcb504fc-e95f-48f3-94f6-b9bdd4982c20,Restaurant 693,Philadelphia,WA,Pizza,2,Below Average,2022-06-01,Wednesday,1,1.0,0.0,1.0,1.0,27.0,27.0,8.0,8.0,3.51,True
e4a666aa-a07f-4de0-bb19-4508fa0d339f,Restaurant 703,Philadelphia,WA,Coffee & Tea,2,Below Average,2023-08-01,Monday,1,1.0,0.0,1.0,1.0,14.0,14.0,32.3,32.3,5.39,True
8a0e4abe-d4d7-45a7-8f90-dc4234226a9b,Restaurant 744,Philadelphia,WA,Thai,2,Below Average,2024-04-01,Thursday,1,1.0,0.0,1.0,0.0,46.0,46.0,44.99,44.99,4.95,True
cb85f43d-63eb-4f41-b7ce-4f6f8ede540c,Restaurant 762,Philadelphia,WA,American (New),2,Below Average,2022-07-01,Friday,1,1.0,0.0,1.0,1.0,22.0,22.0,8.0,8.0,7.86,True
65432ce1-fe52-4c25-8191-61ed50e30362,Restaurant 774,Philadelphia,WA,Chinese,2,Below Average,2024-08-01,Saturday,1,1.0,0.0,1.0,0.0,43.0,43.0,23.16,23.16,3.13,True
113220c4-00e0-45bd-8d58-83298022a8cc,Restaurant 794,Philadelphia,WA,Italian,2,Below Average,2023-03-01,Tuesday,1,1.0,0.0,1.0,1.0,31.0,31.0,31.34,31.34,5.95,True
f1e5f1da-0c12-4b59-bb65-f65e66a99689,Restaurant 803,Philadelphia,WA,Burgers,3,Average,2024-07-01,Friday,1,1.0,0.0,1.0,1.0,31.0,31.0,10.21,10.21,2.68,True
97a955e0-c8cb-4cfd-b07f-a9912ccd0557,Restaurant 880,Philadelphia,WA,Chinese,3,Average,2024-05-01,Saturday,1,1.0,0.0,1.0,1.0,43.0,43.0,45.86,45.86,6.54,True
bac0805e-3789-40fa-ab31-6e235ba3996d,Restaurant 923,Philadelphia,WA,Pizza,3,Average,2024-03-01,Sunday,1,1.0,0.0,1.0,0.0,44.0,44.0,41.15,41.15,3.16,True
ed2b7395-5030-43c2-a871-8a9d4b58081a,Restaurant 935,Philadelphia,WA,Thai,3,Average,2024-03-01,Monday,1,1.0,0.0,1.0,1.0,29.0,29.0,35.49,35.49,7.2,True
1891ca52-a128-4079-9e25-a99ba500b733,Restaurant 938,Philadelphia,WA,Sushi,3,Average,2022-07-01,Saturday,1,0.0,1.0,0.0,,,,48.36,48.36,5.36,True
188181c3-f32a-482f-8310-f4d562340405,Restaurant 943,Philadelphia,WA,Mexican,3,Average,2024-12-01,Sunday,1,1.0,0.0,1.0,1.0,56.0,56.0,39.87,39.87,4.89,True
329e7064-8b48-4885-b9d6-112afac7b55c,Restaurant 1049,Philadelphia,WA,Pizza,3,Average,2024-12-01,Tuesday,1,1.0,0.0,1.0,1.0,24.0,24.0,49.73,49.73,7.29,True
60ab67b9-0ab8-4314-93a3-6389c84d5ab3,Restaurant 1061,Philadelphia,WA,Seafood,3,Average,2024-01-01,Tuesday,1,0.0,1.0,0.0,,,,35.43,35.43,3.27,True
6f5d1897-4083-4efb-a148-ba7d73357922,Restaurant 1066,Philadelphia,WA,Sushi,3,Average,2023-12-01,Monday,1,1.0,0.0,1.0,1.0,21.0,21.0,23.17,23.17,6.53,True
b298da43-3678-4e5c-b7cb-cfd1f21e8197,Restaurant 1095,Philadelphia,WA,Pizza,3,Average,2022-05-01,Sunday,1,1.0,0.0,1.0,1.0,30.0,30.0,61.14,61.14,5.96,True
30e775f8-8f19-46a4-8e36-914e5643e99c,Restaurant 1119,Philadelphia,WA,Chinese,3,Average,2023-09-01,Sunday,1,1.0,0.0,1.0,1.0,10.0,10.0,18.87,18.87,2.67,True
a6c321e6-6af2-431d-960a-89b09dc596c5,Restaurant 1224,Philadelphia,WA,Coffee & Tea,4,Strong,2023-06-01,Saturday,1,0.0,1.0,0.0,,,,27.01,27.01,2.77,True
a3e7344a-e7b0-46d4-b07c-12419d580c7e,Restaurant 1301,Philadelphia,WA,Thai,4,Strong,2022-03-01,Friday,1,1.0,0.0,1.0,1.0,40.0,40.0,29.95,29.95,1.29,True
4d311a4d-1ef2-4cb3-bf60-ecc9f8e63b21,Restaurant 1307,Philadelphia,WA,Italian,4,Strong,2022-10-01,Monday,1,1.0,0.0,1.0,1.0,24.0,24.0,42.11,42.11,2.34,True
6141c8ff-5e91-4d45-8363-33562058f1d0,Restaurant 1325,Philadelphia,WA,Thai,4,Strong,2022-07-01,Saturday,1,1.0,0.0,1.0,1.0,50.0,50.0,33.67,33.67,4.18,True
04f509d0-9f45-4f5d-9ceb-9e07e997b78e,Restaurant 1352,Philadelphia,WA,Pizza,4,Strong,2024-03-01,Friday,1,1.0,0.0,1.0,1.0,42.0,42.0,25.13,25.13,5.97,True
6a249cce-a90e-4d90-b9d5-1f5dd3b1a6aa,Restaurant 1353,Philadelphia,WA,Coffee & Tea,4,Strong,2024-03-01,Monday,1,1.0,0.0,1.0,1.0,16.0,16.0,8.0,8.0,4.82,True
c79b6a82-fc7a-4bad-be32-792c778f8055,Restaurant 1359,Philadelphia,WA,Sushi,4,Strong,2022-06-01,Wednesday,1,1.0,0.0,1.0,0.0,51.0,51.0,40.46,40.46,6.79,True
2200b213-7fc6-43c2-9f91-76746b5da9d4,Restaurant 1368,Philadelphia,WA,Chinese,4,Strong,2023-09-01,Tuesday,1,1.0,0.0,1.0,1.0,35.0,35.0,52.4,52.4,4.9,True
771d089e-5466-4394-9774-5bf708797842,Restaurant 1386,Philadelphia,WA,Italian,4,Strong,2024-10-01,Sunday,1,1.0,0.0,1.0,1.0,36.0,36.0,10.08,10.08,6.91,True
e2f805ca-ad75-4494-b972-a736717a283f,Restaurant 1429,Philadelphia,WA,Burgers,4,Strong,2023-10-01,Sunday,1,1.0,0.0,1.0,1.0,16.0,16.0,22.54,22.54,7.61,True
6932226a-19e1-4533-b76f-39bf0459534a,Restaurant 1432,Philadelphia,WA,Mexican,4,Strong,2024-01-01,Monday,1,1.0,0.0,1.0,1.0,38.0,38.0,22.38,22.38,1.12,True
36630652-4757-4567-9cdf-8f5b45557f44,Restaurant 1477,Philadelphia,WA,Italian,4,Strong,2022-10-01,Thursday,1,1.0,0.0,1.0,1.0,29.0,29.0,12.43,12.43,5.93,True
897c6b39-e675-4dc0-a4e5-46fce9adc92d,Restaurant 1482,Philadelphia,WA,Sushi,4,Strong,2022-06-01,Friday,1,1.0,0.0,1.0,1.0,34.0,34.0,36.85,36.85,3.2,True
145c69c7-29a0-40ee-8d02-95ab6bf46c9e,Restaurant 1505,Philadelphia,WA,Thai,4,Strong,2024-07-01,Tuesday,1,0.0,1.0,0.0,,,,35.26,35.26,1.91,True
40a5beea-6780-4476-8013-20dfacfc117a,Restaurant 1519,Philadelphia,WA,Burgers,4,Strong,2023-02-01,Tuesday,1,1.0,0.0,1.0,1.0,33.0,33.0,18.9,18.9,4.41,True
5322436e-f142-4841-9478-7c5d238dacbb,Restaurant 1540,Philadelphia,WA,Italian,4,Strong,2022-01-01,Wednesday,1,1.0,0.0,1.0,1.0,17.0,17.0,53.95,53.95,4.86,True
d3edcee4-ebd7-4e14-bd1f-5937bc3cc211,Restaurant 1566,Philadelphia,WA,Pizza,4,Strong,2022-09-01,Sunday,1,1.0,0.0,1.0,0.0,47.0,47.0,15.33,15.33,1.57,True
759d4d34-88f8-4151-b2cd-b4f6a75c1cdd,Restaurant 1577,Philadelphia,WA,Thai,4,Strong,2022-03-01,Wednesday,1,1.0,0.0,1.0,1.0,40.0,40.0,39.13,39.13,1.55,True
9e2a4f1e-b7b1-42b9-a92d-0e65fc927cb6,Restaurant 1587,Philadelphia,WA,Thai,4,Strong,2023-06-01,Thursday,1,1.0,0.0,1.0,0.0,47.0,47.0,22.54,22.54,2.55,True
6c64d407-4b6a-4e13-9c95-a763ed98b260,Restaurant 1639,Philadelphia,WA,Mexican,5,Elite,2022-06-01,Tuesday,1,1.0,0.0,1.0,1.0,10.0,10.0,8.0,8.0,2.3,True
d71482aa-0d9e-4360-8992-3eab6a40e50d,Restaurant 1653,Philadelphia,WA,American (New),5,Elite,2022-10-01,Saturday,1,1.0,0.0,1.0,0.0,47.0,47.0,37.3,37.3,2.65,True
17e18527-ce74-4867-9e88-9018fed493c3,Restaurant 1670,Philadelphia,WA,Chinese,5,Elite,2023-05-01,Thursday,1,1.0,0.0,1.0,1.0,43.0,43.0,8.0,8.0,7.76,True
c7b01f6b-88c2-431d-9f58-cd2b1f9352d7,Restaurant 1689,Philadelphia,WA,Seafood,5,Elite,2022-02-01,Sunday,1,1.0,0.0,1.0,1.0,36.0,36.0,63.52,63.52,4.63,True
fe744ad3-3023-4fc7-b72f-43f7e015b764,Restaurant 1708,Philadelphia,WA,Coffee & Tea,5,Elite,2023-07-01,Tuesday,1,1.0,0.0,1.0,1.0,36.0,36.0,10.68,10.68,7.93,True
dbdd8700-4315-45f7-9787-ba083cc18cdc,Restaurant 1715,Philadelphia,WA,American (New),5,Elite,2024-07-01,Saturday,1,1.0,0.0,1.0,0.0,50.0,50.0,8.0,8.0,5.92,True
5c76f01b-cdd1-4c2f-bb23-581dce161f86,Restaurant 1722,Philadelphia,WA,Thai,5,Elite,2022-12-01,Friday,1,1.0,0.0,1.0,0.0,36.0,36.0,8.0,8.0,3.81,True
c3141098-f7e6-4620-bb43-ad948f4ede14,Restaurant 1786,Philadelphia,WA,Pizza,5,Elite,2023-06-01,Sunday,1,1.0,0.0,1.0,1.0,17.0,17.0,8.0,8.0,5.07,True
edf19b2a-4c60-445c-9f87-214b85a41e4b,Restaurant 1808,Philadelphia,WA,Chinese,5,Elite,2024-11-01,Friday,1,1.0,0.0,1.0,1.0,31.0,31.0,30.24,30.24,2.26,True
ea1f0a2b-ce6e-4c5f-a360-b1dcafe7b5f4,Restaurant 1839,Philadelphia,WA,Pizza,5,Elite,2024-09-01,Sunday,1,1.0,0.0,1.0,1.0,13.0,13.0,27.87,27.87,5.31,True
3cdceb4f-1a00-4e56-9ad0-1c8a9c0cbfd9,Restaurant 1847,Philadelphia,WA,Seafood,5,Elite,2023-03-01,Thursday,1,1.0,0.0,1.0,1.0,33.0,33.0,42.59,42.59,2.78,True
3408e807-ef69-4f3f-99db-e52f344a5898,Restaurant 1890,Philadelphia,WA,Mexican,5,Elite,2024-10-01,Friday,1,0.0,1.0,0.0,,,,26.95,26.95,4.06,True
b23a28d6-3e8a-46b2-a36a-a58b7b6c3bd7,Restaurant 1928,Philadelphia,WA,Pizza,5,Elite,2024-10-01,Thursday,1,1.0,0.0,1.0,0.0,47.0,47.0,46.0,46.0,6.41,True
a14be992-9251-4871-bba6-babba45ba841,Restaurant 1957,Philadelphia,WA,Burgers,5,Elite,2023-08-01,Sunday,1,1.0,0.0,1.0,1.0,37.0,37.0,33.37,33.37,6.2,True
d1b7b24b-4641-450e-b4e8-47092e175290,Restaurant 22,Philadelphia,AZ,Burgers,1,Low,2022-11-01,Thursday,1,1.0,0.0,1.0,1.0,16.0,16.0,27.16,27.16,7.49,True
77cec5eb-981c-4dad-833f-7d9890102f9d,Restaurant 55,Philadelphia,AZ,Coffee & Tea,1,Low,2024-04-01,Tuesday,1,1.0,0.0,1.0,0.0,59.0,59.0,22.41,22.41,6.87,True
c53ec9c4-3f6d-45d9-bbc2-96629c14acb8,Restaurant 60,Philadelphia,AZ,Seafood,1,Low,2023-08-01,Friday,1,1.0,0.0,1.0,0.0,57.0,57.0,12.5,12.5,3.41,True
591d6f4c-e48f-4789-9caf-0c027e3804ce,Restaurant 73,Philadelphia,AZ,Coffee & Tea,1,Low,2024-09-01,Wednesday,1,1.0,0.0,1.0,1.0,26.0,26.0,44.17,44.17,3.61,True
e5f87447-42f7-4a39-9ffd-f9f7857fb524,Restaurant 79,Philadelphia,AZ,Sushi,1,Low,2022-02-01,Saturday,1,1.0,0.0,1.0,1.0,23.0,23.0,30.72,30.72,6.41,True
972887eb-5efa-4e42-a7a0-cb0ab25f0026,Restaurant 144,Philadelphia,AZ,Pizza,1,Low,2023-04-01,Monday,1,1.0,0.0,1.0,1.0,41.0,41.0,16.59,16.59,1.23,True
755fb9ed-1fcd-4d30-9d0f-4f41fa9f87ea,Restaurant 175,Philadelphia,AZ,American (New),1,Low,2024-08-01,Friday,1,0.0,1.0,0.0,,,,39.41,39.41,7.58,True
4d2a434a-a9bb-4fb8-b01f-5fe4ae326d57,Restaurant 204,Philadelphia,AZ,Burgers,1,Low,2022-11-01,Sunday,1,1.0,0.0,1.0,1.0,29.0,29.0,38.35,38.35,6.91,True
4e083304-68b7-466b-83e1-8d5b67967bc0,Restaurant 257,Philadelphia,AZ,American (New),1,Low,2022-07-01,Tuesday,1,1.0,0.0,1.0,1.0,26.0,26.0,17.08,17.08,7.72,True
331e5f36-037e-44df-a3bf-55f8282b7d13,Restaurant 361,Philadelphia,AZ,Burgers,1,Low,2024-02-01,Monday,1,1.0,0.0,1.0,1.0,20.0,20.0,8.0,8.0,7.72,True
fb1b05aa-5b04-4b70-908e-ee87d07e747b,Restaurant 371,Philadelphia,AZ,Chinese,1,Low,2023-01-01,Thursday,1,1.0,0.0,1.0,1.0,35.0,35.0,18.56,18.56,7.68,True
35a4701d-9d43-4dad-8efb-48cf44dacd42,Restaurant 404,Philadelphia,AZ,Thai,2,Below Average,2022-11-01,Wednesday,2,2.0,0.0,1.0,1.0,24.5,36.1,46.1,23.05,10.24,True
c758c09e-f198-43af-aba4-fecd75f2035d,Restaurant 408,Philadelphia,AZ,Pizza,2,Below Average,2024-01-01,Sunday,1,1.0,0.0,1.0,0.0,41.0,41.0,25.17,25.17,6.08,True
edb869e1-37e8-4ad5-a0cc-7b49499766df,Restaurant 427,Philadelphia,AZ,Italian,2,Below Average,2024-12-01,Saturday,1,1.0,0.0,1.0,1.0,32.0,32.0,12.99,12.99,1.23,True
58bacc4c-bb18-4de4-86c4-324ce6dfa5b5,Restaurant 633,Philadelphia,AZ,Pizza,2,Below Average,2023-03-01,Thursday,1,1.0,0.0,1.0,1.0,44.0,44.0,35.13,35.13,7.43,True
c98e2d4e-6ae8-4bd0-92f9-59e7627569b5,Restaurant 657,Philadelphia,AZ,Coffee & Tea,2,Below Average,2022-10-01,Saturday,1,1.0,0.0,1.0,1.0,31.0,31.0,23.24,23.24,7.36,True
ed62a955-3f64-4b53-8156-6e46d7e34c36,Restaurant 690,Philadelphia,AZ,Italian,2,Below Average,2024-06-01,Sunday,1,1.0,0.0,1.0,0.0,49.0,49.0,50.36,50.36,6.43,True
9344a4c8-8e8f-4f3f-9fc1-58ddb03f82a8,Restaurant 719,Philadelphia,AZ,Chinese,2,Below Average,2024-05-01,Thursday,1,1.0,0.0,1.0,0.0,61.0,61.0,38.2,38.2,4.51,True
58bc29bb-3f64-45ea-b538-697f54f4a7bf,Restaurant 795,Philadelphia,AZ,Coffee & Tea,2,Below Average,2022-12-01,Sunday,1,1.0,0.0,1.0,1.0,46.0,46.0,43.16,43.16,5.34,True
ca6eba6e-1732-47e7-8fb8-05312b9bcabd,Restaurant 821,Philadelphia,AZ,Sushi,3,Average,2024-09-01,Saturday,1,0.0,1.0,0.0,,,,20.54,20.54,5.4,True
4da48650-7f7b-4754-97b8-84c85d91cda7,Restaurant 828,Philadelphia,AZ,Burgers,3,Average,2022-06-01,Friday,1,1.0,0.0,1.0,1.0,25.0,25.0,16.75,16.75,7.88,True
a5a9932e-f5ee-4c1e-b9da-61f6f3cb6378,Restaurant 837,Philadelphia,AZ,Thai,3,Average,2022-08-01,Saturday,1,1.0,0.0,1.0,0.0,55.0,55.0,30.07,30.07,4.38,True
6822d6f3-d1a8-4a5d-afd8-c1d43a5890cd,Restaurant 864,Philadelphia,AZ,Coffee & Tea,3,Average,2024-06-01,Monday,1,1.0,0.0,1.0,1.0,30.0,30.0,33.04,33.04,3.94,True
ea3d7242-1e0a-42cd-9ea2-53ade29d6b4e,Restaurant 951,Philadelphia,AZ,Italian,3,Average,2023-03-01,Sunday,1,1.0,0.0,1.0,0.0,58.0,58.0,8.0,8.0,3.48,True
7639f7c7-098c-4d62-b48e-d3880e1270d3,Restaurant 976,Philadelphia,AZ,American (New),3,Average,2022-10-01,Friday,1,1.0,0.0,1.0,0.0,22.0,22.0,19.1,19.1,4.57,True
12449516-8eda-4310-b182-e978e0642282,Restaurant 1015,Philadelphia,AZ,Sushi,3,Average,2024-01-01,Monday,1,1.0,0.0,1.0,1.0,29.0,29.0,34.39,34.39,5.51,True
5d47aff6-b2df-45a3-9057-e3ef8efbb33f,Restaurant 1023,Philadelphia,AZ,Coffee & Tea,3,Average,2022-01-01,Thursday,1,1.0,0.0,1.0,0.0,49.0,49.0,16.71,16.71,6.8,True
f9fb31b0-68aa-46e7-8742-e1a42b9f7cb8,Restaurant 1038,Philadelphia,AZ,Mexican,3,Average,2023-12-01,Sunday,1,1.0,0.0,1.0,1.0,48.0,48.0,17.86,17.86,2.89,True
23d4f074-c094-4741-a523-b2fa964b54f9,Restaurant 1150,Philadelphia,AZ,Burgers,3,Average,2024-09-01,Monday,1,1.0,0.0,1.0,1.0,44.0,44.0,33.6,33.6,1.39,True
32cea1a5-5839-46e8-a7c5-a6b5400897cb,Restaurant 1163,Philadelphia,AZ,American (New),3,Average,2024-08-01,Saturday,1,1.0,0.0,1.0,0.0,33.0,33.0,15.03,15.03,1.14,True
ce0b1f70-0bb1-4c18-9dc2-b5439ef60c1a,Restaurant 1192,Philadelphia,AZ,Italian,3,Average,2022-02-01,Wednesday,1,1.0,0.0,1.0,1.0,44.0,44.0,54.29,54.29,4.45,True
64a33811-deac-463c-9e83-7c4bdb422034,Restaurant 1229,Philadelphia,AZ,Seafood,4,Strong,2022-08-01,Wednesday,1,1.0,0.0,1.0,1.0,19.0,19.0,38.14,38.14,3.39,True
bd1132d2-08c1-494f-bc6f-82a12838881e,Restaurant 1248,Philadelphia,AZ,Seafood,4,Strong,2024-12-01,Wednesday,1,1.0,0.0,1.0,0.0,62.0,62.0,31.5,31.5,7.77,True
15f7afdd-2f0b-4288-bc53-243e0228720b,Restaurant 1264,Philadelphia,AZ,Coffee & Tea,4,Strong,2022-08-01,Wednesday,1,1.0,0.0,1.0,1.0,35.0,35.0,15.21,15.21,6.16,True
d9dbed11-36ab-48ae-aa8e-6e7e69ec58d6,Restaurant 1330,Philadelphia,AZ,Mexican,4,Strong,2024-12-01,Thursday,1,1.0,0.0,1.0,0.0,45.0,45.0,37.79,37.79,4.43,True
b7d30ad8-04a0-4b83-b31c-9f48a1c1086b,Restaurant 1416,Philadelphia,AZ,Seafood,4,Strong,2022-11-01,Thursday,1,1.0,0.0,1.0,1.0,34.0,34.0,23.96,23.96,1.15,True
71895e3a-9fce-476d-a163-6b93020d207a,Restaurant 1428,Philadelphia,AZ,Italian,4,Strong,2024-03-01,Friday,1,1.0,0.0,1.0,1.0,15.0,15.0,8.04,8.04,5.85,True
49f41eac-97cc-4967-8673-3aa31e2cfc99,Restaurant 1433,Philadelphia,AZ,Coffee & Tea,4,Strong,2023-12-01,Saturday,1,1.0,0.0,1.0,1.0,31.0,31.0,33.11,33.11,1.69,True
06faa0f3-0587-4f11-b6b5-9e1145227000,Restaurant 1465,Philadelphia,AZ,Chinese,4,Strong,2024-09-01,Saturday,1,1.0,0.0,1.0,1.0,30.0,30.0,22.08,22.08,2.3,True
6e2518b1-a6a5-4eb5-aa21-6623cec2a451,Restaurant 1530,Philadelphia,AZ,Burgers,4,Strong,2024-11-01,Saturday,1,1.0,0.0,1.0,1.0,22.0,22.0,37.97,37.97,4.45,True
442a6be0-8e3c-49b9-849d-2a4583d6381d,Restaurant 1560,Philadelphia,AZ,Chinese,4,Strong,2022-06-01,Tuesday,1,1.0,0.0,1.0,0.0,37.0,37.0,63.05,63.05,3.81,True
b3521046-c57d-4dae-95c2-e9144041ab52,Restaurant 1580,Philadelphia,AZ,American (New),4,Strong,2023-11-01,Friday,1,1.0,0.0,1.0,1.0,45.0,45.0,8.0,8.0,6.95,True
ffd216cb-0413-4779-a2c4-8aa74e39ec4e,Restaurant 1666,Philadelphia,AZ,Sushi,5,Elite,2024-01-01,Saturday,1,1.0,0.0,1.0,0.0,34.0,34.0,8.0,8.0,1.55,True
50cff78b-74fd-420c-b5fb-700c125e9c8f,Restaurant 1688,Philadelphia,AZ,Seafood,5,Elite,2022-01-01,Sunday,1,1.0,0.0,1.0,1.0,13.0,13.0,24.98,24.98,1.92,True
438ab3c1-c8ca-4eb9-91f8-cde2979b042c,Restaurant 1737,Philadelphia,AZ,Sushi,5,Elite,2022-09-01,Wednesday,1,1.0,0.0,1.0,1.0,30.0,30.0,50.8,50.8,7.27,True
3e11acff-1e98-4497-91eb-ebf47266d18c,Restaurant 1746,Philadelphia,AZ,Italian,5,Elite,2024-04-01,Thursday,1,1.0,0.0,1.0,1.0,31.0,31.0,26.17,26.17,3.67,True
0d069d96-4d81-4a89-a77f-b7ca1c1cc1e3,Restaurant 1804,Philadelphia,AZ,Chinese,5,Elite,2022-09-01,Thursday,1,1.0,0.0,1.0,0.0,48.0,48.0,8.0,8.0,7.17,True
3e5f8ca8-dd5c-485a-a827-1a8b3404dc65,Restaurant 1836,Philadelphia,AZ,Thai,5,Elite,2023-01-01,Wednesday,1,0.0,1.0,0.0,,,,41.45,41.45,2.53,True
8c9e1003-0c87-449b-8383-c0e9ecd22168,Restaurant 1857,Philadelphia,AZ,Chinese,5,Elite,2022-05-01,Monday,1,1.0,0.0,1.0,1.0,33.0,33.0,14.28,14.28,6.12,True
4ad8767f-a9e3-4e25-88d2-fa77ca61a1e3,Restaurant 1861,Philadelphia,AZ,Chinese,5,Elite,2023-10-01,Saturday,1,1.0,0.0,1.0,1.0,34.0,34.0,25.35,25.35,6.96,True
c83909e6-fc43-491d-837a-d2957605ee94,Restaurant 1927,Philadelphia,AZ,Coffee & Tea,5,Elite,2024-06-01,Tuesday,1,1.0,0.0,1.0,0.0,33.0,33.0,59.85,59.85,2.03,True
30f3a3f7-1581-49a0-83e0-fb407e37f8b7,Restaurant 1939,Philadelphia,AZ,Sushi,5,Elite,2023-04-01,Saturday,1,1.0,0.0,1.0,1.0,11.0,11.0,18.86,18.86,5.78,True
bc9124bd-0dd3-4fb0-9fbe-b93824c5b538,Restaurant 1947,Philadelphia,AZ,Thai,5,Elite,2022-04-01,Sunday,1,1.0,0.0,1.0,1.0,29.0,29.0,38.28,38.28,7.6,True
fbcb63e8-74e6-403c-8d31-c537e01c863d,Restaurant 1976,Philadelphia,AZ,Pizza,5,Elite,2024-01-01,Monday,1,1.0,0.0,1.0,1.0,15.0,15.0,53.03,53.03,7.72,True
8ff9727a-25b9-4806-be20-fdcf5c4c06fa,Restaurant 1985,Philadelphia,AZ,Seafood,5,Elite,2023-06-01,Monday,1,1.0,0.0,1.0,1.0,51.0,51.0,42.16,42.16,6.63,True
3676ce48-4d9e-4aee-86a1-16121f7866d1,Restaurant 1009,Philadelphia,CA,Burgers,3,Average,2024-03-01,Wednesday,1,1.0,0.0,1.0,1.0,33.0,33.0,19.54,19.54,1.97,True
378e23e4-3769-4d48-a472-f4b39ab04dee,Restaurant 17,Philadelphia,CA,Coffee & Tea,1,Low,2024-02-01,Tuesday,1,1.0,0.0,1.0,1.0,31.0,31.0,58.57,58.57,3.49,True
34bbbd1e-95ba-4dfb-9128-58e263d4134e,Restaurant 1025,Philadelphia,CA,Sushi,3,Average,2024-10-01,Tuesday,1,1.0,0.0,1.0,1.0,23.0,23.0,22.99,22.99,6.84,True
adafecd7-8c8d-40a4-8e1e-de69f1956cda,Restaurant 109,Philadelphia,CA,Pizza,1,Low,2022-11-01,Tuesday,1,1.0,0.0,1.0,1.0,12.0,12.0,19.13,19.13,6.18,True
03bb8bbf-0ed2-432f-b214-d7083aa3d159,Restaurant 1118,Philadelphia,CA,Thai,3,Average,2022-09-01,Wednesday,1,1.0,0.0,1.0,1.0,18.0,18.0,15.68,15.68,1.64,True
57185a76-61dc-4ef9-9926-680ca0ca9b49,Restaurant 157,Philadelphia,CA,Sushi,1,Low,2023-06-01,Friday,1,0.0,1.0,0.0,,,,38.41,38.41,5.53,True
0f668b8a-bfd7-4761-a195-43543290414e,Restaurant 1158,Philadelphia,CA,Italian,3,Average,2022-09-01,Monday,1,1.0,0.0,1.0,1.0,10.0,10.0,16.86,16.86,6.83,True
5f8cf778-64fe-4ea6-b01d-f468db522307,Restaurant 198,Philadelphia,CA,Thai,1,Low,2024-12-01,Friday,1,1.0,0.0,1.0,1.0,29.0,29.0,8.0,8.0,1.81,True
3e2a1b4b-6073-402e-9d5c-cb0f3108b92f,Restaurant 1181,Philadelphia,CA,Chinese,3,Average,2023-07-01,Saturday,1,1.0,0.0,1.0,1.0,20.0,20.0,35.92,35.92,7.06,True
0d2de02d-d4b4-41a4-a13f-c9e8d9bf4617,Restaurant 1188,Philadelphia,CA,American (New),3,Average,2022-10-01,Sunday,1,1.0,0.0,1.0,1.0,50.0,50.0,28.46,28.46,5.62,True
a49528a7-612d-4dee-abde-5874cf249631,Restaurant 1194,Philadelphia,CA,Chinese,3,Average,2022-04-01,Monday,1,1.0,0.0,1.0,0.0,52.0,52.0,37.52,37.52,4.36,True
df38fb94-890b-4bcc-9527-d4a36b3b03b2,Restaurant 283,Philadelphia,CA,Sushi,1,Low,2023-01-01,Sunday,1,1.0,0.0,1.0,1.0,31.0,31.0,24.51,24.51,1.07,True
bae0cc16-f75c-4f94-9dc5-71a80fed7282,Restaurant 1247,Philadelphia,CA,Italian,4,Strong,2023-05-01,Saturday,1,1.0,0.0,1.0,1.0,22.0,22.0,40.54,40.54,3.5,True
684cdc82-91ca-42b7-9336-de28c0cc8756,Restaurant 300,Philadelphia,CA,Sushi,1,Low,2023-03-01,Tuesday,1,1.0,0.0,1.0,0.0,66.0,66.0,34.52,34.52,2.94,True
d12306f1-094a-46f5-9d6c-c440ffab1f29,Restaurant 338,Philadelphia,CA,Sushi,1,Low,2022-03-01,Thursday,1,1.0,0.0,1.0,1.0,25.0,25.0,42.01,42.01,4.82,True
1d8cea2a-2740-4ffc-a448-fa0114935103,Restaurant 350,Philadelphia,CA,Italian,1,Low,2023-05-01,Monday,1,1.0,0.0,1.0,0.0,57.0,57.0,10.44,10.44,3.58,True
544dc4f9-eafb-4a68-b59b-cc7d0b05533d,Restaurant 1302,Philadelphia,CA,American (New),4,Strong,2023-08-01,Saturday,1,1.0,0.0,1.0,1.0,38.0,38.0,12.04,12.04,4.65,True
d1d75ce4-bc84-48c7-b70a-cd0d4c53925b,Restaurant 1306,Philadelphia,CA,Seafood,4,Strong,2023-08-01,Monday,1,1.0,0.0,1.0,1.0,29.0,29.0,30.13,30.13,5.6,True
913126a1-03e8-4657-aa9c-838b260d7bad,Restaurant 389,Philadelphia,CA,Burgers,1,Low,2024-07-01,Sunday,1,0.0,1.0,0.0,,,,24.84,24.84,1.48,True
7b8cb828-e020-4ec7-b641-4b1f10444111,Restaurant 1336,Philadelphia,CA,Burgers,4,Strong,2024-08-01,Tuesday,1,1.0,0.0,1.0,0.0,33.0,33.0,23.78,23.78,7.06,True
c9a6e050-d724-4a3a-a3f9-527b6fd988b7,Restaurant 1348,Philadelphia,CA,Sushi,4,Strong,2024-08-01,Sunday,1,1.0,0.0,1.0,1.0,31.0,31.0,26.86,26.86,7.57,True
5101636f-fa5f-4957-afb4-8303a45bcd80,Restaurant 438,Philadelphia,CA,Chinese,2,Below Average,2023-03-01,Wednesday,1,1.0,0.0,1.0,1.0,17.0,17.0,33.7,33.7,7.97,True
f1886153-85f0-4e38-9f85-f529a6b3bb94,Restaurant 446,Philadelphia,CA,American (New),2,Below Average,2023-09-01,Thursday,1,1.0,0.0,1.0,1.0,24.0,24.0,36.01,36.01,6.33,True
20d086fe-d946-4918-aec8-9a0e0af401e0,Restaurant 1398,Philadelphia,CA,Italian,4,Strong,2024-04-01,Monday,1,0.0,1.0,0.0,,,,38.3,38.3,6.18,True
78e42928-d3f2-4584-878f-410b57b13657,Restaurant 1472,Philadelphia,CA,Chinese,4,Strong,2024-04-01,Monday,1,1.0,0.0,1.0,1.0,25.0,25.0,8.0,8.0,7.16,True
75664995-e181-4b1f-8b7d-b94a77e658cd,Restaurant 1520,Philadelphia,CA,American (New),4,Strong,2022-03-01,Sunday,1,1.0,0.0,1.0,1.0,10.0,10.0,21.9,21.9,4.48,True
f58a448e-e697-4b10-bfee-d4fe4a6fd258,Restaurant 517,Philadelphia,CA,Chinese,2,Below Average,2024-12-01,Friday,1,1.0,0.0,1.0,1.0,10.0,10.0,19.48,19.48,7.0,True
ebc0c504-46a8-4ae7-ba6a-fff43f0cd79d,Restaurant 1532,Philadelphia,CA,Italian,4,Strong,2022-06-01,Friday,1,1.0,0.0,1.0,1.0,37.0,37.0,8.0,8.0,4.84,True
19c24157-37d6-4e0f-bea7-4e61d1652155,Restaurant 1578,Philadelphia,CA,American (New),4,Strong,2024-10-01,Saturday,1,1.0,0.0,1.0,1.0,35.0,35.0,39.08,39.08,3.52,True
ac18dc03-1988-4407-8739-8c004c9f5a59,Restaurant 1620,Philadelphia,CA,Pizza,5,Elite,2022-07-01,Tuesday,1,1.0,0.0,1.0,1.0,42.0,42.0,18.53,18.53,7.66,True
a3035b26-42eb-4537-9dd4-d5eb422fb48d,Restaurant 1643,Philadelphia,CA,Burgers,5,Elite,2022-12-01,Saturday,1,1.0,0.0,1.0,0.0,64.0,64.0,40.89,40.89,6.6,True
b83768f6-15a1-4848-bc82-9b98bfc748c2,Restaurant 1647,Philadelphia,CA,American (New),5,Elite,2023-08-01,Monday,1,1.0,0.0,1.0,1.0,30.0,30.0,11.14,11.14,7.43,True
812f1eb5-7a80-499c-87b4-5cc3e4058d19,Restaurant 658,Philadelphia,CA,American (New),2,Below Average,2022-06-01,Tuesday,1,1.0,0.0,1.0,1.0,25.0,25.0,38.36,38.36,3.17,True
303af62e-f957-4b8b-9228-308828fd0474,Restaurant 673,Philadelphia,CA,Seafood,2,Below Average,2023-08-01,Tuesday,1,0.0,1.0,0.0,,,,39.29,39.29,6.84,True
f4ae295a-a6c7-4d23-a6cf-dce53502b0a5,Restaurant 708,Philadelphia,CA,Coffee & Tea,2,Below Average,2022-07-01,Saturday,1,1.0,0.0,1.0,0.0,46.0,46.0,26.33,26.33,7.75,True
105993d8-e4da-46a8-abb1-76363d389fd0,Restaurant 1768,Philadelphia,CA,Sushi,5,Elite,2024-11-01,Friday,1,1.0,0.0,1.0,0.0,59.0,59.0,46.05,46.05,7.52,True
8a80de20-3565-4768-b4a2-6d164e685ea7,Restaurant 736,Philadelphia,CA,American (New),2,Below Average,2023-04-01,Sunday,1,1.0,0.0,1.0,0.0,57.0,57.0,49.93,49.93,3.28,True
fbc3744c-57fe-4f65-891e-ad5724238208,Restaurant 804,Philadelphia,CA,Seafood,3,Average,2022-08-01,Monday,1,1.0,0.0,1.0,1.0,28.0,28.0,19.53,19.53,4.61,True
fa25eb9e-7606-4dd5-b696-7ceda8673603,Restaurant 1830,Philadelphia,CA,Coffee & Tea,5,Elite,2022-09-01,Friday,1,1.0,0.0,1.0,0.0,52.0,52.0,23.26,23.26,5.53,True
44dc67e6-b1df-4aaf-aa52-8119fcbc38ff,Restaurant 818,Philadelphia,CA,Pizza,3,Average,2024-10-01,Tuesday,1,1.0,0.0,1.0,0.0,63.0,63.0,35.93,35.93,5.88,True
5d846ec2-9a70-4311-9a25-6cc976593af0,Restaurant 840,Philadelphia,CA,Seafood,3,Average,2022-02-01,Wednesday,1,1.0,0.0,1.0,1.0,53.0,53.0,54.04,54.04,6.49,True
466eecc1-077a-47f2-9661-2740f668df4f,Restaurant 1961,Philadelphia,CA,Sushi,5,Elite,2022-06-01,Thursday,1,1.0,0.0,1.0,1.0,10.0,10.0,30.83,30.83,7.3,True
0ffbece7-b236-4383-b170-ef0e5fb8b7cc,Restaurant 957,Philadelphia,CA,Sushi,3,Average,2024-09-01,Monday,1,1.0,0.0,1.0,0.0,42.0,42.0,35.71,35.71,6.67,True
717f5a9c-c8d2-4626-bfc9-95c5c295726e,Restaurant 983,Philadelphia,CA,Mexican,3,Average,2023-01-01,Wednesday,2,2.0,0.0,1.0,0.5,34.0,35.6,29.59,14.8,4.98,True
656e2e08-057d-4130-90cd-992bda818642,Restaurant 8,Philadelphia,TX,Pizza,1,Low,2023-06-01,Wednesday,1,1.0,0.0,1.0,0.0,58.0,58.0,50.05,50.05,3.89,True
dc81e380-2ad6-46c2-a1eb-4bb11625dd6a,Restaurant 18,Philadelphia,TX,Italian,1,Low,2023-11-01,Wednesday,1,1.0,0.0,1.0,1.0,34.0,34.0,34.22,34.22,5.87,True
a66d96f1-d8ca-4ee3-ac4d-98c292faa20e,Restaurant 26,Philadelphia,TX,Burgers,1,Low,2023-07-01,Sunday,1,1.0,0.0,1.0,1.0,27.0,27.0,11.03,11.03,1.3,True
6da36bd5-3842-4eda-9fd8-32199f19b9e0,Restaurant 1040,Philadelphia,TX,Mexican,3,Average,2024-01-01,Sunday,1,1.0,0.0,1.0,1.0,32.0,32.0,26.14,26.14,3.99,True
b6e2bc92-4273-48b0-9efb-c0b522c2dd3b,Restaurant 1071,Philadelphia,TX,Chinese,3,Average,2023-01-01,Sunday,1,1.0,0.0,1.0,1.0,34.0,34.0,21.12,21.12,4.09,True
0dff6a31-ecbf-4313-bd9a-b656c29d71b6,Restaurant 124,Philadelphia,TX,Burgers,1,Low,2023-03-01,Monday,1,1.0,0.0,1.0,1.0,36.0,36.0,35.06,35.06,1.85,True
9a199a88-12da-418a-87c5-772e1c617853,Restaurant 1094,Philadelphia,TX,Sushi,3,Average,2023-01-01,Monday,1,1.0,0.0,1.0,0.0,57.0,57.0,23.04,23.04,4.21,True
1ce7dcba-9d87-46f4-a052-4bb0e8167baf,Restaurant 189,Philadelphia,TX,Sushi,1,Low,2022-04-01,Sunday,1,1.0,0.0,1.0,1.0,19.0,19.0,54.33,54.33,2.94,True
a4f6958c-7211-4240-a935-fa36c3ecac38,Restaurant 1149,Philadelphia,TX,Burgers,3,Average,2022-03-01,Monday,1,1.0,0.0,1.0,1.0,10.0,10.0,54.05,54.05,4.59,True
96319705-637d-48ce-9de5-1b8c07d551f6,Restaurant 194,Philadelphia,TX,American (New),1,Low,2024-03-01,Friday,1,1.0,0.0,1.0,1.0,16.0,16.0,41.39,41.39,6.26,True
506360a0-94cb-4b16-abf2-a0d410712d99,Restaurant 229,Philadelphia,TX,Mexican,1,Low,2023-06-01,Thursday,1,1.0,0.0,1.0,1.0,29.0,29.0,45.37,45.37,2.68,True
c8b3d72b-b3f9-431c-bfde-6a0d49c90dcb,Restaurant 1180,Philadelphia,TX,Seafood,3,Average,2024-10-01,Friday,1,1.0,0.0,1.0,0.0,62.0,62.0,27.56,27.56,1.92,True
92cbbc27-8f71-417e-acb8-5c31fdc4811f,Restaurant 1187,Philadelphia,TX,Coffee & Tea,3,Average,2024-10-01,Wednesday,1,1.0,0.0,1.0,1.0,31.0,31.0,19.68,19.68,4.49,True
b007ff0c-84c4-44af-821f-6505a4f3d905,Restaurant 362,Philadelphia,TX,Pizza,1,Low,2023-12-01,Wednesday,1,1.0,0.0,1.0,0.0,51.0,51.0,8.0,8.0,7.53,True
29f0b988-affb-4093-b54e-172b2cfe1ad8,Restaurant 386,Philadelphia,TX,Coffee & Tea,1,Low,2023-02-01,Monday,1,1.0,0.0,1.0,1.0,13.0,13.0,27.95,27.95,3.27,True
8f38a302-aaa3-40c0-8724-be5162259a9d,Restaurant 433,Philadelphia,TX,Sushi,2,Below Average,2022-04-01,Saturday,1,1.0,0.0,1.0,1.0,22.0,22.0,21.73,21.73,5.37,True
1d300547-c182-4c24-b278-385f0acc2353,Restaurant 1389,Philadelphia,TX,Italian,4,Strong,2022-06-01,Wednesday,1,1.0,0.0,1.0,1.0,20.0,20.0,38.96,38.96,6.55,True
761d6d1d-6f9d-4b73-81c9-2e7276827590,Restaurant 1421,Philadelphia,TX,Italian,4,Strong,2024-08-01,Tuesday,1,1.0,0.0,1.0,1.0,26.0,26.0,23.37,23.37,2.04,True
194a06ef-3e4f-4502-85b0-ae765533aad9,Restaurant 490,Philadelphia,TX,Pizza,2,Below Average,2023-07-01,Thursday,1,1.0,0.0,1.0,1.0,37.0,37.0,16.62,16.62,7.98,True
0d286e68-7e86-434f-b66a-37d964835249,Restaurant 504,Philadelphia,TX,Chinese,2,Below Average,2022-04-01,Friday,1,1.0,0.0,1.0,1.0,20.0,20.0,12.37,12.37,4.02,True
f39ee359-15d3-4ef1-a197-01c1f7351a43,Restaurant 1531,Philadelphia,TX,Italian,4,Strong,2023-02-01,Tuesday,1,1.0,0.0,1.0,1.0,20.0,20.0,48.05,48.05,4.71,True
53b6348f-0292-456a-8fd3-da701f51a034,Restaurant 533,Philadelphia,TX,Burgers,2,Below Average,2022-08-01,Wednesday,1,1.0,0.0,1.0,0.0,43.0,43.0,26.93,26.93,2.31,True
554ec36e-d754-47b2-97f4-04be874b7d9e,Restaurant 1559,Philadelphia,TX,Seafood,4,Strong,2024-05-01,Sunday,1,1.0,0.0,1.0,1.0,12.0,12.0,56.87,56.87,6.59,True
0d861420-d9bb-4cbf-88e2-fbf99de9e45c,Restaurant 622,Philadelphia,TX,Sushi,2,Below Average,2022-07-01,Sunday,1,1.0,0.0,1.0,1.0,43.0,43.0,43.8,43.8,7.55,True
75096181-875a-44c6-a9de-50fac972054f,Restaurant 643,Philadelphia,TX,Thai,2,Below Average,2024-12-01,Saturday,1,1.0,0.0,1.0,1.0,41.0,41.0,8.0,8.0,1.46,True
3995e609-6a53-4a4e-ab7b-ae04dc7c3a7d,Restaurant 1698,Philadelphia,TX,Italian,5,Elite,2024-07-01,Tuesday,1,1.0,0.0,1.0,0.0,28.0,28.0,35.93,35.93,3.91,True
bafb9902-adfd-4c54-9be6-6d44e7e139c4,Restaurant 667,Philadelphia,TX,Italian,2,Below Average,2024-06-01,Monday,1,1.0,0.0,1.0,0.0,56.0,56.0,8.56,8.56,6.75,True
99b19f1e-2ade-40da-ba17-f273c3d1e7ad,Restaurant 1714,Philadelphia,TX,Seafood,5,Elite,2022-06-01,Wednesday,1,1.0,0.0,1.0,0.0,36.0,36.0,56.41,56.41,2.23,True
a62743cb-31b2-406d-9922-1e5e8d6fab4f,Restaurant 668,Philadelphia,TX,Sushi,2,Below Average,2023-12-01,Sunday,1,1.0,0.0,1.0,0.0,41.0,41.0,36.53,36.53,4.64,True
e523e5b8-b3f9-4ee9-81b2-e07b8aa0e5d3,Restaurant 1760,Philadelphia,TX,Mexican,5,Elite,2024-07-01,Wednesday,1,1.0,0.0,1.0,0.0,34.0,34.0,26.04,26.04,2.12,True
f5af287b-b3f0-46ef-ab9a-11ef025dea2d,Restaurant 1773,Philadelphia,TX,Italian,5,Elite,2022-04-01,Wednesday,1,1.0,0.0,1.0,1.0,38.0,38.0,23.26,23.26,6.97,True
5f3ba672-bb5c-47f6-a06a-6aee121dc288,Restaurant 1783,Philadelphia,TX,Chinese,5,Elite,2022-06-01,Saturday,1,1.0,0.0,1.0,1.0,31.0,31.0,30.09,30.09,1.77,True
4a777441-342a-4d58-871c-e1e13d83f2b8,Restaurant 764,Philadelphia,TX,Sushi,2,Below Average,2024-06-01,Friday,1,1.0,0.0,1.0,0.0,50.0,50.0,18.95,18.95,3.33,True
e67dd971-4c9b-4e57-a087-bb6900673931,Restaurant 816,Philadelphia,TX,Sushi,3,Average,2024-02-01,Wednesday,1,1.0,0.0,1.0,1.0,25.0,25.0,16.93,16.93,3.01,True
a7ecb100-e165-4038-963d-3564d811a576,Restaurant 1846,Philadelphia,TX,Italian,5,Elite,2023-04-01,Thursday,1,1.0,0.0,1.0,0.0,65.0,65.0,29.58,29.58,6.09,True
8c5d5ee6-73b8-44a8-b3cb-29a7017ae18a,Restaurant 1850,Philadelphia,TX,Burgers,5,Elite,2024-10-01,Thursday,1,1.0,0.0,1.0,1.0,43.0,43.0,41.15,41.15,1.19,True
af89d1fc-2651-4805-b449-9654f04e2dfa,Restaurant 1851,Philadelphia,TX,Pizza,5,Elite,2022-05-01,Sunday,1,1.0,0.0,1.0,1.0,12.0,12.0,30.1,30.1,1.76,True
f3aadb96-a268-479a-a3fa-2e674fb91d3b,Restaurant 1854,Philadelphia,TX,Burgers,5,Elite,2022-05-01,Tuesday,1,1.0,0.0,1.0,1.0,45.0,45.0,31.85,31.85,6.62,True
947d1fbf-4040-4e37-9228-884e2c9e3b4e,Restaurant 922,Philadelphia,TX,Mexican,3,Average,2024-08-01,Sunday,1,1.0,0.0,1.0,1.0,32.0,32.0,15.75,15.75,7.83,True
759dd5ad-889c-4959-b255-cd76834b8c25,Restaurant 947,Philadelphia,TX,Seafood,3,Average,2022-07-01,Sunday,1,1.0,0.0,1.0,0.0,34.0,34.0,8.0,8.0,7.05,True
2577a528-d2c0-4059-bd47-24a83408c04a,Restaurant 981,Philadelphia,TX,Italian,3,Average,2023-10-01,Saturday,1,1.0,0.0,1.0,1.0,14.0,14.0,31.33,31.33,1.96,True
a5dc9144-4605-4d6e-90b6-450da3437d16,Restaurant 27,Philadelphia,OH,Thai,1,Low,2022-06-01,Wednesday,1,1.0,0.0,1.0,1.0,41.0,41.0,36.03,36.03,6.34,True
1f073c53-ef32-4629-b0b7-ef431ef2e441,Restaurant 38,Philadelphia,OH,Coffee & Tea,1,Low,2022-06-01,Wednesday,1,1.0,0.0,1.0,0.0,49.0,49.0,34.67,34.67,5.78,True
1e2d819e-3804-4a56-a578-6a30f8a0e9ce,Restaurant 42,Philadelphia,OH,Thai,1,Low,2023-01-01,Thursday,1,1.0,0.0,1.0,1.0,34.0,34.0,22.04,22.04,2.74,True
8c2f26c7-c38c-4952-a4a0-a41e067b51bc,Restaurant 43,Philadelphia,OH,Mexican,1,Low,2024-06-01,Sunday,1,1.0,0.0,1.0,0.0,42.0,42.0,32.14,32.14,3.28,True
d12493d2-3ec9-477e-982b-59b95212805e,Restaurant 49,Philadelphia,OH,Burgers,1,Low,2024-12-01,Monday,1,1.0,0.0,1.0,1.0,34.0,34.0,24.15,24.15,2.6,True
2ea09749-aaf2-4489-a19b-2842c91bfcab,Restaurant 54,Philadelphia,OH,Thai,1,Low,2024-01-01,Monday,1,1.0,0.0,1.0,0.0,39.0,39.0,8.28,8.28,3.74,True
00d06576-a313-4f5c-a319-06f7494f0357,Restaurant 70,Philadelphia,OH,Coffee & Tea,1,Low,2022-06-01,Friday,1,1.0,0.0,1.0,1.0,32.0,32.0,8.0,8.0,4.34,True
38f480f9-543e-4094-b660-3ad272866273,Restaurant 71,Philadelphia,OH,American (New),1,Low,2023-12-01,Thursday,1,1.0,0.0,1.0,1.0,10.0,10.0,56.03,56.03,1.0,True
67aa8ed2-729f-43e6-852f-373057cc75a6,Restaurant 178,Philadelphia,OH,American (New),1,Low,2022-10-01,Tuesday,1,1.0,0.0,1.0,1.0,59.0,59.0,33.35,33.35,6.75,True
c7d84f3f-4869-4a0f-9699-488a56597697,Restaurant 227,Philadelphia,OH,Italian,1,Low,2024-06-01,Thursday,1,1.0,0.0,1.0,0.0,74.0,74.0,8.99,8.99,3.94,True
b5ac4a25-3733-440f-962c-a916cb798d32,Restaurant 241,Philadelphia,OH,American (New),1,Low,2023-06-01,Sunday,1,1.0,0.0,1.0,0.0,54.0,54.0,15.46,15.46,4.02,True
5c48c9f0-00b2-4827-a304-2a43104237c0,Restaurant 256,Philadelphia,OH,Thai,1,Low,2023-04-01,Sunday,1,1.0,0.0,1.0,1.0,10.0,10.0,27.48,27.48,4.86,True
934291e8-0340-4bac-a267-6a0d1b7afc2e,Restaurant 264,Philadelphia,OH,American (New),1,Low,2023-01-01,Wednesday,1,1.0,0.0,1.0,0.0,56.0,56.0,17.55,17.55,7.65,True
44597cfb-af85-46aa-80e1-9df5bc6e74a5,Restaurant 368,Philadelphia,OH,Seafood,1,Low,2022-07-01,Tuesday,1,1.0,0.0,1.0,1.0,28.0,28.0,45.91,45.91,4.86,True
a783a6b1-750c-4453-bd7e-b4e02f622d85,Restaurant 522,Philadelphia,OH,Chinese,2,Below Average,2022-03-01,Monday,1,1.0,0.0,1.0,1.0,14.0,14.0,37.54,37.54,1.16,True
2b217b5a-6a55-4642-8e31-b549f1b34ab3,Restaurant 528,Philadelphia,OH,American (New),2,Below Average,2022-08-01,Saturday,1,1.0,0.0,1.0,0.0,51.0,51.0,16.05,16.05,7.9,True
073c5684-a296-4808-baf0-203d9ab78e38,Restaurant 576,Philadelphia,OH,Sushi,2,Below Average,2023-12-01,Friday,1,1.0,0.0,1.0,1.0,11.0,11.0,46.62,46.62,6.68,True
c0b392a4-36ba-4891-af63-1be5a87005bc,Restaurant 586,Philadelphia,OH,Burgers,2,Below Average,2023-11-01,Thursday,1,1.0,0.0,1.0,1.0,46.0,46.0,58.33,58.33,7.48,True
fc84acc2-7d51-43b6-9a34-320ae65bd4b4,Restaurant 588,Philadelphia,OH,Italian,2,Below Average,2023-02-01,Sunday,1,1.0,0.0,1.0,1.0,32.0,32.0,20.04,20.04,7.24,True
716d7f96-13b2-4745-a33d-f27a5541cc7f,Restaurant 611,Philadelphia,OH,Pizza,2,Below Average,2022-12-01,Saturday,1,1.0,0.0,1.0,1.0,24.0,24.0,38.76,38.76,5.84,True
fc3b7f42-e086-488b-b614-384b32455509,Restaurant 827,Philadelphia,OH,Chinese,3,Average,2024-05-01,Saturday,1,1.0,0.0,1.0,1.0,37.0,37.0,13.4,13.4,7.77,True
c41599e1-d4d3-4755-beca-39ae02ee6620,Restaurant 848,Philadelphia,OH,Thai,3,Average,2024-11-01,Saturday,1,1.0,0.0,1.0,1.0,31.0,31.0,29.17,29.17,4.72,True
e1ee35a0-27e8-4cd8-88e2-38d62eac2577,Restaurant 863,Philadelphia,OH,Coffee & Tea,3,Average,2023-05-01,Tuesday,1,1.0,0.0,1.0,1.0,23.0,23.0,45.5,45.5,5.93,True
4137093d-5da6-4fd0-a3a8-95258d6a3b72,Restaurant 897,Philadelphia,OH,Sushi,3,Average,2024-10-01,Monday,1,1.0,0.0,1.0,1.0,43.0,43.0,8.0,8.0,3.7,True
b30bcb95-5143-4808-a35b-1c64962a815d,Restaurant 912,Philadelphia,OH,Thai,3,Average,2022-09-01,Friday,1,1.0,0.0,1.0,0.0,50.0,50.0,8.0,8.0,7.13,True
637c6293-e5ec-4eab-bb5c-cad79ad16c04,Restaurant 989,Philadelphia,OH,Italian,3,Average,2023-08-01,Saturday,1,1.0,0.0,1.0,1.0,29.0,29.0,45.24,45.24,5.29,True
1c2271b6-6a7d-462d-83e7-defbdf0a9107,Restaurant 1024,Philadelphia,OH,Thai,3,Average,2023-03-01,Wednesday,1,1.0,0.0,1.0,1.0,33.0,33.0,25.65,25.65,2.21,True
46fde999-656d-46ff-9cb9-db53fe2ac468,Restaurant 1039,Philadelphia,OH,Thai,3,Average,2022-08-01,Friday,1,1.0,0.0,1.0,1.0,29.0,29.0,32.56,32.56,4.15,True
208263ca-559a-47b8-8c41-c91c311739c6,Restaurant 1048,Philadelphia,OH,American (New),3,Average,2023-07-01,Saturday,1,1.0,0.0,1.0,1.0,39.0,39.0,39.33,39.33,5.81,True
ab07702e-6057-42df-8794-4c3a1ba07597,Restaurant 1088,Philadelphia,OH,Burgers,3,Average,2023-01-01,Friday,1,1.0,0.0,1.0,1.0,42.0,42.0,35.26,35.26,3.29,True
90b7f69f-913f-4b62-91ad-b97ddd983e7e,Restaurant 1097,Philadelphia,OH,Seafood,3,Average,2022-01-01,Monday,1,1.0,0.0,1.0,0.0,34.0,34.0,40.91,40.91,4.54,True
026b6737-b3c6-42e1-951e-5e7b13eaeb19,Restaurant 1125,Philadelphia,OH,Chinese,3,Average,2024-05-01,Friday,1,1.0,0.0,1.0,0.0,72.0,72.0,21.45,21.45,6.0,True
1aedc3eb-7064-4caf-b301-0f99939a5948,Restaurant 1154,Philadelphia,OH,Mexican,3,Average,2023-09-01,Saturday,1,1.0,0.0,1.0,0.0,55.0,55.0,40.25,40.25,3.31,True
b4d80b34-a51a-4860-8263-f709dd6bd58b,Restaurant 1173,Philadelphia,OH,Chinese,3,Average,2022-03-01,Tuesday,1,1.0,0.0,1.0,0.0,48.0,48.0,27.47,27.47,7.42,True
8bb457e7-6024-41ef-9dfb-5d2250001642,Restaurant 1216,Philadelphia,OH,Sushi,4,Strong,2023-11-01,Wednesday,1,1.0,0.0,1.0,1.0,47.0,47.0,17.76,17.76,5.54,True
4dbf4b9f-65b1-4f02-bbeb-54b44380df2c,Restaurant 1254,Philadelphia,OH,Coffee & Tea,4,Strong,2022-08-01,Tuesday,1,1.0,0.0,1.0,1.0,24.0,24.0,16.15,16.15,1.84,True
5004a095-c3c5-4b0f-bfe6-820a44f2ec23,Restaurant 1281,Philadelphia,OH,Italian,4,Strong,2023-11-01,Thursday,1,1.0,0.0,1.0,1.0,43.0,43.0,37.94,37.94,2.27,True
de2c4569-ce76-4df1-9bd9-964a391eb4ed,Restaurant 1313,Philadelphia,OH,Thai,4,Strong,2023-08-01,Saturday,1,1.0,0.0,1.0,1.0,32.0,32.0,12.16,12.16,5.54,True
384bf0ef-e72d-42c4-aa91-a893fffbc5c3,Restaurant 1326,Philadelphia,OH,Coffee & Tea,4,Strong,2022-07-01,Sunday,1,1.0,0.0,1.0,1.0,34.0,34.0,34.74,34.74,1.66,True
a7570bde-0e27-4006-a634-167889f3f26a,Restaurant 1334,Philadelphia,OH,Coffee & Tea,4,Strong,2023-10-01,Tuesday,1,1.0,0.0,1.0,1.0,26.0,26.0,27.3,27.3,1.25,True
6b4608d5-3dcb-4ea8-bafa-31268435c79a,Restaurant 1414,Philadelphia,OH,Sushi,4,Strong,2024-07-01,Thursday,1,1.0,0.0,1.0,1.0,27.0,27.0,61.18,61.18,7.63,True
7ed00303-65f7-4822-8bb3-ea20a7c9f7c2,Restaurant 1438,Philadelphia,OH,Burgers,4,Strong,2022-09-01,Monday,1,1.0,0.0,1.0,1.0,23.0,23.0,27.76,27.76,6.14,True
ee7af6e3-99b5-42ae-a16f-f7eaac67f3a8,Restaurant 1449,Philadelphia,OH,Pizza,4,Strong,2022-01-01,Saturday,1,1.0,0.0,1.0,0.0,43.0,43.0,35.29,35.29,7.31,True
3f820d2f-139b-4869-a2d9-a07bed469698,Restaurant 1459,Philadelphia,OH,Mexican,4,Strong,2022-01-01,Monday,1,1.0,0.0,1.0,1.0,35.0,35.0,27.47,27.47,2.28,True
7aad008b-5af5-402c-b9ec-9fa9921594f7,Restaurant 1509,Philadelphia,OH,Chinese,4,Strong,2024-08-01,Sunday,1,1.0,0.0,1.0,1.0,41.0,41.0,27.49,27.49,1.66,True
a45652d2-24d4-40c0-9fb6-da9d49de2535,Restaurant 1547,Philadelphia,OH,Seafood,4,Strong,2023-04-01,Thursday,1,1.0,0.0,1.0,1.0,26.0,26.0,24.01,24.01,2.8,True
33c0c09f-62a2-4086-9a91-f440e3098cca,Restaurant 1548,Philadelphia,OH,Chinese,4,Strong,2024-04-01,Friday,1,1.0,0.0,1.0,1.0,31.0,31.0,57.48,57.48,6.51,True
972ebcaa-5c70-4b26-abd1-322b9da293e6,Restaurant 1601,Philadelphia,OH,Coffee & Tea,5,Elite,2022-03-01,Thursday,1,1.0,0.0,1.0,1.0,42.0,42.0,18.54,18.54,6.56,True
cf5d9720-d77f-4f2e-b1b2-940fbb7fa1bd,Restaurant 1609,Philadelphia,OH,Coffee & Tea,5,Elite,2023-04-01,Monday,1,1.0,0.0,1.0,0.0,43.0,43.0,19.38,19.38,5.49,True
f89fa075-8584-4edf-b341-3b4c643e3476,Restaurant 1648,Philadelphia,OH,Sushi,5,Elite,2023-11-01,Sunday,1,1.0,0.0,1.0,0.0,53.0,53.0,36.11,36.11,1.71,True
f8d99549-8d72-4082-983a-1f2818150e72,Restaurant 1651,Philadelphia,OH,Pizza,5,Elite,2023-03-01,Tuesday,1,1.0,0.0,1.0,1.0,39.0,39.0,27.08,27.08,5.58,True
3b3c9b90-0ddd-4927-8e1f-c833acdbb514,Restaurant 1655,Philadelphia,OH,Mexican,5,Elite,2024-08-01,Saturday,1,1.0,0.0,1.0,0.0,48.0,48.0,31.39,31.39,4.57,True
60007bf6-ac09-4646-a21e-c3986465cdb9,Restaurant 1706,Philadelphia,OH,Chinese,5,Elite,2023-09-01,Thursday,1,1.0,0.0,1.0,1.0,33.0,33.0,45.18,45.18,3.49,True
36511ffd-bb68-4b99-91be-d0300986f517,Restaurant 1754,Philadelphia,OH,Burgers,5,Elite,2024-12-01,Friday,1,1.0,0.0,1.0,0.0,56.0,56.0,22.51,22.51,3.2,True
1b140f4b-36b0-4da2-95fc-a341cbc7bf11,Restaurant 1757,Philadelphia,OH,Thai,5,Elite,2022-05-01,Tuesday,1,1.0,0.0,1.0,1.0,10.0,10.0,34.39,34.39,4.08,True
f596883b-faf0-418c-812d-89fa7f03a979,Restaurant 1778,Philadelphia,OH,Mexican,5,Elite,2022-01-01,Friday,1,0.0,1.0,0.0,,,,49.72,49.72,7.72,True
62bedf81-0241-465c-9ca8-c7f7a1daa4fc,Restaurant 1801,Philadelphia,OH,Mexican,5,Elite,2024-10-01,Saturday,1,0.0,1.0,0.0,,,,8.0,8.0,7.54,True
00739be5-dea4-456e-bc21-eb5f1750ede5,Restaurant 1806,Philadelphia,OH,Sushi,5,Elite,2024-06-01,Saturday,1,1.0,0.0,1.0,0.0,41.0,41.0,41.95,41.95,6.4,True
b0208c23-6bb2-4f10-89bd-a40a8ca59d8f,Restaurant 1820,Philadelphia,OH,Mexican,5,Elite,2023-10-01,Thursday,1,1.0,0.0,1.0,1.0,26.0,26.0,19.58,19.58,4.55,True
9b3a55a1-63c6-4834-8600-c347beb4e796,Restaurant 1822,Philadelphia,OH,Mexican,5,Elite,2024-12-01,Tuesday,1,1.0,0.0,1.0,1.0,40.0,40.0,27.31,27.31,5.79,True
e1a263b5-5bb8-442b-9a1c-5b65094dc2d2,Restaurant 1833,Philadelphia,OH,Coffee & Tea,5,Elite,2022-12-01,Tuesday,1,1.0,0.0,1.0,1.0,34.0,34.0,46.56,46.56,1.79,True
94c8c57b-85b1-461d-9f3b-f9f7394d3f01,Restaurant 1885,Philadelphia,OH,Thai,5,Elite,2023-12-01,Saturday,1,1.0,0.0,1.0,1.0,26.0,26.0,42.31,42.31,4.93,True
04505466-972b-4b61-8a86-210ff30780ea,Restaurant 1891,Philadelphia,OH,Sushi,5,Elite,2023-08-01,Tuesday,1,1.0,0.0,1.0,0.0,53.0,53.0,8.0,8.0,4.15,True
9cc8add9-ff58-4679-85c2-22952f6415c3,Restaurant 1893,Philadelphia,OH,Coffee & Tea,5,Elite,2022-04-01,Saturday,1,1.0,0.0,1.0,0.0,31.0,31.0,28.22,28.22,2.16,True
87c0b411-61a9-4921-ace6-94942ade1247,Restaurant 1902,Philadelphia,OH,Thai,5,Elite,2022-08-01,Monday,1,1.0,0.0,1.0,1.0,42.0,42.0,29.43,29.43,4.25,True
d408e080-06dc-4b14-b0ae-76b07c534583,Restaurant 1965,Philadelphia,OH,Seafood,5,Elite,2022-08-01,Sunday,1,1.0,0.0,1.0,1.0,27.0,27.0,36.42,36.42,6.41,True
2bd1c419-623d-4538-a0b6-8dd2eeee934b,Restaurant 1984,Philadelphia,OH,Coffee & Tea,5,Elite,2023-08-01,Tuesday,1,1.0,0.0,1.0,1.0,33.0,33.0,17.21,17.21,2.56,True
4b782209-9c16-478c-a37a-049d2e528cd1,Restaurant 5,Philadelphia,FL,Mexican,1,Low,2024-06-01,Monday,1,1.0,0.0,1.0,1.0,46.0,46.0,23.71,23.71,6.76,True
c97938a0-c6c2-4526-863f-5708c0e5b5db,Restaurant 36,Philadelphia,FL,Seafood,1,Low,2023-07-01,Friday,1,1.0,0.0,1.0,1.0,45.0,45.0,42.48,42.48,4.91,True
e9a3df21-8011-497d-923f-1cbdedc634b4,Restaurant 78,Philadelphia,FL,Mexican,1,Low,2023-03-01,Friday,1,1.0,0.0,1.0,0.0,45.0,45.0,23.53,23.53,2.77,True
b41f1f3d-86c1-4582-b300-6f2e629c1d68,Restaurant 131,Philadelphia,FL,Coffee & Tea,1,Low,2023-12-01,Tuesday,1,1.0,0.0,1.0,1.0,35.0,35.0,23.87,23.87,7.18,True
a89041ac-d1d7-458f-b7c4-34e91ba40518,Restaurant 137,Philadelphia,FL,Sushi,1,Low,2022-01-01,Tuesday,1,1.0,0.0,1.0,0.0,41.0,41.0,19.65,19.65,4.29,True
caee2cf1-dc31-4f24-995e-e658c409237e,Restaurant 238,Philadelphia,FL,Italian,1,Low,2023-09-01,Wednesday,1,1.0,0.0,1.0,1.0,17.0,17.0,26.79,26.79,6.37,True
3b71d12e-8a83-4316-bb97-de36877b4f00,Restaurant 297,Philadelphia,FL,Burgers,1,Low,2024-09-01,Thursday,1,1.0,0.0,1.0,1.0,23.0,23.0,11.25,11.25,7.41,True
c7df6bcc-3ca0-4018-a526-e6b811b36fe5,Restaurant 387,Philadelphia,FL,Thai,1,Low,2023-08-01,Saturday,1,1.0,0.0,1.0,1.0,22.0,22.0,28.55,28.55,2.77,True
6e93963b-12b4-4856-a6a4-15e444bdf9e9,Restaurant 452,Philadelphia,FL,Burgers,2,Below Average,2024-07-01,Wednesday,1,1.0,0.0,1.0,1.0,38.0,38.0,40.76,40.76,3.79,True
0ea0a782-67ec-4af6-919e-3cd79a0b6ae6,Restaurant 473,Philadelphia,FL,Burgers,2,Below Average,2024-03-01,Saturday,1,1.0,0.0,1.0,1.0,19.0,19.0,34.77,34.77,6.03,True
a6c9deb2-096e-4d4b-a0ea-a3bdb724ad19,Restaurant 596,Philadelphia,FL,American (New),2,Below Average,2022-01-01,Wednesday,1,1.0,0.0,1.0,1.0,31.0,31.0,8.0,8.0,1.11,True
df059262-01c0-434e-aaee-5ca1f3925473,Restaurant 649,Philadelphia,FL,Italian,2,Below Average,2023-10-01,Monday,1,1.0,0.0,1.0,0.0,59.0,59.0,27.45,27.45,7.2,True
cb7017d1-cb27-4e03-be39-d64479094a13,Restaurant 683,Philadelphia,FL,Chinese,2,Below Average,2023-03-01,Friday,1,1.0,0.0,1.0,1.0,43.0,43.0,8.0,8.0,5.92,True
6a255229-2c22-4b92-99d5-8689a34de3e7,Restaurant 759,Philadelphia,FL,Italian,2,Below Average,2024-11-01,Monday,1,1.0,0.0,1.0,1.0,22.0,22.0,19.61,19.61,5.55,True
ba635572-003c-4c78-8e49-b10d37d3cb89,Restaurant 772,Philadelphia,FL,Sushi,2,Below Average,2022-04-01,Friday,1,1.0,0.0,1.0,0.0,37.0,37.0,20.13,20.13,5.75,True
2bb317e7-e091-4fe6-be2d-9fdb45841469,Restaurant 893,Philadelphia,FL,Pizza,3,Average,2024-06-01,Saturday,1,1.0,0.0,1.0,1.0,37.0,37.0,37.29,37.29,4.49,True
d7a6ac5b-76e7-49a8-8b22-96ecc6d87db8,Restaurant 894,Philadelphia,FL,Sushi,3,Average,2022-01-01,Friday,1,1.0,0.0,1.0,0.0,58.0,58.0,40.33,40.33,3.01,True
e0fb9dda-b0fd-498c-9787-dfb038d347ec,Restaurant 937,Philadelphia,FL,Pizza,3,Average,2022-08-01,Wednesday,1,1.0,0.0,1.0,1.0,32.0,32.0,19.42,19.42,2.58,True
a1cbc2ea-701a-4784-9451-680b5e0c6c17,Restaurant 944,Philadelphia,FL,Thai,3,Average,2024-09-01,Sunday,1,1.0,0.0,1.0,1.0,40.0,40.0,41.77,41.77,6.69,True
39dbf42d-5be8-41ad-b8b7-768972c49056,Restaurant 999,Philadelphia,FL,Italian,3,Average,2022-04-01,Monday,1,1.0,0.0,1.0,1.0,23.0,23.0,36.14,36.14,3.95,True
c90e0001-dec8-4c3a-baf7-0a7824246891,Restaurant 1055,Philadelphia,FL,Burgers,3,Average,2023-07-01,Saturday,1,1.0,0.0,1.0,1.0,17.0,17.0,8.0,8.0,7.5,True
13215552-218d-449a-8f4e-2a9073b62b1b,Restaurant 1112,Philadelphia,FL,Sushi,3,Average,2023-01-01,Tuesday,1,1.0,0.0,1.0,0.0,70.0,70.0,24.16,24.16,6.4,True
34555eeb-5990-4e9d-a876-c79a0263a3e7,Restaurant 1122,Philadelphia,FL,Chinese,3,Average,2023-03-01,Wednesday,1,1.0,0.0,1.0,1.0,28.0,28.0,34.92,34.92,7.44,True
90218675-5376-43e2-8431-b834fd1263af,Restaurant 1205,Philadelphia,FL,Thai,4,Strong,2023-05-01,Wednesday,1,1.0,0.0,1.0,1.0,29.0,29.0,28.22,28.22,3.09,True
9b3b98f1-ac7d-4c04-bc64-5bc1d8fda416,Restaurant 1219,Philadelphia,FL,Pizza,4,Strong,2023-10-01,Monday,1,1.0,0.0,1.0,0.0,56.0,56.0,12.19,12.19,5.26,True
f4a7fd62-81da-4d82-935b-1479d26d6b51,Restaurant 1250,Philadelphia,FL,Burgers,4,Strong,2023-03-01,Monday,1,1.0,0.0,1.0,1.0,24.0,24.0,45.21,45.21,3.88,True
9b90b1a9-c571-443b-9d73-e81c1adf9bc4,Restaurant 1269,Philadelphia,FL,Pizza,4,Strong,2024-09-01,Tuesday,1,1.0,0.0,1.0,1.0,45.0,45.0,49.11,49.11,3.15,True
82310495-df35-4311-9a38-4b263b20a636,Restaurant 1280,Philadelphia,FL,Pizza,4,Strong,2023-01-01,Wednesday,1,1.0,0.0,1.0,1.0,34.0,34.0,30.63,30.63,2.58,True
18842fb1-e4d5-4217-a02d-aa648ecfe758,Restaurant 1319,Philadelphia,FL,Sushi,4,Strong,2023-04-01,Thursday,1,1.0,0.0,1.0,1.0,35.0,35.0,20.56,20.56,4.18,True
6d8e5a88-891a-4930-af83-e6a2bb5e3aae,Restaurant 1367,Philadelphia,FL,Thai,4,Strong,2023-05-01,Tuesday,1,1.0,0.0,1.0,0.0,67.0,67.0,8.0,8.0,2.56,True
4c53a8cf-a625-4c95-8616-b668b5fd747d,Restaurant 1379,Philadelphia,FL,Sushi,4,Strong,2023-05-01,Saturday,1,1.0,0.0,1.0,0.0,45.0,45.0,35.67,35.67,5.37,True
0beb9c08-4c03-41cf-adbe-3940b0f89ced,Restaurant 1402,Philadelphia,FL,Thai,4,Strong,2022-05-01,Sunday,1,1.0,0.0,1.0,1.0,28.0,28.0,8.0,8.0,3.18,True
3cbde401-0a76-450b-ac8f-41d387a33ec6,Restaurant 1456,Philadelphia,FL,Italian,4,Strong,2023-05-01,Wednesday,1,1.0,0.0,1.0,0.0,49.0,49.0,23.95,23.95,2.84,True
75ad097f-df27-48d0-999b-76a2a3d9a2c1,Restaurant 1498,Philadelphia,FL,Seafood,4,Strong,2024-05-01,Tuesday,1,1.0,0.0,1.0,1.0,34.0,34.0,44.77,44.77,2.69,True
27df9f59-ff34-4400-86d8-a118ed563a65,Restaurant 1514,Philadelphia,FL,Thai,4,Strong,2023-07-01,Sunday,1,1.0,0.0,1.0,1.0,21.0,21.0,33.85,33.85,4.68,True
0d517b9e-7b23-4590-a10d-57e102ae6bbd,Restaurant 1518,Philadelphia,FL,Italian,4,Strong,2023-04-01,Saturday,1,1.0,0.0,1.0,0.0,50.0,50.0,44.8,44.8,5.14,True
829587aa-6cc3-43f8-8912-bcc759a62dac,Restaurant 1552,Philadelphia,FL,Thai,4,Strong,2024-10-01,Wednesday,1,1.0,0.0,1.0,1.0,19.0,19.0,13.69,13.69,6.32,True
0e4ad90d-aaa3-4cb2-b4f9-ef9e683e07ec,Restaurant 1576,Philadelphia,FL,Mexican,4,Strong,2023-07-01,Thursday,1,1.0,0.0,1.0,1.0,52.0,52.0,26.47,26.47,6.3,True
bd4ddf74-8039-4890-ad6d-638b1ec808fc,Restaurant 1640,Philadelphia,FL,Coffee & Tea,5,Elite,2023-10-01,Monday,1,1.0,0.0,1.0,1.0,39.0,39.0,22.95,22.95,5.94,True
d9890ea1-fe6c-4e8b-99e7-0d4da31c948a,Restaurant 1738,Philadelphia,FL,Thai,5,Elite,2024-04-01,Monday,1,1.0,0.0,1.0,0.0,58.0,58.0,33.32,33.32,5.45,True
7eb68238-8d3a-41cd-bf34-7ea52f78ba9f,Restaurant 1749,Philadelphia,FL,Seafood,5,Elite,2022-05-01,Saturday,1,1.0,0.0,1.0,1.0,10.0,10.0,38.15,38.15,4.31,True
fe2a4fb5-d947-46d0-8ad1-3337a6b03e9c,Restaurant 1762,Philadelphia,FL,Coffee & Tea,5,Elite,2022-04-01,Sunday,1,1.0,0.0,1.0,1.0,35.0,35.0,33.74,33.74,6.71,True
48912f94-667c-4dbc-a3b4-2a97aa167459,Restaurant 1887,Philadelphia,FL,Burgers,5,Elite,2024-02-01,Friday,1,1.0,0.0,1.0,0.0,33.0,33.0,33.28,33.28,2.06,True
9d11ebd1-c487-4786-b35c-fa54ba280537,Restaurant 1923,Philadelphia,FL,Thai,5,Elite,2024-09-01,Friday,1,1.0,0.0,1.0,1.0,33.0,33.0,27.72,27.72,1.35,True
97fafae4-9a85-42ce-a2c3-16a17ddb99a5,Restaurant 1946,Philadelphia,FL,Seafood,5,Elite,2024-12-01,Wednesday,1,1.0,0.0,1.0,0.0,54.0,54.0,26.8,26.8,6.83,True
aa519685-21e4-41ae-a6d6-612cbf683b76,Restaurant 1989,Philadelphia,FL,Thai,5,Elite,2024-05-01,Tuesday,1,1.0,0.0,1.0,1.0,29.0,29.0,26.53,26.53,6.5,True
f0ef8ee6-7277-4770-9b50-0ed3e101c630,Restaurant 1990,Philadelphia,FL,Seafood,5,Elite,2022-12-01,Monday,1,1.0,0.0,1.0,1.0,30.0,30.0,40.64,40.64,4.84,True
255db5b6-f856-4ad9-902a-b189c60e7ede,Restaurant 11,Philadelphia,IL,Sushi,1,Low,2024-05-01,Wednesday,1,1.0,0.0,1.0,1.0,48.0,48.0,8.0,8.0,1.86,True
8b8f0d21-e43f-4f07-ad76-25d9ced2704a,Restaurant 19,Philadelphia,IL,Chinese,1,Low,2022-02-01,Tuesday,1,1.0,0.0,1.0,1.0,45.0,45.0,11.74,11.74,5.98,True
18674b04-e930-4893-8bc5-99447b17290a,Restaurant 134,Philadelphia,IL,Seafood,1,Low,2023-04-01,Monday,1,1.0,0.0,1.0,1.0,25.0,25.0,14.38,14.38,5.63,True
f83ba527-0f70-4f16-a702-acf43ab6b06a,Restaurant 161,Philadelphia,IL,Sushi,1,Low,2024-02-01,Wednesday,1,1.0,0.0,1.0,1.0,43.0,43.0,19.57,19.57,6.44,True
fe9048ac-13af-4e1a-875c-64967ba99e8a,Restaurant 266,Philadelphia,IL,Chinese,1,Low,2023-08-01,Thursday,2,2.0,0.0,1.0,1.0,18.5,25.3,39.36,19.68,4.88,True
6b6120a4-4640-4e7d-ba88-1d967cdbdec7,Restaurant 302,Philadelphia,IL,Burgers,1,Low,2022-05-01,Saturday,1,1.0,0.0,1.0,1.0,17.0,17.0,40.67,40.67,3.72,True
959ee339-0172-4d60-94ab-2121e6e90357,Restaurant 377,Philadelphia,IL,Pizza,1,Low,2022-07-01,Sunday,1,0.0,1.0,0.0,,,,33.07,33.07,3.4,True
34215512-7a10-4e42-9120-d6c1f16ec78e,Restaurant 381,Philadelphia,IL,Sushi,1,Low,2024-01-01,Saturday,1,1.0,0.0,1.0,0.0,49.0,49.0,30.8,30.8,2.91,True
2ba2ff21-347b-49bb-b990-6a12a95ec868,Restaurant 508,Philadelphia,IL,Seafood,2,Below Average,2023-03-01,Saturday,1,1.0,0.0,1.0,1.0,40.0,40.0,23.37,23.37,6.36,True
12ff7c81-fe8d-43d2-ade5-cacbf0af4d8f,Restaurant 574,Philadelphia,IL,American (New),2,Below Average,2022-08-01,Tuesday,1,1.0,0.0,1.0,0.0,51.0,51.0,16.48,16.48,2.92,True
1d1688e0-de22-483b-aaf1-c0268cb69643,Restaurant 604,Philadelphia,IL,Burgers,2,Below Average,2022-03-01,Sunday,1,1.0,0.0,1.0,0.0,50.0,50.0,30.94,30.94,7.51,True
d0314ecf-fb8d-432b-9100-f2703c6a5e96,Restaurant 734,Philadelphia,IL,Coffee & Tea,2,Below Average,2022-09-01,Saturday,1,1.0,0.0,1.0,1.0,41.0,41.0,34.96,34.96,3.97,True
734b7915-f4bd-4fb5-b71f-78b73b81fb9e,Restaurant 902,Philadelphia,IL,Italian,3,Average,2024-05-01,Saturday,1,1.0,0.0,1.0,1.0,25.0,25.0,18.35,18.35,4.04,True
d7ef7662-a859-44a0-b209-c2b4f7d820ac,Restaurant 915,Philadelphia,IL,Pizza,3,Average,2023-03-01,Monday,1,1.0,0.0,1.0,1.0,36.0,36.0,8.0,8.0,7.62,True
1563e5fc-342a-4b9b-b43d-1a6dafe192ec,Restaurant 1032,Philadelphia,IL,Pizza,3,Average,2024-03-01,Wednesday,1,1.0,0.0,1.0,1.0,26.0,26.0,30.09,30.09,6.86,True
9fd1ac32-40ee-4ecb-8c0d-52de3e07c3eb,Restaurant 1058,Philadelphia,IL,Sushi,3,Average,2024-11-01,Friday,1,1.0,0.0,1.0,1.0,25.0,25.0,34.87,34.87,3.02,True
d1a86b12-c280-4734-9e0b-ac7a5b04ce18,Restaurant 1072,Philadelphia,IL,Coffee & Tea,3,Average,2022-09-01,Tuesday,1,0.0,1.0,0.0,,,,10.11,10.11,4.85,True
455d213c-54a2-4739-92a9-96d4c7643fe1,Restaurant 1148,Philadelphia,IL,Italian,3,Average,2022-04-01,Thursday,1,1.0,0.0,1.0,1.0,20.0,20.0,46.42,46.42,6.16,True
1d77fe73-da38-45a4-be9c-e753a6ad9f2a,Restaurant 1195,Philadelphia,IL,Burgers,3,Average,2022-10-01,Wednesday,1,1.0,0.0,1.0,0.0,52.0,52.0,23.62,23.62,4.73,True
7f34527e-447a-4374-b70b-bac185e5df0e,Restaurant 1258,Philadelphia,IL,Burgers,4,Strong,2024-06-01,Wednesday,1,1.0,0.0,1.0,0.0,42.0,42.0,17.88,17.88,4.31,True
24491355-10f3-4e66-a703-ddd3186c5d7d,Restaurant 1286,Philadelphia,IL,Pizza,4,Strong,2022-07-01,Friday,1,1.0,0.0,1.0,1.0,31.0,31.0,8.0,8.0,2.65,True
04f7ef18-da41-42e9-bea1-4497da753c6f,Restaurant 1290,Philadelphia,IL,Seafood,4,Strong,2024-10-01,Monday,1,1.0,0.0,1.0,1.0,26.0,26.0,34.79,34.79,4.39,True
707ea155-8c27-4895-887f-cc2a373d80ab,Restaurant 1299,Philadelphia,IL,Italian,4,Strong,2023-11-01,Friday,1,1.0,0.0,1.0,0.0,43.0,43.0,21.4,21.4,6.52,True
e2296c9b-f89e-475d-9a59-034adf43d332,Restaurant 1323,Philadelphia,IL,American (New),4,Strong,2023-05-01,Friday,1,1.0,0.0,1.0,1.0,50.0,50.0,14.8,14.8,5.14,True
862edc87-f5ee-4d0e-a3b6-17a0a1782b73,Restaurant 1410,Philadelphia,IL,Chinese,4,Strong,2024-07-01,Sunday,1,1.0,0.0,1.0,0.0,58.0,58.0,41.83,41.83,7.27,True
0fb40207-a866-49d4-95e5-d4664388bad0,Restaurant 1419,Philadelphia,IL,Seafood,4,Strong,2022-08-01,Tuesday,1,1.0,0.0,1.0,0.0,40.0,40.0,31.1,31.1,7.52,True
8a7129e1-d5e2-4929-be01-7f0a25f4598c,Restaurant 1466,Philadelphia,IL,Seafood,4,Strong,2022-09-01,Friday,1,1.0,0.0,1.0,1.0,38.0,38.0,45.01,45.01,5.6,True
e3318012-c473-4418-ae10-5a95862630dd,Restaurant 1481,Philadelphia,IL,Sushi,4,Strong,2022-06-01,Thursday,1,1.0,0.0,1.0,1.0,49.0,49.0,36.37,36.37,4.63,True
a09eb8b8-1c92-4a60-920e-5dd1efdf7c90,Restaurant 1488,Philadelphia,IL,Burgers,4,Strong,2022-04-01,Friday,1,1.0,0.0,1.0,1.0,35.0,35.0,25.83,25.83,7.53,True
09d6e93f-fe75-44af-a295-ba67d972c28a,Restaurant 1506,Philadelphia,IL,Sushi,4,Strong,2023-12-01,Thursday,1,1.0,0.0,1.0,1.0,10.0,10.0,48.84,48.84,6.9,True
51d1ccdf-f80e-4399-bf59-2aba16961341,Restaurant 1526,Philadelphia,IL,Chinese,4,Strong,2023-10-01,Monday,1,1.0,0.0,1.0,0.0,64.0,64.0,49.32,49.32,7.65,True
ca49b516-9e43-41ec-a7dc-23edd5251c39,Restaurant 1529,Philadelphia,IL,Pizza,4,Strong,2023-08-01,Saturday,1,1.0,0.0,1.0,1.0,32.0,32.0,22.52,22.52,6.52,True
c013315b-5dbe-4159-85f6-96a0bf6d3a3f,Restaurant 1622,Philadelphia,IL,Mexican,5,Elite,2022-01-01,Friday,1,1.0,0.0,1.0,1.0,32.0,32.0,50.29,50.29,5.84,True
bd7f3331-00ab-4876-9f44-67a258eff00b,Restaurant 1632,Philadelphia,IL,Seafood,5,Elite,2024-11-01,Thursday,1,1.0,0.0,1.0,1.0,38.0,38.0,53.16,53.16,2.72,True
4c2b9abf-bdc0-4c0b-a733-764baa4400b7,Restaurant 1873,Philadelphia,IL,Coffee & Tea,5,Elite,2022-07-01,Friday,1,1.0,0.0,1.0,1.0,28.0,28.0,27.88,27.88,4.07,True
cb0eb21c-b9c4-4235-9370-77861005de7b,Restaurant 1875,Philadelphia,IL,Thai,5,Elite,2024-02-01,Sunday,1,1.0,0.0,1.0,0.0,21.0,21.0,39.52,39.52,2.37,True
32fc6be9-ccc3-4aa3-8a0a-01da90f0ae88,Restaurant 1894,Philadelphia,IL,Chinese,5,Elite,2022-08-01,Monday,1,1.0,0.0,1.0,0.0,41.0,41.0,33.98,33.98,2.66,True
db7f1a46-58b9-4624-bc5a-5cc4877ee3a1,Restaurant 1903,Philadelphia,IL,Seafood,5,Elite,2023-05-01,Monday,1,1.0,0.0,1.0,0.0,36.0,36.0,31.93,31.93,6.5,True
f7891691-a053-476b-b33a-28fcc2830410,Restaurant 1935,Philadelphia,IL,Burgers,5,Elite,2023-09-01,Monday,1,1.0,0.0,1.0,1.0,43.0,43.0,29.29,29.29,5.43,True
5ba59135-08cf-4bdd-88ef-71a4e0a687d2,Restaurant 1962,Philadelphia,IL,Coffee & Tea,5,Elite,2024-12-01,Monday,1,0.0,1.0,0.0,,,,44.77,44.77,1.63,True
b2d4b6cf-b248-43e2-b630-98b0af95fae7,Restaurant 1973,Philadelphia,IL,American (New),5,Elite,2024-02-01,Tuesday,1,1.0,0.0,1.0,1.0,28.0,28.0,16.55,16.55,7.61,True
703dfc36-3a34-4d48-97bf-6ef384868e11,Restaurant 1988,Philadelphia,IL,American (New),5,Elite,2023-08-01,Monday,1,1.0,0.0,1.0,1.0,46.0,46.0,33.0,33.0,3.53,True
50ab1adc-bdf5-4eb4-b5a1-72842c30a0f4,Restaurant 167,Philadelphia,CO,Burgers,1,Low,2024-09-01,Monday,1,1.0,0.0,1.0,1.0,19.0,19.0,21.94,21.94,5.97,True
60bac4b7-e0e5-43d3-b1a0-952b377afe55,Restaurant 193,Philadelphia,CO,Sushi,1,Low,2024-09-01,Sunday,1,1.0,0.0,1.0,1.0,21.0,21.0,8.0,8.0,7.27,True
53e230c7-815a-47f9-9cf7-b99477c82453,Restaurant 220,Philadelphia,CO,Thai,1,Low,2023-10-01,Sunday,1,1.0,0.0,1.0,0.0,55.0,55.0,8.0,8.0,3.07,True
2f9a2f5b-dbcd-4cdb-813d-d62ffe6140d6,Restaurant 277,Philadelphia,CO,Thai,1,Low,2023-03-01,Tuesday,1,1.0,0.0,1.0,1.0,18.0,18.0,23.16,23.16,6.65,True
c91f0492-e374-448f-9ff5-59ebeb42f7af,Restaurant 306,Philadelphia,CO,Thai,1,Low,2024-10-01,Wednesday,1,1.0,0.0,1.0,1.0,30.0,30.0,26.28,26.28,4.57,True
c4cfb25e-27a9-4fba-9ed9-0f21f19a38cd,Restaurant 367,Philadelphia,CO,Mexican,1,Low,2023-02-01,Tuesday,1,1.0,0.0,1.0,0.0,35.0,35.0,34.3,34.3,3.36,True
90fad54d-5356-4748-a873-66024d5fd74f,Restaurant 395,Philadelphia,CO,Italian,1,Low,2023-08-01,Monday,1,1.0,0.0,1.0,0.0,45.0,45.0,25.58,25.58,7.8,True
5aa180ba-fa96-4ea5-b66a-a5c1a1881e03,Restaurant 454,Philadelphia,CO,Sushi,2,Below Average,2022-06-01,Wednesday,1,1.0,0.0,1.0,1.0,17.0,17.0,13.26,13.26,6.69,True
166c4f60-ee78-432b-8fcf-7cb3effa9d96,Restaurant 461,Philadelphia,CO,Sushi,2,Below Average,2022-09-01,Friday,1,1.0,0.0,1.0,1.0,17.0,17.0,39.66,39.66,6.65,True
f78ac04b-8828-44e5-9ab7-8612af2be2ed,Restaurant 498,Philadelphia,CO,Pizza,2,Below Average,2022-04-01,Friday,1,1.0,0.0,1.0,0.0,53.0,53.0,21.07,21.07,2.61,True
c58511e2-7722-45db-a324-c70baad7b83b,Restaurant 527,Philadelphia,CO,American (New),2,Below Average,2023-11-01,Friday,1,1.0,0.0,1.0,0.0,30.0,30.0,24.43,24.43,7.4,True
3bcfb998-0838-4404-bd85-1c937d6bba27,Restaurant 640,Philadelphia,CO,Italian,2,Below Average,2022-06-01,Saturday,1,1.0,0.0,1.0,1.0,44.0,44.0,20.57,20.57,2.3,True
b7d5dc5c-a74e-4884-8a08-b588145a5695,Restaurant 664,Philadelphia,CO,American (New),2,Below Average,2023-07-01,Thursday,1,1.0,0.0,1.0,1.0,40.0,40.0,24.22,24.22,3.28,True
52e8fb34-c578-4ef6-aa7a-6b36da3362b7,Restaurant 676,Philadelphia,CO,Coffee & Tea,2,Below Average,2023-02-01,Monday,1,1.0,0.0,1.0,0.0,42.0,42.0,16.02,16.02,6.28,True
f3124524-fe88-43db-bdc0-b8899ac991b0,Restaurant 728,Philadelphia,CO,Chinese,2,Below Average,2024-04-01,Thursday,1,1.0,0.0,1.0,1.0,14.0,14.0,51.42,51.42,7.62,True
52775d01-bd36-429f-a4bf-98ea53967b12,Restaurant 760,Philadelphia,CO,Pizza,2,Below Average,2024-09-01,Tuesday,1,1.0,0.0,1.0,1.0,19.0,19.0,22.49,22.49,6.23,True
610b9511-169a-482d-b6c7-868749a8dc02,Restaurant 780,Philadelphia,CO,Mexican,2,Below Average,2024-04-01,Wednesday,1,1.0,0.0,1.0,1.0,35.0,35.0,55.68,55.68,1.85,True
b8548863-aaf9-4e15-89a2-7f88a0c42b08,Restaurant 911,Philadelphia,CO,Seafood,3,Average,2023-12-01,Saturday,1,1.0,0.0,1.0,1.0,28.0,28.0,8.0,8.0,1.51,True
6246a3ea-031d-46d2-ac96-8112879411b3,Restaurant 913,Philadelphia,CO,Burgers,3,Average,2022-10-01,Monday,1,1.0,0.0,1.0,0.0,44.0,44.0,23.24,23.24,7.92,True
2c2f6ec2-2155-443b-abc4-0ef3d003f4ed,Restaurant 928,Philadelphia,CO,Mexican,3,Average,2024-02-01,Wednesday,1,1.0,0.0,1.0,1.0,10.0,10.0,11.63,11.63,4.46,True
2481c45e-4b90-4472-aaa7-e14d81b4f2bf,Restaurant 965,Philadelphia,CO,Burgers,3,Average,2023-04-01,Saturday,1,1.0,0.0,1.0,0.0,47.0,47.0,26.78,26.78,1.41,True
4ec9fe38-9d1f-4f7d-96f3-4d4149e45e97,Restaurant 993,Philadelphia,CO,Burgers,3,Average,2023-04-01,Friday,1,1.0,0.0,1.0,1.0,20.0,20.0,8.0,8.0,4.7,True
e296d202-f022-42b9-988d-360a619d8343,Restaurant 1020,Philadelphia,CO,Burgers,3,Average,2023-08-01,Sunday,1,1.0,0.0,1.0,1.0,54.0,54.0,22.42,22.42,4.47,True
37d7f590-d95e-44f2-897a-98750153f803,Restaurant 1046,Philadelphia,CO,Burgers,3,Average,2022-10-01,Friday,1,1.0,0.0,1.0,1.0,42.0,42.0,46.6,46.6,5.84,True
98704bbd-22a4-4064-90df-f0915b69bccf,Restaurant 1086,Philadelphia,CO,Thai,3,Average,2022-09-01,Friday,1,0.0,1.0,0.0,,,,42.92,42.92,4.07,True
91db77b1-0bab-456d-a759-f24b7da60d83,Restaurant 1168,Philadelphia,CO,Seafood,3,Average,2023-11-01,Friday,1,1.0,0.0,1.0,0.0,47.0,47.0,32.54,32.54,7.58,True
3e615fe9-f6eb-4d9c-8e58-66031363460a,Restaurant 1174,Philadelphia,CO,Seafood,3,Average,2022-05-01,Friday,1,1.0,0.0,1.0,1.0,36.0,36.0,44.22,44.22,2.62,True
cf052e07-e854-425f-aa56-1f8759dc14af,Restaurant 1184,Philadelphia,CO,Seafood,3,Average,2022-09-01,Sunday,1,1.0,0.0,1.0,1.0,33.0,33.0,36.46,36.46,7.24,True
394f87d6-2bc1-4cdf-a7ee-8969c305999c,Restaurant 1196,Philadelphia,CO,Seafood,3,Average,2024-02-01,Saturday,1,1.0,0.0,1.0,0.0,51.0,51.0,36.01,36.01,1.42,True
32416e25-476c-4c1a-8a99-eb9067939b8e,Restaurant 1232,Philadelphia,CO,Pizza,4,Strong,2024-09-01,Monday,1,1.0,0.0,1.0,1.0,36.0,36.0,27.6,27.6,3.26,True
8d7b7c77-224e-44e7-abd2-58440cf94146,Restaurant 1256,Philadelphia,CO,Seafood,4,Strong,2024-05-01,Thursday,1,1.0,0.0,1.0,1.0,38.0,38.0,8.3,8.3,3.76,True
b3421fcf-c288-4154-bb38-a76cdb5493b6,Restaurant 1287,Philadelphia,CO,Italian,4,Strong,2024-08-01,Thursday,1,1.0,0.0,1.0,1.0,22.0,22.0,28.17,28.17,7.92,True
7d77f3d5-9661-4a48-bc50-276af59798f0,Restaurant 1293,Philadelphia,CO,Thai,4,Strong,2024-07-01,Wednesday,1,1.0,0.0,1.0,1.0,31.0,31.0,29.93,29.93,7.18,True
cc86ffe0-902e-4790-87df-41573291b731,Restaurant 1314,Philadelphia,CO,Thai,4,Strong,2023-04-01,Friday,1,1.0,0.0,1.0,0.0,42.0,42.0,9.92,9.92,6.49,True
4db6e23b-c2ae-4d32-baf0-3e18a981ee57,Restaurant 1315,Philadelphia,CO,Pizza,4,Strong,2023-03-01,Thursday,1,1.0,0.0,1.0,1.0,27.0,27.0,38.05,38.05,7.07,True
23eb233c-bbb7-41ce-9834-a5cefdc4017a,Restaurant 1356,Philadelphia,CO,Coffee & Tea,4,Strong,2024-08-01,Thursday,1,1.0,0.0,1.0,1.0,12.0,12.0,42.21,42.21,7.06,True
590aee83-b720-448e-b3f2-4a8570d03160,Restaurant 1415,Philadelphia,CO,Chinese,4,Strong,2023-02-01,Sunday,2,2.0,0.0,1.0,0.5,37.5,40.3,64.11,32.06,8.21,True
f1a5c50f-a907-46bf-9c6d-df9a36e6ccbb,Restaurant 1431,Philadelphia,CO,Seafood,4,Strong,2024-04-01,Tuesday,1,1.0,0.0,1.0,1.0,22.0,22.0,35.22,35.22,2.25,True
98950463-b9e8-4a60-956c-1c6be4c6b8a5,Restaurant 1448,Philadelphia,CO,Chinese,4,Strong,2024-10-01,Wednesday,1,1.0,0.0,1.0,1.0,31.0,31.0,49.75,49.75,7.28,True
6a69ee2a-c037-49f4-b45d-70c665a4c016,Restaurant 1450,Philadelphia,CO,Coffee & Tea,4,Strong,2023-10-01,Monday,1,1.0,0.0,1.0,0.0,39.0,39.0,13.94,13.94,4.73,True
acf07cd1-be70-465a-957e-f8ce255df639,Restaurant 1539,Philadelphia,CO,Burgers,4,Strong,2023-05-01,Friday,1,1.0,0.0,1.0,1.0,19.0,19.0,47.05,47.05,6.1,True
f6a5829b-7783-4f62-87e9-8514484e1362,Restaurant 1585,Philadelphia,CO,Italian,4,Strong,2022-09-01,Thursday,1,1.0,0.0,1.0,0.0,50.0,50.0,32.79,32.79,5.5,True
0a81fa0a-021b-4194-a11a-f3eb5998fb70,Restaurant 1634,Philadelphia,CO,Seafood,5,Elite,2023-04-01,Saturday,1,1.0,0.0,1.0,1.0,38.0,38.0,46.59,46.59,7.64,True
27eaab64-09e4-49d5-ad52-955fa9c037d3,Restaurant 1652,Philadelphia,CO,Seafood,5,Elite,2024-12-01,Tuesday,1,1.0,0.0,1.0,1.0,10.0,10.0,8.23,8.23,5.47,True
e332c60f-fa43-408c-95cc-751ec7688d1a,Restaurant 1674,Philadelphia,CO,Sushi,5,Elite,2023-03-01,Tuesday,1,1.0,0.0,1.0,1.0,17.0,17.0,29.93,29.93,6.06,True
e54b34c9-9e3e-44d2-b8ee-cb0e9e34de59,Restaurant 1686,Philadelphia,CO,Sushi,5,Elite,2022-12-01,Friday,1,1.0,0.0,1.0,0.0,24.0,24.0,22.85,22.85,7.98,True
e2e03bb4-3865-4986-8202-d0e2e96a87d0,Restaurant 1723,Philadelphia,CO,Mexican,5,Elite,2024-07-01,Friday,1,1.0,0.0,1.0,1.0,33.0,33.0,12.33,12.33,4.15,True
e73cc532-82c3-4beb-9289-5d3d013cf4ca,Restaurant 1791,Philadelphia,CO,Sushi,5,Elite,2023-08-01,Friday,1,1.0,0.0,1.0,1.0,20.0,20.0,8.0,8.0,1.59,True
abadbe72-251b-4bc9-9985-95a2e42f872f,Restaurant 1802,Philadelphia,CO,Pizza,5,Elite,2024-12-01,Saturday,1,1.0,0.0,1.0,0.0,53.0,53.0,33.72,33.72,6.79,True
d85d6b64-796f-4ef6-bceb-89a17251c012,Restaurant 1838,Philadelphia,CO,Italian,5,Elite,2023-01-01,Wednesday,1,1.0,0.0,1.0,1.0,31.0,31.0,24.74,24.74,5.64,True
d71351bc-86a1-4b0c-9c64-d38c9580cf64,Restaurant 1852,Philadelphia,CO,American (New),5,Elite,2024-01-01,Thursday,1,1.0,0.0,1.0,0.0,52.0,52.0,27.96,27.96,5.69,True
1b673978-6110-45ed-8638-3dc37a269223,Restaurant 1941,Philadelphia,CO,Pizza,5,Elite,2023-09-01,Saturday,1,1.0,0.0,1.0,1.0,21.0,21.0,19.27,19.27,5.29,True
280220a3-448d-4018-b918-53ffc3ded458,Restaurant 1960,Philadelphia,CO,Italian,5,Elite,2022-09-01,Saturday,1,1.0,0.0,1.0,1.0,23.0,23.0,23.31,23.31,7.09,True
5099fcfd-f316-438f-8ac1-7e344eacd601,Restaurant 24,Philadelphia,NY,Coffee & Tea,1,Low,2024-04-01,Sunday,1,1.0,0.0,1.0,1.0,44.0,44.0,16.39,16.39,2.86,True
e7352eaa-c694-44a5-a670-e944f17914f0,Restaurant 1096,Philadelphia,NY,Coffee & Tea,3,Average,2022-02-01,Friday,1,1.0,0.0,1.0,1.0,26.0,26.0,25.75,25.75,6.63,True
5a375f5d-0922-4c68-b1fb-60663f29dbc0,Restaurant 59,Philadelphia,NY,Chinese,1,Low,2022-04-01,Thursday,1,1.0,0.0,1.0,1.0,28.0,28.0,34.53,34.53,6.07,True
fec37f86-aa4f-4db4-9265-1d75f06af877,Restaurant 127,Philadelphia,NY,Pizza,1,Low,2024-08-01,Thursday,1,1.0,0.0,1.0,1.0,30.0,30.0,36.25,36.25,1.56,True
327ace53-d67d-4447-a058-fca86dead6b8,Restaurant 1189,Philadelphia,NY,Seafood,3,Average,2023-03-01,Thursday,1,1.0,0.0,1.0,1.0,31.0,31.0,44.62,44.62,2.12,True
4b8d4948-c14d-4911-be86-42b214d345d5,Restaurant 1210,Philadelphia,NY,Thai,4,Strong,2022-10-01,Thursday,1,1.0,0.0,1.0,1.0,18.0,18.0,28.44,28.44,4.97,True
41af0b3d-cc13-4170-8677-a9ff4a0b8587,Restaurant 1266,Philadelphia,NY,Burgers,4,Strong,2022-08-01,Tuesday,1,1.0,0.0,1.0,1.0,30.0,30.0,21.11,21.11,5.6,True
e2c5120f-4685-4868-a145-2da148452a59,Restaurant 1282,Philadelphia,NY,Coffee & Tea,4,Strong,2023-06-01,Tuesday,1,1.0,0.0,1.0,0.0,46.0,46.0,8.0,8.0,5.71,True
353679c0-b6cf-4b88-8a6c-939619a08447,Restaurant 232,Philadelphia,NY,Thai,1,Low,2022-05-01,Wednesday,1,1.0,0.0,1.0,1.0,44.0,44.0,48.61,48.61,6.54,True
c9b1e53e-1290-451e-a352-412069e5b535,Restaurant 239,Philadelphia,NY,Sushi,1,Low,2024-04-01,Saturday,1,1.0,0.0,1.0,0.0,68.0,68.0,29.28,29.28,2.61,True
fad6bf46-cf2e-4ece-a7e3-97c2a1ca7103,Restaurant 314,Philadelphia,NY,Coffee & Tea,1,Low,2022-03-01,Friday,1,1.0,0.0,1.0,1.0,33.0,33.0,22.31,22.31,1.86,True
51574129-05a3-4c6c-ad79-2db0a1cc99dd,Restaurant 316,Philadelphia,NY,Chinese,1,Low,2023-03-01,Tuesday,2,2.0,0.0,1.0,0.5,31.0,38.2,60.58,30.29,10.43,True
12f16d9a-5a6a-4fd5-b81a-4e7f8651d940,Restaurant 332,Philadelphia,NY,Mexican,1,Low,2023-09-01,Monday,1,1.0,0.0,1.0,1.0,30.0,30.0,8.0,8.0,1.98,True
180960e6-f823-4317-9f3e-438b57ef4c5c,Restaurant 345,Philadelphia,NY,Sushi,1,Low,2024-10-01,Thursday,1,1.0,0.0,1.0,1.0,28.0,28.0,36.97,36.97,3.46,True
bcf3dd2d-e083-463a-be2b-f8ef59aa6c4e,Restaurant 1396,Philadelphia,NY,Coffee & Tea,4,Strong,2023-08-01,Sunday,1,1.0,0.0,1.0,1.0,32.0,32.0,27.89,27.89,7.65,True
5b262e0b-16f4-4533-885a-32d3b65356a9,Restaurant 1401,Philadelphia,NY,Burgers,4,Strong,2024-08-01,Saturday,1,1.0,0.0,1.0,1.0,41.0,41.0,8.0,8.0,4.13,True
2ce46e86-6c14-4f63-8243-80679d286b48,Restaurant 399,Philadelphia,NY,Seafood,1,Low,2023-04-01,Sunday,1,1.0,0.0,1.0,1.0,47.0,47.0,36.19,36.19,3.37,True
6e3f991c-0222-4fa5-9d5f-cbac2558eb9e,Restaurant 1455,Philadelphia,NY,Burgers,4,Strong,2024-01-01,Friday,1,1.0,0.0,1.0,1.0,42.0,42.0,29.43,29.43,6.11,True
874784c7-743a-432a-9a60-8e2efb000967,Restaurant 1460,Philadelphia,NY,Italian,4,Strong,2022-07-01,Monday,1,1.0,0.0,1.0,1.0,12.0,12.0,48.23,48.23,5.43,True
817f20ff-3f1b-4659-9c5d-e2ec34e24e68,Restaurant 425,Philadelphia,NY,Italian,2,Below Average,2024-10-01,Thursday,1,1.0,0.0,1.0,0.0,47.0,47.0,28.95,28.95,1.14,True
ea1d2589-4082-4dc2-959a-36d1fe170df1,Restaurant 1485,Philadelphia,NY,Seafood,4,Strong,2024-09-01,Friday,1,1.0,0.0,1.0,1.0,16.0,16.0,8.0,8.0,2.69,True
3cdf47e2-378b-49af-b4d8-e50d8cc6e15a,Restaurant 471,Philadelphia,NY,Thai,2,Below Average,2023-10-01,Friday,1,0.0,1.0,0.0,,,,28.55,28.55,1.65,True
aa743637-010b-4033-9774-3e2e956bf8b5,Restaurant 525,Philadelphia,NY,Thai,2,Below Average,2022-01-01,Tuesday,1,1.0,0.0,1.0,0.0,49.0,49.0,8.0,8.0,3.53,True
43b9b9bd-5ee1-416b-8d9f-041d4e762f71,Restaurant 1579,Philadelphia,NY,Thai,4,Strong,2022-12-01,Thursday,1,1.0,0.0,1.0,0.0,56.0,56.0,27.63,27.63,4.89,True
2f817f00-6f17-4007-9a83-6f408dde3733,Restaurant 1591,Philadelphia,NY,Chinese,4,Strong,2022-01-01,Saturday,1,1.0,0.0,1.0,1.0,41.0,41.0,44.01,44.01,1.61,True
c7dae061-4e20-4b09-8a64-bbdef93429bb,Restaurant 570,Philadelphia,NY,Burgers,2,Below Average,2022-03-01,Tuesday,1,1.0,0.0,1.0,1.0,10.0,10.0,22.25,22.25,5.43,True
ace9f434-cac5-4812-bfd9-871c0b363a0b,Restaurant 580,Philadelphia,NY,Coffee & Tea,2,Below Average,2023-03-01,Thursday,1,1.0,0.0,1.0,1.0,28.0,28.0,30.06,30.06,3.17,True
42212f1b-f9b1-4ef9-b351-4fe5f5d68f5b,Restaurant 1608,Philadelphia,NY,Chinese,5,Elite,2023-06-01,Monday,1,1.0,0.0,1.0,1.0,35.0,35.0,12.92,12.92,6.29,True
37aca1fd-fdf9-4acc-8a17-363e7518565e,Restaurant 630,Philadelphia,NY,Seafood,2,Below Average,2022-11-01,Wednesday,1,1.0,0.0,1.0,1.0,37.0,37.0,15.1,15.1,3.41,True
a5f39c7d-a96f-43d0-ab8b-145403d850d6,Restaurant 671,Philadelphia,NY,Seafood,2,Below Average,2024-04-01,Saturday,1,1.0,0.0,1.0,1.0,10.0,10.0,14.86,14.86,5.3,True
878ba491-1624-47e0-86e9-4a5218748211,Restaurant 1638,Philadelphia,NY,Mexican,5,Elite,2023-01-01,Monday,1,1.0,0.0,1.0,1.0,28.0,28.0,39.64,39.64,5.14,True
11264f5b-26e6-45b1-88b4-67e23deb3a46,Restaurant 1721,Philadelphia,NY,Thai,5,Elite,2024-04-01,Wednesday,1,1.0,0.0,1.0,1.0,35.0,35.0,14.46,14.46,7.05,True
5317d8c8-53d0-4405-b376-dfe0d224f6b9,Restaurant 1727,Philadelphia,NY,Pizza,5,Elite,2022-03-01,Wednesday,1,1.0,0.0,1.0,1.0,33.0,33.0,33.42,33.42,5.04,True
5e0405cc-e039-43c1-9654-c2b16d645bd6,Restaurant 1733,Philadelphia,NY,Chinese,5,Elite,2022-09-01,Wednesday,1,1.0,0.0,1.0,0.0,52.0,52.0,31.65,31.65,1.77,True
20191d69-1d79-4e4e-8a1b-96b778ba2eb2,Restaurant 1734,Philadelphia,NY,Sushi,5,Elite,2023-04-01,Sunday,1,1.0,0.0,1.0,1.0,30.0,30.0,36.52,36.52,1.22,True
02c4fa7d-b7ff-4a74-a580-63dfb288527d,Restaurant 797,Philadelphia,NY,Italian,2,Below Average,2023-12-01,Sunday,1,1.0,0.0,1.0,1.0,11.0,11.0,30.37,30.37,2.16,True
9599c638-49dd-46d8-84f9-8f916ca8ae36,Restaurant 810,Philadelphia,NY,Mexican,3,Average,2023-01-01,Sunday,1,1.0,0.0,1.0,0.0,40.0,40.0,8.0,8.0,3.68,True
46dfbcd2-f634-47ac-90bd-36d96f4c9cc3,Restaurant 1756,Philadelphia,NY,Seafood,5,Elite,2024-12-01,Thursday,1,0.0,1.0,0.0,,,,46.14,46.14,2.57,True
532b5dc6-cfaf-4ac2-a524-54e04c5e6913,Restaurant 876,Philadelphia,NY,Pizza,3,Average,2022-03-01,Friday,1,1.0,0.0,1.0,1.0,21.0,21.0,9.7,9.7,1.96,True
aa1121a3-be59-47f5-b669-73dd401b7500,Restaurant 1832,Philadelphia,NY,Seafood,5,Elite,2024-12-01,Monday,1,1.0,0.0,1.0,1.0,26.0,26.0,21.53,21.53,1.12,True
c7a27ee0-b732-4fb4-8af4-f8c0997b6031,Restaurant 925,Philadelphia,NY,Burgers,3,Average,2023-06-01,Wednesday,1,1.0,0.0,1.0,0.0,46.0,46.0,8.0,8.0,1.83,True
bf114da7-fb63-4a3b-97f2-a5a5d9afd9d6,Restaurant 939,Philadelphia,NY,Seafood,3,Average,2023-11-01,Wednesday,1,1.0,0.0,1.0,1.0,10.0,10.0,39.14,39.14,5.14,True
59e6ec97-61bc-425c-8997-b45e0cef93d1,Restaurant 1899,Philadelphia,NY,Coffee & Tea,5,Elite,2022-09-01,Thursday,1,1.0,0.0,1.0,1.0,10.0,10.0,38.16,38.16,3.6,True
eb080d94-7489-47cd-95e3-81a740994fee,Restaurant 948,Philadelphia,NY,Chinese,3,Average,2023-08-01,Monday,1,1.0,0.0,1.0,0.0,32.0,32.0,33.78,33.78,6.17,True
5f5eb29e-7f09-48e1-82ab-21228078a1be,Restaurant 1905,Philadelphia,NY,Burgers,5,Elite,2024-11-01,Friday,1,1.0,0.0,1.0,0.0,50.0,50.0,38.68,38.68,7.04,True
fe991fb6-987e-43db-bbb2-f6586e7cc7b9,Restaurant 959,Philadelphia,NY,Italian,3,Average,2024-05-01,Friday,1,1.0,0.0,1.0,1.0,49.0,49.0,21.98,21.98,2.03,True
b487508d-7795-4b27-84f4-d722cd847dfd,Restaurant 1930,Philadelphia,NY,American (New),5,Elite,2023-02-01,Friday,1,1.0,0.0,1.0,1.0,29.0,29.0,44.75,44.75,6.63,True
b9b4fd91-f720-4dfa-9af5-1e741277731d,Restaurant 1945,Philadelphia,NY,Pizza,5,Elite,2024-03-01,Friday,1,1.0,0.0,1.0,1.0,23.0,23.0,18.63,18.63,1.7,True
6cc9541b-be03-494c-a3a2-2ca8a4e403be,Restaurant 996,Philadelphia,NY,American (New),3,Average,2023-09-01,Monday,1,1.0,0.0,1.0,1.0,10.0,10.0,29.41,29.41,2.07,True
990e4fbc-bea9-45c2-b137-c5a01a23070d,Restaurant 998,Philadelphia,NY,Burgers,3,Average,2022-02-01,Sunday,1,1.0,0.0,1.0,0.0,50.0,50.0,32.73,32.73,7.73,True
588252e0-9608-4573-be20-ef66d3a7473d,Restaurant 1004,Philadelphia,NY,Burgers,3,Average,2024-02-01,Monday,1,1.0,0.0,1.0,1.0,27.0,27.0,39.22,39.22,6.63,True
859e8489-c9dc-45c2-9337-5d2d16b39129,Restaurant 0,Philadelphia,PA,Seafood,1,Low,2024-04-01,Wednesday,1,1.0,0.0,1.0,1.0,29.0,29.0,30.3,30.3,3.34,True
b3cc076c-17bb-4448-bc7d-5e051f6c9d05,Restaurant 1036,Philadelphia,PA,Coffee & Tea,3,Average,2023-10-01,Wednesday,1,1.0,0.0,1.0,0.0,50.0,50.0,59.54,59.54,2.11,True
40cef1ea-5719-460f-8c9e-41332dd5ceb5,Restaurant 1,Philadelphia,PA,American (New),1,Low,2023-05-01,Wednesday,1,1.0,0.0,1.0,1.0,41.0,41.0,8.77,8.77,3.38,True
059fb9bb-2f80-4abe-9be9-20619dc5cccd,Restaurant 1068,Philadelphia,PA,American (New),3,Average,2024-02-01,Friday,1,1.0,0.0,1.0,1.0,32.0,32.0,11.88,11.88,5.9,True
0a7f217f-1c94-46f8-bd93-83def3d00a8f,Restaurant 1109,Philadelphia,PA,Sushi,3,Average,2024-02-01,Monday,1,1.0,0.0,1.0,1.0,43.0,43.0,8.0,8.0,1.37,True
23a52345-31ad-4f02-b9c0-e8186775e859,Restaurant 108,Philadelphia,PA,Burgers,1,Low,2024-04-01,Monday,1,1.0,0.0,1.0,1.0,25.0,25.0,32.37,32.37,6.46,True
312586e7-d473-4d2e-a7ae-1c4a601b1e16,Restaurant 1128,Philadelphia,PA,Burgers,3,Average,2024-12-01,Saturday,1,1.0,0.0,1.0,1.0,13.0,13.0,31.38,31.38,1.67,True
0eab7582-b95e-43fb-9f25-12ed9500e955,Restaurant 1132,Philadelphia,PA,Burgers,3,Average,2023-11-01,Tuesday,1,1.0,0.0,1.0,1.0,35.0,35.0,47.78,47.78,6.35,True
55d715ee-23e9-4d4e-8118-2663557cb27f,Restaurant 1170,Philadelphia,PA,Sushi,3,Average,2022-08-01,Saturday,1,1.0,0.0,1.0,1.0,36.0,36.0,25.23,25.23,4.16,True
f1da8164-8760-47a9-8111-bcf1ee606ba3,Restaurant 150,Philadelphia,PA,Seafood,1,Low,2024-12-01,Tuesday,1,0.0,1.0,0.0,,,,16.89,16.89,3.9,True
fd2f7669-544e-4b1a-9812-5448e1800cc1,Restaurant 165,Philadelphia,PA,Mexican,1,Low,2022-11-01,Sunday,1,0.0,1.0,0.0,,,,30.53,30.53,1.63,True
af8468a4-30bb-461b-8e81-867623dd6a66,Restaurant 188,Philadelphia,PA,Chinese,1,Low,2024-07-01,Friday,1,1.0,0.0,1.0,1.0,39.0,39.0,30.11,30.11,7.74,True
e146995b-fa5c-4338-b38c-43cf9ea70e2b,Restaurant 1233,Philadelphia,PA,Pizza,4,Strong,2024-02-01,Monday,1,1.0,0.0,1.0,1.0,50.0,50.0,13.2,13.2,3.53,True
1e0c843b-bdba-4dd4-a305-74303bac4eef,Restaurant 1262,Philadelphia,PA,Chinese,4,Strong,2022-06-01,Thursday,1,1.0,0.0,1.0,0.0,36.0,36.0,26.68,26.68,4.4,True
ea894346-3083-48a4-91a5-1b9cf16c953b,Restaurant 1273,Philadelphia,PA,Pizza,4,Strong,2024-08-01,Saturday,1,1.0,0.0,1.0,1.0,30.0,30.0,20.9,20.9,3.86,True
ac9944ad-382b-4167-9491-21e4402a2066,Restaurant 1277,Philadelphia,PA,Chinese,4,Strong,2024-01-01,Tuesday,1,1.0,0.0,1.0,1.0,37.0,37.0,33.4,33.4,2.32,True
2d774ff3-f056-4a09-82a3-570f35f79621,Restaurant 221,Philadelphia,PA,Burgers,1,Low,2022-07-01,Wednesday,1,1.0,0.0,1.0,1.0,35.0,35.0,31.38,31.38,1.21,True
3f96a85e-c90c-4670-970a-034799845a21,Restaurant 260,Philadelphia,PA,Mexican,1,Low,2022-01-01,Thursday,1,1.0,0.0,1.0,1.0,23.0,23.0,29.95,29.95,5.11,True
2ae0bcf3-cd33-40cd-aa41-c1a7fe0a967f,Restaurant 1284,Philadelphia,PA,Coffee & Tea,4,Strong,2024-10-01,Tuesday,1,1.0,0.0,1.0,0.0,54.0,54.0,33.58,33.58,6.51,True
b56a66f1-6a1d-48d0-b582-2b0468ac7e60,Restaurant 1295,Philadelphia,PA,Pizza,4,Strong,2022-08-01,Saturday,1,1.0,0.0,1.0,1.0,15.0,15.0,29.52,29.52,2.52,True
352a8931-cee8-43b6-bfa5-f4ad5c9bfb69,Restaurant 344,Philadelphia,PA,Mexican,1,Low,2023-12-01,Saturday,1,1.0,0.0,1.0,1.0,20.0,20.0,31.53,31.53,1.38,True
8c0e0dbc-73b6-4b90-8c72-cbaab8192c55,Restaurant 388,Philadelphia,PA,Thai,1,Low,2024-05-01,Sunday,1,1.0,0.0,1.0,0.0,42.0,42.0,31.74,31.74,4.66,True
fc43590c-3a48-4750-a11b-f806ef228efa,Restaurant 1422,Philadelphia,PA,Sushi,4,Strong,2023-07-01,Sunday,1,1.0,0.0,1.0,0.0,54.0,54.0,44.17,44.17,3.67,True
0c9d0199-fe0f-4cc7-aa9a-55953f137425,Restaurant 1451,Philadelphia,PA,American (New),4,Strong,2024-05-01,Saturday,1,1.0,0.0,1.0,1.0,32.0,32.0,30.49,30.49,7.23,True
694469d4-76ee-490b-9786-4cce70a9d388,Restaurant 449,Philadelphia,PA,Coffee & Tea,2,Below Average,2024-12-01,Wednesday,1,0.0,1.0,0.0,,,,31.68,31.68,3.27,True
7634650c-d7d5-4b95-8bf9-6214c323c454,Restaurant 512,Philadelphia,PA,Italian,2,Below Average,2022-07-01,Thursday,1,1.0,0.0,1.0,0.0,50.0,50.0,57.92,57.92,7.47,True
037471d3-f709-4a65-8a32-25594bba08fa,Restaurant 542,Philadelphia,PA,Burgers,2,Below Average,2022-08-01,Wednesday,1,1.0,0.0,1.0,1.0,30.0,30.0,13.39,13.39,6.66,True
15cb2ecc-5e16-4a68-8e7c-d4dba86092c1,Restaurant 603,Philadelphia,PA,Mexican,2,Below Average,2024-10-01,Monday,1,1.0,0.0,1.0,1.0,18.0,18.0,23.84,23.84,6.58,True
97b58304-f5c8-433a-b451-208b7b756c15,Restaurant 1594,Philadelphia,PA,Burgers,4,Strong,2024-11-01,Monday,1,1.0,0.0,1.0,0.0,64.0,64.0,20.44,20.44,1.73,True
a23bdf06-826b-46d3-aecf-fa30a6adb893,Restaurant 1628,Philadelphia,PA,Thai,5,Elite,2024-09-01,Tuesday,1,1.0,0.0,1.0,1.0,14.0,14.0,20.35,20.35,2.34,True
dd0deac7-f785-487f-bfb9-07e703ba337f,Restaurant 1664,Philadelphia,PA,Pizza,5,Elite,2022-12-01,Monday,1,1.0,0.0,1.0,1.0,31.0,31.0,20.67,20.67,7.16,True
15e5f8a8-a5bb-4655-bac8-79a8a7705a9b,Restaurant 715,Philadelphia,PA,Pizza,2,Below Average,2022-01-01,Thursday,1,1.0,0.0,1.0,1.0,46.0,46.0,28.81,28.81,4.81,True
966ffa93-4e00-4238-84d3-eb99b7b8b574,Restaurant 1700,Philadelphia,PA,Mexican,5,Elite,2022-06-01,Wednesday,1,1.0,0.0,1.0,1.0,30.0,30.0,26.76,26.76,7.28,True
80fa5fc6-09fd-427a-970e-8383d450afc8,Restaurant 725,Philadelphia,PA,Coffee & Tea,2,Below Average,2022-10-01,Monday,1,1.0,0.0,1.0,1.0,21.0,21.0,58.49,58.49,7.28,True
907086a2-cf58-43c1-8fa8-8d1779f622d2,Restaurant 1716,Philadelphia,PA,American (New),5,Elite,2022-07-01,Saturday,1,1.0,0.0,1.0,1.0,31.0,31.0,29.45,29.45,6.06,True
a60b2ced-0120-45b6-bad7-333819ca5436,Restaurant 1720,Philadelphia,PA,Mexican,5,Elite,2024-03-01,Sunday,1,1.0,0.0,1.0,1.0,28.0,28.0,21.97,21.97,2.7,True
f4a76288-da53-439e-aa64-d1e98a00e26c,Restaurant 738,Philadelphia,PA,Burgers,2,Below Average,2024-08-01,Saturday,1,1.0,0.0,1.0,1.0,27.0,27.0,17.98,17.98,2.49,True
864250a8-30c8-41b0-ab9b-3a9e3b656bfc,Restaurant 798,Philadelphia,PA,Seafood,2,Below Average,2022-07-01,Saturday,1,1.0,0.0,1.0,1.0,24.0,24.0,37.31,37.31,6.98,True
1ff0321c-7fbe-4445-b1f0-4fa06ee52a6c,Restaurant 815,Philadelphia,PA,Italian,3,Average,2023-07-01,Thursday,1,1.0,0.0,1.0,1.0,22.0,22.0,35.24,35.24,3.01,True
89239dce-4113-4057-b918-d89f65a66bca,Restaurant 851,Philadelphia,PA,Burgers,3,Average,2023-07-01,Monday,1,0.0,1.0,0.0,,,,8.0,8.0,2.61,True
435ebcce-d017-498f-bf72-6cd1350d218c,Restaurant 869,Philadelphia,PA,Coffee & Tea,3,Average,2024-02-01,Tuesday,1,1.0,0.0,1.0,1.0,50.0,50.0,37.74,37.74,3.35,True
89a84829-6b04-47b8-86c7-25e0f87d8bdf,Restaurant 1779,Philadelphia,PA,Italian,5,Elite,2022-09-01,Sunday,1,1.0,0.0,1.0,1.0,24.0,24.0,27.55,27.55,1.26,True
0886f332-97bd-48a7-82b2-a51d36b96a6c,Restaurant 1789,Philadelphia,PA,Pizza,5,Elite,2022-05-01,Wednesday,1,1.0,0.0,1.0,1.0,17.0,17.0,26.21,26.21,2.51,True
b171a987-18e0-4143-a3ac-73f04e51154c,Restaurant 918,Philadelphia,PA,Pizza,3,Average,2023-08-01,Monday,1,1.0,0.0,1.0,1.0,11.0,11.0,25.38,25.38,7.42,True
b1718ddb-5b58-45ea-bdb8-d9f01304f55a,Restaurant 1841,Philadelphia,PA,Pizza,5,Elite,2022-03-01,Monday,1,1.0,0.0,1.0,0.0,42.0,42.0,32.6,32.6,7.18,True
1d944406-d9d7-4e0c-bcce-d0725f346f07,Restaurant 929,Philadelphia,PA,Sushi,3,Average,2024-05-01,Thursday,1,1.0,0.0,1.0,1.0,22.0,22.0,29.42,29.42,4.4,True
926c3f48-7732-457e-895f-7ada0b6f8e59,Restaurant 932,Philadelphia,PA,Coffee & Tea,3,Average,2022-01-01,Tuesday,1,1.0,0.0,1.0,1.0,32.0,32.0,24.36,24.36,6.49,True
88cf80a0-e003-4353-996c-fe9db6da14ba,Restaurant 945,Philadelphia,PA,Sushi,3,Average,2023-03-01,Friday,1,1.0,0.0,1.0,1.0,20.0,20.0,24.89,24.89,1.95,True
6cf9feb9-6534-49f6-a7d0-efd9c0e448b6,Restaurant 949,Philadelphia,PA,Mexican,3,Average,2023-03-01,Thursday,1,1.0,0.0,1.0,1.0,33.0,33.0,11.46,11.46,3.22,True
930c80fa-74c9-4aab-a797-9e92b4e3e3ae,Restaurant 972,Philadelphia,PA,Seafood,3,Average,2023-06-01,Wednesday,1,1.0,0.0,1.0,1.0,32.0,32.0,23.07,23.07,4.18,True
a37a1be3-2ab8-4aa3-be3b-c506e45de798,Restaurant 995,Philadelphia,PA,Chinese,3,Average,2023-02-01,Saturday,1,1.0,0.0,1.0,1.0,21.0,21.0,33.42,33.42,1.58,True
7a9e7943-30f8-40ea-bd07-cfaff2bc5a8b,Restaurant 1012,Philadelphia,PA,Italian,3,Average,2024-07-01,Tuesday,1,1.0,0.0,1.0,1.0,17.0,17.0,26.52,26.52,3.73,True
73dc46bb-192a-49fb-8db0-c087ba1bc291,Restaurant 1997,Philadelphia,PA,Sushi,5,Elite,2024-02-01,Thursday,1,1.0,0.0,1.0,0.0,39.0,39.0,15.35,15.35,1.06,True
fbf6332c-31b4-4eac-97d8-a4d40398bb35,Restaurant 101,Philadelphia,WA,Pizza,1,Low,2023-08-01,Friday,1,1.0,0.0,1.0,0.0,42.0,42.0,49.97,49.97,1.31,True
74e436ee-3905-4fbf-8069-1ccf413759b4,Restaurant 158,Philadelphia,WA,Chinese,1,Low,2023-07-01,Sunday,1,1.0,0.0,1.0,1.0,22.0,22.0,58.59,58.59,4.02,True
da5fa659-0076-4026-9d72-5e73d4143276,Restaurant 213,Philadelphia,WA,American (New),1,Low,2023-10-01,Sunday,1,1.0,0.0,1.0,1.0,39.0,39.0,43.27,43.27,4.92,True
1450b992-ae40-4f08-ac9b-181ed7f32aba,Restaurant 336,Philadelphia,WA,Italian,1,Low,2024-07-01,Saturday,1,1.0,0.0,1.0,1.0,13.0,13.0,8.0,8.0,5.38,True
ff1307a7-d9b3-4b73-a5dc-1051b1a8bf30,Restaurant 440,Philadelphia,WA,Coffee & Tea,2,Below Average,2022-06-01,Monday,1,1.0,0.0,1.0,0.0,51.0,51.0,16.5,16.5,5.6,True
dc9b7df1-239b-45c1-9adf-3c426381fabc,Restaurant 453,Philadelphia,WA,Mexican,2,Below Average,2022-07-01,Wednesday,2,2.0,0.0,1.0,1.0,16.0,16.8,85.79,42.9,10.6,True
4ae2a95c-4f3f-4078-a542-685cc396e39a,Restaurant 465,Philadelphia,WA,American (New),2,Below Average,2022-08-01,Saturday,1,1.0,0.0,1.0,1.0,10.0,10.0,28.7,28.7,5.34,True
c0689d68-05eb-4dd7-ad09-9a15432b44a0,Restaurant 474,Philadelphia,WA,American (New),2,Below Average,2024-08-01,Thursday,1,1.0,0.0,1.0,1.0,34.0,34.0,30.52,30.52,1.77,True
b0d9e6a3-fec2-4d19-b119-a681f182e368,Restaurant 480,Philadelphia,WA,Mexican,2,Below Average,2022-04-01,Thursday,1,1.0,0.0,1.0,0.0,53.0,53.0,26.74,26.74,6.89,True
a1adf48d-e0a0-4e19-90b8-607a4613fdc2,Restaurant 524,Philadelphia,WA,Coffee & Tea,2,Below Average,2024-07-01,Tuesday,1,1.0,0.0,1.0,1.0,20.0,20.0,16.82,16.82,5.88,True
72eed0c7-ee34-407a-b310-8a3ec47acf3d,Restaurant 537,Philadelphia,WA,Chinese,2,Below Average,2024-04-01,Saturday,1,1.0,0.0,1.0,0.0,85.0,85.0,28.99,28.99,2.94,True
c46d381c-28e1-4ad1-a90f-63d75b58b38e,Restaurant 646,Philadelphia,WA,Mexican,2,Below Average,2024-11-01,Sunday,1,1.0,0.0,1.0,0.0,43.0,43.0,13.22,13.22,7.28,True
8a0e4abe-d4d7-45a7-8f90-dc4234226a9b,Restaurant 744,Philadelphia,WA,Thai,2,Below Average,2024-01-01,Tuesday,1,1.0,0.0,1.0,1.0,12.0,12.0,32.1,32.1,3.1,True
113220c4-00e0-45bd-8d58-83298022a8cc,Restaurant 794,Philadelphia,WA,Italian,2,Below Average,2024-04-01,Monday,1,1.0,0.0,1.0,0.0,29.0,29.0,34.42,34.42,5.51,True
97a955e0-c8cb-4cfd-b07f-a9912ccd0557,Restaurant 880,Philadelphia,WA,Chinese,3,Average,2022-11-01,Saturday,1,1.0,0.0,1.0,0.0,38.0,38.0,37.38,37.38,2.52,True
ed2b7395-5030-43c2-a871-8a9d4b58081a,Restaurant 935,Philadelphia,WA,Thai,3,Average,2022-10-01,Monday,1,1.0,0.0,1.0,0.0,50.0,50.0,39.46,39.46,2.64,True
188181c3-f32a-482f-8310-f4d562340405,Restaurant 943,Philadelphia,WA,Mexican,3,Average,2024-07-01,Wednesday,1,1.0,0.0,1.0,1.0,19.0,19.0,50.61,50.61,7.08,True
60ab67b9-0ab8-4314-93a3-6389c84d5ab3,Restaurant 1061,Philadelphia,WA,Seafood,3,Average,2022-02-01,Saturday,1,1.0,0.0,1.0,1.0,33.0,33.0,23.68,23.68,7.6,True
4d311a4d-1ef2-4cb3-bf60-ecc9f8e63b21,Restaurant 1307,Philadelphia,WA,Italian,4,Strong,2023-06-01,Monday,1,1.0,0.0,1.0,1.0,39.0,39.0,40.77,40.77,7.12,True
6141c8ff-5e91-4d45-8363-33562058f1d0,Restaurant 1325,Philadelphia,WA,Thai,4,Strong,2022-05-01,Monday,1,1.0,0.0,1.0,0.0,41.0,41.0,29.41,29.41,4.54,True
c79b6a82-fc7a-4bad-be32-792c778f8055,Restaurant 1359,Philadelphia,WA,Sushi,4,Strong,2024-08-01,Friday,1,1.0,0.0,1.0,1.0,16.0,16.0,34.17,34.17,6.2,True
2200b213-7fc6-43c2-9f91-76746b5da9d4,Restaurant 1368,Philadelphia,WA,Chinese,4,Strong,2024-05-01,Monday,1,1.0,0.0,1.0,1.0,24.0,24.0,29.41,29.41,7.69,True
6932226a-19e1-4533-b76f-39bf0459534a,Restaurant 1432,Philadelphia,WA,Mexican,4,Strong,2023-06-01,Friday,1,1.0,0.0,1.0,1.0,31.0,31.0,41.63,41.63,2.33,True
9e2a4f1e-b7b1-42b9-a92d-0e65fc927cb6,Restaurant 1587,Philadelphia,WA,Thai,4,Strong,2024-12-01,Thursday,1,1.0,0.0,1.0,0.0,63.0,63.0,8.0,8.0,6.83,True
6c64d407-4b6a-4e13-9c95-a763ed98b260,Restaurant 1639,Philadelphia,WA,Mexican,5,Elite,2022-09-01,Saturday,1,1.0,0.0,1.0,1.0,28.0,28.0,52.98,52.98,4.86,True
c7b01f6b-88c2-431d-9f58-cd2b1f9352d7,Restaurant 1689,Philadelphia,WA,Seafood,5,Elite,2023-06-01,Saturday,1,1.0,0.0,1.0,1.0,41.0,41.0,48.0,48.0,5.6,True
dbdd8700-4315-45f7-9787-ba083cc18cdc,Restaurant 1715,Philadelphia,WA,American (New),5,Elite,2022-06-01,Wednesday,1,1.0,0.0,1.0,1.0,10.0,10.0,16.86,16.86,4.84,True
5c76f01b-cdd1-4c2f-bb23-581dce161f86,Restaurant 1722,Philadelphia,WA,Thai,5,Elite,2024-05-01,Friday,1,1.0,0.0,1.0,1.0,21.0,21.0,27.87,27.87,7.03,True
c3141098-f7e6-4620-bb43-ad948f4ede14,Restaurant 1786,Philadelphia,WA,Pizza,5,Elite,2024-09-01,Monday,1,1.0,0.0,1.0,1.0,12.0,12.0,25.48,25.48,2.23,True
3408e807-ef69-4f3f-99db-e52f344a5898,Restaurant 1890,Philadelphia,WA,Mexican,5,Elite,2023-09-01,Friday,1,1.0,0.0,1.0,0.0,47.0,47.0,26.84,26.84,5.97,True
b23a28d6-3e8a-46b2-a36a-a58b7b6c3bd7,Restaurant 1928,Philadelphia,WA,Pizza,5,Elite,2024-01-01,Tuesday,1,1.0,0.0,1.0,1.0,13.0,13.0,62.54,62.54,6.8,True
591d6f4c-e48f-4789-9caf-0c027e3804ce,Restaurant 73,Philadelphia,AZ,Coffee & Tea,1,Low,2022-09-01,Thursday,1,1.0,0.0,1.0,1.0,10.0,10.0,34.49,34.49,7.52,True
972887eb-5efa-4e42-a7a0-cb0ab25f0026,Restaurant 144,Philadelphia,AZ,Pizza,1,Low,2022-11-01,Wednesday,1,1.0,0.0,1.0,1.0,36.0,36.0,27.4,27.4,1.1,True
4e083304-68b7-466b-83e1-8d5b67967bc0,Restaurant 257,Philadelphia,AZ,American (New),1,Low,2024-03-01,Sunday,1,1.0,0.0,1.0,1.0,11.0,11.0,8.0,8.0,6.51,True
331e5f36-037e-44df-a3bf-55f8282b7d13,Restaurant 361,Philadelphia,AZ,Burgers,1,Low,2023-04-01,Saturday,1,1.0,0.0,1.0,1.0,47.0,47.0,30.82,30.82,6.86,True
fb1b05aa-5b04-4b70-908e-ee87d07e747b,Restaurant 371,Philadelphia,AZ,Chinese,1,Low,2022-07-01,Monday,1,1.0,0.0,1.0,1.0,38.0,38.0,44.28,44.28,6.65,True
58bacc4c-bb18-4de4-86c4-324ce6dfa5b5,Restaurant 633,Philadelphia,AZ,Pizza,2,Below Average,2022-01-01,Tuesday,1,1.0,0.0,1.0,0.0,39.0,39.0,8.0,8.0,7.76,True
a5a9932e-f5ee-4c1e-b9da-61f6f3cb6378,Restaurant 837,Philadelphia,AZ,Thai,3,Average,2023-05-01,Monday,1,0.0,1.0,0.0,,,,21.79,21.79,7.2,True
ea3d7242-1e0a-42cd-9ea2-53ade29d6b4e,Restaurant 951,Philadelphia,AZ,Italian,3,Average,2023-08-01,Thursday,1,0.0,1.0,0.0,,,,16.83,16.83,1.97,True
12449516-8eda-4310-b182-e978e0642282,Restaurant 1015,Philadelphia,AZ,Sushi,3,Average,2023-11-01,Thursday,1,1.0,0.0,1.0,0.0,30.0,30.0,35.44,35.44,4.63,True
f9fb31b0-68aa-46e7-8742-e1a42b9f7cb8,Restaurant 1038,Philadelphia,AZ,Mexican,3,Average,2024-05-01,Wednesday,1,1.0,0.0,1.0,0.0,28.0,28.0,37.61,37.61,2.86,True
32cea1a5-5839-46e8-a7c5-a6b5400897cb,Restaurant 1163,Philadelphia,AZ,American (New),3,Average,2024-07-01,Tuesday,1,1.0,0.0,1.0,0.0,53.0,53.0,30.75,30.75,6.8,True
ce0b1f70-0bb1-4c18-9dc2-b5439ef60c1a,Restaurant 1192,Philadelphia,AZ,Italian,3,Average,2024-07-01,Sunday,1,1.0,0.0,1.0,0.0,55.0,55.0,18.11,18.11,1.45,True
64a33811-deac-463c-9e83-7c4bdb422034,Restaurant 1229,Philadelphia,AZ,Seafood,4,Strong,2023-04-01,Saturday,1,1.0,0.0,1.0,1.0,28.0,28.0,37.37,37.37,5.43,True
d9dbed11-36ab-48ae-aa8e-6e7e69ec58d6,Restaurant 1330,Philadelphia,AZ,Mexican,4,Strong,2023-04-01,Thursday,1,1.0,0.0,1.0,1.0,26.0,26.0,32.8,32.8,7.01,True
b7d30ad8-04a0-4b83-b31c-9f48a1c1086b,Restaurant 1416,Philadelphia,AZ,Seafood,4,Strong,2023-05-01,Tuesday,1,1.0,0.0,1.0,0.0,61.0,61.0,41.08,41.08,5.02,True
06faa0f3-0587-4f11-b6b5-9e1145227000,Restaurant 1465,Philadelphia,AZ,Chinese,4,Strong,2022-03-01,Tuesday,1,1.0,0.0,1.0,1.0,36.0,36.0,32.97,32.97,1.95,True
6e2518b1-a6a5-4eb5-aa21-6623cec2a451,Restaurant 1530,Philadelphia,AZ,Burgers,4,Strong,2024-11-01,Thursday,1,1.0,0.0,1.0,1.0,22.0,22.0,49.36,49.36,2.16,True
b3521046-c57d-4dae-95c2-e9144041ab52,Restaurant 1580,Philadelphia,AZ,American (New),4,Strong,2022-08-01,Wednesday,1,1.0,0.0,1.0,1.0,11.0,11.0,36.31,36.31,5.02,True
50cff78b-74fd-420c-b5fb-700c125e9c8f,Restaurant 1688,Philadelphia,AZ,Seafood,5,Elite,2023-06-01,Wednesday,1,1.0,0.0,1.0,1.0,34.0,34.0,39.76,39.76,1.46,True
438ab3c1-c8ca-4eb9-91f8-cde2979b042c,Restaurant 1737,Philadelphia,AZ,Sushi,5,Elite,2024-06-01,Wednesday,1,1.0,0.0,1.0,1.0,31.0,31.0,36.76,36.76,2.92,True
3e11acff-1e98-4497-91eb-ebf47266d18c,Restaurant 1746,Philadelphia,AZ,Italian,5,Elite,2024-04-01,Wednesday,1,1.0,0.0,1.0,1.0,23.0,23.0,8.0,8.0,7.45,True
c83909e6-fc43-491d-837a-d2957605ee94,Restaurant 1927,Philadelphia,AZ,Coffee & Tea,5,Elite,2023-10-01,Sunday,1,1.0,0.0,1.0,1.0,35.0,35.0,45.32,45.32,4.67,True
bc9124bd-0dd3-4fb0-9fbe-b93824c5b538,Restaurant 1947,Philadelphia,AZ,Thai,5,Elite,2023-09-01,Monday,1,1.0,0.0,1.0,1.0,37.0,37.0,56.12,56.12,4.07,True
8ff9727a-25b9-4806-be20-fdcf5c4c06fa,Restaurant 1985,Philadelphia,AZ,Seafood,5,Elite,2022-02-01,Wednesday,1,1.0,0.0,1.0,0.0,48.0,48.0,32.01,32.01,6.8,True
3676ce48-4d9e-4aee-86a1-16121f7866d1,Restaurant 1009,Philadelphia,CA,Burgers,3,Average,2022-05-01,Monday,1,1.0,0.0,1.0,1.0,52.0,52.0,42.77,42.77,4.77,True
adafecd7-8c8d-40a4-8e1e-de69f1956cda,Restaurant 109,Philadelphia,CA,Pizza,1,Low,2024-09-01,Monday,1,1.0,0.0,1.0,1.0,33.0,33.0,26.02,26.02,5.89,True
03bb8bbf-0ed2-432f-b214-d7083aa3d159,Restaurant 1118,Philadelphia,CA,Thai,3,Average,2024-06-01,Sunday,1,1.0,0.0,1.0,1.0,41.0,41.0,35.07,35.07,5.77,True
57185a76-61dc-4ef9-9926-680ca0ca9b49,Restaurant 157,Philadelphia,CA,Sushi,1,Low,2022-06-01,Wednesday,1,1.0,0.0,1.0,1.0,35.0,35.0,41.17,41.17,5.14,True
0f668b8a-bfd7-4761-a195-43543290414e,Restaurant 1158,Philadelphia,CA,Italian,3,Average,2022-11-01,Thursday,1,1.0,0.0,1.0,1.0,27.0,27.0,30.4,30.4,3.53,True
3e2a1b4b-6073-402e-9d5c-cb0f3108b92f,Restaurant 1181,Philadelphia,CA,Chinese,3,Average,2023-09-01,Sunday,1,1.0,0.0,1.0,1.0,26.0,26.0,8.0,8.0,2.79,True
a49528a7-612d-4dee-abde-5874cf249631,Restaurant 1194,Philadelphia,CA,Chinese,3,Average,2024-01-01,Friday,1,1.0,0.0,1.0,1.0,21.0,21.0,8.0,8.0,7.43,True
bae0cc16-f75c-4f94-9dc5-71a80fed7282,Restaurant 1247,Philadelphia,CA,Italian,4,Strong,2022-01-01,Monday,1,1.0,0.0,1.0,1.0,14.0,14.0,49.58,49.58,1.8,True
d12306f1-094a-46f5-9d6c-c440ffab1f29,Restaurant 338,Philadelphia,CA,Sushi,1,Low,2023-08-01,Tuesday,2,1.0,1.0,0.5,1.0,41.0,41.0,59.56,29.78,5.2,True
1d8cea2a-2740-4ffc-a448-fa0114935103,Restaurant 350,Philadelphia,CA,Italian,1,Low,2023-01-01,Friday,1,1.0,0.0,1.0,1.0,23.0,23.0,35.08,35.08,5.32,True
7b8cb828-e020-4ec7-b641-4b1f10444111,Restaurant 1336,Philadelphia,CA,Burgers,4,Strong,2024-01-01,Saturday,1,1.0,0.0,1.0,1.0,27.0,27.0,43.0,43.0,3.52,True
20d086fe-d946-4918-aec8-9a0e0af401e0,Restaurant 1398,Philadelphia,CA,Italian,4,Strong,2023-07-01,Monday,1,1.0,0.0,1.0,1.0,48.0,48.0,18.34,18.34,3.05,True
78e42928-d3f2-4584-878f-410b57b13657,Restaurant 1472,Philadelphia,CA,Chinese,4,Strong,2024-11-01,Wednesday,1,1.0,0.0,1.0,1.0,12.0,12.0,25.6,25.6,2.84,True
75664995-e181-4b1f-8b7d-b94a77e658cd,Restaurant 1520,Philadelphia,CA,American (New),4,Strong,2022-02-01,Monday,1,1.0,0.0,1.0,1.0,33.0,33.0,26.02,26.02,3.42,True
19c24157-37d6-4e0f-bea7-4e61d1652155,Restaurant 1578,Philadelphia,CA,American (New),4,Strong,2022-12-01,Sunday,1,1.0,0.0,1.0,1.0,30.0,30.0,52.73,52.73,3.86,True
b83768f6-15a1-4848-bc82-9b98bfc748c2,Restaurant 1647,Philadelphia,CA,American (New),5,Elite,2022-03-01,Friday,1,1.0,0.0,1.0,0.0,50.0,50.0,29.07,29.07,1.71,True
812f1eb5-7a80-499c-87b4-5cc3e4058d19,Restaurant 658,Philadelphia,CA,American (New),2,Below Average,2024-02-01,Sunday,1,1.0,0.0,1.0,1.0,13.0,13.0,34.68,34.68,2.3,True
303af62e-f957-4b8b-9228-308828fd0474,Restaurant 673,Philadelphia,CA,Seafood,2,Below Average,2022-07-01,Wednesday,1,1.0,0.0,1.0,1.0,35.0,35.0,26.76,26.76,6.74,True
8a80de20-3565-4768-b4a2-6d164e685ea7,Restaurant 736,Philadelphia,CA,American (New),2,Below Average,2023-02-01,Monday,1,1.0,0.0,1.0,1.0,22.0,22.0,61.32,61.32,6.47,True
fbc3744c-57fe-4f65-891e-ad5724238208,Restaurant 804,Philadelphia,CA,Seafood,3,Average,2023-10-01,Friday,1,1.0,0.0,1.0,0.0,34.0,34.0,28.0,28.0,6.79,True
fa25eb9e-7606-4dd5-b696-7ceda8673603,Restaurant 1830,Philadelphia,CA,Coffee & Tea,5,Elite,2024-07-01,Thursday,1,1.0,0.0,1.0,0.0,59.0,59.0,26.14,26.14,7.8,True
44dc67e6-b1df-4aaf-aa52-8119fcbc38ff,Restaurant 818,Philadelphia,CA,Pizza,3,Average,2023-03-01,Tuesday,1,1.0,0.0,1.0,1.0,39.0,39.0,38.01,38.01,3.98,True
5d846ec2-9a70-4311-9a25-6cc976593af0,Restaurant 840,Philadelphia,CA,Seafood,3,Average,2024-02-01,Tuesday,1,1.0,0.0,1.0,1.0,24.0,24.0,40.5,40.5,5.54,True
466eecc1-077a-47f2-9661-2740f668df4f,Restaurant 1961,Philadelphia,CA,Sushi,5,Elite,2022-07-01,Tuesday,1,1.0,0.0,1.0,1.0,29.0,29.0,13.66,13.66,6.98,True
0ffbece7-b236-4383-b170-ef0e5fb8b7cc,Restaurant 957,Philadelphia,CA,Sushi,3,Average,2024-08-01,Monday,1,0.0,1.0,0.0,,,,36.28,36.28,3.52,True
6da36bd5-3842-4eda-9fd8-32199f19b9e0,Restaurant 1040,Philadelphia,TX,Mexican,3,Average,2022-07-01,Thursday,1,1.0,0.0,1.0,0.0,47.0,47.0,31.89,31.89,2.93,True
b6e2bc92-4273-48b0-9efb-c0b522c2dd3b,Restaurant 1071,Philadelphia,TX,Chinese,3,Average,2022-08-01,Tuesday,1,1.0,0.0,1.0,1.0,33.0,33.0,10.41,10.41,1.85,True
9a199a88-12da-418a-87c5-772e1c617853,Restaurant 1094,Philadelphia,TX,Sushi,3,Average,2022-11-01,Wednesday,1,1.0,0.0,1.0,1.0,44.0,44.0,32.02,32.02,4.41,True
1ce7dcba-9d87-46f4-a052-4bb0e8167baf,Restaurant 189,Philadelphia,TX,Sushi,1,Low,2022-04-01,Tuesday,1,1.0,0.0,1.0,0.0,54.0,54.0,47.89,47.89,3.1,True
96319705-637d-48ce-9de5-1b8c07d551f6,Restaurant 194,Philadelphia,TX,American (New),1,Low,2024-03-01,Wednesday,1,1.0,0.0,1.0,0.0,45.0,45.0,9.87,9.87,7.69,True
506360a0-94cb-4b16-abf2-a0d410712d99,Restaurant 229,Philadelphia,TX,Mexican,1,Low,2022-03-01,Thursday,1,1.0,0.0,1.0,0.0,43.0,43.0,41.59,41.59,1.8,True
b007ff0c-84c4-44af-821f-6505a4f3d905,Restaurant 362,Philadelphia,TX,Pizza,1,Low,2024-04-01,Tuesday,1,1.0,0.0,1.0,0.0,52.0,52.0,46.21,46.21,6.7,True
29f0b988-affb-4093-b54e-172b2cfe1ad8,Restaurant 386,Philadelphia,TX,Coffee & Tea,1,Low,2022-01-01,Wednesday,1,1.0,0.0,1.0,1.0,19.0,19.0,8.0,8.0,2.18,True
8f38a302-aaa3-40c0-8724-be5162259a9d,Restaurant 433,Philadelphia,TX,Sushi,2,Below Average,2024-01-01,Sunday,1,1.0,0.0,1.0,1.0,34.0,34.0,13.92,13.92,1.69,True
761d6d1d-6f9d-4b73-81c9-2e7276827590,Restaurant 1421,Philadelphia,TX,Italian,4,Strong,2022-01-01,Wednesday,1,0.0,1.0,0.0,,,,32.84,32.84,7.76,True
194a06ef-3e4f-4502-85b0-ae765533aad9,Restaurant 490,Philadelphia,TX,Pizza,2,Below Average,2023-10-01,Tuesday,1,1.0,0.0,1.0,0.0,64.0,64.0,37.75,37.75,5.46,True
0d286e68-7e86-434f-b66a-37d964835249,Restaurant 504,Philadelphia,TX,Chinese,2,Below Average,2024-03-01,Friday,1,0.0,1.0,0.0,,,,10.4,10.4,5.05,True
f39ee359-15d3-4ef1-a197-01c1f7351a43,Restaurant 1531,Philadelphia,TX,Italian,4,Strong,2022-11-01,Friday,1,1.0,0.0,1.0,0.0,38.0,38.0,31.85,31.85,2.28,True
554ec36e-d754-47b2-97f4-04be874b7d9e,Restaurant 1559,Philadelphia,TX,Seafood,4,Strong,2022-02-01,Friday,1,1.0,0.0,1.0,0.0,41.0,41.0,47.32,47.32,7.96,True
0d861420-d9bb-4cbf-88e2-fbf99de9e45c,Restaurant 622,Philadelphia,TX,Sushi,2,Below Average,2022-09-01,Sunday,1,1.0,0.0,1.0,1.0,23.0,23.0,21.91,21.91,1.53,True
99b19f1e-2ade-40da-ba17-f273c3d1e7ad,Restaurant 1714,Philadelphia,TX,Seafood,5,Elite,2024-05-01,Saturday,1,1.0,0.0,1.0,1.0,39.0,39.0,36.27,36.27,4.68,True
a62743cb-31b2-406d-9922-1e5e8d6fab4f,Restaurant 668,Philadelphia,TX,Sushi,2,Below Average,2024-01-01,Friday,1,0.0,1.0,0.0,,,,18.8,18.8,3.78,True
f5af287b-b3f0-46ef-ab9a-11ef025dea2d,Restaurant 1773,Philadelphia,TX,Italian,5,Elite,2022-01-01,Saturday,1,1.0,0.0,1.0,0.0,58.0,58.0,53.22,53.22,4.45,True
5f3ba672-bb5c-47f6-a06a-6aee121dc288,Restaurant 1783,Philadelphia,TX,Chinese,5,Elite,2022-10-01,Thursday,1,1.0,0.0,1.0,1.0,27.0,27.0,33.56,33.56,4.76,True
e67dd971-4c9b-4e57-a087-bb6900673931,Restaurant 816,Philadelphia,TX,Sushi,3,Average,2022-08-01,Sunday,1,0.0,1.0,0.0,,,,8.0,8.0,6.6,True
a7ecb100-e165-4038-963d-3564d811a576,Restaurant 1846,Philadelphia,TX,Italian,5,Elite,2024-09-01,Thursday,1,1.0,0.0,1.0,0.0,63.0,63.0,41.56,41.56,5.63,True
f3aadb96-a268-479a-a3fa-2e674fb91d3b,Restaurant 1854,Philadelphia,TX,Burgers,5,Elite,2023-12-01,Thursday,1,1.0,0.0,1.0,0.0,34.0,34.0,20.98,20.98,6.06,True
759dd5ad-889c-4959-b255-cd76834b8c25,Restaurant 947,Philadelphia,TX,Seafood,3,Average,2024-03-01,Friday,1,1.0,0.0,1.0,1.0,47.0,47.0,19.8,19.8,4.71,True
2577a528-d2c0-4059-bd47-24a83408c04a,Restaurant 981,Philadelphia,TX,Italian,3,Average,2023-09-01,Wednesday,1,1.0,0.0,1.0,1.0,30.0,30.0,9.49,9.49,3.63,True
1f073c53-ef32-4629-b0b7-ef431ef2e441,Restaurant 38,Philadelphia,OH,Coffee & Tea,1,Low,2023-04-01,Wednesday,1,1.0,0.0,1.0,1.0,27.0,27.0,30.83,30.83,2.87,True
8c2f26c7-c38c-4952-a4a0-a41e067b51bc,Restaurant 43,Philadelphia,OH,Mexican,1,Low,2024-12-01,Monday,1,1.0,0.0,1.0,0.0,40.0,40.0,11.61,11.61,4.36,True
00d06576-a313-4f5c-a319-06f7494f0357,Restaurant 70,Philadelphia,OH,Coffee & Tea,1,Low,2022-04-01,Monday,1,1.0,0.0,1.0,1.0,43.0,43.0,19.67,19.67,5.13,True
67aa8ed2-729f-43e6-852f-373057cc75a6,Restaurant 178,Philadelphia,OH,American (New),1,Low,2024-10-01,Friday,1,1.0,0.0,1.0,1.0,25.0,25.0,10.84,10.84,3.82,True
5c48c9f0-00b2-4827-a304-2a43104237c0,Restaurant 256,Philadelphia,OH,Thai,1,Low,2024-03-01,Wednesday,1,1.0,0.0,1.0,0.0,22.0,22.0,28.01,28.01,7.39,True
934291e8-0340-4bac-a267-6a0d1b7afc2e,Restaurant 264,Philadelphia,OH,American (New),1,Low,2022-05-01,Friday,1,1.0,0.0,1.0,1.0,43.0,43.0,43.92,43.92,6.45,True
c0b392a4-36ba-4891-af63-1be5a87005bc,Restaurant 586,Philadelphia,OH,Burgers,2,Below Average,2023-10-01,Wednesday,1,1.0,0.0,1.0,0.0,56.0,56.0,27.08,27.08,2.24,True
fc3b7f42-e086-488b-b614-384b32455509,Restaurant 827,Philadelphia,OH,Chinese,3,Average,2022-05-01,Tuesday,1,1.0,0.0,1.0,1.0,30.0,30.0,43.93,43.93,6.52,True
c41599e1-d4d3-4755-beca-39ae02ee6620,Restaurant 848,Philadelphia,OH,Thai,3,Average,2022-07-01,Saturday,1,1.0,0.0,1.0,1.0,27.0,27.0,50.36,50.36,1.75,True
4137093d-5da6-4fd0-a3a8-95258d6a3b72,Restaurant 897,Philadelphia,OH,Sushi,3,Average,2023-06-01,Thursday,1,1.0,0.0,1.0,0.0,39.0,39.0,30.81,30.81,2.72,True
637c6293-e5ec-4eab-bb5c-cad79ad16c04,Restaurant 989,Philadelphia,OH,Italian,3,Average,2024-06-01,Thursday,1,1.0,0.0,1.0,1.0,37.0,37.0,28.86,28.86,7.35,True
208263ca-559a-47b8-8c41-c91c311739c6,Restaurant 1048,Philadelphia,OH,American (New),3,Average,2023-09-01,Monday,1,1.0,0.0,1.0,1.0,31.0,31.0,22.83,22.83,3.06,True
8bb457e7-6024-41ef-9dfb-5d2250001642,Restaurant 1216,Philadelphia,OH,Sushi,4,Strong,2024-07-01,Saturday,1,1.0,0.0,1.0,1.0,39.0,39.0,46.02,46.02,2.76,True
4dbf4b9f-65b1-4f02-bbeb-54b44380df2c,Restaurant 1254,Philadelphia,OH,Coffee & Tea,4,Strong,2024-09-01,Tuesday,1,1.0,0.0,1.0,0.0,49.0,49.0,38.34,38.34,7.34,True
5004a095-c3c5-4b0f-bfe6-820a44f2ec23,Restaurant 1281,Philadelphia,OH,Italian,4,Strong,2022-04-01,Monday,1,1.0,0.0,1.0,1.0,24.0,24.0,47.32,47.32,5.05,True
6b4608d5-3dcb-4ea8-bafa-31268435c79a,Restaurant 1414,Philadelphia,OH,Sushi,4,Strong,2022-07-01,Saturday,1,1.0,0.0,1.0,1.0,29.0,29.0,41.6,41.6,2.66,True
f89fa075-8584-4edf-b341-3b4c643e3476,Restaurant 1648,Philadelphia,OH,Sushi,5,Elite,2022-09-01,Friday,1,1.0,0.0,1.0,1.0,22.0,22.0,17.56,17.56,6.68,True
f8d99549-8d72-4082-983a-1f2818150e72,Restaurant 1651,Philadelphia,OH,Pizza,5,Elite,2024-04-01,Sunday,1,1.0,0.0,1.0,0.0,49.0,49.0,35.47,35.47,4.02,True
1b140f4b-36b0-4da2-95fc-a341cbc7bf11,Restaurant 1757,Philadelphia,OH,Thai,5,Elite,2023-05-01,Tuesday,1,1.0,0.0,1.0,0.0,32.0,32.0,14.84,14.84,1.15,True
00739be5-dea4-456e-bc21-eb5f1750ede5,Restaurant 1806,Philadelphia,OH,Sushi,5,Elite,2022-04-01,Monday,1,1.0,0.0,1.0,1.0,48.0,48.0,19.86,19.86,4.34,True
b0208c23-6bb2-4f10-89bd-a40a8ca59d8f,Restaurant 1820,Philadelphia,OH,Mexican,5,Elite,2024-02-01,Monday,1,1.0,0.0,1.0,1.0,19.0,19.0,22.48,22.48,7.25,True
e1a263b5-5bb8-442b-9a1c-5b65094dc2d2,Restaurant 1833,Philadelphia,OH,Coffee & Tea,5,Elite,2024-08-01,Friday,1,1.0,0.0,1.0,1.0,20.0,20.0,24.9,24.9,5.26,True
04505466-972b-4b61-8a86-210ff30780ea,Restaurant 1891,Philadelphia,OH,Sushi,5,Elite,2024-09-01,Wednesday,1,1.0,0.0,1.0,0.0,63.0,63.0,44.96,44.96,2.83,True
9cc8add9-ff58-4679-85c2-22952f6415c3,Restaurant 1893,Philadelphia,OH,Coffee & Tea,5,Elite,2024-03-01,Friday,1,1.0,0.0,1.0,0.0,41.0,41.0,21.02,21.02,4.51,True
2bd1c419-623d-4538-a0b6-8dd2eeee934b,Restaurant 1984,Philadelphia,OH,Coffee & Tea,5,Elite,2023-09-01,Tuesday,1,1.0,0.0,1.0,1.0,30.0,30.0,44.22,44.22,5.01,True
c97938a0-c6c2-4526-863f-5708c0e5b5db,Restaurant 36,Philadelphia,FL,Seafood,1,Low,2024-03-01,Friday,1,1.0,0.0,1.0,1.0,44.0,44.0,8.0,8.0,7.48,True
b41f1f3d-86c1-4582-b300-6f2e629c1d68,Restaurant 131,Philadelphia,FL,Coffee & Tea,1,Low,2024-12-01,Monday,1,1.0,0.0,1.0,0.0,42.0,42.0,54.86,54.86,4.49,True
caee2cf1-dc31-4f24-995e-e658c409237e,Restaurant 238,Philadelphia,FL,Italian,1,Low,2023-04-01,Sunday,1,1.0,0.0,1.0,1.0,21.0,21.0,10.21,10.21,2.94,True
3b71d12e-8a83-4316-bb97-de36877b4f00,Restaurant 297,Philadelphia,FL,Burgers,1,Low,2024-11-01,Wednesday,1,1.0,0.0,1.0,1.0,20.0,20.0,26.73,26.73,3.4,True
c7df6bcc-3ca0-4018-a526-e6b811b36fe5,Restaurant 387,Philadelphia,FL,Thai,1,Low,2024-04-01,Tuesday,1,1.0,0.0,1.0,1.0,41.0,41.0,29.17,29.17,4.88,True
a6c9deb2-096e-4d4b-a0ea-a3bdb724ad19,Restaurant 596,Philadelphia,FL,American (New),2,Below Average,2023-02-01,Sunday,1,1.0,0.0,1.0,1.0,18.0,18.0,52.86,52.86,3.04,True
c90e0001-dec8-4c3a-baf7-0a7824246891,Restaurant 1055,Philadelphia,FL,Burgers,3,Average,2023-10-01,Wednesday,1,1.0,0.0,1.0,1.0,19.0,19.0,36.11,36.11,2.52,True
13215552-218d-449a-8f4e-2a9073b62b1b,Restaurant 1112,Philadelphia,FL,Sushi,3,Average,2022-01-01,Saturday,1,1.0,0.0,1.0,1.0,16.0,16.0,36.92,36.92,4.09,True
34555eeb-5990-4e9d-a876-c79a0263a3e7,Restaurant 1122,Philadelphia,FL,Chinese,3,Average,2022-04-01,Friday,1,1.0,0.0,1.0,0.0,40.0,40.0,12.18,12.18,1.77,True
f4a7fd62-81da-4d82-935b-1479d26d6b51,Restaurant 1250,Philadelphia,FL,Burgers,4,Strong,2022-09-01,Monday,1,1.0,0.0,1.0,0.0,38.0,38.0,23.36,23.36,2.84,True
82310495-df35-4311-9a38-4b263b20a636,Restaurant 1280,Philadelphia,FL,Pizza,4,Strong,2023-06-01,Tuesday,1,1.0,0.0,1.0,1.0,42.0,42.0,36.8,36.8,2.35,True
6d8e5a88-891a-4930-af83-e6a2bb5e3aae,Restaurant 1367,Philadelphia,FL,Thai,4,Strong,2024-03-01,Wednesday,1,1.0,0.0,1.0,1.0,21.0,21.0,11.87,11.87,6.7,True
4c53a8cf-a625-4c95-8616-b668b5fd747d,Restaurant 1379,Philadelphia,FL,Sushi,4,Strong,2022-08-01,Monday,1,1.0,0.0,1.0,0.0,58.0,58.0,23.13,23.13,6.71,True
27df9f59-ff34-4400-86d8-a118ed563a65,Restaurant 1514,Philadelphia,FL,Thai,4,Strong,2023-09-01,Friday,1,1.0,0.0,1.0,0.0,56.0,56.0,8.0,8.0,7.84,True
fe2a4fb5-d947-46d0-8ad1-3337a6b03e9c,Restaurant 1762,Philadelphia,FL,Coffee & Tea,5,Elite,2022-02-01,Saturday,1,1.0,0.0,1.0,0.0,45.0,45.0,11.21,11.21,2.7,True
f0ef8ee6-7277-4770-9b50-0ed3e101c630,Restaurant 1990,Philadelphia,FL,Seafood,5,Elite,2023-04-01,Saturday,1,1.0,0.0,1.0,1.0,13.0,13.0,44.72,44.72,7.13,True
f83ba527-0f70-4f16-a702-acf43ab6b06a,Restaurant 161,Philadelphia,IL,Sushi,1,Low,2024-08-01,Saturday,1,0.0,1.0,0.0,,,,10.68,10.68,3.29,True
fe9048ac-13af-4e1a-875c-64967ba99e8a,Restaurant 266,Philadelphia,IL,Chinese,1,Low,2022-12-01,Friday,1,1.0,0.0,1.0,0.0,35.0,35.0,11.65,11.65,2.24,True
6b6120a4-4640-4e7d-ba88-1d967cdbdec7,Restaurant 302,Philadelphia,IL,Burgers,1,Low,2022-02-01,Tuesday,1,1.0,0.0,1.0,0.0,47.0,47.0,21.52,21.52,6.81,True
d0314ecf-fb8d-432b-9100-f2703c6a5e96,Restaurant 734,Philadelphia,IL,Coffee & Tea,2,Below Average,2023-10-01,Tuesday,1,1.0,0.0,1.0,1.0,30.0,30.0,8.0,8.0,3.95,True
d7ef7662-a859-44a0-b209-c2b4f7d820ac,Restaurant 915,Philadelphia,IL,Pizza,3,Average,2023-09-01,Thursday,1,1.0,0.0,1.0,0.0,68.0,68.0,17.62,17.62,4.35,True
1563e5fc-342a-4b9b-b43d-1a6dafe192ec,Restaurant 1032,Philadelphia,IL,Pizza,3,Average,2022-07-01,Friday,1,1.0,0.0,1.0,0.0,49.0,49.0,33.93,33.93,7.25,True
1d77fe73-da38-45a4-be9c-e753a6ad9f2a,Restaurant 1195,Philadelphia,IL,Burgers,3,Average,2023-04-01,Saturday,1,1.0,0.0,1.0,1.0,21.0,21.0,15.07,15.07,1.62,True
e2296c9b-f89e-475d-9a59-034adf43d332,Restaurant 1323,Philadelphia,IL,American (New),4,Strong,2024-08-01,Saturday,1,1.0,0.0,1.0,0.0,63.0,63.0,41.06,41.06,1.1,True
a09eb8b8-1c92-4a60-920e-5dd1efdf7c90,Restaurant 1488,Philadelphia,IL,Burgers,4,Strong,2022-11-01,Friday,1,1.0,0.0,1.0,1.0,13.0,13.0,38.56,38.56,3.72,True
4c2b9abf-bdc0-4c0b-a733-764baa4400b7,Restaurant 1873,Philadelphia,IL,Coffee & Tea,5,Elite,2024-04-01,Saturday,1,1.0,0.0,1.0,1.0,38.0,38.0,20.63,20.63,2.17,True
703dfc36-3a34-4d48-97bf-6ef384868e11,Restaurant 1988,Philadelphia,IL,American (New),5,Elite,2024-07-01,Tuesday,1,1.0,0.0,1.0,1.0,41.0,41.0,51.4,51.4,5.52,True
53e230c7-815a-47f9-9cf7-b99477c82453,Restaurant 220,Philadelphia,CO,Thai,1,Low,2024-06-01,Saturday,1,1.0,0.0,1.0,1.0,42.0,42.0,13.82,13.82,1.51,True
c91f0492-e374-448f-9ff5-59ebeb42f7af,Restaurant 306,Philadelphia,CO,Thai,1,Low,2024-07-01,Tuesday,1,1.0,0.0,1.0,0.0,52.0,52.0,31.09,31.09,6.77,True
c4cfb25e-27a9-4fba-9ed9-0f21f19a38cd,Restaurant 367,Philadelphia,CO,Mexican,1,Low,2022-10-01,Monday,1,1.0,0.0,1.0,0.0,46.0,46.0,19.88,19.88,7.42,True
166c4f60-ee78-432b-8fcf-7cb3effa9d96,Restaurant 461,Philadelphia,CO,Sushi,2,Below Average,2022-11-01,Wednesday,1,1.0,0.0,1.0,0.0,48.0,48.0,41.13,41.13,7.07,True
3bcfb998-0838-4404-bd85-1c937d6bba27,Restaurant 640,Philadelphia,CO,Italian,2,Below Average,2023-10-01,Tuesday,1,1.0,0.0,1.0,1.0,21.0,21.0,43.27,43.27,6.56,True
b7d5dc5c-a74e-4884-8a08-b588145a5695,Restaurant 664,Philadelphia,CO,American (New),2,Below Average,2023-02-01,Saturday,1,1.0,0.0,1.0,1.0,32.0,32.0,24.4,24.4,2.92,True
52775d01-bd36-429f-a4bf-98ea53967b12,Restaurant 760,Philadelphia,CO,Pizza,2,Below Average,2022-12-01,Saturday,1,1.0,0.0,1.0,0.0,45.0,45.0,8.0,8.0,2.25,True
610b9511-169a-482d-b6c7-868749a8dc02,Restaurant 780,Philadelphia,CO,Mexican,2,Below Average,2022-05-01,Tuesday,1,1.0,0.0,1.0,0.0,51.0,51.0,23.72,23.72,1.42,True
91db77b1-0bab-456d-a759-f24b7da60d83,Restaurant 1168,Philadelphia,CO,Seafood,3,Average,2022-02-01,Thursday,1,1.0,0.0,1.0,1.0,29.0,29.0,54.96,54.96,3.05,True
3e615fe9-f6eb-4d9c-8e58-66031363460a,Restaurant 1174,Philadelphia,CO,Seafood,3,Average,2022-11-01,Wednesday,1,1.0,0.0,1.0,1.0,40.0,40.0,26.63,26.63,4.29,True
cf052e07-e854-425f-aa56-1f8759dc14af,Restaurant 1184,Philadelphia,CO,Seafood,3,Average,2023-05-01,Tuesday,1,1.0,0.0,1.0,1.0,36.0,36.0,25.25,25.25,1.16,True
b3421fcf-c288-4154-bb38-a76cdb5493b6,Restaurant 1287,Philadelphia,CO,Italian,4,Strong,2024-02-01,Thursday,1,1.0,0.0,1.0,1.0,32.0,32.0,13.15,13.15,4.77,True
7d77f3d5-9661-4a48-bc50-276af59798f0,Restaurant 1293,Philadelphia,CO,Thai,4,Strong,2022-12-01,Tuesday,1,1.0,0.0,1.0,1.0,33.0,33.0,31.62,31.62,6.14,True
cc86ffe0-902e-4790-87df-41573291b731,Restaurant 1314,Philadelphia,CO,Thai,4,Strong,2022-01-01,Saturday,1,1.0,0.0,1.0,1.0,25.0,25.0,25.55,25.55,5.78,True
4db6e23b-c2ae-4d32-baf0-3e18a981ee57,Restaurant 1315,Philadelphia,CO,Pizza,4,Strong,2024-09-01,Thursday,1,1.0,0.0,1.0,0.0,57.0,57.0,21.94,21.94,3.61,True
590aee83-b720-448e-b3f2-4a8570d03160,Restaurant 1415,Philadelphia,CO,Chinese,4,Strong,2023-06-01,Tuesday,1,1.0,0.0,1.0,0.0,36.0,36.0,10.84,10.84,4.68,True
acf07cd1-be70-465a-957e-f8ce255df639,Restaurant 1539,Philadelphia,CO,Burgers,4,Strong,2023-06-01,Tuesday,1,1.0,0.0,1.0,1.0,30.0,30.0,34.63,34.63,6.63,True
f6a5829b-7783-4f62-87e9-8514484e1362,Restaurant 1585,Philadelphia,CO,Italian,4,Strong,2022-05-01,Monday,1,1.0,0.0,1.0,1.0,30.0,30.0,31.94,31.94,5.69,True
0a81fa0a-021b-4194-a11a-f3eb5998fb70,Restaurant 1634,Philadelphia,CO,Seafood,5,Elite,2023-08-01,Wednesday,1,1.0,0.0,1.0,1.0,33.0,33.0,26.45,26.45,7.52,True
27eaab64-09e4-49d5-ad52-955fa9c037d3,Restaurant 1652,Philadelphia,CO,Seafood,5,Elite,2024-03-01,Monday,1,1.0,0.0,1.0,1.0,41.0,41.0,54.51,54.51,1.25,True
1b673978-6110-45ed-8638-3dc37a269223,Restaurant 1941,Philadelphia,CO,Pizza,5,Elite,2022-10-01,Wednesday,1,1.0,0.0,1.0,1.0,41.0,41.0,51.37,51.37,6.29,True
280220a3-448d-4018-b918-53ffc3ded458,Restaurant 1960,Philadelphia,CO,Italian,5,Elite,2024-06-01,Wednesday,1,1.0,0.0,1.0,0.0,53.0,53.0,16.54,16.54,2.21,True
5099fcfd-f316-438f-8ac1-7e344eacd601,Restaurant 24,Philadelphia,NY,Coffee & Tea,1,Low,2022-05-01,Sunday,1,1.0,0.0,1.0,1.0,38.0,38.0,11.77,11.77,7.96,True
fec37f86-aa4f-4db4-9265-1d75f06af877,Restaurant 127,Philadelphia,NY,Pizza,1,Low,2023-07-01,Thursday,1,1.0,0.0,1.0,1.0,15.0,15.0,38.9,38.9,4.15,True
327ace53-d67d-4447-a058-fca86dead6b8,Restaurant 1189,Philadelphia,NY,Seafood,3,Average,2022-01-01,Thursday,1,1.0,0.0,1.0,1.0,31.0,31.0,21.58,21.58,5.91,True
4b8d4948-c14d-4911-be86-42b214d345d5,Restaurant 1210,Philadelphia,NY,Thai,4,Strong,2023-01-01,Wednesday,1,1.0,0.0,1.0,1.0,30.0,30.0,8.0,8.0,4.44,True
e2c5120f-4685-4868-a145-2da148452a59,Restaurant 1282,Philadelphia,NY,Coffee & Tea,4,Strong,2024-08-01,Friday,1,1.0,0.0,1.0,1.0,23.0,23.0,29.4,29.4,4.5,True
c9b1e53e-1290-451e-a352-412069e5b535,Restaurant 239,Philadelphia,NY,Sushi,1,Low,2024-12-01,Saturday,1,1.0,0.0,1.0,1.0,23.0,23.0,38.42,38.42,5.7,True
51574129-05a3-4c6c-ad79-2db0a1cc99dd,Restaurant 316,Philadelphia,NY,Chinese,1,Low,2024-05-01,Thursday,1,1.0,0.0,1.0,1.0,29.0,29.0,28.3,28.3,5.09,True
12f16d9a-5a6a-4fd5-b81a-4e7f8651d940,Restaurant 332,Philadelphia,NY,Mexican,1,Low,2024-11-01,Sunday,1,1.0,0.0,1.0,1.0,47.0,47.0,8.0,8.0,6.21,True
180960e6-f823-4317-9f3e-438b57ef4c5c,Restaurant 345,Philadelphia,NY,Sushi,1,Low,2023-12-01,Monday,1,1.0,0.0,1.0,1.0,19.0,19.0,44.85,44.85,5.38,True
817f20ff-3f1b-4659-9c5d-e2ec34e24e68,Restaurant 425,Philadelphia,NY,Italian,2,Below Average,2023-08-01,Thursday,1,1.0,0.0,1.0,1.0,44.0,44.0,36.16,36.16,6.9,True
aa743637-010b-4033-9774-3e2e956bf8b5,Restaurant 525,Philadelphia,NY,Thai,2,Below Average,2024-03-01,Monday,1,1.0,0.0,1.0,1.0,31.0,31.0,22.01,22.01,1.7,True
2f817f00-6f17-4007-9a83-6f408dde3733,Restaurant 1591,Philadelphia,NY,Chinese,4,Strong,2022-09-01,Wednesday,1,1.0,0.0,1.0,1.0,25.0,25.0,23.75,23.75,5.84,True
42212f1b-f9b1-4ef9-b351-4fe5f5d68f5b,Restaurant 1608,Philadelphia,NY,Chinese,5,Elite,2024-10-01,Tuesday,1,1.0,0.0,1.0,0.0,54.0,54.0,15.48,15.48,1.75,True
878ba491-1624-47e0-86e9-4a5218748211,Restaurant 1638,Philadelphia,NY,Mexican,5,Elite,2022-02-01,Friday,1,1.0,0.0,1.0,1.0,26.0,26.0,23.84,23.84,1.31,True
5317d8c8-53d0-4405-b376-dfe0d224f6b9,Restaurant 1727,Philadelphia,NY,Pizza,5,Elite,2024-03-01,Monday,1,1.0,0.0,1.0,1.0,42.0,42.0,18.92,18.92,3.4,True
9599c638-49dd-46d8-84f9-8f916ca8ae36,Restaurant 810,Philadelphia,NY,Mexican,3,Average,2023-07-01,Friday,1,1.0,0.0,1.0,1.0,30.0,30.0,18.72,18.72,2.59,True
46dfbcd2-f634-47ac-90bd-36d96f4c9cc3,Restaurant 1756,Philadelphia,NY,Seafood,5,Elite,2023-11-01,Tuesday,1,1.0,0.0,1.0,1.0,32.0,32.0,43.99,43.99,5.73,True
aa1121a3-be59-47f5-b669-73dd401b7500,Restaurant 1832,Philadelphia,NY,Seafood,5,Elite,2024-05-01,Thursday,1,1.0,0.0,1.0,1.0,44.0,44.0,21.18,21.18,4.62,True
b9b4fd91-f720-4dfa-9af5-1e741277731d,Restaurant 1945,Philadelphia,NY,Pizza,5,Elite,2022-12-01,Thursday,1,1.0,0.0,1.0,0.0,59.0,59.0,13.48,13.48,2.27,True
6cc9541b-be03-494c-a3a2-2ca8a4e403be,Restaurant 996,Philadelphia,NY,American (New),3,Average,2023-04-01,Saturday,1,1.0,0.0,1.0,0.0,43.0,43.0,31.71,31.71,5.02,True
b3cc076c-17bb-4448-bc7d-5e051f6c9d05,Restaurant 1036,Philadelphia,PA,Coffee & Tea,3,Average,2022-01-01,Saturday,1,1.0,0.0,1.0,0.0,47.0,47.0,27.22,27.22,7.26,True
0a7f217f-1c94-46f8-bd93-83def3d00a8f,Restaurant 1109,Philadelphia,PA,Sushi,3,Average,2022-05-01,Sunday,1,1.0,0.0,1.0,0.0,49.0,49.0,24.37,24.37,3.65,True
0eab7582-b95e-43fb-9f25-12ed9500e955,Restaurant 1132,Philadelphia,PA,Burgers,3,Average,2022-09-01,Tuesday,1,1.0,0.0,1.0,1.0,21.0,21.0,8.0,8.0,5.38,True
fd2f7669-544e-4b1a-9812-5448e1800cc1,Restaurant 165,Philadelphia,PA,Mexican,1,Low,2024-08-01,Saturday,1,1.0,0.0,1.0,0.0,56.0,56.0,69.1,69.1,1.11,True
e146995b-fa5c-4338-b38c-43cf9ea70e2b,Restaurant 1233,Philadelphia,PA,Pizza,4,Strong,2022-06-01,Thursday,1,1.0,0.0,1.0,1.0,17.0,17.0,21.93,21.93,6.68,True
1e0c843b-bdba-4dd4-a305-74303bac4eef,Restaurant 1262,Philadelphia,PA,Chinese,4,Strong,2022-09-01,Thursday,1,1.0,0.0,1.0,1.0,34.0,34.0,26.65,26.65,7.91,True
ea894346-3083-48a4-91a5-1b9cf16c953b,Restaurant 1273,Philadelphia,PA,Pizza,4,Strong,2024-02-01,Thursday,1,1.0,0.0,1.0,1.0,29.0,29.0,25.06,25.06,3.56,True
2ae0bcf3-cd33-40cd-aa41-c1a7fe0a967f,Restaurant 1284,Philadelphia,PA,Coffee & Tea,4,Strong,2022-01-01,Thursday,1,1.0,0.0,1.0,1.0,27.0,27.0,35.13,35.13,1.52,True
b56a66f1-6a1d-48d0-b582-2b0468ac7e60,Restaurant 1295,Philadelphia,PA,Pizza,4,Strong,2024-11-01,Friday,1,1.0,0.0,1.0,1.0,35.0,35.0,22.48,22.48,4.81,True
352a8931-cee8-43b6-bfa5-f4ad5c9bfb69,Restaurant 344,Philadelphia,PA,Mexican,1,Low,2022-12-01,Sunday,1,1.0,0.0,1.0,1.0,40.0,40.0,36.67,36.67,1.22,True
8c0e0dbc-73b6-4b90-8c72-cbaab8192c55,Restaurant 388,Philadelphia,PA,Thai,1,Low,2024-08-01,Thursday,1,1.0,0.0,1.0,1.0,10.0,10.0,21.59,21.59,1.66,True
0c9d0199-fe0f-4cc7-aa9a-55953f137425,Restaurant 1451,Philadelphia,PA,American (New),4,Strong,2023-02-01,Tuesday,1,1.0,0.0,1.0,1.0,30.0,30.0,25.12,25.12,3.16,True
7634650c-d7d5-4b95-8bf9-6214c323c454,Restaurant 512,Philadelphia,PA,Italian,2,Below Average,2023-05-01,Saturday,1,1.0,0.0,1.0,1.0,14.0,14.0,22.53,22.53,4.22,True
15cb2ecc-5e16-4a68-8e7c-d4dba86092c1,Restaurant 603,Philadelphia,PA,Mexican,2,Below Average,2023-08-01,Sunday,1,1.0,0.0,1.0,1.0,28.0,28.0,37.0,37.0,7.85,True
97b58304-f5c8-433a-b451-208b7b756c15,Restaurant 1594,Philadelphia,PA,Burgers,4,Strong,2022-03-01,Saturday,1,1.0,0.0,1.0,1.0,14.0,14.0,28.16,28.16,4.34,True
966ffa93-4e00-4238-84d3-eb99b7b8b574,Restaurant 1700,Philadelphia,PA,Mexican,5,Elite,2022-02-01,Friday,1,1.0,0.0,1.0,1.0,40.0,40.0,44.65,44.65,4.67,True
80fa5fc6-09fd-427a-970e-8383d450afc8,Restaurant 725,Philadelphia,PA,Coffee & Tea,2,Below Average,2022-05-01,Wednesday,1,1.0,0.0,1.0,0.0,38.0,38.0,28.05,28.05,5.75,True
907086a2-cf58-43c1-8fa8-8d1779f622d2,Restaurant 1716,Philadelphia,PA,American (New),5,Elite,2024-01-01,Friday,1,1.0,0.0,1.0,0.0,55.0,55.0,13.68,13.68,6.43,True
a60b2ced-0120-45b6-bad7-333819ca5436,Restaurant 1720,Philadelphia,PA,Mexican,5,Elite,2022-08-01,Friday,1,1.0,0.0,1.0,0.0,69.0,69.0,15.72,15.72,1.62,True
f4a76288-da53-439e-aa64-d1e98a00e26c,Restaurant 738,Philadelphia,PA,Burgers,2,Below Average,2024-06-01,Sunday,1,1.0,0.0,1.0,1.0,34.0,34.0,27.25,27.25,1.46,True
1ff0321c-7fbe-4445-b1f0-4fa06ee52a6c,Restaurant 815,Philadelphia,PA,Italian,3,Average,2024-02-01,Tuesday,1,1.0,0.0,1.0,1.0,10.0,10.0,49.32,49.32,6.99,True
435ebcce-d017-498f-bf72-6cd1350d218c,Restaurant 869,Philadelphia,PA,Coffee & Tea,3,Average,2023-01-01,Saturday,1,1.0,0.0,1.0,1.0,18.0,18.0,17.73,17.73,2.47,True
1d944406-d9d7-4e0c-bcce-d0725f346f07,Restaurant 929,Philadelphia,PA,Sushi,3,Average,2022-10-01,Sunday,1,1.0,0.0,1.0,0.0,59.0,59.0,20.35,20.35,5.95,True
88cf80a0-e003-4353-996c-fe9db6da14ba,Restaurant 945,Philadelphia,PA,Sushi,3,Average,2024-06-01,Sunday,1,1.0,0.0,1.0,1.0,10.0,10.0,23.22,23.22,7.12,True
6cf9feb9-6534-49f6-a7d0-efd9c0e448b6,Restaurant 949,Philadelphia,PA,Mexican,3,Average,2022-08-01,Tuesday,1,1.0,0.0,1.0,1.0,30.0,30.0,53.3,53.3,1.1,True
a37a1be3-2ab8-4aa3-be3b-c506e45de798,Restaurant 995,Philadelphia,PA,Chinese,3,Average,2024-02-01,Friday,1,1.0,0.0,1.0,1.0,42.0,42.0,22.98,22.98,7.31,True
73dc46bb-192a-49fb-8db0-c087ba1bc291,Restaurant 1997,Philadelphia,PA,Sushi,5,Elite,2024-08-01,Monday,1,0.0,1.0,0.0,,,,52.31,52.31,7.41,True
fbf6332c-31b4-4eac-97d8-a4d40398bb35,Restaurant 101,Philadelphia,WA,Pizza,1,Low,2022-05-01,Monday,1,1.0,0.0,1.0,1.0,39.0,39.0,10.68,10.68,7.89,True
74e436ee-3905-4fbf-8069-1ccf413759b4,Restaurant 158,Philadelphia,WA,Chinese,1,Low,2024-12-01,Tuesday,1,1.0,0.0,1.0,1.0,31.0,31.0,46.87,46.87,4.12,True
1450b992-ae40-4f08-ac9b-181ed7f32aba,Restaurant 336,Philadelphia,WA,Italian,1,Low,2022-02-01,Saturday,1,1.0,0.0,1.0,0.0,62.0,62.0,19.22,19.22,4.89,True
ff1307a7-d9b3-4b73-a5dc-1051b1a8bf30,Restaurant 440,Philadelphia,WA,Coffee & Tea,2,Below Average,2022-02-01,Friday,1,1.0,0.0,1.0,1.0,23.0,23.0,38.25,38.25,6.6,True
dc9b7df1-239b-45c1-9adf-3c426381fabc,Restaurant 453,Philadelphia,WA,Mexican,2,Below Average,2023-12-01,Thursday,1,1.0,0.0,1.0,1.0,10.0,10.0,35.91,35.91,6.29,True
4ae2a95c-4f3f-4078-a542-685cc396e39a,Restaurant 465,Philadelphia,WA,American (New),2,Below Average,2024-03-01,Monday,1,1.0,0.0,1.0,1.0,38.0,38.0,43.33,43.33,6.08,True
c0689d68-05eb-4dd7-ad09-9a15432b44a0,Restaurant 474,Philadelphia,WA,American (New),2,Below Average,2024-04-01,Monday,1,1.0,0.0,1.0,1.0,15.0,15.0,8.0,8.0,7.42,True
a1adf48d-e0a0-4e19-90b8-607a4613fdc2,Restaurant 524,Philadelphia,WA,Coffee & Tea,2,Below Average,2023-01-01,Wednesday,1,1.0,0.0,1.0,1.0,30.0,30.0,16.54,16.54,2.11,True
72eed0c7-ee34-407a-b310-8a3ec47acf3d,Restaurant 537,Philadelphia,WA,Chinese,2,Below Average,2024-12-01,Friday,1,1.0,0.0,1.0,0.0,43.0,43.0,27.32,27.32,6.94,True
c46d381c-28e1-4ad1-a90f-63d75b58b38e,Restaurant 646,Philadelphia,WA,Mexican,2,Below Average,2024-07-01,Friday,1,1.0,0.0,1.0,1.0,10.0,10.0,13.29,13.29,6.81,True
8a0e4abe-d4d7-45a7-8f90-dc4234226a9b,Restaurant 744,Philadelphia,WA,Thai,2,Below Average,2022-07-01,Sunday,1,0.0,1.0,0.0,,,,30.61,30.61,6.52,True
97a955e0-c8cb-4cfd-b07f-a9912ccd0557,Restaurant 880,Philadelphia,WA,Chinese,3,Average,2023-01-01,Thursday,1,1.0,0.0,1.0,0.0,49.0,49.0,8.0,8.0,7.21,True
60ab67b9-0ab8-4314-93a3-6389c84d5ab3,Restaurant 1061,Philadelphia,WA,Seafood,3,Average,2024-03-01,Wednesday,1,1.0,0.0,1.0,1.0,40.0,40.0,19.78,19.78,2.11,True
6141c8ff-5e91-4d45-8363-33562058f1d0,Restaurant 1325,Philadelphia,WA,Thai,4,Strong,2023-11-01,Thursday,1,1.0,0.0,1.0,0.0,56.0,56.0,27.55,27.55,4.99,True
c79b6a82-fc7a-4bad-be32-792c778f8055,Restaurant 1359,Philadelphia,WA,Sushi,4,Strong,2024-04-01,Friday,1,1.0,0.0,1.0,0.0,44.0,44.0,50.45,50.45,6.93,True
6932226a-19e1-4533-b76f-39bf0459534a,Restaurant 1432,Philadelphia,WA,Mexican,4,Strong,2022-01-01,Monday,1,1.0,0.0,1.0,0.0,39.0,39.0,23.72,23.72,1.17,True
9e2a4f1e-b7b1-42b9-a92d-0e65fc927cb6,Restaurant 1587,Philadelphia,WA,Thai,4,Strong,2023-01-01,Monday,1,1.0,0.0,1.0,1.0,13.0,13.0,58.18,58.18,6.31,True
c7b01f6b-88c2-431d-9f58-cd2b1f9352d7,Restaurant 1689,Philadelphia,WA,Seafood,5,Elite,2024-01-01,Saturday,1,1.0,0.0,1.0,0.0,41.0,41.0,43.17,43.17,5.17,True
5c76f01b-cdd1-4c2f-bb23-581dce161f86,Restaurant 1722,Philadelphia,WA,Thai,5,Elite,2024-11-01,Monday,1,1.0,0.0,1.0,1.0,33.0,33.0,47.72,47.72,7.84,True
972887eb-5efa-4e42-a7a0-cb0ab25f0026,Restaurant 144,Philadelphia,AZ,Pizza,1,Low,2022-06-01,Monday,1,1.0,0.0,1.0,0.0,48.0,48.0,44.8,44.8,1.23,True
58bacc4c-bb18-4de4-86c4-324ce6dfa5b5,Restaurant 633,Philadelphia,AZ,Pizza,2,Below Average,2024-05-01,Monday,1,1.0,0.0,1.0,1.0,21.0,21.0,19.2,19.2,2.83,True
ea3d7242-1e0a-42cd-9ea2-53ade29d6b4e,Restaurant 951,Philadelphia,AZ,Italian,3,Average,2022-07-01,Thursday,1,1.0,0.0,1.0,0.0,68.0,68.0,29.14,29.14,3.7,True
32cea1a5-5839-46e8-a7c5-a6b5400897cb,Restaurant 1163,Philadelphia,AZ,American (New),3,Average,2022-09-01,Wednesday,1,1.0,0.0,1.0,1.0,39.0,39.0,35.95,35.95,7.09,True
ce0b1f70-0bb1-4c18-9dc2-b5439ef60c1a,Restaurant 1192,Philadelphia,AZ,Italian,3,Average,2024-09-01,Thursday,1,1.0,0.0,1.0,1.0,21.0,21.0,25.72,25.72,7.24,True
b7d30ad8-04a0-4b83-b31c-9f48a1c1086b,Restaurant 1416,Philadelphia,AZ,Seafood,4,Strong,2022-08-01,Monday,1,1.0,0.0,1.0,1.0,10.0,10.0,29.86,29.86,7.32,True
6e2518b1-a6a5-4eb5-aa21-6623cec2a451,Restaurant 1530,Philadelphia,AZ,Burgers,4,Strong,2023-09-01,Monday,1,1.0,0.0,1.0,1.0,49.0,49.0,23.85,23.85,5.64,True
50cff78b-74fd-420c-b5fb-700c125e9c8f,Restaurant 1688,Philadelphia,AZ,Seafood,5,Elite,2022-06-01,Friday,1,1.0,0.0,1.0,0.0,54.0,54.0,54.22,54.22,1.34,True
438ab3c1-c8ca-4eb9-91f8-cde2979b042c,Restaurant 1737,Philadelphia,AZ,Sushi,5,Elite,2024-07-01,Thursday,1,1.0,0.0,1.0,0.0,48.0,48.0,8.81,8.81,4.61,True
3e11acff-1e98-4497-91eb-ebf47266d18c,Restaurant 1746,Philadelphia,AZ,Italian,5,Elite,2022-09-01,Monday,1,1.0,0.0,1.0,0.0,80.0,80.0,11.74,11.74,4.55,True
c83909e6-fc43-491d-837a-d2957605ee94,Restaurant 1927,Philadelphia,AZ,Coffee & Tea,5,Elite,2024-05-01,Tuesday,1,1.0,0.0,1.0,1.0,47.0,47.0,16.5,16.5,1.95,True
bc9124bd-0dd3-4fb0-9fbe-b93824c5b538,Restaurant 1947,Philadelphia,AZ,Thai,5,Elite,2023-05-01,Tuesday,1,1.0,0.0,1.0,0.0,66.0,66.0,8.0,8.0,1.88,True
3676ce48-4d9e-4aee-86a1-16121f7866d1,Restaurant 1009,Philadelphia,CA,Burgers,3,Average,2023-12-01,Sunday,1,1.0,0.0,1.0,1.0,26.0,26.0,37.27,37.27,4.52,True
adafecd7-8c8d-40a4-8e1e-de69f1956cda,Restaurant 109,Philadelphia,CA,Pizza,1,Low,2024-07-01,Thursday,1,1.0,0.0,1.0,1.0,42.0,42.0,26.11,26.11,2.51,True
0f668b8a-bfd7-4761-a195-43543290414e,Restaurant 1158,Philadelphia,CA,Italian,3,Average,2022-03-01,Thursday,1,1.0,0.0,1.0,1.0,37.0,37.0,31.39,31.39,5.68,True
a49528a7-612d-4dee-abde-5874cf249631,Restaurant 1194,Philadelphia,CA,Chinese,3,Average,2022-04-01,Friday,1,1.0,0.0,1.0,1.0,35.0,35.0,24.54,24.54,2.12,True
1d8cea2a-2740-4ffc-a448-fa0114935103,Restaurant 350,Philadelphia,CA,Italian,1,Low,2024-03-01,Thursday,1,1.0,0.0,1.0,1.0,30.0,30.0,45.39,45.39,6.55,True
7b8cb828-e020-4ec7-b641-4b1f10444111,Restaurant 1336,Philadelphia,CA,Burgers,4,Strong,2022-08-01,Saturday,1,1.0,0.0,1.0,1.0,12.0,12.0,31.42,31.42,1.98,True
19c24157-37d6-4e0f-bea7-4e61d1652155,Restaurant 1578,Philadelphia,CA,American (New),4,Strong,2024-06-01,Thursday,1,1.0,0.0,1.0,1.0,41.0,41.0,8.0,8.0,7.48,True
b83768f6-15a1-4848-bc82-9b98bfc748c2,Restaurant 1647,Philadelphia,CA,American (New),5,Elite,2023-07-01,Saturday,1,1.0,0.0,1.0,1.0,31.0,31.0,37.88,37.88,1.63,True
fa25eb9e-7606-4dd5-b696-7ceda8673603,Restaurant 1830,Philadelphia,CA,Coffee & Tea,5,Elite,2022-04-01,Saturday,1,1.0,0.0,1.0,1.0,35.0,35.0,40.95,40.95,1.17,True
466eecc1-077a-47f2-9661-2740f668df4f,Restaurant 1961,Philadelphia,CA,Sushi,5,Elite,2024-07-01,Monday,1,1.0,0.0,1.0,1.0,29.0,29.0,12.31,12.31,3.15,True
0ffbece7-b236-4383-b170-ef0e5fb8b7cc,Restaurant 957,Philadelphia,CA,Sushi,3,Average,2022-02-01,Monday,1,1.0,0.0,1.0,0.0,21.0,21.0,8.0,8.0,6.33,True
6da36bd5-3842-4eda-9fd8-32199f19b9e0,Restaurant 1040,Philadelphia,TX,Mexican,3,Average,2023-07-01,Thursday,1,1.0,0.0,1.0,1.0,42.0,42.0,33.25,33.25,3.32,True
b6e2bc92-4273-48b0-9efb-c0b522c2dd3b,Restaurant 1071,Philadelphia,TX,Chinese,3,Average,2024-03-01,Sunday,1,1.0,0.0,1.0,1.0,31.0,31.0,16.5,16.5,3.58,True
9a199a88-12da-418a-87c5-772e1c617853,Restaurant 1094,Philadelphia,TX,Sushi,3,Average,2023-05-01,Saturday,1,1.0,0.0,1.0,0.0,45.0,45.0,24.1,24.1,2.2,True
96319705-637d-48ce-9de5-1b8c07d551f6,Restaurant 194,Philadelphia,TX,American (New),1,Low,2024-02-01,Wednesday,1,1.0,0.0,1.0,1.0,15.0,15.0,8.0,8.0,3.99,True
b007ff0c-84c4-44af-821f-6505a4f3d905,Restaurant 362,Philadelphia,TX,Pizza,1,Low,2024-05-01,Wednesday,1,1.0,0.0,1.0,0.0,41.0,41.0,27.88,27.88,5.22,True
8f38a302-aaa3-40c0-8724-be5162259a9d,Restaurant 433,Philadelphia,TX,Sushi,2,Below Average,2024-04-01,Saturday,1,1.0,0.0,1.0,0.0,45.0,45.0,13.16,13.16,4.73,True
761d6d1d-6f9d-4b73-81c9-2e7276827590,Restaurant 1421,Philadelphia,TX,Italian,4,Strong,2023-01-01,Tuesday,1,1.0,0.0,1.0,1.0,28.0,28.0,26.86,26.86,3.6,True
554ec36e-d754-47b2-97f4-04be874b7d9e,Restaurant 1559,Philadelphia,TX,Seafood,4,Strong,2024-11-01,Friday,1,1.0,0.0,1.0,0.0,38.0,38.0,12.84,12.84,6.18,True
0d861420-d9bb-4cbf-88e2-fbf99de9e45c,Restaurant 622,Philadelphia,TX,Sushi,2,Below Average,2022-05-01,Wednesday,1,1.0,0.0,1.0,1.0,25.0,25.0,31.86,31.86,5.02,True
a62743cb-31b2-406d-9922-1e5e8d6fab4f,Restaurant 668,Philadelphia,TX,Sushi,2,Below Average,2024-09-01,Tuesday,1,1.0,0.0,1.0,0.0,52.0,52.0,8.23,8.23,4.24,True
f5af287b-b3f0-46ef-ab9a-11ef025dea2d,Restaurant 1773,Philadelphia,TX,Italian,5,Elite,2024-10-01,Thursday,1,1.0,0.0,1.0,0.0,52.0,52.0,34.94,34.94,2.77,True
e67dd971-4c9b-4e57-a087-bb6900673931,Restaurant 816,Philadelphia,TX,Sushi,3,Average,2022-04-01,Monday,1,1.0,0.0,1.0,1.0,20.0,20.0,32.57,32.57,1.12,True
f3aadb96-a268-479a-a3fa-2e674fb91d3b,Restaurant 1854,Philadelphia,TX,Burgers,5,Elite,2022-06-01,Thursday,1,1.0,0.0,1.0,1.0,32.0,32.0,8.0,8.0,2.19,True
759dd5ad-889c-4959-b255-cd76834b8c25,Restaurant 947,Philadelphia,TX,Seafood,3,Average,2024-04-01,Monday,1,1.0,0.0,1.0,1.0,19.0,19.0,9.19,9.19,7.05,True
2577a528-d2c0-4059-bd47-24a83408c04a,Restaurant 981,Philadelphia,TX,Italian,3,Average,2023-07-01,Tuesday,1,1.0,0.0,1.0,1.0,32.0,32.0,19.31,19.31,3.61,True
8c2f26c7-c38c-4952-a4a0-a41e067b51bc,Restaurant 43,Philadelphia,OH,Mexican,1,Low,2023-09-01,Thursday,1,1.0,0.0,1.0,1.0,19.0,19.0,25.46,25.46,2.97,True
5c48c9f0-00b2-4827-a304-2a43104237c0,Restaurant 256,Philadelphia,OH,Thai,1,Low,2023-06-01,Monday,2,2.0,0.0,1.0,1.0,21.5,21.9,35.69,17.85,3.77,True
934291e8-0340-4bac-a267-6a0d1b7afc2e,Restaurant 264,Philadelphia,OH,American (New),1,Low,2024-03-01,Tuesday,1,1.0,0.0,1.0,0.0,48.0,48.0,12.23,12.23,3.36,True
4137093d-5da6-4fd0-a3a8-95258d6a3b72,Restaurant 897,Philadelphia,OH,Sushi,3,Average,2022-07-01,Tuesday,1,1.0,0.0,1.0,1.0,42.0,42.0,27.05,27.05,3.28,True
5004a095-c3c5-4b0f-bfe6-820a44f2ec23,Restaurant 1281,Philadelphia,OH,Italian,4,Strong,2024-08-01,Monday,1,1.0,0.0,1.0,1.0,20.0,20.0,33.97,33.97,3.89,True
6b4608d5-3dcb-4ea8-bafa-31268435c79a,Restaurant 1414,Philadelphia,OH,Sushi,4,Strong,2023-11-01,Thursday,1,1.0,0.0,1.0,1.0,46.0,46.0,34.32,34.32,7.45,True
f89fa075-8584-4edf-b341-3b4c643e3476,Restaurant 1648,Philadelphia,OH,Sushi,5,Elite,2022-01-01,Saturday,1,1.0,0.0,1.0,1.0,36.0,36.0,37.97,37.97,5.86,True
b0208c23-6bb2-4f10-89bd-a40a8ca59d8f,Restaurant 1820,Philadelphia,OH,Mexican,5,Elite,2023-04-01,Friday,1,1.0,0.0,1.0,1.0,59.0,59.0,50.6,50.6,5.19,True
e1a263b5-5bb8-442b-9a1c-5b65094dc2d2,Restaurant 1833,Philadelphia,OH,Coffee & Tea,5,Elite,2024-05-01,Monday,1,1.0,0.0,1.0,0.0,48.0,48.0,27.93,27.93,2.64,True
9cc8add9-ff58-4679-85c2-22952f6415c3,Restaurant 1893,Philadelphia,OH,Coffee & Tea,5,Elite,2023-03-01,Tuesday,1,1.0,0.0,1.0,0.0,58.0,58.0,38.35,38.35,2.13,True
2bd1c419-623d-4538-a0b6-8dd2eeee934b,Restaurant 1984,Philadelphia,OH,Coffee & Tea,5,Elite,2023-12-01,Friday,1,1.0,0.0,1.0,0.0,46.0,46.0,36.37,36.37,2.52,True
caee2cf1-dc31-4f24-995e-e658c409237e,Restaurant 238,Philadelphia,FL,Italian,1,Low,2022-10-01,Monday,1,1.0,0.0,1.0,1.0,44.0,44.0,41.96,41.96,5.84,True
c90e0001-dec8-4c3a-baf7-0a7824246891,Restaurant 1055,Philadelphia,FL,Burgers,3,Average,2023-12-01,Wednesday,1,1.0,0.0,1.0,1.0,16.0,16.0,33.37,33.37,6.1,True
f4a7fd62-81da-4d82-935b-1479d26d6b51,Restaurant 1250,Philadelphia,FL,Burgers,4,Strong,2023-01-01,Tuesday,1,1.0,0.0,1.0,1.0,27.0,27.0,22.99,22.99,7.25,True
82310495-df35-4311-9a38-4b263b20a636,Restaurant 1280,Philadelphia,FL,Pizza,4,Strong,2023-09-01,Wednesday,1,1.0,0.0,1.0,1.0,48.0,48.0,32.96,32.96,1.04,True
d7ef7662-a859-44a0-b209-c2b4f7d820ac,Restaurant 915,Philadelphia,IL,Pizza,3,Average,2023-10-01,Wednesday,1,1.0,0.0,1.0,0.0,48.0,48.0,43.96,43.96,4.6,True
c4cfb25e-27a9-4fba-9ed9-0f21f19a38cd,Restaurant 367,Philadelphia,CO,Mexican,1,Low,2022-01-01,Monday,1,1.0,0.0,1.0,1.0,27.0,27.0,34.6,34.6,6.09,True
166c4f60-ee78-432b-8fcf-7cb3effa9d96,Restaurant 461,Philadelphia,CO,Sushi,2,Below Average,2023-08-01,Thursday,1,1.0,0.0,1.0,1.0,19.0,19.0,19.79,19.79,5.73,True
610b9511-169a-482d-b6c7-868749a8dc02,Restaurant 780,Philadelphia,CO,Mexican,2,Below Average,2024-10-01,Sunday,1,1.0,0.0,1.0,1.0,31.0,31.0,25.49,25.49,7.14,True
91db77b1-0bab-456d-a759-f24b7da60d83,Restaurant 1168,Philadelphia,CO,Seafood,3,Average,2023-10-01,Thursday,1,1.0,0.0,1.0,0.0,43.0,43.0,25.42,25.42,7.13,True
3e615fe9-f6eb-4d9c-8e58-66031363460a,Restaurant 1174,Philadelphia,CO,Seafood,3,Average,2023-03-01,Sunday,1,1.0,0.0,1.0,1.0,23.0,23.0,60.21,60.21,3.55,True
b3421fcf-c288-4154-bb38-a76cdb5493b6,Restaurant 1287,Philadelphia,CO,Italian,4,Strong,2022-10-01,Wednesday,1,1.0,0.0,1.0,0.0,48.0,48.0,20.14,20.14,5.79,True
7d77f3d5-9661-4a48-bc50-276af59798f0,Restaurant 1293,Philadelphia,CO,Thai,4,Strong,2024-07-01,Monday,1,1.0,0.0,1.0,1.0,10.0,10.0,46.9,46.9,3.87,True
cc86ffe0-902e-4790-87df-41573291b731,Restaurant 1314,Philadelphia,CO,Thai,4,Strong,2023-11-01,Thursday,1,1.0,0.0,1.0,1.0,39.0,39.0,40.16,40.16,2.72,True
acf07cd1-be70-465a-957e-f8ce255df639,Restaurant 1539,Philadelphia,CO,Burgers,4,Strong,2024-06-01,Saturday,1,1.0,0.0,1.0,1.0,20.0,20.0,29.48,29.48,3.4,True
0a81fa0a-021b-4194-a11a-f3eb5998fb70,Restaurant 1634,Philadelphia,CO,Seafood,5,Elite,2022-02-01,Saturday,1,1.0,0.0,1.0,0.0,52.0,52.0,33.3,33.3,3.46,True
5099fcfd-f316-438f-8ac1-7e344eacd601,Restaurant 24,Philadelphia,NY,Coffee & Tea,1,Low,2022-01-01,Sunday,1,1.0,0.0,1.0,1.0,10.0,10.0,44.92,44.92,7.06,True
fec37f86-aa4f-4db4-9265-1d75f06af877,Restaurant 127,Philadelphia,NY,Pizza,1,Low,2022-08-01,Saturday,1,1.0,0.0,1.0,1.0,42.0,42.0,30.66,30.66,4.95,True
e2c5120f-4685-4868-a145-2da148452a59,Restaurant 1282,Philadelphia,NY,Coffee & Tea,4,Strong,2024-03-01,Tuesday,1,1.0,0.0,1.0,1.0,28.0,28.0,19.27,19.27,2.79,True
c9b1e53e-1290-451e-a352-412069e5b535,Restaurant 239,Philadelphia,NY,Sushi,1,Low,2024-04-01,Wednesday,1,1.0,0.0,1.0,1.0,15.0,15.0,20.2,20.2,6.51,True
51574129-05a3-4c6c-ad79-2db0a1cc99dd,Restaurant 316,Philadelphia,NY,Chinese,1,Low,2022-12-01,Wednesday,1,1.0,0.0,1.0,1.0,28.0,28.0,40.23,40.23,5.26,True
aa743637-010b-4033-9774-3e2e956bf8b5,Restaurant 525,Philadelphia,NY,Thai,2,Below Average,2022-07-01,Monday,1,1.0,0.0,1.0,1.0,12.0,12.0,27.61,27.61,5.22,True
42212f1b-f9b1-4ef9-b351-4fe5f5d68f5b,Restaurant 1608,Philadelphia,NY,Chinese,5,Elite,2022-04-01,Monday,1,1.0,0.0,1.0,0.0,56.0,56.0,30.38,30.38,2.98,True
5317d8c8-53d0-4405-b376-dfe0d224f6b9,Restaurant 1727,Philadelphia,NY,Pizza,5,Elite,2022-05-01,Thursday,1,1.0,0.0,1.0,0.0,23.0,23.0,23.66,23.66,1.86,True
46dfbcd2-f634-47ac-90bd-36d96f4c9cc3,Restaurant 1756,Philadelphia,NY,Seafood,5,Elite,2022-06-01,Sunday,1,1.0,0.0,1.0,0.0,64.0,64.0,28.44,28.44,6.75,True
b9b4fd91-f720-4dfa-9af5-1e741277731d,Restaurant 1945,Philadelphia,NY,Pizza,5,Elite,2022-02-01,Saturday,1,1.0,0.0,1.0,1.0,13.0,13.0,12.14,12.14,1.0,True
b3cc076c-17bb-4448-bc7d-5e051f6c9d05,Restaurant 1036,Philadelphia,PA,Coffee & Tea,3,Average,2024-11-01,Saturday,1,1.0,0.0,1.0,0.0,51.0,51.0,29.11,29.11,4.44,True
fd2f7669-544e-4b1a-9812-5448e1800cc1,Restaurant 165,Philadelphia,PA,Mexican,1,Low,2024-11-01,Sunday,1,1.0,0.0,1.0,1.0,19.0,19.0,37.21,37.21,3.48,True
15cb2ecc-5e16-4a68-8e7c-d4dba86092c1,Restaurant 603,Philadelphia,PA,Mexican,2,Below Average,2023-10-01,Monday,1,1.0,0.0,1.0,1.0,19.0,19.0,28.1,28.1,3.44,True
97b58304-f5c8-433a-b451-208b7b756c15,Restaurant 1594,Philadelphia,PA,Burgers,4,Strong,2024-04-01,Thursday,1,1.0,0.0,1.0,0.0,50.0,50.0,27.84,27.84,5.57,True
966ffa93-4e00-4238-84d3-eb99b7b8b574,Restaurant 1700,Philadelphia,PA,Mexican,5,Elite,2024-02-01,Tuesday,1,1.0,0.0,1.0,0.0,69.0,69.0,21.67,21.67,1.82,True
907086a2-cf58-43c1-8fa8-8d1779f622d2,Restaurant 1716,Philadelphia,PA,American (New),5,Elite,2024-05-01,Tuesday,1,1.0,0.0,1.0,0.0,62.0,62.0,46.3,46.3,4.77,True
a60b2ced-0120-45b6-bad7-333819ca5436,Restaurant 1720,Philadelphia,PA,Mexican,5,Elite,2022-10-01,Monday,1,1.0,0.0,1.0,1.0,28.0,28.0,36.85,36.85,6.59,True
f4a76288-da53-439e-aa64-d1e98a00e26c,Restaurant 738,Philadelphia,PA,Burgers,2,Below Average,2024-07-01,Sunday,1,1.0,0.0,1.0,0.0,48.0,48.0,35.0,35.0,4.1,True
88cf80a0-e003-4353-996c-fe9db6da14ba,Restaurant 945,Philadelphia,PA,Sushi,3,Average,2022-08-01,Wednesday,1,1.0,0.0,1.0,0.0,45.0,45.0,11.91,11.91,7.72,True
a37a1be3-2ab8-4aa3-be3b-c506e45de798,Restaurant 995,Philadelphia,PA,Chinese,3,Average,2023-11-01,Saturday,1,1.0,0.0,1.0,1.0,16.0,16.0,20.69,20.69,7.1,True
73dc46bb-192a-49fb-8db0-c087ba1bc291,Restaurant 1997,Philadelphia,PA,Sushi,5,Elite,2022-03-01,Wednesday,1,1.0,0.0,1.0,1.0,21.0,21.0,8.0,8.0,2.63,True
c0689d68-05eb-4dd7-ad09-9a15432b44a0,Restaurant 474,Philadelphia,WA,American (New),2,Below Average,2023-12-01,Friday,1,1.0,0.0,1.0,0.0,40.0,40.0,22.79,22.79,4.55,True
c46d381c-28e1-4ad1-a90f-63d75b58b38e,Restaurant 646,Philadelphia,WA,Mexican,2,Below Average,2022-03-01,Saturday,1,1.0,0.0,1.0,1.0,10.0,10.0,22.48,22.48,1.68,True
9e2a4f1e-b7b1-42b9-a92d-0e65fc927cb6,Restaurant 1587,Philadelphia,WA,Thai,4,Strong,2022-03-01,Sunday,1,1.0,0.0,1.0,1.0,38.0,38.0,14.44,14.44,7.51,True
b7d30ad8-04a0-4b83-b31c-9f48a1c1086b,Restaurant 1416,Philadelphia,AZ,Seafood,4,Strong,2023-12-01,Sunday,1,1.0,0.0,1.0,1.0,23.0,23.0,69.97,69.97,3.53,True
438ab3c1-c8ca-4eb9-91f8-cde2979b042c,Restaurant 1737,Philadelphia,AZ,Sushi,5,Elite,2022-07-01,Monday,2,2.0,0.0,1.0,1.0,36.5,36.9,35.91,17.95,7.2,True
adafecd7-8c8d-40a4-8e1e-de69f1956cda,Restaurant 109,Philadelphia,CA,Pizza,1,Low,2023-10-01,Friday,1,1.0,0.0,1.0,1.0,30.0,30.0,41.47,41.47,2.04,True
7b8cb828-e020-4ec7-b641-4b1f10444111,Restaurant 1336,Philadelphia,CA,Burgers,4,Strong,2023-10-01,Thursday,1,1.0,0.0,1.0,0.0,37.0,37.0,8.0,8.0,4.11,True
0ffbece7-b236-4383-b170-ef0e5fb8b7cc,Restaurant 957,Philadelphia,CA,Sushi,3,Average,2022-04-01,Friday,1,1.0,0.0,1.0,1.0,28.0,28.0,8.01,8.01,6.92,True
554ec36e-d754-47b2-97f4-04be874b7d9e,Restaurant 1559,Philadelphia,TX,Seafood,4,Strong,2022-08-01,Tuesday,1,1.0,0.0,1.0,0.0,49.0,49.0,34.68,34.68,7.8,True
0d861420-d9bb-4cbf-88e2-fbf99de9e45c,Restaurant 622,Philadelphia,TX,Sushi,2,Below Average,2023-10-01,Wednesday,1,1.0,0.0,1.0,1.0,41.0,41.0,35.0,35.0,4.13,True
f5af287b-b3f0-46ef-ab9a-11ef025dea2d,Restaurant 1773,Philadelphia,TX,Italian,5,Elite,2022-03-01,Friday,1,1.0,0.0,1.0,0.0,37.0,37.0,26.32,26.32,3.67,True
e67dd971-4c9b-4e57-a087-bb6900673931,Restaurant 816,Philadelphia,TX,Sushi,3,Average,2024-12-01,Sunday,1,1.0,0.0,1.0,1.0,26.0,26.0,27.44,27.44,7.27,True
759dd5ad-889c-4959-b255-cd76834b8c25,Restaurant 947,Philadelphia,TX,Seafood,3,Average,2022-02-01,Thursday,1,1.0,0.0,1.0,1.0,20.0,20.0,50.98,50.98,3.92,True
934291e8-0340-4bac-a267-6a0d1b7afc2e,Restaurant 264,Philadelphia,OH,American (New),1,Low,2023-12-01,Wednesday,1,1.0,0.0,1.0,1.0,41.0,41.0,8.0,8.0,2.19,True
f89fa075-8584-4edf-b341-3b4c643e3476,Restaurant 1648,Philadelphia,OH,Sushi,5,Elite,2023-10-01,Wednesday,1,1.0,0.0,1.0,0.0,37.0,37.0,38.22,38.22,5.16,True
2bd1c419-623d-4538-a0b6-8dd2eeee934b,Restaurant 1984,Philadelphia,OH,Coffee & Tea,5,Elite,2022-12-01,Thursday,1,1.0,0.0,1.0,0.0,43.0,43.0,59.29,59.29,2.86,True
caee2cf1-dc31-4f24-995e-e658c409237e,Restaurant 238,Philadelphia,FL,Italian,1,Low,2023-06-01,Friday,1,1.0,0.0,1.0,1.0,40.0,40.0,8.0,8.0,3.55,True
f4a7fd62-81da-4d82-935b-1479d26d6b51,Restaurant 1250,Philadelphia,FL,Burgers,4,Strong,2022-08-01,Tuesday,1,1.0,0.0,1.0,1.0,32.0,32.0,13.72,13.72,4.49,True
cc86ffe0-902e-4790-87df-41573291b731,Restaurant 1314,Philadelphia,CO,Thai,4,Strong,2024-07-01,Thursday,1,1.0,0.0,1.0,1.0,38.0,38.0,11.73,11.73,5.52,True
5099fcfd-f316-438f-8ac1-7e344eacd601,Restaurant 24,Philadelphia,NY,Coffee & Tea,1,Low,2022-10-01,Thursday,1,1.0,0.0,1.0,1.0,18.0,18.0,47.48,47.48,4.17,True
c9b1e53e-1290-451e-a352-412069e5b535,Restaurant 239,Philadelphia,NY,Sushi,1,Low,2022-02-01,Tuesday,1,1.0,0.0,1.0,1.0,17.0,17.0,8.0,8.0,1.52,True
51574129-05a3-4c6c-ad79-2db0a1cc99dd,Restaurant 316,Philadelphia,NY,Chinese,1,Low,2022-11-01,Saturday,1,1.0,0.0,1.0,1.0,16.0,16.0,42.24,42.24,6.03,True
aa743637-010b-4033-9774-3e2e956bf8b5,Restaurant 525,Philadelphia,NY,Thai,2,Below Average,2023-09-01,Saturday,1,1.0,0.0,1.0,1.0,28.0,28.0,24.59,24.59,6.62,True
5317d8c8-53d0-4405-b376-dfe0d224f6b9,Restaurant 1727,Philadelphia,NY,Pizza,5,Elite,2023-01-01,Friday,1,1.0,0.0,1.0,0.0,28.0,28.0,36.86,36.86,7.62,True
88cf80a0-e003-4353-996c-fe9db6da14ba,Restaurant 945,Philadelphia,PA,Sushi,3,Average,2022-07-01,Monday,1,1.0,0.0,1.0,1.0,17.0,17.0,36.96,36.96,5.57,True
73dc46bb-192a-49fb-8db0-c087ba1bc291,Restaurant 1997,Philadelphia,PA,Sushi,5,Elite,2023-01-01,Thursday,1,1.0,0.0,1.0,1.0,24.0,24.0,8.0,8.0,5.54,True
c0689d68-05eb-4dd7-ad09-9a15432b44a0,Restaurant 474,Philadelphia,WA,American (New),2,Below Average,2022-12-01,Saturday,1,1.0,0.0,1.0,1.0,35.0,35.0,24.61,24.61,4.95,True
0ffbece7-b236-4383-b170-ef0e5fb8b7cc,Restaurant 957,Philadelphia,CA,Sushi,3,Average,2022-08-01,Monday,1,1.0,0.0,1.0,0.0,49.0,49.0,17.1,17.1,7.35,True
f5af287b-b3f0-46ef-ab9a-11ef025dea2d,Restaurant 1773,Philadelphia,TX,Italian,5,Elite,2022-06-01,Sunday,1,1.0,0.0,1.0,1.0,25.0,25.0,12.82,12.82,2.18,True
e67dd971-4c9b-4e57-a087-bb6900673931,Restaurant 816,Philadelphia,TX,Sushi,3,Average,2023-06-01,Saturday,1,1.0,0.0,1.0,1.0,37.0,37.0,26.67,26.67,3.75,True
759dd5ad-889c-4959-b255-cd76834b8c25,Restaurant 947,Philadelphia,TX,Seafood,3,Average,2023-06-01,Saturday,1,1.0,0.0,1.0,0.0,46.0,46.0,58.35,58.35,5.25,True
5099fcfd-f316-438f-8ac1-7e344eacd601,Restaurant 24,Philadelphia,NY,Coffee & Tea,1,Low,2023-01-01,Wednesday,1,1.0,0.0,1.0,1.0,51.0,51.0,8.0,8.0,5.92,True
f5af287b-b3f0-46ef-ab9a-11ef025dea2d,Restaurant 1773,Philadelphia,TX,Italian,5,Elite,2022-02-01,Friday,1,1.0,0.0,1.0,1.0,37.0,37.0,54.93,54.93,5.48,True
e67dd971-4c9b-4e57-a087-bb6900673931,Restaurant 816,Philadelphia,TX,Sushi,3,Average,2023-03-01,Wednesday,1,1.0,0.0,1.0,1.0,18.0,18.0,37.32,37.32,4.06,True
e67dd971-4c9b-4e57-a087-bb6900673931,Restaurant 816,Philadelphia,TX,Sushi,3,Average,2022-09-01,Monday,1,1.0,0.0,1.0,0.0,41.0,41.0,10.2,10.2,7.91,True
