business_id,checkin_at,_ingested_at,_batch_date
7fe05f0b-325e-4e03-9683-1584ee95d892,2021-01-18 07:52:00,2024-01-01 00:00:00,2024-01-01
f3aab638-34fe-42e7-bb13-82c8fb296808,2021-10-02 12:02:00,2024-01-01 00:00:00,2024-01-01
7bb3ebad-db7d-4fa2-af39-7c8d05d05501,2021-01-03 15:51:00,2024-01-01 00:00:00,2024-01-01
0be28c25-0327-4f80-8046-0eaeb54d8a11,2023-09-24 21:45:00,2024-01-01 00:00:00,2024-01-01
a8ca0ebc-9b7f-4d34-8d04-2fc582139c8f,2023-03-26 18:06:00,2024-01-01 00:00:00,2024-01-01
4c2a4da0-f880-4031-b5e6-f907f463f170,2023-10-03 02:42:00,2024-01-01 00:00:00,2024-01-01
315b8757-9504-4390-b0fc-071c5fca4539,2022-09-03 16:36:00,2024-01-01 00:00:00,2024-01-01
b1739b28-f87d-41ac-b2cc-1214c3e645d9,2022-03-23 17:33:00,2024-01-01 00:00:00,2024-01-01
d4f28bee-2d99-477e-bed0-8afb23cc957e,2021-03-18 17:41:00,2024-01-01 00:00:00,2024-01-01
2922af86-2997-4537-8609-bf9b9c5f81c3,2020-02-16 10:08:00,2024-01-01 00:00:00,2024-01-01
33a8bae8-defe-45ee-bc55-acac9865843c,2021-07-06 06:18:00,2024-01-01 00:00:00,2024-01-01
29b81039-f7fe-44d4-b9ae-e43004eff257,2022-07-06 12:27:00,2024-01-01 00:00:00,2024-01-01
5d12e724-cb1e-4fa2-8a4b-7233cc8fe6ec,2021-02-11 15:01:00,2024-01-01 00:00:00,2024-01-01
24350707-610e-4310-9644-77314fe37d18,2021-10-03 10:35:00,2024-01-01 00:00:00,2024-01-01
906d7997-95c3-4edf-8222-0f6d5f7a8efb,2021-09-18 12:19:00,2024-01-01 00:00:00,2024-01-01
45d7ea24-c950-49db-a864-e2d30c0d5168,2021-10-16 09:49:00,2024-01-01 00:00:00,2024-01-01
6fce7ef5-ee43-4bdb-90de-d63a0361ff25,2022-11-01 01:33:00,2024-01-01 00:00:00,2024-01-01
8c9c9dbe-e89c-4845-932b-7aff6ac30a0a,2023-08-30 06:05:00,2024-01-01 00:00:00,2024-01-01
32e2f2ae-8d59-43ef-b972-bc85f1e3effa,2020-09-20 18:47:00,2024-01-01 00:00:00,2024-01-01
c29f8478-8036-4162-99ea-0f8aa0bcf424,2022-03-15 05:41:00,2024-01-01 00:00:00,2024-01-01
951a9f55-1058-4bd9-954d-043e088ec276,2020-10-04 01:34:00,2024-01-01 00:00:00,2024-01-01
ed6c27f0-06b8-4e66-b130-c2c4aa6c9376,2019-02-27 09:24:00,2024-01-01 00:00:00,2024-01-01
03c38c1c-2a9b-4019-8797-1e0364c618d7,2020-01-21 17:03:00,2024-01-01 00:00:00,2024-01-01
030feb28-36e3-4593-8d5c-c8d42af61ec0,2023-08-15 21:55:00,2024-01-01 00:00:00,2024-01-01
951a9f55-1058-4bd9-954d-043e088ec276,2021-06-07 16:33:00,2024-01-01 00:00:00,2024-01-01
685a72a1-81ff-4c14-8ef4-776b03c7ecc5,2023-10-06 16:23:00,2024-01-01 00:00:00,2024-01-01
6fce7ef5-ee43-4bdb-90de-d63a0361ff25,2022-10-26 01:58:00,2024-01-01 00:00:00,2024-01-01
1ceb73a6-47a3-4dd2-adbc-d51def354a7c,2020-03-15 14:11:00,2024-01-01 00:00:00,2024-01-01
edea4b5f-3f5d-4314-8bf0-a86d0b8effc6,2020-03-29 10:04:00,2024-01-01 00:00:00,2024-01-01
d78182ff-6287-47fb-a6a1-c86862779c6a,2023-01-02 15:13:00,2024-01-01 00:00:00,2024-01-01
60b418d4-86d2-4132-9bc5-6ca7e221f7f0,2022-03-15 19:00:00,2024-01-01 00:00:00,2024-01-01
ea89fd49-731f-4da8-969b-bc2a6c8bea84,2019-04-03 12:13:00,2024-01-01 00:00:00,2024-01-01
dbf64d39-3c3e-4365-8718-51e7b760c8e7,2022-11-12 09:00:00,2024-01-01 00:00:00,2024-01-01
519bfb38-3676-4d96-9ab2-edb60603b77e,2020-05-07 10:11:00,2024-01-01 00:00:00,2024-01-01
177efbbb-6b14-4d57-98ee-ea47870b1dbb,2021-03-09 07:23:00,2024-01-01 00:00:00,2024-01-01
335d903c-2372-4e99-b9c5-172e53c7182e,2023-09-12 01:09:00,2024-01-01 00:00:00,2024-01-01
7c370196-e467-4102-be70-deb73cbca2c3,2019-10-18 07:39:00,2024-01-01 00:00:00,2024-01-01
185e7502-135f-4aa2-aac7-26d0f0eed2cc,2022-10-01 13:43:00,2024-01-01 00:00:00,2024-01-01
15126595-ddb9-4291-9946-5b29f8108d8f,2022-03-14 20:19:00,2024-01-01 00:00:00,2024-01-01
399f88ee-c3c2-4945-853e-1941dee550ef,2020-02-24 20:47:00,2024-01-01 00:00:00,2024-01-01
9d2b2485-e78c-466a-bb21-b72d1ffd405a,2020-07-12 22:00:00,2024-01-01 00:00:00,2024-01-01
ce0b6f95-c730-496a-a07a-8384d42befb9,2021-05-01 13:24:00,2024-01-01 00:00:00,2024-01-01
17276d3c-a5c5-44c4-bcd9-8fb9341a88ca,2020-07-23 06:52:00,2024-01-01 00:00:00,2024-01-01
10ed932c-9d7e-4b52-8acc-3d5ebb7ab0fa,2023-05-15 08:38:00,2024-01-01 00:00:00,2024-01-01
e6b82e62-5bc6-4d33-9de6-4ca3413eba00,2019-01-22 22:25:00,2024-01-01 00:00:00,2024-01-01
358cf9ef-9b97-4dc4-aabf-ea7e18ec3c24,2019-03-27 14:08:00,2024-01-01 00:00:00,2024-01-01
c47863ba-9eea-4d54-a20f-a8151df391ab,2022-09-19 07:04:00,2024-01-01 00:00:00,2024-01-01
4b860dbb-3b9b-4e1f-8986-5f12d4f67aae,2022-07-29 03:10:00,2024-01-01 00:00:00,2024-01-01
d80fe7d5-83ae-4413-8c4a-0e4285fd0bfe,2023-06-09 02:11:00,2024-01-01 00:00:00,2024-01-01
6683db8b-bf0e-4904-a49d-c15c6cda38c7,2022-01-04 05:47:00,2024-01-01 00:00:00,2024-01-01
6dda7226-673e-4822-b3ad-d1bc40f0d79d,2020-06-09 21:45:00,2024-01-01 00:00:00,2024-01-01
25295a76-1bd6-42b7-baa3-0a9ef6b4ccc2,2022-11-24 09:34:00,2024-01-01 00:00:00,2024-01-01
8d6971cf-dae1-46db-836a-9e040806a36c,2020-08-09 18:16:00,2024-01-01 00:00:00,2024-01-01
d250a920-f9be-4677-86a3-8a72838f9886,2019-08-11 03:25:00,2024-01-01 00:00:00,2024-01-01
2cec8b9d-688b-4f35-9994-67758a1c216d,2023-08-13 06:05:00,2024-01-01 00:00:00,2024-01-01
bb6ecc9c-2824-4092-8115-75fd5579d8e0,2022-02-10 15:12:00,2024-01-01 00:00:00,2024-01-01
cbc1347d-0223-4fb6-b55a-c3b440586060,2019-09-18 01:30:00,2024-01-01 00:00:00,2024-01-01
75b7337f-e116-4636-ac36-fe61ed885b30,2021-09-07 03:14:00,2024-01-01 00:00:00,2024-01-01
5e2507d0-04bf-414b-9bf2-382051d882bd,2019-03-19 12:11:00,2024-01-01 00:00:00,2024-01-01
33a8bae8-defe-45ee-bc55-acac9865843c,2019-06-21 22:51:00,2024-01-01 00:00:00,2024-01-01
3dcb9969-4b73-4926-aa46-2c48ba947fc0,2019-05-19 13:39:00,2024-01-01 00:00:00,2024-01-01
b3673644-b02d-4f35-a2aa-0344feca4972,2021-01-29 23:09:00,2024-01-01 00:00:00,2024-01-01
e165c6ad-0881-461f-a326-0bedc06fdac0,2021-06-24 01:42:00,2024-01-01 00:00:00,2024-01-01
98ecac3b-17cd-418d-b996-6a44293cb0cf,2021-10-28 06:49:00,2024-01-01 00:00:00,2024-01-01
72af3421-4c21-454c-ae33-5b876b8ee2d8,2020-03-06 10:02:00,2024-01-01 00:00:00,2024-01-01
b175f2f8-ff61-4186-8f41-8390e8baa39d,2022-03-10 04:21:00,2024-01-01 00:00:00,2024-01-01
437c8e55-9887-4067-ad65-c7077711951c,2023-10-27 08:58:00,2024-01-01 00:00:00,2024-01-01
5a6399b6-bf5d-4464-97b1-d84976ec3f9b,2019-12-26 14:12:00,2024-01-01 00:00:00,2024-01-01
75fee327-128d-4947-922c-48768321bb81,2022-08-12 12:24:00,2024-01-01 00:00:00,2024-01-01
8f10bb43-2edd-452d-9b02-bc94aef8d31e,2019-11-10 09:32:00,2024-01-01 00:00:00,2024-01-01
4122fce1-1d01-4333-93d2-7682b5ab383f,2019-05-11 05:40:00,2024-01-01 00:00:00,2024-01-01
b4518080-60ea-4798-86bc-d3b1ae7c352b,2020-02-03 21:46:00,2024-01-01 00:00:00,2024-01-01
0f6883be-4fc4-4ae2-9de6-f9e7f47bca68,2021-06-17 14:04:00,2024-01-01 00:00:00,2024-01-01
0ad16284-7dad-469c-81c6-08e7988e4581,2023-09-24 19:33:00,2024-01-01 00:00:00,2024-01-01
d200bcbf-2a8f-48d4-9253-7997795d92cf,2020-08-12 05:09:00,2024-01-01 00:00:00,2024-01-01
b3a57685-0ec6-4f4f-aff5-8f1dac0cdd0a,2022-01-25 10:03:00,2024-01-01 00:00:00,2024-01-01
c9bf95b9-b0ae-4dc9-91af-c64e1f637bdf,2019-08-17 02:26:00,2024-01-01 00:00:00,2024-01-01
0fe62ad4-3335-466e-b454-54daa2898258,2021-11-26 00:39:00,2024-01-01 00:00:00,2024-01-01
0288a5fb-a2e3-472e-b132-4e10784bc88a,2023-01-15 23:59:00,2024-01-01 00:00:00,2024-01-01
018c7220-47ac-4839-a4d7-f8d59199bd91,2020-10-20 01:09:00,2024-01-01 00:00:00,2024-01-01
c9bf95b9-b0ae-4dc9-91af-c64e1f637bdf,2019-08-01 07:00:00,2024-01-01 00:00:00,2024-01-01
1cc9d468-4898-4575-9b28-0d959c1aa2eb,2021-02-19 18:03:00,2024-01-01 00:00:00,2024-01-01
9cd072bf-530a-47fc-8e8f-2f08787a39bb,2023-07-25 18:07:00,2024-01-01 00:00:00,2024-01-01
04723e3e-62de-4c60-8482-d3c5544ef0d5,2023-10-22 20:02:00,2024-01-01 00:00:00,2024-01-01
f0d033e3-4694-4cfb-9d77-489eed62b354,2022-02-28 02:01:00,2024-01-01 00:00:00,2024-01-01
ce0b6f95-c730-496a-a07a-8384d42befb9,2022-08-21 15:59:00,2024-01-01 00:00:00,2024-01-01
bd2d0caf-ea73-48cb-b440-8e605014b711,2022-03-16 12:18:00,2024-01-01 00:00:00,2024-01-01
44444b0d-5b0a-407c-a8be-8eef20b13052,2022-11-05 12:28:00,2024-01-01 00:00:00,2024-01-01
2db30c78-fe47-4ff9-85ab-6216a35a122f,2023-03-13 21:31:00,2024-01-01 00:00:00,2024-01-01
310e7f81-9fe3-4296-ac03-e8d76f6c10ac,2022-06-08 11:40:00,2024-01-01 00:00:00,2024-01-01
13ef26fb-028c-4b96-bd33-23545fd49368,2021-07-20 04:29:00,2024-01-01 00:00:00,2024-01-01
4de6c7f0-1541-4146-ba6c-4b5813098f5e,2022-01-03 11:14:00,2024-01-01 00:00:00,2024-01-01
54ffe43a-ee72-49cf-9b9e-5ced527f8632,2019-10-23 20:46:00,2024-01-01 00:00:00,2024-01-01
b3a57685-0ec6-4f4f-aff5-8f1dac0cdd0a,2019-12-24 12:16:00,2024-01-01 00:00:00,2024-01-01
7d452a25-98d5-4e93-91d0-c5173fe7ba0b,2019-11-25 23:01:00,2024-01-01 00:00:00,2024-01-01
22396224-bed7-4623-aa8e-286ce43cea68,2021-06-03 09:09:00,2024-01-01 00:00:00,2024-01-01
2e4e0d6e-9e7c-4a8a-929d-e5a748af17d4,2019-03-29 13:45:00,2024-01-01 00:00:00,2024-01-01
d06afe8f-b00f-4b3d-951b-dfc4f57cbee5,2022-01-13 07:25:00,2024-01-01 00:00:00,2024-01-01
62638dba-59a8-4de4-b3df-06501e2a7309,2019-09-14 20:22:00,2024-01-01 00:00:00,2024-01-01
44e549c9-2fe5-44df-8804-9d88f6092512,2020-03-02 12:26:00,2024-01-01 00:00:00,2024-01-01
2e4e0d6e-9e7c-4a8a-929d-e5a748af17d4,2021-05-05 23:28:00,2024-01-01 00:00:00,2024-01-01
2cca2c71-8879-4dd7-8c3e-2a9d62eba8e8,2021-06-28 12:29:00,2024-01-01 00:00:00,2024-01-01
f3aecb8f-f8b9-406a-82a5-1f464e1c4e63,2021-01-14 10:42:00,2024-01-01 00:00:00,2024-01-01
e4b2d4dd-f0bf-4bc7-9aad-ea4f57989680,2021-03-27 23:33:00,2024-01-01 00:00:00,2024-01-01
0ad16284-7dad-469c-81c6-08e7988e4581,2020-02-26 06:45:00,2024-01-01 00:00:00,2024-01-01
cddb1832-8422-4468-ad72-0b4a782f2278,2020-01-27 06:55:00,2024-01-01 00:00:00,2024-01-01
519bfb38-3676-4d96-9ab2-edb60603b77e,2023-02-02 19:23:00,2024-01-01 00:00:00,2024-01-01
4f6d1a01-7440-40a4-991d-9896724ec71c,2021-08-06 13:23:00,2024-01-01 00:00:00,2024-01-01
2dd3fe93-4eb9-4533-a2c0-6041b3aefc7d,2022-08-11 06:25:00,2024-01-01 00:00:00,2024-01-01
66784518-e5fa-42c4-83ff-8b12e93c6b3d,2019-10-17 03:34:00,2024-01-01 00:00:00,2024-01-01
615ffa91-48ae-4b3a-a7a9-5ee15361893e,2022-08-28 09:57:00,2024-01-01 00:00:00,2024-01-01
6dda7226-673e-4822-b3ad-d1bc40f0d79d,2023-09-02 19:26:00,2024-01-01 00:00:00,2024-01-01
cb54cd85-0380-4ca9-a739-eee1dc503a51,2019-04-15 06:21:00,2024-01-01 00:00:00,2024-01-01
5203a9a4-29dc-4a72-a571-35129e619f51,2022-02-03 05:42:00,2024-01-01 00:00:00,2024-01-01
4ad46ba6-0e0d-4a9f-99a0-daaf42573169,2021-02-26 16:27:00,2024-01-01 00:00:00,2024-01-01
44e549c9-2fe5-44df-8804-9d88f6092512,2020-01-05 14:01:00,2024-01-01 00:00:00,2024-01-01
3ffe091e-8a7c-4e2c-8e0d-90ed8faf148f,2022-11-22 12:36:00,2024-01-01 00:00:00,2024-01-01
fa1d0eea-c721-4047-9738-8c67a6a0bccd,2022-09-28 08:47:00,2024-01-01 00:00:00,2024-01-01
15b7b416-1e58-4228-96a9-59f3e18a3ef8,2022-10-25 04:41:00,2024-01-01 00:00:00,2024-01-01
34e5977a-f47b-49db-b67b-fe24062b184d,2021-04-03 06:09:00,2024-01-01 00:00:00,2024-01-01
8cb65eeb-d4f0-47a4-b38a-f045fe0506da,2021-04-22 14:15:00,2024-01-01 00:00:00,2024-01-01
951a9f55-1058-4bd9-954d-043e088ec276,2023-11-13 04:48:00,2024-01-01 00:00:00,2024-01-01
17803607-22cb-4c44-924d-744803b07c79,2021-09-23 19:59:00,2024-01-01 00:00:00,2024-01-01
2f7e88e4-152b-43bf-93f3-dbe2106bdc84,2023-04-13 16:47:00,2024-01-01 00:00:00,2024-01-01
f480b76b-76bc-484f-8d2c-955d43244901,2022-07-10 01:43:00,2024-01-01 00:00:00,2024-01-01
45d7ea24-c950-49db-a864-e2d30c0d5168,2019-07-18 02:05:00,2024-01-01 00:00:00,2024-01-01
896872e5-c3d0-4f6e-89c7-414710662765,2019-02-13 01:21:00,2024-01-01 00:00:00,2024-01-01
4da46ed5-9d9c-480d-aa47-7d43bc9c09fb,2023-10-13 10:59:00,2024-01-01 00:00:00,2024-01-01
d789c5f0-4cf4-40e0-a85f-a2b3f0cfc46a,2020-12-31 23:09:00,2024-01-01 00:00:00,2024-01-01
2dd3fe93-4eb9-4533-a2c0-6041b3aefc7d,2020-03-12 02:23:00,2024-01-01 00:00:00,2024-01-01
0be28c25-0327-4f80-8046-0eaeb54d8a11,2022-06-30 10:37:00,2024-01-01 00:00:00,2024-01-01
55f0a218-16b9-4fe7-9689-7a69abe78aed,2023-08-24 15:21:00,2024-01-01 00:00:00,2024-01-01
c60084f3-f963-4262-b773-fd8f12808239,2022-12-11 09:19:00,2024-01-01 00:00:00,2024-01-01
26a8ea3c-d6d3-417b-b4e9-4ad78e3d2c43,2019-07-27 17:10:00,2024-01-01 00:00:00,2024-01-01
0306d001-3725-47dd-93af-046c8d337d2f,2019-11-08 13:07:00,2024-01-01 00:00:00,2024-01-01
c46055ff-a101-4e7c-b06d-5750fe2694b1,2021-12-26 19:26:00,2024-01-01 00:00:00,2024-01-01
dfaaba4e-0c3f-4aef-8f0b-a42d7ee6570b,2019-11-21 17:40:00,2024-01-01 00:00:00,2024-01-01
52e4d0f2-f61f-47b1-90f9-cfa43836e7eb,2021-08-19 08:44:00,2024-01-01 00:00:00,2024-01-01
56d05cdd-aebf-42cf-9763-29dc7ba6640e,2023-10-03 07:07:00,2024-01-01 00:00:00,2024-01-01
8f10bb43-2edd-452d-9b02-bc94aef8d31e,2022-09-21 04:58:00,2024-01-01 00:00:00,2024-01-01
c5b60773-230d-452a-a448-54789e68efc7,2021-06-30 01:08:00,2024-01-01 00:00:00,2024-01-01
cb22d79c-9cd7-4ebe-a15a-6a9c3fb34123,2021-02-19 12:30:00,2024-01-01 00:00:00,2024-01-01
98ecac3b-17cd-418d-b996-6a44293cb0cf,2019-12-16 00:37:00,2024-01-01 00:00:00,2024-01-01
9c9aa69d-90bb-4475-b683-682dd56bdb25,2022-11-10 11:59:00,2024-01-01 00:00:00,2024-01-01
bf8c7d28-d8c1-496a-b37a-aa3a224942d3,2021-06-22 18:11:00,2024-01-01 00:00:00,2024-01-01
fa9b92d0-1ba3-4b48-9147-edcc511ecf01,2021-07-05 00:31:00,2024-01-01 00:00:00,2024-01-01
88ae4cc4-c859-41bb-b115-0a8c07730e75,2022-10-07 11:56:00,2024-01-01 00:00:00,2024-01-01
ea4d27d0-037c-4927-900f-4f755cec1ab2,2020-11-26 11:04:00,2024-01-01 00:00:00,2024-01-01
d30e8550-6c98-4111-9929-897b013e7490,2019-12-29 19:19:00,2024-01-01 00:00:00,2024-01-01
2a87e792-c7aa-4e6a-9a14-66a9007da535,2022-10-19 04:07:00,2024-01-01 00:00:00,2024-01-01
b593d8ce-bfc5-49d2-b748-7f420e2ce0e0,2023-06-08 21:12:00,2024-01-01 00:00:00,2024-01-01
315b8757-9504-4390-b0fc-071c5fca4539,2022-07-22 09:45:00,2024-01-01 00:00:00,2024-01-01
4d6f0375-b4c8-472f-961b-9d4ab77cf9d0,2023-06-12 02:22:00,2024-01-01 00:00:00,2024-01-01
f9817dda-1be4-4164-98b5-454572022baa,2022-05-19 15:01:00,2024-01-01 00:00:00,2024-01-01
32e2f2ae-8d59-43ef-b972-bc85f1e3effa,2022-06-27 18:26:00,2024-01-01 00:00:00,2024-01-01
c2a105a4-8173-4003-8b19-f4ab166c39ed,2019-12-13 08:12:00,2024-01-01 00:00:00,2024-01-01
834586db-c5c8-4589-bab4-39c974547035,2021-11-17 16:57:00,2024-01-01 00:00:00,2024-01-01
d80fe7d5-83ae-4413-8c4a-0e4285fd0bfe,2019-02-18 10:57:00,2024-01-01 00:00:00,2024-01-01
d39003ff-20ab-4c47-80e5-78bac10aa506,2019-12-08 20:15:00,2024-01-01 00:00:00,2024-01-01
0762ea53-2381-4782-a60c-891142c4b1e7,2022-12-05 08:28:00,2024-01-01 00:00:00,2024-01-01
f3aecb8f-f8b9-406a-82a5-1f464e1c4e63,2021-06-05 01:17:00,2024-01-01 00:00:00,2024-01-01
b5d28e31-5851-4a1f-99b1-3cd87c68ee07,2023-03-16 21:29:00,2024-01-01 00:00:00,2024-01-01
974e368f-0337-4cb7-bfea-024151bc4b40,2022-09-12 10:35:00,2024-01-01 00:00:00,2024-01-01
cdd01a01-fe8b-40d4-b2a3-c0e0207a3a1f,2019-03-06 19:00:00,2024-01-01 00:00:00,2024-01-01
694d5a62-55fa-4bbb-abc3-bc467341d8d3,2023-02-13 00:19:00,2024-01-01 00:00:00,2024-01-01
cb54cd85-0380-4ca9-a739-eee1dc503a51,2021-02-18 15:24:00,2024-01-01 00:00:00,2024-01-01
e642b2cf-beb5-4842-8a40-ff302c3dea85,2021-03-06 22:43:00,2024-01-01 00:00:00,2024-01-01
358cf9ef-9b97-4dc4-aabf-ea7e18ec3c24,2020-07-07 12:21:00,2024-01-01 00:00:00,2024-01-01
79a52758-a803-4d40-af99-b6f10fb759af,2021-01-21 16:54:00,2024-01-01 00:00:00,2024-01-01
a53c3d45-a019-4f33-b39c-30fbbce4ad38,2023-05-25 13:45:00,2024-01-01 00:00:00,2024-01-01
fe8bb556-5df3-47c7-899d-9940e9d02faa,2020-12-01 11:46:00,2024-01-01 00:00:00,2024-01-01
2346b719-adb0-49bc-a14e-4407cf1a3a9f,2020-06-19 06:31:00,2024-01-01 00:00:00,2024-01-01
1f459003-3d70-4f02-af53-834af6494977,2020-07-30 02:58:00,2024-01-01 00:00:00,2024-01-01
0fe86db3-0ef9-46f3-bdd2-e7a9cee1eaf2,2021-07-10 21:05:00,2024-01-01 00:00:00,2024-01-01
b16811c6-e37d-4e74-b5f5-a459d02da012,2023-07-08 10:55:00,2024-01-01 00:00:00,2024-01-01
3c329c0f-2222-4c83-931c-9f5f9b6d80a1,2021-11-08 03:01:00,2024-01-01 00:00:00,2024-01-01
b886de27-d776-421d-9e18-d1314e27c111,2023-07-19 03:15:00,2024-01-01 00:00:00,2024-01-01
667d37a6-10e6-407e-a874-e77d875ba1f9,2019-06-02 11:04:00,2024-01-01 00:00:00,2024-01-01
28bb2c40-3d13-41a8-8b00-f3b3855cfc8f,2019-11-12 07:49:00,2024-01-01 00:00:00,2024-01-01
8fa9fce9-f7f3-4b38-9843-15643dc064d4,2019-06-28 02:00:00,2024-01-01 00:00:00,2024-01-01
80ea4b1f-ac5d-4950-a3b0-0c2e9adf5140,2023-01-20 23:51:00,2024-01-01 00:00:00,2024-01-01
a8c25bcf-82b8-4319-b1e5-589272d55207,2020-11-29 19:04:00,2024-01-01 00:00:00,2024-01-01
b6cb65d6-dc7d-406e-ad55-6d07d36e2845,2019-11-16 20:55:00,2024-01-01 00:00:00,2024-01-01
b0a0d89b-80c6-4f3c-bafb-164caad0d852,2021-08-01 10:50:00,2024-01-01 00:00:00,2024-01-01
2b023759-5dc3-4917-8cbb-194bcec4bc52,2022-09-23 19:07:00,2024-01-01 00:00:00,2024-01-01
4f91f983-e901-4362-835d-b5d846345052,2019-04-26 04:12:00,2024-01-01 00:00:00,2024-01-01
0d881a76-5b77-46a0-b263-b852fb91039c,2023-03-08 02:11:00,2024-01-01 00:00:00,2024-01-01
2b55163c-c8c3-4a9f-ad5a-0948e83fe97e,2019-07-07 02:00:00,2024-01-01 00:00:00,2024-01-01
79a33a0e-8539-49c7-86a5-5a9f4cc6b6da,2021-06-05 21:14:00,2024-01-01 00:00:00,2024-01-01
1d4ae20a-50eb-4da3-af0e-e64abeb8ab75,2020-03-06 22:05:00,2024-01-01 00:00:00,2024-01-01
315b8757-9504-4390-b0fc-071c5fca4539,2021-03-03 20:33:00,2024-01-01 00:00:00,2024-01-01
fa0c82c7-6c7a-4683-9364-4dae45bfa07e,2020-01-30 06:45:00,2024-01-01 00:00:00,2024-01-01
f5b4dc98-7753-440c-be2a-728e530730d0,2021-10-11 22:11:00,2024-01-01 00:00:00,2024-01-01
99efa319-16a0-466f-9da7-67892c533f4e,2021-08-18 23:43:00,2024-01-01 00:00:00,2024-01-01
8fa9fce9-f7f3-4b38-9843-15643dc064d4,2022-04-27 01:28:00,2024-01-01 00:00:00,2024-01-01
739a8dc0-12af-4987-bee4-bf7d353d0719,2020-01-14 00:05:00,2024-01-01 00:00:00,2024-01-01
f9b92ba0-683f-4413-aca6-0f09926c345c,2019-12-27 06:16:00,2024-01-01 00:00:00,2024-01-01
7c4a0338-8dcb-4de5-b189-da33fbef11d0,2019-10-22 17:36:00,2024-01-01 00:00:00,2024-01-01
52e4d0f2-f61f-47b1-90f9-cfa43836e7eb,2020-01-23 03:44:00,2024-01-01 00:00:00,2024-01-01
6ce1957d-1e25-47e8-967f-4d011eab306b,2023-04-09 06:11:00,2024-01-01 00:00:00,2024-01-01
315b8757-9504-4390-b0fc-071c5fca4539,2023-10-04 07:10:00,2024-01-01 00:00:00,2024-01-01
f5f963ec-8a77-4223-9b3c-0fddd61cdc78,2021-03-19 18:18:00,2024-01-01 00:00:00,2024-01-01
026515ac-4bbe-49a3-a1ec-e618af37f455,2022-05-16 16:40:00,2024-01-01 00:00:00,2024-01-01
45404c8c-fd4f-4d15-903b-91b5c05b0375,2020-08-07 13:16:00,2024-01-01 00:00:00,2024-01-01
47d943aa-5d75-4e6e-8867-4efa9c390aaa,2023-08-16 23:15:00,2024-01-01 00:00:00,2024-01-01
60a84bb9-9c76-4b64-ab1d-16dd31b94625,2021-12-22 20:56:00,2024-01-01 00:00:00,2024-01-01
310e7f81-9fe3-4296-ac03-e8d76f6c10ac,2022-10-31 09:48:00,2024-01-01 00:00:00,2024-01-01
6b506c1b-f282-49ec-91e0-7af6d616ed5b,2019-11-27 01:04:00,2024-01-01 00:00:00,2024-01-01
47d943aa-5d75-4e6e-8867-4efa9c390aaa,2021-10-08 23:03:00,2024-01-01 00:00:00,2024-01-01
4d99c5c8-5bae-49f8-b001-1b9bc6a9e592,2022-06-23 13:05:00,2024-01-01 00:00:00,2024-01-01
54c56d27-12b3-41fc-858b-e92641bf13e1,2022-10-12 22:28:00,2024-01-01 00:00:00,2024-01-01
a40a848a-55c3-4609-ac67-467bfab77ed1,2019-01-25 21:05:00,2024-01-01 00:00:00,2024-01-01
9033db67-1d5a-4c89-9cd7-589bb022a6ee,2020-10-14 11:44:00,2024-01-01 00:00:00,2024-01-01
ffaccd1e-794d-4d92-bbaf-a9d8ff556c88,2022-10-26 21:04:00,2024-01-01 00:00:00,2024-01-01
d9fb499b-f185-4c70-b731-30f5aed515b8,2022-03-11 23:53:00,2024-01-01 00:00:00,2024-01-01
ecb0ecd4-6a07-4b65-bcb6-38a6b3e6f4c5,2020-10-15 11:47:00,2024-01-01 00:00:00,2024-01-01
13ef26fb-028c-4b96-bd33-23545fd49368,2023-07-19 11:31:00,2024-01-01 00:00:00,2024-01-01
33a8bae8-defe-45ee-bc55-acac9865843c,2020-09-06 15:20:00,2024-01-01 00:00:00,2024-01-01
a40a848a-55c3-4609-ac67-467bfab77ed1,2022-01-23 06:14:00,2024-01-01 00:00:00,2024-01-01
f9f9c0af-5ea4-4402-98b2-b32c39f3f107,2022-04-17 01:44:00,2024-01-01 00:00:00,2024-01-01
9d2b2485-e78c-466a-bb21-b72d1ffd405a,2020-12-23 14:56:00,2024-01-01 00:00:00,2024-01-01
cdb86f12-47ce-4900-b3d0-7a1c71066282,2021-08-03 12:29:00,2024-01-01 00:00:00,2024-01-01
86e0ac77-a519-4936-bcb8-a02a31099e7b,2023-11-15 14:28:00,2024-01-01 00:00:00,2024-01-01
7fe05f0b-325e-4e03-9683-1584ee95d892,2019-11-09 23:48:00,2024-01-01 00:00:00,2024-01-01
d99f29a1-fbfd-4641-9f25-3cddfc9e6f64,2021-02-28 00:55:00,2024-01-01 00:00:00,2024-01-01
17578591-6f2f-4ce8-ad20-b56a113288b2,2019-10-13 10:24:00,2024-01-01 00:00:00,2024-01-01
b0a0d89b-80c6-4f3c-bafb-164caad0d852,2023-11-18 04:25:00,2024-01-01 00:00:00,2024-01-01
b175f2f8-ff61-4186-8f41-8390e8baa39d,2021-01-18 13:50:00,2024-01-01 00:00:00,2024-01-01
aaac741f-a52f-4733-a964-8c86c6d69c6d,2023-08-02 05:09:00,2024-01-01 00:00:00,2024-01-01
8f10bb43-2edd-452d-9b02-bc94aef8d31e,2022-04-29 05:13:00,2024-01-01 00:00:00,2024-01-01
8819d9f7-a96c-49ba-b6d3-97e15ed72dbb,2019-07-14 12:30:00,2024-01-01 00:00:00,2024-01-01
61a2cd98-38b4-4937-b752-267694b8ddd5,2019-11-03 10:12:00,2024-01-01 00:00:00,2024-01-01
d724b683-e963-4386-b2b8-fd0848f7abae,2019-02-14 12:10:00,2024-01-01 00:00:00,2024-01-01
5d34ee55-9636-4b86-a473-7aaedbd3b76e,2020-09-13 17:17:00,2024-01-01 00:00:00,2024-01-01
00a0efc8-6053-489f-be9b-2c105c9904d8,2020-04-11 15:38:00,2024-01-01 00:00:00,2024-01-01
802e86de-f4e7-4a53-92a2-7ebe0a47df39,2023-01-22 13:27:00,2024-01-01 00:00:00,2024-01-01
046f62a1-a2f7-406e-8c45-b4bab6917922,2023-10-11 15:42:00,2024-01-01 00:00:00,2024-01-01
03c38c1c-2a9b-4019-8797-1e0364c618d7,2019-05-03 03:04:00,2024-01-01 00:00:00,2024-01-01
7a7b7d9e-e75c-48d9-ad80-4b13675af47d,2020-10-24 15:38:00,2024-01-01 00:00:00,2024-01-01
7fe05f0b-325e-4e03-9683-1584ee95d892,2020-08-15 07:33:00,2024-01-01 00:00:00,2024-01-01
79a52758-a803-4d40-af99-b6f10fb759af,2021-10-09 06:26:00,2024-01-01 00:00:00,2024-01-01
80ea4b1f-ac5d-4950-a3b0-0c2e9adf5140,2021-10-01 09:40:00,2024-01-01 00:00:00,2024-01-01
1d682a19-a17e-4493-8004-f4b703c24c69,2019-11-21 20:19:00,2024-01-01 00:00:00,2024-01-01
412d6b46-5df7-4846-b579-6afbac9ecb1e,2022-11-01 13:39:00,2024-01-01 00:00:00,2024-01-01
7c370196-e467-4102-be70-deb73cbca2c3,2019-09-07 04:33:00,2024-01-01 00:00:00,2024-01-01
e11796eb-f388-4c9a-9e7e-46d8524a5e36,2020-07-31 23:23:00,2024-01-01 00:00:00,2024-01-01
34943a3f-75c0-424a-a27e-89714269da45,2023-07-11 04:23:00,2024-01-01 00:00:00,2024-01-01
b11e4077-bcfa-4850-b6d2-e2d7fbe51752,2022-03-03 15:04:00,2024-01-01 00:00:00,2024-01-01
55f0a218-16b9-4fe7-9689-7a69abe78aed,2019-02-06 11:26:00,2024-01-01 00:00:00,2024-01-01
39557251-e8db-4f82-99c2-0398d4f9b371,2020-05-19 10:44:00,2024-01-01 00:00:00,2024-01-01
0be28c25-0327-4f80-8046-0eaeb54d8a11,2020-04-23 10:40:00,2024-01-01 00:00:00,2024-01-01
45d7ea24-c950-49db-a864-e2d30c0d5168,2021-09-02 08:35:00,2024-01-01 00:00:00,2024-01-01
b1dc94e1-9c1e-47a0-a619-b383230402dd,2020-11-28 10:44:00,2024-01-01 00:00:00,2024-01-01
571c636f-7a4a-4ac6-a7c6-d247fedb83c2,2020-02-03 04:20:00,2024-01-01 00:00:00,2024-01-01
b0a0d89b-80c6-4f3c-bafb-164caad0d852,2023-05-20 18:58:00,2024-01-01 00:00:00,2024-01-01
f004475d-46db-455f-979c-165786d0d6df,2020-04-13 18:39:00,2024-01-01 00:00:00,2024-01-01
03c4c663-c9ac-4db2-a70e-b32a1d980622,2020-04-30 07:31:00,2024-01-01 00:00:00,2024-01-01
66784518-e5fa-42c4-83ff-8b12e93c6b3d,2022-02-27 00:20:00,2024-01-01 00:00:00,2024-01-01
4de6c7f0-1541-4146-ba6c-4b5813098f5e,2021-11-12 03:24:00,2024-01-01 00:00:00,2024-01-01
d4f537d1-f965-4b8f-a988-6937f70e11b0,2023-03-17 19:20:00,2024-01-01 00:00:00,2024-01-01
0a72d6c0-600d-4783-be71-1be9d30ff28d,2019-06-16 15:29:00,2024-01-01 00:00:00,2024-01-01
571c636f-7a4a-4ac6-a7c6-d247fedb83c2,2022-05-19 23:17:00,2024-01-01 00:00:00,2024-01-01
ecb0ecd4-6a07-4b65-bcb6-38a6b3e6f4c5,2019-05-18 12:49:00,2024-01-01 00:00:00,2024-01-01
79a33a0e-8539-49c7-86a5-5a9f4cc6b6da,2020-01-31 08:45:00,2024-01-01 00:00:00,2024-01-01
c2a105a4-8173-4003-8b19-f4ab166c39ed,2019-10-21 01:30:00,2024-01-01 00:00:00,2024-01-01
04723e3e-62de-4c60-8482-d3c5544ef0d5,2020-05-20 20:00:00,2024-01-01 00:00:00,2024-01-01
ac9c7b65-1f4c-49ab-98f7-497cc59418a5,2020-11-01 19:30:00,2024-01-01 00:00:00,2024-01-01
302f1237-ef3a-4879-89a9-7a23764174e3,2022-02-24 08:20:00,2024-01-01 00:00:00,2024-01-01
9668a015-446f-49b9-b39f-2b220770f90d,2021-09-19 19:56:00,2024-01-01 00:00:00,2024-01-01
cb54cd85-0380-4ca9-a739-eee1dc503a51,2022-01-03 20:12:00,2024-01-01 00:00:00,2024-01-01
f5b4dc98-7753-440c-be2a-728e530730d0,2022-05-08 03:18:00,2024-01-01 00:00:00,2024-01-01
015e17bb-1e2f-4618-ade7-697f90b13138,2023-02-11 23:56:00,2024-01-01 00:00:00,2024-01-01
2b81f86a-6ae7-4e1b-91ea-e58171ab6d45,2020-02-04 16:18:00,2024-01-01 00:00:00,2024-01-01
bf743547-e02b-423f-b740-ac35621649bf,2020-05-23 12:27:00,2024-01-01 00:00:00,2024-01-01
db8f2120-0aaa-4288-8646-ea0f48e1dd86,2022-12-05 00:19:00,2024-01-01 00:00:00,2024-01-01
d78182ff-6287-47fb-a6a1-c86862779c6a,2020-06-18 04:18:00,2024-01-01 00:00:00,2024-01-01
f2d02368-d00d-45a9-a715-4eaa09e96fd3,2019-02-21 20:41:00,2024-01-01 00:00:00,2024-01-01
5a485394-3184-41d9-948f-13c4ac0472c2,2023-04-11 02:23:00,2024-01-01 00:00:00,2024-01-01
4ea1929e-fb62-497a-b376-f1ffee3f4867,2021-08-10 04:28:00,2024-01-01 00:00:00,2024-01-01
a8889766-c29c-428d-8e56-ebc3d569b2b5,2022-07-05 17:10:00,2024-01-01 00:00:00,2024-01-01
dff763bc-ff5b-48d3-a61f-ec960f923841,2022-05-01 10:06:00,2024-01-01 00:00:00,2024-01-01
66ba78a7-e08c-4889-a8d4-c887fe6fee5e,2020-07-14 08:12:00,2024-01-01 00:00:00,2024-01-01
ffaccd1e-794d-4d92-bbaf-a9d8ff556c88,2022-12-17 14:18:00,2024-01-01 00:00:00,2024-01-01
79001d4d-d695-492b-b3a9-4fd78d066ddc,2019-11-30 04:20:00,2024-01-01 00:00:00,2024-01-01
3ae9f732-b116-4e20-82d6-791f4680f3da,2019-02-04 01:55:00,2024-01-01 00:00:00,2024-01-01
2346b719-adb0-49bc-a14e-4407cf1a3a9f,2020-10-30 15:23:00,2024-01-01 00:00:00,2024-01-01
17803607-22cb-4c44-924d-744803b07c79,2019-10-18 23:24:00,2024-01-01 00:00:00,2024-01-01
7844313c-03fb-460d-afa6-978f8001955b,2022-01-31 20:27:00,2024-01-01 00:00:00,2024-01-01
98724ab7-5e21-4910-8c91-2b38879fbca5,2022-08-16 12:11:00,2024-01-01 00:00:00,2024-01-01
2f7e88e4-152b-43bf-93f3-dbe2106bdc84,2020-10-30 01:41:00,2024-01-01 00:00:00,2024-01-01
98724ab7-5e21-4910-8c91-2b38879fbca5,2020-08-02 18:48:00,2024-01-01 00:00:00,2024-01-01
ead94ea1-c900-466e-9a0d-0f4c131b4331,2022-03-10 16:03:00,2024-01-01 00:00:00,2024-01-01
2b55163c-c8c3-4a9f-ad5a-0948e83fe97e,2023-01-20 22:08:00,2024-01-01 00:00:00,2024-01-01
9464ffba-fcb5-498e-a419-aeb3d5d04ee4,2021-10-14 02:08:00,2024-01-01 00:00:00,2024-01-01
1f1dca18-276e-4ea7-8598-8dfa3da1bd8f,2019-11-07 16:10:00,2024-01-01 00:00:00,2024-01-01
733feae3-11eb-45a6-9f4c-cfb082b5991c,2023-01-01 02:48:00,2024-01-01 00:00:00,2024-01-01
546b971f-2bca-42ca-a9b9-11077fc42aad,2021-01-07 11:21:00,2024-01-01 00:00:00,2024-01-01
026515ac-4bbe-49a3-a1ec-e618af37f455,2019-06-16 10:48:00,2024-01-01 00:00:00,2024-01-01
6e0e9c7d-40f2-4687-93a3-07886e09f690,2019-05-23 12:34:00,2024-01-01 00:00:00,2024-01-01
2b81f86a-6ae7-4e1b-91ea-e58171ab6d45,2019-05-08 13:41:00,2024-01-01 00:00:00,2024-01-01
645d4d49-dc87-47fe-a65f-0dcbc44cde63,2023-06-06 22:09:00,2024-01-01 00:00:00,2024-01-01
ce0b6f95-c730-496a-a07a-8384d42befb9,2022-01-27 02:52:00,2024-01-01 00:00:00,2024-01-01
0375d747-f805-4c9e-b6ae-321d1d5aa9fa,2020-02-29 05:07:00,2024-01-01 00:00:00,2024-01-01
c46055ff-a101-4e7c-b06d-5750fe2694b1,2023-04-12 08:14:00,2024-01-01 00:00:00,2024-01-01
75fee327-128d-4947-922c-48768321bb81,2020-05-05 20:43:00,2024-01-01 00:00:00,2024-01-01
0f6883be-4fc4-4ae2-9de6-f9e7f47bca68,2022-02-16 01:41:00,2024-01-01 00:00:00,2024-01-01
6fce7ef5-ee43-4bdb-90de-d63a0361ff25,2023-09-23 07:30:00,2024-01-01 00:00:00,2024-01-01
8c9c9dbe-e89c-4845-932b-7aff6ac30a0a,2019-03-28 07:48:00,2024-01-01 00:00:00,2024-01-01
437c8e55-9887-4067-ad65-c7077711951c,2020-04-21 04:55:00,2024-01-01 00:00:00,2024-01-01
a0193e2c-8fac-4f96-b87b-b3dbb309bef1,2019-10-09 10:20:00,2024-01-01 00:00:00,2024-01-01
d4f28bee-2d99-477e-bed0-8afb23cc957e,2021-03-04 20:42:00,2024-01-01 00:00:00,2024-01-01
00303e3b-745c-48cf-aa72-16d7c1db1a7d,2021-03-21 16:48:00,2024-01-01 00:00:00,2024-01-01
6e0e9c7d-40f2-4687-93a3-07886e09f690,2020-08-16 00:42:00,2024-01-01 00:00:00,2024-01-01
358cf9ef-9b97-4dc4-aabf-ea7e18ec3c24,2023-01-03 13:35:00,2024-01-01 00:00:00,2024-01-01
ead94ea1-c900-466e-9a0d-0f4c131b4331,2019-05-20 06:37:00,2024-01-01 00:00:00,2024-01-01
07218b72-f093-4fb3-ba40-a0b2e73c75e2,2019-03-15 07:37:00,2024-01-01 00:00:00,2024-01-01
60a84bb9-9c76-4b64-ab1d-16dd31b94625,2021-10-03 11:44:00,2024-01-01 00:00:00,2024-01-01
e9037705-41a3-4880-b304-5110ead0f928,2019-06-15 11:32:00,2024-01-01 00:00:00,2024-01-01
f71d9c1a-d831-4d37-ad50-2080459fea83,2023-08-25 12:13:00,2024-01-01 00:00:00,2024-01-01
f3e3ebe3-029a-424d-8e46-d1cabd507128,2019-11-08 00:58:00,2024-01-01 00:00:00,2024-01-01
a40a848a-55c3-4609-ac67-467bfab77ed1,2022-07-09 19:18:00,2024-01-01 00:00:00,2024-01-01
61094253-0645-4e3a-8425-6747dd857e20,2020-06-28 11:32:00,2024-01-01 00:00:00,2024-01-01
046f62a1-a2f7-406e-8c45-b4bab6917922,2021-03-06 06:48:00,2024-01-01 00:00:00,2024-01-01
6b807bcd-3847-46b4-b0cc-81288a961cc5,2022-05-29 10:12:00,2024-01-01 00:00:00,2024-01-01
78c30b8e-b992-4967-b4a6-e9d7e41db299,2020-10-31 08:25:00,2024-01-01 00:00:00,2024-01-01
db32566f-74bd-466c-9ba7-ec9f5a3b3877,2019-09-02 09:28:00,2024-01-01 00:00:00,2024-01-01
55f0a218-16b9-4fe7-9689-7a69abe78aed,2019-03-01 19:41:00,2024-01-01 00:00:00,2024-01-01
1fd92115-7d53-4da3-a45c-11dc09664fa6,2022-10-07 12:13:00,2024-01-01 00:00:00,2024-01-01
161be690-7ffa-4141-bc81-80d10145e673,2020-01-14 01:24:00,2024-01-01 00:00:00,2024-01-01
2b023759-5dc3-4917-8cbb-194bcec4bc52,2023-07-06 23:59:00,2024-01-01 00:00:00,2024-01-01
3ffe091e-8a7c-4e2c-8e0d-90ed8faf148f,2023-11-26 06:48:00,2024-01-01 00:00:00,2024-01-01
1e043933-16fd-4566-b3cf-d3e2375294aa,2022-03-13 23:19:00,2024-01-01 00:00:00,2024-01-01
c47863ba-9eea-4d54-a20f-a8151df391ab,2023-09-02 21:13:00,2024-01-01 00:00:00,2024-01-01
9c9aa69d-90bb-4475-b683-682dd56bdb25,2022-04-29 09:23:00,2024-01-01 00:00:00,2024-01-01
51ec2300-6e24-4efa-964a-815a5f6df4aa,2021-08-07 20:40:00,2024-01-01 00:00:00,2024-01-01
88ae4cc4-c859-41bb-b115-0a8c07730e75,2020-04-15 08:13:00,2024-01-01 00:00:00,2024-01-01
0f6883be-4fc4-4ae2-9de6-f9e7f47bca68,2021-11-12 09:00:00,2024-01-01 00:00:00,2024-01-01
5d34ee55-9636-4b86-a473-7aaedbd3b76e,2020-03-19 05:55:00,2024-01-01 00:00:00,2024-01-01
3ffe091e-8a7c-4e2c-8e0d-90ed8faf148f,2020-11-14 15:46:00,2024-01-01 00:00:00,2024-01-01
d2247290-7cf7-4b10-be45-cd182bc553e0,2021-03-06 10:29:00,2024-01-01 00:00:00,2024-01-01
3aaf62a5-fc82-4e62-ba5a-8869c58bf8c2,2021-03-11 05:58:00,2024-01-01 00:00:00,2024-01-01
13ef26fb-028c-4b96-bd33-23545fd49368,2021-10-03 17:38:00,2024-01-01 00:00:00,2024-01-01
0a463b2e-0bf0-44b2-97ba-21ffe5dbeb0e,2020-08-07 21:54:00,2024-01-01 00:00:00,2024-01-01
c152a397-4b4d-4fd6-aaeb-325b9cf6fe2d,2020-05-23 19:06:00,2024-01-01 00:00:00,2024-01-01
d06afe8f-b00f-4b3d-951b-dfc4f57cbee5,2019-01-01 00:39:00,2024-01-01 00:00:00,2024-01-01
b5ed67ce-51f8-454e-8bc0-7c5ee56b22b9,2019-04-13 00:17:00,2024-01-01 00:00:00,2024-01-01
716a916c-81b3-4c8d-94e4-b2c24224dcd3,2019-01-01 14:24:00,2024-01-01 00:00:00,2024-01-01
88ae4cc4-c859-41bb-b115-0a8c07730e75,2023-02-01 05:06:00,2024-01-01 00:00:00,2024-01-01
7d452a25-98d5-4e93-91d0-c5173fe7ba0b,2019-04-20 06:41:00,2024-01-01 00:00:00,2024-01-01
546b971f-2bca-42ca-a9b9-11077fc42aad,2020-01-26 13:47:00,2024-01-01 00:00:00,2024-01-01
d1af5b5f-9803-4859-82ba-f9a6eacbf0fc,2023-11-30 02:17:00,2024-01-01 00:00:00,2024-01-01
7dc7578d-6c47-49be-92dd-63a8e617233c,2021-05-05 00:19:00,2024-01-01 00:00:00,2024-01-01
4f9e3d13-9d52-4a48-ae3e-11f1955e8564,2023-04-27 03:19:00,2024-01-01 00:00:00,2024-01-01
d9fb499b-f185-4c70-b731-30f5aed515b8,2019-10-18 14:59:00,2024-01-01 00:00:00,2024-01-01
81e9a5ae-2a60-4430-ba07-8f13d1315b73,2023-06-28 06:07:00,2024-01-01 00:00:00,2024-01-01
a40a848a-55c3-4609-ac67-467bfab77ed1,2022-07-27 21:50:00,2024-01-01 00:00:00,2024-01-01
4de6c7f0-1541-4146-ba6c-4b5813098f5e,2019-03-04 15:11:00,2024-01-01 00:00:00,2024-01-01
161be690-7ffa-4141-bc81-80d10145e673,2019-01-30 02:46:00,2024-01-01 00:00:00,2024-01-01
66ba78a7-e08c-4889-a8d4-c887fe6fee5e,2020-04-25 18:44:00,2024-01-01 00:00:00,2024-01-01
e3277bbf-6082-43b9-9df3-9183185ff074,2022-02-15 08:01:00,2024-01-01 00:00:00,2024-01-01
15b7b416-1e58-4228-96a9-59f3e18a3ef8,2022-12-10 15:04:00,2024-01-01 00:00:00,2024-01-01
1e87b20e-fff6-4872-96d5-dec2cad2713a,2023-02-06 04:13:00,2024-01-01 00:00:00,2024-01-01
25295a76-1bd6-42b7-baa3-0a9ef6b4ccc2,2019-05-14 21:24:00,2024-01-01 00:00:00,2024-01-01
91096f25-23db-4314-bd32-4aedbc41c3ce,2019-03-03 15:27:00,2024-01-01 00:00:00,2024-01-01
f5ba5970-56e1-4119-825e-dc0a88c466c7,2023-08-28 13:11:00,2024-01-01 00:00:00,2024-01-01
b1dc94e1-9c1e-47a0-a619-b383230402dd,2019-01-28 01:42:00,2024-01-01 00:00:00,2024-01-01
b593d8ce-bfc5-49d2-b748-7f420e2ce0e0,2019-05-10 08:45:00,2024-01-01 00:00:00,2024-01-01
d2247290-7cf7-4b10-be45-cd182bc553e0,2020-07-30 15:12:00,2024-01-01 00:00:00,2024-01-01
1f459003-3d70-4f02-af53-834af6494977,2023-07-01 00:42:00,2024-01-01 00:00:00,2024-01-01
b3a57685-0ec6-4f4f-aff5-8f1dac0cdd0a,2020-07-10 06:15:00,2024-01-01 00:00:00,2024-01-01
0375d747-f805-4c9e-b6ae-321d1d5aa9fa,2022-11-13 00:41:00,2024-01-01 00:00:00,2024-01-01
8ee674a6-edf5-4d38-b0a6-ab650b05352f,2019-04-01 18:53:00,2024-01-01 00:00:00,2024-01-01
fcbc4199-ac99-41ff-975b-5c8ff7e2531d,2023-10-22 17:44:00,2024-01-01 00:00:00,2024-01-01
79a33a0e-8539-49c7-86a5-5a9f4cc6b6da,2021-09-27 07:45:00,2024-01-01 00:00:00,2024-01-01
ca4392e8-1de6-42bc-bcf6-5b94993d86c1,2023-10-04 01:18:00,2024-01-01 00:00:00,2024-01-01
617abd34-e75b-4589-9650-2b97ad5a95e1,2021-01-15 19:23:00,2024-01-01 00:00:00,2024-01-01
2a67aedf-6514-4b81-a4d7-060235d6e43e,2021-07-23 15:34:00,2024-01-01 00:00:00,2024-01-01
78312951-58cb-4114-b4ec-1c62fb9f5e8f,2019-12-02 21:57:00,2024-01-01 00:00:00,2024-01-01
72af3421-4c21-454c-ae33-5b876b8ee2d8,2021-01-30 17:34:00,2024-01-01 00:00:00,2024-01-01
315b8757-9504-4390-b0fc-071c5fca4539,2019-10-26 23:40:00,2024-01-01 00:00:00,2024-01-01
630f6ee2-4357-4798-b435-386ea8a00d80,2020-12-11 05:37:00,2024-01-01 00:00:00,2024-01-01
d1af5b5f-9803-4859-82ba-f9a6eacbf0fc,2021-04-02 14:22:00,2024-01-01 00:00:00,2024-01-01
df3e2096-a6af-4737-9d81-b254e45425e0,2023-04-21 04:52:00,2024-01-01 00:00:00,2024-01-01
be16f2ee-cce4-4859-ae1b-2aa1315cd48d,2022-10-09 15:43:00,2024-01-01 00:00:00,2024-01-01
630f6ee2-4357-4798-b435-386ea8a00d80,2022-01-15 11:27:00,2024-01-01 00:00:00,2024-01-01
3aaf62a5-fc82-4e62-ba5a-8869c58bf8c2,2019-06-27 08:56:00,2024-01-01 00:00:00,2024-01-01
95785e11-a66e-4435-b080-1c3444822f98,2019-10-09 11:41:00,2024-01-01 00:00:00,2024-01-01
ecb0ecd4-6a07-4b65-bcb6-38a6b3e6f4c5,2021-08-13 17:55:00,2024-01-01 00:00:00,2024-01-01
f71d9c1a-d831-4d37-ad50-2080459fea83,2022-10-25 01:21:00,2024-01-01 00:00:00,2024-01-01
0fe86db3-0ef9-46f3-bdd2-e7a9cee1eaf2,2021-11-03 20:09:00,2024-01-01 00:00:00,2024-01-01
e11796eb-f388-4c9a-9e7e-46d8524a5e36,2022-05-11 17:40:00,2024-01-01 00:00:00,2024-01-01
a40a848a-55c3-4609-ac67-467bfab77ed1,2023-08-31 05:54:00,2024-01-01 00:00:00,2024-01-01
694d5a62-55fa-4bbb-abc3-bc467341d8d3,2023-06-24 04:52:00,2024-01-01 00:00:00,2024-01-01
3ffe091e-8a7c-4e2c-8e0d-90ed8faf148f,2023-06-11 22:25:00,2024-01-01 00:00:00,2024-01-01
ce0b6f95-c730-496a-a07a-8384d42befb9,2019-06-17 13:56:00,2024-01-01 00:00:00,2024-01-01
a0193e2c-8fac-4f96-b87b-b3dbb309bef1,2019-08-18 17:02:00,2024-01-01 00:00:00,2024-01-01
24350707-610e-4310-9644-77314fe37d18,2021-11-30 18:00:00,2024-01-01 00:00:00,2024-01-01
23a41a82-aaeb-4cbc-a3da-56c530260b62,2020-06-05 17:42:00,2024-01-01 00:00:00,2024-01-01
951a9f55-1058-4bd9-954d-043e088ec276,2019-12-04 07:43:00,2024-01-01 00:00:00,2024-01-01
17578591-6f2f-4ce8-ad20-b56a113288b2,2022-12-24 10:31:00,2024-01-01 00:00:00,2024-01-01
cdb86f12-47ce-4900-b3d0-7a1c71066282,2019-08-28 23:53:00,2024-01-01 00:00:00,2024-01-01
78312951-58cb-4114-b4ec-1c62fb9f5e8f,2023-06-21 17:59:00,2024-01-01 00:00:00,2024-01-01
bf5722b9-c754-45bd-a502-a5d56c8ab316,2021-03-19 21:52:00,2024-01-01 00:00:00,2024-01-01
484edafb-7818-402b-b84e-70c477977155,2021-03-15 18:22:00,2024-01-01 00:00:00,2024-01-01
630f6ee2-4357-4798-b435-386ea8a00d80,2023-03-16 22:48:00,2024-01-01 00:00:00,2024-01-01
4122fce1-1d01-4333-93d2-7682b5ab383f,2019-08-06 20:41:00,2024-01-01 00:00:00,2024-01-01
06bdb1fb-5584-44c3-b60e-ba9d730a9ff5,2021-07-18 22:57:00,2024-01-01 00:00:00,2024-01-01
f3aab638-34fe-42e7-bb13-82c8fb296808,2023-03-23 22:00:00,2024-01-01 00:00:00,2024-01-01
b11e4077-bcfa-4850-b6d2-e2d7fbe51752,2023-06-14 16:51:00,2024-01-01 00:00:00,2024-01-01
df12ed67-7c50-4007-92d4-1b779e3d741b,2019-08-09 04:58:00,2024-01-01 00:00:00,2024-01-01
e7f6d769-7279-46ba-8b63-105cef9bfd01,2019-05-28 09:15:00,2024-01-01 00:00:00,2024-01-01
d38f3cd2-cd63-4045-82c5-930ec1485b40,2023-03-28 09:52:00,2024-01-01 00:00:00,2024-01-01
c29f8478-8036-4162-99ea-0f8aa0bcf424,2020-03-04 20:06:00,2024-01-01 00:00:00,2024-01-01
00a0efc8-6053-489f-be9b-2c105c9904d8,2023-07-27 00:01:00,2024-01-01 00:00:00,2024-01-01
982ae8da-bfa6-4eef-b616-216ae94a841d,2019-03-05 03:13:00,2024-01-01 00:00:00,2024-01-01
177efbbb-6b14-4d57-98ee-ea47870b1dbb,2020-01-16 21:04:00,2024-01-01 00:00:00,2024-01-01
a94ab030-6fa9-405a-a6d1-616817fc5300,2019-05-18 14:07:00,2024-01-01 00:00:00,2024-01-01
23548afa-8f4b-455a-b556-11068a4d1c9f,2021-05-14 11:42:00,2024-01-01 00:00:00,2024-01-01
bb33d41c-4831-4a38-b78c-cc314fb2914a,2021-04-05 22:38:00,2024-01-01 00:00:00,2024-01-01
87b5811c-faba-405f-ba49-e330d366173c,2020-09-06 12:23:00,2024-01-01 00:00:00,2024-01-01
716a916c-81b3-4c8d-94e4-b2c24224dcd3,2020-03-02 13:39:00,2024-01-01 00:00:00,2024-01-01
0fe86db3-0ef9-46f3-bdd2-e7a9cee1eaf2,2022-04-22 15:40:00,2024-01-01 00:00:00,2024-01-01
b08e0e28-db42-4cbb-8e4a-78c0d93977d3,2022-06-13 01:43:00,2024-01-01 00:00:00,2024-01-01
6ecee6f2-1238-4a29-9fd3-442f6ff0e1fe,2021-10-03 15:20:00,2024-01-01 00:00:00,2024-01-01
1373f611-d6f8-457e-a107-d0d4aaab0875,2020-12-20 08:44:00,2024-01-01 00:00:00,2024-01-01
9eee11d9-1e54-4d27-97a8-725f02ae7950,2021-08-27 12:48:00,2024-01-01 00:00:00,2024-01-01
68150799-c06b-4ee1-b210-48ab114ad0bb,2022-01-08 03:27:00,2024-01-01 00:00:00,2024-01-01
79001d4d-d695-492b-b3a9-4fd78d066ddc,2022-11-11 19:56:00,2024-01-01 00:00:00,2024-01-01
4d6f0375-b4c8-472f-961b-9d4ab77cf9d0,2020-12-19 21:31:00,2024-01-01 00:00:00,2024-01-01
43ef14cc-39d6-420c-a037-ab80c0900e09,2019-02-25 01:31:00,2024-01-01 00:00:00,2024-01-01
c4d743a7-12c3-4b69-89ad-b1b4abbd5c4f,2023-04-04 02:30:00,2024-01-01 00:00:00,2024-01-01
12e2c652-c18c-42a2-b89d-56ce102dc13c,2020-05-31 02:05:00,2024-01-01 00:00:00,2024-01-01
d463fafa-7d15-4981-8b7e-9bcb112f286d,2020-05-17 22:40:00,2024-01-01 00:00:00,2024-01-01
a355aed8-ac55-4e68-b182-8c7c40d0f234,2019-07-12 12:47:00,2024-01-01 00:00:00,2024-01-01
3dcb9969-4b73-4926-aa46-2c48ba947fc0,2020-11-21 19:30:00,2024-01-01 00:00:00,2024-01-01
98724ab7-5e21-4910-8c91-2b38879fbca5,2019-03-12 09:35:00,2024-01-01 00:00:00,2024-01-01
4f91f983-e901-4362-835d-b5d846345052,2023-05-11 14:13:00,2024-01-01 00:00:00,2024-01-01
e38cd76c-4edd-4fb9-9598-7e00255aa1b2,2022-06-10 03:00:00,2024-01-01 00:00:00,2024-01-01
b886de27-d776-421d-9e18-d1314e27c111,2022-11-01 18:55:00,2024-01-01 00:00:00,2024-01-01
d73ccab7-2d4e-4348-b9ff-12190ffc4d68,2022-10-14 00:59:00,2024-01-01 00:00:00,2024-01-01
dff763bc-ff5b-48d3-a61f-ec960f923841,2021-11-02 02:32:00,2024-01-01 00:00:00,2024-01-01
81b66fee-e764-4208-8777-f3ce1e86f1c7,2020-01-07 08:44:00,2024-01-01 00:00:00,2024-01-01
9cd072bf-530a-47fc-8e8f-2f08787a39bb,2022-03-03 17:41:00,2024-01-01 00:00:00,2024-01-01
ed6c27f0-06b8-4e66-b130-c2c4aa6c9376,2023-01-23 08:37:00,2024-01-01 00:00:00,2024-01-01
6fce7ef5-ee43-4bdb-90de-d63a0361ff25,2019-08-29 16:31:00,2024-01-01 00:00:00,2024-01-01
571c636f-7a4a-4ac6-a7c6-d247fedb83c2,2019-12-23 14:18:00,2024-01-01 00:00:00,2024-01-01
0306d001-3725-47dd-93af-046c8d337d2f,2023-10-15 01:18:00,2024-01-01 00:00:00,2024-01-01
9ac816b3-ed31-438d-8de1-bdc665b55fff,2022-05-16 13:07:00,2024-01-01 00:00:00,2024-01-01
06bdb1fb-5584-44c3-b60e-ba9d730a9ff5,2022-11-07 02:12:00,2024-01-01 00:00:00,2024-01-01
606887ac-1df3-4a90-9298-4903ce64efd6,2021-09-14 07:00:00,2024-01-01 00:00:00,2024-01-01
4ea1929e-fb62-497a-b376-f1ffee3f4867,2021-03-04 23:51:00,2024-01-01 00:00:00,2024-01-01
c4d743a7-12c3-4b69-89ad-b1b4abbd5c4f,2022-09-01 05:49:00,2024-01-01 00:00:00,2024-01-01
d2c8ed53-35b0-4e13-9101-5afbe6be3b86,2021-02-10 09:11:00,2024-01-01 00:00:00,2024-01-01
e11796eb-f388-4c9a-9e7e-46d8524a5e36,2020-04-02 21:37:00,2024-01-01 00:00:00,2024-01-01
6e0e9c7d-40f2-4687-93a3-07886e09f690,2023-09-28 07:45:00,2024-01-01 00:00:00,2024-01-01
137d4ec0-94bc-4552-ad59-f16b7a6efd21,2021-06-29 22:58:00,2024-01-01 00:00:00,2024-01-01
47a65899-78bd-48cb-9e37-fc6c234729ae,2019-08-26 05:08:00,2024-01-01 00:00:00,2024-01-01
5eef5951-d005-4984-b47a-d06c66199451,2019-09-28 19:36:00,2024-01-01 00:00:00,2024-01-01
b3673644-b02d-4f35-a2aa-0344feca4972,2019-02-18 15:23:00,2024-01-01 00:00:00,2024-01-01
6fce7ef5-ee43-4bdb-90de-d63a0361ff25,2023-06-15 13:01:00,2024-01-01 00:00:00,2024-01-01
2b81f86a-6ae7-4e1b-91ea-e58171ab6d45,2022-12-21 22:23:00,2024-01-01 00:00:00,2024-01-01
12e2c652-c18c-42a2-b89d-56ce102dc13c,2022-07-24 03:26:00,2024-01-01 00:00:00,2024-01-01
4f9e3d13-9d52-4a48-ae3e-11f1955e8564,2021-08-28 08:27:00,2024-01-01 00:00:00,2024-01-01
b1739b28-f87d-41ac-b2cc-1214c3e645d9,2022-02-15 13:04:00,2024-01-01 00:00:00,2024-01-01
2c6ffb96-8ed7-442d-a07e-22d72b2cc084,2019-05-14 08:56:00,2024-01-01 00:00:00,2024-01-01
0ce240aa-6ec3-42da-bb65-a50fb6b5ccc9,2022-09-23 15:25:00,2024-01-01 00:00:00,2024-01-01
0fe86db3-0ef9-46f3-bdd2-e7a9cee1eaf2,2021-11-04 07:58:00,2024-01-01 00:00:00,2024-01-01
1c6fe6e7-810f-4758-8b54-26cfebc24c0a,2023-11-29 03:01:00,2024-01-01 00:00:00,2024-01-01
2c6ffb96-8ed7-442d-a07e-22d72b2cc084,2019-11-28 18:11:00,2024-01-01 00:00:00,2024-01-01
13d5de61-8558-4387-8ab4-347a8f505a31,2022-09-23 14:42:00,2024-01-01 00:00:00,2024-01-01
78312951-58cb-4114-b4ec-1c62fb9f5e8f,2022-01-23 17:16:00,2024-01-01 00:00:00,2024-01-01
ea2cf0bb-53e1-48f6-bf8d-338ee7db84df,2021-09-05 21:11:00,2024-01-01 00:00:00,2024-01-01
026515ac-4bbe-49a3-a1ec-e618af37f455,2022-04-07 03:35:00,2024-01-01 00:00:00,2024-01-01
9a545791-bfa3-4b65-87e1-a3a88a349f27,2019-03-23 06:09:00,2024-01-01 00:00:00,2024-01-01
e4b2d4dd-f0bf-4bc7-9aad-ea4f57989680,2020-09-07 23:44:00,2024-01-01 00:00:00,2024-01-01
bb33d41c-4831-4a38-b78c-cc314fb2914a,2021-03-11 11:03:00,2024-01-01 00:00:00,2024-01-01
17578591-6f2f-4ce8-ad20-b56a113288b2,2021-11-10 00:07:00,2024-01-01 00:00:00,2024-01-01
4243d1f7-0737-43e0-a170-78a6314dc76f,2021-12-10 08:37:00,2024-01-01 00:00:00,2024-01-01
896872e5-c3d0-4f6e-89c7-414710662765,2021-12-22 09:56:00,2024-01-01 00:00:00,2024-01-01
1c6fe6e7-810f-4758-8b54-26cfebc24c0a,2023-07-20 10:58:00,2024-01-01 00:00:00,2024-01-01
9eee11d9-1e54-4d27-97a8-725f02ae7950,2020-05-14 15:51:00,2024-01-01 00:00:00,2024-01-01
f3aab638-34fe-42e7-bb13-82c8fb296808,2020-03-13 21:30:00,2024-01-01 00:00:00,2024-01-01
13ef26fb-028c-4b96-bd33-23545fd49368,2021-09-06 06:06:00,2024-01-01 00:00:00,2024-01-01
9cd072bf-530a-47fc-8e8f-2f08787a39bb,2019-12-20 17:40:00,2024-01-01 00:00:00,2024-01-01
c29f8478-8036-4162-99ea-0f8aa0bcf424,2022-07-08 02:09:00,2024-01-01 00:00:00,2024-01-01
b886de27-d776-421d-9e18-d1314e27c111,2022-09-28 16:09:00,2024-01-01 00:00:00,2024-01-01
d250a920-f9be-4677-86a3-8a72838f9886,2023-10-30 02:30:00,2024-01-01 00:00:00,2024-01-01
5bc5474f-e659-435e-92e4-f5bcc8af59ad,2021-11-17 18:10:00,2024-01-01 00:00:00,2024-01-01
e6b82e62-5bc6-4d33-9de6-4ca3413eba00,2020-05-20 13:53:00,2024-01-01 00:00:00,2024-01-01
0f115cef-22dd-491e-bfcd-50da19e6280b,2022-07-05 07:52:00,2024-01-01 00:00:00,2024-01-01
630f6ee2-4357-4798-b435-386ea8a00d80,2020-06-21 01:48:00,2024-01-01 00:00:00,2024-01-01
8c9c9dbe-e89c-4845-932b-7aff6ac30a0a,2021-06-03 10:49:00,2024-01-01 00:00:00,2024-01-01
f2d02368-d00d-45a9-a715-4eaa09e96fd3,2021-03-19 06:42:00,2024-01-01 00:00:00,2024-01-01
698c485c-a3d2-4d4e-a084-fb3988b3d986,2023-01-27 11:25:00,2024-01-01 00:00:00,2024-01-01
ffaccd1e-794d-4d92-bbaf-a9d8ff556c88,2021-07-10 07:47:00,2024-01-01 00:00:00,2024-01-01
13ef26fb-028c-4b96-bd33-23545fd49368,2019-09-18 19:50:00,2024-01-01 00:00:00,2024-01-01
5203a9a4-29dc-4a72-a571-35129e619f51,2021-11-09 13:41:00,2024-01-01 00:00:00,2024-01-01
4d99c5c8-5bae-49f8-b001-1b9bc6a9e592,2023-11-21 20:10:00,2024-01-01 00:00:00,2024-01-01
7c370196-e467-4102-be70-deb73cbca2c3,2020-05-09 16:18:00,2024-01-01 00:00:00,2024-01-01
fc536289-9931-4b76-8e6b-d1236c0b89a3,2021-10-15 02:27:00,2024-01-01 00:00:00,2024-01-01
1373f611-d6f8-457e-a107-d0d4aaab0875,2022-05-13 13:04:00,2024-01-01 00:00:00,2024-01-01
ea4d27d0-037c-4927-900f-4f755cec1ab2,2022-02-24 22:57:00,2024-01-01 00:00:00,2024-01-01
302f1237-ef3a-4879-89a9-7a23764174e3,2023-05-11 20:02:00,2024-01-01 00:00:00,2024-01-01
82bb5172-cd94-4a25-aca8-42681ed0ca0e,2021-01-26 12:17:00,2024-01-01 00:00:00,2024-01-01
689916b5-c63b-4d32-be1a-8fdd2609ef42,2021-08-09 10:19:00,2024-01-01 00:00:00,2024-01-01
f3e3ebe3-029a-424d-8e46-d1cabd507128,2023-09-09 19:20:00,2024-01-01 00:00:00,2024-01-01
ffda0ef2-515b-45d8-b52c-cad58ac5a42d,2020-09-23 15:32:00,2024-01-01 00:00:00,2024-01-01
a769159d-ef18-40f7-b429-7ad16a3082b6,2021-09-25 22:37:00,2024-01-01 00:00:00,2024-01-01
62e1d3cc-9eb7-4f34-8ae1-35b34d1f7fc9,2022-11-24 21:38:00,2024-01-01 00:00:00,2024-01-01
aaac741f-a52f-4733-a964-8c86c6d69c6d,2022-05-12 18:08:00,2024-01-01 00:00:00,2024-01-01
f3aecb8f-f8b9-406a-82a5-1f464e1c4e63,2021-08-19 02:44:00,2024-01-01 00:00:00,2024-01-01
f01637cc-a763-46b3-bcba-d4a735df0e30,2021-09-29 10:34:00,2024-01-01 00:00:00,2024-01-01
44444b0d-5b0a-407c-a8be-8eef20b13052,2021-11-24 20:04:00,2024-01-01 00:00:00,2024-01-01
6b182886-4787-4abd-b35f-1500b7b96d40,2020-05-30 08:59:00,2024-01-01 00:00:00,2024-01-01
8ee674a6-edf5-4d38-b0a6-ab650b05352f,2020-07-09 09:38:00,2024-01-01 00:00:00,2024-01-01
0d2eb9ad-40d8-4bcc-b97e-f4188da258d5,2021-11-17 10:59:00,2024-01-01 00:00:00,2024-01-01
ab0a08c8-179f-4998-b48d-1f792d033ed8,2020-10-25 07:36:00,2024-01-01 00:00:00,2024-01-01
9d98cbe1-4927-4e24-9153-1884433a2af6,2020-01-27 09:12:00,2024-01-01 00:00:00,2024-01-01
b4518080-60ea-4798-86bc-d3b1ae7c352b,2023-08-19 16:43:00,2024-01-01 00:00:00,2024-01-01
82bb5172-cd94-4a25-aca8-42681ed0ca0e,2021-04-22 08:38:00,2024-01-01 00:00:00,2024-01-01
d5965ed2-3469-4be0-a17c-4ed2e376b572,2021-05-18 21:12:00,2024-01-01 00:00:00,2024-01-01
2f7e88e4-152b-43bf-93f3-dbe2106bdc84,2023-04-23 04:51:00,2024-01-01 00:00:00,2024-01-01
34943a3f-75c0-424a-a27e-89714269da45,2023-04-26 09:12:00,2024-01-01 00:00:00,2024-01-01
fa9d2712-59b1-4861-9cdc-4344e649a21a,2022-11-08 11:45:00,2024-01-01 00:00:00,2024-01-01
428f3bea-e0ec-46fc-9e87-7911f78085c0,2022-01-16 10:13:00,2024-01-01 00:00:00,2024-01-01
07e5b557-841f-4555-ae9d-a926caafb32a,2023-06-23 18:33:00,2024-01-01 00:00:00,2024-01-01
a820e556-c90a-47c0-af29-f60ca8d22e08,2019-12-22 23:46:00,2024-01-01 00:00:00,2024-01-01
df3e2096-a6af-4737-9d81-b254e45425e0,2023-11-30 20:15:00,2024-01-01 00:00:00,2024-01-01
7c370196-e467-4102-be70-deb73cbca2c3,2020-02-26 20:53:00,2024-01-01 00:00:00,2024-01-01
5cf3434d-e976-456e-a951-cad2c805a9ec,2020-11-21 20:51:00,2024-01-01 00:00:00,2024-01-01
78312951-58cb-4114-b4ec-1c62fb9f5e8f,2021-10-14 07:25:00,2024-01-01 00:00:00,2024-01-01
2b55163c-c8c3-4a9f-ad5a-0948e83fe97e,2021-09-18 08:59:00,2024-01-01 00:00:00,2024-01-01
2e4e0d6e-9e7c-4a8a-929d-e5a748af17d4,2022-03-09 17:21:00,2024-01-01 00:00:00,2024-01-01
17f17fc6-d728-4173-a47c-4726931b69e7,2019-10-27 19:04:00,2024-01-01 00:00:00,2024-01-01
3ae9f732-b116-4e20-82d6-791f4680f3da,2020-06-01 12:52:00,2024-01-01 00:00:00,2024-01-01
2a87e792-c7aa-4e6a-9a14-66a9007da535,2022-02-01 00:04:00,2024-01-01 00:00:00,2024-01-01
6c39ea13-ac4e-4ce2-84a6-5801fdce5481,2020-01-22 08:59:00,2024-01-01 00:00:00,2024-01-01
a355aed8-ac55-4e68-b182-8c7c40d0f234,2021-10-10 17:37:00,2024-01-01 00:00:00,2024-01-01
eea3d3c5-98b7-4022-b15a-0ec60a4b70ea,2023-08-09 16:36:00,2024-01-01 00:00:00,2024-01-01
f628a16d-7b88-4b36-9ce6-2f7a65ad95a1,2021-05-11 08:03:00,2024-01-01 00:00:00,2024-01-01
50cf36b9-dc61-4a90-9621-0fdb28234606,2021-05-25 15:38:00,2024-01-01 00:00:00,2024-01-01
fa0c82c7-6c7a-4683-9364-4dae45bfa07e,2019-08-10 13:24:00,2024-01-01 00:00:00,2024-01-01
6f389e71-46f7-4711-9fd1-f5329424e39b,2020-10-03 04:11:00,2024-01-01 00:00:00,2024-01-01
0f115cef-22dd-491e-bfcd-50da19e6280b,2019-09-09 01:02:00,2024-01-01 00:00:00,2024-01-01
9bddb06a-1019-4e75-a10a-17b93e8b5b42,2023-10-02 08:06:00,2024-01-01 00:00:00,2024-01-01
f3e3ebe3-029a-424d-8e46-d1cabd507128,2022-01-28 08:08:00,2024-01-01 00:00:00,2024-01-01
c5b60773-230d-452a-a448-54789e68efc7,2023-05-25 23:43:00,2024-01-01 00:00:00,2024-01-01
d78182ff-6287-47fb-a6a1-c86862779c6a,2021-05-16 01:57:00,2024-01-01 00:00:00,2024-01-01
88ae4cc4-c859-41bb-b115-0a8c07730e75,2022-09-14 01:00:00,2024-01-01 00:00:00,2024-01-01
f3aecb8f-f8b9-406a-82a5-1f464e1c4e63,2019-08-17 19:46:00,2024-01-01 00:00:00,2024-01-01
8d6971cf-dae1-46db-836a-9e040806a36c,2020-07-21 13:15:00,2024-01-01 00:00:00,2024-01-01
484edafb-7818-402b-b84e-70c477977155,2020-04-17 19:38:00,2024-01-01 00:00:00,2024-01-01
be16f2ee-cce4-4859-ae1b-2aa1315cd48d,2022-03-14 08:59:00,2024-01-01 00:00:00,2024-01-01
758a772e-8c09-4f3a-8a41-7c5eb26a6110,2022-02-05 07:09:00,2024-01-01 00:00:00,2024-01-01
428f3bea-e0ec-46fc-9e87-7911f78085c0,2019-02-17 18:20:00,2024-01-01 00:00:00,2024-01-01
484edafb-7818-402b-b84e-70c477977155,2023-04-11 05:51:00,2024-01-01 00:00:00,2024-01-01
85d3b40f-036a-495f-8040-6d1775cd5db3,2023-08-17 06:34:00,2024-01-01 00:00:00,2024-01-01
8819d9f7-a96c-49ba-b6d3-97e15ed72dbb,2022-06-16 05:05:00,2024-01-01 00:00:00,2024-01-01
5eef5951-d005-4984-b47a-d06c66199451,2022-03-15 19:17:00,2024-01-01 00:00:00,2024-01-01
606887ac-1df3-4a90-9298-4903ce64efd6,2023-07-16 03:06:00,2024-01-01 00:00:00,2024-01-01
3fa1fc01-a9aa-49cf-8829-9d1000d73028,2020-05-19 13:14:00,2024-01-01 00:00:00,2024-01-01
2e4e0d6e-9e7c-4a8a-929d-e5a748af17d4,2020-05-10 19:10:00,2024-01-01 00:00:00,2024-01-01
162f75bc-b2ed-40ce-a26e-981ea18f28c0,2019-12-22 07:17:00,2024-01-01 00:00:00,2024-01-01
1cc9d468-4898-4575-9b28-0d959c1aa2eb,2019-08-08 07:42:00,2024-01-01 00:00:00,2024-01-01
fcbc4199-ac99-41ff-975b-5c8ff7e2531d,2020-09-23 18:55:00,2024-01-01 00:00:00,2024-01-01
5d52cf68-3e58-494c-9ae6-1b53dbb06462,2022-05-13 12:28:00,2024-01-01 00:00:00,2024-01-01
9a545791-bfa3-4b65-87e1-a3a88a349f27,2020-03-13 03:54:00,2024-01-01 00:00:00,2024-01-01
9d2b2485-e78c-466a-bb21-b72d1ffd405a,2019-06-17 22:28:00,2024-01-01 00:00:00,2024-01-01
484ab5f0-e2b0-43f1-a5d8-b17c30918446,2021-06-25 23:56:00,2024-01-01 00:00:00,2024-01-01
cd8c1d7c-c3a1-48d0-8535-5c9fa5f5a58a,2021-02-26 19:48:00,2024-01-01 00:00:00,2024-01-01
c9f97feb-5530-4096-aa8a-da682c30bad0,2021-02-17 17:48:00,2024-01-01 00:00:00,2024-01-01
3ffe091e-8a7c-4e2c-8e0d-90ed8faf148f,2020-07-10 21:31:00,2024-01-01 00:00:00,2024-01-01
bf743547-e02b-423f-b740-ac35621649bf,2021-06-13 16:21:00,2024-01-01 00:00:00,2024-01-01
cde40d91-3c13-4642-9f5d-491c6ab20139,2020-10-21 15:32:00,2024-01-01 00:00:00,2024-01-01
9cd072bf-530a-47fc-8e8f-2f08787a39bb,2022-06-14 14:38:00,2024-01-01 00:00:00,2024-01-01
d1af5b5f-9803-4859-82ba-f9a6eacbf0fc,2020-02-25 04:45:00,2024-01-01 00:00:00,2024-01-01
1542e8ac-6618-4f26-be85-1a7276b22a4b,2019-06-08 22:43:00,2024-01-01 00:00:00,2024-01-01
0288a5fb-a2e3-472e-b132-4e10784bc88a,2021-02-12 12:13:00,2024-01-01 00:00:00,2024-01-01
9668a015-446f-49b9-b39f-2b220770f90d,2020-03-22 11:25:00,2024-01-01 00:00:00,2024-01-01
8564e2c0-2c90-4a7f-ac42-b93cbec1c8c2,2020-07-15 22:18:00,2024-01-01 00:00:00,2024-01-01
43ef14cc-39d6-420c-a037-ab80c0900e09,2020-04-17 19:56:00,2024-01-01 00:00:00,2024-01-01
b593d8ce-bfc5-49d2-b748-7f420e2ce0e0,2021-08-19 00:43:00,2024-01-01 00:00:00,2024-01-01
7202611c-9b89-4c04-b67a-ffc76837fecb,2022-02-27 20:44:00,2024-01-01 00:00:00,2024-01-01
615ffa91-48ae-4b3a-a7a9-5ee15361893e,2019-05-13 22:51:00,2024-01-01 00:00:00,2024-01-01
115fdbad-ad54-4574-a146-59585c99eea9,2019-02-14 18:22:00,2024-01-01 00:00:00,2024-01-01
a8889766-c29c-428d-8e56-ebc3d569b2b5,2021-01-06 00:31:00,2024-01-01 00:00:00,2024-01-01
d463fafa-7d15-4981-8b7e-9bcb112f286d,2021-06-12 14:58:00,2024-01-01 00:00:00,2024-01-01
617abd34-e75b-4589-9650-2b97ad5a95e1,2021-05-18 13:16:00,2024-01-01 00:00:00,2024-01-01
5940ce1b-9791-4aa0-a3db-8eb776311197,2020-12-14 08:23:00,2024-01-01 00:00:00,2024-01-01
13ef26fb-028c-4b96-bd33-23545fd49368,2020-06-16 05:10:00,2024-01-01 00:00:00,2024-01-01
ffda0ef2-515b-45d8-b52c-cad58ac5a42d,2020-03-24 18:41:00,2024-01-01 00:00:00,2024-01-01
7c370196-e467-4102-be70-deb73cbca2c3,2021-11-25 16:51:00,2024-01-01 00:00:00,2024-01-01
bb6ecc9c-2824-4092-8115-75fd5579d8e0,2020-02-05 01:24:00,2024-01-01 00:00:00,2024-01-01
ed6c27f0-06b8-4e66-b130-c2c4aa6c9376,2021-01-16 07:05:00,2024-01-01 00:00:00,2024-01-01
81e9a5ae-2a60-4430-ba07-8f13d1315b73,2022-12-19 05:05:00,2024-01-01 00:00:00,2024-01-01
358cf9ef-9b97-4dc4-aabf-ea7e18ec3c24,2022-06-14 17:03:00,2024-01-01 00:00:00,2024-01-01
9ba8e8ff-bbfd-4dfb-be8f-8a129cb40913,2020-05-27 16:59:00,2024-01-01 00:00:00,2024-01-01
615ffa91-48ae-4b3a-a7a9-5ee15361893e,2020-06-06 04:18:00,2024-01-01 00:00:00,2024-01-01
a46186c5-5c89-4d8d-becf-598788357b0e,2019-10-18 13:17:00,2024-01-01 00:00:00,2024-01-01
81e9a5ae-2a60-4430-ba07-8f13d1315b73,2023-11-19 05:14:00,2024-01-01 00:00:00,2024-01-01
117d3262-7947-4f82-b666-c1ac287f8bdc,2021-04-18 05:33:00,2024-01-01 00:00:00,2024-01-01
9a545791-bfa3-4b65-87e1-a3a88a349f27,2019-05-17 02:39:00,2024-01-01 00:00:00,2024-01-01
694d5a62-55fa-4bbb-abc3-bc467341d8d3,2019-04-17 20:50:00,2024-01-01 00:00:00,2024-01-01
725be64e-ff35-41a3-86cc-b701274c1867,2023-05-26 23:11:00,2024-01-01 00:00:00,2024-01-01
4f6d1a01-7440-40a4-991d-9896724ec71c,2020-08-13 15:27:00,2024-01-01 00:00:00,2024-01-01
733feae3-11eb-45a6-9f4c-cfb082b5991c,2019-12-10 00:51:00,2024-01-01 00:00:00,2024-01-01
3aaf62a5-fc82-4e62-ba5a-8869c58bf8c2,2020-02-05 22:04:00,2024-01-01 00:00:00,2024-01-01
fc536289-9931-4b76-8e6b-d1236c0b89a3,2019-05-18 03:17:00,2024-01-01 00:00:00,2024-01-01
fb2687f9-3e9a-406e-a8b1-b33067bdbb70,2023-08-01 05:34:00,2024-01-01 00:00:00,2024-01-01
430db7a5-b9a0-4d5b-8b89-1fac2d3c6a09,2019-09-12 14:35:00,2024-01-01 00:00:00,2024-01-01
7d452a25-98d5-4e93-91d0-c5173fe7ba0b,2023-04-08 23:11:00,2024-01-01 00:00:00,2024-01-01
0fe62ad4-3335-466e-b454-54daa2898258,2019-11-09 05:15:00,2024-01-01 00:00:00,2024-01-01
896872e5-c3d0-4f6e-89c7-414710662765,2023-05-31 10:54:00,2024-01-01 00:00:00,2024-01-01
98ecac3b-17cd-418d-b996-6a44293cb0cf,2019-12-18 08:32:00,2024-01-01 00:00:00,2024-01-01
cde40d91-3c13-4642-9f5d-491c6ab20139,2023-07-24 16:32:00,2024-01-01 00:00:00,2024-01-01
2a87e792-c7aa-4e6a-9a14-66a9007da535,2019-04-27 04:10:00,2024-01-01 00:00:00,2024-01-01
66784518-e5fa-42c4-83ff-8b12e93c6b3d,2019-04-10 04:54:00,2024-01-01 00:00:00,2024-01-01
3dcb9969-4b73-4926-aa46-2c48ba947fc0,2019-09-28 19:53:00,2024-01-01 00:00:00,2024-01-01
694d5a62-55fa-4bbb-abc3-bc467341d8d3,2021-01-22 08:29:00,2024-01-01 00:00:00,2024-01-01
a355aed8-ac55-4e68-b182-8c7c40d0f234,2020-05-18 05:45:00,2024-01-01 00:00:00,2024-01-01
ef42be3b-52c9-4d67-aa60-aeed0338830b,2019-08-14 07:10:00,2024-01-01 00:00:00,2024-01-01
ffaccd1e-794d-4d92-bbaf-a9d8ff556c88,2022-08-03 01:04:00,2024-01-01 00:00:00,2024-01-01
d30e8550-6c98-4111-9929-897b013e7490,2021-02-11 00:18:00,2024-01-01 00:00:00,2024-01-01
0a72d6c0-600d-4783-be71-1be9d30ff28d,2021-08-01 15:43:00,2024-01-01 00:00:00,2024-01-01
645d4d49-dc87-47fe-a65f-0dcbc44cde63,2023-03-25 17:34:00,2024-01-01 00:00:00,2024-01-01
58d36a37-67ff-4d9b-9eaa-516f9e053ead,2023-01-27 16:29:00,2024-01-01 00:00:00,2024-01-01
44e549c9-2fe5-44df-8804-9d88f6092512,2022-08-18 16:22:00,2024-01-01 00:00:00,2024-01-01
ffaccd1e-794d-4d92-bbaf-a9d8ff556c88,2023-05-30 18:45:00,2024-01-01 00:00:00,2024-01-01
4d87cbaa-bcd0-464a-9fcb-d81df4a1d9c8,2023-09-12 12:48:00,2024-01-01 00:00:00,2024-01-01
2b81f86a-6ae7-4e1b-91ea-e58171ab6d45,2020-05-29 13:10:00,2024-01-01 00:00:00,2024-01-01
a46186c5-5c89-4d8d-becf-598788357b0e,2021-10-27 15:08:00,2024-01-01 00:00:00,2024-01-01
e642b2cf-beb5-4842-8a40-ff302c3dea85,2023-07-07 06:04:00,2024-01-01 00:00:00,2024-01-01
7d452a25-98d5-4e93-91d0-c5173fe7ba0b,2022-05-13 09:07:00,2024-01-01 00:00:00,2024-01-01
56d05cdd-aebf-42cf-9763-29dc7ba6640e,2022-05-22 13:24:00,2024-01-01 00:00:00,2024-01-01
2fd62491-8dd6-46c4-91ed-c4c70793025b,2021-02-08 11:01:00,2024-01-01 00:00:00,2024-01-01
10ed932c-9d7e-4b52-8acc-3d5ebb7ab0fa,2020-10-06 06:48:00,2024-01-01 00:00:00,2024-01-01
f99d828b-8cd3-4c4c-8a36-00180a02f43e,2019-02-02 13:49:00,2024-01-01 00:00:00,2024-01-01
be16f2ee-cce4-4859-ae1b-2aa1315cd48d,2022-07-31 04:28:00,2024-01-01 00:00:00,2024-01-01
4f37f760-e528-4e48-bb95-14c54d9a2102,2023-11-07 23:08:00,2024-01-01 00:00:00,2024-01-01
54073c9a-d5d8-4c8c-b6b2-4334ffa3652e,2022-08-22 09:25:00,2024-01-01 00:00:00,2024-01-01
7fe05f0b-325e-4e03-9683-1584ee95d892,2020-05-15 00:57:00,2024-01-01 00:00:00,2024-01-01
56d05cdd-aebf-42cf-9763-29dc7ba6640e,2020-04-10 14:16:00,2024-01-01 00:00:00,2024-01-01
f683fafe-1a26-478a-9f5a-38aae47e84b4,2021-09-23 14:45:00,2024-01-01 00:00:00,2024-01-01
d1af5b5f-9803-4859-82ba-f9a6eacbf0fc,2021-08-10 06:29:00,2024-01-01 00:00:00,2024-01-01
680a1405-03aa-48f2-be89-62e1c8bf3627,2019-09-25 01:15:00,2024-01-01 00:00:00,2024-01-01
78c30b8e-b992-4967-b4a6-e9d7e41db299,2019-10-26 20:59:00,2024-01-01 00:00:00,2024-01-01
982ae8da-bfa6-4eef-b616-216ae94a841d,2019-07-27 11:03:00,2024-01-01 00:00:00,2024-01-01
f5ba5970-56e1-4119-825e-dc0a88c466c7,2020-12-18 12:56:00,2024-01-01 00:00:00,2024-01-01
725be64e-ff35-41a3-86cc-b701274c1867,2022-08-31 13:04:00,2024-01-01 00:00:00,2024-01-01
ddc37b46-61eb-46d4-ab20-d0103947c438,2022-05-10 11:52:00,2024-01-01 00:00:00,2024-01-01
2346b719-adb0-49bc-a14e-4407cf1a3a9f,2021-11-15 15:02:00,2024-01-01 00:00:00,2024-01-01
bb6ecc9c-2824-4092-8115-75fd5579d8e0,2023-11-14 15:04:00,2024-01-01 00:00:00,2024-01-01
9ac816b3-ed31-438d-8de1-bdc665b55fff,2020-12-22 06:19:00,2024-01-01 00:00:00,2024-01-01
f71d9c1a-d831-4d37-ad50-2080459fea83,2021-11-03 00:06:00,2024-01-01 00:00:00,2024-01-01
a40a848a-55c3-4609-ac67-467bfab77ed1,2019-10-26 22:35:00,2024-01-01 00:00:00,2024-01-01
7bb3ebad-db7d-4fa2-af39-7c8d05d05501,2020-07-06 00:32:00,2024-01-01 00:00:00,2024-01-01
6b182886-4787-4abd-b35f-1500b7b96d40,2020-03-23 16:23:00,2024-01-01 00:00:00,2024-01-01
0375d747-f805-4c9e-b6ae-321d1d5aa9fa,2019-02-19 12:21:00,2024-01-01 00:00:00,2024-01-01
2f7e88e4-152b-43bf-93f3-dbe2106bdc84,2023-06-24 14:22:00,2024-01-01 00:00:00,2024-01-01
6683db8b-bf0e-4904-a49d-c15c6cda38c7,2022-06-27 09:23:00,2024-01-01 00:00:00,2024-01-01
26a8ea3c-d6d3-417b-b4e9-4ad78e3d2c43,2019-04-15 16:37:00,2024-01-01 00:00:00,2024-01-01
87eb74a2-719a-4a03-ac6b-524726e2d944,2019-09-10 14:48:00,2024-01-01 00:00:00,2024-01-01
746c3efc-cf72-421d-9710-968c235f4970,2021-09-25 16:02:00,2024-01-01 00:00:00,2024-01-01
d73ccab7-2d4e-4348-b9ff-12190ffc4d68,2022-09-26 17:46:00,2024-01-01 00:00:00,2024-01-01
10b9b9a3-b3e2-47dc-b449-4a4592513e37,2023-03-14 16:04:00,2024-01-01 00:00:00,2024-01-01
1c02b15f-4616-4216-9b54-4c62a27c1ae9,2019-11-11 12:21:00,2024-01-01 00:00:00,2024-01-01
ef42be3b-52c9-4d67-aa60-aeed0338830b,2022-09-14 14:46:00,2024-01-01 00:00:00,2024-01-01
f5f963ec-8a77-4223-9b3c-0fddd61cdc78,2023-01-19 08:09:00,2024-01-01 00:00:00,2024-01-01
33a8bae8-defe-45ee-bc55-acac9865843c,2019-10-19 06:05:00,2024-01-01 00:00:00,2024-01-01
85d3b40f-036a-495f-8040-6d1775cd5db3,2022-06-17 08:25:00,2024-01-01 00:00:00,2024-01-01
8c9c9dbe-e89c-4845-932b-7aff6ac30a0a,2020-03-27 01:19:00,2024-01-01 00:00:00,2024-01-01
21c859a2-d57a-446d-9b51-1adcab539d9d,2019-01-25 04:12:00,2024-01-01 00:00:00,2024-01-01
cddb1832-8422-4468-ad72-0b4a782f2278,2021-05-06 06:26:00,2024-01-01 00:00:00,2024-01-01
030feb28-36e3-4593-8d5c-c8d42af61ec0,2023-06-26 04:27:00,2024-01-01 00:00:00,2024-01-01
88ae4cc4-c859-41bb-b115-0a8c07730e75,2022-01-25 08:58:00,2024-01-01 00:00:00,2024-01-01
071aa882-feda-46a3-a4e8-02ec468ad223,2020-03-07 02:10:00,2024-01-01 00:00:00,2024-01-01
91096f25-23db-4314-bd32-4aedbc41c3ce,2023-10-25 08:46:00,2024-01-01 00:00:00,2024-01-01
45d7ea24-c950-49db-a864-e2d30c0d5168,2021-09-15 02:14:00,2024-01-01 00:00:00,2024-01-01
81e9a5ae-2a60-4430-ba07-8f13d1315b73,2021-08-17 05:59:00,2024-01-01 00:00:00,2024-01-01
6e0e9c7d-40f2-4687-93a3-07886e09f690,2022-10-09 03:05:00,2024-01-01 00:00:00,2024-01-01
2e4e0d6e-9e7c-4a8a-929d-e5a748af17d4,2022-10-02 10:39:00,2024-01-01 00:00:00,2024-01-01
d1af5b5f-9803-4859-82ba-f9a6eacbf0fc,2023-01-30 15:16:00,2024-01-01 00:00:00,2024-01-01
d200bcbf-2a8f-48d4-9253-7997795d92cf,2022-03-27 17:56:00,2024-01-01 00:00:00,2024-01-01
5eef5951-d005-4984-b47a-d06c66199451,2023-07-26 10:40:00,2024-01-01 00:00:00,2024-01-01
6683db8b-bf0e-4904-a49d-c15c6cda38c7,2022-09-23 16:09:00,2024-01-01 00:00:00,2024-01-01
143f33fe-1773-4762-ba69-036c875909eb,2022-09-29 22:37:00,2024-01-01 00:00:00,2024-01-01
143f33fe-1773-4762-ba69-036c875909eb,2021-12-01 08:51:00,2024-01-01 00:00:00,2024-01-01
430db7a5-b9a0-4d5b-8b89-1fac2d3c6a09,2022-05-01 07:14:00,2024-01-01 00:00:00,2024-01-01
c9f97feb-5530-4096-aa8a-da682c30bad0,2023-07-27 13:30:00,2024-01-01 00:00:00,2024-01-01
57c6c21f-4b7b-4f72-ba83-2b0e46e6caad,2020-07-11 16:19:00,2024-01-01 00:00:00,2024-01-01
f9b92ba0-683f-4413-aca6-0f09926c345c,2021-10-18 23:25:00,2024-01-01 00:00:00,2024-01-01
2cca2c71-8879-4dd7-8c3e-2a9d62eba8e8,2019-04-16 18:19:00,2024-01-01 00:00:00,2024-01-01
b5bbac0d-38cb-48df-bf1e-ac8a70a044b5,2023-06-30 08:06:00,2024-01-01 00:00:00,2024-01-01
d4f537d1-f965-4b8f-a988-6937f70e11b0,2023-08-15 17:14:00,2024-01-01 00:00:00,2024-01-01
3ae4c331-afe9-42f6-86e0-16b66d7c48bf,2023-09-26 07:56:00,2024-01-01 00:00:00,2024-01-01
81b66fee-e764-4208-8777-f3ce1e86f1c7,2020-05-24 04:59:00,2024-01-01 00:00:00,2024-01-01
6fce7ef5-ee43-4bdb-90de-d63a0361ff25,2019-07-21 17:32:00,2024-01-01 00:00:00,2024-01-01
026515ac-4bbe-49a3-a1ec-e618af37f455,2021-01-13 23:25:00,2024-01-01 00:00:00,2024-01-01
88ae4cc4-c859-41bb-b115-0a8c07730e75,2021-05-08 10:19:00,2024-01-01 00:00:00,2024-01-01
7202611c-9b89-4c04-b67a-ffc76837fecb,2019-06-16 05:39:00,2024-01-01 00:00:00,2024-01-01
4d6f0375-b4c8-472f-961b-9d4ab77cf9d0,2021-09-12 21:04:00,2024-01-01 00:00:00,2024-01-01
9668a015-446f-49b9-b39f-2b220770f90d,2023-05-07 01:27:00,2024-01-01 00:00:00,2024-01-01
1cc7c465-4c34-47f9-bfc3-fffe059d40c5,2021-04-11 13:09:00,2024-01-01 00:00:00,2024-01-01
cb22d79c-9cd7-4ebe-a15a-6a9c3fb34123,2021-04-28 00:21:00,2024-01-01 00:00:00,2024-01-01
a820e556-c90a-47c0-af29-f60ca8d22e08,2021-01-28 09:15:00,2024-01-01 00:00:00,2024-01-01
4de6c7f0-1541-4146-ba6c-4b5813098f5e,2021-09-23 15:59:00,2024-01-01 00:00:00,2024-01-01
9033db67-1d5a-4c89-9cd7-589bb022a6ee,2021-03-22 06:25:00,2024-01-01 00:00:00,2024-01-01
5d52cf68-3e58-494c-9ae6-1b53dbb06462,2021-05-30 07:18:00,2024-01-01 00:00:00,2024-01-01
906d7997-95c3-4edf-8222-0f6d5f7a8efb,2020-05-13 05:21:00,2024-01-01 00:00:00,2024-01-01
7c370196-e467-4102-be70-deb73cbca2c3,2019-11-23 10:37:00,2024-01-01 00:00:00,2024-01-01
d06afe8f-b00f-4b3d-951b-dfc4f57cbee5,2021-02-10 02:06:00,2024-01-01 00:00:00,2024-01-01
5d12e724-cb1e-4fa2-8a4b-7233cc8fe6ec,2019-06-18 23:00:00,2024-01-01 00:00:00,2024-01-01
0fe98d5e-6974-49a2-8470-b3d3e5c12fcc,2019-11-04 13:31:00,2024-01-01 00:00:00,2024-01-01
23a41a82-aaeb-4cbc-a3da-56c530260b62,2019-07-09 22:41:00,2024-01-01 00:00:00,2024-01-01
d39003ff-20ab-4c47-80e5-78bac10aa506,2019-11-08 00:30:00,2024-01-01 00:00:00,2024-01-01
6ecee6f2-1238-4a29-9fd3-442f6ff0e1fe,2019-12-30 04:18:00,2024-01-01 00:00:00,2024-01-01
a4412d03-cb82-463c-8298-df6ca976c324,2023-09-24 21:43:00,2024-01-01 00:00:00,2024-01-01
52e4d0f2-f61f-47b1-90f9-cfa43836e7eb,2023-08-21 11:42:00,2024-01-01 00:00:00,2024-01-01
2c6ffb96-8ed7-442d-a07e-22d72b2cc084,2022-03-17 01:10:00,2024-01-01 00:00:00,2024-01-01
9ac816b3-ed31-438d-8de1-bdc665b55fff,2020-09-26 03:02:00,2024-01-01 00:00:00,2024-01-01
5d12e724-cb1e-4fa2-8a4b-7233cc8fe6ec,2022-04-08 01:39:00,2024-01-01 00:00:00,2024-01-01
2a67aedf-6514-4b81-a4d7-060235d6e43e,2019-01-01 06:50:00,2024-01-01 00:00:00,2024-01-01
78c30b8e-b992-4967-b4a6-e9d7e41db299,2019-12-15 12:52:00,2024-01-01 00:00:00,2024-01-01
75b7337f-e116-4636-ac36-fe61ed885b30,2021-10-01 08:37:00,2024-01-01 00:00:00,2024-01-01
44444b0d-5b0a-407c-a8be-8eef20b13052,2020-08-19 16:04:00,2024-01-01 00:00:00,2024-01-01
2f7e88e4-152b-43bf-93f3-dbe2106bdc84,2023-08-31 09:08:00,2024-01-01 00:00:00,2024-01-01
07e5b557-841f-4555-ae9d-a926caafb32a,2019-05-14 19:54:00,2024-01-01 00:00:00,2024-01-01
a9032709-b02e-4e5e-ab7b-084c49a7cb9f,2020-06-16 20:49:00,2024-01-01 00:00:00,2024-01-01
1ec056da-114f-4842-af22-25ee69039a38,2022-12-04 03:31:00,2024-01-01 00:00:00,2024-01-01
04723e3e-62de-4c60-8482-d3c5544ef0d5,2022-05-27 22:18:00,2024-01-01 00:00:00,2024-01-01
2a87e792-c7aa-4e6a-9a14-66a9007da535,2019-03-07 10:42:00,2024-01-01 00:00:00,2024-01-01
e7f6d769-7279-46ba-8b63-105cef9bfd01,2019-11-30 15:51:00,2024-01-01 00:00:00,2024-01-01
0ce240aa-6ec3-42da-bb65-a50fb6b5ccc9,2021-07-15 16:19:00,2024-01-01 00:00:00,2024-01-01
7dc7578d-6c47-49be-92dd-63a8e617233c,2020-08-24 22:52:00,2024-01-01 00:00:00,2024-01-01
d99f29a1-fbfd-4641-9f25-3cddfc9e6f64,2021-04-01 07:50:00,2024-01-01 00:00:00,2024-01-01
0fcf7399-8fe6-439c-977f-6e8fde3da99b,2023-10-01 21:20:00,2024-01-01 00:00:00,2024-01-01
3dcb9969-4b73-4926-aa46-2c48ba947fc0,2020-03-07 14:09:00,2024-01-01 00:00:00,2024-01-01
06bdb1fb-5584-44c3-b60e-ba9d730a9ff5,2022-12-11 01:05:00,2024-01-01 00:00:00,2024-01-01
79001d4d-d695-492b-b3a9-4fd78d066ddc,2019-05-01 03:09:00,2024-01-01 00:00:00,2024-01-01
0375d747-f805-4c9e-b6ae-321d1d5aa9fa,2019-08-09 04:09:00,2024-01-01 00:00:00,2024-01-01
5bc5474f-e659-435e-92e4-f5bcc8af59ad,2023-01-20 09:49:00,2024-01-01 00:00:00,2024-01-01
34943a3f-75c0-424a-a27e-89714269da45,2020-11-12 10:37:00,2024-01-01 00:00:00,2024-01-01
2b55163c-c8c3-4a9f-ad5a-0948e83fe97e,2020-05-04 15:27:00,2024-01-01 00:00:00,2024-01-01
99a2b8b6-7876-4a84-b9fe-9a64c99038d8,2021-04-19 20:42:00,2024-01-01 00:00:00,2024-01-01
2346b719-adb0-49bc-a14e-4407cf1a3a9f,2022-10-07 23:37:00,2024-01-01 00:00:00,2024-01-01
4ad46ba6-0e0d-4a9f-99a0-daaf42573169,2020-09-11 22:13:00,2024-01-01 00:00:00,2024-01-01
1c2fd5bb-080f-4561-b29d-68f1d2290128,2021-08-27 01:23:00,2024-01-01 00:00:00,2024-01-01
b6b0758a-4b5d-4843-a330-5ea470bd1125,2019-11-17 06:22:00,2024-01-01 00:00:00,2024-01-01
1d4ae20a-50eb-4da3-af0e-e64abeb8ab75,2019-05-16 01:53:00,2024-01-01 00:00:00,2024-01-01
79a52758-a803-4d40-af99-b6f10fb759af,2023-10-14 08:24:00,2024-01-01 00:00:00,2024-01-01
03c4c663-c9ac-4db2-a70e-b32a1d980622,2020-01-18 15:29:00,2024-01-01 00:00:00,2024-01-01
57ae4cdb-5481-4954-b336-5912b1b3653a,2022-09-10 12:50:00,2024-01-01 00:00:00,2024-01-01
b5bbac0d-38cb-48df-bf1e-ac8a70a044b5,2022-12-23 10:28:00,2024-01-01 00:00:00,2024-01-01
1cc7c465-4c34-47f9-bfc3-fffe059d40c5,2019-09-30 10:47:00,2024-01-01 00:00:00,2024-01-01
376bf133-e199-4cba-9207-4b5fbcc0407c,2022-12-19 21:20:00,2024-01-01 00:00:00,2024-01-01
88ae4cc4-c859-41bb-b115-0a8c07730e75,2023-03-20 22:11:00,2024-01-01 00:00:00,2024-01-01
a8c25bcf-82b8-4319-b1e5-589272d55207,2019-01-16 05:16:00,2024-01-01 00:00:00,2024-01-01
61a0ff12-d68f-4b62-afab-5178433b5f21,2021-05-01 15:56:00,2024-01-01 00:00:00,2024-01-01
d4f537d1-f965-4b8f-a988-6937f70e11b0,2020-11-16 01:56:00,2024-01-01 00:00:00,2024-01-01
f97791ea-8b07-49c7-87e4-14ac0d341906,2019-10-15 16:38:00,2024-01-01 00:00:00,2024-01-01
45446c04-e6a0-4cac-9e99-d912f4625863,2021-10-11 08:58:00,2024-01-01 00:00:00,2024-01-01
231bd419-685c-4a7c-86fc-f896eb986a7c,2020-02-19 05:26:00,2024-01-01 00:00:00,2024-01-01
68150799-c06b-4ee1-b210-48ab114ad0bb,2019-03-20 00:40:00,2024-01-01 00:00:00,2024-01-01
edea4b5f-3f5d-4314-8bf0-a86d0b8effc6,2021-01-08 10:51:00,2024-01-01 00:00:00,2024-01-01
d1af5b5f-9803-4859-82ba-f9a6eacbf0fc,2022-06-13 10:00:00,2024-01-01 00:00:00,2024-01-01
293f5bd9-e77f-453a-8ae8-8c2555462874,2019-08-03 16:12:00,2024-01-01 00:00:00,2024-01-01
d4f537d1-f965-4b8f-a988-6937f70e11b0,2020-03-08 10:43:00,2024-01-01 00:00:00,2024-01-01
a46186c5-5c89-4d8d-becf-598788357b0e,2022-09-10 23:47:00,2024-01-01 00:00:00,2024-01-01
5dcb279c-8c21-4c39-93d8-3b753eef2167,2021-10-31 16:25:00,2024-01-01 00:00:00,2024-01-01
4f37f760-e528-4e48-bb95-14c54d9a2102,2021-12-18 19:59:00,2024-01-01 00:00:00,2024-01-01
13d5de61-8558-4387-8ab4-347a8f505a31,2022-06-07 13:49:00,2024-01-01 00:00:00,2024-01-01
f9817dda-1be4-4164-98b5-454572022baa,2023-02-06 01:29:00,2024-01-01 00:00:00,2024-01-01
4f37f760-e528-4e48-bb95-14c54d9a2102,2023-01-12 17:18:00,2024-01-01 00:00:00,2024-01-01
4d99c5c8-5bae-49f8-b001-1b9bc6a9e592,2022-01-08 14:02:00,2024-01-01 00:00:00,2024-01-01
95785e11-a66e-4435-b080-1c3444822f98,2020-08-05 00:26:00,2024-01-01 00:00:00,2024-01-01
50cf36b9-dc61-4a90-9621-0fdb28234606,2022-04-21 02:30:00,2024-01-01 00:00:00,2024-01-01
7c4a0338-8dcb-4de5-b189-da33fbef11d0,2023-08-26 13:59:00,2024-01-01 00:00:00,2024-01-01
81e9a5ae-2a60-4430-ba07-8f13d1315b73,2021-08-07 19:36:00,2024-01-01 00:00:00,2024-01-01
ea89fd49-731f-4da8-969b-bc2a6c8bea84,2020-04-17 10:53:00,2024-01-01 00:00:00,2024-01-01
04723e3e-62de-4c60-8482-d3c5544ef0d5,2022-04-25 14:16:00,2024-01-01 00:00:00,2024-01-01
32e2f2ae-8d59-43ef-b972-bc85f1e3effa,2020-09-06 20:54:00,2024-01-01 00:00:00,2024-01-01
9c9aa69d-90bb-4475-b683-682dd56bdb25,2019-03-21 07:42:00,2024-01-01 00:00:00,2024-01-01
17f17fc6-d728-4173-a47c-4726931b69e7,2022-04-01 12:16:00,2024-01-01 00:00:00,2024-01-01
981d69ee-8bf8-4175-a790-bf01bf05aabd,2019-01-09 07:02:00,2024-01-01 00:00:00,2024-01-01
2cca2c71-8879-4dd7-8c3e-2a9d62eba8e8,2020-03-30 14:15:00,2024-01-01 00:00:00,2024-01-01
1cc9d468-4898-4575-9b28-0d959c1aa2eb,2021-03-24 13:03:00,2024-01-01 00:00:00,2024-01-01
26a8ea3c-d6d3-417b-b4e9-4ad78e3d2c43,2019-06-05 08:34:00,2024-01-01 00:00:00,2024-01-01
86e0ac77-a519-4936-bcb8-a02a31099e7b,2023-07-26 17:26:00,2024-01-01 00:00:00,2024-01-01
a0193e2c-8fac-4f96-b87b-b3dbb309bef1,2019-02-03 23:50:00,2024-01-01 00:00:00,2024-01-01
60b418d4-86d2-4132-9bc5-6ca7e221f7f0,2023-04-20 09:49:00,2024-01-01 00:00:00,2024-01-01
fa6dbc27-2b6a-4eb8-bbb5-9e5358db1290,2022-05-14 01:31:00,2024-01-01 00:00:00,2024-01-01
dab8a10a-7ff5-4eac-b5c5-81b48cd49bd1,2022-04-03 17:42:00,2024-01-01 00:00:00,2024-01-01
99efa319-16a0-466f-9da7-67892c533f4e,2022-02-05 03:54:00,2024-01-01 00:00:00,2024-01-01
beb98874-b0ac-48c3-bde8-08fcd607299b,2020-04-25 12:35:00,2024-01-01 00:00:00,2024-01-01
57c6c21f-4b7b-4f72-ba83-2b0e46e6caad,2023-01-26 05:34:00,2024-01-01 00:00:00,2024-01-01
cb54cd85-0380-4ca9-a739-eee1dc503a51,2022-09-05 00:43:00,2024-01-01 00:00:00,2024-01-01
9ba8e8ff-bbfd-4dfb-be8f-8a129cb40913,2021-05-29 10:41:00,2024-01-01 00:00:00,2024-01-01
8f10bb43-2edd-452d-9b02-bc94aef8d31e,2020-05-17 15:01:00,2024-01-01 00:00:00,2024-01-01
cdd01a01-fe8b-40d4-b2a3-c0e0207a3a1f,2019-07-23 23:46:00,2024-01-01 00:00:00,2024-01-01
0288a5fb-a2e3-472e-b132-4e10784bc88a,2020-06-12 21:18:00,2024-01-01 00:00:00,2024-01-01
6b807bcd-3847-46b4-b0cc-81288a961cc5,2022-10-07 13:10:00,2024-01-01 00:00:00,2024-01-01
d78182ff-6287-47fb-a6a1-c86862779c6a,2021-05-23 23:10:00,2024-01-01 00:00:00,2024-01-01
c5b60773-230d-452a-a448-54789e68efc7,2021-01-10 09:19:00,2024-01-01 00:00:00,2024-01-01
1e87b20e-fff6-4872-96d5-dec2cad2713a,2022-01-15 17:40:00,2024-01-01 00:00:00,2024-01-01
c152a397-4b4d-4fd6-aaeb-325b9cf6fe2d,2019-05-21 04:55:00,2024-01-01 00:00:00,2024-01-01
d06afe8f-b00f-4b3d-951b-dfc4f57cbee5,2019-09-06 00:15:00,2024-01-01 00:00:00,2024-01-01
430db7a5-b9a0-4d5b-8b89-1fac2d3c6a09,2019-05-16 08:11:00,2024-01-01 00:00:00,2024-01-01
54c56d27-12b3-41fc-858b-e92641bf13e1,2019-08-21 14:21:00,2024-01-01 00:00:00,2024-01-01
a0193e2c-8fac-4f96-b87b-b3dbb309bef1,2019-09-06 17:29:00,2024-01-01 00:00:00,2024-01-01
99a2b8b6-7876-4a84-b9fe-9a64c99038d8,2021-11-12 15:42:00,2024-01-01 00:00:00,2024-01-01
82bb5172-cd94-4a25-aca8-42681ed0ca0e,2022-06-12 02:22:00,2024-01-01 00:00:00,2024-01-01
61a0ff12-d68f-4b62-afab-5178433b5f21,2023-06-04 11:11:00,2024-01-01 00:00:00,2024-01-01
22396224-bed7-4623-aa8e-286ce43cea68,2021-03-05 06:34:00,2024-01-01 00:00:00,2024-01-01
72af3421-4c21-454c-ae33-5b876b8ee2d8,2020-05-27 00:58:00,2024-01-01 00:00:00,2024-01-01
79a52758-a803-4d40-af99-b6f10fb759af,2022-06-24 02:04:00,2024-01-01 00:00:00,2024-01-01
302f1237-ef3a-4879-89a9-7a23764174e3,2019-11-29 10:10:00,2024-01-01 00:00:00,2024-01-01
1cc7c465-4c34-47f9-bfc3-fffe059d40c5,2021-12-05 22:34:00,2024-01-01 00:00:00,2024-01-01
13ef26fb-028c-4b96-bd33-23545fd49368,2020-02-02 20:22:00,2024-01-01 00:00:00,2024-01-01
e11796eb-f388-4c9a-9e7e-46d8524a5e36,2019-03-03 12:50:00,2024-01-01 00:00:00,2024-01-01
746c3efc-cf72-421d-9710-968c235f4970,2023-03-30 03:51:00,2024-01-01 00:00:00,2024-01-01
4ea1929e-fb62-497a-b376-f1ffee3f4867,2021-11-15 12:13:00,2024-01-01 00:00:00,2024-01-01
00a0efc8-6053-489f-be9b-2c105c9904d8,2019-12-10 19:40:00,2024-01-01 00:00:00,2024-01-01
2df2adba-7f82-402e-ba5c-c93f88573bb2,2021-09-17 18:47:00,2024-01-01 00:00:00,2024-01-01
ea2cf0bb-53e1-48f6-bf8d-338ee7db84df,2022-11-29 23:14:00,2024-01-01 00:00:00,2024-01-01
be7267ea-8018-4b14-ba5c-cfcb66781462,2023-09-06 15:35:00,2024-01-01 00:00:00,2024-01-01
2f72de34-0cd3-4c9c-ba81-55c9916a9bbf,2023-04-28 12:20:00,2024-01-01 00:00:00,2024-01-01
7d452a25-98d5-4e93-91d0-c5173fe7ba0b,2022-08-08 06:57:00,2024-01-01 00:00:00,2024-01-01
e642b2cf-beb5-4842-8a40-ff302c3dea85,2019-03-27 14:12:00,2024-01-01 00:00:00,2024-01-01
28bb2c40-3d13-41a8-8b00-f3b3855cfc8f,2019-01-08 11:01:00,2024-01-01 00:00:00,2024-01-01
23a41a82-aaeb-4cbc-a3da-56c530260b62,2022-09-23 11:41:00,2024-01-01 00:00:00,2024-01-01
680a1405-03aa-48f2-be89-62e1c8bf3627,2020-11-24 23:53:00,2024-01-01 00:00:00,2024-01-01
b11e4077-bcfa-4850-b6d2-e2d7fbe51752,2019-01-16 10:55:00,2024-01-01 00:00:00,2024-01-01
ea4d27d0-037c-4927-900f-4f755cec1ab2,2021-08-07 04:53:00,2024-01-01 00:00:00,2024-01-01
4815c1f5-d4da-45ce-b56e-107a488864d4,2019-07-16 16:35:00,2024-01-01 00:00:00,2024-01-01
dbf64d39-3c3e-4365-8718-51e7b760c8e7,2023-04-19 18:08:00,2024-01-01 00:00:00,2024-01-01
df12ed67-7c50-4007-92d4-1b779e3d741b,2021-08-27 17:35:00,2024-01-01 00:00:00,2024-01-01
d250a920-f9be-4677-86a3-8a72838f9886,2023-01-26 10:07:00,2024-01-01 00:00:00,2024-01-01
6c39ea13-ac4e-4ce2-84a6-5801fdce5481,2022-07-03 01:50:00,2024-01-01 00:00:00,2024-01-01
7bd9faf9-ba67-4110-af10-8fd6782127f8,2023-09-07 10:15:00,2024-01-01 00:00:00,2024-01-01
f3e3ebe3-029a-424d-8e46-d1cabd507128,2020-10-01 13:18:00,2024-01-01 00:00:00,2024-01-01
a46186c5-5c89-4d8d-becf-598788357b0e,2019-03-21 03:03:00,2024-01-01 00:00:00,2024-01-01
4243d1f7-0737-43e0-a170-78a6314dc76f,2020-09-06 04:44:00,2024-01-01 00:00:00,2024-01-01
1cc7c465-4c34-47f9-bfc3-fffe059d40c5,2020-06-12 12:09:00,2024-01-01 00:00:00,2024-01-01
e11796eb-f388-4c9a-9e7e-46d8524a5e36,2020-07-28 13:04:00,2024-01-01 00:00:00,2024-01-01
c2a105a4-8173-4003-8b19-f4ab166c39ed,2021-12-23 02:31:00,2024-01-01 00:00:00,2024-01-01
951a9f55-1058-4bd9-954d-043e088ec276,2020-09-23 09:26:00,2024-01-01 00:00:00,2024-01-01
7844313c-03fb-460d-afa6-978f8001955b,2019-02-16 09:20:00,2024-01-01 00:00:00,2024-01-01
edea4b5f-3f5d-4314-8bf0-a86d0b8effc6,2020-01-14 02:55:00,2024-01-01 00:00:00,2024-01-01
698c485c-a3d2-4d4e-a084-fb3988b3d986,2019-10-09 16:38:00,2024-01-01 00:00:00,2024-01-01
d06afe8f-b00f-4b3d-951b-dfc4f57cbee5,2022-05-12 03:23:00,2024-01-01 00:00:00,2024-01-01
197a906c-2754-459a-814c-c59419530f1a,2019-08-21 08:49:00,2024-01-01 00:00:00,2024-01-01
8cb65eeb-d4f0-47a4-b38a-f045fe0506da,2020-11-14 03:11:00,2024-01-01 00:00:00,2024-01-01
1ae0421e-b20f-4a4e-bb4a-8c5a792fae42,2022-03-26 18:51:00,2024-01-01 00:00:00,2024-01-01
9a545791-bfa3-4b65-87e1-a3a88a349f27,2019-06-11 01:17:00,2024-01-01 00:00:00,2024-01-01
62638dba-59a8-4de4-b3df-06501e2a7309,2020-09-29 17:48:00,2024-01-01 00:00:00,2024-01-01
c0d8692a-0e8c-43dc-9470-88c60fa6f487,2022-01-13 02:51:00,2024-01-01 00:00:00,2024-01-01
651b093f-80ef-411a-997f-1ce733236f43,2022-12-30 18:55:00,2024-01-01 00:00:00,2024-01-01
f0d033e3-4694-4cfb-9d77-489eed62b354,2022-11-15 09:58:00,2024-01-01 00:00:00,2024-01-01
be7267ea-8018-4b14-ba5c-cfcb66781462,2022-02-05 09:06:00,2024-01-01 00:00:00,2024-01-01
07516eff-8e29-411e-b392-afaaee9016e6,2021-04-06 01:19:00,2024-01-01 00:00:00,2024-01-01
5a485394-3184-41d9-948f-13c4ac0472c2,2023-12-04 02:42:00,2024-01-01 00:00:00,2024-01-01
a4e34d9b-0a0d-46a2-9d9e-c7314cb0b44c,2020-11-13 23:03:00,2024-01-01 00:00:00,2024-01-01
9bddb06a-1019-4e75-a10a-17b93e8b5b42,2019-10-08 03:37:00,2024-01-01 00:00:00,2024-01-01
2b023759-5dc3-4917-8cbb-194bcec4bc52,2019-01-09 15:02:00,2024-01-01 00:00:00,2024-01-01
a57ccce5-4849-48fc-bdfa-0c5932580ebc,2021-08-18 11:25:00,2024-01-01 00:00:00,2024-01-01
2b023759-5dc3-4917-8cbb-194bcec4bc52,2022-01-14 08:10:00,2024-01-01 00:00:00,2024-01-01
399f88ee-c3c2-4945-853e-1941dee550ef,2022-04-25 17:57:00,2024-01-01 00:00:00,2024-01-01
6fefc024-07d9-4a86-ac9b-699fd27b6e4c,2023-06-15 02:21:00,2024-01-01 00:00:00,2024-01-01
0c3f74d1-d580-49a6-b4ae-3d4efceccede,2019-12-11 20:58:00,2024-01-01 00:00:00,2024-01-01
52e4d0f2-f61f-47b1-90f9-cfa43836e7eb,2022-03-11 03:40:00,2024-01-01 00:00:00,2024-01-01
8819d9f7-a96c-49ba-b6d3-97e15ed72dbb,2023-07-22 15:13:00,2024-01-01 00:00:00,2024-01-01
f004475d-46db-455f-979c-165786d0d6df,2023-02-01 04:10:00,2024-01-01 00:00:00,2024-01-01
45446c04-e6a0-4cac-9e99-d912f4625863,2023-02-20 21:32:00,2024-01-01 00:00:00,2024-01-01
630f6ee2-4357-4798-b435-386ea8a00d80,2020-05-03 00:43:00,2024-01-01 00:00:00,2024-01-01
f480b76b-76bc-484f-8d2c-955d43244901,2021-12-07 08:36:00,2024-01-01 00:00:00,2024-01-01
fb196124-3f62-4741-8b92-6d48e5001c61,2023-06-16 06:31:00,2024-01-01 00:00:00,2024-01-01
2db30c78-fe47-4ff9-85ab-6216a35a122f,2022-01-26 01:27:00,2024-01-01 00:00:00,2024-01-01
2f7e88e4-152b-43bf-93f3-dbe2106bdc84,2020-03-08 21:24:00,2024-01-01 00:00:00,2024-01-01
030feb28-36e3-4593-8d5c-c8d42af61ec0,2020-01-30 16:18:00,2024-01-01 00:00:00,2024-01-01
d30e8550-6c98-4111-9929-897b013e7490,2020-12-06 12:37:00,2024-01-01 00:00:00,2024-01-01
c46055ff-a101-4e7c-b06d-5750fe2694b1,2021-04-22 18:18:00,2024-01-01 00:00:00,2024-01-01
8564e2c0-2c90-4a7f-ac42-b93cbec1c8c2,2020-07-05 19:54:00,2024-01-01 00:00:00,2024-01-01
7a7b7d9e-e75c-48d9-ad80-4b13675af47d,2019-09-13 13:16:00,2024-01-01 00:00:00,2024-01-01
f5b4dc98-7753-440c-be2a-728e530730d0,2022-08-20 15:00:00,2024-01-01 00:00:00,2024-01-01
d38f3cd2-cd63-4045-82c5-930ec1485b40,2019-08-23 18:12:00,2024-01-01 00:00:00,2024-01-01
a94ab030-6fa9-405a-a6d1-616817fc5300,2023-03-10 22:08:00,2024-01-01 00:00:00,2024-01-01
0c3f74d1-d580-49a6-b4ae-3d4efceccede,2022-03-26 20:37:00,2024-01-01 00:00:00,2024-01-01
06469e1b-9c8d-4e4e-9c14-e69b211f5475,2019-09-03 21:15:00,2024-01-01 00:00:00,2024-01-01
edea4b5f-3f5d-4314-8bf0-a86d0b8effc6,2019-09-29 01:14:00,2024-01-01 00:00:00,2024-01-01
a40a848a-55c3-4609-ac67-467bfab77ed1,2020-05-26 01:46:00,2024-01-01 00:00:00,2024-01-01
c9bf95b9-b0ae-4dc9-91af-c64e1f637bdf,2019-05-28 12:08:00,2024-01-01 00:00:00,2024-01-01
eea3d3c5-98b7-4022-b15a-0ec60a4b70ea,2020-03-22 03:36:00,2024-01-01 00:00:00,2024-01-01
db32566f-74bd-466c-9ba7-ec9f5a3b3877,2019-01-06 06:45:00,2024-01-01 00:00:00,2024-01-01
5d34ee55-9636-4b86-a473-7aaedbd3b76e,2019-08-15 22:00:00,2024-01-01 00:00:00,2024-01-01
2b023759-5dc3-4917-8cbb-194bcec4bc52,2021-04-26 10:13:00,2024-01-01 00:00:00,2024-01-01
677cca13-3dce-4b8b-83ea-16b376ad043a,2021-07-04 04:46:00,2024-01-01 00:00:00,2024-01-01
45d7ea24-c950-49db-a864-e2d30c0d5168,2022-08-20 03:55:00,2024-01-01 00:00:00,2024-01-01
cdb86f12-47ce-4900-b3d0-7a1c71066282,2021-01-25 13:24:00,2024-01-01 00:00:00,2024-01-01
cbc1347d-0223-4fb6-b55a-c3b440586060,2022-09-12 21:17:00,2024-01-01 00:00:00,2024-01-01
fa6dbc27-2b6a-4eb8-bbb5-9e5358db1290,2021-06-27 06:54:00,2024-01-01 00:00:00,2024-01-01
302f1237-ef3a-4879-89a9-7a23764174e3,2022-07-24 06:24:00,2024-01-01 00:00:00,2024-01-01
f3aab638-34fe-42e7-bb13-82c8fb296808,2020-12-24 21:54:00,2024-01-01 00:00:00,2024-01-01
7202611c-9b89-4c04-b67a-ffc76837fecb,2022-09-18 15:31:00,2024-01-01 00:00:00,2024-01-01
1e805732-e82c-4bc1-bfa4-a10ef655b2ab,2020-07-14 01:16:00,2024-01-01 00:00:00,2024-01-01
746c3efc-cf72-421d-9710-968c235f4970,2019-01-07 14:10:00,2024-01-01 00:00:00,2024-01-01
fb2687f9-3e9a-406e-a8b1-b33067bdbb70,2019-05-06 01:47:00,2024-01-01 00:00:00,2024-01-01
2b81f86a-6ae7-4e1b-91ea-e58171ab6d45,2021-07-28 09:13:00,2024-01-01 00:00:00,2024-01-01
eb15de3a-9a1b-4002-a390-d86101da476b,2021-04-26 09:09:00,2024-01-01 00:00:00,2024-01-01
834586db-c5c8-4589-bab4-39c974547035,2020-08-03 05:27:00,2024-01-01 00:00:00,2024-01-01
b175f2f8-ff61-4186-8f41-8390e8baa39d,2023-04-25 15:50:00,2024-01-01 00:00:00,2024-01-01
981d69ee-8bf8-4175-a790-bf01bf05aabd,2023-04-11 02:37:00,2024-01-01 00:00:00,2024-01-01
9d98cbe1-4927-4e24-9153-1884433a2af6,2021-07-19 09:41:00,2024-01-01 00:00:00,2024-01-01
ecb0ecd4-6a07-4b65-bcb6-38a6b3e6f4c5,2020-04-04 06:44:00,2024-01-01 00:00:00,2024-01-01
eea3d3c5-98b7-4022-b15a-0ec60a4b70ea,2023-11-05 15:24:00,2024-01-01 00:00:00,2024-01-01
cbda28f9-cabb-4ef5-b3b6-8d4b48165def,2020-07-06 15:14:00,2024-01-01 00:00:00,2024-01-01
c4d743a7-12c3-4b69-89ad-b1b4abbd5c4f,2021-06-16 04:01:00,2024-01-01 00:00:00,2024-01-01
733feae3-11eb-45a6-9f4c-cfb082b5991c,2023-05-19 20:31:00,2024-01-01 00:00:00,2024-01-01
484edafb-7818-402b-b84e-70c477977155,2021-02-26 17:32:00,2024-01-01 00:00:00,2024-01-01
23a41a82-aaeb-4cbc-a3da-56c530260b62,2022-08-07 04:07:00,2024-01-01 00:00:00,2024-01-01
231bd419-685c-4a7c-86fc-f896eb986a7c,2020-07-02 11:33:00,2024-01-01 00:00:00,2024-01-01
c47863ba-9eea-4d54-a20f-a8151df391ab,2020-06-05 03:17:00,2024-01-01 00:00:00,2024-01-01
519bfb38-3676-4d96-9ab2-edb60603b77e,2023-11-01 16:51:00,2024-01-01 00:00:00,2024-01-01
ca44b5d3-9aa4-421b-80b7-3be6127a9240,2020-09-27 12:01:00,2024-01-01 00:00:00,2024-01-01
88ae4cc4-c859-41bb-b115-0a8c07730e75,2019-05-09 03:15:00,2024-01-01 00:00:00,2024-01-01
a94ab030-6fa9-405a-a6d1-616817fc5300,2020-08-02 07:48:00,2024-01-01 00:00:00,2024-01-01
698c485c-a3d2-4d4e-a084-fb3988b3d986,2022-09-30 17:54:00,2024-01-01 00:00:00,2024-01-01
34e5977a-f47b-49db-b67b-fe24062b184d,2022-06-10 16:58:00,2024-01-01 00:00:00,2024-01-01
50cf36b9-dc61-4a90-9621-0fdb28234606,2020-01-10 15:33:00,2024-01-01 00:00:00,2024-01-01
484ab5f0-e2b0-43f1-a5d8-b17c30918446,2019-01-07 00:20:00,2024-01-01 00:00:00,2024-01-01
c47863ba-9eea-4d54-a20f-a8151df391ab,2023-04-23 17:26:00,2024-01-01 00:00:00,2024-01-01
e11796eb-f388-4c9a-9e7e-46d8524a5e36,2022-03-09 00:30:00,2024-01-01 00:00:00,2024-01-01
dedc6b5e-7dd0-4412-8bbc-91e03d351549,2020-02-01 03:46:00,2024-01-01 00:00:00,2024-01-01
231bd419-685c-4a7c-86fc-f896eb986a7c,2020-09-19 13:16:00,2024-01-01 00:00:00,2024-01-01
79a52758-a803-4d40-af99-b6f10fb759af,2022-11-26 08:37:00,2024-01-01 00:00:00,2024-01-01
50cf36b9-dc61-4a90-9621-0fdb28234606,2020-02-13 12:42:00,2024-01-01 00:00:00,2024-01-01
b593d8ce-bfc5-49d2-b748-7f420e2ce0e0,2023-09-21 19:36:00,2024-01-01 00:00:00,2024-01-01
ac9c7b65-1f4c-49ab-98f7-497cc59418a5,2022-03-01 03:24:00,2024-01-01 00:00:00,2024-01-01
c6c5cf41-f7d6-4fb3-a9e7-b0ad8c435595,2021-08-24 06:56:00,2024-01-01 00:00:00,2024-01-01
cdb86f12-47ce-4900-b3d0-7a1c71066282,2020-05-16 01:54:00,2024-01-01 00:00:00,2024-01-01
ac9c7b65-1f4c-49ab-98f7-497cc59418a5,2020-11-19 15:48:00,2024-01-01 00:00:00,2024-01-01
a7875516-191c-433a-9d0a-e42a3e3ed6db,2020-05-08 10:31:00,2024-01-01 00:00:00,2024-01-01
c987c1d4-4420-48d0-87bf-7d5332046300,2020-04-11 17:01:00,2024-01-01 00:00:00,2024-01-01
c152a397-4b4d-4fd6-aaeb-325b9cf6fe2d,2022-11-13 03:36:00,2024-01-01 00:00:00,2024-01-01
9a545791-bfa3-4b65-87e1-a3a88a349f27,2019-10-08 13:55:00,2024-01-01 00:00:00,2024-01-01
d78182ff-6287-47fb-a6a1-c86862779c6a,2019-03-31 14:26:00,2024-01-01 00:00:00,2024-01-01
951a9f55-1058-4bd9-954d-043e088ec276,2021-12-31 02:06:00,2024-01-01 00:00:00,2024-01-01
f01637cc-a763-46b3-bcba-d4a735df0e30,2022-10-26 17:28:00,2024-01-01 00:00:00,2024-01-01
d30e8550-6c98-4111-9929-897b013e7490,2023-01-11 07:47:00,2024-01-01 00:00:00,2024-01-01
45404c8c-fd4f-4d15-903b-91b5c05b0375,2020-03-15 11:06:00,2024-01-01 00:00:00,2024-01-01
6b807bcd-3847-46b4-b0cc-81288a961cc5,2019-03-16 00:58:00,2024-01-01 00:00:00,2024-01-01
9d2b2485-e78c-466a-bb21-b72d1ffd405a,2022-04-18 03:17:00,2024-01-01 00:00:00,2024-01-01
9033db67-1d5a-4c89-9cd7-589bb022a6ee,2022-08-09 14:57:00,2024-01-01 00:00:00,2024-01-01
61a0ff12-d68f-4b62-afab-5178433b5f21,2020-03-04 10:59:00,2024-01-01 00:00:00,2024-01-01
2f7e88e4-152b-43bf-93f3-dbe2106bdc84,2020-04-29 03:05:00,2024-01-01 00:00:00,2024-01-01
310e7f81-9fe3-4296-ac03-e8d76f6c10ac,2023-07-08 19:34:00,2024-01-01 00:00:00,2024-01-01
6b182886-4787-4abd-b35f-1500b7b96d40,2023-03-09 07:02:00,2024-01-01 00:00:00,2024-01-01
34943a3f-75c0-424a-a27e-89714269da45,2021-09-01 08:34:00,2024-01-01 00:00:00,2024-01-01
be7267ea-8018-4b14-ba5c-cfcb66781462,2019-12-09 22:46:00,2024-01-01 00:00:00,2024-01-01
0d881a76-5b77-46a0-b263-b852fb91039c,2019-01-14 15:52:00,2024-01-01 00:00:00,2024-01-01
0a463b2e-0bf0-44b2-97ba-21ffe5dbeb0e,2020-03-19 13:56:00,2024-01-01 00:00:00,2024-01-01
47a65899-78bd-48cb-9e37-fc6c234729ae,2020-11-08 02:32:00,2024-01-01 00:00:00,2024-01-01
5940ce1b-9791-4aa0-a3db-8eb776311197,2022-04-08 18:17:00,2024-01-01 00:00:00,2024-01-01
29b81039-f7fe-44d4-b9ae-e43004eff257,2019-01-01 22:22:00,2024-01-01 00:00:00,2024-01-01
07516eff-8e29-411e-b392-afaaee9016e6,2020-12-31 14:35:00,2024-01-01 00:00:00,2024-01-01
f71d9c1a-d831-4d37-ad50-2080459fea83,2022-11-26 00:47:00,2024-01-01 00:00:00,2024-01-01
50cf36b9-dc61-4a90-9621-0fdb28234606,2019-07-19 18:01:00,2024-01-01 00:00:00,2024-01-01
5dcb279c-8c21-4c39-93d8-3b753eef2167,2022-09-28 06:11:00,2024-01-01 00:00:00,2024-01-01
a9032709-b02e-4e5e-ab7b-084c49a7cb9f,2023-08-12 07:47:00,2024-01-01 00:00:00,2024-01-01
b5b9805f-a92e-43b2-88b9-2985519a4d52,2019-04-03 05:12:00,2024-01-01 00:00:00,2024-01-01
39557251-e8db-4f82-99c2-0398d4f9b371,2023-08-22 06:08:00,2024-01-01 00:00:00,2024-01-01
2e4e0d6e-9e7c-4a8a-929d-e5a748af17d4,2020-08-27 01:42:00,2024-01-01 00:00:00,2024-01-01
4122fce1-1d01-4333-93d2-7682b5ab383f,2021-07-09 19:08:00,2024-01-01 00:00:00,2024-01-01
a820e556-c90a-47c0-af29-f60ca8d22e08,2019-03-06 23:58:00,2024-01-01 00:00:00,2024-01-01
d78182ff-6287-47fb-a6a1-c86862779c6a,2023-01-22 11:40:00,2024-01-01 00:00:00,2024-01-01
4de6c7f0-1541-4146-ba6c-4b5813098f5e,2023-03-30 09:53:00,2024-01-01 00:00:00,2024-01-01
746c3efc-cf72-421d-9710-968c235f4970,2022-11-07 04:44:00,2024-01-01 00:00:00,2024-01-01
5e2507d0-04bf-414b-9bf2-382051d882bd,2019-05-10 05:30:00,2024-01-01 00:00:00,2024-01-01
60a84bb9-9c76-4b64-ab1d-16dd31b94625,2021-02-13 05:23:00,2024-01-01 00:00:00,2024-01-01
a7875516-191c-433a-9d0a-e42a3e3ed6db,2019-03-13 05:43:00,2024-01-01 00:00:00,2024-01-01
fa9b92d0-1ba3-4b48-9147-edcc511ecf01,2023-09-23 13:06:00,2024-01-01 00:00:00,2024-01-01
54c56d27-12b3-41fc-858b-e92641bf13e1,2019-06-23 05:13:00,2024-01-01 00:00:00,2024-01-01
6fee9276-03aa-45b9-b02e-e08ea008b870,2019-05-30 13:06:00,2024-01-01 00:00:00,2024-01-01
5940ce1b-9791-4aa0-a3db-8eb776311197,2021-06-09 22:52:00,2024-01-01 00:00:00,2024-01-01
1f459003-3d70-4f02-af53-834af6494977,2019-12-07 22:33:00,2024-01-01 00:00:00,2024-01-01
61094253-0645-4e3a-8425-6747dd857e20,2023-01-01 21:33:00,2024-01-01 00:00:00,2024-01-01
86e0ac77-a519-4936-bcb8-a02a31099e7b,2022-04-26 18:21:00,2024-01-01 00:00:00,2024-01-01
a9032709-b02e-4e5e-ab7b-084c49a7cb9f,2021-07-16 19:34:00,2024-01-01 00:00:00,2024-01-01
88ae4cc4-c859-41bb-b115-0a8c07730e75,2022-09-14 06:28:00,2024-01-01 00:00:00,2024-01-01
fa1d0eea-c721-4047-9738-8c67a6a0bccd,2021-05-20 19:53:00,2024-01-01 00:00:00,2024-01-01
dff763bc-ff5b-48d3-a61f-ec960f923841,2023-06-16 08:20:00,2024-01-01 00:00:00,2024-01-01
ffaccd1e-794d-4d92-bbaf-a9d8ff556c88,2020-06-16 06:59:00,2024-01-01 00:00:00,2024-01-01
33373b46-ff98-42fc-a39c-f0dcfbd5e720,2023-02-11 00:12:00,2024-01-01 00:00:00,2024-01-01
982ae8da-bfa6-4eef-b616-216ae94a841d,2021-04-11 12:49:00,2024-01-01 00:00:00,2024-01-01
f5ba5970-56e1-4119-825e-dc0a88c466c7,2022-01-01 02:55:00,2024-01-01 00:00:00,2024-01-01
dbf64d39-3c3e-4365-8718-51e7b760c8e7,2022-04-05 22:08:00,2024-01-01 00:00:00,2024-01-01
5940ce1b-9791-4aa0-a3db-8eb776311197,2019-04-21 23:44:00,2024-01-01 00:00:00,2024-01-01
437c8e55-9887-4067-ad65-c7077711951c,2021-12-28 03:35:00,2024-01-01 00:00:00,2024-01-01
645d4d49-dc87-47fe-a65f-0dcbc44cde63,2021-09-08 20:37:00,2024-01-01 00:00:00,2024-01-01
114ae6a7-6e2d-42db-95e9-a55e8eadc4d5,2022-12-30 04:03:00,2024-01-01 00:00:00,2024-01-01
10e1907a-c902-42ac-b0e9-ab6bf2f0c62e,2021-11-26 17:56:00,2024-01-01 00:00:00,2024-01-01
f9817dda-1be4-4164-98b5-454572022baa,2020-04-19 04:15:00,2024-01-01 00:00:00,2024-01-01
4ce603e2-bf3c-485e-b494-57807d95b843,2019-04-14 19:34:00,2024-01-01 00:00:00,2024-01-01
3dcb9969-4b73-4926-aa46-2c48ba947fc0,2019-06-01 17:35:00,2024-01-01 00:00:00,2024-01-01
1d682a19-a17e-4493-8004-f4b703c24c69,2019-06-21 16:34:00,2024-01-01 00:00:00,2024-01-01
185e7502-135f-4aa2-aac7-26d0f0eed2cc,2019-07-11 08:21:00,2024-01-01 00:00:00,2024-01-01
d30e8550-6c98-4111-9929-897b013e7490,2022-01-29 05:02:00,2024-01-01 00:00:00,2024-01-01
3cc55d11-2a77-4031-b604-92a025d7a129,2021-05-25 06:08:00,2024-01-01 00:00:00,2024-01-01
bf743547-e02b-423f-b740-ac35621649bf,2023-07-03 07:44:00,2024-01-01 00:00:00,2024-01-01
617abd34-e75b-4589-9650-2b97ad5a95e1,2022-07-27 16:09:00,2024-01-01 00:00:00,2024-01-01
79e07125-98dd-4dab-8735-fdcccd09bf62,2022-07-03 02:27:00,2024-01-01 00:00:00,2024-01-01
08846e86-3d8e-4c3e-af1b-1665cf209d9f,2023-01-16 17:05:00,2024-01-01 00:00:00,2024-01-01
d250a920-f9be-4677-86a3-8a72838f9886,2023-02-19 10:29:00,2024-01-01 00:00:00,2024-01-01
af768449-2096-4f00-b3a0-2f104c7c0182,2019-12-04 08:54:00,2024-01-01 00:00:00,2024-01-01
1373f611-d6f8-457e-a107-d0d4aaab0875,2020-11-22 01:48:00,2024-01-01 00:00:00,2024-01-01
d73ccab7-2d4e-4348-b9ff-12190ffc4d68,2019-01-24 00:49:00,2024-01-01 00:00:00,2024-01-01
c47863ba-9eea-4d54-a20f-a8151df391ab,2022-09-23 00:55:00,2024-01-01 00:00:00,2024-01-01
d463fafa-7d15-4981-8b7e-9bcb112f286d,2023-07-17 00:05:00,2024-01-01 00:00:00,2024-01-01
f71d9c1a-d831-4d37-ad50-2080459fea83,2020-10-22 23:51:00,2024-01-01 00:00:00,2024-01-01
bf8c7d28-d8c1-496a-b37a-aa3a224942d3,2022-07-28 02:05:00,2024-01-01 00:00:00,2024-01-01
00a0efc8-6053-489f-be9b-2c105c9904d8,2022-11-09 15:51:00,2024-01-01 00:00:00,2024-01-01
b3673644-b02d-4f35-a2aa-0344feca4972,2019-07-21 17:41:00,2024-01-01 00:00:00,2024-01-01
390cb769-6de3-4ad2-a51d-c5a1c0bd5859,2021-01-30 20:47:00,2024-01-01 00:00:00,2024-01-01
7844313c-03fb-460d-afa6-978f8001955b,2022-05-23 23:09:00,2024-01-01 00:00:00,2024-01-01
9668a015-446f-49b9-b39f-2b220770f90d,2020-12-24 12:43:00,2024-01-01 00:00:00,2024-01-01
54073c9a-d5d8-4c8c-b6b2-4334ffa3652e,2019-08-24 16:41:00,2024-01-01 00:00:00,2024-01-01
07516eff-8e29-411e-b392-afaaee9016e6,2020-08-16 09:16:00,2024-01-01 00:00:00,2024-01-01
ea4d27d0-037c-4927-900f-4f755cec1ab2,2019-11-23 17:52:00,2024-01-01 00:00:00,2024-01-01
1542e8ac-6618-4f26-be85-1a7276b22a4b,2019-10-30 21:36:00,2024-01-01 00:00:00,2024-01-01
a8c37e51-9852-4670-bd66-3bea5c508b16,2022-01-10 09:31:00,2024-01-01 00:00:00,2024-01-01
c46055ff-a101-4e7c-b06d-5750fe2694b1,2021-12-05 02:09:00,2024-01-01 00:00:00,2024-01-01
030feb28-36e3-4593-8d5c-c8d42af61ec0,2019-12-26 09:32:00,2024-01-01 00:00:00,2024-01-01
17578591-6f2f-4ce8-ad20-b56a113288b2,2022-06-27 01:20:00,2024-01-01 00:00:00,2024-01-01
66784518-e5fa-42c4-83ff-8b12e93c6b3d,2021-02-16 01:32:00,2024-01-01 00:00:00,2024-01-01
71e26478-1b8b-42c6-9d73-9790ed1ca341,2021-06-09 00:02:00,2024-01-01 00:00:00,2024-01-01
1d4ae20a-50eb-4da3-af0e-e64abeb8ab75,2022-05-12 00:42:00,2024-01-01 00:00:00,2024-01-01
2cec8b9d-688b-4f35-9994-67758a1c216d,2020-06-19 07:24:00,2024-01-01 00:00:00,2024-01-01
f5f963ec-8a77-4223-9b3c-0fddd61cdc78,2020-12-08 10:05:00,2024-01-01 00:00:00,2024-01-01
d463fafa-7d15-4981-8b7e-9bcb112f286d,2021-01-10 16:17:00,2024-01-01 00:00:00,2024-01-01
484ab5f0-e2b0-43f1-a5d8-b17c30918446,2021-12-21 12:24:00,2024-01-01 00:00:00,2024-01-01
99a2b8b6-7876-4a84-b9fe-9a64c99038d8,2022-02-27 07:26:00,2024-01-01 00:00:00,2024-01-01
33373b46-ff98-42fc-a39c-f0dcfbd5e720,2019-11-02 08:32:00,2024-01-01 00:00:00,2024-01-01
315b8757-9504-4390-b0fc-071c5fca4539,2020-04-11 11:42:00,2024-01-01 00:00:00,2024-01-01
a4412d03-cb82-463c-8298-df6ca976c324,2019-04-11 09:52:00,2024-01-01 00:00:00,2024-01-01
3ae4c331-afe9-42f6-86e0-16b66d7c48bf,2019-12-15 18:24:00,2024-01-01 00:00:00,2024-01-01
8c9c9dbe-e89c-4845-932b-7aff6ac30a0a,2023-02-03 17:45:00,2024-01-01 00:00:00,2024-01-01
e6b82e62-5bc6-4d33-9de6-4ca3413eba00,2019-03-22 15:03:00,2024-01-01 00:00:00,2024-01-01
07218b72-f093-4fb3-ba40-a0b2e73c75e2,2021-04-12 07:26:00,2024-01-01 00:00:00,2024-01-01
b5ed67ce-51f8-454e-8bc0-7c5ee56b22b9,2022-05-18 19:35:00,2024-01-01 00:00:00,2024-01-01
412d6b46-5df7-4846-b579-6afbac9ecb1e,2021-07-31 11:50:00,2024-01-01 00:00:00,2024-01-01
fc536289-9931-4b76-8e6b-d1236c0b89a3,2019-02-04 19:49:00,2024-01-01 00:00:00,2024-01-01
2cca2c71-8879-4dd7-8c3e-2a9d62eba8e8,2022-07-27 16:11:00,2024-01-01 00:00:00,2024-01-01
6b506c1b-f282-49ec-91e0-7af6d616ed5b,2019-09-15 01:17:00,2024-01-01 00:00:00,2024-01-01
ed6c27f0-06b8-4e66-b130-c2c4aa6c9376,2023-07-01 03:55:00,2024-01-01 00:00:00,2024-01-01
a94ab030-6fa9-405a-a6d1-616817fc5300,2021-03-13 16:07:00,2024-01-01 00:00:00,2024-01-01
81e9a5ae-2a60-4430-ba07-8f13d1315b73,2022-02-12 16:47:00,2024-01-01 00:00:00,2024-01-01
73e64d5a-a8ac-49d7-bbea-d396c23a30b3,2019-01-11 20:46:00,2024-01-01 00:00:00,2024-01-01
5136c411-04fc-4c2f-ad40-bd70082eb2a4,2020-06-13 20:11:00,2024-01-01 00:00:00,2024-01-01
4d6f0375-b4c8-472f-961b-9d4ab77cf9d0,2022-01-26 15:31:00,2024-01-01 00:00:00,2024-01-01
6d020665-2465-4a6e-b01a-6862c08f7c99,2020-05-24 06:24:00,2024-01-01 00:00:00,2024-01-01
54c56d27-12b3-41fc-858b-e92641bf13e1,2023-01-10 06:33:00,2024-01-01 00:00:00,2024-01-01
9464ffba-fcb5-498e-a419-aeb3d5d04ee4,2022-08-19 12:17:00,2024-01-01 00:00:00,2024-01-01
06bdb1fb-5584-44c3-b60e-ba9d730a9ff5,2020-05-11 21:04:00,2024-01-01 00:00:00,2024-01-01
358cf9ef-9b97-4dc4-aabf-ea7e18ec3c24,2019-10-17 12:39:00,2024-01-01 00:00:00,2024-01-01
982ae8da-bfa6-4eef-b616-216ae94a841d,2022-10-20 23:10:00,2024-01-01 00:00:00,2024-01-01
28bb2c40-3d13-41a8-8b00-f3b3855cfc8f,2021-12-04 20:42:00,2024-01-01 00:00:00,2024-01-01
050a9365-3653-4f9d-86be-006ee20e6d6d,2022-09-27 09:26:00,2024-01-01 00:00:00,2024-01-01
046f62a1-a2f7-406e-8c45-b4bab6917922,2020-09-01 00:15:00,2024-01-01 00:00:00,2024-01-01
d4f28bee-2d99-477e-bed0-8afb23cc957e,2021-05-09 22:08:00,2024-01-01 00:00:00,2024-01-01
231bd419-685c-4a7c-86fc-f896eb986a7c,2021-01-24 23:54:00,2024-01-01 00:00:00,2024-01-01
c987c1d4-4420-48d0-87bf-7d5332046300,2021-12-18 06:06:00,2024-01-01 00:00:00,2024-01-01
b593d8ce-bfc5-49d2-b748-7f420e2ce0e0,2020-09-26 08:05:00,2024-01-01 00:00:00,2024-01-01
8ee674a6-edf5-4d38-b0a6-ab650b05352f,2021-08-04 01:52:00,2024-01-01 00:00:00,2024-01-01
df3e2096-a6af-4737-9d81-b254e45425e0,2021-03-10 20:24:00,2024-01-01 00:00:00,2024-01-01
758a772e-8c09-4f3a-8a41-7c5eb26a6110,2019-11-17 11:48:00,2024-01-01 00:00:00,2024-01-01
f22170f9-0a9f-40c7-9f8e-6ed79578fb2c,2020-08-18 01:11:00,2024-01-01 00:00:00,2024-01-01
17578591-6f2f-4ce8-ad20-b56a113288b2,2021-04-05 07:46:00,2024-01-01 00:00:00,2024-01-01
7d452a25-98d5-4e93-91d0-c5173fe7ba0b,2022-10-15 10:34:00,2024-01-01 00:00:00,2024-01-01
dedc6b5e-7dd0-4412-8bbc-91e03d351549,2022-10-31 09:12:00,2024-01-01 00:00:00,2024-01-01
c46055ff-a101-4e7c-b06d-5750fe2694b1,2023-11-08 23:01:00,2024-01-01 00:00:00,2024-01-01
ea4d27d0-037c-4927-900f-4f755cec1ab2,2022-10-01 15:24:00,2024-01-01 00:00:00,2024-01-01
e38cd76c-4edd-4fb9-9598-7e00255aa1b2,2020-09-22 08:55:00,2024-01-01 00:00:00,2024-01-01
1fd92115-7d53-4da3-a45c-11dc09664fa6,2020-08-18 18:52:00,2024-01-01 00:00:00,2024-01-01
634f8b16-73b3-4736-a3cf-19823bbfe6c5,2021-12-22 00:49:00,2024-01-01 00:00:00,2024-01-01
050a9365-3653-4f9d-86be-006ee20e6d6d,2020-04-07 03:23:00,2024-01-01 00:00:00,2024-01-01
61094253-0645-4e3a-8425-6747dd857e20,2020-05-09 22:32:00,2024-01-01 00:00:00,2024-01-01
685a72a1-81ff-4c14-8ef4-776b03c7ecc5,2021-11-28 08:21:00,2024-01-01 00:00:00,2024-01-01
546b971f-2bca-42ca-a9b9-11077fc42aad,2023-01-25 04:29:00,2024-01-01 00:00:00,2024-01-01
8de62a84-d4d5-4cac-802c-040c252279d0,2022-06-03 22:03:00,2024-01-01 00:00:00,2024-01-01
34943a3f-75c0-424a-a27e-89714269da45,2022-10-11 10:02:00,2024-01-01 00:00:00,2024-01-01
fa9d2712-59b1-4861-9cdc-4344e649a21a,2020-08-16 20:03:00,2024-01-01 00:00:00,2024-01-01
df3e2096-a6af-4737-9d81-b254e45425e0,2023-10-13 07:13:00,2024-01-01 00:00:00,2024-01-01
07218b72-f093-4fb3-ba40-a0b2e73c75e2,2020-03-18 11:12:00,2024-01-01 00:00:00,2024-01-01
695e0ca8-2132-420d-95e4-d58bf723c4df,2023-08-24 08:37:00,2024-01-01 00:00:00,2024-01-01
87eb74a2-719a-4a03-ac6b-524726e2d944,2020-10-07 22:07:00,2024-01-01 00:00:00,2024-01-01
c240c790-3b92-4d03-8e5e-1337dc1f1358,2021-03-19 07:51:00,2024-01-01 00:00:00,2024-01-01
22396224-bed7-4623-aa8e-286ce43cea68,2019-10-17 03:05:00,2024-01-01 00:00:00,2024-01-01
edea4b5f-3f5d-4314-8bf0-a86d0b8effc6,2019-07-13 19:29:00,2024-01-01 00:00:00,2024-01-01
f5ba5970-56e1-4119-825e-dc0a88c466c7,2021-12-13 23:56:00,2024-01-01 00:00:00,2024-01-01
3ae9f732-b116-4e20-82d6-791f4680f3da,2023-06-01 17:03:00,2024-01-01 00:00:00,2024-01-01
f01637cc-a763-46b3-bcba-d4a735df0e30,2022-05-27 06:15:00,2024-01-01 00:00:00,2024-01-01
4da46ed5-9d9c-480d-aa47-7d43bc9c09fb,2022-04-30 20:43:00,2024-01-01 00:00:00,2024-01-01
6e0e9c7d-40f2-4687-93a3-07886e09f690,2020-02-10 06:08:00,2024-01-01 00:00:00,2024-01-01
3f5e8bfc-3258-4d11-a9ee-45d332fd0527,2021-04-09 10:14:00,2024-01-01 00:00:00,2024-01-01
7a50e05e-c86f-47e7-8fb8-84259d236325,2019-03-22 13:54:00,2024-01-01 00:00:00,2024-01-01
d463fafa-7d15-4981-8b7e-9bcb112f286d,2019-03-13 02:05:00,2024-01-01 00:00:00,2024-01-01
2f7e88e4-152b-43bf-93f3-dbe2106bdc84,2023-03-17 16:31:00,2024-01-01 00:00:00,2024-01-01
5136c411-04fc-4c2f-ad40-bd70082eb2a4,2023-04-03 10:24:00,2024-01-01 00:00:00,2024-01-01
07e5b557-841f-4555-ae9d-a926caafb32a,2019-07-15 16:54:00,2024-01-01 00:00:00,2024-01-01
430db7a5-b9a0-4d5b-8b89-1fac2d3c6a09,2021-04-13 17:46:00,2024-01-01 00:00:00,2024-01-01
2b81f86a-6ae7-4e1b-91ea-e58171ab6d45,2023-11-05 00:00:00,2024-01-01 00:00:00,2024-01-01
07218b72-f093-4fb3-ba40-a0b2e73c75e2,2020-01-14 00:51:00,2024-01-01 00:00:00,2024-01-01
79001d4d-d695-492b-b3a9-4fd78d066ddc,2019-03-02 03:21:00,2024-01-01 00:00:00,2024-01-01
680a1405-03aa-48f2-be89-62e1c8bf3627,2023-05-14 03:35:00,2024-01-01 00:00:00,2024-01-01
57fdf3e3-470d-418e-9bad-085d3bc96551,2019-09-19 19:33:00,2024-01-01 00:00:00,2024-01-01
0ad16284-7dad-469c-81c6-08e7988e4581,2019-01-27 22:24:00,2024-01-01 00:00:00,2024-01-01
2bd1bd50-cdb3-4fe9-a67a-335aea386b7d,2020-11-14 20:44:00,2024-01-01 00:00:00,2024-01-01
5847e485-edad-42be-8aa8-c1915e7c0a45,2021-10-15 23:18:00,2024-01-01 00:00:00,2024-01-01
e165c6ad-0881-461f-a326-0bedc06fdac0,2023-08-13 03:46:00,2024-01-01 00:00:00,2024-01-01
162f75bc-b2ed-40ce-a26e-981ea18f28c0,2021-04-30 00:56:00,2024-01-01 00:00:00,2024-01-01
af768449-2096-4f00-b3a0-2f104c7c0182,2022-06-25 06:25:00,2024-01-01 00:00:00,2024-01-01
906d7997-95c3-4edf-8222-0f6d5f7a8efb,2021-01-23 11:08:00,2024-01-01 00:00:00,2024-01-01
c152a397-4b4d-4fd6-aaeb-325b9cf6fe2d,2019-04-29 09:38:00,2024-01-01 00:00:00,2024-01-01
137d4ec0-94bc-4552-ad59-f16b7a6efd21,2019-05-26 03:55:00,2024-01-01 00:00:00,2024-01-01
60b418d4-86d2-4132-9bc5-6ca7e221f7f0,2021-12-13 18:18:00,2024-01-01 00:00:00,2024-01-01
0fe98d5e-6974-49a2-8470-b3d3e5c12fcc,2019-08-11 09:14:00,2024-01-01 00:00:00,2024-01-01
25295a76-1bd6-42b7-baa3-0a9ef6b4ccc2,2020-04-18 16:30:00,2024-01-01 00:00:00,2024-01-01
a8ca0ebc-9b7f-4d34-8d04-2fc582139c8f,2020-12-03 00:37:00,2024-01-01 00:00:00,2024-01-01
d4f28bee-2d99-477e-bed0-8afb23cc957e,2019-10-13 13:12:00,2024-01-01 00:00:00,2024-01-01
1cc7c465-4c34-47f9-bfc3-fffe059d40c5,2019-12-16 23:10:00,2024-01-01 00:00:00,2024-01-01
ffaccd1e-794d-4d92-bbaf-a9d8ff556c88,2020-03-17 19:32:00,2024-01-01 00:00:00,2024-01-01
5bc5474f-e659-435e-92e4-f5bcc8af59ad,2019-10-30 07:28:00,2024-01-01 00:00:00,2024-01-01
b4518080-60ea-4798-86bc-d3b1ae7c352b,2020-07-17 10:26:00,2024-01-01 00:00:00,2024-01-01
61a0ff12-d68f-4b62-afab-5178433b5f21,2019-06-07 08:59:00,2024-01-01 00:00:00,2024-01-01
358cf9ef-9b97-4dc4-aabf-ea7e18ec3c24,2019-03-16 23:54:00,2024-01-01 00:00:00,2024-01-01
ddc37b46-61eb-46d4-ab20-d0103947c438,2023-02-05 04:33:00,2024-01-01 00:00:00,2024-01-01
630f6ee2-4357-4798-b435-386ea8a00d80,2022-01-02 23:02:00,2024-01-01 00:00:00,2024-01-01
a4412d03-cb82-463c-8298-df6ca976c324,2023-08-26 20:01:00,2024-01-01 00:00:00,2024-01-01
79a33a0e-8539-49c7-86a5-5a9f4cc6b6da,2023-05-13 10:15:00,2024-01-01 00:00:00,2024-01-01
4ad46ba6-0e0d-4a9f-99a0-daaf42573169,2021-10-05 12:27:00,2024-01-01 00:00:00,2024-01-01
57ae4cdb-5481-4954-b336-5912b1b3653a,2021-06-10 23:02:00,2024-01-01 00:00:00,2024-01-01
e7f6d769-7279-46ba-8b63-105cef9bfd01,2021-11-29 03:07:00,2024-01-01 00:00:00,2024-01-01
b886de27-d776-421d-9e18-d1314e27c111,2023-03-09 13:49:00,2024-01-01 00:00:00,2024-01-01
00303e3b-745c-48cf-aa72-16d7c1db1a7d,2023-09-30 01:12:00,2024-01-01 00:00:00,2024-01-01
75fee327-128d-4947-922c-48768321bb81,2023-11-27 16:56:00,2024-01-01 00:00:00,2024-01-01
bd5fa77c-f04c-4a4f-991f-e0fdda1d5c15,2020-02-21 12:25:00,2024-01-01 00:00:00,2024-01-01
617abd34-e75b-4589-9650-2b97ad5a95e1,2022-05-29 00:24:00,2024-01-01 00:00:00,2024-01-01
c9bf95b9-b0ae-4dc9-91af-c64e1f637bdf,2019-11-12 14:04:00,2024-01-01 00:00:00,2024-01-01
399f88ee-c3c2-4945-853e-1941dee550ef,2020-10-18 23:13:00,2024-01-01 00:00:00,2024-01-01
2cca2c71-8879-4dd7-8c3e-2a9d62eba8e8,2019-07-24 05:49:00,2024-01-01 00:00:00,2024-01-01
17f17fc6-d728-4173-a47c-4726931b69e7,2020-03-23 10:22:00,2024-01-01 00:00:00,2024-01-01
9c9aa69d-90bb-4475-b683-682dd56bdb25,2019-04-17 13:32:00,2024-01-01 00:00:00,2024-01-01
5cf3434d-e976-456e-a951-cad2c805a9ec,2022-01-31 13:36:00,2024-01-01 00:00:00,2024-01-01
606887ac-1df3-4a90-9298-4903ce64efd6,2019-08-11 20:54:00,2024-01-01 00:00:00,2024-01-01
a53c3d45-a019-4f33-b39c-30fbbce4ad38,2021-09-20 17:41:00,2024-01-01 00:00:00,2024-01-01
02a585b3-312f-42dd-ba85-2c7d20ebd68f,2019-10-20 06:33:00,2024-01-01 00:00:00,2024-01-01
5847e485-edad-42be-8aa8-c1915e7c0a45,2023-08-30 09:47:00,2024-01-01 00:00:00,2024-01-01
dbf64d39-3c3e-4365-8718-51e7b760c8e7,2019-03-24 07:19:00,2024-01-01 00:00:00,2024-01-01
44b9217b-12d0-4bb7-a1f5-f0f1a527ebad,2022-02-09 16:28:00,2024-01-01 00:00:00,2024-01-01
252bc613-f891-4c50-bfa2-3f54657b5c15,2023-05-17 10:19:00,2024-01-01 00:00:00,2024-01-01
a8c37e51-9852-4670-bd66-3bea5c508b16,2020-05-01 21:58:00,2024-01-01 00:00:00,2024-01-01
114ae6a7-6e2d-42db-95e9-a55e8eadc4d5,2022-01-31 16:08:00,2024-01-01 00:00:00,2024-01-01
95ecfad2-598f-4b56-9182-5d3280ccafdb,2021-04-14 06:14:00,2024-01-01 00:00:00,2024-01-01
78312951-58cb-4114-b4ec-1c62fb9f5e8f,2022-08-14 19:46:00,2024-01-01 00:00:00,2024-01-01
51ec2300-6e24-4efa-964a-815a5f6df4aa,2019-09-12 03:42:00,2024-01-01 00:00:00,2024-01-01
615ffa91-48ae-4b3a-a7a9-5ee15361893e,2021-01-28 22:44:00,2024-01-01 00:00:00,2024-01-01
ffaccd1e-794d-4d92-bbaf-a9d8ff556c88,2019-02-06 01:32:00,2024-01-01 00:00:00,2024-01-01
10b9b9a3-b3e2-47dc-b449-4a4592513e37,2021-01-24 18:45:00,2024-01-01 00:00:00,2024-01-01
79a52758-a803-4d40-af99-b6f10fb759af,2019-05-13 09:18:00,2024-01-01 00:00:00,2024-01-01
5cf3434d-e976-456e-a951-cad2c805a9ec,2022-03-21 00:45:00,2024-01-01 00:00:00,2024-01-01
17f17fc6-d728-4173-a47c-4726931b69e7,2021-07-16 18:51:00,2024-01-01 00:00:00,2024-01-01
58d36a37-67ff-4d9b-9eaa-516f9e053ead,2019-12-06 19:45:00,2024-01-01 00:00:00,2024-01-01
c6c5cf41-f7d6-4fb3-a9e7-b0ad8c435595,2022-03-19 20:26:00,2024-01-01 00:00:00,2024-01-01
c6c5cf41-f7d6-4fb3-a9e7-b0ad8c435595,2023-04-20 18:51:00,2024-01-01 00:00:00,2024-01-01
a8c25bcf-82b8-4319-b1e5-589272d55207,2021-02-08 21:18:00,2024-01-01 00:00:00,2024-01-01
2346b719-adb0-49bc-a14e-4407cf1a3a9f,2023-08-28 20:38:00,2024-01-01 00:00:00,2024-01-01
1542e8ac-6618-4f26-be85-1a7276b22a4b,2023-04-05 23:46:00,2024-01-01 00:00:00,2024-01-01
ada0d30b-858f-4ee4-b2c9-3e053d4df7ef,2022-10-16 14:05:00,2024-01-01 00:00:00,2024-01-01
982ae8da-bfa6-4eef-b616-216ae94a841d,2021-12-05 04:34:00,2024-01-01 00:00:00,2024-01-01
a4412d03-cb82-463c-8298-df6ca976c324,2023-05-24 18:24:00,2024-01-01 00:00:00,2024-01-01
2cca2c71-8879-4dd7-8c3e-2a9d62eba8e8,2022-07-28 18:15:00,2024-01-01 00:00:00,2024-01-01
9ac816b3-ed31-438d-8de1-bdc665b55fff,2019-10-28 18:06:00,2024-01-01 00:00:00,2024-01-01
cde40d91-3c13-4642-9f5d-491c6ab20139,2020-08-25 16:56:00,2024-01-01 00:00:00,2024-01-01
cddb1832-8422-4468-ad72-0b4a782f2278,2020-09-26 19:50:00,2024-01-01 00:00:00,2024-01-01
252bc613-f891-4c50-bfa2-3f54657b5c15,2023-10-21 05:56:00,2024-01-01 00:00:00,2024-01-01
75b7337f-e116-4636-ac36-fe61ed885b30,2020-01-25 05:53:00,2024-01-01 00:00:00,2024-01-01
137d4ec0-94bc-4552-ad59-f16b7a6efd21,2023-05-18 07:18:00,2024-01-01 00:00:00,2024-01-01
7fe05f0b-325e-4e03-9683-1584ee95d892,2023-05-18 13:25:00,2024-01-01 00:00:00,2024-01-01
62e1d3cc-9eb7-4f34-8ae1-35b34d1f7fc9,2022-02-28 01:26:00,2024-01-01 00:00:00,2024-01-01
52e4d0f2-f61f-47b1-90f9-cfa43836e7eb,2022-06-28 00:35:00,2024-01-01 00:00:00,2024-01-01
06bdb1fb-5584-44c3-b60e-ba9d730a9ff5,2021-08-26 12:40:00,2024-01-01 00:00:00,2024-01-01
2f72de34-0cd3-4c9c-ba81-55c9916a9bbf,2019-08-30 13:57:00,2024-01-01 00:00:00,2024-01-01
74131f6e-f541-48f8-b0f1-0ea715749268,2019-03-04 14:11:00,2024-01-01 00:00:00,2024-01-01
f99d828b-8cd3-4c4c-8a36-00180a02f43e,2023-03-15 09:35:00,2024-01-01 00:00:00,2024-01-01
0d2eb9ad-40d8-4bcc-b97e-f4188da258d5,2023-01-23 16:38:00,2024-01-01 00:00:00,2024-01-01
cdb86f12-47ce-4900-b3d0-7a1c71066282,2020-03-27 21:42:00,2024-01-01 00:00:00,2024-01-01
ab0a08c8-179f-4998-b48d-1f792d033ed8,2022-05-18 11:41:00,2024-01-01 00:00:00,2024-01-01
86e0ac77-a519-4936-bcb8-a02a31099e7b,2020-05-14 16:08:00,2024-01-01 00:00:00,2024-01-01
78c30b8e-b992-4967-b4a6-e9d7e41db299,2022-09-08 17:48:00,2024-01-01 00:00:00,2024-01-01
57fdf3e3-470d-418e-9bad-085d3bc96551,2019-02-05 09:52:00,2024-01-01 00:00:00,2024-01-01
78c30b8e-b992-4967-b4a6-e9d7e41db299,2019-01-07 11:26:00,2024-01-01 00:00:00,2024-01-01
a820e556-c90a-47c0-af29-f60ca8d22e08,2022-09-21 04:57:00,2024-01-01 00:00:00,2024-01-01
10b9b9a3-b3e2-47dc-b449-4a4592513e37,2022-11-24 19:27:00,2024-01-01 00:00:00,2024-01-01
1373f611-d6f8-457e-a107-d0d4aaab0875,2020-11-30 17:51:00,2024-01-01 00:00:00,2024-01-01
3ae4c331-afe9-42f6-86e0-16b66d7c48bf,2023-10-05 04:25:00,2024-01-01 00:00:00,2024-01-01
33a8bae8-defe-45ee-bc55-acac9865843c,2022-04-24 11:34:00,2024-01-01 00:00:00,2024-01-01
d4f537d1-f965-4b8f-a988-6937f70e11b0,2022-10-17 13:42:00,2024-01-01 00:00:00,2024-01-01
61a0ff12-d68f-4b62-afab-5178433b5f21,2020-06-28 17:24:00,2024-01-01 00:00:00,2024-01-01
ad6498b7-1091-4c58-a2a6-649cf753ffc0,2022-03-19 11:26:00,2024-01-01 00:00:00,2024-01-01
5bc5474f-e659-435e-92e4-f5bcc8af59ad,2022-07-14 06:00:00,2024-01-01 00:00:00,2024-01-01
3ef8c66a-ee03-4b70-89df-59ea55a86c3e,2022-02-24 13:06:00,2024-01-01 00:00:00,2024-01-01
8de62a84-d4d5-4cac-802c-040c252279d0,2022-10-08 21:56:00,2024-01-01 00:00:00,2024-01-01
98ecac3b-17cd-418d-b996-6a44293cb0cf,2019-10-26 06:51:00,2024-01-01 00:00:00,2024-01-01
9668a015-446f-49b9-b39f-2b220770f90d,2021-12-18 18:21:00,2024-01-01 00:00:00,2024-01-01
6f389e71-46f7-4711-9fd1-f5329424e39b,2023-03-17 08:53:00,2024-01-01 00:00:00,2024-01-01
4ea1929e-fb62-497a-b376-f1ffee3f4867,2020-01-29 08:25:00,2024-01-01 00:00:00,2024-01-01
484ab5f0-e2b0-43f1-a5d8-b17c30918446,2022-01-13 07:37:00,2024-01-01 00:00:00,2024-01-01
fc536289-9931-4b76-8e6b-d1236c0b89a3,2023-06-19 09:54:00,2024-01-01 00:00:00,2024-01-01
e3277bbf-6082-43b9-9df3-9183185ff074,2021-11-08 20:57:00,2024-01-01 00:00:00,2024-01-01
ffda0ef2-515b-45d8-b52c-cad58ac5a42d,2019-03-25 00:53:00,2024-01-01 00:00:00,2024-01-01
a8c37e51-9852-4670-bd66-3bea5c508b16,2019-12-03 07:00:00,2024-01-01 00:00:00,2024-01-01
b16811c6-e37d-4e74-b5f5-a459d02da012,2019-01-14 16:27:00,2024-01-01 00:00:00,2024-01-01
b6b0758a-4b5d-4843-a330-5ea470bd1125,2022-05-14 12:04:00,2024-01-01 00:00:00,2024-01-01
dbf64d39-3c3e-4365-8718-51e7b760c8e7,2019-04-23 12:32:00,2024-01-01 00:00:00,2024-01-01
6ce1957d-1e25-47e8-967f-4d011eab306b,2020-02-18 02:42:00,2024-01-01 00:00:00,2024-01-01
03c4c663-c9ac-4db2-a70e-b32a1d980622,2020-01-31 19:21:00,2024-01-01 00:00:00,2024-01-01
b11e4077-bcfa-4850-b6d2-e2d7fbe51752,2023-08-14 00:03:00,2024-01-01 00:00:00,2024-01-01
6fdfbdd3-a899-4c90-a087-c02bc74070b4,2019-05-16 16:03:00,2024-01-01 00:00:00,2024-01-01
241c0c69-7b36-4eac-a90b-d904e70f02dc,2022-06-07 08:05:00,2024-01-01 00:00:00,2024-01-01
6b182886-4787-4abd-b35f-1500b7b96d40,2020-08-23 19:04:00,2024-01-01 00:00:00,2024-01-01
114ae6a7-6e2d-42db-95e9-a55e8eadc4d5,2023-10-23 10:03:00,2024-01-01 00:00:00,2024-01-01
630f6ee2-4357-4798-b435-386ea8a00d80,2021-07-17 05:55:00,2024-01-01 00:00:00,2024-01-01
bf5722b9-c754-45bd-a502-a5d56c8ab316,2022-07-13 06:55:00,2024-01-01 00:00:00,2024-01-01
437c8e55-9887-4067-ad65-c7077711951c,2022-04-07 14:41:00,2024-01-01 00:00:00,2024-01-01
50cf36b9-dc61-4a90-9621-0fdb28234606,2021-04-22 04:03:00,2024-01-01 00:00:00,2024-01-01
7d452a25-98d5-4e93-91d0-c5173fe7ba0b,2023-02-03 07:40:00,2024-01-01 00:00:00,2024-01-01
61a2cd98-38b4-4937-b752-267694b8ddd5,2020-07-27 00:57:00,2024-01-01 00:00:00,2024-01-01
b2a9a50e-22d8-4da8-ac0a-61182e790361,2021-10-11 14:38:00,2024-01-01 00:00:00,2024-01-01
b6b0758a-4b5d-4843-a330-5ea470bd1125,2020-07-30 05:03:00,2024-01-01 00:00:00,2024-01-01
44e549c9-2fe5-44df-8804-9d88f6092512,2023-01-02 14:56:00,2024-01-01 00:00:00,2024-01-01
72af3421-4c21-454c-ae33-5b876b8ee2d8,2019-10-14 12:48:00,2024-01-01 00:00:00,2024-01-01
e38cd76c-4edd-4fb9-9598-7e00255aa1b2,2023-11-03 21:08:00,2024-01-01 00:00:00,2024-01-01
1c6fe6e7-810f-4758-8b54-26cfebc24c0a,2022-05-06 11:01:00,2024-01-01 00:00:00,2024-01-01
33373b46-ff98-42fc-a39c-f0dcfbd5e720,2022-02-11 02:47:00,2024-01-01 00:00:00,2024-01-01
3cc55d11-2a77-4031-b604-92a025d7a129,2023-11-22 23:40:00,2024-01-01 00:00:00,2024-01-01
cb22d79c-9cd7-4ebe-a15a-6a9c3fb34123,2023-08-19 12:59:00,2024-01-01 00:00:00,2024-01-01
cbda28f9-cabb-4ef5-b3b6-8d4b48165def,2019-04-08 18:44:00,2024-01-01 00:00:00,2024-01-01
ea2cf0bb-53e1-48f6-bf8d-338ee7db84df,2022-05-17 08:01:00,2024-01-01 00:00:00,2024-01-01
4ad46ba6-0e0d-4a9f-99a0-daaf42573169,2021-03-24 16:43:00,2024-01-01 00:00:00,2024-01-01
d9fb499b-f185-4c70-b731-30f5aed515b8,2021-12-28 02:12:00,2024-01-01 00:00:00,2024-01-01
d789c5f0-4cf4-40e0-a85f-a2b3f0cfc46a,2020-02-11 14:14:00,2024-01-01 00:00:00,2024-01-01
4ad46ba6-0e0d-4a9f-99a0-daaf42573169,2019-07-02 04:59:00,2024-01-01 00:00:00,2024-01-01
0ce240aa-6ec3-42da-bb65-a50fb6b5ccc9,2020-10-05 22:59:00,2024-01-01 00:00:00,2024-01-01
d789c5f0-4cf4-40e0-a85f-a2b3f0cfc46a,2019-12-17 11:58:00,2024-01-01 00:00:00,2024-01-01
75b7337f-e116-4636-ac36-fe61ed885b30,2021-04-01 14:34:00,2024-01-01 00:00:00,2024-01-01
81b66fee-e764-4208-8777-f3ce1e86f1c7,2019-06-12 00:13:00,2024-01-01 00:00:00,2024-01-01
86e0ac77-a519-4936-bcb8-a02a31099e7b,2023-10-06 05:43:00,2024-01-01 00:00:00,2024-01-01
9ba8e8ff-bbfd-4dfb-be8f-8a129cb40913,2019-07-28 19:10:00,2024-01-01 00:00:00,2024-01-01
43ef14cc-39d6-420c-a037-ab80c0900e09,2019-01-01 03:14:00,2024-01-01 00:00:00,2024-01-01
376bf133-e199-4cba-9207-4b5fbcc0407c,2023-03-17 07:52:00,2024-01-01 00:00:00,2024-01-01
d5965ed2-3469-4be0-a17c-4ed2e376b572,2021-11-17 10:08:00,2024-01-01 00:00:00,2024-01-01
df12ed67-7c50-4007-92d4-1b779e3d741b,2021-08-15 17:36:00,2024-01-01 00:00:00,2024-01-01
6fdfbdd3-a899-4c90-a087-c02bc74070b4,2020-12-07 03:12:00,2024-01-01 00:00:00,2024-01-01
0375d747-f805-4c9e-b6ae-321d1d5aa9fa,2020-03-22 02:57:00,2024-01-01 00:00:00,2024-01-01
f0d033e3-4694-4cfb-9d77-489eed62b354,2022-09-29 09:19:00,2024-01-01 00:00:00,2024-01-01
b08e0e28-db42-4cbb-8e4a-78c0d93977d3,2020-06-25 01:46:00,2024-01-01 00:00:00,2024-01-01
8fa9fce9-f7f3-4b38-9843-15643dc064d4,2019-12-12 18:20:00,2024-01-01 00:00:00,2024-01-01
7fe05f0b-325e-4e03-9683-1584ee95d892,2019-04-08 12:18:00,2024-01-01 00:00:00,2024-01-01
d2c8ed53-35b0-4e13-9101-5afbe6be3b86,2021-11-11 03:27:00,2024-01-01 00:00:00,2024-01-01
8d6971cf-dae1-46db-836a-9e040806a36c,2020-07-18 01:15:00,2024-01-01 00:00:00,2024-01-01
d78182ff-6287-47fb-a6a1-c86862779c6a,2021-07-14 21:16:00,2024-01-01 00:00:00,2024-01-01
1f1dca18-276e-4ea7-8598-8dfa3da1bd8f,2023-08-31 12:30:00,2024-01-01 00:00:00,2024-01-01
75b7337f-e116-4636-ac36-fe61ed885b30,2021-12-30 04:57:00,2024-01-01 00:00:00,2024-01-01
5eef5951-d005-4984-b47a-d06c66199451,2021-08-06 15:42:00,2024-01-01 00:00:00,2024-01-01
f9f9c0af-5ea4-4402-98b2-b32c39f3f107,2021-11-17 05:04:00,2024-01-01 00:00:00,2024-01-01
5e2507d0-04bf-414b-9bf2-382051d882bd,2019-01-29 05:40:00,2024-01-01 00:00:00,2024-01-01
7c4a0338-8dcb-4de5-b189-da33fbef11d0,2019-07-08 15:57:00,2024-01-01 00:00:00,2024-01-01
9033db67-1d5a-4c89-9cd7-589bb022a6ee,2023-08-08 17:52:00,2024-01-01 00:00:00,2024-01-01
1f1dca18-276e-4ea7-8598-8dfa3da1bd8f,2020-01-09 20:12:00,2024-01-01 00:00:00,2024-01-01
cbc1347d-0223-4fb6-b55a-c3b440586060,2020-06-18 13:10:00,2024-01-01 00:00:00,2024-01-01
f0d033e3-4694-4cfb-9d77-489eed62b354,2022-03-18 10:47:00,2024-01-01 00:00:00,2024-01-01
3cc55d11-2a77-4031-b604-92a025d7a129,2023-08-27 23:43:00,2024-01-01 00:00:00,2024-01-01
b3673644-b02d-4f35-a2aa-0344feca4972,2022-05-27 07:48:00,2024-01-01 00:00:00,2024-01-01
f22170f9-0a9f-40c7-9f8e-6ed79578fb2c,2021-05-22 07:55:00,2024-01-01 00:00:00,2024-01-01
0fe98d5e-6974-49a2-8470-b3d3e5c12fcc,2023-08-12 07:56:00,2024-01-01 00:00:00,2024-01-01
5d52cf68-3e58-494c-9ae6-1b53dbb06462,2019-08-24 16:11:00,2024-01-01 00:00:00,2024-01-01
af768449-2096-4f00-b3a0-2f104c7c0182,2022-01-18 10:26:00,2024-01-01 00:00:00,2024-01-01
1d682a19-a17e-4493-8004-f4b703c24c69,2019-03-01 07:36:00,2024-01-01 00:00:00,2024-01-01
ecb0ecd4-6a07-4b65-bcb6-38a6b3e6f4c5,2023-03-17 23:01:00,2024-01-01 00:00:00,2024-01-01
45d7ea24-c950-49db-a864-e2d30c0d5168,2021-10-06 22:37:00,2024-01-01 00:00:00,2024-01-01
d2247290-7cf7-4b10-be45-cd182bc553e0,2022-01-20 20:27:00,2024-01-01 00:00:00,2024-01-01
af768449-2096-4f00-b3a0-2f104c7c0182,2021-04-04 03:29:00,2024-01-01 00:00:00,2024-01-01
52e4d0f2-f61f-47b1-90f9-cfa43836e7eb,2021-09-06 01:25:00,2024-01-01 00:00:00,2024-01-01
1beaa162-69db-48e2-8781-37d0903fd276,2023-10-30 15:15:00,2024-01-01 00:00:00,2024-01-01
cbc1347d-0223-4fb6-b55a-c3b440586060,2021-04-09 04:55:00,2024-01-01 00:00:00,2024-01-01
b175f2f8-ff61-4186-8f41-8390e8baa39d,2023-06-11 11:48:00,2024-01-01 00:00:00,2024-01-01
6fdfbdd3-a899-4c90-a087-c02bc74070b4,2019-01-05 17:09:00,2024-01-01 00:00:00,2024-01-01
519bfb38-3676-4d96-9ab2-edb60603b77e,2019-06-22 05:11:00,2024-01-01 00:00:00,2024-01-01
6b182886-4787-4abd-b35f-1500b7b96d40,2020-04-03 11:20:00,2024-01-01 00:00:00,2024-01-01
046f62a1-a2f7-406e-8c45-b4bab6917922,2022-10-12 02:25:00,2024-01-01 00:00:00,2024-01-01
8ee674a6-edf5-4d38-b0a6-ab650b05352f,2022-10-22 21:23:00,2024-01-01 00:00:00,2024-01-01
4ea1929e-fb62-497a-b376-f1ffee3f4867,2019-01-31 10:34:00,2024-01-01 00:00:00,2024-01-01
4ad46ba6-0e0d-4a9f-99a0-daaf42573169,2021-07-05 03:43:00,2024-01-01 00:00:00,2024-01-01
d38f3cd2-cd63-4045-82c5-930ec1485b40,2020-06-26 18:09:00,2024-01-01 00:00:00,2024-01-01
5bc5474f-e659-435e-92e4-f5bcc8af59ad,2023-02-09 16:41:00,2024-01-01 00:00:00,2024-01-01
4ad46ba6-0e0d-4a9f-99a0-daaf42573169,2023-04-27 05:04:00,2024-01-01 00:00:00,2024-01-01
4813af42-8451-4b96-83d6-7cad975e5ad2,2022-03-14 10:36:00,2024-01-01 00:00:00,2024-01-01
b11e4077-bcfa-4850-b6d2-e2d7fbe51752,2021-03-25 14:48:00,2024-01-01 00:00:00,2024-01-01
21c859a2-d57a-446d-9b51-1adcab539d9d,2022-05-01 01:35:00,2024-01-01 00:00:00,2024-01-01
0fe62ad4-3335-466e-b454-54daa2898258,2022-04-24 21:17:00,2024-01-01 00:00:00,2024-01-01
c987c1d4-4420-48d0-87bf-7d5332046300,2020-04-26 19:38:00,2024-01-01 00:00:00,2024-01-01
99efa319-16a0-466f-9da7-67892c533f4e,2022-01-14 17:55:00,2024-01-01 00:00:00,2024-01-01
2cca2c71-8879-4dd7-8c3e-2a9d62eba8e8,2019-02-03 05:08:00,2024-01-01 00:00:00,2024-01-01
cd8c1d7c-c3a1-48d0-8535-5c9fa5f5a58a,2019-03-19 10:51:00,2024-01-01 00:00:00,2024-01-01
2cca2c71-8879-4dd7-8c3e-2a9d62eba8e8,2019-03-11 19:44:00,2024-01-01 00:00:00,2024-01-01
5940ce1b-9791-4aa0-a3db-8eb776311197,2023-02-03 21:53:00,2024-01-01 00:00:00,2024-01-01
746c3efc-cf72-421d-9710-968c235f4970,2022-01-15 23:38:00,2024-01-01 00:00:00,2024-01-01
1e87b20e-fff6-4872-96d5-dec2cad2713a,2023-01-07 08:32:00,2024-01-01 00:00:00,2024-01-01
241c0c69-7b36-4eac-a90b-d904e70f02dc,2020-08-20 04:19:00,2024-01-01 00:00:00,2024-01-01
f3aecb8f-f8b9-406a-82a5-1f464e1c4e63,2022-05-25 23:39:00,2024-01-01 00:00:00,2024-01-01
428f3bea-e0ec-46fc-9e87-7911f78085c0,2021-11-14 20:04:00,2024-01-01 00:00:00,2024-01-01
ea4d27d0-037c-4927-900f-4f755cec1ab2,2022-08-18 09:22:00,2024-01-01 00:00:00,2024-01-01
e6b82e62-5bc6-4d33-9de6-4ca3413eba00,2021-07-14 17:32:00,2024-01-01 00:00:00,2024-01-01
5136c411-04fc-4c2f-ad40-bd70082eb2a4,2021-07-26 01:44:00,2024-01-01 00:00:00,2024-01-01
b2a9a50e-22d8-4da8-ac0a-61182e790361,2022-09-03 02:22:00,2024-01-01 00:00:00,2024-01-01
733feae3-11eb-45a6-9f4c-cfb082b5991c,2020-01-02 17:25:00,2024-01-01 00:00:00,2024-01-01
115fdbad-ad54-4574-a146-59585c99eea9,2021-07-05 15:12:00,2024-01-01 00:00:00,2024-01-01
0a87cbd7-da05-4d9e-893e-3d17083fb102,2022-01-09 21:11:00,2024-01-01 00:00:00,2024-01-01
23a41a82-aaeb-4cbc-a3da-56c530260b62,2019-02-23 19:28:00,2024-01-01 00:00:00,2024-01-01
43ef14cc-39d6-420c-a037-ab80c0900e09,2020-07-16 02:39:00,2024-01-01 00:00:00,2024-01-01
d2247290-7cf7-4b10-be45-cd182bc553e0,2019-05-11 20:42:00,2024-01-01 00:00:00,2024-01-01
df12ed67-7c50-4007-92d4-1b779e3d741b,2021-08-02 19:34:00,2024-01-01 00:00:00,2024-01-01
85d3b40f-036a-495f-8040-6d1775cd5db3,2021-10-05 17:09:00,2024-01-01 00:00:00,2024-01-01
c6c5cf41-f7d6-4fb3-a9e7-b0ad8c435595,2023-10-22 18:58:00,2024-01-01 00:00:00,2024-01-01
634f8b16-73b3-4736-a3cf-19823bbfe6c5,2021-06-12 15:45:00,2024-01-01 00:00:00,2024-01-01
6fee9276-03aa-45b9-b02e-e08ea008b870,2023-09-28 04:20:00,2024-01-01 00:00:00,2024-01-01
b1dc94e1-9c1e-47a0-a619-b383230402dd,2021-11-23 06:31:00,2024-01-01 00:00:00,2024-01-01
91096f25-23db-4314-bd32-4aedbc41c3ce,2023-03-16 20:34:00,2024-01-01 00:00:00,2024-01-01
af768449-2096-4f00-b3a0-2f104c7c0182,2020-10-13 16:00:00,2024-01-01 00:00:00,2024-01-01
3f5e8bfc-3258-4d11-a9ee-45d332fd0527,2021-03-27 05:43:00,2024-01-01 00:00:00,2024-01-01
79a33a0e-8539-49c7-86a5-5a9f4cc6b6da,2022-07-04 07:23:00,2024-01-01 00:00:00,2024-01-01
358cf9ef-9b97-4dc4-aabf-ea7e18ec3c24,2019-04-17 08:56:00,2024-01-01 00:00:00,2024-01-01
fa6dbc27-2b6a-4eb8-bbb5-9e5358db1290,2019-03-03 11:48:00,2024-01-01 00:00:00,2024-01-01
a8889766-c29c-428d-8e56-ebc3d569b2b5,2021-03-10 23:39:00,2024-01-01 00:00:00,2024-01-01
fa9d2712-59b1-4861-9cdc-4344e649a21a,2020-11-10 14:36:00,2024-01-01 00:00:00,2024-01-01
1373f611-d6f8-457e-a107-d0d4aaab0875,2019-03-20 21:07:00,2024-01-01 00:00:00,2024-01-01
834586db-c5c8-4589-bab4-39c974547035,2019-12-10 17:11:00,2024-01-01 00:00:00,2024-01-01
ca44b5d3-9aa4-421b-80b7-3be6127a9240,2023-05-14 10:54:00,2024-01-01 00:00:00,2024-01-01
a4e34d9b-0a0d-46a2-9d9e-c7314cb0b44c,2021-02-06 08:11:00,2024-01-01 00:00:00,2024-01-01
2a87e792-c7aa-4e6a-9a14-66a9007da535,2021-12-08 14:37:00,2024-01-01 00:00:00,2024-01-01
13d5de61-8558-4387-8ab4-347a8f505a31,2021-03-18 04:22:00,2024-01-01 00:00:00,2024-01-01
1cc7c465-4c34-47f9-bfc3-fffe059d40c5,2023-08-20 19:18:00,2024-01-01 00:00:00,2024-01-01
7bd9faf9-ba67-4110-af10-8fd6782127f8,2020-01-16 07:40:00,2024-01-01 00:00:00,2024-01-01
143f33fe-1773-4762-ba69-036c875909eb,2019-09-30 17:47:00,2024-01-01 00:00:00,2024-01-01
bb6ecc9c-2824-4092-8115-75fd5579d8e0,2022-03-25 08:50:00,2024-01-01 00:00:00,2024-01-01
8de62a84-d4d5-4cac-802c-040c252279d0,2021-03-12 07:55:00,2024-01-01 00:00:00,2024-01-01
f0d033e3-4694-4cfb-9d77-489eed62b354,2020-02-03 18:59:00,2024-01-01 00:00:00,2024-01-01
e11796eb-f388-4c9a-9e7e-46d8524a5e36,2019-07-31 12:10:00,2024-01-01 00:00:00,2024-01-01
9ba8e8ff-bbfd-4dfb-be8f-8a129cb40913,2020-06-17 21:43:00,2024-01-01 00:00:00,2024-01-01
dedc6b5e-7dd0-4412-8bbc-91e03d351549,2020-11-02 17:48:00,2024-01-01 00:00:00,2024-01-01
231bd419-685c-4a7c-86fc-f896eb986a7c,2020-11-22 15:11:00,2024-01-01 00:00:00,2024-01-01
115fdbad-ad54-4574-a146-59585c99eea9,2020-12-04 05:36:00,2024-01-01 00:00:00,2024-01-01
58d36a37-67ff-4d9b-9eaa-516f9e053ead,2019-12-18 18:14:00,2024-01-01 00:00:00,2024-01-01
e7f6d769-7279-46ba-8b63-105cef9bfd01,2023-11-14 07:21:00,2024-01-01 00:00:00,2024-01-01
20638f24-6025-4e48-9b32-1dd2a6b435bf,2021-12-20 21:23:00,2024-01-01 00:00:00,2024-01-01
04723e3e-62de-4c60-8482-d3c5544ef0d5,2019-07-29 16:06:00,2024-01-01 00:00:00,2024-01-01
15126595-ddb9-4291-9946-5b29f8108d8f,2022-02-20 12:23:00,2024-01-01 00:00:00,2024-01-01
7844313c-03fb-460d-afa6-978f8001955b,2021-01-19 20:31:00,2024-01-01 00:00:00,2024-01-01
d9fb499b-f185-4c70-b731-30f5aed515b8,2021-11-28 12:54:00,2024-01-01 00:00:00,2024-01-01
cdb86f12-47ce-4900-b3d0-7a1c71066282,2022-02-18 00:39:00,2024-01-01 00:00:00,2024-01-01
d4f28bee-2d99-477e-bed0-8afb23cc957e,2020-10-18 15:49:00,2024-01-01 00:00:00,2024-01-01
99efa319-16a0-466f-9da7-67892c533f4e,2022-10-24 08:14:00,2024-01-01 00:00:00,2024-01-01
252bc613-f891-4c50-bfa2-3f54657b5c15,2019-01-16 09:40:00,2024-01-01 00:00:00,2024-01-01
6f389e71-46f7-4711-9fd1-f5329424e39b,2022-06-30 21:57:00,2024-01-01 00:00:00,2024-01-01
030feb28-36e3-4593-8d5c-c8d42af61ec0,2021-11-15 18:04:00,2024-01-01 00:00:00,2024-01-01
161be690-7ffa-4141-bc81-80d10145e673,2023-09-01 15:38:00,2024-01-01 00:00:00,2024-01-01
f71d9c1a-d831-4d37-ad50-2080459fea83,2021-09-18 01:12:00,2024-01-01 00:00:00,2024-01-01
5e2507d0-04bf-414b-9bf2-382051d882bd,2021-12-04 22:21:00,2024-01-01 00:00:00,2024-01-01
733feae3-11eb-45a6-9f4c-cfb082b5991c,2022-04-06 08:50:00,2024-01-01 00:00:00,2024-01-01
2c6ffb96-8ed7-442d-a07e-22d72b2cc084,2019-03-19 11:13:00,2024-01-01 00:00:00,2024-01-01
2dd3fe93-4eb9-4533-a2c0-6041b3aefc7d,2021-03-18 02:20:00,2024-01-01 00:00:00,2024-01-01
a355aed8-ac55-4e68-b182-8c7c40d0f234,2020-08-24 03:20:00,2024-01-01 00:00:00,2024-01-01
6683db8b-bf0e-4904-a49d-c15c6cda38c7,2023-08-22 06:06:00,2024-01-01 00:00:00,2024-01-01
fb196124-3f62-4741-8b92-6d48e5001c61,2020-03-19 05:23:00,2024-01-01 00:00:00,2024-01-01
2cec8b9d-688b-4f35-9994-67758a1c216d,2022-06-22 06:52:00,2024-01-01 00:00:00,2024-01-01
fa0c82c7-6c7a-4683-9364-4dae45bfa07e,2021-05-09 23:54:00,2024-01-01 00:00:00,2024-01-01
c5b60773-230d-452a-a448-54789e68efc7,2021-12-10 07:51:00,2024-01-01 00:00:00,2024-01-01
0375d747-f805-4c9e-b6ae-321d1d5aa9fa,2021-05-22 10:02:00,2024-01-01 00:00:00,2024-01-01
b593d8ce-bfc5-49d2-b748-7f420e2ce0e0,2019-02-02 19:17:00,2024-01-01 00:00:00,2024-01-01
484ab5f0-e2b0-43f1-a5d8-b17c30918446,2023-09-30 22:55:00,2024-01-01 00:00:00,2024-01-01
26a8ea3c-d6d3-417b-b4e9-4ad78e3d2c43,2022-08-10 03:18:00,2024-01-01 00:00:00,2024-01-01
79a33a0e-8539-49c7-86a5-5a9f4cc6b6da,2023-04-26 02:02:00,2024-01-01 00:00:00,2024-01-01
758a772e-8c09-4f3a-8a41-7c5eb26a6110,2023-05-09 05:29:00,2024-01-01 00:00:00,2024-01-01
44444b0d-5b0a-407c-a8be-8eef20b13052,2021-02-23 16:07:00,2024-01-01 00:00:00,2024-01-01
4f37f760-e528-4e48-bb95-14c54d9a2102,2022-11-26 16:30:00,2024-01-01 00:00:00,2024-01-01
7bb3ebad-db7d-4fa2-af39-7c8d05d05501,2022-02-23 19:46:00,2024-01-01 00:00:00,2024-01-01
fe8bb556-5df3-47c7-899d-9940e9d02faa,2023-09-06 15:00:00,2024-01-01 00:00:00,2024-01-01
bd5fa77c-f04c-4a4f-991f-e0fdda1d5c15,2020-07-10 04:15:00,2024-01-01 00:00:00,2024-01-01
1ec056da-114f-4842-af22-25ee69039a38,2023-09-26 16:35:00,2024-01-01 00:00:00,2024-01-01
98ecac3b-17cd-418d-b996-6a44293cb0cf,2023-10-21 11:25:00,2024-01-01 00:00:00,2024-01-01
5203a9a4-29dc-4a72-a571-35129e619f51,2019-11-30 04:59:00,2024-01-01 00:00:00,2024-01-01
d200bcbf-2a8f-48d4-9253-7997795d92cf,2020-11-08 13:26:00,2024-01-01 00:00:00,2024-01-01
6dda7226-673e-4822-b3ad-d1bc40f0d79d,2019-04-30 10:55:00,2024-01-01 00:00:00,2024-01-01
b6cb65d6-dc7d-406e-ad55-6d07d36e2845,2023-05-02 16:26:00,2024-01-01 00:00:00,2024-01-01
4d99c5c8-5bae-49f8-b001-1b9bc6a9e592,2023-06-11 14:34:00,2024-01-01 00:00:00,2024-01-01
834586db-c5c8-4589-bab4-39c974547035,2021-06-24 09:55:00,2024-01-01 00:00:00,2024-01-01
1c6fe6e7-810f-4758-8b54-26cfebc24c0a,2019-12-10 15:45:00,2024-01-01 00:00:00,2024-01-01
9d0a07e7-7cad-4b11-b098-c63cd83d86cc,2020-11-22 10:47:00,2024-01-01 00:00:00,2024-01-01
834586db-c5c8-4589-bab4-39c974547035,2022-10-02 17:40:00,2024-01-01 00:00:00,2024-01-01
b5b9805f-a92e-43b2-88b9-2985519a4d52,2020-11-26 18:27:00,2024-01-01 00:00:00,2024-01-01
0a463b2e-0bf0-44b2-97ba-21ffe5dbeb0e,2021-01-14 10:50:00,2024-01-01 00:00:00,2024-01-01
62638dba-59a8-4de4-b3df-06501e2a7309,2022-12-30 19:18:00,2024-01-01 00:00:00,2024-01-01
0fda5757-e968-416c-b349-cf15167f3425,2019-12-31 04:19:00,2024-01-01 00:00:00,2024-01-01
c46055ff-a101-4e7c-b06d-5750fe2694b1,2022-06-12 03:05:00,2024-01-01 00:00:00,2024-01-01
1e87b20e-fff6-4872-96d5-dec2cad2713a,2023-07-22 13:21:00,2024-01-01 00:00:00,2024-01-01
d30e8550-6c98-4111-9929-897b013e7490,2019-02-22 00:56:00,2024-01-01 00:00:00,2024-01-01
8c9c9dbe-e89c-4845-932b-7aff6ac30a0a,2019-03-22 04:51:00,2024-01-01 00:00:00,2024-01-01
d1af5b5f-9803-4859-82ba-f9a6eacbf0fc,2020-09-20 20:14:00,2024-01-01 00:00:00,2024-01-01
241c0c69-7b36-4eac-a90b-d904e70f02dc,2022-04-15 07:04:00,2024-01-01 00:00:00,2024-01-01
fe8bb556-5df3-47c7-899d-9940e9d02faa,2020-04-29 20:56:00,2024-01-01 00:00:00,2024-01-01
87eb74a2-719a-4a03-ac6b-524726e2d944,2023-08-19 03:51:00,2024-01-01 00:00:00,2024-01-01
eb7961b1-90ae-4c49-82a5-98b0cc745af4,2020-10-29 10:04:00,2024-01-01 00:00:00,2024-01-01
44b9217b-12d0-4bb7-a1f5-f0f1a527ebad,2020-03-02 10:21:00,2024-01-01 00:00:00,2024-01-01
4f9e3d13-9d52-4a48-ae3e-11f1955e8564,2021-09-11 16:13:00,2024-01-01 00:00:00,2024-01-01
08846e86-3d8e-4c3e-af1b-1665cf209d9f,2022-07-21 13:35:00,2024-01-01 00:00:00,2024-01-01
5cf3434d-e976-456e-a951-cad2c805a9ec,2023-02-20 21:06:00,2024-01-01 00:00:00,2024-01-01
716a916c-81b3-4c8d-94e4-b2c24224dcd3,2020-08-04 09:54:00,2024-01-01 00:00:00,2024-01-01
2b81f86a-6ae7-4e1b-91ea-e58171ab6d45,2021-11-30 19:24:00,2024-01-01 00:00:00,2024-01-01
79001d4d-d695-492b-b3a9-4fd78d066ddc,2021-03-01 19:45:00,2024-01-01 00:00:00,2024-01-01
677cca13-3dce-4b8b-83ea-16b376ad043a,2021-10-01 15:54:00,2024-01-01 00:00:00,2024-01-01
4ad46ba6-0e0d-4a9f-99a0-daaf42573169,2022-11-14 07:27:00,2024-01-01 00:00:00,2024-01-01
86e0ac77-a519-4936-bcb8-a02a31099e7b,2021-07-08 20:50:00,2024-01-01 00:00:00,2024-01-01
d2247290-7cf7-4b10-be45-cd182bc553e0,2021-06-22 09:41:00,2024-01-01 00:00:00,2024-01-01
484ab5f0-e2b0-43f1-a5d8-b17c30918446,2021-04-26 23:00:00,2024-01-01 00:00:00,2024-01-01
a4412d03-cb82-463c-8298-df6ca976c324,2019-09-23 16:47:00,2024-01-01 00:00:00,2024-01-01
c5c7407c-e106-4782-bf24-d20acbd08956,2022-12-12 11:18:00,2024-01-01 00:00:00,2024-01-01
437c8e55-9887-4067-ad65-c7077711951c,2020-03-04 02:33:00,2024-01-01 00:00:00,2024-01-01
22396224-bed7-4623-aa8e-286ce43cea68,2020-03-23 05:45:00,2024-01-01 00:00:00,2024-01-01
137d4ec0-94bc-4552-ad59-f16b7a6efd21,2022-01-17 03:47:00,2024-01-01 00:00:00,2024-01-01
00a0efc8-6053-489f-be9b-2c105c9904d8,2019-10-01 02:08:00,2024-01-01 00:00:00,2024-01-01
ffaccd1e-794d-4d92-bbaf-a9d8ff556c88,2020-02-14 04:56:00,2024-01-01 00:00:00,2024-01-01
bd2d0caf-ea73-48cb-b440-8e605014b711,2023-09-19 00:40:00,2024-01-01 00:00:00,2024-01-01
c6c5cf41-f7d6-4fb3-a9e7-b0ad8c435595,2020-09-16 02:03:00,2024-01-01 00:00:00,2024-01-01
951a9f55-1058-4bd9-954d-043e088ec276,2021-02-11 00:56:00,2024-01-01 00:00:00,2024-01-01
4c2a4da0-f880-4031-b5e6-f907f463f170,2019-07-04 07:26:00,2024-01-01 00:00:00,2024-01-01
d80fe7d5-83ae-4413-8c4a-0e4285fd0bfe,2020-06-21 05:13:00,2024-01-01 00:00:00,2024-01-01
428f3bea-e0ec-46fc-9e87-7911f78085c0,2023-01-09 14:22:00,2024-01-01 00:00:00,2024-01-01
a7875516-191c-433a-9d0a-e42a3e3ed6db,2019-02-19 05:49:00,2024-01-01 00:00:00,2024-01-01
58d36a37-67ff-4d9b-9eaa-516f9e053ead,2021-08-23 16:45:00,2024-01-01 00:00:00,2024-01-01
4243d1f7-0737-43e0-a170-78a6314dc76f,2019-06-28 14:11:00,2024-01-01 00:00:00,2024-01-01
10e1907a-c902-42ac-b0e9-ab6bf2f0c62e,2023-05-31 11:30:00,2024-01-01 00:00:00,2024-01-01
315b8757-9504-4390-b0fc-071c5fca4539,2021-08-08 08:47:00,2024-01-01 00:00:00,2024-01-01
dfaaba4e-0c3f-4aef-8f0b-a42d7ee6570b,2021-01-13 20:17:00,2024-01-01 00:00:00,2024-01-01
d30e8550-6c98-4111-9929-897b013e7490,2021-09-17 12:09:00,2024-01-01 00:00:00,2024-01-01
28bb2c40-3d13-41a8-8b00-f3b3855cfc8f,2023-11-02 01:20:00,2024-01-01 00:00:00,2024-01-01
412d6b46-5df7-4846-b579-6afbac9ecb1e,2019-10-19 02:32:00,2024-01-01 00:00:00,2024-01-01
4ea1929e-fb62-497a-b376-f1ffee3f4867,2023-07-31 21:47:00,2024-01-01 00:00:00,2024-01-01
a8889766-c29c-428d-8e56-ebc3d569b2b5,2021-07-17 21:35:00,2024-01-01 00:00:00,2024-01-01
fb196124-3f62-4741-8b92-6d48e5001c61,2020-05-08 03:25:00,2024-01-01 00:00:00,2024-01-01
651b093f-80ef-411a-997f-1ce733236f43,2019-04-19 05:45:00,2024-01-01 00:00:00,2024-01-01
b593d8ce-bfc5-49d2-b748-7f420e2ce0e0,2021-06-19 03:41:00,2024-01-01 00:00:00,2024-01-01
c60084f3-f963-4262-b773-fd8f12808239,2021-08-18 02:29:00,2024-01-01 00:00:00,2024-01-01
f99d828b-8cd3-4c4c-8a36-00180a02f43e,2022-11-08 06:28:00,2024-01-01 00:00:00,2024-01-01
2b55163c-c8c3-4a9f-ad5a-0948e83fe97e,2023-06-01 23:13:00,2024-01-01 00:00:00,2024-01-01
1c2fd5bb-080f-4561-b29d-68f1d2290128,2022-03-02 18:11:00,2024-01-01 00:00:00,2024-01-01
0d881a76-5b77-46a0-b263-b852fb91039c,2023-09-12 00:20:00,2024-01-01 00:00:00,2024-01-01
fa1d0eea-c721-4047-9738-8c67a6a0bccd,2020-01-08 04:36:00,2024-01-01 00:00:00,2024-01-01
0be28c25-0327-4f80-8046-0eaeb54d8a11,2022-03-06 19:13:00,2024-01-01 00:00:00,2024-01-01
e38cd76c-4edd-4fb9-9598-7e00255aa1b2,2023-02-26 05:06:00,2024-01-01 00:00:00,2024-01-01
29b81039-f7fe-44d4-b9ae-e43004eff257,2023-02-09 10:42:00,2024-01-01 00:00:00,2024-01-01
bf8c7d28-d8c1-496a-b37a-aa3a224942d3,2023-10-15 02:40:00,2024-01-01 00:00:00,2024-01-01
733feae3-11eb-45a6-9f4c-cfb082b5991c,2020-09-12 17:35:00,2024-01-01 00:00:00,2024-01-01
2db30c78-fe47-4ff9-85ab-6216a35a122f,2019-10-22 05:20:00,2024-01-01 00:00:00,2024-01-01
c2a105a4-8173-4003-8b19-f4ab166c39ed,2022-08-30 22:15:00,2024-01-01 00:00:00,2024-01-01
b1dc94e1-9c1e-47a0-a619-b383230402dd,2023-06-05 17:13:00,2024-01-01 00:00:00,2024-01-01
61094253-0645-4e3a-8425-6747dd857e20,2020-10-17 09:17:00,2024-01-01 00:00:00,2024-01-01
99a2b8b6-7876-4a84-b9fe-9a64c99038d8,2021-05-05 15:46:00,2024-01-01 00:00:00,2024-01-01
81b66fee-e764-4208-8777-f3ce1e86f1c7,2022-08-13 23:47:00,2024-01-01 00:00:00,2024-01-01
484edafb-7818-402b-b84e-70c477977155,2021-10-06 05:51:00,2024-01-01 00:00:00,2024-01-01
4aecf02f-9b92-4c53-afa4-894c91bd5887,2021-03-16 07:01:00,2024-01-01 00:00:00,2024-01-01
95785e11-a66e-4435-b080-1c3444822f98,2022-03-15 08:55:00,2024-01-01 00:00:00,2024-01-01
b1dc94e1-9c1e-47a0-a619-b383230402dd,2020-06-03 15:39:00,2024-01-01 00:00:00,2024-01-01
72af3421-4c21-454c-ae33-5b876b8ee2d8,2023-01-05 03:11:00,2024-01-01 00:00:00,2024-01-01
f5b4dc98-7753-440c-be2a-728e530730d0,2021-07-04 18:28:00,2024-01-01 00:00:00,2024-01-01
dedc6b5e-7dd0-4412-8bbc-91e03d351549,2019-01-06 18:11:00,2024-01-01 00:00:00,2024-01-01
9bddb06a-1019-4e75-a10a-17b93e8b5b42,2021-06-20 05:03:00,2024-01-01 00:00:00,2024-01-01
6fefc024-07d9-4a86-ac9b-699fd27b6e4c,2020-11-09 21:57:00,2024-01-01 00:00:00,2024-01-01
71e26478-1b8b-42c6-9d73-9790ed1ca341,2022-05-05 16:58:00,2024-01-01 00:00:00,2024-01-01
d2247290-7cf7-4b10-be45-cd182bc553e0,2021-10-16 03:13:00,2024-01-01 00:00:00,2024-01-01
f004475d-46db-455f-979c-165786d0d6df,2021-10-01 10:08:00,2024-01-01 00:00:00,2024-01-01
2cca2c71-8879-4dd7-8c3e-2a9d62eba8e8,2022-04-01 17:58:00,2024-01-01 00:00:00,2024-01-01
7202611c-9b89-4c04-b67a-ffc76837fecb,2021-11-28 04:09:00,2024-01-01 00:00:00,2024-01-01
6c39ea13-ac4e-4ce2-84a6-5801fdce5481,2019-02-27 21:48:00,2024-01-01 00:00:00,2024-01-01
e4b2d4dd-f0bf-4bc7-9aad-ea4f57989680,2019-07-21 11:25:00,2024-01-01 00:00:00,2024-01-01
bf743547-e02b-423f-b740-ac35621649bf,2023-02-02 23:55:00,2024-01-01 00:00:00,2024-01-01
4f6d1a01-7440-40a4-991d-9896724ec71c,2019-04-22 06:11:00,2024-01-01 00:00:00,2024-01-01
87eb74a2-719a-4a03-ac6b-524726e2d944,2019-03-19 01:16:00,2024-01-01 00:00:00,2024-01-01
428f3bea-e0ec-46fc-9e87-7911f78085c0,2023-04-08 15:38:00,2024-01-01 00:00:00,2024-01-01
399f88ee-c3c2-4945-853e-1941dee550ef,2023-07-19 21:56:00,2024-01-01 00:00:00,2024-01-01
cbc1347d-0223-4fb6-b55a-c3b440586060,2021-08-11 16:32:00,2024-01-01 00:00:00,2024-01-01
cddb1832-8422-4468-ad72-0b4a782f2278,2023-11-04 14:22:00,2024-01-01 00:00:00,2024-01-01
39557251-e8db-4f82-99c2-0398d4f9b371,2022-11-01 22:47:00,2024-01-01 00:00:00,2024-01-01
4f91f983-e901-4362-835d-b5d846345052,2023-01-18 11:42:00,2024-01-01 00:00:00,2024-01-01
ac9c7b65-1f4c-49ab-98f7-497cc59418a5,2021-11-19 05:15:00,2024-01-01 00:00:00,2024-01-01
0fe62ad4-3335-466e-b454-54daa2898258,2022-07-29 12:59:00,2024-01-01 00:00:00,2024-01-01
33373b46-ff98-42fc-a39c-f0dcfbd5e720,2019-05-05 01:12:00,2024-01-01 00:00:00,2024-01-01
82bb5172-cd94-4a25-aca8-42681ed0ca0e,2019-02-05 09:15:00,2024-01-01 00:00:00,2024-01-01
bd2d0caf-ea73-48cb-b440-8e605014b711,2021-03-05 02:52:00,2024-01-01 00:00:00,2024-01-01
ffda0ef2-515b-45d8-b52c-cad58ac5a42d,2022-03-18 18:20:00,2024-01-01 00:00:00,2024-01-01
2e4e0d6e-9e7c-4a8a-929d-e5a748af17d4,2019-08-13 02:22:00,2024-01-01 00:00:00,2024-01-01
725be64e-ff35-41a3-86cc-b701274c1867,2023-09-07 05:13:00,2024-01-01 00:00:00,2024-01-01
c240c790-3b92-4d03-8e5e-1337dc1f1358,2023-11-21 18:57:00,2024-01-01 00:00:00,2024-01-01
61a0ff12-d68f-4b62-afab-5178433b5f21,2023-11-12 00:49:00,2024-01-01 00:00:00,2024-01-01
3f5e8bfc-3258-4d11-a9ee-45d332fd0527,2019-11-02 18:10:00,2024-01-01 00:00:00,2024-01-01
0d881a76-5b77-46a0-b263-b852fb91039c,2023-05-15 23:37:00,2024-01-01 00:00:00,2024-01-01
9d98cbe1-4927-4e24-9153-1884433a2af6,2023-03-15 21:01:00,2024-01-01 00:00:00,2024-01-01
716a916c-81b3-4c8d-94e4-b2c24224dcd3,2019-07-09 06:30:00,2024-01-01 00:00:00,2024-01-01
7dc7578d-6c47-49be-92dd-63a8e617233c,2020-07-21 23:32:00,2024-01-01 00:00:00,2024-01-01
390cb769-6de3-4ad2-a51d-c5a1c0bd5859,2020-01-30 19:52:00,2024-01-01 00:00:00,2024-01-01
c46055ff-a101-4e7c-b06d-5750fe2694b1,2020-02-07 00:36:00,2024-01-01 00:00:00,2024-01-01
66784518-e5fa-42c4-83ff-8b12e93c6b3d,2021-05-01 02:13:00,2024-01-01 00:00:00,2024-01-01
b08e0e28-db42-4cbb-8e4a-78c0d93977d3,2022-11-07 15:05:00,2024-01-01 00:00:00,2024-01-01
06469e1b-9c8d-4e4e-9c14-e69b211f5475,2022-05-31 03:09:00,2024-01-01 00:00:00,2024-01-01
ed6c27f0-06b8-4e66-b130-c2c4aa6c9376,2021-03-25 20:09:00,2024-01-01 00:00:00,2024-01-01
6a01d889-b776-4f27-8221-299b8d06dc27,2023-02-07 03:13:00,2024-01-01 00:00:00,2024-01-01
a820e556-c90a-47c0-af29-f60ca8d22e08,2019-11-19 21:59:00,2024-01-01 00:00:00,2024-01-01
b593d8ce-bfc5-49d2-b748-7f420e2ce0e0,2022-12-05 14:26:00,2024-01-01 00:00:00,2024-01-01
07516eff-8e29-411e-b392-afaaee9016e6,2021-08-13 21:08:00,2024-01-01 00:00:00,2024-01-01
4b860dbb-3b9b-4e1f-8986-5f12d4f67aae,2019-04-20 19:49:00,2024-01-01 00:00:00,2024-01-01
a05f046b-dbbf-4c3a-8381-3696ddecc5ca,2023-03-08 02:07:00,2024-01-01 00:00:00,2024-01-01
a8889766-c29c-428d-8e56-ebc3d569b2b5,2019-08-19 12:06:00,2024-01-01 00:00:00,2024-01-01
c0d8692a-0e8c-43dc-9470-88c60fa6f487,2019-09-23 05:02:00,2024-01-01 00:00:00,2024-01-01
412d6b46-5df7-4846-b579-6afbac9ecb1e,2019-09-05 23:02:00,2024-01-01 00:00:00,2024-01-01
d30e8550-6c98-4111-9929-897b013e7490,2021-07-03 23:21:00,2024-01-01 00:00:00,2024-01-01
ca4392e8-1de6-42bc-bcf6-5b94993d86c1,2022-09-17 16:48:00,2024-01-01 00:00:00,2024-01-01
1c02b15f-4616-4216-9b54-4c62a27c1ae9,2021-06-15 07:12:00,2024-01-01 00:00:00,2024-01-01
ca44b5d3-9aa4-421b-80b7-3be6127a9240,2022-06-29 23:13:00,2024-01-01 00:00:00,2024-01-01
ddc37b46-61eb-46d4-ab20-d0103947c438,2019-03-17 18:12:00,2024-01-01 00:00:00,2024-01-01
43ef14cc-39d6-420c-a037-ab80c0900e09,2021-06-02 10:13:00,2024-01-01 00:00:00,2024-01-01
80ea4b1f-ac5d-4950-a3b0-0c2e9adf5140,2022-01-03 21:11:00,2024-01-01 00:00:00,2024-01-01
db32566f-74bd-466c-9ba7-ec9f5a3b3877,2021-07-21 21:51:00,2024-01-01 00:00:00,2024-01-01
4ea1929e-fb62-497a-b376-f1ffee3f4867,2020-09-09 16:06:00,2024-01-01 00:00:00,2024-01-01
54c56d27-12b3-41fc-858b-e92641bf13e1,2019-11-03 09:11:00,2024-01-01 00:00:00,2024-01-01
4da46ed5-9d9c-480d-aa47-7d43bc9c09fb,2019-07-25 09:01:00,2024-01-01 00:00:00,2024-01-01
d200bcbf-2a8f-48d4-9253-7997795d92cf,2023-06-06 21:25:00,2024-01-01 00:00:00,2024-01-01
2b81f86a-6ae7-4e1b-91ea-e58171ab6d45,2022-07-04 04:59:00,2024-01-01 00:00:00,2024-01-01
9eee11d9-1e54-4d27-97a8-725f02ae7950,2020-11-21 00:36:00,2024-01-01 00:00:00,2024-01-01
6683db8b-bf0e-4904-a49d-c15c6cda38c7,2022-09-23 04:09:00,2024-01-01 00:00:00,2024-01-01
54ffe43a-ee72-49cf-9b9e-5ced527f8632,2022-05-06 12:08:00,2024-01-01 00:00:00,2024-01-01
62638dba-59a8-4de4-b3df-06501e2a7309,2019-02-05 18:12:00,2024-01-01 00:00:00,2024-01-01
bb6ecc9c-2824-4092-8115-75fd5579d8e0,2022-12-05 11:22:00,2024-01-01 00:00:00,2024-01-01
43ef14cc-39d6-420c-a037-ab80c0900e09,2023-01-17 02:51:00,2024-01-01 00:00:00,2024-01-01
1e043933-16fd-4566-b3cf-d3e2375294aa,2023-02-28 20:00:00,2024-01-01 00:00:00,2024-01-01
698c485c-a3d2-4d4e-a084-fb3988b3d986,2023-07-08 06:45:00,2024-01-01 00:00:00,2024-01-01
cddb1832-8422-4468-ad72-0b4a782f2278,2022-09-27 19:22:00,2024-01-01 00:00:00,2024-01-01
430db7a5-b9a0-4d5b-8b89-1fac2d3c6a09,2019-09-20 22:37:00,2024-01-01 00:00:00,2024-01-01
ce0b6f95-c730-496a-a07a-8384d42befb9,2021-10-13 00:49:00,2024-01-01 00:00:00,2024-01-01
5940ce1b-9791-4aa0-a3db-8eb776311197,2019-07-19 14:07:00,2024-01-01 00:00:00,2024-01-01
eea3d3c5-98b7-4022-b15a-0ec60a4b70ea,2019-10-18 06:27:00,2024-01-01 00:00:00,2024-01-01
651b093f-80ef-411a-997f-1ce733236f43,2021-01-05 10:34:00,2024-01-01 00:00:00,2024-01-01
9cd072bf-530a-47fc-8e8f-2f08787a39bb,2021-01-20 09:48:00,2024-01-01 00:00:00,2024-01-01
1ae0421e-b20f-4a4e-bb4a-8c5a792fae42,2019-09-24 00:16:00,2024-01-01 00:00:00,2024-01-01
0290b7ee-629b-4270-a398-a4e1e05c6e17,2019-06-03 23:49:00,2024-01-01 00:00:00,2024-01-01
7844313c-03fb-460d-afa6-978f8001955b,2019-11-16 04:30:00,2024-01-01 00:00:00,2024-01-01
376bf133-e199-4cba-9207-4b5fbcc0407c,2019-04-21 03:23:00,2024-01-01 00:00:00,2024-01-01
cbda28f9-cabb-4ef5-b3b6-8d4b48165def,2022-06-11 15:14:00,2024-01-01 00:00:00,2024-01-01
df12ed67-7c50-4007-92d4-1b779e3d741b,2022-02-15 08:03:00,2024-01-01 00:00:00,2024-01-01
7c370196-e467-4102-be70-deb73cbca2c3,2019-12-07 19:03:00,2024-01-01 00:00:00,2024-01-01
d2247290-7cf7-4b10-be45-cd182bc553e0,2021-06-26 23:05:00,2024-01-01 00:00:00,2024-01-01
29b81039-f7fe-44d4-b9ae-e43004eff257,2021-06-02 18:01:00,2024-01-01 00:00:00,2024-01-01
0d2eb9ad-40d8-4bcc-b97e-f4188da258d5,2021-04-24 04:08:00,2024-01-01 00:00:00,2024-01-01
2922af86-2997-4537-8609-bf9b9c5f81c3,2023-10-28 16:41:00,2024-01-01 00:00:00,2024-01-01
87b5811c-faba-405f-ba49-e330d366173c,2019-08-08 10:16:00,2024-01-01 00:00:00,2024-01-01
046f62a1-a2f7-406e-8c45-b4bab6917922,2023-11-05 21:40:00,2024-01-01 00:00:00,2024-01-01
60a84bb9-9c76-4b64-ab1d-16dd31b94625,2022-08-07 07:44:00,2024-01-01 00:00:00,2024-01-01
f22170f9-0a9f-40c7-9f8e-6ed79578fb2c,2022-12-25 09:02:00,2024-01-01 00:00:00,2024-01-01
7bb3ebad-db7d-4fa2-af39-7c8d05d05501,2020-05-26 03:01:00,2024-01-01 00:00:00,2024-01-01
0f115cef-22dd-491e-bfcd-50da19e6280b,2022-06-15 12:31:00,2024-01-01 00:00:00,2024-01-01
81e9a5ae-2a60-4430-ba07-8f13d1315b73,2022-03-01 20:28:00,2024-01-01 00:00:00,2024-01-01
376bf133-e199-4cba-9207-4b5fbcc0407c,2021-01-24 09:39:00,2024-01-01 00:00:00,2024-01-01
018c7220-47ac-4839-a4d7-f8d59199bd91,2019-05-13 14:37:00,2024-01-01 00:00:00,2024-01-01
430db7a5-b9a0-4d5b-8b89-1fac2d3c6a09,2022-10-18 11:23:00,2024-01-01 00:00:00,2024-01-01
a53c3d45-a019-4f33-b39c-30fbbce4ad38,2020-08-06 05:15:00,2024-01-01 00:00:00,2024-01-01
13ef26fb-028c-4b96-bd33-23545fd49368,2020-05-29 03:08:00,2024-01-01 00:00:00,2024-01-01
a57ccce5-4849-48fc-bdfa-0c5932580ebc,2023-09-10 08:29:00,2024-01-01 00:00:00,2024-01-01
1cc9d468-4898-4575-9b28-0d959c1aa2eb,2021-06-08 03:02:00,2024-01-01 00:00:00,2024-01-01
7bb3ebad-db7d-4fa2-af39-7c8d05d05501,2022-02-10 03:51:00,2024-01-01 00:00:00,2024-01-01
1ec056da-114f-4842-af22-25ee69039a38,2023-05-24 03:02:00,2024-01-01 00:00:00,2024-01-01
7844313c-03fb-460d-afa6-978f8001955b,2020-02-29 23:50:00,2024-01-01 00:00:00,2024-01-01
428f3bea-e0ec-46fc-9e87-7911f78085c0,2021-04-24 07:06:00,2024-01-01 00:00:00,2024-01-01
f683fafe-1a26-478a-9f5a-38aae47e84b4,2021-07-09 08:48:00,2024-01-01 00:00:00,2024-01-01
d80fe7d5-83ae-4413-8c4a-0e4285fd0bfe,2019-07-04 05:27:00,2024-01-01 00:00:00,2024-01-01
8c9c9dbe-e89c-4845-932b-7aff6ac30a0a,2021-11-23 17:00:00,2024-01-01 00:00:00,2024-01-01
c5b60773-230d-452a-a448-54789e68efc7,2021-11-24 23:42:00,2024-01-01 00:00:00,2024-01-01
0375d747-f805-4c9e-b6ae-321d1d5aa9fa,2021-01-20 03:09:00,2024-01-01 00:00:00,2024-01-01
1373f611-d6f8-457e-a107-d0d4aaab0875,2022-04-28 23:06:00,2024-01-01 00:00:00,2024-01-01
4f91f983-e901-4362-835d-b5d846345052,2020-12-02 01:29:00,2024-01-01 00:00:00,2024-01-01
13d5de61-8558-4387-8ab4-347a8f505a31,2019-06-22 16:02:00,2024-01-01 00:00:00,2024-01-01
615ffa91-48ae-4b3a-a7a9-5ee15361893e,2021-04-16 03:15:00,2024-01-01 00:00:00,2024-01-01
07e5b557-841f-4555-ae9d-a926caafb32a,2019-04-21 22:14:00,2024-01-01 00:00:00,2024-01-01
9ba8e8ff-bbfd-4dfb-be8f-8a129cb40913,2020-11-11 01:52:00,2024-01-01 00:00:00,2024-01-01
99efa319-16a0-466f-9da7-67892c533f4e,2023-11-18 11:33:00,2024-01-01 00:00:00,2024-01-01
3cc55d11-2a77-4031-b604-92a025d7a129,2020-07-18 09:12:00,2024-01-01 00:00:00,2024-01-01
335d903c-2372-4e99-b9c5-172e53c7182e,2023-06-29 05:07:00,2024-01-01 00:00:00,2024-01-01
13d5de61-8558-4387-8ab4-347a8f505a31,2022-12-12 00:01:00,2024-01-01 00:00:00,2024-01-01
fcbc4199-ac99-41ff-975b-5c8ff7e2531d,2022-03-03 05:22:00,2024-01-01 00:00:00,2024-01-01
9eee11d9-1e54-4d27-97a8-725f02ae7950,2021-12-24 16:43:00,2024-01-01 00:00:00,2024-01-01
55f0a218-16b9-4fe7-9689-7a69abe78aed,2020-12-28 13:45:00,2024-01-01 00:00:00,2024-01-01
e165c6ad-0881-461f-a326-0bedc06fdac0,2021-05-29 08:31:00,2024-01-01 00:00:00,2024-01-01
d78182ff-6287-47fb-a6a1-c86862779c6a,2019-03-02 03:35:00,2024-01-01 00:00:00,2024-01-01
95785e11-a66e-4435-b080-1c3444822f98,2019-01-12 06:42:00,2024-01-01 00:00:00,2024-01-01
725be64e-ff35-41a3-86cc-b701274c1867,2023-07-04 06:38:00,2024-01-01 00:00:00,2024-01-01
a9032709-b02e-4e5e-ab7b-084c49a7cb9f,2021-04-04 14:59:00,2024-01-01 00:00:00,2024-01-01
a8ca0ebc-9b7f-4d34-8d04-2fc582139c8f,2020-06-04 13:56:00,2024-01-01 00:00:00,2024-01-01
1e805732-e82c-4bc1-bfa4-a10ef655b2ab,2021-03-17 04:05:00,2024-01-01 00:00:00,2024-01-01
bf8c7d28-d8c1-496a-b37a-aa3a224942d3,2020-12-24 02:33:00,2024-01-01 00:00:00,2024-01-01
8de62a84-d4d5-4cac-802c-040c252279d0,2020-05-07 04:44:00,2024-01-01 00:00:00,2024-01-01
fa0c82c7-6c7a-4683-9364-4dae45bfa07e,2023-10-15 00:02:00,2024-01-01 00:00:00,2024-01-01
1f459003-3d70-4f02-af53-834af6494977,2019-04-28 12:26:00,2024-01-01 00:00:00,2024-01-01
47a65899-78bd-48cb-9e37-fc6c234729ae,2021-05-21 09:21:00,2024-01-01 00:00:00,2024-01-01
9033db67-1d5a-4c89-9cd7-589bb022a6ee,2022-07-07 00:48:00,2024-01-01 00:00:00,2024-01-01
0a463b2e-0bf0-44b2-97ba-21ffe5dbeb0e,2019-05-19 03:03:00,2024-01-01 00:00:00,2024-01-01
9033db67-1d5a-4c89-9cd7-589bb022a6ee,2021-07-04 15:42:00,2024-01-01 00:00:00,2024-01-01
3ae9f732-b116-4e20-82d6-791f4680f3da,2021-08-15 08:02:00,2024-01-01 00:00:00,2024-01-01
4d87cbaa-bcd0-464a-9fcb-d81df4a1d9c8,2019-02-10 20:16:00,2024-01-01 00:00:00,2024-01-01
733feae3-11eb-45a6-9f4c-cfb082b5991c,2022-04-14 17:49:00,2024-01-01 00:00:00,2024-01-01
ea2cf0bb-53e1-48f6-bf8d-338ee7db84df,2022-02-04 22:36:00,2024-01-01 00:00:00,2024-01-01
52e4d0f2-f61f-47b1-90f9-cfa43836e7eb,2023-03-31 22:40:00,2024-01-01 00:00:00,2024-01-01
61a2cd98-38b4-4937-b752-267694b8ddd5,2022-11-27 18:00:00,2024-01-01 00:00:00,2024-01-01
8564e2c0-2c90-4a7f-ac42-b93cbec1c8c2,2020-10-07 21:45:00,2024-01-01 00:00:00,2024-01-01
8cb65eeb-d4f0-47a4-b38a-f045fe0506da,2019-05-15 05:02:00,2024-01-01 00:00:00,2024-01-01
906d7997-95c3-4edf-8222-0f6d5f7a8efb,2020-06-07 19:32:00,2024-01-01 00:00:00,2024-01-01
137d4ec0-94bc-4552-ad59-f16b7a6efd21,2019-03-19 18:19:00,2024-01-01 00:00:00,2024-01-01
8de62a84-d4d5-4cac-802c-040c252279d0,2022-08-17 19:52:00,2024-01-01 00:00:00,2024-01-01
70af3e45-1b97-4330-8434-638013984d40,2021-10-14 12:50:00,2024-01-01 00:00:00,2024-01-01
0a72d6c0-600d-4783-be71-1be9d30ff28d,2022-05-26 15:40:00,2024-01-01 00:00:00,2024-01-01
241c0c69-7b36-4eac-a90b-d904e70f02dc,2020-04-03 02:12:00,2024-01-01 00:00:00,2024-01-01
4f37f760-e528-4e48-bb95-14c54d9a2102,2021-08-06 14:43:00,2024-01-01 00:00:00,2024-01-01
03c4c663-c9ac-4db2-a70e-b32a1d980622,2019-09-04 13:24:00,2024-01-01 00:00:00,2024-01-01
61094253-0645-4e3a-8425-6747dd857e20,2022-05-19 23:18:00,2024-01-01 00:00:00,2024-01-01
e38cd76c-4edd-4fb9-9598-7e00255aa1b2,2019-07-29 12:06:00,2024-01-01 00:00:00,2024-01-01
f99d828b-8cd3-4c4c-8a36-00180a02f43e,2019-11-01 15:18:00,2024-01-01 00:00:00,2024-01-01
606887ac-1df3-4a90-9298-4903ce64efd6,2019-04-11 15:36:00,2024-01-01 00:00:00,2024-01-01
8564e2c0-2c90-4a7f-ac42-b93cbec1c8c2,2020-06-29 07:53:00,2024-01-01 00:00:00,2024-01-01
33a8bae8-defe-45ee-bc55-acac9865843c,2019-12-23 10:27:00,2024-01-01 00:00:00,2024-01-01
39557251-e8db-4f82-99c2-0398d4f9b371,2020-01-10 23:44:00,2024-01-01 00:00:00,2024-01-01
d5965ed2-3469-4be0-a17c-4ed2e376b572,2021-11-21 18:38:00,2024-01-01 00:00:00,2024-01-01
b6cb65d6-dc7d-406e-ad55-6d07d36e2845,2020-08-15 18:58:00,2024-01-01 00:00:00,2024-01-01
906d7997-95c3-4edf-8222-0f6d5f7a8efb,2019-08-22 14:51:00,2024-01-01 00:00:00,2024-01-01
ea2cf0bb-53e1-48f6-bf8d-338ee7db84df,2019-01-31 22:52:00,2024-01-01 00:00:00,2024-01-01
f71d9c1a-d831-4d37-ad50-2080459fea83,2020-06-24 13:54:00,2024-01-01 00:00:00,2024-01-01
4813af42-8451-4b96-83d6-7cad975e5ad2,2022-09-14 00:13:00,2024-01-01 00:00:00,2024-01-01
d39003ff-20ab-4c47-80e5-78bac10aa506,2021-08-14 16:29:00,2024-01-01 00:00:00,2024-01-01
56d05cdd-aebf-42cf-9763-29dc7ba6640e,2023-08-06 17:54:00,2024-01-01 00:00:00,2024-01-01
2b023759-5dc3-4917-8cbb-194bcec4bc52,2019-12-18 02:26:00,2024-01-01 00:00:00,2024-01-01
62638dba-59a8-4de4-b3df-06501e2a7309,2019-04-23 05:42:00,2024-01-01 00:00:00,2024-01-01
519bfb38-3676-4d96-9ab2-edb60603b77e,2022-09-24 00:40:00,2024-01-01 00:00:00,2024-01-01
aaac741f-a52f-4733-a964-8c86c6d69c6d,2023-07-04 20:16:00,2024-01-01 00:00:00,2024-01-01
cd8c1d7c-c3a1-48d0-8535-5c9fa5f5a58a,2019-07-14 17:51:00,2024-01-01 00:00:00,2024-01-01
733feae3-11eb-45a6-9f4c-cfb082b5991c,2019-06-21 11:43:00,2024-01-01 00:00:00,2024-01-01
be16f2ee-cce4-4859-ae1b-2aa1315cd48d,2022-12-08 19:36:00,2024-01-01 00:00:00,2024-01-01
4815c1f5-d4da-45ce-b56e-107a488864d4,2021-11-16 16:56:00,2024-01-01 00:00:00,2024-01-01
bf8c7d28-d8c1-496a-b37a-aa3a224942d3,2023-05-17 14:57:00,2024-01-01 00:00:00,2024-01-01
78c30b8e-b992-4967-b4a6-e9d7e41db299,2019-10-28 03:05:00,2024-01-01 00:00:00,2024-01-01
5136c411-04fc-4c2f-ad40-bd70082eb2a4,2021-06-29 00:46:00,2024-01-01 00:00:00,2024-01-01
8c513b87-d0dd-423d-81b8-0c75905258f3,2023-09-09 16:40:00,2024-01-01 00:00:00,2024-01-01
b3a57685-0ec6-4f4f-aff5-8f1dac0cdd0a,2022-04-18 09:59:00,2024-01-01 00:00:00,2024-01-01
4ce603e2-bf3c-485e-b494-57807d95b843,2022-09-16 00:52:00,2024-01-01 00:00:00,2024-01-01
cd8c1d7c-c3a1-48d0-8535-5c9fa5f5a58a,2023-08-08 02:34:00,2024-01-01 00:00:00,2024-01-01
fa9b92d0-1ba3-4b48-9147-edcc511ecf01,2021-03-28 08:19:00,2024-01-01 00:00:00,2024-01-01
1c6fe6e7-810f-4758-8b54-26cfebc24c0a,2021-12-31 05:48:00,2024-01-01 00:00:00,2024-01-01
615ffa91-48ae-4b3a-a7a9-5ee15361893e,2019-09-04 11:33:00,2024-01-01 00:00:00,2024-01-01
114ae6a7-6e2d-42db-95e9-a55e8eadc4d5,2021-11-16 07:36:00,2024-01-01 00:00:00,2024-01-01
546b971f-2bca-42ca-a9b9-11077fc42aad,2021-06-20 16:23:00,2024-01-01 00:00:00,2024-01-01
1c02b15f-4616-4216-9b54-4c62a27c1ae9,2021-06-15 00:34:00,2024-01-01 00:00:00,2024-01-01
015e17bb-1e2f-4618-ade7-697f90b13138,2019-12-20 00:16:00,2024-01-01 00:00:00,2024-01-01
95ecfad2-598f-4b56-9182-5d3280ccafdb,2022-01-11 13:30:00,2024-01-01 00:00:00,2024-01-01
cb22d79c-9cd7-4ebe-a15a-6a9c3fb34123,2020-10-17 21:05:00,2024-01-01 00:00:00,2024-01-01
17276d3c-a5c5-44c4-bcd9-8fb9341a88ca,2023-08-25 05:53:00,2024-01-01 00:00:00,2024-01-01
43ef14cc-39d6-420c-a037-ab80c0900e09,2020-01-22 18:05:00,2024-01-01 00:00:00,2024-01-01
4815c1f5-d4da-45ce-b56e-107a488864d4,2020-09-05 12:05:00,2024-01-01 00:00:00,2024-01-01
241c0c69-7b36-4eac-a90b-d904e70f02dc,2023-04-15 21:05:00,2024-01-01 00:00:00,2024-01-01
9d0a07e7-7cad-4b11-b098-c63cd83d86cc,2019-11-20 15:43:00,2024-01-01 00:00:00,2024-01-01
4f37f760-e528-4e48-bb95-14c54d9a2102,2023-08-01 08:50:00,2024-01-01 00:00:00,2024-01-01
1542e8ac-6618-4f26-be85-1a7276b22a4b,2019-12-05 21:27:00,2024-01-01 00:00:00,2024-01-01
56d05cdd-aebf-42cf-9763-29dc7ba6640e,2022-02-20 16:09:00,2024-01-01 00:00:00,2024-01-01
72af3421-4c21-454c-ae33-5b876b8ee2d8,2021-08-06 12:37:00,2024-01-01 00:00:00,2024-01-01
698c485c-a3d2-4d4e-a084-fb3988b3d986,2022-10-04 15:42:00,2024-01-01 00:00:00,2024-01-01
1d4ae20a-50eb-4da3-af0e-e64abeb8ab75,2022-07-25 08:02:00,2024-01-01 00:00:00,2024-01-01
758a772e-8c09-4f3a-8a41-7c5eb26a6110,2022-04-20 07:45:00,2024-01-01 00:00:00,2024-01-01
185e7502-135f-4aa2-aac7-26d0f0eed2cc,2019-08-30 02:50:00,2024-01-01 00:00:00,2024-01-01
376bf133-e199-4cba-9207-4b5fbcc0407c,2022-04-04 03:22:00,2024-01-01 00:00:00,2024-01-01
d2c8ed53-35b0-4e13-9101-5afbe6be3b86,2021-05-24 15:57:00,2024-01-01 00:00:00,2024-01-01
74131f6e-f541-48f8-b0f1-0ea715749268,2022-02-04 07:11:00,2024-01-01 00:00:00,2024-01-01
8d6971cf-dae1-46db-836a-9e040806a36c,2021-09-25 21:57:00,2024-01-01 00:00:00,2024-01-01
c47863ba-9eea-4d54-a20f-a8151df391ab,2023-07-14 17:35:00,2024-01-01 00:00:00,2024-01-01
95785e11-a66e-4435-b080-1c3444822f98,2020-04-04 23:24:00,2024-01-01 00:00:00,2024-01-01
2b023759-5dc3-4917-8cbb-194bcec4bc52,2020-12-26 14:37:00,2024-01-01 00:00:00,2024-01-01
a46186c5-5c89-4d8d-becf-598788357b0e,2023-06-23 21:42:00,2024-01-01 00:00:00,2024-01-01
25295a76-1bd6-42b7-baa3-0a9ef6b4ccc2,2022-08-06 05:18:00,2024-01-01 00:00:00,2024-01-01
95ecfad2-598f-4b56-9182-5d3280ccafdb,2022-08-03 19:59:00,2024-01-01 00:00:00,2024-01-01
b1739b28-f87d-41ac-b2cc-1214c3e645d9,2021-05-13 20:18:00,2024-01-01 00:00:00,2024-01-01
906d7997-95c3-4edf-8222-0f6d5f7a8efb,2023-09-07 12:24:00,2024-01-01 00:00:00,2024-01-01
8564e2c0-2c90-4a7f-ac42-b93cbec1c8c2,2022-01-24 23:16:00,2024-01-01 00:00:00,2024-01-01
eb453375-5631-495c-90b9-e0dc51cf23d0,2022-06-06 00:17:00,2024-01-01 00:00:00,2024-01-01
9d0a07e7-7cad-4b11-b098-c63cd83d86cc,2021-07-16 09:09:00,2024-01-01 00:00:00,2024-01-01
dff763bc-ff5b-48d3-a61f-ec960f923841,2019-05-13 00:09:00,2024-01-01 00:00:00,2024-01-01
1d682a19-a17e-4493-8004-f4b703c24c69,2022-02-22 03:24:00,2024-01-01 00:00:00,2024-01-01
046f62a1-a2f7-406e-8c45-b4bab6917922,2019-10-19 11:37:00,2024-01-01 00:00:00,2024-01-01
7202611c-9b89-4c04-b67a-ffc76837fecb,2023-04-06 20:26:00,2024-01-01 00:00:00,2024-01-01
c29f8478-8036-4162-99ea-0f8aa0bcf424,2020-07-17 17:08:00,2024-01-01 00:00:00,2024-01-01
0fda5757-e968-416c-b349-cf15167f3425,2019-01-01 18:50:00,2024-01-01 00:00:00,2024-01-01
b245bbbd-73f7-444c-8cea-8bb0ff98105b,2023-05-14 08:34:00,2024-01-01 00:00:00,2024-01-01
a7875516-191c-433a-9d0a-e42a3e3ed6db,2021-03-30 22:32:00,2024-01-01 00:00:00,2024-01-01
a18c338e-2bdd-4513-ace8-d217c6e42651,2020-04-11 01:56:00,2024-01-01 00:00:00,2024-01-01
1c6fe6e7-810f-4758-8b54-26cfebc24c0a,2021-06-11 08:25:00,2024-01-01 00:00:00,2024-01-01
6a01d889-b776-4f27-8221-299b8d06dc27,2021-09-09 16:28:00,2024-01-01 00:00:00,2024-01-01
34e5977a-f47b-49db-b67b-fe24062b184d,2022-05-17 02:27:00,2024-01-01 00:00:00,2024-01-01
c6c5cf41-f7d6-4fb3-a9e7-b0ad8c435595,2019-02-15 02:05:00,2024-01-01 00:00:00,2024-01-01
5bc5474f-e659-435e-92e4-f5bcc8af59ad,2020-09-06 06:53:00,2024-01-01 00:00:00,2024-01-01
79001d4d-d695-492b-b3a9-4fd78d066ddc,2019-08-20 23:15:00,2024-01-01 00:00:00,2024-01-01
aaac741f-a52f-4733-a964-8c86c6d69c6d,2021-01-02 19:40:00,2024-01-01 00:00:00,2024-01-01
0306d001-3725-47dd-93af-046c8d337d2f,2023-07-27 06:45:00,2024-01-01 00:00:00,2024-01-01
75b7337f-e116-4636-ac36-fe61ed885b30,2021-04-14 07:13:00,2024-01-01 00:00:00,2024-01-01
d2247290-7cf7-4b10-be45-cd182bc553e0,2021-08-31 13:57:00,2024-01-01 00:00:00,2024-01-01
e11796eb-f388-4c9a-9e7e-46d8524a5e36,2019-01-01 05:15:00,2024-01-01 00:00:00,2024-01-01
0fe86db3-0ef9-46f3-bdd2-e7a9cee1eaf2,2019-03-31 08:20:00,2024-01-01 00:00:00,2024-01-01
9d0a07e7-7cad-4b11-b098-c63cd83d86cc,2022-02-13 03:25:00,2024-01-01 00:00:00,2024-01-01
d73ccab7-2d4e-4348-b9ff-12190ffc4d68,2020-11-11 22:01:00,2024-01-01 00:00:00,2024-01-01
bd5fa77c-f04c-4a4f-991f-e0fdda1d5c15,2019-12-06 08:48:00,2024-01-01 00:00:00,2024-01-01
df12ed67-7c50-4007-92d4-1b779e3d741b,2020-09-10 04:16:00,2024-01-01 00:00:00,2024-01-01
44444b0d-5b0a-407c-a8be-8eef20b13052,2019-09-13 03:27:00,2024-01-01 00:00:00,2024-01-01
689916b5-c63b-4d32-be1a-8fdd2609ef42,2020-10-13 01:55:00,2024-01-01 00:00:00,2024-01-01
358cf9ef-9b97-4dc4-aabf-ea7e18ec3c24,2020-01-31 09:17:00,2024-01-01 00:00:00,2024-01-01
17578591-6f2f-4ce8-ad20-b56a113288b2,2019-02-27 18:26:00,2024-01-01 00:00:00,2024-01-01
3fa1fc01-a9aa-49cf-8829-9d1000d73028,2021-04-03 02:30:00,2024-01-01 00:00:00,2024-01-01
5eef5951-d005-4984-b47a-d06c66199451,2023-03-28 15:57:00,2024-01-01 00:00:00,2024-01-01
6b506c1b-f282-49ec-91e0-7af6d616ed5b,2023-03-11 16:08:00,2024-01-01 00:00:00,2024-01-01
185e7502-135f-4aa2-aac7-26d0f0eed2cc,2022-12-04 19:34:00,2024-01-01 00:00:00,2024-01-01
07516eff-8e29-411e-b392-afaaee9016e6,2022-03-19 17:40:00,2024-01-01 00:00:00,2024-01-01
f0d033e3-4694-4cfb-9d77-489eed62b354,2019-03-27 17:58:00,2024-01-01 00:00:00,2024-01-01
1cc9d468-4898-4575-9b28-0d959c1aa2eb,2023-02-02 12:29:00,2024-01-01 00:00:00,2024-01-01
2346b719-adb0-49bc-a14e-4407cf1a3a9f,2023-09-03 04:06:00,2024-01-01 00:00:00,2024-01-01
9ba8e8ff-bbfd-4dfb-be8f-8a129cb40913,2020-07-10 14:17:00,2024-01-01 00:00:00,2024-01-01
6d020665-2465-4a6e-b01a-6862c08f7c99,2021-04-27 03:50:00,2024-01-01 00:00:00,2024-01-01
a8ca0ebc-9b7f-4d34-8d04-2fc582139c8f,2020-04-08 10:39:00,2024-01-01 00:00:00,2024-01-01
0fe86db3-0ef9-46f3-bdd2-e7a9cee1eaf2,2020-01-14 12:40:00,2024-01-01 00:00:00,2024-01-01
8f10bb43-2edd-452d-9b02-bc94aef8d31e,2021-02-10 08:34:00,2024-01-01 00:00:00,2024-01-01
44444b0d-5b0a-407c-a8be-8eef20b13052,2021-05-14 21:34:00,2024-01-01 00:00:00,2024-01-01
22396224-bed7-4623-aa8e-286ce43cea68,2022-06-18 07:44:00,2024-01-01 00:00:00,2024-01-01
645d4d49-dc87-47fe-a65f-0dcbc44cde63,2022-04-06 22:39:00,2024-01-01 00:00:00,2024-01-01
b2a9a50e-22d8-4da8-ac0a-61182e790361,2022-01-30 09:59:00,2024-01-01 00:00:00,2024-01-01
a8889766-c29c-428d-8e56-ebc3d569b2b5,2021-11-03 18:19:00,2024-01-01 00:00:00,2024-01-01
32e2f2ae-8d59-43ef-b972-bc85f1e3effa,2022-11-11 02:20:00,2024-01-01 00:00:00,2024-01-01
9033db67-1d5a-4c89-9cd7-589bb022a6ee,2020-11-27 08:20:00,2024-01-01 00:00:00,2024-01-01
519bfb38-3676-4d96-9ab2-edb60603b77e,2023-07-04 01:07:00,2024-01-01 00:00:00,2024-01-01
a18c338e-2bdd-4513-ace8-d217c6e42651,2019-09-12 04:46:00,2024-01-01 00:00:00,2024-01-01
ada0d30b-858f-4ee4-b2c9-3e053d4df7ef,2022-05-11 05:03:00,2024-01-01 00:00:00,2024-01-01
fa9d2712-59b1-4861-9cdc-4344e649a21a,2023-09-27 15:23:00,2024-01-01 00:00:00,2024-01-01
358cf9ef-9b97-4dc4-aabf-ea7e18ec3c24,2020-05-19 12:56:00,2024-01-01 00:00:00,2024-01-01
d2c8ed53-35b0-4e13-9101-5afbe6be3b86,2022-11-23 11:07:00,2024-01-01 00:00:00,2024-01-01
cb22d79c-9cd7-4ebe-a15a-6a9c3fb34123,2019-05-25 02:27:00,2024-01-01 00:00:00,2024-01-01
c240c790-3b92-4d03-8e5e-1337dc1f1358,2022-10-30 01:14:00,2024-01-01 00:00:00,2024-01-01
e165c6ad-0881-461f-a326-0bedc06fdac0,2023-09-02 17:48:00,2024-01-01 00:00:00,2024-01-01
61094253-0645-4e3a-8425-6747dd857e20,2023-04-29 12:13:00,2024-01-01 00:00:00,2024-01-01
9668a015-446f-49b9-b39f-2b220770f90d,2021-05-12 07:26:00,2024-01-01 00:00:00,2024-01-01
241c0c69-7b36-4eac-a90b-d904e70f02dc,2022-12-23 04:06:00,2024-01-01 00:00:00,2024-01-01
cf5db57e-78c6-4a9b-ae4d-b7d4a3365697,2021-11-20 08:20:00,2024-01-01 00:00:00,2024-01-01
7c370196-e467-4102-be70-deb73cbca2c3,2021-02-01 01:24:00,2024-01-01 00:00:00,2024-01-01
60a84bb9-9c76-4b64-ab1d-16dd31b94625,2021-09-21 01:01:00,2024-01-01 00:00:00,2024-01-01
1c2fd5bb-080f-4561-b29d-68f1d2290128,2022-05-01 20:36:00,2024-01-01 00:00:00,2024-01-01
137d4ec0-94bc-4552-ad59-f16b7a6efd21,2020-09-08 04:19:00,2024-01-01 00:00:00,2024-01-01
546b971f-2bca-42ca-a9b9-11077fc42aad,2021-12-22 18:16:00,2024-01-01 00:00:00,2024-01-01
ed6c27f0-06b8-4e66-b130-c2c4aa6c9376,2020-01-02 09:58:00,2024-01-01 00:00:00,2024-01-01
6fdfbdd3-a899-4c90-a087-c02bc74070b4,2021-02-09 21:55:00,2024-01-01 00:00:00,2024-01-01
45d7ea24-c950-49db-a864-e2d30c0d5168,2020-07-15 23:55:00,2024-01-01 00:00:00,2024-01-01
a18c338e-2bdd-4513-ace8-d217c6e42651,2022-02-14 13:27:00,2024-01-01 00:00:00,2024-01-01
e38cd76c-4edd-4fb9-9598-7e00255aa1b2,2021-10-15 01:20:00,2024-01-01 00:00:00,2024-01-01
1e805732-e82c-4bc1-bfa4-a10ef655b2ab,2023-06-05 08:10:00,2024-01-01 00:00:00,2024-01-01
db8f2120-0aaa-4288-8646-ea0f48e1dd86,2019-01-30 09:20:00,2024-01-01 00:00:00,2024-01-01
8fa9fce9-f7f3-4b38-9843-15643dc064d4,2021-05-17 11:31:00,2024-01-01 00:00:00,2024-01-01
79e07125-98dd-4dab-8735-fdcccd09bf62,2023-03-29 10:34:00,2024-01-01 00:00:00,2024-01-01
28bb2c40-3d13-41a8-8b00-f3b3855cfc8f,2019-03-01 14:50:00,2024-01-01 00:00:00,2024-01-01
0a87cbd7-da05-4d9e-893e-3d17083fb102,2020-09-23 10:14:00,2024-01-01 00:00:00,2024-01-01
fb2687f9-3e9a-406e-a8b1-b33067bdbb70,2020-01-29 16:51:00,2024-01-01 00:00:00,2024-01-01
f2d02368-d00d-45a9-a715-4eaa09e96fd3,2022-05-31 13:08:00,2024-01-01 00:00:00,2024-01-01
b5ed67ce-51f8-454e-8bc0-7c5ee56b22b9,2020-05-11 11:16:00,2024-01-01 00:00:00,2024-01-01
d38f3cd2-cd63-4045-82c5-930ec1485b40,2023-06-25 12:50:00,2024-01-01 00:00:00,2024-01-01
ffda0ef2-515b-45d8-b52c-cad58ac5a42d,2019-09-25 20:11:00,2024-01-01 00:00:00,2024-01-01
d99f29a1-fbfd-4641-9f25-3cddfc9e6f64,2023-04-27 10:44:00,2024-01-01 00:00:00,2024-01-01
51ec2300-6e24-4efa-964a-815a5f6df4aa,2020-08-15 03:25:00,2024-01-01 00:00:00,2024-01-01
b4518080-60ea-4798-86bc-d3b1ae7c352b,2022-07-19 19:38:00,2024-01-01 00:00:00,2024-01-01
5940ce1b-9791-4aa0-a3db-8eb776311197,2020-12-11 01:00:00,2024-01-01 00:00:00,2024-01-01
1c02b15f-4616-4216-9b54-4c62a27c1ae9,2022-11-23 21:27:00,2024-01-01 00:00:00,2024-01-01
b5ed67ce-51f8-454e-8bc0-7c5ee56b22b9,2019-11-25 05:07:00,2024-01-01 00:00:00,2024-01-01
6a01d889-b776-4f27-8221-299b8d06dc27,2019-12-25 09:11:00,2024-01-01 00:00:00,2024-01-01
33373b46-ff98-42fc-a39c-f0dcfbd5e720,2023-04-10 14:27:00,2024-01-01 00:00:00,2024-01-01
e7f6d769-7279-46ba-8b63-105cef9bfd01,2021-09-06 21:30:00,2024-01-01 00:00:00,2024-01-01
335d903c-2372-4e99-b9c5-172e53c7182e,2020-09-28 04:48:00,2024-01-01 00:00:00,2024-01-01
2f7e88e4-152b-43bf-93f3-dbe2106bdc84,2020-10-09 02:24:00,2024-01-01 00:00:00,2024-01-01
24350707-610e-4310-9644-77314fe37d18,2019-02-26 02:11:00,2024-01-01 00:00:00,2024-01-01
15126595-ddb9-4291-9946-5b29f8108d8f,2020-07-29 03:05:00,2024-01-01 00:00:00,2024-01-01
c46055ff-a101-4e7c-b06d-5750fe2694b1,2021-02-01 16:52:00,2024-01-01 00:00:00,2024-01-01
0fe62ad4-3335-466e-b454-54daa2898258,2020-05-29 16:40:00,2024-01-01 00:00:00,2024-01-01
7bb3ebad-db7d-4fa2-af39-7c8d05d05501,2021-03-06 00:48:00,2024-01-01 00:00:00,2024-01-01
b175f2f8-ff61-4186-8f41-8390e8baa39d,2022-01-04 03:30:00,2024-01-01 00:00:00,2024-01-01
6d020665-2465-4a6e-b01a-6862c08f7c99,2022-04-20 12:30:00,2024-01-01 00:00:00,2024-01-01
df12ed67-7c50-4007-92d4-1b779e3d741b,2022-12-27 17:08:00,2024-01-01 00:00:00,2024-01-01
8ee674a6-edf5-4d38-b0a6-ab650b05352f,2020-02-06 02:11:00,2024-01-01 00:00:00,2024-01-01
4815c1f5-d4da-45ce-b56e-107a488864d4,2022-03-29 11:28:00,2024-01-01 00:00:00,2024-01-01
78c30b8e-b992-4967-b4a6-e9d7e41db299,2023-05-28 00:59:00,2024-01-01 00:00:00,2024-01-01
e3277bbf-6082-43b9-9df3-9183185ff074,2023-07-01 14:08:00,2024-01-01 00:00:00,2024-01-01
9d2b2485-e78c-466a-bb21-b72d1ffd405a,2023-01-11 08:54:00,2024-01-01 00:00:00,2024-01-01
7bd9faf9-ba67-4110-af10-8fd6782127f8,2019-12-03 13:04:00,2024-01-01 00:00:00,2024-01-01
fb196124-3f62-4741-8b92-6d48e5001c61,2019-10-29 03:58:00,2024-01-01 00:00:00,2024-01-01
51ec2300-6e24-4efa-964a-815a5f6df4aa,2019-12-04 06:33:00,2024-01-01 00:00:00,2024-01-01
5940ce1b-9791-4aa0-a3db-8eb776311197,2020-05-29 23:48:00,2024-01-01 00:00:00,2024-01-01
87b5811c-faba-405f-ba49-e330d366173c,2021-09-07 07:27:00,2024-01-01 00:00:00,2024-01-01
358cf9ef-9b97-4dc4-aabf-ea7e18ec3c24,2020-12-09 18:46:00,2024-01-01 00:00:00,2024-01-01
f22170f9-0a9f-40c7-9f8e-6ed79578fb2c,2021-03-01 17:03:00,2024-01-01 00:00:00,2024-01-01
428f3bea-e0ec-46fc-9e87-7911f78085c0,2021-08-02 11:52:00,2024-01-01 00:00:00,2024-01-01
0288a5fb-a2e3-472e-b132-4e10784bc88a,2022-07-25 11:16:00,2024-01-01 00:00:00,2024-01-01
c60084f3-f963-4262-b773-fd8f12808239,2021-11-18 09:08:00,2024-01-01 00:00:00,2024-01-01
b4c320b9-2e83-43f2-a379-c048b29a763e,2019-09-10 17:44:00,2024-01-01 00:00:00,2024-01-01
735e3307-b6b1-4147-9929-224858ae60ea,2023-03-19 16:20:00,2024-01-01 00:00:00,2024-01-01
a94ab030-6fa9-405a-a6d1-616817fc5300,2023-12-05 11:51:00,2024-01-01 00:00:00,2024-01-01
437c8e55-9887-4067-ad65-c7077711951c,2023-03-21 08:03:00,2024-01-01 00:00:00,2024-01-01
904fbcdc-a01e-4835-9898-b70b508ff43f,2019-03-06 13:16:00,2024-01-01 00:00:00,2024-01-01
7dc7578d-6c47-49be-92dd-63a8e617233c,2020-09-17 11:18:00,2024-01-01 00:00:00,2024-01-01
71e26478-1b8b-42c6-9d73-9790ed1ca341,2022-08-28 10:47:00,2024-01-01 00:00:00,2024-01-01
a8c25bcf-82b8-4319-b1e5-589272d55207,2019-10-26 06:54:00,2024-01-01 00:00:00,2024-01-01
161be690-7ffa-4141-bc81-80d10145e673,2019-06-07 04:12:00,2024-01-01 00:00:00,2024-01-01
23a41a82-aaeb-4cbc-a3da-56c530260b62,2019-11-12 22:28:00,2024-01-01 00:00:00,2024-01-01
68150799-c06b-4ee1-b210-48ab114ad0bb,2020-08-07 17:39:00,2024-01-01 00:00:00,2024-01-01
114ae6a7-6e2d-42db-95e9-a55e8eadc4d5,2023-04-17 23:31:00,2024-01-01 00:00:00,2024-01-01
399f88ee-c3c2-4945-853e-1941dee550ef,2022-10-29 19:46:00,2024-01-01 00:00:00,2024-01-01
ea4d27d0-037c-4927-900f-4f755cec1ab2,2023-07-29 14:28:00,2024-01-01 00:00:00,2024-01-01
25295a76-1bd6-42b7-baa3-0a9ef6b4ccc2,2023-05-04 06:15:00,2024-01-01 00:00:00,2024-01-01
ddc37b46-61eb-46d4-ab20-d0103947c438,2022-09-22 20:41:00,2024-01-01 00:00:00,2024-01-01
ca4392e8-1de6-42bc-bcf6-5b94993d86c1,2022-10-21 05:31:00,2024-01-01 00:00:00,2024-01-01
1373f611-d6f8-457e-a107-d0d4aaab0875,2019-12-14 06:55:00,2024-01-01 00:00:00,2024-01-01
61094253-0645-4e3a-8425-6747dd857e20,2023-09-02 17:24:00,2024-01-01 00:00:00,2024-01-01
0288a5fb-a2e3-472e-b132-4e10784bc88a,2022-11-04 02:57:00,2024-01-01 00:00:00,2024-01-01
758a772e-8c09-4f3a-8a41-7c5eb26a6110,2021-08-30 22:00:00,2024-01-01 00:00:00,2024-01-01
c29f8478-8036-4162-99ea-0f8aa0bcf424,2022-09-03 01:51:00,2024-01-01 00:00:00,2024-01-01
ea2cf0bb-53e1-48f6-bf8d-338ee7db84df,2023-10-01 19:50:00,2024-01-01 00:00:00,2024-01-01
5136c411-04fc-4c2f-ad40-bd70082eb2a4,2021-03-03 07:52:00,2024-01-01 00:00:00,2024-01-01
17f17fc6-d728-4173-a47c-4726931b69e7,2019-03-27 10:45:00,2024-01-01 00:00:00,2024-01-01
252bc613-f891-4c50-bfa2-3f54657b5c15,2022-07-25 01:24:00,2024-01-01 00:00:00,2024-01-01
79a33a0e-8539-49c7-86a5-5a9f4cc6b6da,2022-05-31 07:20:00,2024-01-01 00:00:00,2024-01-01
f0d033e3-4694-4cfb-9d77-489eed62b354,2023-01-12 16:53:00,2024-01-01 00:00:00,2024-01-01
1f459003-3d70-4f02-af53-834af6494977,2019-10-24 19:57:00,2024-01-01 00:00:00,2024-01-01
9ac816b3-ed31-438d-8de1-bdc665b55fff,2020-04-14 07:56:00,2024-01-01 00:00:00,2024-01-01
80ea4b1f-ac5d-4950-a3b0-0c2e9adf5140,2020-09-17 01:54:00,2024-01-01 00:00:00,2024-01-01
52e4d0f2-f61f-47b1-90f9-cfa43836e7eb,2023-11-03 20:47:00,2024-01-01 00:00:00,2024-01-01
1ec056da-114f-4842-af22-25ee69039a38,2019-08-01 02:45:00,2024-01-01 00:00:00,2024-01-01
645d4d49-dc87-47fe-a65f-0dcbc44cde63,2023-11-23 14:30:00,2024-01-01 00:00:00,2024-01-01
54ffe43a-ee72-49cf-9b9e-5ced527f8632,2021-10-31 16:57:00,2024-01-01 00:00:00,2024-01-01
17276d3c-a5c5-44c4-bcd9-8fb9341a88ca,2019-05-18 13:22:00,2024-01-01 00:00:00,2024-01-01
82bb5172-cd94-4a25-aca8-42681ed0ca0e,2019-12-19 08:16:00,2024-01-01 00:00:00,2024-01-01
6dda7226-673e-4822-b3ad-d1bc40f0d79d,2022-10-04 11:16:00,2024-01-01 00:00:00,2024-01-01
29b81039-f7fe-44d4-b9ae-e43004eff257,2020-06-20 01:52:00,2024-01-01 00:00:00,2024-01-01
39557251-e8db-4f82-99c2-0398d4f9b371,2021-12-24 17:56:00,2024-01-01 00:00:00,2024-01-01
34943a3f-75c0-424a-a27e-89714269da45,2021-01-10 02:30:00,2024-01-01 00:00:00,2024-01-01
fee34432-a4d3-41dd-8215-d2135245a4ee,2022-05-19 06:28:00,2024-01-01 00:00:00,2024-01-01
3ae4c331-afe9-42f6-86e0-16b66d7c48bf,2022-12-13 17:06:00,2024-01-01 00:00:00,2024-01-01
74131f6e-f541-48f8-b0f1-0ea715749268,2019-02-01 21:41:00,2024-01-01 00:00:00,2024-01-01
c46055ff-a101-4e7c-b06d-5750fe2694b1,2023-03-28 23:42:00,2024-01-01 00:00:00,2024-01-01
3dcb9969-4b73-4926-aa46-2c48ba947fc0,2020-10-18 20:38:00,2024-01-01 00:00:00,2024-01-01
d4f537d1-f965-4b8f-a988-6937f70e11b0,2019-09-10 17:29:00,2024-01-01 00:00:00,2024-01-01
1fd92115-7d53-4da3-a45c-11dc09664fa6,2021-10-25 21:16:00,2024-01-01 00:00:00,2024-01-01
8c513b87-d0dd-423d-81b8-0c75905258f3,2023-11-26 23:24:00,2024-01-01 00:00:00,2024-01-01
02a585b3-312f-42dd-ba85-2c7d20ebd68f,2023-07-05 18:37:00,2024-01-01 00:00:00,2024-01-01
79001d4d-d695-492b-b3a9-4fd78d066ddc,2021-05-21 16:32:00,2024-01-01 00:00:00,2024-01-01
06bdb1fb-5584-44c3-b60e-ba9d730a9ff5,2023-05-10 22:38:00,2024-01-01 00:00:00,2024-01-01
0762ea53-2381-4782-a60c-891142c4b1e7,2019-05-05 10:30:00,2024-01-01 00:00:00,2024-01-01
b1739b28-f87d-41ac-b2cc-1214c3e645d9,2022-03-31 04:53:00,2024-01-01 00:00:00,2024-01-01
24350707-610e-4310-9644-77314fe37d18,2021-09-08 08:53:00,2024-01-01 00:00:00,2024-01-01
af768449-2096-4f00-b3a0-2f104c7c0182,2021-07-09 04:16:00,2024-01-01 00:00:00,2024-01-01
735e3307-b6b1-4147-9929-224858ae60ea,2021-02-10 01:51:00,2024-01-01 00:00:00,2024-01-01
b5bbac0d-38cb-48df-bf1e-ac8a70a044b5,2019-07-03 23:38:00,2024-01-01 00:00:00,2024-01-01
ca44b5d3-9aa4-421b-80b7-3be6127a9240,2022-01-11 12:45:00,2024-01-01 00:00:00,2024-01-01
c60084f3-f963-4262-b773-fd8f12808239,2020-06-01 08:08:00,2024-01-01 00:00:00,2024-01-01
8de62a84-d4d5-4cac-802c-040c252279d0,2020-02-22 17:41:00,2024-01-01 00:00:00,2024-01-01
b08e0e28-db42-4cbb-8e4a-78c0d93977d3,2020-04-08 14:10:00,2024-01-01 00:00:00,2024-01-01
733feae3-11eb-45a6-9f4c-cfb082b5991c,2021-12-03 07:36:00,2024-01-01 00:00:00,2024-01-01
1f1dca18-276e-4ea7-8598-8dfa3da1bd8f,2023-06-11 04:07:00,2024-01-01 00:00:00,2024-01-01
519bfb38-3676-4d96-9ab2-edb60603b77e,2022-08-16 17:31:00,2024-01-01 00:00:00,2024-01-01
b6b0758a-4b5d-4843-a330-5ea470bd1125,2019-03-03 05:56:00,2024-01-01 00:00:00,2024-01-01
39557251-e8db-4f82-99c2-0398d4f9b371,2022-03-06 05:33:00,2024-01-01 00:00:00,2024-01-01
1ec056da-114f-4842-af22-25ee69039a38,2023-11-11 01:45:00,2024-01-01 00:00:00,2024-01-01
d200bcbf-2a8f-48d4-9253-7997795d92cf,2022-03-29 06:10:00,2024-01-01 00:00:00,2024-01-01
99a2b8b6-7876-4a84-b9fe-9a64c99038d8,2019-10-26 01:52:00,2024-01-01 00:00:00,2024-01-01
b175f2f8-ff61-4186-8f41-8390e8baa39d,2019-08-28 05:14:00,2024-01-01 00:00:00,2024-01-01
5203a9a4-29dc-4a72-a571-35129e619f51,2019-12-26 00:01:00,2024-01-01 00:00:00,2024-01-01
1e87b20e-fff6-4872-96d5-dec2cad2713a,2019-05-10 16:24:00,2024-01-01 00:00:00,2024-01-01
fcbc4199-ac99-41ff-975b-5c8ff7e2531d,2021-08-02 12:07:00,2024-01-01 00:00:00,2024-01-01
0be28c25-0327-4f80-8046-0eaeb54d8a11,2019-04-03 00:32:00,2024-01-01 00:00:00,2024-01-01
b0a0d89b-80c6-4f3c-bafb-164caad0d852,2023-09-19 19:42:00,2024-01-01 00:00:00,2024-01-01
d200bcbf-2a8f-48d4-9253-7997795d92cf,2023-11-13 21:30:00,2024-01-01 00:00:00,2024-01-01
a769159d-ef18-40f7-b429-7ad16a3082b6,2023-01-04 03:00:00,2024-01-01 00:00:00,2024-01-01
5d12e724-cb1e-4fa2-8a4b-7233cc8fe6ec,2022-01-26 09:12:00,2024-01-01 00:00:00,2024-01-01
85d3b40f-036a-495f-8040-6d1775cd5db3,2021-02-02 02:18:00,2024-01-01 00:00:00,2024-01-01
162f75bc-b2ed-40ce-a26e-981ea18f28c0,2019-05-07 23:15:00,2024-01-01 00:00:00,2024-01-01
4aecf02f-9b92-4c53-afa4-894c91bd5887,2022-02-06 10:41:00,2024-01-01 00:00:00,2024-01-01
74131f6e-f541-48f8-b0f1-0ea715749268,2020-05-14 02:37:00,2024-01-01 00:00:00,2024-01-01
4d99c5c8-5bae-49f8-b001-1b9bc6a9e592,2021-11-11 01:50:00,2024-01-01 00:00:00,2024-01-01
eea3d3c5-98b7-4022-b15a-0ec60a4b70ea,2021-09-15 13:50:00,2024-01-01 00:00:00,2024-01-01
98ecac3b-17cd-418d-b996-6a44293cb0cf,2023-03-19 17:41:00,2024-01-01 00:00:00,2024-01-01
252bc613-f891-4c50-bfa2-3f54657b5c15,2019-10-11 10:19:00,2024-01-01 00:00:00,2024-01-01
f22170f9-0a9f-40c7-9f8e-6ed79578fb2c,2021-04-16 18:20:00,2024-01-01 00:00:00,2024-01-01
904fbcdc-a01e-4835-9898-b70b508ff43f,2023-09-01 03:02:00,2024-01-01 00:00:00,2024-01-01
f628a16d-7b88-4b36-9ce6-2f7a65ad95a1,2019-01-08 23:49:00,2024-01-01 00:00:00,2024-01-01
2f72de34-0cd3-4c9c-ba81-55c9916a9bbf,2019-02-04 12:58:00,2024-01-01 00:00:00,2024-01-01
1cc9d468-4898-4575-9b28-0d959c1aa2eb,2020-01-09 11:52:00,2024-01-01 00:00:00,2024-01-01
82bb5172-cd94-4a25-aca8-42681ed0ca0e,2023-07-29 10:47:00,2024-01-01 00:00:00,2024-01-01
43ef14cc-39d6-420c-a037-ab80c0900e09,2022-04-19 14:53:00,2024-01-01 00:00:00,2024-01-01
9ac816b3-ed31-438d-8de1-bdc665b55fff,2019-06-02 00:57:00,2024-01-01 00:00:00,2024-01-01
95ecfad2-598f-4b56-9182-5d3280ccafdb,2022-11-12 13:27:00,2024-01-01 00:00:00,2024-01-01
115fdbad-ad54-4574-a146-59585c99eea9,2022-09-30 13:17:00,2024-01-01 00:00:00,2024-01-01
5bc5474f-e659-435e-92e4-f5bcc8af59ad,2019-07-08 00:57:00,2024-01-01 00:00:00,2024-01-01
2a87e792-c7aa-4e6a-9a14-66a9007da535,2022-08-18 11:19:00,2024-01-01 00:00:00,2024-01-01
2c6ffb96-8ed7-442d-a07e-22d72b2cc084,2023-11-12 22:05:00,2024-01-01 00:00:00,2024-01-01
62638dba-59a8-4de4-b3df-06501e2a7309,2022-12-12 07:18:00,2024-01-01 00:00:00,2024-01-01
137d4ec0-94bc-4552-ad59-f16b7a6efd21,2019-01-04 14:34:00,2024-01-01 00:00:00,2024-01-01
47a65899-78bd-48cb-9e37-fc6c234729ae,2020-10-25 12:39:00,2024-01-01 00:00:00,2024-01-01
ea89fd49-731f-4da8-969b-bc2a6c8bea84,2023-08-03 18:17:00,2024-01-01 00:00:00,2024-01-01
412d6b46-5df7-4846-b579-6afbac9ecb1e,2023-05-01 15:02:00,2024-01-01 00:00:00,2024-01-01
a18c338e-2bdd-4513-ace8-d217c6e42651,2021-12-06 00:23:00,2024-01-01 00:00:00,2024-01-01
dfaaba4e-0c3f-4aef-8f0b-a42d7ee6570b,2023-05-03 06:27:00,2024-01-01 00:00:00,2024-01-01
4f6d1a01-7440-40a4-991d-9896724ec71c,2021-05-09 06:18:00,2024-01-01 00:00:00,2024-01-01
7fe05f0b-325e-4e03-9683-1584ee95d892,2022-02-08 12:34:00,2024-01-01 00:00:00,2024-01-01
88ae4cc4-c859-41bb-b115-0a8c07730e75,2023-01-26 18:39:00,2024-01-01 00:00:00,2024-01-01
046f62a1-a2f7-406e-8c45-b4bab6917922,2021-04-09 12:38:00,2024-01-01 00:00:00,2024-01-01
3ae4c331-afe9-42f6-86e0-16b66d7c48bf,2021-07-29 00:33:00,2024-01-01 00:00:00,2024-01-01
0fe98d5e-6974-49a2-8470-b3d3e5c12fcc,2020-04-24 13:35:00,2024-01-01 00:00:00,2024-01-01
4c2a4da0-f880-4031-b5e6-f907f463f170,2022-02-11 20:36:00,2024-01-01 00:00:00,2024-01-01
2bd1bd50-cdb3-4fe9-a67a-335aea386b7d,2019-08-31 16:43:00,2024-01-01 00:00:00,2024-01-01
74131f6e-f541-48f8-b0f1-0ea715749268,2022-09-14 15:50:00,2024-01-01 00:00:00,2024-01-01
5bc5474f-e659-435e-92e4-f5bcc8af59ad,2022-06-12 11:01:00,2024-01-01 00:00:00,2024-01-01
79a52758-a803-4d40-af99-b6f10fb759af,2021-01-29 18:27:00,2024-01-01 00:00:00,2024-01-01
0f115cef-22dd-491e-bfcd-50da19e6280b,2020-01-05 14:54:00,2024-01-01 00:00:00,2024-01-01
cddb1832-8422-4468-ad72-0b4a782f2278,2019-06-08 14:57:00,2024-01-01 00:00:00,2024-01-01
c9f97feb-5530-4096-aa8a-da682c30bad0,2021-02-11 22:38:00,2024-01-01 00:00:00,2024-01-01
a8bae049-a215-4378-8164-0e4c821524c2,2020-04-29 00:05:00,2024-01-01 00:00:00,2024-01-01
c987c1d4-4420-48d0-87bf-7d5332046300,2019-09-29 22:48:00,2024-01-01 00:00:00,2024-01-01
a355aed8-ac55-4e68-b182-8c7c40d0f234,2021-01-04 20:33:00,2024-01-01 00:00:00,2024-01-01
62e1d3cc-9eb7-4f34-8ae1-35b34d1f7fc9,2022-03-28 05:24:00,2024-01-01 00:00:00,2024-01-01
133046c4-5256-4bea-8a44-4afd95440375,2019-01-31 02:35:00,2024-01-01 00:00:00,2024-01-01
44b9217b-12d0-4bb7-a1f5-f0f1a527ebad,2023-10-17 18:23:00,2024-01-01 00:00:00,2024-01-01
399f88ee-c3c2-4945-853e-1941dee550ef,2019-10-13 02:50:00,2024-01-01 00:00:00,2024-01-01
bd5fa77c-f04c-4a4f-991f-e0fdda1d5c15,2021-08-02 10:32:00,2024-01-01 00:00:00,2024-01-01
546b971f-2bca-42ca-a9b9-11077fc42aad,2020-10-05 03:29:00,2024-01-01 00:00:00,2024-01-01
66ba78a7-e08c-4889-a8d4-c887fe6fee5e,2021-09-23 09:45:00,2024-01-01 00:00:00,2024-01-01
b4c320b9-2e83-43f2-a379-c048b29a763e,2019-07-04 23:08:00,2024-01-01 00:00:00,2024-01-01
982ae8da-bfa6-4eef-b616-216ae94a841d,2021-09-26 12:38:00,2024-01-01 00:00:00,2024-01-01
3ae4c331-afe9-42f6-86e0-16b66d7c48bf,2020-01-14 02:06:00,2024-01-01 00:00:00,2024-01-01
a05f046b-dbbf-4c3a-8381-3696ddecc5ca,2022-01-14 20:35:00,2024-01-01 00:00:00,2024-01-01
834586db-c5c8-4589-bab4-39c974547035,2019-10-24 02:38:00,2024-01-01 00:00:00,2024-01-01
b08e0e28-db42-4cbb-8e4a-78c0d93977d3,2022-12-30 12:08:00,2024-01-01 00:00:00,2024-01-01
1f459003-3d70-4f02-af53-834af6494977,2021-06-11 05:10:00,2024-01-01 00:00:00,2024-01-01
3aaf62a5-fc82-4e62-ba5a-8869c58bf8c2,2019-10-16 15:21:00,2024-01-01 00:00:00,2024-01-01
79001d4d-d695-492b-b3a9-4fd78d066ddc,2021-11-15 02:28:00,2024-01-01 00:00:00,2024-01-01
6c39ea13-ac4e-4ce2-84a6-5801fdce5481,2019-04-20 22:56:00,2024-01-01 00:00:00,2024-01-01
231bd419-685c-4a7c-86fc-f896eb986a7c,2020-06-25 23:23:00,2024-01-01 00:00:00,2024-01-01
162f75bc-b2ed-40ce-a26e-981ea18f28c0,2020-06-29 04:06:00,2024-01-01 00:00:00,2024-01-01
428f3bea-e0ec-46fc-9e87-7911f78085c0,2023-08-14 11:43:00,2024-01-01 00:00:00,2024-01-01
d1af5b5f-9803-4859-82ba-f9a6eacbf0fc,2020-08-24 15:53:00,2024-01-01 00:00:00,2024-01-01
95ecfad2-598f-4b56-9182-5d3280ccafdb,2023-09-07 10:27:00,2024-01-01 00:00:00,2024-01-01
634f8b16-73b3-4736-a3cf-19823bbfe6c5,2023-05-16 04:00:00,2024-01-01 00:00:00,2024-01-01
b1dc94e1-9c1e-47a0-a619-b383230402dd,2023-09-27 04:08:00,2024-01-01 00:00:00,2024-01-01
a8c25bcf-82b8-4319-b1e5-589272d55207,2023-09-26 11:31:00,2024-01-01 00:00:00,2024-01-01
071aa882-feda-46a3-a4e8-02ec468ad223,2023-08-28 22:36:00,2024-01-01 00:00:00,2024-01-01
1beaa162-69db-48e2-8781-37d0903fd276,2019-02-06 23:03:00,2024-01-01 00:00:00,2024-01-01
b0a0d89b-80c6-4f3c-bafb-164caad0d852,2019-05-10 12:14:00,2024-01-01 00:00:00,2024-01-01
86e0ac77-a519-4936-bcb8-a02a31099e7b,2022-12-13 10:26:00,2024-01-01 00:00:00,2024-01-01
437c8e55-9887-4067-ad65-c7077711951c,2020-07-17 01:29:00,2024-01-01 00:00:00,2024-01-01
1ae0421e-b20f-4a4e-bb4a-8c5a792fae42,2019-12-18 04:17:00,2024-01-01 00:00:00,2024-01-01
8fa9fce9-f7f3-4b38-9843-15643dc064d4,2023-10-02 15:11:00,2024-01-01 00:00:00,2024-01-01
0306d001-3725-47dd-93af-046c8d337d2f,2021-10-27 17:39:00,2024-01-01 00:00:00,2024-01-01
0290b7ee-629b-4270-a398-a4e1e05c6e17,2020-11-02 23:56:00,2024-01-01 00:00:00,2024-01-01
834586db-c5c8-4589-bab4-39c974547035,2023-06-01 00:03:00,2024-01-01 00:00:00,2024-01-01
606887ac-1df3-4a90-9298-4903ce64efd6,2019-07-02 16:41:00,2024-01-01 00:00:00,2024-01-01
6d020665-2465-4a6e-b01a-6862c08f7c99,2023-07-31 05:10:00,2024-01-01 00:00:00,2024-01-01
d9fb499b-f185-4c70-b731-30f5aed515b8,2022-11-11 22:28:00,2024-01-01 00:00:00,2024-01-01
4da46ed5-9d9c-480d-aa47-7d43bc9c09fb,2020-05-07 04:26:00,2024-01-01 00:00:00,2024-01-01
115fdbad-ad54-4574-a146-59585c99eea9,2019-05-29 17:59:00,2024-01-01 00:00:00,2024-01-01
fc536289-9931-4b76-8e6b-d1236c0b89a3,2023-06-16 11:00:00,2024-01-01 00:00:00,2024-01-01
6b506c1b-f282-49ec-91e0-7af6d616ed5b,2021-09-13 01:50:00,2024-01-01 00:00:00,2024-01-01
44e549c9-2fe5-44df-8804-9d88f6092512,2020-12-20 17:41:00,2024-01-01 00:00:00,2024-01-01
07516eff-8e29-411e-b392-afaaee9016e6,2022-11-30 01:05:00,2024-01-01 00:00:00,2024-01-01
34e5977a-f47b-49db-b67b-fe24062b184d,2019-08-26 11:00:00,2024-01-01 00:00:00,2024-01-01
685a72a1-81ff-4c14-8ef4-776b03c7ecc5,2022-06-04 14:56:00,2024-01-01 00:00:00,2024-01-01
75b7337f-e116-4636-ac36-fe61ed885b30,2023-07-12 21:05:00,2024-01-01 00:00:00,2024-01-01
dedc6b5e-7dd0-4412-8bbc-91e03d351549,2020-10-07 13:05:00,2024-01-01 00:00:00,2024-01-01
4de6c7f0-1541-4146-ba6c-4b5813098f5e,2023-03-11 01:47:00,2024-01-01 00:00:00,2024-01-01
0d2eb9ad-40d8-4bcc-b97e-f4188da258d5,2021-01-12 14:03:00,2024-01-01 00:00:00,2024-01-01
cddb1832-8422-4468-ad72-0b4a782f2278,2023-08-09 04:12:00,2024-01-01 00:00:00,2024-01-01
6ecee6f2-1238-4a29-9fd3-442f6ff0e1fe,2019-03-31 14:04:00,2024-01-01 00:00:00,2024-01-01
c987c1d4-4420-48d0-87bf-7d5332046300,2023-07-17 18:20:00,2024-01-01 00:00:00,2024-01-01
b175f2f8-ff61-4186-8f41-8390e8baa39d,2022-10-25 00:30:00,2024-01-01 00:00:00,2024-01-01
c4d743a7-12c3-4b69-89ad-b1b4abbd5c4f,2020-06-09 22:53:00,2024-01-01 00:00:00,2024-01-01
2c6ffb96-8ed7-442d-a07e-22d72b2cc084,2022-08-31 16:36:00,2024-01-01 00:00:00,2024-01-01
117d3262-7947-4f82-b666-c1ac287f8bdc,2023-05-28 17:45:00,2024-01-01 00:00:00,2024-01-01
6fce7ef5-ee43-4bdb-90de-d63a0361ff25,2020-11-01 09:14:00,2024-01-01 00:00:00,2024-01-01
bd2d0caf-ea73-48cb-b440-8e605014b711,2023-07-19 04:51:00,2024-01-01 00:00:00,2024-01-01
bf5722b9-c754-45bd-a502-a5d56c8ab316,2022-03-08 14:26:00,2024-01-01 00:00:00,2024-01-01
61094253-0645-4e3a-8425-6747dd857e20,2022-04-29 18:13:00,2024-01-01 00:00:00,2024-01-01
a46186c5-5c89-4d8d-becf-598788357b0e,2023-11-07 13:22:00,2024-01-01 00:00:00,2024-01-01
4815c1f5-d4da-45ce-b56e-107a488864d4,2019-09-27 08:17:00,2024-01-01 00:00:00,2024-01-01
98ecac3b-17cd-418d-b996-6a44293cb0cf,2021-08-25 03:26:00,2024-01-01 00:00:00,2024-01-01
b5b9805f-a92e-43b2-88b9-2985519a4d52,2023-09-09 02:39:00,2024-01-01 00:00:00,2024-01-01
231bd419-685c-4a7c-86fc-f896eb986a7c,2023-06-13 16:59:00,2024-01-01 00:00:00,2024-01-01
cb22d79c-9cd7-4ebe-a15a-6a9c3fb34123,2019-10-17 06:51:00,2024-01-01 00:00:00,2024-01-01
6c39ea13-ac4e-4ce2-84a6-5801fdce5481,2020-09-28 17:05:00,2024-01-01 00:00:00,2024-01-01
571c636f-7a4a-4ac6-a7c6-d247fedb83c2,2020-03-12 23:49:00,2024-01-01 00:00:00,2024-01-01
e642b2cf-beb5-4842-8a40-ff302c3dea85,2019-05-25 08:21:00,2024-01-01 00:00:00,2024-01-01
6fee9276-03aa-45b9-b02e-e08ea008b870,2019-04-03 11:49:00,2024-01-01 00:00:00,2024-01-01
fa6dbc27-2b6a-4eb8-bbb5-9e5358db1290,2022-02-23 19:25:00,2024-01-01 00:00:00,2024-01-01
c9bf95b9-b0ae-4dc9-91af-c64e1f637bdf,2020-03-30 05:04:00,2024-01-01 00:00:00,2024-01-01
32e2f2ae-8d59-43ef-b972-bc85f1e3effa,2021-08-17 09:13:00,2024-01-01 00:00:00,2024-01-01
bf743547-e02b-423f-b740-ac35621649bf,2023-05-24 23:23:00,2024-01-01 00:00:00,2024-01-01
6b807bcd-3847-46b4-b0cc-81288a961cc5,2021-06-15 16:48:00,2024-01-01 00:00:00,2024-01-01
3dcb9969-4b73-4926-aa46-2c48ba947fc0,2023-08-15 10:55:00,2024-01-01 00:00:00,2024-01-01
5a485394-3184-41d9-948f-13c4ac0472c2,2019-11-07 16:03:00,2024-01-01 00:00:00,2024-01-01
b5bbac0d-38cb-48df-bf1e-ac8a70a044b5,2021-04-10 08:34:00,2024-01-01 00:00:00,2024-01-01
91096f25-23db-4314-bd32-4aedbc41c3ce,2021-06-10 23:27:00,2024-01-01 00:00:00,2024-01-01
252bc613-f891-4c50-bfa2-3f54657b5c15,2021-07-06 18:35:00,2024-01-01 00:00:00,2024-01-01
2b55163c-c8c3-4a9f-ad5a-0948e83fe97e,2020-03-24 08:57:00,2024-01-01 00:00:00,2024-01-01
698c485c-a3d2-4d4e-a084-fb3988b3d986,2020-09-05 17:32:00,2024-01-01 00:00:00,2024-01-01
4f6d1a01-7440-40a4-991d-9896724ec71c,2020-02-04 09:11:00,2024-01-01 00:00:00,2024-01-01
f9817dda-1be4-4164-98b5-454572022baa,2020-10-13 07:24:00,2024-01-01 00:00:00,2024-01-01
ab0a08c8-179f-4998-b48d-1f792d033ed8,2023-06-22 20:54:00,2024-01-01 00:00:00,2024-01-01
d38f3cd2-cd63-4045-82c5-930ec1485b40,2020-09-02 04:34:00,2024-01-01 00:00:00,2024-01-01
9ac816b3-ed31-438d-8de1-bdc665b55fff,2019-04-08 10:03:00,2024-01-01 00:00:00,2024-01-01
1cc7c465-4c34-47f9-bfc3-fffe059d40c5,2021-07-01 14:59:00,2024-01-01 00:00:00,2024-01-01
4f91f983-e901-4362-835d-b5d846345052,2020-07-20 01:25:00,2024-01-01 00:00:00,2024-01-01
0375d747-f805-4c9e-b6ae-321d1d5aa9fa,2021-01-07 19:21:00,2024-01-01 00:00:00,2024-01-01
9ba8e8ff-bbfd-4dfb-be8f-8a129cb40913,2020-12-22 11:25:00,2024-01-01 00:00:00,2024-01-01
3ffe091e-8a7c-4e2c-8e0d-90ed8faf148f,2019-11-23 18:11:00,2024-01-01 00:00:00,2024-01-01
030feb28-36e3-4593-8d5c-c8d42af61ec0,2023-02-02 00:38:00,2024-01-01 00:00:00,2024-01-01
0fe98d5e-6974-49a2-8470-b3d3e5c12fcc,2019-03-11 10:57:00,2024-01-01 00:00:00,2024-01-01
cdb86f12-47ce-4900-b3d0-7a1c71066282,2023-04-18 03:02:00,2024-01-01 00:00:00,2024-01-01
6b182886-4787-4abd-b35f-1500b7b96d40,2021-10-07 22:19:00,2024-01-01 00:00:00,2024-01-01
f2d02368-d00d-45a9-a715-4eaa09e96fd3,2023-02-05 21:38:00,2024-01-01 00:00:00,2024-01-01
5203a9a4-29dc-4a72-a571-35129e619f51,2019-07-28 07:06:00,2024-01-01 00:00:00,2024-01-01
47a65899-78bd-48cb-9e37-fc6c234729ae,2019-06-20 14:49:00,2024-01-01 00:00:00,2024-01-01
399f88ee-c3c2-4945-853e-1941dee550ef,2021-11-05 12:06:00,2024-01-01 00:00:00,2024-01-01
fa9d2712-59b1-4861-9cdc-4344e649a21a,2022-05-15 00:09:00,2024-01-01 00:00:00,2024-01-01
22396224-bed7-4623-aa8e-286ce43cea68,2020-11-03 09:45:00,2024-01-01 00:00:00,2024-01-01
143f33fe-1773-4762-ba69-036c875909eb,2021-06-30 12:03:00,2024-01-01 00:00:00,2024-01-01
b1739b28-f87d-41ac-b2cc-1214c3e645d9,2022-11-07 05:10:00,2024-01-01 00:00:00,2024-01-01
0f6883be-4fc4-4ae2-9de6-f9e7f47bca68,2022-07-22 12:45:00,2024-01-01 00:00:00,2024-01-01
018c7220-47ac-4839-a4d7-f8d59199bd91,2022-06-25 07:20:00,2024-01-01 00:00:00,2024-01-01
0fe86db3-0ef9-46f3-bdd2-e7a9cee1eaf2,2023-08-02 08:44:00,2024-01-01 00:00:00,2024-01-01
143f33fe-1773-4762-ba69-036c875909eb,2019-06-20 05:00:00,2024-01-01 00:00:00,2024-01-01
b16811c6-e37d-4e74-b5f5-a459d02da012,2019-06-19 04:11:00,2024-01-01 00:00:00,2024-01-01
571c636f-7a4a-4ac6-a7c6-d247fedb83c2,2021-06-15 10:50:00,2024-01-01 00:00:00,2024-01-01
86e0ac77-a519-4936-bcb8-a02a31099e7b,2023-06-14 18:22:00,2024-01-01 00:00:00,2024-01-01
5136c411-04fc-4c2f-ad40-bd70082eb2a4,2023-11-21 01:00:00,2024-01-01 00:00:00,2024-01-01
9eee11d9-1e54-4d27-97a8-725f02ae7950,2019-11-20 13:48:00,2024-01-01 00:00:00,2024-01-01
52e4d0f2-f61f-47b1-90f9-cfa43836e7eb,2023-07-22 01:05:00,2024-01-01 00:00:00,2024-01-01
eb15de3a-9a1b-4002-a390-d86101da476b,2020-10-16 10:13:00,2024-01-01 00:00:00,2024-01-01
d2247290-7cf7-4b10-be45-cd182bc553e0,2023-11-03 05:58:00,2024-01-01 00:00:00,2024-01-01
5da3fa31-83a7-4145-859c-0d3fa0770ac4,2023-12-05 20:43:00,2024-01-01 00:00:00,2024-01-01
9033db67-1d5a-4c89-9cd7-589bb022a6ee,2022-11-06 08:28:00,2024-01-01 00:00:00,2024-01-01
5203a9a4-29dc-4a72-a571-35129e619f51,2022-07-21 19:21:00,2024-01-01 00:00:00,2024-01-01
b3673644-b02d-4f35-a2aa-0344feca4972,2019-03-07 09:02:00,2024-01-01 00:00:00,2024-01-01
6e0e9c7d-40f2-4687-93a3-07886e09f690,2023-09-06 03:48:00,2024-01-01 00:00:00,2024-01-01
4f91f983-e901-4362-835d-b5d846345052,2021-06-26 06:54:00,2024-01-01 00:00:00,2024-01-01
81b66fee-e764-4208-8777-f3ce1e86f1c7,2019-09-22 19:35:00,2024-01-01 00:00:00,2024-01-01
698c485c-a3d2-4d4e-a084-fb3988b3d986,2019-04-12 11:45:00,2024-01-01 00:00:00,2024-01-01
4f37f760-e528-4e48-bb95-14c54d9a2102,2023-03-02 21:23:00,2024-01-01 00:00:00,2024-01-01
f2d02368-d00d-45a9-a715-4eaa09e96fd3,2022-08-11 07:42:00,2024-01-01 00:00:00,2024-01-01
5d34ee55-9636-4b86-a473-7aaedbd3b76e,2023-03-19 02:03:00,2024-01-01 00:00:00,2024-01-01
2a87e792-c7aa-4e6a-9a14-66a9007da535,2019-01-20 09:43:00,2024-01-01 00:00:00,2024-01-01
f99d828b-8cd3-4c4c-8a36-00180a02f43e,2022-06-27 09:49:00,2024-01-01 00:00:00,2024-01-01
80ea4b1f-ac5d-4950-a3b0-0c2e9adf5140,2023-01-17 06:44:00,2024-01-01 00:00:00,2024-01-01
a820e556-c90a-47c0-af29-f60ca8d22e08,2022-03-31 00:17:00,2024-01-01 00:00:00,2024-01-01
a8bae049-a215-4378-8164-0e4c821524c2,2020-12-14 01:56:00,2024-01-01 00:00:00,2024-01-01
eb453375-5631-495c-90b9-e0dc51cf23d0,2020-03-15 01:32:00,2024-01-01 00:00:00,2024-01-01
6fce7ef5-ee43-4bdb-90de-d63a0361ff25,2022-06-06 09:04:00,2024-01-01 00:00:00,2024-01-01
c29f8478-8036-4162-99ea-0f8aa0bcf424,2019-05-28 09:40:00,2024-01-01 00:00:00,2024-01-01
0be28c25-0327-4f80-8046-0eaeb54d8a11,2022-06-10 03:14:00,2024-01-01 00:00:00,2024-01-01
f3aecb8f-f8b9-406a-82a5-1f464e1c4e63,2022-09-01 19:39:00,2024-01-01 00:00:00,2024-01-01
b593d8ce-bfc5-49d2-b748-7f420e2ce0e0,2019-12-23 17:22:00,2024-01-01 00:00:00,2024-01-01
d250a920-f9be-4677-86a3-8a72838f9886,2020-12-09 07:58:00,2024-01-01 00:00:00,2024-01-01
fa9d2712-59b1-4861-9cdc-4344e649a21a,2021-02-04 18:21:00,2024-01-01 00:00:00,2024-01-01
95ecfad2-598f-4b56-9182-5d3280ccafdb,2019-10-28 11:24:00,2024-01-01 00:00:00,2024-01-01
4f9e3d13-9d52-4a48-ae3e-11f1955e8564,2019-05-25 01:26:00,2024-01-01 00:00:00,2024-01-01
cddb1832-8422-4468-ad72-0b4a782f2278,2021-09-24 18:00:00,2024-01-01 00:00:00,2024-01-01
00303e3b-745c-48cf-aa72-16d7c1db1a7d,2022-08-12 12:36:00,2024-01-01 00:00:00,2024-01-01
44e549c9-2fe5-44df-8804-9d88f6092512,2021-05-27 17:03:00,2024-01-01 00:00:00,2024-01-01
f0d033e3-4694-4cfb-9d77-489eed62b354,2019-05-31 12:45:00,2024-01-01 00:00:00,2024-01-01
a8c37e51-9852-4670-bd66-3bea5c508b16,2021-06-18 08:02:00,2024-01-01 00:00:00,2024-01-01
358cf9ef-9b97-4dc4-aabf-ea7e18ec3c24,2023-05-13 07:30:00,2024-01-01 00:00:00,2024-01-01
1f459003-3d70-4f02-af53-834af6494977,2021-10-22 22:43:00,2024-01-01 00:00:00,2024-01-01
37dd6d0b-8a9b-485f-964b-b252d580f62f,2019-09-14 06:42:00,2024-01-01 00:00:00,2024-01-01
cddb1832-8422-4468-ad72-0b4a782f2278,2020-02-01 09:19:00,2024-01-01 00:00:00,2024-01-01
6fce7ef5-ee43-4bdb-90de-d63a0361ff25,2022-04-04 11:55:00,2024-01-01 00:00:00,2024-01-01
cde40d91-3c13-4642-9f5d-491c6ab20139,2020-04-05 00:25:00,2024-01-01 00:00:00,2024-01-01
2f72de34-0cd3-4c9c-ba81-55c9916a9bbf,2021-10-02 12:48:00,2024-01-01 00:00:00,2024-01-01
bb6ecc9c-2824-4092-8115-75fd5579d8e0,2023-10-03 05:21:00,2024-01-01 00:00:00,2024-01-01
896872e5-c3d0-4f6e-89c7-414710662765,2020-11-02 06:10:00,2024-01-01 00:00:00,2024-01-01
9d98cbe1-4927-4e24-9153-1884433a2af6,2022-07-20 00:04:00,2024-01-01 00:00:00,2024-01-01
1ae0421e-b20f-4a4e-bb4a-8c5a792fae42,2021-10-07 12:20:00,2024-01-01 00:00:00,2024-01-01
cdd01a01-fe8b-40d4-b2a3-c0e0207a3a1f,2020-06-06 12:11:00,2024-01-01 00:00:00,2024-01-01
2b023759-5dc3-4917-8cbb-194bcec4bc52,2020-08-08 14:34:00,2024-01-01 00:00:00,2024-01-01
0c3f74d1-d580-49a6-b4ae-3d4efceccede,2020-06-05 18:03:00,2024-01-01 00:00:00,2024-01-01
dedc6b5e-7dd0-4412-8bbc-91e03d351549,2022-07-09 21:36:00,2024-01-01 00:00:00,2024-01-01
430db7a5-b9a0-4d5b-8b89-1fac2d3c6a09,2022-12-09 04:14:00,2024-01-01 00:00:00,2024-01-01
b245bbbd-73f7-444c-8cea-8bb0ff98105b,2023-06-05 09:21:00,2024-01-01 00:00:00,2024-01-01
197a906c-2754-459a-814c-c59419530f1a,2023-10-20 02:00:00,2024-01-01 00:00:00,2024-01-01
17578591-6f2f-4ce8-ad20-b56a113288b2,2023-02-18 01:36:00,2024-01-01 00:00:00,2024-01-01
3f5e8bfc-3258-4d11-a9ee-45d332fd0527,2019-03-23 13:53:00,2024-01-01 00:00:00,2024-01-01
95ecfad2-598f-4b56-9182-5d3280ccafdb,2022-10-18 11:15:00,2024-01-01 00:00:00,2024-01-01
7bd9faf9-ba67-4110-af10-8fd6782127f8,2019-01-12 17:35:00,2024-01-01 00:00:00,2024-01-01
9d0a07e7-7cad-4b11-b098-c63cd83d86cc,2021-04-27 08:15:00,2024-01-01 00:00:00,2024-01-01
6a01d889-b776-4f27-8221-299b8d06dc27,2019-01-29 03:05:00,2024-01-01 00:00:00,2024-01-01
2a87e792-c7aa-4e6a-9a14-66a9007da535,2021-02-25 14:14:00,2024-01-01 00:00:00,2024-01-01
d30e8550-6c98-4111-9929-897b013e7490,2023-06-16 19:59:00,2024-01-01 00:00:00,2024-01-01
2922af86-2997-4537-8609-bf9b9c5f81c3,2019-01-14 21:21:00,2024-01-01 00:00:00,2024-01-01
b4518080-60ea-4798-86bc-d3b1ae7c352b,2021-07-23 18:35:00,2024-01-01 00:00:00,2024-01-01
12e2c652-c18c-42a2-b89d-56ce102dc13c,2023-06-06 14:20:00,2024-01-01 00:00:00,2024-01-01
10b9b9a3-b3e2-47dc-b449-4a4592513e37,2023-10-22 05:05:00,2024-01-01 00:00:00,2024-01-01
b08e0e28-db42-4cbb-8e4a-78c0d93977d3,2019-12-17 23:37:00,2024-01-01 00:00:00,2024-01-01
376bf133-e199-4cba-9207-4b5fbcc0407c,2023-04-29 09:10:00,2024-01-01 00:00:00,2024-01-01
95ecfad2-598f-4b56-9182-5d3280ccafdb,2021-03-20 07:53:00,2024-01-01 00:00:00,2024-01-01
d99f29a1-fbfd-4641-9f25-3cddfc9e6f64,2020-05-07 21:51:00,2024-01-01 00:00:00,2024-01-01
33373b46-ff98-42fc-a39c-f0dcfbd5e720,2020-01-02 00:56:00,2024-01-01 00:00:00,2024-01-01
7fe05f0b-325e-4e03-9683-1584ee95d892,2022-11-22 14:23:00,2024-01-01 00:00:00,2024-01-01
4c2a4da0-f880-4031-b5e6-f907f463f170,2020-12-25 05:04:00,2024-01-01 00:00:00,2024-01-01
07e5b557-841f-4555-ae9d-a926caafb32a,2020-06-07 14:56:00,2024-01-01 00:00:00,2024-01-01
e7f6d769-7279-46ba-8b63-105cef9bfd01,2019-02-20 19:08:00,2024-01-01 00:00:00,2024-01-01
ab0a08c8-179f-4998-b48d-1f792d033ed8,2019-01-03 14:07:00,2024-01-01 00:00:00,2024-01-01
26a8ea3c-d6d3-417b-b4e9-4ad78e3d2c43,2019-07-06 11:53:00,2024-01-01 00:00:00,2024-01-01
4122fce1-1d01-4333-93d2-7682b5ab383f,2019-11-28 22:48:00,2024-01-01 00:00:00,2024-01-01
60a84bb9-9c76-4b64-ab1d-16dd31b94625,2022-02-01 05:12:00,2024-01-01 00:00:00,2024-01-01
52e4d0f2-f61f-47b1-90f9-cfa43836e7eb,2021-06-02 05:06:00,2024-01-01 00:00:00,2024-01-01
0a463b2e-0bf0-44b2-97ba-21ffe5dbeb0e,2022-08-18 19:46:00,2024-01-01 00:00:00,2024-01-01
f9f9c0af-5ea4-4402-98b2-b32c39f3f107,2022-09-14 02:22:00,2024-01-01 00:00:00,2024-01-01
45d7ea24-c950-49db-a864-e2d30c0d5168,2021-12-10 03:33:00,2024-01-01 00:00:00,2024-01-01
0be28c25-0327-4f80-8046-0eaeb54d8a11,2022-03-19 15:46:00,2024-01-01 00:00:00,2024-01-01
fa9d2712-59b1-4861-9cdc-4344e649a21a,2019-01-09 11:36:00,2024-01-01 00:00:00,2024-01-01
fcbc4199-ac99-41ff-975b-5c8ff7e2531d,2019-07-13 03:49:00,2024-01-01 00:00:00,2024-01-01
0fda5757-e968-416c-b349-cf15167f3425,2019-08-18 13:13:00,2024-01-01 00:00:00,2024-01-01
d1af5b5f-9803-4859-82ba-f9a6eacbf0fc,2022-01-01 10:35:00,2024-01-01 00:00:00,2024-01-01
974e368f-0337-4cb7-bfea-024151bc4b40,2022-02-01 23:37:00,2024-01-01 00:00:00,2024-01-01
cddb1832-8422-4468-ad72-0b4a782f2278,2020-10-02 23:29:00,2024-01-01 00:00:00,2024-01-01
f9b92ba0-683f-4413-aca6-0f09926c345c,2022-11-14 15:10:00,2024-01-01 00:00:00,2024-01-01
c47863ba-9eea-4d54-a20f-a8151df391ab,2022-12-12 03:24:00,2024-01-01 00:00:00,2024-01-01
6d020665-2465-4a6e-b01a-6862c08f7c99,2022-02-12 01:45:00,2024-01-01 00:00:00,2024-01-01
be16f2ee-cce4-4859-ae1b-2aa1315cd48d,2019-04-14 10:58:00,2024-01-01 00:00:00,2024-01-01
13ef26fb-028c-4b96-bd33-23545fd49368,2020-04-29 17:48:00,2024-01-01 00:00:00,2024-01-01
52e4d0f2-f61f-47b1-90f9-cfa43836e7eb,2023-07-14 19:54:00,2024-01-01 00:00:00,2024-01-01
ea2cf0bb-53e1-48f6-bf8d-338ee7db84df,2020-03-18 17:24:00,2024-01-01 00:00:00,2024-01-01
44e549c9-2fe5-44df-8804-9d88f6092512,2022-05-31 04:32:00,2024-01-01 00:00:00,2024-01-01
13ef26fb-028c-4b96-bd33-23545fd49368,2022-04-06 05:51:00,2024-01-01 00:00:00,2024-01-01
eea3d3c5-98b7-4022-b15a-0ec60a4b70ea,2021-11-08 10:56:00,2024-01-01 00:00:00,2024-01-01
f22170f9-0a9f-40c7-9f8e-6ed79578fb2c,2020-09-28 01:42:00,2024-01-01 00:00:00,2024-01-01
1ec056da-114f-4842-af22-25ee69039a38,2019-07-16 04:10:00,2024-01-01 00:00:00,2024-01-01
4d99c5c8-5bae-49f8-b001-1b9bc6a9e592,2023-01-19 15:10:00,2024-01-01 00:00:00,2024-01-01
51ec2300-6e24-4efa-964a-815a5f6df4aa,2019-01-03 05:35:00,2024-01-01 00:00:00,2024-01-01
a18c338e-2bdd-4513-ace8-d217c6e42651,2020-03-13 09:34:00,2024-01-01 00:00:00,2024-01-01
e6b82e62-5bc6-4d33-9de6-4ca3413eba00,2019-09-19 07:08:00,2024-01-01 00:00:00,2024-01-01
8f10bb43-2edd-452d-9b02-bc94aef8d31e,2022-09-18 04:03:00,2024-01-01 00:00:00,2024-01-01
617abd34-e75b-4589-9650-2b97ad5a95e1,2020-05-31 08:17:00,2024-01-01 00:00:00,2024-01-01
82bb5172-cd94-4a25-aca8-42681ed0ca0e,2021-09-24 20:13:00,2024-01-01 00:00:00,2024-01-01
fe8bb556-5df3-47c7-899d-9940e9d02faa,2023-02-06 23:55:00,2024-01-01 00:00:00,2024-01-01
ca44b5d3-9aa4-421b-80b7-3be6127a9240,2021-12-10 03:04:00,2024-01-01 00:00:00,2024-01-01
f9b92ba0-683f-4413-aca6-0f09926c345c,2021-05-13 11:36:00,2024-01-01 00:00:00,2024-01-01
15126595-ddb9-4291-9946-5b29f8108d8f,2022-05-18 06:44:00,2024-01-01 00:00:00,2024-01-01
a05f046b-dbbf-4c3a-8381-3696ddecc5ca,2019-01-21 04:47:00,2024-01-01 00:00:00,2024-01-01
1e043933-16fd-4566-b3cf-d3e2375294aa,2022-07-08 00:08:00,2024-01-01 00:00:00,2024-01-01
08846e86-3d8e-4c3e-af1b-1665cf209d9f,2019-03-15 06:03:00,2024-01-01 00:00:00,2024-01-01
4ad46ba6-0e0d-4a9f-99a0-daaf42573169,2020-07-21 22:44:00,2024-01-01 00:00:00,2024-01-01
484edafb-7818-402b-b84e-70c477977155,2019-11-02 04:08:00,2024-01-01 00:00:00,2024-01-01
b3673644-b02d-4f35-a2aa-0344feca4972,2023-01-08 15:22:00,2024-01-01 00:00:00,2024-01-01
698c485c-a3d2-4d4e-a084-fb3988b3d986,2023-10-08 04:44:00,2024-01-01 00:00:00,2024-01-01
1f1dca18-276e-4ea7-8598-8dfa3da1bd8f,2023-11-29 07:23:00,2024-01-01 00:00:00,2024-01-01
252bc613-f891-4c50-bfa2-3f54657b5c15,2023-01-10 01:57:00,2024-01-01 00:00:00,2024-01-01
b5d28e31-5851-4a1f-99b1-3cd87c68ee07,2023-05-10 04:32:00,2024-01-01 00:00:00,2024-01-01
89cda53c-2180-42c9-8e90-1403a0256776,2019-07-11 10:56:00,2024-01-01 00:00:00,2024-01-01
630f6ee2-4357-4798-b435-386ea8a00d80,2019-04-07 08:25:00,2024-01-01 00:00:00,2024-01-01
1cc9d468-4898-4575-9b28-0d959c1aa2eb,2020-02-08 21:52:00,2024-01-01 00:00:00,2024-01-01
47d943aa-5d75-4e6e-8867-4efa9c390aaa,2019-04-28 22:50:00,2024-01-01 00:00:00,2024-01-01
9a545791-bfa3-4b65-87e1-a3a88a349f27,2022-05-03 14:29:00,2024-01-01 00:00:00,2024-01-01
ac9c7b65-1f4c-49ab-98f7-497cc59418a5,2021-07-30 12:57:00,2024-01-01 00:00:00,2024-01-01
c5b60773-230d-452a-a448-54789e68efc7,2022-04-12 19:34:00,2024-01-01 00:00:00,2024-01-01
fe8bb556-5df3-47c7-899d-9940e9d02faa,2020-04-04 02:43:00,2024-01-01 00:00:00,2024-01-01
db32566f-74bd-466c-9ba7-ec9f5a3b3877,2019-02-16 05:38:00,2024-01-01 00:00:00,2024-01-01
680a1405-03aa-48f2-be89-62e1c8bf3627,2019-07-03 21:56:00,2024-01-01 00:00:00,2024-01-01
fa9d2712-59b1-4861-9cdc-4344e649a21a,2023-07-23 23:04:00,2024-01-01 00:00:00,2024-01-01
f1488b3f-9fa5-4679-a614-71f573583cdd,2021-08-19 12:55:00,2024-01-01 00:00:00,2024-01-01
ead94ea1-c900-466e-9a0d-0f4c131b4331,2022-05-30 05:37:00,2024-01-01 00:00:00,2024-01-01
6dda7226-673e-4822-b3ad-d1bc40f0d79d,2023-03-15 16:13:00,2024-01-01 00:00:00,2024-01-01
23548afa-8f4b-455a-b556-11068a4d1c9f,2019-09-02 00:16:00,2024-01-01 00:00:00,2024-01-01
17276d3c-a5c5-44c4-bcd9-8fb9341a88ca,2020-05-22 23:34:00,2024-01-01 00:00:00,2024-01-01
eea3d3c5-98b7-4022-b15a-0ec60a4b70ea,2023-08-09 02:39:00,2024-01-01 00:00:00,2024-01-01
b6b0758a-4b5d-4843-a330-5ea470bd1125,2021-03-03 05:09:00,2024-01-01 00:00:00,2024-01-01
974e368f-0337-4cb7-bfea-024151bc4b40,2022-03-08 06:07:00,2024-01-01 00:00:00,2024-01-01
10ed932c-9d7e-4b52-8acc-3d5ebb7ab0fa,2021-05-09 00:32:00,2024-01-01 00:00:00,2024-01-01
a4412d03-cb82-463c-8298-df6ca976c324,2019-04-25 12:35:00,2024-01-01 00:00:00,2024-01-01
b11e4077-bcfa-4850-b6d2-e2d7fbe51752,2021-01-24 13:53:00,2024-01-01 00:00:00,2024-01-01
2e4e0d6e-9e7c-4a8a-929d-e5a748af17d4,2021-03-16 01:24:00,2024-01-01 00:00:00,2024-01-01
52e4d0f2-f61f-47b1-90f9-cfa43836e7eb,2020-04-23 12:59:00,2024-01-01 00:00:00,2024-01-01
ea4d27d0-037c-4927-900f-4f755cec1ab2,2019-11-10 18:32:00,2024-01-01 00:00:00,2024-01-01
2a87e792-c7aa-4e6a-9a14-66a9007da535,2023-07-05 11:23:00,2024-01-01 00:00:00,2024-01-01
716a916c-81b3-4c8d-94e4-b2c24224dcd3,2019-05-04 18:18:00,2024-01-01 00:00:00,2024-01-01
33a8bae8-defe-45ee-bc55-acac9865843c,2023-05-14 08:19:00,2024-01-01 00:00:00,2024-01-01
e642b2cf-beb5-4842-8a40-ff302c3dea85,2022-09-05 14:27:00,2024-01-01 00:00:00,2024-01-01
13d5de61-8558-4387-8ab4-347a8f505a31,2021-03-12 21:19:00,2024-01-01 00:00:00,2024-01-01
68150799-c06b-4ee1-b210-48ab114ad0bb,2022-05-23 06:45:00,2024-01-01 00:00:00,2024-01-01
88ae4cc4-c859-41bb-b115-0a8c07730e75,2020-04-05 13:22:00,2024-01-01 00:00:00,2024-01-01
133046c4-5256-4bea-8a44-4afd95440375,2019-01-18 20:38:00,2024-01-01 00:00:00,2024-01-01
c5c7407c-e106-4782-bf24-d20acbd08956,2021-02-10 14:12:00,2024-01-01 00:00:00,2024-01-01
bb6ecc9c-2824-4092-8115-75fd5579d8e0,2019-09-23 05:24:00,2024-01-01 00:00:00,2024-01-01
fcbc4199-ac99-41ff-975b-5c8ff7e2531d,2019-10-03 03:05:00,2024-01-01 00:00:00,2024-01-01
06469e1b-9c8d-4e4e-9c14-e69b211f5475,2020-08-28 04:16:00,2024-01-01 00:00:00,2024-01-01
45d7ea24-c950-49db-a864-e2d30c0d5168,2020-03-19 13:42:00,2024-01-01 00:00:00,2024-01-01
0fe86db3-0ef9-46f3-bdd2-e7a9cee1eaf2,2019-10-09 23:21:00,2024-01-01 00:00:00,2024-01-01
61094253-0645-4e3a-8425-6747dd857e20,2022-09-02 22:20:00,2024-01-01 00:00:00,2024-01-01
a05f046b-dbbf-4c3a-8381-3696ddecc5ca,2020-06-29 04:06:00,2024-01-01 00:00:00,2024-01-01
1ec056da-114f-4842-af22-25ee69039a38,2022-10-22 16:40:00,2024-01-01 00:00:00,2024-01-01
0fe62ad4-3335-466e-b454-54daa2898258,2019-03-22 23:31:00,2024-01-01 00:00:00,2024-01-01
437c8e55-9887-4067-ad65-c7077711951c,2022-05-01 21:39:00,2024-01-01 00:00:00,2024-01-01
951a9f55-1058-4bd9-954d-043e088ec276,2019-07-20 19:59:00,2024-01-01 00:00:00,2024-01-01
d4f537d1-f965-4b8f-a988-6937f70e11b0,2021-04-14 20:15:00,2024-01-01 00:00:00,2024-01-01
117d3262-7947-4f82-b666-c1ac287f8bdc,2023-01-23 22:05:00,2024-01-01 00:00:00,2024-01-01
1542e8ac-6618-4f26-be85-1a7276b22a4b,2022-09-09 18:43:00,2024-01-01 00:00:00,2024-01-01
d9fb499b-f185-4c70-b731-30f5aed515b8,2021-02-17 07:12:00,2024-01-01 00:00:00,2024-01-01
1d682a19-a17e-4493-8004-f4b703c24c69,2022-02-20 07:56:00,2024-01-01 00:00:00,2024-01-01
d2247290-7cf7-4b10-be45-cd182bc553e0,2019-10-02 09:29:00,2024-01-01 00:00:00,2024-01-01
5203a9a4-29dc-4a72-a571-35129e619f51,2020-01-18 11:42:00,2024-01-01 00:00:00,2024-01-01
c2a105a4-8173-4003-8b19-f4ab166c39ed,2019-04-28 17:15:00,2024-01-01 00:00:00,2024-01-01
0ad16284-7dad-469c-81c6-08e7988e4581,2020-04-05 08:12:00,2024-01-01 00:00:00,2024-01-01
4f9e3d13-9d52-4a48-ae3e-11f1955e8564,2023-07-28 22:15:00,2024-01-01 00:00:00,2024-01-01
9ba8e8ff-bbfd-4dfb-be8f-8a129cb40913,2019-06-08 22:53:00,2024-01-01 00:00:00,2024-01-01
5d52cf68-3e58-494c-9ae6-1b53dbb06462,2021-01-19 21:33:00,2024-01-01 00:00:00,2024-01-01
d38f3cd2-cd63-4045-82c5-930ec1485b40,2021-10-19 00:23:00,2024-01-01 00:00:00,2024-01-01
1f459003-3d70-4f02-af53-834af6494977,2023-01-12 11:55:00,2024-01-01 00:00:00,2024-01-01
430db7a5-b9a0-4d5b-8b89-1fac2d3c6a09,2021-08-14 23:24:00,2024-01-01 00:00:00,2024-01-01
15b7b416-1e58-4228-96a9-59f3e18a3ef8,2022-11-13 21:17:00,2024-01-01 00:00:00,2024-01-01
9ac816b3-ed31-438d-8de1-bdc665b55fff,2021-10-19 14:25:00,2024-01-01 00:00:00,2024-01-01
edea4b5f-3f5d-4314-8bf0-a86d0b8effc6,2022-04-16 23:51:00,2024-01-01 00:00:00,2024-01-01
231bd419-685c-4a7c-86fc-f896eb986a7c,2020-07-03 20:21:00,2024-01-01 00:00:00,2024-01-01
bd5fa77c-f04c-4a4f-991f-e0fdda1d5c15,2020-02-13 07:27:00,2024-01-01 00:00:00,2024-01-01
15b7b416-1e58-4228-96a9-59f3e18a3ef8,2021-01-29 15:54:00,2024-01-01 00:00:00,2024-01-01
2a87e792-c7aa-4e6a-9a14-66a9007da535,2020-07-08 12:59:00,2024-01-01 00:00:00,2024-01-01
4815c1f5-d4da-45ce-b56e-107a488864d4,2023-01-31 16:24:00,2024-01-01 00:00:00,2024-01-01
9464ffba-fcb5-498e-a419-aeb3d5d04ee4,2023-07-11 13:13:00,2024-01-01 00:00:00,2024-01-01
a8bae049-a215-4378-8164-0e4c821524c2,2020-07-28 02:11:00,2024-01-01 00:00:00,2024-01-01
54ffe43a-ee72-49cf-9b9e-5ced527f8632,2020-12-03 11:01:00,2024-01-01 00:00:00,2024-01-01
6fce7ef5-ee43-4bdb-90de-d63a0361ff25,2022-01-01 00:36:00,2024-01-01 00:00:00,2024-01-01
beb98874-b0ac-48c3-bde8-08fcd607299b,2020-11-11 19:58:00,2024-01-01 00:00:00,2024-01-01
4ce603e2-bf3c-485e-b494-57807d95b843,2020-09-19 02:52:00,2024-01-01 00:00:00,2024-01-01
0c3f74d1-d580-49a6-b4ae-3d4efceccede,2020-11-30 12:38:00,2024-01-01 00:00:00,2024-01-01
98724ab7-5e21-4910-8c91-2b38879fbca5,2019-10-20 11:36:00,2024-01-01 00:00:00,2024-01-01
25295a76-1bd6-42b7-baa3-0a9ef6b4ccc2,2021-02-19 09:54:00,2024-01-01 00:00:00,2024-01-01
5cf3434d-e976-456e-a951-cad2c805a9ec,2021-07-03 03:54:00,2024-01-01 00:00:00,2024-01-01
80ea4b1f-ac5d-4950-a3b0-0c2e9adf5140,2020-05-05 14:55:00,2024-01-01 00:00:00,2024-01-01
d30e8550-6c98-4111-9929-897b013e7490,2020-07-19 07:23:00,2024-01-01 00:00:00,2024-01-01
2b55163c-c8c3-4a9f-ad5a-0948e83fe97e,2023-05-11 18:07:00,2024-01-01 00:00:00,2024-01-01
10e1907a-c902-42ac-b0e9-ab6bf2f0c62e,2020-06-28 12:07:00,2024-01-01 00:00:00,2024-01-01
54ffe43a-ee72-49cf-9b9e-5ced527f8632,2023-07-25 01:42:00,2024-01-01 00:00:00,2024-01-01
db32566f-74bd-466c-9ba7-ec9f5a3b3877,2020-06-26 17:37:00,2024-01-01 00:00:00,2024-01-01
6fefc024-07d9-4a86-ac9b-699fd27b6e4c,2020-02-05 05:26:00,2024-01-01 00:00:00,2024-01-01
dbf64d39-3c3e-4365-8718-51e7b760c8e7,2023-07-31 09:49:00,2024-01-01 00:00:00,2024-01-01
2cec8b9d-688b-4f35-9994-67758a1c216d,2020-10-10 09:13:00,2024-01-01 00:00:00,2024-01-01
a57ccce5-4849-48fc-bdfa-0c5932580ebc,2023-01-11 01:28:00,2024-01-01 00:00:00,2024-01-01
026515ac-4bbe-49a3-a1ec-e618af37f455,2022-03-06 07:42:00,2024-01-01 00:00:00,2024-01-01
2f72de34-0cd3-4c9c-ba81-55c9916a9bbf,2023-04-27 07:06:00,2024-01-01 00:00:00,2024-01-01
56d05cdd-aebf-42cf-9763-29dc7ba6640e,2022-10-26 00:01:00,2024-01-01 00:00:00,2024-01-01
bd2d0caf-ea73-48cb-b440-8e605014b711,2021-12-29 21:46:00,2024-01-01 00:00:00,2024-01-01
df12ed67-7c50-4007-92d4-1b779e3d741b,2019-09-07 16:52:00,2024-01-01 00:00:00,2024-01-01
0fe86db3-0ef9-46f3-bdd2-e7a9cee1eaf2,2020-12-30 05:09:00,2024-01-01 00:00:00,2024-01-01
9ba8e8ff-bbfd-4dfb-be8f-8a129cb40913,2019-09-04 11:46:00,2024-01-01 00:00:00,2024-01-01
55f0a218-16b9-4fe7-9689-7a69abe78aed,2022-01-29 02:58:00,2024-01-01 00:00:00,2024-01-01
834586db-c5c8-4589-bab4-39c974547035,2022-02-14 10:10:00,2024-01-01 00:00:00,2024-01-01
0f115cef-22dd-491e-bfcd-50da19e6280b,2020-03-04 21:17:00,2024-01-01 00:00:00,2024-01-01
3c329c0f-2222-4c83-931c-9f5f9b6d80a1,2023-02-22 05:27:00,2024-01-01 00:00:00,2024-01-01
33373b46-ff98-42fc-a39c-f0dcfbd5e720,2021-11-01 14:16:00,2024-01-01 00:00:00,2024-01-01
3fa1fc01-a9aa-49cf-8829-9d1000d73028,2020-06-30 21:41:00,2024-01-01 00:00:00,2024-01-01
802e86de-f4e7-4a53-92a2-7ebe0a47df39,2022-10-22 01:07:00,2024-01-01 00:00:00,2024-01-01
252bc613-f891-4c50-bfa2-3f54657b5c15,2021-10-15 20:10:00,2024-01-01 00:00:00,2024-01-01
241c0c69-7b36-4eac-a90b-d904e70f02dc,2023-11-17 21:01:00,2024-01-01 00:00:00,2024-01-01
0a72d6c0-600d-4783-be71-1be9d30ff28d,2022-11-17 13:50:00,2024-01-01 00:00:00,2024-01-01
f480b76b-76bc-484f-8d2c-955d43244901,2020-11-30 23:52:00,2024-01-01 00:00:00,2024-01-01
b245bbbd-73f7-444c-8cea-8bb0ff98105b,2019-10-30 14:29:00,2024-01-01 00:00:00,2024-01-01
fe8bb556-5df3-47c7-899d-9940e9d02faa,2021-07-16 18:27:00,2024-01-01 00:00:00,2024-01-01
143f33fe-1773-4762-ba69-036c875909eb,2021-03-30 10:26:00,2024-01-01 00:00:00,2024-01-01
252bc613-f891-4c50-bfa2-3f54657b5c15,2020-01-21 14:00:00,2024-01-01 00:00:00,2024-01-01
82bb5172-cd94-4a25-aca8-42681ed0ca0e,2019-08-17 01:41:00,2024-01-01 00:00:00,2024-01-01
95ecfad2-598f-4b56-9182-5d3280ccafdb,2023-08-22 20:44:00,2024-01-01 00:00:00,2024-01-01
1cc7c465-4c34-47f9-bfc3-fffe059d40c5,2021-01-01 04:52:00,2024-01-01 00:00:00,2024-01-01
1c02b15f-4616-4216-9b54-4c62a27c1ae9,2021-06-18 17:04:00,2024-01-01 00:00:00,2024-01-01
0d881a76-5b77-46a0-b263-b852fb91039c,2019-02-20 11:20:00,2024-01-01 00:00:00,2024-01-01
cbc1347d-0223-4fb6-b55a-c3b440586060,2022-08-22 21:02:00,2024-01-01 00:00:00,2024-01-01
0f6883be-4fc4-4ae2-9de6-f9e7f47bca68,2019-03-16 04:30:00,2024-01-01 00:00:00,2024-01-01
143f33fe-1773-4762-ba69-036c875909eb,2023-10-20 05:46:00,2024-01-01 00:00:00,2024-01-01
6b506c1b-f282-49ec-91e0-7af6d616ed5b,2019-09-20 09:11:00,2024-01-01 00:00:00,2024-01-01
81b66fee-e764-4208-8777-f3ce1e86f1c7,2020-10-16 21:54:00,2024-01-01 00:00:00,2024-01-01
6f389e71-46f7-4711-9fd1-f5329424e39b,2020-02-04 13:01:00,2024-01-01 00:00:00,2024-01-01
133046c4-5256-4bea-8a44-4afd95440375,2022-05-22 07:36:00,2024-01-01 00:00:00,2024-01-01
79a33a0e-8539-49c7-86a5-5a9f4cc6b6da,2022-11-18 03:49:00,2024-01-01 00:00:00,2024-01-01
33a8bae8-defe-45ee-bc55-acac9865843c,2020-03-21 12:33:00,2024-01-01 00:00:00,2024-01-01
50cf36b9-dc61-4a90-9621-0fdb28234606,2023-07-09 22:05:00,2024-01-01 00:00:00,2024-01-01
f71d9c1a-d831-4d37-ad50-2080459fea83,2021-10-09 01:12:00,2024-01-01 00:00:00,2024-01-01
f628a16d-7b88-4b36-9ce6-2f7a65ad95a1,2019-09-07 12:39:00,2024-01-01 00:00:00,2024-01-01
5a6399b6-bf5d-4464-97b1-d84976ec3f9b,2020-12-09 22:09:00,2024-01-01 00:00:00,2024-01-01
4ea1929e-fb62-497a-b376-f1ffee3f4867,2021-11-27 12:11:00,2024-01-01 00:00:00,2024-01-01
7844313c-03fb-460d-afa6-978f8001955b,2023-01-16 19:41:00,2024-01-01 00:00:00,2024-01-01
34e5977a-f47b-49db-b67b-fe24062b184d,2020-01-17 23:40:00,2024-01-01 00:00:00,2024-01-01
606887ac-1df3-4a90-9298-4903ce64efd6,2023-10-19 07:22:00,2024-01-01 00:00:00,2024-01-01
d2247290-7cf7-4b10-be45-cd182bc553e0,2019-09-19 11:39:00,2024-01-01 00:00:00,2024-01-01
177efbbb-6b14-4d57-98ee-ea47870b1dbb,2020-12-22 21:43:00,2024-01-01 00:00:00,2024-01-01
0be28c25-0327-4f80-8046-0eaeb54d8a11,2020-03-12 07:09:00,2024-01-01 00:00:00,2024-01-01
6a01d889-b776-4f27-8221-299b8d06dc27,2019-12-13 20:44:00,2024-01-01 00:00:00,2024-01-01
1cc7c465-4c34-47f9-bfc3-fffe059d40c5,2023-04-28 14:14:00,2024-01-01 00:00:00,2024-01-01
44444b0d-5b0a-407c-a8be-8eef20b13052,2022-12-03 06:57:00,2024-01-01 00:00:00,2024-01-01
3aaf62a5-fc82-4e62-ba5a-8869c58bf8c2,2021-12-05 19:11:00,2024-01-01 00:00:00,2024-01-01
99efa319-16a0-466f-9da7-67892c533f4e,2019-01-03 11:54:00,2024-01-01 00:00:00,2024-01-01
c47863ba-9eea-4d54-a20f-a8151df391ab,2021-08-28 22:53:00,2024-01-01 00:00:00,2024-01-01
8de62a84-d4d5-4cac-802c-040c252279d0,2023-05-20 07:50:00,2024-01-01 00:00:00,2024-01-01
4122fce1-1d01-4333-93d2-7682b5ab383f,2020-12-26 04:14:00,2024-01-01 00:00:00,2024-01-01
29b81039-f7fe-44d4-b9ae-e43004eff257,2021-05-16 02:32:00,2024-01-01 00:00:00,2024-01-01
546b971f-2bca-42ca-a9b9-11077fc42aad,2020-12-17 01:30:00,2024-01-01 00:00:00,2024-01-01
4da46ed5-9d9c-480d-aa47-7d43bc9c09fb,2021-03-24 01:35:00,2024-01-01 00:00:00,2024-01-01
95ecfad2-598f-4b56-9182-5d3280ccafdb,2021-07-29 16:11:00,2024-01-01 00:00:00,2024-01-01
ffaccd1e-794d-4d92-bbaf-a9d8ff556c88,2021-03-07 15:50:00,2024-01-01 00:00:00,2024-01-01
54c56d27-12b3-41fc-858b-e92641bf13e1,2019-09-05 16:51:00,2024-01-01 00:00:00,2024-01-01
5d34ee55-9636-4b86-a473-7aaedbd3b76e,2019-11-21 06:24:00,2024-01-01 00:00:00,2024-01-01
1ceb73a6-47a3-4dd2-adbc-d51def354a7c,2019-03-21 00:31:00,2024-01-01 00:00:00,2024-01-01
06bdb1fb-5584-44c3-b60e-ba9d730a9ff5,2019-09-13 12:06:00,2024-01-01 00:00:00,2024-01-01
bd2d0caf-ea73-48cb-b440-8e605014b711,2020-12-26 17:14:00,2024-01-01 00:00:00,2024-01-01
ada0d30b-858f-4ee4-b2c9-3e053d4df7ef,2022-02-17 17:40:00,2024-01-01 00:00:00,2024-01-01
7a7b7d9e-e75c-48d9-ad80-4b13675af47d,2020-01-10 02:54:00,2024-01-01 00:00:00,2024-01-01
b16811c6-e37d-4e74-b5f5-a459d02da012,2021-10-06 20:27:00,2024-01-01 00:00:00,2024-01-01
33a8bae8-defe-45ee-bc55-acac9865843c,2022-12-19 08:34:00,2024-01-01 00:00:00,2024-01-01
185e7502-135f-4aa2-aac7-26d0f0eed2cc,2023-10-27 12:30:00,2024-01-01 00:00:00,2024-01-01
cdb86f12-47ce-4900-b3d0-7a1c71066282,2020-02-15 14:48:00,2024-01-01 00:00:00,2024-01-01
fe8bb556-5df3-47c7-899d-9940e9d02faa,2020-06-21 04:13:00,2024-01-01 00:00:00,2024-01-01
c47863ba-9eea-4d54-a20f-a8151df391ab,2020-03-19 04:09:00,2024-01-01 00:00:00,2024-01-01
0fe86db3-0ef9-46f3-bdd2-e7a9cee1eaf2,2019-11-27 22:32:00,2024-01-01 00:00:00,2024-01-01
08846e86-3d8e-4c3e-af1b-1665cf209d9f,2019-02-04 03:48:00,2024-01-01 00:00:00,2024-01-01
df3e2096-a6af-4737-9d81-b254e45425e0,2022-05-29 08:09:00,2024-01-01 00:00:00,2024-01-01
62e1d3cc-9eb7-4f34-8ae1-35b34d1f7fc9,2020-12-09 21:54:00,2024-01-01 00:00:00,2024-01-01
10b9b9a3-b3e2-47dc-b449-4a4592513e37,2023-02-25 04:45:00,2024-01-01 00:00:00,2024-01-01
4243d1f7-0737-43e0-a170-78a6314dc76f,2023-07-29 21:40:00,2024-01-01 00:00:00,2024-01-01
0c3f74d1-d580-49a6-b4ae-3d4efceccede,2023-10-28 05:46:00,2024-01-01 00:00:00,2024-01-01
d38f3cd2-cd63-4045-82c5-930ec1485b40,2020-12-25 01:24:00,2024-01-01 00:00:00,2024-01-01
2a67aedf-6514-4b81-a4d7-060235d6e43e,2020-01-10 19:21:00,2024-01-01 00:00:00,2024-01-01
d1af5b5f-9803-4859-82ba-f9a6eacbf0fc,2020-03-08 20:03:00,2024-01-01 00:00:00,2024-01-01
7202611c-9b89-4c04-b67a-ffc76837fecb,2021-03-08 20:50:00,2024-01-01 00:00:00,2024-01-01
13ef26fb-028c-4b96-bd33-23545fd49368,2023-01-18 07:04:00,2024-01-01 00:00:00,2024-01-01
241c0c69-7b36-4eac-a90b-d904e70f02dc,2023-10-18 03:34:00,2024-01-01 00:00:00,2024-01-01
e3277bbf-6082-43b9-9df3-9183185ff074,2019-04-24 12:43:00,2024-01-01 00:00:00,2024-01-01
3cc55d11-2a77-4031-b604-92a025d7a129,2023-06-13 08:06:00,2024-01-01 00:00:00,2024-01-01
733feae3-11eb-45a6-9f4c-cfb082b5991c,2023-08-23 00:31:00,2024-01-01 00:00:00,2024-01-01
17803607-22cb-4c44-924d-744803b07c79,2022-10-02 07:54:00,2024-01-01 00:00:00,2024-01-01
437c8e55-9887-4067-ad65-c7077711951c,2022-02-18 09:49:00,2024-01-01 00:00:00,2024-01-01
7dc7578d-6c47-49be-92dd-63a8e617233c,2019-09-07 17:20:00,2024-01-01 00:00:00,2024-01-01
80ea4b1f-ac5d-4950-a3b0-0c2e9adf5140,2019-11-01 21:04:00,2024-01-01 00:00:00,2024-01-01
2df2adba-7f82-402e-ba5c-c93f88573bb2,2020-03-26 12:11:00,2024-01-01 00:00:00,2024-01-01
aaac741f-a52f-4733-a964-8c86c6d69c6d,2021-04-01 01:32:00,2024-01-01 00:00:00,2024-01-01
54ffe43a-ee72-49cf-9b9e-5ced527f8632,2023-05-26 21:25:00,2024-01-01 00:00:00,2024-01-01
28bb2c40-3d13-41a8-8b00-f3b3855cfc8f,2020-04-14 23:30:00,2024-01-01 00:00:00,2024-01-01
a4412d03-cb82-463c-8298-df6ca976c324,2022-09-07 12:04:00,2024-01-01 00:00:00,2024-01-01
050a9365-3653-4f9d-86be-006ee20e6d6d,2020-10-04 08:50:00,2024-01-01 00:00:00,2024-01-01
95ecfad2-598f-4b56-9182-5d3280ccafdb,2021-09-02 11:20:00,2024-01-01 00:00:00,2024-01-01
cddb1832-8422-4468-ad72-0b4a782f2278,2020-05-29 02:51:00,2024-01-01 00:00:00,2024-01-01
4ad46ba6-0e0d-4a9f-99a0-daaf42573169,2019-12-23 20:42:00,2024-01-01 00:00:00,2024-01-01
7d452a25-98d5-4e93-91d0-c5173fe7ba0b,2019-05-18 02:27:00,2024-01-01 00:00:00,2024-01-01
a4e34d9b-0a0d-46a2-9d9e-c7314cb0b44c,2023-01-15 02:04:00,2024-01-01 00:00:00,2024-01-01
98ecac3b-17cd-418d-b996-6a44293cb0cf,2022-03-05 21:21:00,2024-01-01 00:00:00,2024-01-01
eb453375-5631-495c-90b9-e0dc51cf23d0,2020-11-06 08:01:00,2024-01-01 00:00:00,2024-01-01
1c02b15f-4616-4216-9b54-4c62a27c1ae9,2022-03-12 21:05:00,2024-01-01 00:00:00,2024-01-01
231bd419-685c-4a7c-86fc-f896eb986a7c,2022-03-26 12:37:00,2024-01-01 00:00:00,2024-01-01
4f37f760-e528-4e48-bb95-14c54d9a2102,2020-03-09 10:28:00,2024-01-01 00:00:00,2024-01-01
d724b683-e963-4386-b2b8-fd0848f7abae,2022-01-25 11:51:00,2024-01-01 00:00:00,2024-01-01
7bb3ebad-db7d-4fa2-af39-7c8d05d05501,2020-01-14 15:51:00,2024-01-01 00:00:00,2024-01-01
6c39ea13-ac4e-4ce2-84a6-5801fdce5481,2019-01-02 04:01:00,2024-01-01 00:00:00,2024-01-01
0288a5fb-a2e3-472e-b132-4e10784bc88a,2020-06-03 13:10:00,2024-01-01 00:00:00,2024-01-01
b175f2f8-ff61-4186-8f41-8390e8baa39d,2022-09-27 02:39:00,2024-01-01 00:00:00,2024-01-01
db32566f-74bd-466c-9ba7-ec9f5a3b3877,2023-11-11 15:06:00,2024-01-01 00:00:00,2024-01-01
fb196124-3f62-4741-8b92-6d48e5001c61,2019-10-06 21:05:00,2024-01-01 00:00:00,2024-01-01
2dd3fe93-4eb9-4533-a2c0-6041b3aefc7d,2019-11-03 02:12:00,2024-01-01 00:00:00,2024-01-01
7202611c-9b89-4c04-b67a-ffc76837fecb,2022-03-16 22:27:00,2024-01-01 00:00:00,2024-01-01
58d36a37-67ff-4d9b-9eaa-516f9e053ead,2022-06-24 14:34:00,2024-01-01 00:00:00,2024-01-01
241c0c69-7b36-4eac-a90b-d904e70f02dc,2022-03-06 14:25:00,2024-01-01 00:00:00,2024-01-01
10b9b9a3-b3e2-47dc-b449-4a4592513e37,2019-03-16 16:30:00,2024-01-01 00:00:00,2024-01-01
5bc5474f-e659-435e-92e4-f5bcc8af59ad,2020-03-17 05:27:00,2024-01-01 00:00:00,2024-01-01
fa9b92d0-1ba3-4b48-9147-edcc511ecf01,2021-10-01 15:14:00,2024-01-01 00:00:00,2024-01-01
33373b46-ff98-42fc-a39c-f0dcfbd5e720,2019-06-13 19:49:00,2024-01-01 00:00:00,2024-01-01
fe8bb556-5df3-47c7-899d-9940e9d02faa,2020-01-15 14:41:00,2024-01-01 00:00:00,2024-01-01
05d53705-6b97-4966-95a7-34b64c31de69,2021-03-08 00:29:00,2024-01-01 00:00:00,2024-01-01
358cf9ef-9b97-4dc4-aabf-ea7e18ec3c24,2020-11-25 18:33:00,2024-01-01 00:00:00,2024-01-01
02a585b3-312f-42dd-ba85-2c7d20ebd68f,2021-12-31 15:41:00,2024-01-01 00:00:00,2024-01-01
5a485394-3184-41d9-948f-13c4ac0472c2,2022-01-20 11:15:00,2024-01-01 00:00:00,2024-01-01
7bd9faf9-ba67-4110-af10-8fd6782127f8,2023-09-18 06:40:00,2024-01-01 00:00:00,2024-01-01
28bb2c40-3d13-41a8-8b00-f3b3855cfc8f,2022-11-03 22:44:00,2024-01-01 00:00:00,2024-01-01
d789c5f0-4cf4-40e0-a85f-a2b3f0cfc46a,2020-09-24 03:38:00,2024-01-01 00:00:00,2024-01-01
6b182886-4787-4abd-b35f-1500b7b96d40,2019-07-07 12:21:00,2024-01-01 00:00:00,2024-01-01
f3aab638-34fe-42e7-bb13-82c8fb296808,2020-09-24 00:32:00,2024-01-01 00:00:00,2024-01-01
72af3421-4c21-454c-ae33-5b876b8ee2d8,2022-10-08 18:40:00,2024-01-01 00:00:00,2024-01-01
5cf3434d-e976-456e-a951-cad2c805a9ec,2020-11-16 07:07:00,2024-01-01 00:00:00,2024-01-01
95ecfad2-598f-4b56-9182-5d3280ccafdb,2019-10-24 05:07:00,2024-01-01 00:00:00,2024-01-01
9bddb06a-1019-4e75-a10a-17b93e8b5b42,2022-04-15 11:53:00,2024-01-01 00:00:00,2024-01-01
2df2adba-7f82-402e-ba5c-c93f88573bb2,2019-02-18 11:31:00,2024-01-01 00:00:00,2024-01-01
ad6498b7-1091-4c58-a2a6-649cf753ffc0,2023-07-12 08:18:00,2024-01-01 00:00:00,2024-01-01
60b418d4-86d2-4132-9bc5-6ca7e221f7f0,2022-02-27 14:51:00,2024-01-01 00:00:00,2024-01-01
13ef26fb-028c-4b96-bd33-23545fd49368,2020-08-04 00:45:00,2024-01-01 00:00:00,2024-01-01
071aa882-feda-46a3-a4e8-02ec468ad223,2019-04-13 04:26:00,2024-01-01 00:00:00,2024-01-01
81b66fee-e764-4208-8777-f3ce1e86f1c7,2022-02-23 12:19:00,2024-01-01 00:00:00,2024-01-01
12e2c652-c18c-42a2-b89d-56ce102dc13c,2020-09-25 21:48:00,2024-01-01 00:00:00,2024-01-01
d724b683-e963-4386-b2b8-fd0848f7abae,2021-06-10 12:19:00,2024-01-01 00:00:00,2024-01-01
0375d747-f805-4c9e-b6ae-321d1d5aa9fa,2022-03-18 18:28:00,2024-01-01 00:00:00,2024-01-01
2cec8b9d-688b-4f35-9994-67758a1c216d,2020-09-25 02:26:00,2024-01-01 00:00:00,2024-01-01
d789c5f0-4cf4-40e0-a85f-a2b3f0cfc46a,2023-07-30 12:56:00,2024-01-01 00:00:00,2024-01-01
29b81039-f7fe-44d4-b9ae-e43004eff257,2020-12-12 22:02:00,2024-01-01 00:00:00,2024-01-01
a46186c5-5c89-4d8d-becf-598788357b0e,2020-06-10 10:02:00,2024-01-01 00:00:00,2024-01-01
630f6ee2-4357-4798-b435-386ea8a00d80,2019-02-17 07:22:00,2024-01-01 00:00:00,2024-01-01
6fce7ef5-ee43-4bdb-90de-d63a0361ff25,2020-10-06 07:30:00,2024-01-01 00:00:00,2024-01-01
91096f25-23db-4314-bd32-4aedbc41c3ce,2020-02-12 18:47:00,2024-01-01 00:00:00,2024-01-01
f01637cc-a763-46b3-bcba-d4a735df0e30,2021-03-01 08:36:00,2024-01-01 00:00:00,2024-01-01
44444b0d-5b0a-407c-a8be-8eef20b13052,2021-05-23 05:29:00,2024-01-01 00:00:00,2024-01-01
9ba8e8ff-bbfd-4dfb-be8f-8a129cb40913,2021-06-22 03:56:00,2024-01-01 00:00:00,2024-01-01
10b9b9a3-b3e2-47dc-b449-4a4592513e37,2022-07-24 20:22:00,2024-01-01 00:00:00,2024-01-01
cddb1832-8422-4468-ad72-0b4a782f2278,2019-10-09 22:24:00,2024-01-01 00:00:00,2024-01-01
315b8757-9504-4390-b0fc-071c5fca4539,2020-04-01 06:03:00,2024-01-01 00:00:00,2024-01-01
018c7220-47ac-4839-a4d7-f8d59199bd91,2022-11-23 18:29:00,2024-01-01 00:00:00,2024-01-01
896872e5-c3d0-4f6e-89c7-414710662765,2023-01-12 05:23:00,2024-01-01 00:00:00,2024-01-01
eb15de3a-9a1b-4002-a390-d86101da476b,2020-12-17 05:33:00,2024-01-01 00:00:00,2024-01-01
07e5b557-841f-4555-ae9d-a926caafb32a,2019-11-26 13:43:00,2024-01-01 00:00:00,2024-01-01
29b81039-f7fe-44d4-b9ae-e43004eff257,2020-02-27 09:15:00,2024-01-01 00:00:00,2024-01-01
d06afe8f-b00f-4b3d-951b-dfc4f57cbee5,2019-06-10 10:39:00,2024-01-01 00:00:00,2024-01-01
162f75bc-b2ed-40ce-a26e-981ea18f28c0,2020-08-16 16:39:00,2024-01-01 00:00:00,2024-01-01
62e1d3cc-9eb7-4f34-8ae1-35b34d1f7fc9,2023-10-07 18:48:00,2024-01-01 00:00:00,2024-01-01
2f7e88e4-152b-43bf-93f3-dbe2106bdc84,2020-11-17 12:22:00,2024-01-01 00:00:00,2024-01-01
026515ac-4bbe-49a3-a1ec-e618af37f455,2020-07-30 21:27:00,2024-01-01 00:00:00,2024-01-01
f1488b3f-9fa5-4679-a614-71f573583cdd,2020-05-22 10:48:00,2024-01-01 00:00:00,2024-01-01
8ee674a6-edf5-4d38-b0a6-ab650b05352f,2020-06-20 09:47:00,2024-01-01 00:00:00,2024-01-01
2dd3fe93-4eb9-4533-a2c0-6041b3aefc7d,2020-03-29 22:16:00,2024-01-01 00:00:00,2024-01-01
5bc5474f-e659-435e-92e4-f5bcc8af59ad,2023-05-28 09:39:00,2024-01-01 00:00:00,2024-01-01
645d4d49-dc87-47fe-a65f-0dcbc44cde63,2019-09-06 18:59:00,2024-01-01 00:00:00,2024-01-01
9033db67-1d5a-4c89-9cd7-589bb022a6ee,2022-05-20 07:48:00,2024-01-01 00:00:00,2024-01-01
7202611c-9b89-4c04-b67a-ffc76837fecb,2022-05-29 22:54:00,2024-01-01 00:00:00,2024-01-01
eea3d3c5-98b7-4022-b15a-0ec60a4b70ea,2020-06-13 18:28:00,2024-01-01 00:00:00,2024-01-01
4122fce1-1d01-4333-93d2-7682b5ab383f,2020-08-06 18:56:00,2024-01-01 00:00:00,2024-01-01
7c4a0338-8dcb-4de5-b189-da33fbef11d0,2020-07-06 13:16:00,2024-01-01 00:00:00,2024-01-01
695e0ca8-2132-420d-95e4-d58bf723c4df,2019-02-05 21:53:00,2024-01-01 00:00:00,2024-01-01
52e4d0f2-f61f-47b1-90f9-cfa43836e7eb,2022-09-08 17:10:00,2024-01-01 00:00:00,2024-01-01
04723e3e-62de-4c60-8482-d3c5544ef0d5,2019-10-27 01:37:00,2024-01-01 00:00:00,2024-01-01
a0193e2c-8fac-4f96-b87b-b3dbb309bef1,2020-11-03 13:08:00,2024-01-01 00:00:00,2024-01-01
d463fafa-7d15-4981-8b7e-9bcb112f286d,2022-05-24 15:46:00,2024-01-01 00:00:00,2024-01-01
34e5977a-f47b-49db-b67b-fe24062b184d,2020-03-23 21:52:00,2024-01-01 00:00:00,2024-01-01
74131f6e-f541-48f8-b0f1-0ea715749268,2021-12-27 16:37:00,2024-01-01 00:00:00,2024-01-01
23a41a82-aaeb-4cbc-a3da-56c530260b62,2023-10-24 08:06:00,2024-01-01 00:00:00,2024-01-01
a9032709-b02e-4e5e-ab7b-084c49a7cb9f,2020-05-25 03:00:00,2024-01-01 00:00:00,2024-01-01
28bb2c40-3d13-41a8-8b00-f3b3855cfc8f,2023-04-06 14:08:00,2024-01-01 00:00:00,2024-01-01
c47863ba-9eea-4d54-a20f-a8151df391ab,2019-05-06 05:07:00,2024-01-01 00:00:00,2024-01-01
13ef26fb-028c-4b96-bd33-23545fd49368,2023-10-29 01:30:00,2024-01-01 00:00:00,2024-01-01
133046c4-5256-4bea-8a44-4afd95440375,2020-10-31 16:22:00,2024-01-01 00:00:00,2024-01-01
54ffe43a-ee72-49cf-9b9e-5ced527f8632,2020-01-30 20:45:00,2024-01-01 00:00:00,2024-01-01
026515ac-4bbe-49a3-a1ec-e618af37f455,2023-05-26 11:21:00,2024-01-01 00:00:00,2024-01-01
f9817dda-1be4-4164-98b5-454572022baa,2021-08-25 18:08:00,2024-01-01 00:00:00,2024-01-01
430db7a5-b9a0-4d5b-8b89-1fac2d3c6a09,2023-10-26 04:02:00,2024-01-01 00:00:00,2024-01-01
bb33d41c-4831-4a38-b78c-cc314fb2914a,2020-05-15 01:19:00,2024-01-01 00:00:00,2024-01-01
88ae4cc4-c859-41bb-b115-0a8c07730e75,2020-07-23 13:54:00,2024-01-01 00:00:00,2024-01-01
a8889766-c29c-428d-8e56-ebc3d569b2b5,2020-09-15 02:09:00,2024-01-01 00:00:00,2024-01-01
906d7997-95c3-4edf-8222-0f6d5f7a8efb,2023-01-21 07:36:00,2024-01-01 00:00:00,2024-01-01
ce0b6f95-c730-496a-a07a-8384d42befb9,2019-04-22 00:09:00,2024-01-01 00:00:00,2024-01-01
8ee674a6-edf5-4d38-b0a6-ab650b05352f,2023-02-18 11:06:00,2024-01-01 00:00:00,2024-01-01
430db7a5-b9a0-4d5b-8b89-1fac2d3c6a09,2019-10-07 03:13:00,2024-01-01 00:00:00,2024-01-01
8fa9fce9-f7f3-4b38-9843-15643dc064d4,2023-02-11 14:21:00,2024-01-01 00:00:00,2024-01-01
2a87e792-c7aa-4e6a-9a14-66a9007da535,2023-10-25 11:33:00,2024-01-01 00:00:00,2024-01-01
4815c1f5-d4da-45ce-b56e-107a488864d4,2022-12-18 12:12:00,2024-01-01 00:00:00,2024-01-01
b6cb65d6-dc7d-406e-ad55-6d07d36e2845,2020-11-08 10:40:00,2024-01-01 00:00:00,2024-01-01
a8ca0ebc-9b7f-4d34-8d04-2fc582139c8f,2022-10-19 15:00:00,2024-01-01 00:00:00,2024-01-01
399f88ee-c3c2-4945-853e-1941dee550ef,2022-02-11 13:51:00,2024-01-01 00:00:00,2024-01-01
ea89fd49-731f-4da8-969b-bc2a6c8bea84,2019-06-11 18:39:00,2024-01-01 00:00:00,2024-01-01
23548afa-8f4b-455a-b556-11068a4d1c9f,2020-03-23 02:16:00,2024-01-01 00:00:00,2024-01-01
bd5fa77c-f04c-4a4f-991f-e0fdda1d5c15,2022-12-16 17:19:00,2024-01-01 00:00:00,2024-01-01
185e7502-135f-4aa2-aac7-26d0f0eed2cc,2020-01-23 22:20:00,2024-01-01 00:00:00,2024-01-01
9cd072bf-530a-47fc-8e8f-2f08787a39bb,2021-03-23 07:05:00,2024-01-01 00:00:00,2024-01-01
04723e3e-62de-4c60-8482-d3c5544ef0d5,2019-05-29 17:35:00,2024-01-01 00:00:00,2024-01-01
ed6c27f0-06b8-4e66-b130-c2c4aa6c9376,2021-01-29 06:18:00,2024-01-01 00:00:00,2024-01-01
00a0efc8-6053-489f-be9b-2c105c9904d8,2020-01-11 13:10:00,2024-01-01 00:00:00,2024-01-01
5eef5951-d005-4984-b47a-d06c66199451,2022-10-05 04:02:00,2024-01-01 00:00:00,2024-01-01
8564e2c0-2c90-4a7f-ac42-b93cbec1c8c2,2023-10-24 06:19:00,2024-01-01 00:00:00,2024-01-01
df3e2096-a6af-4737-9d81-b254e45425e0,2021-07-25 05:16:00,2024-01-01 00:00:00,2024-01-01
07218b72-f093-4fb3-ba40-a0b2e73c75e2,2021-04-12 20:06:00,2024-01-01 00:00:00,2024-01-01
133046c4-5256-4bea-8a44-4afd95440375,2019-02-08 07:42:00,2024-01-01 00:00:00,2024-01-01
ef42be3b-52c9-4d67-aa60-aeed0338830b,2021-07-12 18:26:00,2024-01-01 00:00:00,2024-01-01
5eef5951-d005-4984-b47a-d06c66199451,2021-10-30 22:43:00,2024-01-01 00:00:00,2024-01-01
be7267ea-8018-4b14-ba5c-cfcb66781462,2023-06-29 12:50:00,2024-01-01 00:00:00,2024-01-01
0fe98d5e-6974-49a2-8470-b3d3e5c12fcc,2023-08-10 00:02:00,2024-01-01 00:00:00,2024-01-01
79a33a0e-8539-49c7-86a5-5a9f4cc6b6da,2022-02-04 20:20:00,2024-01-01 00:00:00,2024-01-01
f004475d-46db-455f-979c-165786d0d6df,2022-12-26 04:36:00,2024-01-01 00:00:00,2024-01-01
834586db-c5c8-4589-bab4-39c974547035,2023-10-29 12:48:00,2024-01-01 00:00:00,2024-01-01
b593d8ce-bfc5-49d2-b748-7f420e2ce0e0,2022-04-08 01:09:00,2024-01-01 00:00:00,2024-01-01
7dc7578d-6c47-49be-92dd-63a8e617233c,2023-07-07 02:41:00,2024-01-01 00:00:00,2024-01-01
546b971f-2bca-42ca-a9b9-11077fc42aad,2022-09-19 15:28:00,2024-01-01 00:00:00,2024-01-01
9464ffba-fcb5-498e-a419-aeb3d5d04ee4,2020-08-08 14:16:00,2024-01-01 00:00:00,2024-01-01
91096f25-23db-4314-bd32-4aedbc41c3ce,2020-01-21 09:13:00,2024-01-01 00:00:00,2024-01-01
79fbb9d8-ed15-4bdd-8f1c-01a474820fe1,2023-09-20 01:09:00,2024-01-01 00:00:00,2024-01-01
f3e3ebe3-029a-424d-8e46-d1cabd507128,2020-04-12 11:03:00,2024-01-01 00:00:00,2024-01-01
cbda28f9-cabb-4ef5-b3b6-8d4b48165def,2019-12-01 17:39:00,2024-01-01 00:00:00,2024-01-01
376bf133-e199-4cba-9207-4b5fbcc0407c,2020-07-28 12:21:00,2024-01-01 00:00:00,2024-01-01
0375d747-f805-4c9e-b6ae-321d1d5aa9fa,2020-01-07 10:46:00,2024-01-01 00:00:00,2024-01-01
07516eff-8e29-411e-b392-afaaee9016e6,2023-11-22 05:12:00,2024-01-01 00:00:00,2024-01-01
e4b2d4dd-f0bf-4bc7-9aad-ea4f57989680,2020-02-16 16:09:00,2024-01-01 00:00:00,2024-01-01
54073c9a-d5d8-4c8c-b6b2-4334ffa3652e,2022-07-01 07:00:00,2024-01-01 00:00:00,2024-01-01
8819d9f7-a96c-49ba-b6d3-97e15ed72dbb,2019-10-07 04:21:00,2024-01-01 00:00:00,2024-01-01
694d5a62-55fa-4bbb-abc3-bc467341d8d3,2021-04-01 03:13:00,2024-01-01 00:00:00,2024-01-01
7c4a0338-8dcb-4de5-b189-da33fbef11d0,2020-02-23 00:14:00,2024-01-01 00:00:00,2024-01-01
484edafb-7818-402b-b84e-70c477977155,2019-02-14 06:16:00,2024-01-01 00:00:00,2024-01-01
71e26478-1b8b-42c6-9d73-9790ed1ca341,2021-04-16 14:04:00,2024-01-01 00:00:00,2024-01-01
1e87b20e-fff6-4872-96d5-dec2cad2713a,2023-02-12 03:42:00,2024-01-01 00:00:00,2024-01-01
3ae4c331-afe9-42f6-86e0-16b66d7c48bf,2021-05-26 14:23:00,2024-01-01 00:00:00,2024-01-01
bb33d41c-4831-4a38-b78c-cc314fb2914a,2023-07-29 14:54:00,2024-01-01 00:00:00,2024-01-01
7fe05f0b-325e-4e03-9683-1584ee95d892,2021-05-24 15:39:00,2024-01-01 00:00:00,2024-01-01
5da3fa31-83a7-4145-859c-0d3fa0770ac4,2022-06-03 10:15:00,2024-01-01 00:00:00,2024-01-01
390cb769-6de3-4ad2-a51d-c5a1c0bd5859,2023-03-13 05:17:00,2024-01-01 00:00:00,2024-01-01
018c7220-47ac-4839-a4d7-f8d59199bd91,2022-08-07 06:03:00,2024-01-01 00:00:00,2024-01-01
44e549c9-2fe5-44df-8804-9d88f6092512,2019-06-10 05:58:00,2024-01-01 00:00:00,2024-01-01
1e043933-16fd-4566-b3cf-d3e2375294aa,2020-04-17 18:35:00,2024-01-01 00:00:00,2024-01-01
185e7502-135f-4aa2-aac7-26d0f0eed2cc,2023-04-26 15:10:00,2024-01-01 00:00:00,2024-01-01
f2d02368-d00d-45a9-a715-4eaa09e96fd3,2020-04-26 06:17:00,2024-01-01 00:00:00,2024-01-01
162f75bc-b2ed-40ce-a26e-981ea18f28c0,2023-01-07 04:02:00,2024-01-01 00:00:00,2024-01-01
0fe98d5e-6974-49a2-8470-b3d3e5c12fcc,2019-09-18 09:29:00,2024-01-01 00:00:00,2024-01-01
8f10bb43-2edd-452d-9b02-bc94aef8d31e,2019-05-20 18:51:00,2024-01-01 00:00:00,2024-01-01
33373b46-ff98-42fc-a39c-f0dcfbd5e720,2023-02-27 00:05:00,2024-01-01 00:00:00,2024-01-01
2b55163c-c8c3-4a9f-ad5a-0948e83fe97e,2021-07-19 05:10:00,2024-01-01 00:00:00,2024-01-01
33373b46-ff98-42fc-a39c-f0dcfbd5e720,2022-09-17 04:18:00,2024-01-01 00:00:00,2024-01-01
7a50e05e-c86f-47e7-8fb8-84259d236325,2019-04-17 11:03:00,2024-01-01 00:00:00,2024-01-01
03c4c663-c9ac-4db2-a70e-b32a1d980622,2021-06-18 23:26:00,2024-01-01 00:00:00,2024-01-01
185e7502-135f-4aa2-aac7-26d0f0eed2cc,2023-08-30 21:56:00,2024-01-01 00:00:00,2024-01-01
07e5b557-841f-4555-ae9d-a926caafb32a,2022-01-24 23:49:00,2024-01-01 00:00:00,2024-01-01
8de62a84-d4d5-4cac-802c-040c252279d0,2019-07-28 15:41:00,2024-01-01 00:00:00,2024-01-01
c47863ba-9eea-4d54-a20f-a8151df391ab,2022-07-26 15:20:00,2024-01-01 00:00:00,2024-01-01
73e64d5a-a8ac-49d7-bbea-d396c23a30b3,2023-08-17 13:06:00,2024-01-01 00:00:00,2024-01-01
45d7ea24-c950-49db-a864-e2d30c0d5168,2022-06-28 19:59:00,2024-01-01 00:00:00,2024-01-01
5cf3434d-e976-456e-a951-cad2c805a9ec,2023-11-01 08:03:00,2024-01-01 00:00:00,2024-01-01
bd5fa77c-f04c-4a4f-991f-e0fdda1d5c15,2021-03-02 20:34:00,2024-01-01 00:00:00,2024-01-01
f3e3ebe3-029a-424d-8e46-d1cabd507128,2020-04-10 14:09:00,2024-01-01 00:00:00,2024-01-01
904fbcdc-a01e-4835-9898-b70b508ff43f,2023-06-04 15:40:00,2024-01-01 00:00:00,2024-01-01
1d682a19-a17e-4493-8004-f4b703c24c69,2019-10-31 16:55:00,2024-01-01 00:00:00,2024-01-01
10e1907a-c902-42ac-b0e9-ab6bf2f0c62e,2019-05-12 04:20:00,2024-01-01 00:00:00,2024-01-01
ead94ea1-c900-466e-9a0d-0f4c131b4331,2022-05-11 18:50:00,2024-01-01 00:00:00,2024-01-01
87b5811c-faba-405f-ba49-e330d366173c,2022-11-10 12:25:00,2024-01-01 00:00:00,2024-01-01
0fe62ad4-3335-466e-b454-54daa2898258,2023-04-02 09:45:00,2024-01-01 00:00:00,2024-01-01
81e9a5ae-2a60-4430-ba07-8f13d1315b73,2020-06-05 16:46:00,2024-01-01 00:00:00,2024-01-01
d4f537d1-f965-4b8f-a988-6937f70e11b0,2023-02-23 07:31:00,2024-01-01 00:00:00,2024-01-01
50cf36b9-dc61-4a90-9621-0fdb28234606,2020-05-25 06:28:00,2024-01-01 00:00:00,2024-01-01
0a87cbd7-da05-4d9e-893e-3d17083fb102,2022-03-20 02:50:00,2024-01-01 00:00:00,2024-01-01
47a65899-78bd-48cb-9e37-fc6c234729ae,2020-01-17 04:05:00,2024-01-01 00:00:00,2024-01-01
ed6c27f0-06b8-4e66-b130-c2c4aa6c9376,2019-06-26 03:33:00,2024-01-01 00:00:00,2024-01-01
57ae4cdb-5481-4954-b336-5912b1b3653a,2021-07-26 16:02:00,2024-01-01 00:00:00,2024-01-01
358cf9ef-9b97-4dc4-aabf-ea7e18ec3c24,2020-04-27 11:44:00,2024-01-01 00:00:00,2024-01-01
680a1405-03aa-48f2-be89-62e1c8bf3627,2022-02-06 23:39:00,2024-01-01 00:00:00,2024-01-01
d5965ed2-3469-4be0-a17c-4ed2e376b572,2019-04-13 02:29:00,2024-01-01 00:00:00,2024-01-01
1d4ae20a-50eb-4da3-af0e-e64abeb8ab75,2023-10-18 15:18:00,2024-01-01 00:00:00,2024-01-01
e642b2cf-beb5-4842-8a40-ff302c3dea85,2022-11-21 20:59:00,2024-01-01 00:00:00,2024-01-01
7c370196-e467-4102-be70-deb73cbca2c3,2020-04-06 04:22:00,2024-01-01 00:00:00,2024-01-01
79001d4d-d695-492b-b3a9-4fd78d066ddc,2019-08-01 19:39:00,2024-01-01 00:00:00,2024-01-01
e7f6d769-7279-46ba-8b63-105cef9bfd01,2020-05-30 11:11:00,2024-01-01 00:00:00,2024-01-01
8cb65eeb-d4f0-47a4-b38a-f045fe0506da,2022-05-10 23:56:00,2024-01-01 00:00:00,2024-01-01
eb15de3a-9a1b-4002-a390-d86101da476b,2023-04-15 15:06:00,2024-01-01 00:00:00,2024-01-01
c60084f3-f963-4262-b773-fd8f12808239,2019-12-20 04:57:00,2024-01-01 00:00:00,2024-01-01
8f10bb43-2edd-452d-9b02-bc94aef8d31e,2021-10-05 12:47:00,2024-01-01 00:00:00,2024-01-01
8564e2c0-2c90-4a7f-ac42-b93cbec1c8c2,2020-06-05 07:35:00,2024-01-01 00:00:00,2024-01-01
5cf3434d-e976-456e-a951-cad2c805a9ec,2021-07-19 05:01:00,2024-01-01 00:00:00,2024-01-01
b5ed67ce-51f8-454e-8bc0-7c5ee56b22b9,2021-01-08 09:09:00,2024-01-01 00:00:00,2024-01-01
161be690-7ffa-4141-bc81-80d10145e673,2019-10-23 12:11:00,2024-01-01 00:00:00,2024-01-01
ada0d30b-858f-4ee4-b2c9-3e053d4df7ef,2021-02-10 10:43:00,2024-01-01 00:00:00,2024-01-01
73e64d5a-a8ac-49d7-bbea-d396c23a30b3,2023-07-19 18:56:00,2024-01-01 00:00:00,2024-01-01
a8889766-c29c-428d-8e56-ebc3d569b2b5,2022-08-16 06:58:00,2024-01-01 00:00:00,2024-01-01
951a9f55-1058-4bd9-954d-043e088ec276,2020-02-04 23:00:00,2024-01-01 00:00:00,2024-01-01
0fe98d5e-6974-49a2-8470-b3d3e5c12fcc,2022-11-18 06:12:00,2024-01-01 00:00:00,2024-01-01
ddc37b46-61eb-46d4-ab20-d0103947c438,2020-08-16 09:28:00,2024-01-01 00:00:00,2024-01-01
c4d743a7-12c3-4b69-89ad-b1b4abbd5c4f,2023-12-02 00:19:00,2024-01-01 00:00:00,2024-01-01
62638dba-59a8-4de4-b3df-06501e2a7309,2021-10-25 16:31:00,2024-01-01 00:00:00,2024-01-01
7c370196-e467-4102-be70-deb73cbca2c3,2021-11-07 18:59:00,2024-01-01 00:00:00,2024-01-01
80ea4b1f-ac5d-4950-a3b0-0c2e9adf5140,2020-11-08 08:29:00,2024-01-01 00:00:00,2024-01-01
79a52758-a803-4d40-af99-b6f10fb759af,2019-02-12 05:00:00,2024-01-01 00:00:00,2024-01-01
78312951-58cb-4114-b4ec-1c62fb9f5e8f,2023-10-28 19:43:00,2024-01-01 00:00:00,2024-01-01
98ecac3b-17cd-418d-b996-6a44293cb0cf,2021-02-12 16:43:00,2024-01-01 00:00:00,2024-01-01
584e76ab-85d6-4fa7-a0ca-1fcc61a82bd0,2020-12-16 19:49:00,2024-01-01 00:00:00,2024-01-01
9668a015-446f-49b9-b39f-2b220770f90d,2023-11-27 06:50:00,2024-01-01 00:00:00,2024-01-01
0375d747-f805-4c9e-b6ae-321d1d5aa9fa,2022-10-28 15:16:00,2024-01-01 00:00:00,2024-01-01
b1739b28-f87d-41ac-b2cc-1214c3e645d9,2022-07-01 05:25:00,2024-01-01 00:00:00,2024-01-01
08846e86-3d8e-4c3e-af1b-1665cf209d9f,2021-05-24 21:13:00,2024-01-01 00:00:00,2024-01-01
4d6f0375-b4c8-472f-961b-9d4ab77cf9d0,2019-11-24 19:47:00,2024-01-01 00:00:00,2024-01-01
680a1405-03aa-48f2-be89-62e1c8bf3627,2020-10-10 07:17:00,2024-01-01 00:00:00,2024-01-01
615ffa91-48ae-4b3a-a7a9-5ee15361893e,2020-01-14 15:30:00,2024-01-01 00:00:00,2024-01-01
54073c9a-d5d8-4c8c-b6b2-4334ffa3652e,2020-10-15 05:10:00,2024-01-01 00:00:00,2024-01-01
88ae4cc4-c859-41bb-b115-0a8c07730e75,2021-01-04 04:01:00,2024-01-01 00:00:00,2024-01-01
974e368f-0337-4cb7-bfea-024151bc4b40,2021-05-06 12:22:00,2024-01-01 00:00:00,2024-01-01
5d12e724-cb1e-4fa2-8a4b-7233cc8fe6ec,2022-01-16 04:51:00,2024-01-01 00:00:00,2024-01-01
e4b2d4dd-f0bf-4bc7-9aad-ea4f57989680,2022-05-23 00:41:00,2024-01-01 00:00:00,2024-01-01
694d5a62-55fa-4bbb-abc3-bc467341d8d3,2021-01-25 23:59:00,2024-01-01 00:00:00,2024-01-01
6a01d889-b776-4f27-8221-299b8d06dc27,2019-11-19 18:18:00,2024-01-01 00:00:00,2024-01-01
584e76ab-85d6-4fa7-a0ca-1fcc61a82bd0,2019-08-28 10:59:00,2024-01-01 00:00:00,2024-01-01
21c859a2-d57a-446d-9b51-1adcab539d9d,2023-11-06 13:13:00,2024-01-01 00:00:00,2024-01-01
6a01d889-b776-4f27-8221-299b8d06dc27,2019-03-28 18:20:00,2024-01-01 00:00:00,2024-01-01
d4f28bee-2d99-477e-bed0-8afb23cc957e,2020-10-08 21:44:00,2024-01-01 00:00:00,2024-01-01
335d903c-2372-4e99-b9c5-172e53c7182e,2022-04-06 07:27:00,2024-01-01 00:00:00,2024-01-01
81b66fee-e764-4208-8777-f3ce1e86f1c7,2020-05-15 21:46:00,2024-01-01 00:00:00,2024-01-01
6fee9276-03aa-45b9-b02e-e08ea008b870,2023-07-22 20:26:00,2024-01-01 00:00:00,2024-01-01
177efbbb-6b14-4d57-98ee-ea47870b1dbb,2019-12-19 19:46:00,2024-01-01 00:00:00,2024-01-01
4243d1f7-0737-43e0-a170-78a6314dc76f,2020-08-30 05:02:00,2024-01-01 00:00:00,2024-01-01
ad6498b7-1091-4c58-a2a6-649cf753ffc0,2021-06-02 02:21:00,2024-01-01 00:00:00,2024-01-01
185e7502-135f-4aa2-aac7-26d0f0eed2cc,2022-09-20 19:32:00,2024-01-01 00:00:00,2024-01-01
bd2d0caf-ea73-48cb-b440-8e605014b711,2019-02-25 21:35:00,2024-01-01 00:00:00,2024-01-01
c5b60773-230d-452a-a448-54789e68efc7,2020-11-26 06:13:00,2024-01-01 00:00:00,2024-01-01
2b023759-5dc3-4917-8cbb-194bcec4bc52,2023-01-22 07:41:00,2024-01-01 00:00:00,2024-01-01
d250a920-f9be-4677-86a3-8a72838f9886,2022-01-07 01:02:00,2024-01-01 00:00:00,2024-01-01
694d5a62-55fa-4bbb-abc3-bc467341d8d3,2020-07-12 17:54:00,2024-01-01 00:00:00,2024-01-01
04723e3e-62de-4c60-8482-d3c5544ef0d5,2023-10-09 22:54:00,2024-01-01 00:00:00,2024-01-01
9464ffba-fcb5-498e-a419-aeb3d5d04ee4,2019-11-18 20:05:00,2024-01-01 00:00:00,2024-01-01
cd8c1d7c-c3a1-48d0-8535-5c9fa5f5a58a,2019-12-29 04:06:00,2024-01-01 00:00:00,2024-01-01
fa1d0eea-c721-4047-9738-8c67a6a0bccd,2023-08-25 02:23:00,2024-01-01 00:00:00,2024-01-01
982ae8da-bfa6-4eef-b616-216ae94a841d,2023-03-15 16:42:00,2024-01-01 00:00:00,2024-01-01
edea4b5f-3f5d-4314-8bf0-a86d0b8effc6,2019-08-19 11:34:00,2024-01-01 00:00:00,2024-01-01
a8c25bcf-82b8-4319-b1e5-589272d55207,2019-11-11 13:34:00,2024-01-01 00:00:00,2024-01-01
f3e3ebe3-029a-424d-8e46-d1cabd507128,2021-05-04 15:25:00,2024-01-01 00:00:00,2024-01-01
fa9b92d0-1ba3-4b48-9147-edcc511ecf01,2020-09-02 00:06:00,2024-01-01 00:00:00,2024-01-01
b6cb65d6-dc7d-406e-ad55-6d07d36e2845,2023-04-13 03:33:00,2024-01-01 00:00:00,2024-01-01
d9fb499b-f185-4c70-b731-30f5aed515b8,2020-10-31 17:34:00,2024-01-01 00:00:00,2024-01-01
115fdbad-ad54-4574-a146-59585c99eea9,2019-04-30 09:19:00,2024-01-01 00:00:00,2024-01-01
e4b2d4dd-f0bf-4bc7-9aad-ea4f57989680,2023-03-17 21:00:00,2024-01-01 00:00:00,2024-01-01
54073c9a-d5d8-4c8c-b6b2-4334ffa3652e,2019-03-29 12:11:00,2024-01-01 00:00:00,2024-01-01
70af3e45-1b97-4330-8434-638013984d40,2022-03-13 16:58:00,2024-01-01 00:00:00,2024-01-01
79e07125-98dd-4dab-8735-fdcccd09bf62,2021-10-16 20:33:00,2024-01-01 00:00:00,2024-01-01
0ad16284-7dad-469c-81c6-08e7988e4581,2021-09-10 10:33:00,2024-01-01 00:00:00,2024-01-01
4ea1929e-fb62-497a-b376-f1ffee3f4867,2020-11-01 23:24:00,2024-01-01 00:00:00,2024-01-01
335d903c-2372-4e99-b9c5-172e53c7182e,2022-07-30 09:55:00,2024-01-01 00:00:00,2024-01-01
4d87cbaa-bcd0-464a-9fcb-d81df4a1d9c8,2021-03-28 09:49:00,2024-01-01 00:00:00,2024-01-01
a820e556-c90a-47c0-af29-f60ca8d22e08,2023-03-07 19:27:00,2024-01-01 00:00:00,2024-01-01
cdd01a01-fe8b-40d4-b2a3-c0e0207a3a1f,2023-01-23 06:18:00,2024-01-01 00:00:00,2024-01-01
10e1907a-c902-42ac-b0e9-ab6bf2f0c62e,2022-09-10 03:39:00,2024-01-01 00:00:00,2024-01-01
37dd6d0b-8a9b-485f-964b-b252d580f62f,2019-10-16 13:51:00,2024-01-01 00:00:00,2024-01-01
685a72a1-81ff-4c14-8ef4-776b03c7ecc5,2019-10-24 02:12:00,2024-01-01 00:00:00,2024-01-01
8819d9f7-a96c-49ba-b6d3-97e15ed72dbb,2020-01-10 09:44:00,2024-01-01 00:00:00,2024-01-01
95ecfad2-598f-4b56-9182-5d3280ccafdb,2019-05-11 09:10:00,2024-01-01 00:00:00,2024-01-01
a94ab030-6fa9-405a-a6d1-616817fc5300,2022-06-06 17:13:00,2024-01-01 00:00:00,2024-01-01
546b971f-2bca-42ca-a9b9-11077fc42aad,2023-06-18 03:18:00,2024-01-01 00:00:00,2024-01-01
606887ac-1df3-4a90-9298-4903ce64efd6,2023-02-09 16:58:00,2024-01-01 00:00:00,2024-01-01
fc536289-9931-4b76-8e6b-d1236c0b89a3,2022-03-09 22:55:00,2024-01-01 00:00:00,2024-01-01
4da46ed5-9d9c-480d-aa47-7d43bc9c09fb,2019-08-18 15:55:00,2024-01-01 00:00:00,2024-01-01
55f0a218-16b9-4fe7-9689-7a69abe78aed,2022-06-13 04:52:00,2024-01-01 00:00:00,2024-01-01
630f6ee2-4357-4798-b435-386ea8a00d80,2023-04-07 18:39:00,2024-01-01 00:00:00,2024-01-01
2f7e88e4-152b-43bf-93f3-dbe2106bdc84,2022-05-01 08:36:00,2024-01-01 00:00:00,2024-01-01
695e0ca8-2132-420d-95e4-d58bf723c4df,2022-11-15 03:41:00,2024-01-01 00:00:00,2024-01-01
1ec056da-114f-4842-af22-25ee69039a38,2019-11-26 22:12:00,2024-01-01 00:00:00,2024-01-01
1e043933-16fd-4566-b3cf-d3e2375294aa,2019-08-16 17:01:00,2024-01-01 00:00:00,2024-01-01
484edafb-7818-402b-b84e-70c477977155,2019-04-27 13:27:00,2024-01-01 00:00:00,2024-01-01
cde40d91-3c13-4642-9f5d-491c6ab20139,2021-04-19 23:44:00,2024-01-01 00:00:00,2024-01-01
0288a5fb-a2e3-472e-b132-4e10784bc88a,2023-03-07 22:00:00,2024-01-01 00:00:00,2024-01-01
44b9217b-12d0-4bb7-a1f5-f0f1a527ebad,2019-05-08 11:59:00,2024-01-01 00:00:00,2024-01-01
ca44b5d3-9aa4-421b-80b7-3be6127a9240,2020-02-07 05:34:00,2024-01-01 00:00:00,2024-01-01
252bc613-f891-4c50-bfa2-3f54657b5c15,2020-11-20 17:25:00,2024-01-01 00:00:00,2024-01-01
725be64e-ff35-41a3-86cc-b701274c1867,2020-01-22 03:00:00,2024-01-01 00:00:00,2024-01-01
b0a0d89b-80c6-4f3c-bafb-164caad0d852,2020-10-20 01:20:00,2024-01-01 00:00:00,2024-01-01
685a72a1-81ff-4c14-8ef4-776b03c7ecc5,2023-07-17 08:15:00,2024-01-01 00:00:00,2024-01-01
86e0ac77-a519-4936-bcb8-a02a31099e7b,2021-12-20 07:35:00,2024-01-01 00:00:00,2024-01-01
071aa882-feda-46a3-a4e8-02ec468ad223,2022-12-24 11:35:00,2024-01-01 00:00:00,2024-01-01
cbda28f9-cabb-4ef5-b3b6-8d4b48165def,2022-11-12 13:53:00,2024-01-01 00:00:00,2024-01-01
44444b0d-5b0a-407c-a8be-8eef20b13052,2023-07-18 05:42:00,2024-01-01 00:00:00,2024-01-01
10b9b9a3-b3e2-47dc-b449-4a4592513e37,2023-05-14 19:03:00,2024-01-01 00:00:00,2024-01-01
ecb0ecd4-6a07-4b65-bcb6-38a6b3e6f4c5,2019-05-03 12:34:00,2024-01-01 00:00:00,2024-01-01
746c3efc-cf72-421d-9710-968c235f4970,2022-11-29 05:52:00,2024-01-01 00:00:00,2024-01-01
d4f28bee-2d99-477e-bed0-8afb23cc957e,2021-07-25 13:59:00,2024-01-01 00:00:00,2024-01-01
a46186c5-5c89-4d8d-becf-598788357b0e,2020-05-14 07:11:00,2024-01-01 00:00:00,2024-01-01
61094253-0645-4e3a-8425-6747dd857e20,2023-09-25 06:56:00,2024-01-01 00:00:00,2024-01-01
a0193e2c-8fac-4f96-b87b-b3dbb309bef1,2023-11-22 19:57:00,2024-01-01 00:00:00,2024-01-01
a05f046b-dbbf-4c3a-8381-3696ddecc5ca,2021-02-28 06:13:00,2024-01-01 00:00:00,2024-01-01
293f5bd9-e77f-453a-8ae8-8c2555462874,2023-07-27 13:57:00,2024-01-01 00:00:00,2024-01-01
5d12e724-cb1e-4fa2-8a4b-7233cc8fe6ec,2023-03-10 16:21:00,2024-01-01 00:00:00,2024-01-01
4b860dbb-3b9b-4e1f-8986-5f12d4f67aae,2022-07-24 20:34:00,2024-01-01 00:00:00,2024-01-01
be16f2ee-cce4-4859-ae1b-2aa1315cd48d,2023-07-20 12:11:00,2024-01-01 00:00:00,2024-01-01
a355aed8-ac55-4e68-b182-8c7c40d0f234,2021-03-25 03:15:00,2024-01-01 00:00:00,2024-01-01
2346b719-adb0-49bc-a14e-4407cf1a3a9f,2021-06-07 09:49:00,2024-01-01 00:00:00,2024-01-01
071aa882-feda-46a3-a4e8-02ec468ad223,2019-08-11 02:12:00,2024-01-01 00:00:00,2024-01-01
fa6dbc27-2b6a-4eb8-bbb5-9e5358db1290,2019-11-14 16:50:00,2024-01-01 00:00:00,2024-01-01
cb54cd85-0380-4ca9-a739-eee1dc503a51,2019-11-18 07:45:00,2024-01-01 00:00:00,2024-01-01
6fee9276-03aa-45b9-b02e-e08ea008b870,2022-05-31 03:43:00,2024-01-01 00:00:00,2024-01-01
5d52cf68-3e58-494c-9ae6-1b53dbb06462,2022-01-12 16:46:00,2024-01-01 00:00:00,2024-01-01
9d98cbe1-4927-4e24-9153-1884433a2af6,2020-04-03 05:29:00,2024-01-01 00:00:00,2024-01-01
1542e8ac-6618-4f26-be85-1a7276b22a4b,2023-02-18 23:54:00,2024-01-01 00:00:00,2024-01-01
0a72d6c0-600d-4783-be71-1be9d30ff28d,2019-05-10 15:20:00,2024-01-01 00:00:00,2024-01-01
1beaa162-69db-48e2-8781-37d0903fd276,2022-12-21 23:44:00,2024-01-01 00:00:00,2024-01-01
d38f3cd2-cd63-4045-82c5-930ec1485b40,2019-02-10 15:31:00,2024-01-01 00:00:00,2024-01-01
197a906c-2754-459a-814c-c59419530f1a,2021-02-28 20:02:00,2024-01-01 00:00:00,2024-01-01
4d99c5c8-5bae-49f8-b001-1b9bc6a9e592,2021-05-15 20:46:00,2024-01-01 00:00:00,2024-01-01
030feb28-36e3-4593-8d5c-c8d42af61ec0,2021-01-28 18:10:00,2024-01-01 00:00:00,2024-01-01
f5f963ec-8a77-4223-9b3c-0fddd61cdc78,2019-01-13 17:33:00,2024-01-01 00:00:00,2024-01-01
b5ed67ce-51f8-454e-8bc0-7c5ee56b22b9,2019-07-25 20:52:00,2024-01-01 00:00:00,2024-01-01
6fefc024-07d9-4a86-ac9b-699fd27b6e4c,2020-06-29 02:39:00,2024-01-01 00:00:00,2024-01-01
71e26478-1b8b-42c6-9d73-9790ed1ca341,2019-09-18 19:28:00,2024-01-01 00:00:00,2024-01-01
dbf64d39-3c3e-4365-8718-51e7b760c8e7,2021-04-19 14:58:00,2024-01-01 00:00:00,2024-01-01
e7f6d769-7279-46ba-8b63-105cef9bfd01,2021-10-27 03:22:00,2024-01-01 00:00:00,2024-01-01
d99f29a1-fbfd-4641-9f25-3cddfc9e6f64,2022-04-30 18:54:00,2024-01-01 00:00:00,2024-01-01
3f5e8bfc-3258-4d11-a9ee-45d332fd0527,2021-12-28 07:34:00,2024-01-01 00:00:00,2024-01-01
2fd62491-8dd6-46c4-91ed-c4c70793025b,2022-11-19 11:42:00,2024-01-01 00:00:00,2024-01-01
685a72a1-81ff-4c14-8ef4-776b03c7ecc5,2021-10-15 23:43:00,2024-01-01 00:00:00,2024-01-01
37dd6d0b-8a9b-485f-964b-b252d580f62f,2019-02-04 23:09:00,2024-01-01 00:00:00,2024-01-01
b6b0758a-4b5d-4843-a330-5ea470bd1125,2022-12-07 12:23:00,2024-01-01 00:00:00,2024-01-01
21c859a2-d57a-446d-9b51-1adcab539d9d,2022-11-26 12:34:00,2024-01-01 00:00:00,2024-01-01
54c56d27-12b3-41fc-858b-e92641bf13e1,2021-02-26 05:39:00,2024-01-01 00:00:00,2024-01-01
758a772e-8c09-4f3a-8a41-7c5eb26a6110,2023-11-17 18:53:00,2024-01-01 00:00:00,2024-01-01
1c6fe6e7-810f-4758-8b54-26cfebc24c0a,2019-07-12 10:28:00,2024-01-01 00:00:00,2024-01-01
2dd3fe93-4eb9-4533-a2c0-6041b3aefc7d,2020-02-23 19:32:00,2024-01-01 00:00:00,2024-01-01
10b9b9a3-b3e2-47dc-b449-4a4592513e37,2022-04-29 05:21:00,2024-01-01 00:00:00,2024-01-01
04723e3e-62de-4c60-8482-d3c5544ef0d5,2020-10-29 19:17:00,2024-01-01 00:00:00,2024-01-01
fcbc4199-ac99-41ff-975b-5c8ff7e2531d,2022-10-06 20:40:00,2024-01-01 00:00:00,2024-01-01
54c56d27-12b3-41fc-858b-e92641bf13e1,2019-01-19 14:47:00,2024-01-01 00:00:00,2024-01-01
2cec8b9d-688b-4f35-9994-67758a1c216d,2020-09-02 04:37:00,2024-01-01 00:00:00,2024-01-01
20638f24-6025-4e48-9b32-1dd2a6b435bf,2023-10-31 00:28:00,2024-01-01 00:00:00,2024-01-01
50cf36b9-dc61-4a90-9621-0fdb28234606,2020-07-03 15:09:00,2024-01-01 00:00:00,2024-01-01
412d6b46-5df7-4846-b579-6afbac9ecb1e,2023-04-16 13:27:00,2024-01-01 00:00:00,2024-01-01
716a916c-81b3-4c8d-94e4-b2c24224dcd3,2022-04-23 02:48:00,2024-01-01 00:00:00,2024-01-01
694d5a62-55fa-4bbb-abc3-bc467341d8d3,2021-06-15 19:25:00,2024-01-01 00:00:00,2024-01-01
c9f97feb-5530-4096-aa8a-da682c30bad0,2021-09-19 17:00:00,2024-01-01 00:00:00,2024-01-01
fb2687f9-3e9a-406e-a8b1-b33067bdbb70,2022-02-07 19:29:00,2024-01-01 00:00:00,2024-01-01
fa9d2712-59b1-4861-9cdc-4344e649a21a,2020-09-20 21:31:00,2024-01-01 00:00:00,2024-01-01
62e1d3cc-9eb7-4f34-8ae1-35b34d1f7fc9,2020-06-06 11:43:00,2024-01-01 00:00:00,2024-01-01
cd8c1d7c-c3a1-48d0-8535-5c9fa5f5a58a,2022-06-19 18:18:00,2024-01-01 00:00:00,2024-01-01
eea3d3c5-98b7-4022-b15a-0ec60a4b70ea,2021-04-10 02:32:00,2024-01-01 00:00:00,2024-01-01
26a8ea3c-d6d3-417b-b4e9-4ad78e3d2c43,2020-02-01 19:51:00,2024-01-01 00:00:00,2024-01-01
bb6ecc9c-2824-4092-8115-75fd5579d8e0,2021-10-29 09:07:00,2024-01-01 00:00:00,2024-01-01
07e5b557-841f-4555-ae9d-a926caafb32a,2021-04-21 07:18:00,2024-01-01 00:00:00,2024-01-01
2f72de34-0cd3-4c9c-ba81-55c9916a9bbf,2023-09-15 16:40:00,2024-01-01 00:00:00,2024-01-01
3ffe091e-8a7c-4e2c-8e0d-90ed8faf148f,2020-12-04 12:46:00,2024-01-01 00:00:00,2024-01-01
f3e3ebe3-029a-424d-8e46-d1cabd507128,2022-04-05 17:06:00,2024-01-01 00:00:00,2024-01-01
df3e2096-a6af-4737-9d81-b254e45425e0,2021-02-18 18:34:00,2024-01-01 00:00:00,2024-01-01
5847e485-edad-42be-8aa8-c1915e7c0a45,2019-02-27 09:20:00,2024-01-01 00:00:00,2024-01-01
79a33a0e-8539-49c7-86a5-5a9f4cc6b6da,2019-01-21 19:10:00,2024-01-01 00:00:00,2024-01-01
60b418d4-86d2-4132-9bc5-6ca7e221f7f0,2022-09-19 16:51:00,2024-01-01 00:00:00,2024-01-01
f480b76b-76bc-484f-8d2c-955d43244901,2021-03-18 00:20:00,2024-01-01 00:00:00,2024-01-01
a820e556-c90a-47c0-af29-f60ca8d22e08,2019-12-17 01:10:00,2024-01-01 00:00:00,2024-01-01
4813af42-8451-4b96-83d6-7cad975e5ad2,2021-03-27 14:02:00,2024-01-01 00:00:00,2024-01-01
f683fafe-1a26-478a-9f5a-38aae47e84b4,2021-03-23 09:35:00,2024-01-01 00:00:00,2024-01-01
571c636f-7a4a-4ac6-a7c6-d247fedb83c2,2022-05-17 01:01:00,2024-01-01 00:00:00,2024-01-01
12e2c652-c18c-42a2-b89d-56ce102dc13c,2023-09-17 05:17:00,2024-01-01 00:00:00,2024-01-01
5e2507d0-04bf-414b-9bf2-382051d882bd,2021-12-30 08:22:00,2024-01-01 00:00:00,2024-01-01
24350707-610e-4310-9644-77314fe37d18,2021-12-01 07:00:00,2024-01-01 00:00:00,2024-01-01
7c4a0338-8dcb-4de5-b189-da33fbef11d0,2022-02-13 17:36:00,2024-01-01 00:00:00,2024-01-01
00a0efc8-6053-489f-be9b-2c105c9904d8,2022-02-11 21:51:00,2024-01-01 00:00:00,2024-01-01
57c6c21f-4b7b-4f72-ba83-2b0e46e6caad,2019-03-26 15:19:00,2024-01-01 00:00:00,2024-01-01
1cc7c465-4c34-47f9-bfc3-fffe059d40c5,2022-09-27 17:35:00,2024-01-01 00:00:00,2024-01-01
412d6b46-5df7-4846-b579-6afbac9ecb1e,2020-04-30 19:47:00,2024-01-01 00:00:00,2024-01-01
d9fb499b-f185-4c70-b731-30f5aed515b8,2021-08-28 23:06:00,2024-01-01 00:00:00,2024-01-01
5da3fa31-83a7-4145-859c-0d3fa0770ac4,2022-02-07 13:55:00,2024-01-01 00:00:00,2024-01-01
b175f2f8-ff61-4186-8f41-8390e8baa39d,2020-04-29 04:59:00,2024-01-01 00:00:00,2024-01-01
17578591-6f2f-4ce8-ad20-b56a113288b2,2021-07-04 11:58:00,2024-01-01 00:00:00,2024-01-01
ed6c27f0-06b8-4e66-b130-c2c4aa6c9376,2019-01-27 00:13:00,2024-01-01 00:00:00,2024-01-01
ada0d30b-858f-4ee4-b2c9-3e053d4df7ef,2019-04-05 11:46:00,2024-01-01 00:00:00,2024-01-01
d250a920-f9be-4677-86a3-8a72838f9886,2021-03-10 21:25:00,2024-01-01 00:00:00,2024-01-01
b08e0e28-db42-4cbb-8e4a-78c0d93977d3,2019-07-28 19:22:00,2024-01-01 00:00:00,2024-01-01
d78182ff-6287-47fb-a6a1-c86862779c6a,2022-08-14 00:58:00,2024-01-01 00:00:00,2024-01-01
9cd072bf-530a-47fc-8e8f-2f08787a39bb,2021-01-02 09:06:00,2024-01-01 00:00:00,2024-01-01
73e64d5a-a8ac-49d7-bbea-d396c23a30b3,2022-02-16 18:12:00,2024-01-01 00:00:00,2024-01-01
b3673644-b02d-4f35-a2aa-0344feca4972,2023-08-18 17:42:00,2024-01-01 00:00:00,2024-01-01
78c30b8e-b992-4967-b4a6-e9d7e41db299,2023-09-26 09:27:00,2024-01-01 00:00:00,2024-01-01
cddb1832-8422-4468-ad72-0b4a782f2278,2021-07-08 01:32:00,2024-01-01 00:00:00,2024-01-01
13ef26fb-028c-4b96-bd33-23545fd49368,2023-04-08 23:58:00,2024-01-01 00:00:00,2024-01-01
7dc7578d-6c47-49be-92dd-63a8e617233c,2019-02-09 03:33:00,2024-01-01 00:00:00,2024-01-01
cbda28f9-cabb-4ef5-b3b6-8d4b48165def,2021-08-24 13:56:00,2024-01-01 00:00:00,2024-01-01
79a52758-a803-4d40-af99-b6f10fb759af,2022-08-09 01:01:00,2024-01-01 00:00:00,2024-01-01
b0a0d89b-80c6-4f3c-bafb-164caad0d852,2019-08-20 06:27:00,2024-01-01 00:00:00,2024-01-01
0290b7ee-629b-4270-a398-a4e1e05c6e17,2021-02-01 22:07:00,2024-01-01 00:00:00,2024-01-01
9a545791-bfa3-4b65-87e1-a3a88a349f27,2019-04-08 08:58:00,2024-01-01 00:00:00,2024-01-01
716a916c-81b3-4c8d-94e4-b2c24224dcd3,2020-08-28 08:08:00,2024-01-01 00:00:00,2024-01-01
4815c1f5-d4da-45ce-b56e-107a488864d4,2022-05-16 01:25:00,2024-01-01 00:00:00,2024-01-01
5dcb279c-8c21-4c39-93d8-3b753eef2167,2021-09-18 21:21:00,2024-01-01 00:00:00,2024-01-01
62e1d3cc-9eb7-4f34-8ae1-35b34d1f7fc9,2021-05-14 12:52:00,2024-01-01 00:00:00,2024-01-01
f71d9c1a-d831-4d37-ad50-2080459fea83,2021-02-05 09:02:00,2024-01-01 00:00:00,2024-01-01
7fe05f0b-325e-4e03-9683-1584ee95d892,2021-02-12 04:07:00,2024-01-01 00:00:00,2024-01-01
c46055ff-a101-4e7c-b06d-5750fe2694b1,2020-10-24 11:39:00,2024-01-01 00:00:00,2024-01-01
1e805732-e82c-4bc1-bfa4-a10ef655b2ab,2022-05-08 15:08:00,2024-01-01 00:00:00,2024-01-01
1c02b15f-4616-4216-9b54-4c62a27c1ae9,2020-10-07 13:49:00,2024-01-01 00:00:00,2024-01-01
0c3f74d1-d580-49a6-b4ae-3d4efceccede,2020-01-01 05:07:00,2024-01-01 00:00:00,2024-01-01
896872e5-c3d0-4f6e-89c7-414710662765,2022-06-01 10:15:00,2024-01-01 00:00:00,2024-01-01
1c02b15f-4616-4216-9b54-4c62a27c1ae9,2020-03-17 20:41:00,2024-01-01 00:00:00,2024-01-01
ddc37b46-61eb-46d4-ab20-d0103947c438,2022-09-13 14:50:00,2024-01-01 00:00:00,2024-01-01
185e7502-135f-4aa2-aac7-26d0f0eed2cc,2019-03-02 15:19:00,2024-01-01 00:00:00,2024-01-01
571c636f-7a4a-4ac6-a7c6-d247fedb83c2,2021-09-10 12:19:00,2024-01-01 00:00:00,2024-01-01
99efa319-16a0-466f-9da7-67892c533f4e,2022-01-13 21:50:00,2024-01-01 00:00:00,2024-01-01
d1af5b5f-9803-4859-82ba-f9a6eacbf0fc,2020-10-28 19:14:00,2024-01-01 00:00:00,2024-01-01
1e805732-e82c-4bc1-bfa4-a10ef655b2ab,2022-05-15 10:10:00,2024-01-01 00:00:00,2024-01-01
5d52cf68-3e58-494c-9ae6-1b53dbb06462,2019-07-17 07:34:00,2024-01-01 00:00:00,2024-01-01
9668a015-446f-49b9-b39f-2b220770f90d,2020-04-06 00:31:00,2024-01-01 00:00:00,2024-01-01
974e368f-0337-4cb7-bfea-024151bc4b40,2023-08-28 04:18:00,2024-01-01 00:00:00,2024-01-01
fb196124-3f62-4741-8b92-6d48e5001c61,2020-11-13 11:13:00,2024-01-01 00:00:00,2024-01-01
c5c7407c-e106-4782-bf24-d20acbd08956,2019-07-28 22:53:00,2024-01-01 00:00:00,2024-01-01
86e0ac77-a519-4936-bcb8-a02a31099e7b,2023-11-01 19:03:00,2024-01-01 00:00:00,2024-01-01
5eef5951-d005-4984-b47a-d06c66199451,2019-01-07 07:25:00,2024-01-01 00:00:00,2024-01-01
519bfb38-3676-4d96-9ab2-edb60603b77e,2019-09-19 05:05:00,2024-01-01 00:00:00,2024-01-01
ea2cf0bb-53e1-48f6-bf8d-338ee7db84df,2023-11-15 22:49:00,2024-01-01 00:00:00,2024-01-01
2db30c78-fe47-4ff9-85ab-6216a35a122f,2021-08-25 20:09:00,2024-01-01 00:00:00,2024-01-01
b11e4077-bcfa-4850-b6d2-e2d7fbe51752,2022-07-21 14:31:00,2024-01-01 00:00:00,2024-01-01
a53c3d45-a019-4f33-b39c-30fbbce4ad38,2019-11-18 08:34:00,2024-01-01 00:00:00,2024-01-01
f0d033e3-4694-4cfb-9d77-489eed62b354,2022-08-08 23:15:00,2024-01-01 00:00:00,2024-01-01
5da3fa31-83a7-4145-859c-0d3fa0770ac4,2022-06-18 17:20:00,2024-01-01 00:00:00,2024-01-01
05d53705-6b97-4966-95a7-34b64c31de69,2022-12-29 10:35:00,2024-01-01 00:00:00,2024-01-01
f9f9c0af-5ea4-4402-98b2-b32c39f3f107,2020-10-27 05:37:00,2024-01-01 00:00:00,2024-01-01
0762ea53-2381-4782-a60c-891142c4b1e7,2022-10-01 05:43:00,2024-01-01 00:00:00,2024-01-01
5da3fa31-83a7-4145-859c-0d3fa0770ac4,2023-09-20 04:45:00,2024-01-01 00:00:00,2024-01-01
9668a015-446f-49b9-b39f-2b220770f90d,2023-10-26 03:25:00,2024-01-01 00:00:00,2024-01-01
0fda5757-e968-416c-b349-cf15167f3425,2019-08-25 10:31:00,2024-01-01 00:00:00,2024-01-01
a18c338e-2bdd-4513-ace8-d217c6e42651,2021-01-24 02:28:00,2024-01-01 00:00:00,2024-01-01
75fee327-128d-4947-922c-48768321bb81,2019-05-17 10:58:00,2024-01-01 00:00:00,2024-01-01
0a72d6c0-600d-4783-be71-1be9d30ff28d,2019-04-17 20:03:00,2024-01-01 00:00:00,2024-01-01
2dd3fe93-4eb9-4533-a2c0-6041b3aefc7d,2021-01-13 19:05:00,2024-01-01 00:00:00,2024-01-01
0375d747-f805-4c9e-b6ae-321d1d5aa9fa,2020-06-13 14:19:00,2024-01-01 00:00:00,2024-01-01
2bd1bd50-cdb3-4fe9-a67a-335aea386b7d,2020-07-05 07:48:00,2024-01-01 00:00:00,2024-01-01
7bd9faf9-ba67-4110-af10-8fd6782127f8,2021-01-19 06:22:00,2024-01-01 00:00:00,2024-01-01
7fe05f0b-325e-4e03-9683-1584ee95d892,2023-05-01 09:28:00,2024-01-01 00:00:00,2024-01-01
0a72d6c0-600d-4783-be71-1be9d30ff28d,2023-11-25 23:47:00,2024-01-01 00:00:00,2024-01-01
050a9365-3653-4f9d-86be-006ee20e6d6d,2023-10-14 09:07:00,2024-01-01 00:00:00,2024-01-01
bf743547-e02b-423f-b740-ac35621649bf,2023-09-03 14:07:00,2024-01-01 00:00:00,2024-01-01
e9037705-41a3-4880-b304-5110ead0f928,2020-12-30 09:44:00,2024-01-01 00:00:00,2024-01-01
28bb2c40-3d13-41a8-8b00-f3b3855cfc8f,2023-07-09 14:12:00,2024-01-01 00:00:00,2024-01-01
4aecf02f-9b92-4c53-afa4-894c91bd5887,2020-06-16 19:13:00,2024-01-01 00:00:00,2024-01-01
95785e11-a66e-4435-b080-1c3444822f98,2019-03-17 07:31:00,2024-01-01 00:00:00,2024-01-01
0fe62ad4-3335-466e-b454-54daa2898258,2021-11-11 00:14:00,2024-01-01 00:00:00,2024-01-01
3ae9f732-b116-4e20-82d6-791f4680f3da,2020-02-04 16:13:00,2024-01-01 00:00:00,2024-01-01
5d12e724-cb1e-4fa2-8a4b-7233cc8fe6ec,2021-05-12 02:44:00,2024-01-01 00:00:00,2024-01-01
f97791ea-8b07-49c7-87e4-14ac0d341906,2020-02-16 20:33:00,2024-01-01 00:00:00,2024-01-01
5cf3434d-e976-456e-a951-cad2c805a9ec,2022-05-15 13:59:00,2024-01-01 00:00:00,2024-01-01
1fd92115-7d53-4da3-a45c-11dc09664fa6,2019-03-18 15:32:00,2024-01-01 00:00:00,2024-01-01
5203a9a4-29dc-4a72-a571-35129e619f51,2021-12-31 05:51:00,2024-01-01 00:00:00,2024-01-01
ea2cf0bb-53e1-48f6-bf8d-338ee7db84df,2022-02-14 11:50:00,2024-01-01 00:00:00,2024-01-01
13ef26fb-028c-4b96-bd33-23545fd49368,2019-12-23 17:30:00,2024-01-01 00:00:00,2024-01-01
896872e5-c3d0-4f6e-89c7-414710662765,2020-02-07 09:52:00,2024-01-01 00:00:00,2024-01-01
fcbc4199-ac99-41ff-975b-5c8ff7e2531d,2022-02-10 05:20:00,2024-01-01 00:00:00,2024-01-01
9464ffba-fcb5-498e-a419-aeb3d5d04ee4,2022-11-02 10:11:00,2024-01-01 00:00:00,2024-01-01
dff763bc-ff5b-48d3-a61f-ec960f923841,2019-09-08 22:19:00,2024-01-01 00:00:00,2024-01-01
6683db8b-bf0e-4904-a49d-c15c6cda38c7,2021-04-16 21:13:00,2024-01-01 00:00:00,2024-01-01
fb196124-3f62-4741-8b92-6d48e5001c61,2020-11-01 07:30:00,2024-01-01 00:00:00,2024-01-01
22396224-bed7-4623-aa8e-286ce43cea68,2023-07-22 16:03:00,2024-01-01 00:00:00,2024-01-01
1fd92115-7d53-4da3-a45c-11dc09664fa6,2019-07-27 18:55:00,2024-01-01 00:00:00,2024-01-01
ac9c7b65-1f4c-49ab-98f7-497cc59418a5,2019-08-08 13:43:00,2024-01-01 00:00:00,2024-01-01
f3aab638-34fe-42e7-bb13-82c8fb296808,2021-09-06 09:17:00,2024-01-01 00:00:00,2024-01-01
a8889766-c29c-428d-8e56-ebc3d569b2b5,2023-11-16 15:05:00,2024-01-01 00:00:00,2024-01-01
13ef26fb-028c-4b96-bd33-23545fd49368,2023-02-14 14:47:00,2024-01-01 00:00:00,2024-01-01
1c02b15f-4616-4216-9b54-4c62a27c1ae9,2021-02-14 05:37:00,2024-01-01 00:00:00,2024-01-01
25295a76-1bd6-42b7-baa3-0a9ef6b4ccc2,2023-07-15 18:59:00,2024-01-01 00:00:00,2024-01-01
0fcf7399-8fe6-439c-977f-6e8fde3da99b,2019-05-14 07:13:00,2024-01-01 00:00:00,2024-01-01
645d4d49-dc87-47fe-a65f-0dcbc44cde63,2023-07-25 04:37:00,2024-01-01 00:00:00,2024-01-01
34e5977a-f47b-49db-b67b-fe24062b184d,2022-05-23 08:56:00,2024-01-01 00:00:00,2024-01-01
6b182886-4787-4abd-b35f-1500b7b96d40,2021-02-09 13:16:00,2024-01-01 00:00:00,2024-01-01
d39003ff-20ab-4c47-80e5-78bac10aa506,2020-11-30 19:37:00,2024-01-01 00:00:00,2024-01-01
bf8c7d28-d8c1-496a-b37a-aa3a224942d3,2022-03-23 00:44:00,2024-01-01 00:00:00,2024-01-01
161be690-7ffa-4141-bc81-80d10145e673,2019-03-17 01:34:00,2024-01-01 00:00:00,2024-01-01
428f3bea-e0ec-46fc-9e87-7911f78085c0,2022-05-04 10:30:00,2024-01-01 00:00:00,2024-01-01
b1dc94e1-9c1e-47a0-a619-b383230402dd,2020-04-11 00:34:00,2024-01-01 00:00:00,2024-01-01
5e2507d0-04bf-414b-9bf2-382051d882bd,2020-04-24 21:45:00,2024-01-01 00:00:00,2024-01-01
0306d001-3725-47dd-93af-046c8d337d2f,2020-11-28 03:45:00,2024-01-01 00:00:00,2024-01-01
0fe98d5e-6974-49a2-8470-b3d3e5c12fcc,2019-06-24 19:26:00,2024-01-01 00:00:00,2024-01-01
bf5722b9-c754-45bd-a502-a5d56c8ab316,2022-09-20 09:57:00,2024-01-01 00:00:00,2024-01-01
f9f9c0af-5ea4-4402-98b2-b32c39f3f107,2020-08-11 20:18:00,2024-01-01 00:00:00,2024-01-01
eea3d3c5-98b7-4022-b15a-0ec60a4b70ea,2021-03-09 23:32:00,2024-01-01 00:00:00,2024-01-01
6d020665-2465-4a6e-b01a-6862c08f7c99,2023-05-10 09:39:00,2024-01-01 00:00:00,2024-01-01
1beaa162-69db-48e2-8781-37d0903fd276,2023-03-19 21:39:00,2024-01-01 00:00:00,2024-01-01
2f72de34-0cd3-4c9c-ba81-55c9916a9bbf,2023-01-23 18:23:00,2024-01-01 00:00:00,2024-01-01
f9f9c0af-5ea4-4402-98b2-b32c39f3f107,2021-06-16 17:58:00,2024-01-01 00:00:00,2024-01-01
018c7220-47ac-4839-a4d7-f8d59199bd91,2023-12-01 15:21:00,2024-01-01 00:00:00,2024-01-01
15126595-ddb9-4291-9946-5b29f8108d8f,2022-07-24 18:22:00,2024-01-01 00:00:00,2024-01-01
4c2a4da0-f880-4031-b5e6-f907f463f170,2023-03-25 04:33:00,2024-01-01 00:00:00,2024-01-01
eb15de3a-9a1b-4002-a390-d86101da476b,2023-02-28 18:03:00,2024-01-01 00:00:00,2024-01-01
677cca13-3dce-4b8b-83ea-16b376ad043a,2020-01-02 02:28:00,2024-01-01 00:00:00,2024-01-01
b6cb65d6-dc7d-406e-ad55-6d07d36e2845,2023-03-07 14:46:00,2024-01-01 00:00:00,2024-01-01
20638f24-6025-4e48-9b32-1dd2a6b435bf,2022-01-08 21:57:00,2024-01-01 00:00:00,2024-01-01
bb6ecc9c-2824-4092-8115-75fd5579d8e0,2022-09-18 20:53:00,2024-01-01 00:00:00,2024-01-01
db8f2120-0aaa-4288-8646-ea0f48e1dd86,2019-06-01 04:19:00,2024-01-01 00:00:00,2024-01-01
0fe98d5e-6974-49a2-8470-b3d3e5c12fcc,2021-12-19 06:40:00,2024-01-01 00:00:00,2024-01-01
ab0a08c8-179f-4998-b48d-1f792d033ed8,2022-05-31 14:57:00,2024-01-01 00:00:00,2024-01-01
07e5b557-841f-4555-ae9d-a926caafb32a,2019-06-17 00:59:00,2024-01-01 00:00:00,2024-01-01
be16f2ee-cce4-4859-ae1b-2aa1315cd48d,2020-11-03 18:33:00,2024-01-01 00:00:00,2024-01-01
81e9a5ae-2a60-4430-ba07-8f13d1315b73,2020-09-04 08:59:00,2024-01-01 00:00:00,2024-01-01
6c39ea13-ac4e-4ce2-84a6-5801fdce5481,2020-11-04 03:50:00,2024-01-01 00:00:00,2024-01-01
54073c9a-d5d8-4c8c-b6b2-4334ffa3652e,2020-06-28 06:27:00,2024-01-01 00:00:00,2024-01-01
d250a920-f9be-4677-86a3-8a72838f9886,2021-10-13 05:33:00,2024-01-01 00:00:00,2024-01-01
bf5722b9-c754-45bd-a502-a5d56c8ab316,2021-03-12 03:05:00,2024-01-01 00:00:00,2024-01-01
72af3421-4c21-454c-ae33-5b876b8ee2d8,2020-01-09 06:40:00,2024-01-01 00:00:00,2024-01-01
39557251-e8db-4f82-99c2-0398d4f9b371,2019-03-02 16:32:00,2024-01-01 00:00:00,2024-01-01
07516eff-8e29-411e-b392-afaaee9016e6,2020-11-30 13:54:00,2024-01-01 00:00:00,2024-01-01
4b860dbb-3b9b-4e1f-8986-5f12d4f67aae,2022-01-03 02:36:00,2024-01-01 00:00:00,2024-01-01
906d7997-95c3-4edf-8222-0f6d5f7a8efb,2020-05-18 15:53:00,2024-01-01 00:00:00,2024-01-01
9ba8e8ff-bbfd-4dfb-be8f-8a129cb40913,2022-01-08 08:58:00,2024-01-01 00:00:00,2024-01-01
b1dc94e1-9c1e-47a0-a619-b383230402dd,2020-11-20 00:56:00,2024-01-01 00:00:00,2024-01-01
c9f97feb-5530-4096-aa8a-da682c30bad0,2023-08-09 23:50:00,2024-01-01 00:00:00,2024-01-01
be7267ea-8018-4b14-ba5c-cfcb66781462,2022-06-18 23:36:00,2024-01-01 00:00:00,2024-01-01
bb6ecc9c-2824-4092-8115-75fd5579d8e0,2022-07-14 05:53:00,2024-01-01 00:00:00,2024-01-01
dff763bc-ff5b-48d3-a61f-ec960f923841,2019-08-04 14:36:00,2024-01-01 00:00:00,2024-01-01
018c7220-47ac-4839-a4d7-f8d59199bd91,2019-04-07 10:09:00,2024-01-01 00:00:00,2024-01-01
b5bbac0d-38cb-48df-bf1e-ac8a70a044b5,2022-02-21 13:59:00,2024-01-01 00:00:00,2024-01-01
bf8c7d28-d8c1-496a-b37a-aa3a224942d3,2021-05-16 06:14:00,2024-01-01 00:00:00,2024-01-01
bf743547-e02b-423f-b740-ac35621649bf,2023-08-13 11:05:00,2024-01-01 00:00:00,2024-01-01
5d34ee55-9636-4b86-a473-7aaedbd3b76e,2022-07-10 21:20:00,2024-01-01 00:00:00,2024-01-01
634f8b16-73b3-4736-a3cf-19823bbfe6c5,2023-03-05 17:48:00,2024-01-01 00:00:00,2024-01-01
4d99c5c8-5bae-49f8-b001-1b9bc6a9e592,2019-02-12 23:29:00,2024-01-01 00:00:00,2024-01-01
80ea4b1f-ac5d-4950-a3b0-0c2e9adf5140,2023-03-14 21:20:00,2024-01-01 00:00:00,2024-01-01
a8bae049-a215-4378-8164-0e4c821524c2,2020-02-04 21:25:00,2024-01-01 00:00:00,2024-01-01
ca44b5d3-9aa4-421b-80b7-3be6127a9240,2019-02-10 23:07:00,2024-01-01 00:00:00,2024-01-01
34e5977a-f47b-49db-b67b-fe24062b184d,2019-09-07 07:50:00,2024-01-01 00:00:00,2024-01-01
9ba8e8ff-bbfd-4dfb-be8f-8a129cb40913,2022-04-12 00:15:00,2024-01-01 00:00:00,2024-01-01
a7875516-191c-433a-9d0a-e42a3e3ed6db,2023-10-23 04:54:00,2024-01-01 00:00:00,2024-01-01
cb22d79c-9cd7-4ebe-a15a-6a9c3fb34123,2022-03-20 09:08:00,2024-01-01 00:00:00,2024-01-01
f22170f9-0a9f-40c7-9f8e-6ed79578fb2c,2022-08-16 10:22:00,2024-01-01 00:00:00,2024-01-01
7202611c-9b89-4c04-b67a-ffc76837fecb,2019-09-06 23:27:00,2024-01-01 00:00:00,2024-01-01
694d5a62-55fa-4bbb-abc3-bc467341d8d3,2019-03-28 01:44:00,2024-01-01 00:00:00,2024-01-01
6683db8b-bf0e-4904-a49d-c15c6cda38c7,2021-12-23 17:51:00,2024-01-01 00:00:00,2024-01-01
b5ed67ce-51f8-454e-8bc0-7c5ee56b22b9,2019-07-26 16:45:00,2024-01-01 00:00:00,2024-01-01
8c9c9dbe-e89c-4845-932b-7aff6ac30a0a,2019-09-09 09:20:00,2024-01-01 00:00:00,2024-01-01
4de6c7f0-1541-4146-ba6c-4b5813098f5e,2019-05-05 04:19:00,2024-01-01 00:00:00,2024-01-01
ef42be3b-52c9-4d67-aa60-aeed0338830b,2020-03-10 14:13:00,2024-01-01 00:00:00,2024-01-01
9bddb06a-1019-4e75-a10a-17b93e8b5b42,2021-03-31 10:59:00,2024-01-01 00:00:00,2024-01-01
0a463b2e-0bf0-44b2-97ba-21ffe5dbeb0e,2022-11-28 16:31:00,2024-01-01 00:00:00,2024-01-01
43ef14cc-39d6-420c-a037-ab80c0900e09,2020-02-26 12:08:00,2024-01-01 00:00:00,2024-01-01
9ba8e8ff-bbfd-4dfb-be8f-8a129cb40913,2021-06-19 06:44:00,2024-01-01 00:00:00,2024-01-01
4ce603e2-bf3c-485e-b494-57807d95b843,2020-12-15 23:38:00,2024-01-01 00:00:00,2024-01-01
88ae4cc4-c859-41bb-b115-0a8c07730e75,2021-04-01 07:13:00,2024-01-01 00:00:00,2024-01-01
3dcb9969-4b73-4926-aa46-2c48ba947fc0,2020-12-24 19:03:00,2024-01-01 00:00:00,2024-01-01
60a84bb9-9c76-4b64-ab1d-16dd31b94625,2022-12-13 20:21:00,2024-01-01 00:00:00,2024-01-01
315b8757-9504-4390-b0fc-071c5fca4539,2022-01-20 13:05:00,2024-01-01 00:00:00,2024-01-01
08846e86-3d8e-4c3e-af1b-1665cf209d9f,2021-01-21 09:28:00,2024-01-01 00:00:00,2024-01-01
6fefc024-07d9-4a86-ac9b-699fd27b6e4c,2022-09-25 02:41:00,2024-01-01 00:00:00,2024-01-01
9eee11d9-1e54-4d27-97a8-725f02ae7950,2020-11-15 12:52:00,2024-01-01 00:00:00,2024-01-01
f97791ea-8b07-49c7-87e4-14ac0d341906,2021-02-08 18:31:00,2024-01-01 00:00:00,2024-01-01
dedc6b5e-7dd0-4412-8bbc-91e03d351549,2022-03-09 11:22:00,2024-01-01 00:00:00,2024-01-01
7c4a0338-8dcb-4de5-b189-da33fbef11d0,2023-06-06 03:06:00,2024-01-01 00:00:00,2024-01-01
4aecf02f-9b92-4c53-afa4-894c91bd5887,2021-02-16 07:25:00,2024-01-01 00:00:00,2024-01-01
a18c338e-2bdd-4513-ace8-d217c6e42651,2022-10-22 01:42:00,2024-01-01 00:00:00,2024-01-01
a8ca0ebc-9b7f-4d34-8d04-2fc582139c8f,2019-10-02 16:58:00,2024-01-01 00:00:00,2024-01-01
2bd1bd50-cdb3-4fe9-a67a-335aea386b7d,2020-05-06 15:11:00,2024-01-01 00:00:00,2024-01-01
f2d02368-d00d-45a9-a715-4eaa09e96fd3,2021-07-24 05:34:00,2024-01-01 00:00:00,2024-01-01
5a485394-3184-41d9-948f-13c4ac0472c2,2022-05-02 20:24:00,2024-01-01 00:00:00,2024-01-01
44b9217b-12d0-4bb7-a1f5-f0f1a527ebad,2021-04-19 10:58:00,2024-01-01 00:00:00,2024-01-01
982ae8da-bfa6-4eef-b616-216ae94a841d,2020-05-25 05:33:00,2024-01-01 00:00:00,2024-01-01
ad6498b7-1091-4c58-a2a6-649cf753ffc0,2019-06-18 08:16:00,2024-01-01 00:00:00,2024-01-01
9c9aa69d-90bb-4475-b683-682dd56bdb25,2019-05-21 22:43:00,2024-01-01 00:00:00,2024-01-01
c152a397-4b4d-4fd6-aaeb-325b9cf6fe2d,2021-04-24 01:57:00,2024-01-01 00:00:00,2024-01-01
c6c5cf41-f7d6-4fb3-a9e7-b0ad8c435595,2019-08-03 22:29:00,2024-01-01 00:00:00,2024-01-01
08846e86-3d8e-4c3e-af1b-1665cf209d9f,2020-10-24 06:21:00,2024-01-01 00:00:00,2024-01-01
725be64e-ff35-41a3-86cc-b701274c1867,2022-01-01 20:58:00,2024-01-01 00:00:00,2024-01-01
9d2b2485-e78c-466a-bb21-b72d1ffd405a,2020-09-05 08:02:00,2024-01-01 00:00:00,2024-01-01
b3a57685-0ec6-4f4f-aff5-8f1dac0cdd0a,2021-02-03 03:02:00,2024-01-01 00:00:00,2024-01-01
d5965ed2-3469-4be0-a17c-4ed2e376b572,2020-01-22 17:34:00,2024-01-01 00:00:00,2024-01-01
d30e8550-6c98-4111-9929-897b013e7490,2019-01-03 15:13:00,2024-01-01 00:00:00,2024-01-01
5847e485-edad-42be-8aa8-c1915e7c0a45,2019-01-17 04:31:00,2024-01-01 00:00:00,2024-01-01
07218b72-f093-4fb3-ba40-a0b2e73c75e2,2021-05-09 13:08:00,2024-01-01 00:00:00,2024-01-01
4ce603e2-bf3c-485e-b494-57807d95b843,2023-10-22 03:16:00,2024-01-01 00:00:00,2024-01-01
185e7502-135f-4aa2-aac7-26d0f0eed2cc,2022-07-21 21:17:00,2024-01-01 00:00:00,2024-01-01
dbf64d39-3c3e-4365-8718-51e7b760c8e7,2021-07-17 16:48:00,2024-01-01 00:00:00,2024-01-01
5940ce1b-9791-4aa0-a3db-8eb776311197,2022-03-31 18:20:00,2024-01-01 00:00:00,2024-01-01
1ae0421e-b20f-4a4e-bb4a-8c5a792fae42,2023-06-15 00:36:00,2024-01-01 00:00:00,2024-01-01
34e5977a-f47b-49db-b67b-fe24062b184d,2021-04-23 01:26:00,2024-01-01 00:00:00,2024-01-01
335d903c-2372-4e99-b9c5-172e53c7182e,2021-10-11 08:44:00,2024-01-01 00:00:00,2024-01-01
9eee11d9-1e54-4d27-97a8-725f02ae7950,2023-03-29 21:55:00,2024-01-01 00:00:00,2024-01-01
e6b82e62-5bc6-4d33-9de6-4ca3413eba00,2022-05-27 22:58:00,2024-01-01 00:00:00,2024-01-01
cddb1832-8422-4468-ad72-0b4a782f2278,2019-01-08 05:11:00,2024-01-01 00:00:00,2024-01-01
f3e3ebe3-029a-424d-8e46-d1cabd507128,2021-11-01 08:39:00,2024-01-01 00:00:00,2024-01-01
a355aed8-ac55-4e68-b182-8c7c40d0f234,2021-11-08 08:55:00,2024-01-01 00:00:00,2024-01-01
4d99c5c8-5bae-49f8-b001-1b9bc6a9e592,2020-10-17 11:07:00,2024-01-01 00:00:00,2024-01-01
7a7b7d9e-e75c-48d9-ad80-4b13675af47d,2023-10-19 07:53:00,2024-01-01 00:00:00,2024-01-01
98ecac3b-17cd-418d-b996-6a44293cb0cf,2023-08-30 10:34:00,2024-01-01 00:00:00,2024-01-01
fa9b92d0-1ba3-4b48-9147-edcc511ecf01,2023-03-14 14:08:00,2024-01-01 00:00:00,2024-01-01
3cc55d11-2a77-4031-b604-92a025d7a129,2023-09-29 03:29:00,2024-01-01 00:00:00,2024-01-01
0290b7ee-629b-4270-a398-a4e1e05c6e17,2020-06-28 06:01:00,2024-01-01 00:00:00,2024-01-01
06469e1b-9c8d-4e4e-9c14-e69b211f5475,2022-08-07 13:51:00,2024-01-01 00:00:00,2024-01-01
b593d8ce-bfc5-49d2-b748-7f420e2ce0e0,2022-02-06 17:07:00,2024-01-01 00:00:00,2024-01-01
2b023759-5dc3-4917-8cbb-194bcec4bc52,2023-06-04 12:53:00,2024-01-01 00:00:00,2024-01-01
2a67aedf-6514-4b81-a4d7-060235d6e43e,2023-09-01 08:49:00,2024-01-01 00:00:00,2024-01-01
98ecac3b-17cd-418d-b996-6a44293cb0cf,2023-01-16 01:12:00,2024-01-01 00:00:00,2024-01-01
8f10bb43-2edd-452d-9b02-bc94aef8d31e,2020-09-16 06:37:00,2024-01-01 00:00:00,2024-01-01
d250a920-f9be-4677-86a3-8a72838f9886,2021-10-28 16:57:00,2024-01-01 00:00:00,2024-01-01
739a8dc0-12af-4987-bee4-bf7d353d0719,2019-05-14 15:13:00,2024-01-01 00:00:00,2024-01-01
66784518-e5fa-42c4-83ff-8b12e93c6b3d,2022-01-28 14:41:00,2024-01-01 00:00:00,2024-01-01
0ce240aa-6ec3-42da-bb65-a50fb6b5ccc9,2023-03-11 16:14:00,2024-01-01 00:00:00,2024-01-01
735e3307-b6b1-4147-9929-224858ae60ea,2023-02-08 06:25:00,2024-01-01 00:00:00,2024-01-01
d250a920-f9be-4677-86a3-8a72838f9886,2020-08-04 15:28:00,2024-01-01 00:00:00,2024-01-01
5d34ee55-9636-4b86-a473-7aaedbd3b76e,2019-01-29 08:06:00,2024-01-01 00:00:00,2024-01-01
2b55163c-c8c3-4a9f-ad5a-0948e83fe97e,2020-04-21 00:38:00,2024-01-01 00:00:00,2024-01-01
02a585b3-312f-42dd-ba85-2c7d20ebd68f,2019-01-26 03:22:00,2024-01-01 00:00:00,2024-01-01
1fd92115-7d53-4da3-a45c-11dc09664fa6,2020-01-31 20:55:00,2024-01-01 00:00:00,2024-01-01
b11e4077-bcfa-4850-b6d2-e2d7fbe51752,2021-05-08 00:11:00,2024-01-01 00:00:00,2024-01-01
b886de27-d776-421d-9e18-d1314e27c111,2022-01-21 12:08:00,2024-01-01 00:00:00,2024-01-01
5847e485-edad-42be-8aa8-c1915e7c0a45,2020-12-15 05:02:00,2024-01-01 00:00:00,2024-01-01
ea2cf0bb-53e1-48f6-bf8d-338ee7db84df,2020-06-20 20:54:00,2024-01-01 00:00:00,2024-01-01
b5bbac0d-38cb-48df-bf1e-ac8a70a044b5,2019-12-15 07:57:00,2024-01-01 00:00:00,2024-01-01
906d7997-95c3-4edf-8222-0f6d5f7a8efb,2019-06-24 01:46:00,2024-01-01 00:00:00,2024-01-01
ac9c7b65-1f4c-49ab-98f7-497cc59418a5,2022-08-29 14:29:00,2024-01-01 00:00:00,2024-01-01
60a84bb9-9c76-4b64-ab1d-16dd31b94625,2019-10-02 08:48:00,2024-01-01 00:00:00,2024-01-01
6b506c1b-f282-49ec-91e0-7af6d616ed5b,2020-07-26 00:03:00,2024-01-01 00:00:00,2024-01-01
c47863ba-9eea-4d54-a20f-a8151df391ab,2022-12-19 15:44:00,2024-01-01 00:00:00,2024-01-01
a8ca0ebc-9b7f-4d34-8d04-2fc582139c8f,2022-04-26 22:17:00,2024-01-01 00:00:00,2024-01-01
10b9b9a3-b3e2-47dc-b449-4a4592513e37,2019-07-24 06:10:00,2024-01-01 00:00:00,2024-01-01
d1af5b5f-9803-4859-82ba-f9a6eacbf0fc,2020-07-08 07:53:00,2024-01-01 00:00:00,2024-01-01
3f5e8bfc-3258-4d11-a9ee-45d332fd0527,2022-02-02 02:03:00,2024-01-01 00:00:00,2024-01-01
293f5bd9-e77f-453a-8ae8-8c2555462874,2022-06-26 22:39:00,2024-01-01 00:00:00,2024-01-01
1ceb73a6-47a3-4dd2-adbc-d51def354a7c,2020-09-25 20:59:00,2024-01-01 00:00:00,2024-01-01
677cca13-3dce-4b8b-83ea-16b376ad043a,2019-10-23 08:34:00,2024-01-01 00:00:00,2024-01-01
f2d02368-d00d-45a9-a715-4eaa09e96fd3,2021-08-11 18:46:00,2024-01-01 00:00:00,2024-01-01
d200bcbf-2a8f-48d4-9253-7997795d92cf,2023-02-15 15:09:00,2024-01-01 00:00:00,2024-01-01
115fdbad-ad54-4574-a146-59585c99eea9,2023-03-05 08:55:00,2024-01-01 00:00:00,2024-01-01
630f6ee2-4357-4798-b435-386ea8a00d80,2022-03-22 06:11:00,2024-01-01 00:00:00,2024-01-01
78312951-58cb-4114-b4ec-1c62fb9f5e8f,2019-12-30 02:31:00,2024-01-01 00:00:00,2024-01-01
f1488b3f-9fa5-4679-a614-71f573583cdd,2023-09-21 04:11:00,2024-01-01 00:00:00,2024-01-01
b175f2f8-ff61-4186-8f41-8390e8baa39d,2020-08-16 08:53:00,2024-01-01 00:00:00,2024-01-01
bd2d0caf-ea73-48cb-b440-8e605014b711,2022-11-22 21:13:00,2024-01-01 00:00:00,2024-01-01
d99f29a1-fbfd-4641-9f25-3cddfc9e6f64,2019-12-20 03:06:00,2024-01-01 00:00:00,2024-01-01
5d34ee55-9636-4b86-a473-7aaedbd3b76e,2021-12-28 19:03:00,2024-01-01 00:00:00,2024-01-01
c3bcabc1-7ba1-456e-9228-89ea40153e98,2019-03-14 09:24:00,2024-01-01 00:00:00,2024-01-01
c987c1d4-4420-48d0-87bf-7d5332046300,2021-12-12 03:44:00,2024-01-01 00:00:00,2024-01-01
f99d828b-8cd3-4c4c-8a36-00180a02f43e,2021-02-20 01:30:00,2024-01-01 00:00:00,2024-01-01
484ab5f0-e2b0-43f1-a5d8-b17c30918446,2019-01-25 17:25:00,2024-01-01 00:00:00,2024-01-01
e7f6d769-7279-46ba-8b63-105cef9bfd01,2021-07-07 20:10:00,2024-01-01 00:00:00,2024-01-01
23a41a82-aaeb-4cbc-a3da-56c530260b62,2019-04-25 04:49:00,2024-01-01 00:00:00,2024-01-01
6ecee6f2-1238-4a29-9fd3-442f6ff0e1fe,2019-03-13 19:21:00,2024-01-01 00:00:00,2024-01-01
79a33a0e-8539-49c7-86a5-5a9f4cc6b6da,2023-05-16 07:25:00,2024-01-01 00:00:00,2024-01-01
680a1405-03aa-48f2-be89-62e1c8bf3627,2023-07-02 23:08:00,2024-01-01 00:00:00,2024-01-01
28bb2c40-3d13-41a8-8b00-f3b3855cfc8f,2019-05-24 11:12:00,2024-01-01 00:00:00,2024-01-01
45446c04-e6a0-4cac-9e99-d912f4625863,2021-04-18 17:37:00,2024-01-01 00:00:00,2024-01-01
bb33d41c-4831-4a38-b78c-cc314fb2914a,2019-03-05 10:29:00,2024-01-01 00:00:00,2024-01-01
f5b4dc98-7753-440c-be2a-728e530730d0,2021-09-01 10:01:00,2024-01-01 00:00:00,2024-01-01
c5b60773-230d-452a-a448-54789e68efc7,2019-05-03 15:15:00,2024-01-01 00:00:00,2024-01-01
95785e11-a66e-4435-b080-1c3444822f98,2019-10-07 18:00:00,2024-01-01 00:00:00,2024-01-01
33373b46-ff98-42fc-a39c-f0dcfbd5e720,2019-02-23 14:13:00,2024-01-01 00:00:00,2024-01-01
07e5b557-841f-4555-ae9d-a926caafb32a,2022-06-14 02:12:00,2024-01-01 00:00:00,2024-01-01
430db7a5-b9a0-4d5b-8b89-1fac2d3c6a09,2023-03-22 01:41:00,2024-01-01 00:00:00,2024-01-01
f9f9c0af-5ea4-4402-98b2-b32c39f3f107,2021-07-13 05:05:00,2024-01-01 00:00:00,2024-01-01
d78182ff-6287-47fb-a6a1-c86862779c6a,2019-08-12 17:52:00,2024-01-01 00:00:00,2024-01-01
10b9b9a3-b3e2-47dc-b449-4a4592513e37,2021-02-18 01:47:00,2024-01-01 00:00:00,2024-01-01
2bd1bd50-cdb3-4fe9-a67a-335aea386b7d,2021-11-09 02:41:00,2024-01-01 00:00:00,2024-01-01
df12ed67-7c50-4007-92d4-1b779e3d741b,2021-03-09 04:11:00,2024-01-01 00:00:00,2024-01-01
0f6883be-4fc4-4ae2-9de6-f9e7f47bca68,2019-09-03 08:20:00,2024-01-01 00:00:00,2024-01-01
ea89fd49-731f-4da8-969b-bc2a6c8bea84,2023-11-18 22:49:00,2024-01-01 00:00:00,2024-01-01
ca4392e8-1de6-42bc-bcf6-5b94993d86c1,2020-07-26 13:50:00,2024-01-01 00:00:00,2024-01-01
df12ed67-7c50-4007-92d4-1b779e3d741b,2019-08-18 03:36:00,2024-01-01 00:00:00,2024-01-01
4f6d1a01-7440-40a4-991d-9896724ec71c,2019-12-09 02:30:00,2024-01-01 00:00:00,2024-01-01
60a84bb9-9c76-4b64-ab1d-16dd31b94625,2023-09-05 14:16:00,2024-01-01 00:00:00,2024-01-01
0ad16284-7dad-469c-81c6-08e7988e4581,2020-09-19 13:03:00,2024-01-01 00:00:00,2024-01-01
030feb28-36e3-4593-8d5c-c8d42af61ec0,2019-10-24 07:48:00,2024-01-01 00:00:00,2024-01-01
ddc37b46-61eb-46d4-ab20-d0103947c438,2020-09-09 04:11:00,2024-01-01 00:00:00,2024-01-01
677cca13-3dce-4b8b-83ea-16b376ad043a,2021-01-08 02:41:00,2024-01-01 00:00:00,2024-01-01
b175f2f8-ff61-4186-8f41-8390e8baa39d,2021-03-24 04:21:00,2024-01-01 00:00:00,2024-01-01
dab8a10a-7ff5-4eac-b5c5-81b48cd49bd1,2020-01-06 18:17:00,2024-01-01 00:00:00,2024-01-01
5d12e724-cb1e-4fa2-8a4b-7233cc8fe6ec,2023-03-27 04:46:00,2024-01-01 00:00:00,2024-01-01
fb196124-3f62-4741-8b92-6d48e5001c61,2022-09-22 00:37:00,2024-01-01 00:00:00,2024-01-01
0762ea53-2381-4782-a60c-891142c4b1e7,2020-07-10 23:52:00,2024-01-01 00:00:00,2024-01-01
33373b46-ff98-42fc-a39c-f0dcfbd5e720,2021-07-02 15:56:00,2024-01-01 00:00:00,2024-01-01
6fdfbdd3-a899-4c90-a087-c02bc74070b4,2020-01-05 19:01:00,2024-01-01 00:00:00,2024-01-01
05d53705-6b97-4966-95a7-34b64c31de69,2020-03-02 05:26:00,2024-01-01 00:00:00,2024-01-01
e6b82e62-5bc6-4d33-9de6-4ca3413eba00,2022-08-06 11:20:00,2024-01-01 00:00:00,2024-01-01
4122fce1-1d01-4333-93d2-7682b5ab383f,2019-07-13 04:30:00,2024-01-01 00:00:00,2024-01-01
9ba8e8ff-bbfd-4dfb-be8f-8a129cb40913,2021-04-17 20:29:00,2024-01-01 00:00:00,2024-01-01
9c9aa69d-90bb-4475-b683-682dd56bdb25,2022-05-19 09:46:00,2024-01-01 00:00:00,2024-01-01
0f6883be-4fc4-4ae2-9de6-f9e7f47bca68,2022-02-15 21:08:00,2024-01-01 00:00:00,2024-01-01
4d6f0375-b4c8-472f-961b-9d4ab77cf9d0,2020-07-07 11:52:00,2024-01-01 00:00:00,2024-01-01
0ce240aa-6ec3-42da-bb65-a50fb6b5ccc9,2022-11-18 18:34:00,2024-01-01 00:00:00,2024-01-01
161be690-7ffa-4141-bc81-80d10145e673,2020-12-19 12:02:00,2024-01-01 00:00:00,2024-01-01
2b023759-5dc3-4917-8cbb-194bcec4bc52,2019-09-27 03:36:00,2024-01-01 00:00:00,2024-01-01
eb15de3a-9a1b-4002-a390-d86101da476b,2022-09-28 10:59:00,2024-01-01 00:00:00,2024-01-01
e9037705-41a3-4880-b304-5110ead0f928,2022-01-04 02:10:00,2024-01-01 00:00:00,2024-01-01
c987c1d4-4420-48d0-87bf-7d5332046300,2023-07-08 17:56:00,2024-01-01 00:00:00,2024-01-01
d4f28bee-2d99-477e-bed0-8afb23cc957e,2021-04-08 22:18:00,2024-01-01 00:00:00,2024-01-01
ffaccd1e-794d-4d92-bbaf-a9d8ff556c88,2023-02-09 17:56:00,2024-01-01 00:00:00,2024-01-01
17f17fc6-d728-4173-a47c-4726931b69e7,2021-04-27 15:35:00,2024-01-01 00:00:00,2024-01-01
79a33a0e-8539-49c7-86a5-5a9f4cc6b6da,2021-05-26 16:43:00,2024-01-01 00:00:00,2024-01-01
a8bae049-a215-4378-8164-0e4c821524c2,2021-05-12 06:29:00,2024-01-01 00:00:00,2024-01-01
7bb3ebad-db7d-4fa2-af39-7c8d05d05501,2021-02-15 00:32:00,2024-01-01 00:00:00,2024-01-01
a4e34d9b-0a0d-46a2-9d9e-c7314cb0b44c,2021-12-12 09:29:00,2024-01-01 00:00:00,2024-01-01
0f6883be-4fc4-4ae2-9de6-f9e7f47bca68,2020-06-14 16:47:00,2024-01-01 00:00:00,2024-01-01
b3673644-b02d-4f35-a2aa-0344feca4972,2020-04-17 21:35:00,2024-01-01 00:00:00,2024-01-01
10b9b9a3-b3e2-47dc-b449-4a4592513e37,2019-07-01 03:36:00,2024-01-01 00:00:00,2024-01-01
3cc55d11-2a77-4031-b604-92a025d7a129,2019-03-08 09:39:00,2024-01-01 00:00:00,2024-01-01
88ae4cc4-c859-41bb-b115-0a8c07730e75,2023-09-30 04:05:00,2024-01-01 00:00:00,2024-01-01
2fd62491-8dd6-46c4-91ed-c4c70793025b,2021-06-14 01:03:00,2024-01-01 00:00:00,2024-01-01
28bb2c40-3d13-41a8-8b00-f3b3855cfc8f,2021-04-06 23:46:00,2024-01-01 00:00:00,2024-01-01
0a72d6c0-600d-4783-be71-1be9d30ff28d,2023-04-14 06:25:00,2024-01-01 00:00:00,2024-01-01
5136c411-04fc-4c2f-ad40-bd70082eb2a4,2022-05-30 23:40:00,2024-01-01 00:00:00,2024-01-01
5e2507d0-04bf-414b-9bf2-382051d882bd,2019-09-19 06:50:00,2024-01-01 00:00:00,2024-01-01
5940ce1b-9791-4aa0-a3db-8eb776311197,2020-10-29 08:34:00,2024-01-01 00:00:00,2024-01-01
9d0a07e7-7cad-4b11-b098-c63cd83d86cc,2020-07-04 13:17:00,2024-01-01 00:00:00,2024-01-01
23548afa-8f4b-455a-b556-11068a4d1c9f,2021-07-08 01:32:00,2024-01-01 00:00:00,2024-01-01
a820e556-c90a-47c0-af29-f60ca8d22e08,2019-11-20 07:36:00,2024-01-01 00:00:00,2024-01-01
e38cd76c-4edd-4fb9-9598-7e00255aa1b2,2021-12-16 10:17:00,2024-01-01 00:00:00,2024-01-01
dedc6b5e-7dd0-4412-8bbc-91e03d351549,2021-06-03 04:45:00,2024-01-01 00:00:00,2024-01-01
896872e5-c3d0-4f6e-89c7-414710662765,2023-10-19 05:04:00,2024-01-01 00:00:00,2024-01-01
cb54cd85-0380-4ca9-a739-eee1dc503a51,2019-12-07 23:46:00,2024-01-01 00:00:00,2024-01-01
fa9d2712-59b1-4861-9cdc-4344e649a21a,2021-10-03 23:09:00,2024-01-01 00:00:00,2024-01-01
b175f2f8-ff61-4186-8f41-8390e8baa39d,2023-11-10 11:57:00,2024-01-01 00:00:00,2024-01-01
071aa882-feda-46a3-a4e8-02ec468ad223,2020-11-04 06:48:00,2024-01-01 00:00:00,2024-01-01
1cc9d468-4898-4575-9b28-0d959c1aa2eb,2020-03-22 01:01:00,2024-01-01 00:00:00,2024-01-01
4f6d1a01-7440-40a4-991d-9896724ec71c,2019-02-07 16:24:00,2024-01-01 00:00:00,2024-01-01
54073c9a-d5d8-4c8c-b6b2-4334ffa3652e,2020-05-24 09:47:00,2024-01-01 00:00:00,2024-01-01
58d36a37-67ff-4d9b-9eaa-516f9e053ead,2023-01-02 14:15:00,2024-01-01 00:00:00,2024-01-01
eb15de3a-9a1b-4002-a390-d86101da476b,2022-04-30 19:00:00,2024-01-01 00:00:00,2024-01-01
6d020665-2465-4a6e-b01a-6862c08f7c99,2019-01-07 16:36:00,2024-01-01 00:00:00,2024-01-01
430db7a5-b9a0-4d5b-8b89-1fac2d3c6a09,2023-04-23 18:05:00,2024-01-01 00:00:00,2024-01-01
a94ab030-6fa9-405a-a6d1-616817fc5300,2019-09-06 03:25:00,2024-01-01 00:00:00,2024-01-01
1cc9d468-4898-4575-9b28-0d959c1aa2eb,2023-06-23 00:37:00,2024-01-01 00:00:00,2024-01-01
cd8c1d7c-c3a1-48d0-8535-5c9fa5f5a58a,2023-10-19 02:24:00,2024-01-01 00:00:00,2024-01-01
07516eff-8e29-411e-b392-afaaee9016e6,2022-03-08 23:40:00,2024-01-01 00:00:00,2024-01-01
2a67aedf-6514-4b81-a4d7-060235d6e43e,2019-11-08 07:08:00,2024-01-01 00:00:00,2024-01-01
df12ed67-7c50-4007-92d4-1b779e3d741b,2022-11-04 06:59:00,2024-01-01 00:00:00,2024-01-01
5eef5951-d005-4984-b47a-d06c66199451,2021-07-24 18:43:00,2024-01-01 00:00:00,2024-01-01
23548afa-8f4b-455a-b556-11068a4d1c9f,2021-12-25 18:46:00,2024-01-01 00:00:00,2024-01-01
951a9f55-1058-4bd9-954d-043e088ec276,2021-07-30 22:39:00,2024-01-01 00:00:00,2024-01-01
9cd072bf-530a-47fc-8e8f-2f08787a39bb,2019-04-02 00:34:00,2024-01-01 00:00:00,2024-01-01
b5b9805f-a92e-43b2-88b9-2985519a4d52,2023-06-17 10:19:00,2024-01-01 00:00:00,2024-01-01
17276d3c-a5c5-44c4-bcd9-8fb9341a88ca,2022-01-17 02:54:00,2024-01-01 00:00:00,2024-01-01
0be28c25-0327-4f80-8046-0eaeb54d8a11,2023-11-10 17:27:00,2024-01-01 00:00:00,2024-01-01
185e7502-135f-4aa2-aac7-26d0f0eed2cc,2021-09-10 12:15:00,2024-01-01 00:00:00,2024-01-01
1d4ae20a-50eb-4da3-af0e-e64abeb8ab75,2019-03-25 00:58:00,2024-01-01 00:00:00,2024-01-01
1cc7c465-4c34-47f9-bfc3-fffe059d40c5,2022-05-07 18:32:00,2024-01-01 00:00:00,2024-01-01
c9bf95b9-b0ae-4dc9-91af-c64e1f637bdf,2020-07-21 07:15:00,2024-01-01 00:00:00,2024-01-01
a820e556-c90a-47c0-af29-f60ca8d22e08,2021-06-08 03:46:00,2024-01-01 00:00:00,2024-01-01
0ad16284-7dad-469c-81c6-08e7988e4581,2023-09-07 14:05:00,2024-01-01 00:00:00,2024-01-01
bf5722b9-c754-45bd-a502-a5d56c8ab316,2019-07-16 02:20:00,2024-01-01 00:00:00,2024-01-01
fa6dbc27-2b6a-4eb8-bbb5-9e5358db1290,2019-07-09 19:35:00,2024-01-01 00:00:00,2024-01-01
018c7220-47ac-4839-a4d7-f8d59199bd91,2022-08-15 22:16:00,2024-01-01 00:00:00,2024-01-01
a0193e2c-8fac-4f96-b87b-b3dbb309bef1,2020-11-06 04:48:00,2024-01-01 00:00:00,2024-01-01
5136c411-04fc-4c2f-ad40-bd70082eb2a4,2022-03-20 09:09:00,2024-01-01 00:00:00,2024-01-01
f3aab638-34fe-42e7-bb13-82c8fb296808,2019-02-07 20:16:00,2024-01-01 00:00:00,2024-01-01
5d52cf68-3e58-494c-9ae6-1b53dbb06462,2023-07-07 21:00:00,2024-01-01 00:00:00,2024-01-01
0f115cef-22dd-491e-bfcd-50da19e6280b,2019-05-21 06:20:00,2024-01-01 00:00:00,2024-01-01
f97791ea-8b07-49c7-87e4-14ac0d341906,2023-04-11 08:26:00,2024-01-01 00:00:00,2024-01-01
1373f611-d6f8-457e-a107-d0d4aaab0875,2021-04-21 14:20:00,2024-01-01 00:00:00,2024-01-01
23548afa-8f4b-455a-b556-11068a4d1c9f,2021-02-07 18:38:00,2024-01-01 00:00:00,2024-01-01
310e7f81-9fe3-4296-ac03-e8d76f6c10ac,2022-05-08 09:37:00,2024-01-01 00:00:00,2024-01-01
e3277bbf-6082-43b9-9df3-9183185ff074,2022-12-12 12:27:00,2024-01-01 00:00:00,2024-01-01
d4f537d1-f965-4b8f-a988-6937f70e11b0,2021-06-23 22:03:00,2024-01-01 00:00:00,2024-01-01
390cb769-6de3-4ad2-a51d-c5a1c0bd5859,2019-07-15 17:08:00,2024-01-01 00:00:00,2024-01-01
7a50e05e-c86f-47e7-8fb8-84259d236325,2020-06-30 20:46:00,2024-01-01 00:00:00,2024-01-01
a57ccce5-4849-48fc-bdfa-0c5932580ebc,2019-02-02 04:45:00,2024-01-01 00:00:00,2024-01-01
0fe98d5e-6974-49a2-8470-b3d3e5c12fcc,2023-04-26 02:44:00,2024-01-01 00:00:00,2024-01-01
6a01d889-b776-4f27-8221-299b8d06dc27,2021-11-04 04:41:00,2024-01-01 00:00:00,2024-01-01
1fd92115-7d53-4da3-a45c-11dc09664fa6,2020-03-31 14:38:00,2024-01-01 00:00:00,2024-01-01
99efa319-16a0-466f-9da7-67892c533f4e,2023-04-20 00:09:00,2024-01-01 00:00:00,2024-01-01
7fe05f0b-325e-4e03-9683-1584ee95d892,2021-03-11 01:33:00,2024-01-01 00:00:00,2024-01-01
a0193e2c-8fac-4f96-b87b-b3dbb309bef1,2020-12-10 02:31:00,2024-01-01 00:00:00,2024-01-01
34943a3f-75c0-424a-a27e-89714269da45,2020-06-20 10:57:00,2024-01-01 00:00:00,2024-01-01
71e26478-1b8b-42c6-9d73-9790ed1ca341,2019-10-06 07:50:00,2024-01-01 00:00:00,2024-01-01
7bd9faf9-ba67-4110-af10-8fd6782127f8,2021-01-04 06:26:00,2024-01-01 00:00:00,2024-01-01
046f62a1-a2f7-406e-8c45-b4bab6917922,2020-09-30 07:22:00,2024-01-01 00:00:00,2024-01-01
8819d9f7-a96c-49ba-b6d3-97e15ed72dbb,2021-07-19 00:18:00,2024-01-01 00:00:00,2024-01-01
046f62a1-a2f7-406e-8c45-b4bab6917922,2019-06-28 19:06:00,2024-01-01 00:00:00,2024-01-01
62e1d3cc-9eb7-4f34-8ae1-35b34d1f7fc9,2023-04-30 04:35:00,2024-01-01 00:00:00,2024-01-01
9ac816b3-ed31-438d-8de1-bdc665b55fff,2022-12-07 03:35:00,2024-01-01 00:00:00,2024-01-01
fa9d2712-59b1-4861-9cdc-4344e649a21a,2019-08-26 13:04:00,2024-01-01 00:00:00,2024-01-01
667d37a6-10e6-407e-a874-e77d875ba1f9,2022-07-10 20:20:00,2024-01-01 00:00:00,2024-01-01
10b9b9a3-b3e2-47dc-b449-4a4592513e37,2020-12-09 00:18:00,2024-01-01 00:00:00,2024-01-01
f22170f9-0a9f-40c7-9f8e-6ed79578fb2c,2022-09-25 12:07:00,2024-01-01 00:00:00,2024-01-01
015e17bb-1e2f-4618-ade7-697f90b13138,2019-03-06 14:38:00,2024-01-01 00:00:00,2024-01-01
484edafb-7818-402b-b84e-70c477977155,2019-12-21 01:16:00,2024-01-01 00:00:00,2024-01-01
9d2b2485-e78c-466a-bb21-b72d1ffd405a,2021-05-23 00:03:00,2024-01-01 00:00:00,2024-01-01
b886de27-d776-421d-9e18-d1314e27c111,2019-06-24 17:15:00,2024-01-01 00:00:00,2024-01-01
677cca13-3dce-4b8b-83ea-16b376ad043a,2021-12-05 14:05:00,2024-01-01 00:00:00,2024-01-01
617abd34-e75b-4589-9650-2b97ad5a95e1,2019-03-02 23:56:00,2024-01-01 00:00:00,2024-01-01
ab0a08c8-179f-4998-b48d-1f792d033ed8,2023-03-08 05:12:00,2024-01-01 00:00:00,2024-01-01
88ae4cc4-c859-41bb-b115-0a8c07730e75,2019-09-18 23:59:00,2024-01-01 00:00:00,2024-01-01
29b81039-f7fe-44d4-b9ae-e43004eff257,2022-07-08 02:22:00,2024-01-01 00:00:00,2024-01-01
a8bae049-a215-4378-8164-0e4c821524c2,2019-07-03 00:41:00,2024-01-01 00:00:00,2024-01-01
8f10bb43-2edd-452d-9b02-bc94aef8d31e,2020-06-25 17:45:00,2024-01-01 00:00:00,2024-01-01
bb33d41c-4831-4a38-b78c-cc314fb2914a,2021-02-05 15:47:00,2024-01-01 00:00:00,2024-01-01
fcbc4199-ac99-41ff-975b-5c8ff7e2531d,2021-05-29 10:14:00,2024-01-01 00:00:00,2024-01-01
fc536289-9931-4b76-8e6b-d1236c0b89a3,2023-07-27 23:58:00,2024-01-01 00:00:00,2024-01-01
185e7502-135f-4aa2-aac7-26d0f0eed2cc,2023-03-25 09:24:00,2024-01-01 00:00:00,2024-01-01
95ecfad2-598f-4b56-9182-5d3280ccafdb,2023-01-25 09:41:00,2024-01-01 00:00:00,2024-01-01
fa9b92d0-1ba3-4b48-9147-edcc511ecf01,2019-12-30 04:28:00,2024-01-01 00:00:00,2024-01-01
484edafb-7818-402b-b84e-70c477977155,2021-05-08 20:19:00,2024-01-01 00:00:00,2024-01-01
030feb28-36e3-4593-8d5c-c8d42af61ec0,2021-02-23 00:06:00,2024-01-01 00:00:00,2024-01-01
617abd34-e75b-4589-9650-2b97ad5a95e1,2022-06-27 10:15:00,2024-01-01 00:00:00,2024-01-01
a4412d03-cb82-463c-8298-df6ca976c324,2019-01-15 15:46:00,2024-01-01 00:00:00,2024-01-01
33373b46-ff98-42fc-a39c-f0dcfbd5e720,2023-03-03 20:13:00,2024-01-01 00:00:00,2024-01-01
0fcf7399-8fe6-439c-977f-6e8fde3da99b,2023-02-07 15:54:00,2024-01-01 00:00:00,2024-01-01
185e7502-135f-4aa2-aac7-26d0f0eed2cc,2019-11-01 07:22:00,2024-01-01 00:00:00,2024-01-01
5136c411-04fc-4c2f-ad40-bd70082eb2a4,2022-02-17 13:05:00,2024-01-01 00:00:00,2024-01-01
9d2b2485-e78c-466a-bb21-b72d1ffd405a,2021-10-02 17:10:00,2024-01-01 00:00:00,2024-01-01
399f88ee-c3c2-4945-853e-1941dee550ef,2019-12-01 10:48:00,2024-01-01 00:00:00,2024-01-01
4d87cbaa-bcd0-464a-9fcb-d81df4a1d9c8,2019-07-27 21:08:00,2024-01-01 00:00:00,2024-01-01
2f72de34-0cd3-4c9c-ba81-55c9916a9bbf,2023-08-19 21:11:00,2024-01-01 00:00:00,2024-01-01
615ffa91-48ae-4b3a-a7a9-5ee15361893e,2021-03-18 00:32:00,2024-01-01 00:00:00,2024-01-01
bb6ecc9c-2824-4092-8115-75fd5579d8e0,2021-03-13 13:45:00,2024-01-01 00:00:00,2024-01-01
9cd072bf-530a-47fc-8e8f-2f08787a39bb,2023-07-16 11:59:00,2024-01-01 00:00:00,2024-01-01
fb2687f9-3e9a-406e-a8b1-b33067bdbb70,2022-12-02 12:09:00,2024-01-01 00:00:00,2024-01-01
cdd01a01-fe8b-40d4-b2a3-c0e0207a3a1f,2023-10-19 08:04:00,2024-01-01 00:00:00,2024-01-01
4de6c7f0-1541-4146-ba6c-4b5813098f5e,2022-06-26 14:56:00,2024-01-01 00:00:00,2024-01-01
d06afe8f-b00f-4b3d-951b-dfc4f57cbee5,2021-04-17 17:28:00,2024-01-01 00:00:00,2024-01-01
b5ed67ce-51f8-454e-8bc0-7c5ee56b22b9,2021-11-11 08:50:00,2024-01-01 00:00:00,2024-01-01
ddc37b46-61eb-46d4-ab20-d0103947c438,2022-07-01 15:29:00,2024-01-01 00:00:00,2024-01-01
974e368f-0337-4cb7-bfea-024151bc4b40,2023-08-27 21:10:00,2024-01-01 00:00:00,2024-01-01
7bb3ebad-db7d-4fa2-af39-7c8d05d05501,2022-03-30 20:13:00,2024-01-01 00:00:00,2024-01-01
b175f2f8-ff61-4186-8f41-8390e8baa39d,2021-01-10 01:26:00,2024-01-01 00:00:00,2024-01-01
22396224-bed7-4623-aa8e-286ce43cea68,2019-08-11 16:19:00,2024-01-01 00:00:00,2024-01-01
10b9b9a3-b3e2-47dc-b449-4a4592513e37,2021-10-22 15:19:00,2024-01-01 00:00:00,2024-01-01
a8bae049-a215-4378-8164-0e4c821524c2,2019-10-26 07:20:00,2024-01-01 00:00:00,2024-01-01
e3277bbf-6082-43b9-9df3-9183185ff074,2023-11-05 06:19:00,2024-01-01 00:00:00,2024-01-01
2dd3fe93-4eb9-4533-a2c0-6041b3aefc7d,2019-04-20 23:26:00,2024-01-01 00:00:00,2024-01-01
951a9f55-1058-4bd9-954d-043e088ec276,2023-12-05 12:35:00,2024-01-01 00:00:00,2024-01-01
4d6f0375-b4c8-472f-961b-9d4ab77cf9d0,2019-11-09 03:09:00,2024-01-01 00:00:00,2024-01-01
f3aecb8f-f8b9-406a-82a5-1f464e1c4e63,2019-06-27 20:27:00,2024-01-01 00:00:00,2024-01-01
a94ab030-6fa9-405a-a6d1-616817fc5300,2023-09-24 19:47:00,2024-01-01 00:00:00,2024-01-01
ac9c7b65-1f4c-49ab-98f7-497cc59418a5,2023-03-19 05:22:00,2024-01-01 00:00:00,2024-01-01
34e5977a-f47b-49db-b67b-fe24062b184d,2020-06-09 05:01:00,2024-01-01 00:00:00,2024-01-01
519bfb38-3676-4d96-9ab2-edb60603b77e,2021-03-29 22:17:00,2024-01-01 00:00:00,2024-01-01
2922af86-2997-4537-8609-bf9b9c5f81c3,2023-06-29 20:52:00,2024-01-01 00:00:00,2024-01-01
98ecac3b-17cd-418d-b996-6a44293cb0cf,2019-06-30 03:06:00,2024-01-01 00:00:00,2024-01-01
15126595-ddb9-4291-9946-5b29f8108d8f,2022-10-05 19:31:00,2024-01-01 00:00:00,2024-01-01
13d5de61-8558-4387-8ab4-347a8f505a31,2023-05-05 17:35:00,2024-01-01 00:00:00,2024-01-01
981d69ee-8bf8-4175-a790-bf01bf05aabd,2019-06-14 04:29:00,2024-01-01 00:00:00,2024-01-01
1cc9d468-4898-4575-9b28-0d959c1aa2eb,2020-05-25 21:27:00,2024-01-01 00:00:00,2024-01-01
2dd3fe93-4eb9-4533-a2c0-6041b3aefc7d,2020-04-23 07:21:00,2024-01-01 00:00:00,2024-01-01
79001d4d-d695-492b-b3a9-4fd78d066ddc,2022-10-18 09:32:00,2024-01-01 00:00:00,2024-01-01
8fa9fce9-f7f3-4b38-9843-15643dc064d4,2023-11-26 16:51:00,2024-01-01 00:00:00,2024-01-01
d463fafa-7d15-4981-8b7e-9bcb112f286d,2020-01-02 02:33:00,2024-01-01 00:00:00,2024-01-01
eea3d3c5-98b7-4022-b15a-0ec60a4b70ea,2021-11-24 18:51:00,2024-01-01 00:00:00,2024-01-01
f3e3ebe3-029a-424d-8e46-d1cabd507128,2021-05-09 00:25:00,2024-01-01 00:00:00,2024-01-01
185e7502-135f-4aa2-aac7-26d0f0eed2cc,2021-04-09 00:22:00,2024-01-01 00:00:00,2024-01-01
1ceb73a6-47a3-4dd2-adbc-d51def354a7c,2023-10-01 03:02:00,2024-01-01 00:00:00,2024-01-01
4da46ed5-9d9c-480d-aa47-7d43bc9c09fb,2020-01-08 05:52:00,2024-01-01 00:00:00,2024-01-01
018c7220-47ac-4839-a4d7-f8d59199bd91,2023-12-04 09:12:00,2024-01-01 00:00:00,2024-01-01
4d87cbaa-bcd0-464a-9fcb-d81df4a1d9c8,2022-09-06 08:05:00,2024-01-01 00:00:00,2024-01-01
72af3421-4c21-454c-ae33-5b876b8ee2d8,2023-07-01 05:15:00,2024-01-01 00:00:00,2024-01-01
1373f611-d6f8-457e-a107-d0d4aaab0875,2023-11-03 03:45:00,2024-01-01 00:00:00,2024-01-01
d39003ff-20ab-4c47-80e5-78bac10aa506,2021-04-02 09:39:00,2024-01-01 00:00:00,2024-01-01
437c8e55-9887-4067-ad65-c7077711951c,2023-03-04 16:27:00,2024-01-01 00:00:00,2024-01-01
ce0b6f95-c730-496a-a07a-8384d42befb9,2019-01-09 07:31:00,2024-01-01 00:00:00,2024-01-01
47a65899-78bd-48cb-9e37-fc6c234729ae,2019-10-19 22:46:00,2024-01-01 00:00:00,2024-01-01
725be64e-ff35-41a3-86cc-b701274c1867,2022-08-07 16:24:00,2024-01-01 00:00:00,2024-01-01
390cb769-6de3-4ad2-a51d-c5a1c0bd5859,2019-04-19 06:10:00,2024-01-01 00:00:00,2024-01-01
6fce7ef5-ee43-4bdb-90de-d63a0361ff25,2019-05-08 06:06:00,2024-01-01 00:00:00,2024-01-01
55f0a218-16b9-4fe7-9689-7a69abe78aed,2022-05-02 17:52:00,2024-01-01 00:00:00,2024-01-01
02a585b3-312f-42dd-ba85-2c7d20ebd68f,2022-04-27 19:58:00,2024-01-01 00:00:00,2024-01-01
974e368f-0337-4cb7-bfea-024151bc4b40,2019-04-12 02:51:00,2024-01-01 00:00:00,2024-01-01
6ecee6f2-1238-4a29-9fd3-442f6ff0e1fe,2020-07-19 00:13:00,2024-01-01 00:00:00,2024-01-01
0fe86db3-0ef9-46f3-bdd2-e7a9cee1eaf2,2020-09-01 15:52:00,2024-01-01 00:00:00,2024-01-01
3dcb9969-4b73-4926-aa46-2c48ba947fc0,2019-08-28 03:48:00,2024-01-01 00:00:00,2024-01-01
d724b683-e963-4386-b2b8-fd0848f7abae,2022-11-13 23:06:00,2024-01-01 00:00:00,2024-01-01
ce0b6f95-c730-496a-a07a-8384d42befb9,2022-04-22 14:48:00,2024-01-01 00:00:00,2024-01-01
61094253-0645-4e3a-8425-6747dd857e20,2022-08-28 13:02:00,2024-01-01 00:00:00,2024-01-01
4d87cbaa-bcd0-464a-9fcb-d81df4a1d9c8,2023-05-18 03:56:00,2024-01-01 00:00:00,2024-01-01
d4f28bee-2d99-477e-bed0-8afb23cc957e,2022-07-14 12:56:00,2024-01-01 00:00:00,2024-01-01
d250a920-f9be-4677-86a3-8a72838f9886,2019-11-15 11:43:00,2024-01-01 00:00:00,2024-01-01
44444b0d-5b0a-407c-a8be-8eef20b13052,2023-01-04 01:46:00,2024-01-01 00:00:00,2024-01-01
185e7502-135f-4aa2-aac7-26d0f0eed2cc,2021-11-05 03:37:00,2024-01-01 00:00:00,2024-01-01
8d6971cf-dae1-46db-836a-9e040806a36c,2022-08-20 20:29:00,2024-01-01 00:00:00,2024-01-01
2b81f86a-6ae7-4e1b-91ea-e58171ab6d45,2023-08-10 10:55:00,2024-01-01 00:00:00,2024-01-01
dc497c55-2855-4a13-8405-ca80712ec6f2,2021-01-16 00:40:00,2024-01-01 00:00:00,2024-01-01
c152a397-4b4d-4fd6-aaeb-325b9cf6fe2d,2019-09-04 06:28:00,2024-01-01 00:00:00,2024-01-01
04723e3e-62de-4c60-8482-d3c5544ef0d5,2020-11-28 10:33:00,2024-01-01 00:00:00,2024-01-01
7a7b7d9e-e75c-48d9-ad80-4b13675af47d,2019-12-06 03:01:00,2024-01-01 00:00:00,2024-01-01
ea89fd49-731f-4da8-969b-bc2a6c8bea84,2021-08-25 05:35:00,2024-01-01 00:00:00,2024-01-01
904fbcdc-a01e-4835-9898-b70b508ff43f,2021-12-18 14:33:00,2024-01-01 00:00:00,2024-01-01
1cc9d468-4898-4575-9b28-0d959c1aa2eb,2023-03-06 15:08:00,2024-01-01 00:00:00,2024-01-01
71e26478-1b8b-42c6-9d73-9790ed1ca341,2023-05-16 19:48:00,2024-01-01 00:00:00,2024-01-01
37dd6d0b-8a9b-485f-964b-b252d580f62f,2019-04-26 07:29:00,2024-01-01 00:00:00,2024-01-01
8f10bb43-2edd-452d-9b02-bc94aef8d31e,2019-08-18 13:06:00,2024-01-01 00:00:00,2024-01-01
f2d02368-d00d-45a9-a715-4eaa09e96fd3,2021-05-23 17:44:00,2024-01-01 00:00:00,2024-01-01
eb15de3a-9a1b-4002-a390-d86101da476b,2021-11-14 19:30:00,2024-01-01 00:00:00,2024-01-01
06bdb1fb-5584-44c3-b60e-ba9d730a9ff5,2023-09-06 04:57:00,2024-01-01 00:00:00,2024-01-01
904fbcdc-a01e-4835-9898-b70b508ff43f,2020-02-20 19:56:00,2024-01-01 00:00:00,2024-01-01
9033db67-1d5a-4c89-9cd7-589bb022a6ee,2023-04-02 20:24:00,2024-01-01 00:00:00,2024-01-01
3ef8c66a-ee03-4b70-89df-59ea55a86c3e,2020-05-29 15:49:00,2024-01-01 00:00:00,2024-01-01
f3e3ebe3-029a-424d-8e46-d1cabd507128,2019-09-05 06:31:00,2024-01-01 00:00:00,2024-01-01
57fdf3e3-470d-418e-9bad-085d3bc96551,2020-11-24 07:02:00,2024-01-01 00:00:00,2024-01-01
7c4a0338-8dcb-4de5-b189-da33fbef11d0,2021-07-05 13:35:00,2024-01-01 00:00:00,2024-01-01
2b023759-5dc3-4917-8cbb-194bcec4bc52,2023-11-04 00:11:00,2024-01-01 00:00:00,2024-01-01
54ffe43a-ee72-49cf-9b9e-5ced527f8632,2023-06-23 17:00:00,2024-01-01 00:00:00,2024-01-01
d463fafa-7d15-4981-8b7e-9bcb112f286d,2022-10-11 22:35:00,2024-01-01 00:00:00,2024-01-01
3ae4c331-afe9-42f6-86e0-16b66d7c48bf,2021-01-20 11:29:00,2024-01-01 00:00:00,2024-01-01
b11e4077-bcfa-4850-b6d2-e2d7fbe51752,2023-11-11 16:02:00,2024-01-01 00:00:00,2024-01-01
0288a5fb-a2e3-472e-b132-4e10784bc88a,2019-01-31 20:16:00,2024-01-01 00:00:00,2024-01-01
eb7961b1-90ae-4c49-82a5-98b0cc745af4,2022-10-02 09:12:00,2024-01-01 00:00:00,2024-01-01
0a87cbd7-da05-4d9e-893e-3d17083fb102,2023-06-24 04:13:00,2024-01-01 00:00:00,2024-01-01
645d4d49-dc87-47fe-a65f-0dcbc44cde63,2023-11-30 05:10:00,2024-01-01 00:00:00,2024-01-01
99a2b8b6-7876-4a84-b9fe-9a64c99038d8,2023-08-16 12:37:00,2024-01-01 00:00:00,2024-01-01
bf743547-e02b-423f-b740-ac35621649bf,2019-03-19 12:38:00,2024-01-01 00:00:00,2024-01-01
33a8bae8-defe-45ee-bc55-acac9865843c,2022-10-01 12:35:00,2024-01-01 00:00:00,2024-01-01
bb6ecc9c-2824-4092-8115-75fd5579d8e0,2020-12-22 14:16:00,2024-01-01 00:00:00,2024-01-01
b16811c6-e37d-4e74-b5f5-a459d02da012,2021-03-26 15:01:00,2024-01-01 00:00:00,2024-01-01
26a8ea3c-d6d3-417b-b4e9-4ad78e3d2c43,2021-03-07 14:43:00,2024-01-01 00:00:00,2024-01-01
ac9c7b65-1f4c-49ab-98f7-497cc59418a5,2022-10-30 02:27:00,2024-01-01 00:00:00,2024-01-01
c47863ba-9eea-4d54-a20f-a8151df391ab,2022-06-23 03:15:00,2024-01-01 00:00:00,2024-01-01
cd8c1d7c-c3a1-48d0-8535-5c9fa5f5a58a,2022-03-29 11:44:00,2024-01-01 00:00:00,2024-01-01
399f88ee-c3c2-4945-853e-1941dee550ef,2023-03-14 04:05:00,2024-01-01 00:00:00,2024-01-01
75fee327-128d-4947-922c-48768321bb81,2020-10-21 23:07:00,2024-01-01 00:00:00,2024-01-01
630f6ee2-4357-4798-b435-386ea8a00d80,2023-09-14 09:52:00,2024-01-01 00:00:00,2024-01-01
9cd072bf-530a-47fc-8e8f-2f08787a39bb,2019-10-25 02:00:00,2024-01-01 00:00:00,2024-01-01
70af3e45-1b97-4330-8434-638013984d40,2021-09-10 00:13:00,2024-01-01 00:00:00,2024-01-01
c2a105a4-8173-4003-8b19-f4ab166c39ed,2020-02-09 01:52:00,2024-01-01 00:00:00,2024-01-01
bf5722b9-c754-45bd-a502-a5d56c8ab316,2022-08-21 08:57:00,2024-01-01 00:00:00,2024-01-01
a9032709-b02e-4e5e-ab7b-084c49a7cb9f,2023-05-21 09:54:00,2024-01-01 00:00:00,2024-01-01
b1739b28-f87d-41ac-b2cc-1214c3e645d9,2020-03-09 23:44:00,2024-01-01 00:00:00,2024-01-01
fee34432-a4d3-41dd-8215-d2135245a4ee,2019-08-19 17:55:00,2024-01-01 00:00:00,2024-01-01
b1dc94e1-9c1e-47a0-a619-b383230402dd,2020-03-30 04:18:00,2024-01-01 00:00:00,2024-01-01
ffda0ef2-515b-45d8-b52c-cad58ac5a42d,2022-01-14 09:32:00,2024-01-01 00:00:00,2024-01-01
484edafb-7818-402b-b84e-70c477977155,2019-05-16 00:00:00,2024-01-01 00:00:00,2024-01-01
c0d8692a-0e8c-43dc-9470-88c60fa6f487,2020-09-09 03:47:00,2024-01-01 00:00:00,2024-01-01
1542e8ac-6618-4f26-be85-1a7276b22a4b,2021-05-20 02:52:00,2024-01-01 00:00:00,2024-01-01
17803607-22cb-4c44-924d-744803b07c79,2019-02-01 07:02:00,2024-01-01 00:00:00,2024-01-01
47a65899-78bd-48cb-9e37-fc6c234729ae,2019-10-29 11:58:00,2024-01-01 00:00:00,2024-01-01
ad6498b7-1091-4c58-a2a6-649cf753ffc0,2019-05-26 15:46:00,2024-01-01 00:00:00,2024-01-01
33a8bae8-defe-45ee-bc55-acac9865843c,2021-01-16 22:35:00,2024-01-01 00:00:00,2024-01-01
6fce7ef5-ee43-4bdb-90de-d63a0361ff25,2021-03-05 09:25:00,2024-01-01 00:00:00,2024-01-01
54073c9a-d5d8-4c8c-b6b2-4334ffa3652e,2022-12-31 07:14:00,2024-01-01 00:00:00,2024-01-01
eb7961b1-90ae-4c49-82a5-98b0cc745af4,2022-09-29 19:55:00,2024-01-01 00:00:00,2024-01-01
735e3307-b6b1-4147-9929-224858ae60ea,2020-11-06 09:35:00,2024-01-01 00:00:00,2024-01-01
61a0ff12-d68f-4b62-afab-5178433b5f21,2019-07-05 00:20:00,2024-01-01 00:00:00,2024-01-01
db8f2120-0aaa-4288-8646-ea0f48e1dd86,2019-02-04 03:56:00,2024-01-01 00:00:00,2024-01-01
eea3d3c5-98b7-4022-b15a-0ec60a4b70ea,2023-04-08 15:26:00,2024-01-01 00:00:00,2024-01-01
0a87cbd7-da05-4d9e-893e-3d17083fb102,2020-06-15 04:31:00,2024-01-01 00:00:00,2024-01-01
db8f2120-0aaa-4288-8646-ea0f48e1dd86,2021-11-01 18:50:00,2024-01-01 00:00:00,2024-01-01
b5ed67ce-51f8-454e-8bc0-7c5ee56b22b9,2021-05-19 03:20:00,2024-01-01 00:00:00,2024-01-01
6fefc024-07d9-4a86-ac9b-699fd27b6e4c,2021-08-25 17:21:00,2024-01-01 00:00:00,2024-01-01
a40a848a-55c3-4609-ac67-467bfab77ed1,2020-10-19 03:08:00,2024-01-01 00:00:00,2024-01-01
68150799-c06b-4ee1-b210-48ab114ad0bb,2022-01-23 02:57:00,2024-01-01 00:00:00,2024-01-01
ab0a08c8-179f-4998-b48d-1f792d033ed8,2021-07-08 15:21:00,2024-01-01 00:00:00,2024-01-01
1ceb73a6-47a3-4dd2-adbc-d51def354a7c,2023-07-12 04:14:00,2024-01-01 00:00:00,2024-01-01
d1af5b5f-9803-4859-82ba-f9a6eacbf0fc,2022-04-27 18:31:00,2024-01-01 00:00:00,2024-01-01
1ceb73a6-47a3-4dd2-adbc-d51def354a7c,2021-11-03 10:23:00,2024-01-01 00:00:00,2024-01-01
06bdb1fb-5584-44c3-b60e-ba9d730a9ff5,2020-06-15 12:54:00,2024-01-01 00:00:00,2024-01-01
95ecfad2-598f-4b56-9182-5d3280ccafdb,2022-08-02 21:51:00,2024-01-01 00:00:00,2024-01-01
07e5b557-841f-4555-ae9d-a926caafb32a,2022-05-10 05:14:00,2024-01-01 00:00:00,2024-01-01
85d3b40f-036a-495f-8040-6d1775cd5db3,2023-02-12 00:09:00,2024-01-01 00:00:00,2024-01-01
45d7ea24-c950-49db-a864-e2d30c0d5168,2020-08-28 09:27:00,2024-01-01 00:00:00,2024-01-01
114ae6a7-6e2d-42db-95e9-a55e8eadc4d5,2023-04-03 11:49:00,2024-01-01 00:00:00,2024-01-01
376bf133-e199-4cba-9207-4b5fbcc0407c,2020-07-27 14:29:00,2024-01-01 00:00:00,2024-01-01
e642b2cf-beb5-4842-8a40-ff302c3dea85,2019-10-17 11:04:00,2024-01-01 00:00:00,2024-01-01
1f1dca18-276e-4ea7-8598-8dfa3da1bd8f,2021-06-23 00:29:00,2024-01-01 00:00:00,2024-01-01
015e17bb-1e2f-4618-ade7-697f90b13138,2020-02-21 16:29:00,2024-01-01 00:00:00,2024-01-01
0f115cef-22dd-491e-bfcd-50da19e6280b,2019-09-08 12:51:00,2024-01-01 00:00:00,2024-01-01
4d99c5c8-5bae-49f8-b001-1b9bc6a9e592,2020-06-23 20:30:00,2024-01-01 00:00:00,2024-01-01
74131f6e-f541-48f8-b0f1-0ea715749268,2021-12-24 07:30:00,2024-01-01 00:00:00,2024-01-01
d463fafa-7d15-4981-8b7e-9bcb112f286d,2022-09-23 01:13:00,2024-01-01 00:00:00,2024-01-01
10ed932c-9d7e-4b52-8acc-3d5ebb7ab0fa,2019-07-20 10:19:00,2024-01-01 00:00:00,2024-01-01
981d69ee-8bf8-4175-a790-bf01bf05aabd,2020-04-12 00:49:00,2024-01-01 00:00:00,2024-01-01
0290b7ee-629b-4270-a398-a4e1e05c6e17,2020-01-16 14:18:00,2024-01-01 00:00:00,2024-01-01
5bc5474f-e659-435e-92e4-f5bcc8af59ad,2023-08-10 09:32:00,2024-01-01 00:00:00,2024-01-01
cdb86f12-47ce-4900-b3d0-7a1c71066282,2023-09-30 22:29:00,2024-01-01 00:00:00,2024-01-01
10e1907a-c902-42ac-b0e9-ab6bf2f0c62e,2022-10-07 12:03:00,2024-01-01 00:00:00,2024-01-01
15b7b416-1e58-4228-96a9-59f3e18a3ef8,2019-11-28 05:21:00,2024-01-01 00:00:00,2024-01-01
68150799-c06b-4ee1-b210-48ab114ad0bb,2020-06-15 12:43:00,2024-01-01 00:00:00,2024-01-01
58d36a37-67ff-4d9b-9eaa-516f9e053ead,2021-12-17 04:57:00,2024-01-01 00:00:00,2024-01-01
dedc6b5e-7dd0-4412-8bbc-91e03d351549,2021-07-12 17:33:00,2024-01-01 00:00:00,2024-01-01
2fd62491-8dd6-46c4-91ed-c4c70793025b,2023-09-04 01:28:00,2024-01-01 00:00:00,2024-01-01
eb453375-5631-495c-90b9-e0dc51cf23d0,2021-05-03 08:08:00,2024-01-01 00:00:00,2024-01-01
55f0a218-16b9-4fe7-9689-7a69abe78aed,2019-01-22 20:57:00,2024-01-01 00:00:00,2024-01-01
143f33fe-1773-4762-ba69-036c875909eb,2021-02-11 06:09:00,2024-01-01 00:00:00,2024-01-01
8f10bb43-2edd-452d-9b02-bc94aef8d31e,2021-09-06 02:55:00,2024-01-01 00:00:00,2024-01-01
7a7b7d9e-e75c-48d9-ad80-4b13675af47d,2023-09-06 06:21:00,2024-01-01 00:00:00,2024-01-01
c240c790-3b92-4d03-8e5e-1337dc1f1358,2020-03-02 17:58:00,2024-01-01 00:00:00,2024-01-01
fa0c82c7-6c7a-4683-9364-4dae45bfa07e,2021-04-01 13:44:00,2024-01-01 00:00:00,2024-01-01
0ce240aa-6ec3-42da-bb65-a50fb6b5ccc9,2019-10-11 19:08:00,2024-01-01 00:00:00,2024-01-01
fa9b92d0-1ba3-4b48-9147-edcc511ecf01,2020-03-22 16:27:00,2024-01-01 00:00:00,2024-01-01
634f8b16-73b3-4736-a3cf-19823bbfe6c5,2023-01-18 15:38:00,2024-01-01 00:00:00,2024-01-01
630f6ee2-4357-4798-b435-386ea8a00d80,2019-04-17 21:44:00,2024-01-01 00:00:00,2024-01-01
33373b46-ff98-42fc-a39c-f0dcfbd5e720,2019-03-03 08:33:00,2024-01-01 00:00:00,2024-01-01
2a87e792-c7aa-4e6a-9a14-66a9007da535,2021-12-07 18:43:00,2024-01-01 00:00:00,2024-01-01
667d37a6-10e6-407e-a874-e77d875ba1f9,2020-04-23 01:44:00,2024-01-01 00:00:00,2024-01-01
d73ccab7-2d4e-4348-b9ff-12190ffc4d68,2020-11-16 11:49:00,2024-01-01 00:00:00,2024-01-01
185e7502-135f-4aa2-aac7-26d0f0eed2cc,2020-04-26 00:22:00,2024-01-01 00:00:00,2024-01-01
7844313c-03fb-460d-afa6-978f8001955b,2023-06-03 21:33:00,2024-01-01 00:00:00,2024-01-01
f5b4dc98-7753-440c-be2a-728e530730d0,2023-09-05 04:30:00,2024-01-01 00:00:00,2024-01-01
b1dc94e1-9c1e-47a0-a619-b383230402dd,2020-02-14 13:47:00,2024-01-01 00:00:00,2024-01-01
6dda7226-673e-4822-b3ad-d1bc40f0d79d,2019-06-21 10:38:00,2024-01-01 00:00:00,2024-01-01
ecb0ecd4-6a07-4b65-bcb6-38a6b3e6f4c5,2023-10-15 13:16:00,2024-01-01 00:00:00,2024-01-01
896872e5-c3d0-4f6e-89c7-414710662765,2023-05-10 10:12:00,2024-01-01 00:00:00,2024-01-01
1c2fd5bb-080f-4561-b29d-68f1d2290128,2022-10-28 23:20:00,2024-01-01 00:00:00,2024-01-01
ecb0ecd4-6a07-4b65-bcb6-38a6b3e6f4c5,2021-04-22 01:47:00,2024-01-01 00:00:00,2024-01-01
a0193e2c-8fac-4f96-b87b-b3dbb309bef1,2021-08-28 19:56:00,2024-01-01 00:00:00,2024-01-01
802e86de-f4e7-4a53-92a2-7ebe0a47df39,2021-08-06 22:21:00,2024-01-01 00:00:00,2024-01-01
17f17fc6-d728-4173-a47c-4726931b69e7,2020-12-06 05:27:00,2024-01-01 00:00:00,2024-01-01
c152a397-4b4d-4fd6-aaeb-325b9cf6fe2d,2023-10-08 18:45:00,2024-01-01 00:00:00,2024-01-01
f2d02368-d00d-45a9-a715-4eaa09e96fd3,2023-11-02 07:53:00,2024-01-01 00:00:00,2024-01-01
695e0ca8-2132-420d-95e4-d58bf723c4df,2023-05-20 08:09:00,2024-01-01 00:00:00,2024-01-01
10e1907a-c902-42ac-b0e9-ab6bf2f0c62e,2023-09-27 15:13:00,2024-01-01 00:00:00,2024-01-01
58d36a37-67ff-4d9b-9eaa-516f9e053ead,2023-10-28 23:53:00,2024-01-01 00:00:00,2024-01-01
66ba78a7-e08c-4889-a8d4-c887fe6fee5e,2019-09-24 23:13:00,2024-01-01 00:00:00,2024-01-01
7bb3ebad-db7d-4fa2-af39-7c8d05d05501,2020-01-05 22:11:00,2024-01-01 00:00:00,2024-01-01
23548afa-8f4b-455a-b556-11068a4d1c9f,2019-12-26 20:09:00,2024-01-01 00:00:00,2024-01-01
1f1dca18-276e-4ea7-8598-8dfa3da1bd8f,2021-09-14 03:48:00,2024-01-01 00:00:00,2024-01-01
fb9c3570-0148-47a8-b3c4-298db16beaec,2019-06-03 14:53:00,2024-01-01 00:00:00,2024-01-01
db32566f-74bd-466c-9ba7-ec9f5a3b3877,2021-01-29 15:27:00,2024-01-01 00:00:00,2024-01-01
6f389e71-46f7-4711-9fd1-f5329424e39b,2022-05-27 15:06:00,2024-01-01 00:00:00,2024-01-01
f71d9c1a-d831-4d37-ad50-2080459fea83,2021-05-16 01:49:00,2024-01-01 00:00:00,2024-01-01
a9032709-b02e-4e5e-ab7b-084c49a7cb9f,2020-08-26 19:56:00,2024-01-01 00:00:00,2024-01-01
d1af5b5f-9803-4859-82ba-f9a6eacbf0fc,2022-01-17 03:18:00,2024-01-01 00:00:00,2024-01-01
57fdf3e3-470d-418e-9bad-085d3bc96551,2020-07-03 17:25:00,2024-01-01 00:00:00,2024-01-01
428f3bea-e0ec-46fc-9e87-7911f78085c0,2022-03-27 07:02:00,2024-01-01 00:00:00,2024-01-01
c60084f3-f963-4262-b773-fd8f12808239,2021-02-06 03:53:00,2024-01-01 00:00:00,2024-01-01
6dda7226-673e-4822-b3ad-d1bc40f0d79d,2021-05-20 18:00:00,2024-01-01 00:00:00,2024-01-01
bf8c7d28-d8c1-496a-b37a-aa3a224942d3,2020-02-29 05:11:00,2024-01-01 00:00:00,2024-01-01
86e0ac77-a519-4936-bcb8-a02a31099e7b,2019-03-02 05:47:00,2024-01-01 00:00:00,2024-01-01
5136c411-04fc-4c2f-ad40-bd70082eb2a4,2021-04-26 18:50:00,2024-01-01 00:00:00,2024-01-01
b175f2f8-ff61-4186-8f41-8390e8baa39d,2022-01-30 03:56:00,2024-01-01 00:00:00,2024-01-01
0c3f74d1-d580-49a6-b4ae-3d4efceccede,2020-06-29 21:25:00,2024-01-01 00:00:00,2024-01-01
df12ed67-7c50-4007-92d4-1b779e3d741b,2020-07-04 02:03:00,2024-01-01 00:00:00,2024-01-01
f0d033e3-4694-4cfb-9d77-489eed62b354,2021-05-14 00:55:00,2024-01-01 00:00:00,2024-01-01
ecb0ecd4-6a07-4b65-bcb6-38a6b3e6f4c5,2019-05-27 14:56:00,2024-01-01 00:00:00,2024-01-01
00303e3b-745c-48cf-aa72-16d7c1db1a7d,2023-04-05 06:51:00,2024-01-01 00:00:00,2024-01-01
f683fafe-1a26-478a-9f5a-38aae47e84b4,2019-06-14 06:28:00,2024-01-01 00:00:00,2024-01-01
ead94ea1-c900-466e-9a0d-0f4c131b4331,2023-05-14 10:43:00,2024-01-01 00:00:00,2024-01-01
399f88ee-c3c2-4945-853e-1941dee550ef,2019-01-23 01:18:00,2024-01-01 00:00:00,2024-01-01
f628a16d-7b88-4b36-9ce6-2f7a65ad95a1,2022-04-09 06:11:00,2024-01-01 00:00:00,2024-01-01
fb9c3570-0148-47a8-b3c4-298db16beaec,2021-04-26 14:11:00,2024-01-01 00:00:00,2024-01-01
162f75bc-b2ed-40ce-a26e-981ea18f28c0,2020-06-03 08:24:00,2024-01-01 00:00:00,2024-01-01
04723e3e-62de-4c60-8482-d3c5544ef0d5,2022-03-28 03:55:00,2024-01-01 00:00:00,2024-01-01
b2a9a50e-22d8-4da8-ac0a-61182e790361,2023-07-14 05:36:00,2024-01-01 00:00:00,2024-01-01
fb2687f9-3e9a-406e-a8b1-b33067bdbb70,2020-07-24 14:27:00,2024-01-01 00:00:00,2024-01-01
81e9a5ae-2a60-4430-ba07-8f13d1315b73,2020-05-09 17:00:00,2024-01-01 00:00:00,2024-01-01
b245bbbd-73f7-444c-8cea-8bb0ff98105b,2022-01-10 18:02:00,2024-01-01 00:00:00,2024-01-01
25295a76-1bd6-42b7-baa3-0a9ef6b4ccc2,2023-02-27 10:16:00,2024-01-01 00:00:00,2024-01-01
a9032709-b02e-4e5e-ab7b-084c49a7cb9f,2019-05-05 11:39:00,2024-01-01 00:00:00,2024-01-01
2f7e88e4-152b-43bf-93f3-dbe2106bdc84,2023-02-01 17:20:00,2024-01-01 00:00:00,2024-01-01
6fce7ef5-ee43-4bdb-90de-d63a0361ff25,2019-08-11 19:14:00,2024-01-01 00:00:00,2024-01-01
f5b4dc98-7753-440c-be2a-728e530730d0,2023-02-20 07:08:00,2024-01-01 00:00:00,2024-01-01
52e4d0f2-f61f-47b1-90f9-cfa43836e7eb,2021-08-04 05:48:00,2024-01-01 00:00:00,2024-01-01
10e1907a-c902-42ac-b0e9-ab6bf2f0c62e,2021-10-07 17:55:00,2024-01-01 00:00:00,2024-01-01
046f62a1-a2f7-406e-8c45-b4bab6917922,2019-06-28 18:07:00,2024-01-01 00:00:00,2024-01-01
9cd072bf-530a-47fc-8e8f-2f08787a39bb,2023-08-11 07:22:00,2024-01-01 00:00:00,2024-01-01
ed6c27f0-06b8-4e66-b130-c2c4aa6c9376,2022-08-28 09:49:00,2024-01-01 00:00:00,2024-01-01
9c9aa69d-90bb-4475-b683-682dd56bdb25,2022-02-27 13:03:00,2024-01-01 00:00:00,2024-01-01
8de62a84-d4d5-4cac-802c-040c252279d0,2019-09-14 13:45:00,2024-01-01 00:00:00,2024-01-01
615ffa91-48ae-4b3a-a7a9-5ee15361893e,2021-05-09 12:41:00,2024-01-01 00:00:00,2024-01-01
ce0b6f95-c730-496a-a07a-8384d42befb9,2020-11-09 05:29:00,2024-01-01 00:00:00,2024-01-01
c5c7407c-e106-4782-bf24-d20acbd08956,2023-11-03 17:41:00,2024-01-01 00:00:00,2024-01-01
ac9c7b65-1f4c-49ab-98f7-497cc59418a5,2020-09-14 06:37:00,2024-01-01 00:00:00,2024-01-01
5847e485-edad-42be-8aa8-c1915e7c0a45,2021-09-28 19:47:00,2024-01-01 00:00:00,2024-01-01
79001d4d-d695-492b-b3a9-4fd78d066ddc,2022-07-07 11:01:00,2024-01-01 00:00:00,2024-01-01
d463fafa-7d15-4981-8b7e-9bcb112f286d,2021-07-16 00:32:00,2024-01-01 00:00:00,2024-01-01
f0d033e3-4694-4cfb-9d77-489eed62b354,2023-10-26 13:19:00,2024-01-01 00:00:00,2024-01-01
1cc9d468-4898-4575-9b28-0d959c1aa2eb,2023-07-30 13:47:00,2024-01-01 00:00:00,2024-01-01
c2a105a4-8173-4003-8b19-f4ab166c39ed,2021-10-11 13:54:00,2024-01-01 00:00:00,2024-01-01
c9f97feb-5530-4096-aa8a-da682c30bad0,2023-11-19 05:02:00,2024-01-01 00:00:00,2024-01-01
bb33d41c-4831-4a38-b78c-cc314fb2914a,2022-01-22 21:45:00,2024-01-01 00:00:00,2024-01-01
10b9b9a3-b3e2-47dc-b449-4a4592513e37,2019-07-31 05:38:00,2024-01-01 00:00:00,2024-01-01
f71d9c1a-d831-4d37-ad50-2080459fea83,2019-04-06 05:49:00,2024-01-01 00:00:00,2024-01-01
56d05cdd-aebf-42cf-9763-29dc7ba6640e,2019-06-09 11:49:00,2024-01-01 00:00:00,2024-01-01
23548afa-8f4b-455a-b556-11068a4d1c9f,2023-08-18 09:56:00,2024-01-01 00:00:00,2024-01-01
2db30c78-fe47-4ff9-85ab-6216a35a122f,2023-07-25 19:02:00,2024-01-01 00:00:00,2024-01-01
185e7502-135f-4aa2-aac7-26d0f0eed2cc,2020-07-26 17:36:00,2024-01-01 00:00:00,2024-01-01
bf8c7d28-d8c1-496a-b37a-aa3a224942d3,2019-03-12 07:11:00,2024-01-01 00:00:00,2024-01-01
9d98cbe1-4927-4e24-9153-1884433a2af6,2019-11-18 06:15:00,2024-01-01 00:00:00,2024-01-01
fa1d0eea-c721-4047-9738-8c67a6a0bccd,2020-02-27 00:10:00,2024-01-01 00:00:00,2024-01-01
0ce240aa-6ec3-42da-bb65-a50fb6b5ccc9,2020-05-16 02:02:00,2024-01-01 00:00:00,2024-01-01
a57ccce5-4849-48fc-bdfa-0c5932580ebc,2019-11-12 11:57:00,2024-01-01 00:00:00,2024-01-01
22396224-bed7-4623-aa8e-286ce43cea68,2022-08-28 10:22:00,2024-01-01 00:00:00,2024-01-01
f9b92ba0-683f-4413-aca6-0f09926c345c,2023-10-14 01:07:00,2024-01-01 00:00:00,2024-01-01
87eb74a2-719a-4a03-ac6b-524726e2d944,2022-06-20 23:14:00,2024-01-01 00:00:00,2024-01-01
8d6971cf-dae1-46db-836a-9e040806a36c,2020-11-22 10:50:00,2024-01-01 00:00:00,2024-01-01
143f33fe-1773-4762-ba69-036c875909eb,2023-01-10 01:14:00,2024-01-01 00:00:00,2024-01-01
d38f3cd2-cd63-4045-82c5-930ec1485b40,2023-10-18 18:32:00,2024-01-01 00:00:00,2024-01-01
428f3bea-e0ec-46fc-9e87-7911f78085c0,2023-07-24 17:18:00,2024-01-01 00:00:00,2024-01-01
3ae4c331-afe9-42f6-86e0-16b66d7c48bf,2022-11-24 06:39:00,2024-01-01 00:00:00,2024-01-01
4d99c5c8-5bae-49f8-b001-1b9bc6a9e592,2020-02-01 07:12:00,2024-01-01 00:00:00,2024-01-01
0306d001-3725-47dd-93af-046c8d337d2f,2023-11-28 09:54:00,2024-01-01 00:00:00,2024-01-01
2a87e792-c7aa-4e6a-9a14-66a9007da535,2020-05-19 05:37:00,2024-01-01 00:00:00,2024-01-01
fe8bb556-5df3-47c7-899d-9940e9d02faa,2021-05-23 00:51:00,2024-01-01 00:00:00,2024-01-01
7844313c-03fb-460d-afa6-978f8001955b,2022-01-05 11:36:00,2024-01-01 00:00:00,2024-01-01
5eef5951-d005-4984-b47a-d06c66199451,2023-03-10 17:41:00,2024-01-01 00:00:00,2024-01-01
99a2b8b6-7876-4a84-b9fe-9a64c99038d8,2020-04-17 04:53:00,2024-01-01 00:00:00,2024-01-01
a4e34d9b-0a0d-46a2-9d9e-c7314cb0b44c,2023-06-04 08:05:00,2024-01-01 00:00:00,2024-01-01
4de6c7f0-1541-4146-ba6c-4b5813098f5e,2019-11-28 18:03:00,2024-01-01 00:00:00,2024-01-01
d73ccab7-2d4e-4348-b9ff-12190ffc4d68,2021-06-28 10:48:00,2024-01-01 00:00:00,2024-01-01
2a87e792-c7aa-4e6a-9a14-66a9007da535,2022-05-10 10:58:00,2024-01-01 00:00:00,2024-01-01
2f7e88e4-152b-43bf-93f3-dbe2106bdc84,2023-11-27 19:39:00,2024-01-01 00:00:00,2024-01-01
2cca2c71-8879-4dd7-8c3e-2a9d62eba8e8,2019-10-02 01:07:00,2024-01-01 00:00:00,2024-01-01
7202611c-9b89-4c04-b67a-ffc76837fecb,2019-10-20 15:25:00,2024-01-01 00:00:00,2024-01-01
6ce1957d-1e25-47e8-967f-4d011eab306b,2020-02-10 15:29:00,2024-01-01 00:00:00,2024-01-01
9033db67-1d5a-4c89-9cd7-589bb022a6ee,2020-09-24 11:17:00,2024-01-01 00:00:00,2024-01-01
6b506c1b-f282-49ec-91e0-7af6d616ed5b,2019-11-24 00:24:00,2024-01-01 00:00:00,2024-01-01
4815c1f5-d4da-45ce-b56e-107a488864d4,2020-01-09 08:41:00,2024-01-01 00:00:00,2024-01-01
10b9b9a3-b3e2-47dc-b449-4a4592513e37,2019-07-10 06:57:00,2024-01-01 00:00:00,2024-01-01
87b5811c-faba-405f-ba49-e330d366173c,2021-07-06 19:50:00,2024-01-01 00:00:00,2024-01-01
79001d4d-d695-492b-b3a9-4fd78d066ddc,2019-07-20 04:11:00,2024-01-01 00:00:00,2024-01-01
55f0a218-16b9-4fe7-9689-7a69abe78aed,2021-03-21 02:44:00,2024-01-01 00:00:00,2024-01-01
47a65899-78bd-48cb-9e37-fc6c234729ae,2020-04-14 15:23:00,2024-01-01 00:00:00,2024-01-01
231bd419-685c-4a7c-86fc-f896eb986a7c,2020-04-20 12:08:00,2024-01-01 00:00:00,2024-01-01
ffda0ef2-515b-45d8-b52c-cad58ac5a42d,2021-05-17 08:30:00,2024-01-01 00:00:00,2024-01-01
6a01d889-b776-4f27-8221-299b8d06dc27,2020-10-14 21:54:00,2024-01-01 00:00:00,2024-01-01
6b182886-4787-4abd-b35f-1500b7b96d40,2021-11-07 12:16:00,2024-01-01 00:00:00,2024-01-01
1f1dca18-276e-4ea7-8598-8dfa3da1bd8f,2021-02-23 04:44:00,2024-01-01 00:00:00,2024-01-01
5203a9a4-29dc-4a72-a571-35129e619f51,2019-02-22 19:27:00,2024-01-01 00:00:00,2024-01-01
0375d747-f805-4c9e-b6ae-321d1d5aa9fa,2019-09-04 07:01:00,2024-01-01 00:00:00,2024-01-01
28bb2c40-3d13-41a8-8b00-f3b3855cfc8f,2019-01-10 18:10:00,2024-01-01 00:00:00,2024-01-01
5eef5951-d005-4984-b47a-d06c66199451,2022-09-13 17:57:00,2024-01-01 00:00:00,2024-01-01
17803607-22cb-4c44-924d-744803b07c79,2020-07-04 04:17:00,2024-01-01 00:00:00,2024-01-01
00a0efc8-6053-489f-be9b-2c105c9904d8,2019-05-06 05:45:00,2024-01-01 00:00:00,2024-01-01
9464ffba-fcb5-498e-a419-aeb3d5d04ee4,2019-08-05 11:44:00,2024-01-01 00:00:00,2024-01-01
9eee11d9-1e54-4d27-97a8-725f02ae7950,2020-04-16 10:22:00,2024-01-01 00:00:00,2024-01-01
8cb65eeb-d4f0-47a4-b38a-f045fe0506da,2019-01-21 03:17:00,2024-01-01 00:00:00,2024-01-01
d2247290-7cf7-4b10-be45-cd182bc553e0,2020-03-05 04:06:00,2024-01-01 00:00:00,2024-01-01
60b418d4-86d2-4132-9bc5-6ca7e221f7f0,2022-04-06 03:19:00,2024-01-01 00:00:00,2024-01-01
b16811c6-e37d-4e74-b5f5-a459d02da012,2020-05-01 01:33:00,2024-01-01 00:00:00,2024-01-01
79e07125-98dd-4dab-8735-fdcccd09bf62,2023-10-10 15:58:00,2024-01-01 00:00:00,2024-01-01
07e5b557-841f-4555-ae9d-a926caafb32a,2022-04-25 20:08:00,2024-01-01 00:00:00,2024-01-01
f5ba5970-56e1-4119-825e-dc0a88c466c7,2020-06-18 19:08:00,2024-01-01 00:00:00,2024-01-01
1e87b20e-fff6-4872-96d5-dec2cad2713a,2021-02-05 23:16:00,2024-01-01 00:00:00,2024-01-01
fe8bb556-5df3-47c7-899d-9940e9d02faa,2023-10-28 04:05:00,2024-01-01 00:00:00,2024-01-01
f0d033e3-4694-4cfb-9d77-489eed62b354,2021-10-24 07:45:00,2024-01-01 00:00:00,2024-01-01
17f17fc6-d728-4173-a47c-4726931b69e7,2023-08-04 20:51:00,2024-01-01 00:00:00,2024-01-01
315b8757-9504-4390-b0fc-071c5fca4539,2022-10-15 22:59:00,2024-01-01 00:00:00,2024-01-01
79a33a0e-8539-49c7-86a5-5a9f4cc6b6da,2022-01-10 03:37:00,2024-01-01 00:00:00,2024-01-01
1e043933-16fd-4566-b3cf-d3e2375294aa,2020-01-05 00:19:00,2024-01-01 00:00:00,2024-01-01
c29f8478-8036-4162-99ea-0f8aa0bcf424,2023-04-30 15:31:00,2024-01-01 00:00:00,2024-01-01
c987c1d4-4420-48d0-87bf-7d5332046300,2019-03-26 15:40:00,2024-01-01 00:00:00,2024-01-01
5d34ee55-9636-4b86-a473-7aaedbd3b76e,2021-02-21 18:12:00,2024-01-01 00:00:00,2024-01-01
4de6c7f0-1541-4146-ba6c-4b5813098f5e,2020-03-03 07:48:00,2024-01-01 00:00:00,2024-01-01
9033db67-1d5a-4c89-9cd7-589bb022a6ee,2019-12-15 18:35:00,2024-01-01 00:00:00,2024-01-01
758a772e-8c09-4f3a-8a41-7c5eb26a6110,2021-05-30 03:22:00,2024-01-01 00:00:00,2024-01-01
412d6b46-5df7-4846-b579-6afbac9ecb1e,2023-11-23 01:10:00,2024-01-01 00:00:00,2024-01-01
71e26478-1b8b-42c6-9d73-9790ed1ca341,2020-11-27 22:34:00,2024-01-01 00:00:00,2024-01-01
4aecf02f-9b92-4c53-afa4-894c91bd5887,2022-09-24 13:17:00,2024-01-01 00:00:00,2024-01-01
87eb74a2-719a-4a03-ac6b-524726e2d944,2019-04-28 16:21:00,2024-01-01 00:00:00,2024-01-01
0fda5757-e968-416c-b349-cf15167f3425,2022-07-27 11:47:00,2024-01-01 00:00:00,2024-01-01
981d69ee-8bf8-4175-a790-bf01bf05aabd,2021-12-15 06:53:00,2024-01-01 00:00:00,2024-01-01
c29f8478-8036-4162-99ea-0f8aa0bcf424,2023-02-22 05:49:00,2024-01-01 00:00:00,2024-01-01
52e4d0f2-f61f-47b1-90f9-cfa43836e7eb,2020-10-18 13:45:00,2024-01-01 00:00:00,2024-01-01
a8c37e51-9852-4670-bd66-3bea5c508b16,2023-06-14 04:25:00,2024-01-01 00:00:00,2024-01-01
fa1d0eea-c721-4047-9738-8c67a6a0bccd,2023-06-03 00:47:00,2024-01-01 00:00:00,2024-01-01
1f459003-3d70-4f02-af53-834af6494977,2021-11-06 12:30:00,2024-01-01 00:00:00,2024-01-01
519bfb38-3676-4d96-9ab2-edb60603b77e,2019-09-14 18:49:00,2024-01-01 00:00:00,2024-01-01
0f115cef-22dd-491e-bfcd-50da19e6280b,2019-12-11 09:59:00,2024-01-01 00:00:00,2024-01-01
b5bbac0d-38cb-48df-bf1e-ac8a70a044b5,2020-03-19 20:55:00,2024-01-01 00:00:00,2024-01-01
114ae6a7-6e2d-42db-95e9-a55e8eadc4d5,2020-10-15 11:05:00,2024-01-01 00:00:00,2024-01-01
bf8c7d28-d8c1-496a-b37a-aa3a224942d3,2023-05-29 12:10:00,2024-01-01 00:00:00,2024-01-01
046f62a1-a2f7-406e-8c45-b4bab6917922,2022-02-11 05:11:00,2024-01-01 00:00:00,2024-01-01
5a6399b6-bf5d-4464-97b1-d84976ec3f9b,2023-11-16 00:48:00,2024-01-01 00:00:00,2024-01-01
0fe62ad4-3335-466e-b454-54daa2898258,2019-08-06 05:22:00,2024-01-01 00:00:00,2024-01-01
0a463b2e-0bf0-44b2-97ba-21ffe5dbeb0e,2023-02-02 21:59:00,2024-01-01 00:00:00,2024-01-01
d38f3cd2-cd63-4045-82c5-930ec1485b40,2022-07-25 05:48:00,2024-01-01 00:00:00,2024-01-01
55f0a218-16b9-4fe7-9689-7a69abe78aed,2020-09-06 05:35:00,2024-01-01 00:00:00,2024-01-01
f3aab638-34fe-42e7-bb13-82c8fb296808,2021-04-22 18:48:00,2024-01-01 00:00:00,2024-01-01
4de6c7f0-1541-4146-ba6c-4b5813098f5e,2020-05-30 05:41:00,2024-01-01 00:00:00,2024-01-01
4da46ed5-9d9c-480d-aa47-7d43bc9c09fb,2019-01-27 05:50:00,2024-01-01 00:00:00,2024-01-01
0ad16284-7dad-469c-81c6-08e7988e4581,2019-11-29 08:05:00,2024-01-01 00:00:00,2024-01-01
cddb1832-8422-4468-ad72-0b4a782f2278,2020-08-11 18:11:00,2024-01-01 00:00:00,2024-01-01
bb33d41c-4831-4a38-b78c-cc314fb2914a,2022-05-01 00:38:00,2024-01-01 00:00:00,2024-01-01
1c2fd5bb-080f-4561-b29d-68f1d2290128,2022-12-09 13:25:00,2024-01-01 00:00:00,2024-01-01
8de62a84-d4d5-4cac-802c-040c252279d0,2019-12-15 22:28:00,2024-01-01 00:00:00,2024-01-01
e4b2d4dd-f0bf-4bc7-9aad-ea4f57989680,2019-03-23 13:25:00,2024-01-01 00:00:00,2024-01-01
d9fb499b-f185-4c70-b731-30f5aed515b8,2019-01-01 10:52:00,2024-01-01 00:00:00,2024-01-01
d39003ff-20ab-4c47-80e5-78bac10aa506,2023-09-15 18:23:00,2024-01-01 00:00:00,2024-01-01
252bc613-f891-4c50-bfa2-3f54657b5c15,2021-05-31 05:04:00,2024-01-01 00:00:00,2024-01-01
57fdf3e3-470d-418e-9bad-085d3bc96551,2021-09-04 09:41:00,2024-01-01 00:00:00,2024-01-01
00303e3b-745c-48cf-aa72-16d7c1db1a7d,2019-03-22 22:14:00,2024-01-01 00:00:00,2024-01-01
6ce1957d-1e25-47e8-967f-4d011eab306b,2022-06-12 01:47:00,2024-01-01 00:00:00,2024-01-01
ea4d27d0-037c-4927-900f-4f755cec1ab2,2023-04-07 18:14:00,2024-01-01 00:00:00,2024-01-01
018c7220-47ac-4839-a4d7-f8d59199bd91,2020-05-18 06:34:00,2024-01-01 00:00:00,2024-01-01
667d37a6-10e6-407e-a874-e77d875ba1f9,2022-06-22 04:10:00,2024-01-01 00:00:00,2024-01-01
57fdf3e3-470d-418e-9bad-085d3bc96551,2020-09-02 14:05:00,2024-01-01 00:00:00,2024-01-01
437c8e55-9887-4067-ad65-c7077711951c,2019-06-27 18:14:00,2024-01-01 00:00:00,2024-01-01
d06afe8f-b00f-4b3d-951b-dfc4f57cbee5,2021-02-21 00:44:00,2024-01-01 00:00:00,2024-01-01
d99f29a1-fbfd-4641-9f25-3cddfc9e6f64,2019-04-06 00:59:00,2024-01-01 00:00:00,2024-01-01
677cca13-3dce-4b8b-83ea-16b376ad043a,2021-12-19 14:31:00,2024-01-01 00:00:00,2024-01-01
91096f25-23db-4314-bd32-4aedbc41c3ce,2022-09-11 10:25:00,2024-01-01 00:00:00,2024-01-01
f683fafe-1a26-478a-9f5a-38aae47e84b4,2020-07-29 03:59:00,2024-01-01 00:00:00,2024-01-01
4d87cbaa-bcd0-464a-9fcb-d81df4a1d9c8,2022-11-04 13:53:00,2024-01-01 00:00:00,2024-01-01
75fee327-128d-4947-922c-48768321bb81,2023-09-18 15:27:00,2024-01-01 00:00:00,2024-01-01
cdd01a01-fe8b-40d4-b2a3-c0e0207a3a1f,2023-11-18 12:18:00,2024-01-01 00:00:00,2024-01-01
f004475d-46db-455f-979c-165786d0d6df,2020-03-23 16:45:00,2024-01-01 00:00:00,2024-01-01
bb33d41c-4831-4a38-b78c-cc314fb2914a,2020-12-25 00:36:00,2024-01-01 00:00:00,2024-01-01
0d2eb9ad-40d8-4bcc-b97e-f4188da258d5,2020-10-28 14:11:00,2024-01-01 00:00:00,2024-01-01
61a2cd98-38b4-4937-b752-267694b8ddd5,2020-02-14 13:05:00,2024-01-01 00:00:00,2024-01-01
030feb28-36e3-4593-8d5c-c8d42af61ec0,2021-06-29 13:42:00,2024-01-01 00:00:00,2024-01-01
b5ed67ce-51f8-454e-8bc0-7c5ee56b22b9,2019-10-28 07:43:00,2024-01-01 00:00:00,2024-01-01
3ffe091e-8a7c-4e2c-8e0d-90ed8faf148f,2019-08-16 06:50:00,2024-01-01 00:00:00,2024-01-01
4b860dbb-3b9b-4e1f-8986-5f12d4f67aae,2021-04-20 00:41:00,2024-01-01 00:00:00,2024-01-01
412d6b46-5df7-4846-b579-6afbac9ecb1e,2023-06-12 08:18:00,2024-01-01 00:00:00,2024-01-01
61a0ff12-d68f-4b62-afab-5178433b5f21,2022-12-30 13:19:00,2024-01-01 00:00:00,2024-01-01
1beaa162-69db-48e2-8781-37d0903fd276,2019-10-09 06:45:00,2024-01-01 00:00:00,2024-01-01
115fdbad-ad54-4574-a146-59585c99eea9,2019-07-23 11:17:00,2024-01-01 00:00:00,2024-01-01
99efa319-16a0-466f-9da7-67892c533f4e,2023-08-01 03:58:00,2024-01-01 00:00:00,2024-01-01
13d5de61-8558-4387-8ab4-347a8f505a31,2023-03-14 14:11:00,2024-01-01 00:00:00,2024-01-01
66784518-e5fa-42c4-83ff-8b12e93c6b3d,2021-08-08 21:57:00,2024-01-01 00:00:00,2024-01-01
bf5722b9-c754-45bd-a502-a5d56c8ab316,2021-03-06 11:30:00,2024-01-01 00:00:00,2024-01-01
fa9b92d0-1ba3-4b48-9147-edcc511ecf01,2021-05-10 01:27:00,2024-01-01 00:00:00,2024-01-01
1e87b20e-fff6-4872-96d5-dec2cad2713a,2023-10-25 06:50:00,2024-01-01 00:00:00,2024-01-01
f5b4dc98-7753-440c-be2a-728e530730d0,2020-05-29 09:11:00,2024-01-01 00:00:00,2024-01-01
f01637cc-a763-46b3-bcba-d4a735df0e30,2022-07-01 01:52:00,2024-01-01 00:00:00,2024-01-01
4de6c7f0-1541-4146-ba6c-4b5813098f5e,2020-07-22 13:51:00,2024-01-01 00:00:00,2024-01-01
cb22d79c-9cd7-4ebe-a15a-6a9c3fb34123,2019-05-23 10:54:00,2024-01-01 00:00:00,2024-01-01
47a65899-78bd-48cb-9e37-fc6c234729ae,2020-11-27 16:35:00,2024-01-01 00:00:00,2024-01-01
cde40d91-3c13-4642-9f5d-491c6ab20139,2021-06-22 02:53:00,2024-01-01 00:00:00,2024-01-01
df12ed67-7c50-4007-92d4-1b779e3d741b,2023-09-30 19:39:00,2024-01-01 00:00:00,2024-01-01
f3aab638-34fe-42e7-bb13-82c8fb296808,2022-03-02 05:19:00,2024-01-01 00:00:00,2024-01-01
5cf3434d-e976-456e-a951-cad2c805a9ec,2022-11-29 01:56:00,2024-01-01 00:00:00,2024-01-01
54ffe43a-ee72-49cf-9b9e-5ced527f8632,2019-12-12 17:14:00,2024-01-01 00:00:00,2024-01-01
2dd3fe93-4eb9-4533-a2c0-6041b3aefc7d,2021-06-30 08:49:00,2024-01-01 00:00:00,2024-01-01
c152a397-4b4d-4fd6-aaeb-325b9cf6fe2d,2020-07-01 15:10:00,2024-01-01 00:00:00,2024-01-01
a4e34d9b-0a0d-46a2-9d9e-c7314cb0b44c,2020-03-24 11:27:00,2024-01-01 00:00:00,2024-01-01
b4518080-60ea-4798-86bc-d3b1ae7c352b,2023-05-19 06:32:00,2024-01-01 00:00:00,2024-01-01
115fdbad-ad54-4574-a146-59585c99eea9,2023-08-15 18:16:00,2024-01-01 00:00:00,2024-01-01
cddb1832-8422-4468-ad72-0b4a782f2278,2021-07-07 00:10:00,2024-01-01 00:00:00,2024-01-01
8ee674a6-edf5-4d38-b0a6-ab650b05352f,2021-01-05 09:49:00,2024-01-01 00:00:00,2024-01-01
018c7220-47ac-4839-a4d7-f8d59199bd91,2022-01-02 23:14:00,2024-01-01 00:00:00,2024-01-01
17276d3c-a5c5-44c4-bcd9-8fb9341a88ca,2021-02-14 04:26:00,2024-01-01 00:00:00,2024-01-01
88ae4cc4-c859-41bb-b115-0a8c07730e75,2022-02-19 01:17:00,2024-01-01 00:00:00,2024-01-01
71e26478-1b8b-42c6-9d73-9790ed1ca341,2022-11-10 05:12:00,2024-01-01 00:00:00,2024-01-01
fcbc4199-ac99-41ff-975b-5c8ff7e2531d,2021-11-22 23:45:00,2024-01-01 00:00:00,2024-01-01
9464ffba-fcb5-498e-a419-aeb3d5d04ee4,2020-06-29 20:00:00,2024-01-01 00:00:00,2024-01-01
4815c1f5-d4da-45ce-b56e-107a488864d4,2019-01-07 10:14:00,2024-01-01 00:00:00,2024-01-01
8ee674a6-edf5-4d38-b0a6-ab650b05352f,2021-10-22 10:40:00,2024-01-01 00:00:00,2024-01-01
3ef8c66a-ee03-4b70-89df-59ea55a86c3e,2020-10-02 23:17:00,2024-01-01 00:00:00,2024-01-01
4da46ed5-9d9c-480d-aa47-7d43bc9c09fb,2019-12-24 12:46:00,2024-01-01 00:00:00,2024-01-01
733feae3-11eb-45a6-9f4c-cfb082b5991c,2020-07-24 10:49:00,2024-01-01 00:00:00,2024-01-01
3aaf62a5-fc82-4e62-ba5a-8869c58bf8c2,2022-04-23 00:53:00,2024-01-01 00:00:00,2024-01-01
6ecee6f2-1238-4a29-9fd3-442f6ff0e1fe,2023-06-23 18:49:00,2024-01-01 00:00:00,2024-01-01
a8c37e51-9852-4670-bd66-3bea5c508b16,2020-03-27 17:04:00,2024-01-01 00:00:00,2024-01-01
a05f046b-dbbf-4c3a-8381-3696ddecc5ca,2020-06-20 13:03:00,2024-01-01 00:00:00,2024-01-01
d80fe7d5-83ae-4413-8c4a-0e4285fd0bfe,2020-09-16 20:40:00,2024-01-01 00:00:00,2024-01-01
114ae6a7-6e2d-42db-95e9-a55e8eadc4d5,2021-04-20 03:18:00,2024-01-01 00:00:00,2024-01-01
66ba78a7-e08c-4889-a8d4-c887fe6fee5e,2020-03-30 16:58:00,2024-01-01 00:00:00,2024-01-01
d9fb499b-f185-4c70-b731-30f5aed515b8,2021-12-06 08:13:00,2024-01-01 00:00:00,2024-01-01
d39003ff-20ab-4c47-80e5-78bac10aa506,2021-07-25 12:46:00,2024-01-01 00:00:00,2024-01-01
5d12e724-cb1e-4fa2-8a4b-7233cc8fe6ec,2021-02-07 17:48:00,2024-01-01 00:00:00,2024-01-01
17276d3c-a5c5-44c4-bcd9-8fb9341a88ca,2021-07-13 20:54:00,2024-01-01 00:00:00,2024-01-01
7c4a0338-8dcb-4de5-b189-da33fbef11d0,2020-12-20 13:16:00,2024-01-01 00:00:00,2024-01-01
5d52cf68-3e58-494c-9ae6-1b53dbb06462,2021-04-28 14:08:00,2024-01-01 00:00:00,2024-01-01
f480b76b-76bc-484f-8d2c-955d43244901,2022-10-23 12:48:00,2024-01-01 00:00:00,2024-01-01
58d36a37-67ff-4d9b-9eaa-516f9e053ead,2020-04-23 17:59:00,2024-01-01 00:00:00,2024-01-01
571c636f-7a4a-4ac6-a7c6-d247fedb83c2,2023-07-16 02:23:00,2024-01-01 00:00:00,2024-01-01
f1488b3f-9fa5-4679-a614-71f573583cdd,2022-09-11 22:05:00,2024-01-01 00:00:00,2024-01-01
d1af5b5f-9803-4859-82ba-f9a6eacbf0fc,2021-11-29 16:47:00,2024-01-01 00:00:00,2024-01-01
28bb2c40-3d13-41a8-8b00-f3b3855cfc8f,2022-06-01 01:03:00,2024-01-01 00:00:00,2024-01-01
615ffa91-48ae-4b3a-a7a9-5ee15361893e,2019-11-02 15:59:00,2024-01-01 00:00:00,2024-01-01
c5c7407c-e106-4782-bf24-d20acbd08956,2022-11-25 18:53:00,2024-01-01 00:00:00,2024-01-01
bb33d41c-4831-4a38-b78c-cc314fb2914a,2019-08-14 16:19:00,2024-01-01 00:00:00,2024-01-01
ead94ea1-c900-466e-9a0d-0f4c131b4331,2020-11-16 22:29:00,2024-01-01 00:00:00,2024-01-01
62638dba-59a8-4de4-b3df-06501e2a7309,2022-08-23 17:24:00,2024-01-01 00:00:00,2024-01-01
4aecf02f-9b92-4c53-afa4-894c91bd5887,2019-02-11 07:23:00,2024-01-01 00:00:00,2024-01-01
07516eff-8e29-411e-b392-afaaee9016e6,2021-04-23 13:02:00,2024-01-01 00:00:00,2024-01-01
86e0ac77-a519-4936-bcb8-a02a31099e7b,2020-11-22 01:14:00,2024-01-01 00:00:00,2024-01-01
6fefc024-07d9-4a86-ac9b-699fd27b6e4c,2022-12-16 14:17:00,2024-01-01 00:00:00,2024-01-01
b08e0e28-db42-4cbb-8e4a-78c0d93977d3,2021-05-20 16:15:00,2024-01-01 00:00:00,2024-01-01
7844313c-03fb-460d-afa6-978f8001955b,2020-03-08 12:30:00,2024-01-01 00:00:00,2024-01-01
b2a9a50e-22d8-4da8-ac0a-61182e790361,2022-08-13 21:13:00,2024-01-01 00:00:00,2024-01-01
9c9aa69d-90bb-4475-b683-682dd56bdb25,2019-02-15 12:30:00,2024-01-01 00:00:00,2024-01-01
79a33a0e-8539-49c7-86a5-5a9f4cc6b6da,2022-12-06 03:35:00,2024-01-01 00:00:00,2024-01-01
5cf3434d-e976-456e-a951-cad2c805a9ec,2019-10-05 23:11:00,2024-01-01 00:00:00,2024-01-01
e38cd76c-4edd-4fb9-9598-7e00255aa1b2,2021-05-11 15:58:00,2024-01-01 00:00:00,2024-01-01
74131f6e-f541-48f8-b0f1-0ea715749268,2022-03-22 08:49:00,2024-01-01 00:00:00,2024-01-01
a18c338e-2bdd-4513-ace8-d217c6e42651,2019-06-16 00:49:00,2024-01-01 00:00:00,2024-01-01
615ffa91-48ae-4b3a-a7a9-5ee15361893e,2021-11-14 16:41:00,2024-01-01 00:00:00,2024-01-01
c987c1d4-4420-48d0-87bf-7d5332046300,2021-11-04 10:13:00,2024-01-01 00:00:00,2024-01-01
d250a920-f9be-4677-86a3-8a72838f9886,2021-10-25 10:43:00,2024-01-01 00:00:00,2024-01-01
137d4ec0-94bc-4552-ad59-f16b7a6efd21,2022-05-09 01:24:00,2024-01-01 00:00:00,2024-01-01
be16f2ee-cce4-4859-ae1b-2aa1315cd48d,2021-08-22 06:36:00,2024-01-01 00:00:00,2024-01-01
d78182ff-6287-47fb-a6a1-c86862779c6a,2021-04-29 09:43:00,2024-01-01 00:00:00,2024-01-01
0288a5fb-a2e3-472e-b132-4e10784bc88a,2023-07-24 22:32:00,2024-01-01 00:00:00,2024-01-01
412d6b46-5df7-4846-b579-6afbac9ecb1e,2022-11-21 16:48:00,2024-01-01 00:00:00,2024-01-01
f683fafe-1a26-478a-9f5a-38aae47e84b4,2021-09-13 00:47:00,2024-01-01 00:00:00,2024-01-01
17803607-22cb-4c44-924d-744803b07c79,2023-09-25 20:20:00,2024-01-01 00:00:00,2024-01-01
c9f97feb-5530-4096-aa8a-da682c30bad0,2023-10-04 21:40:00,2024-01-01 00:00:00,2024-01-01
28bb2c40-3d13-41a8-8b00-f3b3855cfc8f,2020-09-11 04:08:00,2024-01-01 00:00:00,2024-01-01
a820e556-c90a-47c0-af29-f60ca8d22e08,2023-08-24 22:29:00,2024-01-01 00:00:00,2024-01-01
d9fb499b-f185-4c70-b731-30f5aed515b8,2019-05-01 20:54:00,2024-01-01 00:00:00,2024-01-01
376bf133-e199-4cba-9207-4b5fbcc0407c,2022-02-22 22:48:00,2024-01-01 00:00:00,2024-01-01
f0d033e3-4694-4cfb-9d77-489eed62b354,2019-06-09 12:43:00,2024-01-01 00:00:00,2024-01-01
79e07125-98dd-4dab-8735-fdcccd09bf62,2023-01-21 00:26:00,2024-01-01 00:00:00,2024-01-01
3ffe091e-8a7c-4e2c-8e0d-90ed8faf148f,2021-03-11 05:53:00,2024-01-01 00:00:00,2024-01-01
33a8bae8-defe-45ee-bc55-acac9865843c,2019-05-06 02:25:00,2024-01-01 00:00:00,2024-01-01
0306d001-3725-47dd-93af-046c8d337d2f,2023-04-12 18:59:00,2024-01-01 00:00:00,2024-01-01
3c329c0f-2222-4c83-931c-9f5f9b6d80a1,2022-10-16 00:30:00,2024-01-01 00:00:00,2024-01-01
23548afa-8f4b-455a-b556-11068a4d1c9f,2020-01-28 18:37:00,2024-01-01 00:00:00,2024-01-01
98ecac3b-17cd-418d-b996-6a44293cb0cf,2019-12-30 16:53:00,2024-01-01 00:00:00,2024-01-01
974e368f-0337-4cb7-bfea-024151bc4b40,2022-06-14 21:36:00,2024-01-01 00:00:00,2024-01-01
f3e3ebe3-029a-424d-8e46-d1cabd507128,2023-07-30 05:31:00,2024-01-01 00:00:00,2024-01-01
dfaaba4e-0c3f-4aef-8f0b-a42d7ee6570b,2019-09-03 04:26:00,2024-01-01 00:00:00,2024-01-01
98724ab7-5e21-4910-8c91-2b38879fbca5,2022-12-09 06:49:00,2024-01-01 00:00:00,2024-01-01
735e3307-b6b1-4147-9929-224858ae60ea,2023-07-06 14:05:00,2024-01-01 00:00:00,2024-01-01
114ae6a7-6e2d-42db-95e9-a55e8eadc4d5,2021-07-26 00:34:00,2024-01-01 00:00:00,2024-01-01
ce0b6f95-c730-496a-a07a-8384d42befb9,2021-05-16 09:39:00,2024-01-01 00:00:00,2024-01-01
f9f9c0af-5ea4-4402-98b2-b32c39f3f107,2020-06-21 12:37:00,2024-01-01 00:00:00,2024-01-01
a9032709-b02e-4e5e-ab7b-084c49a7cb9f,2020-08-20 00:13:00,2024-01-01 00:00:00,2024-01-01
358cf9ef-9b97-4dc4-aabf-ea7e18ec3c24,2023-01-10 18:34:00,2024-01-01 00:00:00,2024-01-01
21c859a2-d57a-446d-9b51-1adcab539d9d,2022-11-07 21:15:00,2024-01-01 00:00:00,2024-01-01
05d53705-6b97-4966-95a7-34b64c31de69,2019-06-28 07:20:00,2024-01-01 00:00:00,2024-01-01
fa9d2712-59b1-4861-9cdc-4344e649a21a,2020-09-11 20:38:00,2024-01-01 00:00:00,2024-01-01
00303e3b-745c-48cf-aa72-16d7c1db1a7d,2022-11-18 03:18:00,2024-01-01 00:00:00,2024-01-01
2df2adba-7f82-402e-ba5c-c93f88573bb2,2021-01-04 18:39:00,2024-01-01 00:00:00,2024-01-01
ecb0ecd4-6a07-4b65-bcb6-38a6b3e6f4c5,2021-05-07 00:24:00,2024-01-01 00:00:00,2024-01-01
685a72a1-81ff-4c14-8ef4-776b03c7ecc5,2022-05-11 02:39:00,2024-01-01 00:00:00,2024-01-01
db8f2120-0aaa-4288-8646-ea0f48e1dd86,2020-11-27 17:28:00,2024-01-01 00:00:00,2024-01-01
1cc9d468-4898-4575-9b28-0d959c1aa2eb,2020-01-24 11:16:00,2024-01-01 00:00:00,2024-01-01
981d69ee-8bf8-4175-a790-bf01bf05aabd,2022-05-28 05:17:00,2024-01-01 00:00:00,2024-01-01
dfaaba4e-0c3f-4aef-8f0b-a42d7ee6570b,2020-04-20 16:47:00,2024-01-01 00:00:00,2024-01-01
82bb5172-cd94-4a25-aca8-42681ed0ca0e,2023-05-08 21:50:00,2024-01-01 00:00:00,2024-01-01
6c39ea13-ac4e-4ce2-84a6-5801fdce5481,2020-05-17 01:44:00,2024-01-01 00:00:00,2024-01-01
fb2687f9-3e9a-406e-a8b1-b33067bdbb70,2019-10-28 22:43:00,2024-01-01 00:00:00,2024-01-01
5eef5951-d005-4984-b47a-d06c66199451,2023-08-11 02:29:00,2024-01-01 00:00:00,2024-01-01
8c513b87-d0dd-423d-81b8-0c75905258f3,2023-01-24 03:26:00,2024-01-01 00:00:00,2024-01-01
0fda5757-e968-416c-b349-cf15167f3425,2021-08-23 00:24:00,2024-01-01 00:00:00,2024-01-01
6fdfbdd3-a899-4c90-a087-c02bc74070b4,2022-07-22 20:17:00,2024-01-01 00:00:00,2024-01-01
b245bbbd-73f7-444c-8cea-8bb0ff98105b,2022-09-20 21:07:00,2024-01-01 00:00:00,2024-01-01
87eb74a2-719a-4a03-ac6b-524726e2d944,2020-12-04 20:33:00,2024-01-01 00:00:00,2024-01-01
8fa9fce9-f7f3-4b38-9843-15643dc064d4,2022-04-02 01:06:00,2024-01-01 00:00:00,2024-01-01
db32566f-74bd-466c-9ba7-ec9f5a3b3877,2021-02-16 08:56:00,2024-01-01 00:00:00,2024-01-01
e9037705-41a3-4880-b304-5110ead0f928,2023-05-01 23:42:00,2024-01-01 00:00:00,2024-01-01
571c636f-7a4a-4ac6-a7c6-d247fedb83c2,2019-10-18 20:32:00,2024-01-01 00:00:00,2024-01-01
57c6c21f-4b7b-4f72-ba83-2b0e46e6caad,2019-07-10 00:12:00,2024-01-01 00:00:00,2024-01-01
2df2adba-7f82-402e-ba5c-c93f88573bb2,2021-07-08 01:07:00,2024-01-01 00:00:00,2024-01-01
51ec2300-6e24-4efa-964a-815a5f6df4aa,2021-09-01 19:09:00,2024-01-01 00:00:00,2024-01-01
6b182886-4787-4abd-b35f-1500b7b96d40,2021-04-24 09:02:00,2024-01-01 00:00:00,2024-01-01
4de6c7f0-1541-4146-ba6c-4b5813098f5e,2021-07-02 01:13:00,2024-01-01 00:00:00,2024-01-01
1fd92115-7d53-4da3-a45c-11dc09664fa6,2019-03-05 20:34:00,2024-01-01 00:00:00,2024-01-01
cbc1347d-0223-4fb6-b55a-c3b440586060,2019-03-06 20:57:00,2024-01-01 00:00:00,2024-01-01
5136c411-04fc-4c2f-ad40-bd70082eb2a4,2023-11-09 02:29:00,2024-01-01 00:00:00,2024-01-01
335d903c-2372-4e99-b9c5-172e53c7182e,2019-11-23 04:33:00,2024-01-01 00:00:00,2024-01-01
1542e8ac-6618-4f26-be85-1a7276b22a4b,2019-12-06 13:35:00,2024-01-01 00:00:00,2024-01-01
db32566f-74bd-466c-9ba7-ec9f5a3b3877,2019-12-23 09:53:00,2024-01-01 00:00:00,2024-01-01
17276d3c-a5c5-44c4-bcd9-8fb9341a88ca,2020-09-04 16:20:00,2024-01-01 00:00:00,2024-01-01
8f10bb43-2edd-452d-9b02-bc94aef8d31e,2023-03-21 00:42:00,2024-01-01 00:00:00,2024-01-01
00303e3b-745c-48cf-aa72-16d7c1db1a7d,2023-10-09 14:09:00,2024-01-01 00:00:00,2024-01-01
739a8dc0-12af-4987-bee4-bf7d353d0719,2021-11-23 21:37:00,2024-01-01 00:00:00,2024-01-01
2cca2c71-8879-4dd7-8c3e-2a9d62eba8e8,2020-11-25 18:11:00,2024-01-01 00:00:00,2024-01-01
241c0c69-7b36-4eac-a90b-d904e70f02dc,2022-08-06 14:40:00,2024-01-01 00:00:00,2024-01-01
617abd34-e75b-4589-9650-2b97ad5a95e1,2020-07-18 02:26:00,2024-01-01 00:00:00,2024-01-01
1cc9d468-4898-4575-9b28-0d959c1aa2eb,2022-01-10 13:59:00,2024-01-01 00:00:00,2024-01-01
c9bf95b9-b0ae-4dc9-91af-c64e1f637bdf,2022-04-28 03:46:00,2024-01-01 00:00:00,2024-01-01
87eb74a2-719a-4a03-ac6b-524726e2d944,2022-05-13 12:54:00,2024-01-01 00:00:00,2024-01-01
f9f9c0af-5ea4-4402-98b2-b32c39f3f107,2019-08-14 15:25:00,2024-01-01 00:00:00,2024-01-01
fe8bb556-5df3-47c7-899d-9940e9d02faa,2021-03-13 00:35:00,2024-01-01 00:00:00,2024-01-01
981d69ee-8bf8-4175-a790-bf01bf05aabd,2019-03-09 04:53:00,2024-01-01 00:00:00,2024-01-01
f97791ea-8b07-49c7-87e4-14ac0d341906,2019-02-04 19:07:00,2024-01-01 00:00:00,2024-01-01
390cb769-6de3-4ad2-a51d-c5a1c0bd5859,2021-07-23 20:48:00,2024-01-01 00:00:00,2024-01-01
c60084f3-f963-4262-b773-fd8f12808239,2023-07-06 13:12:00,2024-01-01 00:00:00,2024-01-01
571c636f-7a4a-4ac6-a7c6-d247fedb83c2,2022-10-09 08:17:00,2024-01-01 00:00:00,2024-01-01
45404c8c-fd4f-4d15-903b-91b5c05b0375,2020-07-05 10:51:00,2024-01-01 00:00:00,2024-01-01
a8889766-c29c-428d-8e56-ebc3d569b2b5,2022-05-03 20:41:00,2024-01-01 00:00:00,2024-01-01
74131f6e-f541-48f8-b0f1-0ea715749268,2020-01-12 08:21:00,2024-01-01 00:00:00,2024-01-01
af768449-2096-4f00-b3a0-2f104c7c0182,2021-12-04 15:57:00,2024-01-01 00:00:00,2024-01-01
974e368f-0337-4cb7-bfea-024151bc4b40,2019-01-13 05:00:00,2024-01-01 00:00:00,2024-01-01
ca44b5d3-9aa4-421b-80b7-3be6127a9240,2023-02-15 09:51:00,2024-01-01 00:00:00,2024-01-01
698c485c-a3d2-4d4e-a084-fb3988b3d986,2022-09-17 21:09:00,2024-01-01 00:00:00,2024-01-01
0306d001-3725-47dd-93af-046c8d337d2f,2020-09-02 21:56:00,2024-01-01 00:00:00,2024-01-01
f99d828b-8cd3-4c4c-8a36-00180a02f43e,2021-02-04 13:38:00,2024-01-01 00:00:00,2024-01-01
bf8c7d28-d8c1-496a-b37a-aa3a224942d3,2019-02-08 02:59:00,2024-01-01 00:00:00,2024-01-01
6dda7226-673e-4822-b3ad-d1bc40f0d79d,2019-11-16 07:29:00,2024-01-01 00:00:00,2024-01-01
8564e2c0-2c90-4a7f-ac42-b93cbec1c8c2,2021-01-15 00:11:00,2024-01-01 00:00:00,2024-01-01
0be28c25-0327-4f80-8046-0eaeb54d8a11,2022-02-03 08:36:00,2024-01-01 00:00:00,2024-01-01
d38f3cd2-cd63-4045-82c5-930ec1485b40,2021-07-13 22:03:00,2024-01-01 00:00:00,2024-01-01
906d7997-95c3-4edf-8222-0f6d5f7a8efb,2020-05-26 12:41:00,2024-01-01 00:00:00,2024-01-01
0375d747-f805-4c9e-b6ae-321d1d5aa9fa,2023-04-08 00:08:00,2024-01-01 00:00:00,2024-01-01
ddc37b46-61eb-46d4-ab20-d0103947c438,2023-03-25 07:24:00,2024-01-01 00:00:00,2024-01-01
e4b2d4dd-f0bf-4bc7-9aad-ea4f57989680,2020-10-13 22:19:00,2024-01-01 00:00:00,2024-01-01
03c38c1c-2a9b-4019-8797-1e0364c618d7,2019-03-28 11:14:00,2024-01-01 00:00:00,2024-01-01
54c56d27-12b3-41fc-858b-e92641bf13e1,2022-12-01 13:16:00,2024-01-01 00:00:00,2024-01-01
07516eff-8e29-411e-b392-afaaee9016e6,2021-10-23 02:44:00,2024-01-01 00:00:00,2024-01-01
1cc7c465-4c34-47f9-bfc3-fffe059d40c5,2021-12-27 14:50:00,2024-01-01 00:00:00,2024-01-01
430db7a5-b9a0-4d5b-8b89-1fac2d3c6a09,2021-01-22 08:43:00,2024-01-01 00:00:00,2024-01-01
546b971f-2bca-42ca-a9b9-11077fc42aad,2019-02-03 07:55:00,2024-01-01 00:00:00,2024-01-01
177efbbb-6b14-4d57-98ee-ea47870b1dbb,2021-03-30 22:17:00,2024-01-01 00:00:00,2024-01-01
7c4a0338-8dcb-4de5-b189-da33fbef11d0,2023-09-18 16:34:00,2024-01-01 00:00:00,2024-01-01
a820e556-c90a-47c0-af29-f60ca8d22e08,2019-10-28 11:55:00,2024-01-01 00:00:00,2024-01-01
cddb1832-8422-4468-ad72-0b4a782f2278,2023-01-08 14:31:00,2024-01-01 00:00:00,2024-01-01
cbc1347d-0223-4fb6-b55a-c3b440586060,2020-05-24 11:17:00,2024-01-01 00:00:00,2024-01-01
f683fafe-1a26-478a-9f5a-38aae47e84b4,2022-12-29 13:09:00,2024-01-01 00:00:00,2024-01-01
b593d8ce-bfc5-49d2-b748-7f420e2ce0e0,2020-02-09 04:14:00,2024-01-01 00:00:00,2024-01-01
91096f25-23db-4314-bd32-4aedbc41c3ce,2021-05-26 12:25:00,2024-01-01 00:00:00,2024-01-01
81b66fee-e764-4208-8777-f3ce1e86f1c7,2023-07-11 19:49:00,2024-01-01 00:00:00,2024-01-01
b11e4077-bcfa-4850-b6d2-e2d7fbe51752,2022-07-03 16:26:00,2024-01-01 00:00:00,2024-01-01
bf8c7d28-d8c1-496a-b37a-aa3a224942d3,2020-08-04 02:08:00,2024-01-01 00:00:00,2024-01-01
e9037705-41a3-4880-b304-5110ead0f928,2021-02-02 09:36:00,2024-01-01 00:00:00,2024-01-01
606887ac-1df3-4a90-9298-4903ce64efd6,2023-07-31 21:57:00,2024-01-01 00:00:00,2024-01-01
d30e8550-6c98-4111-9929-897b013e7490,2019-12-23 23:03:00,2024-01-01 00:00:00,2024-01-01
dedc6b5e-7dd0-4412-8bbc-91e03d351549,2020-06-09 19:33:00,2024-01-01 00:00:00,2024-01-01
0c3f74d1-d580-49a6-b4ae-3d4efceccede,2021-03-03 05:26:00,2024-01-01 00:00:00,2024-01-01
fee34432-a4d3-41dd-8215-d2135245a4ee,2022-02-28 04:00:00,2024-01-01 00:00:00,2024-01-01
89cda53c-2180-42c9-8e90-1403a0256776,2021-02-25 12:04:00,2024-01-01 00:00:00,2024-01-01
4d6f0375-b4c8-472f-961b-9d4ab77cf9d0,2021-07-18 18:37:00,2024-01-01 00:00:00,2024-01-01
667d37a6-10e6-407e-a874-e77d875ba1f9,2021-04-15 06:57:00,2024-01-01 00:00:00,2024-01-01
ad6498b7-1091-4c58-a2a6-649cf753ffc0,2020-12-07 19:37:00,2024-01-01 00:00:00,2024-01-01
be7267ea-8018-4b14-ba5c-cfcb66781462,2022-05-15 04:37:00,2024-01-01 00:00:00,2024-01-01
3aaf62a5-fc82-4e62-ba5a-8869c58bf8c2,2023-02-18 23:35:00,2024-01-01 00:00:00,2024-01-01
f99d828b-8cd3-4c4c-8a36-00180a02f43e,2020-05-22 10:48:00,2024-01-01 00:00:00,2024-01-01
1e043933-16fd-4566-b3cf-d3e2375294aa,2022-02-06 15:55:00,2024-01-01 00:00:00,2024-01-01
61094253-0645-4e3a-8425-6747dd857e20,2021-03-29 16:29:00,2024-01-01 00:00:00,2024-01-01
df12ed67-7c50-4007-92d4-1b779e3d741b,2022-12-25 14:39:00,2024-01-01 00:00:00,2024-01-01
d1af5b5f-9803-4859-82ba-f9a6eacbf0fc,2020-01-19 13:00:00,2024-01-01 00:00:00,2024-01-01
99a2b8b6-7876-4a84-b9fe-9a64c99038d8,2020-09-08 07:16:00,2024-01-01 00:00:00,2024-01-01
fa1d0eea-c721-4047-9738-8c67a6a0bccd,2021-12-11 01:33:00,2024-01-01 00:00:00,2024-01-01
137d4ec0-94bc-4552-ad59-f16b7a6efd21,2023-11-11 08:57:00,2024-01-01 00:00:00,2024-01-01
03c4c663-c9ac-4db2-a70e-b32a1d980622,2022-05-30 07:06:00,2024-01-01 00:00:00,2024-01-01
cb54cd85-0380-4ca9-a739-eee1dc503a51,2020-11-01 19:33:00,2024-01-01 00:00:00,2024-01-01
00a0efc8-6053-489f-be9b-2c105c9904d8,2023-03-08 19:05:00,2024-01-01 00:00:00,2024-01-01
a8bae049-a215-4378-8164-0e4c821524c2,2019-11-13 12:00:00,2024-01-01 00:00:00,2024-01-01
44b9217b-12d0-4bb7-a1f5-f0f1a527ebad,2019-03-02 02:18:00,2024-01-01 00:00:00,2024-01-01
1d4ae20a-50eb-4da3-af0e-e64abeb8ab75,2020-09-01 20:42:00,2024-01-01 00:00:00,2024-01-01
f5ba5970-56e1-4119-825e-dc0a88c466c7,2022-12-01 12:09:00,2024-01-01 00:00:00,2024-01-01
44444b0d-5b0a-407c-a8be-8eef20b13052,2023-09-17 23:47:00,2024-01-01 00:00:00,2024-01-01
6dda7226-673e-4822-b3ad-d1bc40f0d79d,2019-05-18 09:47:00,2024-01-01 00:00:00,2024-01-01
aaac741f-a52f-4733-a964-8c86c6d69c6d,2022-08-28 07:54:00,2024-01-01 00:00:00,2024-01-01
a8c25bcf-82b8-4319-b1e5-589272d55207,2019-03-11 09:46:00,2024-01-01 00:00:00,2024-01-01
584e76ab-85d6-4fa7-a0ca-1fcc61a82bd0,2022-03-01 06:19:00,2024-01-01 00:00:00,2024-01-01
8819d9f7-a96c-49ba-b6d3-97e15ed72dbb,2019-08-31 06:33:00,2024-01-01 00:00:00,2024-01-01
34e5977a-f47b-49db-b67b-fe24062b184d,2023-07-21 15:20:00,2024-01-01 00:00:00,2024-01-01
571c636f-7a4a-4ac6-a7c6-d247fedb83c2,2019-11-08 20:53:00,2024-01-01 00:00:00,2024-01-01
66784518-e5fa-42c4-83ff-8b12e93c6b3d,2022-01-18 04:02:00,2024-01-01 00:00:00,2024-01-01
2f7e88e4-152b-43bf-93f3-dbe2106bdc84,2022-04-26 17:27:00,2024-01-01 00:00:00,2024-01-01
6683db8b-bf0e-4904-a49d-c15c6cda38c7,2022-08-12 21:24:00,2024-01-01 00:00:00,2024-01-01
046f62a1-a2f7-406e-8c45-b4bab6917922,2020-08-31 23:50:00,2024-01-01 00:00:00,2024-01-01
399f88ee-c3c2-4945-853e-1941dee550ef,2022-09-28 22:08:00,2024-01-01 00:00:00,2024-01-01
0be28c25-0327-4f80-8046-0eaeb54d8a11,2020-08-30 00:21:00,2024-01-01 00:00:00,2024-01-01
b11e4077-bcfa-4850-b6d2-e2d7fbe51752,2022-06-25 22:41:00,2024-01-01 00:00:00,2024-01-01
75fee327-128d-4947-922c-48768321bb81,2019-11-06 16:11:00,2024-01-01 00:00:00,2024-01-01
f3aecb8f-f8b9-406a-82a5-1f464e1c4e63,2020-04-23 07:01:00,2024-01-01 00:00:00,2024-01-01
1c02b15f-4616-4216-9b54-4c62a27c1ae9,2022-03-13 15:27:00,2024-01-01 00:00:00,2024-01-01
20638f24-6025-4e48-9b32-1dd2a6b435bf,2021-05-26 03:39:00,2024-01-01 00:00:00,2024-01-01
62e1d3cc-9eb7-4f34-8ae1-35b34d1f7fc9,2020-06-18 19:25:00,2024-01-01 00:00:00,2024-01-01
81e9a5ae-2a60-4430-ba07-8f13d1315b73,2019-09-14 18:52:00,2024-01-01 00:00:00,2024-01-01
f0d033e3-4694-4cfb-9d77-489eed62b354,2023-05-10 01:41:00,2024-01-01 00:00:00,2024-01-01
018c7220-47ac-4839-a4d7-f8d59199bd91,2023-10-22 12:34:00,2024-01-01 00:00:00,2024-01-01
4de6c7f0-1541-4146-ba6c-4b5813098f5e,2019-09-27 00:05:00,2024-01-01 00:00:00,2024-01-01
519bfb38-3676-4d96-9ab2-edb60603b77e,2021-08-28 11:15:00,2024-01-01 00:00:00,2024-01-01
23a41a82-aaeb-4cbc-a3da-56c530260b62,2022-07-10 00:28:00,2024-01-01 00:00:00,2024-01-01
9d2b2485-e78c-466a-bb21-b72d1ffd405a,2022-06-14 13:06:00,2024-01-01 00:00:00,2024-01-01
c987c1d4-4420-48d0-87bf-7d5332046300,2021-12-13 18:21:00,2024-01-01 00:00:00,2024-01-01
6fee9276-03aa-45b9-b02e-e08ea008b870,2021-09-10 20:58:00,2024-01-01 00:00:00,2024-01-01
74131f6e-f541-48f8-b0f1-0ea715749268,2023-02-09 09:54:00,2024-01-01 00:00:00,2024-01-01
60a84bb9-9c76-4b64-ab1d-16dd31b94625,2023-09-30 09:15:00,2024-01-01 00:00:00,2024-01-01
1beaa162-69db-48e2-8781-37d0903fd276,2023-06-17 09:31:00,2024-01-01 00:00:00,2024-01-01
6f389e71-46f7-4711-9fd1-f5329424e39b,2020-06-11 22:10:00,2024-01-01 00:00:00,2024-01-01
4122fce1-1d01-4333-93d2-7682b5ab383f,2020-10-13 02:42:00,2024-01-01 00:00:00,2024-01-01
3ef8c66a-ee03-4b70-89df-59ea55a86c3e,2020-02-02 21:39:00,2024-01-01 00:00:00,2024-01-01
cd8c1d7c-c3a1-48d0-8535-5c9fa5f5a58a,2020-10-08 12:06:00,2024-01-01 00:00:00,2024-01-01
d39003ff-20ab-4c47-80e5-78bac10aa506,2019-01-27 15:31:00,2024-01-01 00:00:00,2024-01-01
13d5de61-8558-4387-8ab4-347a8f505a31,2021-10-12 20:10:00,2024-01-01 00:00:00,2024-01-01
d724b683-e963-4386-b2b8-fd0848f7abae,2019-05-31 11:03:00,2024-01-01 00:00:00,2024-01-01
d99f29a1-fbfd-4641-9f25-3cddfc9e6f64,2020-04-07 02:48:00,2024-01-01 00:00:00,2024-01-01
33a8bae8-defe-45ee-bc55-acac9865843c,2022-03-24 21:11:00,2024-01-01 00:00:00,2024-01-01
d4f537d1-f965-4b8f-a988-6937f70e11b0,2019-04-03 22:21:00,2024-01-01 00:00:00,2024-01-01
02a585b3-312f-42dd-ba85-2c7d20ebd68f,2023-09-03 23:53:00,2024-01-01 00:00:00,2024-01-01
e165c6ad-0881-461f-a326-0bedc06fdac0,2022-04-10 23:04:00,2024-01-01 00:00:00,2024-01-01
f628a16d-7b88-4b36-9ce6-2f7a65ad95a1,2022-04-24 16:30:00,2024-01-01 00:00:00,2024-01-01
39557251-e8db-4f82-99c2-0398d4f9b371,2020-02-01 14:02:00,2024-01-01 00:00:00,2024-01-01
f1488b3f-9fa5-4679-a614-71f573583cdd,2020-01-24 23:11:00,2024-01-01 00:00:00,2024-01-01
ddc37b46-61eb-46d4-ab20-d0103947c438,2023-07-18 09:17:00,2024-01-01 00:00:00,2024-01-01
0375d747-f805-4c9e-b6ae-321d1d5aa9fa,2023-09-30 09:35:00,2024-01-01 00:00:00,2024-01-01
071aa882-feda-46a3-a4e8-02ec468ad223,2022-06-01 08:31:00,2024-01-01 00:00:00,2024-01-01
7844313c-03fb-460d-afa6-978f8001955b,2021-06-02 14:47:00,2024-01-01 00:00:00,2024-01-01
680a1405-03aa-48f2-be89-62e1c8bf3627,2021-12-30 04:49:00,2024-01-01 00:00:00,2024-01-01
17803607-22cb-4c44-924d-744803b07c79,2020-04-06 02:59:00,2024-01-01 00:00:00,2024-01-01
1e87b20e-fff6-4872-96d5-dec2cad2713a,2019-01-11 15:26:00,2024-01-01 00:00:00,2024-01-01
c152a397-4b4d-4fd6-aaeb-325b9cf6fe2d,2020-10-20 19:04:00,2024-01-01 00:00:00,2024-01-01
2bd1bd50-cdb3-4fe9-a67a-335aea386b7d,2023-05-30 20:02:00,2024-01-01 00:00:00,2024-01-01
d200bcbf-2a8f-48d4-9253-7997795d92cf,2022-11-10 11:05:00,2024-01-01 00:00:00,2024-01-01
e7f6d769-7279-46ba-8b63-105cef9bfd01,2021-09-16 07:42:00,2024-01-01 00:00:00,2024-01-01
8fa9fce9-f7f3-4b38-9843-15643dc064d4,2019-12-07 17:37:00,2024-01-01 00:00:00,2024-01-01
9ba8e8ff-bbfd-4dfb-be8f-8a129cb40913,2020-12-11 08:22:00,2024-01-01 00:00:00,2024-01-01
c3bcabc1-7ba1-456e-9228-89ea40153e98,2021-02-24 08:02:00,2024-01-01 00:00:00,2024-01-01
03c4c663-c9ac-4db2-a70e-b32a1d980622,2022-05-24 02:35:00,2024-01-01 00:00:00,2024-01-01
758a772e-8c09-4f3a-8a41-7c5eb26a6110,2023-06-16 16:00:00,2024-01-01 00:00:00,2024-01-01
5da3fa31-83a7-4145-859c-0d3fa0770ac4,2020-12-06 17:47:00,2024-01-01 00:00:00,2024-01-01
fb196124-3f62-4741-8b92-6d48e5001c61,2019-06-11 23:51:00,2024-01-01 00:00:00,2024-01-01
315b8757-9504-4390-b0fc-071c5fca4539,2019-07-15 14:16:00,2024-01-01 00:00:00,2024-01-01
2b55163c-c8c3-4a9f-ad5a-0948e83fe97e,2020-07-09 19:25:00,2024-01-01 00:00:00,2024-01-01
a4412d03-cb82-463c-8298-df6ca976c324,2022-10-02 07:38:00,2024-01-01 00:00:00,2024-01-01
dbf64d39-3c3e-4365-8718-51e7b760c8e7,2022-09-26 12:03:00,2024-01-01 00:00:00,2024-01-01
3cc55d11-2a77-4031-b604-92a025d7a129,2022-08-17 15:00:00,2024-01-01 00:00:00,2024-01-01
8d6971cf-dae1-46db-836a-9e040806a36c,2019-04-14 00:37:00,2024-01-01 00:00:00,2024-01-01
32e2f2ae-8d59-43ef-b972-bc85f1e3effa,2020-05-18 00:45:00,2024-01-01 00:00:00,2024-01-01
79fbb9d8-ed15-4bdd-8f1c-01a474820fe1,2020-09-29 09:07:00,2024-01-01 00:00:00,2024-01-01
eea3d3c5-98b7-4022-b15a-0ec60a4b70ea,2022-01-10 00:48:00,2024-01-01 00:00:00,2024-01-01
f5b4dc98-7753-440c-be2a-728e530730d0,2020-05-24 22:34:00,2024-01-01 00:00:00,2024-01-01
685a72a1-81ff-4c14-8ef4-776b03c7ecc5,2019-11-03 02:51:00,2024-01-01 00:00:00,2024-01-01
0f6883be-4fc4-4ae2-9de6-f9e7f47bca68,2022-01-10 21:13:00,2024-01-01 00:00:00,2024-01-01
a8889766-c29c-428d-8e56-ebc3d569b2b5,2022-04-20 12:49:00,2024-01-01 00:00:00,2024-01-01
98ecac3b-17cd-418d-b996-6a44293cb0cf,2019-11-25 23:46:00,2024-01-01 00:00:00,2024-01-01
f97791ea-8b07-49c7-87e4-14ac0d341906,2019-03-23 16:23:00,2024-01-01 00:00:00,2024-01-01
12e2c652-c18c-42a2-b89d-56ce102dc13c,2023-08-08 17:25:00,2024-01-01 00:00:00,2024-01-01
4d6f0375-b4c8-472f-961b-9d4ab77cf9d0,2022-11-02 08:40:00,2024-01-01 00:00:00,2024-01-01
ca4392e8-1de6-42bc-bcf6-5b94993d86c1,2022-11-21 00:42:00,2024-01-01 00:00:00,2024-01-01
0fe62ad4-3335-466e-b454-54daa2898258,2021-06-29 17:00:00,2024-01-01 00:00:00,2024-01-01
b6b0758a-4b5d-4843-a330-5ea470bd1125,2019-11-07 10:10:00,2024-01-01 00:00:00,2024-01-01
6fce7ef5-ee43-4bdb-90de-d63a0361ff25,2022-05-30 10:05:00,2024-01-01 00:00:00,2024-01-01
2922af86-2997-4537-8609-bf9b9c5f81c3,2021-02-21 22:27:00,2024-01-01 00:00:00,2024-01-01
1542e8ac-6618-4f26-be85-1a7276b22a4b,2022-12-23 06:55:00,2024-01-01 00:00:00,2024-01-01
231bd419-685c-4a7c-86fc-f896eb986a7c,2020-02-22 07:21:00,2024-01-01 00:00:00,2024-01-01
89cda53c-2180-42c9-8e90-1403a0256776,2023-01-16 04:12:00,2024-01-01 00:00:00,2024-01-01
1c02b15f-4616-4216-9b54-4c62a27c1ae9,2019-04-24 06:38:00,2024-01-01 00:00:00,2024-01-01
2fd62491-8dd6-46c4-91ed-c4c70793025b,2021-08-17 08:54:00,2024-01-01 00:00:00,2024-01-01
0fda5757-e968-416c-b349-cf15167f3425,2019-02-12 16:57:00,2024-01-01 00:00:00,2024-01-01
33a8bae8-defe-45ee-bc55-acac9865843c,2019-04-20 13:31:00,2024-01-01 00:00:00,2024-01-01
634f8b16-73b3-4736-a3cf-19823bbfe6c5,2019-03-29 23:38:00,2024-01-01 00:00:00,2024-01-01
293f5bd9-e77f-453a-8ae8-8c2555462874,2022-02-17 01:38:00,2024-01-01 00:00:00,2024-01-01
8c9c9dbe-e89c-4845-932b-7aff6ac30a0a,2019-12-11 21:45:00,2024-01-01 00:00:00,2024-01-01
7c370196-e467-4102-be70-deb73cbca2c3,2019-08-29 22:39:00,2024-01-01 00:00:00,2024-01-01
0fe98d5e-6974-49a2-8470-b3d3e5c12fcc,2019-07-09 23:52:00,2024-01-01 00:00:00,2024-01-01
6b182886-4787-4abd-b35f-1500b7b96d40,2022-11-19 09:55:00,2024-01-01 00:00:00,2024-01-01
9ba8e8ff-bbfd-4dfb-be8f-8a129cb40913,2020-03-31 02:12:00,2024-01-01 00:00:00,2024-01-01
b5ed67ce-51f8-454e-8bc0-7c5ee56b22b9,2022-10-26 04:51:00,2024-01-01 00:00:00,2024-01-01
ad6498b7-1091-4c58-a2a6-649cf753ffc0,2021-03-09 03:06:00,2024-01-01 00:00:00,2024-01-01
8c513b87-d0dd-423d-81b8-0c75905258f3,2020-11-17 08:35:00,2024-01-01 00:00:00,2024-01-01
dfaaba4e-0c3f-4aef-8f0b-a42d7ee6570b,2020-11-24 01:21:00,2024-01-01 00:00:00,2024-01-01
f9817dda-1be4-4164-98b5-454572022baa,2019-11-30 12:15:00,2024-01-01 00:00:00,2024-01-01
be7267ea-8018-4b14-ba5c-cfcb66781462,2020-01-17 03:07:00,2024-01-01 00:00:00,2024-01-01
1c2fd5bb-080f-4561-b29d-68f1d2290128,2022-05-01 12:02:00,2024-01-01 00:00:00,2024-01-01
a355aed8-ac55-4e68-b182-8c7c40d0f234,2020-08-27 21:43:00,2024-01-01 00:00:00,2024-01-01
d4f537d1-f965-4b8f-a988-6937f70e11b0,2019-11-22 00:20:00,2024-01-01 00:00:00,2024-01-01
1542e8ac-6618-4f26-be85-1a7276b22a4b,2020-04-07 15:43:00,2024-01-01 00:00:00,2024-01-01
fa0c82c7-6c7a-4683-9364-4dae45bfa07e,2019-01-15 15:17:00,2024-01-01 00:00:00,2024-01-01
edea4b5f-3f5d-4314-8bf0-a86d0b8effc6,2021-01-14 08:18:00,2024-01-01 00:00:00,2024-01-01
72af3421-4c21-454c-ae33-5b876b8ee2d8,2021-09-10 22:50:00,2024-01-01 00:00:00,2024-01-01
8fa9fce9-f7f3-4b38-9843-15643dc064d4,2019-04-27 17:43:00,2024-01-01 00:00:00,2024-01-01
fc536289-9931-4b76-8e6b-d1236c0b89a3,2022-10-22 04:58:00,2024-01-01 00:00:00,2024-01-01
3c329c0f-2222-4c83-931c-9f5f9b6d80a1,2022-08-04 06:05:00,2024-01-01 00:00:00,2024-01-01
be16f2ee-cce4-4859-ae1b-2aa1315cd48d,2021-06-27 02:18:00,2024-01-01 00:00:00,2024-01-01
a40a848a-55c3-4609-ac67-467bfab77ed1,2021-03-10 02:52:00,2024-01-01 00:00:00,2024-01-01
694d5a62-55fa-4bbb-abc3-bc467341d8d3,2022-06-18 10:46:00,2024-01-01 00:00:00,2024-01-01
b1dc94e1-9c1e-47a0-a619-b383230402dd,2020-05-14 08:26:00,2024-01-01 00:00:00,2024-01-01
79a33a0e-8539-49c7-86a5-5a9f4cc6b6da,2023-11-30 15:51:00,2024-01-01 00:00:00,2024-01-01
630f6ee2-4357-4798-b435-386ea8a00d80,2021-03-04 04:55:00,2024-01-01 00:00:00,2024-01-01
10e1907a-c902-42ac-b0e9-ab6bf2f0c62e,2021-04-14 07:20:00,2024-01-01 00:00:00,2024-01-01
b5d28e31-5851-4a1f-99b1-3cd87c68ee07,2022-12-10 18:24:00,2024-01-01 00:00:00,2024-01-01
c2a105a4-8173-4003-8b19-f4ab166c39ed,2019-01-06 07:00:00,2024-01-01 00:00:00,2024-01-01
4d87cbaa-bcd0-464a-9fcb-d81df4a1d9c8,2019-10-10 12:04:00,2024-01-01 00:00:00,2024-01-01
0fe62ad4-3335-466e-b454-54daa2898258,2023-02-24 09:01:00,2024-01-01 00:00:00,2024-01-01
78312951-58cb-4114-b4ec-1c62fb9f5e8f,2019-09-23 15:52:00,2024-01-01 00:00:00,2024-01-01
ab0a08c8-179f-4998-b48d-1f792d033ed8,2022-02-11 14:00:00,2024-01-01 00:00:00,2024-01-01
ab0a08c8-179f-4998-b48d-1f792d033ed8,2020-03-18 12:33:00,2024-01-01 00:00:00,2024-01-01
ed6c27f0-06b8-4e66-b130-c2c4aa6c9376,2021-04-01 10:59:00,2024-01-01 00:00:00,2024-01-01
d39003ff-20ab-4c47-80e5-78bac10aa506,2023-07-23 12:15:00,2024-01-01 00:00:00,2024-01-01
645d4d49-dc87-47fe-a65f-0dcbc44cde63,2019-03-27 12:15:00,2024-01-01 00:00:00,2024-01-01
5d34ee55-9636-4b86-a473-7aaedbd3b76e,2021-06-07 00:23:00,2024-01-01 00:00:00,2024-01-01
cdd01a01-fe8b-40d4-b2a3-c0e0207a3a1f,2019-04-01 23:33:00,2024-01-01 00:00:00,2024-01-01
2c6ffb96-8ed7-442d-a07e-22d72b2cc084,2022-08-05 20:40:00,2024-01-01 00:00:00,2024-01-01
1f459003-3d70-4f02-af53-834af6494977,2021-05-28 00:39:00,2024-01-01 00:00:00,2024-01-01
79001d4d-d695-492b-b3a9-4fd78d066ddc,2022-01-21 03:00:00,2024-01-01 00:00:00,2024-01-01
f99d828b-8cd3-4c4c-8a36-00180a02f43e,2023-10-27 18:02:00,2024-01-01 00:00:00,2024-01-01
a820e556-c90a-47c0-af29-f60ca8d22e08,2022-04-28 05:03:00,2024-01-01 00:00:00,2024-01-01
5eef5951-d005-4984-b47a-d06c66199451,2023-07-08 07:40:00,2024-01-01 00:00:00,2024-01-01
677cca13-3dce-4b8b-83ea-16b376ad043a,2019-03-01 11:08:00,2024-01-01 00:00:00,2024-01-01
20638f24-6025-4e48-9b32-1dd2a6b435bf,2019-02-17 08:21:00,2024-01-01 00:00:00,2024-01-01
34943a3f-75c0-424a-a27e-89714269da45,2019-11-20 06:49:00,2024-01-01 00:00:00,2024-01-01
d4f28bee-2d99-477e-bed0-8afb23cc957e,2021-07-31 11:36:00,2024-01-01 00:00:00,2024-01-01
358cf9ef-9b97-4dc4-aabf-ea7e18ec3c24,2021-08-15 19:23:00,2024-01-01 00:00:00,2024-01-01
a46186c5-5c89-4d8d-becf-598788357b0e,2020-04-18 03:36:00,2024-01-01 00:00:00,2024-01-01
030feb28-36e3-4593-8d5c-c8d42af61ec0,2022-08-22 05:25:00,2024-01-01 00:00:00,2024-01-01
1d4ae20a-50eb-4da3-af0e-e64abeb8ab75,2019-03-27 19:45:00,2024-01-01 00:00:00,2024-01-01
c987c1d4-4420-48d0-87bf-7d5332046300,2021-12-28 01:08:00,2024-01-01 00:00:00,2024-01-01
06469e1b-9c8d-4e4e-9c14-e69b211f5475,2023-11-03 14:22:00,2024-01-01 00:00:00,2024-01-01
4d6f0375-b4c8-472f-961b-9d4ab77cf9d0,2023-07-27 15:59:00,2024-01-01 00:00:00,2024-01-01
aaac741f-a52f-4733-a964-8c86c6d69c6d,2020-08-27 10:16:00,2024-01-01 00:00:00,2024-01-01
e3277bbf-6082-43b9-9df3-9183185ff074,2023-07-20 20:37:00,2024-01-01 00:00:00,2024-01-01
d2c8ed53-35b0-4e13-9101-5afbe6be3b86,2019-10-08 10:18:00,2024-01-01 00:00:00,2024-01-01
d200bcbf-2a8f-48d4-9253-7997795d92cf,2023-03-11 19:18:00,2024-01-01 00:00:00,2024-01-01
54ffe43a-ee72-49cf-9b9e-5ced527f8632,2022-11-21 10:14:00,2024-01-01 00:00:00,2024-01-01
4da46ed5-9d9c-480d-aa47-7d43bc9c09fb,2021-11-18 03:35:00,2024-01-01 00:00:00,2024-01-01
6b182886-4787-4abd-b35f-1500b7b96d40,2019-02-03 17:07:00,2024-01-01 00:00:00,2024-01-01
4f6d1a01-7440-40a4-991d-9896724ec71c,2023-01-11 19:24:00,2024-01-01 00:00:00,2024-01-01
6b182886-4787-4abd-b35f-1500b7b96d40,2020-12-13 11:33:00,2024-01-01 00:00:00,2024-01-01
8d6971cf-dae1-46db-836a-9e040806a36c,2020-03-08 09:48:00,2024-01-01 00:00:00,2024-01-01
25295a76-1bd6-42b7-baa3-0a9ef6b4ccc2,2020-11-07 12:10:00,2024-01-01 00:00:00,2024-01-01
c5c7407c-e106-4782-bf24-d20acbd08956,2023-11-11 19:50:00,2024-01-01 00:00:00,2024-01-01
018c7220-47ac-4839-a4d7-f8d59199bd91,2022-11-05 04:07:00,2024-01-01 00:00:00,2024-01-01
44444b0d-5b0a-407c-a8be-8eef20b13052,2021-10-07 15:03:00,2024-01-01 00:00:00,2024-01-01
52e4d0f2-f61f-47b1-90f9-cfa43836e7eb,2020-10-06 13:24:00,2024-01-01 00:00:00,2024-01-01
733feae3-11eb-45a6-9f4c-cfb082b5991c,2019-01-25 13:06:00,2024-01-01 00:00:00,2024-01-01
5a485394-3184-41d9-948f-13c4ac0472c2,2023-07-19 04:19:00,2024-01-01 00:00:00,2024-01-01
376bf133-e199-4cba-9207-4b5fbcc0407c,2022-01-14 00:28:00,2024-01-01 00:00:00,2024-01-01
982ae8da-bfa6-4eef-b616-216ae94a841d,2019-01-22 14:55:00,2024-01-01 00:00:00,2024-01-01
6fee9276-03aa-45b9-b02e-e08ea008b870,2022-08-04 13:57:00,2024-01-01 00:00:00,2024-01-01
8819d9f7-a96c-49ba-b6d3-97e15ed72dbb,2021-04-11 04:12:00,2024-01-01 00:00:00,2024-01-01
f9817dda-1be4-4164-98b5-454572022baa,2020-12-24 02:23:00,2024-01-01 00:00:00,2024-01-01
c2a105a4-8173-4003-8b19-f4ab166c39ed,2021-10-29 00:04:00,2024-01-01 00:00:00,2024-01-01
21c859a2-d57a-446d-9b51-1adcab539d9d,2021-02-05 06:43:00,2024-01-01 00:00:00,2024-01-01
ea2cf0bb-53e1-48f6-bf8d-338ee7db84df,2019-01-09 14:14:00,2024-01-01 00:00:00,2024-01-01
72af3421-4c21-454c-ae33-5b876b8ee2d8,2022-10-23 20:05:00,2024-01-01 00:00:00,2024-01-01
d724b683-e963-4386-b2b8-fd0848f7abae,2021-05-16 03:20:00,2024-01-01 00:00:00,2024-01-01
51ec2300-6e24-4efa-964a-815a5f6df4aa,2021-05-16 11:33:00,2024-01-01 00:00:00,2024-01-01
28bb2c40-3d13-41a8-8b00-f3b3855cfc8f,2021-06-20 01:23:00,2024-01-01 00:00:00,2024-01-01
685a72a1-81ff-4c14-8ef4-776b03c7ecc5,2019-09-22 08:19:00,2024-01-01 00:00:00,2024-01-01
39557251-e8db-4f82-99c2-0398d4f9b371,2019-06-03 07:37:00,2024-01-01 00:00:00,2024-01-01
2dd3fe93-4eb9-4533-a2c0-6041b3aefc7d,2020-10-30 14:36:00,2024-01-01 00:00:00,2024-01-01
75fee327-128d-4947-922c-48768321bb81,2020-06-27 22:24:00,2024-01-01 00:00:00,2024-01-01
050a9365-3653-4f9d-86be-006ee20e6d6d,2020-06-25 23:23:00,2024-01-01 00:00:00,2024-01-01
c5b60773-230d-452a-a448-54789e68efc7,2020-03-13 21:51:00,2024-01-01 00:00:00,2024-01-01
e7f6d769-7279-46ba-8b63-105cef9bfd01,2020-10-17 14:37:00,2024-01-01 00:00:00,2024-01-01
79fbb9d8-ed15-4bdd-8f1c-01a474820fe1,2019-04-22 23:29:00,2024-01-01 00:00:00,2024-01-01
694d5a62-55fa-4bbb-abc3-bc467341d8d3,2019-09-10 23:05:00,2024-01-01 00:00:00,2024-01-01
3f5e8bfc-3258-4d11-a9ee-45d332fd0527,2023-04-03 16:40:00,2024-01-01 00:00:00,2024-01-01
a7875516-191c-433a-9d0a-e42a3e3ed6db,2022-03-24 12:27:00,2024-01-01 00:00:00,2024-01-01
4ad46ba6-0e0d-4a9f-99a0-daaf42573169,2023-03-03 09:54:00,2024-01-01 00:00:00,2024-01-01
d38f3cd2-cd63-4045-82c5-930ec1485b40,2023-01-11 18:13:00,2024-01-01 00:00:00,2024-01-01
9ac816b3-ed31-438d-8de1-bdc665b55fff,2021-05-29 12:56:00,2024-01-01 00:00:00,2024-01-01
428f3bea-e0ec-46fc-9e87-7911f78085c0,2019-09-10 07:12:00,2024-01-01 00:00:00,2024-01-01
ef42be3b-52c9-4d67-aa60-aeed0338830b,2020-10-22 19:31:00,2024-01-01 00:00:00,2024-01-01
50cf36b9-dc61-4a90-9621-0fdb28234606,2020-06-24 21:35:00,2024-01-01 00:00:00,2024-01-01
645d4d49-dc87-47fe-a65f-0dcbc44cde63,2021-07-31 17:00:00,2024-01-01 00:00:00,2024-01-01
fa9d2712-59b1-4861-9cdc-4344e649a21a,2021-02-05 14:03:00,2024-01-01 00:00:00,2024-01-01
dedc6b5e-7dd0-4412-8bbc-91e03d351549,2023-05-01 07:47:00,2024-01-01 00:00:00,2024-01-01
a8c37e51-9852-4670-bd66-3bea5c508b16,2022-11-22 15:51:00,2024-01-01 00:00:00,2024-01-01
617abd34-e75b-4589-9650-2b97ad5a95e1,2023-02-06 17:16:00,2024-01-01 00:00:00,2024-01-01
b5ed67ce-51f8-454e-8bc0-7c5ee56b22b9,2020-05-15 00:51:00,2024-01-01 00:00:00,2024-01-01
47a65899-78bd-48cb-9e37-fc6c234729ae,2022-08-08 18:11:00,2024-01-01 00:00:00,2024-01-01
7844313c-03fb-460d-afa6-978f8001955b,2019-12-02 19:23:00,2024-01-01 00:00:00,2024-01-01
d80fe7d5-83ae-4413-8c4a-0e4285fd0bfe,2021-06-04 07:13:00,2024-01-01 00:00:00,2024-01-01
cd8c1d7c-c3a1-48d0-8535-5c9fa5f5a58a,2020-01-24 04:44:00,2024-01-01 00:00:00,2024-01-01
f5b4dc98-7753-440c-be2a-728e530730d0,2022-12-17 22:30:00,2024-01-01 00:00:00,2024-01-01
45d7ea24-c950-49db-a864-e2d30c0d5168,2020-03-11 21:08:00,2024-01-01 00:00:00,2024-01-01
10b9b9a3-b3e2-47dc-b449-4a4592513e37,2020-03-06 12:18:00,2024-01-01 00:00:00,2024-01-01
ead94ea1-c900-466e-9a0d-0f4c131b4331,2020-06-14 05:55:00,2024-01-01 00:00:00,2024-01-01
dc497c55-2855-4a13-8405-ca80712ec6f2,2022-02-22 04:20:00,2024-01-01 00:00:00,2024-01-01
33a8bae8-defe-45ee-bc55-acac9865843c,2020-05-06 05:52:00,2024-01-01 00:00:00,2024-01-01
23a41a82-aaeb-4cbc-a3da-56c530260b62,2021-03-19 14:24:00,2024-01-01 00:00:00,2024-01-01
9eee11d9-1e54-4d27-97a8-725f02ae7950,2022-06-18 18:41:00,2024-01-01 00:00:00,2024-01-01
185e7502-135f-4aa2-aac7-26d0f0eed2cc,2020-01-18 05:28:00,2024-01-01 00:00:00,2024-01-01
0fe86db3-0ef9-46f3-bdd2-e7a9cee1eaf2,2021-08-27 07:39:00,2024-01-01 00:00:00,2024-01-01
046f62a1-a2f7-406e-8c45-b4bab6917922,2022-12-23 07:46:00,2024-01-01 00:00:00,2024-01-01
eb7961b1-90ae-4c49-82a5-98b0cc745af4,2021-12-31 10:41:00,2024-01-01 00:00:00,2024-01-01
95ecfad2-598f-4b56-9182-5d3280ccafdb,2019-10-16 04:15:00,2024-01-01 00:00:00,2024-01-01
5cf3434d-e976-456e-a951-cad2c805a9ec,2022-11-05 00:36:00,2024-01-01 00:00:00,2024-01-01
310e7f81-9fe3-4296-ac03-e8d76f6c10ac,2019-07-12 22:00:00,2024-01-01 00:00:00,2024-01-01
376bf133-e199-4cba-9207-4b5fbcc0407c,2019-05-14 19:12:00,2024-01-01 00:00:00,2024-01-01
d250a920-f9be-4677-86a3-8a72838f9886,2020-04-11 05:33:00,2024-01-01 00:00:00,2024-01-01
ddc37b46-61eb-46d4-ab20-d0103947c438,2020-07-25 04:13:00,2024-01-01 00:00:00,2024-01-01
df12ed67-7c50-4007-92d4-1b779e3d741b,2020-08-31 21:04:00,2024-01-01 00:00:00,2024-01-01
4f37f760-e528-4e48-bb95-14c54d9a2102,2022-05-23 16:09:00,2024-01-01 00:00:00,2024-01-01
896872e5-c3d0-4f6e-89c7-414710662765,2022-05-30 21:30:00,2024-01-01 00:00:00,2024-01-01
db8f2120-0aaa-4288-8646-ea0f48e1dd86,2020-11-09 10:55:00,2024-01-01 00:00:00,2024-01-01
57c6c21f-4b7b-4f72-ba83-2b0e46e6caad,2019-06-22 08:44:00,2024-01-01 00:00:00,2024-01-01
a8bae049-a215-4378-8164-0e4c821524c2,2020-12-01 12:03:00,2024-01-01 00:00:00,2024-01-01
98724ab7-5e21-4910-8c91-2b38879fbca5,2021-06-25 13:36:00,2024-01-01 00:00:00,2024-01-01
20638f24-6025-4e48-9b32-1dd2a6b435bf,2022-11-13 19:04:00,2024-01-01 00:00:00,2024-01-01
2346b719-adb0-49bc-a14e-4407cf1a3a9f,2020-02-18 07:07:00,2024-01-01 00:00:00,2024-01-01
1cc9d468-4898-4575-9b28-0d959c1aa2eb,2019-03-02 22:53:00,2024-01-01 00:00:00,2024-01-01
17578591-6f2f-4ce8-ad20-b56a113288b2,2021-03-16 09:15:00,2024-01-01 00:00:00,2024-01-01
a05f046b-dbbf-4c3a-8381-3696ddecc5ca,2020-03-13 04:11:00,2024-01-01 00:00:00,2024-01-01
b5d28e31-5851-4a1f-99b1-3cd87c68ee07,2023-05-04 13:40:00,2024-01-01 00:00:00,2024-01-01
430db7a5-b9a0-4d5b-8b89-1fac2d3c6a09,2023-01-24 04:58:00,2024-01-01 00:00:00,2024-01-01
6e0e9c7d-40f2-4687-93a3-07886e09f690,2019-09-20 14:29:00,2024-01-01 00:00:00,2024-01-01
45404c8c-fd4f-4d15-903b-91b5c05b0375,2021-08-14 06:04:00,2024-01-01 00:00:00,2024-01-01
2cec8b9d-688b-4f35-9994-67758a1c216d,2021-04-28 23:32:00,2024-01-01 00:00:00,2024-01-01
b593d8ce-bfc5-49d2-b748-7f420e2ce0e0,2022-12-04 01:25:00,2024-01-01 00:00:00,2024-01-01
70af3e45-1b97-4330-8434-638013984d40,2021-04-02 09:46:00,2024-01-01 00:00:00,2024-01-01
f2d02368-d00d-45a9-a715-4eaa09e96fd3,2021-09-06 14:00:00,2024-01-01 00:00:00,2024-01-01
d200bcbf-2a8f-48d4-9253-7997795d92cf,2020-02-29 11:03:00,2024-01-01 00:00:00,2024-01-01
ad6498b7-1091-4c58-a2a6-649cf753ffc0,2020-05-02 01:21:00,2024-01-01 00:00:00,2024-01-01
9668a015-446f-49b9-b39f-2b220770f90d,2022-06-12 05:39:00,2024-01-01 00:00:00,2024-01-01
0a463b2e-0bf0-44b2-97ba-21ffe5dbeb0e,2021-10-28 09:08:00,2024-01-01 00:00:00,2024-01-01
99efa319-16a0-466f-9da7-67892c533f4e,2022-07-14 02:46:00,2024-01-01 00:00:00,2024-01-01
91096f25-23db-4314-bd32-4aedbc41c3ce,2023-08-15 20:30:00,2024-01-01 00:00:00,2024-01-01
f004475d-46db-455f-979c-165786d0d6df,2023-06-09 09:46:00,2024-01-01 00:00:00,2024-01-01
fe8bb556-5df3-47c7-899d-9940e9d02faa,2019-04-20 15:17:00,2024-01-01 00:00:00,2024-01-01
05d53705-6b97-4966-95a7-34b64c31de69,2019-02-07 20:55:00,2024-01-01 00:00:00,2024-01-01
cb22d79c-9cd7-4ebe-a15a-6a9c3fb34123,2021-06-08 11:32:00,2024-01-01 00:00:00,2024-01-01
eb453375-5631-495c-90b9-e0dc51cf23d0,2019-12-09 14:26:00,2024-01-01 00:00:00,2024-01-01
d1af5b5f-9803-4859-82ba-f9a6eacbf0fc,2019-10-10 18:59:00,2024-01-01 00:00:00,2024-01-01
17276d3c-a5c5-44c4-bcd9-8fb9341a88ca,2019-01-05 13:53:00,2024-01-01 00:00:00,2024-01-01
b175f2f8-ff61-4186-8f41-8390e8baa39d,2019-11-24 01:15:00,2024-01-01 00:00:00,2024-01-01
d38f3cd2-cd63-4045-82c5-930ec1485b40,2022-12-18 06:51:00,2024-01-01 00:00:00,2024-01-01
fa6dbc27-2b6a-4eb8-bbb5-9e5358db1290,2021-11-07 11:40:00,2024-01-01 00:00:00,2024-01-01
54073c9a-d5d8-4c8c-b6b2-4334ffa3652e,2023-10-01 12:56:00,2024-01-01 00:00:00,2024-01-01
d9fb499b-f185-4c70-b731-30f5aed515b8,2023-06-18 13:46:00,2024-01-01 00:00:00,2024-01-01
2922af86-2997-4537-8609-bf9b9c5f81c3,2019-05-26 18:28:00,2024-01-01 00:00:00,2024-01-01
17803607-22cb-4c44-924d-744803b07c79,2020-07-01 19:31:00,2024-01-01 00:00:00,2024-01-01
79001d4d-d695-492b-b3a9-4fd78d066ddc,2022-08-15 06:06:00,2024-01-01 00:00:00,2024-01-01
beb98874-b0ac-48c3-bde8-08fcd607299b,2021-12-06 06:37:00,2024-01-01 00:00:00,2024-01-01
68150799-c06b-4ee1-b210-48ab114ad0bb,2022-12-02 18:43:00,2024-01-01 00:00:00,2024-01-01
4d87cbaa-bcd0-464a-9fcb-d81df4a1d9c8,2021-09-19 18:53:00,2024-01-01 00:00:00,2024-01-01
f004475d-46db-455f-979c-165786d0d6df,2022-01-14 08:53:00,2024-01-01 00:00:00,2024-01-01
bf743547-e02b-423f-b740-ac35621649bf,2022-05-10 02:16:00,2024-01-01 00:00:00,2024-01-01
c0d8692a-0e8c-43dc-9470-88c60fa6f487,2022-05-11 22:32:00,2024-01-01 00:00:00,2024-01-01
4f9e3d13-9d52-4a48-ae3e-11f1955e8564,2021-05-25 18:47:00,2024-01-01 00:00:00,2024-01-01
5203a9a4-29dc-4a72-a571-35129e619f51,2022-06-24 10:52:00,2024-01-01 00:00:00,2024-01-01
b175f2f8-ff61-4186-8f41-8390e8baa39d,2020-10-04 09:38:00,2024-01-01 00:00:00,2024-01-01
f9817dda-1be4-4164-98b5-454572022baa,2022-12-09 21:13:00,2024-01-01 00:00:00,2024-01-01
ce0b6f95-c730-496a-a07a-8384d42befb9,2019-10-20 13:49:00,2024-01-01 00:00:00,2024-01-01
1e805732-e82c-4bc1-bfa4-a10ef655b2ab,2023-11-22 09:13:00,2024-01-01 00:00:00,2024-01-01
fe8bb556-5df3-47c7-899d-9940e9d02faa,2019-09-19 23:14:00,2024-01-01 00:00:00,2024-01-01
6b807bcd-3847-46b4-b0cc-81288a961cc5,2022-04-24 12:06:00,2024-01-01 00:00:00,2024-01-01
47a65899-78bd-48cb-9e37-fc6c234729ae,2019-09-25 05:45:00,2024-01-01 00:00:00,2024-01-01
bf8c7d28-d8c1-496a-b37a-aa3a224942d3,2022-01-27 22:59:00,2024-01-01 00:00:00,2024-01-01
22396224-bed7-4623-aa8e-286ce43cea68,2021-12-28 20:04:00,2024-01-01 00:00:00,2024-01-01
f22170f9-0a9f-40c7-9f8e-6ed79578fb2c,2022-09-14 03:21:00,2024-01-01 00:00:00,2024-01-01
99efa319-16a0-466f-9da7-67892c533f4e,2022-06-15 17:59:00,2024-01-01 00:00:00,2024-01-01
0d2eb9ad-40d8-4bcc-b97e-f4188da258d5,2020-11-26 08:01:00,2024-01-01 00:00:00,2024-01-01
52e4d0f2-f61f-47b1-90f9-cfa43836e7eb,2019-01-09 02:11:00,2024-01-01 00:00:00,2024-01-01
ecb0ecd4-6a07-4b65-bcb6-38a6b3e6f4c5,2022-11-03 13:47:00,2024-01-01 00:00:00,2024-01-01
0fe86db3-0ef9-46f3-bdd2-e7a9cee1eaf2,2022-12-02 05:08:00,2024-01-01 00:00:00,2024-01-01
9c9aa69d-90bb-4475-b683-682dd56bdb25,2020-01-31 18:33:00,2024-01-01 00:00:00,2024-01-01
81e9a5ae-2a60-4430-ba07-8f13d1315b73,2022-12-11 09:31:00,2024-01-01 00:00:00,2024-01-01
fa1d0eea-c721-4047-9738-8c67a6a0bccd,2020-09-06 20:10:00,2024-01-01 00:00:00,2024-01-01
25295a76-1bd6-42b7-baa3-0a9ef6b4ccc2,2020-11-29 22:29:00,2024-01-01 00:00:00,2024-01-01
634f8b16-73b3-4736-a3cf-19823bbfe6c5,2023-03-09 22:31:00,2024-01-01 00:00:00,2024-01-01
bb6ecc9c-2824-4092-8115-75fd5579d8e0,2019-05-12 16:49:00,2024-01-01 00:00:00,2024-01-01
695e0ca8-2132-420d-95e4-d58bf723c4df,2021-10-23 04:58:00,2024-01-01 00:00:00,2024-01-01
d78182ff-6287-47fb-a6a1-c86862779c6a,2019-09-21 14:33:00,2024-01-01 00:00:00,2024-01-01
f0d033e3-4694-4cfb-9d77-489eed62b354,2022-08-09 20:30:00,2024-01-01 00:00:00,2024-01-01
57c6c21f-4b7b-4f72-ba83-2b0e46e6caad,2019-04-29 21:34:00,2024-01-01 00:00:00,2024-01-01
4aecf02f-9b92-4c53-afa4-894c91bd5887,2023-10-03 02:24:00,2024-01-01 00:00:00,2024-01-01
1d4ae20a-50eb-4da3-af0e-e64abeb8ab75,2021-12-05 12:44:00,2024-01-01 00:00:00,2024-01-01
050a9365-3653-4f9d-86be-006ee20e6d6d,2019-06-07 06:44:00,2024-01-01 00:00:00,2024-01-01
17f17fc6-d728-4173-a47c-4726931b69e7,2023-01-21 18:41:00,2024-01-01 00:00:00,2024-01-01
335d903c-2372-4e99-b9c5-172e53c7182e,2021-01-27 09:29:00,2024-01-01 00:00:00,2024-01-01
34e5977a-f47b-49db-b67b-fe24062b184d,2023-03-12 19:34:00,2024-01-01 00:00:00,2024-01-01
06469e1b-9c8d-4e4e-9c14-e69b211f5475,2023-11-17 08:25:00,2024-01-01 00:00:00,2024-01-01
07516eff-8e29-411e-b392-afaaee9016e6,2019-02-20 21:20:00,2024-01-01 00:00:00,2024-01-01
eb453375-5631-495c-90b9-e0dc51cf23d0,2021-11-21 21:28:00,2024-01-01 00:00:00,2024-01-01
a4e34d9b-0a0d-46a2-9d9e-c7314cb0b44c,2022-06-30 18:49:00,2024-01-01 00:00:00,2024-01-01
9cd072bf-530a-47fc-8e8f-2f08787a39bb,2023-06-20 06:56:00,2024-01-01 00:00:00,2024-01-01
c29f8478-8036-4162-99ea-0f8aa0bcf424,2022-10-21 07:00:00,2024-01-01 00:00:00,2024-01-01
fee34432-a4d3-41dd-8215-d2135245a4ee,2023-10-20 14:09:00,2024-01-01 00:00:00,2024-01-01
645d4d49-dc87-47fe-a65f-0dcbc44cde63,2020-02-17 03:03:00,2024-01-01 00:00:00,2024-01-01
12e2c652-c18c-42a2-b89d-56ce102dc13c,2023-09-16 01:36:00,2024-01-01 00:00:00,2024-01-01
89cda53c-2180-42c9-8e90-1403a0256776,2019-10-16 02:24:00,2024-01-01 00:00:00,2024-01-01
fe8bb556-5df3-47c7-899d-9940e9d02faa,2021-03-31 00:06:00,2024-01-01 00:00:00,2024-01-01
98724ab7-5e21-4910-8c91-2b38879fbca5,2021-05-07 11:57:00,2024-01-01 00:00:00,2024-01-01
b5b9805f-a92e-43b2-88b9-2985519a4d52,2020-10-14 14:43:00,2024-01-01 00:00:00,2024-01-01
630f6ee2-4357-4798-b435-386ea8a00d80,2021-11-03 08:21:00,2024-01-01 00:00:00,2024-01-01
4243d1f7-0737-43e0-a170-78a6314dc76f,2021-10-19 16:25:00,2024-01-01 00:00:00,2024-01-01
6683db8b-bf0e-4904-a49d-c15c6cda38c7,2020-10-22 11:56:00,2024-01-01 00:00:00,2024-01-01
03c38c1c-2a9b-4019-8797-1e0364c618d7,2021-10-07 03:11:00,2024-01-01 00:00:00,2024-01-01
66784518-e5fa-42c4-83ff-8b12e93c6b3d,2020-06-05 13:17:00,2024-01-01 00:00:00,2024-01-01
60a84bb9-9c76-4b64-ab1d-16dd31b94625,2019-01-12 01:24:00,2024-01-01 00:00:00,2024-01-01
55f0a218-16b9-4fe7-9689-7a69abe78aed,2021-12-08 10:33:00,2024-01-01 00:00:00,2024-01-01
a57ccce5-4849-48fc-bdfa-0c5932580ebc,2023-05-31 13:51:00,2024-01-01 00:00:00,2024-01-01
b5ed67ce-51f8-454e-8bc0-7c5ee56b22b9,2021-12-23 04:18:00,2024-01-01 00:00:00,2024-01-01
390cb769-6de3-4ad2-a51d-c5a1c0bd5859,2022-10-31 11:04:00,2024-01-01 00:00:00,2024-01-01
a8889766-c29c-428d-8e56-ebc3d569b2b5,2021-04-29 11:16:00,2024-01-01 00:00:00,2024-01-01
2b023759-5dc3-4917-8cbb-194bcec4bc52,2020-10-27 04:11:00,2024-01-01 00:00:00,2024-01-01
b5bbac0d-38cb-48df-bf1e-ac8a70a044b5,2020-06-09 09:16:00,2024-01-01 00:00:00,2024-01-01
68150799-c06b-4ee1-b210-48ab114ad0bb,2019-05-21 16:37:00,2024-01-01 00:00:00,2024-01-01
2bd1bd50-cdb3-4fe9-a67a-335aea386b7d,2022-06-06 09:00:00,2024-01-01 00:00:00,2024-01-01
26a8ea3c-d6d3-417b-b4e9-4ad78e3d2c43,2019-10-22 06:12:00,2024-01-01 00:00:00,2024-01-01
630f6ee2-4357-4798-b435-386ea8a00d80,2021-12-19 17:27:00,2024-01-01 00:00:00,2024-01-01
1fd92115-7d53-4da3-a45c-11dc09664fa6,2019-02-04 07:53:00,2024-01-01 00:00:00,2024-01-01
2a67aedf-6514-4b81-a4d7-060235d6e43e,2020-10-13 15:55:00,2024-01-01 00:00:00,2024-01-01
fb196124-3f62-4741-8b92-6d48e5001c61,2019-03-27 02:28:00,2024-01-01 00:00:00,2024-01-01
45446c04-e6a0-4cac-9e99-d912f4625863,2019-02-10 07:26:00,2024-01-01 00:00:00,2024-01-01
95ecfad2-598f-4b56-9182-5d3280ccafdb,2020-02-02 19:19:00,2024-01-01 00:00:00,2024-01-01
4ad46ba6-0e0d-4a9f-99a0-daaf42573169,2023-07-17 08:09:00,2024-01-01 00:00:00,2024-01-01
1fd92115-7d53-4da3-a45c-11dc09664fa6,2020-03-10 20:26:00,2024-01-01 00:00:00,2024-01-01
fa1d0eea-c721-4047-9738-8c67a6a0bccd,2019-05-05 01:51:00,2024-01-01 00:00:00,2024-01-01
95785e11-a66e-4435-b080-1c3444822f98,2022-11-21 23:03:00,2024-01-01 00:00:00,2024-01-01
2f7e88e4-152b-43bf-93f3-dbe2106bdc84,2022-01-12 23:34:00,2024-01-01 00:00:00,2024-01-01
1373f611-d6f8-457e-a107-d0d4aaab0875,2020-04-02 19:49:00,2024-01-01 00:00:00,2024-01-01
82bb5172-cd94-4a25-aca8-42681ed0ca0e,2023-11-23 23:04:00,2024-01-01 00:00:00,2024-01-01
a4e34d9b-0a0d-46a2-9d9e-c7314cb0b44c,2020-03-11 21:37:00,2024-01-01 00:00:00,2024-01-01
b6cb65d6-dc7d-406e-ad55-6d07d36e2845,2019-01-25 13:40:00,2024-01-01 00:00:00,2024-01-01
ce0b6f95-c730-496a-a07a-8384d42befb9,2019-05-16 19:30:00,2024-01-01 00:00:00,2024-01-01
606887ac-1df3-4a90-9298-4903ce64efd6,2022-05-06 18:56:00,2024-01-01 00:00:00,2024-01-01
d30e8550-6c98-4111-9929-897b013e7490,2021-09-24 08:21:00,2024-01-01 00:00:00,2024-01-01
61094253-0645-4e3a-8425-6747dd857e20,2019-11-10 08:07:00,2024-01-01 00:00:00,2024-01-01
0f115cef-22dd-491e-bfcd-50da19e6280b,2020-03-05 12:39:00,2024-01-01 00:00:00,2024-01-01
695e0ca8-2132-420d-95e4-d58bf723c4df,2020-07-07 00:19:00,2024-01-01 00:00:00,2024-01-01
81e9a5ae-2a60-4430-ba07-8f13d1315b73,2020-10-12 01:29:00,2024-01-01 00:00:00,2024-01-01
758a772e-8c09-4f3a-8a41-7c5eb26a6110,2020-02-24 12:48:00,2024-01-01 00:00:00,2024-01-01
3cc55d11-2a77-4031-b604-92a025d7a129,2022-11-16 09:32:00,2024-01-01 00:00:00,2024-01-01
694d5a62-55fa-4bbb-abc3-bc467341d8d3,2019-01-30 10:31:00,2024-01-01 00:00:00,2024-01-01
60b418d4-86d2-4132-9bc5-6ca7e221f7f0,2022-08-04 07:36:00,2024-01-01 00:00:00,2024-01-01
904fbcdc-a01e-4835-9898-b70b508ff43f,2020-05-29 00:56:00,2024-01-01 00:00:00,2024-01-01
bf8c7d28-d8c1-496a-b37a-aa3a224942d3,2020-11-20 20:48:00,2024-01-01 00:00:00,2024-01-01
95ecfad2-598f-4b56-9182-5d3280ccafdb,2022-01-28 04:42:00,2024-01-01 00:00:00,2024-01-01
071aa882-feda-46a3-a4e8-02ec468ad223,2021-06-04 05:45:00,2024-01-01 00:00:00,2024-01-01
310e7f81-9fe3-4296-ac03-e8d76f6c10ac,2022-06-17 08:09:00,2024-01-01 00:00:00,2024-01-01
725be64e-ff35-41a3-86cc-b701274c1867,2022-08-25 01:51:00,2024-01-01 00:00:00,2024-01-01
b11e4077-bcfa-4850-b6d2-e2d7fbe51752,2020-04-22 02:22:00,2024-01-01 00:00:00,2024-01-01
1542e8ac-6618-4f26-be85-1a7276b22a4b,2021-12-22 04:21:00,2024-01-01 00:00:00,2024-01-01
834586db-c5c8-4589-bab4-39c974547035,2021-12-02 19:53:00,2024-01-01 00:00:00,2024-01-01
8819d9f7-a96c-49ba-b6d3-97e15ed72dbb,2023-11-19 14:12:00,2024-01-01 00:00:00,2024-01-01
117d3262-7947-4f82-b666-c1ac287f8bdc,2023-09-26 04:02:00,2024-01-01 00:00:00,2024-01-01
c5b60773-230d-452a-a448-54789e68efc7,2020-04-10 18:47:00,2024-01-01 00:00:00,2024-01-01
4243d1f7-0737-43e0-a170-78a6314dc76f,2021-06-20 14:30:00,2024-01-01 00:00:00,2024-01-01
a7875516-191c-433a-9d0a-e42a3e3ed6db,2020-08-08 13:29:00,2024-01-01 00:00:00,2024-01-01
906d7997-95c3-4edf-8222-0f6d5f7a8efb,2021-01-12 11:07:00,2024-01-01 00:00:00,2024-01-01
0fcf7399-8fe6-439c-977f-6e8fde3da99b,2022-09-06 02:32:00,2024-01-01 00:00:00,2024-01-01
114ae6a7-6e2d-42db-95e9-a55e8eadc4d5,2021-05-21 08:58:00,2024-01-01 00:00:00,2024-01-01
bf5722b9-c754-45bd-a502-a5d56c8ab316,2022-11-07 23:10:00,2024-01-01 00:00:00,2024-01-01
1cc9d468-4898-4575-9b28-0d959c1aa2eb,2020-02-17 16:33:00,2024-01-01 00:00:00,2024-01-01
d463fafa-7d15-4981-8b7e-9bcb112f286d,2023-03-26 04:53:00,2024-01-01 00:00:00,2024-01-01
79fbb9d8-ed15-4bdd-8f1c-01a474820fe1,2022-05-26 20:33:00,2024-01-01 00:00:00,2024-01-01
645d4d49-dc87-47fe-a65f-0dcbc44cde63,2023-11-25 22:32:00,2024-01-01 00:00:00,2024-01-01
1beaa162-69db-48e2-8781-37d0903fd276,2023-07-09 08:06:00,2024-01-01 00:00:00,2024-01-01
5a485394-3184-41d9-948f-13c4ac0472c2,2022-03-14 05:15:00,2024-01-01 00:00:00,2024-01-01
98ecac3b-17cd-418d-b996-6a44293cb0cf,2022-08-17 07:10:00,2024-01-01 00:00:00,2024-01-01
1373f611-d6f8-457e-a107-d0d4aaab0875,2021-05-29 23:41:00,2024-01-01 00:00:00,2024-01-01
231bd419-685c-4a7c-86fc-f896eb986a7c,2021-01-08 17:24:00,2024-01-01 00:00:00,2024-01-01
02a585b3-312f-42dd-ba85-2c7d20ebd68f,2023-01-07 08:10:00,2024-01-01 00:00:00,2024-01-01
5a485394-3184-41d9-948f-13c4ac0472c2,2021-07-29 15:18:00,2024-01-01 00:00:00,2024-01-01
39557251-e8db-4f82-99c2-0398d4f9b371,2021-11-23 03:54:00,2024-01-01 00:00:00,2024-01-01
c3bcabc1-7ba1-456e-9228-89ea40153e98,2021-06-27 22:00:00,2024-01-01 00:00:00,2024-01-01
58d36a37-67ff-4d9b-9eaa-516f9e053ead,2021-02-25 05:53:00,2024-01-01 00:00:00,2024-01-01
dab8a10a-7ff5-4eac-b5c5-81b48cd49bd1,2022-04-24 21:41:00,2024-01-01 00:00:00,2024-01-01
2c6ffb96-8ed7-442d-a07e-22d72b2cc084,2022-10-27 11:05:00,2024-01-01 00:00:00,2024-01-01
981d69ee-8bf8-4175-a790-bf01bf05aabd,2023-07-21 02:29:00,2024-01-01 00:00:00,2024-01-01
a0193e2c-8fac-4f96-b87b-b3dbb309bef1,2022-01-12 04:18:00,2024-01-01 00:00:00,2024-01-01
d4f537d1-f965-4b8f-a988-6937f70e11b0,2023-05-15 12:52:00,2024-01-01 00:00:00,2024-01-01
2a67aedf-6514-4b81-a4d7-060235d6e43e,2021-01-10 10:36:00,2024-01-01 00:00:00,2024-01-01
680a1405-03aa-48f2-be89-62e1c8bf3627,2020-10-01 19:35:00,2024-01-01 00:00:00,2024-01-01
57fdf3e3-470d-418e-9bad-085d3bc96551,2022-04-30 00:59:00,2024-01-01 00:00:00,2024-01-01
70af3e45-1b97-4330-8434-638013984d40,2021-05-10 04:15:00,2024-01-01 00:00:00,2024-01-01
2e4e0d6e-9e7c-4a8a-929d-e5a748af17d4,2019-10-01 23:09:00,2024-01-01 00:00:00,2024-01-01
7dc7578d-6c47-49be-92dd-63a8e617233c,2020-03-26 15:07:00,2024-01-01 00:00:00,2024-01-01
c6c5cf41-f7d6-4fb3-a9e7-b0ad8c435595,2021-07-11 16:37:00,2024-01-01 00:00:00,2024-01-01
6a01d889-b776-4f27-8221-299b8d06dc27,2019-02-25 05:14:00,2024-01-01 00:00:00,2024-01-01
ada0d30b-858f-4ee4-b2c9-3e053d4df7ef,2021-08-23 18:03:00,2024-01-01 00:00:00,2024-01-01
f004475d-46db-455f-979c-165786d0d6df,2019-03-15 13:20:00,2024-01-01 00:00:00,2024-01-01
e3277bbf-6082-43b9-9df3-9183185ff074,2023-08-15 22:34:00,2024-01-01 00:00:00,2024-01-01
7bd9faf9-ba67-4110-af10-8fd6782127f8,2022-07-09 14:03:00,2024-01-01 00:00:00,2024-01-01
0290b7ee-629b-4270-a398-a4e1e05c6e17,2022-10-06 17:17:00,2024-01-01 00:00:00,2024-01-01
f5ba5970-56e1-4119-825e-dc0a88c466c7,2023-07-17 14:37:00,2024-01-01 00:00:00,2024-01-01
4f91f983-e901-4362-835d-b5d846345052,2020-10-23 08:04:00,2024-01-01 00:00:00,2024-01-01
79a33a0e-8539-49c7-86a5-5a9f4cc6b6da,2022-07-08 14:26:00,2024-01-01 00:00:00,2024-01-01
9668a015-446f-49b9-b39f-2b220770f90d,2021-10-13 10:12:00,2024-01-01 00:00:00,2024-01-01
2b81f86a-6ae7-4e1b-91ea-e58171ab6d45,2022-04-30 02:52:00,2024-01-01 00:00:00,2024-01-01
8fa9fce9-f7f3-4b38-9843-15643dc064d4,2023-12-05 17:34:00,2024-01-01 00:00:00,2024-01-01
c9bf95b9-b0ae-4dc9-91af-c64e1f637bdf,2022-07-02 01:53:00,2024-01-01 00:00:00,2024-01-01
4d87cbaa-bcd0-464a-9fcb-d81df4a1d9c8,2021-07-15 06:29:00,2024-01-01 00:00:00,2024-01-01
6b506c1b-f282-49ec-91e0-7af6d616ed5b,2021-11-19 11:37:00,2024-01-01 00:00:00,2024-01-01
315b8757-9504-4390-b0fc-071c5fca4539,2019-05-13 15:38:00,2024-01-01 00:00:00,2024-01-01
d200bcbf-2a8f-48d4-9253-7997795d92cf,2019-04-29 18:19:00,2024-01-01 00:00:00,2024-01-01
9d0a07e7-7cad-4b11-b098-c63cd83d86cc,2021-01-26 19:48:00,2024-01-01 00:00:00,2024-01-01
50cf36b9-dc61-4a90-9621-0fdb28234606,2022-12-29 12:10:00,2024-01-01 00:00:00,2024-01-01
177efbbb-6b14-4d57-98ee-ea47870b1dbb,2021-04-09 17:13:00,2024-01-01 00:00:00,2024-01-01
d9fb499b-f185-4c70-b731-30f5aed515b8,2021-11-01 17:32:00,2024-01-01 00:00:00,2024-01-01
e38cd76c-4edd-4fb9-9598-7e00255aa1b2,2021-06-26 06:33:00,2024-01-01 00:00:00,2024-01-01
9eee11d9-1e54-4d27-97a8-725f02ae7950,2019-02-16 04:01:00,2024-01-01 00:00:00,2024-01-01
13ef26fb-028c-4b96-bd33-23545fd49368,2022-11-04 12:05:00,2024-01-01 00:00:00,2024-01-01
2db30c78-fe47-4ff9-85ab-6216a35a122f,2019-11-06 18:25:00,2024-01-01 00:00:00,2024-01-01
75b7337f-e116-4636-ac36-fe61ed885b30,2022-10-27 05:07:00,2024-01-01 00:00:00,2024-01-01
45d7ea24-c950-49db-a864-e2d30c0d5168,2022-07-17 21:38:00,2024-01-01 00:00:00,2024-01-01
b0a0d89b-80c6-4f3c-bafb-164caad0d852,2019-02-27 10:47:00,2024-01-01 00:00:00,2024-01-01
4f6d1a01-7440-40a4-991d-9896724ec71c,2019-06-30 17:06:00,2024-01-01 00:00:00,2024-01-01
70af3e45-1b97-4330-8434-638013984d40,2019-11-13 18:41:00,2024-01-01 00:00:00,2024-01-01
0fe98d5e-6974-49a2-8470-b3d3e5c12fcc,2023-06-05 16:41:00,2024-01-01 00:00:00,2024-01-01
bb6ecc9c-2824-4092-8115-75fd5579d8e0,2021-03-03 20:50:00,2024-01-01 00:00:00,2024-01-01
1ceb73a6-47a3-4dd2-adbc-d51def354a7c,2023-04-11 16:49:00,2024-01-01 00:00:00,2024-01-01
1cc7c465-4c34-47f9-bfc3-fffe059d40c5,2019-10-02 00:41:00,2024-01-01 00:00:00,2024-01-01
d80fe7d5-83ae-4413-8c4a-0e4285fd0bfe,2023-08-22 00:58:00,2024-01-01 00:00:00,2024-01-01
9cd072bf-530a-47fc-8e8f-2f08787a39bb,2021-04-02 22:48:00,2024-01-01 00:00:00,2024-01-01
57ae4cdb-5481-4954-b336-5912b1b3653a,2023-10-07 19:02:00,2024-01-01 00:00:00,2024-01-01
a820e556-c90a-47c0-af29-f60ca8d22e08,2023-11-24 01:29:00,2024-01-01 00:00:00,2024-01-01
fe8bb556-5df3-47c7-899d-9940e9d02faa,2022-04-15 07:30:00,2024-01-01 00:00:00,2024-01-01
d4f537d1-f965-4b8f-a988-6937f70e11b0,2023-05-16 18:35:00,2024-01-01 00:00:00,2024-01-01
9cd072bf-530a-47fc-8e8f-2f08787a39bb,2019-10-22 17:38:00,2024-01-01 00:00:00,2024-01-01
04723e3e-62de-4c60-8482-d3c5544ef0d5,2020-04-18 08:57:00,2024-01-01 00:00:00,2024-01-01
9d0a07e7-7cad-4b11-b098-c63cd83d86cc,2022-12-17 21:59:00,2024-01-01 00:00:00,2024-01-01
1e805732-e82c-4bc1-bfa4-a10ef655b2ab,2023-10-06 21:19:00,2024-01-01 00:00:00,2024-01-01
571c636f-7a4a-4ac6-a7c6-d247fedb83c2,2022-05-29 14:58:00,2024-01-01 00:00:00,2024-01-01
7202611c-9b89-4c04-b67a-ffc76837fecb,2019-04-05 22:20:00,2024-01-01 00:00:00,2024-01-01
5a485394-3184-41d9-948f-13c4ac0472c2,2019-04-01 15:20:00,2024-01-01 00:00:00,2024-01-01
9d0a07e7-7cad-4b11-b098-c63cd83d86cc,2021-07-31 19:26:00,2024-01-01 00:00:00,2024-01-01
cbc1347d-0223-4fb6-b55a-c3b440586060,2023-11-01 23:55:00,2024-01-01 00:00:00,2024-01-01
f9b92ba0-683f-4413-aca6-0f09926c345c,2020-04-06 06:21:00,2024-01-01 00:00:00,2024-01-01
c47863ba-9eea-4d54-a20f-a8151df391ab,2020-12-26 14:00:00,2024-01-01 00:00:00,2024-01-01
10ed932c-9d7e-4b52-8acc-3d5ebb7ab0fa,2023-06-28 14:15:00,2024-01-01 00:00:00,2024-01-01
47a65899-78bd-48cb-9e37-fc6c234729ae,2023-02-23 05:53:00,2024-01-01 00:00:00,2024-01-01
be7267ea-8018-4b14-ba5c-cfcb66781462,2023-07-08 06:06:00,2024-01-01 00:00:00,2024-01-01
57c6c21f-4b7b-4f72-ba83-2b0e46e6caad,2020-10-23 10:40:00,2024-01-01 00:00:00,2024-01-01
af768449-2096-4f00-b3a0-2f104c7c0182,2019-03-29 10:28:00,2024-01-01 00:00:00,2024-01-01
c4d743a7-12c3-4b69-89ad-b1b4abbd5c4f,2022-10-16 01:22:00,2024-01-01 00:00:00,2024-01-01
3f5e8bfc-3258-4d11-a9ee-45d332fd0527,2019-09-18 02:33:00,2024-01-01 00:00:00,2024-01-01
412d6b46-5df7-4846-b579-6afbac9ecb1e,2021-09-06 19:43:00,2024-01-01 00:00:00,2024-01-01
951a9f55-1058-4bd9-954d-043e088ec276,2023-12-02 07:33:00,2024-01-01 00:00:00,2024-01-01
15126595-ddb9-4291-9946-5b29f8108d8f,2020-07-14 08:16:00,2024-01-01 00:00:00,2024-01-01
117d3262-7947-4f82-b666-c1ac287f8bdc,2019-04-02 11:32:00,2024-01-01 00:00:00,2024-01-01
39557251-e8db-4f82-99c2-0398d4f9b371,2022-01-05 03:04:00,2024-01-01 00:00:00,2024-01-01
9464ffba-fcb5-498e-a419-aeb3d5d04ee4,2020-09-29 09:56:00,2024-01-01 00:00:00,2024-01-01
437c8e55-9887-4067-ad65-c7077711951c,2021-09-16 01:41:00,2024-01-01 00:00:00,2024-01-01
1f1dca18-276e-4ea7-8598-8dfa3da1bd8f,2022-12-07 04:59:00,2024-01-01 00:00:00,2024-01-01
241c0c69-7b36-4eac-a90b-d904e70f02dc,2020-04-09 10:54:00,2024-01-01 00:00:00,2024-01-01
f628a16d-7b88-4b36-9ce6-2f7a65ad95a1,2019-04-11 12:34:00,2024-01-01 00:00:00,2024-01-01
4b860dbb-3b9b-4e1f-8986-5f12d4f67aae,2021-06-28 10:40:00,2024-01-01 00:00:00,2024-01-01
2a87e792-c7aa-4e6a-9a14-66a9007da535,2023-03-17 17:38:00,2024-01-01 00:00:00,2024-01-01
ca4392e8-1de6-42bc-bcf6-5b94993d86c1,2019-06-02 01:37:00,2024-01-01 00:00:00,2024-01-01
b3673644-b02d-4f35-a2aa-0344feca4972,2022-08-01 14:39:00,2024-01-01 00:00:00,2024-01-01
8c513b87-d0dd-423d-81b8-0c75905258f3,2021-07-03 01:55:00,2024-01-01 00:00:00,2024-01-01
9a545791-bfa3-4b65-87e1-a3a88a349f27,2019-10-19 20:19:00,2024-01-01 00:00:00,2024-01-01
430db7a5-b9a0-4d5b-8b89-1fac2d3c6a09,2023-07-06 20:17:00,2024-01-01 00:00:00,2024-01-01
29b81039-f7fe-44d4-b9ae-e43004eff257,2021-01-01 16:18:00,2024-01-01 00:00:00,2024-01-01
e38cd76c-4edd-4fb9-9598-7e00255aa1b2,2020-06-23 15:36:00,2024-01-01 00:00:00,2024-01-01
ddc37b46-61eb-46d4-ab20-d0103947c438,2023-07-18 00:58:00,2024-01-01 00:00:00,2024-01-01
9a545791-bfa3-4b65-87e1-a3a88a349f27,2023-04-09 13:46:00,2024-01-01 00:00:00,2024-01-01
29b81039-f7fe-44d4-b9ae-e43004eff257,2023-10-20 09:52:00,2024-01-01 00:00:00,2024-01-01
6b506c1b-f282-49ec-91e0-7af6d616ed5b,2019-02-14 13:13:00,2024-01-01 00:00:00,2024-01-01
2f7e88e4-152b-43bf-93f3-dbe2106bdc84,2019-10-03 10:30:00,2024-01-01 00:00:00,2024-01-01
b5d28e31-5851-4a1f-99b1-3cd87c68ee07,2020-03-23 15:32:00,2024-01-01 00:00:00,2024-01-01
07218b72-f093-4fb3-ba40-a0b2e73c75e2,2022-09-17 03:22:00,2024-01-01 00:00:00,2024-01-01
23548afa-8f4b-455a-b556-11068a4d1c9f,2022-04-07 15:23:00,2024-01-01 00:00:00,2024-01-01
7a7b7d9e-e75c-48d9-ad80-4b13675af47d,2021-07-16 05:38:00,2024-01-01 00:00:00,2024-01-01
d5965ed2-3469-4be0-a17c-4ed2e376b572,2022-12-11 04:42:00,2024-01-01 00:00:00,2024-01-01
735e3307-b6b1-4147-9929-224858ae60ea,2021-06-18 03:32:00,2024-01-01 00:00:00,2024-01-01
5136c411-04fc-4c2f-ad40-bd70082eb2a4,2021-03-16 17:49:00,2024-01-01 00:00:00,2024-01-01
07218b72-f093-4fb3-ba40-a0b2e73c75e2,2023-03-02 22:02:00,2024-01-01 00:00:00,2024-01-01
10b9b9a3-b3e2-47dc-b449-4a4592513e37,2019-10-07 02:21:00,2024-01-01 00:00:00,2024-01-01
7d452a25-98d5-4e93-91d0-c5173fe7ba0b,2022-02-19 22:42:00,2024-01-01 00:00:00,2024-01-01
74131f6e-f541-48f8-b0f1-0ea715749268,2020-09-15 05:52:00,2024-01-01 00:00:00,2024-01-01
0d2eb9ad-40d8-4bcc-b97e-f4188da258d5,2020-04-09 05:19:00,2024-01-01 00:00:00,2024-01-01
6fdfbdd3-a899-4c90-a087-c02bc74070b4,2019-07-05 23:23:00,2024-01-01 00:00:00,2024-01-01
651b093f-80ef-411a-997f-1ce733236f43,2019-05-22 11:40:00,2024-01-01 00:00:00,2024-01-01
17f17fc6-d728-4173-a47c-4726931b69e7,2023-02-22 17:15:00,2024-01-01 00:00:00,2024-01-01
746c3efc-cf72-421d-9710-968c235f4970,2022-04-09 12:01:00,2024-01-01 00:00:00,2024-01-01
c46055ff-a101-4e7c-b06d-5750fe2694b1,2021-08-13 06:19:00,2024-01-01 00:00:00,2024-01-01
54073c9a-d5d8-4c8c-b6b2-4334ffa3652e,2020-08-20 12:54:00,2024-01-01 00:00:00,2024-01-01
15126595-ddb9-4291-9946-5b29f8108d8f,2021-08-22 08:24:00,2024-01-01 00:00:00,2024-01-01
c240c790-3b92-4d03-8e5e-1337dc1f1358,2019-12-28 03:22:00,2024-01-01 00:00:00,2024-01-01
b0a0d89b-80c6-4f3c-bafb-164caad0d852,2023-03-02 18:22:00,2024-01-01 00:00:00,2024-01-01
8d6971cf-dae1-46db-836a-9e040806a36c,2022-01-20 20:05:00,2024-01-01 00:00:00,2024-01-01
10ed932c-9d7e-4b52-8acc-3d5ebb7ab0fa,2022-07-08 08:47:00,2024-01-01 00:00:00,2024-01-01
4b860dbb-3b9b-4e1f-8986-5f12d4f67aae,2022-06-02 13:04:00,2024-01-01 00:00:00,2024-01-01
1cc9d468-4898-4575-9b28-0d959c1aa2eb,2021-06-24 10:00:00,2024-01-01 00:00:00,2024-01-01
78c30b8e-b992-4967-b4a6-e9d7e41db299,2019-11-27 05:04:00,2024-01-01 00:00:00,2024-01-01
4243d1f7-0737-43e0-a170-78a6314dc76f,2021-11-17 03:25:00,2024-01-01 00:00:00,2024-01-01
2346b719-adb0-49bc-a14e-4407cf1a3a9f,2022-03-02 02:41:00,2024-01-01 00:00:00,2024-01-01
44e549c9-2fe5-44df-8804-9d88f6092512,2023-09-05 09:57:00,2024-01-01 00:00:00,2024-01-01
0d2eb9ad-40d8-4bcc-b97e-f4188da258d5,2019-07-22 09:53:00,2024-01-01 00:00:00,2024-01-01
b16811c6-e37d-4e74-b5f5-a459d02da012,2020-07-14 15:24:00,2024-01-01 00:00:00,2024-01-01
5203a9a4-29dc-4a72-a571-35129e619f51,2022-12-02 01:45:00,2024-01-01 00:00:00,2024-01-01
17f17fc6-d728-4173-a47c-4726931b69e7,2022-04-24 17:13:00,2024-01-01 00:00:00,2024-01-01
10ed932c-9d7e-4b52-8acc-3d5ebb7ab0fa,2022-11-22 14:18:00,2024-01-01 00:00:00,2024-01-01
1e043933-16fd-4566-b3cf-d3e2375294aa,2019-02-22 04:37:00,2024-01-01 00:00:00,2024-01-01
d2247290-7cf7-4b10-be45-cd182bc553e0,2023-07-18 04:34:00,2024-01-01 00:00:00,2024-01-01
99efa319-16a0-466f-9da7-67892c533f4e,2021-04-09 21:40:00,2024-01-01 00:00:00,2024-01-01
546b971f-2bca-42ca-a9b9-11077fc42aad,2020-05-09 06:49:00,2024-01-01 00:00:00,2024-01-01
6c39ea13-ac4e-4ce2-84a6-5801fdce5481,2019-02-28 04:27:00,2024-01-01 00:00:00,2024-01-01
08846e86-3d8e-4c3e-af1b-1665cf209d9f,2023-10-13 11:59:00,2024-01-01 00:00:00,2024-01-01
1373f611-d6f8-457e-a107-d0d4aaab0875,2023-03-15 18:46:00,2024-01-01 00:00:00,2024-01-01
bf8c7d28-d8c1-496a-b37a-aa3a224942d3,2022-08-15 12:45:00,2024-01-01 00:00:00,2024-01-01
dedc6b5e-7dd0-4412-8bbc-91e03d351549,2023-08-05 03:35:00,2024-01-01 00:00:00,2024-01-01
680a1405-03aa-48f2-be89-62e1c8bf3627,2020-01-22 12:28:00,2024-01-01 00:00:00,2024-01-01
3ae9f732-b116-4e20-82d6-791f4680f3da,2021-07-30 19:47:00,2024-01-01 00:00:00,2024-01-01
680a1405-03aa-48f2-be89-62e1c8bf3627,2021-02-12 13:27:00,2024-01-01 00:00:00,2024-01-01
071aa882-feda-46a3-a4e8-02ec468ad223,2019-06-09 04:20:00,2024-01-01 00:00:00,2024-01-01
2a87e792-c7aa-4e6a-9a14-66a9007da535,2023-03-10 07:17:00,2024-01-01 00:00:00,2024-01-01
6c39ea13-ac4e-4ce2-84a6-5801fdce5481,2019-12-23 01:08:00,2024-01-01 00:00:00,2024-01-01
5d52cf68-3e58-494c-9ae6-1b53dbb06462,2023-06-13 04:08:00,2024-01-01 00:00:00,2024-01-01
6fce7ef5-ee43-4bdb-90de-d63a0361ff25,2022-10-24 07:17:00,2024-01-01 00:00:00,2024-01-01
9033db67-1d5a-4c89-9cd7-589bb022a6ee,2022-06-10 17:02:00,2024-01-01 00:00:00,2024-01-01
86e0ac77-a519-4936-bcb8-a02a31099e7b,2019-05-29 06:46:00,2024-01-01 00:00:00,2024-01-01
546b971f-2bca-42ca-a9b9-11077fc42aad,2021-06-15 13:35:00,2024-01-01 00:00:00,2024-01-01
32e2f2ae-8d59-43ef-b972-bc85f1e3effa,2020-03-28 13:31:00,2024-01-01 00:00:00,2024-01-01
412d6b46-5df7-4846-b579-6afbac9ecb1e,2021-01-03 23:01:00,2024-01-01 00:00:00,2024-01-01
cb22d79c-9cd7-4ebe-a15a-6a9c3fb34123,2019-07-12 14:39:00,2024-01-01 00:00:00,2024-01-01
6683db8b-bf0e-4904-a49d-c15c6cda38c7,2019-05-28 04:40:00,2024-01-01 00:00:00,2024-01-01
eea3d3c5-98b7-4022-b15a-0ec60a4b70ea,2020-09-15 12:07:00,2024-01-01 00:00:00,2024-01-01
ddc37b46-61eb-46d4-ab20-d0103947c438,2020-07-15 00:39:00,2024-01-01 00:00:00,2024-01-01
1ae0421e-b20f-4a4e-bb4a-8c5a792fae42,2019-12-03 07:49:00,2024-01-01 00:00:00,2024-01-01
5a6399b6-bf5d-4464-97b1-d84976ec3f9b,2023-10-24 02:29:00,2024-01-01 00:00:00,2024-01-01
cd8c1d7c-c3a1-48d0-8535-5c9fa5f5a58a,2020-09-14 12:58:00,2024-01-01 00:00:00,2024-01-01
fcbc4199-ac99-41ff-975b-5c8ff7e2531d,2021-01-08 09:08:00,2024-01-01 00:00:00,2024-01-01
a57ccce5-4849-48fc-bdfa-0c5932580ebc,2023-11-14 12:52:00,2024-01-01 00:00:00,2024-01-01
eb15de3a-9a1b-4002-a390-d86101da476b,2019-04-18 17:24:00,2024-01-01 00:00:00,2024-01-01
d80fe7d5-83ae-4413-8c4a-0e4285fd0bfe,2020-05-19 04:24:00,2024-01-01 00:00:00,2024-01-01
ea2cf0bb-53e1-48f6-bf8d-338ee7db84df,2020-03-22 18:37:00,2024-01-01 00:00:00,2024-01-01
be16f2ee-cce4-4859-ae1b-2aa1315cd48d,2023-05-22 11:47:00,2024-01-01 00:00:00,2024-01-01
a8889766-c29c-428d-8e56-ebc3d569b2b5,2022-08-09 19:40:00,2024-01-01 00:00:00,2024-01-01
ac9c7b65-1f4c-49ab-98f7-497cc59418a5,2020-11-16 18:48:00,2024-01-01 00:00:00,2024-01-01
60b418d4-86d2-4132-9bc5-6ca7e221f7f0,2019-11-20 05:31:00,2024-01-01 00:00:00,2024-01-01
b3673644-b02d-4f35-a2aa-0344feca4972,2022-11-04 12:54:00,2024-01-01 00:00:00,2024-01-01
6c39ea13-ac4e-4ce2-84a6-5801fdce5481,2020-06-22 02:19:00,2024-01-01 00:00:00,2024-01-01
95ecfad2-598f-4b56-9182-5d3280ccafdb,2022-05-29 00:13:00,2024-01-01 00:00:00,2024-01-01
06469e1b-9c8d-4e4e-9c14-e69b211f5475,2023-10-24 17:20:00,2024-01-01 00:00:00,2024-01-01
f9b92ba0-683f-4413-aca6-0f09926c345c,2019-01-06 05:47:00,2024-01-01 00:00:00,2024-01-01
b4518080-60ea-4798-86bc-d3b1ae7c352b,2023-06-30 10:04:00,2024-01-01 00:00:00,2024-01-01
231bd419-685c-4a7c-86fc-f896eb986a7c,2023-02-01 06:53:00,2024-01-01 00:00:00,2024-01-01
06469e1b-9c8d-4e4e-9c14-e69b211f5475,2023-05-21 08:49:00,2024-01-01 00:00:00,2024-01-01
beb98874-b0ac-48c3-bde8-08fcd607299b,2020-08-13 21:16:00,2024-01-01 00:00:00,2024-01-01
651b093f-80ef-411a-997f-1ce733236f43,2023-11-28 12:30:00,2024-01-01 00:00:00,2024-01-01
10e1907a-c902-42ac-b0e9-ab6bf2f0c62e,2019-10-16 17:58:00,2024-01-01 00:00:00,2024-01-01
5940ce1b-9791-4aa0-a3db-8eb776311197,2022-01-02 18:00:00,2024-01-01 00:00:00,2024-01-01
66784518-e5fa-42c4-83ff-8b12e93c6b3d,2020-09-07 07:14:00,2024-01-01 00:00:00,2024-01-01
a94ab030-6fa9-405a-a6d1-616817fc5300,2019-05-16 11:17:00,2024-01-01 00:00:00,2024-01-01
050a9365-3653-4f9d-86be-006ee20e6d6d,2021-02-13 23:44:00,2024-01-01 00:00:00,2024-01-01
78312951-58cb-4114-b4ec-1c62fb9f5e8f,2019-06-21 21:30:00,2024-01-01 00:00:00,2024-01-01
e9037705-41a3-4880-b304-5110ead0f928,2020-08-21 06:09:00,2024-01-01 00:00:00,2024-01-01
61a0ff12-d68f-4b62-afab-5178433b5f21,2021-01-02 03:16:00,2024-01-01 00:00:00,2024-01-01
fb2687f9-3e9a-406e-a8b1-b33067bdbb70,2022-11-27 18:29:00,2024-01-01 00:00:00,2024-01-01
6d020665-2465-4a6e-b01a-6862c08f7c99,2021-12-13 14:37:00,2024-01-01 00:00:00,2024-01-01
8cb65eeb-d4f0-47a4-b38a-f045fe0506da,2023-08-15 06:04:00,2024-01-01 00:00:00,2024-01-01
8ee674a6-edf5-4d38-b0a6-ab650b05352f,2019-10-02 22:00:00,2024-01-01 00:00:00,2024-01-01
b175f2f8-ff61-4186-8f41-8390e8baa39d,2020-08-15 18:20:00,2024-01-01 00:00:00,2024-01-01
7202611c-9b89-4c04-b67a-ffc76837fecb,2020-08-07 14:31:00,2024-01-01 00:00:00,2024-01-01
fcbc4199-ac99-41ff-975b-5c8ff7e2531d,2022-08-25 13:06:00,2024-01-01 00:00:00,2024-01-01
252bc613-f891-4c50-bfa2-3f54657b5c15,2021-11-18 01:44:00,2024-01-01 00:00:00,2024-01-01
79a52758-a803-4d40-af99-b6f10fb759af,2021-12-18 11:32:00,2024-01-01 00:00:00,2024-01-01
7bb3ebad-db7d-4fa2-af39-7c8d05d05501,2019-04-16 03:46:00,2024-01-01 00:00:00,2024-01-01
f3e3ebe3-029a-424d-8e46-d1cabd507128,2022-11-27 15:15:00,2024-01-01 00:00:00,2024-01-01
117d3262-7947-4f82-b666-c1ac287f8bdc,2019-06-25 06:37:00,2024-01-01 00:00:00,2024-01-01
cdb86f12-47ce-4900-b3d0-7a1c71066282,2019-06-22 02:04:00,2024-01-01 00:00:00,2024-01-01
5940ce1b-9791-4aa0-a3db-8eb776311197,2020-05-27 13:30:00,2024-01-01 00:00:00,2024-01-01
026515ac-4bbe-49a3-a1ec-e618af37f455,2021-12-31 05:40:00,2024-01-01 00:00:00,2024-01-01
23548afa-8f4b-455a-b556-11068a4d1c9f,2019-08-01 00:31:00,2024-01-01 00:00:00,2024-01-01
4f6d1a01-7440-40a4-991d-9896724ec71c,2023-06-24 02:35:00,2024-01-01 00:00:00,2024-01-01
c5b60773-230d-452a-a448-54789e68efc7,2021-07-23 01:39:00,2024-01-01 00:00:00,2024-01-01
d38f3cd2-cd63-4045-82c5-930ec1485b40,2022-10-07 20:33:00,2024-01-01 00:00:00,2024-01-01
376bf133-e199-4cba-9207-4b5fbcc0407c,2020-10-17 09:08:00,2024-01-01 00:00:00,2024-01-01
d250a920-f9be-4677-86a3-8a72838f9886,2020-11-08 14:53:00,2024-01-01 00:00:00,2024-01-01
630f6ee2-4357-4798-b435-386ea8a00d80,2019-04-19 20:35:00,2024-01-01 00:00:00,2024-01-01
57fdf3e3-470d-418e-9bad-085d3bc96551,2022-08-27 00:09:00,2024-01-01 00:00:00,2024-01-01
eb453375-5631-495c-90b9-e0dc51cf23d0,2023-11-04 18:42:00,2024-01-01 00:00:00,2024-01-01
0ad16284-7dad-469c-81c6-08e7988e4581,2020-02-10 23:04:00,2024-01-01 00:00:00,2024-01-01
44e549c9-2fe5-44df-8804-9d88f6092512,2021-02-01 08:11:00,2024-01-01 00:00:00,2024-01-01
ca4392e8-1de6-42bc-bcf6-5b94993d86c1,2022-12-18 06:00:00,2024-01-01 00:00:00,2024-01-01
4f9e3d13-9d52-4a48-ae3e-11f1955e8564,2021-04-07 01:11:00,2024-01-01 00:00:00,2024-01-01
51ec2300-6e24-4efa-964a-815a5f6df4aa,2020-02-04 05:32:00,2024-01-01 00:00:00,2024-01-01
8ee674a6-edf5-4d38-b0a6-ab650b05352f,2021-06-03 10:41:00,2024-01-01 00:00:00,2024-01-01
44e549c9-2fe5-44df-8804-9d88f6092512,2022-11-16 10:58:00,2024-01-01 00:00:00,2024-01-01
00303e3b-745c-48cf-aa72-16d7c1db1a7d,2022-11-25 21:20:00,2024-01-01 00:00:00,2024-01-01
1c6fe6e7-810f-4758-8b54-26cfebc24c0a,2023-08-29 05:18:00,2024-01-01 00:00:00,2024-01-01
197a906c-2754-459a-814c-c59419530f1a,2023-02-26 03:18:00,2024-01-01 00:00:00,2024-01-01
6fee9276-03aa-45b9-b02e-e08ea008b870,2023-06-03 00:25:00,2024-01-01 00:00:00,2024-01-01
13ef26fb-028c-4b96-bd33-23545fd49368,2021-04-17 01:06:00,2024-01-01 00:00:00,2024-01-01
6ce1957d-1e25-47e8-967f-4d011eab306b,2020-10-07 08:20:00,2024-01-01 00:00:00,2024-01-01
9033db67-1d5a-4c89-9cd7-589bb022a6ee,2023-02-21 18:09:00,2024-01-01 00:00:00,2024-01-01
197a906c-2754-459a-814c-c59419530f1a,2019-02-09 12:27:00,2024-01-01 00:00:00,2024-01-01
3ffe091e-8a7c-4e2c-8e0d-90ed8faf148f,2020-05-26 23:33:00,2024-01-01 00:00:00,2024-01-01
b886de27-d776-421d-9e18-d1314e27c111,2019-10-16 04:54:00,2024-01-01 00:00:00,2024-01-01
82bb5172-cd94-4a25-aca8-42681ed0ca0e,2019-10-07 01:02:00,2024-01-01 00:00:00,2024-01-01
9a545791-bfa3-4b65-87e1-a3a88a349f27,2020-10-16 18:08:00,2024-01-01 00:00:00,2024-01-01
4243d1f7-0737-43e0-a170-78a6314dc76f,2020-01-13 05:03:00,2024-01-01 00:00:00,2024-01-01
ad6498b7-1091-4c58-a2a6-649cf753ffc0,2021-02-01 04:41:00,2024-01-01 00:00:00,2024-01-01
197a906c-2754-459a-814c-c59419530f1a,2019-02-26 21:47:00,2024-01-01 00:00:00,2024-01-01
d4f28bee-2d99-477e-bed0-8afb23cc957e,2022-06-11 01:54:00,2024-01-01 00:00:00,2024-01-01
4b860dbb-3b9b-4e1f-8986-5f12d4f67aae,2019-06-04 06:16:00,2024-01-01 00:00:00,2024-01-01
2dd3fe93-4eb9-4533-a2c0-6041b3aefc7d,2021-12-30 06:14:00,2024-01-01 00:00:00,2024-01-01
47a65899-78bd-48cb-9e37-fc6c234729ae,2022-03-25 06:14:00,2024-01-01 00:00:00,2024-01-01
c60084f3-f963-4262-b773-fd8f12808239,2022-08-07 11:11:00,2024-01-01 00:00:00,2024-01-01
ad6498b7-1091-4c58-a2a6-649cf753ffc0,2021-11-24 03:50:00,2024-01-01 00:00:00,2024-01-01
046f62a1-a2f7-406e-8c45-b4bab6917922,2020-03-15 07:46:00,2024-01-01 00:00:00,2024-01-01
17f17fc6-d728-4173-a47c-4726931b69e7,2022-05-09 10:53:00,2024-01-01 00:00:00,2024-01-01
e38cd76c-4edd-4fb9-9598-7e00255aa1b2,2023-10-28 21:18:00,2024-01-01 00:00:00,2024-01-01
a8bae049-a215-4378-8164-0e4c821524c2,2020-11-13 06:19:00,2024-01-01 00:00:00,2024-01-01
a0193e2c-8fac-4f96-b87b-b3dbb309bef1,2020-01-16 12:19:00,2024-01-01 00:00:00,2024-01-01
79a52758-a803-4d40-af99-b6f10fb759af,2023-05-02 09:39:00,2024-01-01 00:00:00,2024-01-01
eb453375-5631-495c-90b9-e0dc51cf23d0,2021-06-25 00:11:00,2024-01-01 00:00:00,2024-01-01
b6cb65d6-dc7d-406e-ad55-6d07d36e2845,2020-06-24 16:27:00,2024-01-01 00:00:00,2024-01-01
c3bcabc1-7ba1-456e-9228-89ea40153e98,2021-05-29 08:11:00,2024-01-01 00:00:00,2024-01-01
51ec2300-6e24-4efa-964a-815a5f6df4aa,2023-03-07 23:51:00,2024-01-01 00:00:00,2024-01-01
437c8e55-9887-4067-ad65-c7077711951c,2022-04-09 11:15:00,2024-01-01 00:00:00,2024-01-01
be16f2ee-cce4-4859-ae1b-2aa1315cd48d,2021-06-14 14:40:00,2024-01-01 00:00:00,2024-01-01
cb22d79c-9cd7-4ebe-a15a-6a9c3fb34123,2022-10-04 20:57:00,2024-01-01 00:00:00,2024-01-01
2a67aedf-6514-4b81-a4d7-060235d6e43e,2023-11-11 07:17:00,2024-01-01 00:00:00,2024-01-01
694d5a62-55fa-4bbb-abc3-bc467341d8d3,2022-09-17 17:40:00,2024-01-01 00:00:00,2024-01-01
bd5fa77c-f04c-4a4f-991f-e0fdda1d5c15,2022-07-04 05:39:00,2024-01-01 00:00:00,2024-01-01
8de62a84-d4d5-4cac-802c-040c252279d0,2021-08-24 07:22:00,2024-01-01 00:00:00,2024-01-01
fb9c3570-0148-47a8-b3c4-298db16beaec,2021-04-08 02:21:00,2024-01-01 00:00:00,2024-01-01
667d37a6-10e6-407e-a874-e77d875ba1f9,2022-11-10 12:25:00,2024-01-01 00:00:00,2024-01-01
03c4c663-c9ac-4db2-a70e-b32a1d980622,2021-01-29 10:36:00,2024-01-01 00:00:00,2024-01-01
6b506c1b-f282-49ec-91e0-7af6d616ed5b,2023-10-01 08:31:00,2024-01-01 00:00:00,2024-01-01
78c30b8e-b992-4967-b4a6-e9d7e41db299,2023-04-14 12:10:00,2024-01-01 00:00:00,2024-01-01
17578591-6f2f-4ce8-ad20-b56a113288b2,2021-01-27 07:55:00,2024-01-01 00:00:00,2024-01-01
9d0a07e7-7cad-4b11-b098-c63cd83d86cc,2022-08-02 01:39:00,2024-01-01 00:00:00,2024-01-01
89cda53c-2180-42c9-8e90-1403a0256776,2021-05-03 09:06:00,2024-01-01 00:00:00,2024-01-01
cb22d79c-9cd7-4ebe-a15a-6a9c3fb34123,2020-06-29 11:14:00,2024-01-01 00:00:00,2024-01-01
d38f3cd2-cd63-4045-82c5-930ec1485b40,2020-05-25 18:44:00,2024-01-01 00:00:00,2024-01-01
046f62a1-a2f7-406e-8c45-b4bab6917922,2021-01-29 09:56:00,2024-01-01 00:00:00,2024-01-01
430db7a5-b9a0-4d5b-8b89-1fac2d3c6a09,2021-06-23 08:59:00,2024-01-01 00:00:00,2024-01-01
2a87e792-c7aa-4e6a-9a14-66a9007da535,2023-04-16 13:46:00,2024-01-01 00:00:00,2024-01-01
b16811c6-e37d-4e74-b5f5-a459d02da012,2020-10-12 07:21:00,2024-01-01 00:00:00,2024-01-01
dfaaba4e-0c3f-4aef-8f0b-a42d7ee6570b,2020-03-02 18:44:00,2024-01-01 00:00:00,2024-01-01
52e4d0f2-f61f-47b1-90f9-cfa43836e7eb,2022-11-12 13:08:00,2024-01-01 00:00:00,2024-01-01
08846e86-3d8e-4c3e-af1b-1665cf209d9f,2023-04-10 18:35:00,2024-01-01 00:00:00,2024-01-01
ca44b5d3-9aa4-421b-80b7-3be6127a9240,2020-11-25 07:09:00,2024-01-01 00:00:00,2024-01-01
d789c5f0-4cf4-40e0-a85f-a2b3f0cfc46a,2020-08-16 22:48:00,2024-01-01 00:00:00,2024-01-01
6e0e9c7d-40f2-4687-93a3-07886e09f690,2021-03-06 18:09:00,2024-01-01 00:00:00,2024-01-01
1f1dca18-276e-4ea7-8598-8dfa3da1bd8f,2020-09-01 10:30:00,2024-01-01 00:00:00,2024-01-01
a9032709-b02e-4e5e-ab7b-084c49a7cb9f,2019-06-17 20:29:00,2024-01-01 00:00:00,2024-01-01
bd2d0caf-ea73-48cb-b440-8e605014b711,2023-11-04 22:59:00,2024-01-01 00:00:00,2024-01-01
437c8e55-9887-4067-ad65-c7077711951c,2021-05-06 06:47:00,2024-01-01 00:00:00,2024-01-01
4f6d1a01-7440-40a4-991d-9896724ec71c,2022-07-04 07:20:00,2024-01-01 00:00:00,2024-01-01
1ae0421e-b20f-4a4e-bb4a-8c5a792fae42,2020-07-09 21:18:00,2024-01-01 00:00:00,2024-01-01
4f6d1a01-7440-40a4-991d-9896724ec71c,2021-04-21 10:32:00,2024-01-01 00:00:00,2024-01-01
eb453375-5631-495c-90b9-e0dc51cf23d0,2023-03-15 07:42:00,2024-01-01 00:00:00,2024-01-01
7844313c-03fb-460d-afa6-978f8001955b,2022-03-29 13:50:00,2024-01-01 00:00:00,2024-01-01
2a87e792-c7aa-4e6a-9a14-66a9007da535,2019-07-27 23:34:00,2024-01-01 00:00:00,2024-01-01
982ae8da-bfa6-4eef-b616-216ae94a841d,2019-10-29 18:30:00,2024-01-01 00:00:00,2024-01-01
60b418d4-86d2-4132-9bc5-6ca7e221f7f0,2022-04-23 07:39:00,2024-01-01 00:00:00,2024-01-01
07516eff-8e29-411e-b392-afaaee9016e6,2022-05-31 17:50:00,2024-01-01 00:00:00,2024-01-01
c152a397-4b4d-4fd6-aaeb-325b9cf6fe2d,2022-09-08 13:06:00,2024-01-01 00:00:00,2024-01-01
9eee11d9-1e54-4d27-97a8-725f02ae7950,2020-12-26 07:43:00,2024-01-01 00:00:00,2024-01-01
5d12e724-cb1e-4fa2-8a4b-7233cc8fe6ec,2021-10-21 03:25:00,2024-01-01 00:00:00,2024-01-01
1ec056da-114f-4842-af22-25ee69039a38,2023-05-20 20:12:00,2024-01-01 00:00:00,2024-01-01
07e5b557-841f-4555-ae9d-a926caafb32a,2022-11-23 02:01:00,2024-01-01 00:00:00,2024-01-01
c9f97feb-5530-4096-aa8a-da682c30bad0,2020-05-16 15:51:00,2024-01-01 00:00:00,2024-01-01
cb22d79c-9cd7-4ebe-a15a-6a9c3fb34123,2020-03-02 04:24:00,2024-01-01 00:00:00,2024-01-01
2bd1bd50-cdb3-4fe9-a67a-335aea386b7d,2019-05-01 22:10:00,2024-01-01 00:00:00,2024-01-01
8de62a84-d4d5-4cac-802c-040c252279d0,2023-05-07 00:06:00,2024-01-01 00:00:00,2024-01-01
f3e3ebe3-029a-424d-8e46-d1cabd507128,2020-07-14 19:27:00,2024-01-01 00:00:00,2024-01-01
3ef8c66a-ee03-4b70-89df-59ea55a86c3e,2023-07-27 17:57:00,2024-01-01 00:00:00,2024-01-01
00303e3b-745c-48cf-aa72-16d7c1db1a7d,2022-12-28 17:57:00,2024-01-01 00:00:00,2024-01-01
a769159d-ef18-40f7-b429-7ad16a3082b6,2019-10-14 23:17:00,2024-01-01 00:00:00,2024-01-01
07218b72-f093-4fb3-ba40-a0b2e73c75e2,2022-03-21 03:08:00,2024-01-01 00:00:00,2024-01-01
54ffe43a-ee72-49cf-9b9e-5ced527f8632,2019-09-08 12:50:00,2024-01-01 00:00:00,2024-01-01
b08e0e28-db42-4cbb-8e4a-78c0d93977d3,2020-02-07 09:50:00,2024-01-01 00:00:00,2024-01-01
79e07125-98dd-4dab-8735-fdcccd09bf62,2023-05-03 12:11:00,2024-01-01 00:00:00,2024-01-01
74131f6e-f541-48f8-b0f1-0ea715749268,2020-10-24 08:53:00,2024-01-01 00:00:00,2024-01-01
4d87cbaa-bcd0-464a-9fcb-d81df4a1d9c8,2019-10-23 18:53:00,2024-01-01 00:00:00,2024-01-01
f71d9c1a-d831-4d37-ad50-2080459fea83,2022-07-20 12:53:00,2024-01-01 00:00:00,2024-01-01
982ae8da-bfa6-4eef-b616-216ae94a841d,2022-12-09 11:48:00,2024-01-01 00:00:00,2024-01-01
3ffe091e-8a7c-4e2c-8e0d-90ed8faf148f,2021-04-10 06:38:00,2024-01-01 00:00:00,2024-01-01
2e4e0d6e-9e7c-4a8a-929d-e5a748af17d4,2019-08-11 04:47:00,2024-01-01 00:00:00,2024-01-01
9eee11d9-1e54-4d27-97a8-725f02ae7950,2022-04-13 18:40:00,2024-01-01 00:00:00,2024-01-01
bb33d41c-4831-4a38-b78c-cc314fb2914a,2020-09-07 06:25:00,2024-01-01 00:00:00,2024-01-01
694d5a62-55fa-4bbb-abc3-bc467341d8d3,2023-08-08 08:32:00,2024-01-01 00:00:00,2024-01-01
4243d1f7-0737-43e0-a170-78a6314dc76f,2023-09-30 02:42:00,2024-01-01 00:00:00,2024-01-01
10e1907a-c902-42ac-b0e9-ab6bf2f0c62e,2019-08-13 20:26:00,2024-01-01 00:00:00,2024-01-01
c46055ff-a101-4e7c-b06d-5750fe2694b1,2022-12-09 12:45:00,2024-01-01 00:00:00,2024-01-01
88ae4cc4-c859-41bb-b115-0a8c07730e75,2020-08-21 14:05:00,2024-01-01 00:00:00,2024-01-01
9d2b2485-e78c-466a-bb21-b72d1ffd405a,2022-06-24 14:43:00,2024-01-01 00:00:00,2024-01-01
e38cd76c-4edd-4fb9-9598-7e00255aa1b2,2019-02-22 21:56:00,2024-01-01 00:00:00,2024-01-01
04723e3e-62de-4c60-8482-d3c5544ef0d5,2022-02-01 06:21:00,2024-01-01 00:00:00,2024-01-01
1542e8ac-6618-4f26-be85-1a7276b22a4b,2020-03-27 03:02:00,2024-01-01 00:00:00,2024-01-01
6dda7226-673e-4822-b3ad-d1bc40f0d79d,2019-08-03 12:06:00,2024-01-01 00:00:00,2024-01-01
5a6399b6-bf5d-4464-97b1-d84976ec3f9b,2019-12-14 18:01:00,2024-01-01 00:00:00,2024-01-01
335d903c-2372-4e99-b9c5-172e53c7182e,2019-08-21 22:15:00,2024-01-01 00:00:00,2024-01-01
3aaf62a5-fc82-4e62-ba5a-8869c58bf8c2,2022-03-08 08:46:00,2024-01-01 00:00:00,2024-01-01
4f9e3d13-9d52-4a48-ae3e-11f1955e8564,2022-04-13 02:12:00,2024-01-01 00:00:00,2024-01-01
9a545791-bfa3-4b65-87e1-a3a88a349f27,2020-04-08 08:17:00,2024-01-01 00:00:00,2024-01-01
fa0c82c7-6c7a-4683-9364-4dae45bfa07e,2020-03-17 21:26:00,2024-01-01 00:00:00,2024-01-01
3ef8c66a-ee03-4b70-89df-59ea55a86c3e,2023-09-03 21:51:00,2024-01-01 00:00:00,2024-01-01
6dda7226-673e-4822-b3ad-d1bc40f0d79d,2020-02-25 21:17:00,2024-01-01 00:00:00,2024-01-01
54073c9a-d5d8-4c8c-b6b2-4334ffa3652e,2021-12-28 03:18:00,2024-01-01 00:00:00,2024-01-01
030feb28-36e3-4593-8d5c-c8d42af61ec0,2019-04-04 18:34:00,2024-01-01 00:00:00,2024-01-01
c47863ba-9eea-4d54-a20f-a8151df391ab,2023-06-21 08:05:00,2024-01-01 00:00:00,2024-01-01
015e17bb-1e2f-4618-ade7-697f90b13138,2023-01-31 02:55:00,2024-01-01 00:00:00,2024-01-01
6e0e9c7d-40f2-4687-93a3-07886e09f690,2021-06-08 19:13:00,2024-01-01 00:00:00,2024-01-01
5bc5474f-e659-435e-92e4-f5bcc8af59ad,2019-03-19 08:58:00,2024-01-01 00:00:00,2024-01-01
4da46ed5-9d9c-480d-aa47-7d43bc9c09fb,2022-01-19 03:25:00,2024-01-01 00:00:00,2024-01-01
f01637cc-a763-46b3-bcba-d4a735df0e30,2019-01-22 09:37:00,2024-01-01 00:00:00,2024-01-01
15126595-ddb9-4291-9946-5b29f8108d8f,2022-09-02 18:42:00,2024-01-01 00:00:00,2024-01-01
5d12e724-cb1e-4fa2-8a4b-7233cc8fe6ec,2022-09-08 00:03:00,2024-01-01 00:00:00,2024-01-01
117d3262-7947-4f82-b666-c1ac287f8bdc,2023-10-04 20:57:00,2024-01-01 00:00:00,2024-01-01
fa9b92d0-1ba3-4b48-9147-edcc511ecf01,2019-11-27 01:09:00,2024-01-01 00:00:00,2024-01-01
dfaaba4e-0c3f-4aef-8f0b-a42d7ee6570b,2021-12-20 13:54:00,2024-01-01 00:00:00,2024-01-01
0d881a76-5b77-46a0-b263-b852fb91039c,2021-05-04 03:25:00,2024-01-01 00:00:00,2024-01-01
6ecee6f2-1238-4a29-9fd3-442f6ff0e1fe,2022-01-19 23:04:00,2024-01-01 00:00:00,2024-01-01
fee34432-a4d3-41dd-8215-d2135245a4ee,2023-11-30 19:02:00,2024-01-01 00:00:00,2024-01-01
df3e2096-a6af-4737-9d81-b254e45425e0,2020-05-19 04:07:00,2024-01-01 00:00:00,2024-01-01
68150799-c06b-4ee1-b210-48ab114ad0bb,2023-09-28 06:16:00,2024-01-01 00:00:00,2024-01-01
3c329c0f-2222-4c83-931c-9f5f9b6d80a1,2021-10-24 23:59:00,2024-01-01 00:00:00,2024-01-01
133046c4-5256-4bea-8a44-4afd95440375,2020-11-05 17:16:00,2024-01-01 00:00:00,2024-01-01
7bb3ebad-db7d-4fa2-af39-7c8d05d05501,2019-11-16 06:20:00,2024-01-01 00:00:00,2024-01-01
6ce1957d-1e25-47e8-967f-4d011eab306b,2020-02-09 13:03:00,2024-01-01 00:00:00,2024-01-01
a8c37e51-9852-4670-bd66-3bea5c508b16,2022-11-25 18:42:00,2024-01-01 00:00:00,2024-01-01
606887ac-1df3-4a90-9298-4903ce64efd6,2019-07-16 18:06:00,2024-01-01 00:00:00,2024-01-01
dc497c55-2855-4a13-8405-ca80712ec6f2,2020-02-25 17:24:00,2024-01-01 00:00:00,2024-01-01
9ba8e8ff-bbfd-4dfb-be8f-8a129cb40913,2019-05-01 10:50:00,2024-01-01 00:00:00,2024-01-01
1ceb73a6-47a3-4dd2-adbc-d51def354a7c,2021-09-11 22:56:00,2024-01-01 00:00:00,2024-01-01
bf743547-e02b-423f-b740-ac35621649bf,2019-06-26 15:07:00,2024-01-01 00:00:00,2024-01-01
f480b76b-76bc-484f-8d2c-955d43244901,2020-02-21 04:50:00,2024-01-01 00:00:00,2024-01-01
1ceb73a6-47a3-4dd2-adbc-d51def354a7c,2022-12-15 18:43:00,2024-01-01 00:00:00,2024-01-01
0d881a76-5b77-46a0-b263-b852fb91039c,2020-09-25 00:08:00,2024-01-01 00:00:00,2024-01-01
c4d743a7-12c3-4b69-89ad-b1b4abbd5c4f,2020-09-13 14:42:00,2024-01-01 00:00:00,2024-01-01
44b9217b-12d0-4bb7-a1f5-f0f1a527ebad,2023-11-12 05:59:00,2024-01-01 00:00:00,2024-01-01
61094253-0645-4e3a-8425-6747dd857e20,2021-12-02 20:05:00,2024-01-01 00:00:00,2024-01-01
61a0ff12-d68f-4b62-afab-5178433b5f21,2020-08-15 03:08:00,2024-01-01 00:00:00,2024-01-01
0fe62ad4-3335-466e-b454-54daa2898258,2023-09-18 14:54:00,2024-01-01 00:00:00,2024-01-01
2fd62491-8dd6-46c4-91ed-c4c70793025b,2022-07-18 10:08:00,2024-01-01 00:00:00,2024-01-01
23a41a82-aaeb-4cbc-a3da-56c530260b62,2021-09-19 22:04:00,2024-01-01 00:00:00,2024-01-01
70af3e45-1b97-4330-8434-638013984d40,2023-05-02 19:13:00,2024-01-01 00:00:00,2024-01-01
fa0c82c7-6c7a-4683-9364-4dae45bfa07e,2021-06-12 16:23:00,2024-01-01 00:00:00,2024-01-01
43ef14cc-39d6-420c-a037-ab80c0900e09,2021-10-02 09:55:00,2024-01-01 00:00:00,2024-01-01
f3aab638-34fe-42e7-bb13-82c8fb296808,2021-05-27 19:04:00,2024-01-01 00:00:00,2024-01-01
428f3bea-e0ec-46fc-9e87-7911f78085c0,2020-05-04 02:02:00,2024-01-01 00:00:00,2024-01-01
802e86de-f4e7-4a53-92a2-7ebe0a47df39,2022-07-28 09:39:00,2024-01-01 00:00:00,2024-01-01
be7267ea-8018-4b14-ba5c-cfcb66781462,2019-08-16 12:07:00,2024-01-01 00:00:00,2024-01-01
b1dc94e1-9c1e-47a0-a619-b383230402dd,2023-05-22 09:10:00,2024-01-01 00:00:00,2024-01-01
74131f6e-f541-48f8-b0f1-0ea715749268,2020-05-25 04:07:00,2024-01-01 00:00:00,2024-01-01
8d6971cf-dae1-46db-836a-9e040806a36c,2020-12-14 01:04:00,2024-01-01 00:00:00,2024-01-01
2db30c78-fe47-4ff9-85ab-6216a35a122f,2022-12-25 02:58:00,2024-01-01 00:00:00,2024-01-01
45404c8c-fd4f-4d15-903b-91b5c05b0375,2020-11-18 10:03:00,2024-01-01 00:00:00,2024-01-01
e165c6ad-0881-461f-a326-0bedc06fdac0,2021-04-21 21:27:00,2024-01-01 00:00:00,2024-01-01
0c3f74d1-d580-49a6-b4ae-3d4efceccede,2022-09-17 12:04:00,2024-01-01 00:00:00,2024-01-01
4f6d1a01-7440-40a4-991d-9896724ec71c,2021-04-12 08:52:00,2024-01-01 00:00:00,2024-01-01
f3aecb8f-f8b9-406a-82a5-1f464e1c4e63,2020-12-06 05:20:00,2024-01-01 00:00:00,2024-01-01
d4f28bee-2d99-477e-bed0-8afb23cc957e,2019-12-26 20:31:00,2024-01-01 00:00:00,2024-01-01
117d3262-7947-4f82-b666-c1ac287f8bdc,2023-02-23 02:00:00,2024-01-01 00:00:00,2024-01-01
08846e86-3d8e-4c3e-af1b-1665cf209d9f,2019-10-12 11:18:00,2024-01-01 00:00:00,2024-01-01
d2247290-7cf7-4b10-be45-cd182bc553e0,2021-09-23 02:59:00,2024-01-01 00:00:00,2024-01-01
f5ba5970-56e1-4119-825e-dc0a88c466c7,2022-12-20 18:34:00,2024-01-01 00:00:00,2024-01-01
4f91f983-e901-4362-835d-b5d846345052,2022-05-08 19:17:00,2024-01-01 00:00:00,2024-01-01
695e0ca8-2132-420d-95e4-d58bf723c4df,2021-12-02 11:27:00,2024-01-01 00:00:00,2024-01-01
f5b4dc98-7753-440c-be2a-728e530730d0,2021-03-10 09:32:00,2024-01-01 00:00:00,2024-01-01
437c8e55-9887-4067-ad65-c7077711951c,2022-03-13 19:14:00,2024-01-01 00:00:00,2024-01-01
1373f611-d6f8-457e-a107-d0d4aaab0875,2019-04-30 11:06:00,2024-01-01 00:00:00,2024-01-01
50cf36b9-dc61-4a90-9621-0fdb28234606,2022-04-25 22:46:00,2024-01-01 00:00:00,2024-01-01
746c3efc-cf72-421d-9710-968c235f4970,2020-11-28 14:22:00,2024-01-01 00:00:00,2024-01-01
162f75bc-b2ed-40ce-a26e-981ea18f28c0,2022-09-20 12:13:00,2024-01-01 00:00:00,2024-01-01
c2a105a4-8173-4003-8b19-f4ab166c39ed,2021-01-18 16:18:00,2024-01-01 00:00:00,2024-01-01
d06afe8f-b00f-4b3d-951b-dfc4f57cbee5,2019-10-26 05:28:00,2024-01-01 00:00:00,2024-01-01
d463fafa-7d15-4981-8b7e-9bcb112f286d,2022-07-30 02:29:00,2024-01-01 00:00:00,2024-01-01
115fdbad-ad54-4574-a146-59585c99eea9,2019-11-16 12:08:00,2024-01-01 00:00:00,2024-01-01
7dc7578d-6c47-49be-92dd-63a8e617233c,2023-04-07 11:25:00,2024-01-01 00:00:00,2024-01-01
7844313c-03fb-460d-afa6-978f8001955b,2021-01-21 08:24:00,2024-01-01 00:00:00,2024-01-01
896872e5-c3d0-4f6e-89c7-414710662765,2023-11-25 15:01:00,2024-01-01 00:00:00,2024-01-01
8c9c9dbe-e89c-4845-932b-7aff6ac30a0a,2022-09-20 02:18:00,2024-01-01 00:00:00,2024-01-01
7dc7578d-6c47-49be-92dd-63a8e617233c,2023-10-26 08:07:00,2024-01-01 00:00:00,2024-01-01
b245bbbd-73f7-444c-8cea-8bb0ff98105b,2023-09-14 00:52:00,2024-01-01 00:00:00,2024-01-01
4ce603e2-bf3c-485e-b494-57807d95b843,2021-02-13 20:26:00,2024-01-01 00:00:00,2024-01-01
10e1907a-c902-42ac-b0e9-ab6bf2f0c62e,2023-10-30 08:02:00,2024-01-01 00:00:00,2024-01-01
52e4d0f2-f61f-47b1-90f9-cfa43836e7eb,2023-06-01 16:28:00,2024-01-01 00:00:00,2024-01-01
137d4ec0-94bc-4552-ad59-f16b7a6efd21,2023-05-13 03:56:00,2024-01-01 00:00:00,2024-01-01
1cc9d468-4898-4575-9b28-0d959c1aa2eb,2019-01-11 20:52:00,2024-01-01 00:00:00,2024-01-01
9d2b2485-e78c-466a-bb21-b72d1ffd405a,2021-04-23 17:38:00,2024-01-01 00:00:00,2024-01-01
a05f046b-dbbf-4c3a-8381-3696ddecc5ca,2019-05-01 08:51:00,2024-01-01 00:00:00,2024-01-01
47a65899-78bd-48cb-9e37-fc6c234729ae,2023-04-05 15:08:00,2024-01-01 00:00:00,2024-01-01
7fe05f0b-325e-4e03-9683-1584ee95d892,2022-01-03 00:30:00,2024-01-01 00:00:00,2024-01-01
0288a5fb-a2e3-472e-b132-4e10784bc88a,2021-04-14 06:32:00,2024-01-01 00:00:00,2024-01-01
eb15de3a-9a1b-4002-a390-d86101da476b,2023-01-14 03:22:00,2024-01-01 00:00:00,2024-01-01
79a33a0e-8539-49c7-86a5-5a9f4cc6b6da,2023-11-18 21:10:00,2024-01-01 00:00:00,2024-01-01
5940ce1b-9791-4aa0-a3db-8eb776311197,2019-10-14 04:35:00,2024-01-01 00:00:00,2024-01-01
10e1907a-c902-42ac-b0e9-ab6bf2f0c62e,2019-10-31 05:35:00,2024-01-01 00:00:00,2024-01-01
8d6971cf-dae1-46db-836a-9e040806a36c,2019-11-14 00:34:00,2024-01-01 00:00:00,2024-01-01
2bd1bd50-cdb3-4fe9-a67a-335aea386b7d,2020-07-22 10:55:00,2024-01-01 00:00:00,2024-01-01
695e0ca8-2132-420d-95e4-d58bf723c4df,2019-11-15 06:22:00,2024-01-01 00:00:00,2024-01-01
4f37f760-e528-4e48-bb95-14c54d9a2102,2022-05-26 19:19:00,2024-01-01 00:00:00,2024-01-01
071aa882-feda-46a3-a4e8-02ec468ad223,2019-03-07 08:05:00,2024-01-01 00:00:00,2024-01-01
72af3421-4c21-454c-ae33-5b876b8ee2d8,2019-03-21 17:17:00,2024-01-01 00:00:00,2024-01-01
f5b4dc98-7753-440c-be2a-728e530730d0,2021-07-15 03:14:00,2024-01-01 00:00:00,2024-01-01
5203a9a4-29dc-4a72-a571-35129e619f51,2021-02-02 03:45:00,2024-01-01 00:00:00,2024-01-01
4ad46ba6-0e0d-4a9f-99a0-daaf42573169,2019-08-25 07:22:00,2024-01-01 00:00:00,2024-01-01
1373f611-d6f8-457e-a107-d0d4aaab0875,2022-09-28 10:12:00,2024-01-01 00:00:00,2024-01-01
06469e1b-9c8d-4e4e-9c14-e69b211f5475,2020-10-14 14:59:00,2024-01-01 00:00:00,2024-01-01
f71d9c1a-d831-4d37-ad50-2080459fea83,2019-10-26 20:33:00,2024-01-01 00:00:00,2024-01-01
fe8bb556-5df3-47c7-899d-9940e9d02faa,2022-04-27 00:50:00,2024-01-01 00:00:00,2024-01-01
4aecf02f-9b92-4c53-afa4-894c91bd5887,2021-06-13 03:40:00,2024-01-01 00:00:00,2024-01-01
4ad46ba6-0e0d-4a9f-99a0-daaf42573169,2022-12-05 21:23:00,2024-01-01 00:00:00,2024-01-01
61094253-0645-4e3a-8425-6747dd857e20,2021-09-29 01:38:00,2024-01-01 00:00:00,2024-01-01
81b66fee-e764-4208-8777-f3ce1e86f1c7,2023-04-04 16:15:00,2024-01-01 00:00:00,2024-01-01
b886de27-d776-421d-9e18-d1314e27c111,2019-03-01 17:01:00,2024-01-01 00:00:00,2024-01-01
5bc5474f-e659-435e-92e4-f5bcc8af59ad,2023-10-10 00:57:00,2024-01-01 00:00:00,2024-01-01
1f1dca18-276e-4ea7-8598-8dfa3da1bd8f,2020-09-06 19:18:00,2024-01-01 00:00:00,2024-01-01
edea4b5f-3f5d-4314-8bf0-a86d0b8effc6,2023-11-11 10:15:00,2024-01-01 00:00:00,2024-01-01
c152a397-4b4d-4fd6-aaeb-325b9cf6fe2d,2020-09-09 19:21:00,2024-01-01 00:00:00,2024-01-01
b5d28e31-5851-4a1f-99b1-3cd87c68ee07,2023-11-21 04:50:00,2024-01-01 00:00:00,2024-01-01
9d0a07e7-7cad-4b11-b098-c63cd83d86cc,2023-04-10 03:59:00,2024-01-01 00:00:00,2024-01-01
d9fb499b-f185-4c70-b731-30f5aed515b8,2022-09-05 09:30:00,2024-01-01 00:00:00,2024-01-01
9d2b2485-e78c-466a-bb21-b72d1ffd405a,2022-02-12 14:18:00,2024-01-01 00:00:00,2024-01-01
87eb74a2-719a-4a03-ac6b-524726e2d944,2023-02-09 20:08:00,2024-01-01 00:00:00,2024-01-01
e642b2cf-beb5-4842-8a40-ff302c3dea85,2022-02-01 05:05:00,2024-01-01 00:00:00,2024-01-01
9d0a07e7-7cad-4b11-b098-c63cd83d86cc,2022-08-06 21:35:00,2024-01-01 00:00:00,2024-01-01
04723e3e-62de-4c60-8482-d3c5544ef0d5,2022-06-03 00:24:00,2024-01-01 00:00:00,2024-01-01
d4f28bee-2d99-477e-bed0-8afb23cc957e,2020-03-30 11:31:00,2024-01-01 00:00:00,2024-01-01
74131f6e-f541-48f8-b0f1-0ea715749268,2022-02-19 22:01:00,2024-01-01 00:00:00,2024-01-01
0d2eb9ad-40d8-4bcc-b97e-f4188da258d5,2022-10-11 14:35:00,2024-01-01 00:00:00,2024-01-01
fc536289-9931-4b76-8e6b-d1236c0b89a3,2022-04-13 03:42:00,2024-01-01 00:00:00,2024-01-01
c5b60773-230d-452a-a448-54789e68efc7,2019-10-26 07:52:00,2024-01-01 00:00:00,2024-01-01
fee34432-a4d3-41dd-8215-d2135245a4ee,2022-09-15 23:57:00,2024-01-01 00:00:00,2024-01-01
dff763bc-ff5b-48d3-a61f-ec960f923841,2023-01-11 08:59:00,2024-01-01 00:00:00,2024-01-01
2a67aedf-6514-4b81-a4d7-060235d6e43e,2020-05-05 23:25:00,2024-01-01 00:00:00,2024-01-01
34e5977a-f47b-49db-b67b-fe24062b184d,2022-05-06 00:20:00,2024-01-01 00:00:00,2024-01-01
9ac816b3-ed31-438d-8de1-bdc665b55fff,2023-07-26 17:20:00,2024-01-01 00:00:00,2024-01-01
81e9a5ae-2a60-4430-ba07-8f13d1315b73,2020-12-06 15:50:00,2024-01-01 00:00:00,2024-01-01
b08e0e28-db42-4cbb-8e4a-78c0d93977d3,2021-02-01 18:19:00,2024-01-01 00:00:00,2024-01-01
0a87cbd7-da05-4d9e-893e-3d17083fb102,2022-11-30 00:34:00,2024-01-01 00:00:00,2024-01-01
82bb5172-cd94-4a25-aca8-42681ed0ca0e,2023-04-05 05:36:00,2024-01-01 00:00:00,2024-01-01
071aa882-feda-46a3-a4e8-02ec468ad223,2023-02-17 13:38:00,2024-01-01 00:00:00,2024-01-01
88ae4cc4-c859-41bb-b115-0a8c07730e75,2021-05-30 20:03:00,2024-01-01 00:00:00,2024-01-01
f1488b3f-9fa5-4679-a614-71f573583cdd,2022-11-13 11:57:00,2024-01-01 00:00:00,2024-01-01
4c2a4da0-f880-4031-b5e6-f907f463f170,2019-11-10 19:51:00,2024-01-01 00:00:00,2024-01-01
eb453375-5631-495c-90b9-e0dc51cf23d0,2022-01-17 00:24:00,2024-01-01 00:00:00,2024-01-01
c240c790-3b92-4d03-8e5e-1337dc1f1358,2019-05-17 01:24:00,2024-01-01 00:00:00,2024-01-01
5a485394-3184-41d9-948f-13c4ac0472c2,2020-11-10 14:15:00,2024-01-01 00:00:00,2024-01-01
615ffa91-48ae-4b3a-a7a9-5ee15361893e,2020-04-23 08:23:00,2024-01-01 00:00:00,2024-01-01
fa9b92d0-1ba3-4b48-9147-edcc511ecf01,2021-06-28 01:05:00,2024-01-01 00:00:00,2024-01-01
8cb65eeb-d4f0-47a4-b38a-f045fe0506da,2021-03-28 04:28:00,2024-01-01 00:00:00,2024-01-01
61a0ff12-d68f-4b62-afab-5178433b5f21,2021-04-28 07:26:00,2024-01-01 00:00:00,2024-01-01
62e1d3cc-9eb7-4f34-8ae1-35b34d1f7fc9,2022-09-21 02:19:00,2024-01-01 00:00:00,2024-01-01
86e0ac77-a519-4936-bcb8-a02a31099e7b,2022-04-18 17:03:00,2024-01-01 00:00:00,2024-01-01
0ce240aa-6ec3-42da-bb65-a50fb6b5ccc9,2019-10-14 07:40:00,2024-01-01 00:00:00,2024-01-01
1fd92115-7d53-4da3-a45c-11dc09664fa6,2019-02-11 08:12:00,2024-01-01 00:00:00,2024-01-01
d463fafa-7d15-4981-8b7e-9bcb112f286d,2021-09-07 12:39:00,2024-01-01 00:00:00,2024-01-01
cbda28f9-cabb-4ef5-b3b6-8d4b48165def,2022-06-11 20:39:00,2024-01-01 00:00:00,2024-01-01
25295a76-1bd6-42b7-baa3-0a9ef6b4ccc2,2023-10-05 09:17:00,2024-01-01 00:00:00,2024-01-01
2e4e0d6e-9e7c-4a8a-929d-e5a748af17d4,2020-09-09 15:55:00,2024-01-01 00:00:00,2024-01-01
98724ab7-5e21-4910-8c91-2b38879fbca5,2020-01-05 00:34:00,2024-01-01 00:00:00,2024-01-01
05d53705-6b97-4966-95a7-34b64c31de69,2020-07-31 05:15:00,2024-01-01 00:00:00,2024-01-01
7fe05f0b-325e-4e03-9683-1584ee95d892,2023-03-04 08:11:00,2024-01-01 00:00:00,2024-01-01
133046c4-5256-4bea-8a44-4afd95440375,2020-03-11 16:00:00,2024-01-01 00:00:00,2024-01-01
6ecee6f2-1238-4a29-9fd3-442f6ff0e1fe,2023-04-20 08:05:00,2024-01-01 00:00:00,2024-01-01
15126595-ddb9-4291-9946-5b29f8108d8f,2021-07-19 04:19:00,2024-01-01 00:00:00,2024-01-01
d2247290-7cf7-4b10-be45-cd182bc553e0,2019-08-15 10:21:00,2024-01-01 00:00:00,2024-01-01
44e549c9-2fe5-44df-8804-9d88f6092512,2020-05-20 12:38:00,2024-01-01 00:00:00,2024-01-01
6683db8b-bf0e-4904-a49d-c15c6cda38c7,2019-08-10 17:21:00,2024-01-01 00:00:00,2024-01-01
2f72de34-0cd3-4c9c-ba81-55c9916a9bbf,2020-10-07 09:54:00,2024-01-01 00:00:00,2024-01-01
70af3e45-1b97-4330-8434-638013984d40,2022-04-12 00:24:00,2024-01-01 00:00:00,2024-01-01
fb9c3570-0148-47a8-b3c4-298db16beaec,2019-12-23 15:36:00,2024-01-01 00:00:00,2024-01-01
ad6498b7-1091-4c58-a2a6-649cf753ffc0,2023-07-15 00:10:00,2024-01-01 00:00:00,2024-01-01
f71d9c1a-d831-4d37-ad50-2080459fea83,2020-07-22 11:28:00,2024-01-01 00:00:00,2024-01-01
f97791ea-8b07-49c7-87e4-14ac0d341906,2019-05-06 06:14:00,2024-01-01 00:00:00,2024-01-01
677cca13-3dce-4b8b-83ea-16b376ad043a,2022-09-07 19:50:00,2024-01-01 00:00:00,2024-01-01
05d53705-6b97-4966-95a7-34b64c31de69,2020-11-23 19:18:00,2024-01-01 00:00:00,2024-01-01
10e1907a-c902-42ac-b0e9-ab6bf2f0c62e,2021-01-04 07:54:00,2024-01-01 00:00:00,2024-01-01
315b8757-9504-4390-b0fc-071c5fca4539,2019-06-19 20:34:00,2024-01-01 00:00:00,2024-01-01
4813af42-8451-4b96-83d6-7cad975e5ad2,2023-07-18 16:24:00,2024-01-01 00:00:00,2024-01-01
95ecfad2-598f-4b56-9182-5d3280ccafdb,2020-04-08 08:01:00,2024-01-01 00:00:00,2024-01-01
4813af42-8451-4b96-83d6-7cad975e5ad2,2023-08-24 19:27:00,2024-01-01 00:00:00,2024-01-01
0c3f74d1-d580-49a6-b4ae-3d4efceccede,2021-03-14 22:39:00,2024-01-01 00:00:00,2024-01-01
4da46ed5-9d9c-480d-aa47-7d43bc9c09fb,2022-05-13 14:10:00,2024-01-01 00:00:00,2024-01-01
606887ac-1df3-4a90-9298-4903ce64efd6,2019-07-23 09:10:00,2024-01-01 00:00:00,2024-01-01
4813af42-8451-4b96-83d6-7cad975e5ad2,2022-05-14 04:01:00,2024-01-01 00:00:00,2024-01-01
2c6ffb96-8ed7-442d-a07e-22d72b2cc084,2020-09-10 13:29:00,2024-01-01 00:00:00,2024-01-01
0d881a76-5b77-46a0-b263-b852fb91039c,2022-01-14 05:57:00,2024-01-01 00:00:00,2024-01-01
0ce240aa-6ec3-42da-bb65-a50fb6b5ccc9,2019-09-02 21:15:00,2024-01-01 00:00:00,2024-01-01
667d37a6-10e6-407e-a874-e77d875ba1f9,2022-04-24 12:24:00,2024-01-01 00:00:00,2024-01-01
39557251-e8db-4f82-99c2-0398d4f9b371,2022-05-22 15:54:00,2024-01-01 00:00:00,2024-01-01
44b9217b-12d0-4bb7-a1f5-f0f1a527ebad,2023-09-05 12:14:00,2024-01-01 00:00:00,2024-01-01
db8f2120-0aaa-4288-8646-ea0f48e1dd86,2019-09-16 11:48:00,2024-01-01 00:00:00,2024-01-01
546b971f-2bca-42ca-a9b9-11077fc42aad,2019-03-09 06:07:00,2024-01-01 00:00:00,2024-01-01
9a545791-bfa3-4b65-87e1-a3a88a349f27,2023-09-15 18:10:00,2024-01-01 00:00:00,2024-01-01
95ecfad2-598f-4b56-9182-5d3280ccafdb,2021-10-21 09:34:00,2024-01-01 00:00:00,2024-01-01
1beaa162-69db-48e2-8781-37d0903fd276,2023-05-17 11:00:00,2024-01-01 00:00:00,2024-01-01
6a01d889-b776-4f27-8221-299b8d06dc27,2020-01-14 01:26:00,2024-01-01 00:00:00,2024-01-01
b4c320b9-2e83-43f2-a379-c048b29a763e,2019-07-15 18:03:00,2024-01-01 00:00:00,2024-01-01
b1dc94e1-9c1e-47a0-a619-b383230402dd,2019-08-06 07:41:00,2024-01-01 00:00:00,2024-01-01
1ae0421e-b20f-4a4e-bb4a-8c5a792fae42,2020-05-13 11:39:00,2024-01-01 00:00:00,2024-01-01
d80fe7d5-83ae-4413-8c4a-0e4285fd0bfe,2020-04-07 19:31:00,2024-01-01 00:00:00,2024-01-01
f5b4dc98-7753-440c-be2a-728e530730d0,2019-06-23 01:00:00,2024-01-01 00:00:00,2024-01-01
bd2d0caf-ea73-48cb-b440-8e605014b711,2019-04-30 00:11:00,2024-01-01 00:00:00,2024-01-01
e9037705-41a3-4880-b304-5110ead0f928,2022-12-22 20:21:00,2024-01-01 00:00:00,2024-01-01
1ceb73a6-47a3-4dd2-adbc-d51def354a7c,2021-05-31 12:09:00,2024-01-01 00:00:00,2024-01-01
62638dba-59a8-4de4-b3df-06501e2a7309,2020-01-13 10:24:00,2024-01-01 00:00:00,2024-01-01
2b55163c-c8c3-4a9f-ad5a-0948e83fe97e,2023-01-05 21:17:00,2024-01-01 00:00:00,2024-01-01
6e0e9c7d-40f2-4687-93a3-07886e09f690,2022-12-04 02:32:00,2024-01-01 00:00:00,2024-01-01
7d452a25-98d5-4e93-91d0-c5173fe7ba0b,2023-02-24 11:38:00,2024-01-01 00:00:00,2024-01-01
1cc9d468-4898-4575-9b28-0d959c1aa2eb,2020-09-25 23:28:00,2024-01-01 00:00:00,2024-01-01
02a585b3-312f-42dd-ba85-2c7d20ebd68f,2022-04-01 04:14:00,2024-01-01 00:00:00,2024-01-01
54ffe43a-ee72-49cf-9b9e-5ced527f8632,2019-01-01 11:46:00,2024-01-01 00:00:00,2024-01-01
45404c8c-fd4f-4d15-903b-91b5c05b0375,2023-07-05 04:47:00,2024-01-01 00:00:00,2024-01-01
5d12e724-cb1e-4fa2-8a4b-7233cc8fe6ec,2020-04-24 12:41:00,2024-01-01 00:00:00,2024-01-01
71e26478-1b8b-42c6-9d73-9790ed1ca341,2022-07-09 14:58:00,2024-01-01 00:00:00,2024-01-01
0fe62ad4-3335-466e-b454-54daa2898258,2023-05-21 02:18:00,2024-01-01 00:00:00,2024-01-01
6fdfbdd3-a899-4c90-a087-c02bc74070b4,2020-11-09 09:28:00,2024-01-01 00:00:00,2024-01-01
99efa319-16a0-466f-9da7-67892c533f4e,2023-02-12 07:28:00,2024-01-01 00:00:00,2024-01-01
fb2687f9-3e9a-406e-a8b1-b33067bdbb70,2019-01-27 23:07:00,2024-01-01 00:00:00,2024-01-01
982ae8da-bfa6-4eef-b616-216ae94a841d,2022-06-13 11:12:00,2024-01-01 00:00:00,2024-01-01
a18c338e-2bdd-4513-ace8-d217c6e42651,2022-10-19 22:58:00,2024-01-01 00:00:00,2024-01-01
dc497c55-2855-4a13-8405-ca80712ec6f2,2019-08-02 02:42:00,2024-01-01 00:00:00,2024-01-01
f9b92ba0-683f-4413-aca6-0f09926c345c,2021-07-13 15:27:00,2024-01-01 00:00:00,2024-01-01
edea4b5f-3f5d-4314-8bf0-a86d0b8effc6,2021-05-11 13:21:00,2024-01-01 00:00:00,2024-01-01
47d943aa-5d75-4e6e-8867-4efa9c390aaa,2019-04-30 05:42:00,2024-01-01 00:00:00,2024-01-01
241c0c69-7b36-4eac-a90b-d904e70f02dc,2021-08-22 13:04:00,2024-01-01 00:00:00,2024-01-01
7844313c-03fb-460d-afa6-978f8001955b,2019-09-14 18:10:00,2024-01-01 00:00:00,2024-01-01
2c6ffb96-8ed7-442d-a07e-22d72b2cc084,2022-02-08 22:41:00,2024-01-01 00:00:00,2024-01-01
a8c37e51-9852-4670-bd66-3bea5c508b16,2020-10-19 17:03:00,2024-01-01 00:00:00,2024-01-01
fa6dbc27-2b6a-4eb8-bbb5-9e5358db1290,2021-04-13 02:51:00,2024-01-01 00:00:00,2024-01-01
c6c5cf41-f7d6-4fb3-a9e7-b0ad8c435595,2023-01-17 01:09:00,2024-01-01 00:00:00,2024-01-01
0ad16284-7dad-469c-81c6-08e7988e4581,2019-09-28 02:43:00,2024-01-01 00:00:00,2024-01-01
b6b0758a-4b5d-4843-a330-5ea470bd1125,2019-08-22 15:40:00,2024-01-01 00:00:00,2024-01-01
af768449-2096-4f00-b3a0-2f104c7c0182,2022-01-25 14:01:00,2024-01-01 00:00:00,2024-01-01
6b182886-4787-4abd-b35f-1500b7b96d40,2021-03-02 15:40:00,2024-01-01 00:00:00,2024-01-01
d78182ff-6287-47fb-a6a1-c86862779c6a,2021-05-25 10:15:00,2024-01-01 00:00:00,2024-01-01
6a01d889-b776-4f27-8221-299b8d06dc27,2019-10-05 06:43:00,2024-01-01 00:00:00,2024-01-01
3ae9f732-b116-4e20-82d6-791f4680f3da,2021-09-22 17:22:00,2024-01-01 00:00:00,2024-01-01
06bdb1fb-5584-44c3-b60e-ba9d730a9ff5,2022-04-14 02:55:00,2024-01-01 00:00:00,2024-01-01
ad6498b7-1091-4c58-a2a6-649cf753ffc0,2019-10-10 20:33:00,2024-01-01 00:00:00,2024-01-01
8d6971cf-dae1-46db-836a-9e040806a36c,2023-01-15 20:32:00,2024-01-01 00:00:00,2024-01-01
680a1405-03aa-48f2-be89-62e1c8bf3627,2021-01-22 07:58:00,2024-01-01 00:00:00,2024-01-01
5d12e724-cb1e-4fa2-8a4b-7233cc8fe6ec,2021-10-16 02:18:00,2024-01-01 00:00:00,2024-01-01
6a01d889-b776-4f27-8221-299b8d06dc27,2023-09-29 19:19:00,2024-01-01 00:00:00,2024-01-01
c9f97feb-5530-4096-aa8a-da682c30bad0,2020-01-30 01:01:00,2024-01-01 00:00:00,2024-01-01
0ad16284-7dad-469c-81c6-08e7988e4581,2023-03-09 14:53:00,2024-01-01 00:00:00,2024-01-01
fc536289-9931-4b76-8e6b-d1236c0b89a3,2020-11-20 07:36:00,2024-01-01 00:00:00,2024-01-01
8c513b87-d0dd-423d-81b8-0c75905258f3,2023-03-21 18:58:00,2024-01-01 00:00:00,2024-01-01
484ab5f0-e2b0-43f1-a5d8-b17c30918446,2022-11-28 07:44:00,2024-01-01 00:00:00,2024-01-01
5bc5474f-e659-435e-92e4-f5bcc8af59ad,2022-11-29 06:09:00,2024-01-01 00:00:00,2024-01-01
1e805732-e82c-4bc1-bfa4-a10ef655b2ab,2020-06-15 11:38:00,2024-01-01 00:00:00,2024-01-01
e6b82e62-5bc6-4d33-9de6-4ca3413eba00,2022-09-11 16:54:00,2024-01-01 00:00:00,2024-01-01
43ef14cc-39d6-420c-a037-ab80c0900e09,2021-02-17 19:13:00,2024-01-01 00:00:00,2024-01-01
546b971f-2bca-42ca-a9b9-11077fc42aad,2019-09-17 15:48:00,2024-01-01 00:00:00,2024-01-01
ef42be3b-52c9-4d67-aa60-aeed0338830b,2022-01-01 08:06:00,2024-01-01 00:00:00,2024-01-01
519bfb38-3676-4d96-9ab2-edb60603b77e,2021-10-02 17:12:00,2024-01-01 00:00:00,2024-01-01
143f33fe-1773-4762-ba69-036c875909eb,2023-06-30 15:26:00,2024-01-01 00:00:00,2024-01-01
cddb1832-8422-4468-ad72-0b4a782f2278,2020-12-02 02:56:00,2024-01-01 00:00:00,2024-01-01
3c329c0f-2222-4c83-931c-9f5f9b6d80a1,2020-11-29 06:58:00,2024-01-01 00:00:00,2024-01-01
4813af42-8451-4b96-83d6-7cad975e5ad2,2021-12-08 01:06:00,2024-01-01 00:00:00,2024-01-01
430db7a5-b9a0-4d5b-8b89-1fac2d3c6a09,2019-07-21 08:42:00,2024-01-01 00:00:00,2024-01-01
1373f611-d6f8-457e-a107-d0d4aaab0875,2023-11-19 12:51:00,2024-01-01 00:00:00,2024-01-01
0306d001-3725-47dd-93af-046c8d337d2f,2020-12-24 22:27:00,2024-01-01 00:00:00,2024-01-01
df3e2096-a6af-4737-9d81-b254e45425e0,2021-03-15 05:27:00,2024-01-01 00:00:00,2024-01-01
f22170f9-0a9f-40c7-9f8e-6ed79578fb2c,2021-06-30 07:55:00,2024-01-01 00:00:00,2024-01-01
9464ffba-fcb5-498e-a419-aeb3d5d04ee4,2021-01-25 04:31:00,2024-01-01 00:00:00,2024-01-01
834586db-c5c8-4589-bab4-39c974547035,2020-01-10 10:22:00,2024-01-01 00:00:00,2024-01-01
5136c411-04fc-4c2f-ad40-bd70082eb2a4,2020-03-27 07:31:00,2024-01-01 00:00:00,2024-01-01
a4412d03-cb82-463c-8298-df6ca976c324,2023-09-05 21:25:00,2024-01-01 00:00:00,2024-01-01
698c485c-a3d2-4d4e-a084-fb3988b3d986,2020-10-05 12:39:00,2024-01-01 00:00:00,2024-01-01
e38cd76c-4edd-4fb9-9598-7e00255aa1b2,2021-08-19 08:33:00,2024-01-01 00:00:00,2024-01-01
9d0a07e7-7cad-4b11-b098-c63cd83d86cc,2021-06-22 09:37:00,2024-01-01 00:00:00,2024-01-01
046f62a1-a2f7-406e-8c45-b4bab6917922,2021-05-22 05:17:00,2024-01-01 00:00:00,2024-01-01
26a8ea3c-d6d3-417b-b4e9-4ad78e3d2c43,2023-07-26 18:18:00,2024-01-01 00:00:00,2024-01-01
7d452a25-98d5-4e93-91d0-c5173fe7ba0b,2022-12-21 03:01:00,2024-01-01 00:00:00,2024-01-01
630f6ee2-4357-4798-b435-386ea8a00d80,2020-09-20 20:08:00,2024-01-01 00:00:00,2024-01-01
44b9217b-12d0-4bb7-a1f5-f0f1a527ebad,2020-10-06 13:37:00,2024-01-01 00:00:00,2024-01-01
b11e4077-bcfa-4850-b6d2-e2d7fbe51752,2019-09-23 18:26:00,2024-01-01 00:00:00,2024-01-01
85d3b40f-036a-495f-8040-6d1775cd5db3,2020-10-31 17:59:00,2024-01-01 00:00:00,2024-01-01
a46186c5-5c89-4d8d-becf-598788357b0e,2020-11-14 03:09:00,2024-01-01 00:00:00,2024-01-01
a05f046b-dbbf-4c3a-8381-3696ddecc5ca,2023-08-04 01:55:00,2024-01-01 00:00:00,2024-01-01
98ecac3b-17cd-418d-b996-6a44293cb0cf,2021-05-13 04:48:00,2024-01-01 00:00:00,2024-01-01
f480b76b-76bc-484f-8d2c-955d43244901,2021-07-05 13:45:00,2024-01-01 00:00:00,2024-01-01
685a72a1-81ff-4c14-8ef4-776b03c7ecc5,2021-10-05 19:14:00,2024-01-01 00:00:00,2024-01-01
79fbb9d8-ed15-4bdd-8f1c-01a474820fe1,2023-02-23 22:01:00,2024-01-01 00:00:00,2024-01-01
b2a9a50e-22d8-4da8-ac0a-61182e790361,2022-06-11 18:49:00,2024-01-01 00:00:00,2024-01-01
6b807bcd-3847-46b4-b0cc-81288a961cc5,2020-03-17 21:56:00,2024-01-01 00:00:00,2024-01-01
f22170f9-0a9f-40c7-9f8e-6ed79578fb2c,2020-07-05 04:04:00,2024-01-01 00:00:00,2024-01-01
34e5977a-f47b-49db-b67b-fe24062b184d,2019-09-26 03:19:00,2024-01-01 00:00:00,2024-01-01
eb7961b1-90ae-4c49-82a5-98b0cc745af4,2021-06-14 21:23:00,2024-01-01 00:00:00,2024-01-01
dedc6b5e-7dd0-4412-8bbc-91e03d351549,2019-01-09 04:50:00,2024-01-01 00:00:00,2024-01-01
df3e2096-a6af-4737-9d81-b254e45425e0,2020-02-06 15:29:00,2024-01-01 00:00:00,2024-01-01
b5ed67ce-51f8-454e-8bc0-7c5ee56b22b9,2022-01-31 22:59:00,2024-01-01 00:00:00,2024-01-01
52e4d0f2-f61f-47b1-90f9-cfa43836e7eb,2023-10-17 21:46:00,2024-01-01 00:00:00,2024-01-01
60a84bb9-9c76-4b64-ab1d-16dd31b94625,2022-12-02 09:58:00,2024-01-01 00:00:00,2024-01-01
546b971f-2bca-42ca-a9b9-11077fc42aad,2020-12-07 15:46:00,2024-01-01 00:00:00,2024-01-01
81b66fee-e764-4208-8777-f3ce1e86f1c7,2022-03-07 04:23:00,2024-01-01 00:00:00,2024-01-01
8fa9fce9-f7f3-4b38-9843-15643dc064d4,2019-08-27 16:18:00,2024-01-01 00:00:00,2024-01-01
1c2fd5bb-080f-4561-b29d-68f1d2290128,2022-11-30 01:29:00,2024-01-01 00:00:00,2024-01-01
d78182ff-6287-47fb-a6a1-c86862779c6a,2019-02-19 07:41:00,2024-01-01 00:00:00,2024-01-01
981d69ee-8bf8-4175-a790-bf01bf05aabd,2022-06-05 04:05:00,2024-01-01 00:00:00,2024-01-01
615ffa91-48ae-4b3a-a7a9-5ee15361893e,2020-08-22 17:43:00,2024-01-01 00:00:00,2024-01-01
8f10bb43-2edd-452d-9b02-bc94aef8d31e,2023-09-19 04:49:00,2024-01-01 00:00:00,2024-01-01
c3bcabc1-7ba1-456e-9228-89ea40153e98,2020-05-12 14:41:00,2024-01-01 00:00:00,2024-01-01
4de6c7f0-1541-4146-ba6c-4b5813098f5e,2023-02-06 04:44:00,2024-01-01 00:00:00,2024-01-01
0d881a76-5b77-46a0-b263-b852fb91039c,2019-04-25 18:44:00,2024-01-01 00:00:00,2024-01-01
61a2cd98-38b4-4937-b752-267694b8ddd5,2022-12-11 10:04:00,2024-01-01 00:00:00,2024-01-01
ea89fd49-731f-4da8-969b-bc2a6c8bea84,2023-01-09 12:31:00,2024-01-01 00:00:00,2024-01-01
98ecac3b-17cd-418d-b996-6a44293cb0cf,2021-03-30 23:28:00,2024-01-01 00:00:00,2024-01-01
645d4d49-dc87-47fe-a65f-0dcbc44cde63,2019-01-25 06:26:00,2024-01-01 00:00:00,2024-01-01
484edafb-7818-402b-b84e-70c477977155,2022-07-14 21:08:00,2024-01-01 00:00:00,2024-01-01
b5bbac0d-38cb-48df-bf1e-ac8a70a044b5,2023-10-05 16:27:00,2024-01-01 00:00:00,2024-01-01
44b9217b-12d0-4bb7-a1f5-f0f1a527ebad,2020-02-15 03:04:00,2024-01-01 00:00:00,2024-01-01
87eb74a2-719a-4a03-ac6b-524726e2d944,2019-10-11 04:01:00,2024-01-01 00:00:00,2024-01-01
4d6f0375-b4c8-472f-961b-9d4ab77cf9d0,2023-08-10 01:57:00,2024-01-01 00:00:00,2024-01-01
904fbcdc-a01e-4835-9898-b70b508ff43f,2023-01-14 16:18:00,2024-01-01 00:00:00,2024-01-01
0fe86db3-0ef9-46f3-bdd2-e7a9cee1eaf2,2021-10-27 08:08:00,2024-01-01 00:00:00,2024-01-01
9c9aa69d-90bb-4475-b683-682dd56bdb25,2021-03-05 08:49:00,2024-01-01 00:00:00,2024-01-01
12e2c652-c18c-42a2-b89d-56ce102dc13c,2023-11-17 06:13:00,2024-01-01 00:00:00,2024-01-01
1ae0421e-b20f-4a4e-bb4a-8c5a792fae42,2023-03-22 13:54:00,2024-01-01 00:00:00,2024-01-01
05d53705-6b97-4966-95a7-34b64c31de69,2021-07-13 18:24:00,2024-01-01 00:00:00,2024-01-01
8f10bb43-2edd-452d-9b02-bc94aef8d31e,2019-02-16 16:10:00,2024-01-01 00:00:00,2024-01-01
0fe98d5e-6974-49a2-8470-b3d3e5c12fcc,2022-11-16 19:25:00,2024-01-01 00:00:00,2024-01-01
d463fafa-7d15-4981-8b7e-9bcb112f286d,2021-10-18 23:40:00,2024-01-01 00:00:00,2024-01-01
6fce7ef5-ee43-4bdb-90de-d63a0361ff25,2019-06-25 06:24:00,2024-01-01 00:00:00,2024-01-01
d06afe8f-b00f-4b3d-951b-dfc4f57cbee5,2019-01-18 10:40:00,2024-01-01 00:00:00,2024-01-01
a94ab030-6fa9-405a-a6d1-616817fc5300,2022-10-18 19:58:00,2024-01-01 00:00:00,2024-01-01
32e2f2ae-8d59-43ef-b972-bc85f1e3effa,2020-08-08 13:56:00,2024-01-01 00:00:00,2024-01-01
e4b2d4dd-f0bf-4bc7-9aad-ea4f57989680,2022-05-12 00:35:00,2024-01-01 00:00:00,2024-01-01
162f75bc-b2ed-40ce-a26e-981ea18f28c0,2021-01-28 13:17:00,2024-01-01 00:00:00,2024-01-01
37dd6d0b-8a9b-485f-964b-b252d580f62f,2022-03-09 01:07:00,2024-01-01 00:00:00,2024-01-01
f3aab638-34fe-42e7-bb13-82c8fb296808,2023-11-11 04:16:00,2024-01-01 00:00:00,2024-01-01
018c7220-47ac-4839-a4d7-f8d59199bd91,2022-06-27 02:58:00,2024-01-01 00:00:00,2024-01-01
698c485c-a3d2-4d4e-a084-fb3988b3d986,2022-02-28 06:23:00,2024-01-01 00:00:00,2024-01-01
030feb28-36e3-4593-8d5c-c8d42af61ec0,2019-04-13 20:56:00,2024-01-01 00:00:00,2024-01-01
071aa882-feda-46a3-a4e8-02ec468ad223,2023-11-27 02:06:00,2024-01-01 00:00:00,2024-01-01
df3e2096-a6af-4737-9d81-b254e45425e0,2020-11-10 12:07:00,2024-01-01 00:00:00,2024-01-01
47d943aa-5d75-4e6e-8867-4efa9c390aaa,2021-08-31 16:45:00,2024-01-01 00:00:00,2024-01-01
3c329c0f-2222-4c83-931c-9f5f9b6d80a1,2022-11-16 22:41:00,2024-01-01 00:00:00,2024-01-01
0fe98d5e-6974-49a2-8470-b3d3e5c12fcc,2019-05-03 01:13:00,2024-01-01 00:00:00,2024-01-01
b5b9805f-a92e-43b2-88b9-2985519a4d52,2021-12-08 16:36:00,2024-01-01 00:00:00,2024-01-01
d4f28bee-2d99-477e-bed0-8afb23cc957e,2022-08-01 23:47:00,2024-01-01 00:00:00,2024-01-01
54ffe43a-ee72-49cf-9b9e-5ced527f8632,2019-03-15 08:40:00,2024-01-01 00:00:00,2024-01-01
015e17bb-1e2f-4618-ade7-697f90b13138,2019-05-20 09:03:00,2024-01-01 00:00:00,2024-01-01
3dcb9969-4b73-4926-aa46-2c48ba947fc0,2020-07-10 02:22:00,2024-01-01 00:00:00,2024-01-01
a769159d-ef18-40f7-b429-7ad16a3082b6,2021-04-10 16:21:00,2024-01-01 00:00:00,2024-01-01
fa9d2712-59b1-4861-9cdc-4344e649a21a,2019-06-05 06:53:00,2024-01-01 00:00:00,2024-01-01
00a0efc8-6053-489f-be9b-2c105c9904d8,2020-11-07 16:40:00,2024-01-01 00:00:00,2024-01-01
1f1dca18-276e-4ea7-8598-8dfa3da1bd8f,2022-09-02 08:32:00,2024-01-01 00:00:00,2024-01-01
45404c8c-fd4f-4d15-903b-91b5c05b0375,2022-08-15 15:19:00,2024-01-01 00:00:00,2024-01-01
79fbb9d8-ed15-4bdd-8f1c-01a474820fe1,2021-07-27 11:32:00,2024-01-01 00:00:00,2024-01-01
13d5de61-8558-4387-8ab4-347a8f505a31,2019-04-13 01:39:00,2024-01-01 00:00:00,2024-01-01
80ea4b1f-ac5d-4950-a3b0-0c2e9adf5140,2022-08-02 03:59:00,2024-01-01 00:00:00,2024-01-01
6d020665-2465-4a6e-b01a-6862c08f7c99,2021-04-05 10:24:00,2024-01-01 00:00:00,2024-01-01
0375d747-f805-4c9e-b6ae-321d1d5aa9fa,2020-07-31 03:31:00,2024-01-01 00:00:00,2024-01-01
1cc7c465-4c34-47f9-bfc3-fffe059d40c5,2023-09-18 14:35:00,2024-01-01 00:00:00,2024-01-01
e642b2cf-beb5-4842-8a40-ff302c3dea85,2020-06-21 02:59:00,2024-01-01 00:00:00,2024-01-01
91096f25-23db-4314-bd32-4aedbc41c3ce,2022-05-30 04:56:00,2024-01-01 00:00:00,2024-01-01
bf743547-e02b-423f-b740-ac35621649bf,2021-08-05 21:06:00,2024-01-01 00:00:00,2024-01-01
78c30b8e-b992-4967-b4a6-e9d7e41db299,2021-04-09 19:33:00,2024-01-01 00:00:00,2024-01-01
62e1d3cc-9eb7-4f34-8ae1-35b34d1f7fc9,2022-11-22 20:45:00,2024-01-01 00:00:00,2024-01-01
293f5bd9-e77f-453a-8ae8-8c2555462874,2020-02-23 22:06:00,2024-01-01 00:00:00,2024-01-01
61a0ff12-d68f-4b62-afab-5178433b5f21,2021-06-11 03:23:00,2024-01-01 00:00:00,2024-01-01
70af3e45-1b97-4330-8434-638013984d40,2021-11-22 12:27:00,2024-01-01 00:00:00,2024-01-01
6d020665-2465-4a6e-b01a-6862c08f7c99,2023-06-25 13:07:00,2024-01-01 00:00:00,2024-01-01
cddb1832-8422-4468-ad72-0b4a782f2278,2019-06-24 18:30:00,2024-01-01 00:00:00,2024-01-01
8de62a84-d4d5-4cac-802c-040c252279d0,2023-08-20 12:28:00,2024-01-01 00:00:00,2024-01-01
cf5db57e-78c6-4a9b-ae4d-b7d4a3365697,2020-12-30 23:45:00,2024-01-01 00:00:00,2024-01-01
d789c5f0-4cf4-40e0-a85f-a2b3f0cfc46a,2021-12-03 21:12:00,2024-01-01 00:00:00,2024-01-01
026515ac-4bbe-49a3-a1ec-e618af37f455,2019-11-24 02:30:00,2024-01-01 00:00:00,2024-01-01
8c9c9dbe-e89c-4845-932b-7aff6ac30a0a,2023-11-17 23:20:00,2024-01-01 00:00:00,2024-01-01
f2d02368-d00d-45a9-a715-4eaa09e96fd3,2023-11-07 10:34:00,2024-01-01 00:00:00,2024-01-01
78312951-58cb-4114-b4ec-1c62fb9f5e8f,2020-02-29 06:16:00,2024-01-01 00:00:00,2024-01-01
3f5e8bfc-3258-4d11-a9ee-45d332fd0527,2020-12-31 17:04:00,2024-01-01 00:00:00,2024-01-01
9d98cbe1-4927-4e24-9153-1884433a2af6,2022-04-19 13:20:00,2024-01-01 00:00:00,2024-01-01
7a7b7d9e-e75c-48d9-ad80-4b13675af47d,2021-06-19 04:34:00,2024-01-01 00:00:00,2024-01-01
6fefc024-07d9-4a86-ac9b-699fd27b6e4c,2021-01-26 11:15:00,2024-01-01 00:00:00,2024-01-01
cf5db57e-78c6-4a9b-ae4d-b7d4a3365697,2020-05-21 20:37:00,2024-01-01 00:00:00,2024-01-01
d250a920-f9be-4677-86a3-8a72838f9886,2023-04-27 16:10:00,2024-01-01 00:00:00,2024-01-01
046f62a1-a2f7-406e-8c45-b4bab6917922,2020-08-01 12:25:00,2024-01-01 00:00:00,2024-01-01
7fe05f0b-325e-4e03-9683-1584ee95d892,2022-09-12 03:29:00,2024-01-01 00:00:00,2024-01-01
52e4d0f2-f61f-47b1-90f9-cfa43836e7eb,2023-05-10 15:21:00,2024-01-01 00:00:00,2024-01-01
d2c8ed53-35b0-4e13-9101-5afbe6be3b86,2022-02-19 02:43:00,2024-01-01 00:00:00,2024-01-01
0fe98d5e-6974-49a2-8470-b3d3e5c12fcc,2020-11-07 08:59:00,2024-01-01 00:00:00,2024-01-01
eb453375-5631-495c-90b9-e0dc51cf23d0,2021-05-21 17:31:00,2024-01-01 00:00:00,2024-01-01
eb7961b1-90ae-4c49-82a5-98b0cc745af4,2022-05-23 06:00:00,2024-01-01 00:00:00,2024-01-01
8ee674a6-edf5-4d38-b0a6-ab650b05352f,2023-07-27 06:00:00,2024-01-01 00:00:00,2024-01-01
17578591-6f2f-4ce8-ad20-b56a113288b2,2019-11-07 16:21:00,2024-01-01 00:00:00,2024-01-01
a9032709-b02e-4e5e-ab7b-084c49a7cb9f,2020-02-23 14:11:00,2024-01-01 00:00:00,2024-01-01
4d99c5c8-5bae-49f8-b001-1b9bc6a9e592,2021-09-07 12:27:00,2024-01-01 00:00:00,2024-01-01
62e1d3cc-9eb7-4f34-8ae1-35b34d1f7fc9,2022-04-28 20:14:00,2024-01-01 00:00:00,2024-01-01
8cb65eeb-d4f0-47a4-b38a-f045fe0506da,2020-06-06 02:40:00,2024-01-01 00:00:00,2024-01-01
6c39ea13-ac4e-4ce2-84a6-5801fdce5481,2021-01-29 23:45:00,2024-01-01 00:00:00,2024-01-01
f71d9c1a-d831-4d37-ad50-2080459fea83,2019-05-06 10:08:00,2024-01-01 00:00:00,2024-01-01
cbc1347d-0223-4fb6-b55a-c3b440586060,2023-11-27 11:19:00,2024-01-01 00:00:00,2024-01-01
2b023759-5dc3-4917-8cbb-194bcec4bc52,2021-05-23 07:00:00,2024-01-01 00:00:00,2024-01-01
12e2c652-c18c-42a2-b89d-56ce102dc13c,2023-07-05 14:52:00,2024-01-01 00:00:00,2024-01-01
399f88ee-c3c2-4945-853e-1941dee550ef,2020-01-26 00:34:00,2024-01-01 00:00:00,2024-01-01
beb98874-b0ac-48c3-bde8-08fcd607299b,2022-03-01 15:08:00,2024-01-01 00:00:00,2024-01-01
17276d3c-a5c5-44c4-bcd9-8fb9341a88ca,2023-01-18 00:40:00,2024-01-01 00:00:00,2024-01-01
54c56d27-12b3-41fc-858b-e92641bf13e1,2021-07-24 07:35:00,2024-01-01 00:00:00,2024-01-01
37dd6d0b-8a9b-485f-964b-b252d580f62f,2023-11-07 05:30:00,2024-01-01 00:00:00,2024-01-01
fa0c82c7-6c7a-4683-9364-4dae45bfa07e,2023-06-13 15:29:00,2024-01-01 00:00:00,2024-01-01
437c8e55-9887-4067-ad65-c7077711951c,2023-03-10 03:07:00,2024-01-01 00:00:00,2024-01-01
d250a920-f9be-4677-86a3-8a72838f9886,2023-12-05 16:18:00,2024-01-01 00:00:00,2024-01-01
79fbb9d8-ed15-4bdd-8f1c-01a474820fe1,2019-10-15 04:44:00,2024-01-01 00:00:00,2024-01-01
3ef8c66a-ee03-4b70-89df-59ea55a86c3e,2023-02-09 20:32:00,2024-01-01 00:00:00,2024-01-01
f628a16d-7b88-4b36-9ce6-2f7a65ad95a1,2021-03-09 00:49:00,2024-01-01 00:00:00,2024-01-01
015e17bb-1e2f-4618-ade7-697f90b13138,2022-05-19 00:28:00,2024-01-01 00:00:00,2024-01-01
302f1237-ef3a-4879-89a9-7a23764174e3,2019-06-19 02:03:00,2024-01-01 00:00:00,2024-01-01
7fe05f0b-325e-4e03-9683-1584ee95d892,2023-08-22 22:54:00,2024-01-01 00:00:00,2024-01-01
7fe05f0b-325e-4e03-9683-1584ee95d892,2020-07-24 06:18:00,2024-01-01 00:00:00,2024-01-01
4aecf02f-9b92-4c53-afa4-894c91bd5887,2022-10-14 15:13:00,2024-01-01 00:00:00,2024-01-01
b3a57685-0ec6-4f4f-aff5-8f1dac0cdd0a,2022-10-20 01:22:00,2024-01-01 00:00:00,2024-01-01
519bfb38-3676-4d96-9ab2-edb60603b77e,2023-02-22 15:54:00,2024-01-01 00:00:00,2024-01-01
1e87b20e-fff6-4872-96d5-dec2cad2713a,2023-08-10 21:28:00,2024-01-01 00:00:00,2024-01-01
197a906c-2754-459a-814c-c59419530f1a,2021-08-19 19:53:00,2024-01-01 00:00:00,2024-01-01
edea4b5f-3f5d-4314-8bf0-a86d0b8effc6,2023-05-25 13:59:00,2024-01-01 00:00:00,2024-01-01
ada0d30b-858f-4ee4-b2c9-3e053d4df7ef,2019-09-04 18:37:00,2024-01-01 00:00:00,2024-01-01
fa0c82c7-6c7a-4683-9364-4dae45bfa07e,2022-07-16 03:24:00,2024-01-01 00:00:00,2024-01-01
15126595-ddb9-4291-9946-5b29f8108d8f,2021-01-17 19:27:00,2024-01-01 00:00:00,2024-01-01
fc536289-9931-4b76-8e6b-d1236c0b89a3,2020-12-17 12:25:00,2024-01-01 00:00:00,2024-01-01
66ba78a7-e08c-4889-a8d4-c887fe6fee5e,2023-04-26 13:18:00,2024-01-01 00:00:00,2024-01-01
ffaccd1e-794d-4d92-bbaf-a9d8ff556c88,2019-03-25 19:46:00,2024-01-01 00:00:00,2024-01-01
ad6498b7-1091-4c58-a2a6-649cf753ffc0,2022-10-27 16:54:00,2024-01-01 00:00:00,2024-01-01
252bc613-f891-4c50-bfa2-3f54657b5c15,2020-04-25 09:49:00,2024-01-01 00:00:00,2024-01-01
8819d9f7-a96c-49ba-b6d3-97e15ed72dbb,2020-06-28 00:39:00,2024-01-01 00:00:00,2024-01-01
a4412d03-cb82-463c-8298-df6ca976c324,2023-01-01 04:10:00,2024-01-01 00:00:00,2024-01-01
a8ca0ebc-9b7f-4d34-8d04-2fc582139c8f,2023-08-15 09:08:00,2024-01-01 00:00:00,2024-01-01
43ef14cc-39d6-420c-a037-ab80c0900e09,2022-10-13 21:45:00,2024-01-01 00:00:00,2024-01-01
13d5de61-8558-4387-8ab4-347a8f505a31,2021-01-16 14:39:00,2024-01-01 00:00:00,2024-01-01
45446c04-e6a0-4cac-9e99-d912f4625863,2020-02-15 22:11:00,2024-01-01 00:00:00,2024-01-01
57fdf3e3-470d-418e-9bad-085d3bc96551,2019-09-18 02:37:00,2024-01-01 00:00:00,2024-01-01
d250a920-f9be-4677-86a3-8a72838f9886,2019-06-05 08:15:00,2024-01-01 00:00:00,2024-01-01
4f91f983-e901-4362-835d-b5d846345052,2022-07-01 00:29:00,2024-01-01 00:00:00,2024-01-01
0f115cef-22dd-491e-bfcd-50da19e6280b,2019-02-13 22:18:00,2024-01-01 00:00:00,2024-01-01
b4c320b9-2e83-43f2-a379-c048b29a763e,2021-09-06 07:26:00,2024-01-01 00:00:00,2024-01-01
33a8bae8-defe-45ee-bc55-acac9865843c,2019-04-13 03:21:00,2024-01-01 00:00:00,2024-01-01
17578591-6f2f-4ce8-ad20-b56a113288b2,2021-10-06 20:37:00,2024-01-01 00:00:00,2024-01-01
5d12e724-cb1e-4fa2-8a4b-7233cc8fe6ec,2019-08-23 10:02:00,2024-01-01 00:00:00,2024-01-01
b1739b28-f87d-41ac-b2cc-1214c3e645d9,2023-03-07 03:02:00,2024-01-01 00:00:00,2024-01-01
25295a76-1bd6-42b7-baa3-0a9ef6b4ccc2,2019-05-22 22:53:00,2024-01-01 00:00:00,2024-01-01
d99f29a1-fbfd-4641-9f25-3cddfc9e6f64,2019-11-07 00:01:00,2024-01-01 00:00:00,2024-01-01
6ecee6f2-1238-4a29-9fd3-442f6ff0e1fe,2021-10-29 04:25:00,2024-01-01 00:00:00,2024-01-01
62e1d3cc-9eb7-4f34-8ae1-35b34d1f7fc9,2020-12-15 18:45:00,2024-01-01 00:00:00,2024-01-01
d5965ed2-3469-4be0-a17c-4ed2e376b572,2020-03-03 08:54:00,2024-01-01 00:00:00,2024-01-01
0be28c25-0327-4f80-8046-0eaeb54d8a11,2021-08-17 10:38:00,2024-01-01 00:00:00,2024-01-01
8fa9fce9-f7f3-4b38-9843-15643dc064d4,2021-07-22 17:58:00,2024-01-01 00:00:00,2024-01-01
d78182ff-6287-47fb-a6a1-c86862779c6a,2023-10-15 07:20:00,2024-01-01 00:00:00,2024-01-01
739a8dc0-12af-4987-bee4-bf7d353d0719,2020-08-14 16:45:00,2024-01-01 00:00:00,2024-01-01
0ce240aa-6ec3-42da-bb65-a50fb6b5ccc9,2020-02-28 15:57:00,2024-01-01 00:00:00,2024-01-01
1542e8ac-6618-4f26-be85-1a7276b22a4b,2019-07-02 05:06:00,2024-01-01 00:00:00,2024-01-01
28bb2c40-3d13-41a8-8b00-f3b3855cfc8f,2020-08-03 12:30:00,2024-01-01 00:00:00,2024-01-01
4da46ed5-9d9c-480d-aa47-7d43bc9c09fb,2022-03-13 08:24:00,2024-01-01 00:00:00,2024-01-01
b11e4077-bcfa-4850-b6d2-e2d7fbe51752,2020-05-11 22:32:00,2024-01-01 00:00:00,2024-01-01
08846e86-3d8e-4c3e-af1b-1665cf209d9f,2021-04-26 12:54:00,2024-01-01 00:00:00,2024-01-01
ada0d30b-858f-4ee4-b2c9-3e053d4df7ef,2020-08-03 07:51:00,2024-01-01 00:00:00,2024-01-01
c9f97feb-5530-4096-aa8a-da682c30bad0,2019-11-16 06:05:00,2024-01-01 00:00:00,2024-01-01
1e87b20e-fff6-4872-96d5-dec2cad2713a,2021-10-10 04:52:00,2024-01-01 00:00:00,2024-01-01
630f6ee2-4357-4798-b435-386ea8a00d80,2022-09-08 13:23:00,2024-01-01 00:00:00,2024-01-01
430db7a5-b9a0-4d5b-8b89-1fac2d3c6a09,2019-10-27 16:09:00,2024-01-01 00:00:00,2024-01-01
2a87e792-c7aa-4e6a-9a14-66a9007da535,2020-09-27 17:21:00,2024-01-01 00:00:00,2024-01-01
a46186c5-5c89-4d8d-becf-598788357b0e,2020-06-24 18:57:00,2024-01-01 00:00:00,2024-01-01
d2247290-7cf7-4b10-be45-cd182bc553e0,2019-12-07 15:42:00,2024-01-01 00:00:00,2024-01-01
4aecf02f-9b92-4c53-afa4-894c91bd5887,2019-09-21 00:02:00,2024-01-01 00:00:00,2024-01-01
4f9e3d13-9d52-4a48-ae3e-11f1955e8564,2023-07-19 22:56:00,2024-01-01 00:00:00,2024-01-01
05d53705-6b97-4966-95a7-34b64c31de69,2023-02-13 21:09:00,2024-01-01 00:00:00,2024-01-01
f0d033e3-4694-4cfb-9d77-489eed62b354,2019-02-12 12:42:00,2024-01-01 00:00:00,2024-01-01
2c6ffb96-8ed7-442d-a07e-22d72b2cc084,2019-04-12 09:42:00,2024-01-01 00:00:00,2024-01-01
ad6498b7-1091-4c58-a2a6-649cf753ffc0,2023-03-09 00:20:00,2024-01-01 00:00:00,2024-01-01
9033db67-1d5a-4c89-9cd7-589bb022a6ee,2019-06-26 00:35:00,2024-01-01 00:00:00,2024-01-01
1d682a19-a17e-4493-8004-f4b703c24c69,2023-04-18 08:13:00,2024-01-01 00:00:00,2024-01-01
677cca13-3dce-4b8b-83ea-16b376ad043a,2023-08-15 15:56:00,2024-01-01 00:00:00,2024-01-01
335d903c-2372-4e99-b9c5-172e53c7182e,2019-08-23 20:12:00,2024-01-01 00:00:00,2024-01-01
390cb769-6de3-4ad2-a51d-c5a1c0bd5859,2023-02-03 20:44:00,2024-01-01 00:00:00,2024-01-01
f628a16d-7b88-4b36-9ce6-2f7a65ad95a1,2023-01-25 07:20:00,2024-01-01 00:00:00,2024-01-01
3fa1fc01-a9aa-49cf-8829-9d1000d73028,2021-05-11 20:58:00,2024-01-01 00:00:00,2024-01-01
a8889766-c29c-428d-8e56-ebc3d569b2b5,2020-03-20 19:45:00,2024-01-01 00:00:00,2024-01-01
5e2507d0-04bf-414b-9bf2-382051d882bd,2023-04-11 06:51:00,2024-01-01 00:00:00,2024-01-01
617abd34-e75b-4589-9650-2b97ad5a95e1,2019-01-27 01:03:00,2024-01-01 00:00:00,2024-01-01
91096f25-23db-4314-bd32-4aedbc41c3ce,2023-01-19 18:03:00,2024-01-01 00:00:00,2024-01-01
2a67aedf-6514-4b81-a4d7-060235d6e43e,2021-12-13 19:37:00,2024-01-01 00:00:00,2024-01-01
6b506c1b-f282-49ec-91e0-7af6d616ed5b,2020-04-25 17:28:00,2024-01-01 00:00:00,2024-01-01
4b860dbb-3b9b-4e1f-8986-5f12d4f67aae,2021-12-03 23:00:00,2024-01-01 00:00:00,2024-01-01
399f88ee-c3c2-4945-853e-1941dee550ef,2023-07-16 09:54:00,2024-01-01 00:00:00,2024-01-01
a7875516-191c-433a-9d0a-e42a3e3ed6db,2023-08-15 01:11:00,2024-01-01 00:00:00,2024-01-01
3f5e8bfc-3258-4d11-a9ee-45d332fd0527,2021-12-14 07:21:00,2024-01-01 00:00:00,2024-01-01
