review_id,user_id,business_id,stars,useful,funny,cool,review_date,_ingested_at,_batch_date
0d491b28-8127-4be8-b3a0-a8b37b9f5994,5e2c90d4-a615-47a0-8fe8-b368ebf747ab,161be690-7ffa-4141-bc81-80d10145e673,1,8,3,3,2022-08-02,2024-01-01 00:00:00,2024-01-01
a5c5c0a0-ee7a-4551-b4e5-0ae8b2eb25a2,434be745-ffd9-4e1f-9a80-d0524a9be786,114ae6a7-6e2d-42db-95e9-a55e8eadc4d5,1,17,1,9,2019-10-13,2024-01-01 00:00:00,2024-01-01
b72160bc-dbb9-40d2-a282-64e25b9c1ed0,60d1440f-bcc0-44c1-b668-cc167de53d1f,6ecee6f2-1238-4a29-9fd3-442f6ff0e1fe,1,2,3,3,2021-05-14,2024-01-01 00:00:00,2024-01-01
652dbcd9-eda3-454d-a471-64dcca6a3a76,4e86f5cb-773e-4224-bb56-7cf4c1ab55d8,3aaf62a5-fc82-4e62-ba5a-8869c58bf8c2,1,17,3,10,2021-10-31,2024-01-01 00:00:00,2024-01-01
89475b1a-8e67-4601-92ea-b5ec9c120fe2,9018af2f-0cfb-4a8a-aa98-8c9d5b54fff4,f0d033e3-4694-4cfb-9d77-489eed62b354,4,7,7,9,2022-12-07,2024-01-01 00:00:00,2024-01-01
8c5632e5-ed1a-41fc-9ef5-893f92b009e6,cad51562-2091-462d-aced-01c81017244c,a57ccce5-4849-48fc-bdfa-0c5932580ebc,1,5,6,5,2020-07-23,2024-01-01 00:00:00,2024-01-01
95bf9708-14ca-4942-bcdb-2c508260827d,38705471-f9f6-4eb4-8d98-669842cea9df,06bdb1fb-5584-44c3-b60e-ba9d730a9ff5,2,10,1,1,2020-07-23,2024-01-01 00:00:00,2024-01-01
70124b9f-49f0-43ab-ab5d-5ff6e5c88e2b,4aaf483a-3829-454c-98a2-2b4aa5bfb8ba,c5b60773-230d-452a-a448-54789e68efc7,3,11,9,4,2021-02-17,2024-01-01 00:00:00,2024-01-01
f7142172-3e98-437a-a236-6484c3690da0,68c90a55-fe59-4f5d-8421-8188e631b563,d2c8ed53-35b0-4e13-9101-5afbe6be3b86,4,17,1,6,2023-07-11,2024-01-01 00:00:00,2024-01-01
afbae530-83fe-40d5-a259-50f6fd4476d7,22349667-742b-4f7c-bfd1-428344d9cee3,2346b719-adb0-49bc-a14e-4407cf1a3a9f,3,20,9,5,2019-06-11,2024-01-01 00:00:00,2024-01-01
4eb67114-afac-4e8d-8a30-16f2d3f8929c,46050d6b-494f-4310-ba03-4a52aa9eeb81,c3bcabc1-7ba1-456e-9228-89ea40153e98,1,1,10,3,2022-03-28,2024-01-01 00:00:00,2024-01-01
be281fa3-d001-4faf-8d3a-b9e40842b6c4,3048e29b-2394-4fc7-bda6-822de4d8598a,4aecf02f-9b92-4c53-afa4-894c91bd5887,1,7,1,6,2023-05-03,2024-01-01 00:00:00,2024-01-01
e24a3454-eac7-4e8e-9744-8000c51e3848,9500b719-5165-48af-8ca5-cc1df197a1b2,a355aed8-ac55-4e68-b182-8c7c40d0f234,3,5,5,5,2020-07-23,2024-01-01 00:00:00,2024-01-01
4f582cca-1eea-4fc6-99b9-1574cf827423,292869f2-62df-49a4-ab00-d4617cd2eeed,b4c320b9-2e83-43f2-a379-c048b29a763e,3,20,1,9,2020-03-05,2024-01-01 00:00:00,2024-01-01
8b83e126-ff61-4568-8f19-46075071d44c,4b9628f6-ea88-4640-b671-36f42ad588b1,f9f9c0af-5ea4-4402-98b2-b32c39f3f107,5,7,2,7,2022-07-24,2024-01-01 00:00:00,2024-01-01
dc3b87b5-e899-43f3-8699-3993f1ccbc4c,9f35d690-d258-47b0-bce9-4f29f7b8e883,61a2cd98-38b4-4937-b752-267694b8ddd5,5,7,10,5,2021-02-16,2024-01-01 00:00:00,2024-01-01
0271579b-ba65-4f26-b67c-870e3bd316e5,64a7ec06-fb6f-4a56-b5be-d345927b48cc,0a87cbd7-da05-4d9e-893e-3d17083fb102,1,7,0,5,2023-09-23,2024-01-01 00:00:00,2024-01-01
452ad277-5a4e-46e5-9e37-ed26cd887957,f45bf931-5b7f-4f83-9ef7-6f43a6c96653,a4e34d9b-0a0d-46a2-9d9e-c7314cb0b44c,1,6,9,5,2021-04-01,2024-01-01 00:00:00,2024-01-01
488dcbca-4461-4b9a-8812-097d36c40fcd,6d1f35ac-c6ad-40ae-b668-9c9c6cd978e7,1c2fd5bb-080f-4561-b29d-68f1d2290128,4,12,10,7,2020-03-11,2024-01-01 00:00:00,2024-01-01
46be90fb-7094-4274-8e3c-f94536bf09e6,defcb704-e7a5-40d0-a1bd-7f9f89de7951,5847e485-edad-42be-8aa8-c1915e7c0a45,2,7,8,8,2019-10-20,2024-01-01 00:00:00,2024-01-01
b082f2ec-97a6-4a1b-b0c4-741a3038edea,7f39faa9-347c-4c95-bfad-3b9846f72c18,ca44b5d3-9aa4-421b-80b7-3be6127a9240,5,13,9,6,2020-06-22,2024-01-01 00:00:00,2024-01-01
3fc1e084-aa7f-47bc-8141-7245814f9857,2fab7e23-6d46-4fb9-b12e-dab860082d20,484edafb-7818-402b-b84e-70c477977155,2,16,7,1,2021-01-11,2024-01-01 00:00:00,2024-01-01
bccdf9c2-032f-4baf-a8ed-f5d511daf415,53544149-a91a-4e64-a48c-de749379f341,ed6c27f0-06b8-4e66-b130-c2c4aa6c9376,1,4,10,2,2023-03-28,2024-01-01 00:00:00,2024-01-01
3287b194-a662-4a07-ad2a-0cb0f7379ad1,8dd3d01b-1640-41f3-8472-19eef64be4f9,af768449-2096-4f00-b3a0-2f104c7c0182,4,19,1,6,2023-06-11,2024-01-01 00:00:00,2024-01-01
345a3a9f-9cb6-474a-9934-0999d0afc9d3,45284335-770f-40a4-9271-562c5eb35a4f,e165c6ad-0881-461f-a326-0bedc06fdac0,4,16,4,8,2021-02-20,2024-01-01 00:00:00,2024-01-01
773d14f3-0f59-490b-8a95-03cb21a05038,196b486b-2337-4255-80f0-bef1789888b1,44e549c9-2fe5-44df-8804-9d88f6092512,1,3,10,8,2023-10-29,2024-01-01 00:00:00,2024-01-01
527dda3d-2018-4539-92cd-8c88e06cf5a3,d2a26923-840b-492c-8f83-31ad0e3bc82e,1f459003-3d70-4f02-af53-834af6494977,3,3,4,6,2023-03-18,2024-01-01 00:00:00,2024-01-01
bee41691-128b-4b4b-bc29-6a3abf97f5e6,a1fa7ec0-9dff-48e2-99c6-00c2059e2978,a355aed8-ac55-4e68-b182-8c7c40d0f234,1,8,8,2,2019-11-20,2024-01-01 00:00:00,2024-01-01
9228470c-ba5e-45d0-addd-d87c5e6b97f0,04de2d56-debf-46b6-8609-dab84fe58b09,c0d8692a-0e8c-43dc-9470-88c60fa6f487,1,20,4,10,2021-11-05,2024-01-01 00:00:00,2024-01-01
856f932e-37b2-4466-aff8-a816289c9cc3,b14e780c-f11a-46b6-abf4-326fcd580fe3,20638f24-6025-4e48-9b32-1dd2a6b435bf,2,4,5,2,2021-11-05,2024-01-01 00:00:00,2024-01-01
c57ab7db-c5d2-45f9-a029-d4673978a406,dff42585-6c7b-4ba9-8964-4198ed3d7bea,21c859a2-d57a-446d-9b51-1adcab539d9d,5,0,9,5,2022-01-09,2024-01-01 00:00:00,2024-01-01
22cee9da-3d0f-4979-8205-cd8cff44699d,2b8061f5-c903-4ae2-941c-ee99c7bed2af,00303e3b-745c-48cf-aa72-16d7c1db1a7d,1,11,4,3,2021-09-27,2024-01-01 00:00:00,2024-01-01
bfd6240d-e686-495a-8a0c-6f1686fb5b3d,c284f559-44fa-4b37-9682-de24dc407657,3dcb9969-4b73-4926-aa46-2c48ba947fc0,5,2,1,7,2019-04-29,2024-01-01 00:00:00,2024-01-01
cfd197de-c166-4a3e-9b36-8ded99beaf9d,319a4670-d0cc-4a85-85ab-bac843a8e3f9,9bddb06a-1019-4e75-a10a-17b93e8b5b42,5,4,2,10,2023-07-30,2024-01-01 00:00:00,2024-01-01
46600326-81b3-4e82-ad8e-107568bd778c,b0519743-264a-4587-b95c-7669e6c6417f,8f10bb43-2edd-452d-9b02-bc94aef8d31e,5,5,4,8,2021-08-31,2024-01-01 00:00:00,2024-01-01
023707b3-3bbe-44ef-b034-827ff6829d55,54aaafed-0a10-4369-8b9d-ecc789b6242a,ffaccd1e-794d-4d92-bbaf-a9d8ff556c88,4,6,8,3,2023-11-22,2024-01-01 00:00:00,2024-01-01
a27a973e-eb3a-4c85-b851-64a8bb546a09,0cbcf709-8365-40c1-a5df-f4f0a577e25d,117d3262-7947-4f82-b666-c1ac287f8bdc,4,20,5,7,2022-12-31,2024-01-01 00:00:00,2024-01-01
f6a5bd78-82de-41e7-a21a-72a39b4329fd,4c8a7060-b426-44dc-9ae1-517d65f290d5,615ffa91-48ae-4b3a-a7a9-5ee15361893e,1,7,3,1,2021-11-25,2024-01-01 00:00:00,2024-01-01
5124776c-7797-4905-bf48-55a622c5fa58,b91778a8-88b5-498d-89e0-4bef1347ef12,cde40d91-3c13-4642-9f5d-491c6ab20139,5,17,3,9,2020-11-23,2024-01-01 00:00:00,2024-01-01
3bf1f688-5eba-4b65-8417-8f0f30221097,36acd488-6636-497d-929a-297506602bb1,60a84bb9-9c76-4b64-ab1d-16dd31b94625,1,20,0,3,2020-03-27,2024-01-01 00:00:00,2024-01-01
cb992f6e-5ddd-4c6b-b416-f73b5b133d82,5b73f8a3-7fbf-4c8b-b4e1-a49cf59dc8f0,c4d743a7-12c3-4b69-89ad-b1b4abbd5c4f,1,10,1,8,2019-05-19,2024-01-01 00:00:00,2024-01-01
eb423629-bb66-4638-b1d9-082f75054219,51aad38a-7a0c-4c7f-bcc5-790e35730a14,82bb5172-cd94-4a25-aca8-42681ed0ca0e,4,6,8,2,2020-05-02,2024-01-01 00:00:00,2024-01-01
044e6e41-9d80-4504-9ac3-7c6bd7410bc2,07d3d28d-51e4-432f-9f00-87dc4cd1ea45,23a41a82-aaeb-4cbc-a3da-56c530260b62,5,18,7,3,2023-01-21,2024-01-01 00:00:00,2024-01-01
1d61abc0-264b-4fa9-b424-e7b0a51f49e2,c2f05cba-55f2-4189-a97d-28672bc41e15,cb22d79c-9cd7-4ebe-a15a-6a9c3fb34123,4,6,1,1,2023-05-26,2024-01-01 00:00:00,2024-01-01
78da5423-bf2c-43ca-9ef0-f627d40a7526,563733b3-957f-4272-b07b-8711be6d645b,c987c1d4-4420-48d0-87bf-7d5332046300,3,13,6,7,2022-09-11,2024-01-01 00:00:00,2024-01-01
f1fef187-eec1-47b0-97cc-db0799a607fa,f9b8b4d1-35f5-485a-a306-d276797d3454,fb196124-3f62-4741-8b92-6d48e5001c61,1,20,10,1,2023-11-05,2024-01-01 00:00:00,2024-01-01
9876915e-519c-4880-af7a-70d1e93e1cee,9ae6b30a-97f9-4968-b248-0b52e4e14044,58d36a37-67ff-4d9b-9eaa-516f9e053ead,3,3,3,3,2019-05-05,2024-01-01 00:00:00,2024-01-01
8b9ebe5c-68bb-448a-bc0d-6a6e5a0edd40,b572304c-6e81-4610-b8fb-9a31b4dd0711,f3e3ebe3-029a-424d-8e46-d1cabd507128,4,4,6,2,2020-01-25,2024-01-01 00:00:00,2024-01-01
91916a79-9e85-488a-af20-a4eb155df32a,d01da2c9-5679-4a3d-99a0-f2c0842945c3,07e5b557-841f-4555-ae9d-a926caafb32a,2,2,7,8,2020-07-24,2024-01-01 00:00:00,2024-01-01
18470f8f-9cfd-434e-8ebc-48a54f1bec28,8380da3b-5281-4f87-80cd-dc621948c8c5,1d4ae20a-50eb-4da3-af0e-e64abeb8ab75,5,0,1,3,2019-07-20,2024-01-01 00:00:00,2024-01-01
c86dcb53-70c8-4ec2-bcd0-6c652ef40c8b,64bfc7d4-b9c8-4a59-9739-4a8a02e16121,630f6ee2-4357-4798-b435-386ea8a00d80,4,15,3,6,2019-12-07,2024-01-01 00:00:00,2024-01-01
77fcb038-c95c-43b5-8e02-cd4b0a464e27,6c1f6289-9e5c-4bed-9535-a43fc0a66a39,f71d9c1a-d831-4d37-ad50-2080459fea83,4,0,6,4,2019-05-01,2024-01-01 00:00:00,2024-01-01
aeb0fb78-b1ef-4d8f-b320-8c2aba19a612,acd4d827-f4ae-4d98-b0d0-df7bd8e95636,3ae4c331-afe9-42f6-86e0-16b66d7c48bf,4,9,6,8,2023-05-25,2024-01-01 00:00:00,2024-01-01
722e5007-cd5f-4155-ac94-81e3392951d0,940d90f8-f239-46a3-8f9a-fa1a220bbdce,2b55163c-c8c3-4a9f-ad5a-0948e83fe97e,4,4,3,4,2022-09-17,2024-01-01 00:00:00,2024-01-01
642f6d7f-db55-4dc7-a247-bc31f1a9df45,0784bdd2-efd3-4b66-899b-4b0996008390,06469e1b-9c8d-4e4e-9c14-e69b211f5475,1,18,8,0,2020-03-21,2024-01-01 00:00:00,2024-01-01
cbc848e1-4d0d-438b-af08-34eeb1643a18,14f6d8ef-a25f-4034-b004-9dad33530226,9668a015-446f-49b9-b39f-2b220770f90d,1,1,9,7,2023-03-12,2024-01-01 00:00:00,2024-01-01
d269acf7-1166-49d0-9824-f9ba7dddf44b,88492519-a2fc-4079-b4de-751660b4c28e,0fe86db3-0ef9-46f3-bdd2-e7a9cee1eaf2,5,5,0,8,2021-10-26,2024-01-01 00:00:00,2024-01-01
872b9c98-56b5-413d-8fa1-7f0cdd833843,198216ee-0ebd-4d60-83c2-6f4b93f2ee2b,cd8c1d7c-c3a1-48d0-8535-5c9fa5f5a58a,2,2,9,1,2019-06-14,2024-01-01 00:00:00,2024-01-01
cfe4031d-7d47-40d2-8c06-c622e055b8eb,432c05f5-de30-47e4-9f4e-b298f7ac3ee8,b5bbac0d-38cb-48df-bf1e-ac8a70a044b5,2,12,1,9,2022-10-14,2024-01-01 00:00:00,2024-01-01
69b2a6b4-1da4-48e5-a0f7-c9303dbf9a13,a0bc2f63-67b6-451e-992a-18e9babb7d33,cf5db57e-78c6-4a9b-ae4d-b7d4a3365697,5,1,9,1,2020-05-19,2024-01-01 00:00:00,2024-01-01
929bf77a-5723-4f42-8772-6ce94e9399dd,a749abae-9e9d-491b-b8c6-0e8424c44f48,be7267ea-8018-4b14-ba5c-cfcb66781462,5,18,8,5,2021-05-08,2024-01-01 00:00:00,2024-01-01
6f4bea02-b382-40f9-8f2d-183dbd3d1105,351ec864-67be-4002-982b-2032a50970c7,d78182ff-6287-47fb-a6a1-c86862779c6a,3,7,4,6,2020-06-18,2024-01-01 00:00:00,2024-01-01
fd854fb1-f480-4a31-ba5d-6fca18092001,af5e3346-aec0-4091-a9e9-fe324188ee51,b4c320b9-2e83-43f2-a379-c048b29a763e,3,14,5,1,2019-09-26,2024-01-01 00:00:00,2024-01-01
c564968c-eb90-447d-b9c7-eb5e52f2fc0c,8767068a-a149-4bfd-aa19-0d802fd95de8,2f72de34-0cd3-4c9c-ba81-55c9916a9bbf,5,18,1,1,2019-01-20,2024-01-01 00:00:00,2024-01-01
170eac57-745d-4cef-8570-3d6a967f2eb6,842b833b-a568-4126-bc48-5c03ec5677bc,dab8a10a-7ff5-4eac-b5c5-81b48cd49bd1,5,8,2,5,2022-01-06,2024-01-01 00:00:00,2024-01-01
6256ceab-89d3-4538-bf8d-03b4198a25ae,5e044149-6799-42ea-a868-314c9a6634bc,4de6c7f0-1541-4146-ba6c-4b5813098f5e,2,11,4,2,2019-05-21,2024-01-01 00:00:00,2024-01-01
d8e50966-88cf-4ff8-9c4b-367336bf857d,fca11e57-b015-480b-a82c-3d01f7e62b8d,5e2507d0-04bf-414b-9bf2-382051d882bd,5,9,9,10,2021-06-16,2024-01-01 00:00:00,2024-01-01
cf250b37-9f7d-4b86-8237-3aa1ada74415,f50922d1-98aa-41d6-b887-1d58a0124a2c,896872e5-c3d0-4f6e-89c7-414710662765,5,9,10,1,2021-12-19,2024-01-01 00:00:00,2024-01-01
af8b58a1-6eac-4b9d-a897-4abc05a9f176,a9bd6da2-eee6-4bfc-85e4-123da41926c4,e4b2d4dd-f0bf-4bc7-9aad-ea4f57989680,3,3,1,8,2023-12-04,2024-01-01 00:00:00,2024-01-01
82aafcef-8980-4cc9-9cf0-1d285b6a209f,0a1b5280-6892-4f15-a6d5-3e12cbb10cf5,e3277bbf-6082-43b9-9df3-9183185ff074,3,19,3,5,2019-11-15,2024-01-01 00:00:00,2024-01-01
8a7d5708-5ab5-4299-aaff-bb99aff66f6a,8130c477-9f64-4236-88c2-ba752ac601eb,fa9d2712-59b1-4861-9cdc-4344e649a21a,3,16,7,4,2020-02-21,2024-01-01 00:00:00,2024-01-01
818609d3-1afc-4d3b-82be-6a9cb5ee97e2,d2148d79-6299-484c-b8f3-d783bf70d77d,d39003ff-20ab-4c47-80e5-78bac10aa506,1,20,6,4,2023-09-29,2024-01-01 00:00:00,2024-01-01
5278be01-48f6-45fd-be10-1389db740ef4,38c42c4c-d751-4d62-9c70-dd82c2efa9dd,1cc9d468-4898-4575-9b28-0d959c1aa2eb,3,4,10,4,2019-04-01,2024-01-01 00:00:00,2024-01-01
af9d4137-a8b9-498c-bc06-83583182cef8,016bd09e-82d9-49a9-b182-d188fd5dbdcf,5eef5951-d005-4984-b47a-d06c66199451,4,17,6,8,2019-11-27,2024-01-01 00:00:00,2024-01-01
33c30ef4-42f8-431e-860b-a623374f5dfb,8ad9e004-d904-4d0d-ac79-26b146f15a0f,161be690-7ffa-4141-bc81-80d10145e673,1,4,8,0,2019-01-20,2024-01-01 00:00:00,2024-01-01
5602642a-4960-4107-b026-c536c176eb19,ce22fec6-1f9e-47ed-83c2-579bdce4afc5,018c7220-47ac-4839-a4d7-f8d59199bd91,5,17,2,6,2023-09-06,2024-01-01 00:00:00,2024-01-01
6df98bce-affa-41ae-ae7c-efb1016387ab,3b485885-387d-4252-8374-78e55de6e7ef,8c9c9dbe-e89c-4845-932b-7aff6ac30a0a,3,11,0,5,2019-09-19,2024-01-01 00:00:00,2024-01-01
f0bb1be7-3b11-4a3f-a492-0c84b8aee0f6,f444b203-9ac5-4599-854c-f03a83d973e5,143f33fe-1773-4762-ba69-036c875909eb,2,3,5,8,2020-03-06,2024-01-01 00:00:00,2024-01-01
c3ceb183-81a2-4e7c-af56-c3a5d0c75301,57bdb746-e763-4651-9bbb-1f5d28f02cbb,630f6ee2-4357-4798-b435-386ea8a00d80,5,4,3,2,2023-11-27,2024-01-01 00:00:00,2024-01-01
46f440fb-ad4e-401a-9d74-eca610bab447,dc9adc18-050a-4917-970b-fda9a9ba8c17,6c39ea13-ac4e-4ce2-84a6-5801fdce5481,2,13,0,2,2023-06-27,2024-01-01 00:00:00,2024-01-01
e896bce9-fd19-4bab-88bd-ba56b7d6808f,11cfabf9-f546-4c4e-83bd-6a9df7835f63,beb98874-b0ac-48c3-bde8-08fcd607299b,3,13,10,3,2023-02-17,2024-01-01 00:00:00,2024-01-01
5e44ec40-5dc1-4968-9ae8-8a968170ff5b,39420fcf-3c03-40db-88c6-8120806ed631,046f62a1-a2f7-406e-8c45-b4bab6917922,1,12,0,7,2020-06-30,2024-01-01 00:00:00,2024-01-01
d062b3db-f860-4ca3-9daa-456663504a4d,5995fd88-b13e-41a0-ae02-3f8afa2b546e,cb54cd85-0380-4ca9-a739-eee1dc503a51,4,11,4,3,2020-03-31,2024-01-01 00:00:00,2024-01-01
10f98dfd-be51-4c48-b63b-04a628201829,99863dc1-706e-4518-85ef-89e0bc2599bc,0f6883be-4fc4-4ae2-9de6-f9e7f47bca68,2,12,5,4,2020-04-01,2024-01-01 00:00:00,2024-01-01
6938b4b9-bf41-4872-a55e-87f7f8120e9a,21a37fb5-fb94-42ea-921f-fc892ac9191c,9bddb06a-1019-4e75-a10a-17b93e8b5b42,3,11,10,8,2023-11-06,2024-01-01 00:00:00,2024-01-01
0979fa80-7112-4e44-9225-b3459a2efc44,34c60ae6-071e-4b76-8046-b5b7564cb9ee,ada0d30b-858f-4ee4-b2c9-3e053d4df7ef,5,10,0,1,2021-03-29,2024-01-01 00:00:00,2024-01-01
8e2c5d7f-6edb-4a88-bf91-98f78466da9d,15e0c886-83ed-4731-b38c-d1faeb8d91ad,b11e4077-bcfa-4850-b6d2-e2d7fbe51752,3,5,9,4,2023-12-02,2024-01-01 00:00:00,2024-01-01
90fb1936-009e-4d61-96cc-fe9ea1389c53,07467921-b95f-4a3c-a288-baf744d13361,75b7337f-e116-4636-ac36-fe61ed885b30,5,13,5,5,2019-03-20,2024-01-01 00:00:00,2024-01-01
4780f429-1834-4952-ad7a-804c541917b6,22fb06c6-f296-4406-8803-46d23ac0169e,ffaccd1e-794d-4d92-bbaf-a9d8ff556c88,5,3,6,9,2021-06-12,2024-01-01 00:00:00,2024-01-01
855a5e90-ec9c-4820-9193-1646282be32a,07a4a44e-c4a7-49b7-a10c-e68ec7885e8a,17f17fc6-d728-4173-a47c-4726931b69e7,1,13,0,8,2020-01-25,2024-01-01 00:00:00,2024-01-01
03fae2e1-33b8-4019-b046-9b69242bd2dc,e0f93410-c607-4896-928a-17bfe6729323,8c513b87-d0dd-423d-81b8-0c75905258f3,2,11,6,1,2023-07-10,2024-01-01 00:00:00,2024-01-01
169e33a2-b4e1-483b-9f7e-ae02ba2212c2,bdf326b5-1108-45cf-bd4d-0eb6bddb69e1,dc497c55-2855-4a13-8405-ca80712ec6f2,3,19,5,10,2022-09-22,2024-01-01 00:00:00,2024-01-01
925eaca6-3690-4075-bdeb-ce1c824ebaf2,628e21fa-dacf-462e-9df7-cf836a852c26,3ae9f732-b116-4e20-82d6-791f4680f3da,3,16,4,10,2023-10-03,2024-01-01 00:00:00,2024-01-01
b4da0960-7ad4-4551-bf5e-f8e55b5d679c,aa945a01-32bc-4126-a6b6-bdefd9870d4d,6683db8b-bf0e-4904-a49d-c15c6cda38c7,4,9,8,2,2021-04-16,2024-01-01 00:00:00,2024-01-01
0bc9226f-4322-4ca2-9acf-ac843866b973,3b09adc1-b2fd-45c2-9cfd-08daa7921559,5a485394-3184-41d9-948f-13c4ac0472c2,4,5,9,9,2020-01-28,2024-01-01 00:00:00,2024-01-01
6c26f464-f30f-46c3-8d0e-a157033c4781,1d4fd638-5b8b-409e-866b-577596cfbe9d,d38f3cd2-cd63-4045-82c5-930ec1485b40,5,0,4,4,2020-09-08,2024-01-01 00:00:00,2024-01-01
a68a7d7d-bdb1-43dc-8e22-adf70ef1173e,a18adb72-21b0-4a82-89ba-763e2a162dfe,c987c1d4-4420-48d0-87bf-7d5332046300,5,19,10,5,2020-03-06,2024-01-01 00:00:00,2024-01-01
a1558e3b-6934-41a1-8a6f-41901f8b1414,4086b6d8-af8d-402c-86e5-7b0f6a8d4d50,79e07125-98dd-4dab-8735-fdcccd09bf62,4,6,8,7,2021-08-10,2024-01-01 00:00:00,2024-01-01
95d3d3a9-d08a-40ad-9a1d-199b8b7b1d38,f3708232-4e42-49b6-9b27-0045403d6538,571c636f-7a4a-4ac6-a7c6-d247fedb83c2,2,2,4,8,2023-06-14,2024-01-01 00:00:00,2024-01-01
6a58f370-a64b-404d-ab8f-eff3865a48e1,c79bab95-d058-4857-ac94-e928c18ec540,08846e86-3d8e-4c3e-af1b-1665cf209d9f,5,10,1,3,2022-09-21,2024-01-01 00:00:00,2024-01-01
c2be6598-98b0-44d9-8988-71260f390334,b305f838-ef51-4ee8-b47b-6506d745a692,0fcf7399-8fe6-439c-977f-6e8fde3da99b,2,6,2,0,2022-10-09,2024-01-01 00:00:00,2024-01-01
0f5a8fce-139d-42d4-882b-dc2d1d252832,d8cc292e-cce3-4494-934c-a51dace6b1c4,0ad16284-7dad-469c-81c6-08e7988e4581,4,19,1,7,2019-04-05,2024-01-01 00:00:00,2024-01-01
f8c3d679-d6a7-40dc-b69a-c51f0d261daa,6da19f2e-9349-4b65-a9fd-db817b480765,2cec8b9d-688b-4f35-9994-67758a1c216d,5,6,6,7,2021-04-28,2024-01-01 00:00:00,2024-01-01
7a448e27-5883-4811-9f07-e3bf35eec464,865d8a7a-90eb-4065-9073-7a3a5d676742,7202611c-9b89-4c04-b67a-ffc76837fecb,2,20,0,1,2021-03-29,2024-01-01 00:00:00,2024-01-01
b5ae9eac-3760-4152-8373-bd86cee5f976,529ac170-a42a-4b8f-b802-3fc463dc68d6,a53c3d45-a019-4f33-b39c-30fbbce4ad38,2,5,8,7,2023-05-14,2024-01-01 00:00:00,2024-01-01
4ddd38e7-ae13-491f-9e5f-2a7debfef566,daa09647-a3be-4257-b119-5169dc15a366,d200bcbf-2a8f-48d4-9253-7997795d92cf,2,3,7,2,2019-04-13,2024-01-01 00:00:00,2024-01-01
7a3de9d0-80d9-4500-8293-50b708bfd063,2099e4b9-3a28-4da4-9b43-9833ca5f1f85,81b66fee-e764-4208-8777-f3ce1e86f1c7,5,17,9,5,2023-06-30,2024-01-01 00:00:00,2024-01-01
0519bd36-4240-457f-b792-5afbcdf86c5e,2fffb325-41fa-4ae7-a701-91e16330ac6e,32e2f2ae-8d59-43ef-b972-bc85f1e3effa,4,19,8,6,2023-03-27,2024-01-01 00:00:00,2024-01-01
a0e64d13-29f6-436b-a5e7-073ea0b969b8,acf8ea34-d077-4222-bfde-d48b4d87e9da,ab0a08c8-179f-4998-b48d-1f792d033ed8,5,14,2,7,2023-08-29,2024-01-01 00:00:00,2024-01-01
ad0628cf-b1ce-4bcb-935a-2043e2c4a1a2,66369dc5-399c-4f26-b195-9d5b5f232b16,185e7502-135f-4aa2-aac7-26d0f0eed2cc,2,20,4,8,2021-07-10,2024-01-01 00:00:00,2024-01-01
abc8dbd1-3c4d-4ed5-9ac1-1cc78315a22b,cd880903-cd27-480e-8e0c-c511bdf7c72f,e6b82e62-5bc6-4d33-9de6-4ca3413eba00,2,8,7,1,2021-09-19,2024-01-01 00:00:00,2024-01-01
fb30afb0-1798-463a-8bdf-c9d2483f5031,ae271ca3-105e-4987-834d-8a8fd6d29608,54ffe43a-ee72-49cf-9b9e-5ced527f8632,2,8,5,5,2023-01-01,2024-01-01 00:00:00,2024-01-01
f1d65411-feb0-4485-bf3d-6ab024ffe80a,af19594c-4163-474e-a839-04d286a2fb98,974e368f-0337-4cb7-bfea-024151bc4b40,2,4,3,6,2022-01-11,2024-01-01 00:00:00,2024-01-01
6c8e4816-76f8-49a8-ae37-4c8b0b0caed4,ebbb3584-7f83-4bf2-af76-15aa950be348,6fee9276-03aa-45b9-b02e-e08ea008b870,2,2,6,6,2022-11-22,2024-01-01 00:00:00,2024-01-01
e536859a-c9bc-475f-b47a-9812c9492f7c,18823163-2023-4e24-9919-0b42cdcdf3bd,c29f8478-8036-4162-99ea-0f8aa0bcf424,4,13,0,3,2020-11-08,2024-01-01 00:00:00,2024-01-01
5b68da4c-6a13-48c7-a775-b1ac51699c78,6e3557ae-828a-4d16-bef4-6c449b6fa5ac,5a485394-3184-41d9-948f-13c4ac0472c2,4,18,0,9,2023-09-02,2024-01-01 00:00:00,2024-01-01
12297835-5b13-48ff-90ab-d4d4701ace14,ca9ed1f1-ce78-45e7-b073-cdab54becef3,a8c37e51-9852-4670-bd66-3bea5c508b16,1,11,4,6,2021-02-18,2024-01-01 00:00:00,2024-01-01
e9fda60c-ff0b-4b68-8bdd-ba9ad4037e6b,ed23c8a1-11b8-4660-9acf-f5be9c265664,32e2f2ae-8d59-43ef-b972-bc85f1e3effa,4,17,8,9,2023-10-14,2024-01-01 00:00:00,2024-01-01
5cd9ba59-3954-448f-b145-54a27d6a9115,1f3ecd3b-a640-4fc8-9008-a3b25c154395,10ed932c-9d7e-4b52-8acc-3d5ebb7ab0fa,2,8,6,7,2020-03-27,2024-01-01 00:00:00,2024-01-01
7e8006cd-747b-4cce-8816-e7a2f107aace,ff822af7-9e03-4cb1-b3bd-3514f10059d2,115fdbad-ad54-4574-a146-59585c99eea9,3,12,2,7,2019-03-01,2024-01-01 00:00:00,2024-01-01
f7e604dd-57dc-48fa-aee8-fa8897572cda,9231b605-37cf-446c-807b-2eb8c4daff7e,02a585b3-312f-42dd-ba85-2c7d20ebd68f,5,0,6,9,2019-09-19,2024-01-01 00:00:00,2024-01-01
4085d1e8-2468-41eb-9dcb-4a7bea29c144,c1d452e2-1e72-4ced-9326-18e6e6b6c83c,fa6dbc27-2b6a-4eb8-bbb5-9e5358db1290,1,2,10,6,2022-03-01,2024-01-01 00:00:00,2024-01-01
c448b79b-f8ee-433b-9779-b9c6e05af13e,c830a270-9077-4963-8a82-f9f5b91f22a6,f22170f9-0a9f-40c7-9f8e-6ed79578fb2c,4,5,0,4,2019-10-05,2024-01-01 00:00:00,2024-01-01
fc2e80ea-881b-40ae-9e92-6c445f80e723,a44e1c7b-1d18-42b5-a1da-2d203b278b33,6683db8b-bf0e-4904-a49d-c15c6cda38c7,2,14,5,5,2021-02-15,2024-01-01 00:00:00,2024-01-01
3f6cf6fe-23a3-4c6f-bebb-9e1781ff1c77,4460bfe3-4056-4840-b606-56bff4a35803,4de6c7f0-1541-4146-ba6c-4b5813098f5e,4,8,6,4,2023-04-08,2024-01-01 00:00:00,2024-01-01
c6ff6850-6c4d-416e-b8fe-14149e94b1e7,8e0eeae1-fdfd-4e59-99be-950f7db2960b,974e368f-0337-4cb7-bfea-024151bc4b40,4,0,8,0,2023-09-06,2024-01-01 00:00:00,2024-01-01
f0c40011-f029-4275-a65b-cada8c3109ea,d55809c5-6018-476b-b4c4-a2579b844235,04723e3e-62de-4c60-8482-d3c5544ef0d5,1,20,0,0,2020-12-17,2024-01-01 00:00:00,2024-01-01
55ac8b84-8898-4469-abf8-eb510d3313db,fbde7aa2-d4e8-4770-8a5a-00c52379c0b4,cb54cd85-0380-4ca9-a739-eee1dc503a51,1,19,2,3,2020-05-21,2024-01-01 00:00:00,2024-01-01
d1287b9a-5689-43b3-a440-a34000a825a8,2003fa17-c4a2-4628-844c-3a1883099b9d,cb22d79c-9cd7-4ebe-a15a-6a9c3fb34123,1,18,3,7,2019-09-16,2024-01-01 00:00:00,2024-01-01
d9fb1980-a732-42c4-90e0-44fd68374bf3,37d9d9e4-91c3-4394-83e4-c866692f270e,6b807bcd-3847-46b4-b0cc-81288a961cc5,3,5,9,9,2022-12-03,2024-01-01 00:00:00,2024-01-01
77bb6a64-a00b-461f-af29-12d3b8e39b56,6575c5c5-b5f5-4b0e-8e8d-1b85d1dbd2b2,2b55163c-c8c3-4a9f-ad5a-0948e83fe97e,1,5,4,1,2023-03-12,2024-01-01 00:00:00,2024-01-01
32a8b791-06dc-42d1-a354-3090cfd02c3b,21309c8c-a68d-4ac3-b4e7-26911e7e243a,7844313c-03fb-460d-afa6-978f8001955b,3,18,10,6,2022-03-31,2024-01-01 00:00:00,2024-01-01
6f4007f0-253a-4f3d-8198-11cb1fe3d790,2d8ebe85-3174-4616-8827-6d019768cdd1,44e549c9-2fe5-44df-8804-9d88f6092512,2,2,9,10,2021-03-23,2024-01-01 00:00:00,2024-01-01
098b0b0d-e1a7-4a85-8b71-ed3387e29762,b710dfe9-0347-49a7-8832-b3c7fddb0bd0,1f1dca18-276e-4ea7-8598-8dfa3da1bd8f,3,19,1,9,2020-05-12,2024-01-01 00:00:00,2024-01-01
679e4a10-3c43-4e18-9a7b-750eec77f713,97be0b5f-b7dd-469a-a982-ec115eabfb29,8c9c9dbe-e89c-4845-932b-7aff6ac30a0a,3,17,6,10,2023-05-22,2024-01-01 00:00:00,2024-01-01
625e8af7-cd56-4993-bbaf-10c131eb7f11,3102a2b4-2dc1-44ad-bd7b-8a0e1470968c,9bddb06a-1019-4e75-a10a-17b93e8b5b42,5,20,5,0,2021-01-28,2024-01-01 00:00:00,2024-01-01
c38a411e-d546-4269-bd1a-df8b4155bf26,c449bbe2-5b84-4519-bf06-d64322b6e7e0,5a485394-3184-41d9-948f-13c4ac0472c2,4,3,6,5,2023-10-06,2024-01-01 00:00:00,2024-01-01
021fb8d4-4a73-4b5b-a0d5-749452d7f525,db43bbf1-e2a2-4b8f-b232-896812ccd15c,32e2f2ae-8d59-43ef-b972-bc85f1e3effa,4,4,6,2,2022-07-25,2024-01-01 00:00:00,2024-01-01
8f0a015b-6bb5-4a2e-8124-238b2302cb40,08c6afda-c96d-4fb3-88e8-f8fbeabe218d,bf5722b9-c754-45bd-a502-a5d56c8ab316,3,19,8,7,2023-02-11,2024-01-01 00:00:00,2024-01-01
a1751d81-4e60-4ccc-87b8-bd75b98e1938,bd6b9782-11c7-4010-962b-d40359b367aa,1e805732-e82c-4bc1-bfa4-a10ef655b2ab,5,8,5,3,2021-08-10,2024-01-01 00:00:00,2024-01-01
103f44b1-52b6-43fd-8d4a-09187ec01989,012c1a8d-682c-43cd-919d-2b54d8ebbc2c,23a41a82-aaeb-4cbc-a3da-56c530260b62,1,8,7,3,2023-08-29,2024-01-01 00:00:00,2024-01-01
18d56cd2-68d7-4e62-81ef-bd4e3f8ce1a5,cca63fa0-79c8-4844-8b55-331d154db7fd,81b66fee-e764-4208-8777-f3ce1e86f1c7,5,19,10,6,2023-03-17,2024-01-01 00:00:00,2024-01-01
a5c92a86-21d4-4fb7-8d42-0c948f29c428,0fa92f10-fb78-4cad-85bd-4e6c12851395,f2d02368-d00d-45a9-a715-4eaa09e96fd3,4,10,2,7,2020-11-19,2024-01-01 00:00:00,2024-01-01
1ac35fe7-9463-4ed5-8faf-9d6744332eca,7633d8c9-870c-430f-9870-9fe458d432e5,758a772e-8c09-4f3a-8a41-7c5eb26a6110,3,10,4,9,2020-03-10,2024-01-01 00:00:00,2024-01-01
0f965929-6ef6-4148-9d05-b4a459a1d3ed,2595854a-5929-4bb6-a3c5-874b802e8f7c,4de6c7f0-1541-4146-ba6c-4b5813098f5e,3,17,0,8,2022-12-07,2024-01-01 00:00:00,2024-01-01
a5a38286-f9d5-4889-aa6d-0028246ddd50,72583bcb-6f8e-4b62-9254-4d23efc85cb7,ea4d27d0-037c-4927-900f-4f755cec1ab2,2,13,7,8,2020-01-27,2024-01-01 00:00:00,2024-01-01
27fac060-69a2-462f-a807-334281c35c96,8b8109b8-0be6-4158-a095-bda9855c5164,3dcb9969-4b73-4926-aa46-2c48ba947fc0,4,20,7,7,2023-04-02,2024-01-01 00:00:00,2024-01-01
beef09d3-2fe0-4c50-a7fe-1ae7b8fa87f3,2898c15e-169e-4be9-9f86-9dfcc42e18a3,8819d9f7-a96c-49ba-b6d3-97e15ed72dbb,1,9,3,6,2023-06-12,2024-01-01 00:00:00,2024-01-01
b366c4de-9e0b-47e2-8760-72512952c8ba,1c72611c-7333-4323-af92-01c921ea456d,7202611c-9b89-4c04-b67a-ffc76837fecb,3,18,5,7,2022-11-17,2024-01-01 00:00:00,2024-01-01
7b751c3c-a336-421f-99d6-376194364c3a,b0016e66-d501-46e9-a4a0-4f39811e33a5,981d69ee-8bf8-4175-a790-bf01bf05aabd,3,13,8,5,2022-02-07,2024-01-01 00:00:00,2024-01-01
c7f88ba7-ecdb-46c2-bbd0-937889589c5f,1d85f518-b296-4f14-83ac-7d875bd44a42,b1739b28-f87d-41ac-b2cc-1214c3e645d9,4,8,4,4,2020-12-21,2024-01-01 00:00:00,2024-01-01
613969d1-04d0-4ce7-a358-87bc846f11e7,1ff37292-db5c-40c2-9a75-2ef117aba77b,6f389e71-46f7-4711-9fd1-f5329424e39b,2,10,1,8,2020-04-17,2024-01-01 00:00:00,2024-01-01
4d48fe45-3e2e-4658-8ebc-f8091b5f6264,3f7fd930-7fc3-40d8-bc85-e4dd83933fc6,c47863ba-9eea-4d54-a20f-a8151df391ab,2,6,3,7,2023-04-10,2024-01-01 00:00:00,2024-01-01
84c508aa-a1f3-4c11-b6b0-8086f6b9f083,c2fcb6d0-646f-4b52-8c09-7e489e9a34ab,d463fafa-7d15-4981-8b7e-9bcb112f286d,5,16,9,4,2020-07-20,2024-01-01 00:00:00,2024-01-01
53ac9958-2dd7-438b-bc93-e9551cef18de,d0332ce0-3ccd-48cd-ba2e-9a5db7c26a0c,5e2507d0-04bf-414b-9bf2-382051d882bd,2,9,3,5,2019-07-25,2024-01-01 00:00:00,2024-01-01
15de05b9-32e9-4148-8864-d9fd919e1042,f50b1a46-9eba-46ce-ab70-91dd0109ee24,133046c4-5256-4bea-8a44-4afd95440375,1,17,2,4,2020-01-03,2024-01-01 00:00:00,2024-01-01
f416d4ae-c6ad-46ea-9729-b52df9ca85b1,6ef7931b-b14c-4110-840a-026d6f24e4e8,f9b92ba0-683f-4413-aca6-0f09926c345c,1,17,4,2,2019-04-04,2024-01-01 00:00:00,2024-01-01
393a104d-1d7a-4da3-9c8d-965e52752b18,2ddeda7a-0b1c-4ba1-9e83-3c4eca3f6853,eb7961b1-90ae-4c49-82a5-98b0cc745af4,4,3,0,9,2022-07-30,2024-01-01 00:00:00,2024-01-01
9f75517d-2f89-4388-abf3-2b1e44463ae6,daa08f86-2561-4e3b-ac25-a00e1185d503,66784518-e5fa-42c4-83ff-8b12e93c6b3d,4,14,5,2,2020-08-05,2024-01-01 00:00:00,2024-01-01
88af4b6d-ea3f-4672-83ff-c3c0ab6598cc,84389d5f-6e5f-4f98-8096-6c85981ea64f,a94ab030-6fa9-405a-a6d1-616817fc5300,4,3,1,6,2019-04-16,2024-01-01 00:00:00,2024-01-01
1b9d65a2-ec93-4ea1-b1be-448066156d27,b0810786-3691-4855-a3ef-a513a49855a2,5bc5474f-e659-435e-92e4-f5bcc8af59ad,5,20,10,0,2021-10-04,2024-01-01 00:00:00,2024-01-01
8990634e-a7ad-4c15-8f24-d0716b43184d,27c0b19f-7be5-483f-84a9-02b070f5c167,484ab5f0-e2b0-43f1-a5d8-b17c30918446,5,9,1,3,2019-11-07,2024-01-01 00:00:00,2024-01-01
e652d2e3-22d0-4b42-883d-cb250071f523,8ad052e5-4f28-4949-831e-a34f0392d9e0,d200bcbf-2a8f-48d4-9253-7997795d92cf,4,19,9,9,2019-08-31,2024-01-01 00:00:00,2024-01-01
1dc26898-1c9e-4ed9-b1ae-bcd1243ddf7b,339aa7c5-4bfa-4a49-8b52-a0beb4a332a1,4ea1929e-fb62-497a-b376-f1ffee3f4867,5,12,7,7,2020-04-07,2024-01-01 00:00:00,2024-01-01
7caa6f3a-1739-448f-90ee-2b7a7e95682b,7358885f-574c-45ca-b22f-2d4f4f66d603,9eee11d9-1e54-4d27-97a8-725f02ae7950,5,13,4,9,2020-08-31,2024-01-01 00:00:00,2024-01-01
79edf1a4-3121-4ed5-bc23-18da3058d0b5,dabc7f18-0491-4b5b-8ac5-17d594940430,7bb3ebad-db7d-4fa2-af39-7c8d05d05501,5,3,3,10,2022-06-25,2024-01-01 00:00:00,2024-01-01
20e39386-4168-4b00-a0bb-4eb8a6e6d59f,96cd81f7-8a4e-4073-b1f9-9cd00112db23,5847e485-edad-42be-8aa8-c1915e7c0a45,1,5,3,2,2020-03-08,2024-01-01 00:00:00,2024-01-01
1f114d9d-6903-4d47-b698-da594844531b,f0975d0a-450f-4f23-bf69-5a550fda85d4,6ce1957d-1e25-47e8-967f-4d011eab306b,2,0,6,7,2022-02-04,2024-01-01 00:00:00,2024-01-01
51a35cbd-7659-4a2f-81e9-96615e17167b,e23bbff4-77cf-46a3-a2d4-9e31855c4efd,4815c1f5-d4da-45ce-b56e-107a488864d4,4,9,0,3,2022-11-12,2024-01-01 00:00:00,2024-01-01
9679ce45-ea7d-42ea-b0e2-a4d685a0461c,0a45c9db-ac28-4f39-b7d6-133f3f59d256,7a7b7d9e-e75c-48d9-ad80-4b13675af47d,3,14,1,10,2020-08-13,2024-01-01 00:00:00,2024-01-01
f660dc03-8c2d-4700-930b-c1acb424a6cf,a16a0f2f-8d22-4f33-9a57-ab64329de03a,beb98874-b0ac-48c3-bde8-08fcd607299b,3,20,9,10,2020-04-23,2024-01-01 00:00:00,2024-01-01
ff8825e0-b8c1-4c07-a40d-6d8bc393a062,ff7d1a9a-18df-4b31-ad41-2b72b8eb72ac,23a41a82-aaeb-4cbc-a3da-56c530260b62,2,13,1,8,2023-07-05,2024-01-01 00:00:00,2024-01-01
e571c548-d933-4091-a87d-26f15b3bb17b,ba592c5e-092f-4f0d-8a10-769be21df08d,241c0c69-7b36-4eac-a90b-d904e70f02dc,2,8,2,1,2020-04-05,2024-01-01 00:00:00,2024-01-01
0b4f0bdb-0bf2-4296-b44e-4c7b1cecb450,8bc6cd91-90fb-4920-9fb9-79edb40db4cd,f71d9c1a-d831-4d37-ad50-2080459fea83,3,19,9,4,2019-05-03,2024-01-01 00:00:00,2024-01-01
ff60538f-6609-432b-8442-4f7480e17278,7e9bc16a-b2e4-47ce-b156-97f2ed2893fa,3ae9f732-b116-4e20-82d6-791f4680f3da,4,9,6,4,2021-06-18,2024-01-01 00:00:00,2024-01-01
5cf4910f-6957-457f-96e8-671ec1dbdfd6,d7745d18-cf1c-44dc-af4d-9dbf3f510400,0fe98d5e-6974-49a2-8470-b3d3e5c12fcc,4,14,1,9,2021-10-21,2024-01-01 00:00:00,2024-01-01
cd7971c0-7c95-4925-9741-e6b24e8bc23a,b5b51661-387a-490d-aba4-141b6a328288,5203a9a4-29dc-4a72-a571-35129e619f51,4,10,9,4,2019-03-23,2024-01-01 00:00:00,2024-01-01
e3fcd703-95d4-45a5-8ef5-6e2f0cdc3a86,1151ad9a-670b-4ab9-9140-d47d7a4fbb27,4da46ed5-9d9c-480d-aa47-7d43bc9c09fb,2,18,9,0,2019-02-22,2024-01-01 00:00:00,2024-01-01
a191663f-e431-47d5-aeee-a066254052aa,b8830100-e028-4b69-956a-ee40dcbff315,a05f046b-dbbf-4c3a-8381-3696ddecc5ca,3,18,0,2,2023-04-16,2024-01-01 00:00:00,2024-01-01
59160d94-e3e7-40fc-9ec3-47554522cf1e,fad06f1a-f322-4acd-a6dd-4103c28170f2,cbc1347d-0223-4fb6-b55a-c3b440586060,4,8,2,9,2021-08-21,2024-01-01 00:00:00,2024-01-01
884a11c9-af37-4237-b8e4-b3a2f6f18a63,9d26878f-82ff-420d-83e9-eaa4dad29eff,f5f963ec-8a77-4223-9b3c-0fddd61cdc78,4,2,7,5,2021-06-11,2024-01-01 00:00:00,2024-01-01
f764f3c5-d146-486b-b939-4f868a70a98e,e72f8b93-bd7c-4e98-a98e-de407b3c4d55,95785e11-a66e-4435-b080-1c3444822f98,3,3,2,5,2021-04-16,2024-01-01 00:00:00,2024-01-01
1b6260c5-6176-4339-8207-688655c24f5f,632affe5-57be-40c8-ae04-14e26c20685a,e7f6d769-7279-46ba-8b63-105cef9bfd01,4,9,10,6,2021-04-23,2024-01-01 00:00:00,2024-01-01
26552c2e-5ddf-4d70-b216-f5ae769c4385,24a0de24-e626-4109-b7f8-eca350485044,d250a920-f9be-4677-86a3-8a72838f9886,5,1,7,1,2023-07-25,2024-01-01 00:00:00,2024-01-01
ecd0ce7a-4cbb-4c86-9e6c-cf3a0e0feed4,e59f5bd1-345c-46a5-803a-3d44ef782131,a94ab030-6fa9-405a-a6d1-616817fc5300,3,3,6,8,2020-10-06,2024-01-01 00:00:00,2024-01-01
e0b47d32-9a9c-425b-9dfb-5c79c343ca30,250fff84-00f1-48fd-a43a-15062da3abe4,071aa882-feda-46a3-a4e8-02ec468ad223,5,14,6,0,2023-08-17,2024-01-01 00:00:00,2024-01-01
8cf4661b-fb97-4e45-a315-957869e1445c,1cc07171-e709-45b9-9515-d30cdbcba519,cbc1347d-0223-4fb6-b55a-c3b440586060,3,19,7,10,2020-01-20,2024-01-01 00:00:00,2024-01-01
d6c6d2d8-2f08-43e1-9665-102dce2c1d60,112fd2d9-cced-48f5-8c8c-e2ed776e26bf,d250a920-f9be-4677-86a3-8a72838f9886,1,6,4,8,2021-06-24,2024-01-01 00:00:00,2024-01-01
1c13450f-bb1f-4481-ad06-e5ddf080837c,71de0c53-4db9-41c6-bba1-4e17682ea035,0d881a76-5b77-46a0-b263-b852fb91039c,3,14,7,1,2019-09-26,2024-01-01 00:00:00,2024-01-01
84ebace2-4913-4dcd-86f8-00eef6a16ef5,ae484053-6ea4-4e72-ac5c-7d364ef6ec2d,f9b92ba0-683f-4413-aca6-0f09926c345c,5,7,2,4,2019-03-01,2024-01-01 00:00:00,2024-01-01
19bbf879-3249-42e3-b6cd-07f04de81fee,45387029-e04c-4a04-ae5f-f09e9fa6aed6,b175f2f8-ff61-4186-8f41-8390e8baa39d,5,13,1,3,2022-02-02,2024-01-01 00:00:00,2024-01-01
10a34bc6-f1a1-4309-9302-248a9cb97839,89af73cb-bf19-49e0-8a95-8f332ad90e36,c0d8692a-0e8c-43dc-9470-88c60fa6f487,1,14,1,10,2023-09-20,2024-01-01 00:00:00,2024-01-01
d454391f-1217-4fbd-a1ad-be396cc06711,fe456a1f-7153-4f75-bb40-abd5d27662c9,6fee9276-03aa-45b9-b02e-e08ea008b870,4,9,8,4,2023-09-01,2024-01-01 00:00:00,2024-01-01
2dfb455e-0c16-4b35-8150-d47fc58bd938,d51e616c-62a4-411f-86c6-920a7c64f224,fb9c3570-0148-47a8-b3c4-298db16beaec,4,15,3,7,2021-04-30,2024-01-01 00:00:00,2024-01-01
26567476-736c-466a-b343-5a7dc2d39168,dcde5a77-c7c5-430d-ac24-01965429c317,302f1237-ef3a-4879-89a9-7a23764174e3,4,6,9,8,2022-02-02,2024-01-01 00:00:00,2024-01-01
46712e2a-abb3-4d8e-bb87-749fa0aaf231,e3f70ee0-0258-4814-8f7a-16ccda8f4aae,4de6c7f0-1541-4146-ba6c-4b5813098f5e,2,2,4,6,2023-03-09,2024-01-01 00:00:00,2024-01-01
bc2efdb7-0380-450f-b43a-ecbe461ff5db,1ba42e18-8321-42a7-b247-242acae3f386,23a41a82-aaeb-4cbc-a3da-56c530260b62,5,8,0,4,2020-11-27,2024-01-01 00:00:00,2024-01-01
bf919f77-046b-4d80-a022-518a501d252d,16af5e84-2d72-4ce9-a36a-e824ee0e24c9,f1488b3f-9fa5-4679-a614-71f573583cdd,5,18,10,7,2023-01-26,2024-01-01 00:00:00,2024-01-01
8d697ee3-96d5-48f9-9e28-13673ee62efe,e6fbac47-069b-45c3-8f4a-dddeeb407fd2,484ab5f0-e2b0-43f1-a5d8-b17c30918446,4,17,7,5,2023-11-08,2024-01-01 00:00:00,2024-01-01
42889a2a-368b-4477-bbd2-d9d4c4f8709a,35d5e4fd-c038-464a-84fd-46e2e2df6dea,2346b719-adb0-49bc-a14e-4407cf1a3a9f,5,12,7,5,2020-11-11,2024-01-01 00:00:00,2024-01-01
e2044ae4-440a-40cc-9c28-1534639e2123,08c5610a-1153-4e63-91ab-f46f12989e86,f3aab638-34fe-42e7-bb13-82c8fb296808,2,18,6,3,2023-11-16,2024-01-01 00:00:00,2024-01-01
a0455559-9067-4ef9-8799-49ee507f4090,a43db936-3eb7-4e5c-9898-c97fead0f40b,4ea1929e-fb62-497a-b376-f1ffee3f4867,4,1,5,7,2023-10-20,2024-01-01 00:00:00,2024-01-01
8477edfb-7bb5-4985-b471-bf807b60ad13,52db4ee7-d859-43e4-87d7-e4c7f7a994bb,c0d8692a-0e8c-43dc-9470-88c60fa6f487,4,12,10,10,2022-12-15,2024-01-01 00:00:00,2024-01-01
11dc9fdd-5001-40d1-b891-e4333851a80e,8f0f0a69-b258-48ef-be1e-3031502d5c2b,df12ed67-7c50-4007-92d4-1b779e3d741b,1,4,8,9,2019-11-08,2024-01-01 00:00:00,2024-01-01
9211adfa-2816-4ddc-a155-5925097366fe,a94c04d0-d9b3-4d01-889c-313db72bcb26,a8c25bcf-82b8-4319-b1e5-589272d55207,1,14,1,8,2020-11-10,2024-01-01 00:00:00,2024-01-01
89b295fc-750b-43d5-82ef-4993c3cf3bef,4186f17a-1960-4a3c-8b20-1d8ed4c9fac8,b175f2f8-ff61-4186-8f41-8390e8baa39d,2,13,10,2,2021-07-24,2024-01-01 00:00:00,2024-01-01
d0f57b73-797c-44ea-98d1-44e40b082d4f,8219c3f5-6d38-429b-902a-fce8a4b53786,66784518-e5fa-42c4-83ff-8b12e93c6b3d,3,10,9,6,2019-06-03,2024-01-01 00:00:00,2024-01-01
21911609-a3e6-42f6-a923-b692018db313,691bf379-232f-4609-80d7-f2e1c3448457,974e368f-0337-4cb7-bfea-024151bc4b40,3,17,6,5,2022-08-23,2024-01-01 00:00:00,2024-01-01
7bba1fa3-3d50-49e7-809c-70fa0cd393fa,be6649e9-a19e-4419-a500-14bce9a57f32,2b55163c-c8c3-4a9f-ad5a-0948e83fe97e,4,17,0,9,2022-07-07,2024-01-01 00:00:00,2024-01-01
6ecb128d-056b-4c6a-95e4-7895f5a58b5a,2ee2f5f0-c337-4eb1-90b5-b53ae9c034ee,733feae3-11eb-45a6-9f4c-cfb082b5991c,3,7,1,6,2019-05-21,2024-01-01 00:00:00,2024-01-01
df68664a-e3a5-4441-be73-9335fa6581e4,ab8a5d0a-aa71-45a5-bc02-8367a51e1897,d250a920-f9be-4677-86a3-8a72838f9886,1,14,2,4,2019-07-21,2024-01-01 00:00:00,2024-01-01
b7692a33-bb37-425c-b676-68f1480c3a76,5e09312b-7404-472b-9fa5-38a4fd4a027a,95ecfad2-598f-4b56-9182-5d3280ccafdb,3,1,4,5,2019-03-01,2024-01-01 00:00:00,2024-01-01
ddb67202-2961-43c4-ac7c-b9579892538f,2df79ed8-0b45-4810-a495-c10fbd743fdc,c987c1d4-4420-48d0-87bf-7d5332046300,2,7,8,6,2021-02-06,2024-01-01 00:00:00,2024-01-01
4d64cbd4-2885-48cc-9555-1476992e4db1,aade2f1a-c04d-4d62-94c7-a91d35d792ec,143f33fe-1773-4762-ba69-036c875909eb,2,5,2,1,2022-03-05,2024-01-01 00:00:00,2024-01-01
47d49dca-7c94-44ff-ad39-2ded69db9c48,79765d6a-e5e2-421c-8e0a-c4521456f50d,a8c25bcf-82b8-4319-b1e5-589272d55207,4,19,10,3,2022-06-02,2024-01-01 00:00:00,2024-01-01
270ff0cf-613e-46ba-8956-c8fa2c1ada50,5c380253-18a1-40f5-bbb4-6f70df53b9e6,c0d8692a-0e8c-43dc-9470-88c60fa6f487,5,4,3,7,2021-10-16,2024-01-01 00:00:00,2024-01-01
d54b3fc8-2fbd-4853-914e-31774f79a88d,14d2f744-c13d-4f14-93db-6752b0c20637,17f17fc6-d728-4173-a47c-4726931b69e7,4,8,10,0,2022-07-30,2024-01-01 00:00:00,2024-01-01
21e4adf9-5667-4765-a5e1-3f9679fbc1c8,924114dd-84ec-4b44-8303-420ef2e24037,f5ba5970-56e1-4119-825e-dc0a88c466c7,3,17,2,1,2023-07-06,2024-01-01 00:00:00,2024-01-01
2a8b6679-8511-478d-8a51-2b98deeeefb9,d30dff36-f979-4f12-9e8c-bb316e73d68a,23548afa-8f4b-455a-b556-11068a4d1c9f,3,18,4,10,2021-06-23,2024-01-01 00:00:00,2024-01-01
431551b5-6523-4223-b64e-d3ad05edb93e,f3b7da5a-bcb6-427b-a780-92d6d200511a,c47863ba-9eea-4d54-a20f-a8151df391ab,3,14,4,3,2021-05-18,2024-01-01 00:00:00,2024-01-01
0ad04e44-9e06-4514-8420-f47000eadc2d,8912fa96-52f6-434b-b48b-c77b6c36e0a5,d06afe8f-b00f-4b3d-951b-dfc4f57cbee5,4,3,3,6,2021-02-26,2024-01-01 00:00:00,2024-01-01
6be91063-f264-4c66-b47c-22e3856a9dca,31b7b174-bd08-4a17-afeb-71797cbbb840,0ce240aa-6ec3-42da-bb65-a50fb6b5ccc9,5,9,4,0,2022-03-17,2024-01-01 00:00:00,2024-01-01
3f24f81d-48c8-41f4-8c5e-6263097d3245,811b666c-7902-4e2b-9ee6-60608171a564,519bfb38-3676-4d96-9ab2-edb60603b77e,4,8,0,9,2023-08-27,2024-01-01 00:00:00,2024-01-01
cc96372e-a60c-4bb3-b368-53815f960ffb,e62013c1-0026-44b3-bb46-9dc3de860579,fa9d2712-59b1-4861-9cdc-4344e649a21a,1,19,7,4,2023-11-07,2024-01-01 00:00:00,2024-01-01
fc95a705-e260-4e0b-9e84-e3abbb260389,c8ca6181-c3d1-44ea-954e-a309e68efacd,f9817dda-1be4-4164-98b5-454572022baa,2,19,5,3,2023-05-08,2024-01-01 00:00:00,2024-01-01
60fdbc62-45e4-49f5-a735-0f01082fc506,6f1347c6-e29a-42c5-8c0b-0f049a38cf40,00a0efc8-6053-489f-be9b-2c105c9904d8,5,8,10,10,2022-07-27,2024-01-01 00:00:00,2024-01-01
131acb00-5ecd-43fa-a8c0-3cd3915edf9a,104789fd-ca06-4fb5-8d13-034d4ee603bd,a8ca0ebc-9b7f-4d34-8d04-2fc582139c8f,2,20,1,10,2022-10-26,2024-01-01 00:00:00,2024-01-01
6d50fbb0-4349-4d40-80f9-0c813710e40d,64d4afa9-f30f-4da2-b41c-65a9d0cd97a1,ead94ea1-c900-466e-9a0d-0f4c131b4331,3,14,0,9,2022-08-16,2024-01-01 00:00:00,2024-01-01
dd3c1679-2380-4f00-9198-4792a7e78ef3,f7af7c96-b536-4c71-af7d-f3c6dcaeac80,050a9365-3653-4f9d-86be-006ee20e6d6d,2,2,4,5,2021-01-17,2024-01-01 00:00:00,2024-01-01
2b8c937a-d44b-4497-bc9a-47d386e6834c,eacf61bb-1b20-4b01-b847-e5a170afd42c,680a1405-03aa-48f2-be89-62e1c8bf3627,2,6,2,8,2023-03-11,2024-01-01 00:00:00,2024-01-01
7988502a-3667-4412-8d5e-ee214ac4e4cb,402a2d98-5550-4260-8a57-c590a611c2c1,546b971f-2bca-42ca-a9b9-11077fc42aad,3,16,8,4,2023-11-30,2024-01-01 00:00:00,2024-01-01
c1cfe265-0a01-4125-b378-de7f3fb64128,5bc4c68a-a114-4a21-b975-a8dda8e971d4,f71d9c1a-d831-4d37-ad50-2080459fea83,3,15,4,5,2023-08-28,2024-01-01 00:00:00,2024-01-01
9915b8be-7b4b-40a9-8a48-41690e2949c1,0876ffba-00ee-4b7c-96f5-e93369095de0,4b860dbb-3b9b-4e1f-8986-5f12d4f67aae,4,2,2,3,2023-07-06,2024-01-01 00:00:00,2024-01-01
97061831-881a-49be-8b26-55995e3b81b7,f1e703cb-1b80-4291-bf09-35356a406171,904fbcdc-a01e-4835-9898-b70b508ff43f,4,17,5,1,2023-10-28,2024-01-01 00:00:00,2024-01-01
bc19c90f-bafe-48ce-b26b-57a4eb5edcd0,453c3498-9221-4faa-a3b8-7666de5807d0,645d4d49-dc87-47fe-a65f-0dcbc44cde63,1,8,8,1,2023-06-08,2024-01-01 00:00:00,2024-01-01
394ef1eb-5bd4-4c25-b929-108b426cbb36,73076c70-94b7-46ea-a82a-94dcdd5d21f5,7d452a25-98d5-4e93-91d0-c5173fe7ba0b,3,18,6,10,2021-07-20,2024-01-01 00:00:00,2024-01-01
fb7db501-3943-41d6-85a1-f31ace23fd38,d0a0efb4-9867-4402-b9f7-fa6b235cf102,75b7337f-e116-4636-ac36-fe61ed885b30,2,15,0,9,2021-01-30,2024-01-01 00:00:00,2024-01-01
bafd3739-d5c9-47db-8678-e2dc1d8c6d0b,86b6d7ee-c991-4abd-9129-83faad7275db,6683db8b-bf0e-4904-a49d-c15c6cda38c7,5,7,10,1,2022-02-23,2024-01-01 00:00:00,2024-01-01
8482d845-a124-479f-ae5e-520e0c15bbd6,9ae6cc12-ce91-4be4-ab3e-7f7d487a8787,ce0b6f95-c730-496a-a07a-8384d42befb9,4,9,10,6,2022-07-25,2024-01-01 00:00:00,2024-01-01
c1583eaf-c64f-4285-bf25-f0c1239c7787,5983086b-ab26-471f-beaf-ab3c38cbbfdb,4813af42-8451-4b96-83d6-7cad975e5ad2,1,1,4,7,2019-08-27,2024-01-01 00:00:00,2024-01-01
6ff205ec-ae6e-4138-8d47-a334aa40b5df,de3b4345-e1f8-4e18-a39b-72f874c26bfd,c5b60773-230d-452a-a448-54789e68efc7,2,17,2,6,2019-08-26,2024-01-01 00:00:00,2024-01-01
f9c23462-5379-47ab-bfd4-22645938d85c,226bf2e6-2a2a-4f4e-98a6-edbf9ec18fd0,018c7220-47ac-4839-a4d7-f8d59199bd91,5,13,9,2,2021-07-18,2024-01-01 00:00:00,2024-01-01
83f5dc65-b341-4b9d-b1d5-3ab7cea22e4b,abbfb047-6a9f-408c-97cc-f51d6e284e35,1c2fd5bb-080f-4561-b29d-68f1d2290128,1,15,9,6,2021-04-29,2024-01-01 00:00:00,2024-01-01
e43e88f8-009f-4569-b959-74862cdb8670,e0b0050a-1142-47e9-885e-3f79381f09a4,6ecee6f2-1238-4a29-9fd3-442f6ff0e1fe,3,6,7,7,2020-07-26,2024-01-01 00:00:00,2024-01-01
be0019c0-0f73-44cc-ab4d-17b4b0d8c18a,66822c9d-f546-496e-bfbd-4f13f8207c46,ffda0ef2-515b-45d8-b52c-cad58ac5a42d,3,3,10,5,2020-04-28,2024-01-01 00:00:00,2024-01-01
5bcf347b-95b2-4e41-9eb6-5331a3fdbbf1,6f9b0c83-1595-4411-8fad-8f2ded08ab72,571c636f-7a4a-4ac6-a7c6-d247fedb83c2,3,1,6,4,2022-01-20,2024-01-01 00:00:00,2024-01-01
459306fd-e4c8-481d-acaf-57c305990cf8,0d899748-9b44-424e-9796-19a7d97c69ec,06469e1b-9c8d-4e4e-9c14-e69b211f5475,1,14,1,10,2020-01-24,2024-01-01 00:00:00,2024-01-01
dab5b1e5-3881-4c23-8eca-5cdfa346149c,4a7e37a1-3966-4b57-9217-314327e29c23,74131f6e-f541-48f8-b0f1-0ea715749268,5,0,0,5,2020-03-10,2024-01-01 00:00:00,2024-01-01
d8ce9a8b-0161-4f53-bdb8-2cfb8662a43e,ae368dde-b2fb-457b-8edb-58cc94181070,a8bae049-a215-4378-8164-0e4c821524c2,5,6,1,8,2020-05-13,2024-01-01 00:00:00,2024-01-01
6085f08e-b3ce-475b-829a-8c6e39112c83,bbf41bd3-1a67-4e52-ab87-febdb54517cb,79001d4d-d695-492b-b3a9-4fd78d066ddc,2,7,5,2,2020-02-29,2024-01-01 00:00:00,2024-01-01
67bb21f4-234b-443c-a0fe-64b2eecb1023,5cbd0f39-376a-4836-91c9-56125ca1c18d,571c636f-7a4a-4ac6-a7c6-d247fedb83c2,5,0,4,2,2023-06-04,2024-01-01 00:00:00,2024-01-01
57110b5d-4299-46ad-8adb-f0bcf2fcfd4b,17b414df-eb6e-4d0d-bf25-7ef9e54b4b07,0fe98d5e-6974-49a2-8470-b3d3e5c12fcc,3,5,1,10,2019-09-24,2024-01-01 00:00:00,2024-01-01
8a7840c4-42b5-4a14-878b-974c6e029a98,47bdf604-e175-4c65-8156-f4c5ed9c47ae,7844313c-03fb-460d-afa6-978f8001955b,2,0,5,3,2023-11-10,2024-01-01 00:00:00,2024-01-01
2c8d6626-2bf2-48ad-a390-2aceb1c129cf,2bcdae26-4b10-47b7-8f0b-1b95ebfb16bf,98724ab7-5e21-4910-8c91-2b38879fbca5,1,5,4,0,2022-04-20,2024-01-01 00:00:00,2024-01-01
dc91dd72-6d21-4fec-b9ec-ba08123938a5,7c4d0319-1e4c-4670-9be1-7d3e5a9536cd,5eef5951-d005-4984-b47a-d06c66199451,4,16,1,1,2019-09-17,2024-01-01 00:00:00,2024-01-01
e2cdb273-beff-45a3-a2de-5cbaeadb10e4,349ee79c-b46f-4596-a0e2-0c3f5e9cf466,0375d747-f805-4c9e-b6ae-321d1d5aa9fa,3,16,9,1,2021-09-02,2024-01-01 00:00:00,2024-01-01
cddd747b-6b46-4b2c-846e-2de4976c3590,c7231d69-2b1e-412e-b1ae-592b1754f512,0fda5757-e968-416c-b349-cf15167f3425,2,19,0,10,2021-07-14,2024-01-01 00:00:00,2024-01-01
132e6adc-08f2-48b1-bb2b-fe9558752174,a38ecc2a-409d-4917-b480-a115b1550807,133046c4-5256-4bea-8a44-4afd95440375,4,20,0,0,2021-12-03,2024-01-01 00:00:00,2024-01-01
901c1407-5889-4999-b929-758459d03072,97eee20e-0b41-4147-ba23-8f65a77c99a4,bb6ecc9c-2824-4092-8115-75fd5579d8e0,4,13,10,1,2021-09-07,2024-01-01 00:00:00,2024-01-01
219f301f-3e53-488a-8a99-cd282f7d1748,43568304-b136-42ac-9d64-22ad2a9fba8a,edea4b5f-3f5d-4314-8bf0-a86d0b8effc6,4,2,1,5,2021-10-01,2024-01-01 00:00:00,2024-01-01
1be952e7-4741-4981-b647-983db0c94bbd,e211d83d-a4bf-47fe-88dc-49ef18e10714,d4f537d1-f965-4b8f-a988-6937f70e11b0,1,4,4,9,2022-05-30,2024-01-01 00:00:00,2024-01-01
1257bc0d-5dec-4ff2-870c-9b5bfacd23ae,a43827a7-f00b-4f58-83ba-a8051b602f46,bf8c7d28-d8c1-496a-b37a-aa3a224942d3,5,10,6,9,2022-07-20,2024-01-01 00:00:00,2024-01-01
7acd8bdf-a2ca-44b5-a03a-607ce6decbe7,faaa2296-e4e5-466b-a0f8-1d3025b55f03,ddc37b46-61eb-46d4-ab20-d0103947c438,4,16,9,6,2021-12-22,2024-01-01 00:00:00,2024-01-01
9a372cee-127e-4bde-bfae-6ed395367bef,abcb89e1-d6c1-4a87-bbd1-6267319081d7,54073c9a-d5d8-4c8c-b6b2-4334ffa3652e,1,20,10,8,2019-07-23,2024-01-01 00:00:00,2024-01-01
55e58f10-b7ec-4dc6-8826-33941812a4fd,163fc84a-cabd-45b0-a6c4-f3be83bd9ae4,f22170f9-0a9f-40c7-9f8e-6ed79578fb2c,2,13,7,3,2023-01-16,2024-01-01 00:00:00,2024-01-01
391e5264-d412-4845-a546-dfa247509c62,44d1d6f8-816d-4020-bccd-50c8f95a7df8,1d682a19-a17e-4493-8004-f4b703c24c69,4,12,6,1,2021-04-27,2024-01-01 00:00:00,2024-01-01
48b699a8-c4e4-407a-9d56-f9f7d733d053,c7134fe5-014d-4875-bb60-38a472715821,29b81039-f7fe-44d4-b9ae-e43004eff257,3,8,5,2,2020-10-02,2024-01-01 00:00:00,2024-01-01
ef267f83-d2d5-4d74-9edc-0b944d21d966,00ec6476-b75d-486b-933e-2c39cb110ad5,ea89fd49-731f-4da8-969b-bc2a6c8bea84,4,2,1,1,2022-11-07,2024-01-01 00:00:00,2024-01-01
52d2419d-cb11-464f-83cc-98ae8fc150f9,ec86c9d0-0d8a-48ed-9dc1-21b4cf65f8ed,746c3efc-cf72-421d-9710-968c235f4970,1,11,2,8,2019-07-10,2024-01-01 00:00:00,2024-01-01
2cd3025d-1e2a-4410-a3d0-ebd4229c1f12,0795f81b-675b-4366-af13-6e203984be45,79001d4d-d695-492b-b3a9-4fd78d066ddc,5,17,5,10,2019-05-03,2024-01-01 00:00:00,2024-01-01
8885ed8b-9b4a-4188-bd54-064373c1aacd,3a82164d-0558-41e3-8f0d-c7a8a552c266,e38cd76c-4edd-4fb9-9598-7e00255aa1b2,3,13,0,4,2019-09-08,2024-01-01 00:00:00,2024-01-01
01dae56d-198d-43d7-b66f-ddd985649a27,68637efd-c1f6-4640-af51-1fba8bd80d00,117d3262-7947-4f82-b666-c1ac287f8bdc,3,3,9,8,2022-05-14,2024-01-01 00:00:00,2024-01-01
0e1e9e93-e7ad-41c6-ae75-fb2a9b051206,c68d21c0-cdb5-46e4-b16d-4840bc341387,06bdb1fb-5584-44c3-b60e-ba9d730a9ff5,4,7,1,5,2020-03-11,2024-01-01 00:00:00,2024-01-01
13494bf5-8806-42c9-888d-d2d70a1634d3,2da4423d-def1-4c5e-b636-5cac6b0699b2,61094253-0645-4e3a-8425-6747dd857e20,3,3,4,9,2023-09-28,2024-01-01 00:00:00,2024-01-01
51e19322-b365-4499-8f49-a8a8ced8cbc2,dd2becdf-687b-4e46-b4e8-b9cd2f031c2f,137d4ec0-94bc-4552-ad59-f16b7a6efd21,4,17,9,9,2020-04-08,2024-01-01 00:00:00,2024-01-01
9e22a1b9-1a15-4cf8-9d21-9d455c959d94,c0c2d554-eba5-43e0-88f3-6ea0544d7a13,3f5e8bfc-3258-4d11-a9ee-45d332fd0527,5,0,9,10,2022-10-14,2024-01-01 00:00:00,2024-01-01
1cdd32eb-2d7a-4561-9cf9-7396ec5e2efc,3a2305ab-1be1-46df-89dd-b3b306451820,e7f6d769-7279-46ba-8b63-105cef9bfd01,3,0,2,4,2023-08-26,2024-01-01 00:00:00,2024-01-01
3b480a3c-a986-40a9-a1b0-c62f288cee47,e47e5be2-b414-4c1b-a9f4-3f4fd69617b4,33a8bae8-defe-45ee-bc55-acac9865843c,3,10,5,0,2022-12-10,2024-01-01 00:00:00,2024-01-01
8f783414-7c35-4f1e-bb80-cd3fc403a641,d771b90d-3c5e-4b65-90bf-c318660ab640,a8c25bcf-82b8-4319-b1e5-589272d55207,2,18,10,6,2020-01-07,2024-01-01 00:00:00,2024-01-01
b5f33a0a-1750-46a5-ae3b-ed5b4237ee06,e17e4c7b-964f-4aa4-9c96-39f9ebc92459,7fe05f0b-325e-4e03-9683-1584ee95d892,1,2,8,3,2019-05-23,2024-01-01 00:00:00,2024-01-01
f3e56769-ec43-40c7-994d-e8ae0c5400de,df119c77-0fa0-4ef8-adbf-94c834c6d0ac,d99f29a1-fbfd-4641-9f25-3cddfc9e6f64,4,10,2,5,2021-02-09,2024-01-01 00:00:00,2024-01-01
af1ba584-c02e-47a2-b18e-e0ec7b3da91c,988dec74-7d6f-4a90-b1fc-36e79fb2b554,231bd419-685c-4a7c-86fc-f896eb986a7c,3,18,9,1,2020-09-30,2024-01-01 00:00:00,2024-01-01
7906df99-7214-418c-8e04-1368f4053b77,2257ad6c-e7b0-4108-b707-dcc94a3a2ac8,06bdb1fb-5584-44c3-b60e-ba9d730a9ff5,2,19,0,10,2019-04-18,2024-01-01 00:00:00,2024-01-01
13819a1c-9dd5-4653-9ed0-b24ca2bb71f5,1b6068f9-0504-42aa-8bb2-e18e8cda5f48,e3277bbf-6082-43b9-9df3-9183185ff074,4,13,7,9,2019-06-17,2024-01-01 00:00:00,2024-01-01
cee1a803-e528-44e0-b8dc-bcd14cde0073,037eb1a7-f566-4df7-9a14-36ee1a980c2d,680a1405-03aa-48f2-be89-62e1c8bf3627,3,6,8,1,2021-06-24,2024-01-01 00:00:00,2024-01-01
1ce4463b-612b-4800-a935-6381c9c520f0,609c7e16-4ce0-45b5-a623-8b1c541655a7,c987c1d4-4420-48d0-87bf-7d5332046300,1,9,10,10,2020-12-07,2024-01-01 00:00:00,2024-01-01
92461a1d-103e-47ab-9b02-02fbca98c45e,2de05da4-c8be-4308-b9e8-255109b01110,10ed932c-9d7e-4b52-8acc-3d5ebb7ab0fa,5,9,0,3,2022-04-29,2024-01-01 00:00:00,2024-01-01
4bb40e14-47a1-44da-8e20-255054aad230,5161bd91-dab9-4a8f-82c0-4830779c17d2,7c370196-e467-4102-be70-deb73cbca2c3,1,0,3,4,2021-03-20,2024-01-01 00:00:00,2024-01-01
855e11b6-82bc-4988-814e-0a984587642d,3d4bfe6f-c12b-4675-9fe1-d8e664352b92,98ecac3b-17cd-418d-b996-6a44293cb0cf,2,8,4,5,2020-03-08,2024-01-01 00:00:00,2024-01-01
a90a357b-d602-4a77-be0b-3807463f8991,37c5ba9c-4d54-4c2e-ac2f-d5c0cedc4d6c,60a84bb9-9c76-4b64-ab1d-16dd31b94625,4,13,2,2,2019-09-03,2024-01-01 00:00:00,2024-01-01
da5fa466-022b-4c53-91a4-a869c26d984b,ff26d789-987f-434d-a79e-2a76e96c7f28,a7875516-191c-433a-9d0a-e42a3e3ed6db,2,16,8,10,2021-02-17,2024-01-01 00:00:00,2024-01-01
5d2cc0d8-38a1-4cc4-9382-8d8359320c2d,cc5fa6d1-90d3-495b-a9c4-1592a8e38449,758a772e-8c09-4f3a-8a41-7c5eb26a6110,1,12,0,6,2023-07-10,2024-01-01 00:00:00,2024-01-01
5208219d-9263-4b63-9718-4504d4ad0789,9b0afa6d-f69d-4d36-91f7-692d4fefcee0,2e4e0d6e-9e7c-4a8a-929d-e5a748af17d4,1,10,9,6,2019-02-08,2024-01-01 00:00:00,2024-01-01
813a103e-4388-481d-918a-e89926f935cc,d3785943-5c08-4ce3-8d6e-a198280fbe33,d38f3cd2-cd63-4045-82c5-930ec1485b40,4,9,1,6,2022-03-20,2024-01-01 00:00:00,2024-01-01
358bfec1-2bb5-43c9-85f8-22898886632d,89e6372f-6873-497b-8cde-c3106900e5eb,57ae4cdb-5481-4954-b336-5912b1b3653a,3,5,9,7,2019-02-12,2024-01-01 00:00:00,2024-01-01
91d58729-a00e-4704-affb-4692b5db1491,21873b54-8450-4e63-acf9-7dcc44f69a14,c47863ba-9eea-4d54-a20f-a8151df391ab,3,2,6,1,2023-08-31,2024-01-01 00:00:00,2024-01-01
31d9e235-ba33-462b-806f-d3654ce5f0e8,aed895d4-a443-407f-afe2-20f0febcb490,1e805732-e82c-4bc1-bfa4-a10ef655b2ab,5,12,8,1,2020-05-13,2024-01-01 00:00:00,2024-01-01
bab3c7c6-59e0-4e2d-8a0b-c389c8de12bb,15918626-9f91-4bf1-8ec8-29389a289f8b,a8c25bcf-82b8-4319-b1e5-589272d55207,3,10,3,5,2021-03-21,2024-01-01 00:00:00,2024-01-01
62915740-6c52-4d84-8efd-682ea08ac6e1,68bf4c20-e080-4673-8ca3-6e3b21d2d305,0288a5fb-a2e3-472e-b132-4e10784bc88a,1,16,10,1,2023-05-15,2024-01-01 00:00:00,2024-01-01
3152a9e3-9028-46db-9f2a-d89c0de82eb2,f384bdab-5504-4340-8170-a11c6206d867,9d0a07e7-7cad-4b11-b098-c63cd83d86cc,2,11,5,10,2021-12-22,2024-01-01 00:00:00,2024-01-01
bd9334be-3b1c-44f1-b22c-7d5eba81b6a6,b2c3a7b2-d7fb-4bee-bd6a-a31108ea39e2,d4f537d1-f965-4b8f-a988-6937f70e11b0,2,3,2,4,2023-07-28,2024-01-01 00:00:00,2024-01-01
2c2c52ed-9920-4720-8039-1b774011fa87,b9a5c2b2-9445-4f2a-83a1-13ba5c5ec66d,fa1d0eea-c721-4047-9738-8c67a6a0bccd,5,4,10,1,2020-02-09,2024-01-01 00:00:00,2024-01-01
9c71cc88-63e9-4b2c-b1e1-dcfc4b57f3ff,201733ed-29f4-47c6-b4d4-767b887f84fb,2cca2c71-8879-4dd7-8c3e-2a9d62eba8e8,4,14,9,9,2019-12-29,2024-01-01 00:00:00,2024-01-01
01e3d09a-7bd4-44fd-9a4d-f4e5a4549c02,49b87ea9-eae4-40fc-a38a-17e985f0dc57,af768449-2096-4f00-b3a0-2f104c7c0182,5,20,10,9,2021-07-08,2024-01-01 00:00:00,2024-01-01
4b25175e-edee-44a4-b6bc-f5889159f527,6ddb7dfa-5d00-4126-8574-57517bfcf5df,8fa9fce9-f7f3-4b38-9843-15643dc064d4,3,4,7,1,2020-10-23,2024-01-01 00:00:00,2024-01-01
b420620d-535f-41eb-960a-14b1f520afb0,63986bb5-064d-4999-9e8d-4fbeba44ef65,79e07125-98dd-4dab-8735-fdcccd09bf62,3,8,9,0,2021-08-18,2024-01-01 00:00:00,2024-01-01
a0bf2ebf-540b-444a-98f0-fa7e76aec7d2,a8d2cabe-2b43-43a1-a463-7482c5947c1c,739a8dc0-12af-4987-bee4-bf7d353d0719,1,9,7,7,2020-12-21,2024-01-01 00:00:00,2024-01-01
05befeae-9cf9-49c4-8e91-75d42feef0c0,40114078-8c0f-4fe9-bc5a-b7e8d099284f,390cb769-6de3-4ad2-a51d-c5a1c0bd5859,3,9,1,10,2019-03-19,2024-01-01 00:00:00,2024-01-01
498925bd-3b22-4321-977e-d12fb77cc36f,978497d4-19ca-40fc-95a8-208ad3568fa3,ffda0ef2-515b-45d8-b52c-cad58ac5a42d,1,19,9,8,2023-11-05,2024-01-01 00:00:00,2024-01-01
58b2f9dd-5b94-464d-b1d6-2e8ad25fb3ce,73aecf11-2607-4c9c-897c-b01ee40aa974,07e5b557-841f-4555-ae9d-a926caafb32a,5,17,0,7,2021-02-26,2024-01-01 00:00:00,2024-01-01
eb391276-ee9c-428b-9376-33db8c8db301,6672a2fc-86f8-4817-a294-eadf90170577,28bb2c40-3d13-41a8-8b00-f3b3855cfc8f,2,10,9,7,2023-07-17,2024-01-01 00:00:00,2024-01-01
1de20b8b-0474-4ada-899d-11039e4440ba,82663f96-3728-4f73-b746-622a8ad1e184,6a01d889-b776-4f27-8221-299b8d06dc27,1,14,1,5,2021-10-23,2024-01-01 00:00:00,2024-01-01
f4b98abd-724e-4ff6-b417-76336d26a1ac,bac31cad-ee34-4d16-9e55-69a05e1e31b2,ea4d27d0-037c-4927-900f-4f755cec1ab2,5,20,2,0,2023-01-02,2024-01-01 00:00:00,2024-01-01
66aba7b6-8db4-48d2-a080-fd44c88ad556,500f034a-2c82-4b10-94dc-9e65a2a6497f,f004475d-46db-455f-979c-165786d0d6df,4,14,8,8,2020-05-22,2024-01-01 00:00:00,2024-01-01
dd41a081-1969-499e-91d8-41461ace111d,d29a8460-6871-4529-877e-eb79a716284e,046f62a1-a2f7-406e-8c45-b4bab6917922,3,11,4,6,2022-06-02,2024-01-01 00:00:00,2024-01-01
7b8d232d-2b3f-4391-8131-4e74443888dc,c2d1141c-bb2f-4b12-882e-983e508a43c5,2df2adba-7f82-402e-ba5c-c93f88573bb2,3,19,0,10,2021-04-17,2024-01-01 00:00:00,2024-01-01
bf406738-493d-476d-9af4-a71498f0ac96,a2f249e8-de47-458d-9f31-3683bb4b0d08,b4518080-60ea-4798-86bc-d3b1ae7c352b,1,10,1,8,2022-08-18,2024-01-01 00:00:00,2024-01-01
c158ff8e-286c-4259-9b50-df4ce9d97270,47e416e5-9224-41bd-a948-d0f832bd181d,a769159d-ef18-40f7-b429-7ad16a3082b6,3,8,10,9,2022-10-21,2024-01-01 00:00:00,2024-01-01
7b3b2bf2-2d05-44da-b009-42d21e0f1153,02d2759e-88e8-45e2-89a3-7623d54219c8,484ab5f0-e2b0-43f1-a5d8-b17c30918446,3,2,9,10,2023-11-24,2024-01-01 00:00:00,2024-01-01
9e6c5bc1-3dee-4e07-9a28-795af4543237,8e9e33a5-01f8-4344-b345-3501a674e9fa,162f75bc-b2ed-40ce-a26e-981ea18f28c0,3,9,10,10,2019-10-17,2024-01-01 00:00:00,2024-01-01
5d060f29-444b-463c-9250-fb8e099590ee,e4994541-ec27-4614-968c-a9f8ed320deb,cdd01a01-fe8b-40d4-b2a3-c0e0207a3a1f,5,2,4,8,2021-03-13,2024-01-01 00:00:00,2024-01-01
a75ad28c-89e1-4902-b197-5d6b6a97ea44,92acb88a-9af1-4c88-83f7-a4f1bad0973d,3f5e8bfc-3258-4d11-a9ee-45d332fd0527,3,4,10,10,2021-02-10,2024-01-01 00:00:00,2024-01-01
0389c0eb-00f6-4251-b020-d6067da504be,026e796b-82d6-4ddf-85d8-cfe2817c57b6,61a0ff12-d68f-4b62-afab-5178433b5f21,4,16,5,0,2021-12-14,2024-01-01 00:00:00,2024-01-01
3c15c6d5-5ca6-4954-be03-2bae0d65de90,614b1f0a-3abe-40dd-aa07-dec9b7fa1d17,0fcf7399-8fe6-439c-977f-6e8fde3da99b,2,6,5,7,2021-01-12,2024-01-01 00:00:00,2024-01-01
d45b5d95-292c-40df-b1b3-822a01a27321,40297cf4-f019-4b3e-8a6c-08b1f063e980,4122fce1-1d01-4333-93d2-7682b5ab383f,2,4,1,4,2020-01-29,2024-01-01 00:00:00,2024-01-01
cd610574-c0e6-4d6a-af36-f2e02344ecef,7a132656-ce4d-4582-b1fa-80dac6941446,17578591-6f2f-4ce8-ad20-b56a113288b2,1,16,8,8,2023-09-26,2024-01-01 00:00:00,2024-01-01
e5a6e5ee-e04e-4b33-ad4b-c3de91de3feb,2976310a-ebd6-49d5-b120-b5ba92eb2e04,aaac741f-a52f-4733-a964-8c86c6d69c6d,3,19,2,9,2019-03-19,2024-01-01 00:00:00,2024-01-01
c3dd4e3b-6b76-4f0a-abbc-db11276d84a2,d6073ad7-6c38-4180-9473-ab853e3751b0,6fee9276-03aa-45b9-b02e-e08ea008b870,2,5,9,2,2021-02-10,2024-01-01 00:00:00,2024-01-01
6b5c8dd1-63a2-4082-9032-48abf41e3e0a,92f2560f-bfe5-49ef-8a1b-0f81faf2fd50,b3673644-b02d-4f35-a2aa-0344feca4972,1,13,5,10,2023-01-16,2024-01-01 00:00:00,2024-01-01
df5b04c5-bcb3-4ff6-b165-ddffe22a96b2,b5f6f6e7-e422-4e40-856a-13b0124d528a,2db30c78-fe47-4ff9-85ab-6216a35a122f,4,19,4,7,2023-01-13,2024-01-01 00:00:00,2024-01-01
a898911c-d1bc-495b-85df-399a288d54cb,45574d83-0c9e-4d80-a275-321aed273b13,0fe62ad4-3335-466e-b454-54daa2898258,2,9,7,3,2020-04-24,2024-01-01 00:00:00,2024-01-01
6c1b5c71-e95f-4604-9d58-2c45de40601a,c85e672c-8ce3-4d20-a0bc-7ee902d51e29,ada0d30b-858f-4ee4-b2c9-3e053d4df7ef,5,14,7,4,2021-01-23,2024-01-01 00:00:00,2024-01-01
e57ab7a1-0aec-43fc-85e9-0885e4e98053,d0c9c4f9-123b-4295-b555-0bb58edcd0a0,a8889766-c29c-428d-8e56-ebc3d569b2b5,5,16,6,2,2023-05-13,2024-01-01 00:00:00,2024-01-01
3a46c574-997b-4eb5-9d73-d4b8795f070b,20b304b8-b9e4-447f-b06e-102efe97f76e,cb54cd85-0380-4ca9-a739-eee1dc503a51,5,4,4,0,2023-07-31,2024-01-01 00:00:00,2024-01-01
a1de0981-22e7-484a-843e-dd870a5f54c3,9f2b71f5-fe3b-4c36-8b89-f499d6b7e257,3ef8c66a-ee03-4b70-89df-59ea55a86c3e,3,17,1,8,2022-08-06,2024-01-01 00:00:00,2024-01-01
a817fef5-5d41-40ff-85d5-59dfebf594da,19f55b98-2815-4b08-a34e-ddd17c2bd308,3ae9f732-b116-4e20-82d6-791f4680f3da,3,2,2,4,2023-10-10,2024-01-01 00:00:00,2024-01-01
c119d816-3126-487c-9b6d-aa7397b9ebdd,2ab8b2f2-93e8-4b71-87fa-2f57454e81f8,c4d743a7-12c3-4b69-89ad-b1b4abbd5c4f,5,4,6,1,2021-07-09,2024-01-01 00:00:00,2024-01-01
515b3ffd-a33e-41a4-b400-b433bf7af3c6,c1b0f304-56af-4fa0-8257-fdb76ac2c141,9c9aa69d-90bb-4475-b683-682dd56bdb25,4,11,0,6,2020-03-30,2024-01-01 00:00:00,2024-01-01
9012ca1c-5f5e-4942-9116-3c0e14c50a0c,e9e1245c-4dd9-45d0-a4f9-735588220e22,645d4d49-dc87-47fe-a65f-0dcbc44cde63,5,11,3,6,2019-04-20,2024-01-01 00:00:00,2024-01-01
4a5af157-6c67-46f3-8098-259db57da48e,91119278-f2fa-4679-a560-ee455d2c020b,78312951-58cb-4114-b4ec-1c62fb9f5e8f,2,0,5,1,2019-06-17,2024-01-01 00:00:00,2024-01-01
80f2cd79-7e6b-443f-8b38-f3177db485b8,7192fbfe-fc24-4adc-8443-e260c18a0e2e,ef42be3b-52c9-4d67-aa60-aeed0338830b,3,4,2,0,2023-09-15,2024-01-01 00:00:00,2024-01-01
62ed31e6-3c02-4eaf-9eac-ff9dd8c23b52,9cae3657-eb8a-4a45-adc7-3ef95ffabcce,162f75bc-b2ed-40ce-a26e-981ea18f28c0,4,4,7,7,2020-08-10,2024-01-01 00:00:00,2024-01-01
0cfd90c3-c0de-45b3-accd-813572e15ced,fc0da873-3eee-4707-8d87-483377dc9364,44b9217b-12d0-4bb7-a1f5-f0f1a527ebad,1,0,4,3,2022-06-14,2024-01-01 00:00:00,2024-01-01
d76c6a05-4f80-4796-9af3-ddfd05508c69,c1ca1abd-2a99-49ca-b02c-8375254cd0c0,484ab5f0-e2b0-43f1-a5d8-b17c30918446,5,19,8,6,2023-09-07,2024-01-01 00:00:00,2024-01-01
87fbc911-cd3b-4a1a-91aa-037f610e92ca,b1b20d86-9064-49ec-9ea5-d7e0946a8e11,4ea1929e-fb62-497a-b376-f1ffee3f4867,3,7,4,1,2019-08-16,2024-01-01 00:00:00,2024-01-01
0b7f6efb-345a-480a-ac9e-7a33ec5add0a,86249d30-5bf7-454d-b97f-950693214b8b,f97791ea-8b07-49c7-87e4-14ac0d341906,4,20,9,7,2019-04-08,2024-01-01 00:00:00,2024-01-01
f4494d83-14cb-4d13-a79f-6a4c855fd47d,7be366f0-621c-414a-a4bf-f99cd728521f,eb15de3a-9a1b-4002-a390-d86101da476b,4,19,8,0,2019-05-09,2024-01-01 00:00:00,2024-01-01
ca38cb98-f627-4521-8725-c02465634ae5,b32bfd80-6752-46e4-afef-50bb4d305242,1ec056da-114f-4842-af22-25ee69039a38,5,7,2,4,2022-07-18,2024-01-01 00:00:00,2024-01-01
6cad3efe-7935-41e2-8738-ecce7394ddcb,ea606985-6a84-4acb-afc3-b23281744f9f,071aa882-feda-46a3-a4e8-02ec468ad223,5,11,3,9,2021-05-29,2024-01-01 00:00:00,2024-01-01
d069acf7-7e5c-4324-83cc-25382e7df7f2,845fdde4-3e2a-4c0f-8e65-0674b0671c58,dedc6b5e-7dd0-4412-8bbc-91e03d351549,1,16,5,1,2021-05-03,2024-01-01 00:00:00,2024-01-01
74c588e8-8ab1-44cd-ad25-5a38156d5348,50f33628-6a54-413e-b0c6-0f6576992c82,12e2c652-c18c-42a2-b89d-56ce102dc13c,5,16,8,0,2021-12-13,2024-01-01 00:00:00,2024-01-01
659f683b-b1fc-4091-831b-624e9bdcf513,6348e276-70c3-4b6d-a7c9-52d848371f6a,8ee674a6-edf5-4d38-b0a6-ab650b05352f,4,1,10,6,2021-03-10,2024-01-01 00:00:00,2024-01-01
8a9033ad-ab84-4884-a221-1bfa634439ea,066745cd-4f04-4589-8daa-c9072d2e5f85,a94ab030-6fa9-405a-a6d1-616817fc5300,1,11,1,5,2021-02-03,2024-01-01 00:00:00,2024-01-01
77595c14-96bb-4db0-a79d-c026bb808455,f2bca8a2-0a8c-4a37-ad9a-4b2d1818e827,b5b9805f-a92e-43b2-88b9-2985519a4d52,1,18,5,2,2020-05-08,2024-01-01 00:00:00,2024-01-01
800fb007-7f07-4978-a2dc-d54a47128364,1d819c34-1b49-48d1-bc91-070d6dd1f602,03c38c1c-2a9b-4019-8797-1e0364c618d7,5,10,10,2,2019-04-01,2024-01-01 00:00:00,2024-01-01
9e46fa01-da2b-4b9c-a82e-dd7176de3808,eff0af4a-2953-471a-95a4-5b0fd6a416f9,430db7a5-b9a0-4d5b-8b89-1fac2d3c6a09,4,15,10,2,2023-08-28,2024-01-01 00:00:00,2024-01-01
e8671d24-d940-4e7a-aaf4-431e3df7f72a,16df2c10-35d4-4248-aa48-5656005371bd,d30e8550-6c98-4111-9929-897b013e7490,1,14,0,4,2023-07-20,2024-01-01 00:00:00,2024-01-01
a2ba838e-0d86-46aa-a0dc-a0ccc9a240b9,21f07d24-08cb-4a69-8d01-da53d5660e75,d2c8ed53-35b0-4e13-9101-5afbe6be3b86,2,1,5,4,2020-02-17,2024-01-01 00:00:00,2024-01-01
636cba48-d9bb-43d0-a8f6-6b45890c5a2d,a4a93f78-78b3-4066-b17d-88dbd4e6019b,25295a76-1bd6-42b7-baa3-0a9ef6b4ccc2,5,15,4,0,2021-11-21,2024-01-01 00:00:00,2024-01-01
4dfa3376-b6a5-4562-9198-24ef2f800419,4963aa6c-3e38-4535-8743-6b647c3bcbcf,241c0c69-7b36-4eac-a90b-d904e70f02dc,2,9,5,0,2023-03-23,2024-01-01 00:00:00,2024-01-01
0f6e4281-55c6-4799-8e22-246311d838d0,86e9e39c-f720-4bd3-9e47-a1c260ec7e98,1c2fd5bb-080f-4561-b29d-68f1d2290128,3,8,1,5,2023-11-09,2024-01-01 00:00:00,2024-01-01
40b95ff4-2738-4f30-92b0-c91d2f705855,3a007a09-f23f-4224-a623-f68540c16f47,5203a9a4-29dc-4a72-a571-35129e619f51,4,14,6,5,2021-06-13,2024-01-01 00:00:00,2024-01-01
7f4b7658-95d8-4150-8ee8-a51a5e59abde,0b7c97b6-069f-4081-883c-d43a390a6dc2,d724b683-e963-4386-b2b8-fd0848f7abae,4,11,8,4,2020-01-18,2024-01-01 00:00:00,2024-01-01
329f6b06-39e5-45a7-b9d6-c673b2b36e69,c27bde6c-e23e-4efd-a3f1-8f2743bdab6d,5d12e724-cb1e-4fa2-8a4b-7233cc8fe6ec,4,2,6,9,2023-06-29,2024-01-01 00:00:00,2024-01-01
972babe2-5ee8-4d65-bef3-4913cff330b9,a21532bf-5956-4093-a23a-a5e2a5ecdb0b,10e1907a-c902-42ac-b0e9-ab6bf2f0c62e,5,9,5,1,2023-08-12,2024-01-01 00:00:00,2024-01-01
85d1ebe1-e22a-44f2-a677-a53faf197d8e,cbe0da0a-4a43-4fdf-b222-59c6db4503b3,6683db8b-bf0e-4904-a49d-c15c6cda38c7,3,9,7,9,2019-06-13,2024-01-01 00:00:00,2024-01-01
e2e3b998-5f54-4d6e-9956-fd7f10395469,bda4ab6b-35f9-46f8-99d8-11fa6bcdeef0,29b81039-f7fe-44d4-b9ae-e43004eff257,2,14,5,7,2023-01-09,2024-01-01 00:00:00,2024-01-01
3002cc2a-5385-4060-aae3-8ff96b4836f0,2aa5c63c-62e1-41cb-96cc-8cfe4beb2579,c240c790-3b92-4d03-8e5e-1337dc1f1358,3,19,6,4,2019-03-28,2024-01-01 00:00:00,2024-01-01
72e87f30-6249-4eba-94cf-cb77227e9cde,fdad552c-c3f3-497b-bc47-0b6f9bbf78af,79a33a0e-8539-49c7-86a5-5a9f4cc6b6da,1,2,10,10,2022-08-02,2024-01-01 00:00:00,2024-01-01
52654de6-d531-4a0d-aef6-3cbef30d3dbf,70777776-4aa9-4883-ba4b-b37ebd55e575,c2a105a4-8173-4003-8b19-f4ab166c39ed,5,5,0,2,2021-04-11,2024-01-01 00:00:00,2024-01-01
cf4fbac2-6e0c-441a-9a27-0f4a3b2625fd,86d55ff9-967e-4a8d-918f-0809e0c69e6e,20638f24-6025-4e48-9b32-1dd2a6b435bf,4,1,2,1,2023-10-05,2024-01-01 00:00:00,2024-01-01
c268b7ab-7ffe-4ec2-b5c4-1ac940d83efa,c3002bbe-4e26-4c75-8f81-c4e8cda6c77d,430db7a5-b9a0-4d5b-8b89-1fac2d3c6a09,3,11,6,9,2020-04-28,2024-01-01 00:00:00,2024-01-01
cf02b44b-249c-4309-b226-d634fd45eff8,6809921e-b384-45a8-9aa5-8b684c133e9a,f5b4dc98-7753-440c-be2a-728e530730d0,2,14,5,5,2019-03-08,2024-01-01 00:00:00,2024-01-01
91e9e04f-ff0f-4851-8126-c1d6fe7f224b,8a769407-4a8e-4836-b810-b00f2ef9508f,33a8bae8-defe-45ee-bc55-acac9865843c,1,18,2,8,2021-06-28,2024-01-01 00:00:00,2024-01-01
e47fb47f-c560-45ad-9185-ff2cb1ac4d8f,d1e0e6f1-5ba2-4253-8163-a0ca0d76b6c9,25295a76-1bd6-42b7-baa3-0a9ef6b4ccc2,3,20,4,3,2021-01-21,2024-01-01 00:00:00,2024-01-01
6068a252-4477-4364-9f95-cc19bb500805,bde21030-a28f-431f-bc98-f04e30b0ca00,7844313c-03fb-460d-afa6-978f8001955b,2,15,8,6,2019-08-21,2024-01-01 00:00:00,2024-01-01
a072bcc5-4d7a-4e28-b035-28220082a37a,9158aef4-e780-47db-a32a-5d9189343306,a820e556-c90a-47c0-af29-f60ca8d22e08,3,8,7,3,2022-02-24,2024-01-01 00:00:00,2024-01-01
452915dd-2844-4b97-a05e-ac7b03640fcf,0ab1f47f-19ba-46af-8b1e-402e04968bd3,54ffe43a-ee72-49cf-9b9e-5ced527f8632,4,6,1,2,2022-06-07,2024-01-01 00:00:00,2024-01-01
d69f8b94-7fa5-4e25-89ca-89b7038a6b85,147ebfe3-200b-4e70-a0b6-1aa9b80bf2d9,5bc5474f-e659-435e-92e4-f5bcc8af59ad,4,5,7,1,2023-10-13,2024-01-01 00:00:00,2024-01-01
308dcb6f-a7f4-487f-8e4d-17d5ead795fc,6cc815e2-a50c-4f19-bbd1-1764f7c42789,143f33fe-1773-4762-ba69-036c875909eb,3,11,1,8,2023-07-18,2024-01-01 00:00:00,2024-01-01
6bda4bb7-244c-4db6-be7d-4419c699ed16,4fff5ff2-b71a-4cf7-8d87-32f72ff73b84,4aecf02f-9b92-4c53-afa4-894c91bd5887,3,5,10,2,2022-01-15,2024-01-01 00:00:00,2024-01-01
c1ce09bd-b0ad-429a-81a6-c0fe6dda52b7,0d324648-6edf-4da9-b2e1-6816b8c8f1e9,0f115cef-22dd-491e-bfcd-50da19e6280b,5,7,1,3,2023-06-14,2024-01-01 00:00:00,2024-01-01
dfb51a02-1803-4a8e-8ec5-f1a8ef49c987,6766ea04-b7c0-4ad3-ac6d-919bc27dcc2a,4813af42-8451-4b96-83d6-7cad975e5ad2,2,15,0,5,2023-06-11,2024-01-01 00:00:00,2024-01-01
72acf9f5-e4ae-4eda-b35f-d4dd685a3eeb,92e44571-2fed-43e8-841e-351d7aa2a3c8,694d5a62-55fa-4bbb-abc3-bc467341d8d3,3,14,8,2,2022-02-08,2024-01-01 00:00:00,2024-01-01
954e659e-f8e9-48f7-ab9b-0211b38b6a6f,d55fcfc4-d504-4ab5-a52d-f0511a70f2d0,87eb74a2-719a-4a03-ac6b-524726e2d944,1,2,4,6,2022-06-07,2024-01-01 00:00:00,2024-01-01
30a21355-43d6-4eea-be2d-de13229dc1a8,48020f63-ff93-4185-b8d9-81b8c689599e,d2247290-7cf7-4b10-be45-cd182bc553e0,4,16,6,6,2023-01-08,2024-01-01 00:00:00,2024-01-01
40b7f171-4cfc-4d94-bd9a-bbc913e9cbb3,dcf902bc-2525-44a1-9867-91efbc172fc5,34e5977a-f47b-49db-b67b-fe24062b184d,1,4,5,10,2023-08-14,2024-01-01 00:00:00,2024-01-01
bb510527-8e22-428f-97cc-6f191b0a69f4,964e0017-2d97-4fcf-b1a1-7c646e7099aa,ecb0ecd4-6a07-4b65-bcb6-38a6b3e6f4c5,4,16,5,2,2019-06-01,2024-01-01 00:00:00,2024-01-01
92dab72d-d81b-44a2-bcd8-52f7fdaaaea0,20e1fe97-3dce-4654-9f81-413180bd87b4,5d34ee55-9636-4b86-a473-7aaedbd3b76e,5,20,9,2,2023-12-04,2024-01-01 00:00:00,2024-01-01
fc6a4d0f-8be3-41ac-b173-d6b3cdcbeb13,c30bd58a-43d6-4d1f-a74b-c5589f6f7fda,57ae4cdb-5481-4954-b336-5912b1b3653a,2,13,8,0,2023-04-22,2024-01-01 00:00:00,2024-01-01
f88d3d93-27a8-4ef5-8f75-b6594c6a60cd,6e04a08a-cc99-44d1-a138-21d54793e4dd,3ae9f732-b116-4e20-82d6-791f4680f3da,5,4,4,2,2023-08-30,2024-01-01 00:00:00,2024-01-01
13069bd8-2c1e-4913-9b10-64beb7df1b61,50847144-5b8f-4313-ab4d-7cf67325d2b4,98724ab7-5e21-4910-8c91-2b38879fbca5,2,11,8,4,2019-11-28,2024-01-01 00:00:00,2024-01-01
e5cdc7d6-e54e-4a37-842f-3d2b1c44f53c,912e95d2-13b8-4e34-8670-89895d0852b2,9ba8e8ff-bbfd-4dfb-be8f-8a129cb40913,3,6,10,8,2023-09-29,2024-01-01 00:00:00,2024-01-01
abb30513-dda8-4bed-9a34-27390e7eee6e,acb2ecc1-9f0b-45a0-9e89-4f86e91dc525,a8bae049-a215-4378-8164-0e4c821524c2,3,19,8,1,2020-07-16,2024-01-01 00:00:00,2024-01-01
ad2d41df-6809-449a-839b-0cbbce5ed823,aa134ac4-7a86-4fb9-8072-8ee05a932510,74131f6e-f541-48f8-b0f1-0ea715749268,2,18,9,2,2021-10-26,2024-01-01 00:00:00,2024-01-01
5a3fa4b4-3d16-40a2-8191-f16b1567b4ab,76f5e717-eac7-4cc3-a943-cb2df73a4166,519bfb38-3676-4d96-9ab2-edb60603b77e,5,19,5,9,2019-12-17,2024-01-01 00:00:00,2024-01-01
9e023be5-8928-4553-bf02-412ab8a640a4,05a271ed-2f19-43ba-a1d7-6f193e442ad6,030feb28-36e3-4593-8d5c-c8d42af61ec0,1,2,0,10,2019-03-26,2024-01-01 00:00:00,2024-01-01
de5b7737-7dda-4b76-9026-017b0b048f4e,4f8f52e8-eeb4-4541-9427-0876d7129264,b1dc94e1-9c1e-47a0-a619-b383230402dd,3,20,3,9,2023-04-29,2024-01-01 00:00:00,2024-01-01
8c0decde-ec73-43e1-b93b-2749804f59bd,aa842faa-1b27-4be1-b65f-8b93775cafa1,412d6b46-5df7-4846-b579-6afbac9ecb1e,1,15,10,8,2021-05-03,2024-01-01 00:00:00,2024-01-01
69b84df6-55d8-41f7-af90-094ece9c0384,d1056a82-a598-411f-82e9-550c50d52052,74131f6e-f541-48f8-b0f1-0ea715749268,3,15,3,10,2020-08-16,2024-01-01 00:00:00,2024-01-01
fac23ea5-c1f0-4a81-8a87-7a791962dc00,662123e0-ed5b-46b2-91d8-8ea6b57f18d3,f1488b3f-9fa5-4679-a614-71f573583cdd,4,2,0,2,2021-04-11,2024-01-01 00:00:00,2024-01-01
f2e69767-7ee9-4914-ba27-45bf8ef06c75,de60ab62-b259-4f57-a694-ae8e2693614b,680a1405-03aa-48f2-be89-62e1c8bf3627,4,14,3,5,2021-06-19,2024-01-01 00:00:00,2024-01-01
699ed6f0-7b46-42c0-9ac3-77cf35a25de7,64006b79-4a95-49bb-b248-213471637846,677cca13-3dce-4b8b-83ea-16b376ad043a,3,10,5,6,2022-05-27,2024-01-01 00:00:00,2024-01-01
29f9586f-573a-4756-b5bd-119a2cce9138,9a89fb0e-d978-4c27-9b46-34ba0940b3d1,d250a920-f9be-4677-86a3-8a72838f9886,3,16,8,1,2019-09-25,2024-01-01 00:00:00,2024-01-01
427b31e6-f782-43c3-b6e0-1036e8618564,3199f04a-317b-4a99-aefb-ef09e6ddc741,3dcb9969-4b73-4926-aa46-2c48ba947fc0,4,3,4,7,2020-10-15,2024-01-01 00:00:00,2024-01-01
fb6ab2db-14de-451a-a0bf-955c5ecec83a,4eb29ad3-f15c-4159-9ba2-59f50370cec1,7fe05f0b-325e-4e03-9683-1584ee95d892,1,1,4,6,2020-05-22,2024-01-01 00:00:00,2024-01-01
4541fa15-9d35-40fb-aa40-1c978918f733,88309379-5eed-4028-b292-988236e72178,44444b0d-5b0a-407c-a8be-8eef20b13052,4,7,2,5,2023-11-05,2024-01-01 00:00:00,2024-01-01
dc2def27-f298-42e8-9aaa-8e22acd2517f,b8b68f5a-17c2-418b-ad9a-eab05556c3f4,231bd419-685c-4a7c-86fc-f896eb986a7c,3,6,2,7,2022-03-29,2024-01-01 00:00:00,2024-01-01
d8e8643e-8ab4-41f7-8563-eb98dbe57607,b2228ba1-faed-400e-8294-f3970ccd12ba,71e26478-1b8b-42c6-9d73-9790ed1ca341,4,9,7,0,2021-11-20,2024-01-01 00:00:00,2024-01-01
ea7f9486-9889-4236-a28f-3d33be6edf63,430fe6ca-015d-4615-8789-c2934139697a,23548afa-8f4b-455a-b556-11068a4d1c9f,4,16,7,3,2019-07-04,2024-01-01 00:00:00,2024-01-01
4826749b-ffa9-401b-9b9e-67566bf20f87,51f784ff-2402-4fef-b398-1c2066e93004,b6cb65d6-dc7d-406e-ad55-6d07d36e2845,3,1,0,4,2020-03-16,2024-01-01 00:00:00,2024-01-01
c6527a2a-c2a7-49c4-854a-d148f2b16b11,cfab1e41-79e8-4b6b-9330-4d81ea553a95,e165c6ad-0881-461f-a326-0bedc06fdac0,4,9,8,0,2021-10-10,2024-01-01 00:00:00,2024-01-01
d7a8bb7c-fc92-4b31-96ee-073c76126f0d,93123fb9-9374-4cb6-bcc9-f2fe56ea5492,75b7337f-e116-4636-ac36-fe61ed885b30,4,4,4,5,2023-10-02,2024-01-01 00:00:00,2024-01-01
ee311f62-b1f3-4f73-a57a-14759462005b,5b615068-b537-4242-896e-3f8d5d35d6b2,58d36a37-67ff-4d9b-9eaa-516f9e053ead,3,1,6,0,2023-04-14,2024-01-01 00:00:00,2024-01-01
d46649b1-d369-44a9-bbc0-4792227e6a94,2c43edc4-cee3-485f-a5dc-24556a3e3692,dfaaba4e-0c3f-4aef-8f0b-a42d7ee6570b,2,11,8,4,2022-03-13,2024-01-01 00:00:00,2024-01-01
043cbcbd-c727-45bc-abb2-33e13db10e9c,9111fc3b-da7f-4772-9698-9aefdbf59a15,a769159d-ef18-40f7-b429-7ad16a3082b6,5,14,8,4,2019-05-31,2024-01-01 00:00:00,2024-01-01
14e1dd38-c753-45b8-b8d3-8f11662fd63a,074c5666-51f7-453b-8f1e-87bc4c5b8134,c6c5cf41-f7d6-4fb3-a9e7-b0ad8c435595,5,3,2,1,2023-08-18,2024-01-01 00:00:00,2024-01-01
b383040f-6fc1-4277-911b-5002770f8613,ec6d83fb-24c9-4bdd-b55c-0f62d060fd81,78312951-58cb-4114-b4ec-1c62fb9f5e8f,3,17,5,2,2021-03-17,2024-01-01 00:00:00,2024-01-01
d1cec3e1-f392-4070-8fe4-5fdd48b23056,2b73b213-48f3-4301-971a-b986630f9fc7,3aaf62a5-fc82-4e62-ba5a-8869c58bf8c2,5,12,8,0,2020-02-12,2024-01-01 00:00:00,2024-01-01
2f0c3ba1-2d28-4b7e-907a-d14c520a78be,98834640-e545-4d43-922a-c28516329a25,91096f25-23db-4314-bd32-4aedbc41c3ce,2,10,7,8,2019-04-03,2024-01-01 00:00:00,2024-01-01
236af542-80c9-4d69-9f49-4683789cebf7,fb25f0a9-88fa-475b-a90f-7075a5b696a7,484ab5f0-e2b0-43f1-a5d8-b17c30918446,5,16,2,5,2021-07-24,2024-01-01 00:00:00,2024-01-01
1a98ba06-9931-4b61-835a-820eaf50be8f,4be5f69c-9b53-4a7c-802b-9d9359c4a86e,79fbb9d8-ed15-4bdd-8f1c-01a474820fe1,2,12,9,4,2022-06-09,2024-01-01 00:00:00,2024-01-01
3bfe892f-a8ca-4785-b6a3-9f4271703a00,efa8e4f4-c048-4a81-abb0-6d64c1a80e8a,f3aecb8f-f8b9-406a-82a5-1f464e1c4e63,5,16,8,7,2022-04-30,2024-01-01 00:00:00,2024-01-01
3ed472a3-f02d-4448-8dae-2c2103de6b67,dab2d490-a48b-48f3-9a6e-58d99dd84634,15b7b416-1e58-4228-96a9-59f3e18a3ef8,3,15,0,5,2022-12-22,2024-01-01 00:00:00,2024-01-01
857c7fce-63b2-4b50-b1f6-d02fc68ec7e7,df3ac202-ba40-4834-b893-c44bca6dd754,a05f046b-dbbf-4c3a-8381-3696ddecc5ca,1,13,9,4,2020-11-09,2024-01-01 00:00:00,2024-01-01
890e8afa-5d96-4f77-a85e-3a45b1b71ed5,8d72dda0-4e91-43c2-919f-8d981b02b414,86e0ac77-a519-4936-bcb8-a02a31099e7b,1,19,7,4,2023-06-20,2024-01-01 00:00:00,2024-01-01
47558f4c-b86d-420a-a73b-11716b3a2819,51955388-cf71-49e1-a7fa-c7332fdf00a8,fb2687f9-3e9a-406e-a8b1-b33067bdbb70,5,18,3,0,2022-09-04,2024-01-01 00:00:00,2024-01-01
790dbfa3-dcc1-4166-8daf-39f42ba50950,9dc9e2cb-ccd0-4e59-80da-acc257da03d4,13ef26fb-028c-4b96-bd33-23545fd49368,2,16,10,9,2022-04-10,2024-01-01 00:00:00,2024-01-01
bd3ab18f-c24e-4e49-aabd-11b9f24819e6,6f57bba5-d4ad-48cc-bed5-494c300ed6e4,62638dba-59a8-4de4-b3df-06501e2a7309,4,4,10,3,2023-05-06,2024-01-01 00:00:00,2024-01-01
9fce62ac-803e-4cdc-a65c-89526c74eeb7,8a66153e-5084-4672-857a-fa0e2d1c4f7e,694d5a62-55fa-4bbb-abc3-bc467341d8d3,1,6,0,7,2019-03-06,2024-01-01 00:00:00,2024-01-01
2b3c0d97-a53a-480c-b421-77e4878e21b4,08d4b7a0-17a8-4d72-a7ab-6c9219794c77,d99f29a1-fbfd-4641-9f25-3cddfc9e6f64,2,13,3,6,2020-10-04,2024-01-01 00:00:00,2024-01-01
233b11ce-c18b-4694-b6dc-2b8b21387056,f51e5630-b5c8-4cb5-9021-74d7ae89f3ba,2df2adba-7f82-402e-ba5c-c93f88573bb2,5,15,0,2,2021-10-24,2024-01-01 00:00:00,2024-01-01
3733f6d8-b69c-4a9f-a4a6-1d108cfbb596,d57cac15-0339-40c3-b53a-da75068b37da,07218b72-f093-4fb3-ba40-a0b2e73c75e2,5,10,10,7,2021-11-28,2024-01-01 00:00:00,2024-01-01
ff910b5c-80d0-4a2c-bd2f-afc802630d7d,8076cea7-14fc-4ca1-839c-5f9ab9d58248,6fdfbdd3-a899-4c90-a087-c02bc74070b4,3,5,7,8,2021-12-12,2024-01-01 00:00:00,2024-01-01
697336ad-a217-4ba3-9387-b70d3a96ff22,852a6de8-3e25-4799-8d71-4d33d85bce02,f0d033e3-4694-4cfb-9d77-489eed62b354,3,20,4,9,2020-12-02,2024-01-01 00:00:00,2024-01-01
0514c3fd-e498-495f-84ae-d03704055f38,5e50c52e-a5f7-443f-94e4-233eaecde0e7,c3bcabc1-7ba1-456e-9228-89ea40153e98,2,8,8,4,2021-09-18,2024-01-01 00:00:00,2024-01-01
da2ad35f-63fc-414e-8103-1859e48b1a21,5c5d3930-d439-456f-be94-07a18a664420,44e549c9-2fe5-44df-8804-9d88f6092512,3,9,3,7,2020-04-05,2024-01-01 00:00:00,2024-01-01
b333018f-2e71-45d1-9628-a998fe57ab02,daa7ccbc-b66d-454a-9f3e-a32451239c0b,13ef26fb-028c-4b96-bd33-23545fd49368,3,17,4,4,2020-10-11,2024-01-01 00:00:00,2024-01-01
1cef7d2d-e6c3-4033-8904-563c49bdfc46,ccaba43a-565b-48ad-b4f8-5e2ae0b98b22,694d5a62-55fa-4bbb-abc3-bc467341d8d3,5,12,6,5,2019-09-07,2024-01-01 00:00:00,2024-01-01
f2d7f50d-5e58-414d-a190-5d79d545dc8a,082a3878-e109-4ff3-a0da-13b511408996,79a52758-a803-4d40-af99-b6f10fb759af,2,9,0,4,2023-05-03,2024-01-01 00:00:00,2024-01-01
08d72796-a3d6-4c9e-aec6-8466dcecb73b,ac6507f9-82f8-4f37-a34a-4322f88024ce,9ba8e8ff-bbfd-4dfb-be8f-8a129cb40913,3,14,10,4,2023-01-02,2024-01-01 00:00:00,2024-01-01
4616b65b-ed9d-4fa6-9933-346d0d293877,0682721b-1af3-4b5b-9c49-3b524c8c0c4a,13ef26fb-028c-4b96-bd33-23545fd49368,2,6,8,4,2023-03-11,2024-01-01 00:00:00,2024-01-01
b4f92dd7-156c-4574-aa95-58745a93830d,07e31445-a718-4cd4-b162-a83138acc69e,358cf9ef-9b97-4dc4-aabf-ea7e18ec3c24,3,4,1,9,2022-02-25,2024-01-01 00:00:00,2024-01-01
527ba43f-cf30-480a-91da-401cdbb07c69,691ce9de-6beb-4af5-a765-ef7d8b88a2d3,79001d4d-d695-492b-b3a9-4fd78d066ddc,2,7,0,10,2023-02-26,2024-01-01 00:00:00,2024-01-01
59aac518-2ce8-466f-b05e-6780fea9920b,5fafac6e-07c5-4b95-a017-d85949aae4d1,4122fce1-1d01-4333-93d2-7682b5ab383f,2,1,1,6,2021-12-23,2024-01-01 00:00:00,2024-01-01
71bbf594-a59a-47ed-960b-9bd1bf783da9,56966c18-15c6-4a96-977c-9e371aa11ce2,2b55163c-c8c3-4a9f-ad5a-0948e83fe97e,4,3,10,2,2020-11-07,2024-01-01 00:00:00,2024-01-01
79fe5467-39b6-47bb-b10f-eeb269794903,129e31cb-ba94-4ac0-91f9-c8937c7a6fff,b3a57685-0ec6-4f4f-aff5-8f1dac0cdd0a,5,5,6,10,2019-01-11,2024-01-01 00:00:00,2024-01-01
a7f44192-a11d-47a7-a4a4-009536a60874,a68868e7-04d1-44ac-aaf8-ab923808b846,fa0c82c7-6c7a-4683-9364-4dae45bfa07e,4,20,3,4,2023-12-04,2024-01-01 00:00:00,2024-01-01
6f72e3e8-16d9-4596-bbce-da826f519fde,e59ab676-7775-4000-898a-411f5c395876,54ffe43a-ee72-49cf-9b9e-5ced527f8632,1,2,10,9,2020-10-19,2024-01-01 00:00:00,2024-01-01
8d930fcd-bb49-4b93-99c0-11ff1523864e,7c1b78e3-11e1-4cc6-9940-a5556253c1bc,0fe62ad4-3335-466e-b454-54daa2898258,1,5,6,2,2020-04-20,2024-01-01 00:00:00,2024-01-01
f028cdac-704b-4a9c-9219-888f8e619b38,ba757224-03e2-453f-8128-9a4806df7e0f,57fdf3e3-470d-418e-9bad-085d3bc96551,4,15,2,4,2019-03-16,2024-01-01 00:00:00,2024-01-01
7edd664f-5c5e-4a5c-adf1-0c9684263b4e,a1461d46-075c-456c-85b1-445d1a13a9da,91096f25-23db-4314-bd32-4aedbc41c3ce,1,9,9,9,2023-12-01,2024-01-01 00:00:00,2024-01-01
f9a3ba9a-368a-4935-8723-88437e20a9ca,91d2f4dc-2031-43eb-bd79-3d0e0c2f01c4,70af3e45-1b97-4330-8434-638013984d40,3,9,7,10,2019-08-08,2024-01-01 00:00:00,2024-01-01
b7cdced6-7864-4cff-9094-53e51a7bbb8a,438b1444-9bc8-45ba-8d8a-6f967054c0f6,2b81f86a-6ae7-4e1b-91ea-e58171ab6d45,4,4,8,7,2022-01-17,2024-01-01 00:00:00,2024-01-01
8372bce3-71d0-45f4-b0cb-e678b7a0bbb5,ecd2c536-11a7-4e48-8cb4-c5a57ddd3908,c3bcabc1-7ba1-456e-9228-89ea40153e98,1,10,2,7,2020-07-12,2024-01-01 00:00:00,2024-01-01
9157d94b-79c8-4c58-a2d4-ed1679d11d38,d66294ef-4cc2-41fe-9387-4f767dc197cb,6b807bcd-3847-46b4-b0cc-81288a961cc5,2,0,5,4,2022-08-20,2024-01-01 00:00:00,2024-01-01
de37ce9f-8922-469c-9cc4-25e1b12dfea0,7fb47668-eed2-425c-b3f6-497b97d61fb0,05d53705-6b97-4966-95a7-34b64c31de69,2,5,9,10,2022-03-08,2024-01-01 00:00:00,2024-01-01
411b7a77-d09f-4f4e-b207-cdd994956d4d,c0e441f4-74d9-4480-8536-8525681733eb,177efbbb-6b14-4d57-98ee-ea47870b1dbb,4,16,5,1,2021-04-10,2024-01-01 00:00:00,2024-01-01
85eb4d14-2875-4579-bffb-1b06e3ce2ddc,ae9ea9df-a8df-420f-a3d3-0ce4803f0494,d5965ed2-3469-4be0-a17c-4ed2e376b572,1,5,2,7,2021-03-31,2024-01-01 00:00:00,2024-01-01
1a291329-1b62-4c07-8196-3ebf01a79918,328073d4-d840-431c-93b7-fd4381416ba0,4ad46ba6-0e0d-4a9f-99a0-daaf42573169,2,0,4,6,2020-10-24,2024-01-01 00:00:00,2024-01-01
0dfa213e-08d9-452f-ae32-91ae099beec0,990b933e-0600-4f54-bc54-d073c0336bb5,55f0a218-16b9-4fe7-9689-7a69abe78aed,3,10,4,9,2020-04-27,2024-01-01 00:00:00,2024-01-01
1bd97cca-8e16-4217-aebb-c0b79f329276,5cadd50c-2ac4-44b3-901f-9575d97cbd24,694d5a62-55fa-4bbb-abc3-bc467341d8d3,1,8,10,5,2023-01-20,2024-01-01 00:00:00,2024-01-01
f986fc2d-49b4-428b-a6a7-8c3fc0d2c17d,fe2954fa-2bdc-4583-ac97-80cba5500075,733feae3-11eb-45a6-9f4c-cfb082b5991c,1,3,7,4,2022-11-19,2024-01-01 00:00:00,2024-01-01
6eb13133-8642-4d30-a153-5b0783355346,4eaf4340-58a4-4083-87d9-7978809743d2,d38f3cd2-cd63-4045-82c5-930ec1485b40,5,9,1,10,2019-11-24,2024-01-01 00:00:00,2024-01-01
c9c2f600-e3aa-4068-9a70-2c4746c560a8,92cbeb75-d4d5-435a-8a20-867888620a2c,7d452a25-98d5-4e93-91d0-c5173fe7ba0b,5,7,3,2,2020-08-27,2024-01-01 00:00:00,2024-01-01
f9db075e-d25d-4fbb-ac6a-30d7a186ed02,256540d9-10af-49fb-8efc-5fa825eeb112,6fee9276-03aa-45b9-b02e-e08ea008b870,4,19,5,6,2021-09-06,2024-01-01 00:00:00,2024-01-01
0cf80c9f-c83d-43c6-8be6-22a26911ab86,64fd775a-cc89-4433-9af3-1b44e1036ff4,651b093f-80ef-411a-997f-1ce733236f43,4,17,10,3,2022-12-08,2024-01-01 00:00:00,2024-01-01
d54d7951-e7b8-475f-b4a1-2b39d9ec6c22,ca6d2627-2c15-4b14-b322-3e10ef4a3f4a,6fefc024-07d9-4a86-ac9b-699fd27b6e4c,5,2,8,7,2023-04-10,2024-01-01 00:00:00,2024-01-01
c2e67a38-78e9-485b-8b74-bdcc68cd28b2,78b3af9e-03de-4465-bb2c-542c0dd8e05e,4f91f983-e901-4362-835d-b5d846345052,3,2,9,1,2021-12-17,2024-01-01 00:00:00,2024-01-01
dd8b8e22-7a64-408e-81c9-3eb747ca9f3a,ec14c1c3-c0c8-4781-85d5-f7f7ae872108,5d34ee55-9636-4b86-a473-7aaedbd3b76e,5,16,3,9,2019-05-07,2024-01-01 00:00:00,2024-01-01
5e0b6032-2646-47d7-aeed-a1fa36302cc0,cb088e98-3790-4d98-88e8-58e26f14ff24,484ab5f0-e2b0-43f1-a5d8-b17c30918446,2,10,8,7,2022-01-04,2024-01-01 00:00:00,2024-01-01
00c1fda5-a729-4edf-a0ab-06cc48a0e365,bb6795de-a404-4619-913f-63eff697b728,af768449-2096-4f00-b3a0-2f104c7c0182,2,18,7,1,2019-08-27,2024-01-01 00:00:00,2024-01-01
d53bb6d2-afe0-425a-a09f-81cef8545807,7b074878-9ec8-470b-8dd9-740ca9735b33,55f0a218-16b9-4fe7-9689-7a69abe78aed,1,14,2,8,2021-11-11,2024-01-01 00:00:00,2024-01-01
1634bb57-9087-4143-91c7-0bba2651abb4,6b0bc0b3-ceff-4db2-a0ce-c232f81b21a2,66ba78a7-e08c-4889-a8d4-c887fe6fee5e,5,1,8,7,2021-04-30,2024-01-01 00:00:00,2024-01-01
091ac64a-f12f-4c02-a9a9-572e413b4953,6db9209b-221b-4b87-9d04-5366a0ee12d0,137d4ec0-94bc-4552-ad59-f16b7a6efd21,3,0,6,4,2022-10-09,2024-01-01 00:00:00,2024-01-01
762b6592-c84d-44b5-98be-3cb575871e5c,cd241e22-de83-46d7-bc3b-7c53c8459c67,1cc9d468-4898-4575-9b28-0d959c1aa2eb,2,18,1,0,2023-07-31,2024-01-01 00:00:00,2024-01-01
04b83ab1-d776-4f3c-8b2c-47911ece8958,8774861e-8eae-4433-b336-de95f88f2d51,47d943aa-5d75-4e6e-8867-4efa9c390aaa,1,17,0,1,2021-05-17,2024-01-01 00:00:00,2024-01-01
637fd291-f544-4405-9563-0f0c5c8e78c0,68933a41-1fb9-41a8-84f8-7a55a571bfa3,6ecee6f2-1238-4a29-9fd3-442f6ff0e1fe,3,13,2,2,2021-08-24,2024-01-01 00:00:00,2024-01-01
cdc60b6f-5053-4f48-8548-b032d6d757bb,15fe5280-6145-4379-8474-62cbf4b68de9,74131f6e-f541-48f8-b0f1-0ea715749268,4,11,6,7,2023-04-18,2024-01-01 00:00:00,2024-01-01
29b05188-920c-4eba-8860-2c6c752c8eae,1e84cd56-c0c0-4c6d-ae13-a72686d9c2c5,162f75bc-b2ed-40ce-a26e-981ea18f28c0,4,12,1,10,2023-11-16,2024-01-01 00:00:00,2024-01-01
f74c1d74-c4b8-42ac-918a-b4d29da692ce,00599f73-360c-48bd-9b0f-5938b76388f3,8ee674a6-edf5-4d38-b0a6-ab650b05352f,5,4,10,5,2022-09-17,2024-01-01 00:00:00,2024-01-01
8f62a80f-9e37-4224-9dcb-cb3191b92c84,99c84554-c991-4c96-92ba-40c5d74ec007,685a72a1-81ff-4c14-8ef4-776b03c7ecc5,5,12,8,2,2019-08-31,2024-01-01 00:00:00,2024-01-01
41ffe7f3-0106-47fb-ba51-afc74cb3275b,50d0adbe-33d3-4014-9062-54363b2dd213,04723e3e-62de-4c60-8482-d3c5544ef0d5,1,0,4,7,2023-01-30,2024-01-01 00:00:00,2024-01-01
33795699-4a0c-4946-a3e8-cebccad2d899,7fc3b62d-52f4-4d5c-a881-a214fb2f4cc6,d2247290-7cf7-4b10-be45-cd182bc553e0,5,13,8,6,2022-10-11,2024-01-01 00:00:00,2024-01-01
b570b075-1b7e-4096-a798-cb8b2e4c224a,b062a5c8-fe8e-4f82-af25-f8d12d25b7bd,5940ce1b-9791-4aa0-a3db-8eb776311197,2,14,5,2,2023-08-14,2024-01-01 00:00:00,2024-01-01
7e539d06-2dcf-487a-8855-84d5791ea165,17042d52-edec-4dec-a5d5-ea8659d81339,f3aab638-34fe-42e7-bb13-82c8fb296808,1,1,10,6,2020-07-18,2024-01-01 00:00:00,2024-01-01
3e4aa003-1a5a-4b46-82d3-99d3cc11202b,4f147a80-e120-452e-aa95-6300f1191fc9,98ecac3b-17cd-418d-b996-6a44293cb0cf,1,7,3,1,2022-06-13,2024-01-01 00:00:00,2024-01-01
47a124c1-08df-441c-b75b-108e41f2edaa,24184a56-607f-4930-afc9-09785592c0f7,4815c1f5-d4da-45ce-b56e-107a488864d4,1,14,9,10,2019-07-26,2024-01-01 00:00:00,2024-01-01
7ef848cc-f5f0-4666-86fc-ac0a247fa426,a43d6a9d-aa90-47c8-ad7f-b0aad84666a1,725be64e-ff35-41a3-86cc-b701274c1867,1,7,0,6,2022-12-11,2024-01-01 00:00:00,2024-01-01
2a2be432-703d-4f71-ab3f-b36cf15ca6b9,ae284acd-d83b-47d9-9dc6-1c11c715fb22,735e3307-b6b1-4147-9929-224858ae60ea,5,6,0,2,2021-06-17,2024-01-01 00:00:00,2024-01-01
09d78a25-4801-4384-9d59-34546baaf1b2,d40df06c-0db5-48a2-ab33-ed3d4030a5d6,4aecf02f-9b92-4c53-afa4-894c91bd5887,2,18,5,9,2021-10-28,2024-01-01 00:00:00,2024-01-01
8c808874-f004-48c4-ac08-66ed5a76b743,affe762c-ee64-41e9-b33d-a7a7e6114fed,fc536289-9931-4b76-8e6b-d1236c0b89a3,3,7,4,2,2022-05-09,2024-01-01 00:00:00,2024-01-01
ff7e3778-44dd-43cf-aa7b-4c37714421f7,392f209d-ce90-4944-99db-d4eff9dee177,4c2a4da0-f880-4031-b5e6-f907f463f170,2,13,4,4,2022-09-14,2024-01-01 00:00:00,2024-01-01
7216bacb-6e5a-43e6-92f6-20dfd8b1f9ef,25418646-fe50-4b86-8c6d-b390bd126b8e,d200bcbf-2a8f-48d4-9253-7997795d92cf,5,5,10,10,2019-05-05,2024-01-01 00:00:00,2024-01-01
d782bd5a-f849-4942-9e6c-72aafb1dad9d,eb3bb34e-ed4e-4ee4-8256-6da2d6fa261e,61094253-0645-4e3a-8425-6747dd857e20,4,1,5,10,2021-05-24,2024-01-01 00:00:00,2024-01-01
3fb8e3c2-6652-4a62-b051-6226e326406a,cfd8f124-1cc3-4533-b5ba-75f66b9b7a83,a8889766-c29c-428d-8e56-ebc3d569b2b5,5,10,6,6,2022-10-06,2024-01-01 00:00:00,2024-01-01
0044b580-e900-4612-830a-155579986030,1d16d410-ec40-468c-a330-9d2425600e0b,2fd62491-8dd6-46c4-91ed-c4c70793025b,4,5,8,7,2019-11-02,2024-01-01 00:00:00,2024-01-01
d40776a9-636f-473c-a273-1a7fb8ee1663,6296c42a-7b59-43e3-b52c-3f1bf39965df,5d52cf68-3e58-494c-9ae6-1b53dbb06462,2,9,2,7,2020-05-08,2024-01-01 00:00:00,2024-01-01
b776ccb6-47bd-438c-a68a-da443cd1cb2d,e72d9734-a41d-4b84-8bd1-c202b226d985,dfaaba4e-0c3f-4aef-8f0b-a42d7ee6570b,4,13,8,8,2019-04-29,2024-01-01 00:00:00,2024-01-01
26f67e2d-5a05-4a83-9be2-ae5f39a1aad2,27051ca3-97c2-4e62-b394-074b78149a77,9cd072bf-530a-47fc-8e8f-2f08787a39bb,2,8,3,5,2019-10-02,2024-01-01 00:00:00,2024-01-01
5c953358-b123-4932-9373-361a29e2003a,4bc006e0-fba8-489a-a990-7f0ea071850e,9ba8e8ff-bbfd-4dfb-be8f-8a129cb40913,4,11,1,8,2022-08-17,2024-01-01 00:00:00,2024-01-01
ea94212f-db2b-4d52-b361-988bcef33154,cf9f47c1-0503-4d33-8a55-e6041f8d7ebb,5d34ee55-9636-4b86-a473-7aaedbd3b76e,2,1,4,6,2023-01-23,2024-01-01 00:00:00,2024-01-01
0b599558-b9d9-4943-82f3-a5998845d9cd,e39629da-36d7-4663-9393-fb8c3233cfd9,f5b4dc98-7753-440c-be2a-728e530730d0,5,1,1,3,2022-10-11,2024-01-01 00:00:00,2024-01-01
ff2ed306-4749-477d-a245-359477557246,b406b128-2ea2-4870-a0c5-de89af2c35a8,d250a920-f9be-4677-86a3-8a72838f9886,5,17,3,7,2023-07-06,2024-01-01 00:00:00,2024-01-01
de502856-3cfe-4f78-aae9-01099c5e0797,e47de74b-9f9c-4aa2-9306-f2b18b5bda98,a8c25bcf-82b8-4319-b1e5-589272d55207,3,9,0,3,2020-03-03,2024-01-01 00:00:00,2024-01-01
74637cb8-5201-48c6-8145-3fd1a3f2e671,b19e44fe-1564-4436-8352-4b5506e58c17,5136c411-04fc-4c2f-ad40-bd70082eb2a4,1,15,3,9,2020-01-25,2024-01-01 00:00:00,2024-01-01
8353562d-497d-483b-835f-d522de21637d,54976318-2c6d-4fc9-be63-a677de21fee8,d78182ff-6287-47fb-a6a1-c86862779c6a,4,7,8,5,2022-12-12,2024-01-01 00:00:00,2024-01-01
c6ad4159-7dc3-4726-8b14-5f5f7968ec04,923cb42b-821d-4ab3-8423-3aba01413090,2922af86-2997-4537-8609-bf9b9c5f81c3,4,14,8,10,2023-05-08,2024-01-01 00:00:00,2024-01-01
8bffba54-d9a8-42f7-9677-9854f8a0d40f,8cc90cd8-3e74-4006-a9b3-596377e11da0,2dd3fe93-4eb9-4533-a2c0-6041b3aefc7d,3,11,8,7,2021-01-05,2024-01-01 00:00:00,2024-01-01
c20ef5b8-ebc4-4671-8b8e-8ce441c69a77,f58dca10-c02b-47ca-a05d-08a9e9bf4b9c,1ceb73a6-47a3-4dd2-adbc-d51def354a7c,4,10,3,5,2021-08-12,2024-01-01 00:00:00,2024-01-01
82d5c058-cf7e-4438-bded-adb1a27765cb,ae3f3068-5bb2-4655-b335-5a5dd783f17e,026515ac-4bbe-49a3-a1ec-e618af37f455,1,18,3,2,2020-10-02,2024-01-01 00:00:00,2024-01-01
bbc92b79-4a58-400d-942a-e99a9e0eda43,8a11dd74-924f-4196-8b89-044f3bea0b91,73e64d5a-a8ac-49d7-bbea-d396c23a30b3,5,18,9,6,2019-02-03,2024-01-01 00:00:00,2024-01-01
5ae7229e-cf09-4bc3-a954-78ac378d530c,94ae134d-5d9e-43b4-9b84-ae2b115912d3,6fee9276-03aa-45b9-b02e-e08ea008b870,2,10,3,6,2020-08-27,2024-01-01 00:00:00,2024-01-01
3597f17d-010d-49ff-afdb-c3d4d4a35e05,dbc7745d-7a02-4615-b284-68dbcc715590,5e2507d0-04bf-414b-9bf2-382051d882bd,2,15,8,10,2022-03-12,2024-01-01 00:00:00,2024-01-01
7e57e480-a414-41f0-8375-7a2e8f88184e,b8b54601-fed9-4086-aa6f-4c82856a8e4c,f3aecb8f-f8b9-406a-82a5-1f464e1c4e63,3,15,10,7,2022-11-03,2024-01-01 00:00:00,2024-01-01
44af2542-4ef0-4bdc-81b1-9d9cfb8266ab,00c1454b-a4f3-4d1c-aa81-b13068464eeb,0288a5fb-a2e3-472e-b132-4e10784bc88a,3,5,2,8,2021-08-01,2024-01-01 00:00:00,2024-01-01
1d3e24d2-29b3-4093-8791-e4c521986b81,237902a7-a56b-4ae8-84ee-33af634517b5,0c3f74d1-d580-49a6-b4ae-3d4efceccede,5,20,0,8,2021-09-27,2024-01-01 00:00:00,2024-01-01
b09de970-7514-479a-80f5-ba9378404ce3,9bf3376c-cad8-434c-a573-0937648a5055,a8ca0ebc-9b7f-4d34-8d04-2fc582139c8f,1,1,0,6,2019-03-11,2024-01-01 00:00:00,2024-01-01
dd36201a-7a03-4035-9cf4-6f2e57c6248c,935fd6fc-3aef-4f31-bdee-43cd6162fd80,17276d3c-a5c5-44c4-bcd9-8fb9341a88ca,2,2,2,0,2019-10-09,2024-01-01 00:00:00,2024-01-01
06bd1f7f-125e-41a5-89dd-06b841eceb20,e597bada-3e7b-4f87-bd33-4c8ff1a67244,634f8b16-73b3-4736-a3cf-19823bbfe6c5,4,11,0,9,2020-03-23,2024-01-01 00:00:00,2024-01-01
be448479-0b7b-4a32-ae64-16b85f53c3a0,c0af8803-5ea8-4816-9de0-e934ca5dc314,b16811c6-e37d-4e74-b5f5-a459d02da012,5,15,10,7,2022-07-30,2024-01-01 00:00:00,2024-01-01
d259c6f8-7eda-4e3f-aa84-c6630123cd43,6a1ddecd-f036-42be-8a8f-10e03e1f3730,60a84bb9-9c76-4b64-ab1d-16dd31b94625,5,17,6,0,2019-02-02,2024-01-01 00:00:00,2024-01-01
8201f9b6-a2be-4f7d-874f-7170b78083f0,826e1ac4-0404-4bcd-87b7-e05d0c413005,981d69ee-8bf8-4175-a790-bf01bf05aabd,3,17,4,0,2019-02-04,2024-01-01 00:00:00,2024-01-01
e5ef5dee-e581-482a-ab1f-bdfa7be60150,d1a70959-8436-4cfb-b1fd-3707d0d3d2a7,03c4c663-c9ac-4db2-a70e-b32a1d980622,4,5,1,1,2021-10-25,2024-01-01 00:00:00,2024-01-01
e95d5564-a547-4c14-a101-5fafdc9c8fbf,6216e418-d9cc-408a-9552-63ec8c7c57c4,484ab5f0-e2b0-43f1-a5d8-b17c30918446,2,6,9,8,2021-12-09,2024-01-01 00:00:00,2024-01-01
dca16155-1734-4be3-a3aa-bc447180dca7,72975e53-361a-4421-be44-c5682bba21ed,1cc7c465-4c34-47f9-bfc3-fffe059d40c5,3,8,6,1,2020-05-31,2024-01-01 00:00:00,2024-01-01
dfa6990e-f9bb-42d8-8fb9-2f2811e98d90,63559959-199e-430b-955d-a10dfc82a41d,b593d8ce-bfc5-49d2-b748-7f420e2ce0e0,4,14,9,3,2021-02-03,2024-01-01 00:00:00,2024-01-01
87b53d5f-57e5-4e42-9932-eb24f6aec997,01cc231d-3f21-4619-a180-833c25c4d6ce,4122fce1-1d01-4333-93d2-7682b5ab383f,3,2,10,10,2022-11-28,2024-01-01 00:00:00,2024-01-01
39d41b95-4242-48bd-a311-ff18986d8e29,2d0fe586-5b3c-48f7-b4b0-de9034c28dd2,6ecee6f2-1238-4a29-9fd3-442f6ff0e1fe,1,12,6,6,2023-04-05,2024-01-01 00:00:00,2024-01-01
c51d17e5-0eaf-43a0-bbe6-10f44b84d1fe,13d5c8d7-8c51-48af-9232-9629850502e2,fa0c82c7-6c7a-4683-9364-4dae45bfa07e,1,20,0,2,2022-02-05,2024-01-01 00:00:00,2024-01-01
fc2fc7f0-f8ee-42f2-a0bc-afe9da7c69c0,57d0fd21-c733-4b24-8eb1-0b535d028deb,802e86de-f4e7-4a53-92a2-7ebe0a47df39,4,20,5,9,2019-06-19,2024-01-01 00:00:00,2024-01-01
8da41e99-f4c0-4036-9cbb-4638bc4c6ed2,29f5ee4e-8052-4882-8a25-f33cee7b49e7,f9b92ba0-683f-4413-aca6-0f09926c345c,1,16,0,3,2023-10-24,2024-01-01 00:00:00,2024-01-01
36b6735a-9ecb-4500-aafa-8ebf81b8cad0,ad32b576-3e9c-4957-bb2e-15c2876b6251,571c636f-7a4a-4ac6-a7c6-d247fedb83c2,5,15,4,0,2020-03-08,2024-01-01 00:00:00,2024-01-01
ada6bc07-d1dc-4c5f-a9f2-62a133ad5d1c,14b64e75-52c0-4a5a-ae7d-a5e4c0b89783,c9bf95b9-b0ae-4dc9-91af-c64e1f637bdf,3,17,9,10,2019-06-02,2024-01-01 00:00:00,2024-01-01
fd6c6222-5a79-47b2-a99e-6e06b6f429de,32c2e212-9627-43c0-81aa-7ae4d3632837,685a72a1-81ff-4c14-8ef4-776b03c7ecc5,3,0,3,9,2019-03-09,2024-01-01 00:00:00,2024-01-01
e4c4526b-9200-43aa-b7fc-94f951fad1b5,20389cfe-eea4-48b0-8269-58148dac0f3f,07516eff-8e29-411e-b392-afaaee9016e6,4,2,4,2,2019-10-23,2024-01-01 00:00:00,2024-01-01
2f1af8cb-4cc1-4680-81c3-206979e5348d,b3e2eae8-87b7-4f24-b6d9-74bd0eb9a1bf,3dcb9969-4b73-4926-aa46-2c48ba947fc0,5,12,10,8,2022-02-28,2024-01-01 00:00:00,2024-01-01
4ba1e255-7775-4ded-9eb6-d555ae97659c,1f63fea6-5a47-45cc-93ae-c1a37ac37975,85d3b40f-036a-495f-8040-6d1775cd5db3,2,2,8,5,2020-11-10,2024-01-01 00:00:00,2024-01-01
12e0295e-16ca-4ff8-b6eb-6b7fa332d3f2,cbf7dc1c-dab1-4dee-b0eb-5231beddb490,1ceb73a6-47a3-4dd2-adbc-d51def354a7c,4,7,1,5,2019-04-20,2024-01-01 00:00:00,2024-01-01
178a2b5f-ba24-4011-8310-5ca2fcaec4c8,2037c6b0-7e38-48cf-a5a6-162c6830cdd6,0a87cbd7-da05-4d9e-893e-3d17083fb102,5,19,6,5,2022-05-24,2024-01-01 00:00:00,2024-01-01
0f8372ad-f5c9-4593-93ea-693bd49bf98e,fc5e8994-064c-43c4-b5cb-08167d2b3e83,08846e86-3d8e-4c3e-af1b-1665cf209d9f,3,14,7,3,2019-03-02,2024-01-01 00:00:00,2024-01-01
cea7dead-2285-42f5-ab82-7b93cdeda61d,cef12f8e-ff21-4b12-b13d-5e119b3e9b80,428f3bea-e0ec-46fc-9e87-7911f78085c0,4,13,2,10,2020-12-29,2024-01-01 00:00:00,2024-01-01
dc620567-d4b7-4c9c-b046-ea5cab45765a,8f937df8-8bf1-496a-8da8-ef70109aca3b,aaac741f-a52f-4733-a964-8c86c6d69c6d,4,2,9,4,2022-04-14,2024-01-01 00:00:00,2024-01-01
c80e56b6-7455-4e53-bede-faa3596b6b42,94292883-2d78-4aa2-aded-35be0d10ef79,6fefc024-07d9-4a86-ac9b-699fd27b6e4c,1,2,4,2,2023-06-23,2024-01-01 00:00:00,2024-01-01
6f69b0c6-4e64-4349-ac33-32bf41b081bf,9e6916f5-1248-4956-8217-68a6ff74470d,edea4b5f-3f5d-4314-8bf0-a86d0b8effc6,2,12,5,5,2021-02-17,2024-01-01 00:00:00,2024-01-01
8374ac0e-5458-4ded-96f8-6ad46bddee30,29743def-a330-434c-9092-257ef0fcc03a,4da46ed5-9d9c-480d-aa47-7d43bc9c09fb,1,9,7,5,2019-08-07,2024-01-01 00:00:00,2024-01-01
d1ffa124-c7ed-439b-96e0-f894a1300d39,52f21cad-f662-4bdf-a863-e6bd993acdde,61a2cd98-38b4-4937-b752-267694b8ddd5,1,4,1,2,2023-04-09,2024-01-01 00:00:00,2024-01-01
7af73193-9ed6-4971-83ee-b70f48161db4,b57a9e9b-dca0-44fc-b68d-b28d344e1cdf,0375d747-f805-4c9e-b6ae-321d1d5aa9fa,5,17,8,6,2021-06-01,2024-01-01 00:00:00,2024-01-01
cd20b7e8-a54a-4074-a99b-28d0cb863edf,84bcb49f-123e-4287-9031-f7590f6ceb7d,7844313c-03fb-460d-afa6-978f8001955b,1,11,8,1,2019-07-31,2024-01-01 00:00:00,2024-01-01
6274e7b7-62eb-4bb1-b6ad-c3f526c16d17,ab013ab6-e3d2-4a0b-8efb-df5cd0260b6f,7c370196-e467-4102-be70-deb73cbca2c3,3,12,0,4,2022-05-07,2024-01-01 00:00:00,2024-01-01
4cd596a8-7e58-48cb-b04c-1ffd13f26b32,fa5205a2-bd48-4be0-911d-618a836f001f,9cd072bf-530a-47fc-8e8f-2f08787a39bb,1,17,3,9,2021-04-27,2024-01-01 00:00:00,2024-01-01
0a5ee706-38f8-4a24-98c4-9284cb7b8b73,f90fee5e-2e45-4354-8982-c327303458e9,0288a5fb-a2e3-472e-b132-4e10784bc88a,4,5,2,4,2021-12-03,2024-01-01 00:00:00,2024-01-01
e77f414e-ad0f-46da-87ba-556cd83b12ff,d09b7943-9834-4f06-82d3-1fc3d3dfb4ed,a4e34d9b-0a0d-46a2-9d9e-c7314cb0b44c,4,4,1,2,2020-09-08,2024-01-01 00:00:00,2024-01-01
773e1cb0-95e4-4a0c-b45c-b24e9644cd53,ccf82868-6130-4698-8af5-ae41d2a2a8a5,eea3d3c5-98b7-4022-b15a-0ec60a4b70ea,4,9,7,1,2021-06-09,2024-01-01 00:00:00,2024-01-01
a3fdddd9-9c65-41a8-a027-6ead7cdecd22,b30a9a7d-68d3-42bb-9d13-aba4c27e78ba,310e7f81-9fe3-4296-ac03-e8d76f6c10ac,2,20,7,9,2021-01-09,2024-01-01 00:00:00,2024-01-01
8e942318-eba2-47a1-bdd2-cb1299faa9ff,6daf4b53-a413-4656-b0ac-80a38e48d4fa,13d5de61-8558-4387-8ab4-347a8f505a31,4,3,2,4,2022-06-16,2024-01-01 00:00:00,2024-01-01
c9e7b9a8-4f56-49d4-8b55-5fc8c4ccb11c,3a92503f-095e-4d10-aeb6-ad115c2ebbde,4d6f0375-b4c8-472f-961b-9d4ab77cf9d0,4,10,9,6,2019-01-14,2024-01-01 00:00:00,2024-01-01
2fb50602-7cc2-479c-8eca-35fd12f68176,831df579-5a31-4719-9104-09412e88c7fe,b5bbac0d-38cb-48df-bf1e-ac8a70a044b5,3,14,5,6,2023-07-05,2024-01-01 00:00:00,2024-01-01
c2106b88-aa5b-4ba6-9ccc-4b299ebf498f,e5567b93-008b-4b57-9d6f-34839eabb874,ce0b6f95-c730-496a-a07a-8384d42befb9,5,4,4,5,2023-07-29,2024-01-01 00:00:00,2024-01-01
6dfabacf-4112-4f5b-96c7-ec7ff1112f72,413cd4e5-0d38-4f47-8afc-49614f7664e6,4d6f0375-b4c8-472f-961b-9d4ab77cf9d0,2,15,5,2,2022-05-20,2024-01-01 00:00:00,2024-01-01
0f0b6fa4-e88f-40c8-9f05-93ffc91e016f,e356c833-dfb0-45df-9472-3fec8cbcfe98,06469e1b-9c8d-4e4e-9c14-e69b211f5475,3,9,10,7,2021-03-26,2024-01-01 00:00:00,2024-01-01
9ce3ae3d-e9ca-42bc-8195-402bfa4878e6,1d68ce78-722b-4489-b9f3-da9cc1663a43,fb2687f9-3e9a-406e-a8b1-b33067bdbb70,2,10,6,4,2022-03-25,2024-01-01 00:00:00,2024-01-01
8620e135-6e92-46b5-88c7-d1452dfde852,e6085436-01cd-4eec-9418-a578de235376,45d7ea24-c950-49db-a864-e2d30c0d5168,4,11,1,9,2023-07-31,2024-01-01 00:00:00,2024-01-01
2b7ccaf9-d9f1-4df7-bcb5-4ea0435f1ba1,9adc8ee3-2dcd-417f-a177-7d2c9035d296,b08e0e28-db42-4cbb-8e4a-78c0d93977d3,5,5,10,8,2020-02-14,2024-01-01 00:00:00,2024-01-01
73785775-400c-404e-bb47-61ec2412944d,fff97737-7060-4510-8422-3c77d459d182,2cca2c71-8879-4dd7-8c3e-2a9d62eba8e8,4,6,7,4,2019-02-25,2024-01-01 00:00:00,2024-01-01
fbf4b660-fec3-4f23-a3ec-257d09184339,d0f6e0e3-14ed-4827-8b5b-a2ef24d76419,1e87b20e-fff6-4872-96d5-dec2cad2713a,1,13,10,7,2023-08-30,2024-01-01 00:00:00,2024-01-01
2ff26e7e-e3ff-4251-bbec-6211d0e00694,9e163801-46b6-410f-86e9-ee81cea89981,08846e86-3d8e-4c3e-af1b-1665cf209d9f,3,7,4,10,2019-10-13,2024-01-01 00:00:00,2024-01-01
253f8f8b-f344-462f-8851-464823b2ea7a,f4efd267-634e-4b76-a9b3-ccf41d57d676,37dd6d0b-8a9b-485f-964b-b252d580f62f,4,12,1,7,2019-11-12,2024-01-01 00:00:00,2024-01-01
b82f6961-fe48-4384-82ac-4375d6c1563b,a433992f-b9d5-4bac-8563-dca47e80d40b,13ef26fb-028c-4b96-bd33-23545fd49368,5,12,8,8,2022-05-09,2024-01-01 00:00:00,2024-01-01
abc1bd28-7630-411c-8c67-9fff60456c8b,7d45516f-089f-4cea-8802-0d9398ee2f34,1e87b20e-fff6-4872-96d5-dec2cad2713a,4,17,0,5,2023-11-17,2024-01-01 00:00:00,2024-01-01
766b5430-1bd2-4ad7-9baa-e42554071941,b0180a3d-16b1-419b-a63b-1b112a4958ef,3c329c0f-2222-4c83-931c-9f5f9b6d80a1,5,19,10,1,2022-12-07,2024-01-01 00:00:00,2024-01-01
c7eece13-052e-4b4b-9bab-3cada7d4edc9,f2ce3823-1f98-4538-9968-0088a5130bc3,0a87cbd7-da05-4d9e-893e-3d17083fb102,2,11,2,10,2019-08-12,2024-01-01 00:00:00,2024-01-01
a6b24797-7dde-4f69-a291-f1783d3e6ac1,ad25de33-0ecd-4bc7-88d9-8215d78a760c,d2c8ed53-35b0-4e13-9101-5afbe6be3b86,5,20,10,10,2022-06-08,2024-01-01 00:00:00,2024-01-01
6fba9b3c-2501-4efa-9724-95c812befe20,51f260dd-1788-4098-827a-21b579f69670,06469e1b-9c8d-4e4e-9c14-e69b211f5475,3,13,1,0,2021-03-29,2024-01-01 00:00:00,2024-01-01
8e54a494-da86-445a-8b39-74e197a3bac0,8822c735-36cf-43b8-bdc0-582ef6bcd349,185e7502-135f-4aa2-aac7-26d0f0eed2cc,2,16,8,8,2019-07-21,2024-01-01 00:00:00,2024-01-01
caad524b-efc0-4b40-991b-2eef40ca387b,96cf3d1a-0a72-4d51-b4dd-6aba9d7120f6,34943a3f-75c0-424a-a27e-89714269da45,5,7,7,5,2022-04-03,2024-01-01 00:00:00,2024-01-01
80193a8e-83e1-4d5f-9168-7f24288eec59,b0cad214-291f-48a9-a5f7-eb0301cdb3f4,81b66fee-e764-4208-8777-f3ce1e86f1c7,5,16,2,5,2021-03-12,2024-01-01 00:00:00,2024-01-01
ac524a0c-edcc-4506-8495-b1204b9c261e,bf743bee-6ea0-4dc1-aef6-eeb7e2cc5e5b,293f5bd9-e77f-453a-8ae8-8c2555462874,1,9,6,1,2019-02-20,2024-01-01 00:00:00,2024-01-01
f38c29ff-2154-4bbd-907b-8ed68e93ad5f,c42552bb-ee04-481f-894c-50a52c1db88b,8de62a84-d4d5-4cac-802c-040c252279d0,2,11,4,5,2019-08-26,2024-01-01 00:00:00,2024-01-01
02a84378-13e8-4c1d-ba0e-57299b409fbd,5bc1f17a-53d0-4453-b5a6-f942d47c9edb,3ae4c331-afe9-42f6-86e0-16b66d7c48bf,2,16,7,5,2021-07-21,2024-01-01 00:00:00,2024-01-01
05646d31-10d8-440c-aa7a-0ed23dfe17ee,e87d9228-56d6-48fd-be5c-0d3dd3a9562e,c5b60773-230d-452a-a448-54789e68efc7,4,14,5,1,2021-09-02,2024-01-01 00:00:00,2024-01-01
7deca499-13f3-4f14-a7f1-e782b0f03ade,8dfff489-2c8a-459f-8f75-2496daebaa27,d2c8ed53-35b0-4e13-9101-5afbe6be3b86,1,0,5,10,2020-09-06,2024-01-01 00:00:00,2024-01-01
cff6e257-4cb4-49f7-8caa-8a5264e03217,43c6b527-5ff3-48dc-b076-0d54c47dc31b,904fbcdc-a01e-4835-9898-b70b508ff43f,2,7,8,2,2019-08-12,2024-01-01 00:00:00,2024-01-01
59fc584a-bccb-4059-82f5-02e35b56606b,919c71ed-40de-4886-b776-50aeb8fb5c4a,046f62a1-a2f7-406e-8c45-b4bab6917922,3,17,6,7,2022-02-04,2024-01-01 00:00:00,2024-01-01
0d99eff9-959d-4372-b3b3-db6e613a8e4d,96593fd8-a456-4a56-b8f4-51faef5ddd68,33373b46-ff98-42fc-a39c-f0dcfbd5e720,4,20,2,2,2020-04-19,2024-01-01 00:00:00,2024-01-01
5bc07fa8-9960-4b8a-939e-d12ee625b8ce,800223d6-153a-4c3c-95db-42784af9bfbe,be7267ea-8018-4b14-ba5c-cfcb66781462,4,12,0,9,2022-08-04,2024-01-01 00:00:00,2024-01-01
df014389-b349-48df-865e-9542a655fd67,ffbc2b52-8ae6-4b0b-903f-cd3d5e536333,ecb0ecd4-6a07-4b65-bcb6-38a6b3e6f4c5,5,13,6,0,2020-02-09,2024-01-01 00:00:00,2024-01-01
0962df01-04ed-4a92-b298-588c7976a7f7,564606fc-f2fa-4049-a102-06c382581469,dab8a10a-7ff5-4eac-b5c5-81b48cd49bd1,2,8,1,9,2022-12-14,2024-01-01 00:00:00,2024-01-01
9cb23ffd-7b3c-41d9-95c3-29405fe5fbe4,0d61e332-9ce1-430a-b274-32fab86a69d1,f9817dda-1be4-4164-98b5-454572022baa,5,5,5,5,2019-07-28,2024-01-01 00:00:00,2024-01-01
08700613-b3a7-4d45-af77-22cce8f83f77,397f52e3-ddfc-4d4a-8040-fa8cc6308035,2f72de34-0cd3-4c9c-ba81-55c9916a9bbf,1,8,10,7,2020-02-08,2024-01-01 00:00:00,2024-01-01
e0e5eebf-46ec-487b-b28f-cb3d1d6fa687,58bdaa82-860b-4603-8213-5ff639361088,57ae4cdb-5481-4954-b336-5912b1b3653a,3,19,6,9,2021-12-16,2024-01-01 00:00:00,2024-01-01
bc42f9f4-9ccb-4115-ae04-c2b9e4182b14,0e3faaff-4044-4703-a670-66a7e91df124,79001d4d-d695-492b-b3a9-4fd78d066ddc,1,11,5,7,2021-03-14,2024-01-01 00:00:00,2024-01-01
f8a103d8-1280-454c-a30c-8bd74da70775,41fb920e-6198-40fc-a2ce-3e1293bd2eca,fa1d0eea-c721-4047-9738-8c67a6a0bccd,3,19,9,1,2022-06-18,2024-01-01 00:00:00,2024-01-01
49968949-39be-46b0-9187-3238061da323,034e7b35-ad42-4dda-96b4-c33662a75752,e4b2d4dd-f0bf-4bc7-9aad-ea4f57989680,3,3,3,4,2022-10-08,2024-01-01 00:00:00,2024-01-01
d2b3a755-fce8-4741-8a43-5d313eb9cc51,5e98e348-ea79-49ca-84f9-e7f4e605df99,5cf3434d-e976-456e-a951-cad2c805a9ec,3,4,8,6,2019-08-28,2024-01-01 00:00:00,2024-01-01
6e3a49b3-db0f-42a4-9be3-534b096488cc,3e527e71-bc98-4d66-a9eb-edea93b95819,e165c6ad-0881-461f-a326-0bedc06fdac0,2,18,6,6,2021-05-06,2024-01-01 00:00:00,2024-01-01
c9be00a1-f074-431f-9787-c77fb30fbbff,613273a0-22bb-4bbd-b349-2ccf25e1cb8d,10ed932c-9d7e-4b52-8acc-3d5ebb7ab0fa,5,20,2,8,2020-01-16,2024-01-01 00:00:00,2024-01-01
906d648b-6c55-44a5-a51f-707dec5e026d,02d8270a-7e83-4e7a-aec3-7136e19b75e5,d80fe7d5-83ae-4413-8c4a-0e4285fd0bfe,3,4,2,5,2019-12-08,2024-01-01 00:00:00,2024-01-01
9e121902-6a64-484e-9aa3-50e469d3d9ab,c17806d7-0b40-4d1c-b14b-7dd6326ded68,ecb0ecd4-6a07-4b65-bcb6-38a6b3e6f4c5,5,1,5,0,2023-09-21,2024-01-01 00:00:00,2024-01-01
e14a50a8-fc1a-4759-8f4d-d56b9ffb7e9f,8b779018-7434-4978-9d8c-45d3b038171d,d30e8550-6c98-4111-9929-897b013e7490,2,12,8,8,2021-09-19,2024-01-01 00:00:00,2024-01-01
993db4af-4aab-47ba-b759-df84cd21eefd,7f253909-1689-46aa-b075-1195d597389f,df12ed67-7c50-4007-92d4-1b779e3d741b,4,15,6,7,2022-08-30,2024-01-01 00:00:00,2024-01-01
c0eb94cc-06a9-4c68-a206-34049c2145de,7d48b718-de74-4d11-a098-35da14692e2a,c5c7407c-e106-4782-bf24-d20acbd08956,1,18,0,3,2021-09-27,2024-01-01 00:00:00,2024-01-01
0208e4bc-afd3-4d12-9ef1-4d5a3bbd8a67,6acca747-890c-448f-8fb2-39b4d34c08d5,6ecee6f2-1238-4a29-9fd3-442f6ff0e1fe,3,7,8,4,2020-08-21,2024-01-01 00:00:00,2024-01-01
e250e2f8-7c80-480f-bb92-acadf5e3e17d,d5fa6557-b5e5-4802-a51e-4bab25074813,d73ccab7-2d4e-4348-b9ff-12190ffc4d68,4,18,7,8,2019-12-11,2024-01-01 00:00:00,2024-01-01
cbabc870-c30a-4441-9c48-1c701bc771b1,b4056b37-9af8-4f06-b52a-47fe2f325603,161be690-7ffa-4141-bc81-80d10145e673,5,3,4,8,2021-11-12,2024-01-01 00:00:00,2024-01-01
a00e77f5-1f3c-444e-9075-b4c6b0cc634c,15ca1df5-d470-4b17-b79d-7f49b2765dd8,a4412d03-cb82-463c-8298-df6ca976c324,5,1,7,8,2023-08-14,2024-01-01 00:00:00,2024-01-01
5b014383-4e56-4159-b4d0-3aea794c2f6f,fd29d5a9-a36e-46b0-87b5-48646d419ed5,a53c3d45-a019-4f33-b39c-30fbbce4ad38,1,20,3,4,2020-03-23,2024-01-01 00:00:00,2024-01-01
36b792c9-ad91-4b02-981f-a881557bff78,e5f71050-23ac-459c-b9a0-66222a5c9860,6ecee6f2-1238-4a29-9fd3-442f6ff0e1fe,4,8,5,1,2023-11-27,2024-01-01 00:00:00,2024-01-01
7045742b-da7c-4c6f-b6a3-8c0276f550b0,13e0069c-5066-4a47-a6ef-a355fae1bb85,f22170f9-0a9f-40c7-9f8e-6ed79578fb2c,1,7,3,9,2021-06-18,2024-01-01 00:00:00,2024-01-01
160854c0-0714-4d96-a96c-a89585f21cd0,c7c1eaa0-d592-4e5f-a845-cffa1434b85a,5a6399b6-bf5d-4464-97b1-d84976ec3f9b,5,20,6,2,2022-11-12,2024-01-01 00:00:00,2024-01-01
e933f14f-e98a-4c84-8693-3b7421074add,bb3684dd-5f1f-42db-bdfc-c50501f7affc,4813af42-8451-4b96-83d6-7cad975e5ad2,2,6,0,9,2022-06-15,2024-01-01 00:00:00,2024-01-01
2f09e5c8-3048-465a-a091-910ebcc4d3db,aeb7a34c-cf72-40cd-bfef-763a3f634838,a7875516-191c-433a-9d0a-e42a3e3ed6db,3,19,8,2,2020-12-19,2024-01-01 00:00:00,2024-01-01
86384f3d-936c-4e27-aedb-6ef5daad46cd,9a042edf-c38b-457f-babf-56fb5f48e0de,4f91f983-e901-4362-835d-b5d846345052,3,9,9,4,2020-10-24,2024-01-01 00:00:00,2024-01-01
e37548a2-dc3d-42f8-9baa-a0a597c6a0f1,fb98c712-1ffa-4223-892c-ea15b892f149,1ec056da-114f-4842-af22-25ee69039a38,1,4,6,0,2023-10-24,2024-01-01 00:00:00,2024-01-01
2c53f081-f123-4a96-a61d-96ebced177b0,4d2c42f2-23c5-4364-93b2-764e16b013da,f22170f9-0a9f-40c7-9f8e-6ed79578fb2c,2,4,3,2,2020-07-21,2024-01-01 00:00:00,2024-01-01
e42b5b4c-d532-4f7d-b93a-b72323fe001c,cb22ad37-f321-43f6-ad8b-ebf4a047f19a,315b8757-9504-4390-b0fc-071c5fca4539,2,12,7,2,2022-12-27,2024-01-01 00:00:00,2024-01-01
a5aabb29-1e81-4bd7-83c7-a43db54b28d9,c6ddd29f-015b-4d66-9dd2-f006458eeddd,b0a0d89b-80c6-4f3c-bafb-164caad0d852,3,20,6,6,2022-03-28,2024-01-01 00:00:00,2024-01-01
f9e01379-f617-401a-8602-cd6931f35bd2,a1a1c9d7-a284-4053-bcdb-324d92715c6c,6ce1957d-1e25-47e8-967f-4d011eab306b,1,12,8,4,2021-07-14,2024-01-01 00:00:00,2024-01-01
9a55878c-e8c1-4b3c-b92c-929f7b16a48d,f5b03511-80e2-4b34-ab8d-16b8a649b95c,4ad46ba6-0e0d-4a9f-99a0-daaf42573169,3,14,7,5,2022-11-23,2024-01-01 00:00:00,2024-01-01
4ca0ee2d-1f45-4609-8486-bc8f14d0b9c7,9640ec5f-2274-43eb-b91d-787c598affb7,1cc9d468-4898-4575-9b28-0d959c1aa2eb,1,14,10,10,2022-04-06,2024-01-01 00:00:00,2024-01-01
b2483fe7-53cb-49ed-8bb3-02026ff018e7,b3b37b48-252d-4f01-8e66-b63a96633141,0ce240aa-6ec3-42da-bb65-a50fb6b5ccc9,1,17,6,3,2022-11-29,2024-01-01 00:00:00,2024-01-01
cf2c3ac1-afa7-4639-aee7-a87652af9a8b,046e562b-dbd8-4705-b0a5-07279b590bda,030feb28-36e3-4593-8d5c-c8d42af61ec0,2,15,4,5,2021-05-29,2024-01-01 00:00:00,2024-01-01
8444ee5e-f897-499c-ba04-04168caeb437,1f9416bd-017c-4214-a0c0-505a096767cf,8d6971cf-dae1-46db-836a-9e040806a36c,3,17,9,2,2023-08-24,2024-01-01 00:00:00,2024-01-01
3b1acf27-f066-4a44-9a29-c07c9216e65c,560b2fe2-ed04-485b-b08f-b90ec3dd3568,d06afe8f-b00f-4b3d-951b-dfc4f57cbee5,4,10,10,0,2022-03-05,2024-01-01 00:00:00,2024-01-01
8be3625f-e16d-41ef-b747-71954a15c838,2297f136-ca42-4002-ab8c-e1c5a126dbdb,1ceb73a6-47a3-4dd2-adbc-d51def354a7c,4,0,1,2,2019-04-05,2024-01-01 00:00:00,2024-01-01
5759b237-a533-477b-88bf-3513e0e3c285,0464d3da-4773-4cd1-9fd0-75eb7c45907f,66ba78a7-e08c-4889-a8d4-c887fe6fee5e,1,13,3,2,2021-06-22,2024-01-01 00:00:00,2024-01-01
54b56f7f-a5b7-4db0-bea5-d193f16c26ca,ef372ff2-6522-4fec-bda0-d8533edbc0f3,133046c4-5256-4bea-8a44-4afd95440375,2,8,1,10,2022-08-24,2024-01-01 00:00:00,2024-01-01
a537f587-1869-4faa-b69b-957a38808eeb,6b11df7f-8667-42b8-989a-e228a468eeb8,310e7f81-9fe3-4296-ac03-e8d76f6c10ac,1,11,10,10,2021-01-08,2024-01-01 00:00:00,2024-01-01
1cc5020a-a3fe-45bc-ab08-e9f3de905f60,77f999a1-a7b0-477f-937f-c5bab7ddb1fb,d39003ff-20ab-4c47-80e5-78bac10aa506,4,20,4,3,2019-12-05,2024-01-01 00:00:00,2024-01-01
a6e2d878-ae62-4ee5-8a20-11527f5e4b33,bc6936ed-d8c9-483a-b3d4-c309f79b1a4b,1c2fd5bb-080f-4561-b29d-68f1d2290128,1,3,0,3,2021-05-29,2024-01-01 00:00:00,2024-01-01
3f9617e6-651c-411e-84a2-f05c5ce30fc5,43f47153-16d4-48df-a9b1-4c2f28df0a53,c152a397-4b4d-4fd6-aaeb-325b9cf6fe2d,2,18,3,8,2021-09-03,2024-01-01 00:00:00,2024-01-01
5bb12a45-057b-4951-a648-79e2636d3db2,7ff5df5c-76f9-4536-9e4b-8356904364ec,dff763bc-ff5b-48d3-a61f-ec960f923841,1,0,5,1,2022-10-24,2024-01-01 00:00:00,2024-01-01
2f7cdddb-f602-4894-9127-2f21fd9963b6,56412c99-7fc6-49bb-8a7c-8d06ef2b3bb5,376bf133-e199-4cba-9207-4b5fbcc0407c,2,15,1,3,2023-10-28,2024-01-01 00:00:00,2024-01-01
a6b651a4-709a-4a7f-a4c6-77c57ce0a474,59a7da4f-c62f-4ecc-b840-6638e20b702a,617abd34-e75b-4589-9650-2b97ad5a95e1,1,3,5,5,2021-02-23,2024-01-01 00:00:00,2024-01-01
96c2ccc9-885f-44dc-acca-3bcb445c1afa,3cbba9f7-a7e7-4254-8111-110aa60cba5a,1c6fe6e7-810f-4758-8b54-26cfebc24c0a,4,4,10,10,2020-09-04,2024-01-01 00:00:00,2024-01-01
1aa6de52-b8a3-4b98-9d6c-b477313c920e,6506c710-e52e-4f77-a0ed-263fabc54320,9bddb06a-1019-4e75-a10a-17b93e8b5b42,5,18,0,9,2019-10-20,2024-01-01 00:00:00,2024-01-01
6b844908-dd35-43ce-ad1c-bd43f8a1205c,fdf421b1-df38-4d4f-9e29-2802b61fccac,f71d9c1a-d831-4d37-ad50-2080459fea83,4,11,3,10,2022-08-24,2024-01-01 00:00:00,2024-01-01
b44f1725-16b3-4a19-8c9c-95e04dd95bac,11ad2833-a1a0-40b5-9304-61d2a793c531,6a01d889-b776-4f27-8221-299b8d06dc27,4,19,10,7,2023-03-13,2024-01-01 00:00:00,2024-01-01
f6393595-bd2c-4f64-8db6-5f1e815c2023,e750a039-7cb3-49a4-8d44-bcdb19894046,45404c8c-fd4f-4d15-903b-91b5c05b0375,1,3,2,1,2023-10-28,2024-01-01 00:00:00,2024-01-01
1443f5f2-483a-45c6-aad9-c32a7615b5b7,ac794ca5-1046-4373-9170-69cdee0eb284,fb196124-3f62-4741-8b92-6d48e5001c61,4,11,6,5,2022-04-22,2024-01-01 00:00:00,2024-01-01
38741130-00c0-41e3-b847-86a977c8e78a,9dce8ef6-2bce-46da-bb53-a557beb62f17,4813af42-8451-4b96-83d6-7cad975e5ad2,2,8,10,1,2023-06-09,2024-01-01 00:00:00,2024-01-01
81d586e7-0a30-4673-a413-e2fe9f603140,beb9b513-163c-440a-b301-a7b688fd429b,428f3bea-e0ec-46fc-9e87-7911f78085c0,5,19,9,4,2020-05-23,2024-01-01 00:00:00,2024-01-01
3fcdb28f-716a-43e5-9f10-9440856c3f36,a17aed77-cfda-48a0-b941-4444de832558,399f88ee-c3c2-4945-853e-1941dee550ef,1,9,3,8,2023-05-15,2024-01-01 00:00:00,2024-01-01
0bffd162-6ce9-4e51-a26d-f798b7d63beb,db649fd4-75ae-4666-aba4-f581f8b9eeed,4ce603e2-bf3c-485e-b494-57807d95b843,2,12,4,10,2022-05-27,2024-01-01 00:00:00,2024-01-01
eea0c00f-d399-4863-8155-eb0148fc9d5f,4d0314ba-ffe1-48af-a80d-fc9a7c6d9f34,3ae4c331-afe9-42f6-86e0-16b66d7c48bf,2,15,6,1,2019-04-22,2024-01-01 00:00:00,2024-01-01
f21ca2d6-9e2d-41d0-a78e-b1cfadb2254e,7dceda2f-28dc-45f4-bb82-3332b67d1872,802e86de-f4e7-4a53-92a2-7ebe0a47df39,5,2,8,0,2020-05-08,2024-01-01 00:00:00,2024-01-01
bb17896c-9d46-4a60-8fa9-55911cd9f1fb,992b3b50-9a3d-425c-8394-219036380403,23a41a82-aaeb-4cbc-a3da-56c530260b62,3,4,6,9,2021-01-09,2024-01-01 00:00:00,2024-01-01
23b1dcf8-3138-4232-914f-20914c9e762e,3cf778f7-b061-4802-8e05-f865d1cf711c,a4412d03-cb82-463c-8298-df6ca976c324,5,5,7,1,2021-05-11,2024-01-01 00:00:00,2024-01-01
5e8c2b61-61ed-4659-b12f-fceebcb24d8c,1ac7364d-2489-4e89-ae3f-a6afe69cae55,79001d4d-d695-492b-b3a9-4fd78d066ddc,1,0,4,3,2019-02-04,2024-01-01 00:00:00,2024-01-01
eea6272c-d792-4c36-8c86-7b5286bcdbae,0497e39b-1b6a-4b4e-82c9-1fdc236fdc4b,ea89fd49-731f-4da8-969b-bc2a6c8bea84,1,12,8,4,2019-03-23,2024-01-01 00:00:00,2024-01-01
7f6731e6-e238-4bfb-957b-c280e559f8f8,660a2a50-a519-41da-b10d-1e0cb0a62621,edea4b5f-3f5d-4314-8bf0-a86d0b8effc6,5,13,6,6,2022-07-11,2024-01-01 00:00:00,2024-01-01
d89949f0-019f-4500-b4df-8a8b7d4d1310,a2a3a1ec-49ea-4003-a708-15d0aadd1980,60b418d4-86d2-4132-9bc5-6ca7e221f7f0,5,17,9,2,2019-06-18,2024-01-01 00:00:00,2024-01-01
8db547cf-d960-4c2d-bea2-9ad57f77ea81,f9908305-0a60-497f-bdb3-07a859c45892,5d12e724-cb1e-4fa2-8a4b-7233cc8fe6ec,3,2,8,3,2020-07-22,2024-01-01 00:00:00,2024-01-01
5ec9c900-8ece-47d7-9cc3-0130ae4dc31b,60997598-872e-4fa6-9a9d-f7e5b321bf47,06bdb1fb-5584-44c3-b60e-ba9d730a9ff5,5,10,6,9,2023-07-13,2024-01-01 00:00:00,2024-01-01
5a2e5c8c-744f-45b8-8392-7c707fd14f82,be0d063e-9796-433f-8903-dd8be458c7f8,33a8bae8-defe-45ee-bc55-acac9865843c,1,9,6,3,2022-07-23,2024-01-01 00:00:00,2024-01-01
03f2f127-42b5-4f2f-aca7-5bb14286aaa3,9c4d7abe-2bae-43eb-8b51-69f19d4127f3,0ad16284-7dad-469c-81c6-08e7988e4581,1,13,1,7,2019-04-29,2024-01-01 00:00:00,2024-01-01
2e1e454e-be6b-41f2-a284-d03a3c777a23,75113481-3067-43d9-b93e-68604fd29506,20638f24-6025-4e48-9b32-1dd2a6b435bf,1,9,10,10,2022-06-07,2024-01-01 00:00:00,2024-01-01
91b79e36-c936-48a6-8a02-89eb4d5e8e56,d00ba28e-03ed-405a-8be9-91682c216196,c60084f3-f963-4262-b773-fd8f12808239,1,0,2,0,2023-02-25,2024-01-01 00:00:00,2024-01-01
5fe9c2d7-347e-4f88-84ad-658be3358c77,d8862b23-a17e-419f-a0be-412526187a39,d724b683-e963-4386-b2b8-fd0848f7abae,3,16,8,4,2019-12-02,2024-01-01 00:00:00,2024-01-01
d3f5135a-e10e-431b-ad46-5899c0d3faf7,64f4b178-a352-47d1-b572-d897e6cff687,d1af5b5f-9803-4859-82ba-f9a6eacbf0fc,2,8,1,0,2019-12-08,2024-01-01 00:00:00,2024-01-01
80a8cc23-2f4a-4b89-b46a-4d255762448d,42664509-3cbf-443e-a2ce-1475b4d60fe1,137d4ec0-94bc-4552-ad59-f16b7a6efd21,4,8,8,1,2020-11-17,2024-01-01 00:00:00,2024-01-01
be9522bd-c030-422f-bf57-729f592308e0,f6e7dedd-02ab-4189-be2f-1c6aec050db2,edea4b5f-3f5d-4314-8bf0-a86d0b8effc6,5,20,1,7,2020-06-22,2024-01-01 00:00:00,2024-01-01
f3dfaba3-e0cd-4e05-aaca-10aa45fa812e,9c83b52f-8de9-4ab8-b7a9-3716fc96f923,9d0a07e7-7cad-4b11-b098-c63cd83d86cc,3,1,7,9,2021-07-21,2024-01-01 00:00:00,2024-01-01
d8fa8b19-55b2-442f-bcaf-9fa655121edf,802424ce-35d7-4302-9156-f58d685e88be,7d452a25-98d5-4e93-91d0-c5173fe7ba0b,2,8,1,9,2019-12-08,2024-01-01 00:00:00,2024-01-01
56e163a3-5bc1-4524-882f-ea2575df97c7,a8c0e9f0-9bc0-423a-8c68-76b75f7d310b,d463fafa-7d15-4981-8b7e-9bcb112f286d,1,7,8,0,2022-10-12,2024-01-01 00:00:00,2024-01-01
9f862cf2-edf9-4c82-a25d-6ac932be6d87,3e3a560a-c698-424a-8aae-69be137a7478,a46186c5-5c89-4d8d-becf-598788357b0e,1,7,0,7,2019-04-01,2024-01-01 00:00:00,2024-01-01
d2a2410e-601e-4971-a8ce-1d09df522796,9d5d7a31-cd69-4b75-9a8b-c29aa026ac10,85d3b40f-036a-495f-8040-6d1775cd5db3,2,5,0,8,2021-01-15,2024-01-01 00:00:00,2024-01-01
720f31d0-217e-4fb4-9e5c-22874e6204ee,ae353469-0e19-4036-b0c5-2e4823edfd12,c0d8692a-0e8c-43dc-9470-88c60fa6f487,4,7,5,3,2023-07-03,2024-01-01 00:00:00,2024-01-01
c008e6b9-1ebd-4429-9470-86b8d2ff3b85,082f67f5-072c-41dd-bab8-c50b00bc2c01,81e9a5ae-2a60-4430-ba07-8f13d1315b73,3,8,1,9,2021-05-02,2024-01-01 00:00:00,2024-01-01
7aa01a6f-c569-44b1-9ab0-3eaac68f438d,3251dd62-2cd0-4e93-b117-746e941bd016,6f389e71-46f7-4711-9fd1-f5329424e39b,5,1,2,3,2021-02-02,2024-01-01 00:00:00,2024-01-01
138348cf-7124-4240-9aa6-d94bd3e95b7a,e2947e2c-dc06-40a4-a70f-624f83377ea9,6d020665-2465-4a6e-b01a-6862c08f7c99,1,12,1,7,2023-07-06,2024-01-01 00:00:00,2024-01-01
f555b398-fe9d-4dd5-a1b0-2bba8706f807,9e647cbc-55ca-48ba-95e3-3c5ac51d4395,2922af86-2997-4537-8609-bf9b9c5f81c3,3,10,1,8,2023-11-09,2024-01-01 00:00:00,2024-01-01
3ceb91e9-0d73-4abf-8250-cfd21896ef31,e8355de6-9bc2-4158-81c6-62865c7d1000,896872e5-c3d0-4f6e-89c7-414710662765,3,6,4,9,2021-07-24,2024-01-01 00:00:00,2024-01-01
4942e347-4bcb-4850-a875-3ba631d1a3ad,49aa1749-0195-4bfe-bd9f-7c70f0a358f2,716a916c-81b3-4c8d-94e4-b2c24224dcd3,5,7,7,5,2023-05-26,2024-01-01 00:00:00,2024-01-01
bdbbd626-e37f-4d55-b073-49ad3ac8515d,bd8e4ee6-5ecf-4c25-8a3e-4cee8f3c59fc,546b971f-2bca-42ca-a9b9-11077fc42aad,4,6,8,3,2022-04-26,2024-01-01 00:00:00,2024-01-01
d36c1570-2d72-4b16-87f9-77c74d830bbd,67b2fa3d-f7ea-47ff-80bc-7301fd87b5fd,60a84bb9-9c76-4b64-ab1d-16dd31b94625,4,0,3,8,2019-11-05,2024-01-01 00:00:00,2024-01-01
d6017329-8bd8-4b1f-8c93-45442c4af1f6,3ab79c8f-d843-4a45-8e9f-b4c2c38ae8f3,f5f963ec-8a77-4223-9b3c-0fddd61cdc78,1,10,0,10,2020-12-10,2024-01-01 00:00:00,2024-01-01
e004076d-3c78-4ec2-95c5-12559bffdc4d,f27cc0a4-ff7a-4ced-b85c-491c4759426b,5d52cf68-3e58-494c-9ae6-1b53dbb06462,3,3,3,8,2021-02-09,2024-01-01 00:00:00,2024-01-01
5ce0fb76-155b-452c-8795-022bd37bc4d6,4203827a-5466-45fe-880e-4baa92e35cda,d99f29a1-fbfd-4641-9f25-3cddfc9e6f64,4,1,2,4,2020-05-02,2024-01-01 00:00:00,2024-01-01
f53954ee-e894-4889-a0e0-10aa875c1cc6,e4d8502f-04be-447e-9baf-beaba53dc014,d2c8ed53-35b0-4e13-9101-5afbe6be3b86,2,16,6,5,2019-07-10,2024-01-01 00:00:00,2024-01-01
4016e8cf-d01e-4b34-bb19-4962f74cdcd9,68ad0140-0979-4889-b6a2-3d8e621cdd2f,f9b92ba0-683f-4413-aca6-0f09926c345c,1,18,1,8,2021-07-27,2024-01-01 00:00:00,2024-01-01
f5e1428b-07ef-490f-8160-305f52e67b2a,3a340386-dd10-4a99-b05a-c95892ad84ae,7bd9faf9-ba67-4110-af10-8fd6782127f8,4,2,9,9,2019-10-01,2024-01-01 00:00:00,2024-01-01
e73f8b23-c1c9-4f67-a587-7d899eb54a62,e506a272-897d-4678-9f36-6bd4ed604518,fcbc4199-ac99-41ff-975b-5c8ff7e2531d,2,7,4,4,2019-05-08,2024-01-01 00:00:00,2024-01-01
f6e4996c-fe30-4688-919b-cfe83d12e25e,0aab171d-3daa-4676-92cf-2aefe78f014b,17803607-22cb-4c44-924d-744803b07c79,4,10,5,7,2023-10-09,2024-01-01 00:00:00,2024-01-01
8e0f870d-9b13-4af9-ac2e-06bf8190129f,3264570a-f180-4de9-b9d4-f69e9030a121,735e3307-b6b1-4147-9929-224858ae60ea,1,6,2,9,2020-07-10,2024-01-01 00:00:00,2024-01-01
6dd8f05c-32e8-48a3-8761-4f96292e55ec,bb4efc7e-09d2-485c-b719-bac459fe7e1b,06bdb1fb-5584-44c3-b60e-ba9d730a9ff5,1,5,7,7,2019-08-12,2024-01-01 00:00:00,2024-01-01
9d91e93f-076c-4f77-8367-e86b84e9cf91,629e3cd3-5204-457b-9859-43cad805626a,630f6ee2-4357-4798-b435-386ea8a00d80,1,17,5,3,2020-10-05,2024-01-01 00:00:00,2024-01-01
7c1a70c2-5615-471e-9a4c-e2efe2ea1ce3,079bc8c4-dfc8-42e3-9380-089d0e60968d,2dd3fe93-4eb9-4533-a2c0-6041b3aefc7d,4,8,1,1,2021-07-14,2024-01-01 00:00:00,2024-01-01
35fab787-444c-4a55-aaf8-66989d6fb151,d5a6ebcd-2385-4f0b-a208-5d512aec9486,137d4ec0-94bc-4552-ad59-f16b7a6efd21,3,19,0,3,2019-11-19,2024-01-01 00:00:00,2024-01-01
3502af5f-d7b3-4b00-9ae6-38ccbbd3e701,30471482-3118-4b20-9838-ed3658d6d288,b5ed67ce-51f8-454e-8bc0-7c5ee56b22b9,3,4,1,3,2023-09-08,2024-01-01 00:00:00,2024-01-01
859e148a-0b18-4bfe-a36a-0f10f903cf3b,3e316c4e-9933-4354-a835-f30d019e0f48,645d4d49-dc87-47fe-a65f-0dcbc44cde63,5,1,10,4,2020-12-29,2024-01-01 00:00:00,2024-01-01
41211274-7bed-4510-b39a-f6e6d6b0a614,92e74382-f26a-4fe7-a93e-6aa9d96cc8d7,db8f2120-0aaa-4288-8646-ea0f48e1dd86,2,0,6,7,2020-06-16,2024-01-01 00:00:00,2024-01-01
919d0a43-6351-4b6f-91a4-77359ca8abb5,71cf7318-d5c1-4772-9139-59d6346a1bf3,4d87cbaa-bcd0-464a-9fcb-d81df4a1d9c8,5,7,1,7,2022-02-12,2024-01-01 00:00:00,2024-01-01
599df6d3-e921-447a-80f0-555dd7a4c9b9,735ecd98-1bad-4f62-9290-f38a40932173,79a52758-a803-4d40-af99-b6f10fb759af,2,3,0,0,2019-07-28,2024-01-01 00:00:00,2024-01-01
9bf7993f-6014-4743-baf5-e177b3a4ab9f,f09db32a-4f11-4b43-aaed-23a8c4bd6816,d73ccab7-2d4e-4348-b9ff-12190ffc4d68,2,4,3,6,2023-08-28,2024-01-01 00:00:00,2024-01-01
eff815be-fff9-42eb-9340-917611312d3c,952baed1-2640-47ae-9c86-8681e1406c9f,fa9d2712-59b1-4861-9cdc-4344e649a21a,1,18,9,4,2021-02-01,2024-01-01 00:00:00,2024-01-01
9a51dad4-93f2-4e19-bc78-59263167858c,d326299b-1500-4826-8f76-92b4dca84127,6ce1957d-1e25-47e8-967f-4d011eab306b,1,2,3,10,2023-07-23,2024-01-01 00:00:00,2024-01-01
82745185-afa1-4af5-bcc7-46d2ec5df46f,67e8ed85-6bb0-44ea-9522-87c98b84a50a,a57ccce5-4849-48fc-bdfa-0c5932580ebc,2,2,5,1,2021-06-27,2024-01-01 00:00:00,2024-01-01
5c59466f-c5c0-438f-9a2d-69ad6ba36153,2bf4f3a3-e0ae-4c79-af86-128380604a2e,44e549c9-2fe5-44df-8804-9d88f6092512,4,1,2,9,2019-03-29,2024-01-01 00:00:00,2024-01-01
946b9626-9e79-4d6a-89bb-7ef7486cdf33,8f99194e-c1a0-4318-a7da-399d133f5902,2a67aedf-6514-4b81-a4d7-060235d6e43e,4,15,0,6,2021-06-06,2024-01-01 00:00:00,2024-01-01
ff22b8c0-3a48-45c6-bc7a-9b410bb2a853,c0af19a7-7cb2-4358-8d9f-a52a64dcfca1,29b81039-f7fe-44d4-b9ae-e43004eff257,2,11,3,2,2022-10-31,2024-01-01 00:00:00,2024-01-01
fc26acbf-013c-4580-b172-c9600f283cc7,2d6c4e66-0f81-4fe8-9e42-c7c345d30212,834586db-c5c8-4589-bab4-39c974547035,4,4,0,9,2020-07-17,2024-01-01 00:00:00,2024-01-01
b9cda1a2-d7be-465a-afba-398526893491,d3f79c70-e200-4d6f-a3e8-f2c9039790fd,44444b0d-5b0a-407c-a8be-8eef20b13052,2,20,4,7,2022-06-22,2024-01-01 00:00:00,2024-01-01
12be3518-aafc-4227-9827-95f4149c8171,c1be96b8-1fba-44eb-9a3f-669029391206,7a50e05e-c86f-47e7-8fb8-84259d236325,5,15,0,1,2021-04-23,2024-01-01 00:00:00,2024-01-01
de338ed1-09b4-4a16-b51e-ba01c378bf3c,b5a202fe-4565-40b4-bbbe-667507d9aa07,85d3b40f-036a-495f-8040-6d1775cd5db3,2,13,3,10,2020-07-26,2024-01-01 00:00:00,2024-01-01
cf51eaef-3638-447e-bd0d-e7af69bb6d75,2fcb1adc-a9f0-4a59-82c6-0c3cc9167c46,695e0ca8-2132-420d-95e4-d58bf723c4df,2,20,8,0,2023-06-21,2024-01-01 00:00:00,2024-01-01
dba1b92c-e184-4133-9174-085fe1bd1f74,65319ec3-6582-4653-b184-201b262040ad,fb2687f9-3e9a-406e-a8b1-b33067bdbb70,3,15,8,7,2021-02-22,2024-01-01 00:00:00,2024-01-01
cfcc9ffa-df12-4d89-8f8b-028e6c6793dd,2f501897-c506-4286-9812-00e6de949846,c0d8692a-0e8c-43dc-9470-88c60fa6f487,5,16,5,6,2020-12-05,2024-01-01 00:00:00,2024-01-01
93c70c94-33b6-454e-8eda-b0e88682da6e,cd1f2b7b-e8d9-4e66-9e68-fd9c02d82e1d,10e1907a-c902-42ac-b0e9-ab6bf2f0c62e,1,10,9,3,2020-07-07,2024-01-01 00:00:00,2024-01-01
2f94e103-40cb-4f2b-86cb-5ac37d84d028,1a0fafe1-64aa-4c3b-bc06-1cbc5b3ee51d,3c329c0f-2222-4c83-931c-9f5f9b6d80a1,3,1,7,8,2019-03-02,2024-01-01 00:00:00,2024-01-01
1e2b6cb8-f70a-4cb9-b83a-ce78354f7731,4ccdd634-edaf-4214-958d-adbf2dd137de,98ecac3b-17cd-418d-b996-6a44293cb0cf,5,7,2,1,2021-01-02,2024-01-01 00:00:00,2024-01-01
918d58b0-599d-4d1f-a8eb-6f9d0ceee50c,fef69a1d-f9b8-4c2c-b755-e80564212539,be7267ea-8018-4b14-ba5c-cfcb66781462,2,8,8,0,2020-05-22,2024-01-01 00:00:00,2024-01-01
348a2094-ff03-4069-9bcc-f82312b0f66d,7520b7aa-4a66-4ca8-9a56-6e592cd88a37,4d6f0375-b4c8-472f-961b-9d4ab77cf9d0,2,18,6,5,2023-04-14,2024-01-01 00:00:00,2024-01-01
d4223e95-062f-414f-aa40-e3de5795d941,1912b8c2-c4fb-4a1c-a276-7325035fa24a,3fa1fc01-a9aa-49cf-8829-9d1000d73028,2,5,3,9,2023-09-15,2024-01-01 00:00:00,2024-01-01
4771da8f-15e9-4ec2-898d-6db040639fd0,cf5a1786-0f6b-43d2-ac81-d119397df529,22396224-bed7-4623-aa8e-286ce43cea68,3,18,0,5,2020-10-13,2024-01-01 00:00:00,2024-01-01
1ddba826-6c39-453a-833a-d5e47999ba1b,3eec61d3-e5e4-4627-a845-1da37fc8e151,15b7b416-1e58-4228-96a9-59f3e18a3ef8,2,18,3,7,2022-03-08,2024-01-01 00:00:00,2024-01-01
e4d39392-2190-44af-802f-de89e7be29b4,300967c2-75b1-477a-9941-d6673abc6626,0fcf7399-8fe6-439c-977f-6e8fde3da99b,2,15,0,1,2022-01-15,2024-01-01 00:00:00,2024-01-01
9e96d9a6-625a-45df-9260-192a086549f8,ba1671e3-e955-4267-a47d-7f1bcb2c8650,735e3307-b6b1-4147-9929-224858ae60ea,5,7,0,8,2019-04-26,2024-01-01 00:00:00,2024-01-01
e7287ae5-c3c3-49ee-85f7-3e4260e7255a,50a48e2f-9120-48f9-a40d-6d81a51d9ae4,071aa882-feda-46a3-a4e8-02ec468ad223,3,19,3,2,2021-09-05,2024-01-01 00:00:00,2024-01-01
2f618637-aba6-4844-a926-3292d4d1b3b1,75e340c7-b1c0-4f18-970c-fab495badfbc,2b55163c-c8c3-4a9f-ad5a-0948e83fe97e,2,10,0,0,2020-11-28,2024-01-01 00:00:00,2024-01-01
a79178bb-5e78-45c2-9d08-85d9d0805cd8,a44140db-16d5-484f-b44c-580337973ce9,79001d4d-d695-492b-b3a9-4fd78d066ddc,2,3,8,5,2019-10-30,2024-01-01 00:00:00,2024-01-01
f9180749-e4c6-4599-b911-55e954d4cc1c,beb4c62e-5560-4c45-9912-952d6fbf9409,78312951-58cb-4114-b4ec-1c62fb9f5e8f,4,18,1,5,2019-05-29,2024-01-01 00:00:00,2024-01-01
5755dd18-92e4-437b-941f-5d7c4c4557be,25543c53-71ba-49e5-8af9-6555640f3ab9,98724ab7-5e21-4910-8c91-2b38879fbca5,2,5,6,10,2020-09-10,2024-01-01 00:00:00,2024-01-01
1bf3f34f-941f-433e-acc8-527db45384ab,57f45464-14e9-4ee9-a9db-bd63ac6bf356,689916b5-c63b-4d32-be1a-8fdd2609ef42,3,5,8,9,2021-09-24,2024-01-01 00:00:00,2024-01-01
850b6c36-c37f-4ea2-a3a1-b190513db716,d287f768-5190-47d4-adb1-8821eb2f1557,ac9c7b65-1f4c-49ab-98f7-497cc59418a5,2,18,2,6,2023-05-31,2024-01-01 00:00:00,2024-01-01
36f714c0-62e7-4a4e-a56b-1324d9379865,02f4fb9b-71e2-4f77-a4ce-5728d8b104a1,b5b9805f-a92e-43b2-88b9-2985519a4d52,3,4,2,0,2020-09-20,2024-01-01 00:00:00,2024-01-01
ae868c9c-508b-4e60-a3fe-f3285662ddff,c167291b-5ba2-4f9d-86f3-7c93dd9807ae,4d6f0375-b4c8-472f-961b-9d4ab77cf9d0,5,12,9,0,2022-12-08,2024-01-01 00:00:00,2024-01-01
c3049730-6ab6-407b-8450-bea9f122f5b1,2ea8e93f-0ca2-4506-8aea-e4497d221981,3aaf62a5-fc82-4e62-ba5a-8869c58bf8c2,3,19,3,10,2020-01-08,2024-01-01 00:00:00,2024-01-01
9d778a18-e3ee-4928-af58-86940b537e06,082bea0f-8662-4d9b-80da-1437f2422b72,24350707-610e-4310-9644-77314fe37d18,4,4,5,1,2022-03-04,2024-01-01 00:00:00,2024-01-01
af9fe86d-8835-451b-9ff2-b27edf442b5a,65272bf8-1a4e-4509-8e07-0c1e88138be3,5da3fa31-83a7-4145-859c-0d3fa0770ac4,3,5,10,1,2020-05-02,2024-01-01 00:00:00,2024-01-01
76773b77-9e8b-4116-b7e3-7fae658e22c8,940f8241-7248-4462-a606-73c7150d4dfb,f004475d-46db-455f-979c-165786d0d6df,3,14,0,4,2023-08-10,2024-01-01 00:00:00,2024-01-01
a57d143e-04f0-4657-8ab8-acab5b8cce06,f6dce3ed-e453-4e0c-8a70-f83b86c96eb3,8564e2c0-2c90-4a7f-ac42-b93cbec1c8c2,1,11,4,1,2020-03-05,2024-01-01 00:00:00,2024-01-01
fbe23187-7bc2-4085-a4d2-c57ec7e30166,7376eeb2-a4ce-4196-8a93-818d9b42f11a,071aa882-feda-46a3-a4e8-02ec468ad223,1,12,7,6,2023-01-15,2024-01-01 00:00:00,2024-01-01
f73c3557-2d67-4c50-87e1-e7826ec18692,b720f6b2-f748-4d89-8468-ac5e99cba9c6,87eb74a2-719a-4a03-ac6b-524726e2d944,4,15,6,5,2019-12-07,2024-01-01 00:00:00,2024-01-01
d68608b3-32a6-4ce9-8508-4b8be4daebfd,d6bbe1b3-62e6-4130-b44a-33de7bd6e226,6fdfbdd3-a899-4c90-a087-c02bc74070b4,1,15,9,10,2022-01-23,2024-01-01 00:00:00,2024-01-01
17eee5fe-f1ea-4298-8190-0c3d1d1593b0,de3c1736-0a38-4f30-99ba-e7a0e8d47b77,fa9d2712-59b1-4861-9cdc-4344e649a21a,2,5,7,1,2023-04-02,2024-01-01 00:00:00,2024-01-01
89fc0904-7472-4c48-8f98-8d265dd766db,7826c7d4-73d5-4bbb-bb8e-a1e58eb9bb30,bb6ecc9c-2824-4092-8115-75fd5579d8e0,1,9,0,5,2023-06-25,2024-01-01 00:00:00,2024-01-01
dc9b822b-2d67-44e1-993c-49637a24914c,550d6c5d-f20e-43dd-855f-787d92ffac47,2cca2c71-8879-4dd7-8c3e-2a9d62eba8e8,1,2,5,2,2020-06-18,2024-01-01 00:00:00,2024-01-01
5c4da67a-7de4-42c5-99cf-1bf82c93926c,fd112a76-411f-4fd1-853e-3c27d8b74c38,cbda28f9-cabb-4ef5-b3b6-8d4b48165def,1,17,1,5,2021-02-07,2024-01-01 00:00:00,2024-01-01
5e5dd909-97f5-4f2f-ae67-5b72ba79fdcf,dad77bfb-3d76-4734-90d4-1bf34f20f61e,a18c338e-2bdd-4513-ace8-d217c6e42651,4,0,6,10,2022-05-01,2024-01-01 00:00:00,2024-01-01
4548cabb-bb16-4160-b489-07f9e57665bf,2bb8c7d9-89d1-4653-9017-ab04d2432907,ffaccd1e-794d-4d92-bbaf-a9d8ff556c88,4,5,0,1,2019-12-04,2024-01-01 00:00:00,2024-01-01
0d252856-c962-4690-af97-0178a186f0f5,2ea743bf-f149-41cf-87be-03cd34d6472d,3ffe091e-8a7c-4e2c-8e0d-90ed8faf148f,2,13,8,8,2020-11-09,2024-01-01 00:00:00,2024-01-01
8b07f6e2-efe5-4dba-9a6d-ef158009a653,363567c7-f636-4482-9368-216f24d8f715,aaac741f-a52f-4733-a964-8c86c6d69c6d,3,9,3,1,2020-06-27,2024-01-01 00:00:00,2024-01-01
f149c7da-aa30-4bcc-a7f7-9115c5556bf2,a95e848c-5f8a-44a8-8723-4825cc307b75,2a87e792-c7aa-4e6a-9a14-66a9007da535,5,17,7,2,2019-04-12,2024-01-01 00:00:00,2024-01-01
ec4eb6c1-79c0-49ae-a17e-36690f97f6b0,80010ce4-25fe-4e80-a918-bc5d5ad7539e,bd5fa77c-f04c-4a4f-991f-e0fdda1d5c15,1,13,1,4,2019-04-22,2024-01-01 00:00:00,2024-01-01
0f85b592-c468-4338-b4f6-94f21b905f91,a445abcb-d511-45e3-ab2a-f59d675d0cac,aaac741f-a52f-4733-a964-8c86c6d69c6d,5,15,3,1,2023-08-15,2024-01-01 00:00:00,2024-01-01
f28a840e-bb6c-49b2-bf9f-321e74342d86,04a263aa-5bba-4385-a966-edf4bcab57a5,3ffe091e-8a7c-4e2c-8e0d-90ed8faf148f,2,20,4,1,2019-02-22,2024-01-01 00:00:00,2024-01-01
8432f5e4-6c26-446d-9f01-d1ce605d6891,76dc9d36-ffdf-4adf-8a18-c95a801584cf,3fa1fc01-a9aa-49cf-8829-9d1000d73028,1,9,6,7,2021-08-27,2024-01-01 00:00:00,2024-01-01
b36f8b26-783e-46e8-9503-e6f738485c62,1603bab2-4141-42b2-aea5-5f0328a20306,3c329c0f-2222-4c83-931c-9f5f9b6d80a1,3,2,10,8,2021-09-28,2024-01-01 00:00:00,2024-01-01
251c0d0b-5c64-4db9-9ead-e3d6d4e3d38c,c39200a9-35db-43c6-90dc-de0e63f9f956,0c3f74d1-d580-49a6-b4ae-3d4efceccede,3,12,5,2,2021-03-04,2024-01-01 00:00:00,2024-01-01
7f4dc4bd-698f-44f4-b420-199d6b8c8e37,a61b2fb5-4cf8-4138-af7b-9f58a3efa3b5,d2c8ed53-35b0-4e13-9101-5afbe6be3b86,3,14,7,4,2021-07-01,2024-01-01 00:00:00,2024-01-01
03cc3748-6c4b-4153-b8b2-d2f0484ec403,76067f68-0c87-4f77-8f06-37ae0a0b589c,57fdf3e3-470d-418e-9bad-085d3bc96551,3,18,0,2,2020-04-08,2024-01-01 00:00:00,2024-01-01
b2182d90-5867-4f22-9cd4-989893059105,757231c1-ecf9-4ad1-a4f7-23012d7cb528,358cf9ef-9b97-4dc4-aabf-ea7e18ec3c24,1,2,10,5,2023-03-21,2024-01-01 00:00:00,2024-01-01
dbc10688-4dc0-4382-b29c-95f58a70b76c,74d28995-a333-452f-8b20-3f14a7b70c1b,c29f8478-8036-4162-99ea-0f8aa0bcf424,4,18,3,8,2023-07-14,2024-01-01 00:00:00,2024-01-01
d1ac91a7-7e33-4e40-88eb-35e354898adb,c73fef94-5c52-41de-9ccb-952cd171f284,62638dba-59a8-4de4-b3df-06501e2a7309,4,16,6,8,2019-05-05,2024-01-01 00:00:00,2024-01-01
f591c81e-f141-417f-919d-db6db212dec8,c165ace2-b82a-4f7a-8f31-6c2fafd91448,f22170f9-0a9f-40c7-9f8e-6ed79578fb2c,4,18,3,7,2022-11-08,2024-01-01 00:00:00,2024-01-01
a1216181-6f8d-4b87-b2fe-9aae10f64daa,3fc82bf0-1807-4f3e-977b-46b89a9c31bb,9ba8e8ff-bbfd-4dfb-be8f-8a129cb40913,4,1,8,9,2020-09-04,2024-01-01 00:00:00,2024-01-01
b1ec9cd7-9e70-42a0-9f40-332892e16f0c,81146082-c291-4c16-be6c-8c4844a5b438,f9817dda-1be4-4164-98b5-454572022baa,5,19,2,1,2021-11-24,2024-01-01 00:00:00,2024-01-01
8a53de0b-fb3c-42c2-89b9-0e4f742bd165,a8f7d775-9499-4cec-8b2e-0114be66329b,0375d747-f805-4c9e-b6ae-321d1d5aa9fa,2,5,3,3,2023-03-31,2024-01-01 00:00:00,2024-01-01
52a45ead-4696-4f1f-8671-20e7921d4d93,bc11da8d-ff83-4d75-bcfd-fd10eab4af67,8c9c9dbe-e89c-4845-932b-7aff6ac30a0a,4,2,10,6,2019-09-16,2024-01-01 00:00:00,2024-01-01
c8dc61d5-902e-4627-942e-66dff033a791,b67ed2d9-b250-4c61-b9a4-a0caf20d3380,ce0b6f95-c730-496a-a07a-8384d42befb9,2,19,4,5,2020-02-18,2024-01-01 00:00:00,2024-01-01
475fb89b-d953-4052-b2f6-c8fe4206f7d6,1db8c852-fc18-4691-97f6-8eaf3f702d98,81e9a5ae-2a60-4430-ba07-8f13d1315b73,1,2,6,8,2023-01-29,2024-01-01 00:00:00,2024-01-01
5f896183-c5c2-4db9-b6dc-8e1ca2fd443e,098212ad-bedf-482c-9bce-3954bd53a1df,2346b719-adb0-49bc-a14e-4407cf1a3a9f,3,8,8,7,2021-03-24,2024-01-01 00:00:00,2024-01-01
4c7c93d0-2223-4977-8283-2d8842bf193f,e598e4c3-ce0b-4860-b2bd-73497ae6364b,80ea4b1f-ac5d-4950-a3b0-0c2e9adf5140,5,18,8,6,2023-11-24,2024-01-01 00:00:00,2024-01-01
1c078f24-9688-4b56-93b1-ee063b589925,25a17705-64e7-42b3-96de-5a8e88977e30,680a1405-03aa-48f2-be89-62e1c8bf3627,2,4,9,9,2019-08-19,2024-01-01 00:00:00,2024-01-01
01ba1fff-3007-4dc0-bfa5-c30c758274b8,5402b76c-48c8-4cd4-801c-1ececbab0d0d,b5d28e31-5851-4a1f-99b1-3cd87c68ee07,1,3,9,1,2022-04-08,2024-01-01 00:00:00,2024-01-01
23665600-077d-4787-a10d-3edb1d840f48,54bcabb9-704b-40d4-ba79-7a4ddb99119e,54ffe43a-ee72-49cf-9b9e-5ced527f8632,5,11,6,4,2023-05-29,2024-01-01 00:00:00,2024-01-01
c6682fd1-99d9-49f1-af6f-37e02ad3c2d9,3469d974-af2d-4ade-ad84-bdb12e01947e,1c2fd5bb-080f-4561-b29d-68f1d2290128,4,18,9,7,2021-02-23,2024-01-01 00:00:00,2024-01-01
ad158c3f-a729-4e46-94fa-c1d641a754d3,683b9868-cad4-4a05-833c-6402599299f5,fa1d0eea-c721-4047-9738-8c67a6a0bccd,3,12,2,9,2019-03-18,2024-01-01 00:00:00,2024-01-01
7feb5713-cf8e-4d5a-8472-1b81f80484bc,3bba6dec-36e3-4127-88fd-da2afa435228,af768449-2096-4f00-b3a0-2f104c7c0182,4,1,6,5,2022-05-31,2024-01-01 00:00:00,2024-01-01
65742c50-b1a9-4c40-9447-e91485a4701a,367b63ad-8886-46c7-8ba7-109c45f30fa9,2db30c78-fe47-4ff9-85ab-6216a35a122f,1,15,4,5,2022-11-15,2024-01-01 00:00:00,2024-01-01
28cf03ed-eb10-4dc4-86a3-2abe0f2af296,c454b5a1-d3cb-4895-8f4c-dddee1f08caf,f3aecb8f-f8b9-406a-82a5-1f464e1c4e63,3,9,4,7,2019-02-11,2024-01-01 00:00:00,2024-01-01
fa62e73b-a64a-41aa-b353-3eae06362658,e430e02e-15e6-4754-9567-e93cc340c38a,358cf9ef-9b97-4dc4-aabf-ea7e18ec3c24,1,7,2,4,2023-10-24,2024-01-01 00:00:00,2024-01-01
b5d9bceb-34df-4548-b803-f476cf270099,3d9af4a9-41de-4ea0-8a98-1e449dc71c32,79e07125-98dd-4dab-8735-fdcccd09bf62,3,8,6,9,2023-03-04,2024-01-01 00:00:00,2024-01-01
d3b0e7aa-8e52-4c05-b00a-7c74ec322d94,c945d6cb-2997-48ea-b04a-3f60b7306fd4,617abd34-e75b-4589-9650-2b97ad5a95e1,2,14,3,6,2022-08-15,2024-01-01 00:00:00,2024-01-01
9f0b26f3-f702-4da0-bc77-4076e7223878,a68d9048-3108-4e61-b92a-12d3056e8b7e,606887ac-1df3-4a90-9298-4903ce64efd6,5,11,0,8,2023-02-26,2024-01-01 00:00:00,2024-01-01
1ac91a6d-df85-4105-b048-d5e1cf496024,65f2b6f0-70d9-42c0-8434-83f3b78ab1c7,046f62a1-a2f7-406e-8c45-b4bab6917922,1,9,8,6,2023-06-09,2024-01-01 00:00:00,2024-01-01
2ee0ba2d-9b40-42e1-a735-849bc340436b,af328b4d-ab76-47ec-8685-f3b0133f2b08,d73ccab7-2d4e-4348-b9ff-12190ffc4d68,5,18,0,2,2019-10-05,2024-01-01 00:00:00,2024-01-01
913d39c0-8756-44d2-9ce7-9ed81b239aa2,e2f910ea-5e1c-430a-b9db-7d0422412795,f480b76b-76bc-484f-8d2c-955d43244901,2,1,3,0,2020-01-30,2024-01-01 00:00:00,2024-01-01
a13bba06-791c-4739-beb1-7c88438e1feb,0b48a118-18bd-493c-875b-8c2cb94de11b,1d4ae20a-50eb-4da3-af0e-e64abeb8ab75,3,6,4,5,2021-07-23,2024-01-01 00:00:00,2024-01-01
c5e5ee5c-5ca1-4bfe-aea2-336c146a8172,ecd5da9a-a01e-4eeb-bb4c-5326d0974dab,81b66fee-e764-4208-8777-f3ce1e86f1c7,5,12,10,1,2023-08-14,2024-01-01 00:00:00,2024-01-01
392e03e9-7f1c-4792-a7b5-c0e198b9d011,7c19be0d-8e02-43b5-81ec-2a1ae4e463ad,1373f611-d6f8-457e-a107-d0d4aaab0875,2,11,7,9,2022-10-27,2024-01-01 00:00:00,2024-01-01
0c1da2d1-8ea3-4821-8478-ade6980e4051,483d42dc-ba6d-45d5-81cb-6f842970a86b,667d37a6-10e6-407e-a874-e77d875ba1f9,4,18,8,5,2021-07-02,2024-01-01 00:00:00,2024-01-01
aa1488e3-5b67-4028-a605-15e68a7eef2d,187ebbb6-b9b3-4bdb-929b-f7e8625b6950,0306d001-3725-47dd-93af-046c8d337d2f,3,2,4,0,2020-12-06,2024-01-01 00:00:00,2024-01-01
6d9c5653-5fd5-4f4e-b09a-d0c8873fa4fa,7b7c5a34-2e19-478b-9233-36685a861abe,1d4ae20a-50eb-4da3-af0e-e64abeb8ab75,2,18,3,3,2021-03-02,2024-01-01 00:00:00,2024-01-01
b22164f3-5d3b-4181-a617-75df11c72549,3ed3e7d2-b26c-4a11-beb5-1fefde698346,4122fce1-1d01-4333-93d2-7682b5ab383f,2,8,10,6,2022-08-18,2024-01-01 00:00:00,2024-01-01
0738b990-3326-4d40-aabc-9c85b2fedaf8,b61f0025-8c72-434b-b8b0-489a501145bb,cde40d91-3c13-4642-9f5d-491c6ab20139,1,15,2,10,2021-11-17,2024-01-01 00:00:00,2024-01-01
27cc1ab0-e7a6-43b3-9218-ba3d39e44d7b,a108e9b5-a7b5-43d5-ab8a-71c02ceea02f,1542e8ac-6618-4f26-be85-1a7276b22a4b,1,7,4,9,2019-12-21,2024-01-01 00:00:00,2024-01-01
e97ee66c-bae5-4477-b702-8b60fad0b8cd,f9b75036-870e-4575-a78b-b91f06003d78,44e549c9-2fe5-44df-8804-9d88f6092512,3,20,4,6,2023-07-07,2024-01-01 00:00:00,2024-01-01
2b56fdc7-9097-46ab-856e-f493be086025,ce185f8b-3791-4af5-9de5-2880bb1827b4,d06afe8f-b00f-4b3d-951b-dfc4f57cbee5,3,14,4,3,2021-02-10,2024-01-01 00:00:00,2024-01-01
551e8c44-fc23-4785-8fed-16c199862912,ead3e409-47ca-4d71-ba3d-48a1a71143d7,133046c4-5256-4bea-8a44-4afd95440375,5,19,6,9,2021-08-13,2024-01-01 00:00:00,2024-01-01
dfcc0622-2e93-4623-bb23-02d89a4d7ef3,cb47cda0-894d-4dde-9b92-a04c02faa3fb,60a84bb9-9c76-4b64-ab1d-16dd31b94625,5,11,8,10,2019-07-29,2024-01-01 00:00:00,2024-01-01
f3a78e99-547c-4d46-b355-15d8a8fb3afb,d5ceb36a-ce04-46d5-9df7-ee7120ea913f,20638f24-6025-4e48-9b32-1dd2a6b435bf,3,9,10,1,2022-05-01,2024-01-01 00:00:00,2024-01-01
a88b8431-69cb-4c72-b52f-545b18281904,5868f100-3637-4621-9923-36e939feae69,9464ffba-fcb5-498e-a419-aeb3d5d04ee4,3,8,10,5,2021-09-13,2024-01-01 00:00:00,2024-01-01
cd42f784-0247-4be9-8dd9-fe835c0094d9,ae2286fd-1f8f-4b71-ab4d-f308146cc2a5,eea3d3c5-98b7-4022-b15a-0ec60a4b70ea,3,20,10,4,2023-10-31,2024-01-01 00:00:00,2024-01-01
70e31f6e-6ed4-4b17-9470-ef843e945a8f,fba1aa4a-877d-4482-906e-47e11a037365,484ab5f0-e2b0-43f1-a5d8-b17c30918446,5,7,0,9,2020-01-21,2024-01-01 00:00:00,2024-01-01
a7abfdac-281a-4154-909d-5e2c2fd94e32,90eba52d-5c85-479b-93ca-d0a31979c92c,aaac741f-a52f-4733-a964-8c86c6d69c6d,3,4,0,10,2021-04-07,2024-01-01 00:00:00,2024-01-01
371b3c7e-77a5-40f5-9c68-cc290d4089dc,151942ba-9954-4751-94b8-c16d81122f35,982ae8da-bfa6-4eef-b616-216ae94a841d,3,13,6,6,2021-10-15,2024-01-01 00:00:00,2024-01-01
0c0b7c53-4425-4c26-978e-26230cb92134,fde5fd38-eed9-44df-8c74-a0dc63cf6dd0,e642b2cf-beb5-4842-8a40-ff302c3dea85,5,18,3,5,2023-02-17,2024-01-01 00:00:00,2024-01-01
12c09577-a519-49e1-adb4-2f1dc10e372a,0e6b4dec-7352-40bf-9774-0a4a414b7637,ef42be3b-52c9-4d67-aa60-aeed0338830b,2,17,10,7,2023-01-27,2024-01-01 00:00:00,2024-01-01
5f89bbc7-43d7-4f86-97e5-5f71165a9ec1,dbe13313-7a2d-42b7-8382-563ab78c9dd9,0ce240aa-6ec3-42da-bb65-a50fb6b5ccc9,5,9,2,10,2022-10-07,2024-01-01 00:00:00,2024-01-01
1c4e8d04-e3f6-4704-872c-76e93c53e8a1,6009f709-99f2-42ed-be73-aea4b777cddc,d200bcbf-2a8f-48d4-9253-7997795d92cf,2,9,1,7,2023-12-01,2024-01-01 00:00:00,2024-01-01
68cd0f06-7eb1-4c3e-9007-131cf9dd9c40,4304d682-0ac4-403d-bac7-4e2de1d12354,5eef5951-d005-4984-b47a-d06c66199451,3,17,2,10,2019-09-20,2024-01-01 00:00:00,2024-01-01
6a3edeb8-9dd3-4ff2-95ec-9e7a0478071c,3c834d73-603f-4c30-b194-1c6149cffbe2,1c2fd5bb-080f-4561-b29d-68f1d2290128,1,7,5,3,2020-11-18,2024-01-01 00:00:00,2024-01-01
07df903b-5c41-4fb3-96f3-623be1eeebfe,8de615ba-e7ee-47aa-be0e-56d6e50060bf,725be64e-ff35-41a3-86cc-b701274c1867,3,13,5,5,2023-03-05,2024-01-01 00:00:00,2024-01-01
bf252367-01a9-4369-a13a-31790476b10f,4ab40810-2d54-4009-9f06-dce5ea757345,bf8c7d28-d8c1-496a-b37a-aa3a224942d3,3,14,1,7,2020-06-17,2024-01-01 00:00:00,2024-01-01
2cbdc0a7-2981-43ea-a1f0-d238f7dfd703,ee37689b-29b9-46f0-8cf9-85c9e0e785d8,f22170f9-0a9f-40c7-9f8e-6ed79578fb2c,5,18,9,1,2019-04-20,2024-01-01 00:00:00,2024-01-01
bf64d2e3-006c-41f4-9838-5fcb20b5ca53,5053585d-868d-48b9-9997-1494c9a7b78a,5203a9a4-29dc-4a72-a571-35129e619f51,2,16,1,10,2021-08-25,2024-01-01 00:00:00,2024-01-01
b4b11dca-8b37-42af-b14f-6c73939ffbe8,598d5459-3f97-4684-bdbd-f78546860c9b,981d69ee-8bf8-4175-a790-bf01bf05aabd,3,13,0,2,2021-02-20,2024-01-01 00:00:00,2024-01-01
2e26695f-5d49-4195-9dc4-e9e6b934b48e,1c255be0-1f7b-4728-b034-367d19123e2c,cb54cd85-0380-4ca9-a739-eee1dc503a51,3,13,9,7,2019-10-09,2024-01-01 00:00:00,2024-01-01
d21250a8-1d84-4da2-8c7a-99f9db68ef1d,94653c4d-6082-4ca0-b872-3d546468aac7,17803607-22cb-4c44-924d-744803b07c79,2,2,7,5,2019-10-21,2024-01-01 00:00:00,2024-01-01
b85902e5-304b-46b7-9eec-46a224d041af,b9dac5f9-04e6-42fa-aeef-bab19a4d2f5a,667d37a6-10e6-407e-a874-e77d875ba1f9,3,20,0,0,2022-07-16,2024-01-01 00:00:00,2024-01-01
b9ac0c67-3e05-4de5-83b2-b488c7ec0a70,20a447ef-a4b4-4db4-85d6-2378d1a8df03,5dcb279c-8c21-4c39-93d8-3b753eef2167,2,5,9,2,2021-07-14,2024-01-01 00:00:00,2024-01-01
71e8a1e6-fd38-41a4-97b8-22bb2fcaed13,db24e200-3cb7-4af0-b564-4388aa73ca58,45d7ea24-c950-49db-a864-e2d30c0d5168,1,4,9,6,2021-09-29,2024-01-01 00:00:00,2024-01-01
a178f3b8-62f4-4aef-852d-e41176eadc18,38ea324f-6680-4429-8409-da23d5a37e32,eb453375-5631-495c-90b9-e0dc51cf23d0,4,13,7,6,2022-07-21,2024-01-01 00:00:00,2024-01-01
09ce2351-39a1-43c0-a7ce-34ac2768804e,e35dff5b-9fe8-4ffe-8a89-cf4dcd0f3f8f,91096f25-23db-4314-bd32-4aedbc41c3ce,5,6,5,0,2019-01-10,2024-01-01 00:00:00,2024-01-01
65ea3cc9-06b6-47cd-9094-eed5293dadbc,7489f85f-c091-49f7-a34e-dd5246be8d26,d4f28bee-2d99-477e-bed0-8afb23cc957e,5,6,0,10,2020-10-21,2024-01-01 00:00:00,2024-01-01
0669b1e5-6ddc-48d5-8cac-ccb17499713a,8108b39d-1934-4f17-8341-2da2d4da69a9,e6b82e62-5bc6-4d33-9de6-4ca3413eba00,2,7,5,4,2019-01-09,2024-01-01 00:00:00,2024-01-01
689cc5bc-8077-4600-92c7-eecbca8854a9,3fe3c4cb-267a-46fb-94c8-3e4aa932ab33,1f1dca18-276e-4ea7-8598-8dfa3da1bd8f,4,16,9,4,2019-09-22,2024-01-01 00:00:00,2024-01-01
9a877826-88bd-43cf-a63a-b2eef902c5f1,332ad21c-597f-4fe9-810a-83e33ad79741,6b506c1b-f282-49ec-91e0-7af6d616ed5b,1,9,4,7,2019-12-09,2024-01-01 00:00:00,2024-01-01
89c91462-b472-44c0-ae34-d7eafaf8f590,88f50c3c-3de1-4818-a961-26f580492e89,4c2a4da0-f880-4031-b5e6-f907f463f170,5,16,5,6,2023-01-30,2024-01-01 00:00:00,2024-01-01
0f9b8f39-7287-43a2-a24f-44a66acef204,976cca69-97a0-47b2-ba0a-e600e2e6f1eb,e4b2d4dd-f0bf-4bc7-9aad-ea4f57989680,3,15,5,3,2022-11-07,2024-01-01 00:00:00,2024-01-01
0e04bb36-999f-4321-a9c3-8ae66e935e81,4df50fc1-dccc-4d58-99ca-2e092dbe190f,4d6f0375-b4c8-472f-961b-9d4ab77cf9d0,4,0,3,3,2019-12-04,2024-01-01 00:00:00,2024-01-01
bc742762-f095-4274-839a-ef68bc48674f,63c92562-4c99-4f1b-98da-e2f63dd91df2,fe8bb556-5df3-47c7-899d-9940e9d02faa,2,0,9,8,2023-01-29,2024-01-01 00:00:00,2024-01-01
4c7de1f0-86b0-48b2-9099-944a22805827,abfafc3a-2afb-4da4-9c74-cb5c11990170,3ae9f732-b116-4e20-82d6-791f4680f3da,3,20,0,6,2019-12-13,2024-01-01 00:00:00,2024-01-01
13b65929-0855-44ed-8100-0e1903d8be80,4be87e5c-8565-4ac5-aa05-2dd20b476753,60b418d4-86d2-4132-9bc5-6ca7e221f7f0,3,17,9,0,2023-12-01,2024-01-01 00:00:00,2024-01-01
38b8f69d-f792-4a8d-abc9-658dcf350115,74ce1119-9a3c-419b-8746-e548fccceda3,ed6c27f0-06b8-4e66-b130-c2c4aa6c9376,1,20,0,0,2022-05-01,2024-01-01 00:00:00,2024-01-01
ce9ca19a-c8df-4458-bdad-37db2ee5d235,a29685ad-f647-4921-942b-0bcbbe2f1503,dbf64d39-3c3e-4365-8718-51e7b760c8e7,4,14,6,1,2022-11-13,2024-01-01 00:00:00,2024-01-01
4a3dd8b3-b282-4768-a011-031afa4adaec,c32b4082-4ddb-42d1-95bf-9a9672ebf34d,a94ab030-6fa9-405a-a6d1-616817fc5300,4,4,3,10,2022-01-25,2024-01-01 00:00:00,2024-01-01
d5a2874b-bd71-475a-b44f-c1793c6f784f,1bc3bf2c-42ac-4d9b-a582-1e9e6bab0f91,896872e5-c3d0-4f6e-89c7-414710662765,3,13,10,1,2022-07-14,2024-01-01 00:00:00,2024-01-01
b3904997-99a6-496b-9e30-c99aa8497354,d3c76640-7938-4b6a-9908-3509312d972d,4c2a4da0-f880-4031-b5e6-f907f463f170,3,19,9,2,2022-09-18,2024-01-01 00:00:00,2024-01-01
5816d350-8b61-4dd4-a974-9cb09b36711c,9fd88767-660b-4ea6-afac-25d9cea0011c,8de62a84-d4d5-4cac-802c-040c252279d0,1,16,9,1,2021-05-07,2024-01-01 00:00:00,2024-01-01
ca3902b9-bda2-4870-a664-0ebb7b98c336,b4ee3f21-aa8b-49ae-a4c2-652c45fe4e8d,4b860dbb-3b9b-4e1f-8986-5f12d4f67aae,1,15,3,9,2020-08-01,2024-01-01 00:00:00,2024-01-01
99320c4f-dac2-417f-b0d5-03307229a022,f4a3fe6b-7eb1-4858-b363-e7240b325e4c,430db7a5-b9a0-4d5b-8b89-1fac2d3c6a09,3,16,3,5,2020-02-14,2024-01-01 00:00:00,2024-01-01
5ebfcd14-4596-4122-92f1-6c3b3285b140,be44c111-d682-475b-8ca6-fc4bb831fd4c,9d2b2485-e78c-466a-bb21-b72d1ffd405a,3,5,0,8,2022-12-11,2024-01-01 00:00:00,2024-01-01
274da2b3-24e3-46aa-9106-7c8eff177a2d,d99849ca-1fbf-4635-a936-d1174af9dc62,c46055ff-a101-4e7c-b06d-5750fe2694b1,2,15,5,3,2021-10-13,2024-01-01 00:00:00,2024-01-01
9b63e4b2-38f8-432b-9565-c46d483d7443,f8e7116a-b0d0-43a3-aa71-806898dc712c,80ea4b1f-ac5d-4950-a3b0-0c2e9adf5140,1,3,9,10,2019-01-06,2024-01-01 00:00:00,2024-01-01
791b8362-f674-4803-8ef0-4b2599926dbb,7844d493-3149-4b31-b993-c3aa2cf31fb8,484ab5f0-e2b0-43f1-a5d8-b17c30918446,1,16,1,1,2021-10-08,2024-01-01 00:00:00,2024-01-01
edb4bc45-0387-4ccd-baa5-11b3decfed82,3c8f8861-828a-483d-9db8-a5a05fd16122,3f5e8bfc-3258-4d11-a9ee-45d332fd0527,2,14,4,4,2020-06-08,2024-01-01 00:00:00,2024-01-01
215931cf-8597-419c-8768-a7aa3f32dd27,13a670a8-0dd6-46c5-b304-0c68b68f776f,1d4ae20a-50eb-4da3-af0e-e64abeb8ab75,1,5,0,4,2021-08-08,2024-01-01 00:00:00,2024-01-01
443f54a0-41b9-48d6-9c3c-854adbe8e212,ee6160e9-a949-4a1e-8101-bbfd2ef38187,26a8ea3c-d6d3-417b-b4e9-4ad78e3d2c43,3,13,1,1,2021-01-07,2024-01-01 00:00:00,2024-01-01
677f0b3b-0db9-4e21-a5c5-4b52622b3379,5c10584e-c6b2-40e0-aa61-fd5443ecbc1c,b5d28e31-5851-4a1f-99b1-3cd87c68ee07,1,0,2,10,2023-10-10,2024-01-01 00:00:00,2024-01-01
01c315b0-555d-4e17-b4e2-03e4c3f4f09f,d8a98548-4d9a-4809-8ed1-d8ec0e539dd1,f9f9c0af-5ea4-4402-98b2-b32c39f3f107,3,11,7,9,2022-08-18,2024-01-01 00:00:00,2024-01-01
b06f646e-c37c-471e-a863-17f32d8c3102,78379fcd-65cb-43fb-bbba-403ea13fc216,7c4a0338-8dcb-4de5-b189-da33fbef11d0,1,11,5,2,2020-07-03,2024-01-01 00:00:00,2024-01-01
499e4f5c-8f6c-4225-838e-859e31f3ef33,712582aa-c1a5-4608-9502-4491a937164e,335d903c-2372-4e99-b9c5-172e53c7182e,4,14,4,6,2019-08-22,2024-01-01 00:00:00,2024-01-01
9b5866ca-9e9e-4f2b-b0f0-97cdbcd9e75b,b93b5040-e8b7-46d5-bce2-9981895ecabb,cd8c1d7c-c3a1-48d0-8535-5c9fa5f5a58a,4,13,10,2,2022-11-13,2024-01-01 00:00:00,2024-01-01
cfaf1bea-a01d-4077-b9c5-f1c160b717db,df47a657-382b-472a-ab19-6bf22c496908,fe8bb556-5df3-47c7-899d-9940e9d02faa,1,5,1,6,2019-08-20,2024-01-01 00:00:00,2024-01-01
3461d096-aa1e-4ff5-963e-35c9b0003139,27bd5949-305d-4f2f-8238-4a84ad3b2629,293f5bd9-e77f-453a-8ae8-8c2555462874,5,14,2,9,2022-04-24,2024-01-01 00:00:00,2024-01-01
5c78d0c8-d0a5-4918-af68-23ce99311bb4,9bcaaf19-7e81-4c34-b965-0f6c96fae239,430db7a5-b9a0-4d5b-8b89-1fac2d3c6a09,3,19,0,10,2021-02-16,2024-01-01 00:00:00,2024-01-01
b6766d32-42b2-4fb6-8a99-ae2e89571b5b,f09fa082-31f8-4055-a09e-e8ab5e2e9e1d,c240c790-3b92-4d03-8e5e-1337dc1f1358,2,15,7,1,2023-09-14,2024-01-01 00:00:00,2024-01-01
903a197d-1c0d-4813-9f69-300785ff7de4,c2ae0082-9429-4550-aa90-a7665682e8e0,b2a9a50e-22d8-4da8-ac0a-61182e790361,1,2,4,10,2021-04-22,2024-01-01 00:00:00,2024-01-01
2fe50412-1f8e-4d4f-b8ed-0bd6a8a3a4cf,0e5c2210-675f-4758-92cd-7a76b9c384f1,80ea4b1f-ac5d-4950-a3b0-0c2e9adf5140,5,18,9,3,2020-10-05,2024-01-01 00:00:00,2024-01-01
6eb9812b-043c-4a54-a387-4783ff4ae2f9,0bb90714-639c-447a-9b9d-03d224e7d227,8ee674a6-edf5-4d38-b0a6-ab650b05352f,3,16,8,9,2022-10-03,2024-01-01 00:00:00,2024-01-01
95db8432-4a4b-4cda-908f-0a87fca4b0aa,c2da76cb-a3e1-41b8-aff0-9dd7f37d8a55,746c3efc-cf72-421d-9710-968c235f4970,2,15,5,10,2019-07-15,2024-01-01 00:00:00,2024-01-01
f435e409-65bb-4ec6-8224-4c78e8bd8c63,ec183aa2-d4fd-4238-8ea9-a5598a91f0a0,74131f6e-f541-48f8-b0f1-0ea715749268,4,4,8,9,2022-10-17,2024-01-01 00:00:00,2024-01-01
0e950171-883c-4c64-81d8-2814ec76868c,7f4e405f-7215-4119-a3d0-ed4277762e22,bb33d41c-4831-4a38-b78c-cc314fb2914a,2,16,7,7,2019-04-22,2024-01-01 00:00:00,2024-01-01
def9a095-697b-463e-a452-96872ced6e5f,a108fd4a-71fd-4bab-a9a8-26fb5b46aa2e,f71d9c1a-d831-4d37-ad50-2080459fea83,1,15,5,3,2023-11-16,2024-01-01 00:00:00,2024-01-01
9fa09b14-4c9e-46d7-a8c3-dac4ef149a69,cebe46c9-b3ef-4c1b-bd39-b7831960b135,b11e4077-bcfa-4850-b6d2-e2d7fbe51752,3,1,8,3,2020-11-08,2024-01-01 00:00:00,2024-01-01
d84a670e-aee4-496c-9a21-64475406b38a,32988c78-c3ba-45d6-91ae-7ecb913ede49,3f5e8bfc-3258-4d11-a9ee-45d332fd0527,4,12,3,1,2022-02-01,2024-01-01 00:00:00,2024-01-01
719aa01f-9db4-4aad-80f1-028c7afc40c6,35dddc26-8858-44a2-a882-890952fb8740,dff763bc-ff5b-48d3-a61f-ec960f923841,5,14,1,7,2021-07-29,2024-01-01 00:00:00,2024-01-01
db4c4e94-60b5-4abe-a3ec-8d6c4b2b159f,555a6e32-9260-4499-95a4-3bb4229c9f4b,17803607-22cb-4c44-924d-744803b07c79,1,15,10,0,2021-07-04,2024-01-01 00:00:00,2024-01-01
7f97d926-144b-4a1c-97b6-9a8d7e4ccb14,8a53a744-884c-4efb-a7ab-92e08dda68d3,58d36a37-67ff-4d9b-9eaa-516f9e053ead,4,1,8,8,2019-07-30,2024-01-01 00:00:00,2024-01-01
8a13e92b-fc74-4a81-b0be-f683668013ab,b394f37f-b1d5-40d3-8738-a957586e1535,030feb28-36e3-4593-8d5c-c8d42af61ec0,1,19,9,10,2019-01-01,2024-01-01 00:00:00,2024-01-01
3187d211-8d66-4fac-b6e6-6c31218fc6bf,2c60eb69-b0b9-4255-a237-7d5d7096fcef,5203a9a4-29dc-4a72-a571-35129e619f51,5,17,3,10,2020-09-15,2024-01-01 00:00:00,2024-01-01
5e62f7f6-0e98-4bc0-84b2-7602a37f9b1f,2ec98917-e867-4609-86b0-7bd066ebcdc4,66ba78a7-e08c-4889-a8d4-c887fe6fee5e,3,11,0,3,2022-10-07,2024-01-01 00:00:00,2024-01-01
50a1f438-7ed1-4613-a6d0-3122addbc5a2,787c1a88-fdf1-42c8-bcf8-87407d69a178,a355aed8-ac55-4e68-b182-8c7c40d0f234,3,17,9,9,2023-09-26,2024-01-01 00:00:00,2024-01-01
92773759-494e-4a6b-9594-a8c9cd6d3f97,a627ffa9-86fb-4dc4-ad7b-c473612c8c72,37dd6d0b-8a9b-485f-964b-b252d580f62f,3,14,1,1,2021-08-26,2024-01-01 00:00:00,2024-01-01
a88329c1-267a-43dc-8a78-7f56eba8bc96,819fe301-16ed-4994-b925-386f79feb831,519bfb38-3676-4d96-9ab2-edb60603b77e,2,0,5,5,2023-04-05,2024-01-01 00:00:00,2024-01-01
03c42cf1-bde0-4407-aa56-4376ad860572,8b8f1d32-879f-4cea-9c78-6db5e945aa85,08846e86-3d8e-4c3e-af1b-1665cf209d9f,3,17,8,5,2023-08-27,2024-01-01 00:00:00,2024-01-01
7fbbe21a-e8a1-4b73-a314-0ca52efd101a,4329d7b8-f6c1-4476-a64d-200b77212d72,2b023759-5dc3-4917-8cbb-194bcec4bc52,1,5,7,2,2022-12-08,2024-01-01 00:00:00,2024-01-01
e172cb17-aebb-48d7-9391-3e4f5eca70be,ff47e89a-ad5f-4724-8074-3612a063728b,2b55163c-c8c3-4a9f-ad5a-0948e83fe97e,4,3,4,9,2023-08-11,2024-01-01 00:00:00,2024-01-01
0a12036b-553b-4b34-8af4-8a2597c19e28,78d10cb5-9c5b-461d-942c-84c83b677953,f3aab638-34fe-42e7-bb13-82c8fb296808,1,12,3,7,2020-02-06,2024-01-01 00:00:00,2024-01-01
a03c439c-13b5-40c6-9655-50be1f55210f,3509951b-e878-4cf8-97a3-27f2feafee3c,fb2687f9-3e9a-406e-a8b1-b33067bdbb70,2,10,1,6,2023-08-16,2024-01-01 00:00:00,2024-01-01
c2cf0f5b-f60f-49e6-84be-2d68280f6644,078ad686-8935-49e0-a5fd-3a5d4b022dae,0d881a76-5b77-46a0-b263-b852fb91039c,5,3,7,7,2019-04-06,2024-01-01 00:00:00,2024-01-01
0003f236-c0cc-47c3-a42a-de9ab88fc273,45a279d0-1144-4132-9915-a64433576341,9033db67-1d5a-4c89-9cd7-589bb022a6ee,5,4,7,0,2022-09-10,2024-01-01 00:00:00,2024-01-01
cfdbc615-e1ef-4606-9340-b77afd7b19a9,161606e1-2f65-47bb-9c5c-9f2b1f7c8c1d,1e043933-16fd-4566-b3cf-d3e2375294aa,1,17,6,9,2021-12-22,2024-01-01 00:00:00,2024-01-01
d0dbe084-d79f-4ded-94f9-ffaf17806de4,df12d1f7-87da-4501-b667-dd2ed5488596,beb98874-b0ac-48c3-bde8-08fcd607299b,5,5,9,2,2021-09-16,2024-01-01 00:00:00,2024-01-01
778db878-19f4-4c75-925f-0c01a694d9f0,fb335646-4302-4151-bf45-e332be2e4b06,1cc7c465-4c34-47f9-bfc3-fffe059d40c5,2,3,6,10,2023-02-05,2024-01-01 00:00:00,2024-01-01
3b74ab09-3a74-4db8-8c8f-6a716772a7d9,6ea8c77f-118a-430b-aa5c-0fc69cc74edc,ffaccd1e-794d-4d92-bbaf-a9d8ff556c88,3,16,6,6,2022-05-14,2024-01-01 00:00:00,2024-01-01
68a6b1f3-b220-441a-98b9-13bb8ae194fd,a72c8eb3-6bda-4967-b4e9-cef3cf2adf76,81e9a5ae-2a60-4430-ba07-8f13d1315b73,2,8,6,5,2022-06-01,2024-01-01 00:00:00,2024-01-01
a718336c-d65b-429b-93bd-257387c593cc,185a8574-fd8b-4870-a43c-1ee47cceb268,615ffa91-48ae-4b3a-a7a9-5ee15361893e,2,4,6,9,2020-08-25,2024-01-01 00:00:00,2024-01-01
9c08081a-8c4b-4c00-b594-6ac9a73dfc84,aa503d79-b7d7-4d75-b865-31f009225c35,2cec8b9d-688b-4f35-9994-67758a1c216d,5,9,8,5,2022-12-04,2024-01-01 00:00:00,2024-01-01
a9959bac-ae26-4c48-8070-a911041e880e,d9ca8c5d-dbf5-43ec-b75c-d2e704ea7fc2,114ae6a7-6e2d-42db-95e9-a55e8eadc4d5,5,20,3,3,2022-12-28,2024-01-01 00:00:00,2024-01-01
da71efd2-a16e-4eb1-81ed-4f91411aaf3b,70490a55-ce52-4279-b110-53ddc33578e3,c6c5cf41-f7d6-4fb3-a9e7-b0ad8c435595,3,11,10,2,2020-03-05,2024-01-01 00:00:00,2024-01-01
7b134bf5-1be4-48f2-9414-210289a9d1c2,bd3a3393-498d-4235-b039-2fb65d163628,689916b5-c63b-4d32-be1a-8fdd2609ef42,2,16,8,10,2022-12-25,2024-01-01 00:00:00,2024-01-01
c991cc79-6189-4e94-92a9-dedf5b4e09b8,3f8c221c-4f31-4c74-a155-97e266c516f6,15126595-ddb9-4291-9946-5b29f8108d8f,1,11,8,7,2020-10-22,2024-01-01 00:00:00,2024-01-01
f62eaeae-bd2b-41d3-8de0-1adea90d2142,50a72372-9ad9-4214-97ef-e521124f70f6,28bb2c40-3d13-41a8-8b00-f3b3855cfc8f,4,17,4,6,2022-04-08,2024-01-01 00:00:00,2024-01-01
8b1cf44c-93a4-4908-834f-abc501df1862,576b55ae-6f3e-4708-b090-cdbf46d0dbaf,80ea4b1f-ac5d-4950-a3b0-0c2e9adf5140,5,3,0,6,2023-07-14,2024-01-01 00:00:00,2024-01-01
e4c997c8-d5ee-4f65-9cb3-92cce69ef979,d2580ac1-283c-470a-bd9d-f8f73b91a418,51ec2300-6e24-4efa-964a-815a5f6df4aa,1,6,4,2,2019-10-25,2024-01-01 00:00:00,2024-01-01
b7cd2352-c1e7-4ff9-b49c-758f88aaeefe,d7b83930-f9df-49e0-be87-d143efa8034b,143f33fe-1773-4762-ba69-036c875909eb,3,4,0,4,2020-08-09,2024-01-01 00:00:00,2024-01-01
f921a9c9-0a43-40d0-bb66-fbfe6a52dda5,e0b9fdf4-05f4-46dc-9653-409d3e3f9ad7,07516eff-8e29-411e-b392-afaaee9016e6,5,1,5,7,2020-02-22,2024-01-01 00:00:00,2024-01-01
b33ed82e-c093-41a5-8239-c6a2c5760101,1e5e4e78-fa4f-4aa1-9564-e3317104c3b5,44444b0d-5b0a-407c-a8be-8eef20b13052,5,7,10,8,2019-07-29,2024-01-01 00:00:00,2024-01-01
c7ac6151-ac15-4f25-a33c-96f64d333c50,3cef0799-4764-4fbb-b6a7-b0b9a8a93926,2db30c78-fe47-4ff9-85ab-6216a35a122f,5,9,10,0,2021-03-07,2024-01-01 00:00:00,2024-01-01
62bafcd0-2c11-47ae-bfe1-4de37c0449e8,37184dac-b898-4684-8b79-c4b76979c6cb,9cd072bf-530a-47fc-8e8f-2f08787a39bb,4,10,8,0,2021-02-20,2024-01-01 00:00:00,2024-01-01
e91024d9-8bb1-455f-99db-4fbc7a441718,0a94e6dc-c4c1-48d3-91d5-9deb97f8c9cf,ca4392e8-1de6-42bc-bcf6-5b94993d86c1,3,6,9,7,2019-01-27,2024-01-01 00:00:00,2024-01-01
dfad24d8-bac2-41f4-95d4-ff0aeb5a4041,10c418bb-1ed2-40f7-b072-4dae6780329f,4122fce1-1d01-4333-93d2-7682b5ab383f,3,18,8,9,2023-08-27,2024-01-01 00:00:00,2024-01-01
5a3efcec-6c14-4181-9def-f8ae22337475,f32a1d33-2a68-407f-b823-f1e79fcc8dd1,4ea1929e-fb62-497a-b376-f1ffee3f4867,2,9,7,2,2020-02-07,2024-01-01 00:00:00,2024-01-01
10ce9829-eed7-4f58-866d-4b7a6ceda8d3,90e6f96c-3ebd-4dfc-a597-d09d1c3c9d80,6ce1957d-1e25-47e8-967f-4d011eab306b,2,5,8,1,2022-10-30,2024-01-01 00:00:00,2024-01-01
44250853-d462-4d4f-97b2-3c69d9717ff1,ed2be955-8a2e-4c29-acc4-2108a55bdc2b,ead94ea1-c900-466e-9a0d-0f4c131b4331,4,8,8,4,2021-02-11,2024-01-01 00:00:00,2024-01-01
712fb3d2-f331-4a04-9b1b-1c8f77e936ba,3ec0896d-d963-4810-9b28-6b4c1963c1ab,cbda28f9-cabb-4ef5-b3b6-8d4b48165def,5,8,0,5,2019-09-24,2024-01-01 00:00:00,2024-01-01
0638766e-102b-4ea6-94c5-505018bdf4e2,6e9bb69e-296d-4aa9-95ac-113e321cc0f0,15126595-ddb9-4291-9946-5b29f8108d8f,2,1,2,5,2021-08-13,2024-01-01 00:00:00,2024-01-01
65df9561-7860-4590-888e-e84029022122,e658b5e6-a80d-478c-adce-58f7a4ef5eab,d39003ff-20ab-4c47-80e5-78bac10aa506,5,9,7,9,2022-05-07,2024-01-01 00:00:00,2024-01-01
deec8f6e-f4c5-4dfa-913e-362448bb2562,7ba690fd-784a-44d8-9fa9-7cd9b571de7c,0ce240aa-6ec3-42da-bb65-a50fb6b5ccc9,1,10,8,3,2022-01-31,2024-01-01 00:00:00,2024-01-01
c7124544-8009-4019-bad3-e754b9e176d5,13a324d2-ea7c-44cc-9408-8c5947ed6b17,4c2a4da0-f880-4031-b5e6-f907f463f170,1,16,2,6,2020-01-12,2024-01-01 00:00:00,2024-01-01
8c1fe915-81d9-4c23-80ec-b3cb6496e890,94e6b981-6ac6-43ca-a807-506944d16990,f3e3ebe3-029a-424d-8e46-d1cabd507128,4,2,5,3,2022-01-17,2024-01-01 00:00:00,2024-01-01
6e21e5b2-5977-4e97-a967-7b336be6ba04,5bf575c0-a88b-4155-b42f-77ac73bcfc6f,fa6dbc27-2b6a-4eb8-bbb5-9e5358db1290,3,10,5,4,2020-03-12,2024-01-01 00:00:00,2024-01-01
7fc73080-a73d-4787-ad61-cde77419d23c,466f0d86-f270-487f-888b-c84ea4baa07e,437c8e55-9887-4067-ad65-c7077711951c,5,16,7,8,2020-03-23,2024-01-01 00:00:00,2024-01-01
c8922336-3c1f-4674-b24a-0490db31ba0c,ecab875a-1623-448c-a2d7-ffe1c3f98357,07516eff-8e29-411e-b392-afaaee9016e6,1,3,10,5,2023-08-14,2024-01-01 00:00:00,2024-01-01
f621bad9-3bdb-4f00-886a-ef68b08e8bb4,ca657a95-3aad-4a98-b731-def95d6be1e0,3dcb9969-4b73-4926-aa46-2c48ba947fc0,5,19,3,0,2021-07-01,2024-01-01 00:00:00,2024-01-01
f7f706e7-a726-4fac-a64d-30f0d30337cc,7bc313ef-3459-41f1-8d70-5b852453aedf,2cec8b9d-688b-4f35-9994-67758a1c216d,3,12,1,6,2022-10-29,2024-01-01 00:00:00,2024-01-01
2439836c-b89a-4b86-a371-20371ea853e3,430aa0f6-7065-42e4-b9b6-402029b9c27b,0fe98d5e-6974-49a2-8470-b3d3e5c12fcc,3,0,8,5,2020-06-09,2024-01-01 00:00:00,2024-01-01
43e990ba-3255-444f-8ce6-3d443d5d822a,9ad0a200-7963-4427-a940-9bb36689ecb6,79a52758-a803-4d40-af99-b6f10fb759af,5,14,7,0,2021-11-19,2024-01-01 00:00:00,2024-01-01
dce80416-18e9-4ec4-a871-aa61ebab0e0f,35c8c8d5-a266-4af3-8f7b-e931f58f511c,78c30b8e-b992-4967-b4a6-e9d7e41db299,2,10,8,1,2020-08-30,2024-01-01 00:00:00,2024-01-01
5b57c43b-df17-49a0-96cb-e674c547d568,2af24f13-2ba5-4ce2-b570-bc1a943346fb,c5c7407c-e106-4782-bf24-d20acbd08956,5,17,0,10,2019-07-16,2024-01-01 00:00:00,2024-01-01
469e9103-0666-49b2-a42d-7ca0913d5d0b,19655ebc-b4bd-4a77-8ed2-dc431e231e29,39557251-e8db-4f82-99c2-0398d4f9b371,2,13,1,3,2019-05-15,2024-01-01 00:00:00,2024-01-01
4c4cd545-c4d2-4c52-af67-0eeb7062a9b1,1b346aa8-0320-4a40-ab83-ce6c10c12dfb,5d34ee55-9636-4b86-a473-7aaedbd3b76e,4,20,1,10,2022-01-06,2024-01-01 00:00:00,2024-01-01
89cf0028-246c-432d-b2ae-3faf6df9c24f,79598fac-e9d7-42ba-88cb-65d4066ee89e,0f6883be-4fc4-4ae2-9de6-f9e7f47bca68,4,10,0,1,2019-11-11,2024-01-01 00:00:00,2024-01-01
217945b8-d633-4f75-86d6-52bb5fb4e7b4,600c7475-5cd1-4463-aba5-e3a42bf81ca4,51ec2300-6e24-4efa-964a-815a5f6df4aa,2,8,8,1,2019-05-31,2024-01-01 00:00:00,2024-01-01
a9c54526-50fa-4c00-a9d8-6fa089333ab4,bc5e5327-c947-4737-b9e1-9d75a526b2b8,2a67aedf-6514-4b81-a4d7-060235d6e43e,2,8,6,6,2022-03-23,2024-01-01 00:00:00,2024-01-01
0bf4f845-b59d-452e-9e4c-8e11cb2bc9c9,9e6fe607-c1b3-4a67-b8e6-1f0bab3412f5,6b182886-4787-4abd-b35f-1500b7b96d40,4,13,5,0,2021-07-12,2024-01-01 00:00:00,2024-01-01
0e37da5d-dbf4-453f-aa66-4b2cb1b0c35a,04de26fc-8a37-4e61-bb6c-616a5317cfe1,a05f046b-dbbf-4c3a-8381-3696ddecc5ca,1,17,0,10,2021-03-08,2024-01-01 00:00:00,2024-01-01
1c539c9f-25b6-4142-aee8-069e8a4a505a,059e84b5-c148-4c57-bc46-49ea90feb03b,412d6b46-5df7-4846-b579-6afbac9ecb1e,1,18,0,1,2023-01-15,2024-01-01 00:00:00,2024-01-01
46614973-343c-4438-b870-ad5e97a46a61,2e4e38fd-7351-4521-90d1-b4552bfe7939,70af3e45-1b97-4330-8434-638013984d40,5,3,4,10,2021-01-02,2024-01-01 00:00:00,2024-01-01
542ef1f4-1918-4678-a875-71ca806dfd63,aa9480f7-28aa-42c1-afb2-fadf935d865b,ffaccd1e-794d-4d92-bbaf-a9d8ff556c88,1,9,7,6,2020-09-09,2024-01-01 00:00:00,2024-01-01
0817af54-2aa9-49ae-8167-58fcb6b773ea,428575fb-add0-4cab-8484-9eba7d74d340,2a67aedf-6514-4b81-a4d7-060235d6e43e,1,15,2,8,2021-03-20,2024-01-01 00:00:00,2024-01-01
37703033-073b-4b12-940c-822b54fb421f,aee619b1-6c49-4ae8-b1e7-5f4c1ac236d7,d30e8550-6c98-4111-9929-897b013e7490,4,17,4,10,2020-03-26,2024-01-01 00:00:00,2024-01-01
662d8767-81bb-421b-b3e9-0824e7959cd2,e1e6fa10-a8fc-4619-9263-5d82571c8448,f1488b3f-9fa5-4679-a614-71f573583cdd,3,0,8,8,2019-10-23,2024-01-01 00:00:00,2024-01-01
79c833c0-56b4-4401-b0b5-2ef1520a1fc9,e24b83b9-425a-4a6b-9698-be35b3bb1f93,3ae9f732-b116-4e20-82d6-791f4680f3da,1,0,9,9,2019-10-17,2024-01-01 00:00:00,2024-01-01
1e4f06f8-7c17-4372-9ce1-ab6613d31ba1,7e4d2f78-ec44-460e-bbb7-dac5e9cce26f,8c513b87-d0dd-423d-81b8-0c75905258f3,5,2,4,3,2021-03-18,2024-01-01 00:00:00,2024-01-01
c503985e-c168-4712-b238-c2761a8d5279,43fc4d55-d557-4d83-81f6-98ed7234681a,5eef5951-d005-4984-b47a-d06c66199451,3,6,6,10,2023-03-13,2024-01-01 00:00:00,2024-01-01
e8bea5f5-39f5-44f7-956a-e7a98b797d0b,54b44221-2494-4a67-8a3d-5f3ccfc8a3ff,1fd92115-7d53-4da3-a45c-11dc09664fa6,2,5,2,3,2023-10-10,2024-01-01 00:00:00,2024-01-01
2095a445-e715-4ace-84c1-b3fdc0f5eac9,d483c01b-75fa-4d12-8ca9-cc854b8aed6b,fb9c3570-0148-47a8-b3c4-298db16beaec,3,6,1,2,2022-06-17,2024-01-01 00:00:00,2024-01-01
21fea48a-bfc6-4679-b5fc-892c953a98d9,274cbacb-0608-4fea-bd79-7771c035b0e8,f9817dda-1be4-4164-98b5-454572022baa,5,1,8,7,2022-10-06,2024-01-01 00:00:00,2024-01-01
95a4fa9a-91e6-45b9-9d3e-9a9da805a50f,9b81f363-97c9-4eec-ab8d-f13d703ec068,651b093f-80ef-411a-997f-1ce733236f43,1,9,10,1,2022-08-13,2024-01-01 00:00:00,2024-01-01
abc0ed89-9e8c-40c0-9abe-a29e313b4e68,57d63b6d-bfc8-4549-9f88-5c05a6433e72,1ceb73a6-47a3-4dd2-adbc-d51def354a7c,2,18,7,5,2020-05-28,2024-01-01 00:00:00,2024-01-01
61622102-c157-4ae9-bb7a-05b039ba642f,05608912-0fcf-416c-9e7b-c5ebcbb040e4,b886de27-d776-421d-9e18-d1314e27c111,2,3,4,9,2021-01-01,2024-01-01 00:00:00,2024-01-01
e6683e74-ae8f-46e0-aabf-75b5c602fe70,910aa90e-ccff-4a64-b11a-5ae9508d9b33,86e0ac77-a519-4936-bcb8-a02a31099e7b,2,10,7,7,2019-05-23,2024-01-01 00:00:00,2024-01-01
9022b934-b213-43fa-8776-abc009f22c9a,18e5a63e-cab9-4b9a-a333-0b06a2cb4ef0,44444b0d-5b0a-407c-a8be-8eef20b13052,3,18,2,9,2020-11-03,2024-01-01 00:00:00,2024-01-01
23f1f41f-31d4-48f7-8d9b-17ffc61f5e91,8a637ae3-50ae-4001-a816-8be0bb1195d3,c2a105a4-8173-4003-8b19-f4ab166c39ed,3,13,2,0,2022-03-06,2024-01-01 00:00:00,2024-01-01
4ddf1280-21b2-45a2-83ad-2860a645d1f4,3f513370-cb67-4ad4-8ee4-d1e9e81fdd31,6fefc024-07d9-4a86-ac9b-699fd27b6e4c,2,20,6,4,2020-10-03,2024-01-01 00:00:00,2024-01-01
d6f66abc-8f4f-4b88-af01-decfbeb426fd,3873c3f4-f1b1-4035-9613-767674ce97bf,bd5fa77c-f04c-4a4f-991f-e0fdda1d5c15,2,10,7,7,2023-09-17,2024-01-01 00:00:00,2024-01-01
8aa0e36e-c766-4ab9-aae7-a61afca929f1,2b0b32cd-e915-40c0-82f0-f22ebceb5a2d,0ce240aa-6ec3-42da-bb65-a50fb6b5ccc9,3,15,8,1,2021-07-01,2024-01-01 00:00:00,2024-01-01
dca9f1b0-54b2-4b5d-8ec6-3a6fced59b6a,69571b81-4787-4cea-bde9-f6d61df99ec4,bd2d0caf-ea73-48cb-b440-8e605014b711,5,2,4,2,2019-12-26,2024-01-01 00:00:00,2024-01-01
052342f9-2080-4d0d-84d7-fd17bc872e40,93e33fbc-64f4-45e5-8e43-b7bcf92068f4,13d5de61-8558-4387-8ab4-347a8f505a31,3,20,1,1,2022-01-08,2024-01-01 00:00:00,2024-01-01
b212596b-b96b-492e-aa6a-1bfae4d5042e,3528c4e2-38f3-4195-96c9-4f08ef1d9bcf,5d52cf68-3e58-494c-9ae6-1b53dbb06462,5,20,0,9,2019-02-08,2024-01-01 00:00:00,2024-01-01
a9d69f96-4d99-4b7e-bae2-3a2bc30cd39e,b101fc21-c660-43e4-8b77-6a98a74e78a3,d38f3cd2-cd63-4045-82c5-930ec1485b40,5,6,0,8,2022-03-31,2024-01-01 00:00:00,2024-01-01
7024e752-5797-4c25-abe5-07f9bea615c9,4b7fc88b-0fbc-45e7-8f35-2952d9f26738,12e2c652-c18c-42a2-b89d-56ce102dc13c,5,15,10,2,2020-06-17,2024-01-01 00:00:00,2024-01-01
8164d5d2-6dd6-4d33-8c8f-4bdd521ca17b,4f7d59f3-d499-432e-914e-10f473e7d9b9,b6b0758a-4b5d-4843-a330-5ea470bd1125,2,18,4,2,2021-01-19,2024-01-01 00:00:00,2024-01-01
481291a5-a0ed-4202-82b4-2d2c1d0a0d3d,e2307c6c-bdf7-4143-bd26-bf978613aa0e,a0193e2c-8fac-4f96-b87b-b3dbb309bef1,5,2,6,5,2021-08-09,2024-01-01 00:00:00,2024-01-01
696cf6b2-f464-4c52-88b2-9da47969b812,9c589680-7b77-4bcb-83be-98beb5cc6c06,bb33d41c-4831-4a38-b78c-cc314fb2914a,2,19,10,2,2021-10-25,2024-01-01 00:00:00,2024-01-01
40e57319-ab2c-44ef-9187-41168d95c18c,4f236eaa-68e8-4134-bed4-c14ab20a372b,1ec056da-114f-4842-af22-25ee69039a38,2,14,2,2,2023-03-31,2024-01-01 00:00:00,2024-01-01
30ed9d73-9689-4e86-9c28-e974cc4bbe57,6e0242e8-309b-48af-9fc7-7065ddcc724d,4d6f0375-b4c8-472f-961b-9d4ab77cf9d0,5,4,7,5,2022-03-05,2024-01-01 00:00:00,2024-01-01
86dcffb2-203e-4e09-9769-ce1b69d936b9,01238732-0182-49de-ae3b-4b1b4afc8325,484edafb-7818-402b-b84e-70c477977155,4,7,1,4,2019-03-24,2024-01-01 00:00:00,2024-01-01
0520a9f3-b6e0-4a1e-8bc6-730a0c9ac53b,5b24ade9-ef60-4cca-ad67-8e0de45ac234,735e3307-b6b1-4147-9929-224858ae60ea,1,6,8,5,2021-01-26,2024-01-01 00:00:00,2024-01-01
090217bf-ebdf-43a3-9bb7-fb271767e860,4aa2e861-c34f-4cb0-87d0-431150486707,66784518-e5fa-42c4-83ff-8b12e93c6b3d,4,1,0,10,2021-03-05,2024-01-01 00:00:00,2024-01-01
a6af3668-e776-45c9-be04-081df760c856,fadf7dc1-07d3-4379-be79-e67f8e43f087,1f1dca18-276e-4ea7-8598-8dfa3da1bd8f,5,20,4,4,2020-10-25,2024-01-01 00:00:00,2024-01-01
b1813566-3a35-46d0-964b-2e9258f97f85,426dd110-675a-4aa0-8338-e6421898f89a,12e2c652-c18c-42a2-b89d-56ce102dc13c,5,5,6,10,2022-03-31,2024-01-01 00:00:00,2024-01-01
4f14e9dd-5b22-4bf3-85d7-8b4dc092e84e,7cfb7e1e-50d6-4ad0-811b-7b9317e9032c,a4412d03-cb82-463c-8298-df6ca976c324,5,20,1,8,2021-02-14,2024-01-01 00:00:00,2024-01-01
12a514aa-3f0c-4b65-94b0-069d81deeae2,8ddd24ad-e2ea-4620-9427-4175af39fd28,6fdfbdd3-a899-4c90-a087-c02bc74070b4,2,16,6,5,2020-05-30,2024-01-01 00:00:00,2024-01-01
71e6441d-b079-4063-b98f-7115faeafe72,3b8012af-d84d-452d-aafa-70fc4e6208c6,eb7961b1-90ae-4c49-82a5-98b0cc745af4,3,15,7,9,2023-08-01,2024-01-01 00:00:00,2024-01-01
b0662941-167b-43ca-bbb2-735e4db348a6,8c19f8cf-8ae2-4dab-b065-ec1d3cc2bc86,a0193e2c-8fac-4f96-b87b-b3dbb309bef1,2,14,2,3,2019-01-14,2024-01-01 00:00:00,2024-01-01
e7511a43-86e7-4ad6-b7d8-28ff9aead13c,fcae11c1-d254-4c99-bbba-a1fcd285e70a,1ec056da-114f-4842-af22-25ee69039a38,3,6,2,2,2019-06-07,2024-01-01 00:00:00,2024-01-01
54f36371-1a5b-4773-b697-35f9ae8395a8,9fe99990-1651-42fe-91f6-618d1837ce52,0f115cef-22dd-491e-bfcd-50da19e6280b,5,3,10,3,2019-11-19,2024-01-01 00:00:00,2024-01-01
82aafc70-fb0b-4cd9-bbce-82f1af25ab73,0e2ee030-43df-473c-880e-fb34fadb7253,6c39ea13-ac4e-4ce2-84a6-5801fdce5481,3,3,7,10,2021-04-29,2024-01-01 00:00:00,2024-01-01
ff47686a-f5ae-452f-896a-8316ca522d29,a3940379-76bc-4de0-befa-8769dc0c7296,13ef26fb-028c-4b96-bd33-23545fd49368,2,18,2,10,2021-09-07,2024-01-01 00:00:00,2024-01-01
00ea139c-10fe-4e43-baca-161033378b5a,d4f85a5b-3486-4c9a-bb28-33b3efa9af48,e38cd76c-4edd-4fb9-9598-7e00255aa1b2,1,7,0,2,2023-09-03,2024-01-01 00:00:00,2024-01-01
26109922-7e0b-4919-a4ec-c60a8a8b2fa7,146c4d99-ba7e-4e76-82df-5ce232c70338,b08e0e28-db42-4cbb-8e4a-78c0d93977d3,2,4,10,8,2022-03-20,2024-01-01 00:00:00,2024-01-01
74607cd8-ad03-4211-b917-20492604d6d2,86c85d58-2d0b-407f-9cc2-02517b317863,32e2f2ae-8d59-43ef-b972-bc85f1e3effa,5,4,0,2,2019-03-22,2024-01-01 00:00:00,2024-01-01
0b1e5b06-a221-4995-84a6-b63c8258604d,b51078e1-eb2f-427a-b988-72d72859e14a,ea89fd49-731f-4da8-969b-bc2a6c8bea84,2,16,6,9,2020-06-12,2024-01-01 00:00:00,2024-01-01
4adce6de-77ee-47a7-8ce9-6739d6fce333,8d7ba046-78d7-432e-ab11-928ae36ac3bf,7bd9faf9-ba67-4110-af10-8fd6782127f8,1,9,1,3,2022-02-28,2024-01-01 00:00:00,2024-01-01
5727790a-7cb2-4253-aa43-3d2eafdff244,26a6e6f9-c212-4d61-9110-185568a84619,ffaccd1e-794d-4d92-bbaf-a9d8ff556c88,4,15,2,3,2021-07-08,2024-01-01 00:00:00,2024-01-01
be7304af-f366-4c24-916f-c554d85b215f,038ab903-fdd9-477d-a4a7-57302c0671d1,e38cd76c-4edd-4fb9-9598-7e00255aa1b2,5,4,9,2,2023-08-28,2024-01-01 00:00:00,2024-01-01
e4558e7b-1327-41a1-a737-685b67e61c65,0ea68434-d495-4636-8da3-2f913fa9e514,519bfb38-3676-4d96-9ab2-edb60603b77e,5,8,2,10,2022-06-30,2024-01-01 00:00:00,2024-01-01
9190aa24-99e3-4d02-9c3a-71617995f03c,e527bec4-4de2-4265-a1a5-264fe427489d,ea89fd49-731f-4da8-969b-bc2a6c8bea84,4,19,9,1,2020-12-02,2024-01-01 00:00:00,2024-01-01
56ccb9b5-51f1-4ba2-9dbb-634d135d44f7,08f8b546-05e1-4864-827a-d59465eee45b,ad6498b7-1091-4c58-a2a6-649cf753ffc0,4,4,1,0,2020-04-15,2024-01-01 00:00:00,2024-01-01
6c36ead7-d948-412f-a4f9-b1b12d8bc0e3,e4047cbc-434b-4b02-92e3-0518588116fe,bf5722b9-c754-45bd-a502-a5d56c8ab316,5,13,2,9,2020-02-19,2024-01-01 00:00:00,2024-01-01
91765b6d-9ba7-4aa0-9993-054a65c8e8fe,faa24c17-e040-46a4-8d1a-cecf6c4ecff9,667d37a6-10e6-407e-a874-e77d875ba1f9,4,19,9,0,2019-07-17,2024-01-01 00:00:00,2024-01-01
14c2d177-cde6-4b63-96bc-e0b8b24b4470,a421d9b2-296c-47e6-ad70-9642d13a3341,3ae4c331-afe9-42f6-86e0-16b66d7c48bf,5,16,1,1,2023-12-03,2024-01-01 00:00:00,2024-01-01
18232859-5342-42a9-8f30-8548c478d72b,c9cbbfbe-ff1d-4726-92a4-6f580878f7d1,519bfb38-3676-4d96-9ab2-edb60603b77e,2,19,8,0,2021-09-14,2024-01-01 00:00:00,2024-01-01
c485964a-2cf7-43db-9866-a897365f510e,fd7d1886-5392-493e-a47e-c37bf7a0e656,ada0d30b-858f-4ee4-b2c9-3e053d4df7ef,4,16,6,5,2023-05-06,2024-01-01 00:00:00,2024-01-01
809edbe6-2598-426f-987b-b8d61008194f,9541fc51-d777-4236-941b-9fca3b513c41,d2c8ed53-35b0-4e13-9101-5afbe6be3b86,5,13,3,7,2023-11-27,2024-01-01 00:00:00,2024-01-01
8a006d86-c066-4644-a25b-29ac612ae2e6,e97b7cc0-43c8-4233-bf81-d9edbcd12e4f,0a87cbd7-da05-4d9e-893e-3d17083fb102,4,11,9,9,2023-06-06,2024-01-01 00:00:00,2024-01-01
b9d1918c-9098-4937-abaa-868e6dc5608e,aa6b4f18-a6f1-4108-b21f-9b721ab8bb37,a53c3d45-a019-4f33-b39c-30fbbce4ad38,2,8,7,3,2019-07-20,2024-01-01 00:00:00,2024-01-01
19976fd7-5387-44eb-9b42-a95e73f2ab23,8c3959b8-141b-479f-9d3d-dd8bc4b80488,5d12e724-cb1e-4fa2-8a4b-7233cc8fe6ec,3,19,8,6,2023-10-26,2024-01-01 00:00:00,2024-01-01
dbd9df6c-5971-4254-a06e-65dc536a744d,8bfc56e3-6f7a-41ad-a0fd-1f90c4427a13,f3aab638-34fe-42e7-bb13-82c8fb296808,1,0,9,8,2020-06-11,2024-01-01 00:00:00,2024-01-01
60a1931d-4ae7-4c4c-afac-8539797be8c3,1e572e16-2599-442e-b0ff-48fd94e00395,4c2a4da0-f880-4031-b5e6-f907f463f170,1,12,10,3,2019-08-30,2024-01-01 00:00:00,2024-01-01
19143a64-b93c-4fe8-a7ad-b20a0d3a0949,abbbdfd4-94f8-4846-b652-e82d88a78a3b,79a52758-a803-4d40-af99-b6f10fb759af,3,13,5,1,2022-11-09,2024-01-01 00:00:00,2024-01-01
bc4b72f3-ef0f-4d17-aede-1c511f0cc5aa,5684cac2-c276-4354-997b-ceeb5461a75f,29b81039-f7fe-44d4-b9ae-e43004eff257,5,8,4,8,2019-11-13,2024-01-01 00:00:00,2024-01-01
97196d3f-8682-46e4-937d-391bb7164887,621fbe04-ccd9-4424-8adf-a5c97a5b53a9,10b9b9a3-b3e2-47dc-b449-4a4592513e37,3,19,4,10,2021-05-17,2024-01-01 00:00:00,2024-01-01
aa7c383c-23a9-4d2f-b42b-af2670c1d316,1050e222-c429-441c-8cdf-a595c7e745ef,4d99c5c8-5bae-49f8-b001-1b9bc6a9e592,2,13,8,8,2021-03-24,2024-01-01 00:00:00,2024-01-01
072f3575-6783-45a2-aae7-c4db420ea015,4273806a-1fd1-41cd-85db-de8e46c0e1fc,685a72a1-81ff-4c14-8ef4-776b03c7ecc5,3,17,8,7,2021-09-15,2024-01-01 00:00:00,2024-01-01
6ce18a42-acc8-4b97-b144-ecfca84a267c,29d7004b-c44b-4c1f-8b81-e3f76ff9bcc6,2dd3fe93-4eb9-4533-a2c0-6041b3aefc7d,5,11,6,2,2020-06-03,2024-01-01 00:00:00,2024-01-01
f0c7e27c-94d2-4741-9466-7ce4f8f288d0,1e6c359f-3ffc-415a-b56c-5be9fb1d500e,8fa9fce9-f7f3-4b38-9843-15643dc064d4,1,7,7,2,2023-10-18,2024-01-01 00:00:00,2024-01-01
0dcf2f8f-cfbf-42a5-902b-3ea55cc814c6,8098314c-f740-4564-83d8-f98835036a16,dab8a10a-7ff5-4eac-b5c5-81b48cd49bd1,5,12,5,8,2019-07-25,2024-01-01 00:00:00,2024-01-01
52fd1967-4ecc-4b55-90f1-932d940bc715,5c79c7db-d995-4a51-8f10-beb3da9e05db,358cf9ef-9b97-4dc4-aabf-ea7e18ec3c24,1,5,6,10,2022-06-11,2024-01-01 00:00:00,2024-01-01
e353b971-adfb-431d-a80a-961c479b9762,58783067-2195-47ee-8614-070e1bc0ef9d,79a52758-a803-4d40-af99-b6f10fb759af,1,4,7,9,2019-01-11,2024-01-01 00:00:00,2024-01-01
51f7c14a-e36f-48b8-928c-0446a911e424,7b7cc784-df87-4983-aed2-d370d333e87d,617abd34-e75b-4589-9650-2b97ad5a95e1,1,8,3,5,2021-06-10,2024-01-01 00:00:00,2024-01-01
b927897f-5306-40a5-8a2e-9bd7919d937b,3689dd33-8301-4d5e-be22-f2e2506a3be1,20638f24-6025-4e48-9b32-1dd2a6b435bf,1,12,6,9,2019-06-13,2024-01-01 00:00:00,2024-01-01
9b9dabb6-53ca-414e-8c29-3acc3f616f0c,25574e5b-d34b-4be7-9466-0061daed4c32,4c2a4da0-f880-4031-b5e6-f907f463f170,3,19,0,2,2022-09-05,2024-01-01 00:00:00,2024-01-01
65680529-49b2-4184-a1e5-c272a8568751,c07ed797-a0dd-4a34-bfb9-9dfb0e2b48df,df12ed67-7c50-4007-92d4-1b779e3d741b,4,0,3,10,2022-08-04,2024-01-01 00:00:00,2024-01-01
ce6d55ab-9c17-4855-8a3b-7a914336e205,c85a31a7-9fbb-43a4-a1bd-df2988581585,cbc1347d-0223-4fb6-b55a-c3b440586060,3,6,0,9,2023-07-05,2024-01-01 00:00:00,2024-01-01
3e01fd54-f128-4c2b-903a-037b80223d3f,c0c5311e-d3c3-4cc5-984d-15dfbf4dda5d,6d020665-2465-4a6e-b01a-6862c08f7c99,2,19,2,10,2021-11-11,2024-01-01 00:00:00,2024-01-01
af5c2cc9-3a5c-47e5-b09a-40e4598c0f55,57e7502f-56f1-42ae-b848-b3ec26e0b68d,bd5fa77c-f04c-4a4f-991f-e0fdda1d5c15,2,20,0,2,2019-03-15,2024-01-01 00:00:00,2024-01-01
f191e427-3e6c-4068-972f-db3baff54f5b,1478d2f3-0185-413d-b173-b133b446823b,eea3d3c5-98b7-4022-b15a-0ec60a4b70ea,4,11,10,6,2019-06-27,2024-01-01 00:00:00,2024-01-01
92fd4b54-5de2-4533-a56a-7f61edd31e91,8aa6ffb8-61b1-4648-8bfa-45a2ad680f8c,79001d4d-d695-492b-b3a9-4fd78d066ddc,2,16,0,1,2021-04-10,2024-01-01 00:00:00,2024-01-01
2468f378-9d00-44f5-b616-cb78c6188aa8,64e72829-4833-4a1f-92df-0a22d740091f,651b093f-80ef-411a-997f-1ce733236f43,3,17,9,5,2019-07-04,2024-01-01 00:00:00,2024-01-01
acac576f-5d0a-46d9-9d19-aebae50314c6,2e36bee6-5f75-4ee0-a6a4-a903f5f04abf,b3a57685-0ec6-4f4f-aff5-8f1dac0cdd0a,3,7,9,3,2020-12-12,2024-01-01 00:00:00,2024-01-01
65431e6a-93ee-491c-b2ad-bd62e318b027,c4348258-121a-424d-a9f6-101c6112fdeb,698c485c-a3d2-4d4e-a084-fb3988b3d986,4,18,0,4,2021-07-20,2024-01-01 00:00:00,2024-01-01
c1729086-1783-438b-8da1-154fa5d9ba9d,ac7013fd-0ff1-42a0-951c-7173a76f833f,630f6ee2-4357-4798-b435-386ea8a00d80,5,3,8,1,2019-12-25,2024-01-01 00:00:00,2024-01-01
9b187188-fea2-4762-83d0-3b733e02b871,d46048c5-d116-4ed6-b13d-28249da75e2c,ddc37b46-61eb-46d4-ab20-d0103947c438,3,3,8,4,2021-10-27,2024-01-01 00:00:00,2024-01-01
28bfad25-6791-495f-9f12-054dbc7b632a,f204037a-214c-4f31-bc23-7eca36b16b9b,8c513b87-d0dd-423d-81b8-0c75905258f3,5,8,7,6,2023-11-30,2024-01-01 00:00:00,2024-01-01
da3a3620-090c-472c-8de9-6d305eba6ae8,2eb3a274-1ce2-498c-9b5e-2da55a8f6e06,293f5bd9-e77f-453a-8ae8-8c2555462874,2,10,7,10,2022-02-27,2024-01-01 00:00:00,2024-01-01
09fc4c87-6deb-473f-91ac-8891b18c300b,d7d28a5d-4407-4c14-a682-6ebf9af310c1,78c30b8e-b992-4967-b4a6-e9d7e41db299,5,0,7,1,2021-08-01,2024-01-01 00:00:00,2024-01-01
629962f8-c003-46de-9661-831af7aeb1ff,86fcd37a-bd5c-483c-b17e-9b761dd07826,ea2cf0bb-53e1-48f6-bf8d-338ee7db84df,4,20,3,10,2020-06-12,2024-01-01 00:00:00,2024-01-01
f2021220-7cc2-4495-aa85-311edf7b935b,6bcecae6-7519-41e6-ad10-78e387cbbada,5940ce1b-9791-4aa0-a3db-8eb776311197,3,13,5,8,2022-12-07,2024-01-01 00:00:00,2024-01-01
2799b61b-7b6d-4b95-8f02-e6ea88700b4f,9d9f4518-966f-4c7a-8882-f9fbfc9685d7,896872e5-c3d0-4f6e-89c7-414710662765,3,7,4,1,2022-01-02,2024-01-01 00:00:00,2024-01-01
7e5e14d3-57cc-4901-bf20-1a23030af97d,b6d4a890-7295-453e-86ef-fbdb607bee3f,a05f046b-dbbf-4c3a-8381-3696ddecc5ca,3,2,8,2,2021-03-28,2024-01-01 00:00:00,2024-01-01
82ba3885-f906-451e-b4e9-6df9c18d782d,231f08fe-9085-483c-8536-1321f5ed2d79,9668a015-446f-49b9-b39f-2b220770f90d,3,6,9,4,2021-09-02,2024-01-01 00:00:00,2024-01-01
a7f66e2e-3f4a-413d-985d-468ceb5ad2c5,fa79fcbc-f344-46e7-85bd-1739b33db7d1,8f10bb43-2edd-452d-9b02-bc94aef8d31e,2,15,3,3,2020-01-10,2024-01-01 00:00:00,2024-01-01
d6e00c4b-ce19-483d-a3ba-520eb519161e,8527a96f-faf2-4254-86c8-5210035f4137,3dcb9969-4b73-4926-aa46-2c48ba947fc0,3,6,3,3,2023-02-15,2024-01-01 00:00:00,2024-01-01
8f9d2227-b010-4afb-a43d-96107d033d81,11d51b6d-3dcd-4436-8cf6-2b9ea44fdaea,8564e2c0-2c90-4a7f-ac42-b93cbec1c8c2,5,11,2,1,2023-09-06,2024-01-01 00:00:00,2024-01-01
b48444cf-52b4-48a9-b29a-09290c0a50d0,ce90667e-5482-4449-abfb-c727b2707a10,dc497c55-2855-4a13-8405-ca80712ec6f2,1,15,9,0,2019-09-03,2024-01-01 00:00:00,2024-01-01
2a9bf5b8-5aea-4774-a40e-18b8e5e611d0,5f171054-1f70-4100-9f78-c5f7cde0eb17,b5ed67ce-51f8-454e-8bc0-7c5ee56b22b9,5,1,7,5,2023-04-15,2024-01-01 00:00:00,2024-01-01
4e8ca8f3-01e0-4c72-b5fe-8ebd6e12e08f,3fc190fe-d64b-496d-8669-bbbfc96383b3,17803607-22cb-4c44-924d-744803b07c79,4,18,4,7,2022-06-25,2024-01-01 00:00:00,2024-01-01
b22df14b-11f8-491f-b162-c4a948047067,dc52fc19-d9c4-414f-bc79-d457b76c4eb6,54c56d27-12b3-41fc-858b-e92641bf13e1,5,8,6,3,2020-01-10,2024-01-01 00:00:00,2024-01-01
14f7046a-dbc4-4010-83a9-aadfd3bdee73,e95c418e-80fd-4e9f-866a-76d138d4e8d8,b1dc94e1-9c1e-47a0-a619-b383230402dd,2,1,8,6,2023-03-17,2024-01-01 00:00:00,2024-01-01
b803df4e-3676-4c14-8e4f-0adee57fbb09,b6de0b5b-5820-4f72-927b-1c716dd4c853,399f88ee-c3c2-4945-853e-1941dee550ef,5,1,8,5,2021-09-06,2024-01-01 00:00:00,2024-01-01
479ed7d5-e0f3-4f0f-80e0-1ac24a68922b,e5ba8584-c133-4993-b677-7105fb547757,9eee11d9-1e54-4d27-97a8-725f02ae7950,2,14,1,8,2021-03-17,2024-01-01 00:00:00,2024-01-01
16ee44a6-a6b5-4cd6-aa7c-ef7d11eadcde,4080239a-5564-4d80-a1a4-46dde76962ec,17803607-22cb-4c44-924d-744803b07c79,1,0,10,3,2021-07-31,2024-01-01 00:00:00,2024-01-01
238af9ec-89a5-4fed-9002-6fb7524af037,5456d409-75a8-4ab9-a250-14c620c6593e,e9037705-41a3-4880-b304-5110ead0f928,1,10,5,9,2021-02-16,2024-01-01 00:00:00,2024-01-01
0ffc7a19-011b-4cbf-8552-84331560a6fb,f2a3ae22-6b72-44b9-9bcb-035a182a62d4,185e7502-135f-4aa2-aac7-26d0f0eed2cc,2,17,4,3,2023-11-01,2024-01-01 00:00:00,2024-01-01
c267cdf8-eb7f-4cf7-9a76-e1721c0d5143,ef6efda5-5075-4eaa-9c43-89f0fd19ff4d,2bd1bd50-cdb3-4fe9-a67a-335aea386b7d,5,10,5,2,2020-07-05,2024-01-01 00:00:00,2024-01-01
776fe04d-35d9-43c4-b65b-61b8c1932462,c870161f-cacf-4d15-8991-2caefa98007b,a53c3d45-a019-4f33-b39c-30fbbce4ad38,2,13,5,5,2021-10-18,2024-01-01 00:00:00,2024-01-01
5122f154-eec2-4ba6-8086-ea29b2f56c8e,bfad6568-ba06-4210-ae80-401a9827b308,335d903c-2372-4e99-b9c5-172e53c7182e,3,14,2,9,2023-10-16,2024-01-01 00:00:00,2024-01-01
399428e8-81d6-4737-b5ad-be6ac23e6243,5346813b-18b0-4813-93c7-7398c73042a0,34e5977a-f47b-49db-b67b-fe24062b184d,2,3,4,3,2019-09-26,2024-01-01 00:00:00,2024-01-01
8b8f44cd-1fb0-48d7-882c-78be0e304600,5a0b8a8c-9dad-46f4-9658-1855866a59c9,746c3efc-cf72-421d-9710-968c235f4970,4,6,2,2,2022-02-11,2024-01-01 00:00:00,2024-01-01
e9821936-d6a5-4a2e-a3cf-8167deb6374b,2db2cbae-f253-4906-a50a-901bac6703b4,22396224-bed7-4623-aa8e-286ce43cea68,1,5,6,7,2021-08-26,2024-01-01 00:00:00,2024-01-01
14a0a675-fc11-4c5e-a670-a7f3aa96b3cd,a3e1382c-6b4a-46c6-9e9e-07bcccf91aa2,fa9b92d0-1ba3-4b48-9147-edcc511ecf01,5,17,5,7,2019-10-03,2024-01-01 00:00:00,2024-01-01
a5109160-f340-4b61-b4ca-30e88706cf29,b3e5d5a7-19d6-4c4e-aea2-4bb3ed34d695,310e7f81-9fe3-4296-ac03-e8d76f6c10ac,5,18,0,6,2020-09-06,2024-01-01 00:00:00,2024-01-01
4667b596-1c77-4275-898d-9ad6f6a7d274,ad7bc2f7-457b-4139-8ac0-aa08edb28d0d,c47863ba-9eea-4d54-a20f-a8151df391ab,2,1,3,4,2019-07-22,2024-01-01 00:00:00,2024-01-01
e7619628-c1e4-4a4b-9957-4f6fdb2ed306,0b4a0759-b2bf-4eeb-b2e1-f402915cedca,a8ca0ebc-9b7f-4d34-8d04-2fc582139c8f,1,14,5,4,2021-09-02,2024-01-01 00:00:00,2024-01-01
c256f6f9-8171-4e20-b0fb-e8e3b3b48ccc,0d326fe9-c45b-4be9-877a-c1694c5d9f89,bd5fa77c-f04c-4a4f-991f-e0fdda1d5c15,5,17,4,5,2021-01-09,2024-01-01 00:00:00,2024-01-01
cf6d9c2f-b090-481b-804a-461ab800c88b,92848c48-386d-4a1b-bdd5-7c228b3cc174,e38cd76c-4edd-4fb9-9598-7e00255aa1b2,1,11,10,9,2019-02-10,2024-01-01 00:00:00,2024-01-01
53901c58-2bd0-4769-b94a-f12e63d40218,0dd36ba5-d38e-4d19-92d8-ff98a8987974,b1dc94e1-9c1e-47a0-a619-b383230402dd,5,20,10,8,2020-02-12,2024-01-01 00:00:00,2024-01-01
75e6ea26-6756-440d-95c5-b74cc092b8a2,c357fe4c-28d9-40bf-a5da-b3af8dc05075,d73ccab7-2d4e-4348-b9ff-12190ffc4d68,3,11,5,10,2019-12-24,2024-01-01 00:00:00,2024-01-01
96bc2ea0-7d78-4df8-99dd-a99aed473f1b,fbfb1f33-757a-49c7-a4b3-6fd20a9e1ad4,10ed932c-9d7e-4b52-8acc-3d5ebb7ab0fa,4,2,6,9,2021-11-11,2024-01-01 00:00:00,2024-01-01
0a4f35a7-5d11-4210-8def-fcf9c1243e07,2e15a042-9e53-4e7d-9da7-34da316b7253,81b66fee-e764-4208-8777-f3ce1e86f1c7,2,5,10,5,2020-08-09,2024-01-01 00:00:00,2024-01-01
c0d3cd1f-4e02-41dc-9ff2-d32be263b83d,ea7092b4-4147-4cd0-a0d6-e3e1e90758a5,b0a0d89b-80c6-4f3c-bafb-164caad0d852,5,18,6,1,2021-05-13,2024-01-01 00:00:00,2024-01-01
db1b98ba-9c49-4b0c-9249-afb6c0861716,e012f74c-6bc9-436f-bb16-de5452148d4a,cbda28f9-cabb-4ef5-b3b6-8d4b48165def,3,7,5,5,2019-06-12,2024-01-01 00:00:00,2024-01-01
d80e223b-4e1c-4a1e-a109-9371f95081db,27e57f66-3c28-49d1-9e5a-3e6d6941898a,df3e2096-a6af-4737-9d81-b254e45425e0,3,19,10,6,2022-08-30,2024-01-01 00:00:00,2024-01-01
8d9e984a-9b25-47c5-9990-0ec01417c3d9,ec8fb6c7-004c-4009-9dbe-85dd3f890578,0290b7ee-629b-4270-a398-a4e1e05c6e17,4,11,9,8,2020-07-09,2024-01-01 00:00:00,2024-01-01
8f4b3104-d9e7-44d3-9fd8-cea9daf3aea7,d399c042-578c-49ba-b2a2-42d152adb868,026515ac-4bbe-49a3-a1ec-e618af37f455,2,5,0,2,2021-07-11,2024-01-01 00:00:00,2024-01-01
2bf65bcd-5435-4c8c-8b16-c40d7db75257,82f7b804-db3e-4299-b8d5-ada5f45aea13,733feae3-11eb-45a6-9f4c-cfb082b5991c,3,2,3,2,2023-01-30,2024-01-01 00:00:00,2024-01-01
29214131-af03-49b1-b7f8-fbeb1a6f2a96,9a45bc5d-3698-4808-9378-e0e2e469218e,1f1dca18-276e-4ea7-8598-8dfa3da1bd8f,1,2,7,8,2021-03-24,2024-01-01 00:00:00,2024-01-01
2cc37e8e-db52-4933-8053-de031872fa6e,b050f958-de76-4d92-a000-619d6345498c,7844313c-03fb-460d-afa6-978f8001955b,4,16,1,1,2019-04-21,2024-01-01 00:00:00,2024-01-01
63405793-33d1-4d09-88c3-22d2aea1fa10,704554b8-790c-4788-900a-25fe63d3c3f7,412d6b46-5df7-4846-b579-6afbac9ecb1e,2,2,10,6,2020-06-21,2024-01-01 00:00:00,2024-01-01
254794fb-033c-4d58-b495-9614bc1961aa,cb4694cc-d44c-4b07-8ead-f51b835c42b4,5940ce1b-9791-4aa0-a3db-8eb776311197,2,9,7,10,2020-09-25,2024-01-01 00:00:00,2024-01-01
215b7741-06ea-4fac-9d54-89356edead8b,bf1a4ff9-05a8-480b-80d9-719caa2f5391,fe8bb556-5df3-47c7-899d-9940e9d02faa,5,5,0,0,2019-09-16,2024-01-01 00:00:00,2024-01-01
03d2c3be-d4c2-4d0a-a37a-09b81d1e7594,b627bd25-678a-4af0-aed2-8f240dbeed86,ac9c7b65-1f4c-49ab-98f7-497cc59418a5,3,15,7,8,2022-09-20,2024-01-01 00:00:00,2024-01-01
58850129-6f68-4fb9-bbd6-875cb9cf0a2b,52186a23-8158-41c6-844c-4f9f1d8f452d,4f6d1a01-7440-40a4-991d-9896724ec71c,4,4,8,2,2020-07-11,2024-01-01 00:00:00,2024-01-01
ae17d5d5-e996-4e3b-8f58-b45fec73c21a,4dbcb703-43cc-4779-b41d-3afae534be54,e165c6ad-0881-461f-a326-0bedc06fdac0,4,20,10,9,2022-04-25,2024-01-01 00:00:00,2024-01-01
90caec8e-628d-43d4-b6a2-951dd4be8417,fcf132dd-5471-4c14-85cd-30f001b68815,2b81f86a-6ae7-4e1b-91ea-e58171ab6d45,5,9,5,7,2021-06-09,2024-01-01 00:00:00,2024-01-01
b9d28cce-aeb3-4d1c-9b1e-48aabe328d89,4807f588-eee2-46f8-b60c-0c50ea52ef38,0d2eb9ad-40d8-4bcc-b97e-f4188da258d5,1,14,4,5,2022-01-10,2024-01-01 00:00:00,2024-01-01
cd872612-457f-4fce-9286-72f73ad43d3f,0b3e3f8f-baeb-40f3-ac10-6cfe6ea0e75d,73e64d5a-a8ac-49d7-bbea-d396c23a30b3,2,9,0,0,2021-04-24,2024-01-01 00:00:00,2024-01-01
d93bc0d8-a76c-48d8-8023-f4107185c01c,672fae9c-8c30-45a8-ae35-5b579785ac4c,1cc7c465-4c34-47f9-bfc3-fffe059d40c5,2,11,4,7,2021-12-07,2024-01-01 00:00:00,2024-01-01
e9eba51c-0d86-4991-96dd-17cf80b0e26e,7ed27303-dd53-43fe-acea-a5aa409318c4,896872e5-c3d0-4f6e-89c7-414710662765,4,15,4,0,2021-12-31,2024-01-01 00:00:00,2024-01-01
8f4fddc8-350c-4d74-8260-454e2d8c3a0c,410c4762-cb9b-441c-9d3d-2e3ad2068f51,c987c1d4-4420-48d0-87bf-7d5332046300,3,19,3,0,2023-04-18,2024-01-01 00:00:00,2024-01-01
54fbab2f-d794-44fd-8dfa-d3652ea508b6,9651e809-d157-4228-a7fa-d89bd4b46a43,78312951-58cb-4114-b4ec-1c62fb9f5e8f,2,13,8,6,2022-01-27,2024-01-01 00:00:00,2024-01-01
fb862b15-696d-4adf-9b72-3f2bb99ed30c,c2786287-0e91-4e4d-8c6c-ab4842572bef,8564e2c0-2c90-4a7f-ac42-b93cbec1c8c2,2,20,6,6,2021-03-19,2024-01-01 00:00:00,2024-01-01
8cb8e08b-5601-423c-a645-9d80f232df51,2e310a49-2c95-4c3c-a824-07a90cf17fe8,d9fb499b-f185-4c70-b731-30f5aed515b8,1,13,10,3,2020-03-27,2024-01-01 00:00:00,2024-01-01
dff5eff6-87d3-47b0-a3f5-e5e0518f1d77,2ba9868d-f922-46d7-a767-f53f5b960ee5,54c56d27-12b3-41fc-858b-e92641bf13e1,5,8,4,10,2021-11-24,2024-01-01 00:00:00,2024-01-01
5d577886-a2ab-4335-b1ec-6e80f529df04,50c4460c-774c-4fd8-a050-ef8f7534fcf6,a7875516-191c-433a-9d0a-e42a3e3ed6db,3,13,3,1,2023-03-02,2024-01-01 00:00:00,2024-01-01
41eb1903-b4a0-402f-ac78-34dcba4a3c0d,07b8a2dc-81cc-47d5-b58f-6f86a9840f88,d30e8550-6c98-4111-9929-897b013e7490,3,3,10,7,2020-01-09,2024-01-01 00:00:00,2024-01-01
fbb9198d-f982-4c1c-9e60-2a9e36c08964,f0165820-61c8-4b51-9c4e-6466cde93102,615ffa91-48ae-4b3a-a7a9-5ee15361893e,3,19,7,3,2022-06-19,2024-01-01 00:00:00,2024-01-01
14bdaeeb-dc91-40e6-8b80-244c1b55aaf4,5ac78c79-a7e7-42c2-89d2-a908a1b2fffd,00303e3b-745c-48cf-aa72-16d7c1db1a7d,2,1,8,0,2020-10-18,2024-01-01 00:00:00,2024-01-01
3d617c42-57ef-4a68-877b-5f586b3f5cf2,75b706fe-b86c-4271-baf1-c6ae3c3e5311,546b971f-2bca-42ca-a9b9-11077fc42aad,1,9,4,2,2020-01-16,2024-01-01 00:00:00,2024-01-01
64985902-460e-4286-801c-dfd8c997ef8a,be37281e-5aeb-495f-9413-8f38747ab531,b3673644-b02d-4f35-a2aa-0344feca4972,1,7,1,2,2023-01-04,2024-01-01 00:00:00,2024-01-01
213e3c9d-73b3-41c3-825c-360b189bbcbd,12958955-bdea-4263-9e40-60cb9ba77cbe,6e0e9c7d-40f2-4687-93a3-07886e09f690,2,10,6,4,2019-01-31,2024-01-01 00:00:00,2024-01-01
076d2934-34a7-4abe-83ff-13a4e1ff6d33,b3831260-b0c8-41b0-8060-b6fa7cc5864c,f9817dda-1be4-4164-98b5-454572022baa,4,11,7,0,2023-05-29,2024-01-01 00:00:00,2024-01-01
7910d4c2-86cc-4903-ac40-4ea7b0632681,2b900679-1274-4757-8f60-60acd221344d,974e368f-0337-4cb7-bfea-024151bc4b40,2,1,4,6,2020-11-07,2024-01-01 00:00:00,2024-01-01
d25f13c6-e606-4bc3-82fa-02369bea9749,2428da6c-a55e-41c4-888b-214b8819741c,12e2c652-c18c-42a2-b89d-56ce102dc13c,4,5,3,4,2019-05-27,2024-01-01 00:00:00,2024-01-01
be2dcbd4-85a5-4785-93bc-2c21a32a4873,641531e1-6963-4c50-ac68-a1f80c1aed46,a8889766-c29c-428d-8e56-ebc3d569b2b5,1,3,3,6,2023-08-01,2024-01-01 00:00:00,2024-01-01
814971b2-d972-4e81-b9fd-5a983a722e8f,0192722b-d67d-4aa6-937d-feadf9ab5f25,f01637cc-a763-46b3-bcba-d4a735df0e30,4,7,0,3,2023-04-29,2024-01-01 00:00:00,2024-01-01
be0bee58-4dee-4a57-9012-12be80645136,87d1ad15-3e2f-4b86-bd5a-807100b9e8a6,1e043933-16fd-4566-b3cf-d3e2375294aa,1,16,10,3,2021-08-01,2024-01-01 00:00:00,2024-01-01
e87155ce-67d5-432b-9f3b-662440a9f5ab,9ed7e14f-03b8-455c-adf1-2e547c548482,115fdbad-ad54-4574-a146-59585c99eea9,3,10,2,10,2021-08-26,2024-01-01 00:00:00,2024-01-01
0e7db91d-cc31-4d34-a2f4-ea81ed8db1b6,d157fec0-13e5-4c17-b0be-3d5e963fe61f,8c9c9dbe-e89c-4845-932b-7aff6ac30a0a,5,16,1,4,2023-01-31,2024-01-01 00:00:00,2024-01-01
bbee500d-d441-4cac-b3e4-4ec0ad94f423,c230d3e3-cf13-4755-a261-c5d307ebf0f4,7bd9faf9-ba67-4110-af10-8fd6782127f8,3,6,5,0,2021-09-12,2024-01-01 00:00:00,2024-01-01
b565e073-1b4d-4560-9823-7c9c2e9f6e00,98312241-4490-43f0-9fcf-e33f7c85b828,b16811c6-e37d-4e74-b5f5-a459d02da012,2,3,3,10,2023-11-04,2024-01-01 00:00:00,2024-01-01
47294c0b-8068-4fdd-be4c-5a666edfde3b,e3914264-c458-47ed-b05d-a32272f76074,cdb86f12-47ce-4900-b3d0-7a1c71066282,1,5,4,9,2021-06-08,2024-01-01 00:00:00,2024-01-01
5b5737ae-4020-4557-a5f9-85476b9cd6c5,ae260bef-2cc7-4a2b-a501-ffa5c0042a03,645d4d49-dc87-47fe-a65f-0dcbc44cde63,2,0,0,9,2019-09-03,2024-01-01 00:00:00,2024-01-01
cc403809-70c6-47c8-86d2-6bc6aa0139de,1458af10-d736-40dc-9ba9-7e4e2c76fe14,c47863ba-9eea-4d54-a20f-a8151df391ab,4,19,2,5,2023-05-24,2024-01-01 00:00:00,2024-01-01
52dd56b7-1a47-4670-a8ad-482784f7c1ba,6981798a-c809-45e2-81e3-01e101273435,617abd34-e75b-4589-9650-2b97ad5a95e1,2,5,7,1,2023-04-28,2024-01-01 00:00:00,2024-01-01
6843bf0d-bdca-4b76-9790-c207d6956d41,294ce51b-75d5-49f0-a718-89c3eda29f7c,412d6b46-5df7-4846-b579-6afbac9ecb1e,3,20,0,0,2022-11-05,2024-01-01 00:00:00,2024-01-01
cf15eec5-73cd-4820-9de8-52caa20dacfa,e8b3edf9-88a4-40aa-abbe-b3e4d05b8113,bd2d0caf-ea73-48cb-b440-8e605014b711,2,17,1,2,2020-12-29,2024-01-01 00:00:00,2024-01-01
16fa0498-1840-4cc9-9645-adafc75d0b46,2ac535e8-1de1-4afa-ac04-071596f171d5,735e3307-b6b1-4147-9929-224858ae60ea,3,17,10,5,2021-09-26,2024-01-01 00:00:00,2024-01-01
b107a62b-627b-4cf2-830a-5133ec98d5c3,98c1ea78-5656-4aac-af1b-ff5c76a2301b,32e2f2ae-8d59-43ef-b972-bc85f1e3effa,4,6,0,6,2023-07-08,2024-01-01 00:00:00,2024-01-01
547ce6ed-bc4b-4b58-93b5-e9c1eb0c6734,842b793f-5f1d-4e12-850b-015f2fb7d425,d463fafa-7d15-4981-8b7e-9bcb112f286d,2,8,0,7,2021-01-03,2024-01-01 00:00:00,2024-01-01
f41af790-65c5-4531-83b5-df82c90c519b,6d368a8c-7643-4761-8fa0-41b3f5975dcf,b3673644-b02d-4f35-a2aa-0344feca4972,5,9,8,7,2022-12-18,2024-01-01 00:00:00,2024-01-01
ab0d0b9d-b1cd-4ee2-9850-4fb111ce39f1,64777169-44a3-4bb8-ba26-29846faa84a9,88ae4cc4-c859-41bb-b115-0a8c07730e75,2,17,5,5,2020-01-24,2024-01-01 00:00:00,2024-01-01
b9307166-e6ae-4464-994d-f85b57ff15cd,61165a33-b400-4326-9616-39817cabb16e,71e26478-1b8b-42c6-9d73-9790ed1ca341,3,19,8,2,2023-02-08,2024-01-01 00:00:00,2024-01-01
2f292f4a-5383-4e6c-803c-961d515f0e5a,e54a651b-8ed1-4beb-9e6a-442bb6f0670f,981d69ee-8bf8-4175-a790-bf01bf05aabd,2,14,4,4,2019-05-22,2024-01-01 00:00:00,2024-01-01
0814db5a-d240-48a4-8697-ea50c0b224b4,62a11889-4da8-4b7f-8671-09bbb49d0f85,a4412d03-cb82-463c-8298-df6ca976c324,4,0,10,8,2022-01-14,2024-01-01 00:00:00,2024-01-01
34d97f1d-44a6-47cf-8717-ead544b91aab,37b64ba6-5393-43a3-919c-f3c0fabd8e96,b5b9805f-a92e-43b2-88b9-2985519a4d52,2,0,9,5,2021-02-15,2024-01-01 00:00:00,2024-01-01
024dc330-6388-4ac5-9861-470d13e2fbd0,9d43eee7-d8b0-4737-bab9-4935404f3597,fee34432-a4d3-41dd-8215-d2135245a4ee,2,10,1,10,2023-05-09,2024-01-01 00:00:00,2024-01-01
321c69e0-6291-4b3d-988d-d2435568c4ad,1fa9d6e9-6405-4383-a2d7-cbfc18d97ab0,db8f2120-0aaa-4288-8646-ea0f48e1dd86,4,6,8,10,2022-01-08,2024-01-01 00:00:00,2024-01-01
cb25f66f-97de-42f5-bbf0-a527df06e818,b84c7c50-8a21-46b5-8789-4cea4996cbfe,98ecac3b-17cd-418d-b996-6a44293cb0cf,5,4,9,4,2021-10-15,2024-01-01 00:00:00,2024-01-01
5cf492b3-4de6-4d5b-bd49-996dfa74e810,2b0c687d-aee4-4e2b-8008-22b75eb79bfa,9d2b2485-e78c-466a-bb21-b72d1ffd405a,3,3,1,8,2020-10-22,2024-01-01 00:00:00,2024-01-01
99d52a83-9039-414d-850b-e4fc4b142874,5fe05c06-56da-4756-8d81-22b109402c69,ea2cf0bb-53e1-48f6-bf8d-338ee7db84df,1,4,2,0,2022-09-11,2024-01-01 00:00:00,2024-01-01
def9d34c-f1de-46c0-bb5c-0832fd2c9f98,3f005de9-edcf-4876-9258-1e6e7dcf957d,2b023759-5dc3-4917-8cbb-194bcec4bc52,4,6,1,0,2020-02-18,2024-01-01 00:00:00,2024-01-01
f5913996-116b-4c31-a55e-bcdc324ce4d5,c60d8d11-3be2-4cb5-91cc-468c2186cc9c,74131f6e-f541-48f8-b0f1-0ea715749268,4,15,8,9,2022-03-15,2024-01-01 00:00:00,2024-01-01
46c2b0e4-c4b3-4d7e-8d50-c9f2d384a245,8f04404f-fc6e-4dc3-bd60-e103d16353db,4f37f760-e528-4e48-bb95-14c54d9a2102,3,1,5,3,2022-12-07,2024-01-01 00:00:00,2024-01-01
41754c0c-20dd-46a2-bf76-a1fd153dcd7c,6137dc32-48ca-4212-bd39-b6a887ff2d9e,2b55163c-c8c3-4a9f-ad5a-0948e83fe97e,1,0,3,10,2022-05-25,2024-01-01 00:00:00,2024-01-01
ec491976-4a47-4a22-8652-a95eedd38b4c,1be5fbae-7cbd-4f7b-ad2b-138f78ec91e5,70af3e45-1b97-4330-8434-638013984d40,1,14,10,0,2021-10-03,2024-01-01 00:00:00,2024-01-01
dbcb2aae-4269-4181-b481-7ecd77d2d126,479e7deb-c3b9-45a4-87c4-1cc848201933,d200bcbf-2a8f-48d4-9253-7997795d92cf,4,11,0,9,2021-01-09,2024-01-01 00:00:00,2024-01-01
df5cfd28-7495-4916-92d4-6b083046df3a,5cbf40e5-4963-42f4-acef-ba54f6ed8063,0a72d6c0-600d-4783-be71-1be9d30ff28d,1,2,4,1,2020-06-28,2024-01-01 00:00:00,2024-01-01
ceae7b44-6eb6-4f51-8acb-292c85af8705,0c23f190-fb41-4744-81c4-3552df7f5977,b593d8ce-bfc5-49d2-b748-7f420e2ce0e0,5,3,1,3,2020-03-18,2024-01-01 00:00:00,2024-01-01
72678398-c17b-443d-99e7-96120d991a89,89f290e4-2d02-4028-b7e5-d425d0e9d0d1,a769159d-ef18-40f7-b429-7ad16a3082b6,2,6,8,10,2021-12-24,2024-01-01 00:00:00,2024-01-01
b7e1491f-9d72-4847-98e4-065e0ad9b097,fc40a332-5e14-4c97-8055-62626a5400bb,cddb1832-8422-4468-ad72-0b4a782f2278,2,17,8,6,2020-05-24,2024-01-01 00:00:00,2024-01-01
f3627f35-5607-4810-8a43-17a8bc57821b,73725be9-db45-49d5-8f54-262ed2c07966,2b023759-5dc3-4917-8cbb-194bcec4bc52,5,11,10,7,2023-03-09,2024-01-01 00:00:00,2024-01-01
06418ef7-c9eb-44ca-b054-6021d6c7f133,99818429-c362-473d-a27a-d249621da896,4243d1f7-0737-43e0-a170-78a6314dc76f,4,3,2,2,2022-12-09,2024-01-01 00:00:00,2024-01-01
e3154e64-d842-43cb-94d3-51205531147f,80690b53-a160-4e53-92c4-71dfb76d0c5a,335d903c-2372-4e99-b9c5-172e53c7182e,5,10,10,2,2022-01-31,2024-01-01 00:00:00,2024-01-01
b9b6c01a-67e2-426f-9abb-88990815fd65,03304ec6-86e6-4a9e-9067-117f6794f449,1542e8ac-6618-4f26-be85-1a7276b22a4b,4,11,5,8,2021-12-29,2024-01-01 00:00:00,2024-01-01
35015c05-49e0-45ec-b17d-67e3a159bc37,0aad5f2f-e3e3-4f09-a787-e6b922af42ad,3fa1fc01-a9aa-49cf-8829-9d1000d73028,3,13,10,6,2020-10-26,2024-01-01 00:00:00,2024-01-01
3bb0696d-e03b-49a6-866c-3679de40ca99,aa6bda87-b82c-42b5-851a-b2bd46663067,72af3421-4c21-454c-ae33-5b876b8ee2d8,3,19,3,9,2023-08-19,2024-01-01 00:00:00,2024-01-01
4826966e-9b61-4bd9-b077-5b6dad1ae560,3b513713-6a59-4755-bedc-13e4e6afaeac,dab8a10a-7ff5-4eac-b5c5-81b48cd49bd1,4,17,4,5,2022-01-22,2024-01-01 00:00:00,2024-01-01
1e743273-de41-476e-8b12-c7a234cb38da,c8927489-3271-4766-bea5-7cddbdd010bf,0375d747-f805-4c9e-b6ae-321d1d5aa9fa,4,0,0,4,2021-07-15,2024-01-01 00:00:00,2024-01-01
f2fbd53b-d8cf-476c-80d4-09738f3f4a12,dc82bc8a-94a1-41f4-9276-438b0a025d66,8819d9f7-a96c-49ba-b6d3-97e15ed72dbb,5,4,4,0,2022-05-05,2024-01-01 00:00:00,2024-01-01
858a0f6e-498f-4784-ac88-be2699bdfec6,389f5de1-032e-4f80-9f40-ebc5f964c213,b245bbbd-73f7-444c-8cea-8bb0ff98105b,2,10,0,4,2020-09-07,2024-01-01 00:00:00,2024-01-01
fdcf8d54-0da8-4a1d-a9ef-db877882b765,584025a6-80fe-4aa3-acea-99ed0dbbc0b2,9d0a07e7-7cad-4b11-b098-c63cd83d86cc,5,18,9,2,2022-02-07,2024-01-01 00:00:00,2024-01-01
60874707-b65d-46e2-b174-222fbf6c2bfb,84f836c0-7c6c-4145-919c-9bdcd1163c99,91096f25-23db-4314-bd32-4aedbc41c3ce,4,11,2,2,2019-07-13,2024-01-01 00:00:00,2024-01-01
f8704e8c-efe9-4d75-8558-00ebd4a464a6,12b7e37c-ee68-4216-8e30-bb446954188a,a4412d03-cb82-463c-8298-df6ca976c324,5,7,3,4,2020-06-26,2024-01-01 00:00:00,2024-01-01
c776c9f9-cfd5-41ce-988c-b67ae3eb2db7,c435ae65-88dc-4811-a3a4-fcf5c67b2a43,2fd62491-8dd6-46c4-91ed-c4c70793025b,1,18,6,9,2023-07-20,2024-01-01 00:00:00,2024-01-01
114ab4ac-f501-44ee-a705-6849af9ee2f9,c2977a76-cefc-4182-9b9b-23295f718bde,b5b9805f-a92e-43b2-88b9-2985519a4d52,1,10,7,2,2020-03-21,2024-01-01 00:00:00,2024-01-01
90268684-182a-432a-a1a9-b3feb1f04d63,c7970b23-0387-4d2b-ad0c-0097470b7088,030feb28-36e3-4593-8d5c-c8d42af61ec0,5,3,9,10,2021-09-26,2024-01-01 00:00:00,2024-01-01
88be0949-737b-494b-ac84-00c5bfc81d7e,90d84711-86f6-4067-9a25-8e8e063847f8,91096f25-23db-4314-bd32-4aedbc41c3ce,5,12,1,0,2020-09-07,2024-01-01 00:00:00,2024-01-01
e25c09ac-abab-4b3d-950e-c913cdd0b03f,dca1e830-a0f4-41c2-bdd1-becbf47b35da,b4518080-60ea-4798-86bc-d3b1ae7c352b,3,13,6,1,2023-04-28,2024-01-01 00:00:00,2024-01-01
61a16dd4-9551-4fb7-a18f-0945666b610d,341bb701-eb21-4217-9488-f6de7030a63e,68150799-c06b-4ee1-b210-48ab114ad0bb,2,20,9,0,2023-11-17,2024-01-01 00:00:00,2024-01-01
14968bb3-59b8-4217-9daf-4a039026993c,68a3bbfe-2706-43e7-83de-b255d81a1266,430db7a5-b9a0-4d5b-8b89-1fac2d3c6a09,4,1,4,8,2022-07-22,2024-01-01 00:00:00,2024-01-01
882299a7-9570-4d90-a5fb-55d06bc1e5cd,52a48a32-edff-4885-89fe-112bcbac185e,79fbb9d8-ed15-4bdd-8f1c-01a474820fe1,5,18,2,5,2019-03-26,2024-01-01 00:00:00,2024-01-01
4b30feb6-4254-408e-bc1a-7d741429b25f,0ef25ca1-aeae-41fd-a9a9-956e32ad443a,6fce7ef5-ee43-4bdb-90de-d63a0361ff25,2,4,0,10,2021-10-25,2024-01-01 00:00:00,2024-01-01
e8552a6a-4264-4514-9d46-30192716d1a7,890f06a4-101a-4b26-b381-c5873ef3728f,2a87e792-c7aa-4e6a-9a14-66a9007da535,4,19,9,8,2023-02-07,2024-01-01 00:00:00,2024-01-01
a5f8f32e-ae16-4222-8c5d-c21a6917765e,b606c794-7a34-4d98-bf9e-079dbd585cb1,b245bbbd-73f7-444c-8cea-8bb0ff98105b,4,9,6,2,2019-07-04,2024-01-01 00:00:00,2024-01-01
dd946fc9-63fe-47e8-a530-50661bbe44f4,9581baf7-8af0-4966-ac0c-6125bbf7d473,f3aecb8f-f8b9-406a-82a5-1f464e1c4e63,1,15,9,0,2019-09-28,2024-01-01 00:00:00,2024-01-01
6c35e43a-e47f-46f6-9bbd-7eef2cf3bd96,60465a50-817e-44fb-ad91-b3d19c0eae47,f683fafe-1a26-478a-9f5a-38aae47e84b4,3,2,6,8,2022-01-27,2024-01-01 00:00:00,2024-01-01
940d4915-f32c-45f1-95a3-686c6401882c,0e437656-0fa8-41fe-8586-6d0b1579b2fc,2df2adba-7f82-402e-ba5c-c93f88573bb2,2,4,7,8,2021-06-08,2024-01-01 00:00:00,2024-01-01
b42a6704-053e-4f2b-b997-4dd71e3d6c7b,1f31f73d-ed0e-41b0-a59e-d8f0990b5099,10ed932c-9d7e-4b52-8acc-3d5ebb7ab0fa,4,20,9,3,2020-02-10,2024-01-01 00:00:00,2024-01-01
71be71fb-dbcd-4c9a-ab43-df518f694238,61ca4980-8097-44d6-b43f-81b2d3ac341e,44444b0d-5b0a-407c-a8be-8eef20b13052,5,7,3,1,2022-02-23,2024-01-01 00:00:00,2024-01-01
3314e392-3c18-4372-8267-480abd15624e,b6af13fa-a282-4ede-94a3-8d7df882a3d4,4ea1929e-fb62-497a-b376-f1ffee3f4867,4,10,10,9,2020-06-29,2024-01-01 00:00:00,2024-01-01
711cfcd2-f299-496e-8aa6-a04fa04ae3cc,e88c4d0e-b41c-47b2-963e-4584a5166c54,161be690-7ffa-4141-bc81-80d10145e673,4,13,5,5,2019-07-03,2024-01-01 00:00:00,2024-01-01
ab840e9a-7ae9-4610-b211-9cf59328a73e,c8337ddd-b44e-4cbd-8c97-090ceb465df8,315b8757-9504-4390-b0fc-071c5fca4539,3,19,10,0,2020-01-26,2024-01-01 00:00:00,2024-01-01
34fef47a-c104-482f-b90a-0f84d166f26a,55c410c2-158c-4383-a28b-67a035c6109c,0762ea53-2381-4782-a60c-891142c4b1e7,2,11,9,7,2023-04-26,2024-01-01 00:00:00,2024-01-01
5f9fdc1d-fa33-400a-8f5b-19c0fbabed5c,b5cef686-7f75-4648-9456-f094916cd4f0,302f1237-ef3a-4879-89a9-7a23764174e3,4,1,3,3,2022-06-30,2024-01-01 00:00:00,2024-01-01
c48f172c-22c9-4176-acaf-5b0b7b597492,53098f4a-67da-4bca-bde6-d947a1c2ff35,78312951-58cb-4114-b4ec-1c62fb9f5e8f,2,2,1,0,2022-11-04,2024-01-01 00:00:00,2024-01-01
583156b8-4a20-40e8-ae5c-35d405968bef,eafcfff5-e384-4d5f-a1bf-608b4122e306,4d6f0375-b4c8-472f-961b-9d4ab77cf9d0,5,4,4,0,2020-05-12,2024-01-01 00:00:00,2024-01-01
400b7351-8bbb-4cee-8cb6-49e37b5cf220,9a18c2d5-bef0-40e8-92f1-4f605d82a0f7,e7f6d769-7279-46ba-8b63-105cef9bfd01,1,9,7,7,2020-12-04,2024-01-01 00:00:00,2024-01-01
c2d0a11b-4d42-475e-9394-6ea03d32c270,5318a50d-6281-4116-94c5-879efe6c4a3b,9ac816b3-ed31-438d-8de1-bdc665b55fff,2,17,3,3,2019-02-16,2024-01-01 00:00:00,2024-01-01
0e9e931b-2baf-455f-8cdc-5796bb695fcc,13d00426-9d0e-43c0-a9a2-1ffcd32dcbf4,bf5722b9-c754-45bd-a502-a5d56c8ab316,3,17,7,9,2022-01-24,2024-01-01 00:00:00,2024-01-01
02f1bfc9-3f84-4023-8844-2bfc08be319c,50d4e045-f9ca-4b68-b30d-dd3b2d177fec,7fe05f0b-325e-4e03-9683-1584ee95d892,1,12,9,10,2023-02-03,2024-01-01 00:00:00,2024-01-01
3e81322f-371f-42d8-b79a-a1df3fb1a5a7,9591661e-9362-4f54-b29e-74113fd19d34,d2c8ed53-35b0-4e13-9101-5afbe6be3b86,3,5,0,4,2021-12-14,2024-01-01 00:00:00,2024-01-01
e371c097-c498-4916-b960-136425d0601f,1e8ae11e-f550-4998-bd2e-2b69295e1d39,bf743547-e02b-423f-b740-ac35621649bf,5,8,0,7,2020-02-16,2024-01-01 00:00:00,2024-01-01
29423b43-c42c-42d0-a709-1cab6807436a,d00c477a-82f4-42c6-a644-d5ca514d0af0,23548afa-8f4b-455a-b556-11068a4d1c9f,1,2,6,10,2022-09-02,2024-01-01 00:00:00,2024-01-01
ad0da877-328e-435b-a55e-e318e378b25f,e6f3932a-d3ea-4de7-94c4-94799c2a8857,fa6dbc27-2b6a-4eb8-bbb5-9e5358db1290,3,3,0,4,2020-07-09,2024-01-01 00:00:00,2024-01-01
39010a37-7af3-4357-88ca-388585af3fa5,3949b23b-3a1d-4541-b178-7cd33198dc1a,87eb74a2-719a-4a03-ac6b-524726e2d944,4,7,6,8,2023-11-12,2024-01-01 00:00:00,2024-01-01
e040fbe9-3667-4798-9335-6991e6b6c39b,f620c548-80bb-41cd-a59a-737a1957dd84,1ceb73a6-47a3-4dd2-adbc-d51def354a7c,3,15,9,8,2022-12-24,2024-01-01 00:00:00,2024-01-01
82596881-dd6d-4698-aefc-c269f615fe8a,17ede4f2-04ae-4c8c-b174-5f0cb58dc51c,dedc6b5e-7dd0-4412-8bbc-91e03d351549,2,16,7,8,2019-06-30,2024-01-01 00:00:00,2024-01-01
56ca0d0e-0748-44f9-9566-6c8b57aec6c2,b0f539fe-09be-4b7e-81fd-36430f0397ef,c9f97feb-5530-4096-aa8a-da682c30bad0,1,7,8,4,2022-12-30,2024-01-01 00:00:00,2024-01-01
2cb58a04-47a0-43d2-bce9-6a6a0af30235,0056df66-ea11-43d7-a62d-f1b0a7d57d24,d80fe7d5-83ae-4413-8c4a-0e4285fd0bfe,4,5,0,5,2020-11-14,2024-01-01 00:00:00,2024-01-01
448685c1-ce13-4269-ab84-a8a5412126cd,4d8a5fe0-4366-4f6a-8f20-cba599b1cd17,03c38c1c-2a9b-4019-8797-1e0364c618d7,3,20,4,3,2022-11-02,2024-01-01 00:00:00,2024-01-01
7b0042f1-b12d-4ed9-95d4-2204331c73a6,9fbdec52-1bf5-4bd2-bc11-9f4efe8970f9,eea3d3c5-98b7-4022-b15a-0ec60a4b70ea,1,20,4,6,2021-10-23,2024-01-01 00:00:00,2024-01-01
72d2f3dc-44e6-4d19-a3ea-96b79eed2ac2,4a0f541f-76c6-43ab-8f90-16f4ae24e37c,1373f611-d6f8-457e-a107-d0d4aaab0875,5,8,3,2,2023-07-27,2024-01-01 00:00:00,2024-01-01
9e94d08e-1075-4d5d-9309-0c0f491b8535,effd8ca0-ddd1-4e3a-a297-7055034061ee,78c30b8e-b992-4967-b4a6-e9d7e41db299,4,4,1,6,2020-11-30,2024-01-01 00:00:00,2024-01-01
75e8e2d0-dfa5-464e-8359-221eca0db5b9,3589400f-cb04-41a8-bee5-6cfedea3de4b,b593d8ce-bfc5-49d2-b748-7f420e2ce0e0,5,20,10,3,2021-12-02,2024-01-01 00:00:00,2024-01-01
ac7f1a7c-95a2-4e00-aee2-ab6f84b5120a,66d20dad-e5f6-4c8e-8e52-15dfc9fc7065,3dcb9969-4b73-4926-aa46-2c48ba947fc0,5,4,6,4,2021-05-04,2024-01-01 00:00:00,2024-01-01
033693ff-ba64-42b0-a9b6-7c79affac014,f901fca4-d9f7-46a5-9baa-197938be8697,57c6c21f-4b7b-4f72-ba83-2b0e46e6caad,4,17,2,3,2022-05-24,2024-01-01 00:00:00,2024-01-01
e4354851-331a-43b1-9a02-6221cabb22a4,3e905a1a-8a6c-4f78-8ae7-dfa047c3c307,1c6fe6e7-810f-4758-8b54-26cfebc24c0a,5,17,10,3,2022-08-29,2024-01-01 00:00:00,2024-01-01
e7ea2ac3-f99b-45a7-bf6f-0798dd6c1c56,0f1fecae-6842-429c-9219-23764bf6244e,1c6fe6e7-810f-4758-8b54-26cfebc24c0a,3,16,2,6,2023-11-02,2024-01-01 00:00:00,2024-01-01
8975204e-9778-40d7-8b43-be75e525f51e,24612917-8017-4566-9b9c-654b0504cccd,302f1237-ef3a-4879-89a9-7a23764174e3,5,5,5,1,2023-04-27,2024-01-01 00:00:00,2024-01-01
36644415-ec27-4a15-a6c9-4a84c7ee32ed,8bbbbd93-ee3f-4c86-a12f-1cbc931432a8,a7875516-191c-433a-9d0a-e42a3e3ed6db,1,5,5,2,2022-02-15,2024-01-01 00:00:00,2024-01-01
ab593b35-7460-4f49-a92b-8725d528efbb,5a59197a-db97-405e-b840-bc34ada2cac6,1373f611-d6f8-457e-a107-d0d4aaab0875,3,13,6,4,2023-01-29,2024-01-01 00:00:00,2024-01-01
aa22a6d8-ed28-43a7-9d88-dccf55041741,52539433-d8a6-412c-9ce7-f6b09b66ee10,a40a848a-55c3-4609-ac67-467bfab77ed1,3,4,3,1,2021-06-26,2024-01-01 00:00:00,2024-01-01
4ec7d2d2-046b-4df1-b05a-b15d6ab23d44,50ef87bc-b3ca-4f10-b5da-435163e75eff,0c3f74d1-d580-49a6-b4ae-3d4efceccede,1,19,9,4,2019-09-27,2024-01-01 00:00:00,2024-01-01
3db1a705-a08c-43f4-9e07-633102346528,1e04ade2-db48-40c6-bac4-311ad6f46733,88ae4cc4-c859-41bb-b115-0a8c07730e75,5,7,9,3,2022-05-25,2024-01-01 00:00:00,2024-01-01
8d831ccb-8207-4c8c-81fe-c6f00c1697c8,5704ded3-348d-4d51-af59-555aac23f071,fa9d2712-59b1-4861-9cdc-4344e649a21a,1,11,1,7,2020-04-17,2024-01-01 00:00:00,2024-01-01
b67788a5-fed7-408d-bcd3-3c22e09cdad0,cf1fa0f7-b8d0-4c0f-bc1b-6cc9ae69cedd,0fda5757-e968-416c-b349-cf15167f3425,5,15,10,5,2019-10-02,2024-01-01 00:00:00,2024-01-01
72decf44-4b6a-47b3-a1a3-756f98b98566,8ca90432-9717-4f25-8683-7dd3436c4644,d06afe8f-b00f-4b3d-951b-dfc4f57cbee5,4,15,7,2,2020-01-12,2024-01-01 00:00:00,2024-01-01
08243927-71e0-478f-a061-27b005ea8baa,35c08a4f-28c7-4e13-86fa-a3bb90546f27,c3bcabc1-7ba1-456e-9228-89ea40153e98,2,1,6,0,2019-12-02,2024-01-01 00:00:00,2024-01-01
b92008af-8db8-4d16-9d76-6b61751af2de,05e02ef7-b908-4068-9627-cac416f696e8,437c8e55-9887-4067-ad65-c7077711951c,4,7,10,3,2020-07-06,2024-01-01 00:00:00,2024-01-01
433e6c14-3ae6-4f07-ac1b-d0dbe3fc5f73,35981d9a-5953-44ca-9fb8-c6a4c6bbe0ea,d78182ff-6287-47fb-a6a1-c86862779c6a,1,5,7,9,2023-04-01,2024-01-01 00:00:00,2024-01-01
849583ce-e1b6-462c-8988-636d1ba0e667,a5120d6d-3895-4f48-a885-3efb0dd358c9,34943a3f-75c0-424a-a27e-89714269da45,3,14,3,6,2021-09-30,2024-01-01 00:00:00,2024-01-01
85f9e811-477c-4269-9061-65493ebff2bb,b2b52da8-6c67-4cc6-a8e5-d7ee0dc6dbd8,4ea1929e-fb62-497a-b376-f1ffee3f4867,1,19,6,5,2021-04-09,2024-01-01 00:00:00,2024-01-01
2c883f4e-eb21-4eb1-80c9-a66f65bad451,474e34f9-c51b-4886-ab04-f33b688328c5,2f7e88e4-152b-43bf-93f3-dbe2106bdc84,5,19,8,8,2021-03-18,2024-01-01 00:00:00,2024-01-01
5f07ad52-93c7-44aa-ae9c-3d650bf9a5c6,3ba74d25-8fad-417f-b82b-f80fd8431287,f480b76b-76bc-484f-8d2c-955d43244901,1,16,1,7,2022-08-06,2024-01-01 00:00:00,2024-01-01
8c546080-5096-4ca9-8cb5-88fb3e0bdc2c,eb113912-8c02-4696-ae62-96670a2bafc3,177efbbb-6b14-4d57-98ee-ea47870b1dbb,1,7,8,8,2021-07-24,2024-01-01 00:00:00,2024-01-01
a13a5bff-1aae-4585-bec7-cc0ec36d1248,b4f036db-d522-496e-b12d-34b8dbbbaa90,1e043933-16fd-4566-b3cf-d3e2375294aa,1,17,6,8,2021-03-21,2024-01-01 00:00:00,2024-01-01
613dbc5b-37b3-42d2-acec-870b6ce78a9a,d806150c-b0ff-43d7-8253-1dc725ab87f4,6b182886-4787-4abd-b35f-1500b7b96d40,1,6,4,7,2023-04-17,2024-01-01 00:00:00,2024-01-01
96f05efc-91dd-451c-956c-0a145a7a5440,d3748e08-4a9d-402e-be31-341246fe2c71,87eb74a2-719a-4a03-ac6b-524726e2d944,3,9,7,2,2021-03-26,2024-01-01 00:00:00,2024-01-01
e57af9c7-5943-47e0-aabc-a1928cba2795,372e64e0-3ce0-42b9-a5e4-d57dc0feb794,ddc37b46-61eb-46d4-ab20-d0103947c438,5,1,8,2,2021-05-15,2024-01-01 00:00:00,2024-01-01
6ca72382-3814-4b53-b923-f62b67ae30a3,35e83a30-69d8-4670-b6d0-4f8714917023,5d34ee55-9636-4b86-a473-7aaedbd3b76e,4,2,8,1,2021-08-07,2024-01-01 00:00:00,2024-01-01
e3c28bb7-2bee-4cb6-9f0e-c6ef9f9b471f,b5918d8f-ea3c-4ccc-b123-19ddb9170f7c,430db7a5-b9a0-4d5b-8b89-1fac2d3c6a09,5,17,2,6,2020-01-04,2024-01-01 00:00:00,2024-01-01
4ed397b3-0314-45cd-b98a-8054762e9df1,4cb80f4f-9449-436a-9368-f0fbe233c333,98724ab7-5e21-4910-8c91-2b38879fbca5,4,0,2,7,2021-04-26,2024-01-01 00:00:00,2024-01-01
1e6e3bd4-0a4e-4e22-8746-623d89672592,a5323de4-e3bd-40b4-800a-63299ee41f0a,78c30b8e-b992-4967-b4a6-e9d7e41db299,2,14,1,4,2022-04-23,2024-01-01 00:00:00,2024-01-01
f9844e14-8b44-413c-8baf-1506e806896e,ae565614-92ba-4f62-9d82-483a17517a56,1e87b20e-fff6-4872-96d5-dec2cad2713a,2,3,1,1,2020-10-25,2024-01-01 00:00:00,2024-01-01
e34e135a-d2bc-4cbb-a00e-4a18aee347a8,0b04e41d-ceb4-4204-860a-59995a636ed2,ecb0ecd4-6a07-4b65-bcb6-38a6b3e6f4c5,3,2,8,6,2022-12-17,2024-01-01 00:00:00,2024-01-01
f4ffbb63-f463-4e7d-8749-014cb04b677d,f30eac51-0df6-47a7-abce-01461fdb7631,79a33a0e-8539-49c7-86a5-5a9f4cc6b6da,5,19,2,6,2023-01-28,2024-01-01 00:00:00,2024-01-01
4ea3f60a-ae96-4f2d-8311-50752c5d4c92,06aaa1cb-bb01-4464-8808-2c731270d944,43ef14cc-39d6-420c-a037-ab80c0900e09,1,5,5,9,2022-02-01,2024-01-01 00:00:00,2024-01-01
78e1187b-b63f-41b7-9db3-a4d5f7bcf223,8e3c7f78-535b-4a87-9a6e-126897dd4494,519bfb38-3676-4d96-9ab2-edb60603b77e,2,5,2,2,2023-11-20,2024-01-01 00:00:00,2024-01-01
89465a4e-e617-453f-9868-ed7989d40d32,04419e9c-2e14-406e-8757-351e0706fe7c,edea4b5f-3f5d-4314-8bf0-a86d0b8effc6,1,13,4,4,2023-04-25,2024-01-01 00:00:00,2024-01-01
d659a560-9774-47af-b26a-8311a1bc27b7,fda63567-9b57-4f64-b7b7-84769c511b2e,0a87cbd7-da05-4d9e-893e-3d17083fb102,4,9,10,2,2023-02-04,2024-01-01 00:00:00,2024-01-01
260e714f-175b-4105-bd09-bcbfb297df48,a89f1fbc-bc50-4450-b088-92d60cedfc6e,86e0ac77-a519-4936-bcb8-a02a31099e7b,2,6,0,9,2019-08-29,2024-01-01 00:00:00,2024-01-01
e52a5b65-8e13-4d95-aaa2-aeb6bf208c7b,16f00a04-106b-4118-a164-b69b97519dab,a94ab030-6fa9-405a-a6d1-616817fc5300,1,14,7,7,2023-04-17,2024-01-01 00:00:00,2024-01-01
a24ecf05-e830-4d6f-beae-5fe619865011,a113f1a9-01b0-4286-a25f-5520d2be166c,137d4ec0-94bc-4552-ad59-f16b7a6efd21,1,19,7,3,2022-01-18,2024-01-01 00:00:00,2024-01-01
31d9f097-edf3-41ff-9984-d27b33d505ee,8019b995-d278-4d57-a525-4f2579f668c9,9033db67-1d5a-4c89-9cd7-589bb022a6ee,4,14,6,7,2020-03-20,2024-01-01 00:00:00,2024-01-01
f8dbe905-9d3c-428c-b397-aac6315e74f9,2b2478fd-3c35-4ec5-99c4-9691f178df3d,1542e8ac-6618-4f26-be85-1a7276b22a4b,5,0,3,8,2019-06-12,2024-01-01 00:00:00,2024-01-01
b23125bc-5a15-4680-96a9-9ed9ceb9bb5b,3ce98a54-52fe-4e12-827c-7b9fe3fad20d,fee34432-a4d3-41dd-8215-d2135245a4ee,5,6,0,2,2020-07-23,2024-01-01 00:00:00,2024-01-01
54be005d-1d3f-4e00-a8da-b23fd62c0b81,8b225164-3ed7-4c58-9d2b-b7e52bcff8a4,75fee327-128d-4947-922c-48768321bb81,3,1,2,0,2019-10-31,2024-01-01 00:00:00,2024-01-01
7baf2bbb-04c9-4170-95e5-9b23f19b4bf7,1555a5ea-7ac2-4e0f-af29-de7a146295f2,b1dc94e1-9c1e-47a0-a619-b383230402dd,5,9,5,1,2022-09-28,2024-01-01 00:00:00,2024-01-01
b2019c14-89fa-44c7-9496-9ba98b4c794d,8ab1d207-5c7b-4c36-bcef-d685e30a68fd,75b7337f-e116-4636-ac36-fe61ed885b30,4,5,2,10,2019-04-11,2024-01-01 00:00:00,2024-01-01
7b4907a4-bf1c-4993-a749-2ebffe48f0dc,36435bec-3f8c-497c-929e-24623257fbe6,906d7997-95c3-4edf-8222-0f6d5f7a8efb,5,18,8,2,2020-08-05,2024-01-01 00:00:00,2024-01-01
6e72f7c5-27ba-4c6b-a9f0-5cb7c4afdef3,60696068-c584-4b0c-980b-534fa5529035,4d87cbaa-bcd0-464a-9fcb-d81df4a1d9c8,5,11,0,1,2021-07-21,2024-01-01 00:00:00,2024-01-01
f087440c-7aa5-409b-90c6-22e84fa54279,558b72e0-48b0-4f23-aef0-d40766d023f9,2fd62491-8dd6-46c4-91ed-c4c70793025b,3,11,6,1,2023-04-23,2024-01-01 00:00:00,2024-01-01
e87ecb61-9b5e-4870-9145-6a9d6d1725b1,68b456c0-7037-4d3b-8e0c-ca3c81de3a8b,29b81039-f7fe-44d4-b9ae-e43004eff257,5,2,4,7,2023-04-03,2024-01-01 00:00:00,2024-01-01
2ad43da6-6202-420a-9947-5f2a943f23f6,234c84b9-e32c-490c-8af9-974e0188bb74,99a2b8b6-7876-4a84-b9fe-9a64c99038d8,3,10,8,6,2019-10-03,2024-01-01 00:00:00,2024-01-01
040f0ae2-a23f-483b-8a0f-9945e545fd41,e1b9504f-90f6-46e3-af81-a479706ab3df,39557251-e8db-4f82-99c2-0398d4f9b371,2,19,0,1,2021-12-10,2024-01-01 00:00:00,2024-01-01
37b41e50-9848-44ab-a771-8bc03a3bb410,87935a06-96ae-42f1-926c-b7041ab75fec,fb196124-3f62-4741-8b92-6d48e5001c61,5,2,7,9,2022-03-16,2024-01-01 00:00:00,2024-01-01
ea3489ec-1702-494f-b4e4-0e1d8c049c53,af195241-85a6-4739-98c3-c022c4b04904,7a7b7d9e-e75c-48d9-ad80-4b13675af47d,3,13,9,5,2023-06-03,2024-01-01 00:00:00,2024-01-01
98bbc76f-a8da-4747-95f5-24fb2e87621b,2db4f290-1279-4b5d-bd2b-f04c5eef9b3d,695e0ca8-2132-420d-95e4-d58bf723c4df,5,19,5,2,2020-06-15,2024-01-01 00:00:00,2024-01-01
fea4ba91-479c-408a-84de-92be872ff93d,c48725a7-4602-4a0c-bb8f-7433c708cabf,15b7b416-1e58-4228-96a9-59f3e18a3ef8,4,16,10,7,2022-06-12,2024-01-01 00:00:00,2024-01-01
5d593e56-fd89-4cd1-ac86-9d4ebce83125,20ebdad0-03ef-4241-b199-7e03ce003b09,137d4ec0-94bc-4552-ad59-f16b7a6efd21,2,19,3,4,2021-10-05,2024-01-01 00:00:00,2024-01-01
5b8d1310-48ac-43c7-9349-6a245ad4e767,a505249a-e813-4af1-b8cc-87af3d2c4ec0,071aa882-feda-46a3-a4e8-02ec468ad223,1,0,7,10,2020-02-01,2024-01-01 00:00:00,2024-01-01
521cc397-405b-4178-a93a-ce81a489f95f,07b0b38a-f0c7-4660-af7e-c81b243643fa,a820e556-c90a-47c0-af29-f60ca8d22e08,2,19,6,6,2023-06-20,2024-01-01 00:00:00,2024-01-01
2658ae3a-be57-4248-8c74-db48bd199168,a6cd7cac-97f5-47f7-9e76-2dd1e8785b43,95785e11-a66e-4435-b080-1c3444822f98,3,17,10,3,2019-04-04,2024-01-01 00:00:00,2024-01-01
e88a4fbe-3409-41db-bc30-f3f51efd5008,f2f9280e-dfda-4fe9-8bc9-70bc4c10b82d,60b418d4-86d2-4132-9bc5-6ca7e221f7f0,2,9,4,1,2019-01-24,2024-01-01 00:00:00,2024-01-01
55c8397f-0d7d-4df7-b3ff-77f929c97988,216a649c-431b-4648-8581-e26385907eaf,2fd62491-8dd6-46c4-91ed-c4c70793025b,5,17,5,0,2020-09-22,2024-01-01 00:00:00,2024-01-01
956a92ef-5224-445c-84ac-6af6966916d6,899c8ac6-d545-4a95-a290-ae4048cd05e0,fa9d2712-59b1-4861-9cdc-4344e649a21a,3,10,6,9,2019-08-22,2024-01-01 00:00:00,2024-01-01
40e1ec2b-5606-4570-aac8-2e6e409c6ee1,cc1531b4-6bab-42ea-8dfa-a14e910da3d2,b593d8ce-bfc5-49d2-b748-7f420e2ce0e0,1,5,3,5,2022-06-15,2024-01-01 00:00:00,2024-01-01
47184f9f-a8a8-4aa0-ad1b-f6a544a75bf3,360313bc-03dd-4a63-832b-5ee7c3fe943a,1d682a19-a17e-4493-8004-f4b703c24c69,4,15,0,10,2023-09-04,2024-01-01 00:00:00,2024-01-01
3f33e4eb-e6c8-4c06-8566-8253ff0ed2a8,a9f5be08-4b84-48e4-b4ee-b5c9931b1cf0,3ef8c66a-ee03-4b70-89df-59ea55a86c3e,2,20,7,8,2019-10-06,2024-01-01 00:00:00,2024-01-01
5af4c86a-7ae0-48f7-b32d-4d29b378afcf,d6e21967-f1d2-411c-a786-f98902a9cc8f,07e5b557-841f-4555-ae9d-a926caafb32a,4,1,8,4,2020-11-17,2024-01-01 00:00:00,2024-01-01
90d54860-142e-4147-b1a9-661bfd762d4e,c443e728-a275-4dbc-adef-a615f2394582,72af3421-4c21-454c-ae33-5b876b8ee2d8,3,17,8,0,2022-03-03,2024-01-01 00:00:00,2024-01-01
2b97708d-b38b-4547-8b3a-e6d18d82db29,814d3a9b-22e6-485d-ba7a-14ae628d375c,b1dc94e1-9c1e-47a0-a619-b383230402dd,3,11,1,2,2020-03-02,2024-01-01 00:00:00,2024-01-01
340707eb-5997-469a-bd9e-cc6f00027c3b,703d4fcf-b4f7-47f3-ae04-fd6b442eef56,62638dba-59a8-4de4-b3df-06501e2a7309,1,10,6,10,2020-07-28,2024-01-01 00:00:00,2024-01-01
47eeef33-c491-4c49-bb26-96dc9325b342,9deae325-be45-4020-8018-fd0e7a6fcb9a,17276d3c-a5c5-44c4-bcd9-8fb9341a88ca,2,18,9,6,2021-12-30,2024-01-01 00:00:00,2024-01-01
005c24e0-caac-4089-98cd-1de4688fa0fb,d790abdd-e512-4ae5-bb33-f04941bc75de,4815c1f5-d4da-45ce-b56e-107a488864d4,1,9,5,0,2020-01-19,2024-01-01 00:00:00,2024-01-01
b9000632-4942-4838-9157-4fd85a3ae54e,ba476f88-7c69-4ff4-b996-b3b553782c57,026515ac-4bbe-49a3-a1ec-e618af37f455,1,15,3,5,2020-07-10,2024-01-01 00:00:00,2024-01-01
6e216f6f-6479-403f-9e4e-57a8c096c6dd,a6abdb1b-50af-40b2-8248-39cfa7d20243,5d34ee55-9636-4b86-a473-7aaedbd3b76e,3,6,8,4,2021-07-14,2024-01-01 00:00:00,2024-01-01
c9f0d087-1334-4b73-98b0-db48feab1835,028978fe-7242-42ec-ad6d-062ac6ae6854,161be690-7ffa-4141-bc81-80d10145e673,3,1,3,1,2019-12-25,2024-01-01 00:00:00,2024-01-01
7754e9ba-ae40-453f-b446-6b55f9524a76,0153b817-0653-4643-b989-f507b7dd080b,739a8dc0-12af-4987-bee4-bf7d353d0719,1,15,8,2,2021-06-27,2024-01-01 00:00:00,2024-01-01
49735d15-5f59-436b-a2a5-c15be3443854,4dc5c1bc-1005-48d4-a878-70a8205da9f3,e11796eb-f388-4c9a-9e7e-46d8524a5e36,4,16,4,5,2020-01-25,2024-01-01 00:00:00,2024-01-01
8817f993-9bc0-4058-a99c-c46f7b27099b,b7102ad8-86a1-4ba3-b631-9f82c4d4d1ac,0a87cbd7-da05-4d9e-893e-3d17083fb102,1,16,10,2,2019-10-21,2024-01-01 00:00:00,2024-01-01
a263ac54-733a-44be-a122-8d35c4f6f888,e0a5295f-676f-4460-8c65-015bdff4bd19,d463fafa-7d15-4981-8b7e-9bcb112f286d,1,14,6,8,2020-02-25,2024-01-01 00:00:00,2024-01-01
f8c96aa8-993c-4db8-9ac1-4d0e9cfd3006,207ca659-6cb9-4510-9cc9-d9e0918198a7,44b9217b-12d0-4bb7-a1f5-f0f1a527ebad,3,1,10,9,2019-08-26,2024-01-01 00:00:00,2024-01-01
242636f8-b9b8-42be-828e-4a5a9a1e9284,03aeae33-6b15-4733-be12-89c74e38fc91,2c6ffb96-8ed7-442d-a07e-22d72b2cc084,3,14,0,1,2023-11-21,2024-01-01 00:00:00,2024-01-01
f6c3d365-8210-4ebf-af1f-a032b4b19b6a,5da8ff72-0337-4e7d-bd8a-8929bc8b4bcf,98ecac3b-17cd-418d-b996-6a44293cb0cf,3,0,9,4,2021-12-02,2024-01-01 00:00:00,2024-01-01
02399100-def3-4d0f-b403-ecbe45ebc52c,7ded6485-9737-44d0-a75f-1cfd3e01d89c,32e2f2ae-8d59-43ef-b972-bc85f1e3effa,2,10,3,3,2022-08-01,2024-01-01 00:00:00,2024-01-01
6bc50c5a-ee75-400c-8046-5a5cb0dab1aa,6cd8adc9-1228-4704-b31f-75bf57ea9874,eea3d3c5-98b7-4022-b15a-0ec60a4b70ea,5,10,7,10,2020-08-09,2024-01-01 00:00:00,2024-01-01
c4d69252-eda1-497b-9454-a2cb2109f9a7,9a1c166a-17a2-491b-88f0-4459a4bb6695,e3277bbf-6082-43b9-9df3-9183185ff074,2,5,4,1,2019-08-29,2024-01-01 00:00:00,2024-01-01
859436f1-c613-418d-95d4-61c5ba3793ea,b64ba31c-0711-43c1-afc2-c3fd14893c45,45446c04-e6a0-4cac-9e99-d912f4625863,5,17,8,1,2019-02-01,2024-01-01 00:00:00,2024-01-01
926325b6-4c11-49a9-bf3b-e05f97c59782,e785b6f4-11d8-4988-9e60-210d2f542989,c29f8478-8036-4162-99ea-0f8aa0bcf424,3,17,5,4,2020-02-28,2024-01-01 00:00:00,2024-01-01
b01df3bf-1e52-422f-88cb-d001b8ac3a87,8caa0d86-5d0d-48f6-964e-755ee51fbda1,44e549c9-2fe5-44df-8804-9d88f6092512,3,18,3,2,2019-10-17,2024-01-01 00:00:00,2024-01-01
8ff12e59-5ec2-408d-b752-ed4054206a4f,ab256944-943c-42b4-aa7b-95e137aaf0f2,117d3262-7947-4f82-b666-c1ac287f8bdc,5,10,8,7,2019-05-26,2024-01-01 00:00:00,2024-01-01
90eab6c7-e447-41b7-965c-72b6ef30bee6,893744e4-bda2-4cac-aa10-48b10deafb09,cdd01a01-fe8b-40d4-b2a3-c0e0207a3a1f,1,15,10,0,2019-04-14,2024-01-01 00:00:00,2024-01-01
57ef48a3-cb38-4470-9ee9-bc17d7bc3d8b,f056cffc-488c-437d-bd43-d156d09c9a52,85d3b40f-036a-495f-8040-6d1775cd5db3,1,2,6,6,2019-08-05,2024-01-01 00:00:00,2024-01-01
f20c6b72-72f7-4f42-be2c-4a9cfb8dd38f,81fac7f7-8a0c-4506-b97f-377ac5257dfa,4f91f983-e901-4362-835d-b5d846345052,5,18,10,7,2020-01-02,2024-01-01 00:00:00,2024-01-01
2511202d-8b67-4d21-b67e-10c523b48aa3,697f0017-7f98-4523-89da-079141dc6580,ac9c7b65-1f4c-49ab-98f7-497cc59418a5,3,10,3,10,2022-06-16,2024-01-01 00:00:00,2024-01-01
a0dc2c74-8778-4e0a-8541-2db9ab051bd4,d0b513f6-2671-488b-9183-cb96d76dadd5,0fe62ad4-3335-466e-b454-54daa2898258,1,14,9,2,2023-07-16,2024-01-01 00:00:00,2024-01-01
a7a4acfe-18a6-45f7-89c7-f921c1849cd4,e0d8ebaa-7bcd-4023-88a6-acc18582c07e,03c4c663-c9ac-4db2-a70e-b32a1d980622,4,3,7,4,2019-07-10,2024-01-01 00:00:00,2024-01-01
aede3080-c100-4383-adef-971286124fe8,dc96012a-8694-42f8-801a-602583426966,3f5e8bfc-3258-4d11-a9ee-45d332fd0527,4,15,3,3,2022-11-02,2024-01-01 00:00:00,2024-01-01
cee4fcba-7649-40f3-bcf6-39779c042b1e,6b1b6dca-f878-4db3-a05a-b2982f5f4e0e,9eee11d9-1e54-4d27-97a8-725f02ae7950,5,8,5,6,2019-10-22,2024-01-01 00:00:00,2024-01-01
4011c9f9-56ce-436f-9705-dab13ea4f790,ed50fff8-ca20-4316-8ef4-4ffad6d584c4,52e4d0f2-f61f-47b1-90f9-cfa43836e7eb,3,10,7,7,2020-01-11,2024-01-01 00:00:00,2024-01-01
56f50258-1f37-4ec0-a571-f62d12ba10d1,0fc79f09-ce4a-4f31-9718-2f407a26e1a5,6b506c1b-f282-49ec-91e0-7af6d616ed5b,4,3,5,7,2019-03-03,2024-01-01 00:00:00,2024-01-01
2cb3a463-0994-4137-a963-4fe3a16d4d3c,380fac0e-d7b8-47c7-98e9-8d33d43ce743,bb6ecc9c-2824-4092-8115-75fd5579d8e0,2,9,5,9,2021-08-02,2024-01-01 00:00:00,2024-01-01
5113f4fd-35be-42f1-9494-0c37ca9475c6,5abf802e-18ad-474e-8e03-41bd5f54d390,b886de27-d776-421d-9e18-d1314e27c111,5,3,6,1,2022-03-22,2024-01-01 00:00:00,2024-01-01
dc2a2067-521d-4cf7-bf7f-3721f12a00fd,49eaf5db-6b29-4ac5-9784-b05f32238cb8,61094253-0645-4e3a-8425-6747dd857e20,1,9,8,7,2020-10-29,2024-01-01 00:00:00,2024-01-01
dd160f61-fb1b-419b-8f4f-de98d6c04dfe,119b3ee1-c579-43a8-98aa-9c180625eaf3,4f37f760-e528-4e48-bb95-14c54d9a2102,4,7,9,3,2021-03-31,2024-01-01 00:00:00,2024-01-01
e01fcdc8-6a18-4abe-944f-0d7685814740,be26d52e-00f3-4505-8999-3dd955419d87,046f62a1-a2f7-406e-8c45-b4bab6917922,4,12,1,5,2022-01-27,2024-01-01 00:00:00,2024-01-01
237f4c2f-98d8-4824-a249-3b76ff79cc0e,0b00aece-dd22-4d27-b96b-764e7457f1fe,03c4c663-c9ac-4db2-a70e-b32a1d980622,5,13,6,9,2020-03-02,2024-01-01 00:00:00,2024-01-01
5669f5e5-2af7-47d7-a0ae-18fec654fc3d,5c90a2aa-7568-4bfb-9b7b-6388f0940068,87b5811c-faba-405f-ba49-e330d366173c,5,7,2,10,2023-06-01,2024-01-01 00:00:00,2024-01-01
5302cab6-082f-4a07-aae7-274117314272,781b4cbb-edfb-4c0c-98dd-cf07666542d7,c152a397-4b4d-4fd6-aaeb-325b9cf6fe2d,5,15,1,9,2022-10-03,2024-01-01 00:00:00,2024-01-01
f3fcf209-f0ff-4b94-b394-82a74f556e87,fa4cb124-e210-41b6-afce-650f8104ec53,81b66fee-e764-4208-8777-f3ce1e86f1c7,3,17,1,7,2022-05-05,2024-01-01 00:00:00,2024-01-01
edcb4029-7a6a-4789-8d95-46347fc55d9e,c319e8e2-4662-4ddf-bad5-6012e1172f99,2dd3fe93-4eb9-4533-a2c0-6041b3aefc7d,4,2,9,1,2019-12-27,2024-01-01 00:00:00,2024-01-01
2432164c-2b2c-45e9-a09b-bf683af2a5dd,5f3bc7a8-2e2a-4f62-b9dc-115538d6efab,03c4c663-c9ac-4db2-a70e-b32a1d980622,5,12,5,7,2022-11-04,2024-01-01 00:00:00,2024-01-01
d7ce52a5-7c51-4baa-a5f1-e411a16ec620,eae5167a-6e41-46de-aab1-93a1878aef25,aaac741f-a52f-4733-a964-8c86c6d69c6d,1,2,3,2,2022-08-13,2024-01-01 00:00:00,2024-01-01
44fdf45e-044a-4ad4-8599-72e99265c1b4,42d7b898-e4c1-447c-8db7-08ca14119d4a,56d05cdd-aebf-42cf-9763-29dc7ba6640e,1,4,10,2,2022-04-04,2024-01-01 00:00:00,2024-01-01
979fb122-8fc9-4b54-8a3a-1e1ffa763a06,40a7bea7-5add-4604-8e40-30dc5f120623,a7875516-191c-433a-9d0a-e42a3e3ed6db,3,12,9,9,2021-07-16,2024-01-01 00:00:00,2024-01-01
25faca0d-c326-4a8c-a1e7-72c5f08f7861,80e18458-dba4-428a-b0d7-306a3b0581ad,13d5de61-8558-4387-8ab4-347a8f505a31,2,10,4,9,2021-07-04,2024-01-01 00:00:00,2024-01-01
6888f894-3082-450d-aa6a-5ef3bf973d09,57cf876c-7051-43f2-858a-7c06ada8decb,c0d8692a-0e8c-43dc-9470-88c60fa6f487,3,13,5,1,2023-06-15,2024-01-01 00:00:00,2024-01-01
7280528c-785c-4f41-befd-c8d46f48264b,a8fdd2e3-105d-4be2-9374-0c159e920987,896872e5-c3d0-4f6e-89c7-414710662765,5,16,6,2,2022-04-08,2024-01-01 00:00:00,2024-01-01
0bf5cd6a-3d0e-4c16-bd4e-15ed1a19de87,4ea2b199-91b1-48b1-9642-084ce3fe20d4,ddc37b46-61eb-46d4-ab20-d0103947c438,1,11,8,0,2023-10-12,2024-01-01 00:00:00,2024-01-01
a3199949-9c19-449a-b10c-e2fad6be2e17,d738d3e7-82c3-4a93-b1e7-12354e1e64d6,4f91f983-e901-4362-835d-b5d846345052,5,11,1,4,2019-01-02,2024-01-01 00:00:00,2024-01-01
ca05662c-659e-4d74-91eb-a62507b6b08c,29507118-7213-45ec-b3b5-e6a6cef0e7f6,1373f611-d6f8-457e-a107-d0d4aaab0875,2,13,9,6,2023-11-08,2024-01-01 00:00:00,2024-01-01
b59b6ed4-f23e-4f28-90af-d266271cc46a,91d408f4-9909-4e06-ba91-02a75d5699dd,8cb65eeb-d4f0-47a4-b38a-f045fe0506da,4,12,6,6,2022-07-04,2024-01-01 00:00:00,2024-01-01
b5e4592d-ebe7-4c08-8956-dc5e805ec8d6,2df6d631-9740-4e87-a977-8d8d1ff0d660,1ae0421e-b20f-4a4e-bb4a-8c5a792fae42,2,15,2,3,2022-01-21,2024-01-01 00:00:00,2024-01-01
2259997c-2dee-4b3c-8df4-98fd6ee0c619,e51dc327-d133-48aa-a0f4-342fe50e1047,85d3b40f-036a-495f-8040-6d1775cd5db3,3,13,2,4,2022-02-11,2024-01-01 00:00:00,2024-01-01
4da449e0-eb7c-44c7-bad0-ff4a13da0e0f,39ecd418-82de-4434-8a02-cac7ef8a6ed8,b4c320b9-2e83-43f2-a379-c048b29a763e,2,4,0,1,2023-11-23,2024-01-01 00:00:00,2024-01-01
0e4ef270-5704-4f2e-a4c5-5f8166423332,c60c0dae-f94e-4e4b-a9ae-8c1634d7f4fa,8819d9f7-a96c-49ba-b6d3-97e15ed72dbb,2,15,10,6,2022-08-20,2024-01-01 00:00:00,2024-01-01
699969a9-6814-4552-84d6-9af08d7e5570,5fb245e7-0d5b-45ee-95f2-66166706f8b3,ea4d27d0-037c-4927-900f-4f755cec1ab2,2,20,6,7,2019-10-06,2024-01-01 00:00:00,2024-01-01
0203e7a1-344c-4faa-ad29-61e2e84107df,e8af556f-e77e-483f-9b03-ea74236d5526,358cf9ef-9b97-4dc4-aabf-ea7e18ec3c24,5,13,9,2,2023-06-04,2024-01-01 00:00:00,2024-01-01
d806c3a3-0a8f-4bfa-909c-c8c05e2f7dfe,df73fb2d-70a9-4bbc-95b6-ebdfbcb3767a,4ce603e2-bf3c-485e-b494-57807d95b843,4,17,7,6,2021-07-19,2024-01-01 00:00:00,2024-01-01
db29f07b-19db-45ca-9b55-6bffaef1d79b,691daac0-834e-4167-aa64-359e238a05b9,4122fce1-1d01-4333-93d2-7682b5ab383f,2,13,9,0,2020-12-28,2024-01-01 00:00:00,2024-01-01
b5f0fdf1-266f-40b3-8713-eaad6f4f36cb,65fcf681-bb07-425d-b3b1-901b7f7fcd48,802e86de-f4e7-4a53-92a2-7ebe0a47df39,2,16,4,6,2022-03-29,2024-01-01 00:00:00,2024-01-01
885218fe-a13e-482a-8db5-18053d4bffc0,3a81f6f1-ae71-45fe-b6e5-963a5dd3232f,b1dc94e1-9c1e-47a0-a619-b383230402dd,3,1,0,9,2022-01-23,2024-01-01 00:00:00,2024-01-01
ccaa25a1-0951-4008-bdec-b4b3cd00722f,e10c8d5d-42d4-45b6-92e5-0c03373f0e84,4f91f983-e901-4362-835d-b5d846345052,3,3,9,7,2021-09-16,2024-01-01 00:00:00,2024-01-01
73608516-48b4-4012-8ab7-8edafced3f43,ab711242-f120-4cff-9539-62c7c33b7f9c,9ba8e8ff-bbfd-4dfb-be8f-8a129cb40913,2,16,4,7,2022-11-15,2024-01-01 00:00:00,2024-01-01
70b3a276-8bd1-4753-a61a-e1f585367121,e3f7f974-929a-41d3-89fd-128edc7261a0,9ba8e8ff-bbfd-4dfb-be8f-8a129cb40913,5,19,1,3,2021-11-24,2024-01-01 00:00:00,2024-01-01
fa1cbe57-6236-48c2-b674-94ea829cbff1,ba5c335e-22ce-4323-9778-c653d7a52292,6b182886-4787-4abd-b35f-1500b7b96d40,1,20,8,9,2021-08-25,2024-01-01 00:00:00,2024-01-01
55f18492-e6b6-4669-bb3c-42cfbd59f566,fbd77eda-2b82-4363-8629-e494c5ac66b1,2f7e88e4-152b-43bf-93f3-dbe2106bdc84,1,10,8,0,2020-10-01,2024-01-01 00:00:00,2024-01-01
c2872141-c6cc-40f2-a5be-848a1f8c879c,f82b6e31-4c35-4547-a8af-aa3c0f169d2e,a355aed8-ac55-4e68-b182-8c7c40d0f234,5,15,9,5,2021-08-18,2024-01-01 00:00:00,2024-01-01
8c7ba575-ae40-4a1b-99ab-afe3bdf57704,d470c3a9-5b0c-4510-a363-d309db1df237,03c38c1c-2a9b-4019-8797-1e0364c618d7,3,9,2,0,2021-05-12,2024-01-01 00:00:00,2024-01-01
77513e68-bc2c-47c6-916f-0c45dd220c9c,74c2c7f3-002d-4be7-ac40-ef350cea1942,ea89fd49-731f-4da8-969b-bc2a6c8bea84,5,9,9,4,2022-11-24,2024-01-01 00:00:00,2024-01-01
8da670d1-ae9e-43b7-a515-0fa82784fbd9,acb572ad-17d2-4a72-b936-9bb2acdcff95,6b182886-4787-4abd-b35f-1500b7b96d40,4,18,2,9,2019-05-06,2024-01-01 00:00:00,2024-01-01
eb840638-5a5f-46a5-99ba-458667511391,7cae515a-7aa3-47e5-aff3-9a0902a928ce,be7267ea-8018-4b14-ba5c-cfcb66781462,3,19,0,4,2019-04-16,2024-01-01 00:00:00,2024-01-01
cd625cf7-0312-4b66-a1e7-94238f1491e5,bf0b6345-6290-4754-9eac-adb4cefd30d7,5d12e724-cb1e-4fa2-8a4b-7233cc8fe6ec,2,16,1,4,2021-09-19,2024-01-01 00:00:00,2024-01-01
26bb8270-52ad-4527-a304-e1abd7d8d03a,2b6fb46d-f52e-40ba-b424-f0b89e2e330d,fe8bb556-5df3-47c7-899d-9940e9d02faa,5,8,4,4,2020-05-31,2024-01-01 00:00:00,2024-01-01
5b24c448-5e9b-4fb9-a354-7d415a3dfdc1,ef847f42-96fe-4106-9689-3bfd18b40b6d,5eef5951-d005-4984-b47a-d06c66199451,1,19,2,9,2019-01-30,2024-01-01 00:00:00,2024-01-01
c0bffdce-69ff-4f30-a343-7fdd91f30968,e62e8c80-4c02-47cc-9d38-f52caad96241,6a01d889-b776-4f27-8221-299b8d06dc27,4,11,2,4,2023-02-22,2024-01-01 00:00:00,2024-01-01
b1c0e2b5-e30f-4c04-945c-f555fb92d4be,a5834ed3-1044-4d24-8167-0a8cde45b451,52e4d0f2-f61f-47b1-90f9-cfa43836e7eb,2,15,2,8,2023-05-22,2024-01-01 00:00:00,2024-01-01
824afafd-7f26-4283-b703-c31c30b29fda,5ec643fe-fca5-4bbb-abc6-6c73f9529dc4,6ecee6f2-1238-4a29-9fd3-442f6ff0e1fe,3,2,2,9,2023-11-01,2024-01-01 00:00:00,2024-01-01
e0f43269-83f0-4f85-8d65-12f6b8af04fd,62f10115-430d-4a76-971c-12016607166f,6fee9276-03aa-45b9-b02e-e08ea008b870,4,13,6,3,2023-08-10,2024-01-01 00:00:00,2024-01-01
5f6f79e4-f2e3-4ad6-b806-a1ac7cd153f1,c367c028-bed6-4bc9-8483-02d30ee2f841,b2a9a50e-22d8-4da8-ac0a-61182e790361,2,6,9,5,2022-09-15,2024-01-01 00:00:00,2024-01-01
8f78c256-86b5-4e38-a8b5-6b452f3e0079,f7a2ac0a-316b-4be5-b1e1-34b03e07142c,74131f6e-f541-48f8-b0f1-0ea715749268,3,3,0,2,2019-04-22,2024-01-01 00:00:00,2024-01-01
61dbcc3e-4caa-48e6-b716-ab9e2169e03e,1fe52afa-ae73-4798-863c-986174da3dd2,f683fafe-1a26-478a-9f5a-38aae47e84b4,4,9,7,8,2021-08-08,2024-01-01 00:00:00,2024-01-01
efd5437e-2c1c-4a97-aab4-5d66f5ad553e,d259fa7f-bffd-4183-893d-8e517dae5260,43ef14cc-39d6-420c-a037-ab80c0900e09,4,15,4,2,2020-04-23,2024-01-01 00:00:00,2024-01-01
4bbca7ef-4c1a-4a8b-b7a9-73840549dc71,9c1310a4-b5f5-4b3a-a289-cf3e98fb0739,a8c25bcf-82b8-4319-b1e5-589272d55207,4,0,4,7,2021-12-22,2024-01-01 00:00:00,2024-01-01
1768bda3-f8c5-4a26-ab1e-1ab2c732245e,aad2a227-85e3-483f-be32-70c6b48bd50d,ada0d30b-858f-4ee4-b2c9-3e053d4df7ef,3,16,10,0,2021-02-21,2024-01-01 00:00:00,2024-01-01
57abc501-a74b-4662-878c-a0f85bb90bd5,62f8b678-3688-4987-94a7-730d7b9ab73d,162f75bc-b2ed-40ce-a26e-981ea18f28c0,5,20,5,6,2019-07-19,2024-01-01 00:00:00,2024-01-01
cdf159de-a735-4288-96fb-fb3b562330e0,5e1d83db-69d0-4f21-9968-51300fa4574e,0fe86db3-0ef9-46f3-bdd2-e7a9cee1eaf2,3,10,4,4,2022-06-04,2024-01-01 00:00:00,2024-01-01
044a1a56-ab42-4295-aa02-b5e3e8413f48,9ba997c4-1563-46bc-8a91-299afb84abb6,1ceb73a6-47a3-4dd2-adbc-d51def354a7c,3,20,9,6,2023-07-02,2024-01-01 00:00:00,2024-01-01
07587b13-288d-4fc2-84e8-29a1c9de29e6,d5143b4a-9046-49bc-87fc-67c53b350761,fc536289-9931-4b76-8e6b-d1236c0b89a3,2,18,3,8,2021-08-02,2024-01-01 00:00:00,2024-01-01
f077be67-b5c8-434f-85e7-a04bc2f9db03,cf81e2b5-1c30-46f1-bdda-49f374db99db,904fbcdc-a01e-4835-9898-b70b508ff43f,2,10,8,0,2020-11-22,2024-01-01 00:00:00,2024-01-01
cc83fdf4-8f5b-484a-a9b1-ecb62aee02a6,3be0e95e-8479-4c06-9d2e-a6b95b9a73ee,896872e5-c3d0-4f6e-89c7-414710662765,1,0,6,1,2022-10-09,2024-01-01 00:00:00,2024-01-01
1a0cca44-a8b2-4f78-a851-2b6a47c825e3,54c98d15-378e-4986-a41f-b659814b9d76,24350707-610e-4310-9644-77314fe37d18,4,11,3,4,2021-12-11,2024-01-01 00:00:00,2024-01-01
81367b34-1831-4880-8489-d2b736c4107c,f004157c-2059-4b14-8bcd-a91fa4cd37e6,c3bcabc1-7ba1-456e-9228-89ea40153e98,1,0,9,1,2020-05-30,2024-01-01 00:00:00,2024-01-01
08103843-efad-4ff6-b39d-0ea44ebfa878,a1100024-1153-49fd-9bb2-009374eca91d,1beaa162-69db-48e2-8781-37d0903fd276,5,6,9,10,2019-04-27,2024-01-01 00:00:00,2024-01-01
14657e7e-85c7-47a1-b2bf-74b19f595806,f1680904-cea7-4694-bf79-559840b2ac79,f004475d-46db-455f-979c-165786d0d6df,1,2,9,2,2019-09-07,2024-01-01 00:00:00,2024-01-01
0eb89d93-1b75-4323-93f0-654838df632a,bc8ee770-9607-45be-81fc-c0dc3a028c18,be7267ea-8018-4b14-ba5c-cfcb66781462,5,5,1,2,2021-02-08,2024-01-01 00:00:00,2024-01-01
6f0514f2-58ec-4eb8-a0f4-870bfc2ca178,57b2ccb5-77fe-4451-b83d-4273aaf05f08,ddc37b46-61eb-46d4-ab20-d0103947c438,4,2,10,7,2020-06-02,2024-01-01 00:00:00,2024-01-01
5dfe2848-fba1-453e-8a97-35a0db02b10a,946a539a-0763-46c9-8434-c29909105bf8,0a87cbd7-da05-4d9e-893e-3d17083fb102,4,10,4,2,2020-07-20,2024-01-01 00:00:00,2024-01-01
3f36089a-0425-48b1-91b1-bbe287d09870,3d3e28e2-82b6-4f6d-82b2-4f2731c5050f,5bc5474f-e659-435e-92e4-f5bcc8af59ad,3,1,6,6,2023-05-18,2024-01-01 00:00:00,2024-01-01
4bd226fe-800d-4086-b9a9-758547b54ea2,4f529705-50ec-4fb8-96f3-aef7f1cd542b,7bb3ebad-db7d-4fa2-af39-7c8d05d05501,3,8,2,7,2020-11-12,2024-01-01 00:00:00,2024-01-01
e76bcd4c-b994-47ee-b3cf-694dc64d2faf,4f60fb79-8d90-4bb3-b146-60f5dff41151,3cc55d11-2a77-4031-b604-92a025d7a129,2,19,6,2,2019-05-23,2024-01-01 00:00:00,2024-01-01
f7d0b35b-caf8-44f3-9bf7-5249e0c8c49c,3eb2056b-61d8-470c-8db7-cf374b50c761,3cc55d11-2a77-4031-b604-92a025d7a129,1,4,8,6,2022-08-14,2024-01-01 00:00:00,2024-01-01
1f9b094f-8453-4c1c-a0fe-f37b13aafe74,cbd6a7d0-a71f-4302-ae28-717e8fcfb4f8,a18c338e-2bdd-4513-ace8-d217c6e42651,1,14,4,1,2020-03-23,2024-01-01 00:00:00,2024-01-01
6982ff33-63af-43f0-9d0d-fad57ce970cc,9489e0d4-a997-4361-be9d-2b3df5e2f8ba,5bc5474f-e659-435e-92e4-f5bcc8af59ad,1,18,4,7,2019-03-13,2024-01-01 00:00:00,2024-01-01
ce246ca0-3c68-43d7-818b-786632a2b0a8,a7edcb95-41e4-4f2b-a424-01f03430cda5,78c30b8e-b992-4967-b4a6-e9d7e41db299,4,4,10,10,2019-02-08,2024-01-01 00:00:00,2024-01-01
f555b1ef-10d4-4b51-8171-f19870535f7a,25f352fb-a2f7-4e55-a509-1177868c8824,1c02b15f-4616-4216-9b54-4c62a27c1ae9,1,12,4,2,2019-01-02,2024-01-01 00:00:00,2024-01-01
f6aedf80-2002-4a5a-9928-e2d97751e0e7,b9f91398-f362-469a-bd9e-d9a95fc6846e,57c6c21f-4b7b-4f72-ba83-2b0e46e6caad,4,18,0,8,2022-12-04,2024-01-01 00:00:00,2024-01-01
a44ec3dd-c741-4700-8023-8a6eb2b01ba5,43dec468-e56f-467b-bd11-06bee72fc8cc,399f88ee-c3c2-4945-853e-1941dee550ef,4,15,6,6,2022-12-20,2024-01-01 00:00:00,2024-01-01
feb0c99a-98d1-4c94-b994-3d715f4eabed,438e4ec6-43c2-4fff-b881-8fa50703cda0,c240c790-3b92-4d03-8e5e-1337dc1f1358,1,17,3,0,2023-09-25,2024-01-01 00:00:00,2024-01-01
1ab543cb-d23c-4dad-adff-325a4e4897f6,1c19668b-72d2-41e9-8e60-cd010037a671,21c859a2-d57a-446d-9b51-1adcab539d9d,4,3,9,8,2021-02-26,2024-01-01 00:00:00,2024-01-01
3996b2d0-898e-4707-959f-48594c02a59f,dcbf731e-078b-4947-aeb3-e66fde0dafdb,95785e11-a66e-4435-b080-1c3444822f98,3,12,0,10,2021-01-05,2024-01-01 00:00:00,2024-01-01
d6c5c762-d72c-4878-b29a-76604bb8a5ef,0038dc28-7f7b-4c92-a95a-6d8131b745d2,4da46ed5-9d9c-480d-aa47-7d43bc9c09fb,3,17,5,1,2022-08-18,2024-01-01 00:00:00,2024-01-01
81015811-ddd6-4e57-ba12-d77f2dc9d4f9,9b27ddf0-7d89-4cb7-a6c8-216cabee3419,2e4e0d6e-9e7c-4a8a-929d-e5a748af17d4,3,20,3,2,2023-09-19,2024-01-01 00:00:00,2024-01-01
014ed875-e767-43b7-81ae-203d339c0bfa,f3aa396b-ff57-4269-8a5b-3f6e17008722,ead94ea1-c900-466e-9a0d-0f4c131b4331,4,6,4,6,2022-02-09,2024-01-01 00:00:00,2024-01-01
5d111565-b522-4784-a65b-34d64feff088,ccb1b810-7088-4cfe-ad6e-ff29b4a79095,6b182886-4787-4abd-b35f-1500b7b96d40,3,15,1,10,2019-08-07,2024-01-01 00:00:00,2024-01-01
65ed15be-d5e7-4989-aa1d-f175c8d5d902,1c3721a9-5fe4-4ab7-ae57-eb7d387654e3,1e043933-16fd-4566-b3cf-d3e2375294aa,2,4,0,3,2021-06-15,2024-01-01 00:00:00,2024-01-01
facc05d6-c25a-47ec-87df-38887fb26163,e13f5d98-1cca-46ed-b6b9-42969f0a0bd9,d2247290-7cf7-4b10-be45-cd182bc553e0,5,7,7,6,2019-02-21,2024-01-01 00:00:00,2024-01-01
e7171a0d-d07a-4b79-bbbc-4b3bd57de45a,b04111b8-8256-44dc-a6b4-72b8511b402c,79a33a0e-8539-49c7-86a5-5a9f4cc6b6da,5,20,4,7,2019-05-10,2024-01-01 00:00:00,2024-01-01
8fe03b0a-56a0-48dc-9a5b-4a29e8ce5b63,5b34fbb5-7a01-4e6a-8990-676c14c1da13,57ae4cdb-5481-4954-b336-5912b1b3653a,4,0,0,5,2021-12-29,2024-01-01 00:00:00,2024-01-01
88bf120b-bf7f-4161-916c-00134ac31cf9,f1481a0f-9617-4972-95a8-671bc380a7e0,f3aecb8f-f8b9-406a-82a5-1f464e1c4e63,1,12,1,3,2019-04-25,2024-01-01 00:00:00,2024-01-01
97d8088c-67f8-428a-b428-f31fad68bffc,f10f8902-58f4-4f96-a256-54eddc718a67,7dc7578d-6c47-49be-92dd-63a8e617233c,5,14,10,8,2023-07-11,2024-01-01 00:00:00,2024-01-01
eaff8d9a-7d2f-4616-b8b6-cdf752f05875,5d584c08-555b-40f8-8aeb-b813b53d64b4,5eef5951-d005-4984-b47a-d06c66199451,5,7,1,0,2019-11-02,2024-01-01 00:00:00,2024-01-01
1ad8e2d0-4e52-4896-a050-04c28912fd0d,845b1100-66df-4ddc-ad6e-ed698081d574,7fe05f0b-325e-4e03-9683-1584ee95d892,4,20,0,7,2023-02-15,2024-01-01 00:00:00,2024-01-01
81c8e446-ad16-488e-80cb-896255f92511,31714c5d-92f8-4059-a046-93b24509debb,95ecfad2-598f-4b56-9182-5d3280ccafdb,2,20,2,0,2022-06-20,2024-01-01 00:00:00,2024-01-01
b7627fde-40a3-4838-9561-f57a1a602064,d50647ec-49a4-42fb-bd70-614971f73fd3,b0a0d89b-80c6-4f3c-bafb-164caad0d852,1,9,1,7,2019-12-19,2024-01-01 00:00:00,2024-01-01
8b82c076-8a30-4258-bf59-4243291d7cb8,5e5784ec-ca9e-4624-8ad9-f3f14e5f44b5,f9f9c0af-5ea4-4402-98b2-b32c39f3f107,5,2,1,1,2022-06-05,2024-01-01 00:00:00,2024-01-01
dba9cd0b-0491-4b63-ab50-322d567e0c81,fe60bcbb-7af3-4681-97c9-fd3038b23555,4815c1f5-d4da-45ce-b56e-107a488864d4,5,7,1,3,2021-10-15,2024-01-01 00:00:00,2024-01-01
6dd39cc9-a590-4523-9b86-80409a8f43f1,0c1f0ba3-de98-47c8-beff-1700858fd475,f3aecb8f-f8b9-406a-82a5-1f464e1c4e63,4,10,1,10,2021-05-22,2024-01-01 00:00:00,2024-01-01
7e888e10-9e4c-488b-9e75-6e09dd480948,7096f11a-c397-48ac-8e88-28a32bc799ae,f0d033e3-4694-4cfb-9d77-489eed62b354,2,10,3,0,2022-03-25,2024-01-01 00:00:00,2024-01-01
d20a006b-5fa0-4757-951c-7a81672aca30,30870efb-6869-4f33-af0b-fc1d11bc55d3,fa1d0eea-c721-4047-9738-8c67a6a0bccd,3,2,1,4,2022-04-29,2024-01-01 00:00:00,2024-01-01
26c562e0-3ae5-494f-b6c2-63a29d4aad22,9ffca453-38c7-474a-99d1-758c0710811a,d4f28bee-2d99-477e-bed0-8afb23cc957e,4,5,5,8,2019-10-17,2024-01-01 00:00:00,2024-01-01
1df709da-b061-45de-b3f1-9a78616c764e,b847905f-a306-47ad-9cde-c0c702c611a8,b3673644-b02d-4f35-a2aa-0344feca4972,2,18,0,2,2019-12-04,2024-01-01 00:00:00,2024-01-01
19e0e9de-f633-426e-b260-0f3f980b9839,36d7d829-cc22-4bf7-bc50-645a2b55d8f7,79a33a0e-8539-49c7-86a5-5a9f4cc6b6da,5,12,2,0,2019-07-24,2024-01-01 00:00:00,2024-01-01
71e70e7a-3223-46f1-b2ca-f001d4f64381,0601dbb1-768e-4e33-bf19-1c86ef927ee6,974e368f-0337-4cb7-bfea-024151bc4b40,1,0,2,1,2021-09-24,2024-01-01 00:00:00,2024-01-01
81b29ce2-ee88-49bc-b4a7-25d305971aee,1ec3bd51-62d7-4c1a-a291-149cfd5089b1,db32566f-74bd-466c-9ba7-ec9f5a3b3877,5,9,6,7,2022-12-18,2024-01-01 00:00:00,2024-01-01
151ff97c-a2c7-43a3-9e83-2dcf2be96498,772d56a1-5f02-4aaa-9d29-4e42e492b9a2,a8bae049-a215-4378-8164-0e4c821524c2,2,4,10,4,2022-11-18,2024-01-01 00:00:00,2024-01-01
a09b6f40-d3a8-4d7b-adf5-5d6ead0e71cf,80e1fe96-70e3-4a52-9819-65a00c8ddcdb,ecb0ecd4-6a07-4b65-bcb6-38a6b3e6f4c5,4,7,2,9,2021-12-07,2024-01-01 00:00:00,2024-01-01
540be784-7387-4b97-8d92-e99050603dd8,9faf0c28-8ec0-401c-b07e-99c9187a2f4e,91096f25-23db-4314-bd32-4aedbc41c3ce,5,5,7,9,2022-11-17,2024-01-01 00:00:00,2024-01-01
d116da3c-7eca-4551-8832-f8706ad99805,dfecd8d0-7432-496f-9201-366b9e42de95,50cf36b9-dc61-4a90-9621-0fdb28234606,3,11,6,0,2019-06-30,2024-01-01 00:00:00,2024-01-01
e0fda0b3-2d28-4ecf-96d5-78a59bfa8a19,0dce1053-eef1-427f-b4e2-07a00976661f,733feae3-11eb-45a6-9f4c-cfb082b5991c,2,3,8,1,2022-02-16,2024-01-01 00:00:00,2024-01-01
402c4294-268d-4138-8184-5e7a1e57fd08,bfbf6986-7573-4a45-be3a-e0b7615ce60a,0f115cef-22dd-491e-bfcd-50da19e6280b,5,16,3,7,2022-06-21,2024-01-01 00:00:00,2024-01-01
29c9ad98-34b9-413e-b2fa-9c29a1fbc4ea,d3f92023-fc97-4817-b476-38c35581c012,e6b82e62-5bc6-4d33-9de6-4ca3413eba00,2,8,0,3,2023-04-27,2024-01-01 00:00:00,2024-01-01
cb03c96e-a4ab-40ff-9a48-605e18187d5a,05a68b57-0ae1-44e4-834b-bd9faf509c37,0a463b2e-0bf0-44b2-97ba-21ffe5dbeb0e,2,15,7,2,2019-08-19,2024-01-01 00:00:00,2024-01-01
736cc255-2ecf-45ac-af75-7913b18bf6d4,f1031eb0-450f-49ba-b52e-59ad6854bbd8,b4c320b9-2e83-43f2-a379-c048b29a763e,1,1,10,5,2019-11-24,2024-01-01 00:00:00,2024-01-01
c40ce9b9-b812-417b-9d11-4e27dbefe8f2,2d4d47bc-846d-4f4f-8ad4-755421090857,39557251-e8db-4f82-99c2-0398d4f9b371,4,8,5,9,2020-08-06,2024-01-01 00:00:00,2024-01-01
babbd01b-dacd-49b5-bcf7-2913c50fee2d,93539515-423a-4ead-a7fe-634d45652fdc,5203a9a4-29dc-4a72-a571-35129e619f51,4,1,1,0,2023-07-07,2024-01-01 00:00:00,2024-01-01
ed61b573-10e6-4094-a571-ca567fb0c89c,5918e564-4571-4383-ac79-7e299bae3a96,667d37a6-10e6-407e-a874-e77d875ba1f9,2,0,7,8,2022-01-05,2024-01-01 00:00:00,2024-01-01
1b897c0c-1f81-4004-a113-ea4a650ca657,1c3f653b-1925-4669-9e0b-e6477edb9dbb,584e76ab-85d6-4fa7-a0ca-1fcc61a82bd0,2,14,9,9,2019-08-26,2024-01-01 00:00:00,2024-01-01
2bc60fd1-405d-4e1e-ba34-e852f798069b,befc536e-c220-477a-9f7f-2717c8cdb69a,d99f29a1-fbfd-4641-9f25-3cddfc9e6f64,2,10,3,1,2020-10-29,2024-01-01 00:00:00,2024-01-01
9dd5bbd1-6e13-4a77-882f-da09ab7864ca,f18ae697-ea53-4afb-88d1-ff4c5db4b622,0d2eb9ad-40d8-4bcc-b97e-f4188da258d5,1,7,6,3,2020-10-29,2024-01-01 00:00:00,2024-01-01
98c2a12f-ed33-46d2-a648-696f11c8db55,914b81b0-61f5-4e9f-a575-8b906afeca30,32e2f2ae-8d59-43ef-b972-bc85f1e3effa,2,2,7,9,2021-02-08,2024-01-01 00:00:00,2024-01-01
6a0a7a88-a681-4b0d-9ea8-1120dad0b593,b5e2aef7-e975-4593-9d52-8f238bbf5362,51ec2300-6e24-4efa-964a-815a5f6df4aa,4,4,3,9,2021-09-19,2024-01-01 00:00:00,2024-01-01
fb21725d-669d-4462-89fe-b5a0ef04db28,b61b59db-8a48-4aad-aeb8-ca584dfdbe09,685a72a1-81ff-4c14-8ef4-776b03c7ecc5,4,11,2,7,2021-07-20,2024-01-01 00:00:00,2024-01-01
9085a18e-25f6-400a-b1b4-d414489dedce,c7cb5ed6-bad9-4148-b89e-100af6e6f227,252bc613-f891-4c50-bfa2-3f54657b5c15,3,8,3,5,2023-01-14,2024-01-01 00:00:00,2024-01-01
7a694b07-f7ac-4ab5-914e-31fc544c80b6,a7a0e7a0-bd97-4e9e-b6c5-2b48cf2e5f01,6ecee6f2-1238-4a29-9fd3-442f6ff0e1fe,5,1,4,2,2019-09-18,2024-01-01 00:00:00,2024-01-01
87dd6e11-95fc-4715-a710-71140502399b,ede59b73-10e5-494e-be3d-eb1ec3a154d2,d06afe8f-b00f-4b3d-951b-dfc4f57cbee5,4,14,6,2,2019-08-16,2024-01-01 00:00:00,2024-01-01
77c09c85-cf91-494a-8fc4-24333773cc6c,654c9996-c64a-4de6-b906-d35216f6d1b0,87b5811c-faba-405f-ba49-e330d366173c,2,9,9,2,2023-04-07,2024-01-01 00:00:00,2024-01-01
c4eed54f-e0ca-4d2c-8ee5-ef570cbd9a52,3cf31de4-d480-4cd8-91d8-ffe42335d8c2,54073c9a-d5d8-4c8c-b6b2-4334ffa3652e,5,5,9,8,2023-06-05,2024-01-01 00:00:00,2024-01-01
92ab4000-0686-4516-b4a9-05dad929fae5,3086b612-cdc6-4626-aae0-f0b8021c9700,5940ce1b-9791-4aa0-a3db-8eb776311197,1,13,8,7,2023-10-18,2024-01-01 00:00:00,2024-01-01
54010b0b-7a7c-4d2f-9940-0a7d8b9ed353,a557112c-4d65-4e3d-96ef-b86e9ef81e32,f99d828b-8cd3-4c4c-8a36-00180a02f43e,5,15,7,4,2023-11-01,2024-01-01 00:00:00,2024-01-01
ef8b72a9-e035-4c05-9080-bb542846a4c4,4d23b8d4-c16d-48b6-a4ed-f0f3ad89928d,fb196124-3f62-4741-8b92-6d48e5001c61,4,7,3,5,2019-01-30,2024-01-01 00:00:00,2024-01-01
ebd97b81-b03e-4f91-abfc-d8da65b030b2,8165e828-7823-46f0-a9ab-87bbadc8f3b9,cf5db57e-78c6-4a9b-ae4d-b7d4a3365697,2,18,2,9,2021-06-08,2024-01-01 00:00:00,2024-01-01
823aa71a-e86b-4cfe-ae38-a30ed543b3fe,fd2630a9-30dc-403a-aa49-245986783b58,89cda53c-2180-42c9-8e90-1403a0256776,1,1,7,8,2019-01-11,2024-01-01 00:00:00,2024-01-01
3f072f92-c185-439d-bf62-ebe2ea25695f,eefa2e74-2ead-49ee-971e-8e88c53b5f1b,a53c3d45-a019-4f33-b39c-30fbbce4ad38,5,12,7,1,2019-03-10,2024-01-01 00:00:00,2024-01-01
ffcdd7de-5698-42e1-bfc7-8ff69e12f86f,9ec91675-eb0a-411f-b251-3bc68acf4243,df12ed67-7c50-4007-92d4-1b779e3d741b,2,2,8,0,2021-07-15,2024-01-01 00:00:00,2024-01-01
c4c7799d-773d-49af-8a52-530bfbf169b0,b5e3064f-172f-4220-bbf2-a73f1737b644,050a9365-3653-4f9d-86be-006ee20e6d6d,4,6,2,5,2022-11-20,2024-01-01 00:00:00,2024-01-01
d71469e2-7365-431a-af45-1769412d17be,1b85b17e-d180-470e-bf0b-250fb6dcff9f,f97791ea-8b07-49c7-87e4-14ac0d341906,1,0,7,10,2020-08-28,2024-01-01 00:00:00,2024-01-01
b6cc0e84-f1b9-4325-8595-1e26c3ccde3b,9921498d-9158-4088-a66c-21e868a21d71,cbda28f9-cabb-4ef5-b3b6-8d4b48165def,4,18,9,0,2020-09-16,2024-01-01 00:00:00,2024-01-01
1ec24f02-b288-4a18-9438-abed8f2a33be,18af552b-5760-4533-bb91-0f550b022a65,81b66fee-e764-4208-8777-f3ce1e86f1c7,2,12,2,5,2021-07-20,2024-01-01 00:00:00,2024-01-01
b053ed50-3ff4-440e-b18a-bbc05335155b,8154fac0-e851-4bbb-8db7-e279c0c19d1d,81b66fee-e764-4208-8777-f3ce1e86f1c7,1,20,1,6,2022-07-07,2024-01-01 00:00:00,2024-01-01
89cb0236-4cec-4b29-bd51-2b26f6f2f774,f6238b97-ce0f-4670-851a-f7f45c510064,95785e11-a66e-4435-b080-1c3444822f98,5,1,4,6,2022-11-15,2024-01-01 00:00:00,2024-01-01
9b412560-d869-4b0c-a68b-4d53c1d8c228,997cafb8-66a1-4c5f-b72f-1a109cdcd7e3,61a2cd98-38b4-4937-b752-267694b8ddd5,5,17,9,3,2023-03-22,2024-01-01 00:00:00,2024-01-01
301e1db5-602d-483b-81ed-1d75e7104735,5647cf00-8db9-4fc0-80cd-cbabfbf5d483,c9bf95b9-b0ae-4dc9-91af-c64e1f637bdf,1,19,5,0,2023-06-02,2024-01-01 00:00:00,2024-01-01
02e43c26-3249-4d25-b878-3bd6985c13bd,d435e9ae-ccaf-4283-a6fa-865a60498f1b,8f10bb43-2edd-452d-9b02-bc94aef8d31e,3,1,1,6,2021-11-20,2024-01-01 00:00:00,2024-01-01
28279ace-66aa-48f0-aaf4-19207f64e2e0,f98bc31d-d5fd-4839-879e-4b7bb8084a6b,f5ba5970-56e1-4119-825e-dc0a88c466c7,5,1,5,5,2021-01-18,2024-01-01 00:00:00,2024-01-01
5a9d9f34-87cb-4e7f-ad03-2a4fe87aba02,0c29f1a0-2e4d-47ed-ac72-57637906954d,241c0c69-7b36-4eac-a90b-d904e70f02dc,5,2,8,3,2019-12-25,2024-01-01 00:00:00,2024-01-01
6d79833e-c3b4-4b6c-9160-2014e5eed6ea,d194c0a6-c45a-4965-850d-ddeb4dc75369,b4518080-60ea-4798-86bc-d3b1ae7c352b,2,17,1,10,2019-10-11,2024-01-01 00:00:00,2024-01-01
a5e14d17-6741-45d3-9660-724afeeb570f,78941db3-2f05-4838-b68d-0c1ce530fec1,114ae6a7-6e2d-42db-95e9-a55e8eadc4d5,5,6,3,5,2021-09-06,2024-01-01 00:00:00,2024-01-01
17e1b083-883b-4354-8710-04c4edeeaf6d,ca8fdd61-9c5f-42e6-833e-dccc4f3e1fb9,78c30b8e-b992-4967-b4a6-e9d7e41db299,3,16,10,6,2020-12-23,2024-01-01 00:00:00,2024-01-01
235f57b5-d847-4966-a63f-5ba69673b19e,38259a4f-21fc-4454-9616-48c46899710b,51ec2300-6e24-4efa-964a-815a5f6df4aa,1,11,5,7,2020-07-21,2024-01-01 00:00:00,2024-01-01
7579ed4d-1464-4ca6-8e3d-2fa1293785a8,20078347-ba6c-47e1-a1fe-f1874a6d28c2,a0193e2c-8fac-4f96-b87b-b3dbb309bef1,5,3,7,8,2021-09-22,2024-01-01 00:00:00,2024-01-01
bd8db174-d187-4676-bbd0-84908471020c,d510b927-482e-44fb-a622-bf1b0606436b,030feb28-36e3-4593-8d5c-c8d42af61ec0,5,9,7,9,2022-10-21,2024-01-01 00:00:00,2024-01-01
d5297081-cec3-49a8-ae05-783577dab54b,6414bbbe-54b8-4afa-afd9-fb830e506d40,f9817dda-1be4-4164-98b5-454572022baa,1,6,7,1,2021-01-23,2024-01-01 00:00:00,2024-01-01
894587f7-a580-44ea-aaad-0e2fa81e5ddd,c107d87a-7061-4a04-bf6c-f32783888bb0,b6b0758a-4b5d-4843-a330-5ea470bd1125,2,9,1,1,2019-06-14,2024-01-01 00:00:00,2024-01-01
17eda368-807c-4e3d-958c-653550b9cb33,3277bcc1-d96f-4733-9c35-8f725c1d05e2,eea3d3c5-98b7-4022-b15a-0ec60a4b70ea,1,4,7,2,2019-12-04,2024-01-01 00:00:00,2024-01-01
645957f4-3e1e-4501-9150-c45e6fa30199,8c1dcf10-5e22-48d7-8c70-9b150e605891,d78182ff-6287-47fb-a6a1-c86862779c6a,5,20,0,4,2023-11-27,2024-01-01 00:00:00,2024-01-01
00801d3d-e82f-43ee-99eb-4409a03372d2,573b2d1f-cc36-450d-9a39-3419668c4ec3,b11e4077-bcfa-4850-b6d2-e2d7fbe51752,5,4,7,5,2021-05-03,2024-01-01 00:00:00,2024-01-01
757d0fce-9d7e-41b5-8d21-cc396bcdbdaf,decb3cbb-67c9-4319-8028-dfa8418d0dda,dff763bc-ff5b-48d3-a61f-ec960f923841,1,9,3,1,2021-05-10,2024-01-01 00:00:00,2024-01-01
e5acd3c4-c8ae-43e2-a885-0eb28ed11357,35759cbc-be26-4e5f-957c-024ed25eb8b0,725be64e-ff35-41a3-86cc-b701274c1867,2,16,10,5,2019-02-15,2024-01-01 00:00:00,2024-01-01
8a25620b-988a-4ffb-9b16-265a3a4e774e,a43e61cb-1c5f-4beb-8bc5-54662fcf7213,cf5db57e-78c6-4a9b-ae4d-b7d4a3365697,3,20,10,5,2021-04-23,2024-01-01 00:00:00,2024-01-01
b4b89753-8112-4742-bb6b-086f18502a90,d1e73734-357f-4846-8c3e-bcbc359c9c22,b08e0e28-db42-4cbb-8e4a-78c0d93977d3,5,17,7,7,2021-09-22,2024-01-01 00:00:00,2024-01-01
9e8a97a3-2cfa-462d-940f-706002c8740a,aee247b7-fc53-4515-914b-8ded619ea9d7,88ae4cc4-c859-41bb-b115-0a8c07730e75,2,9,2,4,2020-09-14,2024-01-01 00:00:00,2024-01-01
84810d9b-535c-4533-b907-b905de9e915f,8453dd3e-8ce1-480c-bc19-e8a89e751533,293f5bd9-e77f-453a-8ae8-8c2555462874,3,9,0,2,2020-04-09,2024-01-01 00:00:00,2024-01-01
c9058825-fc4c-41ef-ac0f-91676e7a68a1,2dd2f264-817f-4b43-a3ac-2841bf5ac8fe,8d6971cf-dae1-46db-836a-9e040806a36c,4,5,9,2,2020-12-24,2024-01-01 00:00:00,2024-01-01
e7de3aa8-a6d6-41ad-9e1b-95df1371bd17,bb887154-1375-4c1d-aa33-027b019a2ab3,f3e3ebe3-029a-424d-8e46-d1cabd507128,3,5,2,10,2022-12-28,2024-01-01 00:00:00,2024-01-01
bf7ee1ce-7bb8-4d4a-b7bc-db177c9f075f,f4520fd5-567f-40c2-94de-4c8fd1cea25f,6fee9276-03aa-45b9-b02e-e08ea008b870,2,7,1,0,2023-06-16,2024-01-01 00:00:00,2024-01-01
3e4fa001-28da-430d-896a-b4d0aa8d162a,05480283-83cb-47f4-99da-fd2933472db2,34e5977a-f47b-49db-b67b-fe24062b184d,2,14,4,5,2020-10-10,2024-01-01 00:00:00,2024-01-01
05ef306c-62a6-4748-9256-224e589d0a90,6ed0304c-5309-4471-b691-60267d5b7130,3ffe091e-8a7c-4e2c-8e0d-90ed8faf148f,5,1,10,5,2020-01-13,2024-01-01 00:00:00,2024-01-01
8b7e6e65-3ab1-42b0-a85d-250fa94c77ec,1ae7339b-3582-4064-a591-ad5d12885581,d4f537d1-f965-4b8f-a988-6937f70e11b0,3,14,8,2,2020-12-05,2024-01-01 00:00:00,2024-01-01
417058fc-9529-4502-b4f0-d7448bbe231b,35ea7c76-61bd-4a91-b3fa-65e1d4a9dea7,133046c4-5256-4bea-8a44-4afd95440375,1,0,6,7,2021-12-28,2024-01-01 00:00:00,2024-01-01
895c7dc4-5432-4f12-aef1-2024751928da,169037b7-e2f9-4494-a864-3ce1fe4527dc,302f1237-ef3a-4879-89a9-7a23764174e3,4,10,2,0,2023-04-23,2024-01-01 00:00:00,2024-01-01
1ee34f31-e5e8-4675-a40a-8290bab57a2d,aaf02ffa-49d0-4f77-ab74-6cf20fc14a5c,f0d033e3-4694-4cfb-9d77-489eed62b354,5,10,10,4,2023-02-21,2024-01-01 00:00:00,2024-01-01
7ca6c9bd-0fb7-4c57-b3ed-a714c5d3fb09,653a05d3-37cf-43da-80f6-f0704bcafcca,3c329c0f-2222-4c83-931c-9f5f9b6d80a1,3,18,10,2,2021-08-28,2024-01-01 00:00:00,2024-01-01
a2c5e906-e14a-4097-b95d-f13bd2a687f6,b63a19d2-5019-4609-af73-c17cac7bc9fe,10b9b9a3-b3e2-47dc-b449-4a4592513e37,4,10,1,7,2023-06-26,2024-01-01 00:00:00,2024-01-01
9e6737f3-d07f-45cd-b65c-e256d875d261,bdb6f2d7-a850-4db4-8f5c-920b8970ec57,4813af42-8451-4b96-83d6-7cad975e5ad2,5,3,4,0,2019-03-24,2024-01-01 00:00:00,2024-01-01
e2291a12-bdea-435c-9bf0-903945f15c9c,45aabf67-9a00-4254-885e-2a68a10c7d80,412d6b46-5df7-4846-b579-6afbac9ecb1e,2,14,5,1,2021-04-02,2024-01-01 00:00:00,2024-01-01
ac9c4096-8b6f-470b-ae01-6195d5d5a5fd,1d23df6d-61b4-4f89-a7e4-89ec9de06e4b,75fee327-128d-4947-922c-48768321bb81,5,20,3,9,2020-10-30,2024-01-01 00:00:00,2024-01-01
425ecd3a-3f81-4690-8b06-663a5b2b979d,76d8dfb6-b589-4229-b5fc-a70eab8e2cf9,b245bbbd-73f7-444c-8cea-8bb0ff98105b,3,6,0,1,2021-12-14,2024-01-01 00:00:00,2024-01-01
88b81a3b-62be-4923-9eb0-2b2c9b12416e,22ceeb40-4753-40bb-997f-5f3136a4cfae,5d52cf68-3e58-494c-9ae6-1b53dbb06462,4,2,8,6,2022-01-07,2024-01-01 00:00:00,2024-01-01
f8d913e3-16b2-46dc-827c-c1b5fead2846,f9365c8e-99f5-4c0e-95b7-a730bc01c2e7,3cc55d11-2a77-4031-b604-92a025d7a129,3,19,9,8,2020-02-03,2024-01-01 00:00:00,2024-01-01
f080000c-a4a3-4809-9c32-266bae5fe09a,da372ff7-d43e-47a5-b1fc-65f872267b29,0be28c25-0327-4f80-8046-0eaeb54d8a11,3,12,2,6,2019-04-25,2024-01-01 00:00:00,2024-01-01
1a136d7a-f566-45e1-a6f5-e12d91c1053f,4a2c5a62-8cb8-4c9c-a27d-461ca1e9b7b0,a769159d-ef18-40f7-b429-7ad16a3082b6,3,0,4,5,2021-01-27,2024-01-01 00:00:00,2024-01-01
e6cb0c1c-1034-4b49-8d69-1377f6d7ce00,ae331809-2dbd-4e5c-9a6d-aeab7ff11753,2dd3fe93-4eb9-4533-a2c0-6041b3aefc7d,4,17,1,3,2020-12-20,2024-01-01 00:00:00,2024-01-01
e73705ee-6d78-48b6-963c-7e7025418933,a1dba10b-5019-4065-8363-41696ba68406,0290b7ee-629b-4270-a398-a4e1e05c6e17,4,13,7,4,2023-01-30,2024-01-01 00:00:00,2024-01-01
a26d8fa5-60b9-484d-9ac9-fc3ef4386353,4b16d84f-cb71-48aa-aef0-616a68178ea5,22396224-bed7-4623-aa8e-286ce43cea68,4,13,2,9,2019-12-02,2024-01-01 00:00:00,2024-01-01
c0fb5b28-6eaa-4520-9d20-1e16f48add72,2d1f638f-a9aa-4385-8cef-b168d4f2b3bd,2c6ffb96-8ed7-442d-a07e-22d72b2cc084,2,6,4,7,2022-05-09,2024-01-01 00:00:00,2024-01-01
3f2f8f69-c02d-47d8-8b6d-19ada63ebbd3,ebb2e381-100f-4de2-b3b6-6abbe883a897,2b81f86a-6ae7-4e1b-91ea-e58171ab6d45,3,2,9,6,2023-11-12,2024-01-01 00:00:00,2024-01-01
bfead8b1-cbe8-4352-8e8c-e5ef1ad4b346,7df6db4b-5ae4-43f1-9a8a-fe399a1686c3,60a84bb9-9c76-4b64-ab1d-16dd31b94625,4,20,4,6,2019-07-01,2024-01-01 00:00:00,2024-01-01
3740e662-684f-4e8f-b9a7-a1ad76f4e444,0589fe1e-08d5-4eb8-874b-d01c052f36f0,61094253-0645-4e3a-8425-6747dd857e20,4,18,2,3,2019-12-25,2024-01-01 00:00:00,2024-01-01
2c9f06c1-8cb3-4fd5-8a05-e41a08e21c9e,f9175631-0131-48ef-806b-edb759517fa9,5e2507d0-04bf-414b-9bf2-382051d882bd,4,9,8,7,2020-01-16,2024-01-01 00:00:00,2024-01-01
b8094135-e3e0-4dbb-a763-7f72f706c270,5109ccd7-29d8-4a38-8d0e-b4b8fced60a7,ce0b6f95-c730-496a-a07a-8384d42befb9,3,18,4,7,2019-03-28,2024-01-01 00:00:00,2024-01-01
f9dbc282-4b93-49fa-9ddf-be0f8b2b0d4d,1e695b2e-6f89-4d65-978e-11a992e74994,951a9f55-1058-4bd9-954d-043e088ec276,4,7,0,0,2022-02-19,2024-01-01 00:00:00,2024-01-01
e12c964d-b949-413a-91f3-f430e627b51f,5cf18ff6-c887-4b82-b592-190bb342df01,d9fb499b-f185-4c70-b731-30f5aed515b8,3,20,10,7,2019-11-12,2024-01-01 00:00:00,2024-01-01
fbb7bffe-4e73-48c4-a363-df336ada0a95,783e908d-783d-4f75-b693-1241d044caaa,7dc7578d-6c47-49be-92dd-63a8e617233c,3,13,2,7,2019-09-12,2024-01-01 00:00:00,2024-01-01
706188dd-583f-4684-8f78-18a27079ca9a,a9303459-53d4-43ff-bb44-7eaee22f4f4f,bd2d0caf-ea73-48cb-b440-8e605014b711,2,0,1,4,2022-11-09,2024-01-01 00:00:00,2024-01-01
f54cc15f-c4a1-473e-a0b5-37ea1c7089d6,76393e2d-3a96-4c76-8ff9-07a020f4a732,b11e4077-bcfa-4850-b6d2-e2d7fbe51752,1,19,5,9,2021-10-06,2024-01-01 00:00:00,2024-01-01
b07b0ae5-184f-48e4-9607-e8f1104377ef,17671dd5-7b28-4a19-a08f-2bb5234fca46,10b9b9a3-b3e2-47dc-b449-4a4592513e37,4,8,10,10,2021-09-11,2024-01-01 00:00:00,2024-01-01
3ecfadb1-7441-4274-9934-d4e97d0ac28d,7bc82057-7434-4f81-ba7e-72c21a548756,f9b92ba0-683f-4413-aca6-0f09926c345c,1,11,8,9,2021-09-01,2024-01-01 00:00:00,2024-01-01
97c70810-9f41-4dd0-9128-b01afa8f9723,4ca866a6-5a66-48a3-9473-b035606787f2,3fa1fc01-a9aa-49cf-8829-9d1000d73028,3,5,9,0,2019-02-05,2024-01-01 00:00:00,2024-01-01
0b9052bf-a4e1-4f04-8dbd-4ce59c8cd259,30074c21-821a-4b7f-b595-11e91435bc59,79fbb9d8-ed15-4bdd-8f1c-01a474820fe1,4,4,5,2,2019-10-27,2024-01-01 00:00:00,2024-01-01
f5a4e357-f387-458d-8d0c-78708e63af39,2e04ceed-bafe-4fe5-88a4-13ec333ddc9b,e3277bbf-6082-43b9-9df3-9183185ff074,3,13,10,5,2019-04-19,2024-01-01 00:00:00,2024-01-01
7985d34d-c2e6-438f-8523-9e02c6ba9760,01c4bc1f-8005-4fcd-a541-015ce92a824e,4aecf02f-9b92-4c53-afa4-894c91bd5887,3,16,10,1,2019-04-10,2024-01-01 00:00:00,2024-01-01
9cfa810d-b3f2-4ba3-9b5f-caedad3c974a,2e7ce7ad-0cca-4708-9391-0276761afba1,252bc613-f891-4c50-bfa2-3f54657b5c15,2,3,9,2,2021-11-18,2024-01-01 00:00:00,2024-01-01
310abb50-d252-4160-a7f5-8ec6d0010d90,133cc8e3-c574-4e03-83af-5db01fd8b1ec,98724ab7-5e21-4910-8c91-2b38879fbca5,3,9,4,10,2022-01-18,2024-01-01 00:00:00,2024-01-01
26b1dbca-751f-464f-ab4a-a8b9e3529c85,40298672-eb73-4548-97f4-4aa56123cad0,34943a3f-75c0-424a-a27e-89714269da45,3,3,8,9,2022-11-30,2024-01-01 00:00:00,2024-01-01
9c7adcf0-fe07-4590-bb8c-d82e46430193,1885fdb6-5070-47ec-938f-468bf12e02c5,ce0b6f95-c730-496a-a07a-8384d42befb9,2,0,2,8,2020-12-21,2024-01-01 00:00:00,2024-01-01
bc0c8482-6dff-4a00-8eec-b2005963df3e,fcd99f1c-17e5-4991-a12b-15aa18ff979e,d1af5b5f-9803-4859-82ba-f9a6eacbf0fc,4,13,5,2,2020-07-30,2024-01-01 00:00:00,2024-01-01
36a15e5a-6e7e-43d2-9bec-7184f32ec193,fcfeb697-3ac6-4b73-ba64-0e884b4a24dc,45404c8c-fd4f-4d15-903b-91b5c05b0375,2,16,3,3,2019-07-29,2024-01-01 00:00:00,2024-01-01
59f86e98-88b5-42a2-8881-59c94ebb0a57,99c5823e-014f-4861-b158-085d27ae823a,78c30b8e-b992-4967-b4a6-e9d7e41db299,5,19,8,8,2023-06-17,2024-01-01 00:00:00,2024-01-01
dc3cde54-89a7-4256-9ab3-b582e86b3c12,5cde3366-8ae2-43e7-b7ea-03c565f305b7,2346b719-adb0-49bc-a14e-4407cf1a3a9f,1,13,7,1,2022-12-30,2024-01-01 00:00:00,2024-01-01
eefbe455-30da-4206-8974-6d71a77a7a41,c51f84b4-2f50-453c-a94a-41726faca425,db8f2120-0aaa-4288-8646-ea0f48e1dd86,2,0,7,5,2019-08-27,2024-01-01 00:00:00,2024-01-01
e3837420-ba8b-47e7-8464-3ef2a704b3c1,b42c36cd-a078-43ee-8721-c9e8f718be57,c47863ba-9eea-4d54-a20f-a8151df391ab,3,4,7,9,2020-09-30,2024-01-01 00:00:00,2024-01-01
61b9c0b4-a98c-426d-9f95-2ce0683354f6,7f4a6d5a-bad6-40e9-9595-b570a6d9e179,33a8bae8-defe-45ee-bc55-acac9865843c,3,5,4,0,2021-12-07,2024-01-01 00:00:00,2024-01-01
e759bdb1-fe18-4144-8738-cb68d016268a,ca976a11-8774-44ba-a438-8386dad650b9,1cc7c465-4c34-47f9-bfc3-fffe059d40c5,1,7,2,2,2023-03-05,2024-01-01 00:00:00,2024-01-01
4d17e593-b0d0-49e2-91ec-4e47f616175d,81cb8fab-2a5f-445d-a1f4-595b71cac41b,0d2eb9ad-40d8-4bcc-b97e-f4188da258d5,3,4,3,2,2022-11-10,2024-01-01 00:00:00,2024-01-01
a7de260d-4c2b-45be-aec5-6b8b7c204e22,401de5a5-8228-42a3-82ea-0a302cdc2763,a53c3d45-a019-4f33-b39c-30fbbce4ad38,1,2,0,7,2019-06-10,2024-01-01 00:00:00,2024-01-01
a963e8c5-7348-4044-8bc8-30a2158161aa,54a33044-c732-4998-9e21-2fb67095d7a1,c987c1d4-4420-48d0-87bf-7d5332046300,1,6,1,0,2023-04-01,2024-01-01 00:00:00,2024-01-01
0fa07407-88aa-4a1b-9252-a1f7168d63e8,e9979978-4d73-4697-a524-9e06b59ad546,519bfb38-3676-4d96-9ab2-edb60603b77e,5,18,0,7,2023-06-13,2024-01-01 00:00:00,2024-01-01
d78b0d37-f856-43c0-8111-56051df6570c,8230fe1a-5687-412b-ac48-4cd9b29d01be,0be28c25-0327-4f80-8046-0eaeb54d8a11,3,1,1,4,2019-09-01,2024-01-01 00:00:00,2024-01-01
32e8de4c-53e0-49b1-9945-246e3ca0d297,29127791-50a8-4fa5-aa62-6241d160e452,bb33d41c-4831-4a38-b78c-cc314fb2914a,1,3,9,3,2022-09-29,2024-01-01 00:00:00,2024-01-01
00f80902-ed98-4da0-8a64-33ff793f1701,f037df02-e7b7-4e3b-b89c-c0289f8d4a6d,571c636f-7a4a-4ac6-a7c6-d247fedb83c2,2,5,10,5,2022-04-18,2024-01-01 00:00:00,2024-01-01
bb11aba3-ce60-4a35-8410-9bab8f2cb6bf,a73e7eed-2753-4b05-8014-fb47c7056545,4da46ed5-9d9c-480d-aa47-7d43bc9c09fb,2,8,9,5,2019-03-01,2024-01-01 00:00:00,2024-01-01
9e2776ae-6414-4cd4-96f3-7f25c5c2166d,034d22b8-1510-4fa2-9f92-60ccea822825,cbda28f9-cabb-4ef5-b3b6-8d4b48165def,5,19,3,8,2020-12-22,2024-01-01 00:00:00,2024-01-01
e1f3a782-05c8-4dab-ac91-e041d2901b40,6f3114d4-f5f9-46f0-8c1b-d858f41958de,ea2cf0bb-53e1-48f6-bf8d-338ee7db84df,1,18,0,8,2022-03-13,2024-01-01 00:00:00,2024-01-01
d88553a2-e2db-4cc8-95d6-33dbbf9da914,1edd670c-3343-4b9a-aedb-0c20a04bdbbc,37dd6d0b-8a9b-485f-964b-b252d580f62f,2,9,2,8,2020-03-20,2024-01-01 00:00:00,2024-01-01
c66ccf2c-d355-4a97-a400-b70089eb8f13,6bc4177b-ba8d-4459-b3a7-6b41a442c032,f9b92ba0-683f-4413-aca6-0f09926c345c,1,6,8,7,2019-01-09,2024-01-01 00:00:00,2024-01-01
98ed7e20-321a-426e-8361-6be0b3299d05,4060e215-3471-4c9c-bc5a-c53f13800e5b,6fce7ef5-ee43-4bdb-90de-d63a0361ff25,5,5,7,10,2021-01-20,2024-01-01 00:00:00,2024-01-01
cbce9146-6112-4e43-9d54-ac05597c134b,cdaf290d-aa13-4d1c-a6e5-7bf2312a6e49,10e1907a-c902-42ac-b0e9-ab6bf2f0c62e,3,12,6,3,2019-08-08,2024-01-01 00:00:00,2024-01-01
fdbfd606-61fc-41a5-aacb-14e0f1f80b04,334741e2-0f33-49f8-b5c4-545a56d60933,0d2eb9ad-40d8-4bcc-b97e-f4188da258d5,4,3,5,1,2021-11-19,2024-01-01 00:00:00,2024-01-01
6bf5130a-a294-4b4b-9785-9faa4c1e1b35,52ce8ead-4a1e-4e5c-9c32-15294e5a8435,eb15de3a-9a1b-4002-a390-d86101da476b,5,4,7,5,2021-08-12,2024-01-01 00:00:00,2024-01-01
f59052f7-7dcd-448f-807a-dc72ae081759,7d47ddd2-12f4-4984-9341-bfe91f1ab7c4,99efa319-16a0-466f-9da7-67892c533f4e,5,1,1,5,2022-12-14,2024-01-01 00:00:00,2024-01-01
511b891a-2592-4961-aead-f0ff574a3ca4,8b1825eb-34be-429c-bbc2-2152066079f9,dbf64d39-3c3e-4365-8718-51e7b760c8e7,4,9,7,9,2021-10-08,2024-01-01 00:00:00,2024-01-01
df3996a4-3408-4ad7-b927-ca94697eef83,3fb40cf3-c782-4108-a675-b16885ccad79,117d3262-7947-4f82-b666-c1ac287f8bdc,4,7,8,6,2023-02-16,2024-01-01 00:00:00,2024-01-01
ba0bde88-6f5e-4767-b003-d5909fe34d3e,01c9a96e-4820-468c-8c23-35832eaace40,ffda0ef2-515b-45d8-b52c-cad58ac5a42d,4,6,1,7,2020-08-18,2024-01-01 00:00:00,2024-01-01
d62f63dc-9478-46da-a070-3fa151c2f612,6aedcd8a-ccce-4420-a974-24a17d7d313e,7d452a25-98d5-4e93-91d0-c5173fe7ba0b,2,0,10,7,2022-10-22,2024-01-01 00:00:00,2024-01-01
ac775069-cb32-47e1-a15b-2e81583cf173,34e5768f-1f46-43a8-b4b5-b45c6753cdfa,24350707-610e-4310-9644-77314fe37d18,4,14,8,10,2022-10-08,2024-01-01 00:00:00,2024-01-01
b1b20d6e-8e5d-46e0-b390-04d2e1f69075,21dcb1ab-034a-48a4-a508-0246e368d930,ea4d27d0-037c-4927-900f-4f755cec1ab2,1,4,6,6,2022-10-17,2024-01-01 00:00:00,2024-01-01
78fbeb62-8a92-4522-9f9c-71e5b4132e1a,30652433-64c6-4df3-84dc-cd2800993f9f,4f37f760-e528-4e48-bb95-14c54d9a2102,1,5,1,5,2022-11-24,2024-01-01 00:00:00,2024-01-01
9defea70-803f-45d2-9b80-364e23ba0f3e,002bb4c7-d4a0-4ad3-8835-eeb7d46225a6,1d682a19-a17e-4493-8004-f4b703c24c69,2,19,6,1,2020-02-12,2024-01-01 00:00:00,2024-01-01
9b013acd-cc00-4ec1-bf54-e8db72c9bda7,08e47304-1b14-40d0-abcd-5978629f6317,a8ca0ebc-9b7f-4d34-8d04-2fc582139c8f,4,15,4,9,2020-04-21,2024-01-01 00:00:00,2024-01-01
9746953e-4122-4167-b664-37561acfb542,99b9c53f-e3e6-4bfb-ac72-f95368cd8c47,e3277bbf-6082-43b9-9df3-9183185ff074,4,11,7,10,2022-04-30,2024-01-01 00:00:00,2024-01-01
2505453b-75fa-46a9-83ce-f0e5d3647d36,64a6b06f-c599-40ae-a29e-57aaa4bd6033,437c8e55-9887-4067-ad65-c7077711951c,4,15,8,4,2022-05-20,2024-01-01 00:00:00,2024-01-01
fe8a047e-d33c-4c9a-b399-7dd076a18f73,9a3614b0-1c01-4f8c-9ba5-1b518cc09ba7,0a87cbd7-da05-4d9e-893e-3d17083fb102,4,3,1,4,2019-10-29,2024-01-01 00:00:00,2024-01-01
d3abe966-11f5-472a-a3c3-577078c0b0a7,a44a6888-7919-40b2-8a61-96b6041fe9ee,d724b683-e963-4386-b2b8-fd0848f7abae,2,20,2,0,2021-09-29,2024-01-01 00:00:00,2024-01-01
8e92101e-5efd-4100-88fa-df4b2150274a,260dc586-2f6a-4290-82e6-e4ed3e0a3f79,114ae6a7-6e2d-42db-95e9-a55e8eadc4d5,1,2,7,10,2019-07-23,2024-01-01 00:00:00,2024-01-01
abc7d84f-2893-41e9-a9af-b386308e1aab,402a7a3d-94f0-487f-8e02-1f992e993594,546b971f-2bca-42ca-a9b9-11077fc42aad,2,12,9,10,2019-02-24,2024-01-01 00:00:00,2024-01-01
8457b1c9-2f53-4e74-ac57-c5269ec2125b,41fa585a-e219-479a-8320-33864e573757,6fee9276-03aa-45b9-b02e-e08ea008b870,3,19,9,1,2020-10-31,2024-01-01 00:00:00,2024-01-01
6a5aead0-94dc-4c45-a05c-0aeb7b4151e2,e906881f-c673-4f0c-b5da-b2f46095b6ca,c152a397-4b4d-4fd6-aaeb-325b9cf6fe2d,5,15,7,3,2023-04-06,2024-01-01 00:00:00,2024-01-01
3bf1abaf-f8fe-42e7-b2e9-27ea1da73e5f,c0a7f5d1-e79d-4a9e-a7a1-947f43226a96,aaac741f-a52f-4733-a964-8c86c6d69c6d,4,15,8,4,2020-08-24,2024-01-01 00:00:00,2024-01-01
9010b4f6-19e1-4213-8ef8-d831647119d9,83985501-5222-4b40-af09-aa552b040495,87b5811c-faba-405f-ba49-e330d366173c,5,17,0,0,2022-01-15,2024-01-01 00:00:00,2024-01-01
9133631a-b607-4f1e-bc1d-3bf37c648b8e,26c8ef95-8403-4c40-98e4-9cf84030af90,4de6c7f0-1541-4146-ba6c-4b5813098f5e,1,12,7,5,2021-05-31,2024-01-01 00:00:00,2024-01-01
074c0dcd-1e5d-4242-b349-ab205614f5ef,d771bcbe-360a-4b63-bfe7-fd07b041342c,6fdfbdd3-a899-4c90-a087-c02bc74070b4,4,14,0,0,2023-10-13,2024-01-01 00:00:00,2024-01-01
f347b913-4b2e-4d7b-98b3-223eb1f1768f,8640c20e-6f35-4b2b-ba7e-1a367779bbb6,d200bcbf-2a8f-48d4-9253-7997795d92cf,3,5,7,6,2019-12-29,2024-01-01 00:00:00,2024-01-01
7bf484f3-7cc7-4956-bfa6-ccde368c555d,eb0e467a-62b9-42ef-a8d7-635caadc7fef,117d3262-7947-4f82-b666-c1ac287f8bdc,4,15,1,9,2019-10-03,2024-01-01 00:00:00,2024-01-01
e90c12a5-3f09-4968-ba8d-f1728d9f72d6,dd14aaa5-fb43-4d10-be43-9e7fefa8c86f,3cc55d11-2a77-4031-b604-92a025d7a129,5,17,9,7,2022-10-14,2024-01-01 00:00:00,2024-01-01
b3e4512e-74d6-49c8-ab71-1e7a1c8bd8cf,b44a170a-a35d-418e-9210-3aabf5464361,dfaaba4e-0c3f-4aef-8f0b-a42d7ee6570b,2,16,0,6,2021-09-01,2024-01-01 00:00:00,2024-01-01
3a045a74-8623-473c-aa31-5ea9bced26a1,f6f15699-a270-4c97-9b7c-e435e413649e,df12ed67-7c50-4007-92d4-1b779e3d741b,5,12,9,10,2020-06-23,2024-01-01 00:00:00,2024-01-01
19cf2675-2007-4cea-a2a5-951b62c74ff9,34eea1d1-8102-4ab1-82cd-e785c900d9bd,98ecac3b-17cd-418d-b996-6a44293cb0cf,3,10,0,0,2020-12-23,2024-01-01 00:00:00,2024-01-01
ed74c77f-69db-4f36-9cc1-97360e9982f6,d8df9455-9593-4f6a-bdc5-214723e1cd67,95ecfad2-598f-4b56-9182-5d3280ccafdb,2,11,5,9,2022-04-24,2024-01-01 00:00:00,2024-01-01
cc70f063-c719-434e-a2b9-136b1c2af700,376df7b2-cf9e-48d3-8d52-d58db1b9cae2,54c56d27-12b3-41fc-858b-e92641bf13e1,3,12,1,6,2019-02-25,2024-01-01 00:00:00,2024-01-01
3d3e6955-03ae-4c3e-8fcd-366f8ed6be85,bc774ffe-d1b1-4788-a849-2a3306172aa3,ac9c7b65-1f4c-49ab-98f7-497cc59418a5,4,11,0,10,2020-12-07,2024-01-01 00:00:00,2024-01-01
50fadce8-d4d7-4c7b-bca9-c292c77224f2,a4e65e34-c1bb-4dc8-8a41-c79669f857e1,6fefc024-07d9-4a86-ac9b-699fd27b6e4c,2,20,4,9,2020-05-15,2024-01-01 00:00:00,2024-01-01
b55fcb8b-7e27-46e4-bb19-7fd618ea00fe,342de131-d506-47a2-be95-7c6d5487218d,c46055ff-a101-4e7c-b06d-5750fe2694b1,1,9,1,5,2019-06-23,2024-01-01 00:00:00,2024-01-01
82ce2968-babb-4822-a87b-ff6bf2dc484e,45a8891a-8ca0-4c5e-b9cc-7e5d1f94d8fd,cde40d91-3c13-4642-9f5d-491c6ab20139,5,10,0,7,2019-12-14,2024-01-01 00:00:00,2024-01-01
115e9905-0b7b-4c82-a9b6-96d8fc4ce048,81da8839-2c03-4426-a1d5-69689db4c8b3,8fa9fce9-f7f3-4b38-9843-15643dc064d4,4,18,8,6,2022-09-09,2024-01-01 00:00:00,2024-01-01
d883d1a3-07f5-4ae5-bb3d-075ef00b0323,5db4d6e0-7f57-4697-8e2e-ae764b9fe52c,cde40d91-3c13-4642-9f5d-491c6ab20139,4,18,0,5,2020-06-30,2024-01-01 00:00:00,2024-01-01
49c46c83-1090-45d0-9164-673c7c13083e,fd211b5e-cbb3-4828-8c0f-76db331e0b7d,28bb2c40-3d13-41a8-8b00-f3b3855cfc8f,4,10,9,1,2021-02-12,2024-01-01 00:00:00,2024-01-01
35cf1ee6-473d-4c1a-9170-ca41f8ba1cae,cf67b5fb-0999-43dd-81f3-4e7eec89fc72,d80fe7d5-83ae-4413-8c4a-0e4285fd0bfe,1,6,5,7,2023-07-14,2024-01-01 00:00:00,2024-01-01
cbd4d617-3fb8-46c8-9231-edfec503fd71,071e0cbc-972b-4f5e-9a81-84eb35ff0860,6c39ea13-ac4e-4ce2-84a6-5801fdce5481,3,5,9,4,2021-10-26,2024-01-01 00:00:00,2024-01-01
4abeb068-60a9-4fe2-9b8c-4f3a4317f116,e3b68c41-cd1b-4619-bf4e-54c0c165e995,b11e4077-bcfa-4850-b6d2-e2d7fbe51752,4,6,7,10,2021-01-14,2024-01-01 00:00:00,2024-01-01
dfe0d09a-8e18-464a-a6f0-c6823434ddce,3235cfc0-40df-41a5-ad2b-fa102dcc801a,f9b92ba0-683f-4413-aca6-0f09926c345c,1,17,3,4,2023-10-02,2024-01-01 00:00:00,2024-01-01
fc63b7a6-adf9-4fba-84b0-219187f9965c,e2b552a9-fe9f-4742-968b-0bad5072ad1d,ed6c27f0-06b8-4e66-b130-c2c4aa6c9376,3,18,6,3,2020-06-27,2024-01-01 00:00:00,2024-01-01
8360ffae-946a-41c0-8ab6-3b750eb119c0,0bbfe979-2dd5-4d56-80ee-dc92c8446154,ca4392e8-1de6-42bc-bcf6-5b94993d86c1,1,18,1,9,2022-07-03,2024-01-01 00:00:00,2024-01-01
b64ee99f-f565-4449-8280-52140bda2d85,f9d9be77-243c-44e4-b343-a7f203c83711,e3277bbf-6082-43b9-9df3-9183185ff074,1,18,8,7,2020-11-20,2024-01-01 00:00:00,2024-01-01
bbcca759-14ec-49fa-876b-e881b01de91b,2a9afb3e-a705-4858-b512-4e0655113306,39557251-e8db-4f82-99c2-0398d4f9b371,3,2,10,4,2021-05-24,2024-01-01 00:00:00,2024-01-01
4323a7cd-aaf0-418b-815f-46efc1b98d57,29f2faf9-fe26-4967-977b-edd9d3caa059,79a52758-a803-4d40-af99-b6f10fb759af,3,13,10,8,2021-10-30,2024-01-01 00:00:00,2024-01-01
37b70878-9182-4621-aaff-7b573bb4e5f6,91081103-d93c-4a2f-b45c-f1b15325481a,cb54cd85-0380-4ca9-a739-eee1dc503a51,4,12,4,9,2020-10-03,2024-01-01 00:00:00,2024-01-01
7e0f0ea1-dd75-4f3c-ad1b-be92794d19d1,a97ce3ac-948c-4328-8ef5-58b6e7b89ab0,a355aed8-ac55-4e68-b182-8c7c40d0f234,5,5,0,10,2021-11-21,2024-01-01 00:00:00,2024-01-01
5edd3a47-f274-4e4b-9de9-a7e00cacc3ef,b5faefa2-4d8c-4861-8ba9-b7de5d5ac6ba,6d020665-2465-4a6e-b01a-6862c08f7c99,2,18,7,3,2022-12-11,2024-01-01 00:00:00,2024-01-01
8eac4317-8e99-4f67-9439-8c032fe1e851,4d99e47d-4d39-4807-b6a8-036a8d11a822,5136c411-04fc-4c2f-ad40-bd70082eb2a4,4,8,10,8,2022-09-15,2024-01-01 00:00:00,2024-01-01
72967966-5d52-49a2-a9f2-f5e0c2cf12d5,def23613-74c2-43b0-9d95-0eebc013ca6c,a18c338e-2bdd-4513-ace8-d217c6e42651,4,18,10,0,2023-07-15,2024-01-01 00:00:00,2024-01-01
0c8b12bf-ac34-44bf-8c71-15bef28805ee,aee47d9f-7846-4738-ab89-e42f89badc2a,cb54cd85-0380-4ca9-a739-eee1dc503a51,3,14,2,3,2021-12-05,2024-01-01 00:00:00,2024-01-01
95ee51a2-3a3d-4eb7-b564-e9babb25937f,774ecbde-cf14-464b-84a3-cc54f1f353eb,ca44b5d3-9aa4-421b-80b7-3be6127a9240,3,13,6,5,2019-11-05,2024-01-01 00:00:00,2024-01-01
18164816-1166-42b9-9aa1-751e6a7edf68,93209661-cc2f-4b27-b41b-b88bea936ca8,8de62a84-d4d5-4cac-802c-040c252279d0,1,20,3,6,2023-10-28,2024-01-01 00:00:00,2024-01-01
b772aa5a-05e3-4af9-b4be-5bb624b4298b,397f4684-f5e3-47b4-9f2a-1c0974617ca9,ce0b6f95-c730-496a-a07a-8384d42befb9,3,20,2,4,2020-06-30,2024-01-01 00:00:00,2024-01-01
470bc5f8-783b-4ae2-8ba4-16d601a05a83,e9956e83-b996-4a93-9abe-051db571310e,1542e8ac-6618-4f26-be85-1a7276b22a4b,2,12,3,1,2022-11-07,2024-01-01 00:00:00,2024-01-01
1cd4ce6e-068b-46dd-8e82-0d2d5c35f84f,474f4e81-3f4d-477e-a80e-152229a0342a,c3bcabc1-7ba1-456e-9228-89ea40153e98,1,7,4,7,2019-11-04,2024-01-01 00:00:00,2024-01-01
0fc91c87-6b6e-4663-a185-afcc5fff2b3c,b037664c-34b2-4c1b-8fe9-042a0837f550,62e1d3cc-9eb7-4f34-8ae1-35b34d1f7fc9,4,13,10,0,2021-09-21,2024-01-01 00:00:00,2024-01-01
86eb3c15-118a-47b0-b62b-d348fdd8cd78,860c0fe0-8955-4924-82a3-22a177f7444a,046f62a1-a2f7-406e-8c45-b4bab6917922,3,4,0,4,2020-02-18,2024-01-01 00:00:00,2024-01-01
75e9af96-2bbd-46ae-b9a0-29aeaa9cbc54,49274127-8ae2-4f48-afd5-c10220954328,79a52758-a803-4d40-af99-b6f10fb759af,3,17,2,10,2023-06-06,2024-01-01 00:00:00,2024-01-01
0f3cae60-2927-4cc7-8c8b-e5c7b2dd42eb,263bbcde-8c46-4875-98a4-60d15e92b764,8c9c9dbe-e89c-4845-932b-7aff6ac30a0a,4,0,0,1,2023-10-12,2024-01-01 00:00:00,2024-01-01
bbe5e607-e312-4de1-9d39-85aee4fda4b4,0475f203-6978-4a6a-b041-4ab615d00c05,3aaf62a5-fc82-4e62-ba5a-8869c58bf8c2,3,2,6,5,2020-10-04,2024-01-01 00:00:00,2024-01-01
f2a56f83-4128-436e-8bc3-6300c2bd702a,528d4c3b-ce85-4e21-b817-13117d71f77f,be7267ea-8018-4b14-ba5c-cfcb66781462,1,12,2,3,2022-10-07,2024-01-01 00:00:00,2024-01-01
16cba61e-2262-44bd-b508-c04d0bb85d81,e24ceec4-c6b4-4d90-88cd-1acf62256750,28bb2c40-3d13-41a8-8b00-f3b3855cfc8f,5,3,8,10,2019-08-18,2024-01-01 00:00:00,2024-01-01
91d760d7-7df4-4f02-8c83-895ab18ac8b7,fe225d99-6809-4903-9e8e-27a8ab7791ed,e9037705-41a3-4880-b304-5110ead0f928,5,8,7,1,2023-08-25,2024-01-01 00:00:00,2024-01-01
9bec1cb1-56b1-4d05-a1a2-6d086b0eff90,f9f1713f-b665-4a42-9f63-64d995a0c429,1542e8ac-6618-4f26-be85-1a7276b22a4b,1,10,5,9,2020-05-02,2024-01-01 00:00:00,2024-01-01
d75224d3-4015-4303-a771-2ba625be7a2a,66e7913b-439c-4bde-98ee-a386452a1ded,115fdbad-ad54-4574-a146-59585c99eea9,2,13,3,2,2023-02-18,2024-01-01 00:00:00,2024-01-01
b19a3232-5815-40f4-bf7a-d408d31cda06,53135f09-0ad1-4c5a-9ea2-2b5917a9c70e,c60084f3-f963-4262-b773-fd8f12808239,2,8,7,6,2019-08-07,2024-01-01 00:00:00,2024-01-01
c08faead-625b-4634-bdfb-c6d202dfcedb,c56d40b1-3b64-4afd-9d87-56581609bb99,b5bbac0d-38cb-48df-bf1e-ac8a70a044b5,5,1,7,8,2020-06-04,2024-01-01 00:00:00,2024-01-01
b0392ce2-6fbe-4d19-899a-3201b4177358,b8f79b6f-7636-4afd-9c72-624f8b6b5e6a,52e4d0f2-f61f-47b1-90f9-cfa43836e7eb,1,10,8,6,2021-02-06,2024-01-01 00:00:00,2024-01-01
69d664e4-c3e0-48a5-936b-5ae27b3ecc4b,21240237-d7ce-4c62-bacd-1cd68ba478fe,143f33fe-1773-4762-ba69-036c875909eb,2,8,2,5,2021-08-30,2024-01-01 00:00:00,2024-01-01
ee6814ac-5c69-4483-9f08-53eb809c1898,65167b6f-5871-443d-a7a0-9983740dc112,37dd6d0b-8a9b-485f-964b-b252d580f62f,3,9,0,10,2021-08-31,2024-01-01 00:00:00,2024-01-01
063a9b86-ac99-466a-9d97-0996619c173f,6787ba01-aa91-40b1-a01b-693a8f21d233,4f9e3d13-9d52-4a48-ae3e-11f1955e8564,1,7,4,8,2022-05-25,2024-01-01 00:00:00,2024-01-01
42f56d97-52e3-4527-9ca9-9093c14cab40,32f2bae2-04d7-4e90-a3ea-5068695aa60b,0fcf7399-8fe6-439c-977f-6e8fde3da99b,3,3,8,3,2021-02-26,2024-01-01 00:00:00,2024-01-01
18811881-910d-416a-9461-393d3c6998cb,8a54b613-1a44-4f6e-8e20-cad7ec76b94c,79e07125-98dd-4dab-8735-fdcccd09bf62,4,0,6,4,2023-10-23,2024-01-01 00:00:00,2024-01-01
848990cb-0693-44b2-a412-1e45097dc06a,810b0e2f-4076-4ae6-bb2a-62dcfd80f40a,4da46ed5-9d9c-480d-aa47-7d43bc9c09fb,2,9,3,2,2020-09-08,2024-01-01 00:00:00,2024-01-01
9a23cf4b-d6bc-4784-bffc-82655acc9cf0,c1007f5b-64c8-4947-af60-0354092ca0ee,b0a0d89b-80c6-4f3c-bafb-164caad0d852,3,20,6,0,2021-06-17,2024-01-01 00:00:00,2024-01-01
14fd74a1-193e-46a6-9186-f16f0f93003e,017e80db-38cd-465e-b8b5-1e393e54a0e7,f22170f9-0a9f-40c7-9f8e-6ed79578fb2c,1,15,7,6,2020-07-15,2024-01-01 00:00:00,2024-01-01
64161446-8f44-4301-a763-cb6daeae62c2,d3836035-e43b-49a7-85fe-29b963dc35ba,95785e11-a66e-4435-b080-1c3444822f98,4,3,2,4,2023-09-19,2024-01-01 00:00:00,2024-01-01
1008d006-2d76-480b-b1eb-b57a5b0dec66,e83eeaa4-c5a6-405b-8496-f2a78182a977,6b506c1b-f282-49ec-91e0-7af6d616ed5b,3,13,9,8,2021-11-02,2024-01-01 00:00:00,2024-01-01
988a990f-3886-412f-b576-5e57dff096cf,c2badd4c-399e-491c-9319-4f48bb402c44,6683db8b-bf0e-4904-a49d-c15c6cda38c7,4,0,0,10,2023-02-19,2024-01-01 00:00:00,2024-01-01
346e2092-51b8-4a38-bf79-012853b45448,2244ce61-5192-4ccf-9dd9-4cf301647225,0c3f74d1-d580-49a6-b4ae-3d4efceccede,4,20,2,0,2022-08-06,2024-01-01 00:00:00,2024-01-01
27ae0081-1d16-4011-91f9-04d3ff994ec3,c4d37327-459e-4024-8dd5-2fd94225c333,cb54cd85-0380-4ca9-a739-eee1dc503a51,3,10,9,1,2021-03-31,2024-01-01 00:00:00,2024-01-01
0e236cd3-e5e3-410e-8a53-7228f2970fbb,aa0da843-16b9-457e-90c5-5d4ded35a745,a9032709-b02e-4e5e-ab7b-084c49a7cb9f,2,16,10,2,2019-08-15,2024-01-01 00:00:00,2024-01-01
6b2c97bf-f342-48b9-b857-f5702e773f49,4d7f81f1-4027-4671-a208-80862fb8c91a,4815c1f5-d4da-45ce-b56e-107a488864d4,4,10,7,7,2023-10-01,2024-01-01 00:00:00,2024-01-01
d1b0feb4-4def-41a4-9123-84a8376fcefb,cdcf7620-2e2e-4028-8e93-fe540614ba94,1e043933-16fd-4566-b3cf-d3e2375294aa,2,8,2,10,2023-11-24,2024-01-01 00:00:00,2024-01-01
4a6bb66e-12c0-422e-a356-332aaf08003a,0b9d2bb4-98e5-4bce-83ca-d0def728c819,177efbbb-6b14-4d57-98ee-ea47870b1dbb,3,9,3,1,2022-04-29,2024-01-01 00:00:00,2024-01-01
6b4c3891-59f0-49d5-a931-832fe9338d93,598c2a60-3889-49a0-aac0-9fafd7e5738d,7d452a25-98d5-4e93-91d0-c5173fe7ba0b,2,12,6,9,2021-04-28,2024-01-01 00:00:00,2024-01-01
dc78b282-79ba-427a-b32d-e1900789d239,192b8187-7efe-4d14-9dd3-bf1c22eaf4ab,cde40d91-3c13-4642-9f5d-491c6ab20139,1,17,10,9,2020-04-04,2024-01-01 00:00:00,2024-01-01
0c808b16-7859-4e1f-bbb0-3c15930da3a2,df5f2988-8fde-4ac6-aa48-3c3773b9fb14,5940ce1b-9791-4aa0-a3db-8eb776311197,1,14,3,4,2022-07-07,2024-01-01 00:00:00,2024-01-01
dc4fe798-7ae0-4161-8259-57d1f06c5467,0848d459-0854-4fb9-851d-db7ee520cb6a,d06afe8f-b00f-4b3d-951b-dfc4f57cbee5,2,1,6,9,2022-12-07,2024-01-01 00:00:00,2024-01-01
5e4a5fb1-18b9-412c-9788-ade3302d5536,734fa20f-cd68-49f5-88d3-5647b0f7fe43,1542e8ac-6618-4f26-be85-1a7276b22a4b,3,4,1,5,2021-05-28,2024-01-01 00:00:00,2024-01-01
20100309-1674-4f66-b3c7-2c3b5d633f04,3b38dede-6181-4db6-81f3-47079880f9ec,8f10bb43-2edd-452d-9b02-bc94aef8d31e,5,3,0,8,2019-12-15,2024-01-01 00:00:00,2024-01-01
0b6aeaad-ba71-431e-a4b6-460d3f9ae564,af84f3a0-1223-49ed-aed2-5b54e4c61ff8,fc536289-9931-4b76-8e6b-d1236c0b89a3,4,15,1,3,2021-06-10,2024-01-01 00:00:00,2024-01-01
bfe12202-30af-42c1-bc64-481052db5ef3,e421d22a-5f15-4cb7-949c-bca5fa27eb02,d78182ff-6287-47fb-a6a1-c86862779c6a,2,8,4,7,2023-01-01,2024-01-01 00:00:00,2024-01-01
12af1977-5b11-4177-932e-d5c5a5c72420,ddb0f2fa-ec90-4abe-b120-8ff5fff78b1d,cdd01a01-fe8b-40d4-b2a3-c0e0207a3a1f,4,6,9,3,2021-02-21,2024-01-01 00:00:00,2024-01-01
e6668f43-3fb8-4c95-8f3e-9dccffcc495f,2ad17c8a-212b-4cf1-9625-e71f388f0ab1,2922af86-2997-4537-8609-bf9b9c5f81c3,2,13,2,6,2023-08-15,2024-01-01 00:00:00,2024-01-01
582544c9-6b62-4b1c-9611-9a7fccd0e05a,8282a2a3-7991-40b6-87ff-b1ccdbcdaa91,302f1237-ef3a-4879-89a9-7a23764174e3,1,9,4,3,2023-06-11,2024-01-01 00:00:00,2024-01-01
a09caf15-45c1-43e9-9d5f-ba50fe4822dc,8e98ad2e-2448-462c-9a82-dc367225004c,ecb0ecd4-6a07-4b65-bcb6-38a6b3e6f4c5,2,11,9,10,2022-06-19,2024-01-01 00:00:00,2024-01-01
5a4269ec-a1ac-4f2d-b30b-33de1894c740,7a0eb98f-3748-4afc-9d49-49143bc9e6ea,2f72de34-0cd3-4c9c-ba81-55c9916a9bbf,1,0,7,2,2022-08-18,2024-01-01 00:00:00,2024-01-01
a6d889db-acde-4b61-aa3f-ac39cd8bb190,07b32009-797d-4e08-9db1-f4da5a846449,98724ab7-5e21-4910-8c91-2b38879fbca5,4,6,6,6,2023-11-20,2024-01-01 00:00:00,2024-01-01
8af4b707-d220-4686-bb92-d592fe62d627,4fdae5dd-3956-4887-8009-d838c8d3e28d,e165c6ad-0881-461f-a326-0bedc06fdac0,3,2,1,8,2023-02-16,2024-01-01 00:00:00,2024-01-01
0e664eb1-1dd4-4aca-981d-01ba0e214dde,49e6fb7e-09bc-470f-a570-b7e7a8a8ba24,d39003ff-20ab-4c47-80e5-78bac10aa506,3,7,7,5,2019-05-01,2024-01-01 00:00:00,2024-01-01
c871ddf6-78c5-4da9-8222-4b667ee8f03d,391633a5-7027-4cce-ad2b-6bf1c6958b98,1beaa162-69db-48e2-8781-37d0903fd276,5,1,0,4,2022-05-26,2024-01-01 00:00:00,2024-01-01
38ad773a-cfc3-4405-8bc1-ffac31c113b2,388d82bf-8c85-435b-a9d6-2f5ff5e29e32,fee34432-a4d3-41dd-8215-d2135245a4ee,4,9,6,10,2021-10-30,2024-01-01 00:00:00,2024-01-01
46926251-0b29-4497-9906-f5d390aacfc2,2d6cf32a-7d76-4017-825f-2e116ed6fe33,fe8bb556-5df3-47c7-899d-9940e9d02faa,5,1,9,2,2021-01-29,2024-01-01 00:00:00,2024-01-01
df14c9dd-dc51-4422-ac0c-3551966dd239,bd53f337-47f6-415b-9469-af6318661c06,0288a5fb-a2e3-472e-b132-4e10784bc88a,5,15,5,7,2020-06-17,2024-01-01 00:00:00,2024-01-01
166b2fbb-451d-4dbb-8454-41a23549c2f2,1f4859b2-93fd-4968-b104-2d49efb7b3ba,617abd34-e75b-4589-9650-2b97ad5a95e1,3,16,6,2,2019-09-28,2024-01-01 00:00:00,2024-01-01
aeb8a8ab-5b0b-45d6-8478-1edf56af745f,59581455-dee4-4b42-9f6d-1105882afa69,dbf64d39-3c3e-4365-8718-51e7b760c8e7,3,1,2,7,2020-06-17,2024-01-01 00:00:00,2024-01-01
2b36fd1a-1c64-4771-934b-b3ed98f72226,23a72e62-09ea-4c5c-b6d2-8d108ef02787,f9b92ba0-683f-4413-aca6-0f09926c345c,3,11,6,4,2023-11-21,2024-01-01 00:00:00,2024-01-01
73e303b4-1e60-4998-b6e6-f20d85b996a5,e12d76dc-67b9-4190-869f-628820dd9a9d,d9fb499b-f185-4c70-b731-30f5aed515b8,5,8,8,5,2023-12-01,2024-01-01 00:00:00,2024-01-01
95f00e9d-05bf-431e-83a7-6caa4c6a4c8b,47ce052c-737f-4db8-b208-6f85a5114a12,fa9b92d0-1ba3-4b48-9147-edcc511ecf01,2,10,7,2,2021-06-11,2024-01-01 00:00:00,2024-01-01
f92f91ab-f375-4b42-b904-43f40937638a,4c87051a-0fef-4991-b2eb-5d47370f1f70,d06afe8f-b00f-4b3d-951b-dfc4f57cbee5,4,1,3,2,2022-02-12,2024-01-01 00:00:00,2024-01-01
20e0b8e5-a06a-45e7-ba60-805f70ab8cd3,e1f45add-89e7-4208-8189-fbbd740a339e,5940ce1b-9791-4aa0-a3db-8eb776311197,2,1,7,4,2019-04-22,2024-01-01 00:00:00,2024-01-01
2450daf5-97bc-44fc-a90a-2cfa13649257,332c35cb-6ebd-4515-9327-387f67ba491e,7a7b7d9e-e75c-48d9-ad80-4b13675af47d,4,13,1,7,2019-12-01,2024-01-01 00:00:00,2024-01-01
788e3806-813a-4b47-9e56-a4084117b6ae,a6ae9816-d405-4bec-ad57-94c3f0440b1d,79e07125-98dd-4dab-8735-fdcccd09bf62,3,17,7,7,2019-03-25,2024-01-01 00:00:00,2024-01-01
99e72194-c6e0-4f4a-bdcf-fd6b917ad5c4,e1e93b20-eb12-410f-970c-d51ef3f7bb39,161be690-7ffa-4141-bc81-80d10145e673,2,3,5,1,2021-10-06,2024-01-01 00:00:00,2024-01-01
0ebf3324-d9de-40d6-8326-ad8c3a07a476,bb2eab53-0605-495e-95c8-d4e537ecc7c4,eb7961b1-90ae-4c49-82a5-98b0cc745af4,3,5,2,8,2020-02-22,2024-01-01 00:00:00,2024-01-01
b6b7e8c0-5fd3-4192-9a39-eb4ce9f7ec3d,729aff4c-c528-4b5c-b4e6-0078e28e9882,e3277bbf-6082-43b9-9df3-9183185ff074,5,18,3,9,2023-08-12,2024-01-01 00:00:00,2024-01-01
4f44dda1-1bda-4b37-9afc-e1c4d654f8cd,a83b63bb-b24e-47d9-ad21-128eec210d0b,695e0ca8-2132-420d-95e4-d58bf723c4df,5,5,6,1,2019-01-09,2024-01-01 00:00:00,2024-01-01
822b5128-de4c-4f48-9367-01cf77c96d4e,2f96ca39-566f-47d1-acf4-076d3f743f25,0a87cbd7-da05-4d9e-893e-3d17083fb102,4,3,5,0,2020-05-19,2024-01-01 00:00:00,2024-01-01
f16726d2-5e23-4c33-829f-0685063a45ee,8b1bd95f-6abd-412b-a294-f1cc8d7fc4c7,af768449-2096-4f00-b3a0-2f104c7c0182,1,12,5,9,2020-08-05,2024-01-01 00:00:00,2024-01-01
abd93b7f-d6d9-47d1-996d-be53c3680a89,7fee0f6b-d436-46f0-905c-4997f5dc9124,57fdf3e3-470d-418e-9bad-085d3bc96551,3,4,0,1,2019-08-06,2024-01-01 00:00:00,2024-01-01
bf05ef38-1f65-4366-b5d0-80f2bb6eb841,221f074d-44b4-4886-a0c5-7353529e99d8,8de62a84-d4d5-4cac-802c-040c252279d0,4,14,10,4,2021-07-31,2024-01-01 00:00:00,2024-01-01
5ce7a375-d61f-4bf8-a1c8-6f73cdca71f1,d8ae8b09-cadb-40d2-aa21-14dd7fa59e25,be7267ea-8018-4b14-ba5c-cfcb66781462,1,10,0,10,2022-05-01,2024-01-01 00:00:00,2024-01-01
145c7673-2bd6-410d-800a-a22077ed63a2,3dc3f2f5-5fa7-4374-800d-9eaa9a3ce4ea,437c8e55-9887-4067-ad65-c7077711951c,4,10,9,2,2022-06-28,2024-01-01 00:00:00,2024-01-01
73ea51b8-9cfe-4e9d-a743-6bde661ae6d8,fe5c741e-0211-421a-8907-309ad628b5a5,b5bbac0d-38cb-48df-bf1e-ac8a70a044b5,1,20,4,5,2020-03-08,2024-01-01 00:00:00,2024-01-01
b2beb704-1f74-4e3c-8e2b-657eafa7e074,61b63baa-3ae9-47ac-9433-ad545330b00f,75fee327-128d-4947-922c-48768321bb81,1,17,9,6,2023-06-23,2024-01-01 00:00:00,2024-01-01
b9aabbcc-b815-43e3-9b00-6037aae6ddcd,c32a6106-f95f-469f-865b-6bd85e432bd4,f683fafe-1a26-478a-9f5a-38aae47e84b4,3,5,3,6,2019-07-09,2024-01-01 00:00:00,2024-01-01
0d42864d-a390-4092-8d06-16441fe15413,f8a99a79-5378-4ad4-bd78-ad1d4e3af0e0,cde40d91-3c13-4642-9f5d-491c6ab20139,2,5,6,6,2019-07-02,2024-01-01 00:00:00,2024-01-01
22cbf75e-7dce-4ecd-8efb-3acd620e630d,82b0830e-0888-420e-8b55-efdcb69ea330,241c0c69-7b36-4eac-a90b-d904e70f02dc,2,3,4,7,2020-08-06,2024-01-01 00:00:00,2024-01-01
2b9765c2-30f8-4a56-95e0-9fecbbc2e205,a3f0f867-955e-4cc4-8bab-5aeae015f474,746c3efc-cf72-421d-9710-968c235f4970,3,19,2,5,2023-06-29,2024-01-01 00:00:00,2024-01-01
5dafa648-1ad2-46f7-bd2e-767da734eebf,68f2dfb4-c8b1-463e-aadd-2d666665ef5f,c5b60773-230d-452a-a448-54789e68efc7,3,16,3,7,2022-09-24,2024-01-01 00:00:00,2024-01-01
4428f5ed-44b0-4f89-b6f4-2c2b87646757,12aef503-2507-413c-b2d0-b556865a1a1e,2cec8b9d-688b-4f35-9994-67758a1c216d,4,15,4,9,2021-07-01,2024-01-01 00:00:00,2024-01-01
46f6f50b-69da-4e98-b16f-703ba5a01dee,4c318706-b271-4ed5-aa29-c63c1a3c67ba,376bf133-e199-4cba-9207-4b5fbcc0407c,1,13,5,9,2022-05-14,2024-01-01 00:00:00,2024-01-01
6c2fde23-60bc-40ed-b5b4-8c8f8b5338af,e7224e50-8c34-474c-8bf9-1fc5b159854b,fcbc4199-ac99-41ff-975b-5c8ff7e2531d,4,2,0,8,2020-01-17,2024-01-01 00:00:00,2024-01-01
b3350713-0607-4bd8-815c-e2869d4590b4,f24264b5-5e0e-4565-a90a-5881da2f23d5,f9b92ba0-683f-4413-aca6-0f09926c345c,4,7,10,10,2020-11-30,2024-01-01 00:00:00,2024-01-01
2b8f59ec-869c-4292-a5ef-97c140495af7,06f92767-f7bc-42a8-b7d5-573e5b262c54,06bdb1fb-5584-44c3-b60e-ba9d730a9ff5,4,16,10,10,2023-01-01,2024-01-01 00:00:00,2024-01-01
10542c16-284e-494d-b81b-9e96250c49e1,a1ce120e-2aea-4a5d-a848-0783eb9fc0af,5d12e724-cb1e-4fa2-8a4b-7233cc8fe6ec,3,14,6,1,2021-12-10,2024-01-01 00:00:00,2024-01-01
4277f0bd-1145-4130-8ffc-e416a93b4e64,a36e4d7a-057f-4ad5-914a-3797c9370342,a8c37e51-9852-4670-bd66-3bea5c508b16,3,4,2,10,2023-06-30,2024-01-01 00:00:00,2024-01-01
615a04c7-83bb-4c78-854c-3c8ee43a661f,cf380c12-deea-4070-8f9f-62245edd30ef,62638dba-59a8-4de4-b3df-06501e2a7309,2,16,6,4,2020-09-07,2024-01-01 00:00:00,2024-01-01
d6ddc9cb-cf06-4f2b-bc18-5d716c331e4e,12174716-46d8-458e-97a8-8a12385665a3,ed6c27f0-06b8-4e66-b130-c2c4aa6c9376,5,2,0,8,2022-03-10,2024-01-01 00:00:00,2024-01-01
28bfcb80-1cc6-4cd6-9c29-ee047f72ba4c,a4d5d6f7-2367-40a4-8f23-0db96a69a215,9d0a07e7-7cad-4b11-b098-c63cd83d86cc,4,13,1,7,2019-08-09,2024-01-01 00:00:00,2024-01-01
e8a16a9d-1f6a-46e1-b860-daf93f9d756b,8c8ae72a-731d-4c37-9298-f2c2264e0948,d2247290-7cf7-4b10-be45-cd182bc553e0,5,8,5,4,2022-09-15,2024-01-01 00:00:00,2024-01-01
0a0c01ec-e665-487a-aa83-a88843c0d994,d0b8053f-c130-413b-adb4-76a095c86436,974e368f-0337-4cb7-bfea-024151bc4b40,5,0,1,10,2022-04-14,2024-01-01 00:00:00,2024-01-01
7dd8f97f-1759-47c5-8e37-fcb184760af8,8d4080b3-773d-4614-ad1d-75bb18f1b0f0,685a72a1-81ff-4c14-8ef4-776b03c7ecc5,2,12,0,1,2021-08-05,2024-01-01 00:00:00,2024-01-01
3b48012d-b350-491f-bf66-f85c7c273fde,c1ebcf8b-c3b8-45fe-9122-72f2e0bcd90d,f480b76b-76bc-484f-8d2c-955d43244901,3,10,9,7,2021-05-02,2024-01-01 00:00:00,2024-01-01
ceca5768-4138-4494-b913-42486f281883,0b0121b6-6099-4b1e-bfb6-47795f72024f,b4c320b9-2e83-43f2-a379-c048b29a763e,4,19,4,5,2023-04-01,2024-01-01 00:00:00,2024-01-01
3f08e80c-f941-402f-ad40-43fb0b144aa7,bf0d9ea9-db40-4b89-8c50-e34b201fa961,a57ccce5-4849-48fc-bdfa-0c5932580ebc,2,6,2,1,2023-11-20,2024-01-01 00:00:00,2024-01-01
79fc6064-3f5b-4850-b033-7bbac8aa25a7,2c466cbf-a7e7-4fab-8ce0-ac8479d95992,f5b4dc98-7753-440c-be2a-728e530730d0,3,3,6,8,2023-03-10,2024-01-01 00:00:00,2024-01-01
ed8dc4a0-76ed-4afc-8dba-13b5b9047fd9,a36a40f0-a007-47f0-be12-198773a036de,44b9217b-12d0-4bb7-a1f5-f0f1a527ebad,4,3,0,2,2019-02-06,2024-01-01 00:00:00,2024-01-01
9bf46377-9ffb-45e4-8388-90aa3434671b,38213c0b-edb1-4e15-9599-4e3b1b09ea13,a8c37e51-9852-4670-bd66-3bea5c508b16,4,12,10,9,2022-09-05,2024-01-01 00:00:00,2024-01-01
8c18eecc-c13a-493c-9769-7c97fa09cc09,aa940091-ff45-4234-a914-73311aafc3c3,10ed932c-9d7e-4b52-8acc-3d5ebb7ab0fa,3,19,9,5,2023-01-26,2024-01-01 00:00:00,2024-01-01
d92849a7-cac8-4d88-baac-9484ae9fc051,77ef8651-cc13-40c5-9972-7374da9fefe4,a05f046b-dbbf-4c3a-8381-3696ddecc5ca,4,9,1,2,2022-11-15,2024-01-01 00:00:00,2024-01-01
41eea0c2-b3b0-4bf9-b771-d7fa210a4715,a3348737-2a06-4924-acb0-85a8e6c2b595,b175f2f8-ff61-4186-8f41-8390e8baa39d,2,3,0,3,2019-10-04,2024-01-01 00:00:00,2024-01-01
f96d56dc-fef3-4a2d-8608-bb37fc3fe1ae,f2bb3fab-0edf-4379-9eca-747f24a03f86,7844313c-03fb-460d-afa6-978f8001955b,2,15,10,2,2023-10-26,2024-01-01 00:00:00,2024-01-01
9a6cd925-fe1d-4658-8ac4-bb5f924832ca,86f8d3ff-6b2f-4f08-8e6a-046b4270625e,3dcb9969-4b73-4926-aa46-2c48ba947fc0,4,20,8,3,2022-08-23,2024-01-01 00:00:00,2024-01-01
b9b34314-3943-4b3d-a583-4d59c1838ea5,9b64b022-8cbb-47f8-a5fd-0a29fb59caa4,133046c4-5256-4bea-8a44-4afd95440375,4,4,7,6,2019-06-26,2024-01-01 00:00:00,2024-01-01
b41b9ffd-3f72-4b6f-b63c-c605b78b340a,f588a762-9cb9-4d27-b7e1-ec647213bc41,dbf64d39-3c3e-4365-8718-51e7b760c8e7,2,4,7,7,2019-02-14,2024-01-01 00:00:00,2024-01-01
47794025-b91d-4073-9d22-0f73f38ab749,1242f300-29ea-41ce-bfd3-325224fd35b6,cde40d91-3c13-4642-9f5d-491c6ab20139,4,18,3,3,2021-08-23,2024-01-01 00:00:00,2024-01-01
42f8ca84-1393-4980-af54-6c877c49be50,11d933b2-2f57-4c33-b9d8-dd39da14b050,cddb1832-8422-4468-ad72-0b4a782f2278,4,1,5,0,2020-08-26,2024-01-01 00:00:00,2024-01-01
5226d5af-0795-4c10-b5d1-3de574b8221e,d19b63e0-8676-4c54-b27b-536646f4f5f8,6b182886-4787-4abd-b35f-1500b7b96d40,4,13,7,9,2019-07-30,2024-01-01 00:00:00,2024-01-01
f8782a5a-9f27-4ea0-a6bd-48250cb989d5,1d7a0fa1-6bee-435e-874e-c3494930180f,050a9365-3653-4f9d-86be-006ee20e6d6d,5,9,0,7,2022-05-05,2024-01-01 00:00:00,2024-01-01
c54756a5-6443-4075-bf6d-1c659b60d950,e7333b14-6888-4312-b63c-bf65802fc2ea,606887ac-1df3-4a90-9298-4903ce64efd6,5,18,9,10,2021-03-29,2024-01-01 00:00:00,2024-01-01
d788a8c0-e635-4bb7-a3f7-13f335ed50a6,49b7aaa6-97d6-4b3e-9097-96d2856fdeda,eb7961b1-90ae-4c49-82a5-98b0cc745af4,4,7,0,8,2023-07-31,2024-01-01 00:00:00,2024-01-01
4c4f0308-81f1-46fb-b0d8-b46ab961ad61,ba01be9f-a6e7-4ba1-a988-d4711f3f67d9,376bf133-e199-4cba-9207-4b5fbcc0407c,5,10,8,1,2019-02-08,2024-01-01 00:00:00,2024-01-01
85ec7a9b-36e6-4662-8631-deb1abc0a964,87abf159-1e83-4e55-bc02-a5cd5cd005a2,fa9b92d0-1ba3-4b48-9147-edcc511ecf01,4,15,1,7,2020-07-02,2024-01-01 00:00:00,2024-01-01
ffd970c6-5919-46e4-b070-4c9618a81616,bc1c8b7a-a83e-4491-903f-fbb433d811ae,1beaa162-69db-48e2-8781-37d0903fd276,3,14,6,0,2022-06-29,2024-01-01 00:00:00,2024-01-01
86a08bc9-7556-447d-bbf9-bbd484f37575,d5fe9344-113c-48b6-a615-8ef9c927d204,99efa319-16a0-466f-9da7-67892c533f4e,2,15,5,7,2019-11-27,2024-01-01 00:00:00,2024-01-01
e8e85041-b058-47eb-8d7d-a45b2b37743f,568d6bb6-859b-4e0b-9f9a-f952cdd6c312,739a8dc0-12af-4987-bee4-bf7d353d0719,2,18,10,5,2020-04-20,2024-01-01 00:00:00,2024-01-01
58481b08-bfd6-460d-ac34-5aa4451a00f0,2cf9e24c-f23f-4757-836a-f515d18c0ea4,d06afe8f-b00f-4b3d-951b-dfc4f57cbee5,4,4,4,6,2022-05-18,2024-01-01 00:00:00,2024-01-01
cbb69213-af5d-43dd-9e58-03c16ddc88cb,0d5f7500-f9d2-4a40-a15d-171ad2d4075b,5e2507d0-04bf-414b-9bf2-382051d882bd,3,15,2,9,2021-05-03,2024-01-01 00:00:00,2024-01-01
79403bd2-0cba-4e78-bb0e-f41192f7faa7,0f1e5fee-1130-44ba-b0d0-64d7e4d42300,2922af86-2997-4537-8609-bf9b9c5f81c3,1,15,2,2,2020-02-29,2024-01-01 00:00:00,2024-01-01
93568fd7-8c4c-4042-82e0-531d6d1744cf,1868ad01-2f7b-4b0f-96ca-e8915d3d34ba,a9032709-b02e-4e5e-ab7b-084c49a7cb9f,5,15,1,6,2020-02-13,2024-01-01 00:00:00,2024-01-01
c63614df-0d79-422f-8eeb-8dbd25f8a41f,679e8263-a637-405c-915c-154e1ced4c79,716a916c-81b3-4c8d-94e4-b2c24224dcd3,2,6,8,0,2021-10-08,2024-01-01 00:00:00,2024-01-01
b05b0e0a-846a-4e0a-95ea-c843fc193469,b1900b0a-7153-44b9-aee5-33b496a6e7dd,0ce240aa-6ec3-42da-bb65-a50fb6b5ccc9,3,11,10,2,2019-02-07,2024-01-01 00:00:00,2024-01-01
3d312c07-d5d3-4182-9c52-1c3198c49c76,dd9ca619-6a1f-428e-b1bd-0ac115bec4ec,177efbbb-6b14-4d57-98ee-ea47870b1dbb,5,1,1,5,2019-12-24,2024-01-01 00:00:00,2024-01-01
d1491b39-803d-478e-bd9d-2e1b6b18f6f1,42af80c4-7f68-452d-9e4a-0727e3b13e0c,4b860dbb-3b9b-4e1f-8986-5f12d4f67aae,5,7,1,8,2021-05-31,2024-01-01 00:00:00,2024-01-01
b7e446e5-11f9-4c7a-8425-fb75c55f6927,70ce04ea-0830-4396-8278-f22dd33b7d10,10ed932c-9d7e-4b52-8acc-3d5ebb7ab0fa,3,10,5,0,2020-04-03,2024-01-01 00:00:00,2024-01-01
913dd360-c1f6-428a-bb8c-c898b8e8a8ed,c75026a1-d034-4114-ac40-e02c8aa5f218,7c4a0338-8dcb-4de5-b189-da33fbef11d0,5,8,2,8,2023-04-27,2024-01-01 00:00:00,2024-01-01
c8fb5704-4517-4c1b-a09f-a23accbbef46,7915daee-37e1-428c-aef4-7294ca31f16f,d5965ed2-3469-4be0-a17c-4ed2e376b572,1,1,7,7,2022-05-22,2024-01-01 00:00:00,2024-01-01
0688687f-f704-4ff3-ad4e-de64e00f7669,9d561f42-ad6d-4871-b63d-f638b8a4b311,4d99c5c8-5bae-49f8-b001-1b9bc6a9e592,1,3,9,9,2023-09-20,2024-01-01 00:00:00,2024-01-01
4e8618d1-945c-44ed-971b-2d244afb4878,be5dd2f9-627b-4206-9f62-e9d9d4e8c77f,a46186c5-5c89-4d8d-becf-598788357b0e,1,17,0,8,2023-05-21,2024-01-01 00:00:00,2024-01-01
9dbb661b-7332-4844-8c8b-d0bfa9095a90,d3ec3340-3821-46c9-a667-bffe0be90dc6,c5c7407c-e106-4782-bf24-d20acbd08956,1,6,5,2,2019-08-04,2024-01-01 00:00:00,2024-01-01
b192bbfb-cd94-4876-a069-50c3e71358d8,f41ab86a-6548-4e04-a579-230d66ef66a7,df3e2096-a6af-4737-9d81-b254e45425e0,4,16,7,1,2023-01-31,2024-01-01 00:00:00,2024-01-01
1a4329a8-ea28-4707-ae04-f6fd9df6601f,f4a1710a-a3a4-4f3d-ba8a-810c1a112339,241c0c69-7b36-4eac-a90b-d904e70f02dc,3,10,2,1,2019-11-12,2024-01-01 00:00:00,2024-01-01
2e086ffb-1d4b-453c-81cd-d248b315ba86,d57d6518-02d1-4560-82c7-91a428460686,d789c5f0-4cf4-40e0-a85f-a2b3f0cfc46a,4,13,0,3,2023-10-04,2024-01-01 00:00:00,2024-01-01
352d99fe-0b34-4cbd-8dcb-1f96f3fa0923,9c582d3b-410e-437b-a03c-71ffeef8e2c5,a57ccce5-4849-48fc-bdfa-0c5932580ebc,4,10,4,8,2023-09-06,2024-01-01 00:00:00,2024-01-01
74d19037-1927-4f18-8a00-15bedbf35a95,a47d0fd7-fa07-41de-822c-ef235bf2caa7,ea4d27d0-037c-4927-900f-4f755cec1ab2,3,11,6,5,2019-12-17,2024-01-01 00:00:00,2024-01-01
a5346eef-8f4d-4697-8d54-1de937e4b198,5f3f0205-f0a6-461a-a9e0-a4597d18858e,4243d1f7-0737-43e0-a170-78a6314dc76f,2,4,8,6,2022-07-13,2024-01-01 00:00:00,2024-01-01
07ed960b-cd58-45c1-89a5-bae403d06dc0,d4f20a1e-df9d-460b-bb9f-e8014735e76e,0d2eb9ad-40d8-4bcc-b97e-f4188da258d5,2,13,6,6,2023-06-01,2024-01-01 00:00:00,2024-01-01
b4517af7-81ea-45ff-a390-79239d493060,5f536a0b-a0dd-4de2-89a9-0873d5d17031,2cca2c71-8879-4dd7-8c3e-2a9d62eba8e8,5,11,0,7,2021-07-28,2024-01-01 00:00:00,2024-01-01
b405cade-7bf4-4678-964f-147f0b32338a,cb315b61-917e-463b-b9e9-84df1b1b9ba9,68150799-c06b-4ee1-b210-48ab114ad0bb,1,16,1,1,2019-10-26,2024-01-01 00:00:00,2024-01-01
3b54f4f2-8d1b-441c-8cd6-53179740fdbb,0eaf3362-9dd8-4db3-9131-6acfafda8074,17803607-22cb-4c44-924d-744803b07c79,4,5,6,0,2020-11-23,2024-01-01 00:00:00,2024-01-01
91acc752-d2fa-4cef-a1ab-f9b832596524,ab8d4b6f-e2d9-40b0-87c4-30c19da6b50d,b5d28e31-5851-4a1f-99b1-3cd87c68ee07,1,20,2,9,2021-03-16,2024-01-01 00:00:00,2024-01-01
be4582f1-f9d6-4c5b-99dc-c03ef1cf5619,e2d09d77-6761-48bb-8644-45300e069ddf,b0a0d89b-80c6-4f3c-bafb-164caad0d852,5,9,6,6,2019-04-29,2024-01-01 00:00:00,2024-01-01
3d5d97c5-20e1-4ce9-807f-3a92c75fe8b3,31af569f-6749-4226-bf86-c37cfba42225,52e4d0f2-f61f-47b1-90f9-cfa43836e7eb,5,9,5,5,2022-10-26,2024-01-01 00:00:00,2024-01-01
ddd419b3-de3e-49d7-9bfb-d07d1a491fde,da5b2a49-81b8-4669-91cc-079dc644befa,177efbbb-6b14-4d57-98ee-ea47870b1dbb,3,16,9,2,2019-01-17,2024-01-01 00:00:00,2024-01-01
d6c7b06b-ebc4-47e2-88a4-12e98bbd02d9,d0bbeb86-a533-4389-bd2c-6c97610a1c27,58d36a37-67ff-4d9b-9eaa-516f9e053ead,4,20,3,8,2022-12-05,2024-01-01 00:00:00,2024-01-01
9957a34d-a11f-4994-bc7c-78f7d140421d,dd5b00b6-9f3b-47aa-998d-948b3329a209,17578591-6f2f-4ce8-ad20-b56a113288b2,5,20,7,5,2022-07-02,2024-01-01 00:00:00,2024-01-01
03450d13-5843-436d-9163-e697f21090af,3367ca28-386a-4e63-8413-dfe3c60a3f35,fb2687f9-3e9a-406e-a8b1-b33067bdbb70,4,6,4,1,2023-07-21,2024-01-01 00:00:00,2024-01-01
0d15d34f-9471-411f-8ec3-65d0f4851b0f,9bb333ff-323d-4d25-8e18-fcae0f29013f,8c513b87-d0dd-423d-81b8-0c75905258f3,3,12,2,8,2019-03-17,2024-01-01 00:00:00,2024-01-01
f4b3cc78-bc5e-4f23-8bf9-8da898855c9c,f6d4044a-119c-4aec-b8a3-77a2de333eee,8d6971cf-dae1-46db-836a-9e040806a36c,2,2,8,8,2022-01-12,2024-01-01 00:00:00,2024-01-01
8197a157-74c4-4541-970e-50aa20e82c2a,ddff362e-e072-49e1-88df-d4df9c5b0301,4c2a4da0-f880-4031-b5e6-f907f463f170,3,20,2,0,2020-10-01,2024-01-01 00:00:00,2024-01-01
640e6eba-a831-4028-9a0f-e2721a1e42d2,af35d0bd-bd81-449a-a870-a1dea39a9f94,5203a9a4-29dc-4a72-a571-35129e619f51,5,18,4,3,2019-02-27,2024-01-01 00:00:00,2024-01-01
47c2f00a-2045-4ca1-add2-d117946b1b8b,e05e730e-306c-4ed7-a09c-10a2f0431966,2df2adba-7f82-402e-ba5c-c93f88573bb2,3,13,8,1,2023-09-01,2024-01-01 00:00:00,2024-01-01
6f1ffd6d-2666-4290-bfd0-ef69a5d57453,4453118a-051d-48c4-88d5-e51759df8faa,7bb3ebad-db7d-4fa2-af39-7c8d05d05501,3,8,10,8,2023-02-08,2024-01-01 00:00:00,2024-01-01
3d3de830-6667-4689-a986-cfdcb6c80906,5e1c34b1-d663-48ec-8e9d-b04b64bcece3,3ae9f732-b116-4e20-82d6-791f4680f3da,1,20,1,7,2020-12-26,2024-01-01 00:00:00,2024-01-01
2d973d4c-6a1f-4bea-8004-c7c8d3f87b3f,4ff7761b-ed0d-4b1e-8c35-620609d9b063,694d5a62-55fa-4bbb-abc3-bc467341d8d3,1,14,5,3,2020-09-02,2024-01-01 00:00:00,2024-01-01
fcb02d9f-2055-4ed3-96cc-2c3addeabd77,b143078e-cbdd-44a7-b06b-3119876e42d4,a40a848a-55c3-4609-ac67-467bfab77ed1,5,18,10,10,2023-07-08,2024-01-01 00:00:00,2024-01-01
0c6ee1bb-3520-48d5-956a-2cab2c79148c,a094cbd0-cbd7-4516-8412-a128c6e6ede7,3fa1fc01-a9aa-49cf-8829-9d1000d73028,5,7,5,4,2021-12-28,2024-01-01 00:00:00,2024-01-01
d95ee8eb-04d2-4296-ba3c-bd48af8dc186,c0cadad6-09d0-4aa0-9c13-97ac59ad637c,b16811c6-e37d-4e74-b5f5-a459d02da012,5,4,6,8,2020-08-05,2024-01-01 00:00:00,2024-01-01
d5ad3985-4202-4cd2-a6d6-412f80db016d,132c3f78-e2f6-4fdf-9239-d4e0811d8ae9,6fefc024-07d9-4a86-ac9b-699fd27b6e4c,1,10,8,9,2023-02-19,2024-01-01 00:00:00,2024-01-01
3bc4293f-3d3a-45bf-b869-1113dd0b8858,d9328289-a672-4cb6-a9f1-a83c8c269be6,ce0b6f95-c730-496a-a07a-8384d42befb9,3,14,1,2,2020-01-30,2024-01-01 00:00:00,2024-01-01
aabbe14c-1a08-402a-a63a-b56e7e9997fe,802676a3-8e00-4ce8-8dd4-6018ab383788,a53c3d45-a019-4f33-b39c-30fbbce4ad38,4,2,1,0,2022-12-28,2024-01-01 00:00:00,2024-01-01
8342829d-3533-4140-a703-b20ad61d7e68,0f2a52e4-0840-4c69-ac0b-4364249012c4,0290b7ee-629b-4270-a398-a4e1e05c6e17,2,15,3,7,2021-05-20,2024-01-01 00:00:00,2024-01-01
20fd86ab-7b44-4ddb-8889-80fbd287c8fd,5635e934-fc39-4613-a4b2-bef30847a7fe,018c7220-47ac-4839-a4d7-f8d59199bd91,5,12,9,8,2019-06-09,2024-01-01 00:00:00,2024-01-01
cb5cf470-c70c-40c1-a8a2-26caf81cf598,c43c178b-4604-491d-b2ee-9df132c875a6,430db7a5-b9a0-4d5b-8b89-1fac2d3c6a09,4,8,9,7,2021-11-28,2024-01-01 00:00:00,2024-01-01
5734589a-2dea-4ef1-9458-8256227bac3d,312b22a6-d5ff-4b42-88f5-a1ad9bcdab94,376bf133-e199-4cba-9207-4b5fbcc0407c,4,15,6,2,2022-07-27,2024-01-01 00:00:00,2024-01-01
2230303a-f9cb-40aa-b07e-db3115adaa1d,e6b8ac99-0368-468c-9748-faa519d40f93,634f8b16-73b3-4736-a3cf-19823bbfe6c5,2,15,7,2,2019-10-23,2024-01-01 00:00:00,2024-01-01
35fb6c56-8a2a-4d58-b2ea-c33ae2c58efc,c9751f24-9ebe-4b3f-982c-cd0c19673dbf,1fd92115-7d53-4da3-a45c-11dc09664fa6,5,3,3,7,2022-12-13,2024-01-01 00:00:00,2024-01-01
cf3a70d6-bfc1-4d36-9beb-339ace29a71a,7c648fca-539b-43c8-9670-70ef7515e94e,6ecee6f2-1238-4a29-9fd3-442f6ff0e1fe,2,17,5,1,2021-08-27,2024-01-01 00:00:00,2024-01-01
893a80ad-87e6-463a-ab48-7c65baf21711,43bf404a-d9cc-4bb2-9369-ece979f0fa8c,d06afe8f-b00f-4b3d-951b-dfc4f57cbee5,4,3,1,5,2022-05-17,2024-01-01 00:00:00,2024-01-01
5e24afe0-e37f-4cc3-af11-bd689fcafc1a,2089ecae-70e2-4163-9039-106d88123707,4aecf02f-9b92-4c53-afa4-894c91bd5887,1,16,2,1,2022-03-16,2024-01-01 00:00:00,2024-01-01
631ae94e-1b10-48e4-a7f7-a475a39a9c89,3211d36f-d33c-4eee-acf6-2bee97ffd081,0762ea53-2381-4782-a60c-891142c4b1e7,3,9,4,7,2021-01-30,2024-01-01 00:00:00,2024-01-01
f0b8adb8-7adc-4a4b-b31e-62ab2605e2c2,996706a3-e4d9-455f-a3df-c40b41027019,79a33a0e-8539-49c7-86a5-5a9f4cc6b6da,2,4,9,6,2019-02-27,2024-01-01 00:00:00,2024-01-01
438f14ea-8fa4-4ab5-9c3f-93462dfc1bdc,8ff8369f-710d-4110-bbcd-e82961873274,4ad46ba6-0e0d-4a9f-99a0-daaf42573169,3,9,3,2,2019-04-10,2024-01-01 00:00:00,2024-01-01
98b2cb5e-48bc-4a6d-aa86-f0c16c01a571,d578b3da-f2cc-43f4-98ec-c8389644cfc6,951a9f55-1058-4bd9-954d-043e088ec276,4,0,1,8,2023-08-05,2024-01-01 00:00:00,2024-01-01
c0c5a708-d45b-4822-ad62-c265abe65e47,38b57ab0-c398-459c-83ae-3258d6d157eb,ea2cf0bb-53e1-48f6-bf8d-338ee7db84df,1,13,7,9,2020-12-15,2024-01-01 00:00:00,2024-01-01
8dcb6d1c-3de5-4c10-857c-3d446d88165f,c97b7e0c-8ade-4d57-8112-7e2fa2bb5ea8,10b9b9a3-b3e2-47dc-b449-4a4592513e37,4,10,6,7,2020-09-26,2024-01-01 00:00:00,2024-01-01
036d1a6a-4050-4208-883d-64cac62c79c6,68f92a07-3bae-4f80-9944-05574c753929,d2247290-7cf7-4b10-be45-cd182bc553e0,5,4,2,8,2023-09-05,2024-01-01 00:00:00,2024-01-01
936242de-c761-46c7-8c49-33833a0b4a1d,bf3052ae-35b1-4d00-ae7d-cf7242f4078b,2e4e0d6e-9e7c-4a8a-929d-e5a748af17d4,4,14,2,5,2022-07-27,2024-01-01 00:00:00,2024-01-01
2760a2f9-c2b5-45d4-a0de-e4c3e20b3ff2,a03e4370-3f6a-49f4-a43a-ddf49e7b132e,f9817dda-1be4-4164-98b5-454572022baa,5,19,6,6,2019-07-02,2024-01-01 00:00:00,2024-01-01
231e3e19-7d06-4494-9e41-3e1c0debcd44,07d4ce13-9c74-4bf9-993a-e2dd79e68f3d,86e0ac77-a519-4936-bcb8-a02a31099e7b,4,10,8,0,2020-04-21,2024-01-01 00:00:00,2024-01-01
3034dc18-0166-4099-82f0-bc8016371423,e15fc3a6-79a3-4111-9ac8-c096529594da,5203a9a4-29dc-4a72-a571-35129e619f51,4,8,10,1,2022-10-05,2024-01-01 00:00:00,2024-01-01
6e4809ae-614e-408f-bfb1-0609ff295c56,8c01cf48-e260-45db-a1fe-fbb67edb5008,f71d9c1a-d831-4d37-ad50-2080459fea83,1,18,10,4,2023-11-09,2024-01-01 00:00:00,2024-01-01
8f17ddad-03ad-4b23-bc23-96df6312e875,d5aa2d83-6e40-41da-8928-a9ea95f3e713,bd2d0caf-ea73-48cb-b440-8e605014b711,1,20,8,1,2022-02-23,2024-01-01 00:00:00,2024-01-01
f61460e9-2bd0-4b05-8750-c6fbb000410e,0f59f13e-9b7c-42c5-958a-6944228b0bf2,6dda7226-673e-4822-b3ad-d1bc40f0d79d,5,17,9,0,2020-01-30,2024-01-01 00:00:00,2024-01-01
12583294-d845-4895-b2c7-90afcbef0d7e,015ecc34-3db6-4cbe-8f43-f7297a8d9602,bf5722b9-c754-45bd-a502-a5d56c8ab316,2,15,8,0,2022-03-13,2024-01-01 00:00:00,2024-01-01
008eb08f-8113-4187-a58e-02d4a42891f1,776641a4-2bd6-43b7-b29b-11ca0f22efa9,519bfb38-3676-4d96-9ab2-edb60603b77e,5,5,0,4,2019-09-04,2024-01-01 00:00:00,2024-01-01
5ef22d51-98ee-46bc-8b4f-d73970b89f28,51a410e7-ff66-40da-8db5-59f58414b4ae,3ffe091e-8a7c-4e2c-8e0d-90ed8faf148f,2,18,7,1,2023-05-31,2024-01-01 00:00:00,2024-01-01
b8f5b7aa-eca7-460d-a927-cb9e393a8a18,d4e55fbc-d119-4b1a-a6bf-c9d3d33d8508,0fe62ad4-3335-466e-b454-54daa2898258,5,10,6,9,2023-07-11,2024-01-01 00:00:00,2024-01-01
8664ffa9-6240-4488-8e60-30f21676436c,9bdabed8-e785-4bee-b3ea-465409ef95ea,3cc55d11-2a77-4031-b604-92a025d7a129,1,10,6,2,2019-04-03,2024-01-01 00:00:00,2024-01-01
8399dd1f-4354-4444-b674-512138a2bc54,e9e02c57-fdab-4e2f-b7ee-34e6d84dc156,0f6883be-4fc4-4ae2-9de6-f9e7f47bca68,5,10,6,4,2021-04-29,2024-01-01 00:00:00,2024-01-01
f98cfb88-09ff-49df-8df9-1f360f1e7d7d,23f449a5-66d4-4eb7-85ee-9fcb2fdeb67c,4b860dbb-3b9b-4e1f-8986-5f12d4f67aae,1,17,2,4,2019-07-06,2024-01-01 00:00:00,2024-01-01
f664ca51-a5b2-4080-8d33-27e53550d2a7,80d0cc32-7f35-4a4b-9a5d-39ba2a22b075,5cf3434d-e976-456e-a951-cad2c805a9ec,3,2,2,4,2019-10-22,2024-01-01 00:00:00,2024-01-01
cf92a0ab-6eb7-487f-a004-88528f0250db,60a2405e-c4ae-4965-9d3f-7cea941a0f45,ada0d30b-858f-4ee4-b2c9-3e053d4df7ef,2,1,9,5,2021-04-14,2024-01-01 00:00:00,2024-01-01
6e03978b-5a87-4126-8107-c591f881d62c,49d1f3fb-1d86-473f-8332-3aff2bb52fdf,7844313c-03fb-460d-afa6-978f8001955b,1,9,6,1,2020-01-07,2024-01-01 00:00:00,2024-01-01
37a96c7d-7ba0-4a90-88e8-596597970c15,3d998c64-ad65-43e9-9616-ffd43fc07e64,7fe05f0b-325e-4e03-9683-1584ee95d892,4,10,4,6,2020-10-17,2024-01-01 00:00:00,2024-01-01
25ee3e37-96d9-4897-ac43-053d051580aa,93d55748-1e7d-4ed6-825d-f18400897139,86e0ac77-a519-4936-bcb8-a02a31099e7b,1,1,3,3,2023-08-23,2024-01-01 00:00:00,2024-01-01
2161422c-9996-460c-8c4c-4842652bc57b,8bdd12ce-f560-481d-acdd-6f351fcd493e,e165c6ad-0881-461f-a326-0bedc06fdac0,5,7,7,8,2023-03-21,2024-01-01 00:00:00,2024-01-01
1e5306dc-0979-4174-ad1c-20a65ae7eb70,876d16bb-b713-4e9a-a71b-142750d88c70,634f8b16-73b3-4736-a3cf-19823bbfe6c5,4,3,4,0,2023-03-21,2024-01-01 00:00:00,2024-01-01
1a63caa3-6d3e-43ad-939c-6b683ffc5676,ec7b1b68-83ed-4bc2-9ade-9695a5494337,81b66fee-e764-4208-8777-f3ce1e86f1c7,5,13,1,7,2020-10-13,2024-01-01 00:00:00,2024-01-01
56128147-5499-406f-96f4-b0fd62203a27,53bd7f76-af62-463e-9d6c-9830dfc7ac9e,630f6ee2-4357-4798-b435-386ea8a00d80,2,0,4,8,2019-03-01,2024-01-01 00:00:00,2024-01-01
54ea0e13-ad4e-4125-a679-71a0109ca12a,dbdfd39b-7b3d-43be-9348-ccfb11b077b7,05d53705-6b97-4966-95a7-34b64c31de69,1,7,8,10,2022-04-15,2024-01-01 00:00:00,2024-01-01
7e799524-ab85-447c-a4a8-651519d776cf,8ca0e2a9-d417-46df-9edf-7d414263138a,a8bae049-a215-4378-8164-0e4c821524c2,3,18,6,7,2023-05-28,2024-01-01 00:00:00,2024-01-01
cbbfe1f0-faf7-4989-9cd3-7dc64ce0d8ec,82512b6b-2a79-4cc5-8b1f-752f4178077f,bb6ecc9c-2824-4092-8115-75fd5579d8e0,5,6,2,5,2019-06-21,2024-01-01 00:00:00,2024-01-01
8a1e5c74-ec2c-42c2-a867-fdf950e2d16f,45d07375-0c8e-40e1-b77d-a809297aa7b4,0288a5fb-a2e3-472e-b132-4e10784bc88a,2,17,6,8,2022-01-11,2024-01-01 00:00:00,2024-01-01
58955ae5-cf58-4aaf-87f1-e59b7143113a,7c06e370-ea2d-436d-8702-605183488b73,8c9c9dbe-e89c-4845-932b-7aff6ac30a0a,1,14,9,4,2021-07-14,2024-01-01 00:00:00,2024-01-01
b33a2fb2-b761-4aec-9454-ede5b7c570e1,73673d48-449f-4a6d-a4d0-652875bf1d13,546b971f-2bca-42ca-a9b9-11077fc42aad,2,0,0,7,2022-08-30,2024-01-01 00:00:00,2024-01-01
925cbb63-d5f7-4b14-844a-c50be25e51b0,55f3b042-42a2-4175-a412-0e77da9612bf,7c370196-e467-4102-be70-deb73cbca2c3,3,12,5,10,2020-07-13,2024-01-01 00:00:00,2024-01-01
75a59a57-267d-4694-be9a-21a2318f2377,8518dc37-97ea-478e-a3c9-09824e169972,bf8c7d28-d8c1-496a-b37a-aa3a224942d3,5,9,0,2,2020-03-11,2024-01-01 00:00:00,2024-01-01
e0c7bcc8-e09d-41c0-b02b-4feb2a1b84cc,51510731-2036-4614-a2db-c75aaf30d50b,0fe62ad4-3335-466e-b454-54daa2898258,5,2,4,1,2023-02-22,2024-01-01 00:00:00,2024-01-01
4a44b968-02ed-4218-98c6-2aa3778c8c19,046656d4-1a07-47cb-9453-970cfef40188,6fce7ef5-ee43-4bdb-90de-d63a0361ff25,1,4,8,4,2021-03-20,2024-01-01 00:00:00,2024-01-01
a6d76b1c-c400-4757-a8ed-72299eb7fb28,0d07c803-c7b9-4c3f-bade-62306ba856be,746c3efc-cf72-421d-9710-968c235f4970,2,19,8,5,2023-12-04,2024-01-01 00:00:00,2024-01-01
f1654b77-9f9c-4a51-921b-3a3fd686a846,63490532-66d1-4cc8-911a-d0b4843336de,8f10bb43-2edd-452d-9b02-bc94aef8d31e,3,20,4,7,2022-10-28,2024-01-01 00:00:00,2024-01-01
5d6e7cce-515e-4adc-9406-9abc3f17ef78,a1d87e70-b230-48c7-9089-be58a2cf68cb,0ad16284-7dad-469c-81c6-08e7988e4581,3,10,3,7,2020-07-13,2024-01-01 00:00:00,2024-01-01
beb75148-d18a-4f43-97b5-25e393977f67,497c8f0e-bdf8-4259-b419-fa53c3a884a8,57c6c21f-4b7b-4f72-ba83-2b0e46e6caad,1,4,10,0,2022-05-12,2024-01-01 00:00:00,2024-01-01
4f21cf81-8a2b-4773-8fb9-29d7cdcfb271,6b2724a0-95b9-4062-8d45-830a082d6b08,fa0c82c7-6c7a-4683-9364-4dae45bfa07e,1,0,10,2,2022-05-31,2024-01-01 00:00:00,2024-01-01
4ef86371-a8bc-418a-9323-36653222f969,ecc548d3-fc78-4167-9083-cd56466ccda9,61094253-0645-4e3a-8425-6747dd857e20,4,12,8,1,2021-04-26,2024-01-01 00:00:00,2024-01-01
2a2eeec0-4b15-4447-beb0-7168596a4659,fe06e848-04de-4599-8630-654a18bb7296,f480b76b-76bc-484f-8d2c-955d43244901,1,17,0,10,2023-06-01,2024-01-01 00:00:00,2024-01-01
7179e68d-e6c5-4cf8-8ac7-695a9bac1f41,d2ae323e-e621-4799-8845-04010aedba1f,a05f046b-dbbf-4c3a-8381-3696ddecc5ca,1,11,6,9,2021-06-30,2024-01-01 00:00:00,2024-01-01
f2d3d434-2d3c-4909-8cad-5a0506abbfc1,1e41ddb5-918a-4b8a-9bdf-89fb803518e4,9cd072bf-530a-47fc-8e8f-2f08787a39bb,2,0,1,7,2021-01-03,2024-01-01 00:00:00,2024-01-01
e6b11013-d8bb-407f-bf34-3577d200ad7a,3ae7c224-7009-4c09-9d89-8fecf478be2f,4ad46ba6-0e0d-4a9f-99a0-daaf42573169,2,14,0,3,2021-01-28,2024-01-01 00:00:00,2024-01-01
c1060aa1-f960-45e9-8f4c-5c7bfd3fd301,86dd4a98-cb26-4118-ac11-6f393699f16b,cde40d91-3c13-4642-9f5d-491c6ab20139,3,11,3,1,2023-03-02,2024-01-01 00:00:00,2024-01-01
2e261f3a-c2ad-4b89-b5d1-109ffe103707,955a7607-6016-4446-800b-3ffa8cbca82e,a18c338e-2bdd-4513-ace8-d217c6e42651,3,7,3,7,2023-07-30,2024-01-01 00:00:00,2024-01-01
950099b3-24a9-4eb4-9e33-8bf3aa1c70ed,e670b6f0-14f2-4834-a5c5-5d81cbfcdef9,e642b2cf-beb5-4842-8a40-ff302c3dea85,3,15,9,3,2021-01-13,2024-01-01 00:00:00,2024-01-01
03bb5cd6-b762-4ee8-a48c-1fd9c1481585,8f0b5cdd-b2a1-45e5-8d63-b2e3645cda9d,13d5de61-8558-4387-8ab4-347a8f505a31,4,3,4,9,2019-01-15,2024-01-01 00:00:00,2024-01-01
fd933fef-b00c-48fa-9caf-34f4d8ec11a8,094fc2ca-e962-437d-932a-90cefc0d804a,6e0e9c7d-40f2-4687-93a3-07886e09f690,2,17,3,10,2021-10-21,2024-01-01 00:00:00,2024-01-01
36fa266d-5554-4d81-8972-09a14f848a9e,1ea99f11-c3ef-48cf-8d1b-934097decd4e,10b9b9a3-b3e2-47dc-b449-4a4592513e37,5,18,2,1,2023-02-22,2024-01-01 00:00:00,2024-01-01
8dbe9155-b8c0-4ba9-9f83-8b9b172a78c7,0bf88d8c-48d1-40bf-94ac-8b9020b7dc04,b886de27-d776-421d-9e18-d1314e27c111,1,4,4,9,2022-04-19,2024-01-01 00:00:00,2024-01-01
84dd03ca-76e3-4991-818b-ef3e925ff9b7,836b317d-c486-4a5c-bd82-3ac4c3d88df6,0d2eb9ad-40d8-4bcc-b97e-f4188da258d5,5,8,3,10,2023-10-19,2024-01-01 00:00:00,2024-01-01
fd33ecbe-685e-4344-85b0-668579948146,1c6cfd75-0fd0-4794-9d5f-39add6c3f04b,b11e4077-bcfa-4850-b6d2-e2d7fbe51752,5,19,4,10,2019-02-17,2024-01-01 00:00:00,2024-01-01
65cca627-efb7-45e3-8b33-39cd7aa3aac4,12d259cf-7278-46e5-9c6c-c75ff58f0e08,87eb74a2-719a-4a03-ac6b-524726e2d944,4,0,6,10,2022-02-21,2024-01-01 00:00:00,2024-01-01
1b1b66b5-8485-4c03-9143-ef11200bb5ef,5a2885dd-fa2d-4ea3-97a9-ce1d24a931af,44e549c9-2fe5-44df-8804-9d88f6092512,1,10,6,6,2022-10-10,2024-01-01 00:00:00,2024-01-01
9dc69f6a-72fe-431a-b2ce-0bfd6f63fd65,21a79c2a-1559-48db-9ac4-dbab7c94bc5b,99a2b8b6-7876-4a84-b9fe-9a64c99038d8,5,14,7,5,2020-07-15,2024-01-01 00:00:00,2024-01-01
aeef812a-2db2-40e4-827b-1237a1905a67,d5eaca03-0cde-4785-b389-9b77c85abc4b,b5d28e31-5851-4a1f-99b1-3cd87c68ee07,1,7,0,4,2021-11-25,2024-01-01 00:00:00,2024-01-01
c18ca1d0-1338-4e6d-b944-4e6ead4c3c03,fafedada-72c3-403e-a15b-c95ef13e6bed,a7875516-191c-433a-9d0a-e42a3e3ed6db,4,10,0,6,2021-05-10,2024-01-01 00:00:00,2024-01-01
acdf22a0-2f88-4496-a85d-2d3ad12464dd,b964ec0d-26af-4938-873a-713a0c8aea43,b4518080-60ea-4798-86bc-d3b1ae7c352b,1,18,0,3,2020-02-03,2024-01-01 00:00:00,2024-01-01
16a0200e-1996-4721-ad50-b288e807eb98,3ee3c3ad-a763-4377-b8e4-9dcbfe333b80,376bf133-e199-4cba-9207-4b5fbcc0407c,1,7,3,2,2022-11-13,2024-01-01 00:00:00,2024-01-01
cb12200c-51ee-4c68-90f7-b7d5126edc73,41576996-6f70-4df5-befe-7d6ce9a0a201,117d3262-7947-4f82-b666-c1ac287f8bdc,1,20,10,1,2020-11-05,2024-01-01 00:00:00,2024-01-01
c78b452a-d4c4-44d1-b14a-ac27f2554dc6,22740905-048e-4574-95a2-40e36e55161e,13ef26fb-028c-4b96-bd33-23545fd49368,4,0,9,10,2019-02-27,2024-01-01 00:00:00,2024-01-01
d60b790c-bb4d-427a-aac7-d22bceab8363,48cb98e3-2b8d-4afa-8e9c-86dcc7040202,62638dba-59a8-4de4-b3df-06501e2a7309,3,7,1,7,2020-11-15,2024-01-01 00:00:00,2024-01-01
a962207e-ebaa-40aa-89a0-6f87254cc8e9,0e432948-0588-4c26-a723-dd34362121d7,45446c04-e6a0-4cac-9e99-d912f4625863,3,1,5,8,2020-05-03,2024-01-01 00:00:00,2024-01-01
0e347250-abe0-4761-8a9b-27b6dedcbfbf,1e05742f-f4fd-468d-a1cb-5fcfd9727a1d,2db30c78-fe47-4ff9-85ab-6216a35a122f,1,19,9,7,2023-06-15,2024-01-01 00:00:00,2024-01-01
ad552f69-2877-488b-abdf-69f7c70b78e7,76d2f086-cca8-47cd-8800-639e571b28ff,197a906c-2754-459a-814c-c59419530f1a,4,18,1,1,2023-04-14,2024-01-01 00:00:00,2024-01-01
4ca83c55-f2df-4c1c-ad28-e3df94937efc,90cf3db3-e471-4d28-b89a-7a716e938476,162f75bc-b2ed-40ce-a26e-981ea18f28c0,1,12,5,1,2019-05-05,2024-01-01 00:00:00,2024-01-01
761fae7e-2667-4273-918d-5815e272e86d,a75a0134-80bf-4f0b-a0ad-6e7215b74c1d,b886de27-d776-421d-9e18-d1314e27c111,1,14,0,4,2023-05-22,2024-01-01 00:00:00,2024-01-01
7c612661-f711-40fd-9c94-a6877f3254a1,e50d1263-10bd-405f-9b3d-54ee06b8e262,e6b82e62-5bc6-4d33-9de6-4ca3413eba00,4,2,1,10,2022-06-04,2024-01-01 00:00:00,2024-01-01
7ff6d0ea-0759-4545-8de4-561905fb7e1b,1ee5ef52-3273-405f-b768-3cc4d5a495ea,62e1d3cc-9eb7-4f34-8ae1-35b34d1f7fc9,1,9,6,6,2019-04-25,2024-01-01 00:00:00,2024-01-01
93ed6a06-555b-4b36-a499-dd002e6235dd,07c41e51-aeb8-40c6-a0ba-25faafb95c31,412d6b46-5df7-4846-b579-6afbac9ecb1e,4,7,9,10,2019-07-16,2024-01-01 00:00:00,2024-01-01
2447d4e2-9fe0-4c79-a84c-e79c42a200a5,7502d43a-44dc-4e3f-8277-a978e7896c9f,bb33d41c-4831-4a38-b78c-cc314fb2914a,4,12,7,6,2022-07-01,2024-01-01 00:00:00,2024-01-01
63896f18-0882-4eb9-b46e-db81b1a6dca5,03f6f914-6792-40e6-b0bf-64d286c2d74f,fee34432-a4d3-41dd-8215-d2135245a4ee,1,10,10,10,2022-06-24,2024-01-01 00:00:00,2024-01-01
5610d943-ac60-4ca9-84b3-ed577697e060,893a525d-594a-4cb6-b5ce-4bb2821c7516,7844313c-03fb-460d-afa6-978f8001955b,4,16,5,9,2023-05-23,2024-01-01 00:00:00,2024-01-01
ef1bea24-e606-404e-ba0b-0e94e041e6e9,b9f90fba-a7c6-42a8-b511-ea16d5b95720,75b7337f-e116-4636-ac36-fe61ed885b30,1,0,9,1,2020-01-30,2024-01-01 00:00:00,2024-01-01
5263a47b-da4c-4c54-a90e-cf01a4b1a0a2,19d5c5ab-471e-4897-be9c-5b7d69638411,bf743547-e02b-423f-b740-ac35621649bf,2,18,2,10,2022-04-29,2024-01-01 00:00:00,2024-01-01
124d5160-b443-48c5-9846-2de6e00a5ed1,56dcb053-f73b-4b1b-bd93-f14890fcf4fa,6b807bcd-3847-46b4-b0cc-81288a961cc5,3,13,7,9,2021-11-08,2024-01-01 00:00:00,2024-01-01
ef3e0535-08d3-4f7c-9dc7-7d7dded32efa,6102518d-efab-47ff-a465-ceec7e66ac68,dedc6b5e-7dd0-4412-8bbc-91e03d351549,2,4,0,0,2021-06-29,2024-01-01 00:00:00,2024-01-01
2e445949-5880-48c8-b290-15d6b477366c,6f7c8858-e879-4efd-92a3-059f81149219,117d3262-7947-4f82-b666-c1ac287f8bdc,5,13,8,10,2019-09-19,2024-01-01 00:00:00,2024-01-01
0b87de34-a061-494a-8f37-7d921614aa6f,f9c12442-a591-49b2-bc18-9822145caba8,0ce240aa-6ec3-42da-bb65-a50fb6b5ccc9,3,18,8,2,2023-03-25,2024-01-01 00:00:00,2024-01-01
43b9cd25-2dee-4323-aa61-5f0321568f17,9be56eea-272c-48a5-b861-767fb53b0ca0,66784518-e5fa-42c4-83ff-8b12e93c6b3d,3,19,5,4,2019-10-29,2024-01-01 00:00:00,2024-01-01
3b1981c8-d149-4c59-961c-ee693403b3f4,88caf76c-6b2d-47fd-bf53-16878ce96f3a,b11e4077-bcfa-4850-b6d2-e2d7fbe51752,1,16,9,10,2021-01-25,2024-01-01 00:00:00,2024-01-01
c61607e1-1427-4a49-9d81-2bdf8f45e172,535aabc4-3d40-48f4-ad11-039a07742fe2,302f1237-ef3a-4879-89a9-7a23764174e3,1,7,8,8,2022-10-21,2024-01-01 00:00:00,2024-01-01
bca54519-aac9-4934-9693-2edf4f0d4b0e,1f0b2773-9308-4df0-a8f8-eae1fe03cfc0,51ec2300-6e24-4efa-964a-815a5f6df4aa,4,11,3,3,2023-10-25,2024-01-01 00:00:00,2024-01-01
dcd52729-3e31-4474-b658-f92c0ac1dc00,fb2289fb-4b10-4eba-b03d-127b21e3863b,0be28c25-0327-4f80-8046-0eaeb54d8a11,2,2,5,3,2022-08-04,2024-01-01 00:00:00,2024-01-01
80d421d0-cec6-48dc-b2fa-e76cb52ade71,05a2d895-9e73-474e-b988-7a1ed7900000,fa0c82c7-6c7a-4683-9364-4dae45bfa07e,4,19,5,9,2022-09-29,2024-01-01 00:00:00,2024-01-01
869495fd-f5c9-4e9c-9d95-bad265536e1c,935e41bd-239b-49c8-8da7-943e5f8b8f45,b3a57685-0ec6-4f4f-aff5-8f1dac0cdd0a,3,19,4,6,2022-03-05,2024-01-01 00:00:00,2024-01-01
3c707562-1059-4440-99c9-30fc4b2fe1b4,2d1dde43-6038-4af4-ab46-a9f56d15fc20,0306d001-3725-47dd-93af-046c8d337d2f,1,14,0,7,2020-11-04,2024-01-01 00:00:00,2024-01-01
1e457996-86e6-4599-ba2c-21df8af5532d,e0b67a2e-7433-459d-97b9-468f097d889d,dc497c55-2855-4a13-8405-ca80712ec6f2,1,20,3,3,2020-03-25,2024-01-01 00:00:00,2024-01-01
879f363d-3c7e-4689-a378-e35acf1521b5,0b736c99-9cf3-4e98-acf5-3e9582bf9cb8,c6c5cf41-f7d6-4fb3-a9e7-b0ad8c435595,2,7,7,5,2021-08-13,2024-01-01 00:00:00,2024-01-01
d947324e-d002-4969-adef-144b70bd1862,398c66bf-8e7a-44ce-969a-96eec7789f13,951a9f55-1058-4bd9-954d-043e088ec276,4,6,6,2,2023-07-12,2024-01-01 00:00:00,2024-01-01
5653c73f-116d-498f-b5eb-858cd97d356b,ab8e2a06-6f81-4a9d-822e-bb8a323f73c4,60a84bb9-9c76-4b64-ab1d-16dd31b94625,3,0,1,5,2023-08-19,2024-01-01 00:00:00,2024-01-01
c7ec5f45-b497-4221-aef8-f92750ff0afb,81f594aa-a154-4f9a-a338-a9975cd96e0f,61094253-0645-4e3a-8425-6747dd857e20,1,4,4,7,2019-03-03,2024-01-01 00:00:00,2024-01-01
d9cab6e8-5131-4872-a253-438ddb538eac,718d9350-e14a-44c9-8d49-78293066f423,b0a0d89b-80c6-4f3c-bafb-164caad0d852,5,11,0,0,2020-02-03,2024-01-01 00:00:00,2024-01-01
39430fc5-a074-42d0-b7cc-1c3765cd4fee,cff8fe08-db00-4e6b-a158-7e7e0ec0974b,f628a16d-7b88-4b36-9ce6-2f7a65ad95a1,3,5,3,4,2020-02-12,2024-01-01 00:00:00,2024-01-01
2b350bf1-dee4-4475-b97b-cd515adabb9b,bea0b1e9-6158-42ad-bb03-e4b53b6f4b3b,c60084f3-f963-4262-b773-fd8f12808239,3,17,3,2,2023-01-12,2024-01-01 00:00:00,2024-01-01
b56a7a60-bdc7-4b75-b21a-af160c55e496,c04e9012-9a14-4449-ab12-3650da2b7f3d,c9f97feb-5530-4096-aa8a-da682c30bad0,2,8,1,0,2020-02-06,2024-01-01 00:00:00,2024-01-01
e5df436b-edf0-4d1c-943a-2e06ddc6dd2b,a4fa8126-e507-488b-81fc-72ce3b7cf364,904fbcdc-a01e-4835-9898-b70b508ff43f,2,12,10,1,2023-08-30,2024-01-01 00:00:00,2024-01-01
0f9da10d-b145-43b9-a6cb-ca5023627eee,e90f94d5-1418-4363-8f23-e9b3f6f8583c,4ad46ba6-0e0d-4a9f-99a0-daaf42573169,2,9,7,3,2020-11-24,2024-01-01 00:00:00,2024-01-01
63b8d778-1e20-4539-8827-c42c10bd0160,8c436c83-9f53-4a4a-9118-b1cd5cb32df4,a57ccce5-4849-48fc-bdfa-0c5932580ebc,3,5,8,9,2021-01-27,2024-01-01 00:00:00,2024-01-01
2c048ba8-7668-4493-a98d-7b8c1d12bfc1,4ad76984-ac07-4758-8c33-2e00b5dab1cd,7c4a0338-8dcb-4de5-b189-da33fbef11d0,1,3,2,2,2021-06-07,2024-01-01 00:00:00,2024-01-01
3e899923-6449-4e77-8631-141cecfd1740,cf7797d7-dcff-41c4-b146-7d79eb2f512c,00a0efc8-6053-489f-be9b-2c105c9904d8,2,17,6,5,2023-06-16,2024-01-01 00:00:00,2024-01-01
44da9f5f-2cc4-4ab2-95bc-b34eb20aae48,93ec54ce-17d6-4bfb-b659-bb256623a411,7c370196-e467-4102-be70-deb73cbca2c3,4,20,3,0,2020-10-13,2024-01-01 00:00:00,2024-01-01
71e6e5a8-9b2b-4a3e-a984-cc05a0cf31f1,3095afe7-7cef-4321-b489-1050024d3c78,44444b0d-5b0a-407c-a8be-8eef20b13052,5,6,8,4,2023-04-12,2024-01-01 00:00:00,2024-01-01
b081e8f3-1cc8-4210-96e6-8eb88fdbfe65,3a677188-8c87-4510-b1ba-d178d2ecfe94,484ab5f0-e2b0-43f1-a5d8-b17c30918446,3,7,0,10,2023-06-06,2024-01-01 00:00:00,2024-01-01
1b9dd529-4966-4b62-af4d-d8fbe33c6347,06d9f1fe-edd0-4447-8025-48b609a17e33,834586db-c5c8-4589-bab4-39c974547035,2,16,9,7,2023-06-18,2024-01-01 00:00:00,2024-01-01
d7e9e8da-a97d-48a1-ac2d-94c9be0ec531,651dedbd-83e6-41f3-ac07-36134150b5e7,c240c790-3b92-4d03-8e5e-1337dc1f1358,1,15,10,9,2020-03-04,2024-01-01 00:00:00,2024-01-01
fffe7baa-8a39-439d-b1b6-fc188f1aacb9,474ea5b1-f30c-44a5-85f9-3e14f52736cd,c5c7407c-e106-4782-bf24-d20acbd08956,5,12,10,8,2019-05-13,2024-01-01 00:00:00,2024-01-01
94374834-a5cc-4fdc-a00f-f5d488c948c0,0e5e7b16-9d37-4fd4-aa25-a38cfa54561b,802e86de-f4e7-4a53-92a2-7ebe0a47df39,5,14,2,5,2021-02-05,2024-01-01 00:00:00,2024-01-01
ba5932ac-a929-4205-95a5-7d61e7621c03,8bbf33ce-4772-477c-8b71-9b9c2e7656de,78312951-58cb-4114-b4ec-1c62fb9f5e8f,5,15,7,7,2022-12-30,2024-01-01 00:00:00,2024-01-01
66223b34-4b6b-4186-aa39-834d08bf92d5,81bf5afd-ca65-4d2f-ae23-c2018d4d335d,e9037705-41a3-4880-b304-5110ead0f928,4,20,9,10,2020-07-03,2024-01-01 00:00:00,2024-01-01
357e55c9-12d5-4f82-8ef7-1a20f9e31f75,54818e29-791c-459f-9457-f0a3fa372ccf,07218b72-f093-4fb3-ba40-a0b2e73c75e2,2,6,7,3,2019-03-16,2024-01-01 00:00:00,2024-01-01
b23783d1-cc08-4fcd-8b99-0bf3c9a8bab3,5e7b59dc-ee04-4b22-a13a-a6299257b7a0,45404c8c-fd4f-4d15-903b-91b5c05b0375,3,13,6,9,2021-03-21,2024-01-01 00:00:00,2024-01-01
d15e3df8-8553-4f04-83c3-885035917b3f,d723da0e-e550-46ae-a196-4107301eaabd,23a41a82-aaeb-4cbc-a3da-56c530260b62,3,8,8,1,2019-11-18,2024-01-01 00:00:00,2024-01-01
f05ca765-177c-423b-8f00-6e7e4c5947b5,cdbf7566-aa0e-404b-bdee-dbdaaf45031b,be16f2ee-cce4-4859-ae1b-2aa1315cd48d,1,9,7,8,2019-10-03,2024-01-01 00:00:00,2024-01-01
d7ceeb7d-90ca-4763-ab51-b22d3295a2d1,a5caeafc-1105-4885-8f05-acf34194d55d,5940ce1b-9791-4aa0-a3db-8eb776311197,5,1,7,8,2020-12-21,2024-01-01 00:00:00,2024-01-01
3fb7a734-440c-4854-9b3f-78e5a37b3f79,37fc7584-b66c-4a8a-9ba7-39fdf8f6efcf,f3aecb8f-f8b9-406a-82a5-1f464e1c4e63,4,14,7,6,2022-06-26,2024-01-01 00:00:00,2024-01-01
a3ad46cc-9fbc-4bff-9378-d905320cadad,57a3fe22-a2a0-47a4-ae51-9928e60d4600,7d452a25-98d5-4e93-91d0-c5173fe7ba0b,4,10,4,6,2021-04-17,2024-01-01 00:00:00,2024-01-01
f965031e-2991-490f-9652-adba4b8d1a14,ccc6e21d-0b25-4425-9ad1-3085cce62f17,685a72a1-81ff-4c14-8ef4-776b03c7ecc5,4,7,4,10,2019-02-20,2024-01-01 00:00:00,2024-01-01
4ff25107-7a5d-442b-a0d3-016bf896b8eb,e4940c90-a81a-452f-932c-614b314a0cd1,0ce240aa-6ec3-42da-bb65-a50fb6b5ccc9,1,9,8,8,2019-06-05,2024-01-01 00:00:00,2024-01-01
3c8cf0a6-b583-4e95-a63f-3ad514c4f322,4da6d569-27f5-47b8-a0a1-107f81512b38,3f5e8bfc-3258-4d11-a9ee-45d332fd0527,1,8,3,1,2022-01-24,2024-01-01 00:00:00,2024-01-01
afc3160f-0dd9-47cf-91e6-31c541173c5f,4244c135-fab5-4197-8d26-672f82c1d64b,584e76ab-85d6-4fa7-a0ca-1fcc61a82bd0,3,1,8,3,2019-08-31,2024-01-01 00:00:00,2024-01-01
9a29c3e2-8e60-42e0-9693-e6751fed872f,132b036d-9304-4a68-ad7d-3cdc7f0ee7a8,13d5de61-8558-4387-8ab4-347a8f505a31,3,8,4,10,2020-11-14,2024-01-01 00:00:00,2024-01-01
abd0aa5f-5c9f-48c6-99a6-8f7630761dcf,bb74f0f6-9a06-455f-9d8d-a9913b1a18ba,5dcb279c-8c21-4c39-93d8-3b753eef2167,2,19,2,8,2023-09-28,2024-01-01 00:00:00,2024-01-01
d81098bf-3f65-4140-a73a-bdf007678c1d,9893eb08-7773-4f56-a3e2-bf8f7ebf0efc,896872e5-c3d0-4f6e-89c7-414710662765,3,9,5,6,2020-06-18,2024-01-01 00:00:00,2024-01-01
2e28e992-7790-42a5-a9ed-65a52a9156e8,bedc706d-c9e5-4e70-8a5f-b52127c1a4d3,2a67aedf-6514-4b81-a4d7-060235d6e43e,5,20,0,7,2021-04-10,2024-01-01 00:00:00,2024-01-01
a2f3f557-7ead-4f7a-9b59-9bd2320797fc,bca553c9-7ada-42e6-a2f6-3c85bc9ccf36,1fd92115-7d53-4da3-a45c-11dc09664fa6,2,12,3,3,2022-09-01,2024-01-01 00:00:00,2024-01-01
b44b6f7e-0aad-49a9-b6b7-280bdcefb4af,fc734533-6995-4edf-8429-1aaec815b8b1,4d87cbaa-bcd0-464a-9fcb-d81df4a1d9c8,2,15,3,8,2023-01-21,2024-01-01 00:00:00,2024-01-01
11ca18de-322a-400a-95d4-37fe463399df,40b48d6c-f9d4-4726-b665-8e40c9bb4495,45d7ea24-c950-49db-a864-e2d30c0d5168,5,14,7,5,2022-04-17,2024-01-01 00:00:00,2024-01-01
33a399d8-ede7-4480-a6c6-2096563ae23a,cf8af55e-a828-4ffb-8a70-57d5531952b6,ea4d27d0-037c-4927-900f-4f755cec1ab2,3,6,6,6,2023-06-10,2024-01-01 00:00:00,2024-01-01
26d312fe-e282-4d3e-b3d1-1bdafbd4292e,7f39a1ec-8b39-47d4-9c42-5fb5d3abf2dc,b3673644-b02d-4f35-a2aa-0344feca4972,4,17,0,5,2020-03-05,2024-01-01 00:00:00,2024-01-01
71102430-5a0c-4a28-a6d2-6674695c9326,77992159-043a-4eb4-8f97-f5bd227a2756,b1dc94e1-9c1e-47a0-a619-b383230402dd,2,9,0,7,2019-10-12,2024-01-01 00:00:00,2024-01-01
c79fda13-156d-4d0a-9d2a-e58f486efee6,06f1a662-759b-4606-bdfc-b6bebd90ac58,519bfb38-3676-4d96-9ab2-edb60603b77e,3,10,3,6,2023-07-18,2024-01-01 00:00:00,2024-01-01
d162e246-31ce-4cfa-bf9b-bf39c173dcaa,d13f8061-dec8-4b80-b6c5-e310d0fbb989,fa9d2712-59b1-4861-9cdc-4344e649a21a,4,17,4,5,2021-05-21,2024-01-01 00:00:00,2024-01-01
4105ad55-d39a-4496-949b-886ba78bec86,12a7c87f-0d3c-49b1-b33b-2a98e49cfdf6,c9f97feb-5530-4096-aa8a-da682c30bad0,5,1,2,2,2022-04-17,2024-01-01 00:00:00,2024-01-01
e877c2b5-8477-4047-a241-5e979b91b555,05f6b01f-a67d-452d-8119-a36aa55d5fe3,88ae4cc4-c859-41bb-b115-0a8c07730e75,5,19,9,6,2020-11-07,2024-01-01 00:00:00,2024-01-01
6a47a69d-67b7-4318-bee0-b92fd78f2f48,854acfa4-2f99-44c8-9e70-2041e81f9b40,d78182ff-6287-47fb-a6a1-c86862779c6a,4,2,8,6,2021-02-19,2024-01-01 00:00:00,2024-01-01
9ffcecbb-59e7-4313-ba91-8e564c1ed12d,fd2f75be-ea88-4065-bda3-5423fea32a42,fa0c82c7-6c7a-4683-9364-4dae45bfa07e,1,10,9,7,2020-01-21,2024-01-01 00:00:00,2024-01-01
ab0bd0f2-7677-487d-9efa-5201aa0f67f0,5102d7c4-f662-4243-bda4-abc46cc57fb5,3c329c0f-2222-4c83-931c-9f5f9b6d80a1,3,2,2,1,2022-08-01,2024-01-01 00:00:00,2024-01-01
7123cbea-6ee1-4fb8-a53b-5cc372e7d558,104b6ca3-2809-49e1-ba9b-e47985294e6f,428f3bea-e0ec-46fc-9e87-7911f78085c0,2,1,9,7,2022-10-14,2024-01-01 00:00:00,2024-01-01
92fb5ad8-a8c4-4aba-be21-26a11f51bd52,5d62e6b9-8b07-4716-a288-1b38ee0c6126,dedc6b5e-7dd0-4412-8bbc-91e03d351549,2,2,6,4,2019-02-24,2024-01-01 00:00:00,2024-01-01
682fedc4-a3c3-445a-b186-4fec27c58000,dd7e98a4-5a30-416e-aacf-208edfa3e484,735e3307-b6b1-4147-9929-224858ae60ea,3,16,1,7,2020-02-26,2024-01-01 00:00:00,2024-01-01
3c66f78a-cb4f-443e-8f48-bdbf9b5c091d,40e461ee-2c83-4bcb-be17-d3d4b0d72762,7d452a25-98d5-4e93-91d0-c5173fe7ba0b,5,0,2,5,2019-04-28,2024-01-01 00:00:00,2024-01-01
744217e0-0508-47a1-83b7-15a2ab5efa5a,0e799d93-06fa-437e-ad90-126a4df47c1c,0be28c25-0327-4f80-8046-0eaeb54d8a11,4,12,2,1,2023-10-27,2024-01-01 00:00:00,2024-01-01
57d72481-af27-41eb-99dd-ed841c137cff,a5926d8e-77c1-44b5-8a86-a9bc40c55819,f3e3ebe3-029a-424d-8e46-d1cabd507128,4,15,1,6,2019-09-22,2024-01-01 00:00:00,2024-01-01
27fa2501-c39e-484f-bf29-e8982dc74eb2,3206c0dc-9d4a-4403-a041-a9ccabae0f14,3ffe091e-8a7c-4e2c-8e0d-90ed8faf148f,2,6,4,6,2023-11-08,2024-01-01 00:00:00,2024-01-01
5199a432-73a3-4a06-833b-018cd926799c,818a0d74-0d5d-4efb-aa23-3229d9cfbd82,15126595-ddb9-4291-9946-5b29f8108d8f,4,5,9,9,2023-08-03,2024-01-01 00:00:00,2024-01-01
74f7e1ff-275d-4f4e-a281-d1640fe9ff08,f41e0ece-ecb1-43b5-a508-5f54e0b22303,79001d4d-d695-492b-b3a9-4fd78d066ddc,2,16,10,7,2020-09-27,2024-01-01 00:00:00,2024-01-01
cb390ff4-35f2-4c2f-a32b-97bcc8c8eb9e,6ebbf917-77b2-4a40-977a-aea3a070bddd,d789c5f0-4cf4-40e0-a85f-a2b3f0cfc46a,1,4,7,1,2020-07-18,2024-01-01 00:00:00,2024-01-01
232ca801-daf6-4100-865a-9050b4b904e8,9a573a2c-3a43-41d6-822b-1bdcda928397,f683fafe-1a26-478a-9f5a-38aae47e84b4,5,7,8,5,2023-08-16,2024-01-01 00:00:00,2024-01-01
c5ad7096-ce90-4bb5-8ec5-5024936a3a00,db284cb3-078b-48bb-bab5-497c3deda247,4de6c7f0-1541-4146-ba6c-4b5813098f5e,4,14,7,9,2022-03-11,2024-01-01 00:00:00,2024-01-01
e2c9b2cd-59d6-417c-abbe-3fdae73d308e,01404538-ddde-42df-a9d3-5ba47b8d68a0,114ae6a7-6e2d-42db-95e9-a55e8eadc4d5,1,9,10,7,2019-03-22,2024-01-01 00:00:00,2024-01-01
3115c4fa-c157-4b27-acf4-5b79948cf107,92060563-7f49-4c86-8373-6cedcec38a5b,52e4d0f2-f61f-47b1-90f9-cfa43836e7eb,3,12,9,2,2020-12-11,2024-01-01 00:00:00,2024-01-01
b4e94b2e-47d6-4c70-a447-44767d935c35,68fad380-1e92-4041-9729-d2f7b1a3fb44,8564e2c0-2c90-4a7f-ac42-b93cbec1c8c2,2,19,6,7,2021-04-30,2024-01-01 00:00:00,2024-01-01
9979d061-896e-4f09-b65f-2cc7ae287a40,b0a895f4-8030-4daa-bc6d-49e30d29a997,c46055ff-a101-4e7c-b06d-5750fe2694b1,2,18,1,6,2021-02-26,2024-01-01 00:00:00,2024-01-01
a5515624-0864-4865-a041-ee3302c99670,a912bf19-5fc5-488a-828f-16f587c37af6,8f10bb43-2edd-452d-9b02-bc94aef8d31e,1,7,2,4,2022-12-01,2024-01-01 00:00:00,2024-01-01
6bb293f0-093f-4124-a214-774480eff34a,cee7548a-62d5-4849-8bbc-70715c4f1bd2,8c513b87-d0dd-423d-81b8-0c75905258f3,3,2,3,7,2022-07-10,2024-01-01 00:00:00,2024-01-01
28f53289-b560-4ffa-9f06-91629da219cd,df07741a-cd22-4468-8288-43233d09a8d1,33a8bae8-defe-45ee-bc55-acac9865843c,5,3,5,1,2021-04-22,2024-01-01 00:00:00,2024-01-01
48c08c56-d7e2-4ab4-ba98-008959472072,3cc163ca-67b7-46c7-8195-2c1adf4eaa0b,24350707-610e-4310-9644-77314fe37d18,5,10,6,7,2023-03-28,2024-01-01 00:00:00,2024-01-01
0f056c4a-51fe-4f72-9156-963e92688e46,0f2ea54d-808b-4686-a1a3-a87d343f67f6,a94ab030-6fa9-405a-a6d1-616817fc5300,2,16,0,7,2019-12-04,2024-01-01 00:00:00,2024-01-01
bc249c94-405a-42b3-b0be-380143e4968b,1606f77a-c554-4f91-b0df-7b719afec80d,5bc5474f-e659-435e-92e4-f5bcc8af59ad,4,12,5,6,2019-02-24,2024-01-01 00:00:00,2024-01-01
8ae99b9e-5121-48fe-8e12-677db7f6f21f,07a43d07-352e-4f2c-a48c-e66b9d318f0f,252bc613-f891-4c50-bfa2-3f54657b5c15,4,1,0,4,2023-10-19,2024-01-01 00:00:00,2024-01-01
32cc50ba-7b9d-4473-b45b-87b8d7f5f0b4,a1b4b43d-931b-4b90-988c-bd2a2f89133f,15126595-ddb9-4291-9946-5b29f8108d8f,2,10,10,7,2019-08-23,2024-01-01 00:00:00,2024-01-01
09be5582-d0fb-45ad-891d-495a6fc54a24,5c65f964-da70-437f-9588-fea19d67fdc9,07e5b557-841f-4555-ae9d-a926caafb32a,1,2,8,10,2021-09-19,2024-01-01 00:00:00,2024-01-01
41a91e48-54b8-41e4-b2f3-b910f0b54b52,627ea48b-f7d2-4aeb-ae01-9fbe1a9b44f3,ef42be3b-52c9-4d67-aa60-aeed0338830b,4,4,7,4,2020-05-11,2024-01-01 00:00:00,2024-01-01
e98ca465-4b6a-4c7c-82ef-69e49711c41d,42806454-63c7-48be-acac-e94ed0722bf0,cbda28f9-cabb-4ef5-b3b6-8d4b48165def,2,0,9,1,2023-09-20,2024-01-01 00:00:00,2024-01-01
13898c39-9098-46b9-9038-e4e9bfed0d7d,8c62de85-792a-4399-b53c-6c760ee38a42,ddc37b46-61eb-46d4-ab20-d0103947c438,1,17,6,2,2019-12-29,2024-01-01 00:00:00,2024-01-01
fb9a6454-ea85-4f5a-be4a-a370d9bb47a6,3519fa0f-3dc9-4aa7-badf-c54a5f1d605d,b4c320b9-2e83-43f2-a379-c048b29a763e,1,8,2,7,2019-06-08,2024-01-01 00:00:00,2024-01-01
dce95225-ef1a-48fa-ac0e-184c7f36d54a,0fe7641c-3c02-47fe-aa14-f6b3d16f3ae4,685a72a1-81ff-4c14-8ef4-776b03c7ecc5,2,1,10,8,2021-01-03,2024-01-01 00:00:00,2024-01-01
aedc19bf-7e80-436a-b71f-ece19cae3f9e,822c1c16-e4c3-40de-875c-a5c594a12063,79e07125-98dd-4dab-8735-fdcccd09bf62,1,20,8,10,2020-03-18,2024-01-01 00:00:00,2024-01-01
8b8d4fb6-9f91-40c3-86a4-8734cd1288a7,4375b213-f8e1-4821-93f6-4b98ec53d466,37dd6d0b-8a9b-485f-964b-b252d580f62f,1,12,4,7,2022-09-18,2024-01-01 00:00:00,2024-01-01
98da6a1d-a58a-45af-9b3a-9076e15e5f30,e19d87bf-179a-4316-844e-f0ab4e59d898,7c370196-e467-4102-be70-deb73cbca2c3,1,1,6,3,2019-04-18,2024-01-01 00:00:00,2024-01-01
f19116af-7df2-4f0c-afe5-355c48259670,66947412-f5c8-476f-a4f5-083f79954144,78312951-58cb-4114-b4ec-1c62fb9f5e8f,2,6,1,0,2020-05-26,2024-01-01 00:00:00,2024-01-01
e0daca7f-ef9b-4d51-9a9d-7b40de7aafbb,91e52c56-aa02-4c78-956e-6fb753461f6f,f2d02368-d00d-45a9-a715-4eaa09e96fd3,1,10,3,10,2021-05-13,2024-01-01 00:00:00,2024-01-01
99967d2b-ec9f-4ce1-8ae3-adb3c3250135,a64777c9-b03b-40be-ac9e-6c6853befaf0,9464ffba-fcb5-498e-a419-aeb3d5d04ee4,2,3,10,2,2022-10-02,2024-01-01 00:00:00,2024-01-01
6dc2b211-f544-4b32-a3bc-5351eaaf9d03,ceabffc4-2b77-4bb3-8c95-027072da0b63,c5c7407c-e106-4782-bf24-d20acbd08956,1,13,8,1,2023-01-22,2024-01-01 00:00:00,2024-01-01
f9f64653-4a0c-4d41-89ee-b5b67c2a54ef,01684aff-91f6-4d02-8f96-91571095fcb8,6683db8b-bf0e-4904-a49d-c15c6cda38c7,3,17,10,3,2023-07-29,2024-01-01 00:00:00,2024-01-01
725c2b11-3020-4057-a35a-2b9532c653e5,78ed96cf-7f91-41f8-90da-d56c438e008d,07218b72-f093-4fb3-ba40-a0b2e73c75e2,5,12,6,1,2022-07-03,2024-01-01 00:00:00,2024-01-01
2145f90c-dc0d-452f-a69f-7c85aaafdf48,de7db5d9-2f48-4527-8183-11404f73508f,dab8a10a-7ff5-4eac-b5c5-81b48cd49bd1,1,11,5,2,2020-04-20,2024-01-01 00:00:00,2024-01-01
97ceb304-6496-4753-b105-1875b06d0717,8fe2c97b-88da-4677-8c2a-324d039621e4,335d903c-2372-4e99-b9c5-172e53c7182e,3,0,6,3,2019-01-31,2024-01-01 00:00:00,2024-01-01
d27d53b6-32b7-46e9-b40f-39251eb071c1,63791f06-acdc-4303-a472-26d42b572b3b,484edafb-7818-402b-b84e-70c477977155,1,8,10,9,2021-07-28,2024-01-01 00:00:00,2024-01-01
5cbe2d3a-eea4-4522-bb1e-75035fb64947,2c17dbee-af94-4d87-b165-7c3b8623fca3,d2c8ed53-35b0-4e13-9101-5afbe6be3b86,1,6,6,4,2021-01-25,2024-01-01 00:00:00,2024-01-01
1645b6ad-1f0c-40e8-be94-633900c968b0,dda584a4-c341-4402-ad16-b6351a5e6f3e,7c370196-e467-4102-be70-deb73cbca2c3,4,3,8,9,2023-04-21,2024-01-01 00:00:00,2024-01-01
5b8f77f4-ce2e-49ec-b3cd-65b72d74586b,6437d9d6-0096-4b8b-8427-f94bc5d1f0ea,310e7f81-9fe3-4296-ac03-e8d76f6c10ac,1,19,5,10,2019-12-18,2024-01-01 00:00:00,2024-01-01
ff7829c7-a1b4-4623-b98d-03ed9c710906,118cf7f6-00a7-4c4f-a6fd-3e928c2242bd,9cd072bf-530a-47fc-8e8f-2f08787a39bb,2,10,2,10,2022-11-27,2024-01-01 00:00:00,2024-01-01
5bebddf6-34bf-4d02-8446-dfd4557c6ce5,bf30e2da-6b3e-4ad1-9183-2cc896113fd3,87eb74a2-719a-4a03-ac6b-524726e2d944,3,15,1,5,2023-04-09,2024-01-01 00:00:00,2024-01-01
92173516-c70d-46f3-ad9a-bca7e9dd7070,9a9065e7-bd2b-4e54-8adf-a867ca730eb3,20638f24-6025-4e48-9b32-1dd2a6b435bf,5,14,6,8,2019-02-06,2024-01-01 00:00:00,2024-01-01
10c6d2ab-3b3e-4a1d-b035-e48e08bdbd22,546e35d2-2f66-4c37-82db-04db207d050c,5eef5951-d005-4984-b47a-d06c66199451,2,16,9,0,2022-08-04,2024-01-01 00:00:00,2024-01-01
1a9f4c10-904b-4237-80b5-878f2ac22877,8faaebc1-0768-40ba-90a6-1ccf9c886b19,cde40d91-3c13-4642-9f5d-491c6ab20139,5,3,4,3,2020-04-21,2024-01-01 00:00:00,2024-01-01
3c805079-58bd-48c9-bae0-c68ec242eb43,740dee5f-45ba-4480-a591-0d6c6591520a,eb453375-5631-495c-90b9-e0dc51cf23d0,2,19,1,0,2023-02-20,2024-01-01 00:00:00,2024-01-01
10d74506-3ebc-482d-8183-7109a9336c29,1b0912f3-6b6b-477e-b2ff-983fcf0723eb,78312951-58cb-4114-b4ec-1c62fb9f5e8f,4,9,3,2,2019-10-09,2024-01-01 00:00:00,2024-01-01
7075ae85-34ed-4204-a751-eea263205a3e,c8a37f44-6b6f-4c5a-9d09-e03b9cdee3eb,d78182ff-6287-47fb-a6a1-c86862779c6a,1,7,9,7,2021-02-08,2024-01-01 00:00:00,2024-01-01
c37210a3-c13c-4dcb-90bf-6eedd69e1228,c983f7bc-76a2-43bd-a572-94878f837a3e,7c4a0338-8dcb-4de5-b189-da33fbef11d0,3,4,4,5,2023-02-22,2024-01-01 00:00:00,2024-01-01
96d1aaa0-9024-4616-a25a-12cba30677bb,32be4035-9b40-465f-a28b-17d82cc63db0,45d7ea24-c950-49db-a864-e2d30c0d5168,1,16,6,10,2022-08-11,2024-01-01 00:00:00,2024-01-01
3cc55359-2859-4f7e-9d21-19402aa938bd,2bc4aab1-1309-45bb-a08b-61f2a4868ce5,99efa319-16a0-466f-9da7-67892c533f4e,1,7,5,5,2023-07-23,2024-01-01 00:00:00,2024-01-01
82f3084a-46e3-4954-a38f-278a0cfab301,bb9acb77-3608-4de8-9de9-58ce3285e4d2,3ffe091e-8a7c-4e2c-8e0d-90ed8faf148f,5,1,10,3,2020-05-11,2024-01-01 00:00:00,2024-01-01
3348a5b5-16fd-4bf1-9d45-8df18e4514ee,6f05d686-fe4b-45c8-8391-e0d014aaa42f,fa9d2712-59b1-4861-9cdc-4344e649a21a,2,19,6,8,2023-06-30,2024-01-01 00:00:00,2024-01-01
4585fbbe-e171-470d-85ea-d08c0b0853e5,644f8a9e-9730-4610-9a04-8388fe0ad649,5cf3434d-e976-456e-a951-cad2c805a9ec,4,20,0,1,2020-10-20,2024-01-01 00:00:00,2024-01-01
5bc2709a-82ae-41a6-946a-10eaf9efff93,44064862-c77a-46a0-bb8d-541c7c25a03f,3cc55d11-2a77-4031-b604-92a025d7a129,1,6,0,10,2023-11-17,2024-01-01 00:00:00,2024-01-01
5c46f1f1-1659-4b93-b015-28a7f419ec27,75c76763-48d6-4abf-907d-9f2e04ed9033,1beaa162-69db-48e2-8781-37d0903fd276,2,4,1,2,2019-10-17,2024-01-01 00:00:00,2024-01-01
32aff0dd-915e-4429-b4fb-c2957083f1f3,ece2c53a-fa26-49c7-a86e-d2b6e5637163,651b093f-80ef-411a-997f-1ce733236f43,2,7,8,1,2022-04-28,2024-01-01 00:00:00,2024-01-01
98d25b04-3c5a-432b-b569-c843af1275f3,a4723697-0c81-4eb3-9ce5-97779120e424,72af3421-4c21-454c-ae33-5b876b8ee2d8,4,9,2,3,2021-05-22,2024-01-01 00:00:00,2024-01-01
66358feb-9c35-4b84-8e70-295282a0e751,20c0d688-e4c5-47b9-8de8-b64674f0b759,a53c3d45-a019-4f33-b39c-30fbbce4ad38,2,19,3,4,2020-05-16,2024-01-01 00:00:00,2024-01-01
8ce8a81e-8509-4426-a6cd-05d2278a6358,20cad648-2284-489e-af33-5b4dff25279f,b1dc94e1-9c1e-47a0-a619-b383230402dd,4,20,3,4,2020-08-07,2024-01-01 00:00:00,2024-01-01
75aea405-c8b7-4755-909d-113d9f5aac95,49a6dc08-9ecc-41ad-846e-69b13c16fa5c,fb2687f9-3e9a-406e-a8b1-b33067bdbb70,4,2,5,6,2023-11-02,2024-01-01 00:00:00,2024-01-01
a50c0588-771f-45d0-b400-d67ad915845c,8f79a60d-417d-49f3-8ae9-6c3c44068214,c5c7407c-e106-4782-bf24-d20acbd08956,4,14,6,8,2021-02-12,2024-01-01 00:00:00,2024-01-01
7edbca13-af1c-4735-892b-dc20d519f649,ee5419fc-f0a6-4936-8d1e-d63d889463e4,1e043933-16fd-4566-b3cf-d3e2375294aa,4,4,7,0,2022-06-02,2024-01-01 00:00:00,2024-01-01
f1963ced-ca50-4e02-bfff-fce61d8c99df,1f29e691-eb03-4d7f-90e9-36a6309c71f4,a8889766-c29c-428d-8e56-ebc3d569b2b5,4,2,4,9,2023-04-10,2024-01-01 00:00:00,2024-01-01
efc9634a-beb5-4091-919c-b6fe5daec97c,6912125e-3266-4810-aa73-4b0ddca5a664,6fee9276-03aa-45b9-b02e-e08ea008b870,5,5,4,6,2022-01-05,2024-01-01 00:00:00,2024-01-01
424da242-cd7e-4a44-9469-88f52cc692cf,edeb5df5-df16-45a0-b013-c6559ef988cb,0762ea53-2381-4782-a60c-891142c4b1e7,4,9,6,8,2021-08-07,2024-01-01 00:00:00,2024-01-01
e50835a5-7924-45f8-8816-6515084c8f03,15449e22-4a46-4feb-8ef9-a2b5824151f9,3ef8c66a-ee03-4b70-89df-59ea55a86c3e,1,10,2,7,2022-05-26,2024-01-01 00:00:00,2024-01-01
914fc7e7-2761-45c4-bb63-51b107048a66,8481bbc6-098e-4adc-8db1-f9b3e3daa8d0,06bdb1fb-5584-44c3-b60e-ba9d730a9ff5,2,0,0,8,2020-02-05,2024-01-01 00:00:00,2024-01-01
9e1d972c-d513-4f80-bcd9-9e00676b2d0a,c233e8c7-5fb6-4c6c-8df7-13499a7703ce,72af3421-4c21-454c-ae33-5b876b8ee2d8,3,15,6,6,2023-02-04,2024-01-01 00:00:00,2024-01-01
9232fe6d-d23e-4ae5-854b-322bf903f732,e4cbe2c3-20d2-460d-b72a-da842413d4a1,b11e4077-bcfa-4850-b6d2-e2d7fbe51752,3,12,7,4,2021-03-19,2024-01-01 00:00:00,2024-01-01
05addabc-7d02-4463-9867-1e5266e24bbc,30333e4d-67e3-42d6-ae41-ea7d502c03fc,9033db67-1d5a-4c89-9cd7-589bb022a6ee,1,13,0,1,2022-08-05,2024-01-01 00:00:00,2024-01-01
6e3df686-8ac5-4dc8-820b-0aec56ca6273,219ffb17-a715-4120-b3f5-5befed45b933,1c02b15f-4616-4216-9b54-4c62a27c1ae9,5,5,3,6,2021-02-27,2024-01-01 00:00:00,2024-01-01
ede567fa-b830-4fa1-84e3-59c7c97b3935,11ea6700-60d4-4391-bccc-d147b8783724,68150799-c06b-4ee1-b210-48ab114ad0bb,3,16,7,10,2020-06-06,2024-01-01 00:00:00,2024-01-01
7b1b226d-59ff-4859-84f1-ed802e5f9cca,c6dbfa51-940f-4ca1-9b65-3178f0755d0f,7d452a25-98d5-4e93-91d0-c5173fe7ba0b,1,20,6,6,2022-11-11,2024-01-01 00:00:00,2024-01-01
fbcba559-17f9-4a2c-ac8c-1b4e9492bb55,6a0ae09b-33f0-4838-a248-f85a39a0de08,6fefc024-07d9-4a86-ac9b-699fd27b6e4c,2,15,0,5,2023-02-15,2024-01-01 00:00:00,2024-01-01
5dc076f1-732d-4a2c-b0d7-b8d1334ec220,67967777-29b8-40d5-8f7c-46fdcda5f082,7a7b7d9e-e75c-48d9-ad80-4b13675af47d,1,20,2,4,2022-07-16,2024-01-01 00:00:00,2024-01-01
fc34cadc-2d23-42c7-a147-9f9362e7f800,a310d9c4-1a7a-4ddd-be48-f464d2de99c1,66ba78a7-e08c-4889-a8d4-c887fe6fee5e,2,8,3,9,2022-05-24,2024-01-01 00:00:00,2024-01-01
ef9f9ef8-2baa-4fc5-8d8b-d14061fdeeaa,817a4854-629f-4fd4-b44c-700226cf955b,2cca2c71-8879-4dd7-8c3e-2a9d62eba8e8,2,0,1,1,2022-03-30,2024-01-01 00:00:00,2024-01-01
52c9ffb5-494d-4bb5-9836-2009d58debb1,3542eff7-8e11-4022-8b89-bfd892844a39,edea4b5f-3f5d-4314-8bf0-a86d0b8effc6,4,12,9,1,2022-08-12,2024-01-01 00:00:00,2024-01-01
35b132ae-b081-4e48-bbbd-fd9be9169e97,62c371ed-a896-4f0f-b983-fd83223fd425,0be28c25-0327-4f80-8046-0eaeb54d8a11,2,13,2,6,2021-11-27,2024-01-01 00:00:00,2024-01-01
ae2741c4-59ea-4ac1-9806-b1795156db4f,6c12cfdf-b018-4145-a485-92e28b66e298,1e87b20e-fff6-4872-96d5-dec2cad2713a,3,16,8,10,2020-06-01,2024-01-01 00:00:00,2024-01-01
0b341237-fdf1-46cf-9f68-3e0a7a3ec08b,a453038e-e2c8-43fb-9a4f-204b8cba92ae,79001d4d-d695-492b-b3a9-4fd78d066ddc,3,13,1,1,2021-02-22,2024-01-01 00:00:00,2024-01-01
8e3a5b7e-a474-4d57-976a-f25de94b1e33,7f2c7cbd-6ad3-4c9a-9394-b164099438e7,694d5a62-55fa-4bbb-abc3-bc467341d8d3,3,4,4,3,2022-07-26,2024-01-01 00:00:00,2024-01-01
893d8933-daee-4dde-9a7b-f491c1193b2d,9e861b5a-ba89-4a3d-82ca-8a66b6a048a2,25295a76-1bd6-42b7-baa3-0a9ef6b4ccc2,3,0,2,7,2023-03-13,2024-01-01 00:00:00,2024-01-01
5950853f-c5bd-48c9-9c09-c48fb53762f1,e84b87d5-cd52-484d-98e6-6d107f82631f,c5b60773-230d-452a-a448-54789e68efc7,1,13,8,6,2019-01-04,2024-01-01 00:00:00,2024-01-01
f23f277c-f3b0-49d6-ad5d-ff9f0de4d903,b96117ea-3cc7-47aa-868d-0e640998ca68,99efa319-16a0-466f-9da7-67892c533f4e,4,5,2,5,2022-09-02,2024-01-01 00:00:00,2024-01-01
77996c42-11a0-4598-b2fa-a1b3423c025a,2319bc82-bc82-4e4b-8fbe-04bf7573747e,4f91f983-e901-4362-835d-b5d846345052,2,6,7,2,2020-01-17,2024-01-01 00:00:00,2024-01-01
16d6f293-97d9-4c6a-8107-8e1a9b6b2afd,5f409b4d-1dd4-47b2-807e-db045c621ec7,4d6f0375-b4c8-472f-961b-9d4ab77cf9d0,1,14,9,3,2021-10-26,2024-01-01 00:00:00,2024-01-01
a4ac1067-3024-4650-a03c-29dd7af42d29,7a66b5d3-856c-46ea-a45a-da5a4a027d3e,cb54cd85-0380-4ca9-a739-eee1dc503a51,1,5,3,4,2020-01-16,2024-01-01 00:00:00,2024-01-01
4a52b1ad-619a-46f6-8f2b-a4ebfcfbf3a6,944522df-cd21-43e3-9440-62848416980d,9d2b2485-e78c-466a-bb21-b72d1ffd405a,4,20,9,1,2023-11-21,2024-01-01 00:00:00,2024-01-01
00979a20-7d12-437b-b5ed-587f89374ee2,62526031-1305-47eb-bc43-1080e931d066,f5f963ec-8a77-4223-9b3c-0fddd61cdc78,2,2,4,1,2023-11-14,2024-01-01 00:00:00,2024-01-01
a7067a25-8b12-43ec-acc4-3eeeb064d594,1730f8d7-44c7-45b6-9758-fc716a90199f,3ae9f732-b116-4e20-82d6-791f4680f3da,3,2,5,0,2021-02-12,2024-01-01 00:00:00,2024-01-01
1fe26b21-5ab3-401c-aa50-601fb3c63416,74b26330-16b5-48a1-a3ee-e813a32588a8,733feae3-11eb-45a6-9f4c-cfb082b5991c,4,15,10,1,2022-04-14,2024-01-01 00:00:00,2024-01-01
61a2d906-6c59-40a9-9042-f955e2e7d9bb,fa9bedcd-a855-4567-b60b-5e56f3252809,015e17bb-1e2f-4618-ade7-697f90b13138,3,0,10,9,2019-01-20,2024-01-01 00:00:00,2024-01-01
8e13fceb-f1fe-4462-ba73-2b1005dd0d82,cd72993f-20bc-40e9-8ade-2b4e8fe5ff20,8c9c9dbe-e89c-4845-932b-7aff6ac30a0a,1,6,8,0,2023-06-05,2024-01-01 00:00:00,2024-01-01
92493b5b-6682-4277-bb88-6ffec8d55c40,1e7c1401-5dc1-4823-896d-3bbd66e5be29,3aaf62a5-fc82-4e62-ba5a-8869c58bf8c2,5,8,7,7,2021-02-08,2024-01-01 00:00:00,2024-01-01
fb20cf9c-46b6-4a20-8ad1-f9ee770ee66a,83fda556-5034-4f44-81ba-1c46dd0dcf5c,f3aecb8f-f8b9-406a-82a5-1f464e1c4e63,5,13,5,5,2023-03-31,2024-01-01 00:00:00,2024-01-01
6ed91c6e-5882-4b24-a3db-360727cf6039,f261f6fb-26bd-46aa-b9fa-c7f771a52506,5203a9a4-29dc-4a72-a571-35129e619f51,3,10,3,5,2022-10-28,2024-01-01 00:00:00,2024-01-01
b16e10ea-a687-4372-a1d8-70286446eec3,dfa1a8b6-2a0c-455b-868b-7066317873fe,f683fafe-1a26-478a-9f5a-38aae47e84b4,4,19,0,5,2022-09-24,2024-01-01 00:00:00,2024-01-01
6cf9bc92-8765-4908-9339-3f605ad65174,8906b64d-b4c0-4d99-943c-843fdd478ddd,9ac816b3-ed31-438d-8de1-bdc665b55fff,1,0,7,6,2023-11-24,2024-01-01 00:00:00,2024-01-01
7776a4b3-f41f-4e08-ae1a-c1368fa8b3a2,e7aa5559-d06e-4cdc-9090-5d9c2428e281,fb9c3570-0148-47a8-b3c4-298db16beaec,2,0,9,1,2023-01-25,2024-01-01 00:00:00,2024-01-01
16f44056-cf23-429a-a113-6c4869e3f09d,ac437925-b4e6-4896-bce6-04e26d90f690,981d69ee-8bf8-4175-a790-bf01bf05aabd,3,7,5,7,2023-11-15,2024-01-01 00:00:00,2024-01-01
e2bc831c-f5a5-4ef0-8382-e3067ebdebe2,56c03c12-388b-422d-8409-f3d083409ac7,fa9d2712-59b1-4861-9cdc-4344e649a21a,4,16,6,10,2022-06-20,2024-01-01 00:00:00,2024-01-01
5946d7e8-6f23-4de6-9b17-3322a8e047f9,778bd64b-7645-4e10-ab69-28504958f5b0,1cc9d468-4898-4575-9b28-0d959c1aa2eb,3,0,10,5,2020-01-20,2024-01-01 00:00:00,2024-01-01
90fde237-e34a-4fc2-9365-ffeb1fdf6fcf,ff97cad6-bbed-44f2-8a89-043049fa0904,95ecfad2-598f-4b56-9182-5d3280ccafdb,3,14,3,9,2023-11-24,2024-01-01 00:00:00,2024-01-01
6828522a-3063-44bf-8dbb-3fee68ae0379,df02265e-ea1a-4aae-bff8-bca29a4a7080,f683fafe-1a26-478a-9f5a-38aae47e84b4,5,2,5,6,2021-09-19,2024-01-01 00:00:00,2024-01-01
61fd5277-c586-44b9-9751-00be0411d8b2,4086b60e-c381-4f4f-a87c-34e972e2ddfb,519bfb38-3676-4d96-9ab2-edb60603b77e,1,12,4,9,2021-09-02,2024-01-01 00:00:00,2024-01-01
6c13f9e5-7a99-4422-8af8-28c5ed857d41,fb02c4d1-cf7d-4dfc-bf6b-e49d652ffd59,edea4b5f-3f5d-4314-8bf0-a86d0b8effc6,2,16,9,8,2020-02-04,2024-01-01 00:00:00,2024-01-01
cc1a3cab-d966-443d-b703-a7c077b5eeb7,1e4f8f8f-17d3-4845-b3d0-1c6e9258758f,b886de27-d776-421d-9e18-d1314e27c111,4,2,4,10,2019-03-07,2024-01-01 00:00:00,2024-01-01
6be80595-e9cd-4f3b-a76c-a0657d53694f,a51cd051-a12c-4e8f-bd0a-84297feedfb1,8ee674a6-edf5-4d38-b0a6-ab650b05352f,4,5,7,1,2022-01-28,2024-01-01 00:00:00,2024-01-01
ae4cf773-db55-4db7-9e5d-5baaa8db95b8,a9bc1883-503f-4b6c-a8ad-2db3a042b1c7,fa6dbc27-2b6a-4eb8-bbb5-9e5358db1290,5,7,3,3,2021-09-14,2024-01-01 00:00:00,2024-01-01
3b69737c-747a-4dad-938b-760e607536a0,06804566-77bd-4d41-ad51-b08ebc5c9126,07516eff-8e29-411e-b392-afaaee9016e6,1,3,6,0,2019-12-16,2024-01-01 00:00:00,2024-01-01
de836b65-fbb4-4d8d-b8df-978886391bc3,a0c6000e-3f3f-4d01-ac6b-94fd9c5b4c44,70af3e45-1b97-4330-8434-638013984d40,3,12,4,3,2019-11-25,2024-01-01 00:00:00,2024-01-01
27c1bb0f-def1-4c3b-8837-14418fab865e,f84291cc-9570-403b-a188-2f6f66e32f93,6b807bcd-3847-46b4-b0cc-81288a961cc5,4,3,10,2,2023-01-12,2024-01-01 00:00:00,2024-01-01
f470a1a7-7369-4400-bdba-3fb3f4b14ecc,44fbcd2a-db52-4835-81c8-198919c546c7,08846e86-3d8e-4c3e-af1b-1665cf209d9f,4,2,5,3,2021-12-30,2024-01-01 00:00:00,2024-01-01
8612b40e-ac91-45ab-9448-ed1167e59e5c,417818b6-b322-4e91-a1e6-98fdc35a6853,98ecac3b-17cd-418d-b996-6a44293cb0cf,5,2,10,5,2022-03-25,2024-01-01 00:00:00,2024-01-01
c6038270-1512-4929-912e-d4c61ac85794,60f86be7-968d-4ea2-acc8-26cab4bce6b2,c46055ff-a101-4e7c-b06d-5750fe2694b1,4,20,10,8,2021-02-11,2024-01-01 00:00:00,2024-01-01
27056286-1c93-416d-aba9-6af2498e3f16,3f693b1f-2af1-4a13-b08b-ab0ad5c77d58,1e805732-e82c-4bc1-bfa4-a10ef655b2ab,2,7,4,1,2023-10-20,2024-01-01 00:00:00,2024-01-01
ac4febfa-56ea-4ec5-833a-65a0d25fd4f0,331df82a-97b2-44ee-9bc4-431fbec70c5d,2c6ffb96-8ed7-442d-a07e-22d72b2cc084,1,2,5,9,2020-08-18,2024-01-01 00:00:00,2024-01-01
091f3206-6a88-42d7-9d0f-9aaddba60764,3dcc4c2f-0a33-42ce-bdea-fd6e7e541d05,a40a848a-55c3-4609-ac67-467bfab77ed1,1,18,5,2,2020-01-21,2024-01-01 00:00:00,2024-01-01
4ce1d2b0-69e2-4827-8a0a-974f961e2343,00db76bc-641c-4b9a-bcfe-6e1ae7822ddb,9668a015-446f-49b9-b39f-2b220770f90d,4,18,0,4,2023-10-14,2024-01-01 00:00:00,2024-01-01
c31b2eb8-bb03-44e1-aac5-78ed8efc3ed0,2d7421ad-e5c8-471c-b23e-648e0a86bc4a,4f37f760-e528-4e48-bb95-14c54d9a2102,5,6,6,6,2019-05-07,2024-01-01 00:00:00,2024-01-01
b53cbdee-412f-43db-85cc-abfc705dbce3,7f9bc973-8e2c-45ab-b521-59918afc05f4,68150799-c06b-4ee1-b210-48ab114ad0bb,3,4,8,10,2020-10-16,2024-01-01 00:00:00,2024-01-01
a00c7a9b-537b-4abe-a6bd-9b833104aa58,7b0ddd4b-5e60-47e9-a6e8-a3cc4196a60f,4f37f760-e528-4e48-bb95-14c54d9a2102,2,3,6,0,2022-05-17,2024-01-01 00:00:00,2024-01-01
8104c2c1-a9aa-4e61-8482-1ad80a70172e,80584869-6af3-4150-b0a0-44d52bd4e08f,d06afe8f-b00f-4b3d-951b-dfc4f57cbee5,4,10,2,4,2022-01-07,2024-01-01 00:00:00,2024-01-01
6d4a69c1-90db-4ac1-a090-0e5e12f910e9,ca93ee71-6cf5-4de4-842f-0b2f413fb211,484edafb-7818-402b-b84e-70c477977155,4,14,2,9,2023-09-11,2024-01-01 00:00:00,2024-01-01
e89b8e64-957e-4ef2-a349-e725fc09517a,d9932dbf-c1c1-4e2f-8664-e5b47f43f580,302f1237-ef3a-4879-89a9-7a23764174e3,1,19,5,4,2020-08-03,2024-01-01 00:00:00,2024-01-01
85ed11a3-d636-4ccf-9f8c-de91b96936f7,17ee6aa5-0bd2-4d26-b3b1-efed59751a3f,34943a3f-75c0-424a-a27e-89714269da45,1,8,9,7,2021-10-25,2024-01-01 00:00:00,2024-01-01
fc3b532d-94f5-4ef2-8644-6bee9fe45e09,0450ea09-0c4e-424d-beee-f35e534b382a,5d34ee55-9636-4b86-a473-7aaedbd3b76e,2,15,4,6,2022-07-16,2024-01-01 00:00:00,2024-01-01
adc4dbf8-08f0-46cd-be7b-30a9c4e47e26,3024999a-b102-4990-8eb4-ca2313cb72cd,a57ccce5-4849-48fc-bdfa-0c5932580ebc,3,4,3,3,2019-05-01,2024-01-01 00:00:00,2024-01-01
fb165cd0-1dfa-47b7-b0f3-1d208742181f,b4ece802-6d85-4149-afba-de0d4dbe70f9,1e043933-16fd-4566-b3cf-d3e2375294aa,1,5,7,6,2022-12-05,2024-01-01 00:00:00,2024-01-01
fd7d5d77-eaab-4d0b-ae28-851733d52a3c,8f59d3e1-64d4-41f1-82de-3cce8edba1eb,1cc7c465-4c34-47f9-bfc3-fffe059d40c5,2,0,8,6,2020-09-04,2024-01-01 00:00:00,2024-01-01
7350a3cd-24a5-4f9e-840c-bc3139be0329,36071df6-b9ce-4877-86d5-3de73647d81c,376bf133-e199-4cba-9207-4b5fbcc0407c,4,11,6,6,2020-11-22,2024-01-01 00:00:00,2024-01-01
c6d4e117-c05e-4f8d-9bca-af2d7c749de8,aa8c090d-f7a8-4bf5-85f1-8c23f8351cbc,0a72d6c0-600d-4783-be71-1be9d30ff28d,3,9,3,8,2019-05-28,2024-01-01 00:00:00,2024-01-01
8d358ae9-fcde-4570-83eb-ab8cc08d31ed,958cccf4-8598-42a5-9728-102c4b83ea30,c5b60773-230d-452a-a448-54789e68efc7,2,10,9,0,2021-03-17,2024-01-01 00:00:00,2024-01-01
8d5960a9-3c81-4da3-a925-6eb9a47bcbcd,6eb2198a-e54f-4554-b99e-e541bebc0951,23a41a82-aaeb-4cbc-a3da-56c530260b62,3,14,10,2,2023-10-07,2024-01-01 00:00:00,2024-01-01
45369251-a851-468b-a775-d9b60b4bdfec,bf02b24d-4f2f-4e05-a27c-288d3462bb56,1c6fe6e7-810f-4758-8b54-26cfebc24c0a,4,15,4,2,2022-03-28,2024-01-01 00:00:00,2024-01-01
d313a80c-a0b5-40f4-8184-f431200ace55,c11fde09-41ae-4a18-bbc4-c58d9b20a125,45404c8c-fd4f-4d15-903b-91b5c05b0375,2,20,0,5,2020-03-05,2024-01-01 00:00:00,2024-01-01
ddc076c3-0482-46b3-aa04-909f01a784cc,41d67287-915a-44db-8adc-ae8ffff00340,b5ed67ce-51f8-454e-8bc0-7c5ee56b22b9,5,3,10,2,2023-01-26,2024-01-01 00:00:00,2024-01-01
965bc1d5-4506-4f7b-982e-7203b28a7de8,5ee2a2d5-7f28-45dc-ba9c-e3e807cd33bd,437c8e55-9887-4067-ad65-c7077711951c,4,5,0,1,2021-02-10,2024-01-01 00:00:00,2024-01-01
daccbe06-0a9d-4753-9173-d16532228d4e,008563c1-c034-4241-ae7c-86ae8b91d322,f9b92ba0-683f-4413-aca6-0f09926c345c,4,5,0,1,2020-12-29,2024-01-01 00:00:00,2024-01-01
c4c439f6-2e4d-4588-949d-bae253d5cadf,4a323faf-b845-4916-9ada-c5eac26a599c,689916b5-c63b-4d32-be1a-8fdd2609ef42,3,18,6,2,2021-11-21,2024-01-01 00:00:00,2024-01-01
4cdd3868-79e0-4df7-ad7d-a6befc6cb098,c162b56b-2b70-4858-9743-b87a6c4c4767,231bd419-685c-4a7c-86fc-f896eb986a7c,4,7,0,1,2022-07-08,2024-01-01 00:00:00,2024-01-01
c08060cc-f0c8-48e3-aa6a-91b3a3472f21,3aac48b2-ac23-4b20-8b1b-ac2d7f21deff,25295a76-1bd6-42b7-baa3-0a9ef6b4ccc2,4,9,9,2,2020-05-08,2024-01-01 00:00:00,2024-01-01
ad538f91-fee9-4628-aae7-7543fa4f589e,02fd2363-e2e5-4aa1-98a9-241cfc3637d8,a40a848a-55c3-4609-ac67-467bfab77ed1,4,2,7,10,2022-08-29,2024-01-01 00:00:00,2024-01-01
819e2386-3d00-4dfa-8610-c9d60efbb2be,ba99f8f9-6f22-41c5-b279-c55739349ccf,5dcb279c-8c21-4c39-93d8-3b753eef2167,4,11,0,1,2021-02-21,2024-01-01 00:00:00,2024-01-01
5bc62eac-0993-4324-b8fb-c1bbec4c8eb1,3a53d060-b4e7-44da-913d-dca0e6efddc3,5d12e724-cb1e-4fa2-8a4b-7233cc8fe6ec,1,15,10,10,2019-08-27,2024-01-01 00:00:00,2024-01-01
4df68f11-47fd-40f4-b63b-482df489f1fc,cd922b29-b882-4341-9741-5d4d7b7df701,4122fce1-1d01-4333-93d2-7682b5ab383f,1,18,9,9,2021-11-09,2024-01-01 00:00:00,2024-01-01
e6bb77dc-2f4c-4f8b-b8c2-96f1a4ec8bbb,4ad98aa7-7721-4d2a-9989-a8eb06213c79,5dcb279c-8c21-4c39-93d8-3b753eef2167,1,18,2,6,2021-09-09,2024-01-01 00:00:00,2024-01-01
e20b4ace-fbd1-458c-a4b5-9ee13023c9dc,01e62034-12c3-4ce6-b7f2-c50733eb700b,bd2d0caf-ea73-48cb-b440-8e605014b711,4,9,9,2,2021-09-18,2024-01-01 00:00:00,2024-01-01
c68a8db7-fa0c-442b-861e-0dd88a0d3839,1cd04ef6-9d99-4f1d-849b-99c92cb426bc,cdb86f12-47ce-4900-b3d0-7a1c71066282,1,17,2,6,2019-07-23,2024-01-01 00:00:00,2024-01-01
41339313-d0f4-4c78-a25f-16a6c169ba4c,47e69544-2c19-483e-a8eb-909470aa822f,52e4d0f2-f61f-47b1-90f9-cfa43836e7eb,1,12,8,8,2023-07-23,2024-01-01 00:00:00,2024-01-01
78a6503a-f52e-455e-807b-a110b554886f,0ec23b04-7557-4e71-adc4-5872497cd03b,6c39ea13-ac4e-4ce2-84a6-5801fdce5481,5,15,1,8,2023-05-24,2024-01-01 00:00:00,2024-01-01
8096a0ca-fdc3-4574-9f23-39a534f04a40,dfb60531-ea12-4510-a9eb-c21065ebb718,bf8c7d28-d8c1-496a-b37a-aa3a224942d3,5,20,1,3,2023-09-11,2024-01-01 00:00:00,2024-01-01
42d3602d-7af9-4bf8-97bb-a2e2fe4db716,42cf602e-e987-46c7-b7bd-6473b2a5e54f,78c30b8e-b992-4967-b4a6-e9d7e41db299,1,5,9,2,2022-09-10,2024-01-01 00:00:00,2024-01-01
f00168f4-658c-4fad-a45d-71b6e9562050,9440b4ad-992c-4ea3-a06c-1cf1c9e4370a,61094253-0645-4e3a-8425-6747dd857e20,4,10,1,0,2019-01-11,2024-01-01 00:00:00,2024-01-01
0fe714b1-e34f-4406-84fb-ea08d3cda0ba,f135c392-1fa6-4f82-b1fd-20250050482f,34e5977a-f47b-49db-b67b-fe24062b184d,2,20,2,1,2019-09-21,2024-01-01 00:00:00,2024-01-01
8abb14ae-00fd-481a-bce6-993fbb2a0a61,2dcd1d0c-4e05-4361-91c7-9f7bbb186be1,6b807bcd-3847-46b4-b0cc-81288a961cc5,1,2,1,8,2022-02-25,2024-01-01 00:00:00,2024-01-01
ba20a1a6-6517-4f7e-b7a2-6cfbc5e3490c,7f4a792e-0098-46a6-927a-492685452ebe,c2a105a4-8173-4003-8b19-f4ab166c39ed,5,5,6,10,2020-09-03,2024-01-01 00:00:00,2024-01-01
929a44d9-f769-4258-97d1-be5cf2a6c72f,989a0ae8-9626-4e1c-9f25-f74b31078de4,8564e2c0-2c90-4a7f-ac42-b93cbec1c8c2,3,1,8,4,2019-01-01,2024-01-01 00:00:00,2024-01-01
b2c511c9-5f7b-42b0-b9fb-0b9005d70403,814dfcba-40eb-430a-8f29-68d342b60deb,0fe62ad4-3335-466e-b454-54daa2898258,4,4,9,7,2022-09-11,2024-01-01 00:00:00,2024-01-01
487c85ca-77dd-461f-a800-1f651ddcb99d,10f61ccf-1320-4311-9353-d3f3fb2da461,9668a015-446f-49b9-b39f-2b220770f90d,5,11,9,8,2022-11-24,2024-01-01 00:00:00,2024-01-01
504c16bc-9907-4171-bfc4-8337f9a1e08b,8110286d-329d-439f-ab13-2dca6a99d9ea,39557251-e8db-4f82-99c2-0398d4f9b371,1,1,3,0,2021-11-11,2024-01-01 00:00:00,2024-01-01
35b6bc1d-be16-4489-8c60-38eddf57646c,33922a31-314b-40a8-86b9-90782a149557,7fe05f0b-325e-4e03-9683-1584ee95d892,3,6,2,9,2020-01-21,2024-01-01 00:00:00,2024-01-01
8bb0734e-a4a5-4bcb-95c6-8977736762e4,d72098aa-32fa-4061-be4c-94e0a8d7eaaa,f99d828b-8cd3-4c4c-8a36-00180a02f43e,5,11,4,2,2022-02-04,2024-01-01 00:00:00,2024-01-01
aa406690-fc9f-426d-bf2e-72d89ff26a10,c76150b5-569f-4223-a91d-51a4b858ac7a,02a585b3-312f-42dd-ba85-2c7d20ebd68f,4,2,8,4,2023-02-02,2024-01-01 00:00:00,2024-01-01
7e89d8fa-12b9-4d82-8e52-a8801e2d0fdc,dc2ec575-adb7-4e24-8c9f-f62c0e32103a,a8889766-c29c-428d-8e56-ebc3d569b2b5,2,12,7,1,2020-06-17,2024-01-01 00:00:00,2024-01-01
0d933f84-0059-4395-8d75-830697d39b3e,b266c7ff-87aa-44ab-938a-1cba9ad22cef,904fbcdc-a01e-4835-9898-b70b508ff43f,4,4,8,3,2020-06-04,2024-01-01 00:00:00,2024-01-01
3472be17-05cd-48ba-a792-abc5a80eccb7,31cae716-bf91-46f5-8a82-2ce32c0c4d5a,6b182886-4787-4abd-b35f-1500b7b96d40,3,20,10,3,2019-05-25,2024-01-01 00:00:00,2024-01-01
bd11d370-5144-45e5-af1c-c724633a57fd,760b7f41-cd00-47fe-910a-44f327f4787c,d1af5b5f-9803-4859-82ba-f9a6eacbf0fc,5,20,8,9,2023-01-03,2024-01-01 00:00:00,2024-01-01
d5684b9d-bb4d-4fa4-88c7-323728e3c95f,98c46326-c815-408a-968b-394ef874df02,d99f29a1-fbfd-4641-9f25-3cddfc9e6f64,2,10,6,6,2019-12-02,2024-01-01 00:00:00,2024-01-01
d39542d3-c55e-4722-8ae6-e96abf889d7e,c9607e9d-615b-470f-a9d3-9d8e4d3b644a,b3a57685-0ec6-4f4f-aff5-8f1dac0cdd0a,5,7,1,4,2019-02-23,2024-01-01 00:00:00,2024-01-01
34425c96-e390-4cfa-8a42-e4bbb1c44a52,1ff6bca2-dea7-4fcf-8720-7fb86a30e6bf,a7875516-191c-433a-9d0a-e42a3e3ed6db,1,17,6,1,2019-09-13,2024-01-01 00:00:00,2024-01-01
1c188825-6454-4687-a489-9970af8ce0dc,85613f31-df8b-4bbf-8032-f4bb5377e6fe,60b418d4-86d2-4132-9bc5-6ca7e221f7f0,1,11,5,4,2020-11-05,2024-01-01 00:00:00,2024-01-01
057af733-57b8-4c3e-a57c-c4e49dcf40e2,d4c48884-a7f0-4450-a9bc-74f0896b07b5,eb7961b1-90ae-4c49-82a5-98b0cc745af4,2,8,0,1,2019-10-27,2024-01-01 00:00:00,2024-01-01
b7b40006-139d-4edb-8277-12865213cd26,beea6fc9-fb04-4e2c-a4ea-6e0e8b5095db,b11e4077-bcfa-4850-b6d2-e2d7fbe51752,2,12,1,1,2021-02-11,2024-01-01 00:00:00,2024-01-01
18daeb4c-7d4e-4719-8f35-f991cce83641,a82ab1da-4a60-42e0-bbef-1350102b80b8,695e0ca8-2132-420d-95e4-d58bf723c4df,3,18,7,1,2019-12-26,2024-01-01 00:00:00,2024-01-01
e741a446-13cf-4d00-bc4b-8be656a94480,85909495-b98b-4e5d-bca6-e9f353d07283,9d98cbe1-4927-4e24-9153-1884433a2af6,5,9,8,4,2021-12-19,2024-01-01 00:00:00,2024-01-01
6aabeecb-ea06-4430-9bf5-3bbb6a3427d6,ef2f9e7e-d058-4c1e-9108-9e1bd70b3210,1ceb73a6-47a3-4dd2-adbc-d51def354a7c,1,5,5,6,2022-05-29,2024-01-01 00:00:00,2024-01-01
7f609142-4166-48ba-bab9-c398dc0537b2,70a49545-5681-498d-82f2-7d04706ebe08,47d943aa-5d75-4e6e-8867-4efa9c390aaa,5,17,9,6,2020-01-06,2024-01-01 00:00:00,2024-01-01
94512aab-56a1-4d8a-89a6-464098a7f946,5df234e7-b4bf-4831-a1a8-e6c2927c7e93,b08e0e28-db42-4cbb-8e4a-78c0d93977d3,2,8,0,10,2021-09-03,2024-01-01 00:00:00,2024-01-01
fab84b1d-6c7b-4462-a362-abdd5a3aec22,54b543a2-b01d-4126-93b9-876981f73ac5,ef42be3b-52c9-4d67-aa60-aeed0338830b,2,4,2,6,2021-11-17,2024-01-01 00:00:00,2024-01-01
40a10710-14c7-4f20-8941-175988e28b9d,64388ebe-daaa-4543-a1ee-83f24f886dc1,1e043933-16fd-4566-b3cf-d3e2375294aa,3,1,10,5,2022-03-08,2024-01-01 00:00:00,2024-01-01
abd6808d-31cf-4811-8202-aeff73189357,df9296d9-d02f-4c03-bed2-5dbd21d2edca,430db7a5-b9a0-4d5b-8b89-1fac2d3c6a09,2,19,6,7,2022-12-19,2024-01-01 00:00:00,2024-01-01
6222918e-a35f-4069-9e14-d68498c821a8,67ee030d-c0df-4fab-93c8-b204e8386a9f,b3673644-b02d-4f35-a2aa-0344feca4972,3,14,8,4,2020-01-10,2024-01-01 00:00:00,2024-01-01
8e9008c9-f1fb-46fd-b286-cd8207626de0,6dfb8972-591b-4b13-a0cb-ba6d2f9e68e5,2cca2c71-8879-4dd7-8c3e-2a9d62eba8e8,4,16,3,4,2020-07-18,2024-01-01 00:00:00,2024-01-01
f13750b6-1e70-489d-83b2-d068220d894b,8a15e5f9-b381-4e6a-a24d-5757897ef9f9,a46186c5-5c89-4d8d-becf-598788357b0e,1,9,6,5,2022-07-25,2024-01-01 00:00:00,2024-01-01
ad8f7b29-e9e8-4fef-b1f2-0b1a38b0ce4d,e0f048b5-de16-4c22-8e35-ccf1522ee67e,4da46ed5-9d9c-480d-aa47-7d43bc9c09fb,1,2,3,1,2023-09-28,2024-01-01 00:00:00,2024-01-01
03df0a34-bcb5-4968-ae3e-a77632057eee,3a5161d3-f401-4363-bb01-e5543cffbb69,34e5977a-f47b-49db-b67b-fe24062b184d,1,2,4,8,2019-12-05,2024-01-01 00:00:00,2024-01-01
02c92056-8c35-4495-b8d0-ae2cd781b414,621cc459-a23e-4a79-bfe6-21f3d8dd060b,137d4ec0-94bc-4552-ad59-f16b7a6efd21,1,13,10,8,2021-10-06,2024-01-01 00:00:00,2024-01-01
706d5a72-fd86-4b7a-a00b-d197ce0c6cac,107b3b68-007f-4ee2-b899-6afa9b8c0875,d30e8550-6c98-4111-9929-897b013e7490,4,15,8,10,2023-02-05,2024-01-01 00:00:00,2024-01-01
45298552-f42c-41d8-b970-98c14fc7fe9d,2e5f6ef3-24ef-44bf-81a0-95d6054d9a71,0290b7ee-629b-4270-a398-a4e1e05c6e17,5,3,6,0,2022-10-18,2024-01-01 00:00:00,2024-01-01
e5197c65-1279-4bca-a854-4aef763de835,a5368a7e-db61-4096-b6f8-1bfada07b4ea,00a0efc8-6053-489f-be9b-2c105c9904d8,1,13,8,5,2022-06-16,2024-01-01 00:00:00,2024-01-01
d935a684-f70d-4684-81b8-636135e61def,5182faa0-db2e-42a1-b146-18e8dd0a4732,951a9f55-1058-4bd9-954d-043e088ec276,5,19,0,9,2020-05-15,2024-01-01 00:00:00,2024-01-01
648cb322-89fd-4b9a-89b5-370474b394a5,46905da6-8a4b-4b0d-beb9-d6621a544627,b3a57685-0ec6-4f4f-aff5-8f1dac0cdd0a,2,16,3,2,2021-07-07,2024-01-01 00:00:00,2024-01-01
5078e4cc-1afd-46ef-a031-2698dd4f0e06,ae2b96e1-13d3-4c5a-b9d4-ad85051d5b71,a4412d03-cb82-463c-8298-df6ca976c324,2,16,5,0,2019-06-03,2024-01-01 00:00:00,2024-01-01
23ec874e-8e73-4923-90df-666dcfb8e88a,7ceb7513-8f27-46ca-8254-f40e0838e73e,df12ed67-7c50-4007-92d4-1b779e3d741b,4,5,5,1,2021-05-15,2024-01-01 00:00:00,2024-01-01
4d5767bb-7047-4556-85d1-8508041af735,8a09d8af-fdc4-4cef-8e22-e168c159aa39,c0d8692a-0e8c-43dc-9470-88c60fa6f487,2,17,1,4,2020-11-23,2024-01-01 00:00:00,2024-01-01
fdb72e73-4580-4b01-a6f1-e8fe8d172c28,6753542b-a6ab-40b1-a176-61c916439bfb,293f5bd9-e77f-453a-8ae8-8c2555462874,3,8,3,0,2020-09-04,2024-01-01 00:00:00,2024-01-01
b8dc0776-2339-4236-9ae3-b6f4d0d98d25,05ebfae2-8465-45ed-9b9a-c21e5fe69a01,b0a0d89b-80c6-4f3c-bafb-164caad0d852,5,12,3,4,2023-02-20,2024-01-01 00:00:00,2024-01-01
6303c38d-1800-4d97-937e-4ac922af6f06,d48e1b2e-55cf-4306-8de0-32030f6854b1,1ec056da-114f-4842-af22-25ee69039a38,1,14,9,7,2022-08-09,2024-01-01 00:00:00,2024-01-01
3f52a0ca-7c73-45ba-aab5-5bfc97019e88,cef63141-9c76-4034-b5f5-cf6f5bbdae4a,ac9c7b65-1f4c-49ab-98f7-497cc59418a5,1,19,7,5,2019-04-28,2024-01-01 00:00:00,2024-01-01
2ca06ab6-cfe8-44b3-b12c-7b60c913e5d1,673d80cd-28b5-4f87-a66f-40590f79debf,758a772e-8c09-4f3a-8a41-7c5eb26a6110,1,0,5,2,2020-09-03,2024-01-01 00:00:00,2024-01-01
f256b01f-bffb-4930-8fcc-dfa3e594b06d,36ec1cc4-83d2-42e9-ba02-8d0f29d3adec,758a772e-8c09-4f3a-8a41-7c5eb26a6110,1,3,6,7,2021-04-03,2024-01-01 00:00:00,2024-01-01
2e518748-658f-4a9b-b850-4c4370bf9e69,81045279-5fbb-447e-8f96-9211e8233aaf,ea4d27d0-037c-4927-900f-4f755cec1ab2,5,16,2,6,2020-02-09,2024-01-01 00:00:00,2024-01-01
4bff78d2-3c9a-468a-9c1f-d9b5ae13a0c1,849b56c1-411a-405d-b574-e5759128881b,c0d8692a-0e8c-43dc-9470-88c60fa6f487,4,0,2,10,2019-09-11,2024-01-01 00:00:00,2024-01-01
93be95cc-b3f9-4579-ad5f-ca61bbcd2160,ec659555-b91f-4cbe-a45b-c23ba2e48296,4122fce1-1d01-4333-93d2-7682b5ab383f,4,12,5,4,2020-05-27,2024-01-01 00:00:00,2024-01-01
3a98c56e-42f0-47f8-a0ec-59427328a356,efb0687f-397f-481b-9c60-9ebfdddcd30d,eb453375-5631-495c-90b9-e0dc51cf23d0,2,17,4,1,2021-01-16,2024-01-01 00:00:00,2024-01-01
22477f11-0a16-4cbf-9354-dd9d696e9ed0,e22c7da8-1f0a-4be9-a7b8-b3b1a4ab2448,be7267ea-8018-4b14-ba5c-cfcb66781462,4,5,2,5,2021-06-17,2024-01-01 00:00:00,2024-01-01
4ebd1f67-5230-4405-8438-da3ae9de1ed4,978dc57c-27bf-48a7-8b63-7fcd9ae21e8b,fcbc4199-ac99-41ff-975b-5c8ff7e2531d,1,11,3,1,2023-03-11,2024-01-01 00:00:00,2024-01-01
f380d0ba-ce17-49ae-957b-384003ef29be,905dad9e-e023-43bf-8497-0037a854066a,8d6971cf-dae1-46db-836a-9e040806a36c,1,4,6,6,2020-01-24,2024-01-01 00:00:00,2024-01-01
3dc520c1-4658-4332-9d62-ed42ace8a27b,44c0e9f6-1150-480a-b593-5d92df9cede5,9ac816b3-ed31-438d-8de1-bdc665b55fff,1,5,10,3,2023-03-04,2024-01-01 00:00:00,2024-01-01
c06adc35-7806-41ab-b693-310421ae86b0,dd4b0177-32d5-4a26-a76f-cd9d14f11b43,b593d8ce-bfc5-49d2-b748-7f420e2ce0e0,3,3,6,7,2021-09-08,2024-01-01 00:00:00,2024-01-01
8be95434-9125-45be-8ad8-798a532b315a,c0e83b63-a44a-49d7-ac08-a9ae940abd24,df12ed67-7c50-4007-92d4-1b779e3d741b,2,10,6,8,2022-01-31,2024-01-01 00:00:00,2024-01-01
c303c995-25e1-40b7-be2e-a2e4465de6fb,b8269480-aff5-412e-ab71-e6f0388f2bbc,ea89fd49-731f-4da8-969b-bc2a6c8bea84,4,4,1,1,2023-01-26,2024-01-01 00:00:00,2024-01-01
de8b3ec7-4c4f-4cd2-9e72-369004361589,85ced50c-703a-4d46-bce8-9bc96471b5f2,cde40d91-3c13-4642-9f5d-491c6ab20139,2,4,5,8,2023-06-12,2024-01-01 00:00:00,2024-01-01
2614a85b-45ae-454f-8d9c-9f5f7d83a5f9,f9ada4c4-1efc-499a-b0ff-aa32a1b26b6a,98ecac3b-17cd-418d-b996-6a44293cb0cf,2,1,10,5,2019-01-28,2024-01-01 00:00:00,2024-01-01
c917d234-3ec2-4b3d-b8e0-bc43a2e0194f,7bb8ac9b-8a56-4bee-a47f-cd64dbe5976f,f01637cc-a763-46b3-bcba-d4a735df0e30,5,0,6,7,2021-05-29,2024-01-01 00:00:00,2024-01-01
9044442a-a97a-42e1-aee1-7bac1c916be9,e48b06fb-d9b6-4c41-a79e-e460049498d2,2922af86-2997-4537-8609-bf9b9c5f81c3,4,2,6,3,2020-08-15,2024-01-01 00:00:00,2024-01-01
92fb3daf-e432-4fc9-8a99-654ed9b02045,3c55f151-ed60-4ba2-8541-6e380b34fa9c,6fee9276-03aa-45b9-b02e-e08ea008b870,5,5,3,4,2022-06-18,2024-01-01 00:00:00,2024-01-01
ee04cd42-0c57-4b03-a387-a4b7163c085d,e5b8e416-19b2-413c-858a-7eb6925e3906,4b860dbb-3b9b-4e1f-8986-5f12d4f67aae,3,7,10,6,2023-04-20,2024-01-01 00:00:00,2024-01-01
16e2ffed-7fee-4781-bb81-93d2e8fe806d,5d8228cf-ad8b-4c1e-8c34-6360b0ef3cb7,cb22d79c-9cd7-4ebe-a15a-6a9c3fb34123,1,16,9,2,2020-02-11,2024-01-01 00:00:00,2024-01-01
1faacebb-ea8b-4422-9d22-cfbb26f6439a,6d6fe18a-bc88-448d-bee4-e40aea7a03b1,ffda0ef2-515b-45d8-b52c-cad58ac5a42d,5,20,10,2,2020-01-22,2024-01-01 00:00:00,2024-01-01
f6bf30ba-cfb1-4059-b8b1-c3cb5fc6c97f,ad414fd8-49be-4045-a382-91e5ffef951a,6f389e71-46f7-4711-9fd1-f5329424e39b,2,12,0,4,2020-04-14,2024-01-01 00:00:00,2024-01-01
d185e640-a5f6-4f87-a45a-27d369ed1a1b,0a99c109-9206-4708-9885-9dcad55b294c,70af3e45-1b97-4330-8434-638013984d40,2,13,0,9,2020-01-29,2024-01-01 00:00:00,2024-01-01
3547cd26-9cbb-4902-8cd6-82367f1f327e,9640dc1f-7a34-499d-ab20-ca4e682b8abc,4da46ed5-9d9c-480d-aa47-7d43bc9c09fb,1,12,6,8,2020-02-13,2024-01-01 00:00:00,2024-01-01
d3c6f3db-f407-4c00-a5a6-929810903fb8,916a756a-d8db-46b5-8ce2-361e074155b0,52e4d0f2-f61f-47b1-90f9-cfa43836e7eb,2,7,5,6,2020-09-19,2024-01-01 00:00:00,2024-01-01
f65b1ec3-141e-48b3-9781-0b6fae88c106,97b8cf6e-20d7-4d05-a3cb-67d25dd4ea98,015e17bb-1e2f-4618-ade7-697f90b13138,5,13,10,0,2021-09-08,2024-01-01 00:00:00,2024-01-01
009f5e98-ae4f-4941-b32e-a72e9ffd8093,fc6b51eb-1e23-428f-b075-65c5904cce9c,eb15de3a-9a1b-4002-a390-d86101da476b,3,11,4,5,2020-09-15,2024-01-01 00:00:00,2024-01-01
3ecf1d98-bcf9-41db-8911-089e31887de5,318c8eab-3932-4ce7-89fc-64ef0a4e7941,d99f29a1-fbfd-4641-9f25-3cddfc9e6f64,2,10,0,2,2022-12-28,2024-01-01 00:00:00,2024-01-01
8e3d4887-c095-4b8d-93c0-d86dc3ab8fdc,d92dd98e-d002-4cfe-a063-06bd5e25c6dd,071aa882-feda-46a3-a4e8-02ec468ad223,1,10,3,4,2019-03-25,2024-01-01 00:00:00,2024-01-01
d4d619a3-97ce-4f68-ac45-b83ff279e7a5,95c24e7f-708f-46ca-80f4-f67d9b186979,834586db-c5c8-4589-bab4-39c974547035,5,3,6,2,2021-08-24,2024-01-01 00:00:00,2024-01-01
ebc0e7d4-ca72-4ff7-bd5a-1dffc38327cf,333b87b1-83bc-4058-9b82-27e714e097c0,4d6f0375-b4c8-472f-961b-9d4ab77cf9d0,4,11,5,4,2020-05-31,2024-01-01 00:00:00,2024-01-01
a2aba682-bf15-4ab3-8bc5-cc619439d88c,c656aa8a-16f0-43e5-b270-730708ad0f0b,c5b60773-230d-452a-a448-54789e68efc7,1,17,2,5,2019-08-17,2024-01-01 00:00:00,2024-01-01
c1e54dc9-acf0-4085-bce1-f43ab52cded4,a4d533b1-7295-422f-ac46-6bc02e843566,5eef5951-d005-4984-b47a-d06c66199451,3,18,8,9,2021-01-08,2024-01-01 00:00:00,2024-01-01
e7d69d35-70c1-458e-ad8c-a0902a3d9070,2082153a-b9f6-4eb2-82fe-02255dbf199f,2db30c78-fe47-4ff9-85ab-6216a35a122f,3,6,9,6,2021-01-31,2024-01-01 00:00:00,2024-01-01
06993c5e-20e5-44df-885e-5ee97476738f,712d79f0-6f9d-4020-8b74-229581cfc74a,0290b7ee-629b-4270-a398-a4e1e05c6e17,1,4,10,9,2019-06-28,2024-01-01 00:00:00,2024-01-01
9844dcd3-6e69-420a-a70b-83ed2099f7f9,8e4c8214-171d-415a-84f2-b2d248d04497,8c9c9dbe-e89c-4845-932b-7aff6ac30a0a,5,20,3,3,2019-09-04,2024-01-01 00:00:00,2024-01-01
ecb467d5-3aa3-4402-a433-472a549cb2f9,14aead08-c786-4e4c-be62-14e41ebbca74,55f0a218-16b9-4fe7-9689-7a69abe78aed,1,2,8,9,2022-12-14,2024-01-01 00:00:00,2024-01-01
3b770b80-fc75-4072-926c-66bfa521ab32,c42c5fd7-a710-4786-a367-55f1942a4294,133046c4-5256-4bea-8a44-4afd95440375,4,6,8,2,2020-12-03,2024-01-01 00:00:00,2024-01-01
eb0e4528-ee62-415f-bb78-4c3389afa6d7,82364551-8edc-4b5a-8429-7f6426e7cb94,b886de27-d776-421d-9e18-d1314e27c111,2,13,8,4,2019-03-31,2024-01-01 00:00:00,2024-01-01
245cde8c-6f15-4753-9bff-8bde80eb94bc,de827fe1-c464-4c06-8aaf-be44b7b4b14e,b5d28e31-5851-4a1f-99b1-3cd87c68ee07,5,11,5,7,2023-12-02,2024-01-01 00:00:00,2024-01-01
846dde66-fcfd-451b-874e-1ba04ce804c6,0027f0f1-bb01-4bcc-9d58-d20764819483,2b55163c-c8c3-4a9f-ad5a-0948e83fe97e,1,13,1,7,2022-07-13,2024-01-01 00:00:00,2024-01-01
80522d90-8371-44be-81e3-39079e756b50,25dd2b02-b1f6-4763-b25d-77180c5e16ff,2b81f86a-6ae7-4e1b-91ea-e58171ab6d45,5,0,2,9,2021-05-08,2024-01-01 00:00:00,2024-01-01
66997361-da81-4448-875b-b11286aef596,ef3f3ff3-ef69-427a-bea9-ad89a5955d8d,358cf9ef-9b97-4dc4-aabf-ea7e18ec3c24,2,9,0,9,2020-07-15,2024-01-01 00:00:00,2024-01-01
47af1c62-573c-446d-b09c-92678e4c270d,ca029faf-9bd1-452c-9fea-97fe92e68665,54073c9a-d5d8-4c8c-b6b2-4334ffa3652e,2,12,7,10,2019-05-05,2024-01-01 00:00:00,2024-01-01
012dbddf-0ca4-4dab-b5c9-38c2de7fb6fb,79280abf-2c22-4bde-871a-f2db084cf08e,a8c25bcf-82b8-4319-b1e5-589272d55207,5,2,2,7,2021-12-26,2024-01-01 00:00:00,2024-01-01
39c894bd-8e24-40f2-953b-e7de744913be,0860d176-d8f0-425a-b02a-357a2268693b,4ce603e2-bf3c-485e-b494-57807d95b843,4,17,6,6,2023-03-18,2024-01-01 00:00:00,2024-01-01
a0b64ed9-b540-405e-8c86-9ebbd455a720,a185c45b-b50f-46f0-b08e-4e6dbf8e445a,e3277bbf-6082-43b9-9df3-9183185ff074,2,5,0,2,2022-05-28,2024-01-01 00:00:00,2024-01-01
eca4e289-1f73-4be0-8288-f7eb321bb09b,c4cc6ea6-1998-4ebd-b2ca-3038e9787d13,45404c8c-fd4f-4d15-903b-91b5c05b0375,5,0,8,7,2022-03-17,2024-01-01 00:00:00,2024-01-01
14fb8d8e-82d9-4e1b-b213-043ae39b281c,39d5c48a-1f05-499b-8788-ade6ec2c83e2,f004475d-46db-455f-979c-165786d0d6df,5,8,4,3,2021-10-28,2024-01-01 00:00:00,2024-01-01
0b24917e-620f-4e4d-9928-92dff7197564,98da7465-ea56-43ad-aadf-578b0cf0c3cb,f004475d-46db-455f-979c-165786d0d6df,3,17,1,2,2020-08-29,2024-01-01 00:00:00,2024-01-01
d73948f6-e596-4b1c-b281-c3e8a11efbe5,dc15b1fd-fcef-44e8-998e-3c13542f3418,95ecfad2-598f-4b56-9182-5d3280ccafdb,5,7,4,0,2020-04-03,2024-01-01 00:00:00,2024-01-01
504fe841-1b55-4233-bdf5-4da0420e1683,dde9082d-6776-4d7f-b28c-b78cccba364b,d4f537d1-f965-4b8f-a988-6937f70e11b0,3,4,4,0,2022-08-02,2024-01-01 00:00:00,2024-01-01
34780d93-a7d3-4346-828f-7d70f873d99e,6deb79a2-9e51-4e30-916c-ca7a4ec34d07,8564e2c0-2c90-4a7f-ac42-b93cbec1c8c2,2,17,1,0,2022-08-08,2024-01-01 00:00:00,2024-01-01
9f586b73-b785-4e19-b324-1726554b5375,0a0328de-985b-4a3b-a45f-8e037c8bc2e2,5da3fa31-83a7-4145-859c-0d3fa0770ac4,5,11,5,1,2022-08-21,2024-01-01 00:00:00,2024-01-01
cffd8515-2212-4dbe-a487-5985f844c121,8878660c-a586-450b-a22e-e61f167d2ef6,87eb74a2-719a-4a03-ac6b-524726e2d944,5,8,2,6,2022-12-15,2024-01-01 00:00:00,2024-01-01
5000154c-6bba-40ac-bdb8-4e556ee53a09,35761f9f-e34d-4de4-a7d8-3b4a88b07753,ddc37b46-61eb-46d4-ab20-d0103947c438,3,1,10,0,2022-06-06,2024-01-01 00:00:00,2024-01-01
69c756c0-8c46-46d4-a0e5-394fc1233871,0df5b36c-e963-447a-813e-fdcde9fd0515,ac9c7b65-1f4c-49ab-98f7-497cc59418a5,2,8,2,4,2023-08-15,2024-01-01 00:00:00,2024-01-01
e0406bb2-e67b-4c8e-92cc-bc84d42d9259,03d4c4a9-3349-4573-9678-da68aa774e92,8c513b87-d0dd-423d-81b8-0c75905258f3,5,3,6,10,2019-02-02,2024-01-01 00:00:00,2024-01-01
a2b31783-7abe-4714-a467-aab8e58ffb5c,77f9dff8-194f-4e7d-8035-ad996bbcff93,a8c25bcf-82b8-4319-b1e5-589272d55207,5,17,3,7,2020-06-11,2024-01-01 00:00:00,2024-01-01
ee7c259a-3b86-4633-aef3-fa00db85e26a,f1fb1d73-3d0b-40f7-9a2b-bb5e135cd02a,cdb86f12-47ce-4900-b3d0-7a1c71066282,3,6,9,10,2020-03-27,2024-01-01 00:00:00,2024-01-01
5989786c-a574-4a95-b0b6-ca60e5a665c5,18fb3867-4bd0-4621-85e3-2d2a7cde34bb,a46186c5-5c89-4d8d-becf-598788357b0e,4,4,7,3,2023-07-13,2024-01-01 00:00:00,2024-01-01
e9e1a9c1-79f7-4199-a196-833c9837644d,190aa6bf-74de-4b50-adf0-7e59559a6114,72af3421-4c21-454c-ae33-5b876b8ee2d8,4,11,2,7,2023-02-03,2024-01-01 00:00:00,2024-01-01
34f4d285-1900-4f2a-8206-8a8287be239c,6b2d72d8-1ee3-4538-ba8d-d175d583f4d8,df12ed67-7c50-4007-92d4-1b779e3d741b,2,14,2,2,2019-07-11,2024-01-01 00:00:00,2024-01-01
6aa7374a-44c0-4800-bbfa-9bdaa90eb299,a4a1b3e5-c378-41dd-82fb-f927080c69c1,cddb1832-8422-4468-ad72-0b4a782f2278,4,5,10,4,2020-01-22,2024-01-01 00:00:00,2024-01-01
e8441ecb-c82a-4bde-b21c-d66df41da0a0,79b9588e-7a9e-4692-bfc1-ad118cb17496,0fcf7399-8fe6-439c-977f-6e8fde3da99b,2,5,6,10,2019-02-13,2024-01-01 00:00:00,2024-01-01
5d19b8d8-f909-4b27-a4e8-a9ec727ae945,88836da6-ba9b-4661-8aeb-f17484878d8e,f3aab638-34fe-42e7-bb13-82c8fb296808,1,4,1,6,2022-05-29,2024-01-01 00:00:00,2024-01-01
d25b7ff1-67dc-4e53-b0f2-cc294f6a06b4,8eec219c-c24c-4614-a2d7-79900fc2963c,a355aed8-ac55-4e68-b182-8c7c40d0f234,4,3,8,2,2020-05-17,2024-01-01 00:00:00,2024-01-01
9f30bcf4-c600-45e6-a673-0eb7513ef442,3d6fa997-a3ab-48d1-afd4-f0a16c8b0249,be16f2ee-cce4-4859-ae1b-2aa1315cd48d,1,19,1,6,2023-01-28,2024-01-01 00:00:00,2024-01-01
e22d1fff-f070-4427-aae8-08359d79e7fd,607fa214-a10c-4e88-8ed8-577b2c9d59ad,cde40d91-3c13-4642-9f5d-491c6ab20139,1,0,10,0,2021-02-25,2024-01-01 00:00:00,2024-01-01
8cdcf79f-1f64-45cf-9f12-959414ed309b,866ef229-3856-41a6-9dab-91523734b27c,8564e2c0-2c90-4a7f-ac42-b93cbec1c8c2,1,8,2,10,2019-09-28,2024-01-01 00:00:00,2024-01-01
b57c12dc-1f39-4ec4-8e49-58b2af82a4aa,de36bf1e-d3ea-44ba-bfb2-334221a859df,80ea4b1f-ac5d-4950-a3b0-0c2e9adf5140,1,3,8,5,2022-05-13,2024-01-01 00:00:00,2024-01-01
5ad7dc7e-f5f8-45f6-af28-258f0feb33bd,6e3dd4ee-c6ef-40ae-9bf2-2c7f36efbb72,f004475d-46db-455f-979c-165786d0d6df,1,6,2,7,2023-10-13,2024-01-01 00:00:00,2024-01-01
0f3f250d-2997-44ed-8969-546a89efb4fe,70ae6237-f313-45aa-b13c-8e8faf77370a,15b7b416-1e58-4228-96a9-59f3e18a3ef8,4,5,4,5,2023-04-05,2024-01-01 00:00:00,2024-01-01
197405d4-2424-4148-9348-3153dcaa72de,2cfc90da-7e4d-48ce-a002-1d47b9d97afe,06bdb1fb-5584-44c3-b60e-ba9d730a9ff5,2,1,8,4,2021-09-07,2024-01-01 00:00:00,2024-01-01
889cda5c-ed36-44e3-bab7-3234f583b865,630a082f-80ba-4c91-8d3a-2a843c8edee3,12e2c652-c18c-42a2-b89d-56ce102dc13c,1,0,0,1,2022-07-09,2024-01-01 00:00:00,2024-01-01
0674bb8f-c3b6-428d-b0f3-eb62f0bdf3cc,5e9eca4b-e5a2-42be-bdfc-ec279789ad13,982ae8da-bfa6-4eef-b616-216ae94a841d,1,16,6,2,2022-01-20,2024-01-01 00:00:00,2024-01-01
631e1970-978d-4f72-a8a9-4c17fd2276f6,b03d461e-d999-4d9b-a039-418d539f0680,c0d8692a-0e8c-43dc-9470-88c60fa6f487,2,0,3,6,2019-01-03,2024-01-01 00:00:00,2024-01-01
8ec8eeb0-fdc0-4f2b-9590-6887679937eb,623709a8-e583-48d7-9ae9-77897f6f498c,d4f537d1-f965-4b8f-a988-6937f70e11b0,3,20,4,3,2021-02-28,2024-01-01 00:00:00,2024-01-01
c100bae7-e8b9-455e-ac0d-db41b3770556,27a16526-08e9-4fac-aad1-ea728a83e19a,c9bf95b9-b0ae-4dc9-91af-c64e1f637bdf,4,3,7,2,2023-12-06,2024-01-01 00:00:00,2024-01-01
c1a693b9-1538-4474-9ed0-1eda1429519e,4fc842c3-a97f-44cb-a5dc-65704f5aa203,04723e3e-62de-4c60-8482-d3c5544ef0d5,1,9,5,1,2019-08-14,2024-01-01 00:00:00,2024-01-01
376c3fc3-fbb2-4beb-8870-117f7827f581,d216b1e5-1b38-4ff4-91f1-567b41c9e2dc,95785e11-a66e-4435-b080-1c3444822f98,1,11,1,0,2022-06-14,2024-01-01 00:00:00,2024-01-01
37751773-64fd-4fb9-a147-0e83b0692c2e,95ccaa11-3c5c-469d-bb48-f714a1c92739,6a01d889-b776-4f27-8221-299b8d06dc27,2,13,8,5,2022-05-23,2024-01-01 00:00:00,2024-01-01
304e38d5-0ec9-4bb9-9bc0-048525a2e0c2,02f1eaf3-c56d-4b7a-a28b-b022e070b4df,10e1907a-c902-42ac-b0e9-ab6bf2f0c62e,4,4,10,10,2022-05-13,2024-01-01 00:00:00,2024-01-01
966246bf-93fd-4601-80b8-d2c28a27c875,3e3b8438-ba1e-44af-8548-0a627798b6fd,c6c5cf41-f7d6-4fb3-a9e7-b0ad8c435595,3,11,1,4,2020-09-09,2024-01-01 00:00:00,2024-01-01
0ea778f4-c890-49b8-90e8-b7a2fa037eb7,b166339a-e8c8-49d6-825c-75ded5fc845f,aaac741f-a52f-4733-a964-8c86c6d69c6d,3,8,1,0,2021-10-19,2024-01-01 00:00:00,2024-01-01
8d682095-9470-4ab0-bd9d-23da1ab7c0a8,5c8293b3-3f5b-4105-a556-f23508cde539,1c02b15f-4616-4216-9b54-4c62a27c1ae9,2,20,2,5,2023-10-31,2024-01-01 00:00:00,2024-01-01
983ef3b1-c8b7-4d06-a5dc-773957080373,f683a80f-12c6-43f5-b142-c114fb20ae8f,115fdbad-ad54-4574-a146-59585c99eea9,4,15,1,1,2019-10-30,2024-01-01 00:00:00,2024-01-01
dd417b72-c892-4a72-8277-4faa89555572,df084b08-1923-4e44-8f2f-17c371c4be36,29b81039-f7fe-44d4-b9ae-e43004eff257,3,4,1,5,2022-03-29,2024-01-01 00:00:00,2024-01-01
f18f1b5f-3165-48b8-a9e4-4a825490e42b,476016ae-9f7e-4b0b-9103-dfd59dcb3f5d,5cf3434d-e976-456e-a951-cad2c805a9ec,4,11,5,7,2019-09-19,2024-01-01 00:00:00,2024-01-01
020eb9f3-41a3-4672-8155-895f85ce9c86,708e24f3-a777-4a2e-90c4-edad122ed1ec,3ef8c66a-ee03-4b70-89df-59ea55a86c3e,4,19,10,5,2021-05-18,2024-01-01 00:00:00,2024-01-01
e5284fa8-53d0-4a88-b528-5deb9a61f138,fda030b4-e76f-41d1-bef6-aadfd04cbfef,26a8ea3c-d6d3-417b-b4e9-4ad78e3d2c43,2,12,6,8,2019-10-11,2024-01-01 00:00:00,2024-01-01
e9e07be6-bd60-45d4-9667-fe52a4fd5501,49bea838-4350-4967-815d-dd936ff59ee7,8c513b87-d0dd-423d-81b8-0c75905258f3,5,15,8,8,2021-10-15,2024-01-01 00:00:00,2024-01-01
6c36de34-ab88-491c-a5ed-a5b0ba3b2d67,94a30f5a-f9f1-42e0-a257-260dd159c610,5940ce1b-9791-4aa0-a3db-8eb776311197,4,2,9,6,2023-08-10,2024-01-01 00:00:00,2024-01-01
c84deda6-d2d5-425c-8a49-5f041757dfcf,d1d997ec-d9da-4adc-b496-c0f577111969,b1dc94e1-9c1e-47a0-a619-b383230402dd,2,2,3,5,2021-12-15,2024-01-01 00:00:00,2024-01-01
f9785135-fb01-409c-ba1a-848e9c9771e6,7674c98a-46da-4617-86d7-1c08fc991a1f,d78182ff-6287-47fb-a6a1-c86862779c6a,1,11,8,7,2019-01-06,2024-01-01 00:00:00,2024-01-01
515a5d90-608d-4f58-86fa-c68a72a4b30a,037a7418-039b-4a18-b72d-e7ee9aac83ad,dc497c55-2855-4a13-8405-ca80712ec6f2,1,1,5,5,2019-10-01,2024-01-01 00:00:00,2024-01-01
7bcb250c-7efd-49e7-a75f-785c1a8cdcd6,206b0378-e0fc-40a5-ad59-7dcdc7085791,5d52cf68-3e58-494c-9ae6-1b53dbb06462,2,9,7,2,2023-10-05,2024-01-01 00:00:00,2024-01-01
99501561-f372-490c-8d92-efad0e95a0ff,f024b582-d114-47b8-a269-151287989be0,d06afe8f-b00f-4b3d-951b-dfc4f57cbee5,5,13,3,3,2023-09-07,2024-01-01 00:00:00,2024-01-01
41bf7ca2-05ab-4748-93a6-edd286a47c96,73ec435d-a08e-47e7-a88c-768865fabc38,04723e3e-62de-4c60-8482-d3c5544ef0d5,1,4,1,2,2023-08-23,2024-01-01 00:00:00,2024-01-01
b3a50b12-15c5-4557-92ec-4ae4303e4d2b,2d4cabbe-a62d-48b1-b56d-b254fd38a77c,b5b9805f-a92e-43b2-88b9-2985519a4d52,1,13,5,0,2021-02-12,2024-01-01 00:00:00,2024-01-01
c24ced8f-53c5-4807-94fd-550bc6545c8f,4875ef4b-d2d4-4e85-b086-d75baee6c51f,2b023759-5dc3-4917-8cbb-194bcec4bc52,5,2,7,9,2022-12-07,2024-01-01 00:00:00,2024-01-01
54437ba7-cd9b-4640-b294-747af19c2b5b,0f984c99-94b0-4960-a1e2-566b75b91761,a9032709-b02e-4e5e-ab7b-084c49a7cb9f,1,4,5,2,2023-11-18,2024-01-01 00:00:00,2024-01-01
9b36458a-44ef-4b5a-926a-fa92379ae401,de3953ae-2817-46da-be02-c57ff0df65e2,0ad16284-7dad-469c-81c6-08e7988e4581,1,0,9,6,2019-06-11,2024-01-01 00:00:00,2024-01-01
b867549b-fc06-4d42-98cd-afd05f5ce4b8,e754e596-3f20-4ca7-82cf-9926cc5dc0a0,54c56d27-12b3-41fc-858b-e92641bf13e1,2,15,2,8,2019-11-03,2024-01-01 00:00:00,2024-01-01
9ea0c2c4-d5a2-4c8b-a0f3-e3d94828d056,cc7a9bce-0ff0-4ca5-8c90-796271755382,4d6f0375-b4c8-472f-961b-9d4ab77cf9d0,3,15,6,5,2022-12-01,2024-01-01 00:00:00,2024-01-01
5e813c3f-ab15-4a23-995f-bbd357fc8811,4504896b-ee0a-4750-a37f-76c5bd4bf332,fb2687f9-3e9a-406e-a8b1-b33067bdbb70,1,9,1,2,2021-06-28,2024-01-01 00:00:00,2024-01-01
f5300bfd-3dd4-453d-8845-edd3ebc24631,eb6418af-eb58-4591-9c98-3546eb6b8c3b,7a50e05e-c86f-47e7-8fb8-84259d236325,1,19,2,8,2019-05-03,2024-01-01 00:00:00,2024-01-01
2bf544fd-3b82-408a-8423-25af01a62940,892a52de-ce9c-49a9-95ea-d171762c415d,bb33d41c-4831-4a38-b78c-cc314fb2914a,4,13,10,7,2019-11-25,2024-01-01 00:00:00,2024-01-01
565f197a-165f-48e6-9aee-7b20b6260528,707d604d-0c15-4234-99a5-257274c186e7,edea4b5f-3f5d-4314-8bf0-a86d0b8effc6,3,18,8,4,2022-02-08,2024-01-01 00:00:00,2024-01-01
8d73daee-6feb-4224-97b1-7987b7580c3a,d7cdeab8-b43b-4058-ba0d-a18806968157,0d2eb9ad-40d8-4bcc-b97e-f4188da258d5,4,5,4,1,2022-12-23,2024-01-01 00:00:00,2024-01-01
bd15e5aa-687a-44e4-a33e-569cf9955b11,7d12a805-d59c-4150-951c-d437ca29db16,ad6498b7-1091-4c58-a2a6-649cf753ffc0,2,6,6,9,2021-12-04,2024-01-01 00:00:00,2024-01-01
c2537bc6-d434-419e-8168-0059943541eb,04926426-ccb0-43ac-9fe0-af998d5331c7,484edafb-7818-402b-b84e-70c477977155,4,5,8,9,2019-04-25,2024-01-01 00:00:00,2024-01-01
efe4018f-f913-4e34-9246-bd69f4f02dd7,fb94633f-89f8-4204-ae58-9c2a9221ecb5,c152a397-4b4d-4fd6-aaeb-325b9cf6fe2d,4,15,5,10,2023-09-20,2024-01-01 00:00:00,2024-01-01
760b80cd-6d09-4c1b-af68-88a42dffb081,481d0777-9b2a-4c50-9528-7ac40d68662e,d38f3cd2-cd63-4045-82c5-930ec1485b40,4,5,0,5,2022-08-07,2024-01-01 00:00:00,2024-01-01
905db84d-5190-4b4e-9a34-bf871290e636,6d051ea8-c780-4ea2-8366-d482a3ccd00d,a53c3d45-a019-4f33-b39c-30fbbce4ad38,2,8,1,1,2022-08-17,2024-01-01 00:00:00,2024-01-01
4479ec7d-d45e-47b0-aaf0-8d9ccdf75bc6,024a55e3-4934-40c8-9a7c-4e45dbfb8e00,0f115cef-22dd-491e-bfcd-50da19e6280b,5,10,0,3,2019-06-09,2024-01-01 00:00:00,2024-01-01
def6e2ae-5d3c-48f9-bb1c-aa29a3652178,0fcaa4d2-7cde-4561-8c6c-da6f53aa1b10,0306d001-3725-47dd-93af-046c8d337d2f,5,3,1,3,2020-07-31,2024-01-01 00:00:00,2024-01-01
3ceedf6a-1c0d-497b-9cef-7ba6ba2ea313,54692167-31bc-4b89-8600-4a1a26c1aaa0,bb33d41c-4831-4a38-b78c-cc314fb2914a,3,6,8,3,2022-05-07,2024-01-01 00:00:00,2024-01-01
dac82b91-261a-4e8e-a391-95539c9e2a12,b013ace5-3373-4bc2-bae2-a3dd34263bca,70af3e45-1b97-4330-8434-638013984d40,1,7,4,1,2022-07-31,2024-01-01 00:00:00,2024-01-01
d7e84134-9af3-4b1b-886c-e14d2f6d387c,aae3e850-b7f0-40b5-b8d3-99b640f80059,10b9b9a3-b3e2-47dc-b449-4a4592513e37,1,18,7,0,2022-03-13,2024-01-01 00:00:00,2024-01-01
25206690-a7a5-405f-9726-44636d2108e5,0c882a49-87a0-46e3-9ae6-ee432813e7fc,17803607-22cb-4c44-924d-744803b07c79,1,9,0,5,2019-04-09,2024-01-01 00:00:00,2024-01-01
c840a436-1cb6-495d-8c8d-8b74d3b040f3,7bd16adb-8f00-4f03-be87-a00bc67849b5,2922af86-2997-4537-8609-bf9b9c5f81c3,4,16,3,5,2023-03-20,2024-01-01 00:00:00,2024-01-01
bc0a916e-7975-4654-ab7f-cbd1ae3c2289,338738bd-b7c5-4da0-84a3-cbe34aeebc9d,b6b0758a-4b5d-4843-a330-5ea470bd1125,3,4,10,1,2023-03-20,2024-01-01 00:00:00,2024-01-01
2c89f089-f592-46d3-a7c0-c479054eeca5,b24cb88f-5b46-482c-b15d-7bce36bb0052,630f6ee2-4357-4798-b435-386ea8a00d80,5,3,8,2,2020-11-09,2024-01-01 00:00:00,2024-01-01
756d0683-93a2-494c-8f26-29d503da2033,8f975bc6-fdd7-459b-ac5b-5bfe5a8d41f9,79001d4d-d695-492b-b3a9-4fd78d066ddc,4,15,9,0,2019-02-18,2024-01-01 00:00:00,2024-01-01
c668ca47-27db-4311-b323-3d34a0241626,d67f9180-b927-4790-a185-10ef504ee575,cbda28f9-cabb-4ef5-b3b6-8d4b48165def,2,14,1,10,2020-08-17,2024-01-01 00:00:00,2024-01-01
3ee66760-11e2-40fe-8f03-01b9bc76b85e,5cab0f46-340f-4e4d-8d56-ac9aa24a54be,2cca2c71-8879-4dd7-8c3e-2a9d62eba8e8,2,6,10,10,2019-07-11,2024-01-01 00:00:00,2024-01-01
7f34c1f1-16cc-456e-b5e0-938700b78be1,3744a9b8-df30-4394-8d2d-8a2fdad58b6a,0a87cbd7-da05-4d9e-893e-3d17083fb102,2,16,8,9,2019-10-16,2024-01-01 00:00:00,2024-01-01
68baf0c7-51f7-43df-99b2-52df304c6c29,0f4380a9-d7a0-42d8-a672-597c3482aa06,bf5722b9-c754-45bd-a502-a5d56c8ab316,3,14,2,5,2022-08-27,2024-01-01 00:00:00,2024-01-01
2bb23554-4d42-43ce-8ecf-20b4def63371,610b66b8-e9cf-46bf-8891-007dccfbd701,bd5fa77c-f04c-4a4f-991f-e0fdda1d5c15,5,13,0,10,2020-08-18,2024-01-01 00:00:00,2024-01-01
e06ddd35-2d40-4a2a-b8a0-7f43a120e816,f80c747b-f878-494e-8482-12942f27994a,f97791ea-8b07-49c7-87e4-14ac0d341906,2,19,9,1,2021-03-04,2024-01-01 00:00:00,2024-01-01
ae6b7e27-c558-4fcf-b5d7-42acde0f3761,68f28e5c-a767-431f-88ea-fdf3299faf6e,88ae4cc4-c859-41bb-b115-0a8c07730e75,4,3,0,2,2019-11-09,2024-01-01 00:00:00,2024-01-01
7bb6f651-f379-46e4-9810-cb3417adb21c,c26d5bec-1f82-4981-84bf-3f690fc41999,a8c25bcf-82b8-4319-b1e5-589272d55207,3,17,1,7,2023-04-19,2024-01-01 00:00:00,2024-01-01
663bf291-4f20-4724-8a63-9bd78fa188ac,f207c581-9dea-4213-a682-a05f7a30d31d,a355aed8-ac55-4e68-b182-8c7c40d0f234,3,5,4,2,2019-07-12,2024-01-01 00:00:00,2024-01-01
75ae3413-a159-4088-9d49-656106bbc48d,22e336eb-5fce-4424-be11-7e2a58624921,834586db-c5c8-4589-bab4-39c974547035,5,11,5,1,2019-05-20,2024-01-01 00:00:00,2024-01-01
4fef2100-16ae-4ece-8446-f191c817e3a8,bf3faaf5-14eb-418d-95cf-2baca1e88599,685a72a1-81ff-4c14-8ef4-776b03c7ecc5,4,8,7,4,2019-05-26,2024-01-01 00:00:00,2024-01-01
7c060ae8-6272-45ff-b8dd-0a2c60c4a552,8c07d77c-2216-40d7-acf0-02de1a56ffcf,f480b76b-76bc-484f-8d2c-955d43244901,4,20,2,1,2023-04-12,2024-01-01 00:00:00,2024-01-01
9c200e44-deb1-43b3-b434-b068b359977e,38669224-7f99-4116-a17c-bbda0b6fd49f,10ed932c-9d7e-4b52-8acc-3d5ebb7ab0fa,1,11,4,6,2022-03-10,2024-01-01 00:00:00,2024-01-01
6df6f54f-9d64-4cb3-b1a5-830f3c4bd5ae,a7fe1ca4-a9cf-40d6-b15a-a87825458a65,b5ed67ce-51f8-454e-8bc0-7c5ee56b22b9,5,4,7,5,2021-04-17,2024-01-01 00:00:00,2024-01-01
84e28729-3a00-435d-854b-e5bf8ec2bfda,94230ab6-860b-4004-94c4-c3871fa50d70,3fa1fc01-a9aa-49cf-8829-9d1000d73028,5,10,5,1,2021-11-15,2024-01-01 00:00:00,2024-01-01
0d2d47be-ea9b-4ce8-b65d-4997407b74bb,7fbf04c3-4878-47d3-ad51-40794ad3cc69,026515ac-4bbe-49a3-a1ec-e618af37f455,5,14,4,10,2022-10-29,2024-01-01 00:00:00,2024-01-01
59fea3b0-21e3-459c-821a-2f9a2796bf7d,30165135-9a33-4ef5-833c-5e3a10f1b921,fee34432-a4d3-41dd-8215-d2135245a4ee,1,7,8,0,2019-03-29,2024-01-01 00:00:00,2024-01-01
89e18801-5739-4060-91d5-37df0f8a947d,824139cf-e233-48e9-8cca-325090693a43,d06afe8f-b00f-4b3d-951b-dfc4f57cbee5,1,9,6,2,2019-11-13,2024-01-01 00:00:00,2024-01-01
11ac83e7-33ae-4c57-a879-e33de5a4939d,381a44c1-8561-42c3-8a91-9acf7b367f99,f683fafe-1a26-478a-9f5a-38aae47e84b4,1,7,6,7,2022-03-13,2024-01-01 00:00:00,2024-01-01
43fa097a-1456-49c5-88d2-06bc69ac2789,11b78d43-3143-4c44-8907-6b3a756cfae1,61a0ff12-d68f-4b62-afab-5178433b5f21,3,14,7,10,2022-10-02,2024-01-01 00:00:00,2024-01-01
4f9b02a5-9eb2-4154-bf21-3773b7cf5239,9c3def1a-e0ee-44a4-bb1f-5490cf44b740,86e0ac77-a519-4936-bcb8-a02a31099e7b,4,3,1,2,2021-12-31,2024-01-01 00:00:00,2024-01-01
3518cdf4-b691-463b-a533-562f7d028a10,db15a5ac-1cd5-4430-b6a7-88bf822c7a73,75b7337f-e116-4636-ac36-fe61ed885b30,4,13,3,6,2023-02-07,2024-01-01 00:00:00,2024-01-01
b1f7210c-5f2e-4ff9-a42a-e60097088f99,82827a13-559c-4b5b-9520-5288874cca26,6b506c1b-f282-49ec-91e0-7af6d616ed5b,3,10,9,7,2020-11-04,2024-01-01 00:00:00,2024-01-01
a089c995-f63a-4313-ab92-00a306422ee1,b3280803-5eea-43d6-92a3-817d1147372e,b1739b28-f87d-41ac-b2cc-1214c3e645d9,4,3,4,7,2020-03-11,2024-01-01 00:00:00,2024-01-01
1f9b2d07-5d58-46a2-bab7-38a0ef794ed3,940b396e-993c-4e48-b327-3a60d477cc36,f0d033e3-4694-4cfb-9d77-489eed62b354,2,15,2,10,2019-03-20,2024-01-01 00:00:00,2024-01-01
5121c1a7-bbad-42c0-b33e-1e04e6c2c14c,b8967f26-fa97-4754-af0c-d8f50d2eb957,79fbb9d8-ed15-4bdd-8f1c-01a474820fe1,5,1,9,6,2020-03-13,2024-01-01 00:00:00,2024-01-01
033563f8-8727-4b9b-b7c0-7aca1ac997cf,814393d0-9d21-4ef7-a344-91c70a4c86d4,4ad46ba6-0e0d-4a9f-99a0-daaf42573169,3,13,7,3,2019-05-08,2024-01-01 00:00:00,2024-01-01
9ecc1aa0-4512-46d5-a67e-02744ac6c6ae,e678a98c-1f62-4515-9b39-2f6f14f5d7e8,1ae0421e-b20f-4a4e-bb4a-8c5a792fae42,1,13,4,4,2019-04-21,2024-01-01 00:00:00,2024-01-01
cdc74326-b5d5-4e50-9810-8f46ae3fad9d,566a1805-80fb-4616-98e5-006c1d2acb0a,667d37a6-10e6-407e-a874-e77d875ba1f9,1,4,1,4,2022-07-25,2024-01-01 00:00:00,2024-01-01
2b077a46-08b2-4c9b-8433-76e53b51761a,761e9afb-9990-4f10-acc1-c77defc174e6,974e368f-0337-4cb7-bfea-024151bc4b40,3,14,6,8,2021-04-09,2024-01-01 00:00:00,2024-01-01
7a290d1d-55cd-4482-bc14-e74b11113264,4ee8c656-e597-44d4-8441-b017b13426a6,d5965ed2-3469-4be0-a17c-4ed2e376b572,3,5,0,1,2020-03-14,2024-01-01 00:00:00,2024-01-01
ea7a9dde-8c14-475e-be4c-c1ae46aab0ae,38fa44b5-1492-4ab4-b1de-c100a54d60a9,87b5811c-faba-405f-ba49-e330d366173c,3,5,3,5,2021-05-27,2024-01-01 00:00:00,2024-01-01
014c2e3e-99e6-4fdb-8075-90e9896d689f,fef0da44-36fa-4287-86ad-abbd4de0f678,3ef8c66a-ee03-4b70-89df-59ea55a86c3e,4,17,2,6,2021-05-08,2024-01-01 00:00:00,2024-01-01
be7a5f21-f16d-4b22-b83b-097ab6f326b6,f748f18f-32da-4e84-af08-fc1d38b358d7,c0d8692a-0e8c-43dc-9470-88c60fa6f487,5,12,0,8,2020-12-27,2024-01-01 00:00:00,2024-01-01
3a0df4cb-7390-49c4-b729-a670cd136a59,eda92526-09fd-4a3d-8179-723feec437f0,fa9b92d0-1ba3-4b48-9147-edcc511ecf01,5,6,1,10,2023-05-23,2024-01-01 00:00:00,2024-01-01
b60c2706-4b1a-4169-85ef-1e1579d74c13,54bd556e-5250-4461-b0f2-f67dec99814a,44444b0d-5b0a-407c-a8be-8eef20b13052,2,10,10,5,2022-03-30,2024-01-01 00:00:00,2024-01-01
d0d879a8-d4f0-4b31-abef-23f2525b8d66,27b65046-5078-4eb7-8b56-6aa2018936b6,6a01d889-b776-4f27-8221-299b8d06dc27,4,4,7,5,2019-01-30,2024-01-01 00:00:00,2024-01-01
160f4cc9-7bd4-4bd3-ba57-25306f44ebe6,207079e6-f5eb-431b-8971-4c08eca331cc,79a33a0e-8539-49c7-86a5-5a9f4cc6b6da,4,8,8,0,2019-08-21,2024-01-01 00:00:00,2024-01-01
a773e165-1d8a-41ac-94c5-212c5309cf62,5d934cf4-d132-403a-bbde-bedc9f4fcbd1,44e549c9-2fe5-44df-8804-9d88f6092512,2,20,7,10,2021-07-11,2024-01-01 00:00:00,2024-01-01
517d0978-93fe-4067-894b-daddc8f1d093,3a97989e-4162-4f65-8ed9-d2cee1ddd5c9,c5b60773-230d-452a-a448-54789e68efc7,1,6,3,6,2022-03-30,2024-01-01 00:00:00,2024-01-01
ef84ada3-0f37-4a39-bfe1-d4c14beb6f8b,c881c919-b6a1-43d2-96db-7846185c56f7,f0d033e3-4694-4cfb-9d77-489eed62b354,2,19,6,3,2022-11-27,2024-01-01 00:00:00,2024-01-01
fab9e377-877d-4618-b397-539e63b5673d,9090b988-8ffd-4bdc-ba2d-3291e596fa8b,39557251-e8db-4f82-99c2-0398d4f9b371,2,18,0,5,2020-12-13,2024-01-01 00:00:00,2024-01-01
a7175726-3c80-4a49-a53e-b88fc403fb0d,d3395187-bfa5-4b18-a004-96a57dac1903,c2a105a4-8173-4003-8b19-f4ab166c39ed,1,9,4,8,2023-07-25,2024-01-01 00:00:00,2024-01-01
d6ca264c-0c11-4d37-9ad3-e325af4478b5,0c794061-8821-4910-8d8c-323dd788fae7,eb7961b1-90ae-4c49-82a5-98b0cc745af4,1,15,10,7,2023-08-05,2024-01-01 00:00:00,2024-01-01
27b85f26-90e8-4f92-aed0-10bb5bf23bb6,78900521-3c6f-4035-b6f4-e9fd041172f4,e38cd76c-4edd-4fb9-9598-7e00255aa1b2,3,11,8,6,2021-04-27,2024-01-01 00:00:00,2024-01-01
5b84fd90-4b6d-4b87-80f6-25d4e032aba3,7b34fbb2-5184-4658-a5db-69bd74eed5dc,f9b92ba0-683f-4413-aca6-0f09926c345c,3,3,2,7,2021-12-07,2024-01-01 00:00:00,2024-01-01
4dfbe4fb-febb-46f2-9987-c8ed1b510242,ba0d4370-8b41-4f25-8c89-24ded5374145,78312951-58cb-4114-b4ec-1c62fb9f5e8f,2,17,9,2,2021-05-27,2024-01-01 00:00:00,2024-01-01
4644fa32-c4de-432e-be9b-573af6cf72d4,670d8155-f9bd-4d6c-a1b1-7bf3bd6c865c,1e805732-e82c-4bc1-bfa4-a10ef655b2ab,4,9,10,10,2022-01-16,2024-01-01 00:00:00,2024-01-01
91e3f3ef-4da5-4c1d-80d5-7af1419f17a1,2b47c7e5-557c-4c02-8107-a59c8b5da14a,08846e86-3d8e-4c3e-af1b-1665cf209d9f,3,19,1,1,2021-06-14,2024-01-01 00:00:00,2024-01-01
4c884a01-c285-44d0-9f46-e67c96a54a85,4899e2eb-5c65-4309-aace-15785a0c82f3,57fdf3e3-470d-418e-9bad-085d3bc96551,1,2,10,0,2023-07-09,2024-01-01 00:00:00,2024-01-01
20e576e9-2469-4934-8cd8-1aebdf919765,1443e0e0-2770-44e3-ae79-c2c8ad47a7de,1c02b15f-4616-4216-9b54-4c62a27c1ae9,4,3,7,9,2022-06-16,2024-01-01 00:00:00,2024-01-01
a45ee5f8-7c6b-4cc8-a594-a62e029fcb91,385907da-baf8-4b89-8d00-c4724a78d286,47a65899-78bd-48cb-9e37-fc6c234729ae,4,16,9,0,2022-01-20,2024-01-01 00:00:00,2024-01-01
f46d1dcf-35f5-4bc0-8bb4-2fa85597854c,f9ab2a3d-ffa3-4b98-9b64-ddb01496f74d,4aecf02f-9b92-4c53-afa4-894c91bd5887,4,6,3,7,2022-09-29,2024-01-01 00:00:00,2024-01-01
8b386c61-5ced-4bf5-b3de-9614fb8e33ad,c462ab8e-3f45-4438-9621-f88cf76ac926,a8889766-c29c-428d-8e56-ebc3d569b2b5,1,6,7,1,2022-02-03,2024-01-01 00:00:00,2024-01-01
1527057e-8be9-406c-98e0-459e24afce36,e5cd7bbe-afc9-45da-bf36-e25c0876dded,06469e1b-9c8d-4e4e-9c14-e69b211f5475,4,13,10,6,2020-12-19,2024-01-01 00:00:00,2024-01-01
24f0292d-5c18-4934-bd06-98392adfa3ec,bfa31662-f388-42ea-913e-22ad75f523b4,399f88ee-c3c2-4945-853e-1941dee550ef,3,7,8,4,2019-01-16,2024-01-01 00:00:00,2024-01-01
2bf2305c-77a7-4360-9bbe-3638148f1bd7,807c661b-ff10-4b41-a571-e8aa933ddfc5,4de6c7f0-1541-4146-ba6c-4b5813098f5e,3,9,6,10,2020-07-02,2024-01-01 00:00:00,2024-01-01
17a4af1e-8301-43cb-8640-b49b92aedffe,6ed4a385-9ead-4248-b6b1-6e616f7e5297,44b9217b-12d0-4bb7-a1f5-f0f1a527ebad,4,1,0,0,2020-05-09,2024-01-01 00:00:00,2024-01-01
4db45d24-a183-4a00-990a-bd17fd54328d,8b0e94cb-5734-47bf-9dc0-ca40ce99d968,bf743547-e02b-423f-b740-ac35621649bf,3,16,9,5,2019-11-11,2024-01-01 00:00:00,2024-01-01
457f5cbd-4ea4-497d-8ff7-d42f49c803a3,8d78fa55-1624-46b9-ad06-02ee7c5866f4,f9f9c0af-5ea4-4402-98b2-b32c39f3f107,5,13,3,8,2020-11-17,2024-01-01 00:00:00,2024-01-01
7124dddd-6eea-461f-9b51-4eb6d1db3063,8a31c0ac-f3d9-40b1-8ad6-4c9bf482e4c1,c3bcabc1-7ba1-456e-9228-89ea40153e98,5,20,6,0,2021-03-12,2024-01-01 00:00:00,2024-01-01
567e23c0-69d4-4cb1-a27b-bb56f019fb07,1d200ecd-381b-4943-ada5-b272e228cf62,1c02b15f-4616-4216-9b54-4c62a27c1ae9,5,13,2,10,2023-06-30,2024-01-01 00:00:00,2024-01-01
d293df12-8042-47ab-863a-f989e320dcac,1550fe3b-9928-4ecb-bf9a-d603c82cff5c,c240c790-3b92-4d03-8e5e-1337dc1f1358,2,12,5,8,2021-03-10,2024-01-01 00:00:00,2024-01-01
1f5b6e32-7f82-4ffd-b7b7-d8780c084ecd,0ebb90a6-1fcc-49fa-a4ad-e9725c119bdb,1e805732-e82c-4bc1-bfa4-a10ef655b2ab,2,3,2,8,2019-11-21,2024-01-01 00:00:00,2024-01-01
3b268ed0-fa69-4c6d-b44d-7e80594c395c,208f9c63-804c-4f91-a309-fc11818094c7,b0a0d89b-80c6-4f3c-bafb-164caad0d852,5,12,10,4,2019-08-31,2024-01-01 00:00:00,2024-01-01
2ab36f2f-b9b8-4130-ade3-f44677f77f9a,c72dbb9d-065b-4ac0-9227-520cbff8857a,428f3bea-e0ec-46fc-9e87-7911f78085c0,2,10,3,1,2023-09-11,2024-01-01 00:00:00,2024-01-01
8d2d4351-f9bd-48ad-9762-599fa48f3c94,a6050785-d556-4a3f-b413-00a8dfe55d30,7844313c-03fb-460d-afa6-978f8001955b,4,0,10,9,2019-07-11,2024-01-01 00:00:00,2024-01-01
b0f24ac4-d8a1-476c-90bc-c8550922cf74,8679c184-54c6-46b0-a58c-b797a16ce612,f2d02368-d00d-45a9-a715-4eaa09e96fd3,5,17,1,9,2019-11-10,2024-01-01 00:00:00,2024-01-01
a0be95cd-3954-4f4c-8731-b789ec1e7268,e3af9a5e-6461-4b7a-b021-8b4008b05702,0f6883be-4fc4-4ae2-9de6-f9e7f47bca68,2,14,10,10,2021-02-22,2024-01-01 00:00:00,2024-01-01
c3d2ad94-d73a-47ad-b324-67fc34b60aa4,76f0591a-ddcf-4a27-b932-c3cfb4e4a5f6,0ce240aa-6ec3-42da-bb65-a50fb6b5ccc9,2,7,10,3,2023-05-12,2024-01-01 00:00:00,2024-01-01
5b2b03c3-58a5-4480-95fb-cc6c1d54f5dc,b6c0be35-b231-4be4-aa49-d7abfd7d9d19,252bc613-f891-4c50-bfa2-3f54657b5c15,5,7,6,4,2020-08-31,2024-01-01 00:00:00,2024-01-01
789f546a-efd8-4d77-b256-addf2a9c83cc,31b001e9-8baa-4acc-969a-6318bc7fcb19,d39003ff-20ab-4c47-80e5-78bac10aa506,3,2,2,10,2022-09-12,2024-01-01 00:00:00,2024-01-01
a06475da-e694-471d-9392-df275a36ef35,7ab415d0-e533-4364-98dd-1b4d173a4130,7bd9faf9-ba67-4110-af10-8fd6782127f8,5,3,1,7,2019-02-17,2024-01-01 00:00:00,2024-01-01
3eb07561-01ab-4fc6-956f-de83467e6b52,68fc8013-1ceb-4e70-8e9b-6a99272f81ca,99a2b8b6-7876-4a84-b9fe-9a64c99038d8,1,4,4,4,2022-05-05,2024-01-01 00:00:00,2024-01-01
14890831-09fa-4e61-9a7d-7d72c978ea8a,a753f69d-6127-41ee-909c-b76b8e8d28b5,61a0ff12-d68f-4b62-afab-5178433b5f21,1,15,5,3,2020-01-05,2024-01-01 00:00:00,2024-01-01
a0b58824-1653-4fe7-a5f3-11f5a795256c,be4631c8-9ee1-4b13-9c6f-407c8f435f5f,47a65899-78bd-48cb-9e37-fc6c234729ae,4,0,6,1,2021-03-11,2024-01-01 00:00:00,2024-01-01
8d8e1ab3-9668-4245-a08a-b25407b11721,d03758af-8b9d-414a-9c8e-da2a6fdc01bf,b593d8ce-bfc5-49d2-b748-7f420e2ce0e0,1,6,10,6,2021-09-23,2024-01-01 00:00:00,2024-01-01
b62a2cab-6c2c-4051-abd9-410e11b758c9,425344ab-fb58-477a-9e02-ee66145e67a4,5203a9a4-29dc-4a72-a571-35129e619f51,3,20,7,2,2021-02-07,2024-01-01 00:00:00,2024-01-01
88890905-8af1-4614-b7f9-ecb528ecedc0,39601f70-3f08-4275-a302-8d6c39ae7d09,f1488b3f-9fa5-4679-a614-71f573583cdd,1,5,10,9,2020-01-04,2024-01-01 00:00:00,2024-01-01
80afaf8e-2dd6-4c91-a654-9c3465dad63c,4242a1bc-2704-452f-98e2-6d3ba1872e4d,ffaccd1e-794d-4d92-bbaf-a9d8ff556c88,1,3,5,5,2022-07-16,2024-01-01 00:00:00,2024-01-01
020fccb8-1b89-4edf-b1e7-5158a86a8e0d,77fa38b2-bfa4-45ee-8a2d-45ddd3415fce,a18c338e-2bdd-4513-ace8-d217c6e42651,5,17,0,2,2021-09-18,2024-01-01 00:00:00,2024-01-01
a380151e-9be5-4745-9bfd-073ca14a8500,24fe46f0-3b88-479f-8629-463c364bc18c,5eef5951-d005-4984-b47a-d06c66199451,3,3,3,9,2021-12-04,2024-01-01 00:00:00,2024-01-01
6d7afc0f-74ab-4a8e-8ab1-868704bc2a13,a2108b11-3ab5-4fc0-9832-a9f4d91a8405,f3e3ebe3-029a-424d-8e46-d1cabd507128,1,16,8,2,2019-03-02,2024-01-01 00:00:00,2024-01-01
2b5c5bac-1321-451b-805b-6fd65b180759,25749424-2612-4a5d-adb9-7f97ebe5c56c,f22170f9-0a9f-40c7-9f8e-6ed79578fb2c,3,3,3,0,2020-03-18,2024-01-01 00:00:00,2024-01-01
533b595b-e299-47ba-8ab8-31833f0ebfb9,2d1b474b-313a-491d-9b74-6c1f466afca9,1c6fe6e7-810f-4758-8b54-26cfebc24c0a,2,2,2,4,2020-11-01,2024-01-01 00:00:00,2024-01-01
45b8aad2-24ba-487a-94cc-118cb9122f69,c52d4144-1a21-4147-8823-57356fb6c32a,3ef8c66a-ee03-4b70-89df-59ea55a86c3e,2,2,5,8,2020-07-14,2024-01-01 00:00:00,2024-01-01
66214ab6-86ba-4012-a107-b1add222c703,e6d0ea13-a28b-4b2b-b2c7-984e7ba7943c,ddc37b46-61eb-46d4-ab20-d0103947c438,4,15,6,8,2022-08-28,2024-01-01 00:00:00,2024-01-01
771e87ce-104b-419d-add5-086cbdbc722c,572d178e-dd99-42c3-b307-96308a08e178,ea89fd49-731f-4da8-969b-bc2a6c8bea84,2,8,2,3,2021-03-30,2024-01-01 00:00:00,2024-01-01
d14221a2-5833-461d-958d-59c71e793a33,bc79ae69-4fe5-4ace-99a8-fb0c61c1f5a9,bb6ecc9c-2824-4092-8115-75fd5579d8e0,3,12,1,9,2022-11-08,2024-01-01 00:00:00,2024-01-01
2602579b-f32d-454f-9509-9b1ca1a9dc9a,dbb7e711-9598-470d-9bb5-ad5b1dc60f0c,98ecac3b-17cd-418d-b996-6a44293cb0cf,5,9,2,3,2023-06-13,2024-01-01 00:00:00,2024-01-01
dbddc185-996a-49e0-86a0-d29971497b04,210e4145-dcdc-43fa-a2d5-083af0655e3c,10ed932c-9d7e-4b52-8acc-3d5ebb7ab0fa,4,14,6,9,2023-01-18,2024-01-01 00:00:00,2024-01-01
89e8ad6b-7db4-4eb9-9969-d8b6438a58f3,29284ddb-2248-4ae9-9672-8e0f4df40190,e3277bbf-6082-43b9-9df3-9183185ff074,3,19,1,9,2023-03-11,2024-01-01 00:00:00,2024-01-01
88de1d08-a9f0-4bd8-a9c7-4753139fbd6c,7bbf078b-5453-455f-8661-3904409c6d94,eb453375-5631-495c-90b9-e0dc51cf23d0,2,18,5,5,2021-02-23,2024-01-01 00:00:00,2024-01-01
be52bf03-906c-4726-bc0b-bc62d71d81af,ed314ad5-a2aa-4108-ab4d-5a82ca6b85df,db8f2120-0aaa-4288-8646-ea0f48e1dd86,1,14,2,0,2022-07-19,2024-01-01 00:00:00,2024-01-01
539715d3-d6d5-435c-a0b0-e594fb09238a,053071ae-4c25-4b61-8ae4-65e417605296,a94ab030-6fa9-405a-a6d1-616817fc5300,5,13,4,9,2021-11-13,2024-01-01 00:00:00,2024-01-01
2035634c-4d71-4057-90ca-11fdd1a9eb9c,aa91ebd4-33ee-4243-b1a0-49496bc712ff,7c4a0338-8dcb-4de5-b189-da33fbef11d0,5,11,6,0,2023-08-21,2024-01-01 00:00:00,2024-01-01
147f8503-f111-4ee8-9b6f-74f00cf1ab2c,7f96d395-fee0-4ed0-b8eb-0ab1988b1817,10e1907a-c902-42ac-b0e9-ab6bf2f0c62e,3,13,2,5,2019-08-23,2024-01-01 00:00:00,2024-01-01
47c5c1d7-47ed-4f65-8baf-ba9110b35007,3fd96ae0-7483-4a50-b25f-a50dca10066f,5bc5474f-e659-435e-92e4-f5bcc8af59ad,2,11,5,2,2020-05-17,2024-01-01 00:00:00,2024-01-01
a7e4103b-cea3-4aa5-8cad-1aede5864210,337e1558-28ed-47bc-b2a3-cc546dbf8bbb,9668a015-446f-49b9-b39f-2b220770f90d,1,0,5,0,2023-05-16,2024-01-01 00:00:00,2024-01-01
4b53ab46-36ce-4cf0-a3fc-435fff18fc8b,2f9f5f22-08eb-43e6-b5fd-09baf75429fc,57c6c21f-4b7b-4f72-ba83-2b0e46e6caad,2,14,9,5,2023-01-08,2024-01-01 00:00:00,2024-01-01
fddbbf79-b411-4b06-a2b7-5eab212cfc45,d8216690-866a-48a8-830d-71ef393ea086,dfaaba4e-0c3f-4aef-8f0b-a42d7ee6570b,1,12,4,9,2020-04-21,2024-01-01 00:00:00,2024-01-01
ef283a66-3def-4df6-a92c-52c7c02db551,8856dc5b-ff8e-41d6-a980-98c814cfb8ff,695e0ca8-2132-420d-95e4-d58bf723c4df,2,3,8,4,2020-03-10,2024-01-01 00:00:00,2024-01-01
6af9eb05-8331-4f98-ba77-eed6ab0cf3de,394e3abf-9333-49d3-b966-bfafdaeaa5b6,20638f24-6025-4e48-9b32-1dd2a6b435bf,1,18,10,6,2023-01-06,2024-01-01 00:00:00,2024-01-01
1ec27fdc-e903-4ab3-a276-bc0737bc2cba,d83dd57e-8f70-46bf-a45b-cee5bc984598,d4f28bee-2d99-477e-bed0-8afb23cc957e,4,10,5,3,2022-10-29,2024-01-01 00:00:00,2024-01-01
ba547689-5e48-4ead-9627-9dccfc0c0e61,4b4360dc-eaef-483b-979e-712c4938544d,1d4ae20a-50eb-4da3-af0e-e64abeb8ab75,4,15,0,4,2020-02-08,2024-01-01 00:00:00,2024-01-01
91c302d0-6652-4c1f-ab7e-8d60d4c72d40,5e54c202-4d0b-473a-9fde-49078d75b600,6f389e71-46f7-4711-9fd1-f5329424e39b,1,14,2,9,2021-05-12,2024-01-01 00:00:00,2024-01-01
f5fac01c-24af-4b4d-809f-0bd56a86d543,30ea86a5-2876-4dba-a2fc-6010a802eced,4f37f760-e528-4e48-bb95-14c54d9a2102,4,7,9,0,2020-10-31,2024-01-01 00:00:00,2024-01-01
5b86c2c3-1c7b-4048-9e76-6acb3f62f3b1,a8aff780-d35e-4b60-ae4f-3f21c9ff8353,00303e3b-745c-48cf-aa72-16d7c1db1a7d,5,0,7,4,2020-08-06,2024-01-01 00:00:00,2024-01-01
80cd96c0-3871-48b9-9749-9577a9c2fcce,f5f59fd0-627a-4f60-bc54-68d114f736e3,62638dba-59a8-4de4-b3df-06501e2a7309,4,1,8,8,2019-09-26,2024-01-01 00:00:00,2024-01-01
16b498c7-bfc6-48fc-a2a1-45fb7dd0f915,3c18d982-a99f-4a99-bc37-c36a596fdc85,f3aecb8f-f8b9-406a-82a5-1f464e1c4e63,1,2,7,1,2019-03-22,2024-01-01 00:00:00,2024-01-01
51334e7e-b24f-4f58-87b0-9c8b82b040e1,d67402d7-7b03-425f-8fff-672c4783bea0,26a8ea3c-d6d3-417b-b4e9-4ad78e3d2c43,4,9,4,5,2023-08-27,2024-01-01 00:00:00,2024-01-01
3ab2613a-e61e-4f70-8968-00106d068900,540c3d56-9307-47bf-a11b-ec67cd3247ff,5da3fa31-83a7-4145-859c-0d3fa0770ac4,4,2,8,5,2023-03-24,2024-01-01 00:00:00,2024-01-01
340dc10b-f873-48cc-b449-60cc5571e57d,7ab03c87-0e2b-4da0-9663-42e58f29d0f0,2f7e88e4-152b-43bf-93f3-dbe2106bdc84,1,12,4,7,2021-10-08,2024-01-01 00:00:00,2024-01-01
6c51c37b-d4f1-40a9-b480-961b075ea6c9,756445f0-dd56-4b16-a25a-9a5b98113536,5d52cf68-3e58-494c-9ae6-1b53dbb06462,1,11,9,1,2021-10-07,2024-01-01 00:00:00,2024-01-01
59d5b6e6-822b-48e9-a0e7-4a558d1323aa,e38a4adb-0001-4a95-a9f0-0a68f4d273a4,04723e3e-62de-4c60-8482-d3c5544ef0d5,1,0,2,1,2019-03-01,2024-01-01 00:00:00,2024-01-01
1eb62518-04dc-4a21-8564-285d58ab529c,23234514-3365-47e3-bdee-a5e736b5be32,b5bbac0d-38cb-48df-bf1e-ac8a70a044b5,4,7,2,1,2020-10-23,2024-01-01 00:00:00,2024-01-01
0b0940da-b8d5-4f56-9d9d-6a47d19133ff,abc3f383-e3e3-4fe7-a3fb-ccab63e5512e,d463fafa-7d15-4981-8b7e-9bcb112f286d,3,17,0,0,2020-01-27,2024-01-01 00:00:00,2024-01-01
97f54769-b0e3-4368-9d73-f98dbf4f79e7,197a1354-cf4b-4975-ade0-f69f38c7c77d,87eb74a2-719a-4a03-ac6b-524726e2d944,1,3,0,4,2020-06-15,2024-01-01 00:00:00,2024-01-01
6b502afc-372e-4801-8194-f8e400fad4f1,3a6f7b46-de71-4e84-be4f-ceadacc182ad,5847e485-edad-42be-8aa8-c1915e7c0a45,3,19,6,4,2019-06-03,2024-01-01 00:00:00,2024-01-01
cbe67b58-e4b8-4c02-8eb2-bdb3f9fa4bef,7f931122-ac0f-44ce-91c4-1c64ec0bf52f,f9f9c0af-5ea4-4402-98b2-b32c39f3f107,2,18,7,1,2022-12-01,2024-01-01 00:00:00,2024-01-01
1e030bc0-b8c0-48a6-a5e3-4a5112f632f1,54a9b75c-3da4-405a-b143-0ca93e4b4069,79fbb9d8-ed15-4bdd-8f1c-01a474820fe1,2,18,6,10,2019-09-16,2024-01-01 00:00:00,2024-01-01
ea56dfb2-0ccb-4e66-ba39-f115fa000362,c701b003-9fd7-4459-b348-3f00d716932b,d5965ed2-3469-4be0-a17c-4ed2e376b572,1,16,8,3,2021-07-04,2024-01-01 00:00:00,2024-01-01
97841b04-733a-4c1d-8bc7-ff6f102b27fa,e17d137c-03db-497d-8e66-8f96d1e85a2f,a8c37e51-9852-4670-bd66-3bea5c508b16,4,8,5,7,2022-03-29,2024-01-01 00:00:00,2024-01-01
352e56a6-87b2-4d1c-97bc-8bbbf8850403,0dc04555-04ab-42cd-b7ed-633b09d440d0,61a0ff12-d68f-4b62-afab-5178433b5f21,3,9,1,5,2020-04-07,2024-01-01 00:00:00,2024-01-01
2e5011ad-bc89-4cbe-b668-6fea2be02a7b,806ee68c-9329-442e-a03e-faebd16ffeb6,fb9c3570-0148-47a8-b3c4-298db16beaec,2,20,3,1,2022-02-17,2024-01-01 00:00:00,2024-01-01
063e59cb-fbe3-4d51-bfd6-01a965bfd671,6800f48b-f170-46c7-af75-f80cf50f9938,546b971f-2bca-42ca-a9b9-11077fc42aad,4,1,3,0,2019-06-03,2024-01-01 00:00:00,2024-01-01
fec563f5-f445-4975-af37-c15f9e1b8472,ef534f6a-e410-40c7-a2ac-bf6263f0344c,f99d828b-8cd3-4c4c-8a36-00180a02f43e,4,12,3,7,2022-10-05,2024-01-01 00:00:00,2024-01-01
f92275e4-656b-41a3-ac83-fc2e97431b2b,28f9b65c-ac4c-46ba-9084-9edc1d1fb6bf,e11796eb-f388-4c9a-9e7e-46d8524a5e36,2,18,8,8,2019-08-03,2024-01-01 00:00:00,2024-01-01
52e3641c-c7c1-4578-9f37-e834052a30ee,ccd4a948-2763-4115-b7a4-9bc476063a41,9668a015-446f-49b9-b39f-2b220770f90d,3,14,10,2,2023-10-25,2024-01-01 00:00:00,2024-01-01
8ca158ed-dab0-45a9-a64c-d86ec0190cd1,7a2c233b-1bc9-47b6-878c-89d6affc8554,634f8b16-73b3-4736-a3cf-19823bbfe6c5,1,4,3,5,2023-10-03,2024-01-01 00:00:00,2024-01-01
659d0191-0d80-470b-aca2-45bf7fe8d27b,1965286f-441b-4571-b09a-e58d2333a5fd,f01637cc-a763-46b3-bcba-d4a735df0e30,4,19,8,3,2021-02-28,2024-01-01 00:00:00,2024-01-01
2e0dda0c-04dd-4a00-9a5a-f1c1859bad2a,6cbfd12c-099f-4af0-9481-f611d6a7839a,f683fafe-1a26-478a-9f5a-38aae47e84b4,2,2,4,6,2023-05-17,2024-01-01 00:00:00,2024-01-01
b7ad841c-faa7-4cd7-9e4c-85fb4e90c7c8,5fa1725a-ad3d-4daf-97c6-c5a55d6a1f2b,fa9d2712-59b1-4861-9cdc-4344e649a21a,3,18,10,1,2019-12-03,2024-01-01 00:00:00,2024-01-01
e39650f1-844e-4968-8571-e4b6c4777140,6561b9b3-9066-4460-8d40-61d02d1429bf,07e5b557-841f-4555-ae9d-a926caafb32a,1,3,3,0,2019-10-29,2024-01-01 00:00:00,2024-01-01
64c0ed5c-c7a3-471e-b4da-174e01d2c983,9520ef02-e2a4-4d4b-ba10-21f141184737,dedc6b5e-7dd0-4412-8bbc-91e03d351549,3,0,7,10,2021-08-01,2024-01-01 00:00:00,2024-01-01
c19d6029-3868-4574-a370-030f770743a3,26586961-3edb-4c5a-a0ff-b512b9c718fa,615ffa91-48ae-4b3a-a7a9-5ee15361893e,3,8,1,8,2021-12-23,2024-01-01 00:00:00,2024-01-01
5ebaea36-fcfc-4699-91e2-95e13f00faef,ef2c14ec-469b-46f7-9db7-6b80155819d5,758a772e-8c09-4f3a-8a41-7c5eb26a6110,4,6,2,6,2019-06-22,2024-01-01 00:00:00,2024-01-01
24d6c59d-84ad-47c6-930e-d9b52d85afdc,fe793b3b-d8f8-4be6-b48f-91094c273f15,c987c1d4-4420-48d0-87bf-7d5332046300,5,10,0,7,2021-10-25,2024-01-01 00:00:00,2024-01-01
3e794bff-3efe-46e3-936a-a78d5e97142a,0c129a63-c5c2-4c5f-903e-a7a31bd814f2,018c7220-47ac-4839-a4d7-f8d59199bd91,1,1,10,6,2020-07-12,2024-01-01 00:00:00,2024-01-01
a7ef0690-027a-411c-89de-a63305a0b150,324c4f51-cef4-424c-8073-827bf4805afe,70af3e45-1b97-4330-8434-638013984d40,4,6,4,3,2023-02-08,2024-01-01 00:00:00,2024-01-01
41d2634c-dafa-4389-84b5-0bd6ffe3966b,2621e04c-ba1d-4c78-911e-523c21ab585b,667d37a6-10e6-407e-a874-e77d875ba1f9,5,8,8,9,2021-04-04,2024-01-01 00:00:00,2024-01-01
3c07d19b-d006-4bcc-956f-c2e1f0bda250,24a2d869-3130-46e5-ac17-6d4156ee2b39,cbc1347d-0223-4fb6-b55a-c3b440586060,4,3,10,0,2021-10-07,2024-01-01 00:00:00,2024-01-01
b83c3077-414f-4ec3-a639-9b6be31ce477,cf701498-c456-4411-b0b5-dc9b87594da9,8564e2c0-2c90-4a7f-ac42-b93cbec1c8c2,1,7,1,0,2022-08-16,2024-01-01 00:00:00,2024-01-01
a645ef96-16a8-4f4c-ae19-09544c32b29f,32e845f6-d218-4ba3-b4fa-bd448ce2fbba,34e5977a-f47b-49db-b67b-fe24062b184d,3,7,1,8,2019-03-15,2024-01-01 00:00:00,2024-01-01
2fc2f133-d729-4dd3-ae0f-b525bf011dcc,2f69b022-1b3c-4937-8dab-e53d059aaf05,eea3d3c5-98b7-4022-b15a-0ec60a4b70ea,2,19,6,6,2019-07-26,2024-01-01 00:00:00,2024-01-01
87f06016-b470-41fa-9117-4b04193d19a2,2875da62-d48f-4122-af95-62ca77938f4e,47a65899-78bd-48cb-9e37-fc6c234729ae,2,8,7,3,2021-03-15,2024-01-01 00:00:00,2024-01-01
941d74da-b93c-44ee-a7fe-1c0cc558a0dd,492e7f86-6626-4365-8404-6e49e3ccdbae,45d7ea24-c950-49db-a864-e2d30c0d5168,2,11,10,4,2019-12-17,2024-01-01 00:00:00,2024-01-01
37c309a2-d613-4d16-aa22-393c06c444dc,4ba67906-ce7a-4338-b0dc-de74180b01b4,e165c6ad-0881-461f-a326-0bedc06fdac0,3,0,1,2,2022-12-16,2024-01-01 00:00:00,2024-01-01
dbf63f83-87a9-4481-8533-871421503d64,60cc979b-2f90-4e8c-b07f-e28d407586db,ab0a08c8-179f-4998-b48d-1f792d033ed8,5,15,4,3,2021-10-27,2024-01-01 00:00:00,2024-01-01
5171135e-3d8a-41d6-bef4-b2d9cd33aa79,87ecb2a1-9c73-4c26-a178-e0fc356cf495,17803607-22cb-4c44-924d-744803b07c79,1,5,2,5,2019-12-15,2024-01-01 00:00:00,2024-01-01
f74adb9f-9692-4e97-8bc9-6636d1c42ba8,f86d92a6-84be-45a2-979e-3043a5e30e87,7fe05f0b-325e-4e03-9683-1584ee95d892,1,15,6,5,2021-07-21,2024-01-01 00:00:00,2024-01-01
b47811da-730c-46fe-b718-1f88205421a6,bc050691-d123-4502-94a2-c21afdfa4ce6,667d37a6-10e6-407e-a874-e77d875ba1f9,3,2,2,10,2019-02-12,2024-01-01 00:00:00,2024-01-01
50394342-a60f-4089-b3c8-3a4f3dc3e754,6afe78d7-a3ae-455b-a787-cd6edfadf199,d06afe8f-b00f-4b3d-951b-dfc4f57cbee5,1,19,5,7,2023-04-07,2024-01-01 00:00:00,2024-01-01
54abe698-2024-4766-9ca8-f8c55cfa6239,1a471be4-40bc-4942-afe8-78f78fa3c4e3,071aa882-feda-46a3-a4e8-02ec468ad223,4,7,7,1,2022-04-09,2024-01-01 00:00:00,2024-01-01
221c99cd-daff-42ed-af3d-fa1496fb7025,2ab1c2b6-0306-4862-b268-713af10d50a2,db8f2120-0aaa-4288-8646-ea0f48e1dd86,1,18,10,4,2019-04-03,2024-01-01 00:00:00,2024-01-01
163539a7-1c4a-469b-9051-26feb14a8cbb,d82721c0-cfd6-44c8-b636-34e8a2691ed1,0d2eb9ad-40d8-4bcc-b97e-f4188da258d5,5,16,2,2,2023-09-07,2024-01-01 00:00:00,2024-01-01
9e2e7e1e-ee22-4514-97d3-d0511c04d5a1,230dc3d3-b4a6-4038-a6a1-cd66bfe0a96b,197a906c-2754-459a-814c-c59419530f1a,1,9,5,7,2023-05-07,2024-01-01 00:00:00,2024-01-01
55f0de1b-4b4c-4bf1-a051-bc9c09a5fb36,caecefc2-3aa8-4b86-ac39-7eefb0a6fabc,1e043933-16fd-4566-b3cf-d3e2375294aa,3,17,4,10,2021-10-01,2024-01-01 00:00:00,2024-01-01
7d4bb708-955f-44ed-a3f0-8ba4eedecb5d,23215841-2878-40d1-b291-5bf700a786cf,a94ab030-6fa9-405a-a6d1-616817fc5300,3,14,0,5,2021-09-23,2024-01-01 00:00:00,2024-01-01
55d806a8-625d-4db1-9115-a7afd08dfbd9,5a78e2b1-bf26-4375-a8b0-28cde92a15c4,15126595-ddb9-4291-9946-5b29f8108d8f,3,16,10,9,2020-09-08,2024-01-01 00:00:00,2024-01-01
0e24876b-dcfe-4717-bcbe-166f6d54990d,dcbace03-a1e6-406b-9b90-25dfaf7495de,161be690-7ffa-4141-bc81-80d10145e673,3,16,10,0,2021-09-18,2024-01-01 00:00:00,2024-01-01
7ca8c90a-7763-4364-ab03-c995b649d94e,e3faae5c-85a4-4327-9c42-6b9f2c10426f,e38cd76c-4edd-4fb9-9598-7e00255aa1b2,2,4,5,7,2019-10-30,2024-01-01 00:00:00,2024-01-01
c00004b5-e3ba-4b3e-b08c-706d11d38e5e,72e39e6a-d517-4cc3-8e49-cfc07fe97863,0ad16284-7dad-469c-81c6-08e7988e4581,5,13,5,3,2019-03-05,2024-01-01 00:00:00,2024-01-01
c44fdd19-335a-464e-9379-5f48cb0b2cbb,67a4d70b-3d8c-432f-b459-b025055c1d9b,617abd34-e75b-4589-9650-2b97ad5a95e1,2,12,10,1,2023-03-05,2024-01-01 00:00:00,2024-01-01
a9b9fe18-ecf1-4d5d-a9cc-96d4816b38de,f1a3f847-36c3-4a26-8f45-595e076f916b,7c4a0338-8dcb-4de5-b189-da33fbef11d0,5,14,8,2,2020-07-14,2024-01-01 00:00:00,2024-01-01
c3736832-7d75-4cf5-9b10-e8b3eee8435d,05786846-4bbe-45bd-bc92-8a1bb51d1743,c46055ff-a101-4e7c-b06d-5750fe2694b1,3,10,6,9,2020-06-27,2024-01-01 00:00:00,2024-01-01
32e02387-5059-4e5c-a8d7-d4b5f4744b7d,5777807b-76f9-4b5d-8f6c-12c166c9e059,23548afa-8f4b-455a-b556-11068a4d1c9f,3,9,3,0,2021-05-04,2024-01-01 00:00:00,2024-01-01
30547ed4-17f2-4f42-828e-d1ff319c1d75,347617fd-b764-4b04-8448-0602ab0e8847,4c2a4da0-f880-4031-b5e6-f907f463f170,3,19,1,6,2022-04-01,2024-01-01 00:00:00,2024-01-01
5eaf3d66-e959-408e-803f-a4e4ed1b99ef,814289d7-6d8d-4870-a27e-cd0e078b40a0,a355aed8-ac55-4e68-b182-8c7c40d0f234,5,11,4,1,2023-06-17,2024-01-01 00:00:00,2024-01-01
d761ec07-a312-44a2-b127-a11987784654,8e1b400c-012c-4615-aeca-7198197810db,802e86de-f4e7-4a53-92a2-7ebe0a47df39,2,14,10,2,2019-01-18,2024-01-01 00:00:00,2024-01-01
ccec68e5-8299-435d-9317-23c4aa08f1d6,f95af25b-7915-4896-b392-7b40e1b67814,57ae4cdb-5481-4954-b336-5912b1b3653a,3,19,8,10,2021-12-07,2024-01-01 00:00:00,2024-01-01
b10969f6-d408-4672-af48-af3b5fb16cf9,1b0b7ee5-e2ac-4fd2-8dbf-dc3dbea63ef9,716a916c-81b3-4c8d-94e4-b2c24224dcd3,4,9,1,4,2019-11-30,2024-01-01 00:00:00,2024-01-01
3d904f2a-a566-452d-8c8d-73d33b310102,7074437a-2e0f-4bd4-8279-0c67ba58fec5,a355aed8-ac55-4e68-b182-8c7c40d0f234,1,6,4,9,2019-02-01,2024-01-01 00:00:00,2024-01-01
762c8f87-2903-4b1e-824e-fd4f055faf30,67b74e7a-a892-4247-97c3-8b97c0e72b75,51ec2300-6e24-4efa-964a-815a5f6df4aa,4,9,0,6,2019-09-10,2024-01-01 00:00:00,2024-01-01
22d3b5b3-ae25-4e81-8a41-abad4ea933e0,ccfef9e3-10ab-4c71-9be4-132686aa9e2f,aaac741f-a52f-4733-a964-8c86c6d69c6d,1,1,4,2,2020-12-22,2024-01-01 00:00:00,2024-01-01
42e67efb-d8d8-4f0b-a2f5-4abbab7df60c,bbf871c6-f57c-4a2d-a563-4ac00e4b68e0,7c4a0338-8dcb-4de5-b189-da33fbef11d0,3,16,10,8,2020-12-18,2024-01-01 00:00:00,2024-01-01
bb41deb6-f436-4f67-9391-8ec6e3b48baf,22a1c65f-70b0-484d-8df8-b788b33cee70,21c859a2-d57a-446d-9b51-1adcab539d9d,1,8,2,3,2019-11-14,2024-01-01 00:00:00,2024-01-01
041a866c-06b6-4960-90c6-d87cf8a00f7c,40c8e764-0d28-4789-8263-8e58535f4a04,bf8c7d28-d8c1-496a-b37a-aa3a224942d3,1,9,3,0,2021-06-03,2024-01-01 00:00:00,2024-01-01
35884aff-6ccb-4a76-a5e3-d1c5d948fc63,fc645d55-97f3-4b83-b459-c15eb16b2422,1c02b15f-4616-4216-9b54-4c62a27c1ae9,3,7,10,10,2021-08-27,2024-01-01 00:00:00,2024-01-01
3632b259-d6a8-47b3-931a-0344759ba323,aeb08112-a2fa-4d93-9680-c012b4e79646,376bf133-e199-4cba-9207-4b5fbcc0407c,4,3,4,4,2021-03-02,2024-01-01 00:00:00,2024-01-01
3721d47d-e2b0-4fc9-b10c-9e85441bc948,7454236c-be98-4324-b1d4-fafcea2b4033,117d3262-7947-4f82-b666-c1ac287f8bdc,2,18,6,10,2022-05-07,2024-01-01 00:00:00,2024-01-01
2d33ee4d-763c-4586-8e15-f103784a2f40,b54443f8-137b-4cfc-bbc7-964668190af8,98724ab7-5e21-4910-8c91-2b38879fbca5,5,4,10,3,2023-11-29,2024-01-01 00:00:00,2024-01-01
b2d2a09e-3200-49b7-8a59-babc2a2799b5,60340cd6-7930-486f-b2ed-f3a2de23bee8,d30e8550-6c98-4111-9929-897b013e7490,4,17,3,4,2020-05-27,2024-01-01 00:00:00,2024-01-01
4e586587-59c1-4bac-b6ce-420a2e188edb,0d14fd41-460b-43ef-b517-aadb53331b23,ea4d27d0-037c-4927-900f-4f755cec1ab2,3,18,10,7,2020-09-16,2024-01-01 00:00:00,2024-01-01
23b94443-7d51-422f-b0e0-db5da0114067,bfdf3cd8-c63e-49ab-b4b4-89198759e4d2,5cf3434d-e976-456e-a951-cad2c805a9ec,4,13,1,2,2022-01-22,2024-01-01 00:00:00,2024-01-01
36ad0bd4-aeed-4283-b7f3-b19f3d706629,7ce87e0e-ac5d-47d6-bd2a-f05afa3919db,79e07125-98dd-4dab-8735-fdcccd09bf62,3,16,10,5,2021-12-14,2024-01-01 00:00:00,2024-01-01
1c620ebe-9189-4eb1-b10c-22693fab7417,da75cc82-c3c6-46c7-8a45-d73dcefcf49d,758a772e-8c09-4f3a-8a41-7c5eb26a6110,4,14,6,6,2021-08-17,2024-01-01 00:00:00,2024-01-01
142a6d9d-7cc2-4d9e-8ac4-6abb9119baad,cf919669-cf89-4eb5-bed8-18cbaca4bb2e,f2d02368-d00d-45a9-a715-4eaa09e96fd3,5,0,6,1,2021-08-02,2024-01-01 00:00:00,2024-01-01
da1b7586-9032-4460-88ca-e49040771b57,3b64b82d-2317-413d-b98a-763eadcd7bee,4813af42-8451-4b96-83d6-7cad975e5ad2,5,9,3,9,2023-03-28,2024-01-01 00:00:00,2024-01-01
ee568fcb-0224-4b95-9e6b-93b78c2af94f,f28df065-2cd8-4bca-b74d-7b45ecadaeef,78312951-58cb-4114-b4ec-1c62fb9f5e8f,2,19,8,9,2021-11-14,2024-01-01 00:00:00,2024-01-01
232fc9c7-b8c8-48fb-99f8-8efa8ce4b37f,1949c5c2-55e7-4a25-b36e-c47bc6617706,ddc37b46-61eb-46d4-ab20-d0103947c438,1,12,2,6,2023-12-03,2024-01-01 00:00:00,2024-01-01
90bd41e8-8b14-4f10-afa0-07369d5d2797,8831fce1-e203-4761-81a7-1a498dbf8efd,60a84bb9-9c76-4b64-ab1d-16dd31b94625,4,16,7,0,2022-10-04,2024-01-01 00:00:00,2024-01-01
c8187a65-27a6-4bf9-aa08-813c742e8423,a9cf33c8-d8f5-474b-8db4-7af512d1a20b,75fee327-128d-4947-922c-48768321bb81,3,20,1,5,2019-06-23,2024-01-01 00:00:00,2024-01-01
16c5f9f8-2dea-41f1-91bb-27ecf36bf132,1b8846a3-d5d0-4817-aacb-272094f4e0a9,c5b60773-230d-452a-a448-54789e68efc7,3,18,7,5,2022-05-02,2024-01-01 00:00:00,2024-01-01
5d1f3ae0-2cad-40b4-9245-43914c3f7dab,7725e8b2-da36-4dea-ad2b-f10addf92f52,015e17bb-1e2f-4618-ade7-697f90b13138,1,18,10,8,2023-11-06,2024-01-01 00:00:00,2024-01-01
5020447d-c9d6-47b2-ba6e-ce955800b53b,d2276abe-5b35-4aa3-9e92-775855b8952b,2b55163c-c8c3-4a9f-ad5a-0948e83fe97e,1,6,8,2,2023-02-23,2024-01-01 00:00:00,2024-01-01
27726bc4-5b69-4af0-83cb-b94882365f37,f090696f-43d3-4a81-9e57-9ce2413829c1,5eef5951-d005-4984-b47a-d06c66199451,4,4,3,10,2022-02-25,2024-01-01 00:00:00,2024-01-01
ef10fb2f-c999-4128-8af6-10ae6e33872a,9117dfca-4553-49a8-8d7f-42580198400c,d06afe8f-b00f-4b3d-951b-dfc4f57cbee5,2,9,10,4,2022-08-03,2024-01-01 00:00:00,2024-01-01
cd847180-aa61-41b0-b139-7afed7d89012,af2229ac-f2dd-4829-87c2-dcc00fed53cb,4ad46ba6-0e0d-4a9f-99a0-daaf42573169,1,15,9,3,2023-01-12,2024-01-01 00:00:00,2024-01-01
bcb2b5db-53a9-4424-a1e0-011743b48003,5e32de92-47a0-491a-86ec-a4c0dbdfecf3,ea2cf0bb-53e1-48f6-bf8d-338ee7db84df,1,4,9,1,2019-08-23,2024-01-01 00:00:00,2024-01-01
af54f2be-c868-4d3e-8d48-075f78d94098,5a3d5a3f-4135-42d9-aa92-c70e9e0288e4,c5b60773-230d-452a-a448-54789e68efc7,2,6,1,7,2021-11-30,2024-01-01 00:00:00,2024-01-01
de605501-e89c-47fb-92a1-6673a736efbd,bac5009c-2d97-400a-9861-6b3596a280d4,5e2507d0-04bf-414b-9bf2-382051d882bd,5,14,6,0,2019-02-20,2024-01-01 00:00:00,2024-01-01
5b74a113-053c-41a7-bd28-303c07492ac6,0da1db31-d2b6-4c70-a54e-63ef31d6730b,2fd62491-8dd6-46c4-91ed-c4c70793025b,4,15,2,3,2019-09-07,2024-01-01 00:00:00,2024-01-01
4d6c8985-2edd-4734-aae0-7cb799c13df5,6a10b793-d83f-46ef-83e8-e6d4de1d0f64,5d52cf68-3e58-494c-9ae6-1b53dbb06462,5,8,9,10,2023-09-20,2024-01-01 00:00:00,2024-01-01
6a1a8788-b1f4-489c-af8d-2b7729500b77,e5a7eaa8-8dae-4cc2-9284-d7345460bbdd,a46186c5-5c89-4d8d-becf-598788357b0e,5,3,6,2,2021-06-18,2024-01-01 00:00:00,2024-01-01
8026789b-ecb9-4483-9a8c-3691ed91f2ae,5c8bb8e1-2dfe-4f89-8700-e67900d7696e,c9f97feb-5530-4096-aa8a-da682c30bad0,2,4,10,3,2022-07-26,2024-01-01 00:00:00,2024-01-01
a23177ed-a14b-4b6f-a33f-88aaa4f902d1,0af28291-81e4-45f2-b22f-ed3e24ea5e0d,9d0a07e7-7cad-4b11-b098-c63cd83d86cc,5,6,7,7,2019-12-16,2024-01-01 00:00:00,2024-01-01
310b90d1-1448-4fd7-9bea-39ff89ae3df0,cb0ebc0f-32a1-41d0-9f99-ad2b4e809d9e,4aecf02f-9b92-4c53-afa4-894c91bd5887,1,18,7,5,2020-08-16,2024-01-01 00:00:00,2024-01-01
c491d101-5c70-4510-8cce-d7a2e9a693ec,d58b4dff-f8ab-4e5a-8ef8-dcac72703a1f,5dcb279c-8c21-4c39-93d8-3b753eef2167,4,12,1,7,2022-09-29,2024-01-01 00:00:00,2024-01-01
95028feb-37f8-4d9a-963d-a4538d3dccdb,8e2f10bd-4e9f-4151-840e-54002c5a6dc9,03c4c663-c9ac-4db2-a70e-b32a1d980622,4,4,0,4,2021-05-03,2024-01-01 00:00:00,2024-01-01
336a1a6e-fc23-462a-a496-d575151edd5f,59ded31d-8eb6-4dc2-ac1a-b55631979837,6f389e71-46f7-4711-9fd1-f5329424e39b,5,12,0,9,2021-07-25,2024-01-01 00:00:00,2024-01-01
173318bb-c111-4348-81ce-2ee6f362494a,95338c06-1067-4861-b71c-b0d01d13327b,4f9e3d13-9d52-4a48-ae3e-11f1955e8564,5,14,0,5,2020-09-12,2024-01-01 00:00:00,2024-01-01
41fff16b-a922-4f54-8161-8f6bdae8d9df,90ec759f-3a17-40ba-b923-ada9ef24d496,71e26478-1b8b-42c6-9d73-9790ed1ca341,4,8,0,2,2019-10-13,2024-01-01 00:00:00,2024-01-01
d88041b2-76e1-45de-82e0-3092da0e23b9,5da5613b-33f0-4efd-858b-5e4031611971,a0193e2c-8fac-4f96-b87b-b3dbb309bef1,5,6,5,8,2021-01-02,2024-01-01 00:00:00,2024-01-01
1da32425-783a-44a3-b13c-62e970674e29,07a1b1fe-2afa-488e-be49-cc1353179236,1fd92115-7d53-4da3-a45c-11dc09664fa6,1,5,10,2,2021-03-10,2024-01-01 00:00:00,2024-01-01
5fd8db87-a309-46e6-b4ad-bda1598f744f,3e3e5c69-d420-4ddf-9d33-bd424c0505d6,1c2fd5bb-080f-4561-b29d-68f1d2290128,5,10,7,2,2020-12-21,2024-01-01 00:00:00,2024-01-01
0fcf3cbf-6df3-48a6-a506-fef80a0dc9e3,ca0eadc2-e027-4c95-a5e0-3adc454e53a1,3ae4c331-afe9-42f6-86e0-16b66d7c48bf,3,12,1,10,2020-07-24,2024-01-01 00:00:00,2024-01-01
58dc6307-abae-4ec2-b59a-f72064f74bac,7ef29e14-354c-4b42-8607-31f9af9ff835,6fdfbdd3-a899-4c90-a087-c02bc74070b4,4,19,10,2,2021-09-17,2024-01-01 00:00:00,2024-01-01
a9003343-84b6-4f4e-a20f-e377578d2527,bdb7347c-c09f-4528-8175-48bc4125cf6f,f004475d-46db-455f-979c-165786d0d6df,5,16,4,2,2022-03-25,2024-01-01 00:00:00,2024-01-01
87eab47f-5e91-4ffb-b729-481041489a19,3ac5a217-5639-406f-9848-e70158275e15,98724ab7-5e21-4910-8c91-2b38879fbca5,5,18,5,9,2022-11-30,2024-01-01 00:00:00,2024-01-01
fce9ae15-9400-4d11-874f-3ab071ded744,b01fc1bd-25f8-4e39-a686-a4f7d20227a7,5d34ee55-9636-4b86-a473-7aaedbd3b76e,4,2,0,0,2022-06-18,2024-01-01 00:00:00,2024-01-01
616f9d6f-8360-41a4-970d-66140ca86be7,91767b3f-2f6f-47bf-81b6-5c2f8724b797,b5b9805f-a92e-43b2-88b9-2985519a4d52,2,7,1,10,2023-10-11,2024-01-01 00:00:00,2024-01-01
98c9406e-27c8-4d20-a825-e2ee263883d1,d6c8ae3b-a8bc-46ad-861d-d8c347e05ec0,802e86de-f4e7-4a53-92a2-7ebe0a47df39,4,10,3,3,2019-08-06,2024-01-01 00:00:00,2024-01-01
8a33bc9e-b9bf-453d-8721-0770f98813fc,8e0201ce-9981-4a42-8d09-f25f2f005c3e,86e0ac77-a519-4936-bcb8-a02a31099e7b,2,12,6,1,2019-08-04,2024-01-01 00:00:00,2024-01-01
c3eb444f-a9e3-4e78-bd76-fb87bccae070,09c4f6f4-f052-46ed-9e1a-17133d57c228,2f7e88e4-152b-43bf-93f3-dbe2106bdc84,3,3,0,1,2019-05-07,2024-01-01 00:00:00,2024-01-01
8ad66c94-eb69-4467-96a8-d3b271b95e33,5fab9ca0-95d7-44b0-a6db-636ee815d48c,33a8bae8-defe-45ee-bc55-acac9865843c,3,19,10,0,2021-06-23,2024-01-01 00:00:00,2024-01-01
3b6617ff-68eb-48db-b67d-8e49674fb1ea,6f1089e3-4b79-4879-98d6-d562bf6f60cb,315b8757-9504-4390-b0fc-071c5fca4539,1,14,6,2,2019-12-23,2024-01-01 00:00:00,2024-01-01
79076bc8-dceb-4582-89e8-9117445cb3a2,b47d5902-db39-47be-9e36-4cbc45e38502,694d5a62-55fa-4bbb-abc3-bc467341d8d3,5,6,3,4,2022-07-29,2024-01-01 00:00:00,2024-01-01
d910aab6-b3c3-4479-9381-4d2c0c53c831,dadfa87e-355a-4450-8ce9-43d030593dba,b3673644-b02d-4f35-a2aa-0344feca4972,3,7,3,2,2021-10-02,2024-01-01 00:00:00,2024-01-01
991de4ed-56bf-4fb1-b7c8-96feb12fa936,bbacae38-3e20-4b61-9b51-7348ba9aa03e,03c4c663-c9ac-4db2-a70e-b32a1d980622,5,6,1,9,2021-06-07,2024-01-01 00:00:00,2024-01-01
b408f1b3-675e-41b3-9255-333864a4c48b,a64c1b91-9a28-4ef0-9365-26aed3e2864c,6b182886-4787-4abd-b35f-1500b7b96d40,1,6,0,2,2019-02-19,2024-01-01 00:00:00,2024-01-01
b52e9eca-e691-4e1d-a982-921aa454a33e,c9882ba9-ee64-4c9a-9ce7-462713b3707d,bd5fa77c-f04c-4a4f-991f-e0fdda1d5c15,4,18,8,1,2019-01-11,2024-01-01 00:00:00,2024-01-01
cd1f2c85-32cb-4bf7-a996-463aad72611f,81de6bfe-b024-4eb4-b00e-22be6f536e75,0c3f74d1-d580-49a6-b4ae-3d4efceccede,5,15,3,3,2020-11-28,2024-01-01 00:00:00,2024-01-01
4ed31ced-00aa-461f-8a49-457de7eb8318,26e3aee3-9b80-40c8-9405-f119c28f44ef,177efbbb-6b14-4d57-98ee-ea47870b1dbb,4,16,5,5,2022-03-14,2024-01-01 00:00:00,2024-01-01
f2af72d1-a661-47e1-bb7e-099c6307aafa,7ffd052b-4062-4886-b69a-db81facfd2e7,86e0ac77-a519-4936-bcb8-a02a31099e7b,5,4,1,7,2022-06-20,2024-01-01 00:00:00,2024-01-01
1a3494a8-bc22-4527-b45f-16b8f66c31ed,ddbf6dc8-c37d-450c-a0b8-87058b2a82bc,e6b82e62-5bc6-4d33-9de6-4ca3413eba00,4,2,9,1,2021-05-25,2024-01-01 00:00:00,2024-01-01
3823bdb4-117e-487f-a8be-6d168e02a48d,d0dbe584-2193-47e3-be6e-cf8bc63f5ee5,fb2687f9-3e9a-406e-a8b1-b33067bdbb70,5,9,1,1,2019-09-18,2024-01-01 00:00:00,2024-01-01
15132de8-cfcd-47ae-b540-360fb642ff38,125dda7a-2510-45b8-9723-63808737624c,9a545791-bfa3-4b65-87e1-a3a88a349f27,1,19,8,5,2021-10-18,2024-01-01 00:00:00,2024-01-01
f9e7ad14-20c8-47a8-bb77-342d2f5c2459,24b81a75-7e1a-4d81-b129-43f2f68b8310,04723e3e-62de-4c60-8482-d3c5544ef0d5,3,8,6,5,2019-02-16,2024-01-01 00:00:00,2024-01-01
751433c7-9c3a-4273-836a-f05f0ba1092b,391cb36f-783c-48d0-98c6-6d0ca65954eb,725be64e-ff35-41a3-86cc-b701274c1867,2,9,1,8,2019-05-20,2024-01-01 00:00:00,2024-01-01
03c8f1fc-2d43-4bb3-a115-7c08dce4809f,07169fa7-4e29-4183-b4f0-53955ba6feed,3dcb9969-4b73-4926-aa46-2c48ba947fc0,5,19,8,4,2022-03-24,2024-01-01 00:00:00,2024-01-01
a18c94d3-b82a-46b6-a7b0-75d078473c7e,9fd10656-a45f-4ee1-ab6b-98531561300b,412d6b46-5df7-4846-b579-6afbac9ecb1e,1,17,1,9,2021-03-28,2024-01-01 00:00:00,2024-01-01
69f1f449-e0ec-45bf-a5cd-5ba0ccc4df4b,3140fbf4-d14e-490f-aef1-e7536bf0b8fa,4ad46ba6-0e0d-4a9f-99a0-daaf42573169,3,20,0,0,2021-08-22,2024-01-01 00:00:00,2024-01-01
03213be9-277b-454c-b458-720c7a5ca45e,7c913ad9-8fff-42bd-92cd-581854f96634,5a485394-3184-41d9-948f-13c4ac0472c2,3,6,5,0,2020-11-23,2024-01-01 00:00:00,2024-01-01
9503228e-0c96-493d-ae25-8400f32170f3,c7049dcd-8b86-42f8-bd52-c3272273da1d,d78182ff-6287-47fb-a6a1-c86862779c6a,5,10,10,0,2019-10-13,2024-01-01 00:00:00,2024-01-01
939bb2c9-f2c3-40b2-a396-1ec81d62c771,26074d63-07aa-4700-b298-a3af62eb240b,6e0e9c7d-40f2-4687-93a3-07886e09f690,1,18,9,0,2020-04-27,2024-01-01 00:00:00,2024-01-01
f8a98fcc-71d2-47a2-9a67-88f3959d171f,6b195d17-7e03-475f-b258-a03d48379202,584e76ab-85d6-4fa7-a0ca-1fcc61a82bd0,4,19,9,1,2020-12-09,2024-01-01 00:00:00,2024-01-01
e1d1d246-39b2-4991-aa4e-46f8c0d94c15,4f547bf3-eadb-4e59-ad98-5e304a9e4147,13ef26fb-028c-4b96-bd33-23545fd49368,2,8,0,1,2022-02-03,2024-01-01 00:00:00,2024-01-01
db826406-219f-4185-a03d-08079f05c912,87f52557-d96a-4e76-8564-deffdcf46db5,d724b683-e963-4386-b2b8-fd0848f7abae,5,7,10,5,2019-03-14,2024-01-01 00:00:00,2024-01-01
4c75b98d-9aba-4079-a406-1625131e7ade,1b974ca9-16de-4e4d-8222-188870ea5780,a8c37e51-9852-4670-bd66-3bea5c508b16,3,7,0,0,2021-06-02,2024-01-01 00:00:00,2024-01-01
b023d80b-ab23-400a-91c0-7e7048db8f5e,2228f586-69a0-4cb9-926a-98c7bd633062,2df2adba-7f82-402e-ba5c-c93f88573bb2,2,17,9,6,2019-02-23,2024-01-01 00:00:00,2024-01-01
de0d6a08-cb31-4c95-9e27-bd49dd87ed35,2e667812-56fc-48c6-bd64-339f1005b6b2,c9bf95b9-b0ae-4dc9-91af-c64e1f637bdf,1,17,7,0,2022-10-28,2024-01-01 00:00:00,2024-01-01
c83a8b81-610b-4daf-a126-98da09775108,64b00007-e582-4867-a316-0ec1b4494137,98ecac3b-17cd-418d-b996-6a44293cb0cf,4,4,6,6,2021-03-03,2024-01-01 00:00:00,2024-01-01
d9585d6e-f46f-4a81-a341-abef33098da0,bc343510-2e3e-4dea-99cd-70c7df73226b,1c6fe6e7-810f-4758-8b54-26cfebc24c0a,1,14,1,9,2022-01-30,2024-01-01 00:00:00,2024-01-01
43e3b0fd-172f-412e-8a18-505eb9b9a41e,911f888b-730d-4378-a194-135ea4176a05,03c38c1c-2a9b-4019-8797-1e0364c618d7,2,10,6,0,2021-01-23,2024-01-01 00:00:00,2024-01-01
67a02db3-77ad-4c0d-81a0-7c7fa8b71ea9,2ec16613-86e4-4489-8dd5-30a65925d740,9a545791-bfa3-4b65-87e1-a3a88a349f27,1,18,0,3,2020-05-02,2024-01-01 00:00:00,2024-01-01
d47b2a5f-a4ac-43c0-a063-cb4aea1d8fd7,43e3872f-f9e3-4c13-bf85-885c287953f9,ca44b5d3-9aa4-421b-80b7-3be6127a9240,5,18,0,0,2021-04-25,2024-01-01 00:00:00,2024-01-01
6c17a443-5e38-4206-82b6-83c1d61acb6c,b36ed569-cbc0-493b-88f0-c029c22f546f,d2247290-7cf7-4b10-be45-cd182bc553e0,2,1,1,0,2023-11-24,2024-01-01 00:00:00,2024-01-01
e9d4e815-00d0-482a-b38c-e8a9a47006f7,1d5317a1-e418-410b-8297-d0a48b5a3c9a,b3673644-b02d-4f35-a2aa-0344feca4972,2,9,0,5,2019-09-17,2024-01-01 00:00:00,2024-01-01
d608b27d-c142-4f95-829e-997182768f23,9b1cd799-bef9-4eb5-be26-8d6d7f78823a,3aaf62a5-fc82-4e62-ba5a-8869c58bf8c2,2,9,2,9,2020-12-17,2024-01-01 00:00:00,2024-01-01
15de522a-92e0-4281-8ec5-156df1e9f690,3cfb1ccd-48ad-420f-b7bb-0f044f139bc6,13ef26fb-028c-4b96-bd33-23545fd49368,1,2,1,4,2021-03-25,2024-01-01 00:00:00,2024-01-01
47747795-0e9e-44ce-bb6e-26acff61a301,89ed0b5e-8547-4e21-8582-ea19376f8223,3ffe091e-8a7c-4e2c-8e0d-90ed8faf148f,4,11,3,7,2022-01-18,2024-01-01 00:00:00,2024-01-01
bc1a2a1f-8009-4155-b14c-993f4d9a09d7,c193c1e6-b0f0-4658-92e0-2bd0aa2a355e,133046c4-5256-4bea-8a44-4afd95440375,3,17,4,10,2022-12-31,2024-01-01 00:00:00,2024-01-01
82e72463-6ec6-4139-8ae2-539f703b6e05,1a0e9ef7-58fa-42ec-a29d-d0383e624e4e,695e0ca8-2132-420d-95e4-d58bf723c4df,3,10,8,8,2020-05-15,2024-01-01 00:00:00,2024-01-01
189892ae-e8e0-4e9f-a52e-09be6c645249,29e10fea-d21c-44b8-bc50-fad14a3e2564,51ec2300-6e24-4efa-964a-815a5f6df4aa,3,13,9,7,2019-08-02,2024-01-01 00:00:00,2024-01-01
f6b41283-c82c-41cb-bb92-3a3df0e3f1f3,cf35a696-901d-4f4e-9a00-5384ddb59ffc,9ba8e8ff-bbfd-4dfb-be8f-8a129cb40913,2,4,8,3,2020-07-26,2024-01-01 00:00:00,2024-01-01
8e3fb5ac-8f18-4310-ae4e-e7bd1bd2091e,6582f5a1-a88e-4ed4-82d5-01fc0c9ac9f4,5eef5951-d005-4984-b47a-d06c66199451,5,6,1,5,2020-09-16,2024-01-01 00:00:00,2024-01-01
88759cd2-a91f-4e7a-85d9-ae136c272dcb,9beba93d-5210-4142-b92b-a3c04d648bed,1cc7c465-4c34-47f9-bfc3-fffe059d40c5,2,1,3,7,2023-01-24,2024-01-01 00:00:00,2024-01-01
91c80113-041b-4862-8b39-3b656145fe2f,81fa6c80-9adb-47cf-bff4-b590f7de6f83,54c56d27-12b3-41fc-858b-e92641bf13e1,4,3,0,7,2022-08-24,2024-01-01 00:00:00,2024-01-01
6fba79ac-9732-4227-9936-d65102581139,493a568b-bfae-4fa6-bcb0-3355a006fdca,4f9e3d13-9d52-4a48-ae3e-11f1955e8564,3,8,9,6,2023-09-09,2024-01-01 00:00:00,2024-01-01
9e646214-8feb-4e57-88aa-35ea8c2db450,0cf1d8d4-f446-4336-b716-def52cb80ae8,177efbbb-6b14-4d57-98ee-ea47870b1dbb,1,1,4,9,2020-09-07,2024-01-01 00:00:00,2024-01-01
5c732a41-f5fd-4bc2-a9ff-af8ba7a1091b,28d6dd6b-59e9-4cf5-a6af-5bbcef93f1a7,df12ed67-7c50-4007-92d4-1b779e3d741b,1,12,6,7,2021-02-25,2024-01-01 00:00:00,2024-01-01
3649142a-d0b4-45e6-921e-b949fbf6de83,55aa1130-55b3-4108-8dd8-6aea21c3f346,04723e3e-62de-4c60-8482-d3c5544ef0d5,2,12,2,10,2019-04-01,2024-01-01 00:00:00,2024-01-01
f97d4ac4-a66d-49b8-b2ef-b593631bf884,ddcf7aba-39ee-4119-9af9-a9698303ad02,a7875516-191c-433a-9d0a-e42a3e3ed6db,1,9,0,8,2021-06-01,2024-01-01 00:00:00,2024-01-01
f8b050d9-8162-448e-87cf-bee0081d5f9c,0bab3e8c-73ed-41ea-a852-559fae100157,9d98cbe1-4927-4e24-9153-1884433a2af6,1,19,5,4,2023-04-12,2024-01-01 00:00:00,2024-01-01
fbb2d102-46ac-4352-9fa2-0dd5cbb07574,ecf18b72-82ca-4873-b4ae-33b81d7650ab,07516eff-8e29-411e-b392-afaaee9016e6,5,6,0,5,2023-07-18,2024-01-01 00:00:00,2024-01-01
33f36d9b-6434-4404-b1c6-ebc3c3aed3df,ace9cb35-2fc8-473e-886f-eaa4fc32371b,5d34ee55-9636-4b86-a473-7aaedbd3b76e,5,13,6,0,2023-01-26,2024-01-01 00:00:00,2024-01-01
c7877c42-0207-45cc-8cf5-a0255829a35f,2da60174-3627-40b1-9840-42b7cb089199,75b7337f-e116-4636-ac36-fe61ed885b30,5,12,10,4,2023-07-12,2024-01-01 00:00:00,2024-01-01
cf6cb016-dfb9-4cf9-afe2-b7cd38c2adaf,b9bde663-26ef-4124-b16e-0aa7b13f0e30,1beaa162-69db-48e2-8781-37d0903fd276,5,14,6,9,2023-10-25,2024-01-01 00:00:00,2024-01-01
2be5bfa9-d12a-47d1-8d8f-900547069d97,1c8dd328-3cb0-40dd-a1f7-47cbc5895d01,88ae4cc4-c859-41bb-b115-0a8c07730e75,5,8,2,6,2023-01-12,2024-01-01 00:00:00,2024-01-01
afe16a12-3068-4c85-b3dc-adb07ec00b5a,4f95452b-3909-47a2-9b9f-9803b7e55341,a40a848a-55c3-4609-ac67-467bfab77ed1,2,4,0,4,2021-08-15,2024-01-01 00:00:00,2024-01-01
d288c36d-0d55-408e-8f01-a3f295515a7c,ff85f14c-fd1c-420a-b5be-24f78b99270f,143f33fe-1773-4762-ba69-036c875909eb,3,2,3,8,2023-06-26,2024-01-01 00:00:00,2024-01-01
da76d6ac-a942-4ef4-ab15-dcf20a864ec6,3c307fa5-bc02-44e9-b945-ba92aab91a9f,f3aecb8f-f8b9-406a-82a5-1f464e1c4e63,5,12,0,9,2020-08-28,2024-01-01 00:00:00,2024-01-01
3c1fb4bf-7586-4da1-bb55-df0449ff41d5,72375f57-7772-486c-a874-715261725eff,0f115cef-22dd-491e-bfcd-50da19e6280b,3,8,10,9,2020-07-15,2024-01-01 00:00:00,2024-01-01
6d63088e-bba0-441c-ac8f-f638e4652706,70961894-1b83-4294-8855-68a772468e56,3ae9f732-b116-4e20-82d6-791f4680f3da,3,18,10,5,2019-01-26,2024-01-01 00:00:00,2024-01-01
aeca2777-aaa7-4aec-a4a6-b247e285fd10,bb2e9b74-4d27-4223-8f73-17f52be28bc4,5847e485-edad-42be-8aa8-c1915e7c0a45,2,14,7,0,2023-09-09,2024-01-01 00:00:00,2024-01-01
953c8876-be98-47f9-805c-f7de24349c7b,883857a7-201f-4ff6-8000-1c486231f73e,896872e5-c3d0-4f6e-89c7-414710662765,4,1,5,7,2021-06-19,2024-01-01 00:00:00,2024-01-01
f3bc7185-394d-4d57-9093-4ec92b9b1845,1b49505b-06c1-4d16-aa54-19a73ae71050,3fa1fc01-a9aa-49cf-8829-9d1000d73028,5,6,6,0,2022-07-30,2024-01-01 00:00:00,2024-01-01
feb4d0a6-6fb4-41c3-8bc4-e7e7898435ee,a5f1610a-f553-422d-a7dc-31ac752542e4,1beaa162-69db-48e2-8781-37d0903fd276,1,8,9,8,2022-04-01,2024-01-01 00:00:00,2024-01-01
d229ddf7-85fb-429f-acb1-7a25f11be081,a74923f9-7bec-4be7-8dd3-5168df5b7e12,21c859a2-d57a-446d-9b51-1adcab539d9d,1,14,2,4,2020-10-05,2024-01-01 00:00:00,2024-01-01
c87edfdd-ea46-4e19-a0b2-0e44100fb303,1e10bb8b-5cd6-4e1c-adec-83bf7dbd41bb,45d7ea24-c950-49db-a864-e2d30c0d5168,3,8,7,2,2023-04-18,2024-01-01 00:00:00,2024-01-01
c3cdc061-58f3-429a-8faf-8960dc92daab,aea78800-1d01-4aec-938f-b702a6366c0b,6b182886-4787-4abd-b35f-1500b7b96d40,2,4,9,10,2020-04-10,2024-01-01 00:00:00,2024-01-01
767113b8-2ae5-4c84-9cb7-a9d9fd64d232,a119e055-c91a-4970-a30a-678a872f66e2,735e3307-b6b1-4147-9929-224858ae60ea,1,20,0,2,2019-04-12,2024-01-01 00:00:00,2024-01-01
7b306f76-328a-43b4-a11c-f2fdb47e181b,afda7457-9caf-44ba-83c2-4999032ea211,739a8dc0-12af-4987-bee4-bf7d353d0719,4,18,5,0,2022-11-02,2024-01-01 00:00:00,2024-01-01
0926b53a-fe25-48d0-8697-38793e3dcd2e,2740389d-0037-409b-b5e8-67216bbfc1ff,2b55163c-c8c3-4a9f-ad5a-0948e83fe97e,2,1,4,4,2022-02-07,2024-01-01 00:00:00,2024-01-01
3c5337ce-8081-4e0a-9bb8-e4e883b81cc0,f2aa9310-bf1b-4620-b49b-6d73c294a635,ada0d30b-858f-4ee4-b2c9-3e053d4df7ef,3,17,0,9,2019-02-03,2024-01-01 00:00:00,2024-01-01
af411df3-56dc-4411-8b12-3b466d2cefb7,1cb44a4e-dad1-42e1-ba94-b35d4469afd4,5a6399b6-bf5d-4464-97b1-d84976ec3f9b,1,2,8,7,2020-04-25,2024-01-01 00:00:00,2024-01-01
9898a062-648f-43f3-a107-f60a06f6d518,edbc0732-de77-4c7c-9eaf-cfd02058b556,9d0a07e7-7cad-4b11-b098-c63cd83d86cc,1,7,3,5,2019-08-20,2024-01-01 00:00:00,2024-01-01
b12977c4-b0b7-455b-a811-c486cc073d41,835ae642-0d34-4394-8437-f5ce07ec2367,d1af5b5f-9803-4859-82ba-f9a6eacbf0fc,4,2,10,6,2022-03-14,2024-01-01 00:00:00,2024-01-01
2d85277f-cb80-44ca-83b8-88387d0d8b0c,24048267-d13e-4360-ba0d-807b6bbc949e,2922af86-2997-4537-8609-bf9b9c5f81c3,2,0,5,9,2023-11-29,2024-01-01 00:00:00,2024-01-01
85fb63e8-9cdb-45d5-88e6-093659d088f0,75b2efee-2ffe-468b-a03c-d8a38d2d8cd2,bd5fa77c-f04c-4a4f-991f-e0fdda1d5c15,3,13,10,5,2023-06-03,2024-01-01 00:00:00,2024-01-01
ecc92199-1c4d-4c73-a4c7-7a92dd6b5e8e,ab83167e-dd0f-46e2-b6bd-1437b8edcca0,44e549c9-2fe5-44df-8804-9d88f6092512,3,19,0,2,2021-08-21,2024-01-01 00:00:00,2024-01-01
316eafb0-82b2-4e43-80a8-f474a61fa6bb,bb479e78-e8f0-4c79-ba9f-0cb6ec78761d,d2c8ed53-35b0-4e13-9101-5afbe6be3b86,3,4,9,0,2021-01-24,2024-01-01 00:00:00,2024-01-01
7b5b370b-0a90-4180-8de8-30fed1b61e18,d02b441c-d91c-4d0c-9c83-9b843827cc6c,20638f24-6025-4e48-9b32-1dd2a6b435bf,2,10,8,8,2019-08-06,2024-01-01 00:00:00,2024-01-01
28c465c9-531f-41f2-beff-7b6959a07255,f581e33d-2107-421d-9eab-6aef58522008,e9037705-41a3-4880-b304-5110ead0f928,3,6,6,9,2023-05-24,2024-01-01 00:00:00,2024-01-01
b3553fd5-11ca-4996-8ddf-54bf40359bfb,09cca78c-78b3-48cb-afd2-881d0e2dcaf4,be7267ea-8018-4b14-ba5c-cfcb66781462,2,12,10,1,2019-03-08,2024-01-01 00:00:00,2024-01-01
505a9d37-e095-4ab5-a6ef-1f320c90298f,ef2bcb64-1c47-43fd-bf6c-a610eba23aef,45446c04-e6a0-4cac-9e99-d912f4625863,2,18,8,9,2019-06-08,2024-01-01 00:00:00,2024-01-01
0f961950-0167-4f4e-9f6d-40b2c7ea6e33,f3de4555-cf46-4d79-b65a-2c84c1709c21,4f6d1a01-7440-40a4-991d-9896724ec71c,4,17,1,8,2022-07-14,2024-01-01 00:00:00,2024-01-01
b9b0a3db-25a5-4733-a681-e8476c1f0014,c21f00be-4c58-448f-9d64-88630811d33e,d39003ff-20ab-4c47-80e5-78bac10aa506,5,15,10,8,2023-06-23,2024-01-01 00:00:00,2024-01-01
ec8cad4a-3768-480b-810e-c22af85bfab4,cc48e2e1-64fc-4085-ae98-521119c2c88a,b2a9a50e-22d8-4da8-ac0a-61182e790361,3,8,3,9,2021-12-01,2024-01-01 00:00:00,2024-01-01
2c39b303-71df-4c74-b4b9-9b31fc8f3f6e,b3e20694-9af6-40f0-9dbc-69f42740b217,c46055ff-a101-4e7c-b06d-5750fe2694b1,2,10,3,5,2020-08-23,2024-01-01 00:00:00,2024-01-01
2ee31084-1a92-4941-8af3-c09684e6b8c7,b086c53d-ef75-47d5-bcd1-bf50d4c9689e,66ba78a7-e08c-4889-a8d4-c887fe6fee5e,3,3,3,7,2020-04-17,2024-01-01 00:00:00,2024-01-01
b7febf59-e20e-4293-959b-a0366dc36cd5,ae7a91f9-11a2-4ca8-ac6f-deea6c3cf66e,45446c04-e6a0-4cac-9e99-d912f4625863,4,11,1,5,2023-02-09,2024-01-01 00:00:00,2024-01-01
d1ad0edb-71df-446d-97d0-b5c3c21c6266,6c019262-06d3-4037-8e7a-8a161a448875,634f8b16-73b3-4736-a3cf-19823bbfe6c5,1,11,10,7,2022-02-21,2024-01-01 00:00:00,2024-01-01
c30d9b99-e318-4e03-bff3-73a16257a85e,de30f8b8-1660-444c-b080-c0c72158e8be,5940ce1b-9791-4aa0-a3db-8eb776311197,4,13,3,9,2022-05-24,2024-01-01 00:00:00,2024-01-01
2196070a-5908-4bec-beb1-414e92bd9e8d,6d3e61b1-c44d-435e-bb74-48a37d622655,177efbbb-6b14-4d57-98ee-ea47870b1dbb,2,17,3,6,2023-08-23,2024-01-01 00:00:00,2024-01-01
6cb5bf7e-2f4b-49a5-aee9-49454c2e3ff7,63279be7-e0ed-409e-91d7-a3eb307943a2,bf8c7d28-d8c1-496a-b37a-aa3a224942d3,2,19,4,4,2022-10-12,2024-01-01 00:00:00,2024-01-01
92391e38-1a6b-4fd3-8399-cd7a6cdf3cd9,06ed769b-ad26-4e44-ab82-82312c5cc554,9668a015-446f-49b9-b39f-2b220770f90d,1,2,6,6,2020-11-30,2024-01-01 00:00:00,2024-01-01
d85e7507-9347-4452-9456-940247bcee7c,0f5b744e-435e-441a-a9d6-fd31041243fd,d4f537d1-f965-4b8f-a988-6937f70e11b0,5,15,10,3,2021-10-31,2024-01-01 00:00:00,2024-01-01
e3dba485-aded-4074-8991-64514d6f6ced,24b63b92-1ef4-4203-94a7-f072fa9f0a08,f480b76b-76bc-484f-8d2c-955d43244901,4,0,2,1,2020-01-04,2024-01-01 00:00:00,2024-01-01
6ed52381-8244-4397-b8d9-99e3fa097588,1fd59699-ecef-44af-892f-37e105e9e292,d9fb499b-f185-4c70-b731-30f5aed515b8,5,15,1,2,2021-05-07,2024-01-01 00:00:00,2024-01-01
357939fe-05b1-40dc-a15f-3ecd8d274769,6ad4d534-0600-4ac1-9cba-9cb7d1ea49ac,4f9e3d13-9d52-4a48-ae3e-11f1955e8564,4,0,2,1,2023-11-16,2024-01-01 00:00:00,2024-01-01
e0f74e4f-0d07-4a10-9d5d-f0dc450cc1c6,6d99900c-5074-4bbd-94b4-7b3d30ff4a75,1ec056da-114f-4842-af22-25ee69039a38,5,12,6,5,2019-09-29,2024-01-01 00:00:00,2024-01-01
42768224-58e4-401a-a26e-2f1b16618f4e,14690576-2fbb-469e-bca4-7af4ebfbeda6,335d903c-2372-4e99-b9c5-172e53c7182e,5,7,4,1,2019-09-19,2024-01-01 00:00:00,2024-01-01
f39e5a16-98c7-45b3-9f4a-870e2c483c52,edf9bb57-b4d7-400a-8bd5-ca00edfc026f,78c30b8e-b992-4967-b4a6-e9d7e41db299,3,18,9,9,2020-11-20,2024-01-01 00:00:00,2024-01-01
c7bbd1b5-eb71-44cf-bb11-251c40d3a157,89892668-fd9e-4798-a521-845679d90850,231bd419-685c-4a7c-86fc-f896eb986a7c,1,2,5,7,2019-08-09,2024-01-01 00:00:00,2024-01-01
7d273363-39ee-4a50-bf69-33057fda9ccc,d8b7999a-ed5f-49f1-a3ea-05b6df89b2dc,6b182886-4787-4abd-b35f-1500b7b96d40,4,13,4,7,2021-04-17,2024-01-01 00:00:00,2024-01-01
25d92531-8742-435c-ae7a-a10452a38157,cbcb951a-b5ad-4454-ae39-da70d0d7c295,e4b2d4dd-f0bf-4bc7-9aad-ea4f57989680,2,18,8,1,2022-12-04,2024-01-01 00:00:00,2024-01-01
037ffecc-105c-4264-9c5b-64a1be6600fc,ca8abb32-3910-4336-95c2-9cbc9fa4d7c7,3c329c0f-2222-4c83-931c-9f5f9b6d80a1,1,18,9,5,2019-11-08,2024-01-01 00:00:00,2024-01-01
7ee3657d-70cf-4e49-a58e-a1a570dd0d8d,186eca31-25d5-469c-8a88-f50f3cbbd4a1,689916b5-c63b-4d32-be1a-8fdd2609ef42,4,12,5,7,2022-10-12,2024-01-01 00:00:00,2024-01-01
9dbaf5e0-6b53-4137-ad5a-8eda4f06f188,509b757d-ff1b-4e91-af07-98fea88ef258,4ce603e2-bf3c-485e-b494-57807d95b843,5,8,1,3,2019-12-28,2024-01-01 00:00:00,2024-01-01
e5d33633-cd64-49f5-94fc-3a48575f2622,8ed7a1ef-86a5-4ef4-a3d0-8b0a8e353832,6e0e9c7d-40f2-4687-93a3-07886e09f690,3,1,9,8,2020-08-31,2024-01-01 00:00:00,2024-01-01
2c6a5a1d-1c59-4de2-9d90-08897c98fe3f,db501c4d-631e-481c-8b47-95ebc761e906,cf5db57e-78c6-4a9b-ae4d-b7d4a3365697,5,13,4,5,2021-12-11,2024-01-01 00:00:00,2024-01-01
9ae6652b-b405-4180-94f8-609ae9964453,0028eb72-5f8d-4d55-bafe-50bd3e4bc3d7,79fbb9d8-ed15-4bdd-8f1c-01a474820fe1,2,4,0,3,2021-02-25,2024-01-01 00:00:00,2024-01-01
5937396c-5536-4b66-878b-4bd25f42343f,36ab7d44-c212-4c76-a966-fd96fd1abc25,cbc1347d-0223-4fb6-b55a-c3b440586060,3,18,9,5,2021-05-31,2024-01-01 00:00:00,2024-01-01
8ea36bb2-38fb-42e0-9381-e2a9de3afb26,8955e84f-7835-4298-bbdb-d95331921a00,5da3fa31-83a7-4145-859c-0d3fa0770ac4,3,5,1,4,2019-07-23,2024-01-01 00:00:00,2024-01-01
6eba552f-af12-45ac-9c67-e65f8d9874aa,97826568-dcb9-4eba-b6ed-d3f52cb2d7d3,10ed932c-9d7e-4b52-8acc-3d5ebb7ab0fa,4,7,2,4,2020-07-14,2024-01-01 00:00:00,2024-01-01
2da7707e-cb91-4ed1-aae4-3bdf35b06d29,bed6ca90-fc07-4469-b129-0b488278ecad,ffaccd1e-794d-4d92-bbaf-a9d8ff556c88,1,7,10,4,2020-06-15,2024-01-01 00:00:00,2024-01-01
38e4f5d5-f06c-40b9-abe4-ca872175a517,9a6df7c3-f29c-4b00-b4b9-da0d4a54e4a3,c5b60773-230d-452a-a448-54789e68efc7,2,17,8,2,2019-10-16,2024-01-01 00:00:00,2024-01-01
e4c8e9e7-1eb2-4d20-b87b-66b3e92da2e2,d3cbbc38-73d0-456f-ae01-05966bb6706d,7c370196-e467-4102-be70-deb73cbca2c3,1,17,8,3,2019-02-26,2024-01-01 00:00:00,2024-01-01
0dc53752-3d82-4b96-9492-781cc599092a,0be8be69-c82a-425f-ad44-ba2edf7f266f,d80fe7d5-83ae-4413-8c4a-0e4285fd0bfe,1,11,3,4,2019-01-14,2024-01-01 00:00:00,2024-01-01
6f468496-9138-4cdb-aec7-2be5f5e3f38f,d4d8bc51-ffdf-48ad-bf5f-3dc83fa4a2c4,29b81039-f7fe-44d4-b9ae-e43004eff257,4,16,2,7,2022-03-15,2024-01-01 00:00:00,2024-01-01
b0c6ace7-3689-4c68-9e1a-382746ed9e23,0d63a3f5-92a3-43f8-b5cf-349552925b14,0fe86db3-0ef9-46f3-bdd2-e7a9cee1eaf2,1,3,7,6,2020-08-27,2024-01-01 00:00:00,2024-01-01
b7b4b1c8-0994-4fbd-a6a3-f0e86cdd103f,3b5d91e0-5e79-4a5d-803f-633b2a0b570d,d9fb499b-f185-4c70-b731-30f5aed515b8,1,4,4,10,2021-10-07,2024-01-01 00:00:00,2024-01-01
872f71fe-113a-4262-8b3e-66a66260b1f7,75179bc3-f44a-4a73-97eb-2c6908139613,06469e1b-9c8d-4e4e-9c14-e69b211f5475,3,2,3,1,2019-08-27,2024-01-01 00:00:00,2024-01-01
e7d1db3d-c626-45b7-abd1-db7f91bf4604,407a3437-051a-4c03-ac0d-73df8fdfd63e,a9032709-b02e-4e5e-ab7b-084c49a7cb9f,5,10,4,7,2020-10-31,2024-01-01 00:00:00,2024-01-01
4918b41c-ccb1-4662-ad95-b88c2b18c047,a0f0037b-dadc-427b-9ef4-ea133cffe3f1,1e043933-16fd-4566-b3cf-d3e2375294aa,5,2,5,0,2022-07-15,2024-01-01 00:00:00,2024-01-01
0ced0081-4f9d-4c18-ac6b-77fbe32d753e,a8172d32-1ff5-4a41-a1b9-8cac1c28b481,47a65899-78bd-48cb-9e37-fc6c234729ae,5,10,3,8,2021-06-06,2024-01-01 00:00:00,2024-01-01
e8568823-56a9-4e2f-adc9-bd2248d8e41d,d3ea2671-7298-474f-9b56-a2ae0c0ee1c9,57fdf3e3-470d-418e-9bad-085d3bc96551,1,20,10,0,2022-09-15,2024-01-01 00:00:00,2024-01-01
50b4971a-86bb-4927-be0f-b89ec36d8878,e62ca039-0f11-46c6-ac06-2d0aa062ca0e,1c6fe6e7-810f-4758-8b54-26cfebc24c0a,5,12,3,10,2020-05-18,2024-01-01 00:00:00,2024-01-01
4dba811b-88bd-4815-a2c4-3e08c1b34d86,4fe28b5d-0e0a-40a6-af8b-cd7dcdaf7105,5847e485-edad-42be-8aa8-c1915e7c0a45,4,4,7,2,2020-02-05,2024-01-01 00:00:00,2024-01-01
880c135c-e023-448d-9fac-c06c19841edf,8880107f-ca1f-45a6-a9ba-d43c453a5fb8,d724b683-e963-4386-b2b8-fd0848f7abae,3,4,3,10,2023-02-11,2024-01-01 00:00:00,2024-01-01
0ea50845-e6cc-440d-8c48-7c82c087f728,c67bb3a7-2606-45a3-af9a-7412900f9f5c,617abd34-e75b-4589-9650-2b97ad5a95e1,5,6,0,6,2023-11-29,2024-01-01 00:00:00,2024-01-01
7fee17f8-f409-430f-a36c-19022662cece,7ebcbf60-00cf-4a99-b73d-e1ce1fe0d5f5,3cc55d11-2a77-4031-b604-92a025d7a129,5,19,3,2,2019-05-18,2024-01-01 00:00:00,2024-01-01
7cd7b411-0c00-483c-ba96-9d278b9f443d,ddf33cce-7520-4365-914d-49e7ce2893dd,d99f29a1-fbfd-4641-9f25-3cddfc9e6f64,3,19,6,10,2019-03-21,2024-01-01 00:00:00,2024-01-01
9ef71d8d-c7d6-4277-9e1f-1abddc99eaea,19fb43ef-5dc9-4fe2-a911-3e2e382fe7a5,733feae3-11eb-45a6-9f4c-cfb082b5991c,3,15,8,10,2022-04-10,2024-01-01 00:00:00,2024-01-01
47c61db2-374c-4843-a46d-7c48cb2599eb,0283efbc-91ac-40ba-a88c-876a0e14ffbf,7c4a0338-8dcb-4de5-b189-da33fbef11d0,3,7,4,10,2020-01-04,2024-01-01 00:00:00,2024-01-01
6814236a-24ef-407b-95c9-db89b77874e4,cc0ee36b-3a54-4e24-b732-d71ff5cfd22c,d80fe7d5-83ae-4413-8c4a-0e4285fd0bfe,4,19,5,8,2021-09-20,2024-01-01 00:00:00,2024-01-01
f80af5c5-d434-43b6-a8d8-673bacf285ce,4c8b2ba7-cb11-4313-aaa5-2cddec72c1a9,982ae8da-bfa6-4eef-b616-216ae94a841d,1,7,1,4,2021-09-12,2024-01-01 00:00:00,2024-01-01
4a4b35a5-3013-4a8e-a44a-9f1bd9b3d61f,a6e39a93-700d-4977-98fa-47d53c5cb295,b11e4077-bcfa-4850-b6d2-e2d7fbe51752,4,10,3,10,2021-05-09,2024-01-01 00:00:00,2024-01-01
8a00e0f2-43eb-4f5c-92bb-75e7d8ad4caa,f8d11f3c-b5a5-4edf-ad29-af9da3f99c6a,dbf64d39-3c3e-4365-8718-51e7b760c8e7,2,14,5,10,2021-05-20,2024-01-01 00:00:00,2024-01-01
91a942d8-e891-4377-9d79-acb4cba5c969,904fb022-1c3c-42b9-a1a8-5d24cd177715,5da3fa31-83a7-4145-859c-0d3fa0770ac4,4,4,7,7,2019-08-21,2024-01-01 00:00:00,2024-01-01
282fb1d6-492e-4cb1-b47d-146bb47e7807,7dff507e-a975-47e8-b844-f1c346083dd6,e38cd76c-4edd-4fb9-9598-7e00255aa1b2,2,0,4,4,2022-05-15,2024-01-01 00:00:00,2024-01-01
495710af-67ba-46ad-b5bb-ff0cfa27bf0b,d188d28e-78e4-4526-adab-4eb8d2f8a980,f99d828b-8cd3-4c4c-8a36-00180a02f43e,4,1,8,5,2021-11-05,2024-01-01 00:00:00,2024-01-01
b2a5110d-8605-49f0-94dc-b2f3f9907944,7fac6c9e-c766-49b2-a89a-596dadb9f4d7,05d53705-6b97-4966-95a7-34b64c31de69,3,13,6,7,2020-06-19,2024-01-01 00:00:00,2024-01-01
a16c7fc4-dfbc-46d5-9662-4be1fca55553,4b3ad4e3-5fca-456e-881e-5cf4340d4c93,f683fafe-1a26-478a-9f5a-38aae47e84b4,3,1,4,7,2021-05-20,2024-01-01 00:00:00,2024-01-01
b907a290-2026-4a01-9b92-ebd4d4517501,37845ac4-d3fa-4482-9fca-fc315c8f4569,484edafb-7818-402b-b84e-70c477977155,3,20,0,4,2023-01-31,2024-01-01 00:00:00,2024-01-01
050922dc-ca0f-4997-8e23-653eb015e77e,19222d8b-4f02-4e69-a1a1-32bcbd21575d,9d2b2485-e78c-466a-bb21-b72d1ffd405a,2,18,2,8,2021-07-05,2024-01-01 00:00:00,2024-01-01
7da8de16-f52d-4896-8cc4-89a16d3b8b87,af42da4b-4b56-4044-80d8-eccd17834751,d73ccab7-2d4e-4348-b9ff-12190ffc4d68,1,19,9,5,2020-02-27,2024-01-01 00:00:00,2024-01-01
3b2d41d7-868a-4efd-9e6e-62197bae9994,6a48a0c7-d5da-4b50-92d9-b071f6ef3ef1,f5b4dc98-7753-440c-be2a-728e530730d0,5,0,0,6,2019-09-22,2024-01-01 00:00:00,2024-01-01
6f76d6c5-fc99-44c5-a2fa-5896065451e4,e6d3bdab-87ce-4325-9914-277ffd08e648,d73ccab7-2d4e-4348-b9ff-12190ffc4d68,3,11,8,1,2019-07-04,2024-01-01 00:00:00,2024-01-01
34792637-4028-4042-a9ea-8abfbcb5a109,c544acb5-295b-4266-92ab-e364f6b8108d,1d4ae20a-50eb-4da3-af0e-e64abeb8ab75,5,6,5,8,2022-09-03,2024-01-01 00:00:00,2024-01-01
5d186784-d121-4649-9e36-2fbf39b47c1b,1ccf09ac-519c-4671-a119-e74e5bbde06b,a9032709-b02e-4e5e-ab7b-084c49a7cb9f,5,12,3,4,2020-02-11,2024-01-01 00:00:00,2024-01-01
e95d687c-832b-48db-84d8-80f7fb44058f,9b9166e1-98a5-4438-81c7-78045db688bc,cbda28f9-cabb-4ef5-b3b6-8d4b48165def,3,10,6,3,2023-06-30,2024-01-01 00:00:00,2024-01-01
64b213f5-14e6-468e-a897-4ca6d62d9598,3454a48c-2d57-4bb6-b672-a73f234a1026,b5b9805f-a92e-43b2-88b9-2985519a4d52,2,0,0,0,2022-02-06,2024-01-01 00:00:00,2024-01-01
c1b174ec-f56d-41e0-8144-39aa12b63ee3,a74889ab-caf6-4baf-9434-57920a492068,399f88ee-c3c2-4945-853e-1941dee550ef,5,3,8,6,2023-03-27,2024-01-01 00:00:00,2024-01-01
bfe29c63-046a-4d14-abb6-7a7b49742e02,c0dcfb9a-f4e5-4e26-934e-e565c92b6bc4,606887ac-1df3-4a90-9298-4903ce64efd6,1,5,4,4,2023-06-09,2024-01-01 00:00:00,2024-01-01
7c2ea35d-6363-4331-ae00-d0cd95754cdc,77b5d3ce-cce4-43c0-b633-3b0aa1fb08b9,5940ce1b-9791-4aa0-a3db-8eb776311197,2,1,4,1,2019-02-19,2024-01-01 00:00:00,2024-01-01
715df99e-ae13-4eff-8157-b06b29536797,d9c76102-aa62-4de0-aa5a-470670b8af2c,3ae4c331-afe9-42f6-86e0-16b66d7c48bf,4,20,6,2,2023-07-24,2024-01-01 00:00:00,2024-01-01
d955afdd-db3b-41c1-b10f-b068c022dccf,ec3ee655-187f-439d-9a54-a70458fbd11e,5eef5951-d005-4984-b47a-d06c66199451,3,2,1,1,2023-08-03,2024-01-01 00:00:00,2024-01-01
a7eecc5f-17be-4ac2-a5e2-5a3624b3e555,52e9b3e3-d86f-4a01-b516-ed7334673f75,231bd419-685c-4a7c-86fc-f896eb986a7c,4,0,0,8,2021-10-30,2024-01-01 00:00:00,2024-01-01
1bbe5aed-3161-4de6-9b2a-7f23b4cbc5a1,be43b975-a73d-4008-8564-d10fd86f91a3,0fe86db3-0ef9-46f3-bdd2-e7a9cee1eaf2,2,3,9,6,2022-05-23,2024-01-01 00:00:00,2024-01-01
b87b3ffc-247a-4662-8720-61972c40a467,64ff9fbe-b1d3-4ac3-b828-3ce481736260,8de62a84-d4d5-4cac-802c-040c252279d0,5,9,5,6,2020-02-02,2024-01-01 00:00:00,2024-01-01
167c3d77-ad97-4f12-8867-6f4ae33816e5,a4eeacce-95ec-456c-8268-6afa510da56c,ca4392e8-1de6-42bc-bcf6-5b94993d86c1,1,9,4,7,2021-11-15,2024-01-01 00:00:00,2024-01-01
5bbe49d1-e1b5-47e9-8c8e-7380140e7ab3,d02d039e-68d4-4190-984b-241812f72457,47a65899-78bd-48cb-9e37-fc6c234729ae,3,20,9,7,2020-02-20,2024-01-01 00:00:00,2024-01-01
22124c10-9720-4fd4-85bb-ad3154521028,78a04dac-816c-4730-9eed-b0460e200286,df3e2096-a6af-4737-9d81-b254e45425e0,4,2,3,6,2021-02-10,2024-01-01 00:00:00,2024-01-01
607e1d6e-93c7-432d-9468-b3e52d951986,9b4ebf6f-b4db-4876-bbd6-cca3df2590db,82bb5172-cd94-4a25-aca8-42681ed0ca0e,4,9,8,8,2022-02-22,2024-01-01 00:00:00,2024-01-01
fcde3066-1523-4f9a-855d-d06e11e28140,1be626f9-e842-4121-b8c5-3cf06ac59300,a8889766-c29c-428d-8e56-ebc3d569b2b5,1,15,6,5,2020-05-15,2024-01-01 00:00:00,2024-01-01
8b7302c3-6caf-4585-9acd-be50f6a475cf,7c7cb247-d4ba-4052-a355-a6715ffd7023,f0d033e3-4694-4cfb-9d77-489eed62b354,1,14,3,9,2023-04-12,2024-01-01 00:00:00,2024-01-01
3aac2ac8-1b4e-4ab1-81ef-f9fb55e085bf,c424c9f8-5a19-414c-b8c2-d05ca6147d6b,25295a76-1bd6-42b7-baa3-0a9ef6b4ccc2,2,14,5,7,2019-02-20,2024-01-01 00:00:00,2024-01-01
40ae557a-89e5-4ab6-85f4-e785bbc6db02,a40ea94b-39cb-4836-9534-3dcfab2c6b8b,75b7337f-e116-4636-ac36-fe61ed885b30,3,10,2,10,2022-02-27,2024-01-01 00:00:00,2024-01-01
c897cf0a-f946-47fb-ac62-b33c2b3d5c2c,e5f32afc-c779-4cfc-bcb4-f6cd26b24be5,197a906c-2754-459a-814c-c59419530f1a,5,5,3,7,2019-06-21,2024-01-01 00:00:00,2024-01-01
f53d6820-c6ff-4a57-b57d-c6f4b598d886,80cade9c-c64e-4d49-bfec-308b13d71102,8564e2c0-2c90-4a7f-ac42-b93cbec1c8c2,1,4,6,9,2022-04-30,2024-01-01 00:00:00,2024-01-01
6ef544de-72ab-4876-a199-5000067e7606,bd9c114a-d464-4e47-aaa2-a988e0b1e6b4,cb22d79c-9cd7-4ebe-a15a-6a9c3fb34123,5,18,3,0,2023-09-13,2024-01-01 00:00:00,2024-01-01
e654cff2-95b7-4d6e-9d76-43a9a174af84,6b030875-f274-420e-b6df-f20b1748f958,6e0e9c7d-40f2-4687-93a3-07886e09f690,3,13,4,5,2023-04-21,2024-01-01 00:00:00,2024-01-01
e1658e38-71ca-44ce-b45c-6363e9f35518,028e664e-858a-4f54-9365-808f896aed34,6a01d889-b776-4f27-8221-299b8d06dc27,1,10,9,9,2023-09-05,2024-01-01 00:00:00,2024-01-01
7d6da870-2078-43f7-9d34-809da5224083,dd30cb23-fab4-4468-a3af-7a7c350241cd,725be64e-ff35-41a3-86cc-b701274c1867,1,8,3,8,2021-04-12,2024-01-01 00:00:00,2024-01-01
12c822cc-244d-47a1-815d-a59b6b1bdbe6,904d5091-c0a7-4141-839c-3e67e963bda2,d80fe7d5-83ae-4413-8c4a-0e4285fd0bfe,5,15,5,10,2023-06-16,2024-01-01 00:00:00,2024-01-01
b9f3a6a7-167c-45f8-97e6-a4783b09786b,57ee6664-6d3a-4752-aa68-a2c0e538b9ec,315b8757-9504-4390-b0fc-071c5fca4539,4,15,8,8,2020-04-27,2024-01-01 00:00:00,2024-01-01
72a3df29-3e17-465e-b114-e4bb31eea128,a530ed15-24ba-46bb-9b6b-ee1d725c35bd,951a9f55-1058-4bd9-954d-043e088ec276,1,3,6,1,2023-10-25,2024-01-01 00:00:00,2024-01-01
7b84f775-d190-464f-b81d-df0716a4c629,569c62a3-2e3e-4857-9ea0-42d88d0f2e81,b886de27-d776-421d-9e18-d1314e27c111,1,5,8,1,2021-02-08,2024-01-01 00:00:00,2024-01-01
964a61ec-1c9e-48f7-be47-a3dd7ba1036b,0b8c4ece-4d5f-4057-811a-6edc0cb9e4b7,f628a16d-7b88-4b36-9ce6-2f7a65ad95a1,4,3,0,6,2019-12-07,2024-01-01 00:00:00,2024-01-01
5c424e80-abec-4b2e-9c0a-a16ceaa9f98b,06390852-d9d4-4a14-9d51-0ac000b634fb,f9f9c0af-5ea4-4402-98b2-b32c39f3f107,5,15,2,8,2021-10-11,2024-01-01 00:00:00,2024-01-01
5a883ce6-f02d-44d7-bbf8-4372d54117e4,5adfecda-f565-4ff1-848d-c13551a758fb,f683fafe-1a26-478a-9f5a-38aae47e84b4,1,9,1,6,2021-05-06,2024-01-01 00:00:00,2024-01-01
05fe7619-9718-49e7-a3b7-44c981c21068,3a66870a-8cfa-42fc-a9c1-d115fb3fbcb2,d2247290-7cf7-4b10-be45-cd182bc553e0,3,16,5,9,2020-08-25,2024-01-01 00:00:00,2024-01-01
e5f9e3de-f5cc-4a72-84b8-528c6b68f32c,cb0f01f4-8711-43d3-8f92-1cb0e1819abb,15b7b416-1e58-4228-96a9-59f3e18a3ef8,2,4,4,8,2021-01-31,2024-01-01 00:00:00,2024-01-01
9f942a48-c55b-4947-b329-50738bc4de89,491621ef-6a8d-47e1-b241-ff2cd74be056,d78182ff-6287-47fb-a6a1-c86862779c6a,5,11,8,9,2022-11-03,2024-01-01 00:00:00,2024-01-01
99658a84-415b-4add-a041-65defa262bf4,903af190-3551-458b-b8d1-0c9c627854fc,2bd1bd50-cdb3-4fe9-a67a-335aea386b7d,4,6,5,2,2020-05-29,2024-01-01 00:00:00,2024-01-01
8ded4939-68c7-4c77-a299-efe5fba5c19b,4778daa1-d41b-4683-9e49-5736b7964f1d,2b81f86a-6ae7-4e1b-91ea-e58171ab6d45,4,0,5,6,2019-12-03,2024-01-01 00:00:00,2024-01-01
d781bd20-52dd-41bf-8b1a-a2f59b7efc37,d74f0632-efb9-41bc-bd04-534b8fce9efe,484ab5f0-e2b0-43f1-a5d8-b17c30918446,4,2,0,4,2020-01-03,2024-01-01 00:00:00,2024-01-01
84b87b14-b130-4ac8-b0b3-b51f38fb361e,40b75f34-12fd-4c78-88af-765ac932712b,f3aab638-34fe-42e7-bb13-82c8fb296808,2,3,8,7,2022-12-07,2024-01-01 00:00:00,2024-01-01
a83e4031-fc51-4fbd-b869-fefbb7698955,f1734699-89f5-4f38-bd16-412e039d6949,197a906c-2754-459a-814c-c59419530f1a,1,19,7,9,2020-11-08,2024-01-01 00:00:00,2024-01-01
b4c24933-463c-433d-aca8-409185b48d15,50051326-3349-437a-bbc6-0ede62a1ea17,ea2cf0bb-53e1-48f6-bf8d-338ee7db84df,3,20,8,3,2019-11-17,2024-01-01 00:00:00,2024-01-01
6333f6df-863a-4059-b211-1a7d536807ec,b1bdf9ba-b99e-4b17-bfc0-d890fe435667,50cf36b9-dc61-4a90-9621-0fdb28234606,1,6,4,4,2020-12-07,2024-01-01 00:00:00,2024-01-01
c98fa2d6-0404-45d8-b42e-14afe58db1ab,649c286e-2755-4d20-a914-6c4079418042,c46055ff-a101-4e7c-b06d-5750fe2694b1,4,18,4,5,2023-08-08,2024-01-01 00:00:00,2024-01-01
3da9a582-41dc-40ed-9a86-c4e0fb5267ef,d8e846ab-7e7b-4f32-862d-0050cafbe3e4,98ecac3b-17cd-418d-b996-6a44293cb0cf,4,8,8,8,2022-07-02,2024-01-01 00:00:00,2024-01-01
b9ee52e2-ab7a-4f79-9598-1bb1c5f0fc78,ebe9991d-281a-47b3-9c84-bf0c45e34a71,519bfb38-3676-4d96-9ab2-edb60603b77e,2,2,9,2,2022-08-06,2024-01-01 00:00:00,2024-01-01
b6551680-9aed-43a3-9750-5ffe374b6247,e76a47c4-dfdc-40b1-bb3d-afb31e6d5820,050a9365-3653-4f9d-86be-006ee20e6d6d,2,8,2,4,2019-07-30,2024-01-01 00:00:00,2024-01-01
fcc606cd-595f-42bd-8af2-c81828b93f76,ee726513-1b66-412b-b912-9c3b4f83fe26,1f1dca18-276e-4ea7-8598-8dfa3da1bd8f,2,16,9,10,2022-02-28,2024-01-01 00:00:00,2024-01-01
4475681a-7188-43df-af49-9d0a7bf39aac,2517e416-6acd-4194-bb71-64d8fb962737,85d3b40f-036a-495f-8040-6d1775cd5db3,3,18,9,9,2023-04-18,2024-01-01 00:00:00,2024-01-01
68adbc1e-6b58-4847-b2f5-da18c49104b5,10e4c142-5a15-4549-b2ca-3d4e88220ce3,57ae4cdb-5481-4954-b336-5912b1b3653a,5,15,3,2,2020-07-21,2024-01-01 00:00:00,2024-01-01
bda0efc6-5d8b-4ce2-bc65-1cc31d6cb2cf,bfa2c1b1-d1cf-4e25-b66c-76024bed12e7,3ae4c331-afe9-42f6-86e0-16b66d7c48bf,2,6,1,9,2019-01-06,2024-01-01 00:00:00,2024-01-01
2acaea11-eeb3-49bd-b4f1-a13846935028,a7fcefd8-9880-411f-9ee9-f8df581c354a,677cca13-3dce-4b8b-83ea-16b376ad043a,2,15,0,5,2019-10-28,2024-01-01 00:00:00,2024-01-01
d53d3a90-d6ab-40d0-bb0a-8d4de94f7a80,fc592554-e9a0-49a2-9e9a-d73650a42f8f,3c329c0f-2222-4c83-931c-9f5f9b6d80a1,1,4,8,7,2019-06-09,2024-01-01 00:00:00,2024-01-01
150779c3-7d41-46a2-ba33-c733c9eeaae7,4fabdbe4-5591-4157-a17e-42aa8dd8371c,4243d1f7-0737-43e0-a170-78a6314dc76f,4,10,4,8,2021-05-21,2024-01-01 00:00:00,2024-01-01
0a098fcd-ce79-4282-8e7e-ca9a199fec62,6ea2c9cc-71e8-471d-8a62-fbeb813e41be,a820e556-c90a-47c0-af29-f60ca8d22e08,2,17,6,6,2023-04-06,2024-01-01 00:00:00,2024-01-01
885de055-4c65-4bb5-be1e-7632b99b92d8,28a138ce-a5f3-429c-adb7-21f91c5729de,a769159d-ef18-40f7-b429-7ad16a3082b6,4,11,4,8,2023-05-04,2024-01-01 00:00:00,2024-01-01
bad7a15e-30d9-4547-b29b-154f4de4b74a,67cbe274-87be-4996-a917-dc5b0812303a,981d69ee-8bf8-4175-a790-bf01bf05aabd,1,19,3,2,2020-10-11,2024-01-01 00:00:00,2024-01-01
f30c3156-62c1-478b-aaf6-4257ee81b98c,a61ef047-5e86-4ea7-a997-e6c5cf686cde,5e2507d0-04bf-414b-9bf2-382051d882bd,3,4,6,8,2022-07-21,2024-01-01 00:00:00,2024-01-01
847afbd7-ce38-4af7-8dd7-d3e99762614f,670d6fa0-4de5-48ff-b67a-685a435eaa8a,d80fe7d5-83ae-4413-8c4a-0e4285fd0bfe,3,3,8,6,2021-06-23,2024-01-01 00:00:00,2024-01-01
28a8d2b8-d0f1-412e-9bf1-fe867cd45fed,b71f0bb7-f88c-4fe6-b4dd-636fc9f74cd0,9d98cbe1-4927-4e24-9153-1884433a2af6,2,0,5,7,2022-08-28,2024-01-01 00:00:00,2024-01-01
489202d6-e6c2-4472-a71c-926f347686e0,7403cd2f-c5e9-41ac-9e5d-39f13fad5d79,b4c320b9-2e83-43f2-a379-c048b29a763e,3,13,3,9,2023-04-28,2024-01-01 00:00:00,2024-01-01
ce95838b-b49f-4246-bae5-1dad598af27a,b6afe42b-6b40-4325-8e64-d6c177adbf79,f480b76b-76bc-484f-8d2c-955d43244901,2,12,5,2,2022-02-20,2024-01-01 00:00:00,2024-01-01
d5cf4037-6cef-4b80-8590-6ab239f6e912,7a35b907-2045-4183-abbb-740089f8309f,bb33d41c-4831-4a38-b78c-cc314fb2914a,2,14,5,8,2023-03-12,2024-01-01 00:00:00,2024-01-01
f803b2f5-50ec-45b6-a2d0-93e6dabf710b,c720991a-e22e-45d7-9f12-7224a0c53f29,44b9217b-12d0-4bb7-a1f5-f0f1a527ebad,5,9,5,1,2020-02-04,2024-01-01 00:00:00,2024-01-01
eac2b248-4a03-47d4-9196-0f309a00a740,e599856b-954d-4935-b0cb-d28041ff51bd,81e9a5ae-2a60-4430-ba07-8f13d1315b73,3,16,0,9,2021-01-25,2024-01-01 00:00:00,2024-01-01
788d9c6a-bb2d-45fc-b4a2-8e6898ccf1f3,7a160aaa-f583-4c6a-99dd-75139b19e10c,4f9e3d13-9d52-4a48-ae3e-11f1955e8564,3,20,7,6,2020-07-13,2024-01-01 00:00:00,2024-01-01
7700db22-4f51-4dbf-8595-9f227b6b4774,234b3d61-118d-41c9-ac99-8f7e7a8e7252,358cf9ef-9b97-4dc4-aabf-ea7e18ec3c24,3,8,10,0,2019-03-31,2024-01-01 00:00:00,2024-01-01
eee462dd-6c43-49a2-8689-c88a2f35e664,6534ae69-c756-40aa-a820-ad43933cd86b,ce0b6f95-c730-496a-a07a-8384d42befb9,1,15,9,10,2022-03-17,2024-01-01 00:00:00,2024-01-01
be67e7c5-b1ae-4a15-b947-de8a62207460,842ee27a-36ad-47ff-97bf-e6b478a78890,3cc55d11-2a77-4031-b604-92a025d7a129,2,15,10,8,2021-07-19,2024-01-01 00:00:00,2024-01-01
359b9688-3d61-469c-b568-2a17e8ead674,b069ef3f-bc21-40dd-be43-46f91933e3a0,24350707-610e-4310-9644-77314fe37d18,1,11,0,9,2023-07-12,2024-01-01 00:00:00,2024-01-01
306837be-451d-41f2-bae4-a6bcaa227da6,c4565ff1-f92e-4712-8c9b-320f43159552,6fee9276-03aa-45b9-b02e-e08ea008b870,2,4,1,6,2022-12-31,2024-01-01 00:00:00,2024-01-01
0043fd53-4d53-40b7-8c82-82cb2ac7b8fd,8a5eb0de-ff1d-4a13-a65b-76fd75d409eb,bb6ecc9c-2824-4092-8115-75fd5579d8e0,1,1,7,10,2023-09-05,2024-01-01 00:00:00,2024-01-01
1a65a13b-1e8b-45cc-ad63-d49ce3b026ce,aa7f0c76-7361-4fe9-9fb0-779d82e99452,015e17bb-1e2f-4618-ade7-697f90b13138,3,3,8,4,2022-12-26,2024-01-01 00:00:00,2024-01-01
9c3f8ef2-f683-47f5-ad46-c97d4d1e1455,855a8c0c-6710-42a4-9afc-48e1b9f9f32e,252bc613-f891-4c50-bfa2-3f54657b5c15,5,0,5,10,2023-10-13,2024-01-01 00:00:00,2024-01-01
b8f590eb-b062-4415-a888-ce9df498510c,e13abbb5-de3c-4ebc-aee5-0f8af560a7d4,86e0ac77-a519-4936-bcb8-a02a31099e7b,3,5,9,5,2023-10-04,2024-01-01 00:00:00,2024-01-01
92eb8c21-7fef-42ef-88f1-c70531cada4c,c0075c6d-dc5c-4216-8f81-23774ec04ec6,b175f2f8-ff61-4186-8f41-8390e8baa39d,4,13,10,10,2021-11-23,2024-01-01 00:00:00,2024-01-01
19060451-f273-42fc-8231-23c93bee128f,2265b539-3fc3-4212-98a3-35243614bb62,6b506c1b-f282-49ec-91e0-7af6d616ed5b,2,16,2,4,2019-05-06,2024-01-01 00:00:00,2024-01-01
ef023332-c03a-4f69-892e-ae6c4b3e6080,19c72da8-7067-482f-850a-3d543cdd8dd5,fa1d0eea-c721-4047-9738-8c67a6a0bccd,4,1,4,9,2019-06-21,2024-01-01 00:00:00,2024-01-01
b658b678-1e80-4894-81c5-60b05794f9f1,d88a14c6-a737-4491-8959-e2028679a931,34943a3f-75c0-424a-a27e-89714269da45,5,13,2,10,2020-02-11,2024-01-01 00:00:00,2024-01-01
291a109e-e44b-483e-a58c-15514b841592,190d0cd6-a08e-48b9-a5b8-26af98094c61,17276d3c-a5c5-44c4-bcd9-8fb9341a88ca,1,9,4,8,2023-03-10,2024-01-01 00:00:00,2024-01-01
5869e133-0a36-492a-a6aa-0383b81f692e,fda197b8-e45c-42a8-ae99-c1e83ac1c7e4,a820e556-c90a-47c0-af29-f60ca8d22e08,3,14,9,1,2020-12-19,2024-01-01 00:00:00,2024-01-01
682a0562-a1ec-4546-9230-da850d94d554,f276b0a7-314e-47bb-96f2-7e3b343f85e5,698c485c-a3d2-4d4e-a084-fb3988b3d986,4,2,1,1,2022-03-05,2024-01-01 00:00:00,2024-01-01
234b7a1b-cbb4-4848-92c5-74e3083f9293,2cccde9d-e2e6-4bb4-9a6d-6d6e3112ed30,fb196124-3f62-4741-8b92-6d48e5001c61,1,5,5,9,2020-01-09,2024-01-01 00:00:00,2024-01-01
8d617980-46f6-46bf-a75f-0960e2399578,1616e861-95b6-487a-ba38-b54201aaca36,57ae4cdb-5481-4954-b336-5912b1b3653a,1,5,0,3,2022-07-07,2024-01-01 00:00:00,2024-01-01
bd77d274-c6a8-416f-9cda-5132fc50f161,75b9768b-e4b8-4686-861b-4c0a57c744fd,78312951-58cb-4114-b4ec-1c62fb9f5e8f,4,2,3,4,2022-07-30,2024-01-01 00:00:00,2024-01-01
5b9409f3-8509-4f6f-a154-4deb9470f5b6,4e9d76d3-7e6a-405e-809d-e5e534c887d5,af768449-2096-4f00-b3a0-2f104c7c0182,2,4,4,0,2023-09-11,2024-01-01 00:00:00,2024-01-01
c26d6971-0efb-40eb-af6c-946666cc5fd3,c7963fbe-759e-4061-983c-000e474e132e,7a7b7d9e-e75c-48d9-ad80-4b13675af47d,3,5,4,2,2021-02-15,2024-01-01 00:00:00,2024-01-01
1a5ebd54-cade-4bd0-b212-10c20af6a967,8c8c689e-d0b3-4073-8727-9087badd5ace,17803607-22cb-4c44-924d-744803b07c79,4,7,3,4,2022-03-03,2024-01-01 00:00:00,2024-01-01
ea967c3c-51ca-4d26-aed7-b75f16e70534,2ee07058-ab57-4f7d-8386-52ee20650e92,667d37a6-10e6-407e-a874-e77d875ba1f9,3,8,7,4,2020-02-13,2024-01-01 00:00:00,2024-01-01
d0290d12-6ded-4e32-b93a-6b198b3a8da7,c4c791f5-2d2a-41ce-9d42-303b7db80a7f,d80fe7d5-83ae-4413-8c4a-0e4285fd0bfe,3,18,5,5,2019-07-09,2024-01-01 00:00:00,2024-01-01
10cc4b2d-1d8b-43fb-bbbd-5167c9605c3e,07a8cf03-e27f-4af5-aa4d-44f8374b715d,74131f6e-f541-48f8-b0f1-0ea715749268,5,14,10,10,2023-05-01,2024-01-01 00:00:00,2024-01-01
2024e906-ec00-4b99-b01a-b4faf675f57c,4b800b9b-e00b-4e47-a31e-2d6993be6a3e,f9f9c0af-5ea4-4402-98b2-b32c39f3f107,1,18,6,2,2023-08-31,2024-01-01 00:00:00,2024-01-01
8fdc1c0d-931e-443f-aefe-3f1debf093b1,731e79ce-a3d5-48d1-a26a-bc499cc46ee8,cddb1832-8422-4468-ad72-0b4a782f2278,2,13,5,10,2022-01-06,2024-01-01 00:00:00,2024-01-01
6b880acb-ace9-48f0-8bf4-2299f96ed12f,5e3c770c-7118-4777-a845-5f5b74ac3ba2,143f33fe-1773-4762-ba69-036c875909eb,3,6,5,8,2023-07-19,2024-01-01 00:00:00,2024-01-01
ce060433-0b8f-4520-8940-ba09553e2e4b,6bdb753f-8630-47fc-a8c8-7c11816f0bea,5d34ee55-9636-4b86-a473-7aaedbd3b76e,3,2,8,3,2022-02-03,2024-01-01 00:00:00,2024-01-01
9c46af2b-58db-4d77-a2a6-c9e71b09f419,cd65fba3-b036-45b9-b1e9-665f6974de20,45404c8c-fd4f-4d15-903b-91b5c05b0375,4,8,0,1,2020-06-12,2024-01-01 00:00:00,2024-01-01
89c386a2-0e0b-46ec-a682-e3d94f3cd4ab,751f50b1-b455-4360-becf-8d63801f7f6f,519bfb38-3676-4d96-9ab2-edb60603b77e,2,15,2,7,2021-11-24,2024-01-01 00:00:00,2024-01-01
9e936860-87b2-490f-a461-798da40b7f34,ffb434e7-cac4-4a4b-88fb-1fc43ea579f6,98724ab7-5e21-4910-8c91-2b38879fbca5,3,18,6,10,2022-04-16,2024-01-01 00:00:00,2024-01-01
48176151-04a3-4458-a7d0-297d4aa5d08d,06e75cf3-723e-4591-bfdf-192544eefc5a,571c636f-7a4a-4ac6-a7c6-d247fedb83c2,1,10,1,10,2022-04-20,2024-01-01 00:00:00,2024-01-01
cf39672b-933c-4c35-aada-390ef4240d7c,259944cb-8fc6-4749-9c2d-ab68750d548f,a8c25bcf-82b8-4319-b1e5-589272d55207,1,5,6,7,2021-01-04,2024-01-01 00:00:00,2024-01-01
6ccb7337-e649-40d0-bead-2d5b880d9442,29280278-3f61-45a0-af7d-18c99af1ad06,f3aecb8f-f8b9-406a-82a5-1f464e1c4e63,1,5,5,4,2020-11-16,2024-01-01 00:00:00,2024-01-01
0cbc9482-301e-4330-bd60-581e2ef59190,1f483822-8606-4106-b35b-b834a14af58a,71e26478-1b8b-42c6-9d73-9790ed1ca341,5,5,0,7,2019-11-30,2024-01-01 00:00:00,2024-01-01
0d7cab0a-3681-40ee-9f4d-890ce2b25e81,b776b9ec-6366-4929-94e6-c545067c6dd1,44444b0d-5b0a-407c-a8be-8eef20b13052,4,18,9,6,2023-07-16,2024-01-01 00:00:00,2024-01-01
98c8a5c2-589d-46f4-bb50-321073e775d2,4f695639-7490-402e-960e-237335f44cbd,f683fafe-1a26-478a-9f5a-38aae47e84b4,4,7,4,5,2023-02-05,2024-01-01 00:00:00,2024-01-01
8fd4c7f1-7274-4892-946a-9b88cdb108bc,feb2653d-c3b7-40bd-9990-2c5cf02b0128,f3aecb8f-f8b9-406a-82a5-1f464e1c4e63,4,12,4,0,2022-05-15,2024-01-01 00:00:00,2024-01-01
56247752-1342-4b4a-9583-2515cf2ce5ff,fa4dd180-6a25-4825-b6c9-ed24ff5b0e95,735e3307-b6b1-4147-9929-224858ae60ea,5,3,6,6,2023-12-02,2024-01-01 00:00:00,2024-01-01
c023528a-9183-47af-9258-21b80842f09d,a269a65a-d79f-4edc-9385-10edf494ee21,a4e34d9b-0a0d-46a2-9d9e-c7314cb0b44c,5,12,9,0,2023-05-05,2024-01-01 00:00:00,2024-01-01
9356dd96-6029-492f-9e46-9aca28976d63,46e4a917-0d22-40e1-9dd5-d0dc785f7d89,1fd92115-7d53-4da3-a45c-11dc09664fa6,2,9,9,8,2019-12-02,2024-01-01 00:00:00,2024-01-01
ac18cbf9-7155-428d-8339-97b63ff5db35,5dc39bf6-10f1-4beb-ab0d-592a46d5563d,2cca2c71-8879-4dd7-8c3e-2a9d62eba8e8,5,4,2,10,2020-02-11,2024-01-01 00:00:00,2024-01-01
9c8905d0-4f9a-4a8f-a39b-bfd80dcdb2f8,cafa4882-92d6-4cab-8f5a-44c1bae2422a,17578591-6f2f-4ce8-ad20-b56a113288b2,1,2,4,2,2020-11-13,2024-01-01 00:00:00,2024-01-01
9e734cfb-788c-48fa-b81d-0838bdb70514,6b37e9de-524c-4246-97cc-1ed6974acd4d,5da3fa31-83a7-4145-859c-0d3fa0770ac4,4,12,2,7,2023-06-30,2024-01-01 00:00:00,2024-01-01
f3908ee2-f23e-438f-8d1d-5029d0f8135b,cf52e783-a6c4-40cb-8bd5-140f48c3d428,519bfb38-3676-4d96-9ab2-edb60603b77e,2,6,2,4,2019-01-02,2024-01-01 00:00:00,2024-01-01
4bedb3b8-0315-46b2-ab4b-de075b292590,4f3f8901-37ec-4bbe-9675-a918a20510ce,974e368f-0337-4cb7-bfea-024151bc4b40,2,7,3,6,2020-09-21,2024-01-01 00:00:00,2024-01-01
42647881-c157-435a-82cc-19bad4e4e801,ba6fe8ca-83b5-4bfd-8658-e742ba9a0f3e,d463fafa-7d15-4981-8b7e-9bcb112f286d,2,4,10,8,2019-07-04,2024-01-01 00:00:00,2024-01-01
a75f9eda-cce4-4a10-998d-441be17fed2b,ebb06024-47ee-426c-bdbc-79772552ff8a,4ea1929e-fb62-497a-b376-f1ffee3f4867,3,0,7,2,2023-09-28,2024-01-01 00:00:00,2024-01-01
7cc4614e-c386-4fbf-932e-d5460d291799,f2388e91-f81d-4e04-93cb-50735ad64438,47a65899-78bd-48cb-9e37-fc6c234729ae,4,17,10,6,2020-12-06,2024-01-01 00:00:00,2024-01-01
70d67914-1de6-4b3a-ad82-644a2e382c20,0a6b8daa-300c-40c3-b6e4-e2f0e30e5340,1ae0421e-b20f-4a4e-bb4a-8c5a792fae42,4,12,7,3,2022-12-02,2024-01-01 00:00:00,2024-01-01
9e4171f3-c899-4224-804d-2dcfd9baba77,10771df4-fb2b-4daf-859b-6ead6e2ec95e,162f75bc-b2ed-40ce-a26e-981ea18f28c0,1,12,2,5,2023-04-12,2024-01-01 00:00:00,2024-01-01
c5cc46e1-1bbe-4dbb-9087-7a5ead429c8a,c0482c0e-94d9-4ef5-b1c3-cce8cfa7324f,23a41a82-aaeb-4cbc-a3da-56c530260b62,2,12,5,4,2023-04-12,2024-01-01 00:00:00,2024-01-01
7024116a-0104-4ac3-a3c8-70f16f8a00ee,fec0cb40-a378-4187-b08b-026e1256f9aa,05d53705-6b97-4966-95a7-34b64c31de69,4,19,6,8,2023-08-06,2024-01-01 00:00:00,2024-01-01
ad5b7a49-8cc9-4fc0-9835-908bab00ab06,e221effa-59ae-4295-81bf-cd840b7bd5e2,5da3fa31-83a7-4145-859c-0d3fa0770ac4,4,18,0,3,2019-05-27,2024-01-01 00:00:00,2024-01-01
252e6421-3f04-4525-ae4c-03b50a23bea1,8053971e-dddd-4452-be14-9d83d56d96d1,685a72a1-81ff-4c14-8ef4-776b03c7ecc5,2,11,5,5,2022-05-31,2024-01-01 00:00:00,2024-01-01
9441686b-889c-486b-9321-75a9a20637c3,ae9d4b64-305e-49b8-a229-cff4dfd3c7da,ce0b6f95-c730-496a-a07a-8384d42befb9,1,19,9,6,2021-10-23,2024-01-01 00:00:00,2024-01-01
3fb3ad19-19a0-4612-b13b-ff19a4fa1ce0,3cbf83b3-0890-4f01-b4aa-ef655f71a01b,bd2d0caf-ea73-48cb-b440-8e605014b711,2,4,7,3,2019-06-08,2024-01-01 00:00:00,2024-01-01
31ac1def-9e4a-440b-94b3-c5380f432d4e,27e3b6b9-10d1-4018-bb13-b85eb9df5982,1ae0421e-b20f-4a4e-bb4a-8c5a792fae42,3,13,1,5,2019-04-01,2024-01-01 00:00:00,2024-01-01
8db7086a-997b-4cf9-9475-bdaed3ce6a8b,c1c49d4c-12c9-4caf-8f55-9555c44ec175,7dc7578d-6c47-49be-92dd-63a8e617233c,2,13,2,4,2021-02-25,2024-01-01 00:00:00,2024-01-01
a6259034-1bc7-4caa-8c89-37d7971c40f4,e07cb11b-062c-44d1-b46b-8809579e7e42,9cd072bf-530a-47fc-8e8f-2f08787a39bb,4,1,4,6,2020-09-29,2024-01-01 00:00:00,2024-01-01
6203d279-87cb-4d30-9daf-fb9bd6deeb44,7b9826a1-8830-4cc9-ba9b-8a8c78f519b3,0306d001-3725-47dd-93af-046c8d337d2f,4,16,1,7,2020-01-03,2024-01-01 00:00:00,2024-01-01
0d5bb382-6566-47a3-a65c-eb7c659f2c95,a4667d1e-13fb-444a-86ce-2ecc37ab416b,5d12e724-cb1e-4fa2-8a4b-7233cc8fe6ec,3,3,10,6,2023-07-10,2024-01-01 00:00:00,2024-01-01
26e9de71-eac7-4aac-9878-521b098104a6,b25e572d-1832-4242-bbee-c2f02bee5ed1,137d4ec0-94bc-4552-ad59-f16b7a6efd21,1,5,5,2,2023-07-04,2024-01-01 00:00:00,2024-01-01
c4126c4e-1b11-4934-b952-5d1e85c1463b,e93ca747-6b47-4b21-9cf0-2a8baa4dea45,739a8dc0-12af-4987-bee4-bf7d353d0719,4,14,0,7,2022-03-22,2024-01-01 00:00:00,2024-01-01
ab9fcaca-2f53-434b-a5c6-64f0225c12b4,ae41c644-055b-4833-8b48-389648153468,b593d8ce-bfc5-49d2-b748-7f420e2ce0e0,4,13,0,4,2022-09-01,2024-01-01 00:00:00,2024-01-01
f5d9dcb3-d87e-4f66-9487-d6d86e3abb80,4a29897e-f74f-4b15-887e-e4a35f14f07e,185e7502-135f-4aa2-aac7-26d0f0eed2cc,1,19,7,8,2021-05-20,2024-01-01 00:00:00,2024-01-01
80f9f8c3-3c77-44c8-8e98-ea43b593fce8,7e4a94a1-6dce-441a-9e30-1f6ee47a90a2,d73ccab7-2d4e-4348-b9ff-12190ffc4d68,4,10,8,5,2021-02-02,2024-01-01 00:00:00,2024-01-01
97dfc0fc-3437-4e24-bd84-94d28d7d09b7,3e68fd73-e52e-49a6-bef5-18aff6025bc7,45d7ea24-c950-49db-a864-e2d30c0d5168,2,13,8,6,2019-08-17,2024-01-01 00:00:00,2024-01-01
c25baacb-ceaa-441c-b71e-60614d1aea58,3b7048d2-131b-4801-815d-f3db457c2e9d,05d53705-6b97-4966-95a7-34b64c31de69,1,4,0,5,2023-11-18,2024-01-01 00:00:00,2024-01-01
bae34b2a-161e-49bd-8699-fb89786c6e44,1b77b576-b119-4d09-a540-b9603cc25aa7,4f37f760-e528-4e48-bb95-14c54d9a2102,3,6,8,9,2022-12-20,2024-01-01 00:00:00,2024-01-01
57f1bc2b-a29c-4f90-b2f7-b0e32884096c,fb9de5b1-29b8-47b2-8256-4683b31d25e8,725be64e-ff35-41a3-86cc-b701274c1867,4,13,0,7,2023-01-30,2024-01-01 00:00:00,2024-01-01
b1317e1c-1e12-4f66-9590-bd621865bfff,a61b56b5-e81b-44c9-902b-926d5b33429f,ead94ea1-c900-466e-9a0d-0f4c131b4331,1,15,7,5,2020-07-30,2024-01-01 00:00:00,2024-01-01
c6f18998-b7e4-4a0d-8e8b-55191567a31c,d0004eb5-6ffd-48e6-8f8f-3e843d0f6a9d,5203a9a4-29dc-4a72-a571-35129e619f51,5,11,4,6,2019-04-13,2024-01-01 00:00:00,2024-01-01
17d6dcb5-eee0-4a37-a1f0-aa26618a72a9,219e5887-caa5-496e-b467-f43d678ca15e,05d53705-6b97-4966-95a7-34b64c31de69,3,0,8,4,2020-11-22,2024-01-01 00:00:00,2024-01-01
a193d5ff-583f-4bc6-855d-fd7d574d8812,09a0ae77-d141-43c7-a9e0-027115821635,ddc37b46-61eb-46d4-ab20-d0103947c438,3,13,0,7,2020-01-02,2024-01-01 00:00:00,2024-01-01
8000215a-819e-49ee-9359-32622e78ab05,619f99dd-d92b-4847-b962-80c429e7f438,f1488b3f-9fa5-4679-a614-71f573583cdd,1,19,1,5,2020-10-26,2024-01-01 00:00:00,2024-01-01
d1cfb33f-f851-4599-95ab-5b7f742717af,1148d24e-d4d7-4039-bda0-64f92b46e7d4,e642b2cf-beb5-4842-8a40-ff302c3dea85,5,12,3,2,2023-02-07,2024-01-01 00:00:00,2024-01-01
f9ecd145-6c99-4e4d-b259-bb670e254e1c,89c48aa7-1424-40f8-9eec-b58dde944ead,0fe62ad4-3335-466e-b454-54daa2898258,1,4,2,10,2019-06-22,2024-01-01 00:00:00,2024-01-01
e202596a-d392-45de-8d07-85759531e144,8462cac2-7377-453f-b186-1396658dfc6d,c987c1d4-4420-48d0-87bf-7d5332046300,3,11,7,9,2021-10-07,2024-01-01 00:00:00,2024-01-01
7ecca09d-b3ca-4df1-9d5b-804fff8966c4,b8d808e7-6498-46eb-822c-76a8cc598535,0fe86db3-0ef9-46f3-bdd2-e7a9cee1eaf2,5,18,7,0,2020-05-14,2024-01-01 00:00:00,2024-01-01
f150e1e8-0d29-43d8-8511-b39349a215e9,61570c98-fe3a-4cff-ad4e-f5f58e14503f,6683db8b-bf0e-4904-a49d-c15c6cda38c7,3,1,2,9,2019-06-06,2024-01-01 00:00:00,2024-01-01
689dac3a-21ab-4ac0-aaa5-a639553fef01,e38fb9e5-81c1-4dc1-ae6d-e720adb64a0a,7bd9faf9-ba67-4110-af10-8fd6782127f8,1,12,8,1,2023-01-22,2024-01-01 00:00:00,2024-01-01
a88bbb2a-053d-4055-b6e0-8b316c29b426,8b06e40b-c092-47bd-958e-7abaf80a2ae1,0d881a76-5b77-46a0-b263-b852fb91039c,3,13,6,0,2020-11-22,2024-01-01 00:00:00,2024-01-01
2df82edc-1378-4bda-a36c-760db68e174a,7ae430a1-b159-4558-baf3-6133ab363e5f,437c8e55-9887-4067-ad65-c7077711951c,3,20,1,6,2020-01-12,2024-01-01 00:00:00,2024-01-01
e9ab9ff8-0019-4437-8e05-dcd9227b0c45,1e216c8b-81e1-4012-ae84-fadc25cbbbab,54073c9a-d5d8-4c8c-b6b2-4334ffa3652e,2,18,4,4,2019-08-27,2024-01-01 00:00:00,2024-01-01
e38172c9-6910-40be-9f3a-1d5b4f773a21,b3af7f7a-35d9-4231-b787-51b841bd43f6,1ec056da-114f-4842-af22-25ee69039a38,5,7,0,5,2022-06-14,2024-01-01 00:00:00,2024-01-01
5a395b44-0b04-42a4-b542-ca589a1deed1,44375d8e-f1af-4751-87a3-6879bd5efed3,cb22d79c-9cd7-4ebe-a15a-6a9c3fb34123,2,13,4,2,2022-03-20,2024-01-01 00:00:00,2024-01-01
ebb2b879-2d7c-4de2-a4cd-be0949bc3985,960dc322-590d-442e-85e8-6ff016aa9266,a0193e2c-8fac-4f96-b87b-b3dbb309bef1,1,19,6,2,2020-07-20,2024-01-01 00:00:00,2024-01-01
240498c2-86b0-4746-a2d8-92d0b50e918a,e3d83c12-33b9-4698-b5fd-afdafdcd53e4,8d6971cf-dae1-46db-836a-9e040806a36c,3,0,6,3,2022-10-20,2024-01-01 00:00:00,2024-01-01
f478243e-e37d-47c7-b276-9e186eb6d988,128a5f4d-3b4a-410b-9672-b2e4f78f8398,fb2687f9-3e9a-406e-a8b1-b33067bdbb70,4,4,4,4,2019-02-08,2024-01-01 00:00:00,2024-01-01
86fbf8a2-44f8-4392-9202-13aaac2e5bdf,5244ef3a-2a7b-4fd1-b203-c91f85bd9eb8,7c370196-e467-4102-be70-deb73cbca2c3,3,3,3,3,2021-08-05,2024-01-01 00:00:00,2024-01-01
1f329638-87e3-4c6f-a012-2a9f42bd91cf,40bb4350-0eff-4ad4-b35d-e2398b0115e5,15126595-ddb9-4291-9946-5b29f8108d8f,3,7,1,9,2019-02-07,2024-01-01 00:00:00,2024-01-01
46363061-73d4-4c19-8831-b41dad28717a,db45b8fb-dc10-4e0a-b504-5d4cfa6e188d,c240c790-3b92-4d03-8e5e-1337dc1f1358,5,14,9,6,2020-08-12,2024-01-01 00:00:00,2024-01-01
cbbdf17c-d827-4b08-b1ae-29255cdd0dc2,276bff82-d0cc-4e9e-bcc3-6ff22b71368a,4815c1f5-d4da-45ce-b56e-107a488864d4,3,17,6,7,2022-07-24,2024-01-01 00:00:00,2024-01-01
6a7ee53d-1801-471c-9d96-1cf7b127db6c,3e2e8745-8488-43c2-8800-36094812b436,80ea4b1f-ac5d-4950-a3b0-0c2e9adf5140,3,10,5,5,2022-02-16,2024-01-01 00:00:00,2024-01-01
fea4c795-8898-4dd8-868c-617cd4551967,c834132c-8fd2-4747-8308-90c127ee6a97,dff763bc-ff5b-48d3-a61f-ec960f923841,2,14,7,3,2023-08-12,2024-01-01 00:00:00,2024-01-01
6da3d084-092e-4668-901f-4352a15d8607,4faa5e80-d0a6-49b0-8aa5-d95c8e91cc81,6fce7ef5-ee43-4bdb-90de-d63a0361ff25,2,12,4,6,2021-12-26,2024-01-01 00:00:00,2024-01-01
84dabc17-3c5d-42d7-b4b9-9fab01eaadd3,6b1a4f0c-08f3-4396-8fb9-d7b8562a4cd8,aaac741f-a52f-4733-a964-8c86c6d69c6d,5,2,10,7,2019-03-08,2024-01-01 00:00:00,2024-01-01
85efefe3-35bc-45e3-a16b-befd23be579f,b55085e0-17a6-4633-ba3e-c6a353aecc51,47d943aa-5d75-4e6e-8867-4efa9c390aaa,1,6,8,5,2022-02-23,2024-01-01 00:00:00,2024-01-01
3bf438e4-ea3b-430d-af39-fade1229df26,a15614d5-d47c-4229-83b7-6ab5d5e936b1,df3e2096-a6af-4737-9d81-b254e45425e0,3,14,10,7,2020-09-14,2024-01-01 00:00:00,2024-01-01
701edc3c-53e3-4263-a6f6-3c2db2f2df58,8817787b-7fec-423c-a503-2b453e156669,06bdb1fb-5584-44c3-b60e-ba9d730a9ff5,5,18,2,9,2019-03-02,2024-01-01 00:00:00,2024-01-01
84e67ab0-3761-46e8-b04e-f802592b11ac,99e402de-5d31-4cf8-aa5d-09493e9e536d,10b9b9a3-b3e2-47dc-b449-4a4592513e37,4,13,0,4,2020-12-21,2024-01-01 00:00:00,2024-01-01
b006effe-246a-4115-ac72-90541929e1d4,dea1da1b-6ad6-42e9-be17-3e5457a5884f,ca4392e8-1de6-42bc-bcf6-5b94993d86c1,4,7,6,8,2022-02-13,2024-01-01 00:00:00,2024-01-01
30c3876f-589e-4f09-b57f-92cf14b0743b,6e1baff4-6b83-45e0-a889-9d6ddb98e575,ad6498b7-1091-4c58-a2a6-649cf753ffc0,5,3,1,6,2019-09-27,2024-01-01 00:00:00,2024-01-01
57ee0153-d675-44a0-a40c-6b7417830850,1e39f0e7-acbc-440d-acfe-fea42337a268,1ae0421e-b20f-4a4e-bb4a-8c5a792fae42,1,18,4,2,2020-03-23,2024-01-01 00:00:00,2024-01-01
d4ccd7fd-6e8b-434e-a090-fa9c94f58169,eb0c21b7-65fd-4c80-83b5-826977dbfd5e,046f62a1-a2f7-406e-8c45-b4bab6917922,4,17,6,5,2023-11-07,2024-01-01 00:00:00,2024-01-01
2e5e9d93-62dd-45b6-8f1a-13876e1c41ed,db181118-4f69-4b9f-899c-92d9588dda3d,45404c8c-fd4f-4d15-903b-91b5c05b0375,4,19,4,5,2023-03-19,2024-01-01 00:00:00,2024-01-01
f61526e8-b91b-44d7-8e56-ef2a0ddaaaab,ea93acd4-37c4-4209-b4b5-4ac0c0bbef8e,0f115cef-22dd-491e-bfcd-50da19e6280b,1,20,10,5,2023-04-27,2024-01-01 00:00:00,2024-01-01
9a30fbc6-ec8f-4c8e-a29a-42fca48f58c7,2a1624c0-8760-4ccf-bae2-3eab2b2a3b57,f3e3ebe3-029a-424d-8e46-d1cabd507128,5,12,3,6,2021-10-25,2024-01-01 00:00:00,2024-01-01
6f57f6fd-ffd2-4e88-a386-54608cbd8003,b9323a00-6beb-49e3-a87c-371dbc61f131,d4f28bee-2d99-477e-bed0-8afb23cc957e,4,9,7,2,2021-10-10,2024-01-01 00:00:00,2024-01-01
2ffc4cc6-0b61-4941-b9b3-ce36ac44887f,9de8c544-8568-461b-be7c-5ac024136dc1,667d37a6-10e6-407e-a874-e77d875ba1f9,4,9,0,8,2023-11-24,2024-01-01 00:00:00,2024-01-01
5004cc3b-bbde-4bfb-a15e-74bcae26bcd9,030e86ec-4d56-4aed-bb85-ea1c6a597efa,b4518080-60ea-4798-86bc-d3b1ae7c352b,4,20,2,10,2023-08-27,2024-01-01 00:00:00,2024-01-01
fa9b3799-1e18-4f2b-a2a8-220c459af790,63454154-ca7e-4ab2-b053-8a157fd7a3a9,85d3b40f-036a-495f-8040-6d1775cd5db3,5,20,6,6,2019-07-21,2024-01-01 00:00:00,2024-01-01
9013243f-6383-4ed4-a17e-f52452191f75,217d77a8-b846-4f05-a16b-f54d3abc46a1,f3aab638-34fe-42e7-bb13-82c8fb296808,1,19,3,2,2021-04-20,2024-01-01 00:00:00,2024-01-01
26aa8ad8-96f5-46c2-8191-4f6faeea32bf,ded3663f-afc3-4d5f-812a-09d546e108ad,fee34432-a4d3-41dd-8215-d2135245a4ee,5,2,9,9,2022-06-02,2024-01-01 00:00:00,2024-01-01
c2fb9764-5db0-4eae-8d04-3d11ac94db38,464635ab-f3a4-4eca-a5be-5fcc4acc12ee,9d2b2485-e78c-466a-bb21-b72d1ffd405a,1,10,9,3,2023-02-08,2024-01-01 00:00:00,2024-01-01
2b5eabfc-48e4-4988-94dc-6fdfbf0101a6,0b655449-b577-401e-96c8-83b39f052b28,cddb1832-8422-4468-ad72-0b4a782f2278,4,2,5,0,2019-12-07,2024-01-01 00:00:00,2024-01-01
682a0973-8c72-461d-940a-912d8d8546ef,41ada63a-28c2-43b6-b7de-14f411cfb174,1542e8ac-6618-4f26-be85-1a7276b22a4b,4,17,8,3,2023-03-02,2024-01-01 00:00:00,2024-01-01
83c43a99-f38d-4ce8-9e97-0651c6a6d913,4879a64a-7f3f-4015-8ecb-3e8d5c338adf,c0d8692a-0e8c-43dc-9470-88c60fa6f487,2,14,5,3,2023-10-08,2024-01-01 00:00:00,2024-01-01
4ff08728-439c-4416-8058-4b5d6c4b53d9,025f7e07-1b88-4c5e-ba5c-7d30ee426a25,2bd1bd50-cdb3-4fe9-a67a-335aea386b7d,2,10,2,4,2019-12-25,2024-01-01 00:00:00,2024-01-01
1ce99ae1-6c28-4894-bd32-96e599f2c7c5,ccbadd25-0308-4130-b980-a014bdec1040,fa9b92d0-1ba3-4b48-9147-edcc511ecf01,1,6,9,7,2019-05-13,2024-01-01 00:00:00,2024-01-01
d7c2b4f5-5a5b-4bb2-9138-eae78f6a55cd,d96f2fad-fa00-4c09-a3ec-80ce0e93126e,0ad16284-7dad-469c-81c6-08e7988e4581,5,14,3,2,2021-07-29,2024-01-01 00:00:00,2024-01-01
89e5bf1d-d787-4e8e-9c8d-e03f0807ac2a,484c9e79-5d11-4a80-882e-6904bf994181,a0193e2c-8fac-4f96-b87b-b3dbb309bef1,1,19,5,2,2021-08-02,2024-01-01 00:00:00,2024-01-01
d669a551-0671-4106-9f76-494e7925bbbc,94779424-737f-4bd2-a29c-c658bbd4b2b9,07e5b557-841f-4555-ae9d-a926caafb32a,1,0,0,10,2020-05-16,2024-01-01 00:00:00,2024-01-01
6b44a4ea-78d6-4500-8fe1-775a3453e6af,af83e1ec-8223-4568-9910-44b3de089ee2,630f6ee2-4357-4798-b435-386ea8a00d80,5,15,6,1,2022-10-18,2024-01-01 00:00:00,2024-01-01
2da2f11a-8471-445d-beb1-21fcd8aae837,d9f85e72-1259-4347-ab80-e9ec3706728b,89cda53c-2180-42c9-8e90-1403a0256776,3,17,1,9,2023-05-23,2024-01-01 00:00:00,2024-01-01
f9fe33ca-35df-41a6-935c-6f26fa7825bf,8dac0bd3-8c58-41f7-a5a6-027ce9e1bab4,0fe62ad4-3335-466e-b454-54daa2898258,1,14,7,0,2022-08-18,2024-01-01 00:00:00,2024-01-01
a6102b05-5f98-4987-88fd-8476c57c24ef,9c51543b-5d26-4ec0-b284-75d85a2dab70,6c39ea13-ac4e-4ce2-84a6-5801fdce5481,4,1,5,6,2020-08-22,2024-01-01 00:00:00,2024-01-01
5f664816-07da-40f3-af00-2525913ce289,d9d27086-bba6-477f-a492-9290d0e661e4,0d881a76-5b77-46a0-b263-b852fb91039c,5,20,10,7,2023-01-07,2024-01-01 00:00:00,2024-01-01
1e83195a-591a-4d6b-b242-6931bb190ca4,c8ffa838-5cc2-43f4-96f0-437d92af5658,17578591-6f2f-4ce8-ad20-b56a113288b2,1,3,2,4,2021-05-27,2024-01-01 00:00:00,2024-01-01
8388b75e-4b5c-473a-97b5-3f8e42261d38,fd7ebd7a-fc53-4662-87bc-936f1116c632,030feb28-36e3-4593-8d5c-c8d42af61ec0,5,3,2,5,2023-04-02,2024-01-01 00:00:00,2024-01-01
3f39380e-67e2-43c7-ad1e-71e5b3ee77ad,79765b6f-c5d3-4f85-b87c-83391b20f0c0,be7267ea-8018-4b14-ba5c-cfcb66781462,3,4,3,7,2021-04-25,2024-01-01 00:00:00,2024-01-01
87a79836-1d6e-4423-a27d-49ad0d8bbce3,e3738931-6e33-4522-9e10-96f5d9641796,5847e485-edad-42be-8aa8-c1915e7c0a45,1,10,10,1,2020-03-06,2024-01-01 00:00:00,2024-01-01
93c713fc-ddd7-4478-8fdb-a859762b6beb,77b3c1e1-555d-4684-83e7-3d6a3e4f58fe,86e0ac77-a519-4936-bcb8-a02a31099e7b,4,7,4,5,2021-07-27,2024-01-01 00:00:00,2024-01-01
0caa7d3c-b9a9-4648-bf9f-d49aa29b3b38,d6bfd5cb-cb64-4be2-a1d0-ec64cb46767c,34943a3f-75c0-424a-a27e-89714269da45,4,10,7,4,2020-08-27,2024-01-01 00:00:00,2024-01-01
64c19d51-b423-4df4-8d2b-882d330d8c57,df474078-fade-4fb0-a948-3af73df44a44,5dcb279c-8c21-4c39-93d8-3b753eef2167,5,1,2,2,2022-03-09,2024-01-01 00:00:00,2024-01-01
e9bb2e4e-0e49-49b7-af2b-8624785153f0,1810d706-8273-4eb9-9c5d-b8df1d861442,99efa319-16a0-466f-9da7-67892c533f4e,1,7,5,9,2021-12-04,2024-01-01 00:00:00,2024-01-01
5d2dc272-3b79-420b-937a-5db84830d0a1,cea8c4de-431a-4726-aedc-85f19b3a850a,ef42be3b-52c9-4d67-aa60-aeed0338830b,3,9,2,9,2021-01-12,2024-01-01 00:00:00,2024-01-01
70f4b00c-a3c5-484b-ba7b-3d3556fe5997,ca15412b-b612-41b5-be4d-9f3494d2f5a4,0762ea53-2381-4782-a60c-891142c4b1e7,4,14,10,4,2022-07-22,2024-01-01 00:00:00,2024-01-01
9f2467f7-b5d4-4ccb-8586-2cf011d0d50c,69660068-9ee3-4a4c-8166-8ff860f880e1,ca4392e8-1de6-42bc-bcf6-5b94993d86c1,2,4,9,4,2019-11-13,2024-01-01 00:00:00,2024-01-01
2f03875c-d00a-4213-b20f-d9b1410b3d77,757cfd81-ca53-4fce-a0d1-bf6c8497cbe1,85d3b40f-036a-495f-8040-6d1775cd5db3,3,20,3,0,2023-10-26,2024-01-01 00:00:00,2024-01-01
af6540ff-e256-4b7c-a80b-2d01a1b052c7,ff444eaa-5b9e-4cc4-b189-77aaa079b6c3,1ae0421e-b20f-4a4e-bb4a-8c5a792fae42,5,9,2,9,2023-10-09,2024-01-01 00:00:00,2024-01-01
bba2a01e-bf08-4c0c-825c-e9089b9ca96a,b87ad356-5409-4a9a-b0ae-aefc9a3b03c7,185e7502-135f-4aa2-aac7-26d0f0eed2cc,3,16,8,6,2019-01-25,2024-01-01 00:00:00,2024-01-01
4482a5ea-5429-4ce1-b827-0b008693e3e3,bde12ea7-788d-4c42-b80c-196b64a60d62,412d6b46-5df7-4846-b579-6afbac9ecb1e,2,11,10,2,2021-09-03,2024-01-01 00:00:00,2024-01-01
aee2d867-f24a-40e7-bc16-5c79a5953bc0,5164f7ee-c526-49b7-9cc1-2cb8ec5f1787,d06afe8f-b00f-4b3d-951b-dfc4f57cbee5,5,10,8,5,2022-04-17,2024-01-01 00:00:00,2024-01-01
c8a991ba-f88c-4a81-a783-29049ced2b08,13c543e4-46af-4e51-8bbd-85bf6d3b0fa7,f22170f9-0a9f-40c7-9f8e-6ed79578fb2c,4,20,2,8,2021-02-13,2024-01-01 00:00:00,2024-01-01
89e1802e-334b-4797-94b2-37652e23dfab,24d8fd7c-a715-41b3-bbdc-ebbe081b2787,c60084f3-f963-4262-b773-fd8f12808239,4,12,0,10,2021-09-14,2024-01-01 00:00:00,2024-01-01
35faa32f-d9e5-404c-91e8-758a64064553,1ade4ca4-d2e1-44f5-9013-34650d431957,87b5811c-faba-405f-ba49-e330d366173c,2,9,3,3,2019-05-13,2024-01-01 00:00:00,2024-01-01
221a58e3-e89e-4ea0-8a52-b273088f84f3,73af2fbc-31ee-40fa-ba94-8f49aed09686,82bb5172-cd94-4a25-aca8-42681ed0ca0e,5,3,10,3,2019-11-04,2024-01-01 00:00:00,2024-01-01
d5cde0b7-5df5-4751-9cd0-b4b755bd7789,d42f2d6c-bf08-46ab-a1fd-1214b89c9692,802e86de-f4e7-4a53-92a2-7ebe0a47df39,4,18,10,0,2020-12-31,2024-01-01 00:00:00,2024-01-01
0f17b5fe-8d6f-4cc7-aa36-2fb79c9acc58,ede58cf7-59b1-4560-8cdb-031d1520ad57,ca44b5d3-9aa4-421b-80b7-3be6127a9240,5,7,3,5,2023-09-17,2024-01-01 00:00:00,2024-01-01
12c799f3-748b-4eb7-90ea-b7a82293e2bb,19a63a4f-3c79-428a-8516-f71d0960746e,6ecee6f2-1238-4a29-9fd3-442f6ff0e1fe,4,20,1,5,2022-09-22,2024-01-01 00:00:00,2024-01-01
16dfe8e3-3300-4493-a00c-6e5f0c79ff7c,a4970e87-d77f-49fa-9ab6-c00f6b8ffb91,ea2cf0bb-53e1-48f6-bf8d-338ee7db84df,3,17,8,8,2021-11-05,2024-01-01 00:00:00,2024-01-01
fc6984b5-3e72-4514-a7b2-6e06ab14fb5e,2d05b356-d120-4995-ae11-12c4229eb332,9ba8e8ff-bbfd-4dfb-be8f-8a129cb40913,1,14,9,8,2023-11-23,2024-01-01 00:00:00,2024-01-01
824cb527-f7da-49ee-9237-586291515c93,1e6e0727-0403-4af7-b1a4-80cc71d3be90,0ad16284-7dad-469c-81c6-08e7988e4581,3,5,10,3,2020-05-22,2024-01-01 00:00:00,2024-01-01
dc8c11b2-c349-49a6-acd9-611ea644bf8b,f3f9c548-045e-48a5-8ba9-8df810f31019,c47863ba-9eea-4d54-a20f-a8151df391ab,4,5,0,9,2020-04-12,2024-01-01 00:00:00,2024-01-01
d2d092cf-c2ad-4c13-b6bd-8293bc4d37f5,68d9db07-dbd5-4a31-b8d4-7faf202f5d36,2346b719-adb0-49bc-a14e-4407cf1a3a9f,3,2,3,1,2020-06-28,2024-01-01 00:00:00,2024-01-01
87969990-956f-494d-a536-30329c1c77d5,a32193f4-82f0-457d-a7fe-0a642ecab35e,bf5722b9-c754-45bd-a502-a5d56c8ab316,3,1,3,3,2019-09-29,2024-01-01 00:00:00,2024-01-01
b27249a1-653c-4be0-a041-bfd959a17b8d,8ff6389d-8c55-4535-a0bb-b532eb195af4,bf8c7d28-d8c1-496a-b37a-aa3a224942d3,5,15,7,1,2020-05-14,2024-01-01 00:00:00,2024-01-01
55a310ee-acfb-4db4-b922-c0794c157757,9f0488e3-7cf3-4a7a-90cd-794602506236,7a50e05e-c86f-47e7-8fb8-84259d236325,1,10,10,1,2022-01-04,2024-01-01 00:00:00,2024-01-01
445091aa-e917-44b4-89b2-19e7630a72ba,7c7cf97b-af47-4919-8644-1bbd3d1485a1,a8c37e51-9852-4670-bd66-3bea5c508b16,1,14,1,7,2020-02-07,2024-01-01 00:00:00,2024-01-01
084f2adc-0b30-494e-aaba-3205607bf105,f7240e07-0414-47ee-8238-ebc50f972974,47a65899-78bd-48cb-9e37-fc6c234729ae,5,18,3,9,2020-02-09,2024-01-01 00:00:00,2024-01-01
15444089-515e-432b-9cf3-e11c90c6ff23,765986ce-7693-4cc5-8d11-3bc88a4e94e4,2fd62491-8dd6-46c4-91ed-c4c70793025b,5,0,9,6,2021-09-24,2024-01-01 00:00:00,2024-01-01
54817da2-d7cf-4e0d-a835-987fc650b7ab,3addad32-1977-4c8f-a641-beef1b90d079,c4d743a7-12c3-4b69-89ad-b1b4abbd5c4f,1,14,10,3,2023-10-30,2024-01-01 00:00:00,2024-01-01
ffe76094-be09-44be-b8b1-63494beacc84,0d3e45d5-fd0a-4b99-98ee-91c33b6aa722,22396224-bed7-4623-aa8e-286ce43cea68,5,14,0,4,2022-04-21,2024-01-01 00:00:00,2024-01-01
5a110e3e-7844-4875-a4e0-0df94886d70c,4d0fc663-562f-41b6-884b-4d7061de4138,630f6ee2-4357-4798-b435-386ea8a00d80,5,8,7,10,2023-03-26,2024-01-01 00:00:00,2024-01-01
4cdc9f4d-312f-436e-9940-370b4c477781,b354bd30-0b13-42e0-bff0-cf8365e07e5a,57c6c21f-4b7b-4f72-ba83-2b0e46e6caad,5,15,8,4,2019-12-28,2024-01-01 00:00:00,2024-01-01
4ae91eee-a2ff-4501-b571-235e78129e9b,188a5b56-eeb4-4857-96df-d0166d06ecd0,2fd62491-8dd6-46c4-91ed-c4c70793025b,3,17,3,5,2022-08-14,2024-01-01 00:00:00,2024-01-01
b45f1f35-41f3-470e-b263-0d8eb1032295,31771379-2392-4fa2-b875-2f56d5d259df,ada0d30b-858f-4ee4-b2c9-3e053d4df7ef,5,16,4,10,2020-07-17,2024-01-01 00:00:00,2024-01-01
d0cef536-0a24-4bb7-bff3-e5d08751f7a5,f3e7fef3-2765-4614-acec-68e67aad1627,161be690-7ffa-4141-bc81-80d10145e673,2,15,0,5,2021-06-20,2024-01-01 00:00:00,2024-01-01
10175147-6d05-47ae-aea1-546c2608b1dc,e8348163-ad1d-4b80-8a91-fa26f7e79e76,66784518-e5fa-42c4-83ff-8b12e93c6b3d,4,5,2,1,2021-11-09,2024-01-01 00:00:00,2024-01-01
7a4abb52-09d1-4cd8-a86d-d4274df1e592,13a964fe-1376-42c4-90d9-a18351f67512,746c3efc-cf72-421d-9710-968c235f4970,3,3,7,5,2023-04-07,2024-01-01 00:00:00,2024-01-01
8fc51e79-6fa4-47e9-a6f0-408163866856,3ff51e7f-29d8-40be-9e48-740028f7c801,fa9d2712-59b1-4861-9cdc-4344e649a21a,5,5,3,1,2022-07-30,2024-01-01 00:00:00,2024-01-01
1e9cf076-8e97-473a-8d11-5aed753813b1,a9ea48ac-c22d-472e-a277-72f766fa3c14,9a545791-bfa3-4b65-87e1-a3a88a349f27,2,9,8,4,2023-04-12,2024-01-01 00:00:00,2024-01-01
5e36b96d-5c02-4fd7-8608-ee71a39edbed,12312e74-d73c-4317-a69d-5982a702bd85,98ecac3b-17cd-418d-b996-6a44293cb0cf,5,15,1,10,2020-10-17,2024-01-01 00:00:00,2024-01-01
7986a147-3c05-4d2d-90c3-36ecb93dff90,08348abc-5ce9-4f6a-8191-83b172938b08,0d881a76-5b77-46a0-b263-b852fb91039c,5,6,9,10,2020-09-06,2024-01-01 00:00:00,2024-01-01
ce5c8efa-f05f-48e4-b3e3-449e31cece8d,851e8102-33cd-492d-9d6f-794bb4f85720,98724ab7-5e21-4910-8c91-2b38879fbca5,2,6,6,2,2019-11-13,2024-01-01 00:00:00,2024-01-01
9009a6e9-5926-4ea2-bbfd-fab0757577ca,36bc2e6c-7017-4105-8b7d-c915eb9f0e39,a9032709-b02e-4e5e-ab7b-084c49a7cb9f,5,5,5,8,2023-10-12,2024-01-01 00:00:00,2024-01-01
3263864b-9db7-49a5-9012-0572e3c61f67,c18694a8-5ea6-4471-94bf-344e70697f3f,7dc7578d-6c47-49be-92dd-63a8e617233c,5,13,4,3,2021-08-28,2024-01-01 00:00:00,2024-01-01
68030de4-a8d7-471a-93b3-48db1083dad5,0ba6c44d-5c53-4b1a-9de5-fb50f1e08635,2bd1bd50-cdb3-4fe9-a67a-335aea386b7d,3,11,2,4,2020-06-22,2024-01-01 00:00:00,2024-01-01
e99647fc-8325-4f90-8e88-dc6d3cef481f,357a1d0d-9d88-4cc9-9283-00a91710e229,c240c790-3b92-4d03-8e5e-1337dc1f1358,3,10,7,4,2020-11-14,2024-01-01 00:00:00,2024-01-01
2fa82e7b-441a-4264-b092-53e34c7736e4,47208a7b-9d1b-4f56-8819-fc1f6b8f8c10,15b7b416-1e58-4228-96a9-59f3e18a3ef8,4,13,0,6,2021-05-21,2024-01-01 00:00:00,2024-01-01
a76ac64d-3f9b-4608-9244-62b6e771b2dd,71287475-6993-41fd-b84a-fefa1e852df2,06469e1b-9c8d-4e4e-9c14-e69b211f5475,4,11,10,2,2019-04-24,2024-01-01 00:00:00,2024-01-01
caf71e29-e128-40db-bf9b-486fe0dbe8ef,4373b2de-accd-43a3-8197-3e0aca3cf5a3,98ecac3b-17cd-418d-b996-6a44293cb0cf,3,0,3,3,2021-07-24,2024-01-01 00:00:00,2024-01-01
e78d0a81-0c9a-483c-a8fe-17c755f7c59e,7ee1c6be-e5b1-4b08-ab1f-81da6d7f5289,37dd6d0b-8a9b-485f-964b-b252d580f62f,3,9,5,0,2022-09-17,2024-01-01 00:00:00,2024-01-01
346288e2-ed4b-4063-8d3c-250ed8e07ab7,ed58ffa4-35d7-4545-b5f2-f30adb9a5ca7,29b81039-f7fe-44d4-b9ae-e43004eff257,4,10,8,8,2020-10-21,2024-01-01 00:00:00,2024-01-01
8d690fbd-67d1-421a-9c91-bdc43726782e,09622dc9-e2e3-4ff9-a92c-37ffbf4795a4,cb54cd85-0380-4ca9-a739-eee1dc503a51,2,19,8,7,2023-02-22,2024-01-01 00:00:00,2024-01-01
636e1f78-06bb-45b2-8689-3b76e6e0310c,63b9feb7-683f-4e54-aa6a-c97ecedaf7cd,5dcb279c-8c21-4c39-93d8-3b753eef2167,1,2,3,2,2023-10-20,2024-01-01 00:00:00,2024-01-01
145cf0ad-a2b3-4c06-81a3-6dd544e67241,4a6aa010-c5a0-4299-8043-d7d45f4e19af,d463fafa-7d15-4981-8b7e-9bcb112f286d,4,18,7,0,2020-10-28,2024-01-01 00:00:00,2024-01-01
2c337168-3488-4f94-ba72-58a12dedf7e2,e01fdc4c-0888-40c2-ab66-f840296fae20,519bfb38-3676-4d96-9ab2-edb60603b77e,4,15,3,4,2023-05-19,2024-01-01 00:00:00,2024-01-01
5ba58f9b-c7eb-4857-b77a-b335aedfb1f7,210c1eef-e16c-44c8-8c33-98895bc56a98,79001d4d-d695-492b-b3a9-4fd78d066ddc,4,1,1,0,2022-05-27,2024-01-01 00:00:00,2024-01-01
2b685708-9651-448e-8f36-14ce045a7cf2,8ddc8eaa-4c80-44a3-b845-483492d6dcd1,87b5811c-faba-405f-ba49-e330d366173c,3,17,5,7,2022-08-02,2024-01-01 00:00:00,2024-01-01
0cf3e1fb-a8ec-4642-879c-994a36f7480b,29dd52a5-1f26-4183-8d3f-6ed39f64c119,eb15de3a-9a1b-4002-a390-d86101da476b,4,4,1,5,2020-08-05,2024-01-01 00:00:00,2024-01-01
6be6bb9f-2d37-4cf7-8fe3-b4f93f5fdd74,1403a094-521c-4d16-b098-eabf32ca95d8,b5b9805f-a92e-43b2-88b9-2985519a4d52,4,4,2,9,2023-05-07,2024-01-01 00:00:00,2024-01-01
502e376f-b1d6-43b9-aa84-6b8b2efff000,0c55390f-2bec-4f9e-be07-3755653b8099,694d5a62-55fa-4bbb-abc3-bc467341d8d3,2,17,1,7,2020-09-04,2024-01-01 00:00:00,2024-01-01
37791264-7d69-4949-83df-72b3a7512606,bef78a67-223b-4d70-a162-5face7863705,6683db8b-bf0e-4904-a49d-c15c6cda38c7,5,17,10,4,2020-05-17,2024-01-01 00:00:00,2024-01-01
8121cbb7-59c8-4db1-921b-f15f0920c972,8e6e3d6d-b1a4-489b-bb30-30a4f45be13f,981d69ee-8bf8-4175-a790-bf01bf05aabd,3,0,2,1,2022-02-14,2024-01-01 00:00:00,2024-01-01
873820a9-9e43-4d24-9edb-cfbbd3f76447,4e5b4b61-af78-4044-a69d-c55ded45732c,45d7ea24-c950-49db-a864-e2d30c0d5168,3,11,7,3,2023-11-19,2024-01-01 00:00:00,2024-01-01
25f1fe01-50c8-44c6-92b1-b74c000917be,acf5b3ea-28bb-49c6-b1cb-d7ceaebca794,315b8757-9504-4390-b0fc-071c5fca4539,4,7,7,5,2020-01-13,2024-01-01 00:00:00,2024-01-01
26c2102d-a851-4703-a8a8-57032acfaba6,a0600748-e105-4ed8-b727-3073ee2f7698,f628a16d-7b88-4b36-9ce6-2f7a65ad95a1,3,8,9,0,2020-11-13,2024-01-01 00:00:00,2024-01-01
57e396e4-49ed-4c90-bddb-5ffe57309e9f,c2bff077-a233-4a2b-bb46-5da14669f66b,6f389e71-46f7-4711-9fd1-f5329424e39b,4,13,6,7,2019-10-15,2024-01-01 00:00:00,2024-01-01
cdd138cb-776b-488b-862c-4360fb74a8ed,42da975e-7541-41a7-9729-87d81a070ce1,ed6c27f0-06b8-4e66-b130-c2c4aa6c9376,5,1,8,5,2023-06-23,2024-01-01 00:00:00,2024-01-01
6e1637ab-4d45-4d85-8ae9-a54e1dddb5d2,2c1493ef-6699-4811-8fa9-bb63eaf010c2,10b9b9a3-b3e2-47dc-b449-4a4592513e37,4,1,8,5,2019-02-03,2024-01-01 00:00:00,2024-01-01
6906637e-2256-42be-9580-afce824b5ef7,dcb4416f-3ff4-4b6f-9171-4bc200a4b882,8c513b87-d0dd-423d-81b8-0c75905258f3,4,9,9,5,2023-06-07,2024-01-01 00:00:00,2024-01-01
3b1f5206-88b4-4012-a577-7eee9af44473,5573003c-2bf6-4733-b57f-c86b88140afa,ea2cf0bb-53e1-48f6-bf8d-338ee7db84df,1,18,1,8,2022-07-23,2024-01-01 00:00:00,2024-01-01
2697f14c-df71-4490-87f7-96f6c2f4bbc9,9620062d-b63d-4760-b002-5b8d626f5d47,161be690-7ffa-4141-bc81-80d10145e673,5,5,8,1,2023-05-18,2024-01-01 00:00:00,2024-01-01
f97c083d-52c1-4450-9d20-32c5ed40ad76,6b7c4f7a-e460-4db4-abef-e1ffbf97a610,ea89fd49-731f-4da8-969b-bc2a6c8bea84,4,19,10,3,2022-03-21,2024-01-01 00:00:00,2024-01-01
94fe17b6-e087-4b24-88e1-310ab959cc09,31f02fc6-b75c-4fcf-83a9-491ad35d4740,5bc5474f-e659-435e-92e4-f5bcc8af59ad,4,8,7,7,2023-03-20,2024-01-01 00:00:00,2024-01-01
cf629caf-d8c4-448c-8322-afd0f25dbbb5,e03ca27a-6fea-45d1-b01c-268f6b98e271,6a01d889-b776-4f27-8221-299b8d06dc27,3,2,2,10,2023-02-22,2024-01-01 00:00:00,2024-01-01
02fa3014-c11d-47f3-93d5-395509219ecd,f9249bb3-9257-409f-bf8f-903acad65789,1d682a19-a17e-4493-8004-f4b703c24c69,4,16,6,0,2022-03-24,2024-01-01 00:00:00,2024-01-01
0ef29a1a-3ed6-4683-9910-ce907678547c,bc03ef04-c3af-41b5-aa1b-934f18722074,34e5977a-f47b-49db-b67b-fe24062b184d,3,0,9,6,2021-04-02,2024-01-01 00:00:00,2024-01-01
63e84b4d-8a01-485e-8129-94a6a3daadaf,acad6334-6afb-4db4-aa95-4b015f5252ed,896872e5-c3d0-4f6e-89c7-414710662765,2,10,6,2,2019-02-08,2024-01-01 00:00:00,2024-01-01
d33a24c0-db19-4255-9a8f-4461d176c02f,e763932c-8605-4ab6-ba98-ee1d8a570ab7,b5ed67ce-51f8-454e-8bc0-7c5ee56b22b9,2,18,10,5,2020-06-14,2024-01-01 00:00:00,2024-01-01
5497569d-88b9-4daf-9604-ca637932b04b,e13a9ab3-756e-4243-a652-5277ab5582dc,2f72de34-0cd3-4c9c-ba81-55c9916a9bbf,2,18,5,9,2021-12-26,2024-01-01 00:00:00,2024-01-01
3614f6d6-55a9-4501-b24b-9a427395fe56,242c4a7c-3d27-4c94-a7dc-9390de01df2a,f3aab638-34fe-42e7-bb13-82c8fb296808,2,6,4,2,2019-11-09,2024-01-01 00:00:00,2024-01-01
c1a8dfc5-7944-4a64-bb48-88b899722a5f,c99026c6-cd54-4760-a76b-4e0234862b6a,7844313c-03fb-460d-afa6-978f8001955b,5,19,0,2,2019-07-26,2024-01-01 00:00:00,2024-01-01
295aab56-63a0-469f-8c77-37e42b183e57,a7b7f7b4-1429-41f9-9009-1752bb64c738,9d98cbe1-4927-4e24-9153-1884433a2af6,1,10,5,3,2022-01-11,2024-01-01 00:00:00,2024-01-01
0818952c-4296-4c48-8ac6-85600332ac42,0eb6f4e0-7bf2-4eb9-b646-77b5af7af29b,07218b72-f093-4fb3-ba40-a0b2e73c75e2,2,9,2,6,2022-09-09,2024-01-01 00:00:00,2024-01-01
2416cb7d-3386-4f26-abfd-3e0062efe988,8ad97a7a-6696-4eee-8d32-901613be4d4e,735e3307-b6b1-4147-9929-224858ae60ea,2,11,0,2,2020-07-09,2024-01-01 00:00:00,2024-01-01
75758298-3e17-4b9a-8035-10222860f37d,762e2da2-d02c-400b-8bbf-679e695f9678,86e0ac77-a519-4936-bcb8-a02a31099e7b,4,3,6,0,2023-12-03,2024-01-01 00:00:00,2024-01-01
6d0eca23-dff2-4ddd-9d53-8fd7f6b1e229,82ce6abf-193b-4264-a56d-de7613cbdee1,eb7961b1-90ae-4c49-82a5-98b0cc745af4,2,12,0,7,2021-06-28,2024-01-01 00:00:00,2024-01-01
8b57aac1-9536-4952-ad28-4d980d2829cc,60caa146-4b1e-4649-9abd-96ea9b891da0,f683fafe-1a26-478a-9f5a-38aae47e84b4,2,6,6,9,2021-06-17,2024-01-01 00:00:00,2024-01-01
3f4362f9-b8a0-4e4e-a64e-37047c6977d4,7b6717a4-263d-4f9e-8ae5-bd3ba8661322,3ae9f732-b116-4e20-82d6-791f4680f3da,1,5,8,9,2023-07-27,2024-01-01 00:00:00,2024-01-01
d693ecf8-fb80-4271-80ac-940044e64261,0bea559e-3483-4633-9656-7902431c7f58,6d020665-2465-4a6e-b01a-6862c08f7c99,1,5,3,1,2023-01-23,2024-01-01 00:00:00,2024-01-01
e4f66461-b5a2-443a-977f-799becdbaf72,275888d9-cad1-4054-a717-825508dc17f3,5eef5951-d005-4984-b47a-d06c66199451,5,11,5,6,2021-09-28,2024-01-01 00:00:00,2024-01-01
d13d9502-deb9-4eab-993d-8f6c3fd99ad5,c79c04f9-f05f-40f5-9740-e660b769a3cf,39557251-e8db-4f82-99c2-0398d4f9b371,1,16,5,7,2020-01-27,2024-01-01 00:00:00,2024-01-01
b7ecfea3-7a12-40ef-9dea-3e3dd25222ca,62807dd2-3483-4da8-b9d4-c309eaef3792,4ce603e2-bf3c-485e-b494-57807d95b843,1,14,0,0,2020-06-06,2024-01-01 00:00:00,2024-01-01
784a5a83-45bb-4dd5-bf83-1141d4ec7ecc,3b91ff1e-e781-4602-8152-794f522d8248,79a52758-a803-4d40-af99-b6f10fb759af,4,12,1,5,2021-02-17,2024-01-01 00:00:00,2024-01-01
6bff7d2e-d7d9-4376-9205-31e8e132ceba,70e11c70-c5a0-4ad2-b27b-21f9b0bfd892,8f10bb43-2edd-452d-9b02-bc94aef8d31e,3,2,6,10,2021-01-08,2024-01-01 00:00:00,2024-01-01
126f3aa0-dd79-4154-8511-a523f5b734b3,c20cf126-d2d3-4afa-a5e0-e59c19e53576,5940ce1b-9791-4aa0-a3db-8eb776311197,1,20,10,6,2020-09-07,2024-01-01 00:00:00,2024-01-01
4600b47e-7a3a-446a-8149-f117f335b492,735ad792-84b4-415d-b8d5-f465c529d80e,2bd1bd50-cdb3-4fe9-a67a-335aea386b7d,1,8,10,5,2023-11-29,2024-01-01 00:00:00,2024-01-01
f7724632-e93f-4bfe-8186-7d9a05cdcc94,99a69e3c-a087-45d5-8aab-3c2f5c9c9576,7fe05f0b-325e-4e03-9683-1584ee95d892,2,5,9,0,2019-04-03,2024-01-01 00:00:00,2024-01-01
f12e606f-4417-4d42-bcfa-a18b9c9c82a5,0818de40-7cba-4983-9bab-c4008e3d1fb6,cbc1347d-0223-4fb6-b55a-c3b440586060,2,4,7,0,2019-09-20,2024-01-01 00:00:00,2024-01-01
1e5deeb8-3891-418a-ad0a-35f3ea46ae7e,68adc943-5b48-414f-bbf7-df30bed3496b,e165c6ad-0881-461f-a326-0bedc06fdac0,2,9,5,9,2019-05-06,2024-01-01 00:00:00,2024-01-01
b2026f64-e01a-4491-941b-b680c001a020,1f93244d-ee4c-400c-b0cf-40c55d8cd68b,ce0b6f95-c730-496a-a07a-8384d42befb9,2,13,2,2,2021-04-29,2024-01-01 00:00:00,2024-01-01
df1a4759-fd46-4f31-aec2-0730d9bac21a,7cace619-dcb5-466f-939f-1bae7ab21037,57ae4cdb-5481-4954-b336-5912b1b3653a,2,5,5,1,2021-11-28,2024-01-01 00:00:00,2024-01-01
5ff04227-584a-4c7f-b1af-a3616866f1d0,0c0a0648-8e7e-438e-975a-124a3439339a,0306d001-3725-47dd-93af-046c8d337d2f,1,15,3,4,2023-05-30,2024-01-01 00:00:00,2024-01-01
2e5a6a9f-fc40-4933-ba27-33b90e5afb8d,6f0d21a5-1a22-4aaa-8665-2f8e2830eba1,e6b82e62-5bc6-4d33-9de6-4ca3413eba00,3,8,9,5,2021-04-06,2024-01-01 00:00:00,2024-01-01
4dc33955-28b1-4f01-b973-771b5ad5cc4e,cda55723-da0d-48da-be62-937508ddef36,3ae4c331-afe9-42f6-86e0-16b66d7c48bf,1,10,0,7,2019-02-28,2024-01-01 00:00:00,2024-01-01
7e8a902b-b4a7-49a6-9a83-b921b73bcc91,7e3dbe9b-8703-4989-9877-f6d18f0f84da,1e043933-16fd-4566-b3cf-d3e2375294aa,2,13,0,8,2019-03-12,2024-01-01 00:00:00,2024-01-01
cc1a03b0-a13d-471a-83c6-f63a07b68a59,b6bf7fb1-5e76-4ebf-97c2-4fc0f3ceea6a,33a8bae8-defe-45ee-bc55-acac9865843c,5,16,2,2,2021-02-11,2024-01-01 00:00:00,2024-01-01
42a75088-1063-494a-8040-707173ceefe8,e29f03a9-d739-4464-9cce-1998dcddc877,b175f2f8-ff61-4186-8f41-8390e8baa39d,3,7,1,6,2019-07-25,2024-01-01 00:00:00,2024-01-01
0f9fc98f-12a0-4ce0-b7df-779231776093,5a9cf845-4e5a-4ffa-aab5-909dc931ee5a,161be690-7ffa-4141-bc81-80d10145e673,4,14,6,8,2019-05-16,2024-01-01 00:00:00,2024-01-01
a6fb38a1-bcb3-40ce-be46-291870930d2d,1e1abb4d-301a-44ee-8df4-b4ee71348f92,e4b2d4dd-f0bf-4bc7-9aad-ea4f57989680,5,20,0,4,2021-06-20,2024-01-01 00:00:00,2024-01-01
2cfe9722-c23e-4d79-ba7e-cfd55a4fe61d,67600ff6-3a66-483e-a42d-8ff7a21279a6,66784518-e5fa-42c4-83ff-8b12e93c6b3d,3,4,5,10,2021-09-02,2024-01-01 00:00:00,2024-01-01
81e08048-d7ff-44d9-8406-45b53c952228,9ebc0cfe-aabe-4dad-b13e-d6af87df9908,a4412d03-cb82-463c-8298-df6ca976c324,5,3,7,7,2022-01-10,2024-01-01 00:00:00,2024-01-01
0a52c588-b7ee-4d78-8193-d7b6424a4714,77dd090b-936d-45ca-ae32-ba91f3a2d1c9,8de62a84-d4d5-4cac-802c-040c252279d0,5,6,2,3,2023-03-14,2024-01-01 00:00:00,2024-01-01
2940f8e4-2103-46e0-bf5a-32fed8ff66ca,ff95f314-9894-425a-8d1e-571921b8fcca,cdd01a01-fe8b-40d4-b2a3-c0e0207a3a1f,2,7,10,1,2021-11-20,2024-01-01 00:00:00,2024-01-01
6d185815-0785-44c7-a3e9-2fd583535bb8,eab582ea-8762-4ac6-a926-7a107085079b,197a906c-2754-459a-814c-c59419530f1a,4,9,9,1,2023-03-03,2024-01-01 00:00:00,2024-01-01
f33d1699-a242-4a2a-be64-9ab9eaca111d,0c4e2cb9-ae7d-473d-8e7c-ac9773b186ad,4122fce1-1d01-4333-93d2-7682b5ab383f,3,5,10,4,2020-05-26,2024-01-01 00:00:00,2024-01-01
dbf514e0-1120-41a9-bb54-4e0f4ced45ad,27dfb083-feee-4658-8562-b39fb7e961df,15126595-ddb9-4291-9946-5b29f8108d8f,4,18,8,8,2020-11-04,2024-01-01 00:00:00,2024-01-01
58feabbd-d21f-4200-98f7-f5fde29b6396,52c4cc1f-c95e-414f-a317-aeb7a4ba4d62,87eb74a2-719a-4a03-ac6b-524726e2d944,3,4,5,6,2022-03-28,2024-01-01 00:00:00,2024-01-01
cb2ab1de-5277-45fb-a548-305aa0cee073,40045865-fd50-4338-a9ec-d2616870e077,aaac741f-a52f-4733-a964-8c86c6d69c6d,2,18,0,6,2021-02-06,2024-01-01 00:00:00,2024-01-01
26738bc5-5333-44b1-a5ba-710372a4aa2a,2c326ee3-da73-4eac-afde-6d90ea627a0b,ed6c27f0-06b8-4e66-b130-c2c4aa6c9376,2,5,0,2,2022-07-18,2024-01-01 00:00:00,2024-01-01
1c567b27-6953-4d29-bad6-fa063d903f3a,65b21509-f757-41b4-8fab-5bb09fb2f07a,4f9e3d13-9d52-4a48-ae3e-11f1955e8564,2,5,6,5,2022-07-23,2024-01-01 00:00:00,2024-01-01
c40a9a00-5d86-412e-ba01-a3379597cf14,869b0581-4ad0-42a8-ae97-a562677c407a,28bb2c40-3d13-41a8-8b00-f3b3855cfc8f,4,15,5,3,2019-01-24,2024-01-01 00:00:00,2024-01-01
ff73a848-0e6e-41ae-ab7f-e78270d2db0c,f1923474-788f-4e32-8a5f-5a7702ab73a5,a8c25bcf-82b8-4319-b1e5-589272d55207,5,12,7,3,2022-07-11,2024-01-01 00:00:00,2024-01-01
d52f5c9b-6c0c-40d7-8317-c72343e0913d,3e1421c4-16c8-4f8c-af2e-c39e02813d39,02a585b3-312f-42dd-ba85-2c7d20ebd68f,3,17,7,1,2021-07-17,2024-01-01 00:00:00,2024-01-01
1bef491d-a184-4478-860d-045444455631,287206fe-bcf3-4b82-814e-f4ec6727e35e,834586db-c5c8-4589-bab4-39c974547035,5,10,5,2,2023-03-06,2024-01-01 00:00:00,2024-01-01
93ebaf0a-7c1b-42b2-b4a2-fb3f4215fe41,3a6d07cd-fdd0-4895-9f36-70fbe5e8c683,e11796eb-f388-4c9a-9e7e-46d8524a5e36,4,17,7,10,2020-06-06,2024-01-01 00:00:00,2024-01-01
095f5bf4-4fd0-45e3-b5d2-e9e0fe673247,ec13aefa-b683-4799-8f64-222d62bddbb9,d5965ed2-3469-4be0-a17c-4ed2e376b572,3,16,4,1,2019-07-17,2024-01-01 00:00:00,2024-01-01
7ae71d76-8690-4f1e-881f-ca538361b4ea,fe6fdd38-5417-499f-a0b9-fe963e5f6477,a4412d03-cb82-463c-8298-df6ca976c324,4,20,0,8,2023-05-21,2024-01-01 00:00:00,2024-01-01
25f6f7ab-ce7e-48e1-b10c-ad702ca404dd,db4a750e-61f9-4bab-91a1-cf2a0e6abbc4,197a906c-2754-459a-814c-c59419530f1a,2,14,1,1,2019-09-16,2024-01-01 00:00:00,2024-01-01
7aebc6fe-3f5c-4460-bfa8-81e3c53d31b5,339e43c5-36bc-432d-aa63-855cd180eae0,edea4b5f-3f5d-4314-8bf0-a86d0b8effc6,3,4,5,4,2022-02-01,2024-01-01 00:00:00,2024-01-01
024e8c16-6f8f-43ce-ae6d-01415c1ec47b,a05a2afb-1c62-4c4e-9eda-5c693ee64e35,1e805732-e82c-4bc1-bfa4-a10ef655b2ab,5,2,8,2,2021-07-15,2024-01-01 00:00:00,2024-01-01
ecf96e6a-f099-4936-b7f9-eeddb945c903,1a28b26b-1eb6-4ed9-a22e-79957df92821,db8f2120-0aaa-4288-8646-ea0f48e1dd86,5,6,2,10,2021-03-25,2024-01-01 00:00:00,2024-01-01
22ed0fc8-2e05-4e49-bce8-f5f5bb2343ab,3967ef3a-7628-49a6-adce-144e0145a474,4ea1929e-fb62-497a-b376-f1ffee3f4867,1,6,5,8,2020-03-30,2024-01-01 00:00:00,2024-01-01
d34bb195-331c-4bfc-b570-3d8be690fa5d,a5b55a0d-5188-43da-8d27-37216d0a0241,d73ccab7-2d4e-4348-b9ff-12190ffc4d68,2,18,8,8,2022-05-15,2024-01-01 00:00:00,2024-01-01
b842ae71-8fe7-4699-83bc-b185d7cd8165,b6acec78-6615-4575-9feb-6d0c17c739b1,f9817dda-1be4-4164-98b5-454572022baa,5,11,8,3,2019-04-07,2024-01-01 00:00:00,2024-01-01
3ae65aee-7d06-4c9b-a47b-03014033a375,6a24c012-1c03-4410-b450-78569244dcff,8f10bb43-2edd-452d-9b02-bc94aef8d31e,5,5,5,2,2022-11-21,2024-01-01 00:00:00,2024-01-01
35742385-ae70-4a71-8a48-766dabcf925a,15105551-f179-4d76-b221-e1ab240a7130,af768449-2096-4f00-b3a0-2f104c7c0182,2,20,10,9,2019-07-25,2024-01-01 00:00:00,2024-01-01
aeef3764-83d3-418a-be24-8e59daeddf5a,578afedb-0c8c-4c8a-a06a-3270eae00830,17276d3c-a5c5-44c4-bcd9-8fb9341a88ca,2,17,9,6,2020-04-08,2024-01-01 00:00:00,2024-01-01
65725ac5-4c35-4e1a-9f53-908172872d8d,b82f6ff9-b8fe-4b31-bfce-2b25abf21fbc,d789c5f0-4cf4-40e0-a85f-a2b3f0cfc46a,3,1,6,4,2023-10-24,2024-01-01 00:00:00,2024-01-01
ef0d92ad-c160-4177-b29f-1e1927f2733e,1bec0c48-c55b-402c-9884-12c4eac0baae,571c636f-7a4a-4ac6-a7c6-d247fedb83c2,5,13,7,7,2021-03-09,2024-01-01 00:00:00,2024-01-01
4b381f3b-758f-4b69-ac9a-681095346a95,51cce02d-4035-49bb-9971-3f8d5ec60eb3,d30e8550-6c98-4111-9929-897b013e7490,3,0,1,4,2020-10-21,2024-01-01 00:00:00,2024-01-01
89d9d1ff-0da0-4638-bef2-2bb6ab92f3b2,9961f8ba-f596-4bc9-8cfd-13f933d68c80,61094253-0645-4e3a-8425-6747dd857e20,3,6,9,9,2022-12-21,2024-01-01 00:00:00,2024-01-01
f8fe8111-9cc3-4703-ac10-2c6d7ed29520,9f1a701f-4248-46dc-8971-1b2ade510190,7bb3ebad-db7d-4fa2-af39-7c8d05d05501,4,4,2,7,2019-05-17,2024-01-01 00:00:00,2024-01-01
afc6406a-53e8-487b-ad74-3861cfd82dce,fbf714c4-08a9-4db3-82b3-9d5daff20cdb,cbda28f9-cabb-4ef5-b3b6-8d4b48165def,2,12,2,10,2023-08-12,2024-01-01 00:00:00,2024-01-01
f3816d63-c955-4f83-aaff-c675ca6a877f,635863bb-3143-4455-887d-e09ce7430679,b6b0758a-4b5d-4843-a330-5ea470bd1125,5,6,3,5,2021-05-08,2024-01-01 00:00:00,2024-01-01
64c1c1a8-d6be-44e4-b458-1c1bc2e728cd,dd0a49e1-99d2-4eef-9cb9-62f60ca7b51b,4122fce1-1d01-4333-93d2-7682b5ab383f,3,4,6,1,2019-05-25,2024-01-01 00:00:00,2024-01-01
9f1228ed-6299-4e59-96f1-9bf9bf585825,bee211eb-d2e7-466a-9f88-4162ac3fa637,951a9f55-1058-4bd9-954d-043e088ec276,5,4,3,7,2023-01-26,2024-01-01 00:00:00,2024-01-01
017c4836-2261-4037-a0b8-56383db0c30c,3c660dbf-315a-44ab-95e4-c99fc4726919,a05f046b-dbbf-4c3a-8381-3696ddecc5ca,3,10,0,10,2019-10-19,2024-01-01 00:00:00,2024-01-01
8a3a549e-b503-4d81-a770-b6cb27712e68,967fabfc-154a-46c9-a84e-8c35c4f955ac,4c2a4da0-f880-4031-b5e6-f907f463f170,3,16,1,10,2019-08-29,2024-01-01 00:00:00,2024-01-01
5075146d-8425-4a09-8133-5f458da686b5,9225b88d-213d-466d-b86a-3f1ede5eedb3,2bd1bd50-cdb3-4fe9-a67a-335aea386b7d,2,14,4,1,2022-05-10,2024-01-01 00:00:00,2024-01-01
18eca8e4-18e1-4757-8898-0396942059a6,dc89f0c6-6dbc-4c0b-909f-d19132dfb907,ca4392e8-1de6-42bc-bcf6-5b94993d86c1,5,14,2,1,2022-01-13,2024-01-01 00:00:00,2024-01-01
25394c65-3904-4ef2-9a67-3baa8d781a34,437faa2e-60ee-42bc-be4a-4fb34240febe,c46055ff-a101-4e7c-b06d-5750fe2694b1,3,8,0,6,2023-03-25,2024-01-01 00:00:00,2024-01-01
5105db43-8b5e-4362-8238-21ac6f5ef748,36ed6118-53e2-4b7f-96e4-f931203aa870,32e2f2ae-8d59-43ef-b972-bc85f1e3effa,3,3,10,7,2023-09-13,2024-01-01 00:00:00,2024-01-01
fe7e75b0-5b91-4623-89f2-91d82ee56b84,21246797-1d6a-41ef-9d7d-d9c71e5c1857,bf8c7d28-d8c1-496a-b37a-aa3a224942d3,2,15,4,3,2021-05-22,2024-01-01 00:00:00,2024-01-01
a422ee86-6ee0-4453-83d5-13078ecda6ea,1534ba63-5be1-4469-8da9-a7758e6849b5,1f1dca18-276e-4ea7-8598-8dfa3da1bd8f,1,19,9,5,2021-12-06,2024-01-01 00:00:00,2024-01-01
d9604073-a48e-45cc-b05d-9a4733e95e29,c8c20cbf-5dae-4d7b-948c-54518b6734b1,a8c25bcf-82b8-4319-b1e5-589272d55207,4,13,6,0,2020-05-09,2024-01-01 00:00:00,2024-01-01
0989151e-b7cd-4cf6-a843-4a2272a53d45,2070ec33-bc15-41b2-bcaa-89148e5a3f7a,24350707-610e-4310-9644-77314fe37d18,3,8,4,10,2022-07-30,2024-01-01 00:00:00,2024-01-01
4adb6cf5-a903-4e2e-b1ab-a39e439369b2,0adc3c7d-bc04-41ff-bd89-d964355d7374,57c6c21f-4b7b-4f72-ba83-2b0e46e6caad,4,8,5,1,2021-11-06,2024-01-01 00:00:00,2024-01-01
2cbd9cba-e04e-4fcc-8088-01f0af75022c,47e2d009-f598-427b-a350-5054068d89d1,47a65899-78bd-48cb-9e37-fc6c234729ae,4,7,9,7,2019-01-27,2024-01-01 00:00:00,2024-01-01
11548439-932e-4c02-b6bc-6784abe02f6c,6fa27c60-6427-41c6-9a95-7f9a16369975,4f37f760-e528-4e48-bb95-14c54d9a2102,4,8,1,7,2020-03-29,2024-01-01 00:00:00,2024-01-01
abbbe416-8968-4a24-9257-f3d5552f32ff,6e4f79d7-4d64-485c-9b16-a2386cdb4435,ffaccd1e-794d-4d92-bbaf-a9d8ff556c88,5,12,9,8,2022-02-22,2024-01-01 00:00:00,2024-01-01
0dc62200-633d-4241-96bc-916e3223ded2,04cc7409-875c-4be1-9f47-609b8f848cdb,beb98874-b0ac-48c3-bde8-08fcd607299b,4,1,9,1,2023-11-18,2024-01-01 00:00:00,2024-01-01
ebc909da-d8a4-44a8-aefa-4138d260abcb,eae4a1d8-9de5-44ae-abf0-7f69dc2661c3,a8ca0ebc-9b7f-4d34-8d04-2fc582139c8f,1,18,1,1,2022-04-24,2024-01-01 00:00:00,2024-01-01
83ef60ac-7eea-4ad2-8d0a-67a09b770aad,9787f81e-6d9b-4034-a3fe-685cefe373d1,f97791ea-8b07-49c7-87e4-14ac0d341906,3,18,10,9,2023-04-14,2024-01-01 00:00:00,2024-01-01
3a5cf093-75ae-4730-82c5-4aa5077c9901,bdb197c9-3406-4306-9136-f459b7d2d2a6,1cc7c465-4c34-47f9-bfc3-fffe059d40c5,4,1,5,10,2021-05-13,2024-01-01 00:00:00,2024-01-01
e781ee94-4d58-464e-ac1e-5861cd406c0d,97fa67bc-6aff-4e93-96a4-eb18b8a93138,b2a9a50e-22d8-4da8-ac0a-61182e790361,4,18,8,0,2023-06-03,2024-01-01 00:00:00,2024-01-01
bba982d6-a59d-4688-b64b-ed612a0f99f3,bdcfc523-9d1c-4b87-8140-1bfab803bf0f,03c4c663-c9ac-4db2-a70e-b32a1d980622,4,0,3,9,2021-03-27,2024-01-01 00:00:00,2024-01-01
850d005f-18a9-44f4-825b-54390a4381da,9d98f6dd-9e88-4148-9413-93114b27496a,0f6883be-4fc4-4ae2-9de6-f9e7f47bca68,3,3,4,6,2020-01-06,2024-01-01 00:00:00,2024-01-01
1ba278ff-6d42-408e-ac55-4e7ec2e5f1c3,9b4db512-f131-414f-9fd6-7ede8aebd4b0,f2d02368-d00d-45a9-a715-4eaa09e96fd3,4,8,5,10,2023-07-01,2024-01-01 00:00:00,2024-01-01
9955dcac-5b06-4dc0-8de0-7cbdd7fc5c04,97176109-d265-4825-8318-d8a5caf592dd,03c38c1c-2a9b-4019-8797-1e0364c618d7,2,8,7,0,2020-12-05,2024-01-01 00:00:00,2024-01-01
2d38c3a2-dd1f-4de1-a7e8-f4e5d0f16221,c7875709-33ef-475c-a877-71284ec021c5,2f72de34-0cd3-4c9c-ba81-55c9916a9bbf,3,5,3,8,2020-10-26,2024-01-01 00:00:00,2024-01-01
0228b3c5-c87e-4e47-b8d9-21161dd10c65,b024a64c-834a-47b7-9cde-8855bfedbfa0,8fa9fce9-f7f3-4b38-9843-15643dc064d4,5,20,5,6,2023-04-28,2024-01-01 00:00:00,2024-01-01
2d25fee4-8566-41e2-bd8c-0635107e2ae7,91a7545d-aa6d-4676-ae0c-fc19ade959a7,9d98cbe1-4927-4e24-9153-1884433a2af6,2,15,1,5,2023-03-23,2024-01-01 00:00:00,2024-01-01
d97e71b0-9c42-4801-ad39-acdf03b2b2f5,4c84e9e0-f3be-419c-a153-b15230f1975d,44444b0d-5b0a-407c-a8be-8eef20b13052,5,7,5,4,2020-12-21,2024-01-01 00:00:00,2024-01-01
b184278e-457c-40ec-b668-582adaa38390,48315b5c-28cc-4db1-9105-22b29d7277c9,81e9a5ae-2a60-4430-ba07-8f13d1315b73,1,20,6,5,2019-07-27,2024-01-01 00:00:00,2024-01-01
e01f7e95-3c8a-4a9e-a66d-35cc4c671e14,b978749a-d2e7-4eee-a530-9e59105b36f3,d724b683-e963-4386-b2b8-fd0848f7abae,2,12,3,4,2022-06-27,2024-01-01 00:00:00,2024-01-01
e9e15f77-0d41-4aa4-8df8-51ad4e1dd3de,be977ba7-debc-44da-aac8-53308cd7631a,f004475d-46db-455f-979c-165786d0d6df,4,11,5,7,2023-10-20,2024-01-01 00:00:00,2024-01-01
a2eb7e6d-7c78-40c2-889b-637b6baa09cf,e216fe05-cd90-4698-867d-b6f3f607e72e,4d99c5c8-5bae-49f8-b001-1b9bc6a9e592,2,5,5,0,2021-01-10,2024-01-01 00:00:00,2024-01-01
9586820f-90b2-40e7-bc20-5838ba979d36,68d60f66-afdf-4cb8-b95f-f98f7bf7f116,00a0efc8-6053-489f-be9b-2c105c9904d8,5,9,8,10,2019-08-17,2024-01-01 00:00:00,2024-01-01
1a1ec052-0b7f-4f7f-8bb2-113695ad57fa,76dc780d-7c7d-4a6f-b5c7-1183906e4fba,982ae8da-bfa6-4eef-b616-216ae94a841d,5,17,2,6,2022-02-21,2024-01-01 00:00:00,2024-01-01
82016c4b-8472-4f72-938d-327721011c37,7b19db31-c6af-4a72-beb0-0caa56ff2bd6,358cf9ef-9b97-4dc4-aabf-ea7e18ec3c24,1,6,1,1,2022-06-20,2024-01-01 00:00:00,2024-01-01
42865964-4d71-4b00-9ea5-8c59cc1ad41d,d16ef063-41dc-4b49-b009-65f0d4929d4f,7c370196-e467-4102-be70-deb73cbca2c3,4,8,2,5,2022-12-28,2024-01-01 00:00:00,2024-01-01
a49121a0-cb30-46ce-9302-b5ef31d8dd36,3c93311c-5e65-417d-b7c5-f29e17a86769,758a772e-8c09-4f3a-8a41-7c5eb26a6110,4,4,6,1,2021-12-27,2024-01-01 00:00:00,2024-01-01
6075fce0-ec00-41fd-a91c-6c0228f6125b,2f87617f-d4ab-441a-9c13-a40bd08613ce,6dda7226-673e-4822-b3ad-d1bc40f0d79d,3,19,9,1,2023-09-27,2024-01-01 00:00:00,2024-01-01
5ef2ac9b-d723-4ef9-9a89-ed58659d8958,9d234e18-c924-4b8e-9a1e-78a24b62e700,4122fce1-1d01-4333-93d2-7682b5ab383f,4,1,3,8,2020-10-25,2024-01-01 00:00:00,2024-01-01
5dceff2c-5575-4ea5-853d-dc2ba8b6ca1d,8cf9b276-6b01-4e36-80da-e50600f5e937,b16811c6-e37d-4e74-b5f5-a459d02da012,3,0,7,3,2019-11-14,2024-01-01 00:00:00,2024-01-01
577759e3-a871-4a1f-97f4-1886dcd532dc,38e7398d-b97a-40cb-8902-3739b591f26f,e7f6d769-7279-46ba-8b63-105cef9bfd01,2,7,3,7,2023-09-03,2024-01-01 00:00:00,2024-01-01
1a9489d1-c75d-49e2-b646-a28bc8e18ac1,725d43b8-931a-4cc7-876f-be52f51ee5d7,6c39ea13-ac4e-4ce2-84a6-5801fdce5481,2,4,0,4,2022-08-19,2024-01-01 00:00:00,2024-01-01
debc92ce-8f6a-4958-a544-df4e5c60857f,1085f95e-53f8-4dfe-8791-375d4034f227,b3a57685-0ec6-4f4f-aff5-8f1dac0cdd0a,1,19,7,7,2020-05-14,2024-01-01 00:00:00,2024-01-01
2bcd1566-1709-46f5-869a-ec2b964d3409,611d04fe-493f-4326-8f91-e69e16cc9bea,61094253-0645-4e3a-8425-6747dd857e20,5,18,3,6,2021-04-28,2024-01-01 00:00:00,2024-01-01
be8c6a9a-72c8-438c-af45-bd30f21adfe2,ada92c83-f380-4baa-902d-3cdd1bd64bec,5d52cf68-3e58-494c-9ae6-1b53dbb06462,5,18,6,10,2020-01-17,2024-01-01 00:00:00,2024-01-01
9ea207f9-9721-4edd-a576-f8575171ea53,293beb2c-7dc5-4e2e-bffb-a1c6e2dea755,0290b7ee-629b-4270-a398-a4e1e05c6e17,4,8,5,4,2022-03-24,2024-01-01 00:00:00,2024-01-01
36b14cab-4c1c-4a04-a359-9b2857e80638,c4c1e1d5-8853-46ed-be52-43121a1bda3e,018c7220-47ac-4839-a4d7-f8d59199bd91,3,7,5,8,2021-06-02,2024-01-01 00:00:00,2024-01-01
26491f7a-b803-4131-af80-c9842f3b0eff,ff8df958-f743-4585-9471-c9e95c2cff5c,c152a397-4b4d-4fd6-aaeb-325b9cf6fe2d,2,10,3,8,2021-01-01,2024-01-01 00:00:00,2024-01-01
a054963a-4b65-4788-a595-dadc1606b88c,6bb93667-4ad6-4077-85c1-b906bc651933,b886de27-d776-421d-9e18-d1314e27c111,1,16,7,8,2022-03-31,2024-01-01 00:00:00,2024-01-01
17f5d712-7d77-43a5-95ea-196dc9e7da1c,8ba46637-0d69-4abc-b0af-e80800cab44f,24350707-610e-4310-9644-77314fe37d18,5,7,5,10,2020-10-04,2024-01-01 00:00:00,2024-01-01
a88e00ff-dd6d-4664-bb14-c82e0223e6a3,3b47d3f0-5e85-4b4e-adf7-1556d3c5da8b,2a67aedf-6514-4b81-a4d7-060235d6e43e,2,14,4,9,2022-02-08,2024-01-01 00:00:00,2024-01-01
992ff528-010a-4b03-85dc-110b7a9f654c,54439f7e-af1c-4fda-8954-d5b4f7833bd3,51ec2300-6e24-4efa-964a-815a5f6df4aa,4,19,7,7,2023-09-10,2024-01-01 00:00:00,2024-01-01
881c4f59-3efd-4888-90d6-7c5cbb271120,b83d6015-722f-49cb-81f8-de8c22cd2c14,1e805732-e82c-4bc1-bfa4-a10ef655b2ab,1,5,0,8,2022-04-25,2024-01-01 00:00:00,2024-01-01
d216d871-ebbb-46e6-a623-b71f096149bf,32fe32cd-e516-4b38-8540-b201783ee8a1,62e1d3cc-9eb7-4f34-8ae1-35b34d1f7fc9,1,11,7,2,2021-07-07,2024-01-01 00:00:00,2024-01-01
eeee482c-9ce6-46fd-9e2f-713572749fb1,7814ea95-3cb1-4671-9cc4-f7986a28bddc,143f33fe-1773-4762-ba69-036c875909eb,3,2,4,9,2019-05-11,2024-01-01 00:00:00,2024-01-01
da17b389-422e-4c94-8c99-0ebc19f08e57,002ae3c3-6f86-4689-8c7f-ebca8b41c36f,4d6f0375-b4c8-472f-961b-9d4ab77cf9d0,1,19,7,6,2020-05-31,2024-01-01 00:00:00,2024-01-01
3def8a3f-a243-41a4-b007-53d6da708fe9,bd76b344-4e69-442c-819a-cd8d33301649,54c56d27-12b3-41fc-858b-e92641bf13e1,2,12,3,10,2022-12-13,2024-01-01 00:00:00,2024-01-01
d3ff4782-b82b-499f-b68c-eb50638eec0b,c14b8d86-362d-49a9-8474-eddb673a0f57,0fcf7399-8fe6-439c-977f-6e8fde3da99b,5,9,5,3,2021-07-14,2024-01-01 00:00:00,2024-01-01
2554d78c-4c04-474a-a016-e04d894d3bc2,c44b9da3-6663-4836-92f5-7de023514130,33373b46-ff98-42fc-a39c-f0dcfbd5e720,5,13,2,8,2022-03-13,2024-01-01 00:00:00,2024-01-01
c295368d-dfb5-4af7-b31d-080765c15619,868819e8-8aa2-45bd-8a5c-fbc96bfc1de1,79001d4d-d695-492b-b3a9-4fd78d066ddc,3,0,9,0,2022-10-27,2024-01-01 00:00:00,2024-01-01
3e5027f9-0185-4e73-a1ba-c14fa24ad83d,1a4f4e7d-44eb-4032-b25c-5cc893cf940e,4d99c5c8-5bae-49f8-b001-1b9bc6a9e592,3,18,1,1,2022-12-29,2024-01-01 00:00:00,2024-01-01
514cc8ec-80ed-4cc7-87a1-8edab774e4f9,cc85b175-84e3-44ff-bc12-f148d7e45575,9464ffba-fcb5-498e-a419-aeb3d5d04ee4,5,13,2,3,2022-06-11,2024-01-01 00:00:00,2024-01-01
53bea557-b88a-43a3-9b65-675372b9d0f1,bb5606a4-ff19-4d18-90bd-539b4998c030,1542e8ac-6618-4f26-be85-1a7276b22a4b,2,5,0,10,2020-05-24,2024-01-01 00:00:00,2024-01-01
052ff4eb-9d05-469d-9ec9-9166ff1c78a2,61d09acf-0f91-4dbf-abb9-0e5f10539667,fb196124-3f62-4741-8b92-6d48e5001c61,1,10,1,1,2021-10-10,2024-01-01 00:00:00,2024-01-01
c71451e5-6ad3-4bb5-bbf5-ad1f20a4c285,09ec73dd-5075-4d25-a22e-430f216e8879,694d5a62-55fa-4bbb-abc3-bc467341d8d3,4,13,6,7,2021-04-06,2024-01-01 00:00:00,2024-01-01
849a0386-0037-4920-a120-7954378ea3b6,552fe339-f09a-416f-a579-b39b1016024b,bb6ecc9c-2824-4092-8115-75fd5579d8e0,3,5,1,4,2019-10-11,2024-01-01 00:00:00,2024-01-01
c20d3df6-9797-41d7-833a-14c4c144ba1b,839e5e4b-79f9-43f3-a364-993319fa782f,667d37a6-10e6-407e-a874-e77d875ba1f9,4,8,7,1,2020-12-28,2024-01-01 00:00:00,2024-01-01
d78db238-db41-41c8-811e-e3a094cba8f7,4ce8137f-2333-4622-ae79-826ab1462453,73e64d5a-a8ac-49d7-bbea-d396c23a30b3,4,6,3,5,2020-01-13,2024-01-01 00:00:00,2024-01-01
bb4bb841-fbcc-4b5b-a78b-b63a933488b7,ab918084-e550-4704-afff-22813a9bfe45,08846e86-3d8e-4c3e-af1b-1665cf209d9f,1,10,7,1,2022-08-18,2024-01-01 00:00:00,2024-01-01
25e61313-fad4-4249-b68e-d9f5ad227810,2159f72e-ac8a-48cc-94b9-f39217b4aa23,6b807bcd-3847-46b4-b0cc-81288a961cc5,1,19,0,8,2021-12-08,2024-01-01 00:00:00,2024-01-01
fe2d4bca-1675-4ac3-b9dc-2cbf69e0cafa,2b5743ab-90db-42a4-8e45-bf9fd29b9471,143f33fe-1773-4762-ba69-036c875909eb,3,3,2,0,2019-05-02,2024-01-01 00:00:00,2024-01-01
499b004c-15e5-4a15-b833-500b3200783c,b29efee0-ca8c-4e3f-8dd0-e779ab72705f,80ea4b1f-ac5d-4950-a3b0-0c2e9adf5140,1,10,6,4,2021-12-19,2024-01-01 00:00:00,2024-01-01
27661d87-211d-4763-90d4-8f6fac22987d,4bf1475f-2ad3-4dc3-9dc6-b0a762f17ff4,f9817dda-1be4-4164-98b5-454572022baa,5,18,5,1,2019-02-26,2024-01-01 00:00:00,2024-01-01
bc3e3e7b-0366-482a-8ba8-53acde121233,53c12280-2eb3-461a-b046-4744f8023634,f3aab638-34fe-42e7-bb13-82c8fb296808,5,15,2,8,2019-12-20,2024-01-01 00:00:00,2024-01-01
37de73b6-3508-4239-8ae0-94a0aedb6094,3cf7f5fc-81bf-40b0-b5fa-990479dce681,f01637cc-a763-46b3-bcba-d4a735df0e30,3,3,10,2,2020-03-23,2024-01-01 00:00:00,2024-01-01
9a7694e4-9524-4ffe-b18d-878ebfcce220,8a5decec-a265-4482-968c-420a0495616e,78312951-58cb-4114-b4ec-1c62fb9f5e8f,5,5,7,2,2022-05-13,2024-01-01 00:00:00,2024-01-01
62744635-3795-4aee-b559-5f35879357d2,56cf077a-a5bd-4dca-bf9f-28f176bf30fc,484ab5f0-e2b0-43f1-a5d8-b17c30918446,4,0,9,0,2021-11-05,2024-01-01 00:00:00,2024-01-01
e1d01f01-47f9-4258-ac3b-6c41055e0a1b,dafd2986-8ea1-4976-9169-8c45549ea1c7,0290b7ee-629b-4270-a398-a4e1e05c6e17,1,9,4,1,2022-01-05,2024-01-01 00:00:00,2024-01-01
d0fb7a8f-05b3-4a10-9414-48d5061ff858,46c6e4d5-77ba-4d58-afcf-92895e4cbd64,143f33fe-1773-4762-ba69-036c875909eb,2,18,8,2,2020-12-15,2024-01-01 00:00:00,2024-01-01
c985edc6-3347-4f57-976a-099aa1b255ef,db68d356-69f8-44f7-a8a6-6e070b74213f,d724b683-e963-4386-b2b8-fd0848f7abae,2,19,2,9,2019-07-24,2024-01-01 00:00:00,2024-01-01
52417e60-a773-4bb8-93b8-521bf38267e9,43816935-03e5-4f68-b22d-59dbe95ebbde,1beaa162-69db-48e2-8781-37d0903fd276,4,17,6,7,2020-11-21,2024-01-01 00:00:00,2024-01-01
06651d68-204f-41f0-9067-09549ed4df06,b8693e6f-6f4a-4fba-82ed-745cfaddf73e,d5965ed2-3469-4be0-a17c-4ed2e376b572,5,2,5,3,2019-08-27,2024-01-01 00:00:00,2024-01-01
