business_id,name,address,city,state,postal_code,latitude,longitude,stars,review_count,is_open,categories,_ingested_at,_batch_date
859e8489-c9dc-45c2-9337-5d2d16b39129,Restaurant 0,1924 Main St,Philadelphia,PA,46048,30.632513,-117.325414,1.5,4468,True,"Seafood, Restaurants, Food",2024-01-01 00:00:00,2024-01-01
40cef1ea-5719-460f-8c9e-41332dd5ceb5,Restaurant 1,7012 Main St,Philadelphia,PA,13905,27.154991,-112.203651,1.0,4598,True,"American (New), Restaurants, Food",2024-01-01 00:00:00,2024-01-01
39b4e4fe-e6c7-4096-b1fb-3e64de5e099a,Restaurant 2,6973 Main St,Philadelphia,NY,68878,38.553111,-80.481325,1.0,1308,False,"Chinese, Restaurants, Food",2024-01-01 00:00:00,2024-01-01
588641b5-4966-4546-bbf3-1ce9aa44e4d2,Restaurant 3,4652 Main St,Philadelphia,TX,38221,47.015901,-106.4873,1.5,3113,True,"Chinese, Restaurants, Food",2024-01-01 00:00:00,2024-01-01
6fecdbc0-d8e2-48ee-96d9-14f83ce372ae,Restaurant 4,5735 Main St,Philadelphia,CO,44671,43.56395,-84.864752,5.0,1023,False,"Sushi, Restaurants, Food",2024-01-01 00:00:00,2024-01-01
4b782209-9c16-478c-a37a-049d2e528cd1,Restaurant 5,9144 Main St,Philadelphia,FL,92397,39.225954,-77.60612,2.5,570,True,"Mexican, Restaurants, Food",2024-01-01 00:00:00,2024-01-01
adad5940-e205-4086-9222-7b0104825fd5,Restaurant 6,4841 Main St,Philadelphia,CA,40512,44.929124,-104.093058,4.5,2989,True,"Chinese, Restaurants, Food",2024-01-01 00:00:00,2024-01-01
f37b17d4-a786-4ec5-bf74-fd0405de96f7,Restaurant 7,5920 Main St,Philadelphia,NY,97841,31.14049,-73.483998,1.5,4991,True,"American (New), Restaurants, Food",2024-01-01 00:00:00,2024-01-01
656e2e08-057d-4130-90cd-992bda818642,Restaurant 8,4110 Main St,Philadelphia,TX,70589,33.727475,-70.576216,5.0,1800,False,"Pizza, Restaurants, Food",2024-01-01 00:00:00,2024-01-01
e1695292-3748-495d-a20f-4c2fbf3c6da1,Restaurant 9,3852 Main St,Philadelphia,PA,51347,34.22679,-121.359627,3.5,1742,False,"Burgers, Restaurants, Food",2024-01-01 00:00:00,2024-01-01
af94efd7-4a33-465b-addd-809933ecdb97,Restaurant 10,7617 Main St,Philadelphia,TX,44718,28.211497,-84.025606,5.0,2153,False,"Seafood, Restaurants, Food",2024-01-01 00:00:00,2024-01-01
255db5b6-f856-4ad9-902a-b189c60e7ede,Restaurant 11,6643 Main St,Philadelphia,IL,38746,47.938493,-117.391754,4.5,745,True,"Sushi, Restaurants, Food",2024-01-01 00:00:00,2024-01-01
3d6b9854-e7f3-4494-9d64-f3053c765039,Restaurant 12,2604 Main St,Philadelphia,TX,99192,34.709679,-121.505976,4.0,4882,False,"American (New), Restaurants, Food",2024-01-01 00:00:00,2024-01-01
041225a4-95df-4e78-8d09-49e0bb132be5,Restaurant 13,4219 Main St,Philadelphia,WA,11504,40.646518,-118.699654,5.0,2186,False,"Sushi, Restaurants, Food",2024-01-01 00:00:00,2024-01-01
1af8102d-461b-4f4e-aa80-ce9c087e8dc5,Restaurant 14,4908 Main St,Philadelphia,OH,30730,35.435645,-72.540124,3.0,4101,True,"American (New), Restaurants, Food",2024-01-01 00:00:00,2024-01-01
d46bbae2-8cd7-41d3-8bb0-e0d8b59a42e2,Restaurant 15,1843 Main St,Philadelphia,FL,93748,36.676246,-114.059889,3.5,1324,True,"Seafood, Restaurants, Food",2024-01-01 00:00:00,2024-01-01
979b061e-4ac6-4950-856e-fbff493b027a,Restaurant 16,5410 Main St,Philadelphia,AZ,12552,27.572958,-105.036058,3.0,1962,True,"Mexican, Restaurants, Food",2024-01-01 00:00:00,2024-01-01
378e23e4-3769-4d48-a472-f4b39ab04dee,Restaurant 17,9395 Main St,Philadelphia,CA,21226,41.833875,-80.118721,5.0,1031,True,"Coffee & Tea, Restaurants, Food",2024-01-01 00:00:00,2024-01-01
dc81e380-2ad6-46c2-a1eb-4bb11625dd6a,Restaurant 18,9107 Main St,Philadelphia,TX,44741,37.136497,-91.637335,2.5,4418,True,"Italian, Restaurants, Food",2024-01-01 00:00:00,2024-01-01
8b8f0d21-e43f-4f07-ad76-25d9ced2704a,Restaurant 19,6637 Main St,Philadelphia,IL,67422,45.691124,-100.168262,2.5,1841,True,"Chinese, Restaurants, Food",2024-01-01 00:00:00,2024-01-01
68e0c89e-3f9e-4ca8-8fa6-2404e9cc7940,Restaurant 20,444 Main St,Philadelphia,CO,82603,30.292639,-112.888044,1.5,483,True,"Sushi, Restaurants, Food",2024-01-01 00:00:00,2024-01-01
1c80a463-faab-45d4-aedb-ec971fe99b2d,Restaurant 21,614 Main St,Philadelphia,IL,19287,36.825591,-109.68375,4.5,1756,True,"Seafood, Restaurants, Food",2024-01-01 00:00:00,2024-01-01
d1b7b24b-4641-450e-b4e8-47092e175290,Restaurant 22,9540 Main St,Philadelphia,AZ,41850,43.046247,-80.587665,2.5,773,True,"Burgers, Restaurants, Food",2024-01-01 00:00:00,2024-01-01
79689f2a-6fa6-40d4-95ef-4f0e683e5f10,Restaurant 23,5904 Main St,Philadelphia,OH,63883,35.741567,-84.900828,1.5,497,False,"Chinese, Restaurants, Food",2024-01-01 00:00:00,2024-01-01
5099fcfd-f316-438f-8ac1-7e344eacd601,Restaurant 24,1890 Main St,Philadelphia,NY,35112,29.374805,-100.326255,4.0,1504,False,"Coffee & Tea, Restaurants, Food",2024-01-01 00:00:00,2024-01-01
0f8068cb-ccda-4381-ae97-2ce9c278a2fa,Restaurant 25,4192 Main St,Philadelphia,CA,68082,43.584512,-77.921821,1.5,415,True,"Sushi, Restaurants, Food",2024-01-01 00:00:00,2024-01-01
a66d96f1-d8ca-4ee3-ac4d-98c292faa20e,Restaurant 26,3972 Main St,Philadelphia,TX,63269,36.169746,-113.243899,4.0,481,True,"Burgers, Restaurants, Food",2024-01-01 00:00:00,2024-01-01
a5dc9144-4605-4d6e-90b6-450da3437d16,Restaurant 27,135 Main St,Philadelphia,OH,44760,46.309916,-81.817885,3.0,3466,False,"Thai, Restaurants, Food",2024-01-01 00:00:00,2024-01-01
aff2a139-3654-4967-8aab-24cf791bdd24,Restaurant 28,3211 Main St,Philadelphia,FL,38534,47.280315,-93.145084,5.0,500,False,"Pizza, Restaurants, Food",2024-01-01 00:00:00,2024-01-01
3aea0012-3268-4722-825e-e7a5931f3062,Restaurant 29,921 Main St,Philadelphia,CO,72493,36.565559,-78.100406,2.0,466,True,"Thai, Restaurants, Food",2024-01-01 00:00:00,2024-01-01
cf671ce1-4d9d-4ad4-9b0c-170bb03226d0,Restaurant 30,1222 Main St,Philadelphia,CO,18907,40.529889,-112.063786,1.5,4667,True,"Seafood, Restaurants, Food",2024-01-01 00:00:00,2024-01-01
a12a64a0-f929-4bcf-9556-30726ff78f01,Restaurant 31,9840 Main St,Philadelphia,PA,91183,26.885618,-88.844476,5.0,2592,False,"Mexican, Restaurants, Food",2024-01-01 00:00:00,2024-01-01
6cdafd24-501f-4baf-a2a0-b25d10ed29d8,Restaurant 32,5247 Main St,Philadelphia,NY,44814,34.103074,-88.057038,3.0,3746,False,"Sushi, Restaurants, Food",2024-01-01 00:00:00,2024-01-01
bfacd035-2b61-4720-b818-81c84d141a1a,Restaurant 33,252 Main St,Philadelphia,AZ,91416,47.964452,-70.214695,1.5,4405,True,"American (New), Restaurants, Food",2024-01-01 00:00:00,2024-01-01
d45c8cec-fe1f-4a5c-a776-a3acf6dc6b7c,Restaurant 34,4445 Main St,Philadelphia,TX,55745,45.259876,-76.640137,3.5,2335,True,"Coffee & Tea, Restaurants, Food",2024-01-01 00:00:00,2024-01-01
85fbfadb-f753-46f4-9d64-14dcf96bbb65,Restaurant 35,9000 Main St,Philadelphia,FL,90173,47.628626,-80.609503,5.0,65,False,"Sushi, Restaurants, Food",2024-01-01 00:00:00,2024-01-01
c97938a0-c6c2-4526-863f-5708c0e5b5db,Restaurant 36,2300 Main St,Philadelphia,FL,25129,45.463392,-84.167082,2.0,2232,False,"Seafood, Restaurants, Food",2024-01-01 00:00:00,2024-01-01
506dc2e9-bd0e-44b1-942e-6ac94eefce10,Restaurant 37,3550 Main St,Philadelphia,IL,36685,40.812434,-78.089795,5.0,4003,False,"Pizza, Restaurants, Food",2024-01-01 00:00:00,2024-01-01
1f073c53-ef32-4629-b0b7-ef431ef2e441,Restaurant 38,1612 Main St,Philadelphia,OH,46265,26.013996,-106.65439,2.0,2146,True,"Coffee & Tea, Restaurants, Food",2024-01-01 00:00:00,2024-01-01
be3ee977-fb43-46ab-85cf-50e51ffbf460,Restaurant 39,9138 Main St,Philadelphia,OH,83519,25.222403,-120.861588,2.0,4470,True,"Chinese, Restaurants, Food",2024-01-01 00:00:00,2024-01-01
c5155494-1f0c-4cb4-9ae8-2a99e76be59d,Restaurant 40,9643 Main St,Philadelphia,WA,29410,34.885094,-122.699413,3.5,327,False,"Mexican, Restaurants, Food",2024-01-01 00:00:00,2024-01-01
acb27707-dec1-4205-940c-67a243f47518,Restaurant 41,4188 Main St,Philadelphia,CA,56357,42.942674,-76.372591,4.0,1267,True,"Thai, Restaurants, Food",2024-01-01 00:00:00,2024-01-01
1e2d819e-3804-4a56-a578-6a30f8a0e9ce,Restaurant 42,3000 Main St,Philadelphia,OH,13248,29.125295,-74.153199,4.0,2033,False,"Thai, Restaurants, Food",2024-01-01 00:00:00,2024-01-01
8c2f26c7-c38c-4952-a4a0-a41e067b51bc,Restaurant 43,1871 Main St,Philadelphia,OH,15075,44.747645,-112.766146,4.5,2865,False,"Mexican, Restaurants, Food",2024-01-01 00:00:00,2024-01-01
1830cd91-8c93-4567-a279-6c4c2b4a89c6,Restaurant 44,3752 Main St,Philadelphia,PA,96511,29.441985,-106.945593,1.5,2287,False,"American (New), Restaurants, Food",2024-01-01 00:00:00,2024-01-01
fc0bf660-1263-415b-8c01-4eec481ceb16,Restaurant 45,6648 Main St,Philadelphia,WA,53404,46.602454,-118.656204,3.0,1463,False,"Pizza, Restaurants, Food",2024-01-01 00:00:00,2024-01-01
7a1f1470-e03a-49e0-b9d6-14c2d47a2f6e,Restaurant 46,1876 Main St,Philadelphia,CO,66959,32.950804,-81.74645,4.0,4967,True,"Burgers, Restaurants, Food",2024-01-01 00:00:00,2024-01-01
d97c5d40-0d71-4df7-88db-6df30563b36a,Restaurant 47,9546 Main St,Philadelphia,NY,43386,26.02089,-101.016837,5.0,4411,True,"Chinese, Restaurants, Food",2024-01-01 00:00:00,2024-01-01
36a4b8e6-8dfa-4ea6-998e-4632d8191290,Restaurant 48,7166 Main St,Philadelphia,CA,97062,46.17773,-90.726452,1.5,2461,False,"Burgers, Restaurants, Food",2024-01-01 00:00:00,2024-01-01
d12493d2-3ec9-477e-982b-59b95212805e,Restaurant 49,5444 Main St,Philadelphia,OH,48752,37.751487,-114.448795,4.0,1426,False,"Burgers, Restaurants, Food",2024-01-01 00:00:00,2024-01-01
5dcc6439-cd1c-401f-9974-86f991d72621,Restaurant 50,9077 Main St,Philadelphia,PA,49829,31.599015,-101.356152,3.5,3810,False,"Coffee & Tea, Restaurants, Food",2024-01-01 00:00:00,2024-01-01
db216414-7217-4143-a349-3f6300808c8f,Restaurant 51,3601 Main St,Philadelphia,WA,72021,43.255914,-72.20924,2.0,695,False,"American (New), Restaurants, Food",2024-01-01 00:00:00,2024-01-01
71ac5587-65ed-4077-98ec-776972e2fc59,Restaurant 52,5591 Main St,Philadelphia,CA,40784,40.4743,-112.644763,2.5,1208,True,"Pizza, Restaurants, Food",2024-01-01 00:00:00,2024-01-01
8419c858-5083-44dd-9d2f-0fbb91600c64,Restaurant 53,4111 Main St,Philadelphia,AZ,90120,44.543967,-120.994447,4.0,4716,True,"Burgers, Restaurants, Food",2024-01-01 00:00:00,2024-01-01
2ea09749-aaf2-4489-a19b-2842c91bfcab,Restaurant 54,8199 Main St,Philadelphia,OH,41979,28.394141,-87.180767,1.5,3483,True,"Thai, Restaurants, Food",2024-01-01 00:00:00,2024-01-01
77cec5eb-981c-4dad-833f-7d9890102f9d,Restaurant 55,8586 Main St,Philadelphia,AZ,16582,37.820333,-74.539149,1.5,3740,True,"Coffee & Tea, Restaurants, Food",2024-01-01 00:00:00,2024-01-01
cd00e585-075e-40f4-a32f-7d010f628718,Restaurant 56,8802 Main St,Philadelphia,WA,88047,32.297853,-83.461249,4.5,4136,False,"American (New), Restaurants, Food",2024-01-01 00:00:00,2024-01-01
64b671ba-cb01-4b19-a612-d805d5315392,Restaurant 57,7405 Main St,Philadelphia,TX,72216,35.351604,-83.652277,3.0,4271,False,"Mexican, Restaurants, Food",2024-01-01 00:00:00,2024-01-01
aab54cce-bd91-4d6c-941d-dfffc8108b7d,Restaurant 58,4599 Main St,Philadelphia,AZ,20155,41.411532,-112.102853,3.5,2620,True,"Thai, Restaurants, Food",2024-01-01 00:00:00,2024-01-01
5a375f5d-0922-4c68-b1fb-60663f29dbc0,Restaurant 59,2571 Main St,Philadelphia,NY,60205,40.960846,-86.146947,1.5,3399,False,"Chinese, Restaurants, Food",2024-01-01 00:00:00,2024-01-01
c53ec9c4-3f6d-45d9-bbc2-96629c14acb8,Restaurant 60,8990 Main St,Philadelphia,AZ,64496,26.432111,-79.190986,4.0,4785,True,"Seafood, Restaurants, Food",2024-01-01 00:00:00,2024-01-01
a0b2da34-5c89-44c7-8d79-afa148010c89,Restaurant 61,6332 Main St,Philadelphia,AZ,10772,46.683058,-108.576304,4.0,3433,True,"Coffee & Tea, Restaurants, Food",2024-01-01 00:00:00,2024-01-01
31b5190f-45b2-4e06-bed3-a05a02397769,Restaurant 62,3695 Main St,Philadelphia,FL,67125,36.169766,-103.612854,4.0,1353,False,"Thai, Restaurants, Food",2024-01-01 00:00:00,2024-01-01
379f6bc5-5e9b-4e65-af45-d6afd1cd2b81,Restaurant 63,8851 Main St,Philadelphia,PA,61645,38.613534,-88.535013,1.5,3512,True,"Coffee & Tea, Restaurants, Food",2024-01-01 00:00:00,2024-01-01
9b1766f3-af44-4549-a91b-790b437497af,Restaurant 64,3077 Main St,Philadelphia,PA,44099,33.719389,-113.358684,3.5,2765,False,"Italian, Restaurants, Food",2024-01-01 00:00:00,2024-01-01
2d93e075-4b1e-46ab-a9a4-f72edb669bb8,Restaurant 65,7006 Main St,Philadelphia,FL,20735,35.817057,-83.803666,1.0,2867,True,"Sushi, Restaurants, Food",2024-01-01 00:00:00,2024-01-01
24a3c021-5dd9-47b2-a7ca-54a3ebdbd59d,Restaurant 66,759 Main St,Philadelphia,PA,42411,29.585296,-123.879099,2.0,1955,True,"Coffee & Tea, Restaurants, Food",2024-01-01 00:00:00,2024-01-01
99f4838d-67fa-44bc-ad33-cd506b595287,Restaurant 67,1974 Main St,Philadelphia,CO,38569,35.695782,-110.906597,3.5,1375,True,"Thai, Restaurants, Food",2024-01-01 00:00:00,2024-01-01
55715d56-7ebd-4afd-8c1f-a9d1b3321179,Restaurant 68,5196 Main St,Philadelphia,CA,85849,25.590604,-107.842352,4.0,3250,True,"Sushi, Restaurants, Food",2024-01-01 00:00:00,2024-01-01
c13eddfa-ef0a-40e4-a8fc-d94c8b71948d,Restaurant 69,9800 Main St,Philadelphia,NY,23356,41.035439,-108.412952,1.5,4637,True,"Chinese, Restaurants, Food",2024-01-01 00:00:00,2024-01-01
00d06576-a313-4f5c-a319-06f7494f0357,Restaurant 70,8828 Main St,Philadelphia,OH,96706,33.52313,-97.172157,3.5,104,False,"Coffee & Tea, Restaurants, Food",2024-01-01 00:00:00,2024-01-01
38f480f9-543e-4094-b660-3ad272866273,Restaurant 71,1829 Main St,Philadelphia,OH,57472,39.618457,-79.421098,2.0,3568,True,"American (New), Restaurants, Food",2024-01-01 00:00:00,2024-01-01
03143fc7-44e4-4210-b9ae-52bfe495dab4,Restaurant 72,4525 Main St,Philadelphia,CO,80539,42.816753,-99.431943,3.0,2641,True,"Sushi, Restaurants, Food",2024-01-01 00:00:00,2024-01-01
591d6f4c-e48f-4789-9caf-0c027e3804ce,Restaurant 73,4669 Main St,Philadelphia,AZ,41963,42.260954,-93.65827,4.0,2756,True,"Coffee & Tea, Restaurants, Food",2024-01-01 00:00:00,2024-01-01
429eabaf-3d6c-48d0-8ab6-eb0cb21d79cc,Restaurant 74,5425 Main St,Philadelphia,TX,73904,29.878757,-81.11922,3.5,2291,False,"American (New), Restaurants, Food",2024-01-01 00:00:00,2024-01-01
4aaeba07-e1e3-4583-bcb9-f257d4f49232,Restaurant 75,266 Main St,Philadelphia,WA,35042,26.969098,-85.395893,4.5,4549,True,"Coffee & Tea, Restaurants, Food",2024-01-01 00:00:00,2024-01-01
0a90f802-0fcf-42b9-84bb-4c3dac3add20,Restaurant 76,8141 Main St,Philadelphia,AZ,12260,27.140227,-112.812198,2.5,2509,False,"Coffee & Tea, Restaurants, Food",2024-01-01 00:00:00,2024-01-01
ae3ae548-5fc5-4b7b-8fa7-590faec82a4c,Restaurant 77,9168 Main St,Philadelphia,WA,55056,34.786588,-83.973551,3.5,2883,False,"Italian, Restaurants, Food",2024-01-01 00:00:00,2024-01-01
e9a3df21-8011-497d-923f-1cbdedc634b4,Restaurant 78,5123 Main St,Philadelphia,FL,40217,27.775085,-114.407864,1.5,4390,True,"Mexican, Restaurants, Food",2024-01-01 00:00:00,2024-01-01
e5f87447-42f7-4a39-9ffd-f9f7857fb524,Restaurant 79,3645 Main St,Philadelphia,AZ,46241,41.665455,-71.286614,5.0,4889,False,"Sushi, Restaurants, Food",2024-01-01 00:00:00,2024-01-01
62326db9-a2e6-4282-9c64-fca228e4777e,Restaurant 80,3280 Main St,Philadelphia,FL,39816,33.300265,-108.375283,5.0,1037,False,"Pizza, Restaurants, Food",2024-01-01 00:00:00,2024-01-01
c3203c88-54a0-4b3a-bb32-a872b7af9047,Restaurant 81,993 Main St,Philadelphia,WA,48290,41.0406,-118.054628,4.5,841,True,"Seafood, Restaurants, Food",2024-01-01 00:00:00,2024-01-01
c0c0ecf5-abda-4d35-9a2e-40eb13306bfe,Restaurant 82,4758 Main St,Philadelphia,AZ,72746,35.130782,-114.859998,1.0,2069,False,"Sushi, Restaurants, Food",2024-01-01 00:00:00,2024-01-01
2f225b68-423d-4100-811b-2445bd07a731,Restaurant 83,1170 Main St,Philadelphia,OH,74454,26.70389,-90.380486,1.0,1243,True,"Seafood, Restaurants, Food",2024-01-01 00:00:00,2024-01-01
99d1e92f-f4ec-445d-8b42-94f9049737b0,Restaurant 84,5078 Main St,Philadelphia,CA,42530,27.724386,-82.955611,2.5,4281,False,"Coffee & Tea, Restaurants, Food",2024-01-01 00:00:00,2024-01-01
3e5d7b45-b4f6-4f80-8176-d54317a12259,Restaurant 85,7353 Main St,Philadelphia,FL,87139,47.770719,-108.204087,1.0,4995,True,"Mexican, Restaurants, Food",2024-01-01 00:00:00,2024-01-01
a0483908-25a0-4bd2-9a0d-e81a36848b38,Restaurant 86,3557 Main St,Philadelphia,FL,96563,26.867312,-111.807415,5.0,615,True,"Pizza, Restaurants, Food",2024-01-01 00:00:00,2024-01-01
16443fd7-b809-4258-82a0-d3f26a944729,Restaurant 87,6793 Main St,Philadelphia,AZ,87832,35.807987,-123.204808,3.0,2317,False,"Sushi, Restaurants, Food",2024-01-01 00:00:00,2024-01-01
c2746625-af35-480f-8aa5-34b3462680ce,Restaurant 88,3924 Main St,Philadelphia,FL,91927,38.565161,-80.785188,2.5,3483,True,"American (New), Restaurants, Food",2024-01-01 00:00:00,2024-01-01
79fd66d1-afbf-47e3-ad3b-4163879ba401,Restaurant 89,3783 Main St,Philadelphia,TX,44816,44.012517,-121.072459,2.0,2520,False,"Coffee & Tea, Restaurants, Food",2024-01-01 00:00:00,2024-01-01
fc4fcbc8-e42f-4c5b-87e1-4ac14d86a4a5,Restaurant 90,2137 Main St,Philadelphia,AZ,49857,41.093875,-73.152807,5.0,4424,False,"Coffee & Tea, Restaurants, Food",2024-01-01 00:00:00,2024-01-01
578f751c-9992-4a0c-9dfb-2771d002e870,Restaurant 91,1417 Main St,Philadelphia,CO,15224,45.456726,-84.600634,3.0,212,True,"Mexican, Restaurants, Food",2024-01-01 00:00:00,2024-01-01
2ca95a9c-ad28-4402-b5f1-08589564a057,Restaurant 92,9524 Main St,Philadelphia,CO,12719,47.990166,-88.024513,3.0,4721,True,"Thai, Restaurants, Food",2024-01-01 00:00:00,2024-01-01
0eff75fd-4367-4a43-82a2-55da974cb31b,Restaurant 93,7808 Main St,Philadelphia,WA,95394,35.171276,-109.701389,4.0,4029,True,"Coffee & Tea, Restaurants, Food",2024-01-01 00:00:00,2024-01-01
61a878b2-a1a2-441a-a45f-9acc9b1ecb07,Restaurant 94,5800 Main St,Philadelphia,OH,53687,32.38434,-119.247006,2.0,2702,False,"Coffee & Tea, Restaurants, Food",2024-01-01 00:00:00,2024-01-01
b18b3960-bad9-455c-9652-fa70314346fd,Restaurant 95,4822 Main St,Philadelphia,OH,82102,25.844034,-120.156711,3.0,2649,True,"Burgers, Restaurants, Food",2024-01-01 00:00:00,2024-01-01
c2a67327-89ce-41b2-aac9-4150f886efcc,Restaurant 96,8531 Main St,Philadelphia,PA,96200,44.995452,-99.591301,1.0,1537,False,"Seafood, Restaurants, Food",2024-01-01 00:00:00,2024-01-01
1520dc80-5566-4e0a-b17c-5fcfc60d991c,Restaurant 97,8267 Main St,Philadelphia,AZ,16764,29.681839,-94.79292,3.0,3590,False,"Sushi, Restaurants, Food",2024-01-01 00:00:00,2024-01-01
0084935c-728e-4c12-b112-f20ca3d2abde,Restaurant 98,572 Main St,Philadelphia,CO,41365,41.325005,-107.908742,1.0,4525,False,"Sushi, Restaurants, Food",2024-01-01 00:00:00,2024-01-01
5635737e-151c-4475-8218-0ac649b42028,Restaurant 99,3781 Main St,Philadelphia,CA,70482,46.782397,-89.375967,2.0,4083,False,"American (New), Restaurants, Food",2024-01-01 00:00:00,2024-01-01
75a8a294-5f7e-4b50-896d-05061b1d4703,Restaurant 100,4579 Main St,Philadelphia,OH,73242,47.545627,-111.5948,5.0,1185,False,"Mexican, Restaurants, Food",2024-01-01 00:00:00,2024-01-01
fbf6332c-31b4-4eac-97d8-a4d40398bb35,Restaurant 101,9920 Main St,Philadelphia,WA,27892,44.872619,-109.806393,4.0,2785,False,"Pizza, Restaurants, Food",2024-01-01 00:00:00,2024-01-01
48a3bf8c-fe92-4af6-b662-f239412abc6e,Restaurant 102,4734 Main St,Philadelphia,FL,86931,38.338238,-88.703259,2.0,3659,False,"Chinese, Restaurants, Food",2024-01-01 00:00:00,2024-01-01
e67626b2-2e08-4269-964d-83b426828f84,Restaurant 103,5546 Main St,Philadelphia,WA,81228,33.675831,-73.693126,2.5,1957,False,"Mexican, Restaurants, Food",2024-01-01 00:00:00,2024-01-01
e7e35986-1bfd-47b6-a312-5ddf165b2613,Restaurant 104,6830 Main St,Philadelphia,PA,51704,42.128218,-86.212467,4.0,3163,True,"Coffee & Tea, Restaurants, Food",2024-01-01 00:00:00,2024-01-01
1f5160ba-9612-482e-a149-ab16daf6e6ca,Restaurant 105,706 Main St,Philadelphia,TX,75836,47.203133,-106.740291,1.5,3607,True,"American (New), Restaurants, Food",2024-01-01 00:00:00,2024-01-01
6212a8ae-e663-4f27-87e6-cbff7eb0a0da,Restaurant 106,7586 Main St,Philadelphia,PA,28894,34.429508,-88.987027,2.0,613,False,"Italian, Restaurants, Food",2024-01-01 00:00:00,2024-01-01
29a898ba-79ec-4602-8961-2a35e921aa23,Restaurant 107,5646 Main St,Philadelphia,CO,62098,39.946243,-78.152909,5.0,3114,False,"Coffee & Tea, Restaurants, Food",2024-01-01 00:00:00,2024-01-01
23a52345-31ad-4f02-b9c0-e8186775e859,Restaurant 108,8964 Main St,Philadelphia,PA,90931,26.573677,-90.286144,3.0,1864,True,"Burgers, Restaurants, Food",2024-01-01 00:00:00,2024-01-01
adafecd7-8c8d-40a4-8e1e-de69f1956cda,Restaurant 109,1712 Main St,Philadelphia,CA,68153,28.82639,-108.529366,1.0,377,False,"Pizza, Restaurants, Food",2024-01-01 00:00:00,2024-01-01
f0b6842d-4c6d-4075-8029-764725fe7a17,Restaurant 110,4906 Main St,Philadelphia,IL,59131,34.905796,-111.569141,4.0,4637,True,"Thai, Restaurants, Food",2024-01-01 00:00:00,2024-01-01
cfb3799f-40de-4fae-b552-2317fccc6644,Restaurant 111,2968 Main St,Philadelphia,CA,89887,45.029311,-90.91593,2.5,4077,True,"Mexican, Restaurants, Food",2024-01-01 00:00:00,2024-01-01
426965f4-56dc-4ccc-ba66-0d84aff3671f,Restaurant 112,7655 Main St,Philadelphia,FL,70236,30.872514,-124.483141,4.5,2357,True,"Sushi, Restaurants, Food",2024-01-01 00:00:00,2024-01-01
bdd72c27-fd63-4faa-bccd-d8bcf727cc31,Restaurant 113,7337 Main St,Philadelphia,IL,87014,31.880548,-72.088401,3.0,3743,False,"Mexican, Restaurants, Food",2024-01-01 00:00:00,2024-01-01
37f2a1e6-67f5-421d-89e0-e3a01465a750,Restaurant 114,6402 Main St,Philadelphia,AZ,23979,30.455731,-93.544252,3.0,2419,True,"Burgers, Restaurants, Food",2024-01-01 00:00:00,2024-01-01
26b8d05a-b5de-4f43-86b9-284b7e4fb112,Restaurant 115,4597 Main St,Philadelphia,PA,84177,44.89655,-82.192861,1.0,4968,False,"Italian, Restaurants, Food",2024-01-01 00:00:00,2024-01-01
70daca84-9fa0-4d58-b708-8869fd057fef,Restaurant 116,3870 Main St,Philadelphia,CO,56179,30.037104,-114.542741,3.0,1121,True,"Pizza, Restaurants, Food",2024-01-01 00:00:00,2024-01-01
f7e16e60-ffdf-49b7-b317-124a64caa172,Restaurant 117,5161 Main St,Philadelphia,AZ,14373,38.330198,-84.720213,1.5,2418,False,"Burgers, Restaurants, Food",2024-01-01 00:00:00,2024-01-01
671424c6-a8b2-4f4f-b4ab-f79745a6ab3c,Restaurant 118,2977 Main St,Philadelphia,NY,27322,43.089795,-76.794667,3.5,4349,False,"Thai, Restaurants, Food",2024-01-01 00:00:00,2024-01-01
91a13e4c-37fa-4bd8-a05d-5086afc83586,Restaurant 119,4310 Main St,Philadelphia,AZ,48684,42.170865,-106.370661,1.5,3837,True,"Thai, Restaurants, Food",2024-01-01 00:00:00,2024-01-01
936632ba-dc72-45f7-9c7a-8265e043af99,Restaurant 120,3796 Main St,Philadelphia,OH,83048,33.412826,-81.512492,1.0,2167,True,"Coffee & Tea, Restaurants, Food",2024-01-01 00:00:00,2024-01-01
37628110-53d8-4bc8-a9d6-91fdfbdab9b3,Restaurant 121,6138 Main St,Philadelphia,FL,86619,33.763586,-89.87979,3.5,888,True,"Coffee & Tea, Restaurants, Food",2024-01-01 00:00:00,2024-01-01
bb73b323-a867-460e-8abe-9e713e9a6276,Restaurant 122,510 Main St,Philadelphia,CO,83584,32.544144,-91.445479,1.5,3804,False,"Burgers, Restaurants, Food",2024-01-01 00:00:00,2024-01-01
4eb4d331-0250-4425-a396-233baaa52fe6,Restaurant 123,2011 Main St,Philadelphia,TX,15943,46.764015,-108.259948,4.5,952,True,"Mexican, Restaurants, Food",2024-01-01 00:00:00,2024-01-01
0dff6a31-ecbf-4313-bd9a-b656c29d71b6,Restaurant 124,8907 Main St,Philadelphia,TX,60940,35.433806,-88.123258,5.0,3434,True,"Burgers, Restaurants, Food",2024-01-01 00:00:00,2024-01-01
46865a1b-74e6-494e-bbad-480c599a8de4,Restaurant 125,1722 Main St,Philadelphia,AZ,90694,34.386665,-72.666316,1.0,3036,True,"Coffee & Tea, Restaurants, Food",2024-01-01 00:00:00,2024-01-01
d120f4a6-15d8-4184-9a94-29cd185705c0,Restaurant 126,7385 Main St,Philadelphia,NY,57537,27.285156,-87.287585,5.0,2939,True,"Burgers, Restaurants, Food",2024-01-01 00:00:00,2024-01-01
fec37f86-aa4f-4db4-9265-1d75f06af877,Restaurant 127,4620 Main St,Philadelphia,NY,26011,46.827248,-79.66949,1.5,1738,True,"Pizza, Restaurants, Food",2024-01-01 00:00:00,2024-01-01
e90ff2da-f719-411d-aa94-f7ced6c8b930,Restaurant 128,5564 Main St,Philadelphia,NY,26505,43.100496,-113.713693,5.0,1698,True,"Mexican, Restaurants, Food",2024-01-01 00:00:00,2024-01-01
21682f69-5c47-4a72-87a5-336de7345560,Restaurant 129,5483 Main St,Philadelphia,TX,88116,25.065218,-77.787663,2.0,1065,False,"Thai, Restaurants, Food",2024-01-01 00:00:00,2024-01-01
bdd54d10-9dbf-4959-be31-ee1e8388fd80,Restaurant 130,1901 Main St,Philadelphia,PA,27275,25.341788,-81.550843,2.5,4824,False,"Pizza, Restaurants, Food",2024-01-01 00:00:00,2024-01-01
b41f1f3d-86c1-4582-b300-6f2e629c1d68,Restaurant 131,2954 Main St,Philadelphia,FL,16868,27.915447,-101.847169,1.5,521,False,"Coffee & Tea, Restaurants, Food",2024-01-01 00:00:00,2024-01-01
7dc49068-c5ec-4657-b67c-bfcd933c6880,Restaurant 132,6031 Main St,Philadelphia,WA,87812,27.508242,-97.288872,1.0,4272,False,"Coffee & Tea, Restaurants, Food",2024-01-01 00:00:00,2024-01-01
c5fa2a70-a41c-44df-98e9-d34cddd2c77c,Restaurant 133,610 Main St,Philadelphia,PA,72781,44.487866,-101.554951,1.5,4017,False,"Sushi, Restaurants, Food",2024-01-01 00:00:00,2024-01-01
18674b04-e930-4893-8bc5-99447b17290a,Restaurant 134,1423 Main St,Philadelphia,IL,89730,28.411678,-118.059463,5.0,2664,False,"Seafood, Restaurants, Food",2024-01-01 00:00:00,2024-01-01
c68c5373-ace0-4248-9b6c-d11f9a728a46,Restaurant 135,8792 Main St,Philadelphia,FL,69469,36.627675,-101.339037,1.5,4517,True,"Burgers, Restaurants, Food",2024-01-01 00:00:00,2024-01-01
dfc58364-2ae8-4afb-b2c8-e215370312d1,Restaurant 136,7498 Main St,Philadelphia,NY,64239,32.795427,-100.05756,4.0,779,False,"Burgers, Restaurants, Food",2024-01-01 00:00:00,2024-01-01
a89041ac-d1d7-458f-b7c4-34e91ba40518,Restaurant 137,5220 Main St,Philadelphia,FL,59060,46.932628,-87.224843,4.5,550,True,"Sushi, Restaurants, Food",2024-01-01 00:00:00,2024-01-01
b2a3fb35-8cdf-435b-99a2-6092e4fa4d4b,Restaurant 138,1627 Main St,Philadelphia,OH,22656,42.125546,-104.504423,2.0,4558,True,"Seafood, Restaurants, Food",2024-01-01 00:00:00,2024-01-01
1746c880-a4f4-4822-a3ca-ef8c39d44f9c,Restaurant 139,9301 Main St,Philadelphia,WA,53207,40.410305,-102.405525,4.0,422,False,"Seafood, Restaurants, Food",2024-01-01 00:00:00,2024-01-01
5374d195-e234-4f5c-a788-f5022d0d1bfc,Restaurant 140,5219 Main St,Philadelphia,IL,23579,38.292126,-113.299366,4.5,1838,True,"Chinese, Restaurants, Food",2024-01-01 00:00:00,2024-01-01
f2912ec7-236d-4c2c-a51a-3ddb8c66961f,Restaurant 141,9213 Main St,Philadelphia,IL,25058,42.53993,-93.4245,4.0,4596,True,"Seafood, Restaurants, Food",2024-01-01 00:00:00,2024-01-01
6696f863-dc33-45d7-a724-5b2385dd06c0,Restaurant 142,4481 Main St,Philadelphia,PA,33647,31.285219,-83.067477,3.5,2876,True,"Thai, Restaurants, Food",2024-01-01 00:00:00,2024-01-01
20e51a62-a3d1-41c0-82fa-2be9d4e5692b,Restaurant 143,2447 Main St,Philadelphia,CO,96159,34.21804,-117.196894,1.0,752,True,"Burgers, Restaurants, Food",2024-01-01 00:00:00,2024-01-01
972887eb-5efa-4e42-a7a0-cb0ab25f0026,Restaurant 144,6978 Main St,Philadelphia,AZ,54681,28.620413,-107.859945,3.5,4650,True,"Pizza, Restaurants, Food",2024-01-01 00:00:00,2024-01-01
93660b97-def1-4f6e-b222-832d6508d55d,Restaurant 145,2649 Main St,Philadelphia,TX,90981,26.144537,-120.513016,4.5,3474,False,"Seafood, Restaurants, Food",2024-01-01 00:00:00,2024-01-01
b454dd0e-3f59-4acd-8de8-869c3f5048f6,Restaurant 146,7342 Main St,Philadelphia,OH,45804,29.958086,-96.820953,3.5,3522,True,"Italian, Restaurants, Food",2024-01-01 00:00:00,2024-01-01
c214b78c-a14f-4770-a416-b47ea798c754,Restaurant 147,9817 Main St,Philadelphia,AZ,79066,40.344049,-122.502045,4.0,4910,True,"Pizza, Restaurants, Food",2024-01-01 00:00:00,2024-01-01
871141a2-08ec-4c5b-b97a-403c484aa3a0,Restaurant 148,3449 Main St,Philadelphia,FL,37686,42.649039,-82.971151,3.0,2688,True,"Pizza, Restaurants, Food",2024-01-01 00:00:00,2024-01-01
70f2a17b-f5b0-4e9f-a140-8b6ad571338e,Restaurant 149,8249 Main St,Philadelphia,OH,33028,27.971271,-95.707971,2.5,4099,False,"Sushi, Restaurants, Food",2024-01-01 00:00:00,2024-01-01
f1da8164-8760-47a9-8111-bcf1ee606ba3,Restaurant 150,6605 Main St,Philadelphia,PA,67176,25.431055,-74.336066,3.5,4717,False,"Seafood, Restaurants, Food",2024-01-01 00:00:00,2024-01-01
f7f86abf-88ef-4c1a-8c70-c5cd5358b588,Restaurant 151,6726 Main St,Philadelphia,OH,47947,27.648988,-123.852889,3.5,1408,False,"Chinese, Restaurants, Food",2024-01-01 00:00:00,2024-01-01
315260a5-49d2-41c6-b125-d658ad716bc0,Restaurant 152,1543 Main St,Philadelphia,OH,23875,30.596279,-92.612079,5.0,645,False,"Italian, Restaurants, Food",2024-01-01 00:00:00,2024-01-01
79e489a0-38cc-4719-a689-7abac44f0c10,Restaurant 153,5662 Main St,Philadelphia,NY,53655,42.919711,-120.799134,1.5,4347,True,"Chinese, Restaurants, Food",2024-01-01 00:00:00,2024-01-01
341b9622-9db1-439a-9fa4-c7e6b5b1ab25,Restaurant 154,5852 Main St,Philadelphia,TX,40968,27.364504,-110.921748,2.0,4935,True,"Sushi, Restaurants, Food",2024-01-01 00:00:00,2024-01-01
89cf3c09-cf6c-41d4-b529-f0a2a09d2a85,Restaurant 155,3002 Main St,Philadelphia,AZ,70811,42.352254,-83.206757,4.5,4625,False,"Chinese, Restaurants, Food",2024-01-01 00:00:00,2024-01-01
e61d2fab-902b-42a0-959b-47d3b1490827,Restaurant 156,2573 Main St,Philadelphia,AZ,18950,35.785185,-90.273818,3.0,4845,True,"Chinese, Restaurants, Food",2024-01-01 00:00:00,2024-01-01
57185a76-61dc-4ef9-9926-680ca0ca9b49,Restaurant 157,8412 Main St,Philadelphia,CA,50685,35.620077,-122.931601,3.5,2352,True,"Sushi, Restaurants, Food",2024-01-01 00:00:00,2024-01-01
74e436ee-3905-4fbf-8069-1ccf413759b4,Restaurant 158,9833 Main St,Philadelphia,WA,60394,35.642368,-94.5126,1.0,3685,True,"Chinese, Restaurants, Food",2024-01-01 00:00:00,2024-01-01
7042bb49-2c25-4e1a-b1bb-dabc90a28a4d,Restaurant 159,7892 Main St,Philadelphia,WA,29773,47.027614,-100.221229,3.5,691,True,"Pizza, Restaurants, Food",2024-01-01 00:00:00,2024-01-01
705f84f3-dfc4-4043-b406-50f554a7ef2e,Restaurant 160,4159 Main St,Philadelphia,AZ,67595,37.053577,-91.460703,3.5,3055,False,"Burgers, Restaurants, Food",2024-01-01 00:00:00,2024-01-01
f83ba527-0f70-4f16-a702-acf43ab6b06a,Restaurant 161,6797 Main St,Philadelphia,IL,98984,38.751375,-81.592519,3.5,540,False,"Sushi, Restaurants, Food",2024-01-01 00:00:00,2024-01-01
212ba355-b6c2-48ec-b51e-1b798742febd,Restaurant 162,9241 Main St,Philadelphia,OH,47243,30.795903,-78.163856,2.0,2731,True,"Seafood, Restaurants, Food",2024-01-01 00:00:00,2024-01-01
a95ded1c-ae9c-497b-84c6-1db2ccfd5e5b,Restaurant 163,2417 Main St,Philadelphia,IL,50662,47.25702,-86.583602,4.0,1057,True,"Italian, Restaurants, Food",2024-01-01 00:00:00,2024-01-01
950d91ab-42f0-4950-8a25-532d8c5e7072,Restaurant 164,9257 Main St,Philadelphia,OH,94343,43.208225,-80.274837,5.0,766,False,"American (New), Restaurants, Food",2024-01-01 00:00:00,2024-01-01
fd2f7669-544e-4b1a-9812-5448e1800cc1,Restaurant 165,6028 Main St,Philadelphia,PA,57526,32.10392,-72.685688,3.5,3984,True,"Mexican, Restaurants, Food",2024-01-01 00:00:00,2024-01-01
689eb5bf-3d0f-4246-ac10-7b0c40d98400,Restaurant 166,2353 Main St,Philadelphia,TX,20114,31.803218,-81.65339,5.0,4422,True,"Chinese, Restaurants, Food",2024-01-01 00:00:00,2024-01-01
50ab1adc-bdf5-4eb4-b5a1-72842c30a0f4,Restaurant 167,2247 Main St,Philadelphia,CO,59377,28.547814,-115.053472,2.0,3586,True,"Burgers, Restaurants, Food",2024-01-01 00:00:00,2024-01-01
1ffb7371-3bdd-4f43-bb37-364b43d2b53b,Restaurant 168,6068 Main St,Philadelphia,NY,68222,39.043695,-83.618486,4.5,1917,True,"Italian, Restaurants, Food",2024-01-01 00:00:00,2024-01-01
f8e1f755-8325-43dc-bb9c-b0ec3f71272b,Restaurant 169,7784 Main St,Philadelphia,NY,58213,40.601057,-93.626933,4.5,3783,False,"Burgers, Restaurants, Food",2024-01-01 00:00:00,2024-01-01
6a14b9dd-42e6-4dfd-945a-dbb1bd2807d5,Restaurant 170,8339 Main St,Philadelphia,WA,64874,47.224168,-80.070982,2.0,2049,True,"Coffee & Tea, Restaurants, Food",2024-01-01 00:00:00,2024-01-01
2128f213-de84-4c3a-ad1f-0f8a55599ffb,Restaurant 171,6181 Main St,Philadelphia,WA,23446,41.362222,-96.624984,1.5,2336,True,"Thai, Restaurants, Food",2024-01-01 00:00:00,2024-01-01
e8b9eabb-d56a-499a-baa9-32c7aa302b84,Restaurant 172,4569 Main St,Philadelphia,AZ,77286,28.389019,-100.939009,2.5,3696,False,"Pizza, Restaurants, Food",2024-01-01 00:00:00,2024-01-01
210860b5-6a0a-428e-99b3-ecb3257024ba,Restaurant 173,6897 Main St,Philadelphia,PA,61964,36.546164,-112.032206,1.5,3072,True,"Pizza, Restaurants, Food",2024-01-01 00:00:00,2024-01-01
4e44ed02-497b-4bc6-be88-840a7c6b9ba7,Restaurant 174,5321 Main St,Philadelphia,CA,95191,32.711678,-116.967288,1.0,2351,False,"Thai, Restaurants, Food",2024-01-01 00:00:00,2024-01-01
755fb9ed-1fcd-4d30-9d0f-4f41fa9f87ea,Restaurant 175,7785 Main St,Philadelphia,AZ,90654,25.120778,-120.642583,3.0,1767,True,"American (New), Restaurants, Food",2024-01-01 00:00:00,2024-01-01
c8607222-a242-40f8-bf52-7b5df6176cd2,Restaurant 176,8747 Main St,Philadelphia,OH,24573,42.851971,-111.929788,1.5,392,True,"Burgers, Restaurants, Food",2024-01-01 00:00:00,2024-01-01
63c35661-4dce-4531-96db-69c00c041edf,Restaurant 177,7589 Main St,Philadelphia,CA,24530,44.243818,-97.509393,5.0,135,True,"Thai, Restaurants, Food",2024-01-01 00:00:00,2024-01-01
67aa8ed2-729f-43e6-852f-373057cc75a6,Restaurant 178,4872 Main St,Philadelphia,OH,10205,39.14062,-111.768967,4.0,1535,True,"American (New), Restaurants, Food",2024-01-01 00:00:00,2024-01-01
0e9dd086-3e85-4a97-be94-d44552d2af83,Restaurant 179,6008 Main St,Philadelphia,CA,78951,37.513885,-81.747322,5.0,4540,True,"Burgers, Restaurants, Food",2024-01-01 00:00:00,2024-01-01
fe9733f0-8e55-4d65-a146-bcb2484c30cb,Restaurant 180,7802 Main St,Philadelphia,PA,93318,33.89827,-104.468369,1.0,2926,True,"Chinese, Restaurants, Food",2024-01-01 00:00:00,2024-01-01
e561ab54-4e33-48eb-b46b-3a409d00923c,Restaurant 181,4050 Main St,Philadelphia,CA,86271,41.909301,-106.711477,1.0,2887,False,"Thai, Restaurants, Food",2024-01-01 00:00:00,2024-01-01
065dc5fd-8dd3-4ed0-a054-a3976b7fb023,Restaurant 182,7712 Main St,Philadelphia,AZ,92802,29.192394,-117.583108,4.5,303,False,"Mexican, Restaurants, Food",2024-01-01 00:00:00,2024-01-01
251b15a9-5276-426e-a095-bcf10d864deb,Restaurant 183,817 Main St,Philadelphia,NY,15492,32.258704,-107.945826,4.0,4449,False,"Italian, Restaurants, Food",2024-01-01 00:00:00,2024-01-01
6c488b5a-1b56-4287-9841-6d102265b707,Restaurant 184,699 Main St,Philadelphia,NY,47501,33.210406,-82.053714,3.5,2239,True,"Chinese, Restaurants, Food",2024-01-01 00:00:00,2024-01-01
c74b55b1-95cd-405f-9fdd-f4e39fb65311,Restaurant 185,7259 Main St,Philadelphia,OH,67637,45.576662,-103.734538,2.0,4065,False,"Chinese, Restaurants, Food",2024-01-01 00:00:00,2024-01-01
b1d937af-7773-4429-88e7-a72d04dc1b8e,Restaurant 186,8607 Main St,Philadelphia,FL,20828,41.72287,-120.659015,2.0,4469,False,"Chinese, Restaurants, Food",2024-01-01 00:00:00,2024-01-01
01090c19-9e45-424c-af9f-23351575352f,Restaurant 187,1780 Main St,Philadelphia,CA,52981,40.201142,-108.142728,4.0,1366,False,"Chinese, Restaurants, Food",2024-01-01 00:00:00,2024-01-01
af8468a4-30bb-461b-8e81-867623dd6a66,Restaurant 188,7425 Main St,Philadelphia,PA,56210,39.141584,-101.078272,1.0,615,False,"Chinese, Restaurants, Food",2024-01-01 00:00:00,2024-01-01
1ce7dcba-9d87-46f4-a052-4bb0e8167baf,Restaurant 189,8506 Main St,Philadelphia,TX,14081,28.283928,-91.58349,4.5,286,True,"Sushi, Restaurants, Food",2024-01-01 00:00:00,2024-01-01
9999ee1e-a326-4d53-9c17-7f176bd44cab,Restaurant 190,3966 Main St,Philadelphia,IL,57467,33.805651,-93.801545,2.0,3686,False,"Chinese, Restaurants, Food",2024-01-01 00:00:00,2024-01-01
74d4b6ee-66d1-495a-a81f-1b213e739b16,Restaurant 191,7373 Main St,Philadelphia,CA,85225,28.166987,-104.817753,3.5,2284,True,"Sushi, Restaurants, Food",2024-01-01 00:00:00,2024-01-01
f50f3422-d5ee-461a-af1c-9335191d7416,Restaurant 192,524 Main St,Philadelphia,TX,75410,36.908141,-74.755162,1.5,2145,False,"Coffee & Tea, Restaurants, Food",2024-01-01 00:00:00,2024-01-01
60bac4b7-e0e5-43d3-b1a0-952b377afe55,Restaurant 193,3615 Main St,Philadelphia,CO,47431,40.961555,-70.075414,2.5,1005,True,"Sushi, Restaurants, Food",2024-01-01 00:00:00,2024-01-01
96319705-637d-48ce-9de5-1b8c07d551f6,Restaurant 194,7506 Main St,Philadelphia,TX,68341,47.937035,-80.421773,3.5,2847,True,"American (New), Restaurants, Food",2024-01-01 00:00:00,2024-01-01
32963aaa-f3d9-478b-a170-8f13fe73a2ba,Restaurant 195,8982 Main St,Philadelphia,FL,49315,44.581327,-85.850499,2.0,2962,True,"Sushi, Restaurants, Food",2024-01-01 00:00:00,2024-01-01
0163a726-01f6-4164-9f9f-4413e6a3d1e0,Restaurant 196,3392 Main St,Philadelphia,TX,41029,43.17858,-123.554379,5.0,4689,False,"Coffee & Tea, Restaurants, Food",2024-01-01 00:00:00,2024-01-01
199633ef-2075-4cf2-b8db-c9c55849234c,Restaurant 197,9138 Main St,Philadelphia,TX,90209,45.337668,-121.383854,4.0,3922,False,"Burgers, Restaurants, Food",2024-01-01 00:00:00,2024-01-01
5f8cf778-64fe-4ea6-b01d-f468db522307,Restaurant 198,9519 Main St,Philadelphia,CA,26426,47.364734,-89.671378,4.5,3817,False,"Thai, Restaurants, Food",2024-01-01 00:00:00,2024-01-01
0edfe373-cedc-4b7e-876d-50e28961c02b,Restaurant 199,9132 Main St,Philadelphia,CO,33850,42.658978,-117.903187,5.0,454,True,"American (New), Restaurants, Food",2024-01-01 00:00:00,2024-01-01
634ec74e-634e-4dd0-ba87-c52f6dd80b36,Restaurant 200,2607 Main St,Philadelphia,FL,31581,28.72524,-73.589419,2.5,2835,False,"Sushi, Restaurants, Food",2024-01-01 00:00:00,2024-01-01
a75e2d77-f5a9-4ebb-a017-a1d1675389a0,Restaurant 201,4205 Main St,Philadelphia,NY,93238,46.996087,-109.905193,3.0,4371,True,"American (New), Restaurants, Food",2024-01-01 00:00:00,2024-01-01
ea870a94-b7d0-4c5b-9667-e7e12fbc0851,Restaurant 202,2862 Main St,Philadelphia,CO,86106,28.546468,-88.769692,3.5,4618,True,"Pizza, Restaurants, Food",2024-01-01 00:00:00,2024-01-01
0bc776f1-b987-4c4e-b426-3b679c00f561,Restaurant 203,1430 Main St,Philadelphia,PA,94076,42.733514,-110.443925,2.5,4687,False,"Seafood, Restaurants, Food",2024-01-01 00:00:00,2024-01-01
4d2a434a-a9bb-4fb8-b01f-5fe4ae326d57,Restaurant 204,596 Main St,Philadelphia,AZ,92203,37.548282,-89.695099,3.0,3957,True,"Burgers, Restaurants, Food",2024-01-01 00:00:00,2024-01-01
a7b8ca5c-13c6-42c0-8068-ea10c88436b4,Restaurant 205,4973 Main St,Philadelphia,AZ,19564,40.838112,-116.305575,4.0,3967,False,"Mexican, Restaurants, Food",2024-01-01 00:00:00,2024-01-01
1d06d842-8a30-4111-af5c-e7a71b3dc4b5,Restaurant 206,5673 Main St,Philadelphia,CO,28830,32.189397,-85.490041,3.5,3267,True,"Chinese, Restaurants, Food",2024-01-01 00:00:00,2024-01-01
f62ab0bb-f37e-4ad8-ae83-4ecfa135648f,Restaurant 207,8537 Main St,Philadelphia,WA,23917,32.339665,-99.344009,3.0,3684,True,"Thai, Restaurants, Food",2024-01-01 00:00:00,2024-01-01
5177a521-3308-43ad-a897-541bb5217ec3,Restaurant 208,1686 Main St,Philadelphia,PA,48038,46.743853,-77.470988,4.0,2034,True,"Chinese, Restaurants, Food",2024-01-01 00:00:00,2024-01-01
f3bb368a-4f52-4ffd-882c-b84395bdef26,Restaurant 209,9564 Main St,Philadelphia,IL,34881,42.551792,-97.595395,5.0,3825,False,"Italian, Restaurants, Food",2024-01-01 00:00:00,2024-01-01
0747e5b7-b4bc-4c89-8fc6-0262600d088b,Restaurant 210,8248 Main St,Philadelphia,PA,21802,46.740354,-97.200555,2.5,1763,False,"Pizza, Restaurants, Food",2024-01-01 00:00:00,2024-01-01
470fe510-c7ec-4191-b70d-77bbcc89260f,Restaurant 211,928 Main St,Philadelphia,FL,74866,38.742932,-78.643269,4.5,2341,True,"Sushi, Restaurants, Food",2024-01-01 00:00:00,2024-01-01
09bb7ae0-0c97-4ec7-ac77-fddca6f9eb9d,Restaurant 212,7160 Main St,Philadelphia,TX,44664,41.732685,-82.987878,3.5,371,False,"Pizza, Restaurants, Food",2024-01-01 00:00:00,2024-01-01
da5fa659-0076-4026-9d72-5e73d4143276,Restaurant 213,9443 Main St,Philadelphia,WA,35513,33.338047,-109.126907,4.0,4131,False,"American (New), Restaurants, Food",2024-01-01 00:00:00,2024-01-01
3afb5443-3794-4bec-885a-73ec99063de9,Restaurant 214,4682 Main St,Philadelphia,CO,99181,39.053992,-117.923514,1.5,3227,False,"Chinese, Restaurants, Food",2024-01-01 00:00:00,2024-01-01
4fe2aa30-75c1-471f-b82f-1be1c25a005b,Restaurant 215,9239 Main St,Philadelphia,IL,28909,29.578331,-96.998262,5.0,330,True,"Pizza, Restaurants, Food",2024-01-01 00:00:00,2024-01-01
c5c78217-78a4-48ce-91ab-c3b14ec7a684,Restaurant 216,2345 Main St,Philadelphia,IL,72094,36.944652,-116.808263,5.0,1146,False,"Seafood, Restaurants, Food",2024-01-01 00:00:00,2024-01-01
ee328c2e-9696-4a6d-9e79-ed012d49022f,Restaurant 217,5318 Main St,Philadelphia,TX,61505,47.784162,-84.337435,3.0,4864,False,"American (New), Restaurants, Food",2024-01-01 00:00:00,2024-01-01
216689e2-4041-4899-a989-df3f73debd27,Restaurant 218,8451 Main St,Philadelphia,WA,74205,41.301016,-108.511519,1.0,3018,False,"Sushi, Restaurants, Food",2024-01-01 00:00:00,2024-01-01
6f9f97f5-e941-429a-83c7-42d0a9e59684,Restaurant 219,6924 Main St,Philadelphia,CO,50327,43.325361,-85.107168,1.0,4890,False,"Italian, Restaurants, Food",2024-01-01 00:00:00,2024-01-01
53e230c7-815a-47f9-9cf7-b99477c82453,Restaurant 220,9577 Main St,Philadelphia,CO,39824,41.592203,-92.90622,2.0,4295,False,"Thai, Restaurants, Food",2024-01-01 00:00:00,2024-01-01
2d774ff3-f056-4a09-82a3-570f35f79621,Restaurant 221,4068 Main St,Philadelphia,PA,85047,46.808719,-118.955746,1.0,3613,False,"Burgers, Restaurants, Food",2024-01-01 00:00:00,2024-01-01
81fcde8d-e3fc-4355-8402-0897e184bc73,Restaurant 222,2581 Main St,Philadelphia,OH,36724,34.43868,-82.376523,4.5,511,True,"American (New), Restaurants, Food",2024-01-01 00:00:00,2024-01-01
8fe4077f-caa8-414c-bc99-ca6604aef6e1,Restaurant 223,3497 Main St,Philadelphia,WA,52604,47.956826,-98.689596,4.0,2571,True,"Coffee & Tea, Restaurants, Food",2024-01-01 00:00:00,2024-01-01
65a6c396-e722-469f-b0a7-be6c51fcdad2,Restaurant 224,8834 Main St,Philadelphia,IL,81601,33.148601,-82.540562,3.0,4998,False,"Mexican, Restaurants, Food",2024-01-01 00:00:00,2024-01-01
8870180c-8fb4-4e16-a709-fc8fc66341b0,Restaurant 225,4138 Main St,Philadelphia,FL,83149,31.865481,-73.218295,3.0,2368,True,"Coffee & Tea, Restaurants, Food",2024-01-01 00:00:00,2024-01-01
9f48c66d-495c-4261-8145-50fabc999aa2,Restaurant 226,5294 Main St,Philadelphia,AZ,55718,37.891215,-73.603304,3.0,2358,True,"Seafood, Restaurants, Food",2024-01-01 00:00:00,2024-01-01
c7d84f3f-4869-4a0f-9699-488a56597697,Restaurant 227,8999 Main St,Philadelphia,OH,61712,43.822682,-72.496513,2.0,2380,True,"Italian, Restaurants, Food",2024-01-01 00:00:00,2024-01-01
11e9cb99-ac06-4445-9d95-5b358a170b53,Restaurant 228,1394 Main St,Philadelphia,IL,67983,40.087357,-83.896383,2.5,1656,False,"American (New), Restaurants, Food",2024-01-01 00:00:00,2024-01-01
506360a0-94cb-4b16-abf2-a0d410712d99,Restaurant 229,4550 Main St,Philadelphia,TX,24316,39.160572,-92.724323,2.5,416,True,"Mexican, Restaurants, Food",2024-01-01 00:00:00,2024-01-01
d100a0f6-93b6-485d-82d9-d090701eb72b,Restaurant 230,960 Main St,Philadelphia,CA,64172,32.596753,-99.017785,2.0,43,True,"Burgers, Restaurants, Food",2024-01-01 00:00:00,2024-01-01
d62440c3-6480-4c98-9cb8-c6714f1808b2,Restaurant 231,7893 Main St,Philadelphia,AZ,95267,29.587487,-71.984728,3.5,2339,True,"Sushi, Restaurants, Food",2024-01-01 00:00:00,2024-01-01
353679c0-b6cf-4b88-8a6c-939619a08447,Restaurant 232,9506 Main St,Philadelphia,NY,80143,41.98979,-78.231679,1.0,1435,False,"Thai, Restaurants, Food",2024-01-01 00:00:00,2024-01-01
33bd0c64-8609-4bc7-9584-30cd8db6a3d0,Restaurant 233,695 Main St,Philadelphia,OH,74930,29.285168,-83.804824,3.0,307,True,"Italian, Restaurants, Food",2024-01-01 00:00:00,2024-01-01
6371e5ef-864a-4066-bee6-581995c38c66,Restaurant 234,9405 Main St,Philadelphia,CO,24064,46.354461,-106.572684,4.5,4451,False,"Thai, Restaurants, Food",2024-01-01 00:00:00,2024-01-01
5647ac52-1239-428e-a11f-706dafbd405e,Restaurant 235,8361 Main St,Philadelphia,AZ,45761,29.434662,-118.804428,2.0,3760,False,"Thai, Restaurants, Food",2024-01-01 00:00:00,2024-01-01
25a0eb54-5208-4418-9d3a-b5c847d45dd5,Restaurant 236,330 Main St,Philadelphia,IL,48669,38.058968,-83.349449,2.0,3322,False,"American (New), Restaurants, Food",2024-01-01 00:00:00,2024-01-01
76cd9655-f0fb-40e8-ad1d-c46909bb77be,Restaurant 237,5472 Main St,Philadelphia,CA,62538,40.392885,-114.837034,2.0,3912,False,"Mexican, Restaurants, Food",2024-01-01 00:00:00,2024-01-01
caee2cf1-dc31-4f24-995e-e658c409237e,Restaurant 238,211 Main St,Philadelphia,FL,60275,30.416989,-83.543384,3.5,2474,True,"Italian, Restaurants, Food",2024-01-01 00:00:00,2024-01-01
c9b1e53e-1290-451e-a352-412069e5b535,Restaurant 239,5990 Main St,Philadelphia,NY,18142,40.359081,-99.403275,2.0,3322,False,"Sushi, Restaurants, Food",2024-01-01 00:00:00,2024-01-01
c6e03976-ae30-4182-b08d-2cfcd7a10499,Restaurant 240,4933 Main St,Philadelphia,IL,90560,30.079533,-72.34517,4.5,1255,False,"Seafood, Restaurants, Food",2024-01-01 00:00:00,2024-01-01
b5ac4a25-3733-440f-962c-a916cb798d32,Restaurant 241,6221 Main St,Philadelphia,OH,81989,45.994328,-83.345721,2.5,2028,True,"American (New), Restaurants, Food",2024-01-01 00:00:00,2024-01-01
77c8f5c6-d153-453c-bac1-704982e849dd,Restaurant 242,7419 Main St,Philadelphia,WA,57419,26.796363,-93.97072,1.0,4487,True,"Seafood, Restaurants, Food",2024-01-01 00:00:00,2024-01-01
0651182b-1fad-4e0a-9835-9ea1d5aa9d4f,Restaurant 243,8892 Main St,Philadelphia,TX,31566,32.546706,-96.381215,1.5,1683,False,"Sushi, Restaurants, Food",2024-01-01 00:00:00,2024-01-01
9118ba18-f69f-48f6-9135-9c5cf3d5a515,Restaurant 244,8461 Main St,Philadelphia,AZ,17292,35.428943,-96.771369,4.5,4620,True,"American (New), Restaurants, Food",2024-01-01 00:00:00,2024-01-01
9e77426a-f99d-4e5a-a3fa-8b6fc17ba243,Restaurant 245,7675 Main St,Philadelphia,FL,12853,34.10682,-80.095073,2.5,4738,True,"Pizza, Restaurants, Food",2024-01-01 00:00:00,2024-01-01
b42d7de1-3ada-44a9-9689-75bae3bfed7f,Restaurant 246,7041 Main St,Philadelphia,IL,18357,37.446761,-121.68594,1.5,3868,True,"Italian, Restaurants, Food",2024-01-01 00:00:00,2024-01-01
cb5e4c74-475e-4d2c-bb5d-6f0de19f63f1,Restaurant 247,6798 Main St,Philadelphia,TX,27750,42.614037,-71.191669,4.0,3068,False,"Coffee & Tea, Restaurants, Food",2024-01-01 00:00:00,2024-01-01
0e35a8be-5adf-4d2f-9bef-39da829e1273,Restaurant 248,6284 Main St,Philadelphia,OH,20518,40.702798,-88.60141,5.0,1090,False,"Sushi, Restaurants, Food",2024-01-01 00:00:00,2024-01-01
be1bc014-a840-4f30-a48a-ffd420c9c627,Restaurant 249,3024 Main St,Philadelphia,WA,61518,37.163378,-84.967802,2.5,29,True,"Italian, Restaurants, Food",2024-01-01 00:00:00,2024-01-01
675718c0-56c6-462b-8ae9-19a224bd3e50,Restaurant 250,7685 Main St,Philadelphia,WA,65591,37.234473,-79.715176,2.5,3774,False,"Thai, Restaurants, Food",2024-01-01 00:00:00,2024-01-01
0203e5d7-3c6e-40c3-b47d-0139d21187f4,Restaurant 251,4616 Main St,Philadelphia,NY,24790,25.740998,-88.689127,1.0,1972,True,"Sushi, Restaurants, Food",2024-01-01 00:00:00,2024-01-01
0b66c9d0-846f-4caf-909e-317db4b1762a,Restaurant 252,1753 Main St,Philadelphia,CO,14400,35.268145,-88.0387,1.0,2005,True,"Burgers, Restaurants, Food",2024-01-01 00:00:00,2024-01-01
4ce90dc4-21f7-4d01-a00c-7bc039719b7e,Restaurant 253,7291 Main St,Philadelphia,NY,80747,29.997192,-77.494837,1.0,1148,False,"Mexican, Restaurants, Food",2024-01-01 00:00:00,2024-01-01
ff23761c-b19c-47b5-835e-fba3c9949a80,Restaurant 254,9538 Main St,Philadelphia,IL,85690,38.752107,-88.010745,3.5,1941,False,"Thai, Restaurants, Food",2024-01-01 00:00:00,2024-01-01
9415da49-717a-45c9-9cb1-a04230b67453,Restaurant 255,8640 Main St,Philadelphia,NY,64206,31.911522,-121.64733,2.0,3500,False,"Pizza, Restaurants, Food",2024-01-01 00:00:00,2024-01-01
5c48c9f0-00b2-4827-a304-2a43104237c0,Restaurant 256,5742 Main St,Philadelphia,OH,78742,32.330893,-102.102145,2.0,2457,False,"Thai, Restaurants, Food",2024-01-01 00:00:00,2024-01-01
4e083304-68b7-466b-83e1-8d5b67967bc0,Restaurant 257,8913 Main St,Philadelphia,AZ,41584,44.534841,-108.459497,2.0,3794,True,"American (New), Restaurants, Food",2024-01-01 00:00:00,2024-01-01
2b781ec0-a37d-4a22-a274-1ddd36ec3420,Restaurant 258,6861 Main St,Philadelphia,OH,83044,37.189812,-103.636952,3.0,1666,False,"Sushi, Restaurants, Food",2024-01-01 00:00:00,2024-01-01
d4b1ec5c-ee6e-49de-8b6e-dea80817b420,Restaurant 259,7469 Main St,Philadelphia,IL,22119,37.319617,-79.382654,1.0,2200,False,"Seafood, Restaurants, Food",2024-01-01 00:00:00,2024-01-01
3f96a85e-c90c-4670-970a-034799845a21,Restaurant 260,9978 Main St,Philadelphia,PA,19539,29.327756,-83.106697,5.0,1778,False,"Mexican, Restaurants, Food",2024-01-01 00:00:00,2024-01-01
a88afc7e-0cac-457d-be98-bdb5474e37a9,Restaurant 261,5555 Main St,Philadelphia,FL,12009,29.871579,-114.548697,1.5,3924,True,"Seafood, Restaurants, Food",2024-01-01 00:00:00,2024-01-01
71a8b90f-fadf-40f5-a3bb-ad6b12c5f71a,Restaurant 262,3450 Main St,Philadelphia,OH,41369,37.697824,-82.346736,4.0,3820,False,"Italian, Restaurants, Food",2024-01-01 00:00:00,2024-01-01
a4f4d3d8-8ddd-4e50-bd2f-a5e2c874810c,Restaurant 263,4385 Main St,Philadelphia,IL,77215,45.304675,-99.369776,4.5,2624,True,"Chinese, Restaurants, Food",2024-01-01 00:00:00,2024-01-01
934291e8-0340-4bac-a267-6a0d1b7afc2e,Restaurant 264,5226 Main St,Philadelphia,OH,15992,37.938069,-112.829925,2.0,133,False,"American (New), Restaurants, Food",2024-01-01 00:00:00,2024-01-01
8e5b919b-d088-4e5c-9f63-1f0881030bbb,Restaurant 265,9668 Main St,Philadelphia,CO,64732,31.789423,-114.209452,2.5,3112,True,"Coffee & Tea, Restaurants, Food",2024-01-01 00:00:00,2024-01-01
fe9048ac-13af-4e1a-875c-64967ba99e8a,Restaurant 266,9121 Main St,Philadelphia,IL,43728,42.557294,-98.125839,4.5,3776,True,"Chinese, Restaurants, Food",2024-01-01 00:00:00,2024-01-01
5bc72129-2a13-410b-8545-fc60032db419,Restaurant 267,2873 Main St,Philadelphia,TX,81636,36.231275,-74.570534,5.0,482,True,"Sushi, Restaurants, Food",2024-01-01 00:00:00,2024-01-01
61ff5a7c-5015-4d1d-b6f4-d055d4abdb92,Restaurant 268,894 Main St,Philadelphia,PA,64053,28.162305,-90.311409,1.5,1238,True,"Mexican, Restaurants, Food",2024-01-01 00:00:00,2024-01-01
079fcc3d-2113-4c2d-97b8-bae65f766873,Restaurant 269,8385 Main St,Philadelphia,AZ,58916,26.390353,-89.924927,4.5,3997,True,"Pizza, Restaurants, Food",2024-01-01 00:00:00,2024-01-01
9f31b217-8f0c-4252-a81a-dfef1a878f55,Restaurant 270,8819 Main St,Philadelphia,WA,63914,25.272572,-95.882029,3.0,4389,False,"Pizza, Restaurants, Food",2024-01-01 00:00:00,2024-01-01
066c9d62-9aa2-4113-91b7-17436f21c2c1,Restaurant 271,8328 Main St,Philadelphia,OH,33496,27.461378,-119.702736,2.0,1975,True,"Seafood, Restaurants, Food",2024-01-01 00:00:00,2024-01-01
288d2f9b-9d2c-487b-a31a-1bb0c1877fd6,Restaurant 272,8725 Main St,Philadelphia,FL,56457,31.148469,-103.170697,3.5,3327,False,"Seafood, Restaurants, Food",2024-01-01 00:00:00,2024-01-01
a4a737b7-05cc-4d68-b2cf-6837a2c87f8b,Restaurant 273,4084 Main St,Philadelphia,NY,49318,40.732957,-78.367309,1.0,766,False,"Burgers, Restaurants, Food",2024-01-01 00:00:00,2024-01-01
c02121ed-573b-4a93-b27c-7e61fc3798e3,Restaurant 274,6279 Main St,Philadelphia,WA,72390,26.290644,-124.480241,2.0,678,False,"Burgers, Restaurants, Food",2024-01-01 00:00:00,2024-01-01
49de81c9-db46-4023-b9b3-95bc33ac3880,Restaurant 275,5527 Main St,Philadelphia,CO,22499,45.580198,-74.446628,2.5,1732,False,"Italian, Restaurants, Food",2024-01-01 00:00:00,2024-01-01
d64ccfd5-d033-4596-b349-f89f35f48641,Restaurant 276,862 Main St,Philadelphia,CA,99709,46.288451,-75.537859,1.0,1470,False,"Pizza, Restaurants, Food",2024-01-01 00:00:00,2024-01-01
2f9a2f5b-dbcd-4cdb-813d-d62ffe6140d6,Restaurant 277,3494 Main St,Philadelphia,CO,28899,42.301853,-85.800873,4.0,631,False,"Thai, Restaurants, Food",2024-01-01 00:00:00,2024-01-01
728edd11-307d-472b-95b1-69e8bff5f75f,Restaurant 278,9339 Main St,Philadelphia,NY,84277,44.196963,-103.596387,5.0,2718,False,"Thai, Restaurants, Food",2024-01-01 00:00:00,2024-01-01
fe223133-da99-40aa-a11b-ba60e4dffca6,Restaurant 279,1384 Main St,Philadelphia,WA,55332,26.235018,-100.960146,1.5,2791,False,"Chinese, Restaurants, Food",2024-01-01 00:00:00,2024-01-01
edb795f2-99fa-41ec-ae8c-f7e5c26f025a,Restaurant 280,585 Main St,Philadelphia,FL,69054,36.283879,-105.430384,4.0,3538,True,"Seafood, Restaurants, Food",2024-01-01 00:00:00,2024-01-01
6f496bd3-c18b-494e-a328-d82855e1e291,Restaurant 281,6327 Main St,Philadelphia,CA,91083,31.793728,-111.445262,1.5,673,False,"Thai, Restaurants, Food",2024-01-01 00:00:00,2024-01-01
971fa6de-021c-4ea6-8114-b6c00ffcc8a1,Restaurant 282,6325 Main St,Philadelphia,TX,61068,32.283599,-119.1397,1.0,2526,False,"Chinese, Restaurants, Food",2024-01-01 00:00:00,2024-01-01
df38fb94-890b-4bcc-9527-d4a36b3b03b2,Restaurant 283,4519 Main St,Philadelphia,CA,27367,27.007836,-101.296127,5.0,4545,False,"Sushi, Restaurants, Food",2024-01-01 00:00:00,2024-01-01
9d6a8276-b15d-49a0-bb0c-1b1afd220794,Restaurant 284,530 Main St,Philadelphia,CA,56388,37.747056,-92.169149,3.5,3156,True,"Italian, Restaurants, Food",2024-01-01 00:00:00,2024-01-01
9b6140c7-5c11-4470-8ddd-28537492fb3b,Restaurant 285,6879 Main St,Philadelphia,OH,21101,41.671408,-94.22549,2.5,4686,True,"Burgers, Restaurants, Food",2024-01-01 00:00:00,2024-01-01
a97df63e-af03-4dfa-80f0-844ff375caae,Restaurant 286,2877 Main St,Philadelphia,TX,45247,31.926019,-97.878183,1.5,1370,False,"Italian, Restaurants, Food",2024-01-01 00:00:00,2024-01-01
5bb9c93a-9812-4406-b344-50656fe14af5,Restaurant 287,6999 Main St,Philadelphia,FL,73469,43.001332,-105.13813,2.5,4062,True,"Coffee & Tea, Restaurants, Food",2024-01-01 00:00:00,2024-01-01
38293ae8-e50b-4544-abea-b2e52f7872d2,Restaurant 288,1852 Main St,Philadelphia,TX,49932,25.155649,-103.236941,4.0,2700,False,"Chinese, Restaurants, Food",2024-01-01 00:00:00,2024-01-01
30bdf076-0f69-43c1-8a9f-26a5420d5f93,Restaurant 289,7155 Main St,Philadelphia,CO,27842,31.910012,-91.82338,2.5,3925,False,"Thai, Restaurants, Food",2024-01-01 00:00:00,2024-01-01
622bdd6c-92ab-4876-9b72-acc61d286b35,Restaurant 290,6624 Main St,Philadelphia,IL,48200,41.90211,-90.190365,2.5,2670,False,"Italian, Restaurants, Food",2024-01-01 00:00:00,2024-01-01
2c1ad821-4752-464d-8563-3a7497221e4a,Restaurant 291,6537 Main St,Philadelphia,IL,24927,46.437545,-114.010997,5.0,1474,True,"Coffee & Tea, Restaurants, Food",2024-01-01 00:00:00,2024-01-01
786a7a3f-2749-431e-983b-fdef7724ffb9,Restaurant 292,3534 Main St,Philadelphia,AZ,48185,44.119482,-121.196273,4.0,4091,True,"Italian, Restaurants, Food",2024-01-01 00:00:00,2024-01-01
3e0bf729-a729-42a5-9979-724545cac453,Restaurant 293,4065 Main St,Philadelphia,FL,96332,28.545294,-101.727962,4.0,606,False,"Seafood, Restaurants, Food",2024-01-01 00:00:00,2024-01-01
c2c700aa-34b0-47c8-a47e-25340aba399c,Restaurant 294,7951 Main St,Philadelphia,CO,62534,37.29045,-74.207734,4.0,4454,True,"Chinese, Restaurants, Food",2024-01-01 00:00:00,2024-01-01
58357869-9a06-48b6-afd9-d7aa8947f36c,Restaurant 295,8896 Main St,Philadelphia,CO,93647,46.031229,-118.984682,2.5,2909,True,"Seafood, Restaurants, Food",2024-01-01 00:00:00,2024-01-01
8d616c21-f974-4c22-89c4-24774c8422cb,Restaurant 296,825 Main St,Philadelphia,CO,94545,40.581854,-103.021024,3.5,3527,True,"Pizza, Restaurants, Food",2024-01-01 00:00:00,2024-01-01
3b71d12e-8a83-4316-bb97-de36877b4f00,Restaurant 297,1715 Main St,Philadelphia,FL,39098,36.745554,-96.466123,2.5,3652,False,"Burgers, Restaurants, Food",2024-01-01 00:00:00,2024-01-01
d5a2dee4-9113-4236-a6a3-6446db75a75d,Restaurant 298,7686 Main St,Philadelphia,CO,75597,28.467133,-70.12635,4.5,857,False,"Burgers, Restaurants, Food",2024-01-01 00:00:00,2024-01-01
68b932e7-111c-414d-b0d1-d9e0dfdb5d4f,Restaurant 299,1506 Main St,Philadelphia,CA,28569,33.011559,-106.131333,2.5,4269,False,"Chinese, Restaurants, Food",2024-01-01 00:00:00,2024-01-01
684cdc82-91ca-42b7-9336-de28c0cc8756,Restaurant 300,7901 Main St,Philadelphia,CA,67431,41.605861,-100.115404,1.5,2460,True,"Sushi, Restaurants, Food",2024-01-01 00:00:00,2024-01-01
0b71697b-203a-4aea-8aae-0b47b0b854a4,Restaurant 301,470 Main St,Philadelphia,IL,94930,27.515342,-80.997243,2.5,4228,True,"American (New), Restaurants, Food",2024-01-01 00:00:00,2024-01-01
6b6120a4-4640-4e7d-ba88-1d967cdbdec7,Restaurant 302,2723 Main St,Philadelphia,IL,83380,34.806496,-99.587021,4.0,1512,True,"Burgers, Restaurants, Food",2024-01-01 00:00:00,2024-01-01
02ba7431-70fd-4b5a-a936-a897f61f76e2,Restaurant 303,6581 Main St,Philadelphia,PA,90492,45.31124,-100.273374,4.0,3186,True,"Mexican, Restaurants, Food",2024-01-01 00:00:00,2024-01-01
d6b12b3c-b02d-437b-ada6-1555b74a18d7,Restaurant 304,3471 Main St,Philadelphia,FL,18200,38.279002,-81.02737,5.0,1532,False,"Chinese, Restaurants, Food",2024-01-01 00:00:00,2024-01-01
1768a42b-6a3e-4789-887d-345d5038a987,Restaurant 305,3328 Main St,Philadelphia,AZ,24936,31.034128,-77.55499,5.0,2568,False,"Seafood, Restaurants, Food",2024-01-01 00:00:00,2024-01-01
c91f0492-e374-448f-9ff5-59ebeb42f7af,Restaurant 306,6531 Main St,Philadelphia,CO,24972,33.002267,-78.496521,2.0,2437,True,"Thai, Restaurants, Food",2024-01-01 00:00:00,2024-01-01
abd35160-b08e-4392-a2f1-e80e859c16a7,Restaurant 307,5231 Main St,Philadelphia,CA,41270,32.02374,-114.932551,2.0,4185,False,"Burgers, Restaurants, Food",2024-01-01 00:00:00,2024-01-01
16d9d5ff-641b-4b36-a4f4-3ca18e4c50af,Restaurant 308,9871 Main St,Philadelphia,TX,85340,33.825329,-114.783547,5.0,1420,True,"Coffee & Tea, Restaurants, Food",2024-01-01 00:00:00,2024-01-01
0b92d1fd-fab3-4069-82b0-6e60f8d6a16a,Restaurant 309,4832 Main St,Philadelphia,TX,34523,32.23534,-100.194947,1.0,2942,True,"Coffee & Tea, Restaurants, Food",2024-01-01 00:00:00,2024-01-01
b87ada2e-41fc-46d0-8c45-9bd99575ca3a,Restaurant 310,2336 Main St,Philadelphia,NY,60324,47.168069,-97.200909,4.5,3352,False,"Burgers, Restaurants, Food",2024-01-01 00:00:00,2024-01-01
e410ee9f-6717-409e-a90d-878240431333,Restaurant 311,7372 Main St,Philadelphia,AZ,31922,26.901424,-123.302661,2.5,2393,True,"Italian, Restaurants, Food",2024-01-01 00:00:00,2024-01-01
ad721e79-2536-4bd0-864b-ed435d81c8b7,Restaurant 312,3783 Main St,Philadelphia,WA,47836,28.868806,-99.847324,4.5,4504,True,"Seafood, Restaurants, Food",2024-01-01 00:00:00,2024-01-01
0c48462c-2d39-415b-872f-ab8c637b5739,Restaurant 313,1971 Main St,Philadelphia,FL,81186,43.935505,-104.822603,1.0,3616,True,"Burgers, Restaurants, Food",2024-01-01 00:00:00,2024-01-01
fad6bf46-cf2e-4ece-a7e3-97c2a1ca7103,Restaurant 314,1777 Main St,Philadelphia,NY,49021,45.120626,-123.227328,3.0,2856,True,"Coffee & Tea, Restaurants, Food",2024-01-01 00:00:00,2024-01-01
f6ff3cd3-be23-4c66-bbfe-90acaf1dbd1c,Restaurant 315,2023 Main St,Philadelphia,NY,37509,43.646162,-92.664186,3.5,5000,False,"Thai, Restaurants, Food",2024-01-01 00:00:00,2024-01-01
51574129-05a3-4c6c-ad79-2db0a1cc99dd,Restaurant 316,2381 Main St,Philadelphia,NY,37124,43.525131,-93.645911,5.0,2303,True,"Chinese, Restaurants, Food",2024-01-01 00:00:00,2024-01-01
0df0a013-135b-442b-9e5e-35d2db23196b,Restaurant 317,4894 Main St,Philadelphia,FL,85069,31.148891,-77.809074,1.5,1111,False,"Pizza, Restaurants, Food",2024-01-01 00:00:00,2024-01-01
2973a8bf-cd8c-4ce6-814c-c740b07881a6,Restaurant 318,4643 Main St,Philadelphia,TX,27392,30.742577,-85.873283,2.5,3218,False,"Thai, Restaurants, Food",2024-01-01 00:00:00,2024-01-01
4b31eab3-2264-4fcf-8bff-491518216981,Restaurant 319,9560 Main St,Philadelphia,FL,92288,34.527177,-100.140455,1.5,3301,False,"Chinese, Restaurants, Food",2024-01-01 00:00:00,2024-01-01
4ab75392-4df5-4319-9697-4e9dd70d7d87,Restaurant 320,7549 Main St,Philadelphia,AZ,52898,38.384978,-77.210073,1.5,3756,False,"Sushi, Restaurants, Food",2024-01-01 00:00:00,2024-01-01
941ae802-d5e7-4433-946f-464730755c90,Restaurant 321,8856 Main St,Philadelphia,OH,38551,47.266957,-79.633379,4.5,2200,False,"Italian, Restaurants, Food",2024-01-01 00:00:00,2024-01-01
b684bf9f-7a63-4f2e-b628-3c1b03da2c12,Restaurant 322,5633 Main St,Philadelphia,WA,85750,28.003668,-78.116758,3.5,397,True,"Sushi, Restaurants, Food",2024-01-01 00:00:00,2024-01-01
0961ee01-9cd1-4b42-95cd-a5aa84ed6280,Restaurant 323,7629 Main St,Philadelphia,PA,26284,46.376956,-116.310907,4.5,6,False,"Mexican, Restaurants, Food",2024-01-01 00:00:00,2024-01-01
54d322c7-569a-4273-839b-4e1d6a4085bd,Restaurant 324,2261 Main St,Philadelphia,FL,30837,45.111737,-76.787273,1.5,2953,False,"Sushi, Restaurants, Food",2024-01-01 00:00:00,2024-01-01
fd16d193-73de-4c9b-8dca-c12bba9b8663,Restaurant 325,6192 Main St,Philadelphia,TX,16787,34.115856,-108.196992,2.5,3517,True,"Sushi, Restaurants, Food",2024-01-01 00:00:00,2024-01-01
56ea1ba4-651f-412e-8080-50ddd4271e27,Restaurant 326,117 Main St,Philadelphia,NY,72496,26.792591,-92.347628,5.0,3646,True,"Pizza, Restaurants, Food",2024-01-01 00:00:00,2024-01-01
793db73c-2384-41c3-b575-3f11e03c95b0,Restaurant 327,5729 Main St,Philadelphia,CA,65353,40.962713,-98.726487,2.5,3139,True,"Sushi, Restaurants, Food",2024-01-01 00:00:00,2024-01-01
36b4cfb5-6128-4bdd-91b9-27c60dbffd0d,Restaurant 328,1790 Main St,Philadelphia,IL,58177,45.262747,-117.457889,2.0,1171,True,"American (New), Restaurants, Food",2024-01-01 00:00:00,2024-01-01
1a916e76-88a9-46ec-93d3-b3dd8151bc55,Restaurant 329,9328 Main St,Philadelphia,PA,89995,39.950465,-100.794532,2.5,1241,False,"Seafood, Restaurants, Food",2024-01-01 00:00:00,2024-01-01
d910e224-61c9-4140-a64c-618d1dc93073,Restaurant 330,7348 Main St,Philadelphia,NY,21362,45.621638,-117.299277,1.5,4830,False,"Chinese, Restaurants, Food",2024-01-01 00:00:00,2024-01-01
82acab3b-09c6-4b99-a338-8fe7ce949381,Restaurant 331,7135 Main St,Philadelphia,IL,28327,30.699087,-89.545869,2.5,4534,False,"Pizza, Restaurants, Food",2024-01-01 00:00:00,2024-01-01
12f16d9a-5a6a-4fd5-b81a-4e7f8651d940,Restaurant 332,5042 Main St,Philadelphia,NY,77862,38.959318,-114.624441,4.0,2422,True,"Mexican, Restaurants, Food",2024-01-01 00:00:00,2024-01-01
7cdbfd80-2f39-44f1-8a61-1d20b2c73a65,Restaurant 333,8208 Main St,Philadelphia,OH,24777,30.54488,-89.905472,1.5,4328,True,"Chinese, Restaurants, Food",2024-01-01 00:00:00,2024-01-01
464b3fef-f733-4d18-a81e-0959059743c4,Restaurant 334,5285 Main St,Philadelphia,TX,60703,44.798722,-93.739079,3.5,4476,True,"Coffee & Tea, Restaurants, Food",2024-01-01 00:00:00,2024-01-01
d759c867-ce46-4ebd-960d-86131694d418,Restaurant 335,1295 Main St,Philadelphia,PA,86986,26.553249,-110.57981,1.0,496,False,"American (New), Restaurants, Food",2024-01-01 00:00:00,2024-01-01
1450b992-ae40-4f08-ac9b-181ed7f32aba,Restaurant 336,4793 Main St,Philadelphia,WA,64451,34.74223,-102.874742,5.0,4405,True,"Italian, Restaurants, Food",2024-01-01 00:00:00,2024-01-01
5f7bb3d6-030c-4b86-8d36-01e51dbd226d,Restaurant 337,1469 Main St,Philadelphia,FL,20357,36.760008,-113.824138,2.0,4395,False,"Burgers, Restaurants, Food",2024-01-01 00:00:00,2024-01-01
d12306f1-094a-46f5-9d6c-c440ffab1f29,Restaurant 338,9708 Main St,Philadelphia,CA,50654,41.069545,-84.852289,2.5,475,True,"Sushi, Restaurants, Food",2024-01-01 00:00:00,2024-01-01
ea0a15b8-0d7d-491b-8113-d407145deb2f,Restaurant 339,7218 Main St,Philadelphia,CA,69424,39.082826,-121.973426,2.0,979,True,"Thai, Restaurants, Food",2024-01-01 00:00:00,2024-01-01
ae22d53a-67f2-43b2-85e1-5fd3a9c2c809,Restaurant 340,285 Main St,Philadelphia,TX,75065,46.919373,-96.234705,3.0,1368,False,"Thai, Restaurants, Food",2024-01-01 00:00:00,2024-01-01
1f99d8cc-45f8-4268-b25d-25e219d2a681,Restaurant 341,4503 Main St,Philadelphia,CA,13847,32.705254,-101.387149,5.0,524,False,"Seafood, Restaurants, Food",2024-01-01 00:00:00,2024-01-01
626dcbfd-cfa9-498a-b59b-2481288a958c,Restaurant 342,1362 Main St,Philadelphia,AZ,69663,36.747983,-121.950849,2.0,3013,True,"Italian, Restaurants, Food",2024-01-01 00:00:00,2024-01-01
53113463-5756-47f1-9100-97d044972194,Restaurant 343,1785 Main St,Philadelphia,CO,98358,41.623903,-112.437757,5.0,22,True,"Pizza, Restaurants, Food",2024-01-01 00:00:00,2024-01-01
352a8931-cee8-43b6-bfa5-f4ad5c9bfb69,Restaurant 344,4106 Main St,Philadelphia,PA,71835,33.371459,-74.38754,2.0,290,False,"Mexican, Restaurants, Food",2024-01-01 00:00:00,2024-01-01
180960e6-f823-4317-9f3e-438b57ef4c5c,Restaurant 345,5372 Main St,Philadelphia,NY,64559,46.06466,-107.403567,1.5,4683,False,"Sushi, Restaurants, Food",2024-01-01 00:00:00,2024-01-01
4ab00b8f-44be-433c-9800-24db8f7b8b7c,Restaurant 346,8325 Main St,Philadelphia,PA,33507,30.133256,-96.632423,1.0,3285,True,"Coffee & Tea, Restaurants, Food",2024-01-01 00:00:00,2024-01-01
16b27334-25fd-4172-ab5c-8744141dc4e5,Restaurant 347,4725 Main St,Philadelphia,FL,52899,26.986867,-99.87896,3.5,1644,False,"Seafood, Restaurants, Food",2024-01-01 00:00:00,2024-01-01
507ee648-1869-4188-ab66-947ca2263c4d,Restaurant 348,5079 Main St,Philadelphia,CO,41795,35.670314,-92.456999,4.5,1601,True,"Thai, Restaurants, Food",2024-01-01 00:00:00,2024-01-01
f1c175e7-8430-4b1f-90b9-53ee97196ab0,Restaurant 349,204 Main St,Philadelphia,OH,13133,30.358948,-105.946697,1.0,2745,True,"Burgers, Restaurants, Food",2024-01-01 00:00:00,2024-01-01
1d8cea2a-2740-4ffc-a448-fa0114935103,Restaurant 350,5138 Main St,Philadelphia,CA,36895,37.185733,-111.900782,4.5,491,True,"Italian, Restaurants, Food",2024-01-01 00:00:00,2024-01-01
ebc7c741-e15d-4a30-9b34-19c77540b080,Restaurant 351,1624 Main St,Philadelphia,PA,40339,45.637612,-96.413243,3.5,3756,True,"Seafood, Restaurants, Food",2024-01-01 00:00:00,2024-01-01
b270fc05-7615-46f7-850e-6c9220fc84a5,Restaurant 352,1665 Main St,Philadelphia,WA,27499,39.655961,-103.310679,1.0,3564,True,"Mexican, Restaurants, Food",2024-01-01 00:00:00,2024-01-01
b8436708-7752-4b82-a942-fedc2b1f7e88,Restaurant 353,4878 Main St,Philadelphia,FL,51288,46.298965,-103.387603,3.5,2606,False,"Italian, Restaurants, Food",2024-01-01 00:00:00,2024-01-01
16a7e1dd-fea8-4d1d-9737-8100fe297cea,Restaurant 354,3927 Main St,Philadelphia,CA,36569,28.130572,-82.641936,1.5,1274,True,"Thai, Restaurants, Food",2024-01-01 00:00:00,2024-01-01
be8b0ae4-f295-4ebb-ac32-9f74fa2c6ae7,Restaurant 355,7465 Main St,Philadelphia,AZ,51160,34.349789,-95.52415,2.5,3703,False,"Coffee & Tea, Restaurants, Food",2024-01-01 00:00:00,2024-01-01
4dee1f26-62d4-4bcd-9636-eab92e59cce8,Restaurant 356,4441 Main St,Philadelphia,CA,21851,28.625154,-87.266984,1.0,1762,False,"Thai, Restaurants, Food",2024-01-01 00:00:00,2024-01-01
32e8743d-c22c-4dab-a02a-7cf89e146053,Restaurant 357,1594 Main St,Philadelphia,NY,56627,34.113623,-122.307716,3.0,2132,True,"Pizza, Restaurants, Food",2024-01-01 00:00:00,2024-01-01
b29a272d-fe1c-47ad-8625-bf9600ff2486,Restaurant 358,6725 Main St,Philadelphia,AZ,82869,42.205804,-111.258105,4.5,835,True,"Sushi, Restaurants, Food",2024-01-01 00:00:00,2024-01-01
bfe97d56-ce3b-48a4-a011-b7ca0fda89d5,Restaurant 359,295 Main St,Philadelphia,PA,39135,28.00645,-79.697962,3.5,689,False,"Sushi, Restaurants, Food",2024-01-01 00:00:00,2024-01-01
34ad6596-3eb3-440d-9942-b64c30d06c56,Restaurant 360,457 Main St,Philadelphia,CA,35919,45.75741,-100.611277,2.0,754,False,"Sushi, Restaurants, Food",2024-01-01 00:00:00,2024-01-01
331e5f36-037e-44df-a3bf-55f8282b7d13,Restaurant 361,799 Main St,Philadelphia,AZ,16637,28.863752,-93.436369,4.0,4065,True,"Burgers, Restaurants, Food",2024-01-01 00:00:00,2024-01-01
b007ff0c-84c4-44af-821f-6505a4f3d905,Restaurant 362,7090 Main St,Philadelphia,TX,56392,29.93847,-114.706689,3.0,3654,True,"Pizza, Restaurants, Food",2024-01-01 00:00:00,2024-01-01
d49aff6c-5352-4ffd-8a3e-99b3fd95fe19,Restaurant 363,4126 Main St,Philadelphia,FL,75390,34.475821,-94.712123,1.0,719,False,"Burgers, Restaurants, Food",2024-01-01 00:00:00,2024-01-01
0c6483ba-94a5-4e81-abaf-42a59260c608,Restaurant 364,2348 Main St,Philadelphia,OH,36143,39.781008,-81.154113,2.5,4454,True,"Burgers, Restaurants, Food",2024-01-01 00:00:00,2024-01-01
de721f86-bd5b-4336-9df0-d918ab1c1ee5,Restaurant 365,5983 Main St,Philadelphia,AZ,81371,42.973007,-106.078123,5.0,2635,False,"Italian, Restaurants, Food",2024-01-01 00:00:00,2024-01-01
dd0f799b-5a70-4977-aca2-8ae9e78e2d2f,Restaurant 366,3046 Main St,Philadelphia,PA,51795,38.733676,-123.38831,3.0,480,False,"American (New), Restaurants, Food",2024-01-01 00:00:00,2024-01-01
c4cfb25e-27a9-4fba-9ed9-0f21f19a38cd,Restaurant 367,5956 Main St,Philadelphia,CO,40508,47.401537,-119.492611,2.5,2184,True,"Mexican, Restaurants, Food",2024-01-01 00:00:00,2024-01-01
44597cfb-af85-46aa-80e1-9df5bc6e74a5,Restaurant 368,9532 Main St,Philadelphia,OH,56504,46.509739,-70.465194,2.0,1443,True,"Seafood, Restaurants, Food",2024-01-01 00:00:00,2024-01-01
c5c1aadd-b84c-4e29-bbb0-05b644ac798d,Restaurant 369,5310 Main St,Philadelphia,IL,87537,25.648751,-86.469156,2.0,4613,True,"Coffee & Tea, Restaurants, Food",2024-01-01 00:00:00,2024-01-01
a48fcbad-54a5-4401-8da6-b971eceacf01,Restaurant 370,8982 Main St,Philadelphia,FL,33010,36.280038,-120.035844,2.5,4929,True,"Pizza, Restaurants, Food",2024-01-01 00:00:00,2024-01-01
fb1b05aa-5b04-4b70-908e-ee87d07e747b,Restaurant 371,8725 Main St,Philadelphia,AZ,10089,32.629882,-91.222588,2.0,2792,True,"Chinese, Restaurants, Food",2024-01-01 00:00:00,2024-01-01
6f032ca7-af0f-4329-956e-97bb5bf3d0a1,Restaurant 372,1075 Main St,Philadelphia,PA,29360,38.492011,-74.552672,1.5,4312,False,"Sushi, Restaurants, Food",2024-01-01 00:00:00,2024-01-01
6d4eb3bd-bfc9-4bbe-918f-5f32d000f7b0,Restaurant 373,6220 Main St,Philadelphia,OH,86810,27.32374,-108.402917,2.0,1291,False,"Coffee & Tea, Restaurants, Food",2024-01-01 00:00:00,2024-01-01
0c848203-2ee0-45af-8c90-fcaa6129acff,Restaurant 374,5298 Main St,Philadelphia,TX,83659,40.951889,-73.913514,3.5,1829,True,"Burgers, Restaurants, Food",2024-01-01 00:00:00,2024-01-01
49a9c628-d778-4019-84a9-edb9ce4c051d,Restaurant 375,5126 Main St,Philadelphia,FL,26691,29.087291,-124.901115,4.0,4649,True,"Thai, Restaurants, Food",2024-01-01 00:00:00,2024-01-01
4a16d004-97e9-4e4e-86d1-55526e348527,Restaurant 376,9969 Main St,Philadelphia,IL,90134,30.080591,-93.894736,4.5,1153,False,"Sushi, Restaurants, Food",2024-01-01 00:00:00,2024-01-01
959ee339-0172-4d60-94ab-2121e6e90357,Restaurant 377,3999 Main St,Philadelphia,IL,51879,28.861411,-76.307386,1.5,2751,False,"Pizza, Restaurants, Food",2024-01-01 00:00:00,2024-01-01
1d140dd2-1477-4ba9-b6bf-8798756b6199,Restaurant 378,4445 Main St,Philadelphia,NY,42707,40.94305,-105.723536,1.5,11,True,"Burgers, Restaurants, Food",2024-01-01 00:00:00,2024-01-01
871c656d-cbfa-4c2f-b2b4-8c001a921c89,Restaurant 379,7279 Main St,Philadelphia,OH,31802,45.344696,-97.88049,4.0,2878,False,"Sushi, Restaurants, Food",2024-01-01 00:00:00,2024-01-01
1049731b-f8c8-4257-8315-e45e89676bd0,Restaurant 380,7955 Main St,Philadelphia,CO,95323,42.439602,-112.59295,4.5,604,True,"Italian, Restaurants, Food",2024-01-01 00:00:00,2024-01-01
34215512-7a10-4e42-9120-d6c1f16ec78e,Restaurant 381,428 Main St,Philadelphia,IL,44226,46.888229,-120.918978,2.0,3076,True,"Sushi, Restaurants, Food",2024-01-01 00:00:00,2024-01-01
de5b3a8b-08c5-433a-a8c7-eb5e68da1e84,Restaurant 382,9062 Main St,Philadelphia,CA,54295,38.662703,-91.24954,4.5,254,False,"Thai, Restaurants, Food",2024-01-01 00:00:00,2024-01-01
1f91dda0-03c5-4767-9f96-1a958eb68a74,Restaurant 383,7213 Main St,Philadelphia,TX,17019,27.32893,-113.694724,2.5,3353,False,"Italian, Restaurants, Food",2024-01-01 00:00:00,2024-01-01
136f3e33-7563-4f27-89d7-b708276f7a5e,Restaurant 384,4972 Main St,Philadelphia,NY,22571,26.141615,-93.552661,4.5,1259,True,"Chinese, Restaurants, Food",2024-01-01 00:00:00,2024-01-01
edd7d8bd-63fd-440b-9448-1ec3c07bcde0,Restaurant 385,162 Main St,Philadelphia,OH,21485,31.774637,-88.588888,4.5,1636,True,"Pizza, Restaurants, Food",2024-01-01 00:00:00,2024-01-01
29f0b988-affb-4093-b54e-172b2cfe1ad8,Restaurant 386,3490 Main St,Philadelphia,TX,93648,31.711664,-120.493515,1.5,2527,False,"Coffee & Tea, Restaurants, Food",2024-01-01 00:00:00,2024-01-01
c7df6bcc-3ca0-4018-a526-e6b811b36fe5,Restaurant 387,8113 Main St,Philadelphia,FL,21945,39.762927,-103.686009,3.5,3125,False,"Thai, Restaurants, Food",2024-01-01 00:00:00,2024-01-01
8c0e0dbc-73b6-4b90-8c72-cbaab8192c55,Restaurant 388,7403 Main St,Philadelphia,PA,44510,35.11403,-110.512955,3.0,4623,True,"Thai, Restaurants, Food",2024-01-01 00:00:00,2024-01-01
913126a1-03e8-4657-aa9c-838b260d7bad,Restaurant 389,1684 Main St,Philadelphia,CA,97574,32.907202,-95.220305,2.5,4536,True,"Burgers, Restaurants, Food",2024-01-01 00:00:00,2024-01-01
224cfd3c-eb69-439d-a255-76d9187b81d4,Restaurant 390,8661 Main St,Philadelphia,OH,80190,40.802562,-73.500121,2.5,3902,False,"Sushi, Restaurants, Food",2024-01-01 00:00:00,2024-01-01
4330c405-4dd6-4842-b63f-ad1ee2b3f0a4,Restaurant 391,6568 Main St,Philadelphia,PA,75811,38.138059,-96.575043,2.0,986,False,"Thai, Restaurants, Food",2024-01-01 00:00:00,2024-01-01
1ebf0d78-fcae-486e-a690-6ca1556d30bd,Restaurant 392,2838 Main St,Philadelphia,NY,35260,27.902278,-101.714381,4.0,1655,True,"Seafood, Restaurants, Food",2024-01-01 00:00:00,2024-01-01
96f53180-ba0d-4efa-ac65-3cd978378c18,Restaurant 393,4325 Main St,Philadelphia,IL,18783,27.001631,-94.399969,5.0,2672,False,"American (New), Restaurants, Food",2024-01-01 00:00:00,2024-01-01
36d9ce30-dda7-4133-b3fa-cf7f4d8b3e74,Restaurant 394,7606 Main St,Philadelphia,PA,91665,38.51425,-82.007289,1.5,3396,True,"Thai, Restaurants, Food",2024-01-01 00:00:00,2024-01-01
90fad54d-5356-4748-a873-66024d5fd74f,Restaurant 395,9383 Main St,Philadelphia,CO,86372,42.44268,-73.319251,1.5,4610,True,"Italian, Restaurants, Food",2024-01-01 00:00:00,2024-01-01
c2e01af7-1e19-442c-9672-73cd8160b3cf,Restaurant 396,8875 Main St,Philadelphia,IL,63856,31.075142,-88.986678,4.5,307,True,"Italian, Restaurants, Food",2024-01-01 00:00:00,2024-01-01
fbf5f91e-7fdb-4083-9868-f3d21401c421,Restaurant 397,6702 Main St,Philadelphia,TX,91034,38.999071,-86.848631,1.0,3243,False,"Mexican, Restaurants, Food",2024-01-01 00:00:00,2024-01-01
6ca2dd9f-e5bc-4212-ac40-7db6e0cc3f01,Restaurant 398,907 Main St,Philadelphia,AZ,45203,45.631721,-123.887191,3.0,2548,False,"Coffee & Tea, Restaurants, Food",2024-01-01 00:00:00,2024-01-01
2ce46e86-6c14-4f63-8243-80679d286b48,Restaurant 399,1709 Main St,Philadelphia,NY,27614,31.91105,-84.0952,3.5,2208,False,"Seafood, Restaurants, Food",2024-01-01 00:00:00,2024-01-01
8b481235-ee04-4e01-b594-2a278eaec2a3,Restaurant 400,1562 Main St,Philadelphia,NY,67896,29.861982,-79.681681,4.5,4232,False,"Pizza, Restaurants, Food",2024-01-01 00:00:00,2024-01-01
62206523-1f84-4d1e-8f16-06671e7729b8,Restaurant 401,8542 Main St,Philadelphia,TX,18600,32.155831,-97.12626,2.0,4295,True,"Thai, Restaurants, Food",2024-01-01 00:00:00,2024-01-01
19ec6f2a-8d7a-4f4c-81b2-d98cb463b3a8,Restaurant 402,3258 Main St,Philadelphia,NY,17553,30.738276,-99.895323,3.5,1632,False,"Chinese, Restaurants, Food",2024-01-01 00:00:00,2024-01-01
32d2366f-bec8-42c2-b2f4-f13406e9b27d,Restaurant 403,7705 Main St,Philadelphia,WA,62028,39.614426,-118.186993,1.0,1982,False,"Coffee & Tea, Restaurants, Food",2024-01-01 00:00:00,2024-01-01
35a4701d-9d43-4dad-8efb-48cf44dacd42,Restaurant 404,9832 Main St,Philadelphia,AZ,33276,47.091969,-98.897974,5.0,2866,False,"Thai, Restaurants, Food",2024-01-01 00:00:00,2024-01-01
ea31c191-14c0-4467-8c07-f48236f18437,Restaurant 405,4337 Main St,Philadelphia,CA,47364,25.631361,-122.269193,2.5,1814,True,"Mexican, Restaurants, Food",2024-01-01 00:00:00,2024-01-01
d5a4ccc7-bc73-4fd1-8686-a1e6a4957b2d,Restaurant 406,4508 Main St,Philadelphia,OH,77276,25.461204,-82.083298,1.0,3884,True,"Thai, Restaurants, Food",2024-01-01 00:00:00,2024-01-01
f6c6d37e-5139-4fd1-978a-a3b87083a7bf,Restaurant 407,9949 Main St,Philadelphia,PA,39329,30.80498,-80.720294,3.0,2256,False,"Burgers, Restaurants, Food",2024-01-01 00:00:00,2024-01-01
c758c09e-f198-43af-aba4-fecd75f2035d,Restaurant 408,5813 Main St,Philadelphia,AZ,43029,30.018808,-108.38202,5.0,3254,True,"Pizza, Restaurants, Food",2024-01-01 00:00:00,2024-01-01
a08778b4-f199-4878-a9bc-54141258d887,Restaurant 409,8480 Main St,Philadelphia,IL,83591,39.888869,-91.502244,3.0,886,False,"Sushi, Restaurants, Food",2024-01-01 00:00:00,2024-01-01
5107cead-4e26-4481-9b12-ab6082d54ef5,Restaurant 410,5609 Main St,Philadelphia,FL,93964,32.478153,-109.771329,3.0,1544,True,"American (New), Restaurants, Food",2024-01-01 00:00:00,2024-01-01
ecb30a9a-b276-4623-9a3f-d53ec3308349,Restaurant 411,4037 Main St,Philadelphia,PA,88647,34.294264,-107.422784,2.0,209,False,"Italian, Restaurants, Food",2024-01-01 00:00:00,2024-01-01
069d043f-eb4a-4205-83ed-399a7dc6995d,Restaurant 412,4350 Main St,Philadelphia,OH,63031,33.930323,-123.057455,2.5,2812,True,"American (New), Restaurants, Food",2024-01-01 00:00:00,2024-01-01
65f435e8-b84b-47e4-9c8e-37391212ec33,Restaurant 413,7894 Main St,Philadelphia,IL,76494,31.904481,-115.650733,5.0,1484,False,"Sushi, Restaurants, Food",2024-01-01 00:00:00,2024-01-01
895c6667-0fdc-4ea8-861c-daa49ac7ecc6,Restaurant 414,7813 Main St,Philadelphia,TX,43902,41.679293,-94.253259,2.0,2750,True,"Mexican, Restaurants, Food",2024-01-01 00:00:00,2024-01-01
a0c2504d-5cfc-4561-95d6-1ed407a24aeb,Restaurant 415,5920 Main St,Philadelphia,NY,50250,34.670869,-76.223605,3.5,2135,False,"Coffee & Tea, Restaurants, Food",2024-01-01 00:00:00,2024-01-01
7aafa5e7-2fca-464b-9972-83ab318b8982,Restaurant 416,2029 Main St,Philadelphia,AZ,17035,44.927048,-92.903396,1.5,3869,True,"American (New), Restaurants, Food",2024-01-01 00:00:00,2024-01-01
b936054f-fd52-4f81-8751-57a5f0d466cb,Restaurant 417,2063 Main St,Philadelphia,OH,79446,31.862182,-122.026592,2.0,1126,True,"Chinese, Restaurants, Food",2024-01-01 00:00:00,2024-01-01
af0f70f7-1132-4ca7-b9c6-d2638c268911,Restaurant 418,6804 Main St,Philadelphia,CO,69974,28.294156,-77.568333,2.0,663,False,"Chinese, Restaurants, Food",2024-01-01 00:00:00,2024-01-01
60a373b2-48fe-44a7-b458-e95ce33dcd76,Restaurant 419,2997 Main St,Philadelphia,IL,93165,26.334313,-100.137072,2.5,1382,True,"Coffee & Tea, Restaurants, Food",2024-01-01 00:00:00,2024-01-01
5eb7097b-7001-4a14-9c1d-fd28e9a75a68,Restaurant 420,1542 Main St,Philadelphia,TX,90541,34.975363,-101.382465,4.0,3911,False,"Pizza, Restaurants, Food",2024-01-01 00:00:00,2024-01-01
746a2e36-817d-414c-b596-3b3c7df996d4,Restaurant 421,718 Main St,Philadelphia,WA,36137,41.805159,-72.746226,3.5,4351,True,"Pizza, Restaurants, Food",2024-01-01 00:00:00,2024-01-01
5575dc82-46ab-4faa-ba57-04b349d1ce3e,Restaurant 422,167 Main St,Philadelphia,NY,39657,40.951069,-106.060762,2.0,842,False,"American (New), Restaurants, Food",2024-01-01 00:00:00,2024-01-01
29cfa68f-6c67-4124-bb7a-bc09beb52b88,Restaurant 423,9744 Main St,Philadelphia,FL,31891,26.501602,-122.485491,3.0,3735,False,"Burgers, Restaurants, Food",2024-01-01 00:00:00,2024-01-01
f15a9b0f-3e7f-495a-84b1-132b58f43c4c,Restaurant 424,2292 Main St,Philadelphia,IL,74248,33.26277,-114.636568,4.0,157,True,"Mexican, Restaurants, Food",2024-01-01 00:00:00,2024-01-01
817f20ff-3f1b-4659-9c5d-e2ec34e24e68,Restaurant 425,2249 Main St,Philadelphia,NY,12872,38.562935,-115.705839,3.5,307,False,"Italian, Restaurants, Food",2024-01-01 00:00:00,2024-01-01
f2ae8f36-514e-4e40-aeba-79509aa01ad3,Restaurant 426,8861 Main St,Philadelphia,CO,16368,38.660254,-122.362179,1.5,162,True,"Sushi, Restaurants, Food",2024-01-01 00:00:00,2024-01-01
edb869e1-37e8-4ad5-a0cc-7b49499766df,Restaurant 427,6928 Main St,Philadelphia,AZ,59840,27.842686,-111.099394,2.0,1684,True,"Italian, Restaurants, Food",2024-01-01 00:00:00,2024-01-01
8020a8a6-92eb-42f5-b727-a8959fc58470,Restaurant 428,6995 Main St,Philadelphia,CA,96832,36.967112,-90.746122,2.0,3432,True,"American (New), Restaurants, Food",2024-01-01 00:00:00,2024-01-01
1ddbd19a-c829-47f1-9fe8-4961aa8096e4,Restaurant 429,2028 Main St,Philadelphia,FL,24943,43.049482,-97.624352,2.5,2155,True,"Chinese, Restaurants, Food",2024-01-01 00:00:00,2024-01-01
67652639-884c-479b-88cb-f9c3448a7104,Restaurant 430,6813 Main St,Philadelphia,FL,31020,25.906331,-97.700491,2.5,3938,False,"Mexican, Restaurants, Food",2024-01-01 00:00:00,2024-01-01
4bf2901a-a6fb-4c90-ac88-0e113b3d6d01,Restaurant 431,144 Main St,Philadelphia,PA,98032,27.047065,-118.9263,4.5,1222,True,"American (New), Restaurants, Food",2024-01-01 00:00:00,2024-01-01
ba26014e-c55f-4237-bb6e-f24b820912f2,Restaurant 432,1329 Main St,Philadelphia,CA,43540,39.819746,-99.878682,3.0,2164,False,"Pizza, Restaurants, Food",2024-01-01 00:00:00,2024-01-01
8f38a302-aaa3-40c0-8724-be5162259a9d,Restaurant 433,1735 Main St,Philadelphia,TX,15170,44.60172,-105.188193,3.5,3490,True,"Sushi, Restaurants, Food",2024-01-01 00:00:00,2024-01-01
bc569aa2-3009-42f1-8dee-987680d3ca33,Restaurant 434,851 Main St,Philadelphia,PA,28139,40.257166,-115.621825,3.5,3586,False,"Sushi, Restaurants, Food",2024-01-01 00:00:00,2024-01-01
76b67972-40ae-45c1-9920-00c0725d6cc3,Restaurant 435,6205 Main St,Philadelphia,IL,33969,27.618136,-102.986238,4.5,2227,False,"Coffee & Tea, Restaurants, Food",2024-01-01 00:00:00,2024-01-01
ccb9d2b2-94af-4394-85e9-85abad378e0f,Restaurant 436,7009 Main St,Philadelphia,TX,24818,28.047766,-85.047389,2.0,850,False,"Seafood, Restaurants, Food",2024-01-01 00:00:00,2024-01-01
71cf2e30-089c-4c47-b392-3b72868df558,Restaurant 437,8008 Main St,Philadelphia,CO,98918,35.077745,-91.377226,3.5,237,True,"Coffee & Tea, Restaurants, Food",2024-01-01 00:00:00,2024-01-01
5101636f-fa5f-4957-afb4-8303a45bcd80,Restaurant 438,8097 Main St,Philadelphia,CA,63907,35.135821,-121.516517,3.5,102,True,"Chinese, Restaurants, Food",2024-01-01 00:00:00,2024-01-01
631fc542-fbc7-444b-8819-2db56a754fd4,Restaurant 439,8604 Main St,Philadelphia,WA,91033,27.190569,-88.605771,2.5,3948,False,"Burgers, Restaurants, Food",2024-01-01 00:00:00,2024-01-01
ff1307a7-d9b3-4b73-a5dc-1051b1a8bf30,Restaurant 440,2535 Main St,Philadelphia,WA,90335,26.255021,-89.613071,2.0,4142,False,"Coffee & Tea, Restaurants, Food",2024-01-01 00:00:00,2024-01-01
f6c23698-bc28-4423-9f0c-eef0724e3cc0,Restaurant 441,2809 Main St,Philadelphia,CA,74441,32.374578,-106.800784,3.0,413,True,"American (New), Restaurants, Food",2024-01-01 00:00:00,2024-01-01
d14ef997-141c-461d-9247-441bf20d1162,Restaurant 442,6303 Main St,Philadelphia,OH,40801,26.813104,-100.569612,4.5,722,False,"Coffee & Tea, Restaurants, Food",2024-01-01 00:00:00,2024-01-01
0fccb44c-afb9-4971-9181-4df06edac76a,Restaurant 443,5278 Main St,Philadelphia,CA,75191,42.140496,-124.022698,4.0,3378,True,"American (New), Restaurants, Food",2024-01-01 00:00:00,2024-01-01
c6224fc5-bb62-4943-80ba-02e68bb8b2a8,Restaurant 444,9096 Main St,Philadelphia,PA,21913,43.211016,-72.025581,3.0,4165,True,"Coffee & Tea, Restaurants, Food",2024-01-01 00:00:00,2024-01-01
a2d81c0b-bb4e-4aac-9d58-c0f9a40be091,Restaurant 445,5684 Main St,Philadelphia,IL,17113,43.78154,-78.562541,3.5,4589,False,"Chinese, Restaurants, Food",2024-01-01 00:00:00,2024-01-01
f1886153-85f0-4e38-9f85-f529a6b3bb94,Restaurant 446,7514 Main St,Philadelphia,CA,22771,42.464359,-112.803909,3.5,2910,False,"American (New), Restaurants, Food",2024-01-01 00:00:00,2024-01-01
9b1395d2-cc4f-4a89-bf84-a93bf4a50303,Restaurant 447,8652 Main St,Philadelphia,IL,23935,26.052897,-115.971455,2.0,3353,True,"Italian, Restaurants, Food",2024-01-01 00:00:00,2024-01-01
d456ef09-40b6-4e63-be6e-36b3faa8782b,Restaurant 448,3309 Main St,Philadelphia,NY,25826,46.394974,-103.390693,4.5,1562,False,"Sushi, Restaurants, Food",2024-01-01 00:00:00,2024-01-01
694469d4-76ee-490b-9786-4cce70a9d388,Restaurant 449,6890 Main St,Philadelphia,PA,93000,44.261723,-92.615389,4.5,3747,True,"Coffee & Tea, Restaurants, Food",2024-01-01 00:00:00,2024-01-01
4bdb53b2-c475-4fea-a187-281e8ce22713,Restaurant 450,171 Main St,Philadelphia,WA,16366,37.724206,-101.195429,4.5,4165,True,"Seafood, Restaurants, Food",2024-01-01 00:00:00,2024-01-01
6261e095-3ee6-430b-901b-3d0ae0f28c27,Restaurant 451,2945 Main St,Philadelphia,TX,23573,33.910328,-91.969969,3.5,4130,False,"Burgers, Restaurants, Food",2024-01-01 00:00:00,2024-01-01
6e93963b-12b4-4856-a6a4-15e444bdf9e9,Restaurant 452,4167 Main St,Philadelphia,FL,62149,47.162651,-71.622959,4.5,1093,True,"Burgers, Restaurants, Food",2024-01-01 00:00:00,2024-01-01
dc9b7df1-239b-45c1-9adf-3c426381fabc,Restaurant 453,9971 Main St,Philadelphia,WA,49179,44.390712,-94.870672,3.5,4535,True,"Mexican, Restaurants, Food",2024-01-01 00:00:00,2024-01-01
5aa180ba-fa96-4ea5-b66a-a5c1a1881e03,Restaurant 454,3535 Main St,Philadelphia,CO,48086,40.79206,-74.334453,2.0,1457,False,"Sushi, Restaurants, Food",2024-01-01 00:00:00,2024-01-01
e82eeb1d-e380-423f-90e9-52321873308f,Restaurant 455,5871 Main St,Philadelphia,WA,72963,38.404544,-73.152949,4.0,4374,False,"Burgers, Restaurants, Food",2024-01-01 00:00:00,2024-01-01
ff81636d-d263-4802-8561-942190b3d15c,Restaurant 456,309 Main St,Philadelphia,WA,23955,25.581259,-117.007031,1.0,1638,False,"Thai, Restaurants, Food",2024-01-01 00:00:00,2024-01-01
c311f7e2-be57-4b8e-88df-ba66eb724714,Restaurant 457,4795 Main St,Philadelphia,FL,29192,44.305782,-87.017283,3.0,1672,True,"Chinese, Restaurants, Food",2024-01-01 00:00:00,2024-01-01
22f9ae5a-a524-4f7e-a690-9904b3fd9e2c,Restaurant 458,7515 Main St,Philadelphia,CA,90754,44.964814,-84.327914,2.5,4598,False,"Mexican, Restaurants, Food",2024-01-01 00:00:00,2024-01-01
d2a27a42-cde7-4ffc-8670-1de546fe73fe,Restaurant 459,8470 Main St,Philadelphia,FL,97096,26.080537,-104.012955,4.0,2562,True,"Pizza, Restaurants, Food",2024-01-01 00:00:00,2024-01-01
a34497c4-8dc7-4519-8104-0c8188fb47c5,Restaurant 460,4217 Main St,Philadelphia,NY,91338,44.983549,-77.675539,4.5,1848,False,"Seafood, Restaurants, Food",2024-01-01 00:00:00,2024-01-01
166c4f60-ee78-432b-8fcf-7cb3effa9d96,Restaurant 461,9055 Main St,Philadelphia,CO,35751,42.851375,-71.96406,3.0,3677,True,"Sushi, Restaurants, Food",2024-01-01 00:00:00,2024-01-01
e100b61e-62ac-4f64-9c37-3da0864e7699,Restaurant 462,3163 Main St,Philadelphia,TX,77350,27.745138,-122.765117,3.0,4560,False,"Thai, Restaurants, Food",2024-01-01 00:00:00,2024-01-01
0d6deae0-2cc7-4283-8059-1f78aa589976,Restaurant 463,2736 Main St,Philadelphia,CO,43425,25.129838,-99.351776,2.0,328,True,"Chinese, Restaurants, Food",2024-01-01 00:00:00,2024-01-01
4a911a9d-2314-4116-91f3-02e7bc88c4f2,Restaurant 464,9879 Main St,Philadelphia,PA,91968,39.159,-88.596038,4.5,4692,False,"Sushi, Restaurants, Food",2024-01-01 00:00:00,2024-01-01
4ae2a95c-4f3f-4078-a542-685cc396e39a,Restaurant 465,5307 Main St,Philadelphia,WA,38830,47.010718,-96.366654,5.0,1306,False,"American (New), Restaurants, Food",2024-01-01 00:00:00,2024-01-01
550b3a4a-bd56-4e65-b543-b1eca69665c3,Restaurant 466,8898 Main St,Philadelphia,OH,22051,33.036268,-76.413179,3.5,2713,False,"Italian, Restaurants, Food",2024-01-01 00:00:00,2024-01-01
e4ed1817-8105-4170-bc19-feaa24b45a39,Restaurant 467,3679 Main St,Philadelphia,CO,79533,35.921715,-94.126592,1.0,940,False,"Coffee & Tea, Restaurants, Food",2024-01-01 00:00:00,2024-01-01
cdd715a7-e0b1-4867-ad94-59f94a9ac55b,Restaurant 468,4037 Main St,Philadelphia,CO,91412,30.608025,-122.806751,3.5,3125,True,"Burgers, Restaurants, Food",2024-01-01 00:00:00,2024-01-01
7ec5b09e-9906-4b13-beef-ddbe53eaf253,Restaurant 469,4303 Main St,Philadelphia,WA,47070,25.568232,-96.57227,3.5,4214,False,"Coffee & Tea, Restaurants, Food",2024-01-01 00:00:00,2024-01-01
08f054c8-b6cf-466e-bc33-54edc39ed3aa,Restaurant 470,818 Main St,Philadelphia,FL,95397,29.427785,-96.735791,1.5,1372,True,"Sushi, Restaurants, Food",2024-01-01 00:00:00,2024-01-01
3cdf47e2-378b-49af-b4d8-e50d8cc6e15a,Restaurant 471,3553 Main St,Philadelphia,NY,99837,34.756817,-119.284025,5.0,3566,True,"Thai, Restaurants, Food",2024-01-01 00:00:00,2024-01-01
40593f4c-16b7-4359-9103-4b3f40c1714d,Restaurant 472,489 Main St,Philadelphia,AZ,53478,25.871385,-120.971358,2.0,2064,True,"Seafood, Restaurants, Food",2024-01-01 00:00:00,2024-01-01
0ea0a782-67ec-4af6-919e-3cd79a0b6ae6,Restaurant 473,3829 Main St,Philadelphia,FL,63429,33.92475,-90.33805,4.0,2592,True,"Burgers, Restaurants, Food",2024-01-01 00:00:00,2024-01-01
c0689d68-05eb-4dd7-ad09-9a15432b44a0,Restaurant 474,2038 Main St,Philadelphia,WA,10773,39.752723,-90.990785,1.0,595,False,"American (New), Restaurants, Food",2024-01-01 00:00:00,2024-01-01
586df239-d6da-4b0b-b966-9f6d5a64f09f,Restaurant 475,1838 Main St,Philadelphia,FL,99899,31.931066,-120.242213,4.5,3125,False,"Pizza, Restaurants, Food",2024-01-01 00:00:00,2024-01-01
f72451b0-7e50-43a4-a62e-845adcce8dd1,Restaurant 476,7865 Main St,Philadelphia,TX,79922,30.056912,-83.928535,5.0,2417,True,"Italian, Restaurants, Food",2024-01-01 00:00:00,2024-01-01
b685dea9-2822-4dc2-812a-68638e57f994,Restaurant 477,6213 Main St,Philadelphia,PA,82551,45.119639,-117.224437,1.0,42,False,"American (New), Restaurants, Food",2024-01-01 00:00:00,2024-01-01
40ee7684-f164-4174-b8d8-5820ae68833b,Restaurant 478,9070 Main St,Philadelphia,CA,49936,29.831216,-84.221323,3.5,1735,False,"American (New), Restaurants, Food",2024-01-01 00:00:00,2024-01-01
827fd9b3-55ca-43e2-9a06-d22b5ef3d001,Restaurant 479,2433 Main St,Philadelphia,TX,34116,30.078123,-79.08884,2.5,939,True,"Seafood, Restaurants, Food",2024-01-01 00:00:00,2024-01-01
b0d9e6a3-fec2-4d19-b119-a681f182e368,Restaurant 480,991 Main St,Philadelphia,WA,70458,39.827514,-120.977049,1.5,2054,True,"Mexican, Restaurants, Food",2024-01-01 00:00:00,2024-01-01
d741d745-a559-4edc-9467-78113c0d7a2a,Restaurant 481,9612 Main St,Philadelphia,AZ,53365,33.214182,-88.078744,2.5,820,False,"Seafood, Restaurants, Food",2024-01-01 00:00:00,2024-01-01
ec7dadd1-ef65-44d3-a60c-b2d2664b97fb,Restaurant 482,1243 Main St,Philadelphia,NY,51652,36.174808,-106.940966,3.0,4786,True,"Seafood, Restaurants, Food",2024-01-01 00:00:00,2024-01-01
71d95d5b-32f4-4064-85cc-cb16e68650c4,Restaurant 483,9387 Main St,Philadelphia,IL,51462,47.049155,-115.724827,3.5,2017,True,"Burgers, Restaurants, Food",2024-01-01 00:00:00,2024-01-01
16409aa4-e312-4c5a-959e-8146e2477e04,Restaurant 484,4633 Main St,Philadelphia,IL,27603,40.630344,-106.764038,4.5,3792,False,"Chinese, Restaurants, Food",2024-01-01 00:00:00,2024-01-01
d1fa02d2-4824-4881-b065-68ae0d50f9fc,Restaurant 485,5104 Main St,Philadelphia,AZ,82308,27.503151,-89.494662,1.5,2299,True,"American (New), Restaurants, Food",2024-01-01 00:00:00,2024-01-01
48a42d3b-cbd2-439a-b8d5-153559390b2a,Restaurant 486,3318 Main St,Philadelphia,FL,92132,26.758635,-120.853002,1.0,4155,True,"Seafood, Restaurants, Food",2024-01-01 00:00:00,2024-01-01
c7d59a05-df98-4708-8679-5da0f55744a0,Restaurant 487,9584 Main St,Philadelphia,OH,87337,29.893496,-122.983903,3.0,4453,False,"Thai, Restaurants, Food",2024-01-01 00:00:00,2024-01-01
c74c784b-372e-43fe-b48f-dbf6b396f75b,Restaurant 488,6093 Main St,Philadelphia,OH,39269,45.503064,-92.571958,3.0,1097,False,"American (New), Restaurants, Food",2024-01-01 00:00:00,2024-01-01
3e3d6ca6-c6dd-4fc3-8f86-10d0bfabce1f,Restaurant 489,8462 Main St,Philadelphia,CA,62007,33.368908,-124.417457,2.5,1359,True,"Coffee & Tea, Restaurants, Food",2024-01-01 00:00:00,2024-01-01
194a06ef-3e4f-4502-85b0-ae765533aad9,Restaurant 490,2708 Main St,Philadelphia,TX,84233,46.820372,-88.732268,2.0,3961,False,"Pizza, Restaurants, Food",2024-01-01 00:00:00,2024-01-01
11a79323-5a9a-43e9-ad5f-e10f428ff6e2,Restaurant 491,3685 Main St,Philadelphia,AZ,40375,26.445807,-104.681065,1.0,1694,False,"Burgers, Restaurants, Food",2024-01-01 00:00:00,2024-01-01
c74979df-3ffe-403a-9a29-9a7ede41544a,Restaurant 492,7795 Main St,Philadelphia,AZ,16086,25.917808,-89.331139,1.5,4272,False,"Italian, Restaurants, Food",2024-01-01 00:00:00,2024-01-01
383f29c9-fe82-4f35-a3a8-6d95cb94b438,Restaurant 493,9580 Main St,Philadelphia,WA,84732,28.998546,-89.047858,3.5,4815,True,"American (New), Restaurants, Food",2024-01-01 00:00:00,2024-01-01
d5000245-8d11-403d-ac50-04ea164a658d,Restaurant 494,4221 Main St,Philadelphia,OH,39215,36.876551,-105.59061,3.5,3989,False,"Seafood, Restaurants, Food",2024-01-01 00:00:00,2024-01-01
c634f3b4-dea1-4b01-a044-19c2d780aad7,Restaurant 495,208 Main St,Philadelphia,WA,28214,35.11767,-112.350508,5.0,2301,True,"Thai, Restaurants, Food",2024-01-01 00:00:00,2024-01-01
040bdccd-a690-421b-b4e7-49b3fbec4d8d,Restaurant 496,3162 Main St,Philadelphia,TX,57477,38.846466,-80.067471,2.5,3397,False,"Sushi, Restaurants, Food",2024-01-01 00:00:00,2024-01-01
c454a0f5-981a-46e1-8ffb-2811b5cb93bd,Restaurant 497,7989 Main St,Philadelphia,AZ,72786,29.846191,-116.131456,4.0,184,True,"Pizza, Restaurants, Food",2024-01-01 00:00:00,2024-01-01
f78ac04b-8828-44e5-9ab7-8612af2be2ed,Restaurant 498,2195 Main St,Philadelphia,CO,87640,28.70597,-90.375277,1.0,4689,True,"Pizza, Restaurants, Food",2024-01-01 00:00:00,2024-01-01
5374ef1f-6d5a-42ed-b44e-369f47157dbc,Restaurant 499,2825 Main St,Philadelphia,FL,33597,36.882736,-102.699903,1.0,2323,True,"Mexican, Restaurants, Food",2024-01-01 00:00:00,2024-01-01
a2db757f-3ed1-433e-ad54-514e3551a439,Restaurant 500,7459 Main St,Philadelphia,CO,71789,44.947955,-115.618827,4.0,4923,True,"Seafood, Restaurants, Food",2024-01-01 00:00:00,2024-01-01
436d7edd-d768-4c3b-8986-4021af5abc6c,Restaurant 501,3079 Main St,Philadelphia,CO,96461,36.748513,-115.775306,3.5,3715,True,"Mexican, Restaurants, Food",2024-01-01 00:00:00,2024-01-01
babc44ee-4e18-4eac-9192-6f9510d78a41,Restaurant 502,6296 Main St,Philadelphia,OH,27329,27.497113,-113.87083,5.0,3439,True,"Seafood, Restaurants, Food",2024-01-01 00:00:00,2024-01-01
a00c77b0-25a9-4d88-ba62-17f18d8774a4,Restaurant 503,1677 Main St,Philadelphia,TX,72373,45.736989,-92.010241,5.0,4124,True,"Sushi, Restaurants, Food",2024-01-01 00:00:00,2024-01-01
0d286e68-7e86-434f-b66a-37d964835249,Restaurant 504,8001 Main St,Philadelphia,TX,89098,37.403578,-124.933989,4.0,4277,False,"Chinese, Restaurants, Food",2024-01-01 00:00:00,2024-01-01
25c8d599-a94a-4b55-a2b0-c599a74e63ae,Restaurant 505,811 Main St,Philadelphia,WA,66224,30.278184,-80.873489,4.0,2872,True,"Burgers, Restaurants, Food",2024-01-01 00:00:00,2024-01-01
32ee6e67-67fa-48f6-91e7-5b752a0055e8,Restaurant 506,2293 Main St,Philadelphia,FL,72539,42.614754,-74.945305,1.5,2321,False,"Italian, Restaurants, Food",2024-01-01 00:00:00,2024-01-01
428b4410-f87b-4ed7-93e2-e4916e06be3f,Restaurant 507,3196 Main St,Philadelphia,PA,10932,38.293704,-118.519427,1.0,3073,True,"Chinese, Restaurants, Food",2024-01-01 00:00:00,2024-01-01
2ba2ff21-347b-49bb-b990-6a12a95ec868,Restaurant 508,6798 Main St,Philadelphia,IL,23970,28.559907,-89.163324,3.0,2141,False,"Seafood, Restaurants, Food",2024-01-01 00:00:00,2024-01-01
c044e783-ff82-4f84-bbe0-c6f665bdf0ea,Restaurant 509,6090 Main St,Philadelphia,CO,46118,47.81137,-103.140022,2.5,3386,False,"Thai, Restaurants, Food",2024-01-01 00:00:00,2024-01-01
73155454-3f97-4cd6-8510-0bb3132d3393,Restaurant 510,6165 Main St,Philadelphia,WA,82733,36.126484,-70.632045,3.5,3262,True,"Sushi, Restaurants, Food",2024-01-01 00:00:00,2024-01-01
4daaaf46-2989-43e6-a830-320e07f5761a,Restaurant 511,3864 Main St,Philadelphia,AZ,31206,27.306408,-97.041105,3.5,4511,True,"Thai, Restaurants, Food",2024-01-01 00:00:00,2024-01-01
7634650c-d7d5-4b95-8bf9-6214c323c454,Restaurant 512,6475 Main St,Philadelphia,PA,21939,43.934876,-99.058224,4.0,723,True,"Italian, Restaurants, Food",2024-01-01 00:00:00,2024-01-01
a2549609-6fce-4da8-a1f0-ab36a0bb418e,Restaurant 513,3733 Main St,Philadelphia,IL,20490,39.007664,-85.152791,4.0,4269,False,"Seafood, Restaurants, Food",2024-01-01 00:00:00,2024-01-01
61ff00fa-12e9-4f41-9c3d-15ff16dc5266,Restaurant 514,1041 Main St,Philadelphia,TX,93924,36.370473,-124.410928,5.0,2343,True,"Pizza, Restaurants, Food",2024-01-01 00:00:00,2024-01-01
ff3dbb94-2645-4dec-b2b4-07da65b8a7cc,Restaurant 515,9922 Main St,Philadelphia,WA,77608,41.064344,-91.164551,1.0,2947,True,"Pizza, Restaurants, Food",2024-01-01 00:00:00,2024-01-01
3a0ddd08-6f6f-4b00-8407-83f57b8f9323,Restaurant 516,2679 Main St,Philadelphia,CA,46167,42.932476,-105.577979,4.0,3322,True,"American (New), Restaurants, Food",2024-01-01 00:00:00,2024-01-01
f58a448e-e697-4b10-bfee-d4fe4a6fd258,Restaurant 517,351 Main St,Philadelphia,CA,21818,37.640631,-85.062371,5.0,4776,False,"Chinese, Restaurants, Food",2024-01-01 00:00:00,2024-01-01
5281eec6-5016-4df4-9c45-d4ec0e5a9831,Restaurant 518,4630 Main St,Philadelphia,NY,89477,47.150314,-99.988255,4.0,4710,True,"Italian, Restaurants, Food",2024-01-01 00:00:00,2024-01-01
667f0cbb-9689-43ca-a831-c12f60d7a0cd,Restaurant 519,2967 Main St,Philadelphia,OH,76353,27.448694,-121.018772,3.0,2786,True,"American (New), Restaurants, Food",2024-01-01 00:00:00,2024-01-01
910b41fd-a21e-4dd9-9665-7b6ff0c9c9eb,Restaurant 520,4322 Main St,Philadelphia,WA,85352,30.753254,-100.647725,4.0,4614,False,"Mexican, Restaurants, Food",2024-01-01 00:00:00,2024-01-01
8cec4095-88e1-424b-986e-29528ff880bb,Restaurant 521,5665 Main St,Philadelphia,AZ,99337,35.59657,-92.724542,1.0,3949,True,"Italian, Restaurants, Food",2024-01-01 00:00:00,2024-01-01
a783a6b1-750c-4453-bd7e-b4e02f622d85,Restaurant 522,1206 Main St,Philadelphia,OH,93055,43.139088,-112.878972,2.5,2587,False,"Chinese, Restaurants, Food",2024-01-01 00:00:00,2024-01-01
c8cb2c71-17f7-4a0a-bc27-cee8bed2dc18,Restaurant 523,8562 Main St,Philadelphia,WA,11274,41.118827,-110.515767,3.0,762,False,"Chinese, Restaurants, Food",2024-01-01 00:00:00,2024-01-01
a1adf48d-e0a0-4e19-90b8-607a4613fdc2,Restaurant 524,1345 Main St,Philadelphia,WA,33394,35.960775,-105.555414,3.0,1498,True,"Coffee & Tea, Restaurants, Food",2024-01-01 00:00:00,2024-01-01
aa743637-010b-4033-9774-3e2e956bf8b5,Restaurant 525,3371 Main St,Philadelphia,NY,41726,45.073077,-113.627175,2.5,2046,False,"Thai, Restaurants, Food",2024-01-01 00:00:00,2024-01-01
51eee245-6a79-429d-94e7-0d0eec478a81,Restaurant 526,1847 Main St,Philadelphia,CA,20287,40.543679,-88.511676,1.0,4436,True,"Coffee & Tea, Restaurants, Food",2024-01-01 00:00:00,2024-01-01
c58511e2-7722-45db-a324-c70baad7b83b,Restaurant 527,6181 Main St,Philadelphia,CO,51342,36.323829,-70.805127,3.0,4021,True,"American (New), Restaurants, Food",2024-01-01 00:00:00,2024-01-01
2b217b5a-6a55-4642-8e31-b549f1b34ab3,Restaurant 528,4691 Main St,Philadelphia,OH,39110,42.253896,-117.946473,5.0,3467,False,"American (New), Restaurants, Food",2024-01-01 00:00:00,2024-01-01
b93abe7a-c511-4be1-b0a0-8cbd003696ba,Restaurant 529,633 Main St,Philadelphia,WA,55519,34.055489,-87.251374,2.0,3746,True,"American (New), Restaurants, Food",2024-01-01 00:00:00,2024-01-01
59e4c33d-eed6-458b-8eab-83eebb13bb2f,Restaurant 530,7637 Main St,Philadelphia,IL,11103,25.27186,-113.408619,1.5,2666,False,"Seafood, Restaurants, Food",2024-01-01 00:00:00,2024-01-01
e3d227b5-2b27-4e8c-aaff-d99ca9887532,Restaurant 531,4354 Main St,Philadelphia,TX,81901,31.045528,-110.182547,3.5,2998,True,"Coffee & Tea, Restaurants, Food",2024-01-01 00:00:00,2024-01-01
9d74c87a-f4fb-4b32-8f9e-a5cb3dca9742,Restaurant 532,7045 Main St,Philadelphia,NY,64931,41.11639,-104.52297,4.0,2291,False,"Thai, Restaurants, Food",2024-01-01 00:00:00,2024-01-01
53b6348f-0292-456a-8fd3-da701f51a034,Restaurant 533,9461 Main St,Philadelphia,TX,85483,40.778274,-80.219513,3.0,1932,False,"Burgers, Restaurants, Food",2024-01-01 00:00:00,2024-01-01
992c70c2-77e2-43b7-ba41-6785277c860e,Restaurant 534,3312 Main St,Philadelphia,TX,29601,35.878702,-124.464174,4.0,4093,True,"American (New), Restaurants, Food",2024-01-01 00:00:00,2024-01-01
efae2109-2736-4117-b72d-d925773f5a10,Restaurant 535,8848 Main St,Philadelphia,IL,73782,31.900786,-94.082385,1.0,3264,True,"Thai, Restaurants, Food",2024-01-01 00:00:00,2024-01-01
ac2c53de-d616-4215-9a65-ff045f5b0904,Restaurant 536,1083 Main St,Philadelphia,NY,43330,35.960407,-90.357578,4.5,2742,False,"Chinese, Restaurants, Food",2024-01-01 00:00:00,2024-01-01
72eed0c7-ee34-407a-b310-8a3ec47acf3d,Restaurant 537,6003 Main St,Philadelphia,WA,83071,46.432425,-110.825685,1.0,3374,True,"Chinese, Restaurants, Food",2024-01-01 00:00:00,2024-01-01
85160969-a600-4bbb-931f-921e8f6ca546,Restaurant 538,3359 Main St,Philadelphia,CO,85483,39.946906,-95.385896,3.0,2910,False,"American (New), Restaurants, Food",2024-01-01 00:00:00,2024-01-01
314c0658-5e3a-4b84-afa1-b2b927e259d1,Restaurant 539,8087 Main St,Philadelphia,AZ,20277,33.764633,-109.241203,2.0,1373,False,"Burgers, Restaurants, Food",2024-01-01 00:00:00,2024-01-01
00e9e57c-da41-423a-b064-22caded5e2fc,Restaurant 540,9465 Main St,Philadelphia,OH,19351,26.819574,-106.100598,3.5,2596,False,"Italian, Restaurants, Food",2024-01-01 00:00:00,2024-01-01
b077e614-615c-4f65-9544-df8383a653d0,Restaurant 541,6579 Main St,Philadelphia,FL,68313,42.962403,-73.367659,5.0,3689,False,"Thai, Restaurants, Food",2024-01-01 00:00:00,2024-01-01
037471d3-f709-4a65-8a32-25594bba08fa,Restaurant 542,3112 Main St,Philadelphia,PA,26389,41.738766,-88.58876,1.5,1726,True,"Burgers, Restaurants, Food",2024-01-01 00:00:00,2024-01-01
3dbe0e36-c08b-4b22-8d4e-5ff6b3b36651,Restaurant 543,1787 Main St,Philadelphia,CA,18361,46.546254,-98.974781,1.0,216,False,"American (New), Restaurants, Food",2024-01-01 00:00:00,2024-01-01
b5eebd4c-570a-4fbe-9da5-dc1304086d5b,Restaurant 544,1463 Main St,Philadelphia,CA,44400,39.21635,-120.36288,4.0,2535,True,"Mexican, Restaurants, Food",2024-01-01 00:00:00,2024-01-01
93fe5418-bb48-4c0c-ba73-72cc58ebb31b,Restaurant 545,4755 Main St,Philadelphia,AZ,92114,27.907469,-96.029171,2.0,235,True,"Chinese, Restaurants, Food",2024-01-01 00:00:00,2024-01-01
00cf1342-ec8f-4b94-bf38-a1f490f7b5ef,Restaurant 546,5428 Main St,Philadelphia,AZ,71235,47.424576,-95.267871,3.0,4494,False,"Thai, Restaurants, Food",2024-01-01 00:00:00,2024-01-01
c81b7b7a-10c6-4d0c-9c9e-5f4ede59bc02,Restaurant 547,8935 Main St,Philadelphia,TX,87441,38.744437,-90.292386,4.0,4289,False,"Chinese, Restaurants, Food",2024-01-01 00:00:00,2024-01-01
8391ecc5-953e-4fab-9b0a-135e519aae87,Restaurant 548,7991 Main St,Philadelphia,WA,39770,43.508279,-100.697683,3.5,3377,False,"Thai, Restaurants, Food",2024-01-01 00:00:00,2024-01-01
68085f50-e3a5-4dfa-9696-26af31e08000,Restaurant 549,5073 Main St,Philadelphia,PA,10012,37.036274,-83.29386,2.0,2818,False,"Coffee & Tea, Restaurants, Food",2024-01-01 00:00:00,2024-01-01
1192a2f7-1d33-43dd-9ab4-ba2ae4684056,Restaurant 550,8867 Main St,Philadelphia,PA,74478,46.780023,-98.761311,1.0,3527,False,"Seafood, Restaurants, Food",2024-01-01 00:00:00,2024-01-01
bd145874-df9e-4a43-9477-15491c699058,Restaurant 551,3888 Main St,Philadelphia,PA,81855,33.593809,-102.354527,5.0,3581,False,"Mexican, Restaurants, Food",2024-01-01 00:00:00,2024-01-01
e3537d84-3f03-46f6-98a6-09a5a4049c74,Restaurant 552,2775 Main St,Philadelphia,OH,59592,30.073626,-120.643465,2.5,4233,False,"Italian, Restaurants, Food",2024-01-01 00:00:00,2024-01-01
7eb2e875-6d50-4434-9df4-987192764d00,Restaurant 553,8815 Main St,Philadelphia,FL,64120,29.324014,-121.234483,2.0,2373,True,"Coffee & Tea, Restaurants, Food",2024-01-01 00:00:00,2024-01-01
f1a51841-7cc3-4c64-9822-d0a766056c84,Restaurant 554,7518 Main St,Philadelphia,FL,91625,36.315908,-107.364595,2.0,407,True,"Thai, Restaurants, Food",2024-01-01 00:00:00,2024-01-01
2644c083-b44d-4ffe-880c-2227ef7fe5b6,Restaurant 555,1775 Main St,Philadelphia,FL,45283,27.875902,-100.887085,1.0,1908,True,"Thai, Restaurants, Food",2024-01-01 00:00:00,2024-01-01
e809694a-afdd-4625-bbb0-7d039c70b94f,Restaurant 556,341 Main St,Philadelphia,AZ,38467,32.863996,-107.863282,4.5,3043,False,"Pizza, Restaurants, Food",2024-01-01 00:00:00,2024-01-01
81539a67-c688-4ceb-bc5a-303610fb7e3f,Restaurant 557,5510 Main St,Philadelphia,CA,29148,26.288882,-82.33909,1.5,4450,False,"Thai, Restaurants, Food",2024-01-01 00:00:00,2024-01-01
e9cb2905-59e5-4660-9512-43a69067ad5c,Restaurant 558,3248 Main St,Philadelphia,FL,60014,44.049797,-118.292114,2.5,3153,False,"Mexican, Restaurants, Food",2024-01-01 00:00:00,2024-01-01
e4b65d83-bb6a-4122-91e8-1c2f114187ca,Restaurant 559,649 Main St,Philadelphia,NY,70402,41.912424,-119.832183,2.5,3874,False,"Italian, Restaurants, Food",2024-01-01 00:00:00,2024-01-01
cdf85c01-8053-4dcc-b32e-b44e41a7edcd,Restaurant 560,5393 Main St,Philadelphia,TX,92465,41.749453,-84.040148,5.0,4268,True,"Italian, Restaurants, Food",2024-01-01 00:00:00,2024-01-01
b99421b7-97ac-453a-9202-d5a6b958bc06,Restaurant 561,7984 Main St,Philadelphia,FL,36047,33.289813,-122.135187,2.5,926,True,"Burgers, Restaurants, Food",2024-01-01 00:00:00,2024-01-01
609fc121-e659-4979-ab19-a71fe76dd297,Restaurant 562,5416 Main St,Philadelphia,PA,31936,43.270979,-92.841673,4.0,1992,True,"Pizza, Restaurants, Food",2024-01-01 00:00:00,2024-01-01
129c612f-cded-4c63-aa5a-6d93ab8748a0,Restaurant 563,9620 Main St,Philadelphia,AZ,88146,28.564815,-82.606165,2.5,1292,False,"Sushi, Restaurants, Food",2024-01-01 00:00:00,2024-01-01
27b71fd9-28bd-4ceb-ab2b-ec60c3add1e0,Restaurant 564,5644 Main St,Philadelphia,PA,17834,33.176907,-116.534486,5.0,880,True,"Coffee & Tea, Restaurants, Food",2024-01-01 00:00:00,2024-01-01
612c34b0-b141-44a5-9136-88b99f4cd6cc,Restaurant 565,3912 Main St,Philadelphia,IL,83184,43.136922,-83.381636,4.5,1581,True,"Burgers, Restaurants, Food",2024-01-01 00:00:00,2024-01-01
a4ba4a77-e6db-43b2-9aec-9732d40baef5,Restaurant 566,5968 Main St,Philadelphia,TX,42859,45.66925,-98.308383,4.5,4580,False,"American (New), Restaurants, Food",2024-01-01 00:00:00,2024-01-01
e28aee60-dc9f-4096-b135-c64361050bd8,Restaurant 567,8129 Main St,Philadelphia,NY,84278,29.292415,-105.878443,4.5,2256,True,"Sushi, Restaurants, Food",2024-01-01 00:00:00,2024-01-01
9ac04fa9-d769-4217-9dc1-ffffda70ad1d,Restaurant 568,8802 Main St,Philadelphia,TX,68901,31.800471,-110.51579,3.5,3720,True,"American (New), Restaurants, Food",2024-01-01 00:00:00,2024-01-01
645e65a9-0b2e-449e-b8b3-3c362871f715,Restaurant 569,6310 Main St,Philadelphia,TX,12453,39.253896,-104.975864,2.5,2628,True,"American (New), Restaurants, Food",2024-01-01 00:00:00,2024-01-01
c7dae061-4e20-4b09-8a64-bbdef93429bb,Restaurant 570,6448 Main St,Philadelphia,NY,78690,40.714156,-82.884625,2.0,2320,False,"Burgers, Restaurants, Food",2024-01-01 00:00:00,2024-01-01
647b17fc-02cf-4b70-a27f-4272309468ff,Restaurant 571,5376 Main St,Philadelphia,CA,22616,37.033612,-121.332609,2.0,1464,True,"Mexican, Restaurants, Food",2024-01-01 00:00:00,2024-01-01
d636c448-8fb6-4a81-981e-e2cd0da74117,Restaurant 572,1853 Main St,Philadelphia,AZ,35115,27.271332,-93.59433,4.0,4014,False,"Pizza, Restaurants, Food",2024-01-01 00:00:00,2024-01-01
3b2809a6-93e2-409e-b4cd-65df73ed4b5b,Restaurant 573,6102 Main St,Philadelphia,NY,89423,41.510439,-124.280264,2.5,4026,True,"Coffee & Tea, Restaurants, Food",2024-01-01 00:00:00,2024-01-01
12ff7c81-fe8d-43d2-ade5-cacbf0af4d8f,Restaurant 574,1094 Main St,Philadelphia,IL,83140,42.099981,-76.026316,3.5,478,False,"American (New), Restaurants, Food",2024-01-01 00:00:00,2024-01-01
0e3b3c15-b778-4b64-9d75-b974893edb3b,Restaurant 575,766 Main St,Philadelphia,CA,49833,26.792514,-113.125497,5.0,796,True,"Mexican, Restaurants, Food",2024-01-01 00:00:00,2024-01-01
073c5684-a296-4808-baf0-203d9ab78e38,Restaurant 576,8810 Main St,Philadelphia,OH,34832,29.441747,-88.871792,2.0,4575,False,"Sushi, Restaurants, Food",2024-01-01 00:00:00,2024-01-01
3a446fdf-2621-4812-9dfc-c9738f3793fb,Restaurant 577,9546 Main St,Philadelphia,IL,98407,35.550574,-88.41167,1.5,1367,True,"American (New), Restaurants, Food",2024-01-01 00:00:00,2024-01-01
4b6ff088-0d1b-42b7-9955-1b9401cc3717,Restaurant 578,6679 Main St,Philadelphia,WA,54238,40.123233,-95.635474,4.5,2887,False,"American (New), Restaurants, Food",2024-01-01 00:00:00,2024-01-01
760f6890-2044-41b9-b947-962c881cb90f,Restaurant 579,5419 Main St,Philadelphia,IL,64046,42.57624,-101.317656,3.5,4985,True,"Seafood, Restaurants, Food",2024-01-01 00:00:00,2024-01-01
ace9f434-cac5-4812-bfd9-871c0b363a0b,Restaurant 580,9039 Main St,Philadelphia,NY,59160,42.611289,-74.061919,3.0,2950,False,"Coffee & Tea, Restaurants, Food",2024-01-01 00:00:00,2024-01-01
896b56fd-45a0-49ae-af65-81437507d74e,Restaurant 581,6605 Main St,Philadelphia,PA,14543,47.607999,-92.233045,5.0,1107,False,"Pizza, Restaurants, Food",2024-01-01 00:00:00,2024-01-01
eb40b553-2333-4d38-96af-9021bfacbad7,Restaurant 582,5020 Main St,Philadelphia,NY,38157,44.68157,-123.806425,3.0,4536,True,"Sushi, Restaurants, Food",2024-01-01 00:00:00,2024-01-01
89448ab9-6c2e-4220-87ec-74be30da6836,Restaurant 583,718 Main St,Philadelphia,AZ,56616,28.590463,-110.42565,2.5,1909,False,"Italian, Restaurants, Food",2024-01-01 00:00:00,2024-01-01
8c589070-c353-4ce4-ae49-3c86be0b368a,Restaurant 584,1605 Main St,Philadelphia,CO,62402,38.088494,-113.04095,1.5,2660,False,"Thai, Restaurants, Food",2024-01-01 00:00:00,2024-01-01
51284762-7ea6-453e-bb06-ff60f6121e54,Restaurant 585,8099 Main St,Philadelphia,CO,22499,38.690318,-108.478371,4.0,643,True,"Chinese, Restaurants, Food",2024-01-01 00:00:00,2024-01-01
c0b392a4-36ba-4891-af63-1be5a87005bc,Restaurant 586,5800 Main St,Philadelphia,OH,64594,46.39566,-118.370271,2.5,4935,True,"Burgers, Restaurants, Food",2024-01-01 00:00:00,2024-01-01
b82f826d-671d-4b56-b408-334f48d5a906,Restaurant 587,986 Main St,Philadelphia,FL,78731,25.947192,-95.303865,2.0,2678,True,"Thai, Restaurants, Food",2024-01-01 00:00:00,2024-01-01
fc84acc2-7d51-43b6-9a34-320ae65bd4b4,Restaurant 588,927 Main St,Philadelphia,OH,68407,42.315325,-93.360983,1.5,1820,False,"Italian, Restaurants, Food",2024-01-01 00:00:00,2024-01-01
acc1c875-ed80-456b-ae6a-72ea004e1185,Restaurant 589,6560 Main St,Philadelphia,TX,27326,32.731868,-98.827994,1.0,4491,False,"Italian, Restaurants, Food",2024-01-01 00:00:00,2024-01-01
2e7f6d94-8f6b-44c8-a0aa-1154fe70bc9c,Restaurant 590,1493 Main St,Philadelphia,OH,75774,34.993296,-86.617122,2.0,3940,True,"Coffee & Tea, Restaurants, Food",2024-01-01 00:00:00,2024-01-01
34ce731e-46b1-49ac-ae4b-63546064f52a,Restaurant 591,6576 Main St,Philadelphia,CO,35703,37.906855,-70.160668,5.0,2018,True,"Sushi, Restaurants, Food",2024-01-01 00:00:00,2024-01-01
8076d295-9d66-4c8f-9452-34ac01f37b9e,Restaurant 592,4462 Main St,Philadelphia,OH,52390,40.748973,-93.318997,1.5,3389,False,"Chinese, Restaurants, Food",2024-01-01 00:00:00,2024-01-01
8145e048-7580-4eb1-b904-e733ccd7420c,Restaurant 593,5806 Main St,Philadelphia,NY,52039,32.924073,-88.952458,3.0,1387,False,"Seafood, Restaurants, Food",2024-01-01 00:00:00,2024-01-01
bd1a98c3-6712-4fb2-a8ba-8ca349d7af5d,Restaurant 594,7345 Main St,Philadelphia,CO,29112,35.130659,-74.168274,2.5,1636,False,"Thai, Restaurants, Food",2024-01-01 00:00:00,2024-01-01
008b8658-9bb5-4d39-ac48-fd4779f9eee7,Restaurant 595,1505 Main St,Philadelphia,CA,17148,30.590111,-90.844866,2.0,2357,True,"Chinese, Restaurants, Food",2024-01-01 00:00:00,2024-01-01
a6c9deb2-096e-4d4b-a0ea-a3bdb724ad19,Restaurant 596,1923 Main St,Philadelphia,FL,68990,35.837377,-106.74678,5.0,1736,True,"American (New), Restaurants, Food",2024-01-01 00:00:00,2024-01-01
882cf720-a755-4c50-89e4-94debbf8c49e,Restaurant 597,8673 Main St,Philadelphia,FL,81932,36.109606,-84.854203,2.0,151,False,"Seafood, Restaurants, Food",2024-01-01 00:00:00,2024-01-01
398417a5-e54e-485a-92f6-f3d8ee147623,Restaurant 598,8731 Main St,Philadelphia,PA,43483,28.917352,-109.379255,3.0,435,False,"Pizza, Restaurants, Food",2024-01-01 00:00:00,2024-01-01
67f96114-dee7-4855-8d58-6262eb121648,Restaurant 599,1191 Main St,Philadelphia,OH,96556,31.240139,-78.135438,3.5,884,True,"Italian, Restaurants, Food",2024-01-01 00:00:00,2024-01-01
70f65296-e230-4a5f-a9ad-b143e809fee4,Restaurant 600,6432 Main St,Philadelphia,NY,59899,36.696428,-85.967116,3.5,3971,True,"Thai, Restaurants, Food",2024-01-01 00:00:00,2024-01-01
e1af6754-8e99-4bd0-9cc2-e8cbc3d019cf,Restaurant 601,3358 Main St,Philadelphia,WA,70029,37.895813,-85.814195,1.0,2027,False,"Chinese, Restaurants, Food",2024-01-01 00:00:00,2024-01-01
ff81dc5a-3d45-47ae-a81d-756b74b632d7,Restaurant 602,8127 Main St,Philadelphia,OH,30578,25.422561,-87.362875,3.5,2477,True,"American (New), Restaurants, Food",2024-01-01 00:00:00,2024-01-01
15cb2ecc-5e16-4a68-8e7c-d4dba86092c1,Restaurant 603,4619 Main St,Philadelphia,PA,92023,30.926625,-103.705618,1.0,4547,False,"Mexican, Restaurants, Food",2024-01-01 00:00:00,2024-01-01
1d1688e0-de22-483b-aaf1-c0268cb69643,Restaurant 604,2585 Main St,Philadelphia,IL,61491,40.10943,-120.171274,4.0,4266,True,"Burgers, Restaurants, Food",2024-01-01 00:00:00,2024-01-01
235bc7b6-6d51-4c72-8dfc-05eb22c40122,Restaurant 605,4038 Main St,Philadelphia,CO,30021,34.808695,-107.818948,3.5,3680,True,"Mexican, Restaurants, Food",2024-01-01 00:00:00,2024-01-01
9b604f7c-caad-48c4-a131-aab5807382ec,Restaurant 606,2370 Main St,Philadelphia,CO,80956,40.733119,-113.872937,2.0,2532,True,"Burgers, Restaurants, Food",2024-01-01 00:00:00,2024-01-01
31c79f9f-ad25-4819-81b4-557ccb7128bc,Restaurant 607,2478 Main St,Philadelphia,CO,30715,32.302413,-94.346284,1.5,1509,False,"Thai, Restaurants, Food",2024-01-01 00:00:00,2024-01-01
0980c6d3-0c36-4ac1-ba2c-ea460522eaa5,Restaurant 608,583 Main St,Philadelphia,IL,64269,47.107512,-108.315854,3.0,1245,True,"Sushi, Restaurants, Food",2024-01-01 00:00:00,2024-01-01
e85c5921-e799-441c-b48b-9fc3aac2cea7,Restaurant 609,2255 Main St,Philadelphia,TX,13433,42.536292,-91.341012,3.0,4962,True,"Seafood, Restaurants, Food",2024-01-01 00:00:00,2024-01-01
8416128e-8127-4e26-b728-0374197fdb17,Restaurant 610,3904 Main St,Philadelphia,NY,13418,33.263011,-87.152229,4.5,1099,False,"Chinese, Restaurants, Food",2024-01-01 00:00:00,2024-01-01
716d7f96-13b2-4745-a33d-f27a5541cc7f,Restaurant 611,3114 Main St,Philadelphia,OH,74414,35.898479,-115.991749,2.5,265,False,"Pizza, Restaurants, Food",2024-01-01 00:00:00,2024-01-01
5f7ddc41-9e67-45ad-a75d-897c55c1edd9,Restaurant 612,4521 Main St,Philadelphia,OH,39170,42.074433,-70.646612,2.5,542,True,"Coffee & Tea, Restaurants, Food",2024-01-01 00:00:00,2024-01-01
11a7a9f4-9568-4a5a-a1d3-1916bbe63ee9,Restaurant 613,8127 Main St,Philadelphia,IL,69971,45.414499,-101.484437,1.0,4981,False,"Chinese, Restaurants, Food",2024-01-01 00:00:00,2024-01-01
caac8fe1-db02-434f-a68c-96232479bc7c,Restaurant 614,6557 Main St,Philadelphia,CO,84964,38.657533,-96.112321,1.0,4266,True,"Coffee & Tea, Restaurants, Food",2024-01-01 00:00:00,2024-01-01
e2b89b16-f81e-4c6e-bb0e-5e54488639eb,Restaurant 615,7585 Main St,Philadelphia,PA,42207,36.930161,-103.241384,1.0,4569,False,"American (New), Restaurants, Food",2024-01-01 00:00:00,2024-01-01
7fca1ce5-29e0-48d7-8563-3c66d2fc7754,Restaurant 616,907 Main St,Philadelphia,NY,48165,35.109739,-76.358133,3.0,3780,True,"Burgers, Restaurants, Food",2024-01-01 00:00:00,2024-01-01
376cddf7-a0c8-42c1-9ca9-8c60a0517984,Restaurant 617,4923 Main St,Philadelphia,CO,17149,40.868918,-75.297839,4.5,3701,True,"American (New), Restaurants, Food",2024-01-01 00:00:00,2024-01-01
78d4d0f0-b487-485d-a372-845c75934a69,Restaurant 618,1954 Main St,Philadelphia,TX,86735,46.570377,-86.713722,2.0,3221,False,"Chinese, Restaurants, Food",2024-01-01 00:00:00,2024-01-01
ea625d9d-d935-473d-abce-c85a6d6f0da7,Restaurant 619,7487 Main St,Philadelphia,PA,33445,35.434657,-75.686037,2.5,3725,True,"Italian, Restaurants, Food",2024-01-01 00:00:00,2024-01-01
cdb372b5-0ba0-4a01-a8d6-36fc3b6192d3,Restaurant 620,5409 Main St,Philadelphia,TX,26193,27.097399,-86.157531,3.5,699,False,"American (New), Restaurants, Food",2024-01-01 00:00:00,2024-01-01
9a18ac84-52b3-4ae4-9500-57c38fe36031,Restaurant 621,2719 Main St,Philadelphia,OH,82134,33.753961,-82.745682,3.5,4633,True,"Thai, Restaurants, Food",2024-01-01 00:00:00,2024-01-01
0d861420-d9bb-4cbf-88e2-fbf99de9e45c,Restaurant 622,2469 Main St,Philadelphia,TX,16725,34.650379,-107.976493,4.5,2366,True,"Sushi, Restaurants, Food",2024-01-01 00:00:00,2024-01-01
62ae2b8a-f11d-4711-a2ae-3f025e299987,Restaurant 623,2255 Main St,Philadelphia,NY,10463,39.318888,-111.078896,4.5,4077,False,"American (New), Restaurants, Food",2024-01-01 00:00:00,2024-01-01
920cd9d3-615e-4a62-bc45-541f514f818f,Restaurant 624,194 Main St,Philadelphia,CO,74679,30.471202,-92.612572,4.5,3718,False,"Coffee & Tea, Restaurants, Food",2024-01-01 00:00:00,2024-01-01
fcaa2513-ce07-40f0-b9d0-d3fba275c1fd,Restaurant 625,1400 Main St,Philadelphia,CO,88656,25.15118,-76.480767,3.0,4568,True,"Pizza, Restaurants, Food",2024-01-01 00:00:00,2024-01-01
4ab70675-b98a-4de7-9964-847d9dd3d37c,Restaurant 626,3128 Main St,Philadelphia,TX,17217,40.025368,-122.980342,1.0,4736,False,"Chinese, Restaurants, Food",2024-01-01 00:00:00,2024-01-01
e9d681fe-a73b-4733-a61b-acbfae329aeb,Restaurant 627,1536 Main St,Philadelphia,PA,24272,34.590009,-115.196338,3.0,4874,True,"Coffee & Tea, Restaurants, Food",2024-01-01 00:00:00,2024-01-01
5109fef4-02bc-492d-9978-dc92e48e1b22,Restaurant 628,9585 Main St,Philadelphia,IL,14697,27.141905,-108.538804,3.5,3105,True,"Burgers, Restaurants, Food",2024-01-01 00:00:00,2024-01-01
d52048a8-b154-4296-87cb-62f47566d74d,Restaurant 629,9118 Main St,Philadelphia,CA,48382,35.828787,-118.288722,3.0,2697,False,"American (New), Restaurants, Food",2024-01-01 00:00:00,2024-01-01
37aca1fd-fdf9-4acc-8a17-363e7518565e,Restaurant 630,3538 Main St,Philadelphia,NY,90223,26.338246,-93.574811,5.0,719,False,"Seafood, Restaurants, Food",2024-01-01 00:00:00,2024-01-01
5cf541ef-62f4-4959-b730-b1f041e9eced,Restaurant 631,4805 Main St,Philadelphia,OH,89802,44.499353,-110.718698,3.5,1063,False,"American (New), Restaurants, Food",2024-01-01 00:00:00,2024-01-01
82ebfe5b-f8be-48cf-a8fd-8140a4ffb797,Restaurant 632,8254 Main St,Philadelphia,AZ,33580,45.324265,-112.20031,3.0,1586,True,"Sushi, Restaurants, Food",2024-01-01 00:00:00,2024-01-01
58bacc4c-bb18-4de4-86c4-324ce6dfa5b5,Restaurant 633,492 Main St,Philadelphia,AZ,91980,43.324849,-84.439239,2.5,3397,False,"Pizza, Restaurants, Food",2024-01-01 00:00:00,2024-01-01
2b3fecea-43fe-49cc-b93a-a7dda66215c2,Restaurant 634,5568 Main St,Philadelphia,IL,83454,43.539001,-113.321414,2.5,2308,False,"Sushi, Restaurants, Food",2024-01-01 00:00:00,2024-01-01
e1ec6aee-4e99-48c9-987d-4254f9d49021,Restaurant 635,5142 Main St,Philadelphia,FL,76412,37.649853,-82.813207,1.5,2731,False,"Burgers, Restaurants, Food",2024-01-01 00:00:00,2024-01-01
996fd2b9-3319-4897-b93a-196dbf41776c,Restaurant 636,9421 Main St,Philadelphia,CO,13816,44.136984,-114.329143,3.5,3925,False,"Pizza, Restaurants, Food",2024-01-01 00:00:00,2024-01-01
5406dbde-b7f2-4ccf-b673-37b13d7ca57b,Restaurant 637,2324 Main St,Philadelphia,AZ,30366,39.425611,-75.936792,5.0,2746,False,"Burgers, Restaurants, Food",2024-01-01 00:00:00,2024-01-01
caf83720-9dd4-43c0-9906-b3f5254898c1,Restaurant 638,1017 Main St,Philadelphia,WA,49235,37.993681,-87.699131,5.0,4390,True,"Mexican, Restaurants, Food",2024-01-01 00:00:00,2024-01-01
873d9f00-78ab-4a0e-982c-83392b4ce873,Restaurant 639,9560 Main St,Philadelphia,IL,56346,26.5229,-116.78823,1.0,2779,False,"American (New), Restaurants, Food",2024-01-01 00:00:00,2024-01-01
3bcfb998-0838-4404-bd85-1c937d6bba27,Restaurant 640,2819 Main St,Philadelphia,CO,89388,33.960024,-92.264447,3.0,2577,True,"Italian, Restaurants, Food",2024-01-01 00:00:00,2024-01-01
3645f180-c2ae-4bd4-b936-eea833d8a2ac,Restaurant 641,6880 Main St,Philadelphia,CA,75149,45.172121,-104.562903,3.0,1771,False,"Thai, Restaurants, Food",2024-01-01 00:00:00,2024-01-01
bdb64cfd-5f02-4720-a2e6-a2d6c52fcd30,Restaurant 642,1938 Main St,Philadelphia,IL,14901,42.889179,-74.765538,4.5,4146,True,"Coffee & Tea, Restaurants, Food",2024-01-01 00:00:00,2024-01-01
75096181-875a-44c6-a9de-50fac972054f,Restaurant 643,8292 Main St,Philadelphia,TX,34931,32.822666,-98.409043,5.0,2543,False,"Thai, Restaurants, Food",2024-01-01 00:00:00,2024-01-01
03a9901c-2c5a-4ef8-ae58-9f2176d4e265,Restaurant 644,1709 Main St,Philadelphia,WA,98698,47.832568,-113.714709,1.0,3764,False,"American (New), Restaurants, Food",2024-01-01 00:00:00,2024-01-01
f4b5972c-ce98-4b8e-9ffa-9c3503a4c20b,Restaurant 645,1997 Main St,Philadelphia,PA,50760,46.443759,-87.212122,1.5,2731,False,"Pizza, Restaurants, Food",2024-01-01 00:00:00,2024-01-01
c46d381c-28e1-4ad1-a90f-63d75b58b38e,Restaurant 646,1789 Main St,Philadelphia,WA,96374,42.147759,-123.763586,3.0,1720,False,"Mexican, Restaurants, Food",2024-01-01 00:00:00,2024-01-01
e90b94a3-13eb-4523-8ff6-fc8f7baf176b,Restaurant 647,3254 Main St,Philadelphia,FL,46261,37.242344,-82.49671,1.5,2234,True,"Thai, Restaurants, Food",2024-01-01 00:00:00,2024-01-01
2c15b7cc-7d43-4340-bc94-8d8b6d6485ec,Restaurant 648,4583 Main St,Philadelphia,CA,11999,47.040855,-94.220583,1.5,1693,False,"American (New), Restaurants, Food",2024-01-01 00:00:00,2024-01-01
df059262-01c0-434e-aaee-5ca1f3925473,Restaurant 649,5318 Main St,Philadelphia,FL,28554,46.69539,-80.779844,2.5,1404,True,"Italian, Restaurants, Food",2024-01-01 00:00:00,2024-01-01
99bc508f-4b7d-4bbd-b8be-e4182a349f8c,Restaurant 650,5649 Main St,Philadelphia,WA,68149,26.166702,-123.405402,1.0,868,False,"Pizza, Restaurants, Food",2024-01-01 00:00:00,2024-01-01
1a9472ef-1fd8-4c65-99a8-125082449bae,Restaurant 651,1510 Main St,Philadelphia,OH,61369,29.116609,-92.213325,4.5,2914,False,"Chinese, Restaurants, Food",2024-01-01 00:00:00,2024-01-01
58859cfc-feae-425b-a0db-eddce39ea1cd,Restaurant 652,3346 Main St,Philadelphia,WA,20295,47.394683,-83.434139,4.5,4652,True,"Sushi, Restaurants, Food",2024-01-01 00:00:00,2024-01-01
30265b31-f57d-4d95-8f41-5587d69fa70a,Restaurant 653,7772 Main St,Philadelphia,CA,69714,32.139009,-89.556976,4.5,3855,True,"Mexican, Restaurants, Food",2024-01-01 00:00:00,2024-01-01
6ea09cc5-3033-494d-b1b4-16e2ec402f65,Restaurant 654,2454 Main St,Philadelphia,CO,43823,45.995817,-103.435769,3.5,2661,False,"Coffee & Tea, Restaurants, Food",2024-01-01 00:00:00,2024-01-01
8853bca9-c000-4107-b4c9-8b4ed34905d1,Restaurant 655,595 Main St,Philadelphia,CA,72303,27.596402,-98.674135,2.0,2313,False,"Seafood, Restaurants, Food",2024-01-01 00:00:00,2024-01-01
0da64d6f-3607-4b63-a5ff-b46f5584d7d2,Restaurant 656,9515 Main St,Philadelphia,TX,76577,27.367441,-80.034591,1.5,2670,True,"Italian, Restaurants, Food",2024-01-01 00:00:00,2024-01-01
c98e2d4e-6ae8-4bd0-92f9-59e7627569b5,Restaurant 657,8828 Main St,Philadelphia,AZ,62535,38.582327,-111.878359,2.5,4489,True,"Coffee & Tea, Restaurants, Food",2024-01-01 00:00:00,2024-01-01
812f1eb5-7a80-499c-87b4-5cc3e4058d19,Restaurant 658,6388 Main St,Philadelphia,CA,54658,29.789477,-86.826708,4.0,3567,False,"American (New), Restaurants, Food",2024-01-01 00:00:00,2024-01-01
43c1afa9-d845-402e-a99f-0edf9e3120b9,Restaurant 659,3969 Main St,Philadelphia,TX,96849,40.40092,-84.334813,4.5,937,False,"Chinese, Restaurants, Food",2024-01-01 00:00:00,2024-01-01
8fa74d81-1cbc-40ca-84aa-ef9679882bc7,Restaurant 660,9194 Main St,Philadelphia,CA,68355,29.052002,-72.42641,1.5,4901,True,"Seafood, Restaurants, Food",2024-01-01 00:00:00,2024-01-01
40221369-b738-497f-b378-a69f46ef17ef,Restaurant 661,6308 Main St,Philadelphia,IL,74788,39.83475,-121.618478,2.5,1139,True,"Thai, Restaurants, Food",2024-01-01 00:00:00,2024-01-01
84181fcb-62e9-4c77-90c0-6330d383ab41,Restaurant 662,2544 Main St,Philadelphia,AZ,79632,31.704575,-91.143531,4.5,1603,True,"Chinese, Restaurants, Food",2024-01-01 00:00:00,2024-01-01
a5397aa2-2b25-443d-adec-5a4514bdd384,Restaurant 663,5010 Main St,Philadelphia,CO,99071,32.004653,-73.116669,4.0,2821,True,"Seafood, Restaurants, Food",2024-01-01 00:00:00,2024-01-01
b7d5dc5c-a74e-4884-8a08-b588145a5695,Restaurant 664,233 Main St,Philadelphia,CO,76902,34.296541,-117.984437,3.0,512,False,"American (New), Restaurants, Food",2024-01-01 00:00:00,2024-01-01
6d961427-22b7-4e5e-b113-eb102eacac22,Restaurant 665,970 Main St,Philadelphia,PA,83404,43.877326,-105.241545,3.0,256,True,"Burgers, Restaurants, Food",2024-01-01 00:00:00,2024-01-01
065fd299-f21d-4363-9f0e-7d66e7bfd7e0,Restaurant 666,9769 Main St,Philadelphia,OH,91948,32.316928,-103.946571,4.0,3566,True,"Thai, Restaurants, Food",2024-01-01 00:00:00,2024-01-01
bafb9902-adfd-4c54-9be6-6d44e7e139c4,Restaurant 667,7880 Main St,Philadelphia,TX,34671,37.774696,-78.616978,3.5,3418,True,"Italian, Restaurants, Food",2024-01-01 00:00:00,2024-01-01
a62743cb-31b2-406d-9922-1e5e8d6fab4f,Restaurant 668,2156 Main St,Philadelphia,TX,11520,26.650158,-124.136071,4.5,3578,True,"Sushi, Restaurants, Food",2024-01-01 00:00:00,2024-01-01
7375e073-71f4-4b92-880f-01f7ce836ccf,Restaurant 669,2348 Main St,Philadelphia,OH,69772,45.552397,-86.753521,4.0,1473,False,"American (New), Restaurants, Food",2024-01-01 00:00:00,2024-01-01
92ad423b-f50e-430a-9214-f2cc4b78f088,Restaurant 670,7048 Main St,Philadelphia,WA,68988,33.848439,-112.584249,4.0,4953,True,"Seafood, Restaurants, Food",2024-01-01 00:00:00,2024-01-01
a5f39c7d-a96f-43d0-ab8b-145403d850d6,Restaurant 671,8261 Main St,Philadelphia,NY,75762,31.19276,-74.038955,3.5,275,True,"Seafood, Restaurants, Food",2024-01-01 00:00:00,2024-01-01
7ee91a5f-eef1-441e-825d-9091d5ee78f8,Restaurant 672,8017 Main St,Philadelphia,IL,24832,38.346182,-72.104424,1.5,1164,False,"Coffee & Tea, Restaurants, Food",2024-01-01 00:00:00,2024-01-01
303af62e-f957-4b8b-9228-308828fd0474,Restaurant 673,8569 Main St,Philadelphia,CA,78597,45.468056,-120.135451,4.5,640,False,"Seafood, Restaurants, Food",2024-01-01 00:00:00,2024-01-01
134b54ea-ef07-4b79-a0dd-71709175c22e,Restaurant 674,964 Main St,Philadelphia,IL,80127,42.906124,-99.212215,5.0,3844,False,"Burgers, Restaurants, Food",2024-01-01 00:00:00,2024-01-01
451c899b-e4ff-4230-9b59-530cbc863dcf,Restaurant 675,5882 Main St,Philadelphia,FL,47907,28.852688,-86.772186,3.0,4618,False,"Pizza, Restaurants, Food",2024-01-01 00:00:00,2024-01-01
52e8fb34-c578-4ef6-aa7a-6b36da3362b7,Restaurant 676,7852 Main St,Philadelphia,CO,32161,38.17578,-88.902406,3.0,224,False,"Coffee & Tea, Restaurants, Food",2024-01-01 00:00:00,2024-01-01
06f1c057-b05c-4b29-b222-4a2f827a0120,Restaurant 677,1451 Main St,Philadelphia,TX,76269,26.767832,-81.893045,3.0,1086,False,"Italian, Restaurants, Food",2024-01-01 00:00:00,2024-01-01
7142f49b-5dfd-4be3-8976-ebb50305a91e,Restaurant 678,4309 Main St,Philadelphia,PA,24621,38.887895,-74.942768,2.0,3659,False,"Thai, Restaurants, Food",2024-01-01 00:00:00,2024-01-01
26120823-6402-4618-a97b-fa2008a87cc0,Restaurant 679,4380 Main St,Philadelphia,NY,73559,29.158611,-95.993613,1.0,2809,True,"Thai, Restaurants, Food",2024-01-01 00:00:00,2024-01-01
1bb78e86-6bd8-451b-917b-90e49d836919,Restaurant 680,9857 Main St,Philadelphia,TX,75004,42.31351,-102.287867,4.0,1950,False,"Thai, Restaurants, Food",2024-01-01 00:00:00,2024-01-01
711a21c6-85e3-4b4d-ad5c-aa69ca2c82a4,Restaurant 681,3554 Main St,Philadelphia,CO,55229,26.249493,-110.458248,1.5,431,True,"Coffee & Tea, Restaurants, Food",2024-01-01 00:00:00,2024-01-01
84f83952-d481-43f7-af27-ae1aab5951af,Restaurant 682,6633 Main St,Philadelphia,AZ,49500,35.954124,-72.846152,5.0,1915,False,"Burgers, Restaurants, Food",2024-01-01 00:00:00,2024-01-01
cb7017d1-cb27-4e03-be39-d64479094a13,Restaurant 683,7875 Main St,Philadelphia,FL,29025,37.200169,-101.089612,3.0,3677,False,"Chinese, Restaurants, Food",2024-01-01 00:00:00,2024-01-01
a3f1c221-c9ec-462e-841b-c12db5ba8c0c,Restaurant 684,8787 Main St,Philadelphia,PA,22761,46.107379,-89.941672,4.0,2234,False,"Italian, Restaurants, Food",2024-01-01 00:00:00,2024-01-01
ba8dd99e-3c3d-4019-8c83-60119aef4877,Restaurant 685,4475 Main St,Philadelphia,CA,43468,40.049895,-103.486543,2.5,4823,True,"American (New), Restaurants, Food",2024-01-01 00:00:00,2024-01-01
5b77a2e2-7eaa-45b0-b049-a0b1c4755312,Restaurant 686,5628 Main St,Philadelphia,TX,51060,37.595089,-87.995898,1.5,98,False,"Sushi, Restaurants, Food",2024-01-01 00:00:00,2024-01-01
9dfbdee3-6b19-4855-9a41-780220ab55d1,Restaurant 687,8705 Main St,Philadelphia,CA,99849,35.256671,-112.932102,3.0,2064,True,"Pizza, Restaurants, Food",2024-01-01 00:00:00,2024-01-01
6e510df3-bcf4-4569-bcf2-76ba6b464291,Restaurant 688,488 Main St,Philadelphia,CO,22050,26.308284,-92.322378,2.5,4911,True,"Sushi, Restaurants, Food",2024-01-01 00:00:00,2024-01-01
9d5835e6-d19e-49f9-b602-d7f5f81ccf29,Restaurant 689,1515 Main St,Philadelphia,CO,27027,33.647044,-82.987823,2.0,909,True,"Italian, Restaurants, Food",2024-01-01 00:00:00,2024-01-01
ed62a955-3f64-4b53-8156-6e46d7e34c36,Restaurant 690,4926 Main St,Philadelphia,AZ,96570,46.532187,-89.867072,3.0,3498,False,"Italian, Restaurants, Food",2024-01-01 00:00:00,2024-01-01
f1e31771-8212-4167-88a4-085f77eadda1,Restaurant 691,2753 Main St,Philadelphia,CA,46344,42.873437,-103.946055,3.5,493,False,"Italian, Restaurants, Food",2024-01-01 00:00:00,2024-01-01
5be41429-abc8-4e61-9c99-f204338a3c56,Restaurant 692,3015 Main St,Philadelphia,AZ,19096,36.309601,-73.927754,4.0,1462,False,"Sushi, Restaurants, Food",2024-01-01 00:00:00,2024-01-01
fcb504fc-e95f-48f3-94f6-b9bdd4982c20,Restaurant 693,2457 Main St,Philadelphia,WA,66525,30.022889,-89.616401,4.5,2122,True,"Pizza, Restaurants, Food",2024-01-01 00:00:00,2024-01-01
77cb1df1-1763-45c3-b0ab-c2e1aab24f7a,Restaurant 694,1294 Main St,Philadelphia,CA,84887,41.733538,-82.251956,1.0,4078,True,"Pizza, Restaurants, Food",2024-01-01 00:00:00,2024-01-01
0387d8d7-b3b1-4b3b-9c69-c96286520c9b,Restaurant 695,719 Main St,Philadelphia,OH,44922,28.486972,-106.859302,4.0,4708,True,"American (New), Restaurants, Food",2024-01-01 00:00:00,2024-01-01
cce2abde-a49d-4714-8ef7-423154de3d51,Restaurant 696,8139 Main St,Philadelphia,AZ,67154,34.289993,-84.972792,1.5,4425,True,"Pizza, Restaurants, Food",2024-01-01 00:00:00,2024-01-01
a74944e4-3961-4a84-9716-4c116a9f8ff1,Restaurant 697,6398 Main St,Philadelphia,AZ,25886,38.046609,-73.57268,3.5,2732,False,"Burgers, Restaurants, Food",2024-01-01 00:00:00,2024-01-01
cce00507-721d-44f1-9614-e454a1bf27b8,Restaurant 698,1004 Main St,Philadelphia,CA,57887,37.296405,-72.149096,1.5,3766,False,"Mexican, Restaurants, Food",2024-01-01 00:00:00,2024-01-01
c296a0b0-c068-43d5-b481-4306d4c0129b,Restaurant 699,2993 Main St,Philadelphia,WA,15155,47.252798,-88.659625,3.0,3196,True,"Chinese, Restaurants, Food",2024-01-01 00:00:00,2024-01-01
b91057ae-925c-48f5-9a87-218e7176d718,Restaurant 700,8070 Main St,Philadelphia,CA,92941,35.073626,-114.579453,1.0,1582,True,"Seafood, Restaurants, Food",2024-01-01 00:00:00,2024-01-01
e2d6af06-6e6c-4b7b-a265-6c13cd75429f,Restaurant 701,4007 Main St,Philadelphia,AZ,60956,26.448831,-95.269637,3.0,4094,False,"Pizza, Restaurants, Food",2024-01-01 00:00:00,2024-01-01
1ef06c79-f04d-4de2-987a-32f006d45dbd,Restaurant 702,706 Main St,Philadelphia,IL,17347,32.767528,-85.344341,4.0,969,True,"American (New), Restaurants, Food",2024-01-01 00:00:00,2024-01-01
e4a666aa-a07f-4de0-bb19-4508fa0d339f,Restaurant 703,7609 Main St,Philadelphia,WA,29523,42.044184,-112.185789,1.5,303,True,"Coffee & Tea, Restaurants, Food",2024-01-01 00:00:00,2024-01-01
12715c0b-2a2f-47bc-8fe4-5a2a47ded7c5,Restaurant 704,412 Main St,Philadelphia,AZ,91051,26.053439,-86.428675,2.0,118,True,"Pizza, Restaurants, Food",2024-01-01 00:00:00,2024-01-01
f2927dab-0f8c-414f-9461-07faf4129038,Restaurant 705,5135 Main St,Philadelphia,CA,69793,39.058195,-79.055631,1.5,872,True,"Coffee & Tea, Restaurants, Food",2024-01-01 00:00:00,2024-01-01
66eee0aa-2503-47bc-a553-ccb1896798de,Restaurant 706,9848 Main St,Philadelphia,CO,38910,26.451533,-113.854737,3.5,3294,False,"Sushi, Restaurants, Food",2024-01-01 00:00:00,2024-01-01
7e0ea6e6-6352-4cc1-bb52-595a259b3f5e,Restaurant 707,9536 Main St,Philadelphia,WA,28000,32.396567,-71.941919,2.5,374,True,"Chinese, Restaurants, Food",2024-01-01 00:00:00,2024-01-01
f4ae295a-a6c7-4d23-a6cf-dce53502b0a5,Restaurant 708,1135 Main St,Philadelphia,CA,45899,28.248446,-102.166512,3.5,4534,True,"Coffee & Tea, Restaurants, Food",2024-01-01 00:00:00,2024-01-01
b31ead8c-2c94-4e5a-8728-4747a62d66ff,Restaurant 709,4091 Main St,Philadelphia,CO,15334,28.06753,-81.492124,4.0,1293,True,"Coffee & Tea, Restaurants, Food",2024-01-01 00:00:00,2024-01-01
9061f432-c8a6-481b-9172-0d1068d0be44,Restaurant 710,1422 Main St,Philadelphia,PA,10946,29.126496,-120.097232,3.0,3410,False,"Thai, Restaurants, Food",2024-01-01 00:00:00,2024-01-01
e51aaedf-fd6c-4f3d-8e96-548230cc26f0,Restaurant 711,3477 Main St,Philadelphia,TX,93863,31.231844,-100.226948,2.5,1430,True,"Seafood, Restaurants, Food",2024-01-01 00:00:00,2024-01-01
51926554-6002-417d-bcae-44d868302d68,Restaurant 712,3049 Main St,Philadelphia,AZ,90222,46.856855,-90.504459,3.0,2850,False,"Pizza, Restaurants, Food",2024-01-01 00:00:00,2024-01-01
0a172f7f-ca49-4267-acba-93ae1702570e,Restaurant 713,9237 Main St,Philadelphia,NY,35153,27.70268,-95.839054,1.5,2965,True,"Coffee & Tea, Restaurants, Food",2024-01-01 00:00:00,2024-01-01
75a0f3dd-5d50-403f-a91f-2ef79f8221ab,Restaurant 714,3509 Main St,Philadelphia,FL,16955,29.455537,-81.186287,4.5,4076,True,"Thai, Restaurants, Food",2024-01-01 00:00:00,2024-01-01
15e5f8a8-a5bb-4655-bac8-79a8a7705a9b,Restaurant 715,806 Main St,Philadelphia,PA,94523,33.376441,-113.472564,3.0,2739,False,"Pizza, Restaurants, Food",2024-01-01 00:00:00,2024-01-01
bd541b13-1745-47f1-9ed7-0830f1af2770,Restaurant 716,1810 Main St,Philadelphia,PA,80432,29.045415,-81.797939,4.5,4219,True,"Sushi, Restaurants, Food",2024-01-01 00:00:00,2024-01-01
fce78aa2-1359-44e4-ac61-2f6e18e9335b,Restaurant 717,3955 Main St,Philadelphia,AZ,87687,38.334521,-101.951355,3.5,1885,True,"Chinese, Restaurants, Food",2024-01-01 00:00:00,2024-01-01
c8357981-d8a3-4067-bc5d-a6ba4fda397d,Restaurant 718,3831 Main St,Philadelphia,CA,41079,41.968201,-77.156253,4.0,1808,True,"Coffee & Tea, Restaurants, Food",2024-01-01 00:00:00,2024-01-01
9344a4c8-8e8f-4f3f-9fc1-58ddb03f82a8,Restaurant 719,9686 Main St,Philadelphia,AZ,17122,45.481243,-117.02823,4.5,1459,False,"Chinese, Restaurants, Food",2024-01-01 00:00:00,2024-01-01
c79f0dd4-0a19-4798-8acc-b0beb5468b8f,Restaurant 720,2334 Main St,Philadelphia,AZ,35448,39.536486,-71.344426,2.5,2752,True,"Pizza, Restaurants, Food",2024-01-01 00:00:00,2024-01-01
6e47726c-b373-44ce-ab2f-61f1c41a2bac,Restaurant 721,9417 Main St,Philadelphia,PA,46779,28.139534,-78.159175,4.5,3427,True,"Chinese, Restaurants, Food",2024-01-01 00:00:00,2024-01-01
153c719e-0fc7-45b4-b0ef-33049a5574d8,Restaurant 722,3702 Main St,Philadelphia,FL,89119,28.606127,-81.298903,2.0,4736,True,"Sushi, Restaurants, Food",2024-01-01 00:00:00,2024-01-01
73def9a5-5614-4db5-af5f-5b4abd919807,Restaurant 723,6845 Main St,Philadelphia,WA,74122,44.830578,-113.095657,4.5,3791,False,"Pizza, Restaurants, Food",2024-01-01 00:00:00,2024-01-01
ee97d322-c143-4e9d-b557-376b193f7441,Restaurant 724,7114 Main St,Philadelphia,NY,42483,32.527807,-93.129313,2.0,4700,True,"Burgers, Restaurants, Food",2024-01-01 00:00:00,2024-01-01
80fa5fc6-09fd-427a-970e-8383d450afc8,Restaurant 725,824 Main St,Philadelphia,PA,71689,41.869955,-97.268102,4.0,4351,False,"Coffee & Tea, Restaurants, Food",2024-01-01 00:00:00,2024-01-01
fbb256e4-0493-4232-9efd-ceb760e3f62e,Restaurant 726,1705 Main St,Philadelphia,AZ,74918,30.531764,-94.283217,1.0,3332,True,"Thai, Restaurants, Food",2024-01-01 00:00:00,2024-01-01
fc563c64-2567-4f9d-8cd5-cfa4f622f6d8,Restaurant 727,5972 Main St,Philadelphia,FL,41334,39.895725,-120.009877,4.5,2498,True,"Coffee & Tea, Restaurants, Food",2024-01-01 00:00:00,2024-01-01
f3124524-fe88-43db-bdc0-b8899ac991b0,Restaurant 728,9445 Main St,Philadelphia,CO,13199,47.457678,-99.493165,2.0,3321,True,"Chinese, Restaurants, Food",2024-01-01 00:00:00,2024-01-01
3ae085f9-3e2b-46bb-9595-b1b3caee4abf,Restaurant 729,7707 Main St,Philadelphia,PA,92222,26.626068,-75.861106,3.5,4350,True,"Italian, Restaurants, Food",2024-01-01 00:00:00,2024-01-01
89683983-57fe-4ad7-9984-d0a8555ae1dc,Restaurant 730,7077 Main St,Philadelphia,FL,90281,37.476007,-81.303669,1.5,2751,True,"American (New), Restaurants, Food",2024-01-01 00:00:00,2024-01-01
9b419214-de50-4457-bcf5-3e839f13b477,Restaurant 731,6063 Main St,Philadelphia,PA,24544,33.807965,-99.405592,1.0,2995,False,"Thai, Restaurants, Food",2024-01-01 00:00:00,2024-01-01
1d0d71cd-1f29-4b68-8c38-52721db9616e,Restaurant 732,9255 Main St,Philadelphia,CA,83499,41.314754,-113.740807,3.5,1955,True,"Coffee & Tea, Restaurants, Food",2024-01-01 00:00:00,2024-01-01
34943ff1-6675-4665-8bee-78dc85300de0,Restaurant 733,9604 Main St,Philadelphia,NY,39548,32.370668,-75.613683,5.0,3465,False,"Pizza, Restaurants, Food",2024-01-01 00:00:00,2024-01-01
d0314ecf-fb8d-432b-9100-f2703c6a5e96,Restaurant 734,1138 Main St,Philadelphia,IL,55249,35.405445,-97.420245,1.5,3852,False,"Coffee & Tea, Restaurants, Food",2024-01-01 00:00:00,2024-01-01
c3b2f1ea-cf9b-4bf2-b962-e296bc9c24dc,Restaurant 735,6131 Main St,Philadelphia,CA,34687,45.513774,-99.816923,1.5,3201,True,"Italian, Restaurants, Food",2024-01-01 00:00:00,2024-01-01
8a80de20-3565-4768-b4a2-6d164e685ea7,Restaurant 736,1360 Main St,Philadelphia,CA,31596,31.346683,-86.660484,4.5,1233,True,"American (New), Restaurants, Food",2024-01-01 00:00:00,2024-01-01
3e086e0f-8678-4ed5-bd82-ae0fbad00dc7,Restaurant 737,471 Main St,Philadelphia,FL,64596,47.300216,-95.221077,2.0,3883,False,"Burgers, Restaurants, Food",2024-01-01 00:00:00,2024-01-01
f4a76288-da53-439e-aa64-d1e98a00e26c,Restaurant 738,7372 Main St,Philadelphia,PA,48209,29.348395,-123.787986,2.5,4257,False,"Burgers, Restaurants, Food",2024-01-01 00:00:00,2024-01-01
b1459b3d-b2fe-422c-bbf6-96852963053d,Restaurant 739,9581 Main St,Philadelphia,IL,95951,39.859178,-107.053147,5.0,4494,False,"Coffee & Tea, Restaurants, Food",2024-01-01 00:00:00,2024-01-01
7bcf338e-a1b8-4088-8fe5-443844f4e484,Restaurant 740,5082 Main St,Philadelphia,CO,27295,45.660484,-108.142775,3.0,1858,False,"Chinese, Restaurants, Food",2024-01-01 00:00:00,2024-01-01
eb46e11a-baba-4d61-bddc-1e9ebd2041a6,Restaurant 741,4820 Main St,Philadelphia,PA,29443,33.121781,-99.92404,2.0,1318,False,"Thai, Restaurants, Food",2024-01-01 00:00:00,2024-01-01
aef4ce40-034e-4213-a8f5-9f964c83cab7,Restaurant 742,2973 Main St,Philadelphia,TX,31135,30.471822,-122.73667,3.5,4707,True,"Coffee & Tea, Restaurants, Food",2024-01-01 00:00:00,2024-01-01
912359bb-d1d0-46a5-9f98-ec8634fe780d,Restaurant 743,4366 Main St,Philadelphia,IL,34182,29.718573,-86.107609,3.5,2817,True,"Chinese, Restaurants, Food",2024-01-01 00:00:00,2024-01-01
8a0e4abe-d4d7-45a7-8f90-dc4234226a9b,Restaurant 744,7447 Main St,Philadelphia,WA,31311,37.273788,-118.318049,1.0,3315,False,"Thai, Restaurants, Food",2024-01-01 00:00:00,2024-01-01
4a77f9a0-99c0-4cf3-8c65-2c3011605293,Restaurant 745,7604 Main St,Philadelphia,IL,30454,25.098769,-84.382776,5.0,2714,False,"Coffee & Tea, Restaurants, Food",2024-01-01 00:00:00,2024-01-01
e5511228-c2c2-486c-af32-7fb47588c455,Restaurant 746,4848 Main St,Philadelphia,CO,97410,28.38292,-93.912267,4.5,2775,True,"Coffee & Tea, Restaurants, Food",2024-01-01 00:00:00,2024-01-01
c69277a4-8da6-40a0-bad8-636161cbcd96,Restaurant 747,756 Main St,Philadelphia,TX,98867,37.67208,-108.055479,4.0,1806,False,"Chinese, Restaurants, Food",2024-01-01 00:00:00,2024-01-01
e039b276-dd6a-45cb-aeb7-f89d959e09e6,Restaurant 748,1615 Main St,Philadelphia,IL,17213,38.987478,-114.266764,5.0,1820,False,"Mexican, Restaurants, Food",2024-01-01 00:00:00,2024-01-01
77eb2bac-366a-42f8-b26c-52f299355a9e,Restaurant 749,469 Main St,Philadelphia,CA,80570,44.537382,-87.761514,1.5,4193,False,"Mexican, Restaurants, Food",2024-01-01 00:00:00,2024-01-01
2e38ce3c-b0d2-4aff-9fda-d3dbe6660adc,Restaurant 750,8135 Main St,Philadelphia,IL,89058,38.91679,-73.112881,3.5,3257,True,"Burgers, Restaurants, Food",2024-01-01 00:00:00,2024-01-01
633feed7-1764-4bf8-9842-bd86c4ae51ce,Restaurant 751,6156 Main St,Philadelphia,OH,58867,25.280388,-106.029388,3.0,3651,True,"Mexican, Restaurants, Food",2024-01-01 00:00:00,2024-01-01
bd8db82f-677c-4239-a1b1-3de21c68849f,Restaurant 752,7378 Main St,Philadelphia,OH,67999,31.638582,-80.687997,4.0,3394,True,"Seafood, Restaurants, Food",2024-01-01 00:00:00,2024-01-01
df09e2fd-3c89-4f96-b719-0493a91c54e3,Restaurant 753,9896 Main St,Philadelphia,CA,28827,29.779027,-98.896278,5.0,2748,True,"Seafood, Restaurants, Food",2024-01-01 00:00:00,2024-01-01
fbb46272-9d5b-499d-85ff-0092e4afc244,Restaurant 754,6256 Main St,Philadelphia,CA,10867,34.417595,-74.707423,4.0,1433,False,"Seafood, Restaurants, Food",2024-01-01 00:00:00,2024-01-01
9a59ba45-42d3-4f69-808e-edff0298fa82,Restaurant 755,2343 Main St,Philadelphia,NY,34380,44.142526,-109.079526,4.5,346,False,"Seafood, Restaurants, Food",2024-01-01 00:00:00,2024-01-01
d91704fa-48a1-49e1-ba4a-5b0ddbe58d30,Restaurant 756,5079 Main St,Philadelphia,AZ,83306,42.016689,-112.651388,1.0,1262,False,"Italian, Restaurants, Food",2024-01-01 00:00:00,2024-01-01
e97dfcba-e1e2-4032-9bf7-65cd60ed4f98,Restaurant 757,7842 Main St,Philadelphia,CA,95696,40.31601,-109.177103,2.0,4030,True,"Pizza, Restaurants, Food",2024-01-01 00:00:00,2024-01-01
8fbd8b12-c1f1-4dc4-a5c6-76b6b54e0f02,Restaurant 758,2055 Main St,Philadelphia,FL,74625,47.869658,-121.330135,3.5,4761,False,"Seafood, Restaurants, Food",2024-01-01 00:00:00,2024-01-01
6a255229-2c22-4b92-99d5-8689a34de3e7,Restaurant 759,7244 Main St,Philadelphia,FL,92312,40.775995,-71.415769,1.5,3058,True,"Italian, Restaurants, Food",2024-01-01 00:00:00,2024-01-01
52775d01-bd36-429f-a4bf-98ea53967b12,Restaurant 760,2768 Main St,Philadelphia,CO,17669,28.361154,-99.642582,2.0,2928,True,"Pizza, Restaurants, Food",2024-01-01 00:00:00,2024-01-01
44cce9c2-c69f-4189-af0f-4f27c14ee47e,Restaurant 761,4567 Main St,Philadelphia,IL,64986,39.633684,-72.4664,1.0,2375,False,"American (New), Restaurants, Food",2024-01-01 00:00:00,2024-01-01
cb85f43d-63eb-4f41-b7ce-4f6f8ede540c,Restaurant 762,1358 Main St,Philadelphia,WA,35403,42.628176,-114.921388,1.5,4906,True,"American (New), Restaurants, Food",2024-01-01 00:00:00,2024-01-01
a783cabb-e29c-4aaa-bb1f-4629323c73c3,Restaurant 763,5385 Main St,Philadelphia,IL,99780,43.397176,-110.069756,3.5,786,False,"Thai, Restaurants, Food",2024-01-01 00:00:00,2024-01-01
4a777441-342a-4d58-871c-e1e13d83f2b8,Restaurant 764,311 Main St,Philadelphia,TX,77917,31.472608,-82.165569,4.0,2788,True,"Sushi, Restaurants, Food",2024-01-01 00:00:00,2024-01-01
2fdb9ef6-44c9-4d6f-9ce7-a8aaa5439e22,Restaurant 765,3669 Main St,Philadelphia,TX,75979,30.085611,-114.637077,5.0,4307,True,"Burgers, Restaurants, Food",2024-01-01 00:00:00,2024-01-01
25fca3da-846f-40dc-8206-1d891a1a926b,Restaurant 766,7644 Main St,Philadelphia,CA,25278,43.833429,-74.212464,4.5,2853,False,"Chinese, Restaurants, Food",2024-01-01 00:00:00,2024-01-01
d2404a7c-420d-48ea-bbec-bf44d8a6fb5d,Restaurant 767,2377 Main St,Philadelphia,AZ,88335,37.031786,-71.64387,2.0,2496,True,"Sushi, Restaurants, Food",2024-01-01 00:00:00,2024-01-01
5534db5e-a98a-4dd3-8cce-0e1afd735ac4,Restaurant 768,3743 Main St,Philadelphia,TX,28659,40.825085,-108.091442,2.5,1067,True,"Burgers, Restaurants, Food",2024-01-01 00:00:00,2024-01-01
a282d015-9c91-4733-ba5f-1ccb5fe64e44,Restaurant 769,1930 Main St,Philadelphia,CA,12464,42.817923,-83.346628,1.0,1609,True,"Pizza, Restaurants, Food",2024-01-01 00:00:00,2024-01-01
62671a22-8b02-41f3-a691-c7c133b971fa,Restaurant 770,8512 Main St,Philadelphia,CO,17768,35.788894,-75.030889,1.0,543,False,"Pizza, Restaurants, Food",2024-01-01 00:00:00,2024-01-01
cdb04504-3a06-4917-a915-fd0d5edb90d4,Restaurant 771,1681 Main St,Philadelphia,CA,88878,29.724227,-75.435382,2.0,2880,True,"Sushi, Restaurants, Food",2024-01-01 00:00:00,2024-01-01
ba635572-003c-4c78-8e49-b10d37d3cb89,Restaurant 772,2484 Main St,Philadelphia,FL,85989,33.00024,-116.169347,5.0,1982,True,"Sushi, Restaurants, Food",2024-01-01 00:00:00,2024-01-01
df259635-07dd-4d4b-9915-798e9be92e7d,Restaurant 773,9572 Main St,Philadelphia,PA,79315,29.990956,-114.464886,3.0,1408,True,"Sushi, Restaurants, Food",2024-01-01 00:00:00,2024-01-01
65432ce1-fe52-4c25-8191-61ed50e30362,Restaurant 774,3606 Main St,Philadelphia,WA,72221,33.42865,-92.584069,4.5,880,True,"Chinese, Restaurants, Food",2024-01-01 00:00:00,2024-01-01
52a44a85-a83a-4695-b91c-0f981a157a1f,Restaurant 775,6319 Main St,Philadelphia,OH,38085,36.827773,-102.583212,3.5,1013,False,"Sushi, Restaurants, Food",2024-01-01 00:00:00,2024-01-01
c44db8e4-b37d-4939-8e63-1aaf11b97993,Restaurant 776,8615 Main St,Philadelphia,TX,74987,42.532295,-86.2398,5.0,333,True,"Chinese, Restaurants, Food",2024-01-01 00:00:00,2024-01-01
5521b148-df6d-4c88-9bd6-83809ff14848,Restaurant 777,8188 Main St,Philadelphia,CA,60434,31.523063,-91.978577,3.0,3637,True,"American (New), Restaurants, Food",2024-01-01 00:00:00,2024-01-01
4ed6a0c8-c53c-4d87-a2af-4d03ad82e15f,Restaurant 778,6772 Main St,Philadelphia,FL,66093,29.342055,-121.171496,4.5,3011,True,"Pizza, Restaurants, Food",2024-01-01 00:00:00,2024-01-01
be516685-883e-457d-a84e-6d3b0bebeaba,Restaurant 779,8155 Main St,Philadelphia,CA,61952,35.075342,-88.779846,1.5,977,True,"Burgers, Restaurants, Food",2024-01-01 00:00:00,2024-01-01
610b9511-169a-482d-b6c7-868749a8dc02,Restaurant 780,6663 Main St,Philadelphia,CO,23332,42.05294,-75.91648,2.0,531,False,"Mexican, Restaurants, Food",2024-01-01 00:00:00,2024-01-01
f5c17b8d-5b20-4d51-81dd-d9cc2395f179,Restaurant 781,5648 Main St,Philadelphia,NY,87982,44.412679,-102.764103,2.5,3480,False,"Italian, Restaurants, Food",2024-01-01 00:00:00,2024-01-01
dbc32c22-605b-4ee0-bb93-43c17b131de4,Restaurant 782,9634 Main St,Philadelphia,CO,45779,42.394968,-80.945867,4.0,2918,False,"Seafood, Restaurants, Food",2024-01-01 00:00:00,2024-01-01
0ae4929d-3b1e-4ce8-90a2-3d01fd182f32,Restaurant 783,6726 Main St,Philadelphia,AZ,77032,31.414485,-82.760024,1.5,1001,False,"Coffee & Tea, Restaurants, Food",2024-01-01 00:00:00,2024-01-01
319c27e1-7578-4321-8359-8b17365b6162,Restaurant 784,8247 Main St,Philadelphia,NY,92361,46.675269,-123.365206,1.0,559,False,"Pizza, Restaurants, Food",2024-01-01 00:00:00,2024-01-01
99be4429-9612-441d-b998-b93e31641d9e,Restaurant 785,3034 Main St,Philadelphia,OH,89244,40.6217,-116.599484,1.5,627,False,"Coffee & Tea, Restaurants, Food",2024-01-01 00:00:00,2024-01-01
a602153a-1696-4c45-9792-1a1e5ac582f0,Restaurant 786,3408 Main St,Philadelphia,FL,96781,36.451678,-97.236288,5.0,2815,True,"Pizza, Restaurants, Food",2024-01-01 00:00:00,2024-01-01
0d260b10-422a-48b5-aa99-a4b58692b63d,Restaurant 787,7151 Main St,Philadelphia,CA,60283,35.352657,-78.091914,4.5,3766,True,"Pizza, Restaurants, Food",2024-01-01 00:00:00,2024-01-01
6b0b1839-5fbd-4ff3-9d38-4e3c625f2d34,Restaurant 788,2997 Main St,Philadelphia,WA,96430,44.788296,-108.332549,2.0,4027,False,"Thai, Restaurants, Food",2024-01-01 00:00:00,2024-01-01
67689fd1-43bd-47d7-b6b2-daf5700bf6ec,Restaurant 789,5219 Main St,Philadelphia,OH,73891,42.572256,-93.712963,4.5,4537,False,"Coffee & Tea, Restaurants, Food",2024-01-01 00:00:00,2024-01-01
602e375c-8d81-45ee-a934-5e1a2ca0c23a,Restaurant 790,9311 Main St,Philadelphia,TX,76412,26.281954,-110.513496,4.0,2890,False,"Chinese, Restaurants, Food",2024-01-01 00:00:00,2024-01-01
f4ea63b2-e6fe-470c-880b-1b27ae9d336a,Restaurant 791,1106 Main St,Philadelphia,PA,87393,26.037724,-78.968622,3.5,4784,True,"Chinese, Restaurants, Food",2024-01-01 00:00:00,2024-01-01
7261b6a6-09a8-4e50-991f-c7295e2b1374,Restaurant 792,6335 Main St,Philadelphia,CA,66118,32.93829,-105.344866,3.5,463,True,"Mexican, Restaurants, Food",2024-01-01 00:00:00,2024-01-01
f4b54708-3355-473d-9155-a4c44884c383,Restaurant 793,3944 Main St,Philadelphia,FL,87664,26.95366,-87.160481,3.0,938,False,"Thai, Restaurants, Food",2024-01-01 00:00:00,2024-01-01
113220c4-00e0-45bd-8d58-83298022a8cc,Restaurant 794,422 Main St,Philadelphia,WA,52744,25.859685,-88.822772,4.0,4654,False,"Italian, Restaurants, Food",2024-01-01 00:00:00,2024-01-01
58bc29bb-3f64-45ea-b538-697f54f4a7bf,Restaurant 795,434 Main St,Philadelphia,AZ,87068,25.511438,-107.591712,4.0,2642,True,"Coffee & Tea, Restaurants, Food",2024-01-01 00:00:00,2024-01-01
006a91e3-4ddc-4bc0-bf32-45a13c6b4211,Restaurant 796,1739 Main St,Philadelphia,NY,54035,36.424822,-80.369855,3.5,1366,False,"Chinese, Restaurants, Food",2024-01-01 00:00:00,2024-01-01
02c4fa7d-b7ff-4a74-a580-63dfb288527d,Restaurant 797,7243 Main St,Philadelphia,NY,75136,39.615217,-71.4241,1.5,4390,True,"Italian, Restaurants, Food",2024-01-01 00:00:00,2024-01-01
864250a8-30c8-41b0-ab9b-3a9e3b656bfc,Restaurant 798,4444 Main St,Philadelphia,PA,48970,47.913237,-102.888496,2.5,754,True,"Seafood, Restaurants, Food",2024-01-01 00:00:00,2024-01-01
208d49b0-9b46-4c66-a884-61c3f1bcd260,Restaurant 799,5618 Main St,Philadelphia,FL,18817,38.027851,-95.791499,4.0,1719,False,"Sushi, Restaurants, Food",2024-01-01 00:00:00,2024-01-01
a42eeb56-46ea-4cc6-a7e3-82eaa1ab59c1,Restaurant 800,5045 Main St,Philadelphia,WA,49309,34.956941,-95.302883,2.5,3395,False,"Italian, Restaurants, Food",2024-01-01 00:00:00,2024-01-01
2255a249-e14f-44d1-951b-e2f6042b41c6,Restaurant 801,8543 Main St,Philadelphia,AZ,98022,42.559171,-115.066953,1.0,4229,True,"Seafood, Restaurants, Food",2024-01-01 00:00:00,2024-01-01
90aab484-493d-41d2-ac0f-c0bac804ee9f,Restaurant 802,8278 Main St,Philadelphia,NY,96613,47.128693,-84.178559,4.5,2195,False,"Seafood, Restaurants, Food",2024-01-01 00:00:00,2024-01-01
f1e5f1da-0c12-4b59-bb65-f65e66a99689,Restaurant 803,1081 Main St,Philadelphia,WA,36299,33.378317,-116.874097,2.0,2460,False,"Burgers, Restaurants, Food",2024-01-01 00:00:00,2024-01-01
fbc3744c-57fe-4f65-891e-ad5724238208,Restaurant 804,5320 Main St,Philadelphia,CA,93090,29.681835,-102.315889,3.0,1316,False,"Seafood, Restaurants, Food",2024-01-01 00:00:00,2024-01-01
97ea5a3c-ece4-4e94-b2d0-35165768e901,Restaurant 805,3968 Main St,Philadelphia,OH,41258,27.611847,-114.444619,2.5,2544,False,"Coffee & Tea, Restaurants, Food",2024-01-01 00:00:00,2024-01-01
9b096723-453f-44fd-ab00-8a2ca0c45485,Restaurant 806,9272 Main St,Philadelphia,OH,65314,39.879207,-122.964795,2.0,2235,True,"Pizza, Restaurants, Food",2024-01-01 00:00:00,2024-01-01
549c38b2-ee9d-470a-91c1-10e68036f457,Restaurant 807,4333 Main St,Philadelphia,FL,96333,37.666241,-89.56384,1.0,3981,True,"Pizza, Restaurants, Food",2024-01-01 00:00:00,2024-01-01
d0c6187b-dadf-445d-8035-ca1e91152b63,Restaurant 808,1475 Main St,Philadelphia,IL,88852,31.853521,-121.503007,4.0,2978,True,"Burgers, Restaurants, Food",2024-01-01 00:00:00,2024-01-01
8d07db44-04fd-476a-9590-97fccab3e844,Restaurant 809,2402 Main St,Philadelphia,NY,24671,38.132388,-97.486331,1.5,4276,False,"Coffee & Tea, Restaurants, Food",2024-01-01 00:00:00,2024-01-01
9599c638-49dd-46d8-84f9-8f916ca8ae36,Restaurant 810,1578 Main St,Philadelphia,NY,88619,27.812367,-80.632201,3.5,4787,False,"Mexican, Restaurants, Food",2024-01-01 00:00:00,2024-01-01
455969b1-2c40-40b5-8bc4-f678997233c2,Restaurant 811,7028 Main St,Philadelphia,NY,28910,27.456722,-113.224025,3.0,3601,False,"Italian, Restaurants, Food",2024-01-01 00:00:00,2024-01-01
5f0698fb-7625-4154-b7f8-f7528fb1e924,Restaurant 812,9758 Main St,Philadelphia,PA,74272,37.269809,-86.521025,1.5,2593,False,"Coffee & Tea, Restaurants, Food",2024-01-01 00:00:00,2024-01-01
f887440b-e860-48ef-8d6b-a8c8282c987a,Restaurant 813,4136 Main St,Philadelphia,FL,28993,33.348954,-85.638082,3.0,173,True,"Pizza, Restaurants, Food",2024-01-01 00:00:00,2024-01-01
b63f11a2-857f-4294-9936-13cac7da342f,Restaurant 814,4026 Main St,Philadelphia,FL,82447,33.847875,-89.857802,3.5,1000,True,"Coffee & Tea, Restaurants, Food",2024-01-01 00:00:00,2024-01-01
1ff0321c-7fbe-4445-b1f0-4fa06ee52a6c,Restaurant 815,6464 Main St,Philadelphia,PA,61508,46.33267,-74.514032,3.0,740,True,"Italian, Restaurants, Food",2024-01-01 00:00:00,2024-01-01
e67dd971-4c9b-4e57-a087-bb6900673931,Restaurant 816,3546 Main St,Philadelphia,TX,67520,39.521112,-76.629301,4.0,278,False,"Sushi, Restaurants, Food",2024-01-01 00:00:00,2024-01-01
acc69e71-ca2d-4613-b80b-61a6ecf464bc,Restaurant 817,8155 Main St,Philadelphia,AZ,64127,46.309436,-106.700278,4.0,823,True,"Italian, Restaurants, Food",2024-01-01 00:00:00,2024-01-01
44dc67e6-b1df-4aaf-aa52-8119fcbc38ff,Restaurant 818,8395 Main St,Philadelphia,CA,56118,34.680022,-84.892262,5.0,2677,False,"Pizza, Restaurants, Food",2024-01-01 00:00:00,2024-01-01
a5e885c6-6194-4ade-bd6c-69ea4457dd6b,Restaurant 819,953 Main St,Philadelphia,TX,92595,35.198314,-89.739566,1.0,3283,True,"Italian, Restaurants, Food",2024-01-01 00:00:00,2024-01-01
556dae63-0d42-4f81-a507-ae5d4431a3ad,Restaurant 820,5240 Main St,Philadelphia,CO,20778,27.549049,-111.271804,2.0,4867,False,"Chinese, Restaurants, Food",2024-01-01 00:00:00,2024-01-01
ca6eba6e-1732-47e7-8fb8-05312b9bcabd,Restaurant 821,7497 Main St,Philadelphia,AZ,27499,30.995637,-87.189322,3.5,2309,True,"Sushi, Restaurants, Food",2024-01-01 00:00:00,2024-01-01
fcf1ec7f-be2d-45ab-affe-713d23895f97,Restaurant 822,6891 Main St,Philadelphia,IL,33840,34.050366,-104.247398,2.5,170,True,"American (New), Restaurants, Food",2024-01-01 00:00:00,2024-01-01
5c778682-ae3b-4d73-b291-5ffb80e919d4,Restaurant 823,3847 Main St,Philadelphia,CA,70610,29.560123,-86.430637,2.0,408,False,"Seafood, Restaurants, Food",2024-01-01 00:00:00,2024-01-01
78911af0-517c-4acf-9de0-886265e80a4f,Restaurant 824,7127 Main St,Philadelphia,CO,44099,28.432778,-72.308192,2.0,4647,True,"Pizza, Restaurants, Food",2024-01-01 00:00:00,2024-01-01
408db516-3459-49cc-b037-6850a727ce44,Restaurant 825,8715 Main St,Philadelphia,OH,69468,44.026921,-97.821803,2.5,1665,True,"Italian, Restaurants, Food",2024-01-01 00:00:00,2024-01-01
b9d2a4f0-10e3-4026-9462-f21c9c08a7f4,Restaurant 826,4817 Main St,Philadelphia,AZ,60079,27.994585,-77.901425,2.5,2319,True,"Burgers, Restaurants, Food",2024-01-01 00:00:00,2024-01-01
fc3b7f42-e086-488b-b614-384b32455509,Restaurant 827,3055 Main St,Philadelphia,OH,29129,25.661782,-71.312951,2.5,3695,True,"Chinese, Restaurants, Food",2024-01-01 00:00:00,2024-01-01
4da48650-7f7b-4754-97b8-84c85d91cda7,Restaurant 828,9650 Main St,Philadelphia,AZ,21237,25.237366,-117.673729,3.5,3257,True,"Burgers, Restaurants, Food",2024-01-01 00:00:00,2024-01-01
71c1230b-1d31-45e2-8104-eaf018b0c1c6,Restaurant 829,7035 Main St,Philadelphia,CO,43584,26.680279,-94.365001,1.0,2727,True,"Coffee & Tea, Restaurants, Food",2024-01-01 00:00:00,2024-01-01
0548b660-6f59-4cad-b635-f5c7c43e8c0f,Restaurant 830,5904 Main St,Philadelphia,CO,97921,47.245826,-92.097236,1.0,44,False,"American (New), Restaurants, Food",2024-01-01 00:00:00,2024-01-01
5827d9c9-b0da-40a3-b4a5-9eaa5cb16e23,Restaurant 831,6341 Main St,Philadelphia,FL,61733,40.439026,-117.726896,5.0,337,True,"Italian, Restaurants, Food",2024-01-01 00:00:00,2024-01-01
3365c608-7285-44a2-9f4f-b13e4da94ad4,Restaurant 832,2883 Main St,Philadelphia,WA,74597,46.39752,-76.715679,2.0,735,False,"American (New), Restaurants, Food",2024-01-01 00:00:00,2024-01-01
6aab0d48-a360-4301-8e80-413d3b6e03d2,Restaurant 833,7193 Main St,Philadelphia,TX,44131,27.687367,-122.571081,2.0,4090,False,"Chinese, Restaurants, Food",2024-01-01 00:00:00,2024-01-01
764fe58e-7af2-445f-b3be-68a8d8c39bcb,Restaurant 834,7146 Main St,Philadelphia,FL,44500,39.097426,-83.113984,3.0,4236,False,"Burgers, Restaurants, Food",2024-01-01 00:00:00,2024-01-01
f47ce588-6039-4256-85f8-1927fd7cd776,Restaurant 835,2803 Main St,Philadelphia,IL,74392,42.564535,-116.680439,4.5,436,True,"Thai, Restaurants, Food",2024-01-01 00:00:00,2024-01-01
3b8f2820-4b18-45f6-8a13-0bc9b5576a0d,Restaurant 836,994 Main St,Philadelphia,NY,34004,25.824832,-110.687682,4.5,3576,True,"Coffee & Tea, Restaurants, Food",2024-01-01 00:00:00,2024-01-01
a5a9932e-f5ee-4c1e-b9da-61f6f3cb6378,Restaurant 837,768 Main St,Philadelphia,AZ,56729,47.742827,-94.153001,4.5,4039,True,"Thai, Restaurants, Food",2024-01-01 00:00:00,2024-01-01
bbf2eff2-b25a-4e86-8cf8-d9d5f33534b7,Restaurant 838,2125 Main St,Philadelphia,IL,22265,29.685875,-109.373595,2.0,4168,False,"Seafood, Restaurants, Food",2024-01-01 00:00:00,2024-01-01
8c336c58-76a2-4012-821c-b804b4f42843,Restaurant 839,9695 Main St,Philadelphia,NY,86486,47.954105,-124.773085,2.0,3412,True,"Mexican, Restaurants, Food",2024-01-01 00:00:00,2024-01-01
5d846ec2-9a70-4311-9a25-6cc976593af0,Restaurant 840,8261 Main St,Philadelphia,CA,53077,25.59713,-87.527821,1.5,3230,False,"Seafood, Restaurants, Food",2024-01-01 00:00:00,2024-01-01
b7d63fff-2319-4f69-a5f6-25bc305dda22,Restaurant 841,1837 Main St,Philadelphia,IL,30155,25.664114,-99.687175,4.5,3720,False,"Seafood, Restaurants, Food",2024-01-01 00:00:00,2024-01-01
d38ee1ab-075b-42b8-aa55-b0da6885d7de,Restaurant 842,195 Main St,Philadelphia,IL,15747,40.091973,-72.700722,3.5,4663,True,"Mexican, Restaurants, Food",2024-01-01 00:00:00,2024-01-01
e454eb97-b31b-4f23-9ebd-05ac8cb94671,Restaurant 843,897 Main St,Philadelphia,FL,52358,43.35738,-84.091,5.0,4934,False,"Sushi, Restaurants, Food",2024-01-01 00:00:00,2024-01-01
81a3cfc5-b420-4612-ac89-4a54c17c9c56,Restaurant 844,6634 Main St,Philadelphia,FL,33332,30.521843,-82.601738,4.0,731,True,"Mexican, Restaurants, Food",2024-01-01 00:00:00,2024-01-01
23dccc94-e205-4a82-9fc0-be188eec5808,Restaurant 845,2769 Main St,Philadelphia,OH,62742,31.553525,-83.609279,2.0,988,False,"Coffee & Tea, Restaurants, Food",2024-01-01 00:00:00,2024-01-01
8c699351-000e-49e1-88ad-735794c14f4d,Restaurant 846,7183 Main St,Philadelphia,FL,99779,38.880813,-105.252566,1.5,3011,True,"Coffee & Tea, Restaurants, Food",2024-01-01 00:00:00,2024-01-01
2549f2c0-a7be-441b-bc18-4d5ef5545514,Restaurant 847,7398 Main St,Philadelphia,OH,72447,31.175026,-91.981259,1.5,3462,False,"Seafood, Restaurants, Food",2024-01-01 00:00:00,2024-01-01
c41599e1-d4d3-4755-beca-39ae02ee6620,Restaurant 848,3153 Main St,Philadelphia,OH,92665,34.798393,-122.775905,3.5,3798,True,"Thai, Restaurants, Food",2024-01-01 00:00:00,2024-01-01
ed616d74-937e-4aa7-a688-36e3429ea1e3,Restaurant 849,8215 Main St,Philadelphia,WA,92517,39.886184,-120.381644,4.5,3583,True,"Coffee & Tea, Restaurants, Food",2024-01-01 00:00:00,2024-01-01
a2dc5586-55be-462a-847d-1bc17a38fbcc,Restaurant 850,5021 Main St,Philadelphia,TX,26749,40.739221,-108.477524,2.5,4286,False,"Italian, Restaurants, Food",2024-01-01 00:00:00,2024-01-01
89239dce-4113-4057-b918-d89f65a66bca,Restaurant 851,9414 Main St,Philadelphia,PA,82219,26.760248,-122.51978,1.5,4184,False,"Burgers, Restaurants, Food",2024-01-01 00:00:00,2024-01-01
4dd216c0-4ec4-4f96-9ea7-69112212ec25,Restaurant 852,1648 Main St,Philadelphia,AZ,96619,41.56713,-80.294638,3.5,2088,True,"American (New), Restaurants, Food",2024-01-01 00:00:00,2024-01-01
06f43adc-e09b-4910-a6f2-7b29c66f5d62,Restaurant 853,366 Main St,Philadelphia,CA,96714,35.646216,-81.76026,4.0,371,True,"Burgers, Restaurants, Food",2024-01-01 00:00:00,2024-01-01
18e6296a-4994-49ab-8f09-996ad7445019,Restaurant 854,4976 Main St,Philadelphia,IL,86966,41.654178,-83.345515,4.5,2172,False,"Thai, Restaurants, Food",2024-01-01 00:00:00,2024-01-01
6bac540e-4654-4065-ab1b-d4caf2c1ac61,Restaurant 855,3558 Main St,Philadelphia,TX,20252,42.181674,-91.777092,1.5,3554,True,"Pizza, Restaurants, Food",2024-01-01 00:00:00,2024-01-01
8649cfe0-e520-469b-a1aa-bf06574af3b7,Restaurant 856,6570 Main St,Philadelphia,CA,11743,28.949913,-98.758407,4.0,4931,False,"Italian, Restaurants, Food",2024-01-01 00:00:00,2024-01-01
ae8ae96e-6a04-438b-91a0-979f5f51904f,Restaurant 857,6010 Main St,Philadelphia,OH,49669,27.015608,-117.568733,2.5,917,True,"Mexican, Restaurants, Food",2024-01-01 00:00:00,2024-01-01
8c6a6762-1042-4f85-a930-2a22a30e7e41,Restaurant 858,539 Main St,Philadelphia,NY,73060,39.918334,-89.26431,4.0,4413,True,"Sushi, Restaurants, Food",2024-01-01 00:00:00,2024-01-01
7295fd65-f87f-46d0-952b-23e3bad9fab5,Restaurant 859,5030 Main St,Philadelphia,AZ,29420,35.901749,-123.800074,2.0,1249,False,"Coffee & Tea, Restaurants, Food",2024-01-01 00:00:00,2024-01-01
19d8e326-57ae-4ac6-8d2f-75b70663f597,Restaurant 860,7824 Main St,Philadelphia,PA,68918,38.460204,-113.926387,4.0,418,False,"Pizza, Restaurants, Food",2024-01-01 00:00:00,2024-01-01
4d0a0061-73a5-4e99-b6db-563c2074383d,Restaurant 861,1782 Main St,Philadelphia,OH,64484,44.518174,-84.460693,5.0,2383,True,"Coffee & Tea, Restaurants, Food",2024-01-01 00:00:00,2024-01-01
e09717f3-4617-4e4d-92ae-fa3ebaba9429,Restaurant 862,6648 Main St,Philadelphia,AZ,77286,38.593903,-91.367759,4.5,1900,True,"American (New), Restaurants, Food",2024-01-01 00:00:00,2024-01-01
e1ee35a0-27e8-4cd8-88e2-38d62eac2577,Restaurant 863,411 Main St,Philadelphia,OH,85550,32.264553,-121.506919,4.0,3878,True,"Coffee & Tea, Restaurants, Food",2024-01-01 00:00:00,2024-01-01
6822d6f3-d1a8-4a5d-afd8-c1d43a5890cd,Restaurant 864,5781 Main St,Philadelphia,AZ,67177,25.478559,-109.159407,2.5,3845,False,"Coffee & Tea, Restaurants, Food",2024-01-01 00:00:00,2024-01-01
69207bd6-af1b-47c3-b7da-e725c0a16359,Restaurant 865,3902 Main St,Philadelphia,WA,38796,38.51615,-87.326425,4.5,1075,False,"Burgers, Restaurants, Food",2024-01-01 00:00:00,2024-01-01
fc933664-2241-4421-a7ec-120266e153dc,Restaurant 866,6929 Main St,Philadelphia,IL,71908,43.394366,-78.550779,2.5,2314,True,"Coffee & Tea, Restaurants, Food",2024-01-01 00:00:00,2024-01-01
5cd47c39-573a-4a4e-93e8-26540088ca79,Restaurant 867,2215 Main St,Philadelphia,TX,36146,28.595224,-97.929785,4.0,4045,False,"Mexican, Restaurants, Food",2024-01-01 00:00:00,2024-01-01
460b8578-323b-43b0-90df-c415bb5b6a17,Restaurant 868,3531 Main St,Philadelphia,WA,16166,47.983008,-105.266729,3.0,2925,True,"Thai, Restaurants, Food",2024-01-01 00:00:00,2024-01-01
435ebcce-d017-498f-bf72-6cd1350d218c,Restaurant 869,8348 Main St,Philadelphia,PA,18344,32.767899,-118.731689,2.5,989,True,"Coffee & Tea, Restaurants, Food",2024-01-01 00:00:00,2024-01-01
6c0241bb-1bed-4818-91f3-cf4596b5e0cb,Restaurant 870,4324 Main St,Philadelphia,IL,56562,42.6956,-82.644781,5.0,2192,True,"American (New), Restaurants, Food",2024-01-01 00:00:00,2024-01-01
3eade810-5836-441a-8e73-2db42558e12c,Restaurant 871,1806 Main St,Philadelphia,PA,67386,43.376698,-72.054409,1.5,868,True,"American (New), Restaurants, Food",2024-01-01 00:00:00,2024-01-01
fde54432-d9e3-4e64-a9d8-837187049985,Restaurant 872,787 Main St,Philadelphia,WA,23816,28.842065,-118.506736,2.5,2963,True,"Italian, Restaurants, Food",2024-01-01 00:00:00,2024-01-01
b6d991b2-7063-42d8-ac3d-0eae2fcccc6e,Restaurant 873,7333 Main St,Philadelphia,WA,75325,41.848694,-119.538817,3.5,2742,True,"Sushi, Restaurants, Food",2024-01-01 00:00:00,2024-01-01
3e358c7a-df9c-42ad-a094-b9d3c0f39b93,Restaurant 874,3407 Main St,Philadelphia,AZ,64493,42.692044,-124.637683,4.5,2797,False,"American (New), Restaurants, Food",2024-01-01 00:00:00,2024-01-01
4a91d8de-6134-49f8-9cea-4b77b912d92d,Restaurant 875,2905 Main St,Philadelphia,CA,44867,33.566036,-83.483513,3.5,2011,True,"American (New), Restaurants, Food",2024-01-01 00:00:00,2024-01-01
532b5dc6-cfaf-4ac2-a524-54e04c5e6913,Restaurant 876,7009 Main St,Philadelphia,NY,28087,43.44068,-102.262482,4.0,3759,False,"Pizza, Restaurants, Food",2024-01-01 00:00:00,2024-01-01
06c56b40-71bf-42af-8ef9-8d73e95add8d,Restaurant 877,7351 Main St,Philadelphia,TX,11303,41.505392,-96.545822,1.5,695,False,"Chinese, Restaurants, Food",2024-01-01 00:00:00,2024-01-01
e202b0d9-09d4-4658-9ae6-085a3f7a0416,Restaurant 878,6680 Main St,Philadelphia,TX,66894,26.413772,-83.244419,2.0,4707,True,"American (New), Restaurants, Food",2024-01-01 00:00:00,2024-01-01
d8a6d01b-7d67-4b38-91d8-23fcaaa99b65,Restaurant 879,4945 Main St,Philadelphia,OH,62691,45.373006,-86.456528,3.0,2570,False,"Pizza, Restaurants, Food",2024-01-01 00:00:00,2024-01-01
97a955e0-c8cb-4cfd-b07f-a9912ccd0557,Restaurant 880,4683 Main St,Philadelphia,WA,90006,46.170364,-86.483771,4.5,1681,False,"Chinese, Restaurants, Food",2024-01-01 00:00:00,2024-01-01
0f6a5cd4-c53b-474a-97c5-c728e98622ae,Restaurant 881,6727 Main St,Philadelphia,NY,49522,26.938461,-95.441158,4.0,1033,False,"Mexican, Restaurants, Food",2024-01-01 00:00:00,2024-01-01
3631dc73-775d-4617-95b6-0f8ec481d17f,Restaurant 882,1620 Main St,Philadelphia,WA,82323,32.181806,-106.261012,2.0,192,True,"American (New), Restaurants, Food",2024-01-01 00:00:00,2024-01-01
0fa65205-8c5d-4ada-90b9-010a4535388a,Restaurant 883,9807 Main St,Philadelphia,FL,41632,44.141267,-108.283185,4.0,4140,True,"Pizza, Restaurants, Food",2024-01-01 00:00:00,2024-01-01
12f08fcd-400e-4adc-9d1c-316e091d40cc,Restaurant 884,6210 Main St,Philadelphia,FL,92180,36.672486,-118.190284,1.5,3677,False,"Seafood, Restaurants, Food",2024-01-01 00:00:00,2024-01-01
73bec6d6-827b-492c-9713-1c1a9d59e16e,Restaurant 885,185 Main St,Philadelphia,AZ,54430,47.607863,-80.703684,5.0,4879,True,"Chinese, Restaurants, Food",2024-01-01 00:00:00,2024-01-01
c579ff1e-293a-4223-95d5-88ace5c735ab,Restaurant 886,5002 Main St,Philadelphia,FL,97414,43.050153,-85.683004,2.0,3094,True,"Sushi, Restaurants, Food",2024-01-01 00:00:00,2024-01-01
7021aba8-225b-470f-83c7-9fb6f38809aa,Restaurant 887,5471 Main St,Philadelphia,WA,86332,29.428771,-82.179777,4.5,803,True,"Burgers, Restaurants, Food",2024-01-01 00:00:00,2024-01-01
805d38cc-2000-4739-8a61-1c2b3f4d322c,Restaurant 888,6851 Main St,Philadelphia,CA,22091,26.430454,-76.131989,4.5,1760,False,"Sushi, Restaurants, Food",2024-01-01 00:00:00,2024-01-01
00a9fb92-035d-4d3e-b167-0352034753e2,Restaurant 889,6150 Main St,Philadelphia,WA,62789,38.529508,-96.458025,4.0,2161,False,"Burgers, Restaurants, Food",2024-01-01 00:00:00,2024-01-01
acc025e8-c707-4ae0-92db-58ccc57b6918,Restaurant 890,7310 Main St,Philadelphia,AZ,64646,43.947672,-117.06096,2.0,3972,False,"Thai, Restaurants, Food",2024-01-01 00:00:00,2024-01-01
66688073-9a51-470d-821b-d655a5a3f09e,Restaurant 891,8508 Main St,Philadelphia,WA,25474,40.972826,-99.951219,1.0,1285,False,"Sushi, Restaurants, Food",2024-01-01 00:00:00,2024-01-01
82cdbb86-2d14-40ed-8732-b904105b1f77,Restaurant 892,9956 Main St,Philadelphia,OH,24461,27.779928,-93.552939,1.0,4283,True,"Sushi, Restaurants, Food",2024-01-01 00:00:00,2024-01-01
2bb317e7-e091-4fe6-be2d-9fdb45841469,Restaurant 893,6186 Main St,Philadelphia,FL,59081,31.974982,-98.274095,2.0,1165,False,"Pizza, Restaurants, Food",2024-01-01 00:00:00,2024-01-01
d7a6ac5b-76e7-49a8-8b22-96ecc6d87db8,Restaurant 894,5099 Main St,Philadelphia,FL,38256,29.210774,-84.318682,1.0,1003,False,"Sushi, Restaurants, Food",2024-01-01 00:00:00,2024-01-01
c680537d-5486-4ca3-8d21-5d205db39141,Restaurant 895,832 Main St,Philadelphia,OH,73068,38.180359,-93.882981,3.5,3091,False,"Seafood, Restaurants, Food",2024-01-01 00:00:00,2024-01-01
2213d9f3-ac15-48c0-8ead-a02ba75eb7a5,Restaurant 896,2275 Main St,Philadelphia,TX,76160,39.638586,-83.107667,4.5,1221,False,"Sushi, Restaurants, Food",2024-01-01 00:00:00,2024-01-01
4137093d-5da6-4fd0-a3a8-95258d6a3b72,Restaurant 897,6811 Main St,Philadelphia,OH,40516,45.705622,-106.355116,1.0,3630,False,"Sushi, Restaurants, Food",2024-01-01 00:00:00,2024-01-01
4c61ee15-6ef7-4ac7-8503-14a00071a734,Restaurant 898,2813 Main St,Philadelphia,PA,84972,39.492512,-82.562267,3.0,4597,True,"American (New), Restaurants, Food",2024-01-01 00:00:00,2024-01-01
de73b1c3-271f-4b79-8004-06a826e4cc6e,Restaurant 899,1495 Main St,Philadelphia,NY,91094,37.46219,-83.331166,5.0,1552,False,"American (New), Restaurants, Food",2024-01-01 00:00:00,2024-01-01
08878081-c5be-4fc3-aa80-8f64adea7861,Restaurant 900,405 Main St,Philadelphia,CA,96278,46.532182,-115.114113,1.0,2253,True,"Mexican, Restaurants, Food",2024-01-01 00:00:00,2024-01-01
f1281845-cdeb-46d8-afb5-67de99bdd4ca,Restaurant 901,9595 Main St,Philadelphia,AZ,21094,43.559184,-91.622985,4.0,4825,True,"Coffee & Tea, Restaurants, Food",2024-01-01 00:00:00,2024-01-01
734b7915-f4bd-4fb5-b71f-78b73b81fb9e,Restaurant 902,481 Main St,Philadelphia,IL,67280,29.151684,-123.676868,5.0,2600,False,"Italian, Restaurants, Food",2024-01-01 00:00:00,2024-01-01
e4dabff0-cfd1-4584-b208-934f30288626,Restaurant 903,1591 Main St,Philadelphia,CA,23019,37.460923,-109.305655,2.0,2094,True,"Thai, Restaurants, Food",2024-01-01 00:00:00,2024-01-01
6205e72d-5cfd-4a0a-abf5-eef99bea1a32,Restaurant 904,5126 Main St,Philadelphia,OH,98946,28.891394,-91.203851,3.5,1487,True,"Pizza, Restaurants, Food",2024-01-01 00:00:00,2024-01-01
aaaabe5d-d443-401a-81df-9ceac1fc0d66,Restaurant 905,4982 Main St,Philadelphia,OH,22942,32.360954,-102.294745,3.5,2113,False,"Sushi, Restaurants, Food",2024-01-01 00:00:00,2024-01-01
89641129-a7f7-4fb4-87cd-7fe4810b14d0,Restaurant 906,949 Main St,Philadelphia,NY,41407,42.299076,-92.768401,4.5,4167,False,"Sushi, Restaurants, Food",2024-01-01 00:00:00,2024-01-01
cbd4ab1e-1a50-47aa-abec-59c876bd8f9e,Restaurant 907,4512 Main St,Philadelphia,PA,51724,35.690941,-102.610795,4.5,237,False,"Mexican, Restaurants, Food",2024-01-01 00:00:00,2024-01-01
a35b7abf-877c-47de-9fb8-4e4f6a5feb7c,Restaurant 908,405 Main St,Philadelphia,FL,82623,47.159918,-87.869641,2.5,4545,True,"Italian, Restaurants, Food",2024-01-01 00:00:00,2024-01-01
0d287e69-c13a-440b-9f24-cb52e05dffcf,Restaurant 909,9410 Main St,Philadelphia,OH,68455,26.929892,-90.031055,2.5,1167,False,"American (New), Restaurants, Food",2024-01-01 00:00:00,2024-01-01
7a88d7af-eb07-4444-931e-b37b1359be5f,Restaurant 910,2855 Main St,Philadelphia,NY,80455,46.91009,-72.125634,5.0,3701,True,"Pizza, Restaurants, Food",2024-01-01 00:00:00,2024-01-01
b8548863-aaf9-4e15-89a2-7f88a0c42b08,Restaurant 911,7712 Main St,Philadelphia,CO,47912,40.020354,-115.794008,1.0,3951,False,"Seafood, Restaurants, Food",2024-01-01 00:00:00,2024-01-01
b30bcb95-5143-4808-a35b-1c64962a815d,Restaurant 912,4210 Main St,Philadelphia,OH,56061,44.376089,-113.298523,5.0,2305,True,"Thai, Restaurants, Food",2024-01-01 00:00:00,2024-01-01
6246a3ea-031d-46d2-ac96-8112879411b3,Restaurant 913,8850 Main St,Philadelphia,CO,19166,31.914682,-103.25823,1.5,1145,False,"Burgers, Restaurants, Food",2024-01-01 00:00:00,2024-01-01
b4df87c7-7d74-47e5-9b26-ed0dfcbba978,Restaurant 914,3554 Main St,Philadelphia,CO,76167,47.020595,-107.493283,3.5,2142,False,"Italian, Restaurants, Food",2024-01-01 00:00:00,2024-01-01
d7ef7662-a859-44a0-b209-c2b4f7d820ac,Restaurant 915,4129 Main St,Philadelphia,IL,54778,29.84435,-72.255403,3.5,131,True,"Pizza, Restaurants, Food",2024-01-01 00:00:00,2024-01-01
c6fad533-6daa-49a3-b604-f49fba68c8ea,Restaurant 916,7907 Main St,Philadelphia,PA,11255,40.472247,-102.276033,4.5,3218,True,"Sushi, Restaurants, Food",2024-01-01 00:00:00,2024-01-01
de9e9f30-1b96-4896-830f-2ddba255ce07,Restaurant 917,8925 Main St,Philadelphia,PA,98029,35.239066,-118.212142,4.0,4926,False,"Burgers, Restaurants, Food",2024-01-01 00:00:00,2024-01-01
b171a987-18e0-4143-a3ac-73f04e51154c,Restaurant 918,3003 Main St,Philadelphia,PA,26353,35.641928,-73.506368,4.5,77,True,"Pizza, Restaurants, Food",2024-01-01 00:00:00,2024-01-01
2f4330c2-e288-4198-9c27-0265241ee099,Restaurant 919,4706 Main St,Philadelphia,IL,35101,27.06923,-91.260651,3.0,1812,True,"Coffee & Tea, Restaurants, Food",2024-01-01 00:00:00,2024-01-01
1030e2fb-55dc-4967-898b-6e89f97994e2,Restaurant 920,6047 Main St,Philadelphia,PA,46799,36.335271,-86.277376,2.5,59,True,"Burgers, Restaurants, Food",2024-01-01 00:00:00,2024-01-01
4a789bba-853f-45f5-9726-4e9ea0b6e79f,Restaurant 921,1917 Main St,Philadelphia,FL,84593,36.50749,-115.62376,2.5,4635,True,"Sushi, Restaurants, Food",2024-01-01 00:00:00,2024-01-01
947d1fbf-4040-4e37-9228-884e2c9e3b4e,Restaurant 922,9736 Main St,Philadelphia,TX,18526,27.930911,-73.654013,2.5,4286,False,"Mexican, Restaurants, Food",2024-01-01 00:00:00,2024-01-01
bac0805e-3789-40fa-ab31-6e235ba3996d,Restaurant 923,478 Main St,Philadelphia,WA,90538,30.817185,-94.193621,4.5,17,False,"Pizza, Restaurants, Food",2024-01-01 00:00:00,2024-01-01
e6031dae-27c2-4846-a44a-e55a5c0e116b,Restaurant 924,5392 Main St,Philadelphia,OH,63330,31.302819,-87.590459,4.5,4060,False,"American (New), Restaurants, Food",2024-01-01 00:00:00,2024-01-01
c7a27ee0-b732-4fb4-8af4-f8c0997b6031,Restaurant 925,812 Main St,Philadelphia,NY,16155,31.39246,-101.896586,4.5,2591,True,"Burgers, Restaurants, Food",2024-01-01 00:00:00,2024-01-01
b81bc656-ce56-4894-a2f3-c4cff32c84da,Restaurant 926,3288 Main St,Philadelphia,IL,20722,45.242265,-80.57799,2.5,3472,True,"Mexican, Restaurants, Food",2024-01-01 00:00:00,2024-01-01
fb8181f5-dfc7-4eee-a1f4-87f19f56a429,Restaurant 927,3325 Main St,Philadelphia,TX,53152,32.148535,-90.570292,1.5,229,False,"Burgers, Restaurants, Food",2024-01-01 00:00:00,2024-01-01
2c2f6ec2-2155-443b-abc4-0ef3d003f4ed,Restaurant 928,493 Main St,Philadelphia,CO,92090,46.506398,-78.772083,2.5,884,False,"Mexican, Restaurants, Food",2024-01-01 00:00:00,2024-01-01
1d944406-d9d7-4e0c-bcce-d0725f346f07,Restaurant 929,5683 Main St,Philadelphia,PA,53724,36.952526,-111.979098,1.5,4915,False,"Sushi, Restaurants, Food",2024-01-01 00:00:00,2024-01-01
d093ebd2-7f75-4ef0-9771-2d1f2c068ad4,Restaurant 930,7414 Main St,Philadelphia,CO,26361,26.967298,-121.662218,1.0,3092,False,"Sushi, Restaurants, Food",2024-01-01 00:00:00,2024-01-01
1e1ef32b-759a-4e9a-affc-86b714303d5d,Restaurant 931,2189 Main St,Philadelphia,PA,67923,26.260143,-91.409375,4.0,539,True,"Pizza, Restaurants, Food",2024-01-01 00:00:00,2024-01-01
926c3f48-7732-457e-895f-7ada0b6f8e59,Restaurant 932,9262 Main St,Philadelphia,PA,48655,44.548374,-102.907432,4.0,1910,True,"Coffee & Tea, Restaurants, Food",2024-01-01 00:00:00,2024-01-01
4a17ffa3-5662-46ce-b7c4-33d96dc6f623,Restaurant 933,6390 Main St,Philadelphia,AZ,66112,45.238578,-90.94232,3.5,213,False,"American (New), Restaurants, Food",2024-01-01 00:00:00,2024-01-01
eb0274f1-06bc-4d4b-ba9e-553b0cb5c0e5,Restaurant 934,5477 Main St,Philadelphia,CO,35228,27.484152,-124.324128,1.5,4857,True,"Seafood, Restaurants, Food",2024-01-01 00:00:00,2024-01-01
ed2b7395-5030-43c2-a871-8a9d4b58081a,Restaurant 935,2164 Main St,Philadelphia,WA,43591,33.173998,-98.523038,4.5,1524,True,"Thai, Restaurants, Food",2024-01-01 00:00:00,2024-01-01
577d2cc1-cdd3-4f2d-998e-5e72884ebfd6,Restaurant 936,822 Main St,Philadelphia,PA,26735,32.168338,-101.028353,3.5,2550,True,"Thai, Restaurants, Food",2024-01-01 00:00:00,2024-01-01
e0fb9dda-b0fd-498c-9787-dfb038d347ec,Restaurant 937,7792 Main St,Philadelphia,FL,89079,32.886707,-104.71435,1.0,4241,True,"Pizza, Restaurants, Food",2024-01-01 00:00:00,2024-01-01
1891ca52-a128-4079-9e25-a99ba500b733,Restaurant 938,3989 Main St,Philadelphia,WA,83328,44.750151,-101.786637,2.5,1642,True,"Sushi, Restaurants, Food",2024-01-01 00:00:00,2024-01-01
bf114da7-fb63-4a3b-97f2-a5a5d9afd9d6,Restaurant 939,5695 Main St,Philadelphia,NY,97537,35.941676,-86.948745,4.5,4914,False,"Seafood, Restaurants, Food",2024-01-01 00:00:00,2024-01-01
49b12efa-709b-4020-bc9b-4a0716ced325,Restaurant 940,9374 Main St,Philadelphia,IL,90753,31.891527,-106.925952,1.5,3722,True,"Coffee & Tea, Restaurants, Food",2024-01-01 00:00:00,2024-01-01
66a1c33e-074c-4520-9b97-3f62f82238b1,Restaurant 941,3694 Main St,Philadelphia,PA,93724,30.129577,-112.334929,2.5,1959,False,"Chinese, Restaurants, Food",2024-01-01 00:00:00,2024-01-01
fcc8103d-e838-4129-a524-d7776cf6e96d,Restaurant 942,6258 Main St,Philadelphia,NY,62469,29.237624,-70.556708,3.5,82,True,"Chinese, Restaurants, Food",2024-01-01 00:00:00,2024-01-01
188181c3-f32a-482f-8310-f4d562340405,Restaurant 943,591 Main St,Philadelphia,WA,25098,28.275245,-100.777553,3.5,360,True,"Mexican, Restaurants, Food",2024-01-01 00:00:00,2024-01-01
a1cbc2ea-701a-4784-9451-680b5e0c6c17,Restaurant 944,3341 Main St,Philadelphia,FL,32825,30.035736,-110.590063,2.0,2784,True,"Thai, Restaurants, Food",2024-01-01 00:00:00,2024-01-01
88cf80a0-e003-4353-996c-fe9db6da14ba,Restaurant 945,3311 Main St,Philadelphia,PA,33078,44.386273,-74.914308,1.0,1125,False,"Sushi, Restaurants, Food",2024-01-01 00:00:00,2024-01-01
406a051a-57d2-40e2-9a74-7941347b65c5,Restaurant 946,5644 Main St,Philadelphia,NY,49986,35.492685,-104.669764,3.5,1404,False,"Sushi, Restaurants, Food",2024-01-01 00:00:00,2024-01-01
759dd5ad-889c-4959-b255-cd76834b8c25,Restaurant 947,2041 Main St,Philadelphia,TX,27143,43.282657,-114.457529,4.0,3066,False,"Seafood, Restaurants, Food",2024-01-01 00:00:00,2024-01-01
eb080d94-7489-47cd-95e3-81a740994fee,Restaurant 948,7137 Main St,Philadelphia,NY,16054,42.550895,-92.697077,5.0,2410,True,"Chinese, Restaurants, Food",2024-01-01 00:00:00,2024-01-01
6cf9feb9-6534-49f6-a7d0-efd9c0e448b6,Restaurant 949,4149 Main St,Philadelphia,PA,92504,43.299074,-76.993168,5.0,4785,False,"Mexican, Restaurants, Food",2024-01-01 00:00:00,2024-01-01
a926dae7-78fa-477c-b040-bc873b760dc8,Restaurant 950,1433 Main St,Philadelphia,AZ,96966,39.142388,-115.791155,4.0,4172,False,"Coffee & Tea, Restaurants, Food",2024-01-01 00:00:00,2024-01-01
ea3d7242-1e0a-42cd-9ea2-53ade29d6b4e,Restaurant 951,8601 Main St,Philadelphia,AZ,33461,32.401932,-104.43667,4.5,4054,False,"Italian, Restaurants, Food",2024-01-01 00:00:00,2024-01-01
c93e0592-1e80-45f6-be26-c941f7e8ffef,Restaurant 952,9622 Main St,Philadelphia,OH,93637,46.18726,-92.880956,1.0,1698,True,"Mexican, Restaurants, Food",2024-01-01 00:00:00,2024-01-01
812e63a0-75e2-43c9-8788-a8b02c3d1d44,Restaurant 953,7506 Main St,Philadelphia,NY,61891,30.027656,-101.623743,4.0,4681,True,"Chinese, Restaurants, Food",2024-01-01 00:00:00,2024-01-01
a6d4005e-2227-435f-b5cc-98bff44de6d7,Restaurant 954,4270 Main St,Philadelphia,WA,21109,28.089597,-120.378452,4.5,4251,False,"Mexican, Restaurants, Food",2024-01-01 00:00:00,2024-01-01
f0fef2d1-6d8e-4b58-986a-de512e5e6ab7,Restaurant 955,9667 Main St,Philadelphia,PA,70981,36.782028,-106.499431,4.5,3831,False,"Burgers, Restaurants, Food",2024-01-01 00:00:00,2024-01-01
edb41cc5-8f78-4d02-8074-d008f3cb8929,Restaurant 956,6121 Main St,Philadelphia,AZ,51552,31.279448,-123.640499,4.5,1916,False,"Sushi, Restaurants, Food",2024-01-01 00:00:00,2024-01-01
0ffbece7-b236-4383-b170-ef0e5fb8b7cc,Restaurant 957,5983 Main St,Philadelphia,CA,48603,44.379878,-96.796496,1.5,2265,True,"Sushi, Restaurants, Food",2024-01-01 00:00:00,2024-01-01
ccb80a76-79ff-4343-bebb-fee9c4d76672,Restaurant 958,2042 Main St,Philadelphia,CA,57216,25.880472,-113.983137,2.5,2698,False,"Italian, Restaurants, Food",2024-01-01 00:00:00,2024-01-01
fe991fb6-987e-43db-bbb2-f6586e7cc7b9,Restaurant 959,4596 Main St,Philadelphia,NY,89171,47.953901,-70.08772,5.0,2140,True,"Italian, Restaurants, Food",2024-01-01 00:00:00,2024-01-01
254e57ad-98bf-4188-af52-4da5128ae0d8,Restaurant 960,4717 Main St,Philadelphia,IL,62928,46.753745,-79.797628,1.0,3867,True,"Burgers, Restaurants, Food",2024-01-01 00:00:00,2024-01-01
20884c72-dac3-4fd8-aa8b-3369e467b6d7,Restaurant 961,3828 Main St,Philadelphia,NY,37508,35.91208,-96.629606,5.0,3840,False,"Chinese, Restaurants, Food",2024-01-01 00:00:00,2024-01-01
3cf1b0e6-4f16-43b8-bd9a-4a17b34ea3c5,Restaurant 962,1506 Main St,Philadelphia,IL,34621,34.862238,-73.193862,4.0,1717,False,"Coffee & Tea, Restaurants, Food",2024-01-01 00:00:00,2024-01-01
1d83b87c-291f-46ad-be53-ba7696743316,Restaurant 963,9249 Main St,Philadelphia,PA,59112,28.195855,-76.943738,3.0,80,False,"Chinese, Restaurants, Food",2024-01-01 00:00:00,2024-01-01
54cea9be-2231-4833-9b70-066500231633,Restaurant 964,5667 Main St,Philadelphia,NY,64938,34.791545,-83.60556,5.0,2455,False,"Seafood, Restaurants, Food",2024-01-01 00:00:00,2024-01-01
2481c45e-4b90-4472-aaa7-e14d81b4f2bf,Restaurant 965,480 Main St,Philadelphia,CO,14221,46.209316,-116.546982,3.5,4655,False,"Burgers, Restaurants, Food",2024-01-01 00:00:00,2024-01-01
334400c4-74b1-418c-9fb0-9f8b2e5e2a70,Restaurant 966,3445 Main St,Philadelphia,OH,18350,37.293283,-114.641373,1.5,2694,False,"Italian, Restaurants, Food",2024-01-01 00:00:00,2024-01-01
325576ff-122f-48d6-9162-5ffa7d9c943a,Restaurant 967,1627 Main St,Philadelphia,TX,23672,40.522367,-115.230015,4.5,220,True,"Mexican, Restaurants, Food",2024-01-01 00:00:00,2024-01-01
edc63f81-8cb0-44bc-bbf7-26ede23da447,Restaurant 968,1238 Main St,Philadelphia,OH,47200,29.735523,-108.989196,5.0,574,False,"Pizza, Restaurants, Food",2024-01-01 00:00:00,2024-01-01
d4fbba7c-cd21-4231-8a7d-8a944e33c014,Restaurant 969,6139 Main St,Philadelphia,WA,11447,28.951991,-77.716096,4.0,3204,True,"Sushi, Restaurants, Food",2024-01-01 00:00:00,2024-01-01
a1716876-7173-4839-a0e9-662758fa3f23,Restaurant 970,2215 Main St,Philadelphia,WA,64842,35.999776,-121.218036,2.5,1065,True,"Italian, Restaurants, Food",2024-01-01 00:00:00,2024-01-01
a567ebfb-c34e-46cc-a09e-8da69b8e2a02,Restaurant 971,7181 Main St,Philadelphia,AZ,30811,38.885317,-73.346516,2.5,4117,False,"Italian, Restaurants, Food",2024-01-01 00:00:00,2024-01-01
930c80fa-74c9-4aab-a797-9e92b4e3e3ae,Restaurant 972,3404 Main St,Philadelphia,PA,28702,35.251826,-79.647956,2.5,4308,False,"Seafood, Restaurants, Food",2024-01-01 00:00:00,2024-01-01
f83916a4-7a55-430b-9626-e699c71be7c0,Restaurant 973,8143 Main St,Philadelphia,AZ,70646,38.251053,-84.449011,3.0,3739,False,"Italian, Restaurants, Food",2024-01-01 00:00:00,2024-01-01
6a4dea5a-acd6-4a0f-94f1-76aee923108a,Restaurant 974,6507 Main St,Philadelphia,CO,32954,34.546213,-115.123204,4.0,3751,False,"Thai, Restaurants, Food",2024-01-01 00:00:00,2024-01-01
cfb530f2-ff18-48b0-9525-1c74a6ea9da4,Restaurant 975,9416 Main St,Philadelphia,CA,61583,41.068829,-122.598454,2.0,2243,False,"Sushi, Restaurants, Food",2024-01-01 00:00:00,2024-01-01
7639f7c7-098c-4d62-b48e-d3880e1270d3,Restaurant 976,3659 Main St,Philadelphia,AZ,63907,47.824964,-94.594686,3.5,627,True,"American (New), Restaurants, Food",2024-01-01 00:00:00,2024-01-01
71845b05-af78-4ceb-952f-03440883113c,Restaurant 977,5441 Main St,Philadelphia,OH,69105,28.791299,-113.594535,1.0,3787,True,"Sushi, Restaurants, Food",2024-01-01 00:00:00,2024-01-01
eef4c2a1-ac15-4315-a6d1-2b28848118ca,Restaurant 978,7667 Main St,Philadelphia,OH,55043,42.157021,-77.932477,4.0,310,True,"Italian, Restaurants, Food",2024-01-01 00:00:00,2024-01-01
543cbb36-dfb5-452f-8165-52bddaf2fcd7,Restaurant 979,1978 Main St,Philadelphia,TX,52875,40.416798,-99.466495,4.5,559,True,"American (New), Restaurants, Food",2024-01-01 00:00:00,2024-01-01
c6723b61-5117-41cb-b323-781566595b93,Restaurant 980,4069 Main St,Philadelphia,AZ,28383,35.828118,-109.647196,2.0,1398,True,"Seafood, Restaurants, Food",2024-01-01 00:00:00,2024-01-01
2577a528-d2c0-4059-bd47-24a83408c04a,Restaurant 981,1746 Main St,Philadelphia,TX,48554,27.855482,-84.220443,2.0,636,True,"Italian, Restaurants, Food",2024-01-01 00:00:00,2024-01-01
e1ff6786-efc1-4609-96b8-fc02cee6a4d5,Restaurant 982,2614 Main St,Philadelphia,AZ,56935,29.092625,-85.707325,5.0,1771,False,"Pizza, Restaurants, Food",2024-01-01 00:00:00,2024-01-01
717f5a9c-c8d2-4626-bfc9-95c5c295726e,Restaurant 983,8666 Main St,Philadelphia,CA,61199,40.877974,-100.580732,1.0,399,False,"Mexican, Restaurants, Food",2024-01-01 00:00:00,2024-01-01
214cee5b-c728-4f8c-81a6-4e0a2f4ef7fa,Restaurant 984,4191 Main St,Philadelphia,IL,41265,29.599671,-124.117886,1.0,120,False,"Mexican, Restaurants, Food",2024-01-01 00:00:00,2024-01-01
3aa66772-97eb-4681-b792-9ef0d112d298,Restaurant 985,1135 Main St,Philadelphia,NY,22661,43.329256,-79.325213,2.0,1369,True,"Burgers, Restaurants, Food",2024-01-01 00:00:00,2024-01-01
e6cbe8c2-63c3-4201-91bc-ec5df2afdb3b,Restaurant 986,8496 Main St,Philadelphia,CA,52879,32.42163,-90.526746,2.5,4438,False,"Burgers, Restaurants, Food",2024-01-01 00:00:00,2024-01-01
58c2351b-5f1f-4b84-99ea-cdd73d2f9a7e,Restaurant 987,2079 Main St,Philadelphia,NY,38020,27.435362,-107.214769,1.0,3295,False,"Pizza, Restaurants, Food",2024-01-01 00:00:00,2024-01-01
7646ffc5-91f6-4036-ac86-905cb330b599,Restaurant 988,6476 Main St,Philadelphia,NY,70132,30.062212,-88.812106,3.0,3023,True,"Sushi, Restaurants, Food",2024-01-01 00:00:00,2024-01-01
637c6293-e5ec-4eab-bb5c-cad79ad16c04,Restaurant 989,3680 Main St,Philadelphia,OH,49522,42.653538,-97.523319,1.5,4393,True,"Italian, Restaurants, Food",2024-01-01 00:00:00,2024-01-01
44b9ddfb-d404-4437-be86-a60b3a0f233a,Restaurant 990,1652 Main St,Philadelphia,CO,52513,47.572566,-86.702655,2.0,2721,True,"Chinese, Restaurants, Food",2024-01-01 00:00:00,2024-01-01
190b7abe-8193-42d9-b8bc-d515b5de287d,Restaurant 991,7999 Main St,Philadelphia,CA,53922,25.405922,-74.834321,4.5,3133,True,"American (New), Restaurants, Food",2024-01-01 00:00:00,2024-01-01
4a688be8-1820-4f30-a7e0-bf377b89ba04,Restaurant 992,9725 Main St,Philadelphia,PA,40488,25.487908,-83.258243,1.5,2531,True,"Burgers, Restaurants, Food",2024-01-01 00:00:00,2024-01-01
4ec9fe38-9d1f-4f7d-96f3-4d4149e45e97,Restaurant 993,4090 Main St,Philadelphia,CO,20405,26.378229,-104.4012,3.0,1655,True,"Burgers, Restaurants, Food",2024-01-01 00:00:00,2024-01-01
dde62ba3-67c9-4ef4-b4ce-35648dcbb314,Restaurant 994,3448 Main St,Philadelphia,PA,41203,46.23841,-92.105865,4.5,2693,True,"Italian, Restaurants, Food",2024-01-01 00:00:00,2024-01-01
a37a1be3-2ab8-4aa3-be3b-c506e45de798,Restaurant 995,5302 Main St,Philadelphia,PA,78271,43.210935,-102.180863,3.0,195,True,"Chinese, Restaurants, Food",2024-01-01 00:00:00,2024-01-01
6cc9541b-be03-494c-a3a2-2ca8a4e403be,Restaurant 996,5715 Main St,Philadelphia,NY,36976,37.40417,-75.135237,2.5,1823,False,"American (New), Restaurants, Food",2024-01-01 00:00:00,2024-01-01
bf86ee51-73ff-41fe-b984-b69b6c0b4265,Restaurant 997,5369 Main St,Philadelphia,TX,67981,39.484998,-121.446072,4.5,574,True,"Pizza, Restaurants, Food",2024-01-01 00:00:00,2024-01-01
990e4fbc-bea9-45c2-b137-c5a01a23070d,Restaurant 998,2418 Main St,Philadelphia,NY,26457,27.110466,-92.405314,2.5,1936,True,"Burgers, Restaurants, Food",2024-01-01 00:00:00,2024-01-01
39dbf42d-5be8-41ad-b8b7-768972c49056,Restaurant 999,7752 Main St,Philadelphia,FL,31516,41.598497,-111.529127,2.0,4964,True,"Italian, Restaurants, Food",2024-01-01 00:00:00,2024-01-01
1c6668cf-2035-4c38-944e-5456123ad708,Restaurant 1000,4775 Main St,Philadelphia,CO,68755,47.257694,-113.922945,4.5,656,False,"Burgers, Restaurants, Food",2024-01-01 00:00:00,2024-01-01
d10cd1f8-aded-4019-b136-7d7fe8aaf343,Restaurant 1001,6288 Main St,Philadelphia,TX,71697,35.15165,-97.20891,4.0,1277,False,"Pizza, Restaurants, Food",2024-01-01 00:00:00,2024-01-01
095b1676-c952-490d-ab42-6c8eda508483,Restaurant 1002,6349 Main St,Philadelphia,OH,20909,42.453741,-74.315713,5.0,1252,True,"Italian, Restaurants, Food",2024-01-01 00:00:00,2024-01-01
1558d8da-7fba-42eb-9a69-33ad42177f23,Restaurant 1003,6333 Main St,Philadelphia,AZ,50088,35.432871,-104.366921,4.5,590,False,"Thai, Restaurants, Food",2024-01-01 00:00:00,2024-01-01
588252e0-9608-4573-be20-ef66d3a7473d,Restaurant 1004,7788 Main St,Philadelphia,NY,30280,46.071035,-124.77007,5.0,3066,False,"Burgers, Restaurants, Food",2024-01-01 00:00:00,2024-01-01
5981bfd7-7f6e-4b36-99e3-1e85ba34189a,Restaurant 1005,6912 Main St,Philadelphia,OH,58908,33.832861,-108.070405,1.5,3349,True,"Sushi, Restaurants, Food",2024-01-01 00:00:00,2024-01-01
ed0bdb44-60e6-4efa-9428-1ee9ac812ece,Restaurant 1006,6404 Main St,Philadelphia,CO,31281,29.467249,-101.003613,3.0,2856,False,"Chinese, Restaurants, Food",2024-01-01 00:00:00,2024-01-01
ca2f2f82-354d-4a0a-83c5-3f64bce6537a,Restaurant 1007,1045 Main St,Philadelphia,OH,65579,41.920277,-111.670592,1.0,2961,True,"Thai, Restaurants, Food",2024-01-01 00:00:00,2024-01-01
14b7426b-4a12-447e-bb7b-f03d01fce912,Restaurant 1008,4381 Main St,Philadelphia,CO,69699,46.7181,-116.894794,2.5,4933,True,"Pizza, Restaurants, Food",2024-01-01 00:00:00,2024-01-01
3676ce48-4d9e-4aee-86a1-16121f7866d1,Restaurant 1009,2012 Main St,Philadelphia,CA,94462,41.367018,-103.860875,1.5,4248,True,"Burgers, Restaurants, Food",2024-01-01 00:00:00,2024-01-01
fe67a151-3dc2-45ff-af34-a2ee5407c70c,Restaurant 1010,2816 Main St,Philadelphia,OH,43144,40.912246,-97.464425,5.0,3136,False,"Burgers, Restaurants, Food",2024-01-01 00:00:00,2024-01-01
a11d34e6-9352-4afb-b566-999a4909f08b,Restaurant 1011,1556 Main St,Philadelphia,CA,93385,38.170069,-81.135633,2.0,2204,True,"Burgers, Restaurants, Food",2024-01-01 00:00:00,2024-01-01
7a9e7943-30f8-40ea-bd07-cfaff2bc5a8b,Restaurant 1012,5147 Main St,Philadelphia,PA,32072,43.776956,-124.913178,1.5,3423,False,"Italian, Restaurants, Food",2024-01-01 00:00:00,2024-01-01
5feb2bba-c725-46cb-a0af-8a6106bfcd10,Restaurant 1013,7160 Main St,Philadelphia,TX,33121,33.616982,-86.277404,2.5,3986,True,"American (New), Restaurants, Food",2024-01-01 00:00:00,2024-01-01
5234d9df-1b99-4690-bdca-66e8a4d70cac,Restaurant 1014,1906 Main St,Philadelphia,AZ,84329,43.73052,-114.789908,1.0,1497,True,"Italian, Restaurants, Food",2024-01-01 00:00:00,2024-01-01
12449516-8eda-4310-b182-e978e0642282,Restaurant 1015,6797 Main St,Philadelphia,AZ,92160,45.998342,-118.99425,2.0,654,False,"Sushi, Restaurants, Food",2024-01-01 00:00:00,2024-01-01
196a9ddb-ff47-41df-a0e1-0430351e5584,Restaurant 1016,6288 Main St,Philadelphia,CA,46275,26.478036,-123.368334,2.5,3915,False,"Sushi, Restaurants, Food",2024-01-01 00:00:00,2024-01-01
60952fb3-5ad3-4b00-867b-0c0764c763b6,Restaurant 1017,255 Main St,Philadelphia,PA,44875,42.29137,-124.602534,1.0,794,True,"American (New), Restaurants, Food",2024-01-01 00:00:00,2024-01-01
4714970f-431b-41a5-b9bc-8977edb59903,Restaurant 1018,218 Main St,Philadelphia,OH,89034,36.961705,-72.086817,3.0,3981,False,"Chinese, Restaurants, Food",2024-01-01 00:00:00,2024-01-01
f114d0ea-93a1-474c-9328-a6417d0c40d8,Restaurant 1019,7136 Main St,Philadelphia,IL,58599,40.68278,-106.13074,3.5,1963,False,"Burgers, Restaurants, Food",2024-01-01 00:00:00,2024-01-01
e296d202-f022-42b9-988d-360a619d8343,Restaurant 1020,6300 Main St,Philadelphia,CO,17502,47.432016,-76.980741,1.5,26,False,"Burgers, Restaurants, Food",2024-01-01 00:00:00,2024-01-01
dfdf1e84-7019-43ad-82b1-411f08a76024,Restaurant 1021,2375 Main St,Philadelphia,PA,88893,27.826574,-95.815386,2.5,3019,False,"Seafood, Restaurants, Food",2024-01-01 00:00:00,2024-01-01
a4cab6a3-a10d-4237-9613-2d7fa9118287,Restaurant 1022,7885 Main St,Philadelphia,WA,64149,40.185253,-124.827899,3.5,137,False,"Pizza, Restaurants, Food",2024-01-01 00:00:00,2024-01-01
5d47aff6-b2df-45a3-9057-e3ef8efbb33f,Restaurant 1023,5433 Main St,Philadelphia,AZ,40612,38.955549,-102.990915,1.5,2854,False,"Coffee & Tea, Restaurants, Food",2024-01-01 00:00:00,2024-01-01
1c2271b6-6a7d-462d-83e7-defbdf0a9107,Restaurant 1024,1745 Main St,Philadelphia,OH,48517,38.964998,-85.843191,5.0,4685,True,"Thai, Restaurants, Food",2024-01-01 00:00:00,2024-01-01
34bbbd1e-95ba-4dfb-9128-58e263d4134e,Restaurant 1025,8258 Main St,Philadelphia,CA,49498,44.144145,-70.203239,4.5,1377,False,"Sushi, Restaurants, Food",2024-01-01 00:00:00,2024-01-01
d21af797-41be-4869-8354-44ecd391c8e2,Restaurant 1026,7999 Main St,Philadelphia,WA,41575,30.597188,-115.626184,1.5,865,False,"Pizza, Restaurants, Food",2024-01-01 00:00:00,2024-01-01
ffcd3139-e220-49e4-a08c-f7ca6318fce9,Restaurant 1027,2725 Main St,Philadelphia,IL,60264,42.625103,-112.879318,3.0,3902,True,"Thai, Restaurants, Food",2024-01-01 00:00:00,2024-01-01
e90b0d83-172c-47f1-9398-60a560df0695,Restaurant 1028,8857 Main St,Philadelphia,AZ,21854,43.297431,-106.695939,2.5,4719,True,"Chinese, Restaurants, Food",2024-01-01 00:00:00,2024-01-01
28391012-435c-4b34-8d3b-9cfadc2c8d7e,Restaurant 1029,6276 Main St,Philadelphia,OH,95710,39.768351,-94.095503,4.0,1912,True,"Italian, Restaurants, Food",2024-01-01 00:00:00,2024-01-01
3ef40cb0-c26a-48d6-8f9f-68c9749de4d9,Restaurant 1030,1995 Main St,Philadelphia,FL,21492,27.561798,-106.286918,2.5,952,False,"Thai, Restaurants, Food",2024-01-01 00:00:00,2024-01-01
94f12678-d226-465e-9ee2-65118a2771a1,Restaurant 1031,5234 Main St,Philadelphia,OH,85617,41.949111,-107.90606,5.0,1556,False,"Burgers, Restaurants, Food",2024-01-01 00:00:00,2024-01-01
1563e5fc-342a-4b9b-b43d-1a6dafe192ec,Restaurant 1032,5337 Main St,Philadelphia,IL,99037,46.480279,-118.053095,2.5,874,False,"Pizza, Restaurants, Food",2024-01-01 00:00:00,2024-01-01
a755f275-b94b-4c7f-b233-d6a19817c5f0,Restaurant 1033,8919 Main St,Philadelphia,AZ,51409,28.328118,-73.141055,2.5,4095,False,"Thai, Restaurants, Food",2024-01-01 00:00:00,2024-01-01
cdb01ba2-c25b-46e3-a648-5cb901536f9f,Restaurant 1034,9954 Main St,Philadelphia,FL,29119,42.182378,-78.297989,1.0,4907,False,"Italian, Restaurants, Food",2024-01-01 00:00:00,2024-01-01
ff226a5c-fa4e-4f86-8536-492a96c1870f,Restaurant 1035,8330 Main St,Philadelphia,CA,45841,47.927518,-86.141275,4.5,1768,False,"Italian, Restaurants, Food",2024-01-01 00:00:00,2024-01-01
b3cc076c-17bb-4448-bc7d-5e051f6c9d05,Restaurant 1036,6271 Main St,Philadelphia,PA,53665,28.512151,-85.577853,2.5,431,True,"Coffee & Tea, Restaurants, Food",2024-01-01 00:00:00,2024-01-01
ea297aba-e0df-4f34-b9ca-66bc775e088d,Restaurant 1037,6519 Main St,Philadelphia,FL,96409,45.984657,-116.244373,1.0,4489,False,"Chinese, Restaurants, Food",2024-01-01 00:00:00,2024-01-01
f9fb31b0-68aa-46e7-8742-e1a42b9f7cb8,Restaurant 1038,7021 Main St,Philadelphia,AZ,55653,42.427426,-103.49153,5.0,2319,False,"Mexican, Restaurants, Food",2024-01-01 00:00:00,2024-01-01
46fde999-656d-46ff-9cb9-db53fe2ac468,Restaurant 1039,9078 Main St,Philadelphia,OH,22755,28.010716,-83.625344,1.0,2491,False,"Thai, Restaurants, Food",2024-01-01 00:00:00,2024-01-01
6da36bd5-3842-4eda-9fd8-32199f19b9e0,Restaurant 1040,9556 Main St,Philadelphia,TX,67918,41.006977,-108.990514,2.0,1719,True,"Mexican, Restaurants, Food",2024-01-01 00:00:00,2024-01-01
bc10c0bd-1da3-4938-992d-f59c629f616c,Restaurant 1041,249 Main St,Philadelphia,IL,85455,27.3448,-81.797541,2.0,3085,False,"Thai, Restaurants, Food",2024-01-01 00:00:00,2024-01-01
e33afa10-05f2-40a3-b29d-ec94cd801908,Restaurant 1042,1022 Main St,Philadelphia,CA,56607,47.405651,-115.120192,1.0,962,False,"Seafood, Restaurants, Food",2024-01-01 00:00:00,2024-01-01
6a4a0483-851e-4c7c-a70a-5e55f780ed7e,Restaurant 1043,7207 Main St,Philadelphia,TX,92178,41.61866,-111.524945,1.5,1974,False,"Coffee & Tea, Restaurants, Food",2024-01-01 00:00:00,2024-01-01
d14e9175-d81b-4006-b0a6-dfbf59ff8656,Restaurant 1044,5059 Main St,Philadelphia,CO,32608,40.01433,-104.35456,1.5,3799,False,"Italian, Restaurants, Food",2024-01-01 00:00:00,2024-01-01
733590bb-090e-4d8f-9cdd-ac6e653f487d,Restaurant 1045,7392 Main St,Philadelphia,IL,11520,27.760009,-120.454966,4.5,4176,True,"Pizza, Restaurants, Food",2024-01-01 00:00:00,2024-01-01
37d7f590-d95e-44f2-897a-98750153f803,Restaurant 1046,9714 Main St,Philadelphia,CO,85055,36.028462,-86.845078,1.5,4857,True,"Burgers, Restaurants, Food",2024-01-01 00:00:00,2024-01-01
1040d2d8-7f23-4f2d-a710-7cf9a18d15b3,Restaurant 1047,8032 Main St,Philadelphia,OH,49107,38.142731,-119.530731,1.5,4404,True,"Burgers, Restaurants, Food",2024-01-01 00:00:00,2024-01-01
208263ca-559a-47b8-8c41-c91c311739c6,Restaurant 1048,423 Main St,Philadelphia,OH,82883,43.801645,-81.908899,5.0,4003,True,"American (New), Restaurants, Food",2024-01-01 00:00:00,2024-01-01
329e7064-8b48-4885-b9d6-112afac7b55c,Restaurant 1049,9680 Main St,Philadelphia,WA,95419,27.854055,-83.585649,1.5,1481,True,"Pizza, Restaurants, Food",2024-01-01 00:00:00,2024-01-01
0f9b21c6-5190-4f06-9934-a9e873cfc151,Restaurant 1050,9188 Main St,Philadelphia,AZ,51195,27.830042,-117.915121,2.5,1321,True,"American (New), Restaurants, Food",2024-01-01 00:00:00,2024-01-01
f3e98ea3-fc8b-421e-8849-dcd2d299077a,Restaurant 1051,4306 Main St,Philadelphia,PA,21090,47.538354,-97.161843,3.5,4460,True,"Burgers, Restaurants, Food",2024-01-01 00:00:00,2024-01-01
cb8f8a44-90f9-4667-b289-8ee7f3cad5ae,Restaurant 1052,101 Main St,Philadelphia,NY,49400,26.061824,-72.981297,3.0,4376,False,"Thai, Restaurants, Food",2024-01-01 00:00:00,2024-01-01
dc041d53-60bf-4bcd-b709-69476bdc19cf,Restaurant 1053,9554 Main St,Philadelphia,AZ,51017,37.021324,-70.768926,3.5,4966,True,"Sushi, Restaurants, Food",2024-01-01 00:00:00,2024-01-01
facf871c-ddab-457a-b811-7383bd631314,Restaurant 1054,832 Main St,Philadelphia,NY,14814,29.325694,-108.515992,2.5,1100,True,"Seafood, Restaurants, Food",2024-01-01 00:00:00,2024-01-01
c90e0001-dec8-4c3a-baf7-0a7824246891,Restaurant 1055,5982 Main St,Philadelphia,FL,26841,41.769401,-101.789174,5.0,2089,False,"Burgers, Restaurants, Food",2024-01-01 00:00:00,2024-01-01
1f02610b-59e3-4272-afb3-c93e2dab4347,Restaurant 1056,2775 Main St,Philadelphia,OH,69777,26.914844,-111.020133,4.0,1174,True,"Sushi, Restaurants, Food",2024-01-01 00:00:00,2024-01-01
96060ead-4793-4cbe-869c-f2dc3e186cdc,Restaurant 1057,4513 Main St,Philadelphia,NY,58777,37.96377,-89.372589,5.0,4956,True,"Burgers, Restaurants, Food",2024-01-01 00:00:00,2024-01-01
9fd1ac32-40ee-4ecb-8c0d-52de3e07c3eb,Restaurant 1058,2614 Main St,Philadelphia,IL,66836,33.715664,-71.979026,2.5,636,False,"Sushi, Restaurants, Food",2024-01-01 00:00:00,2024-01-01
8b1abb2c-7c27-4e3f-8cfc-98dd4c467131,Restaurant 1059,8807 Main St,Philadelphia,CA,99650,37.612482,-121.372235,1.5,2973,False,"Italian, Restaurants, Food",2024-01-01 00:00:00,2024-01-01
298f9476-abf4-4686-aff2-c3072f4a8f26,Restaurant 1060,2497 Main St,Philadelphia,NY,45867,25.226857,-104.256421,2.5,3102,True,"Sushi, Restaurants, Food",2024-01-01 00:00:00,2024-01-01
60ab67b9-0ab8-4314-93a3-6389c84d5ab3,Restaurant 1061,2979 Main St,Philadelphia,WA,50180,38.543022,-80.626101,1.5,4334,False,"Seafood, Restaurants, Food",2024-01-01 00:00:00,2024-01-01
39d16d18-caa2-43cb-855b-d5ebb1979c95,Restaurant 1062,4720 Main St,Philadelphia,WA,45527,38.97174,-75.688637,2.0,2606,False,"Thai, Restaurants, Food",2024-01-01 00:00:00,2024-01-01
91601fc0-0928-4ba9-8394-d2e4afec332f,Restaurant 1063,5755 Main St,Philadelphia,WA,82308,38.676191,-78.270349,4.5,4853,True,"Italian, Restaurants, Food",2024-01-01 00:00:00,2024-01-01
ba73423f-e438-4ea2-aa79-26a9b76e2a27,Restaurant 1064,255 Main St,Philadelphia,WA,30380,40.123948,-117.153142,3.0,434,False,"Mexican, Restaurants, Food",2024-01-01 00:00:00,2024-01-01
e984c17e-b842-40fd-9b45-2e858639cbb4,Restaurant 1065,6952 Main St,Philadelphia,AZ,33999,35.09608,-105.529922,4.5,4115,False,"Italian, Restaurants, Food",2024-01-01 00:00:00,2024-01-01
6f5d1897-4083-4efb-a148-ba7d73357922,Restaurant 1066,7108 Main St,Philadelphia,WA,39984,32.019311,-77.814319,3.0,3331,False,"Sushi, Restaurants, Food",2024-01-01 00:00:00,2024-01-01
4eddec92-4abd-4af4-9caa-72c640a36569,Restaurant 1067,1402 Main St,Philadelphia,CA,41462,46.73194,-115.918778,1.0,693,False,"American (New), Restaurants, Food",2024-01-01 00:00:00,2024-01-01
059fb9bb-2f80-4abe-9be9-20619dc5cccd,Restaurant 1068,8174 Main St,Philadelphia,PA,65572,40.57176,-73.715722,2.0,3930,False,"American (New), Restaurants, Food",2024-01-01 00:00:00,2024-01-01
56180211-cd20-4730-845d-34e59371bfb3,Restaurant 1069,8822 Main St,Philadelphia,CA,63145,25.319706,-114.53988,1.0,3482,False,"Mexican, Restaurants, Food",2024-01-01 00:00:00,2024-01-01
4c899b00-0ee6-4ea1-99ad-105f1035d9f4,Restaurant 1070,8752 Main St,Philadelphia,CO,15551,38.969592,-71.944394,5.0,1844,True,"Sushi, Restaurants, Food",2024-01-01 00:00:00,2024-01-01
b6e2bc92-4273-48b0-9efb-c0b522c2dd3b,Restaurant 1071,6113 Main St,Philadelphia,TX,77329,33.125705,-122.200139,4.5,3106,True,"Chinese, Restaurants, Food",2024-01-01 00:00:00,2024-01-01
d1a86b12-c280-4734-9e0b-ac7a5b04ce18,Restaurant 1072,1955 Main St,Philadelphia,IL,99006,30.7446,-95.348421,1.5,2377,False,"Coffee & Tea, Restaurants, Food",2024-01-01 00:00:00,2024-01-01
d9d30fd4-5078-41a9-ae8e-7c63165001cc,Restaurant 1073,4909 Main St,Philadelphia,FL,37926,25.051389,-90.285295,4.0,1782,False,"American (New), Restaurants, Food",2024-01-01 00:00:00,2024-01-01
3c93868a-69be-47e8-a8ad-e55c69cd4fc8,Restaurant 1074,680 Main St,Philadelphia,AZ,90969,44.512091,-121.83768,1.0,3772,False,"Italian, Restaurants, Food",2024-01-01 00:00:00,2024-01-01
ca6ea88e-5ed7-41c7-bc32-9a896a9160e8,Restaurant 1075,5898 Main St,Philadelphia,CA,10675,33.043599,-85.266153,4.0,2905,True,"Sushi, Restaurants, Food",2024-01-01 00:00:00,2024-01-01
0f02ed56-45bf-4617-ae8e-82fa1821bf61,Restaurant 1076,7158 Main St,Philadelphia,AZ,35892,26.949107,-96.712477,2.0,3365,True,"Coffee & Tea, Restaurants, Food",2024-01-01 00:00:00,2024-01-01
ff8d8391-553e-4a5b-8883-1a51e8420693,Restaurant 1077,213 Main St,Philadelphia,TX,96066,30.753099,-99.111573,3.5,2452,False,"Burgers, Restaurants, Food",2024-01-01 00:00:00,2024-01-01
3d623c63-26c2-4f87-8177-8d536aed2499,Restaurant 1078,3084 Main St,Philadelphia,WA,45321,27.499985,-100.878536,4.5,1326,True,"Chinese, Restaurants, Food",2024-01-01 00:00:00,2024-01-01
5c101545-3842-45e6-8501-5067e2dfd285,Restaurant 1079,7210 Main St,Philadelphia,PA,57085,45.322254,-85.992931,1.5,1553,False,"Pizza, Restaurants, Food",2024-01-01 00:00:00,2024-01-01
bc1456b3-f4c8-42f2-8168-29699eaa734c,Restaurant 1080,2290 Main St,Philadelphia,OH,65188,42.110252,-75.44512,2.0,1631,False,"Italian, Restaurants, Food",2024-01-01 00:00:00,2024-01-01
8750078b-478d-4c00-8c0b-9a6e565f9651,Restaurant 1081,2046 Main St,Philadelphia,OH,74103,37.652844,-81.009895,2.0,2662,False,"American (New), Restaurants, Food",2024-01-01 00:00:00,2024-01-01
fc5b4aa1-b33d-4441-a171-ccaa0b3c1de7,Restaurant 1082,6470 Main St,Philadelphia,TX,24382,47.026608,-81.400787,2.0,1275,False,"American (New), Restaurants, Food",2024-01-01 00:00:00,2024-01-01
aa11f3c2-cd44-451f-b280-10a2822c9c35,Restaurant 1083,323 Main St,Philadelphia,NY,16820,40.601137,-106.182245,1.0,3559,False,"Italian, Restaurants, Food",2024-01-01 00:00:00,2024-01-01
2cf1ec82-2930-4d7e-a2d4-3d3ffc5a5cc1,Restaurant 1084,4723 Main St,Philadelphia,AZ,20828,42.500698,-111.373899,2.0,4189,True,"Mexican, Restaurants, Food",2024-01-01 00:00:00,2024-01-01
32a762e9-7717-476c-84fa-e982795d702a,Restaurant 1085,4706 Main St,Philadelphia,CA,44541,47.867912,-111.39551,4.0,1626,False,"Sushi, Restaurants, Food",2024-01-01 00:00:00,2024-01-01
98704bbd-22a4-4064-90df-f0915b69bccf,Restaurant 1086,8330 Main St,Philadelphia,CO,33748,29.339387,-77.982044,2.0,1880,True,"Thai, Restaurants, Food",2024-01-01 00:00:00,2024-01-01
e4243fba-02e0-48ea-af4d-a065cc51e321,Restaurant 1087,6674 Main St,Philadelphia,PA,45895,47.779172,-73.899592,4.0,145,True,"Sushi, Restaurants, Food",2024-01-01 00:00:00,2024-01-01
ab07702e-6057-42df-8794-4c3a1ba07597,Restaurant 1088,934 Main St,Philadelphia,OH,63385,37.074337,-86.491263,2.5,1817,False,"Burgers, Restaurants, Food",2024-01-01 00:00:00,2024-01-01
04968982-95bd-4f83-aebf-f2d94bb430c6,Restaurant 1089,7951 Main St,Philadelphia,PA,76828,34.822675,-122.158948,1.5,2206,False,"Italian, Restaurants, Food",2024-01-01 00:00:00,2024-01-01
a50eb278-a945-49b0-b260-d1171d1f3a71,Restaurant 1090,5851 Main St,Philadelphia,OH,42370,32.35634,-122.384398,1.0,5,True,"Chinese, Restaurants, Food",2024-01-01 00:00:00,2024-01-01
6c1e69b9-bebc-4c00-9051-fde5e0e1a429,Restaurant 1091,3573 Main St,Philadelphia,FL,71873,31.443665,-91.6413,4.0,1515,False,"Coffee & Tea, Restaurants, Food",2024-01-01 00:00:00,2024-01-01
ffd4b710-56ad-4938-b2f8-26b8892b5de1,Restaurant 1092,6056 Main St,Philadelphia,IL,49892,27.565158,-88.207885,5.0,1068,False,"Chinese, Restaurants, Food",2024-01-01 00:00:00,2024-01-01
7a748cca-8684-4191-a095-ddcad7010130,Restaurant 1093,6020 Main St,Philadelphia,CO,79319,38.908418,-111.896128,3.0,1721,False,"Sushi, Restaurants, Food",2024-01-01 00:00:00,2024-01-01
9a199a88-12da-418a-87c5-772e1c617853,Restaurant 1094,1842 Main St,Philadelphia,TX,92517,42.079511,-118.380511,2.5,1581,False,"Sushi, Restaurants, Food",2024-01-01 00:00:00,2024-01-01
b298da43-3678-4e5c-b7cb-cfd1f21e8197,Restaurant 1095,1326 Main St,Philadelphia,WA,91134,32.886653,-85.105714,2.5,4371,True,"Pizza, Restaurants, Food",2024-01-01 00:00:00,2024-01-01
e7352eaa-c694-44a5-a670-e944f17914f0,Restaurant 1096,2194 Main St,Philadelphia,NY,64815,37.661401,-111.111097,5.0,2846,False,"Coffee & Tea, Restaurants, Food",2024-01-01 00:00:00,2024-01-01
90b7f69f-913f-4b62-91ad-b97ddd983e7e,Restaurant 1097,2023 Main St,Philadelphia,OH,18874,36.104874,-96.193048,5.0,180,True,"Seafood, Restaurants, Food",2024-01-01 00:00:00,2024-01-01
1dd3c1ad-bbbc-47ad-9f82-aefa5b730315,Restaurant 1098,4591 Main St,Philadelphia,TX,47965,26.04524,-93.860388,2.5,3257,False,"American (New), Restaurants, Food",2024-01-01 00:00:00,2024-01-01
98083e27-c9e6-4b34-8fa3-af3252572fb6,Restaurant 1099,8512 Main St,Philadelphia,CA,31694,35.068134,-96.98969,5.0,3197,False,"Seafood, Restaurants, Food",2024-01-01 00:00:00,2024-01-01
cffe33bf-1698-4197-bdca-f40770074e4b,Restaurant 1100,4548 Main St,Philadelphia,NY,34125,25.082813,-93.545611,1.0,4201,False,"American (New), Restaurants, Food",2024-01-01 00:00:00,2024-01-01
8b5d7639-3667-4662-b18f-3a5221c6a54e,Restaurant 1101,8702 Main St,Philadelphia,FL,49768,44.606927,-108.699997,3.0,4524,True,"Thai, Restaurants, Food",2024-01-01 00:00:00,2024-01-01
f302725f-3e99-4a64-8193-4fa68dfb2542,Restaurant 1102,3768 Main St,Philadelphia,PA,79935,30.478986,-122.850013,2.0,2276,True,"Italian, Restaurants, Food",2024-01-01 00:00:00,2024-01-01
c3e355af-1040-46b2-bfb7-02b686674d50,Restaurant 1103,944 Main St,Philadelphia,NY,37521,37.295683,-124.923002,3.5,4958,False,"Chinese, Restaurants, Food",2024-01-01 00:00:00,2024-01-01
bea8299f-eeeb-4938-8caa-83f0825409d8,Restaurant 1104,1463 Main St,Philadelphia,WA,44608,41.607831,-102.541141,3.0,2660,True,"Pizza, Restaurants, Food",2024-01-01 00:00:00,2024-01-01
0365a1ea-9ca0-435c-9685-3c96fe5c460d,Restaurant 1105,5924 Main St,Philadelphia,NY,46659,29.064911,-71.561741,5.0,4779,True,"Burgers, Restaurants, Food",2024-01-01 00:00:00,2024-01-01
e617f2f1-9f83-434f-9629-6385a0b313df,Restaurant 1106,4316 Main St,Philadelphia,CO,82204,29.741657,-100.679831,3.5,2202,True,"Seafood, Restaurants, Food",2024-01-01 00:00:00,2024-01-01
5daab94d-877e-4712-a29b-efab0fe3a91c,Restaurant 1107,6579 Main St,Philadelphia,TX,68465,30.329632,-85.054263,3.5,1216,False,"Sushi, Restaurants, Food",2024-01-01 00:00:00,2024-01-01
31d620a6-37a6-4e0e-bcaf-ed3549d302d1,Restaurant 1108,8225 Main St,Philadelphia,TX,70213,29.255645,-77.570631,2.5,4667,False,"Thai, Restaurants, Food",2024-01-01 00:00:00,2024-01-01
0a7f217f-1c94-46f8-bd93-83def3d00a8f,Restaurant 1109,4721 Main St,Philadelphia,PA,50653,28.747129,-115.224615,4.0,4980,True,"Sushi, Restaurants, Food",2024-01-01 00:00:00,2024-01-01
fa153ba5-f96d-41fd-8444-4563a70747d3,Restaurant 1110,2451 Main St,Philadelphia,CA,65888,30.640838,-74.997792,4.0,822,True,"Pizza, Restaurants, Food",2024-01-01 00:00:00,2024-01-01
19fac723-f78d-4787-a2ec-d0836307ede8,Restaurant 1111,9984 Main St,Philadelphia,CA,59528,33.831783,-118.948047,1.0,359,True,"Mexican, Restaurants, Food",2024-01-01 00:00:00,2024-01-01
13215552-218d-449a-8f4e-2a9073b62b1b,Restaurant 1112,1469 Main St,Philadelphia,FL,28695,46.587763,-92.019955,1.0,872,False,"Sushi, Restaurants, Food",2024-01-01 00:00:00,2024-01-01
01f18273-be21-41ec-a675-92e4ef8ce3ce,Restaurant 1113,3414 Main St,Philadelphia,TX,72970,42.47245,-75.918534,2.0,2519,False,"Coffee & Tea, Restaurants, Food",2024-01-01 00:00:00,2024-01-01
02d00be4-8b01-45a5-a452-a6fa965fa8e9,Restaurant 1114,2631 Main St,Philadelphia,NY,17323,37.501108,-110.289885,5.0,1009,True,"Pizza, Restaurants, Food",2024-01-01 00:00:00,2024-01-01
51a565b4-ea99-4b93-b031-de94488675de,Restaurant 1115,1784 Main St,Philadelphia,WA,48894,27.35902,-76.244872,4.0,1162,True,"Mexican, Restaurants, Food",2024-01-01 00:00:00,2024-01-01
063d3473-d07e-4b6d-bdd5-1986ea61e436,Restaurant 1116,493 Main St,Philadelphia,NY,65985,33.86381,-105.567955,3.0,1851,False,"Sushi, Restaurants, Food",2024-01-01 00:00:00,2024-01-01
99864446-5bf5-407b-b4c2-3f886ccfe705,Restaurant 1117,8157 Main St,Philadelphia,TX,24435,30.164017,-72.394343,3.0,2928,True,"Seafood, Restaurants, Food",2024-01-01 00:00:00,2024-01-01
03bb8bbf-0ed2-432f-b214-d7083aa3d159,Restaurant 1118,5567 Main St,Philadelphia,CA,57250,46.236351,-74.406952,1.0,4953,True,"Thai, Restaurants, Food",2024-01-01 00:00:00,2024-01-01
30e775f8-8f19-46a4-8e36-914e5643e99c,Restaurant 1119,7122 Main St,Philadelphia,WA,53888,38.791064,-87.631168,2.0,2471,False,"Chinese, Restaurants, Food",2024-01-01 00:00:00,2024-01-01
11271a62-373e-4b32-9a19-1030b784d989,Restaurant 1120,1802 Main St,Philadelphia,FL,75437,40.219829,-73.691499,1.5,18,True,"Thai, Restaurants, Food",2024-01-01 00:00:00,2024-01-01
23ac97de-f8dc-4fe1-870f-604aefcc7e3a,Restaurant 1121,5347 Main St,Philadelphia,TX,61196,35.273994,-81.173209,4.5,552,True,"Seafood, Restaurants, Food",2024-01-01 00:00:00,2024-01-01
34555eeb-5990-4e9d-a876-c79a0263a3e7,Restaurant 1122,7103 Main St,Philadelphia,FL,28961,27.080281,-70.287557,2.0,3155,False,"Chinese, Restaurants, Food",2024-01-01 00:00:00,2024-01-01
60be015b-5336-476b-b956-50f7349516f2,Restaurant 1123,8197 Main St,Philadelphia,OH,73083,40.948679,-102.233061,3.5,1133,True,"Burgers, Restaurants, Food",2024-01-01 00:00:00,2024-01-01
6278bfe5-e884-4438-84f7-fb6b5c1cd500,Restaurant 1124,6959 Main St,Philadelphia,WA,75156,37.391187,-97.906923,5.0,1886,False,"Sushi, Restaurants, Food",2024-01-01 00:00:00,2024-01-01
026b6737-b3c6-42e1-951e-5e7b13eaeb19,Restaurant 1125,9618 Main St,Philadelphia,OH,79067,38.291158,-86.857558,2.5,715,True,"Chinese, Restaurants, Food",2024-01-01 00:00:00,2024-01-01
31583592-66ae-4a33-825b-26302719afd0,Restaurant 1126,146 Main St,Philadelphia,NY,12248,33.335164,-98.934051,2.0,903,True,"Chinese, Restaurants, Food",2024-01-01 00:00:00,2024-01-01
9c0402d6-5e32-4b57-8c17-39fade86f1f7,Restaurant 1127,6012 Main St,Philadelphia,TX,48626,35.588933,-79.061122,5.0,3450,True,"Mexican, Restaurants, Food",2024-01-01 00:00:00,2024-01-01
312586e7-d473-4d2e-a7ae-1c4a601b1e16,Restaurant 1128,3779 Main St,Philadelphia,PA,28061,27.696424,-86.732059,2.0,3093,True,"Burgers, Restaurants, Food",2024-01-01 00:00:00,2024-01-01
b6c91728-c175-4220-b4a3-29059a276bf4,Restaurant 1129,6189 Main St,Philadelphia,PA,23894,40.243188,-120.942634,2.0,248,True,"Chinese, Restaurants, Food",2024-01-01 00:00:00,2024-01-01
8d302156-6612-4355-beb7-629fa83b3943,Restaurant 1130,2414 Main St,Philadelphia,CA,42118,26.772502,-93.694926,4.0,1227,True,"Coffee & Tea, Restaurants, Food",2024-01-01 00:00:00,2024-01-01
97b5bf89-8555-41e4-8dc7-c4c213989f3a,Restaurant 1131,2395 Main St,Philadelphia,WA,49257,35.814244,-85.259342,4.5,109,False,"Sushi, Restaurants, Food",2024-01-01 00:00:00,2024-01-01
0eab7582-b95e-43fb-9f25-12ed9500e955,Restaurant 1132,2654 Main St,Philadelphia,PA,94207,25.738739,-83.687689,5.0,1314,True,"Burgers, Restaurants, Food",2024-01-01 00:00:00,2024-01-01
25f6ce41-c572-40b2-8684-b76c09fb8cfa,Restaurant 1133,7040 Main St,Philadelphia,AZ,82634,41.362356,-110.80701,5.0,2508,True,"Burgers, Restaurants, Food",2024-01-01 00:00:00,2024-01-01
db2bd29f-69b0-4992-adaf-cd163319a3fd,Restaurant 1134,2669 Main St,Philadelphia,FL,22050,36.994524,-71.214054,2.0,1736,False,"Seafood, Restaurants, Food",2024-01-01 00:00:00,2024-01-01
9f7672b1-a4fc-475e-a17b-972ab79d058f,Restaurant 1135,1017 Main St,Philadelphia,NY,61418,29.224957,-83.970234,5.0,4957,True,"Coffee & Tea, Restaurants, Food",2024-01-01 00:00:00,2024-01-01
43966979-b6ad-45d5-b8a6-410202070bec,Restaurant 1136,7921 Main St,Philadelphia,IL,95550,39.763489,-79.501048,2.0,448,False,"Burgers, Restaurants, Food",2024-01-01 00:00:00,2024-01-01
4312c2ac-889b-41a0-819e-abcab6fe4b8e,Restaurant 1137,3290 Main St,Philadelphia,FL,24208,27.401201,-105.05141,3.5,230,True,"Italian, Restaurants, Food",2024-01-01 00:00:00,2024-01-01
e1c04e7e-d32b-4b6c-aa48-3f9831034cf9,Restaurant 1138,2766 Main St,Philadelphia,WA,23954,26.502341,-92.158908,3.0,1538,True,"Pizza, Restaurants, Food",2024-01-01 00:00:00,2024-01-01
2ab85c9b-b385-4832-9a9e-11f119ce0a10,Restaurant 1139,4037 Main St,Philadelphia,FL,21146,47.463252,-93.936175,4.5,375,True,"Chinese, Restaurants, Food",2024-01-01 00:00:00,2024-01-01
047e4398-60d7-4fd8-aa6f-5b12eb7704a9,Restaurant 1140,1627 Main St,Philadelphia,FL,11111,47.552457,-83.657631,4.0,4098,True,"Chinese, Restaurants, Food",2024-01-01 00:00:00,2024-01-01
a3696229-b9e6-4ba1-bded-313c5b62dac3,Restaurant 1141,6500 Main St,Philadelphia,IL,26976,41.161107,-119.644109,4.0,4126,True,"American (New), Restaurants, Food",2024-01-01 00:00:00,2024-01-01
2d2e5725-578e-4882-9173-31b873e75b28,Restaurant 1142,2560 Main St,Philadelphia,PA,86962,43.309594,-98.767583,1.0,2377,True,"Thai, Restaurants, Food",2024-01-01 00:00:00,2024-01-01
c074797c-cc7e-4b94-b73c-56cb6563a0bf,Restaurant 1143,7687 Main St,Philadelphia,CA,92044,27.14569,-85.484551,2.5,1154,True,"American (New), Restaurants, Food",2024-01-01 00:00:00,2024-01-01
4551a7b7-3717-4d3d-9f6c-dc8b7834f807,Restaurant 1144,8559 Main St,Philadelphia,CO,95379,37.035603,-82.725008,4.5,1075,False,"Italian, Restaurants, Food",2024-01-01 00:00:00,2024-01-01
25368af1-43f5-4c6e-a73c-fc86f7aace61,Restaurant 1145,6003 Main St,Philadelphia,CO,66479,25.920297,-85.798064,4.0,1959,True,"Seafood, Restaurants, Food",2024-01-01 00:00:00,2024-01-01
2c79efe8-c421-4844-a95f-4055f6fc047f,Restaurant 1146,1328 Main St,Philadelphia,TX,84304,39.439162,-97.636245,1.0,1169,False,"American (New), Restaurants, Food",2024-01-01 00:00:00,2024-01-01
a4541be4-4160-43c6-865c-3f07de48c842,Restaurant 1147,1528 Main St,Philadelphia,AZ,22335,35.460581,-115.66553,3.0,1323,True,"Italian, Restaurants, Food",2024-01-01 00:00:00,2024-01-01
455d213c-54a2-4739-92a9-96d4c7643fe1,Restaurant 1148,9545 Main St,Philadelphia,IL,56316,27.052273,-115.144756,4.5,2114,False,"Italian, Restaurants, Food",2024-01-01 00:00:00,2024-01-01
a4f6958c-7211-4240-a935-fa36c3ecac38,Restaurant 1149,7342 Main St,Philadelphia,TX,26248,47.348655,-98.145755,3.5,2349,False,"Burgers, Restaurants, Food",2024-01-01 00:00:00,2024-01-01
23d4f074-c094-4741-a523-b2fa964b54f9,Restaurant 1150,2213 Main St,Philadelphia,AZ,58068,36.787023,-90.645245,3.5,3062,True,"Burgers, Restaurants, Food",2024-01-01 00:00:00,2024-01-01
910a5ad0-0630-478b-a1d1-be7a7fd8c276,Restaurant 1151,8389 Main St,Philadelphia,AZ,44449,45.180398,-70.481352,1.0,468,True,"American (New), Restaurants, Food",2024-01-01 00:00:00,2024-01-01
ef0f7c48-baf6-4425-8b99-2f6966a0fe9f,Restaurant 1152,230 Main St,Philadelphia,TX,23801,31.685194,-116.298681,4.0,598,True,"Burgers, Restaurants, Food",2024-01-01 00:00:00,2024-01-01
33b35a51-a7e5-486b-baa0-6c2bf3cbae5b,Restaurant 1153,7673 Main St,Philadelphia,CA,55735,35.715185,-89.663353,4.5,894,True,"Thai, Restaurants, Food",2024-01-01 00:00:00,2024-01-01
1aedc3eb-7064-4caf-b301-0f99939a5948,Restaurant 1154,1875 Main St,Philadelphia,OH,66769,29.587833,-106.920365,3.5,2806,False,"Mexican, Restaurants, Food",2024-01-01 00:00:00,2024-01-01
40e94756-f5a8-41fd-bb3d-87c24caf61ef,Restaurant 1155,7902 Main St,Philadelphia,CA,46487,35.455309,-95.020533,4.5,1193,True,"Chinese, Restaurants, Food",2024-01-01 00:00:00,2024-01-01
21263509-3a0b-4795-a346-7ae41cf67974,Restaurant 1156,9409 Main St,Philadelphia,PA,88784,42.806727,-121.567986,3.5,3524,False,"Mexican, Restaurants, Food",2024-01-01 00:00:00,2024-01-01
3a1b6379-6f34-4b2d-96e3-eac5b3714a0a,Restaurant 1157,986 Main St,Philadelphia,NY,13007,46.910835,-87.398071,3.0,2065,True,"Sushi, Restaurants, Food",2024-01-01 00:00:00,2024-01-01
0f668b8a-bfd7-4761-a195-43543290414e,Restaurant 1158,2422 Main St,Philadelphia,CA,45901,34.316575,-108.591476,4.5,3439,True,"Italian, Restaurants, Food",2024-01-01 00:00:00,2024-01-01
ae7d5da4-5059-4759-9e69-433f1de9ba98,Restaurant 1159,3115 Main St,Philadelphia,PA,22116,45.584002,-101.430614,3.0,1348,True,"Chinese, Restaurants, Food",2024-01-01 00:00:00,2024-01-01
d59c2271-63c8-4ecf-a41b-6a89abb8c9db,Restaurant 1160,6966 Main St,Philadelphia,AZ,72324,37.316645,-81.887843,4.0,2906,False,"Pizza, Restaurants, Food",2024-01-01 00:00:00,2024-01-01
f64d42d8-5d6f-4ba3-b37a-d1fe63e4d8f9,Restaurant 1161,9289 Main St,Philadelphia,CO,36025,26.7896,-88.262063,2.0,2653,False,"Pizza, Restaurants, Food",2024-01-01 00:00:00,2024-01-01
b29de0ab-c291-4d57-a71e-74896497481d,Restaurant 1162,2565 Main St,Philadelphia,AZ,29331,36.48725,-107.597569,4.0,2153,True,"Coffee & Tea, Restaurants, Food",2024-01-01 00:00:00,2024-01-01
32cea1a5-5839-46e8-a7c5-a6b5400897cb,Restaurant 1163,2159 Main St,Philadelphia,AZ,93744,47.297523,-119.640467,2.5,1538,False,"American (New), Restaurants, Food",2024-01-01 00:00:00,2024-01-01
e7006481-e3df-4713-a53e-b9f58074079d,Restaurant 1164,2821 Main St,Philadelphia,CO,59487,29.971158,-113.463031,2.5,4726,True,"Chinese, Restaurants, Food",2024-01-01 00:00:00,2024-01-01
fd16d09c-7282-4c26-8828-0246c6b2d3b6,Restaurant 1165,6060 Main St,Philadelphia,PA,49576,45.623063,-97.385314,1.5,4089,False,"Burgers, Restaurants, Food",2024-01-01 00:00:00,2024-01-01
c77a9eff-6cb6-40be-940f-fbcde486ad4e,Restaurant 1166,6823 Main St,Philadelphia,IL,56165,44.048275,-101.578294,3.5,929,True,"Coffee & Tea, Restaurants, Food",2024-01-01 00:00:00,2024-01-01
2f55359a-8202-4e1f-b58c-ee9217f02110,Restaurant 1167,7118 Main St,Philadelphia,IL,33186,37.713332,-116.053857,4.0,3126,False,"Burgers, Restaurants, Food",2024-01-01 00:00:00,2024-01-01
91db77b1-0bab-456d-a759-f24b7da60d83,Restaurant 1168,4740 Main St,Philadelphia,CO,23005,47.893354,-80.673313,1.5,735,True,"Seafood, Restaurants, Food",2024-01-01 00:00:00,2024-01-01
289e7828-270a-43fa-8438-c5c8f0d81b7a,Restaurant 1169,6838 Main St,Philadelphia,CA,75064,42.248705,-90.689587,5.0,817,False,"American (New), Restaurants, Food",2024-01-01 00:00:00,2024-01-01
55d715ee-23e9-4d4e-8118-2663557cb27f,Restaurant 1170,9622 Main St,Philadelphia,PA,97518,31.667803,-101.864753,2.5,3725,False,"Sushi, Restaurants, Food",2024-01-01 00:00:00,2024-01-01
e48f894e-133e-460e-9ce6-d4a17a7f26a1,Restaurant 1171,3304 Main St,Philadelphia,AZ,26310,33.064115,-81.343683,4.5,3383,False,"Pizza, Restaurants, Food",2024-01-01 00:00:00,2024-01-01
76169414-a71f-468a-b374-116a510848ee,Restaurant 1172,6238 Main St,Philadelphia,NY,76527,31.522902,-76.621606,3.0,2519,False,"Mexican, Restaurants, Food",2024-01-01 00:00:00,2024-01-01
b4d80b34-a51a-4860-8263-f709dd6bd58b,Restaurant 1173,168 Main St,Philadelphia,OH,14282,25.357191,-116.564356,3.5,4252,False,"Chinese, Restaurants, Food",2024-01-01 00:00:00,2024-01-01
3e615fe9-f6eb-4d9c-8e58-66031363460a,Restaurant 1174,2892 Main St,Philadelphia,CO,66363,30.562116,-71.458032,2.5,3223,True,"Seafood, Restaurants, Food",2024-01-01 00:00:00,2024-01-01
8dda6319-c735-4752-9f77-be9c84b6a818,Restaurant 1175,7130 Main St,Philadelphia,TX,93397,33.979469,-84.953801,4.0,2607,True,"Burgers, Restaurants, Food",2024-01-01 00:00:00,2024-01-01
734d908f-cd50-4355-b04f-53fcfeed9219,Restaurant 1176,3884 Main St,Philadelphia,CA,26558,36.597912,-90.270741,4.0,2132,True,"Chinese, Restaurants, Food",2024-01-01 00:00:00,2024-01-01
485bfb82-045c-4cbe-aa9f-ca61db3ccf91,Restaurant 1177,3438 Main St,Philadelphia,CA,22224,25.589725,-124.365403,2.0,228,True,"Seafood, Restaurants, Food",2024-01-01 00:00:00,2024-01-01
64ca513f-2108-41c0-912f-3b1c37e0aa9f,Restaurant 1178,6365 Main St,Philadelphia,PA,27111,47.618526,-90.104527,3.5,1529,True,"Mexican, Restaurants, Food",2024-01-01 00:00:00,2024-01-01
1ec7f9db-06e8-4a5d-8a93-a7a7fbb637cc,Restaurant 1179,4964 Main St,Philadelphia,NY,80178,44.330506,-85.052806,4.0,2134,True,"Italian, Restaurants, Food",2024-01-01 00:00:00,2024-01-01
c8b3d72b-b3f9-431c-bfde-6a0d49c90dcb,Restaurant 1180,1459 Main St,Philadelphia,TX,92239,25.532239,-70.836119,1.5,909,False,"Seafood, Restaurants, Food",2024-01-01 00:00:00,2024-01-01
3e2a1b4b-6073-402e-9d5c-cb0f3108b92f,Restaurant 1181,2110 Main St,Philadelphia,CA,28590,31.49665,-75.796737,1.5,634,False,"Chinese, Restaurants, Food",2024-01-01 00:00:00,2024-01-01
1e2b59d6-d5c8-4858-8471-365f7b7165c0,Restaurant 1182,3507 Main St,Philadelphia,OH,23195,36.29385,-123.792367,1.5,3986,True,"Mexican, Restaurants, Food",2024-01-01 00:00:00,2024-01-01
c6bf9ce0-3d64-484e-9c92-b49072ada568,Restaurant 1183,6979 Main St,Philadelphia,OH,51102,39.571691,-100.201681,2.0,1473,False,"Pizza, Restaurants, Food",2024-01-01 00:00:00,2024-01-01
cf052e07-e854-425f-aa56-1f8759dc14af,Restaurant 1184,3027 Main St,Philadelphia,CO,92734,38.953062,-123.270224,3.5,2841,False,"Seafood, Restaurants, Food",2024-01-01 00:00:00,2024-01-01
6cb1c01d-f782-4618-8469-659e73969185,Restaurant 1185,9930 Main St,Philadelphia,WA,10657,28.64293,-84.206674,1.5,1580,True,"American (New), Restaurants, Food",2024-01-01 00:00:00,2024-01-01
9514c379-a3b0-4a92-94cf-0d98d719f340,Restaurant 1186,477 Main St,Philadelphia,WA,77075,42.502102,-113.103141,3.5,941,True,"Pizza, Restaurants, Food",2024-01-01 00:00:00,2024-01-01
92cbbc27-8f71-417e-acb8-5c31fdc4811f,Restaurant 1187,5466 Main St,Philadelphia,TX,38804,26.919183,-86.961905,2.0,2193,False,"Coffee & Tea, Restaurants, Food",2024-01-01 00:00:00,2024-01-01
0d2de02d-d4b4-41a4-a13f-c9e8d9bf4617,Restaurant 1188,3364 Main St,Philadelphia,CA,55685,41.285922,-89.144151,4.5,4062,False,"American (New), Restaurants, Food",2024-01-01 00:00:00,2024-01-01
327ace53-d67d-4447-a058-fca86dead6b8,Restaurant 1189,6652 Main St,Philadelphia,NY,42780,28.978069,-87.21184,3.0,3219,True,"Seafood, Restaurants, Food",2024-01-01 00:00:00,2024-01-01
0111a2d0-836e-4645-af9e-cb95f968398a,Restaurant 1190,9726 Main St,Philadelphia,FL,31712,43.264289,-72.543086,4.5,3551,False,"Burgers, Restaurants, Food",2024-01-01 00:00:00,2024-01-01
9f517980-1a5d-47ef-bab6-b81307cd170a,Restaurant 1191,9870 Main St,Philadelphia,FL,51779,39.326952,-91.598739,4.0,1637,False,"Chinese, Restaurants, Food",2024-01-01 00:00:00,2024-01-01
ce0b1f70-0bb1-4c18-9dc2-b5439ef60c1a,Restaurant 1192,1152 Main St,Philadelphia,AZ,31921,45.457343,-72.304641,3.0,4808,False,"Italian, Restaurants, Food",2024-01-01 00:00:00,2024-01-01
a0040d4f-4d72-48b5-9df0-f6ab4ff6f9f6,Restaurant 1193,9994 Main St,Philadelphia,WA,56170,34.161053,-118.694253,3.5,3518,True,"Chinese, Restaurants, Food",2024-01-01 00:00:00,2024-01-01
a49528a7-612d-4dee-abde-5874cf249631,Restaurant 1194,4119 Main St,Philadelphia,CA,38204,40.109956,-104.541964,3.5,1002,True,"Chinese, Restaurants, Food",2024-01-01 00:00:00,2024-01-01
1d77fe73-da38-45a4-be9c-e753a6ad9f2a,Restaurant 1195,278 Main St,Philadelphia,IL,38019,35.703662,-81.261832,2.5,4601,True,"Burgers, Restaurants, Food",2024-01-01 00:00:00,2024-01-01
394f87d6-2bc1-4cdf-a7ee-8969c305999c,Restaurant 1196,4746 Main St,Philadelphia,CO,37810,37.127034,-119.339389,3.0,4980,True,"Seafood, Restaurants, Food",2024-01-01 00:00:00,2024-01-01
5da33e90-6f8f-490a-8d8d-ad4839be2835,Restaurant 1197,7009 Main St,Philadelphia,OH,51652,43.708073,-114.101727,1.0,4047,False,"Pizza, Restaurants, Food",2024-01-01 00:00:00,2024-01-01
6a0ce821-443b-4d56-aae0-e37652cc0867,Restaurant 1198,4596 Main St,Philadelphia,OH,25631,27.854132,-115.587315,3.5,4843,False,"Mexican, Restaurants, Food",2024-01-01 00:00:00,2024-01-01
48f02e2a-67ee-4063-8b47-a09a802ca40b,Restaurant 1199,9543 Main St,Philadelphia,PA,47360,25.410235,-81.91819,1.0,3783,False,"Thai, Restaurants, Food",2024-01-01 00:00:00,2024-01-01
76443310-cc2b-4d72-9080-72be48b970fb,Restaurant 1200,6699 Main St,Philadelphia,PA,79922,46.114793,-122.848387,1.0,569,False,"Sushi, Restaurants, Food",2024-01-01 00:00:00,2024-01-01
a1fc7ab1-a46d-4922-a458-08cf122abb7c,Restaurant 1201,6900 Main St,Philadelphia,FL,46002,32.295362,-105.979654,1.5,4559,False,"Coffee & Tea, Restaurants, Food",2024-01-01 00:00:00,2024-01-01
bc7c8cc1-16c8-4107-8592-9a3febdf041b,Restaurant 1202,871 Main St,Philadelphia,OH,49117,41.01851,-99.998004,1.5,3064,True,"Pizza, Restaurants, Food",2024-01-01 00:00:00,2024-01-01
578b3eac-363e-41f5-8e9d-10a9878fa709,Restaurant 1203,3770 Main St,Philadelphia,PA,11362,28.190892,-70.35528,4.0,1855,True,"Sushi, Restaurants, Food",2024-01-01 00:00:00,2024-01-01
f30cb14b-c0ba-464c-b244-2ba085abedcf,Restaurant 1204,3231 Main St,Philadelphia,IL,80458,47.759996,-73.62393,1.0,2128,True,"Sushi, Restaurants, Food",2024-01-01 00:00:00,2024-01-01
90218675-5376-43e2-8431-b834fd1263af,Restaurant 1205,886 Main St,Philadelphia,FL,19835,31.065724,-87.164312,4.0,2212,True,"Thai, Restaurants, Food",2024-01-01 00:00:00,2024-01-01
8f3321f4-bcde-4288-9cca-b540966b69b3,Restaurant 1206,9659 Main St,Philadelphia,AZ,25715,27.90464,-77.595781,4.0,3661,True,"American (New), Restaurants, Food",2024-01-01 00:00:00,2024-01-01
c0de4b8e-2fa3-4c05-853c-3063b5b95a2f,Restaurant 1207,8744 Main St,Philadelphia,NY,85744,35.992317,-98.044289,3.0,2638,False,"Mexican, Restaurants, Food",2024-01-01 00:00:00,2024-01-01
727747ac-8b3c-4865-82f6-96f3fb870483,Restaurant 1208,1604 Main St,Philadelphia,FL,48828,41.361772,-105.584467,2.5,1687,True,"Sushi, Restaurants, Food",2024-01-01 00:00:00,2024-01-01
87fb6a41-ec8c-43da-a725-6c71b5607535,Restaurant 1209,8203 Main St,Philadelphia,PA,37849,25.301946,-113.112549,4.0,1540,False,"Sushi, Restaurants, Food",2024-01-01 00:00:00,2024-01-01
4b8d4948-c14d-4911-be86-42b214d345d5,Restaurant 1210,5677 Main St,Philadelphia,NY,87401,42.516858,-96.733998,3.5,2555,False,"Thai, Restaurants, Food",2024-01-01 00:00:00,2024-01-01
2bbaea77-3b35-4a89-8296-39a11683f58f,Restaurant 1211,8365 Main St,Philadelphia,CA,27047,30.032051,-104.999592,4.5,4207,True,"Burgers, Restaurants, Food",2024-01-01 00:00:00,2024-01-01
20e13c82-9918-487d-807d-71b0fced89f3,Restaurant 1212,3179 Main St,Philadelphia,CA,46416,34.731162,-87.25537,1.5,1207,False,"Sushi, Restaurants, Food",2024-01-01 00:00:00,2024-01-01
c1f2b7f8-09a2-47af-93da-ee9115d68f17,Restaurant 1213,1905 Main St,Philadelphia,NY,12174,45.564255,-114.713363,1.0,3902,False,"Chinese, Restaurants, Food",2024-01-01 00:00:00,2024-01-01
ce11f7e1-4a73-4bec-9e13-7448aa48bf45,Restaurant 1214,4451 Main St,Philadelphia,CA,82129,26.933536,-101.26895,2.0,3252,False,"American (New), Restaurants, Food",2024-01-01 00:00:00,2024-01-01
b5606e4b-60f6-48e9-ac69-c1d8d4a44e80,Restaurant 1215,5567 Main St,Philadelphia,PA,67847,31.269544,-119.620302,4.0,3462,True,"Italian, Restaurants, Food",2024-01-01 00:00:00,2024-01-01
8bb457e7-6024-41ef-9dfb-5d2250001642,Restaurant 1216,3203 Main St,Philadelphia,OH,33153,38.663131,-95.874049,4.5,4249,False,"Sushi, Restaurants, Food",2024-01-01 00:00:00,2024-01-01
38c0b299-0de7-4c08-bbab-70f27eb5f983,Restaurant 1217,917 Main St,Philadelphia,NY,24559,30.050335,-122.077423,1.0,4713,False,"Mexican, Restaurants, Food",2024-01-01 00:00:00,2024-01-01
0401bc2a-dc48-4924-96a4-15cc45b59306,Restaurant 1218,1178 Main St,Philadelphia,WA,23242,31.335568,-76.456984,4.0,3211,False,"Sushi, Restaurants, Food",2024-01-01 00:00:00,2024-01-01
9b3b98f1-ac7d-4c04-bc64-5bc1d8fda416,Restaurant 1219,3702 Main St,Philadelphia,FL,74903,29.731224,-81.784979,3.5,2360,False,"Pizza, Restaurants, Food",2024-01-01 00:00:00,2024-01-01
859e5de9-04de-431e-8aa9-04fd8782662a,Restaurant 1220,1644 Main St,Philadelphia,TX,75960,45.878996,-90.783491,3.0,1955,True,"Chinese, Restaurants, Food",2024-01-01 00:00:00,2024-01-01
35d6ed88-2817-478f-8be1-24c4de265373,Restaurant 1221,1237 Main St,Philadelphia,TX,34555,32.639572,-99.963102,1.0,3888,False,"Chinese, Restaurants, Food",2024-01-01 00:00:00,2024-01-01
4b67adf6-220f-4ec0-a951-ec2e2e0c65c9,Restaurant 1222,441 Main St,Philadelphia,TX,44581,45.268923,-115.610119,1.0,4867,False,"Coffee & Tea, Restaurants, Food",2024-01-01 00:00:00,2024-01-01
1fc80929-cc59-47ae-9e3d-3fdf0d48865a,Restaurant 1223,9654 Main St,Philadelphia,PA,74003,45.084026,-99.008747,1.0,143,False,"Mexican, Restaurants, Food",2024-01-01 00:00:00,2024-01-01
a6c321e6-6af2-431d-960a-89b09dc596c5,Restaurant 1224,8706 Main St,Philadelphia,WA,31928,42.364827,-82.36089,1.5,2496,False,"Coffee & Tea, Restaurants, Food",2024-01-01 00:00:00,2024-01-01
26ad685f-907b-44ce-857e-74e92833aa77,Restaurant 1225,8139 Main St,Philadelphia,IL,81527,30.918809,-98.242868,3.5,3759,True,"Chinese, Restaurants, Food",2024-01-01 00:00:00,2024-01-01
845f5562-23c6-4e09-934a-971cec1f0dc6,Restaurant 1226,5033 Main St,Philadelphia,IL,77873,42.814105,-77.867411,4.5,924,False,"American (New), Restaurants, Food",2024-01-01 00:00:00,2024-01-01
ab4046f1-1817-4bb8-978c-daea86d60329,Restaurant 1227,439 Main St,Philadelphia,TX,63781,44.694107,-88.73482,2.0,2927,False,"Pizza, Restaurants, Food",2024-01-01 00:00:00,2024-01-01
892bfd96-b2bf-4fe5-9236-df64462397a2,Restaurant 1228,4103 Main St,Philadelphia,CO,66455,33.266658,-84.059918,2.5,3095,True,"Italian, Restaurants, Food",2024-01-01 00:00:00,2024-01-01
64a33811-deac-463c-9e83-7c4bdb422034,Restaurant 1229,9027 Main St,Philadelphia,AZ,79062,29.023902,-74.931997,3.5,2714,False,"Seafood, Restaurants, Food",2024-01-01 00:00:00,2024-01-01
c0bf1027-9e1c-4702-9782-f3e09f4267b9,Restaurant 1230,6936 Main St,Philadelphia,FL,50543,29.383171,-93.126574,3.5,1008,False,"Coffee & Tea, Restaurants, Food",2024-01-01 00:00:00,2024-01-01
9e8cd1db-3511-4b5a-b6c3-2e73785994b8,Restaurant 1231,9384 Main St,Philadelphia,IL,47802,27.534383,-124.541582,2.0,3821,True,"American (New), Restaurants, Food",2024-01-01 00:00:00,2024-01-01
32416e25-476c-4c1a-8a99-eb9067939b8e,Restaurant 1232,4847 Main St,Philadelphia,CO,83156,40.279367,-108.299492,3.0,530,False,"Pizza, Restaurants, Food",2024-01-01 00:00:00,2024-01-01
e146995b-fa5c-4338-b38c-43cf9ea70e2b,Restaurant 1233,7536 Main St,Philadelphia,PA,38485,31.509398,-92.381061,1.0,4001,False,"Pizza, Restaurants, Food",2024-01-01 00:00:00,2024-01-01
fb8c4ace-7c87-4089-ba7e-d409c066633f,Restaurant 1234,7150 Main St,Philadelphia,IL,96540,44.184531,-122.255387,2.0,2869,False,"American (New), Restaurants, Food",2024-01-01 00:00:00,2024-01-01
b0a57496-3498-404d-bd81-1ff7249f528a,Restaurant 1235,9287 Main St,Philadelphia,TX,21272,41.403533,-117.154566,2.5,3540,True,"Italian, Restaurants, Food",2024-01-01 00:00:00,2024-01-01
4dd5547c-30c1-4cc1-85ea-05c451cf885c,Restaurant 1236,3685 Main St,Philadelphia,PA,72020,46.4575,-111.319932,4.0,3462,False,"Sushi, Restaurants, Food",2024-01-01 00:00:00,2024-01-01
3ad7b5ec-0b59-4e8a-b07f-a1c22ea7242b,Restaurant 1237,4380 Main St,Philadelphia,FL,88255,32.146923,-93.985081,3.5,4737,True,"Mexican, Restaurants, Food",2024-01-01 00:00:00,2024-01-01
dc7ba30a-e113-4f17-8ce8-090d0e56e630,Restaurant 1238,4196 Main St,Philadelphia,TX,64566,37.748527,-108.441575,1.5,2436,False,"American (New), Restaurants, Food",2024-01-01 00:00:00,2024-01-01
4ac88099-e507-4c66-83ee-04984796e526,Restaurant 1239,3104 Main St,Philadelphia,OH,67264,27.208973,-96.038573,3.5,4128,False,"Coffee & Tea, Restaurants, Food",2024-01-01 00:00:00,2024-01-01
47d525aa-e22d-4420-845f-1f5998dbd39c,Restaurant 1240,5903 Main St,Philadelphia,OH,71151,34.67163,-102.435776,1.0,4579,True,"Burgers, Restaurants, Food",2024-01-01 00:00:00,2024-01-01
1e2ceb6a-bcc4-473c-879b-7a38f3ecd232,Restaurant 1241,1548 Main St,Philadelphia,TX,90636,45.857522,-81.735236,5.0,3057,True,"Seafood, Restaurants, Food",2024-01-01 00:00:00,2024-01-01
530282f3-48d2-4fd5-9c91-e2915a3de69e,Restaurant 1242,9000 Main St,Philadelphia,CO,48449,26.231329,-78.519096,2.0,3301,True,"Coffee & Tea, Restaurants, Food",2024-01-01 00:00:00,2024-01-01
0170cbd9-ecf2-4ebc-b91b-f0fc4f9389d1,Restaurant 1243,8587 Main St,Philadelphia,AZ,17123,26.947159,-110.140384,1.5,2732,True,"Italian, Restaurants, Food",2024-01-01 00:00:00,2024-01-01
14430ebb-1169-4de0-b8e3-89c9d39e78b2,Restaurant 1244,9364 Main St,Philadelphia,AZ,53425,44.879225,-118.320653,5.0,435,True,"American (New), Restaurants, Food",2024-01-01 00:00:00,2024-01-01
642b1a07-8ad0-4137-b4a6-b7d47e296a16,Restaurant 1245,2461 Main St,Philadelphia,WA,74920,28.137263,-75.772121,2.0,2465,False,"Pizza, Restaurants, Food",2024-01-01 00:00:00,2024-01-01
9cdf422a-1737-4844-804f-f3f7445891c6,Restaurant 1246,8045 Main St,Philadelphia,CO,36306,27.638304,-124.998036,1.5,4259,True,"Mexican, Restaurants, Food",2024-01-01 00:00:00,2024-01-01
bae0cc16-f75c-4f94-9dc5-71a80fed7282,Restaurant 1247,3447 Main St,Philadelphia,CA,72094,25.567097,-97.180752,4.0,456,True,"Italian, Restaurants, Food",2024-01-01 00:00:00,2024-01-01
bd1132d2-08c1-494f-bc6f-82a12838881e,Restaurant 1248,6728 Main St,Philadelphia,AZ,34123,43.866232,-78.705356,5.0,2133,False,"Seafood, Restaurants, Food",2024-01-01 00:00:00,2024-01-01
5c12585f-0d17-4c62-a93f-c2504cec8e57,Restaurant 1249,2118 Main St,Philadelphia,OH,29168,39.632535,-114.835568,2.5,1399,True,"Coffee & Tea, Restaurants, Food",2024-01-01 00:00:00,2024-01-01
f4a7fd62-81da-4d82-935b-1479d26d6b51,Restaurant 1250,7971 Main St,Philadelphia,FL,47938,40.353317,-72.249972,4.5,3010,False,"Burgers, Restaurants, Food",2024-01-01 00:00:00,2024-01-01
4f785c7b-4fa0-4681-8f77-08b7c3858183,Restaurant 1251,6421 Main St,Philadelphia,CA,70812,34.588619,-101.634187,1.0,2322,False,"Sushi, Restaurants, Food",2024-01-01 00:00:00,2024-01-01
7bbc070b-52fa-4b09-9752-b55f576bb46b,Restaurant 1252,9344 Main St,Philadelphia,OH,11444,38.352376,-123.125405,4.5,350,False,"Thai, Restaurants, Food",2024-01-01 00:00:00,2024-01-01
c9cd86f1-6d76-4f14-929f-78c489141c64,Restaurant 1253,7766 Main St,Philadelphia,AZ,46294,25.209761,-116.292701,5.0,4123,True,"Chinese, Restaurants, Food",2024-01-01 00:00:00,2024-01-01
4dbf4b9f-65b1-4f02-bbeb-54b44380df2c,Restaurant 1254,8702 Main St,Philadelphia,OH,77245,26.443613,-88.924441,3.5,4614,False,"Coffee & Tea, Restaurants, Food",2024-01-01 00:00:00,2024-01-01
7df9f445-e37b-4d08-bfe8-d24aa32e5cbc,Restaurant 1255,2394 Main St,Philadelphia,FL,96303,31.967387,-103.33392,4.5,3085,False,"Seafood, Restaurants, Food",2024-01-01 00:00:00,2024-01-01
8d7b7c77-224e-44e7-abd2-58440cf94146,Restaurant 1256,3055 Main St,Philadelphia,CO,76450,42.834154,-96.101135,2.0,2655,False,"Seafood, Restaurants, Food",2024-01-01 00:00:00,2024-01-01
81187d03-4226-4c7a-9142-5c25a08a26da,Restaurant 1257,6715 Main St,Philadelphia,CA,15888,25.679002,-84.691737,2.5,791,True,"Coffee & Tea, Restaurants, Food",2024-01-01 00:00:00,2024-01-01
7f34527e-447a-4374-b70b-bac185e5df0e,Restaurant 1258,7905 Main St,Philadelphia,IL,40347,47.570553,-80.529448,2.5,864,True,"Burgers, Restaurants, Food",2024-01-01 00:00:00,2024-01-01
3d785051-a04b-4442-b9fc-fbb2c0d5b140,Restaurant 1259,6982 Main St,Philadelphia,CA,18116,39.073783,-118.703942,1.5,3618,False,"Seafood, Restaurants, Food",2024-01-01 00:00:00,2024-01-01
ccc32c90-a5ee-4ce1-979a-2fcd88593432,Restaurant 1260,582 Main St,Philadelphia,TX,52094,27.476203,-100.27697,2.0,4701,True,"Mexican, Restaurants, Food",2024-01-01 00:00:00,2024-01-01
556a9d62-1825-423f-a7aa-acb1ec1c095f,Restaurant 1261,4236 Main St,Philadelphia,AZ,67345,40.613527,-112.59769,2.0,3556,True,"Sushi, Restaurants, Food",2024-01-01 00:00:00,2024-01-01
1e0c843b-bdba-4dd4-a305-74303bac4eef,Restaurant 1262,9637 Main St,Philadelphia,PA,92459,47.076144,-119.708664,1.0,1152,True,"Chinese, Restaurants, Food",2024-01-01 00:00:00,2024-01-01
ad77a28a-7822-467e-a29b-1b7137ab81de,Restaurant 1263,6785 Main St,Philadelphia,CO,81641,44.883297,-106.260878,5.0,4065,True,"Mexican, Restaurants, Food",2024-01-01 00:00:00,2024-01-01
15f7afdd-2f0b-4288-bc53-243e0228720b,Restaurant 1264,9444 Main St,Philadelphia,AZ,75647,33.098439,-90.983662,5.0,1130,True,"Coffee & Tea, Restaurants, Food",2024-01-01 00:00:00,2024-01-01
b6d68f2a-53c2-43ac-b6a5-0e180d39c447,Restaurant 1265,7104 Main St,Philadelphia,OH,19288,38.090506,-118.004419,5.0,2444,True,"Sushi, Restaurants, Food",2024-01-01 00:00:00,2024-01-01
41af0b3d-cc13-4170-8677-a9ff4a0b8587,Restaurant 1266,8270 Main St,Philadelphia,NY,16747,38.83426,-106.799411,2.5,2375,False,"Burgers, Restaurants, Food",2024-01-01 00:00:00,2024-01-01
e1c858f0-1473-44af-b62f-46514d3abae0,Restaurant 1267,5963 Main St,Philadelphia,CA,30691,47.266641,-120.887258,2.5,4242,False,"Burgers, Restaurants, Food",2024-01-01 00:00:00,2024-01-01
ae5ee031-4746-4037-9976-adfe77be8188,Restaurant 1268,1028 Main St,Philadelphia,WA,24532,38.403768,-73.469021,3.0,246,True,"Chinese, Restaurants, Food",2024-01-01 00:00:00,2024-01-01
9b90b1a9-c571-443b-9d73-e81c1adf9bc4,Restaurant 1269,7004 Main St,Philadelphia,FL,36281,32.694449,-82.939525,2.0,1674,False,"Pizza, Restaurants, Food",2024-01-01 00:00:00,2024-01-01
a5aac5be-2afe-4fd6-983c-d630b4711756,Restaurant 1270,3960 Main St,Philadelphia,AZ,19556,43.530228,-93.987909,1.0,2834,True,"Burgers, Restaurants, Food",2024-01-01 00:00:00,2024-01-01
0743d601-3bf8-4702-90f1-672ae409d0f2,Restaurant 1271,9900 Main St,Philadelphia,CO,20563,45.412929,-98.667568,2.0,2217,True,"Sushi, Restaurants, Food",2024-01-01 00:00:00,2024-01-01
f0610907-d718-445a-b988-1bd8368afb62,Restaurant 1272,683 Main St,Philadelphia,AZ,76532,30.180636,-105.735827,4.5,2486,True,"Pizza, Restaurants, Food",2024-01-01 00:00:00,2024-01-01
ea894346-3083-48a4-91a5-1b9cf16c953b,Restaurant 1273,1006 Main St,Philadelphia,PA,35712,37.286275,-77.683804,1.0,4527,False,"Pizza, Restaurants, Food",2024-01-01 00:00:00,2024-01-01
72b147fc-ac91-492e-a893-ef12effe3fb6,Restaurant 1274,6442 Main St,Philadelphia,OH,26415,34.883529,-101.524153,2.0,947,False,"Sushi, Restaurants, Food",2024-01-01 00:00:00,2024-01-01
e89c952e-f53a-4a95-8d06-81a38fcefb4a,Restaurant 1275,6124 Main St,Philadelphia,IL,35381,32.89189,-74.506228,2.5,1901,True,"Seafood, Restaurants, Food",2024-01-01 00:00:00,2024-01-01
0a70f56d-dc81-418d-8d3d-df8febb33d1b,Restaurant 1276,264 Main St,Philadelphia,NY,64141,42.191941,-76.141556,5.0,4654,True,"Pizza, Restaurants, Food",2024-01-01 00:00:00,2024-01-01
ac9944ad-382b-4167-9491-21e4402a2066,Restaurant 1277,4194 Main St,Philadelphia,PA,20041,26.303056,-100.879426,3.0,359,False,"Chinese, Restaurants, Food",2024-01-01 00:00:00,2024-01-01
2e035901-c4b2-4026-83ea-2d57ddb80151,Restaurant 1278,9969 Main St,Philadelphia,NY,48327,27.983474,-103.119974,1.5,630,True,"Italian, Restaurants, Food",2024-01-01 00:00:00,2024-01-01
65b3c406-3f54-468f-8f73-e403b942f881,Restaurant 1279,9007 Main St,Philadelphia,NY,74871,41.220869,-80.261634,2.5,3634,False,"Chinese, Restaurants, Food",2024-01-01 00:00:00,2024-01-01
82310495-df35-4311-9a38-4b263b20a636,Restaurant 1280,9134 Main St,Philadelphia,FL,95674,30.616733,-75.886184,3.5,4436,True,"Pizza, Restaurants, Food",2024-01-01 00:00:00,2024-01-01
5004a095-c3c5-4b0f-bfe6-820a44f2ec23,Restaurant 1281,5779 Main St,Philadelphia,OH,91509,36.182777,-120.685466,2.0,4268,True,"Italian, Restaurants, Food",2024-01-01 00:00:00,2024-01-01
e2c5120f-4685-4868-a145-2da148452a59,Restaurant 1282,9159 Main St,Philadelphia,NY,26088,33.56497,-80.099116,2.0,294,True,"Coffee & Tea, Restaurants, Food",2024-01-01 00:00:00,2024-01-01
232c4e8d-0357-4e57-9f22-e3789de7c63b,Restaurant 1283,7534 Main St,Philadelphia,CA,12790,36.474872,-123.14341,3.0,4819,False,"Italian, Restaurants, Food",2024-01-01 00:00:00,2024-01-01
2ae0bcf3-cd33-40cd-aa41-c1a7fe0a967f,Restaurant 1284,1484 Main St,Philadelphia,PA,46581,44.655207,-103.883506,1.0,3135,False,"Coffee & Tea, Restaurants, Food",2024-01-01 00:00:00,2024-01-01
ac1068c0-1db2-4a25-9f08-90c6f0bd239f,Restaurant 1285,827 Main St,Philadelphia,NY,36965,33.72452,-88.704087,5.0,429,False,"Pizza, Restaurants, Food",2024-01-01 00:00:00,2024-01-01
24491355-10f3-4e66-a703-ddd3186c5d7d,Restaurant 1286,8972 Main St,Philadelphia,IL,13406,45.931242,-83.503706,3.5,2151,True,"Pizza, Restaurants, Food",2024-01-01 00:00:00,2024-01-01
b3421fcf-c288-4154-bb38-a76cdb5493b6,Restaurant 1287,5686 Main St,Philadelphia,CO,66895,44.912073,-81.956303,1.0,895,False,"Italian, Restaurants, Food",2024-01-01 00:00:00,2024-01-01
3899c000-60dc-44b2-be6f-315fcf5c0745,Restaurant 1288,8861 Main St,Philadelphia,AZ,65552,38.169859,-93.743332,5.0,2131,True,"Burgers, Restaurants, Food",2024-01-01 00:00:00,2024-01-01
49394ff4-c479-4da5-96f6-107b7f0e89ee,Restaurant 1289,7756 Main St,Philadelphia,NY,27284,45.87739,-109.561493,3.0,701,True,"American (New), Restaurants, Food",2024-01-01 00:00:00,2024-01-01
04f7ef18-da41-42e9-bea1-4497da753c6f,Restaurant 1290,4946 Main St,Philadelphia,IL,84852,34.075828,-91.144901,3.5,2202,False,"Seafood, Restaurants, Food",2024-01-01 00:00:00,2024-01-01
6e5d33a4-fd0b-4d89-8f3f-79da6346807b,Restaurant 1291,302 Main St,Philadelphia,CA,50225,38.074145,-107.345583,3.0,1465,False,"Coffee & Tea, Restaurants, Food",2024-01-01 00:00:00,2024-01-01
8e0244c3-7c97-42d3-bfcf-dacdf9407fdc,Restaurant 1292,382 Main St,Philadelphia,AZ,11162,35.728109,-71.876298,4.5,4560,True,"Burgers, Restaurants, Food",2024-01-01 00:00:00,2024-01-01
7d77f3d5-9661-4a48-bc50-276af59798f0,Restaurant 1293,1059 Main St,Philadelphia,CO,20426,31.35825,-91.431931,3.5,525,False,"Thai, Restaurants, Food",2024-01-01 00:00:00,2024-01-01
d3b4d713-fe6a-42d2-acd3-6c5f9e2898fb,Restaurant 1294,4327 Main St,Philadelphia,FL,44018,44.988274,-118.002764,2.0,1204,True,"Mexican, Restaurants, Food",2024-01-01 00:00:00,2024-01-01
b56a66f1-6a1d-48d0-b582-2b0468ac7e60,Restaurant 1295,1975 Main St,Philadelphia,PA,34150,40.742152,-77.668635,3.5,344,True,"Pizza, Restaurants, Food",2024-01-01 00:00:00,2024-01-01
9b880db4-6641-42c3-8923-d9c6a5d47cfe,Restaurant 1296,4344 Main St,Philadelphia,FL,12112,40.60292,-77.838033,3.5,4428,True,"Seafood, Restaurants, Food",2024-01-01 00:00:00,2024-01-01
9313418d-e24c-41e7-849b-bafad31bd437,Restaurant 1297,3945 Main St,Philadelphia,IL,24308,26.78202,-100.590302,5.0,635,True,"Mexican, Restaurants, Food",2024-01-01 00:00:00,2024-01-01
baeea725-7d61-4880-97f3-1464934553dd,Restaurant 1298,5437 Main St,Philadelphia,CO,58674,44.070171,-87.544106,1.5,3494,False,"Thai, Restaurants, Food",2024-01-01 00:00:00,2024-01-01
707ea155-8c27-4895-887f-cc2a373d80ab,Restaurant 1299,504 Main St,Philadelphia,IL,89556,43.127783,-106.575782,4.0,3070,False,"Italian, Restaurants, Food",2024-01-01 00:00:00,2024-01-01
a92eb381-5d01-48e3-8519-d03d70275a6c,Restaurant 1300,610 Main St,Philadelphia,TX,58274,26.026043,-73.833032,1.0,871,True,"Chinese, Restaurants, Food",2024-01-01 00:00:00,2024-01-01
a3e7344a-e7b0-46d4-b07c-12419d580c7e,Restaurant 1301,8468 Main St,Philadelphia,WA,86216,41.395326,-73.303309,4.0,4774,True,"Thai, Restaurants, Food",2024-01-01 00:00:00,2024-01-01
544dc4f9-eafb-4a68-b59b-cc7d0b05533d,Restaurant 1302,6343 Main St,Philadelphia,CA,20133,47.048379,-70.422432,5.0,4706,False,"American (New), Restaurants, Food",2024-01-01 00:00:00,2024-01-01
6998e9e1-af1f-47d1-af7a-af94e520a5ae,Restaurant 1303,2086 Main St,Philadelphia,WA,16741,38.963346,-88.744123,5.0,3613,False,"Italian, Restaurants, Food",2024-01-01 00:00:00,2024-01-01
bab28f09-4af5-4700-9f38-b86466e0a8c3,Restaurant 1304,3295 Main St,Philadelphia,CO,48412,45.954599,-106.922352,3.5,1892,False,"Chinese, Restaurants, Food",2024-01-01 00:00:00,2024-01-01
b2a9eb8d-9753-4880-9b23-3398c865a5f1,Restaurant 1305,1990 Main St,Philadelphia,NY,68328,41.854362,-76.587527,3.5,653,False,"American (New), Restaurants, Food",2024-01-01 00:00:00,2024-01-01
d1d75ce4-bc84-48c7-b70a-cd0d4c53925b,Restaurant 1306,8384 Main St,Philadelphia,CA,57486,40.026588,-91.712978,4.5,3432,True,"Seafood, Restaurants, Food",2024-01-01 00:00:00,2024-01-01
4d311a4d-1ef2-4cb3-bf60-ecc9f8e63b21,Restaurant 1307,2152 Main St,Philadelphia,WA,42105,42.85831,-102.581041,2.0,4961,False,"Italian, Restaurants, Food",2024-01-01 00:00:00,2024-01-01
78590026-8f64-4419-a78f-f260c507cac9,Restaurant 1308,5696 Main St,Philadelphia,IL,25461,26.874637,-101.843758,2.0,4719,False,"Mexican, Restaurants, Food",2024-01-01 00:00:00,2024-01-01
ebf4f62f-28a1-42e0-a01c-e854ae20caee,Restaurant 1309,3047 Main St,Philadelphia,AZ,12033,28.835732,-101.975592,5.0,3850,True,"Thai, Restaurants, Food",2024-01-01 00:00:00,2024-01-01
bb4dae2b-41c6-450d-99d2-1a0f3e8055d0,Restaurant 1310,658 Main St,Philadelphia,OH,13136,40.871071,-70.553658,2.0,4219,False,"Burgers, Restaurants, Food",2024-01-01 00:00:00,2024-01-01
be05b421-a9a6-42b8-b3d8-89e3f92328c7,Restaurant 1311,5905 Main St,Philadelphia,TX,62732,41.02936,-111.72108,3.0,976,False,"Chinese, Restaurants, Food",2024-01-01 00:00:00,2024-01-01
944cdb17-4eac-4012-bdeb-53d374834d1b,Restaurant 1312,9790 Main St,Philadelphia,CO,90822,27.478751,-85.280123,1.5,2908,False,"Burgers, Restaurants, Food",2024-01-01 00:00:00,2024-01-01
de2c4569-ce76-4df1-9bd9-964a391eb4ed,Restaurant 1313,7468 Main St,Philadelphia,OH,47917,42.426181,-86.493747,2.0,4830,True,"Thai, Restaurants, Food",2024-01-01 00:00:00,2024-01-01
cc86ffe0-902e-4790-87df-41573291b731,Restaurant 1314,227 Main St,Philadelphia,CO,87732,33.5071,-89.282738,4.0,2626,False,"Thai, Restaurants, Food",2024-01-01 00:00:00,2024-01-01
4db6e23b-c2ae-4d32-baf0-3e18a981ee57,Restaurant 1315,8434 Main St,Philadelphia,CO,46608,46.729666,-119.670577,3.0,4042,False,"Pizza, Restaurants, Food",2024-01-01 00:00:00,2024-01-01
7cad41a3-4026-46c7-93c0-f5bebd7dcbcc,Restaurant 1316,9342 Main St,Philadelphia,WA,78838,38.336049,-78.576402,4.0,2337,False,"Burgers, Restaurants, Food",2024-01-01 00:00:00,2024-01-01
3ea5d548-71f3-4a78-abed-76f1aac0e8a4,Restaurant 1317,5319 Main St,Philadelphia,TX,28769,25.964492,-73.022104,2.5,3527,False,"Seafood, Restaurants, Food",2024-01-01 00:00:00,2024-01-01
b726eab1-cd04-4c64-bf84-1976a3d7f31c,Restaurant 1318,5250 Main St,Philadelphia,CA,55527,31.550192,-118.479691,3.0,3987,False,"Mexican, Restaurants, Food",2024-01-01 00:00:00,2024-01-01
18842fb1-e4d5-4217-a02d-aa648ecfe758,Restaurant 1319,2874 Main St,Philadelphia,FL,44003,47.742528,-83.559216,2.5,2283,True,"Sushi, Restaurants, Food",2024-01-01 00:00:00,2024-01-01
16d9b46b-d42b-4f60-9316-f7cba9215ef5,Restaurant 1320,3488 Main St,Philadelphia,WA,76676,42.361889,-123.495743,1.0,4423,True,"Pizza, Restaurants, Food",2024-01-01 00:00:00,2024-01-01
23a56620-fc58-4382-94db-59d8ad2d37fb,Restaurant 1321,8101 Main St,Philadelphia,PA,58436,29.672242,-73.200672,4.0,3645,True,"Coffee & Tea, Restaurants, Food",2024-01-01 00:00:00,2024-01-01
84e63912-413d-4c1c-a621-e8e5b64ade3f,Restaurant 1322,4932 Main St,Philadelphia,CA,25720,35.221316,-101.225373,3.0,712,True,"Italian, Restaurants, Food",2024-01-01 00:00:00,2024-01-01
e2296c9b-f89e-475d-9a59-034adf43d332,Restaurant 1323,2008 Main St,Philadelphia,IL,20363,42.118383,-112.765702,1.5,2680,True,"American (New), Restaurants, Food",2024-01-01 00:00:00,2024-01-01
255cacbc-32c5-46fd-9212-94b42cc0f927,Restaurant 1324,5594 Main St,Philadelphia,FL,69436,39.504351,-96.793574,1.5,2579,True,"Burgers, Restaurants, Food",2024-01-01 00:00:00,2024-01-01
6141c8ff-5e91-4d45-8363-33562058f1d0,Restaurant 1325,1745 Main St,Philadelphia,WA,51618,29.37917,-94.300634,1.0,66,True,"Thai, Restaurants, Food",2024-01-01 00:00:00,2024-01-01
384bf0ef-e72d-42c4-aa91-a893fffbc5c3,Restaurant 1326,9706 Main St,Philadelphia,OH,38863,40.486996,-110.409267,2.0,3970,True,"Coffee & Tea, Restaurants, Food",2024-01-01 00:00:00,2024-01-01
0960d5ca-f7b4-417a-9c49-1ffedcb84d9b,Restaurant 1327,4730 Main St,Philadelphia,TX,36027,39.599773,-120.120856,5.0,1755,True,"Burgers, Restaurants, Food",2024-01-01 00:00:00,2024-01-01
b818c60f-c959-46fb-a08a-f800aa7833e5,Restaurant 1328,1202 Main St,Philadelphia,AZ,83103,39.057995,-85.950522,1.0,3426,False,"Seafood, Restaurants, Food",2024-01-01 00:00:00,2024-01-01
89c1b00a-8168-4976-acae-9f96329717a3,Restaurant 1329,6330 Main St,Philadelphia,CO,40764,39.667436,-98.367182,2.0,2459,True,"Italian, Restaurants, Food",2024-01-01 00:00:00,2024-01-01
d9dbed11-36ab-48ae-aa8e-6e7e69ec58d6,Restaurant 1330,8047 Main St,Philadelphia,AZ,92578,34.020831,-105.357967,4.5,2421,True,"Mexican, Restaurants, Food",2024-01-01 00:00:00,2024-01-01
a2533c2d-c9e2-4a8e-a1be-6c8753c88f7a,Restaurant 1331,1941 Main St,Philadelphia,FL,64997,47.295329,-107.103162,4.0,949,True,"Coffee & Tea, Restaurants, Food",2024-01-01 00:00:00,2024-01-01
32335eaa-b575-466d-a494-372d456b8e95,Restaurant 1332,5324 Main St,Philadelphia,CA,55557,41.030277,-86.234966,4.5,4008,False,"Mexican, Restaurants, Food",2024-01-01 00:00:00,2024-01-01
c9b59ebc-29cc-4da3-a377-28b6430bbfd1,Restaurant 1333,574 Main St,Philadelphia,FL,45117,36.67221,-76.060416,4.0,499,False,"Italian, Restaurants, Food",2024-01-01 00:00:00,2024-01-01
a7570bde-0e27-4006-a634-167889f3f26a,Restaurant 1334,5303 Main St,Philadelphia,OH,61298,43.607703,-101.61404,3.0,448,False,"Coffee & Tea, Restaurants, Food",2024-01-01 00:00:00,2024-01-01
19a49a56-3150-4fc8-b518-3304be7ca61c,Restaurant 1335,3687 Main St,Philadelphia,IL,93396,43.826065,-108.031914,4.0,1813,True,"American (New), Restaurants, Food",2024-01-01 00:00:00,2024-01-01
7b8cb828-e020-4ec7-b641-4b1f10444111,Restaurant 1336,3478 Main St,Philadelphia,CA,90386,39.047282,-117.893157,5.0,164,True,"Burgers, Restaurants, Food",2024-01-01 00:00:00,2024-01-01
5e854b00-0ee9-4543-a38f-29818955e30d,Restaurant 1337,1578 Main St,Philadelphia,IL,56229,42.637367,-94.59082,1.0,4249,True,"Chinese, Restaurants, Food",2024-01-01 00:00:00,2024-01-01
88eeb713-088a-4c7d-a7c3-dcaf7dc7e7cb,Restaurant 1338,8873 Main St,Philadelphia,NY,30577,44.277428,-103.246054,2.5,2378,True,"Chinese, Restaurants, Food",2024-01-01 00:00:00,2024-01-01
2d2986c8-68ca-402f-9b94-9af660bab7fe,Restaurant 1339,5531 Main St,Philadelphia,OH,38261,37.717877,-111.321294,1.0,296,True,"American (New), Restaurants, Food",2024-01-01 00:00:00,2024-01-01
dd498b0d-e9dd-4f46-8adb-ef239b1a6e1b,Restaurant 1340,1779 Main St,Philadelphia,WA,62158,43.2009,-122.674316,3.0,2470,True,"Mexican, Restaurants, Food",2024-01-01 00:00:00,2024-01-01
daffc541-7e3f-4cff-b17f-2da7d6f34a59,Restaurant 1341,4151 Main St,Philadelphia,PA,45711,42.248054,-80.285229,4.0,3283,True,"Italian, Restaurants, Food",2024-01-01 00:00:00,2024-01-01
99bc29c5-806a-43ff-b5ce-f3927cfe0e08,Restaurant 1342,1491 Main St,Philadelphia,CA,19684,36.603722,-86.308092,4.0,166,True,"American (New), Restaurants, Food",2024-01-01 00:00:00,2024-01-01
4abadf2f-bf50-4835-aabc-5e16cc098fe1,Restaurant 1343,2587 Main St,Philadelphia,CA,87095,43.23026,-114.314376,3.0,2652,False,"American (New), Restaurants, Food",2024-01-01 00:00:00,2024-01-01
ce4b693c-7d4a-4bf2-ac47-536b315e6430,Restaurant 1344,483 Main St,Philadelphia,FL,45920,35.55483,-119.517643,4.5,3085,False,"Burgers, Restaurants, Food",2024-01-01 00:00:00,2024-01-01
1edf6834-b795-47ff-9df4-f7d8c814259b,Restaurant 1345,1624 Main St,Philadelphia,NY,63258,37.902914,-98.415776,5.0,4151,True,"Burgers, Restaurants, Food",2024-01-01 00:00:00,2024-01-01
7be94559-5f9d-4b06-9dc4-5547da1cefb0,Restaurant 1346,382 Main St,Philadelphia,AZ,61595,46.88352,-83.051479,1.5,3705,True,"Seafood, Restaurants, Food",2024-01-01 00:00:00,2024-01-01
8f53ce1d-5ff8-41af-b656-d3b0d74218a5,Restaurant 1347,507 Main St,Philadelphia,OH,40423,35.282962,-98.775653,1.5,2545,False,"Thai, Restaurants, Food",2024-01-01 00:00:00,2024-01-01
c9a6e050-d724-4a3a-a3f9-527b6fd988b7,Restaurant 1348,1470 Main St,Philadelphia,CA,83516,28.892881,-77.434476,4.5,4862,True,"Sushi, Restaurants, Food",2024-01-01 00:00:00,2024-01-01
73d446f4-68e5-41cd-a40d-35c9d77e55a4,Restaurant 1349,2415 Main St,Philadelphia,OH,90804,44.275619,-96.212688,2.5,483,False,"Italian, Restaurants, Food",2024-01-01 00:00:00,2024-01-01
dd76ea3f-771c-4693-8ede-c59c1f02903a,Restaurant 1350,6847 Main St,Philadelphia,FL,54285,44.189439,-122.991966,4.0,46,False,"Mexican, Restaurants, Food",2024-01-01 00:00:00,2024-01-01
0333c093-7f7f-48ce-9493-bec321aebd3a,Restaurant 1351,9314 Main St,Philadelphia,AZ,81511,36.495756,-72.228859,2.5,2637,False,"Coffee & Tea, Restaurants, Food",2024-01-01 00:00:00,2024-01-01
04f509d0-9f45-4f5d-9ceb-9e07e997b78e,Restaurant 1352,8528 Main St,Philadelphia,WA,20673,46.188299,-101.586389,1.5,3078,True,"Pizza, Restaurants, Food",2024-01-01 00:00:00,2024-01-01
6a249cce-a90e-4d90-b9d5-1f5dd3b1a6aa,Restaurant 1353,2755 Main St,Philadelphia,WA,25922,28.82253,-100.931931,1.5,320,False,"Coffee & Tea, Restaurants, Food",2024-01-01 00:00:00,2024-01-01
a450c849-10e9-4a84-9740-deea7f58671c,Restaurant 1354,2897 Main St,Philadelphia,WA,73857,28.216904,-76.918172,4.0,3272,True,"Italian, Restaurants, Food",2024-01-01 00:00:00,2024-01-01
c54d8773-aec7-4f96-ad63-709ce558fe44,Restaurant 1355,2026 Main St,Philadelphia,OH,48564,41.558689,-76.587559,3.0,4281,False,"Seafood, Restaurants, Food",2024-01-01 00:00:00,2024-01-01
23eb233c-bbb7-41ce-9834-a5cefdc4017a,Restaurant 1356,6188 Main St,Philadelphia,CO,95225,28.81675,-109.039177,2.5,3042,False,"Coffee & Tea, Restaurants, Food",2024-01-01 00:00:00,2024-01-01
cd9ea75a-da23-4962-b22f-c8ae67e5d94c,Restaurant 1357,7683 Main St,Philadelphia,NY,53276,46.322831,-85.392836,2.0,1346,False,"Pizza, Restaurants, Food",2024-01-01 00:00:00,2024-01-01
9c214d56-0777-42a3-ab73-a3275f532d2d,Restaurant 1358,5305 Main St,Philadelphia,OH,33491,28.458029,-121.312359,1.0,2555,True,"Mexican, Restaurants, Food",2024-01-01 00:00:00,2024-01-01
c79b6a82-fc7a-4bad-be32-792c778f8055,Restaurant 1359,1637 Main St,Philadelphia,WA,70108,32.613808,-121.639072,4.5,4870,True,"Sushi, Restaurants, Food",2024-01-01 00:00:00,2024-01-01
2a4df03d-246c-44c9-8c13-fef5495e4bc8,Restaurant 1360,5841 Main St,Philadelphia,WA,39626,32.934021,-124.222878,2.5,2250,False,"Burgers, Restaurants, Food",2024-01-01 00:00:00,2024-01-01
6ad7ce01-4de8-47a6-82b0-f4a8fb6685d7,Restaurant 1361,9675 Main St,Philadelphia,FL,58139,39.363522,-102.82024,3.0,4597,True,"Sushi, Restaurants, Food",2024-01-01 00:00:00,2024-01-01
2fc2f8ee-db04-4bb9-8cfd-8b98a4f721f4,Restaurant 1362,9809 Main St,Philadelphia,TX,23497,41.805136,-109.600796,3.0,4618,True,"Thai, Restaurants, Food",2024-01-01 00:00:00,2024-01-01
9ba6e1de-fc50-44b6-9c95-17a26c8f5f7a,Restaurant 1363,8657 Main St,Philadelphia,CO,94519,42.61925,-106.84119,3.0,3879,True,"Thai, Restaurants, Food",2024-01-01 00:00:00,2024-01-01
2d700e6c-01a1-4142-b5b3-cf99305e822c,Restaurant 1364,143 Main St,Philadelphia,NY,38369,27.10078,-80.815539,2.0,1175,True,"Coffee & Tea, Restaurants, Food",2024-01-01 00:00:00,2024-01-01
fc6d75f1-ff5a-42ed-9382-698b9497b603,Restaurant 1365,104 Main St,Philadelphia,IL,20195,45.606927,-122.129595,5.0,3602,False,"Coffee & Tea, Restaurants, Food",2024-01-01 00:00:00,2024-01-01
ee63b244-3380-4f3e-8863-a14b28f3db4e,Restaurant 1366,5459 Main St,Philadelphia,FL,75585,42.480171,-111.757491,4.0,3091,False,"Coffee & Tea, Restaurants, Food",2024-01-01 00:00:00,2024-01-01
6d8e5a88-891a-4930-af83-e6a2bb5e3aae,Restaurant 1367,5916 Main St,Philadelphia,FL,78417,32.290354,-120.699019,2.5,1361,False,"Thai, Restaurants, Food",2024-01-01 00:00:00,2024-01-01
2200b213-7fc6-43c2-9f91-76746b5da9d4,Restaurant 1368,7263 Main St,Philadelphia,WA,67887,36.272151,-81.606922,1.5,4571,False,"Chinese, Restaurants, Food",2024-01-01 00:00:00,2024-01-01
23e5d016-3dbf-4d65-bec4-a3bb2220a349,Restaurant 1369,3016 Main St,Philadelphia,PA,57931,44.673563,-82.609037,3.5,3475,True,"Seafood, Restaurants, Food",2024-01-01 00:00:00,2024-01-01
f1c04b39-56d3-4823-b4b0-1efa4673884a,Restaurant 1370,9271 Main St,Philadelphia,NY,60129,33.606735,-73.674416,1.0,1605,False,"Chinese, Restaurants, Food",2024-01-01 00:00:00,2024-01-01
e4dd73f6-70d3-4437-98a7-28efa8873ba4,Restaurant 1371,8718 Main St,Philadelphia,NY,10735,38.482333,-106.935165,3.5,2079,True,"Seafood, Restaurants, Food",2024-01-01 00:00:00,2024-01-01
94cb2e5c-2908-4c62-908b-ec3abf5e16c4,Restaurant 1372,4573 Main St,Philadelphia,PA,94832,31.323883,-98.669582,1.0,2073,False,"Pizza, Restaurants, Food",2024-01-01 00:00:00,2024-01-01
a6f1e1bd-4a04-41f0-8e17-f246f6b9c123,Restaurant 1373,9474 Main St,Philadelphia,PA,71709,47.936326,-90.226795,4.5,1424,False,"American (New), Restaurants, Food",2024-01-01 00:00:00,2024-01-01
2dac13d6-b673-4d7b-a3b3-275830b6ea60,Restaurant 1374,1802 Main St,Philadelphia,PA,58435,25.66325,-75.815418,2.0,1450,True,"Sushi, Restaurants, Food",2024-01-01 00:00:00,2024-01-01
7766edc5-d35e-4216-8031-502324c6aea3,Restaurant 1375,6974 Main St,Philadelphia,CA,17346,35.197694,-85.917502,3.5,799,False,"Mexican, Restaurants, Food",2024-01-01 00:00:00,2024-01-01
cff41663-e334-4383-849a-7a481a1290d8,Restaurant 1376,373 Main St,Philadelphia,IL,98079,44.509291,-107.593584,2.0,4808,False,"American (New), Restaurants, Food",2024-01-01 00:00:00,2024-01-01
3c66bf4d-bb13-44ec-97fa-37a1fd1e4e06,Restaurant 1377,332 Main St,Philadelphia,OH,64575,44.267483,-88.169735,1.5,1581,True,"Italian, Restaurants, Food",2024-01-01 00:00:00,2024-01-01
d096cef3-32a1-4f13-9117-d421a11cb9d4,Restaurant 1378,1475 Main St,Philadelphia,TX,68117,26.023694,-91.530904,5.0,3353,True,"Pizza, Restaurants, Food",2024-01-01 00:00:00,2024-01-01
4c53a8cf-a625-4c95-8616-b668b5fd747d,Restaurant 1379,5198 Main St,Philadelphia,FL,83473,33.06575,-106.220113,1.5,4639,False,"Sushi, Restaurants, Food",2024-01-01 00:00:00,2024-01-01
843cd534-807f-41e5-b999-0bf74d49788a,Restaurant 1380,2004 Main St,Philadelphia,CA,33920,41.779659,-114.788761,1.0,1388,True,"Mexican, Restaurants, Food",2024-01-01 00:00:00,2024-01-01
73356008-07b7-4128-bf8a-7166aefc395a,Restaurant 1381,6236 Main St,Philadelphia,AZ,20652,45.175563,-73.121947,3.0,1566,True,"Italian, Restaurants, Food",2024-01-01 00:00:00,2024-01-01
7df3be99-5253-4066-9848-53cf3f695e4f,Restaurant 1382,973 Main St,Philadelphia,OH,47627,29.094093,-117.276566,3.5,3392,True,"Mexican, Restaurants, Food",2024-01-01 00:00:00,2024-01-01
86432427-0ffb-461a-9489-ae6ff0530645,Restaurant 1383,4569 Main St,Philadelphia,NY,33214,47.523399,-110.735525,4.5,2168,True,"Coffee & Tea, Restaurants, Food",2024-01-01 00:00:00,2024-01-01
6e532e2a-a7ec-4bc1-a73c-f9cbfcb015f2,Restaurant 1384,5918 Main St,Philadelphia,CO,57659,33.023762,-89.699575,4.5,1397,True,"Seafood, Restaurants, Food",2024-01-01 00:00:00,2024-01-01
fe584508-1181-4e8d-ab73-c953f0de6884,Restaurant 1385,6418 Main St,Philadelphia,TX,80510,38.08036,-70.34344,4.0,2842,False,"Mexican, Restaurants, Food",2024-01-01 00:00:00,2024-01-01
771d089e-5466-4394-9774-5bf708797842,Restaurant 1386,5706 Main St,Philadelphia,WA,82300,44.086727,-81.313773,1.5,4205,True,"Italian, Restaurants, Food",2024-01-01 00:00:00,2024-01-01
58707e66-0acd-4d1f-b407-dccf4f7f14e0,Restaurant 1387,3675 Main St,Philadelphia,AZ,44189,25.723305,-118.6586,2.0,3893,True,"Coffee & Tea, Restaurants, Food",2024-01-01 00:00:00,2024-01-01
1512a1a3-d6d5-4b47-9cae-ecec080df9a9,Restaurant 1388,9714 Main St,Philadelphia,IL,58795,37.966697,-88.793236,1.0,2641,True,"Chinese, Restaurants, Food",2024-01-01 00:00:00,2024-01-01
1d300547-c182-4c24-b278-385f0acc2353,Restaurant 1389,229 Main St,Philadelphia,TX,65234,35.936406,-106.483049,1.5,1533,False,"Italian, Restaurants, Food",2024-01-01 00:00:00,2024-01-01
8ff62754-22d9-4277-a8af-563c873154ed,Restaurant 1390,2766 Main St,Philadelphia,AZ,81667,29.281697,-123.803752,4.5,4863,False,"Burgers, Restaurants, Food",2024-01-01 00:00:00,2024-01-01
cc6ff513-c574-48f9-b2ec-4493c18b579a,Restaurant 1391,7859 Main St,Philadelphia,NY,43105,41.637566,-91.948194,4.5,3287,False,"Pizza, Restaurants, Food",2024-01-01 00:00:00,2024-01-01
63d2ce80-78e4-40e8-bb28-2660e37dba3d,Restaurant 1392,3938 Main St,Philadelphia,WA,24136,34.682678,-82.426015,4.0,4859,True,"Thai, Restaurants, Food",2024-01-01 00:00:00,2024-01-01
865d304d-d016-4486-b229-ce73303e8d64,Restaurant 1393,8491 Main St,Philadelphia,TX,49397,45.391691,-71.912041,5.0,1626,True,"Thai, Restaurants, Food",2024-01-01 00:00:00,2024-01-01
720d1deb-906d-451e-94c9-107cec6cdf0a,Restaurant 1394,5558 Main St,Philadelphia,PA,21848,32.113291,-82.879729,3.5,3758,False,"Thai, Restaurants, Food",2024-01-01 00:00:00,2024-01-01
56878a9f-1465-4cc6-8efd-bdedf4c5b4cf,Restaurant 1395,7646 Main St,Philadelphia,PA,96325,28.392293,-76.437489,3.0,2520,True,"Thai, Restaurants, Food",2024-01-01 00:00:00,2024-01-01
bcf3dd2d-e083-463a-be2b-f8ef59aa6c4e,Restaurant 1396,3969 Main St,Philadelphia,NY,67219,27.073839,-111.539711,5.0,3066,True,"Coffee & Tea, Restaurants, Food",2024-01-01 00:00:00,2024-01-01
d3e9bfeb-8bae-45a0-9399-9eaf3360b899,Restaurant 1397,2710 Main St,Philadelphia,IL,23095,35.828416,-87.226746,2.5,3870,False,"Coffee & Tea, Restaurants, Food",2024-01-01 00:00:00,2024-01-01
20d086fe-d946-4918-aec8-9a0e0af401e0,Restaurant 1398,4077 Main St,Philadelphia,CA,60800,27.955555,-83.032564,2.0,3276,False,"Italian, Restaurants, Food",2024-01-01 00:00:00,2024-01-01
d3ffccf5-47d9-4d38-981c-0dbf62a9821f,Restaurant 1399,7056 Main St,Philadelphia,CO,61622,37.284649,-105.922305,1.0,1817,True,"Mexican, Restaurants, Food",2024-01-01 00:00:00,2024-01-01
53fafbe5-9e9c-4858-bd91-f24f58dd5e90,Restaurant 1400,6147 Main St,Philadelphia,IL,54544,36.533486,-124.912465,4.0,633,True,"Thai, Restaurants, Food",2024-01-01 00:00:00,2024-01-01
5b262e0b-16f4-4533-885a-32d3b65356a9,Restaurant 1401,8291 Main St,Philadelphia,NY,15799,29.858344,-101.052965,3.5,3147,True,"Burgers, Restaurants, Food",2024-01-01 00:00:00,2024-01-01
0beb9c08-4c03-41cf-adbe-3940b0f89ced,Restaurant 1402,2569 Main St,Philadelphia,FL,50775,33.896757,-79.829874,1.0,2139,False,"Thai, Restaurants, Food",2024-01-01 00:00:00,2024-01-01
508a35ea-0eec-49bf-b7fb-edad8d657a19,Restaurant 1403,2779 Main St,Philadelphia,OH,99435,36.899017,-119.146319,1.5,2837,True,"Burgers, Restaurants, Food",2024-01-01 00:00:00,2024-01-01
e5ca5eaf-38b4-465a-8e33-4fc8bb87c30f,Restaurant 1404,300 Main St,Philadelphia,TX,51815,27.961009,-97.116626,4.5,95,False,"Burgers, Restaurants, Food",2024-01-01 00:00:00,2024-01-01
e0aa2c0d-0e0f-4660-824e-dfe136916382,Restaurant 1405,7021 Main St,Philadelphia,PA,49708,34.774568,-84.186424,1.5,4945,False,"American (New), Restaurants, Food",2024-01-01 00:00:00,2024-01-01
237038ae-18c1-4b9f-802c-200ebbca54fc,Restaurant 1406,6208 Main St,Philadelphia,AZ,53917,44.415873,-71.552637,1.5,1466,False,"American (New), Restaurants, Food",2024-01-01 00:00:00,2024-01-01
77591e1d-cf8e-47fd-a554-a661e7fa226f,Restaurant 1407,6382 Main St,Philadelphia,CA,29711,25.160005,-72.848933,3.0,1619,False,"Burgers, Restaurants, Food",2024-01-01 00:00:00,2024-01-01
06e69bce-6c4e-425d-aff7-ca7831ca8102,Restaurant 1408,895 Main St,Philadelphia,AZ,46924,25.916422,-77.265681,4.5,3008,True,"Seafood, Restaurants, Food",2024-01-01 00:00:00,2024-01-01
386bba64-0fef-41cf-87bd-8e04c882824d,Restaurant 1409,6150 Main St,Philadelphia,FL,65797,32.76162,-108.712055,1.0,4447,False,"Thai, Restaurants, Food",2024-01-01 00:00:00,2024-01-01
862edc87-f5ee-4d0e-a3b6-17a0a1782b73,Restaurant 1410,4904 Main St,Philadelphia,IL,64664,25.402937,-107.14521,1.0,4881,True,"Chinese, Restaurants, Food",2024-01-01 00:00:00,2024-01-01
161ebb77-2f1f-4ef9-8e98-10e50163d5ae,Restaurant 1411,699 Main St,Philadelphia,WA,61932,30.718415,-120.377423,1.5,1033,True,"Coffee & Tea, Restaurants, Food",2024-01-01 00:00:00,2024-01-01
e8073e07-fe87-4806-9ec3-845a997c094c,Restaurant 1412,7163 Main St,Philadelphia,FL,55270,47.352614,-87.105442,2.5,4289,False,"Pizza, Restaurants, Food",2024-01-01 00:00:00,2024-01-01
886d3173-b38f-4641-a0bf-021f3d891956,Restaurant 1413,1353 Main St,Philadelphia,IL,58863,25.88061,-91.485558,1.5,3129,True,"Chinese, Restaurants, Food",2024-01-01 00:00:00,2024-01-01
6b4608d5-3dcb-4ea8-bafa-31268435c79a,Restaurant 1414,5047 Main St,Philadelphia,OH,62525,25.51482,-72.730262,3.0,650,False,"Sushi, Restaurants, Food",2024-01-01 00:00:00,2024-01-01
590aee83-b720-448e-b3f2-4a8570d03160,Restaurant 1415,3239 Main St,Philadelphia,CO,44206,47.883123,-91.143019,5.0,1997,True,"Chinese, Restaurants, Food",2024-01-01 00:00:00,2024-01-01
b7d30ad8-04a0-4b83-b31c-9f48a1c1086b,Restaurant 1416,9493 Main St,Philadelphia,AZ,38207,42.496538,-100.96799,2.0,2268,True,"Seafood, Restaurants, Food",2024-01-01 00:00:00,2024-01-01
95cfedc4-614e-4cd7-917c-d486cf9d16f7,Restaurant 1417,6631 Main St,Philadelphia,TX,98894,31.552988,-124.722192,2.5,154,False,"Thai, Restaurants, Food",2024-01-01 00:00:00,2024-01-01
c706b769-e9ea-443d-8435-ab9f3d4eed5a,Restaurant 1418,4601 Main St,Philadelphia,FL,70613,38.778827,-71.325631,3.5,796,True,"Mexican, Restaurants, Food",2024-01-01 00:00:00,2024-01-01
0fb40207-a866-49d4-95e5-d4664388bad0,Restaurant 1419,396 Main St,Philadelphia,IL,38974,26.465617,-109.169278,4.5,4817,False,"Seafood, Restaurants, Food",2024-01-01 00:00:00,2024-01-01
37b0aab6-9c1f-49d3-96ff-4562bb1d06bd,Restaurant 1420,5486 Main St,Philadelphia,WA,60992,35.938866,-94.328858,3.5,2791,False,"Chinese, Restaurants, Food",2024-01-01 00:00:00,2024-01-01
761d6d1d-6f9d-4b73-81c9-2e7276827590,Restaurant 1421,7380 Main St,Philadelphia,TX,70548,44.650188,-97.556395,5.0,1393,False,"Italian, Restaurants, Food",2024-01-01 00:00:00,2024-01-01
fc43590c-3a48-4750-a11b-f806ef228efa,Restaurant 1422,6701 Main St,Philadelphia,PA,96599,44.602709,-71.775202,4.5,4599,False,"Sushi, Restaurants, Food",2024-01-01 00:00:00,2024-01-01
0fa7fed7-a716-449f-828c-ebdd00bb9908,Restaurant 1423,3500 Main St,Philadelphia,WA,58390,31.992753,-83.702836,4.5,3829,True,"Thai, Restaurants, Food",2024-01-01 00:00:00,2024-01-01
39d93b7b-fe52-4d20-9cdd-5c095b095e9f,Restaurant 1424,9683 Main St,Philadelphia,TX,91823,33.087407,-101.265806,1.0,2326,False,"Mexican, Restaurants, Food",2024-01-01 00:00:00,2024-01-01
df8e3f4b-ccbb-4029-9290-79d1590ce1c7,Restaurant 1425,6248 Main St,Philadelphia,WA,27261,33.703863,-72.81495,1.5,795,False,"Mexican, Restaurants, Food",2024-01-01 00:00:00,2024-01-01
1f41cb03-f0c7-4873-95d6-d4abee059914,Restaurant 1426,3562 Main St,Philadelphia,CA,84808,31.655026,-77.430869,4.0,4507,False,"Chinese, Restaurants, Food",2024-01-01 00:00:00,2024-01-01
bd5ea23d-80cc-4497-98bf-581030b1e403,Restaurant 1427,3667 Main St,Philadelphia,OH,88544,31.414234,-82.622518,1.5,2604,False,"Mexican, Restaurants, Food",2024-01-01 00:00:00,2024-01-01
71895e3a-9fce-476d-a163-6b93020d207a,Restaurant 1428,6718 Main St,Philadelphia,AZ,70806,31.584519,-74.149732,2.0,1456,False,"Italian, Restaurants, Food",2024-01-01 00:00:00,2024-01-01
e2f805ca-ad75-4494-b972-a736717a283f,Restaurant 1429,154 Main St,Philadelphia,WA,53785,42.547503,-88.909516,1.5,3141,False,"Burgers, Restaurants, Food",2024-01-01 00:00:00,2024-01-01
1080357b-bb63-47e9-af21-8270650b4d3e,Restaurant 1430,6822 Main St,Philadelphia,NY,93416,25.667943,-112.669406,5.0,660,False,"Pizza, Restaurants, Food",2024-01-01 00:00:00,2024-01-01
f1a5c50f-a907-46bf-9c6d-df9a36e6ccbb,Restaurant 1431,5425 Main St,Philadelphia,CO,42760,28.828554,-90.597768,1.5,3034,True,"Seafood, Restaurants, Food",2024-01-01 00:00:00,2024-01-01
6932226a-19e1-4533-b76f-39bf0459534a,Restaurant 1432,6478 Main St,Philadelphia,WA,77021,44.85908,-78.233004,2.0,3751,False,"Mexican, Restaurants, Food",2024-01-01 00:00:00,2024-01-01
49f41eac-97cc-4967-8673-3aa31e2cfc99,Restaurant 1433,2970 Main St,Philadelphia,AZ,36186,32.422657,-108.885995,1.0,1696,False,"Coffee & Tea, Restaurants, Food",2024-01-01 00:00:00,2024-01-01
e4828866-b82f-45c2-80ae-1b9a77bdbc25,Restaurant 1434,4114 Main St,Philadelphia,CO,68150,47.763407,-81.178554,4.5,4098,True,"Seafood, Restaurants, Food",2024-01-01 00:00:00,2024-01-01
6f16fd46-9bea-4e0a-a565-366b9a4129a1,Restaurant 1435,5527 Main St,Philadelphia,TX,42094,35.630881,-72.063929,1.0,265,False,"American (New), Restaurants, Food",2024-01-01 00:00:00,2024-01-01
fd668d0b-77a8-4b2b-9d6c-e5e70fd61cdf,Restaurant 1436,7803 Main St,Philadelphia,OH,19222,43.009983,-72.333385,5.0,992,True,"Coffee & Tea, Restaurants, Food",2024-01-01 00:00:00,2024-01-01
ff0e8239-c9f4-4eda-afe1-f9235f8fa616,Restaurant 1437,7977 Main St,Philadelphia,PA,48399,43.668235,-79.443074,1.0,2977,False,"American (New), Restaurants, Food",2024-01-01 00:00:00,2024-01-01
7ed00303-65f7-4822-8bb3-ea20a7c9f7c2,Restaurant 1438,7309 Main St,Philadelphia,OH,26260,27.383329,-78.411129,1.5,1385,False,"Burgers, Restaurants, Food",2024-01-01 00:00:00,2024-01-01
7bce55ce-fbbd-4d12-8b87-0fd2ee26e4fd,Restaurant 1439,5667 Main St,Philadelphia,TX,41859,43.297721,-113.445326,1.5,2704,True,"Coffee & Tea, Restaurants, Food",2024-01-01 00:00:00,2024-01-01
d56a974c-cbdf-44b3-bea7-98f690cbb753,Restaurant 1440,8153 Main St,Philadelphia,NY,44078,32.876187,-87.094324,3.5,3690,False,"Seafood, Restaurants, Food",2024-01-01 00:00:00,2024-01-01
83315ede-7778-44a5-b680-1030fcc1e342,Restaurant 1441,4610 Main St,Philadelphia,CO,14685,42.510423,-116.858681,3.0,213,True,"Chinese, Restaurants, Food",2024-01-01 00:00:00,2024-01-01
f4f803e7-29ba-47bf-abd8-b912eae3ed21,Restaurant 1442,9333 Main St,Philadelphia,IL,48170,32.053243,-85.628982,3.0,3894,False,"Italian, Restaurants, Food",2024-01-01 00:00:00,2024-01-01
bfa97811-4e45-4bf6-a0ec-9f84f1fb5dbb,Restaurant 1443,2630 Main St,Philadelphia,TX,29205,38.971337,-77.746881,3.0,1868,True,"Mexican, Restaurants, Food",2024-01-01 00:00:00,2024-01-01
4593da83-60cd-428b-b83e-5863f670c3c7,Restaurant 1444,9655 Main St,Philadelphia,FL,29446,38.4374,-110.731836,5.0,4234,False,"Coffee & Tea, Restaurants, Food",2024-01-01 00:00:00,2024-01-01
96c0a565-b7dc-4a43-8927-a3d84edc7bfa,Restaurant 1445,2891 Main St,Philadelphia,IL,94390,28.585168,-78.106424,3.5,4288,False,"Burgers, Restaurants, Food",2024-01-01 00:00:00,2024-01-01
e52dc04d-cbc6-45b9-bdb9-7f43376f7cbe,Restaurant 1446,8050 Main St,Philadelphia,TX,78843,36.087207,-98.380087,4.0,117,True,"Chinese, Restaurants, Food",2024-01-01 00:00:00,2024-01-01
ff3f9228-bd89-4d6e-8f00-7793ecfc5f60,Restaurant 1447,3783 Main St,Philadelphia,FL,37057,30.15913,-109.692645,1.5,1614,False,"Coffee & Tea, Restaurants, Food",2024-01-01 00:00:00,2024-01-01
98950463-b9e8-4a60-956c-1c6be4c6b8a5,Restaurant 1448,7625 Main St,Philadelphia,CO,93707,45.844947,-78.801258,5.0,1871,True,"Chinese, Restaurants, Food",2024-01-01 00:00:00,2024-01-01
ee7af6e3-99b5-42ae-a16f-f7eaac67f3a8,Restaurant 1449,638 Main St,Philadelphia,OH,92103,27.27332,-106.876671,1.5,2224,True,"Pizza, Restaurants, Food",2024-01-01 00:00:00,2024-01-01
6a69ee2a-c037-49f4-b45d-70c665a4c016,Restaurant 1450,7417 Main St,Philadelphia,CO,78543,30.703355,-110.916036,2.0,2008,True,"Coffee & Tea, Restaurants, Food",2024-01-01 00:00:00,2024-01-01
0c9d0199-fe0f-4cc7-aa9a-55953f137425,Restaurant 1451,3007 Main St,Philadelphia,PA,89840,31.112557,-109.738789,2.5,522,True,"American (New), Restaurants, Food",2024-01-01 00:00:00,2024-01-01
865988c1-50e6-444c-ac9f-aefb4bd5c988,Restaurant 1452,5060 Main St,Philadelphia,PA,37227,30.234484,-92.787743,4.5,3804,True,"American (New), Restaurants, Food",2024-01-01 00:00:00,2024-01-01
af892821-33c1-485d-b27d-d704d884d8ad,Restaurant 1453,936 Main St,Philadelphia,IL,93087,26.680255,-98.693553,4.5,684,False,"Mexican, Restaurants, Food",2024-01-01 00:00:00,2024-01-01
5ed9f376-9e66-46f7-a899-7faaad4e18f9,Restaurant 1454,1736 Main St,Philadelphia,WA,87250,29.944861,-98.202313,1.0,4766,False,"Sushi, Restaurants, Food",2024-01-01 00:00:00,2024-01-01
6e3f991c-0222-4fa5-9d5f-cbac2558eb9e,Restaurant 1455,7352 Main St,Philadelphia,NY,87193,43.532615,-91.207269,4.5,5,False,"Burgers, Restaurants, Food",2024-01-01 00:00:00,2024-01-01
3cbde401-0a76-450b-ac8f-41d387a33ec6,Restaurant 1456,9952 Main St,Philadelphia,FL,74566,39.515948,-106.924833,4.5,4213,False,"Italian, Restaurants, Food",2024-01-01 00:00:00,2024-01-01
7d570e44-dda3-4310-b911-faff3ced5290,Restaurant 1457,4428 Main St,Philadelphia,WA,42639,32.846273,-87.71866,5.0,2530,False,"Sushi, Restaurants, Food",2024-01-01 00:00:00,2024-01-01
cef00736-03ae-4c47-8ae6-e81e784d9822,Restaurant 1458,3084 Main St,Philadelphia,AZ,10854,32.341774,-71.410509,4.5,4062,True,"Thai, Restaurants, Food",2024-01-01 00:00:00,2024-01-01
3f820d2f-139b-4869-a2d9-a07bed469698,Restaurant 1459,1174 Main St,Philadelphia,OH,98208,32.006743,-74.108756,4.5,2806,True,"Mexican, Restaurants, Food",2024-01-01 00:00:00,2024-01-01
874784c7-743a-432a-9a60-8e2efb000967,Restaurant 1460,1881 Main St,Philadelphia,NY,37946,32.065608,-108.20389,5.0,3866,True,"Italian, Restaurants, Food",2024-01-01 00:00:00,2024-01-01
fba73bf8-d40c-4e3a-a42a-04eca45ec072,Restaurant 1461,3545 Main St,Philadelphia,CO,98065,28.555746,-116.398675,4.0,1408,True,"Seafood, Restaurants, Food",2024-01-01 00:00:00,2024-01-01
db01cdbc-bb60-453b-87f1-a3da8a848d26,Restaurant 1462,2674 Main St,Philadelphia,IL,77694,47.566551,-89.058015,4.0,2207,True,"Italian, Restaurants, Food",2024-01-01 00:00:00,2024-01-01
257e5264-e60d-4735-9b48-3de0a150af45,Restaurant 1463,7832 Main St,Philadelphia,FL,58600,28.33469,-106.645281,3.5,2584,False,"Italian, Restaurants, Food",2024-01-01 00:00:00,2024-01-01
da663143-635d-476c-92b4-553f2b0bee1b,Restaurant 1464,7068 Main St,Philadelphia,CO,61582,42.541991,-124.688011,4.0,454,False,"Chinese, Restaurants, Food",2024-01-01 00:00:00,2024-01-01
06faa0f3-0587-4f11-b6b5-9e1145227000,Restaurant 1465,2392 Main St,Philadelphia,AZ,45940,25.448031,-86.26136,2.5,2097,False,"Chinese, Restaurants, Food",2024-01-01 00:00:00,2024-01-01
8a7129e1-d5e2-4929-be01-7f0a25f4598c,Restaurant 1466,487 Main St,Philadelphia,IL,66033,43.191159,-107.087318,5.0,1634,True,"Seafood, Restaurants, Food",2024-01-01 00:00:00,2024-01-01
24aca3f0-eede-421b-8939-ef357e21cb44,Restaurant 1467,8340 Main St,Philadelphia,AZ,45908,27.457195,-111.62742,3.5,3930,False,"Pizza, Restaurants, Food",2024-01-01 00:00:00,2024-01-01
5f9b4a4d-0c8a-453b-96d0-be61e216531e,Restaurant 1468,6490 Main St,Philadelphia,AZ,42747,31.44328,-91.631234,4.0,486,True,"Pizza, Restaurants, Food",2024-01-01 00:00:00,2024-01-01
f3099ab7-eab0-4698-ad89-1282afd6b580,Restaurant 1469,5714 Main St,Philadelphia,FL,80503,33.497323,-74.201665,1.5,3866,True,"Sushi, Restaurants, Food",2024-01-01 00:00:00,2024-01-01
1966d2de-9828-4fa0-ab2a-b0a1c12e7b14,Restaurant 1470,5417 Main St,Philadelphia,OH,29893,45.100864,-92.560543,2.5,4603,True,"Coffee & Tea, Restaurants, Food",2024-01-01 00:00:00,2024-01-01
dc7df643-0adc-43b4-84e2-710c71aaa757,Restaurant 1471,4117 Main St,Philadelphia,IL,85069,37.571458,-88.662007,5.0,4351,False,"Pizza, Restaurants, Food",2024-01-01 00:00:00,2024-01-01
78e42928-d3f2-4584-878f-410b57b13657,Restaurant 1472,2401 Main St,Philadelphia,CA,51151,47.015603,-105.132371,4.5,1760,True,"Chinese, Restaurants, Food",2024-01-01 00:00:00,2024-01-01
192997ea-b905-4a62-b3a8-b2f55d3384dd,Restaurant 1473,7773 Main St,Philadelphia,NY,70398,33.330687,-114.055815,3.0,2092,True,"Thai, Restaurants, Food",2024-01-01 00:00:00,2024-01-01
b6a1330d-3edc-498c-888a-0ab6e02f112a,Restaurant 1474,2052 Main St,Philadelphia,OH,66011,34.115084,-98.250336,1.0,4329,True,"American (New), Restaurants, Food",2024-01-01 00:00:00,2024-01-01
0616afaf-dcdd-4e7d-8181-6c6fd8f47fe9,Restaurant 1475,6219 Main St,Philadelphia,PA,84149,35.055759,-123.235379,5.0,2680,False,"Italian, Restaurants, Food",2024-01-01 00:00:00,2024-01-01
991ae128-c5ba-4256-9ee1-09e8e2629b74,Restaurant 1476,9517 Main St,Philadelphia,IL,93148,26.543518,-120.844609,1.5,4574,True,"American (New), Restaurants, Food",2024-01-01 00:00:00,2024-01-01
36630652-4757-4567-9cdf-8f5b45557f44,Restaurant 1477,2692 Main St,Philadelphia,WA,21498,38.200281,-99.235426,2.5,599,False,"Italian, Restaurants, Food",2024-01-01 00:00:00,2024-01-01
c5b8ade8-6efe-4695-b6cf-2a8518d0e122,Restaurant 1478,7730 Main St,Philadelphia,AZ,29949,39.960205,-120.983582,3.5,3720,False,"Pizza, Restaurants, Food",2024-01-01 00:00:00,2024-01-01
7fe2f7a2-0bee-45a9-9026-8ebdfe382f3d,Restaurant 1479,6677 Main St,Philadelphia,CO,48510,25.146141,-79.447755,1.0,70,True,"Chinese, Restaurants, Food",2024-01-01 00:00:00,2024-01-01
19face6f-4f71-43ad-bde7-ecbebf3cea94,Restaurant 1480,7098 Main St,Philadelphia,TX,43928,44.678217,-92.859294,3.5,4362,False,"Mexican, Restaurants, Food",2024-01-01 00:00:00,2024-01-01
e3318012-c473-4418-ae10-5a95862630dd,Restaurant 1481,9511 Main St,Philadelphia,IL,85609,28.50991,-82.48544,2.5,2528,True,"Sushi, Restaurants, Food",2024-01-01 00:00:00,2024-01-01
897c6b39-e675-4dc0-a4e5-46fce9adc92d,Restaurant 1482,529 Main St,Philadelphia,WA,88895,46.723379,-122.830108,2.0,4425,False,"Sushi, Restaurants, Food",2024-01-01 00:00:00,2024-01-01
f3acf22c-eb53-4b3f-9276-da8c05f217ba,Restaurant 1483,5465 Main St,Philadelphia,IL,40160,40.137842,-113.906421,2.0,3476,False,"Mexican, Restaurants, Food",2024-01-01 00:00:00,2024-01-01
4910564f-201e-430b-8ad2-0bcdfb65c859,Restaurant 1484,3659 Main St,Philadelphia,IL,13577,28.15818,-75.56162,4.5,1009,False,"Pizza, Restaurants, Food",2024-01-01 00:00:00,2024-01-01
ea1d2589-4082-4dc2-959a-36d1fe170df1,Restaurant 1485,7373 Main St,Philadelphia,NY,59861,26.131929,-100.879923,2.5,1685,False,"Seafood, Restaurants, Food",2024-01-01 00:00:00,2024-01-01
e46456c6-5786-4968-a2e8-ee4014df71ce,Restaurant 1486,2142 Main St,Philadelphia,CA,32950,36.654177,-93.193306,5.0,997,True,"Mexican, Restaurants, Food",2024-01-01 00:00:00,2024-01-01
1fd17a05-503c-4728-b9ab-77a43e794bc3,Restaurant 1487,2071 Main St,Philadelphia,AZ,89278,33.242978,-70.255334,4.0,1565,True,"Sushi, Restaurants, Food",2024-01-01 00:00:00,2024-01-01
a09eb8b8-1c92-4a60-920e-5dd1efdf7c90,Restaurant 1488,8405 Main St,Philadelphia,IL,72649,30.871544,-118.84042,4.5,133,True,"Burgers, Restaurants, Food",2024-01-01 00:00:00,2024-01-01
af893091-5cfa-454b-a7c1-d6e6439b3a07,Restaurant 1489,6981 Main St,Philadelphia,OH,23115,33.157665,-72.984752,1.5,3557,False,"Mexican, Restaurants, Food",2024-01-01 00:00:00,2024-01-01
b354e64d-cd23-443d-b5f9-9c68b6a33fe4,Restaurant 1490,1483 Main St,Philadelphia,OH,71782,25.364551,-71.967104,3.5,372,True,"Mexican, Restaurants, Food",2024-01-01 00:00:00,2024-01-01
a4b89c7f-f0c3-4e51-b512-9e0293a0fe01,Restaurant 1491,3005 Main St,Philadelphia,CO,11215,27.942811,-116.433293,4.5,320,True,"Seafood, Restaurants, Food",2024-01-01 00:00:00,2024-01-01
1edc8afa-0d3f-4d62-a79a-ad57417bd64f,Restaurant 1492,3537 Main St,Philadelphia,FL,58719,39.203766,-79.721211,4.0,1413,True,"American (New), Restaurants, Food",2024-01-01 00:00:00,2024-01-01
bee51a57-fd12-48d2-9382-cecea86a6d77,Restaurant 1493,2580 Main St,Philadelphia,TX,57850,45.21878,-118.983463,2.0,246,False,"Mexican, Restaurants, Food",2024-01-01 00:00:00,2024-01-01
4b55122b-920d-46f2-91c8-d1e3c3dff7e8,Restaurant 1494,5114 Main St,Philadelphia,OH,91960,33.583235,-78.721626,3.5,234,True,"Chinese, Restaurants, Food",2024-01-01 00:00:00,2024-01-01
3131e914-3efe-4cf9-a5de-ef0642cec831,Restaurant 1495,566 Main St,Philadelphia,AZ,14485,41.903869,-117.061255,4.0,381,False,"Seafood, Restaurants, Food",2024-01-01 00:00:00,2024-01-01
c5fa5024-6516-49e0-b557-ed6678f8ab3b,Restaurant 1496,8704 Main St,Philadelphia,TX,30731,27.302651,-105.823348,2.5,755,False,"Sushi, Restaurants, Food",2024-01-01 00:00:00,2024-01-01
7aadca91-da2d-4dc4-8525-fe19dc7941f2,Restaurant 1497,1941 Main St,Philadelphia,AZ,70874,47.617482,-77.912277,5.0,3608,True,"Seafood, Restaurants, Food",2024-01-01 00:00:00,2024-01-01
75ad097f-df27-48d0-999b-76a2a3d9a2c1,Restaurant 1498,111 Main St,Philadelphia,FL,72422,35.798201,-75.341438,2.0,2646,False,"Seafood, Restaurants, Food",2024-01-01 00:00:00,2024-01-01
bb67c0f1-693c-4eae-a3a6-07eab6fb2c66,Restaurant 1499,1679 Main St,Philadelphia,AZ,74592,42.220535,-78.141734,2.5,1031,True,"American (New), Restaurants, Food",2024-01-01 00:00:00,2024-01-01
bf1a0137-e3a4-4332-abb8-bf2647572495,Restaurant 1500,2226 Main St,Philadelphia,TX,39563,40.161828,-84.124812,4.0,2313,True,"Mexican, Restaurants, Food",2024-01-01 00:00:00,2024-01-01
437977ee-375b-4715-b879-28419be8e2cb,Restaurant 1501,3806 Main St,Philadelphia,FL,34199,41.790696,-108.439052,4.5,4840,False,"Thai, Restaurants, Food",2024-01-01 00:00:00,2024-01-01
6f02629b-4753-4952-894b-838554677387,Restaurant 1502,5473 Main St,Philadelphia,OH,59121,40.207642,-93.134729,1.0,3155,True,"Mexican, Restaurants, Food",2024-01-01 00:00:00,2024-01-01
d71d0f5f-bf20-4886-ac18-62db004062bf,Restaurant 1503,3084 Main St,Philadelphia,PA,28737,39.596505,-79.05415,2.5,1327,False,"Chinese, Restaurants, Food",2024-01-01 00:00:00,2024-01-01
6c75efc4-23ed-4a9e-bf54-3d9b6a76a235,Restaurant 1504,291 Main St,Philadelphia,CO,73016,36.128432,-106.085403,4.0,3704,True,"Coffee & Tea, Restaurants, Food",2024-01-01 00:00:00,2024-01-01
145c69c7-29a0-40ee-8d02-95ab6bf46c9e,Restaurant 1505,4405 Main St,Philadelphia,WA,67653,27.70984,-109.638214,5.0,2764,False,"Thai, Restaurants, Food",2024-01-01 00:00:00,2024-01-01
09d6e93f-fe75-44af-a295-ba67d972c28a,Restaurant 1506,4282 Main St,Philadelphia,IL,73878,42.756179,-99.90262,1.5,2805,False,"Sushi, Restaurants, Food",2024-01-01 00:00:00,2024-01-01
7eccf864-a2da-4852-b416-06e9c5c27998,Restaurant 1507,6087 Main St,Philadelphia,OH,94186,25.584522,-95.117467,1.5,1861,False,"Sushi, Restaurants, Food",2024-01-01 00:00:00,2024-01-01
ba70af0e-8bb2-4514-991e-4aebda64acf0,Restaurant 1508,2070 Main St,Philadelphia,WA,48759,27.904883,-105.880667,4.5,3574,True,"American (New), Restaurants, Food",2024-01-01 00:00:00,2024-01-01
7aad008b-5af5-402c-b9ec-9fa9921594f7,Restaurant 1509,3091 Main St,Philadelphia,OH,76965,29.482194,-78.799295,2.5,137,True,"Chinese, Restaurants, Food",2024-01-01 00:00:00,2024-01-01
da747c93-12c2-4764-8c76-89c3327a7fb6,Restaurant 1510,8711 Main St,Philadelphia,CO,29892,37.946309,-95.819115,1.0,4368,False,"American (New), Restaurants, Food",2024-01-01 00:00:00,2024-01-01
449d68de-88a7-4abc-876b-a46f7461213f,Restaurant 1511,3875 Main St,Philadelphia,WA,31856,33.612859,-119.492406,2.0,1854,True,"American (New), Restaurants, Food",2024-01-01 00:00:00,2024-01-01
79c9775b-095b-44c4-b4ee-96f2dbff6a06,Restaurant 1512,7047 Main St,Philadelphia,NY,46493,26.12498,-71.696949,4.0,2429,False,"American (New), Restaurants, Food",2024-01-01 00:00:00,2024-01-01
bf7a474e-4be2-4676-9882-5ae4d2f37be0,Restaurant 1513,7001 Main St,Philadelphia,AZ,71342,32.404189,-85.314879,3.0,3,True,"Italian, Restaurants, Food",2024-01-01 00:00:00,2024-01-01
27df9f59-ff34-4400-86d8-a118ed563a65,Restaurant 1514,9205 Main St,Philadelphia,FL,37361,46.2302,-91.27855,1.5,486,False,"Thai, Restaurants, Food",2024-01-01 00:00:00,2024-01-01
68acacc8-53c8-4da0-9c64-3cff98112155,Restaurant 1515,2455 Main St,Philadelphia,AZ,31004,42.585637,-80.615645,2.5,3206,True,"Burgers, Restaurants, Food",2024-01-01 00:00:00,2024-01-01
c600f2ad-ec85-41d5-87fa-6e0236e356b0,Restaurant 1516,6506 Main St,Philadelphia,CO,35345,30.717186,-105.727597,2.5,2263,True,"Burgers, Restaurants, Food",2024-01-01 00:00:00,2024-01-01
99dc75d8-4b0a-4c60-9cff-6cf87a91eec0,Restaurant 1517,2122 Main St,Philadelphia,CO,98121,28.492463,-100.614025,3.0,2683,True,"Sushi, Restaurants, Food",2024-01-01 00:00:00,2024-01-01
0d517b9e-7b23-4590-a10d-57e102ae6bbd,Restaurant 1518,8629 Main St,Philadelphia,FL,78713,27.360081,-90.429985,4.5,1903,False,"Italian, Restaurants, Food",2024-01-01 00:00:00,2024-01-01
40a5beea-6780-4476-8013-20dfacfc117a,Restaurant 1519,2145 Main St,Philadelphia,WA,89958,35.450451,-121.12785,3.5,2230,True,"Burgers, Restaurants, Food",2024-01-01 00:00:00,2024-01-01
75664995-e181-4b1f-8b7d-b94a77e658cd,Restaurant 1520,4285 Main St,Philadelphia,CA,92168,35.730091,-92.826178,4.5,2385,True,"American (New), Restaurants, Food",2024-01-01 00:00:00,2024-01-01
e73b38e3-8d85-4631-a447-9acebd12b7e8,Restaurant 1521,1788 Main St,Philadelphia,CA,89077,47.073892,-77.420321,2.5,4052,False,"Burgers, Restaurants, Food",2024-01-01 00:00:00,2024-01-01
8e7e4db4-05b2-4b29-8f88-1864eca89173,Restaurant 1522,1028 Main St,Philadelphia,CA,46726,44.373475,-84.715655,3.0,4161,False,"Burgers, Restaurants, Food",2024-01-01 00:00:00,2024-01-01
8ce4a06e-47fe-476b-ae4a-bb74b8edca49,Restaurant 1523,4216 Main St,Philadelphia,IL,20891,25.297301,-85.779741,4.5,1989,False,"Mexican, Restaurants, Food",2024-01-01 00:00:00,2024-01-01
aca289dd-77d7-4c9d-ae4c-504251e977e0,Restaurant 1524,9784 Main St,Philadelphia,OH,97245,31.112346,-70.14836,4.5,4594,False,"Seafood, Restaurants, Food",2024-01-01 00:00:00,2024-01-01
dd040f98-b84c-4f0b-95e2-c9524e434d3b,Restaurant 1525,8602 Main St,Philadelphia,OH,15518,38.838233,-92.531133,1.5,4716,True,"Sushi, Restaurants, Food",2024-01-01 00:00:00,2024-01-01
51d1ccdf-f80e-4399-bf59-2aba16961341,Restaurant 1526,4009 Main St,Philadelphia,IL,86037,40.470016,-75.291572,4.0,3226,True,"Chinese, Restaurants, Food",2024-01-01 00:00:00,2024-01-01
e8b0ea68-73d4-42b3-b187-a603c5c9a28b,Restaurant 1527,7312 Main St,Philadelphia,AZ,85149,44.858459,-122.949807,4.0,3538,True,"Mexican, Restaurants, Food",2024-01-01 00:00:00,2024-01-01
dab75cbd-cdf2-44ae-897c-7f6942d8f105,Restaurant 1528,9388 Main St,Philadelphia,TX,13164,39.501989,-106.907077,3.0,3377,True,"Coffee & Tea, Restaurants, Food",2024-01-01 00:00:00,2024-01-01
ca49b516-9e43-41ec-a7dc-23edd5251c39,Restaurant 1529,4253 Main St,Philadelphia,IL,99523,32.913144,-71.453124,2.5,2267,False,"Pizza, Restaurants, Food",2024-01-01 00:00:00,2024-01-01
6e2518b1-a6a5-4eb5-aa21-6623cec2a451,Restaurant 1530,5416 Main St,Philadelphia,AZ,93205,31.052995,-81.349744,2.5,4576,False,"Burgers, Restaurants, Food",2024-01-01 00:00:00,2024-01-01
f39ee359-15d3-4ef1-a197-01c1f7351a43,Restaurant 1531,5810 Main St,Philadelphia,TX,75514,44.702866,-106.64302,5.0,1865,False,"Italian, Restaurants, Food",2024-01-01 00:00:00,2024-01-01
ebc0c504-46a8-4ae7-ba6a-fff43f0cd79d,Restaurant 1532,1759 Main St,Philadelphia,CA,93814,34.339501,-90.801015,2.0,3136,True,"Italian, Restaurants, Food",2024-01-01 00:00:00,2024-01-01
f1403c9b-1fc5-427d-a9f2-121f8bcd4ab1,Restaurant 1533,8053 Main St,Philadelphia,IL,54171,43.535642,-75.732087,2.0,1381,False,"Pizza, Restaurants, Food",2024-01-01 00:00:00,2024-01-01
6652b67b-f609-4dfb-832f-f66d00bf8199,Restaurant 1534,1926 Main St,Philadelphia,NY,86263,32.142134,-97.16344,5.0,2427,True,"Burgers, Restaurants, Food",2024-01-01 00:00:00,2024-01-01
9f383e3c-88b2-464f-ae08-590111c9c63b,Restaurant 1535,1344 Main St,Philadelphia,NY,22237,27.082471,-92.111684,4.0,2158,True,"Chinese, Restaurants, Food",2024-01-01 00:00:00,2024-01-01
666b1ea2-af12-4958-8204-e318b1b1b8e1,Restaurant 1536,8829 Main St,Philadelphia,IL,62003,28.059743,-103.811791,3.0,4671,True,"Chinese, Restaurants, Food",2024-01-01 00:00:00,2024-01-01
4bf86166-f17c-4567-9167-b5fd930a99d2,Restaurant 1537,3783 Main St,Philadelphia,AZ,15344,30.655783,-116.47435,3.0,216,False,"Mexican, Restaurants, Food",2024-01-01 00:00:00,2024-01-01
76089146-c85d-474a-9914-a554171053c7,Restaurant 1538,3687 Main St,Philadelphia,NY,39600,35.128186,-80.366107,2.0,102,False,"Mexican, Restaurants, Food",2024-01-01 00:00:00,2024-01-01
acf07cd1-be70-465a-957e-f8ce255df639,Restaurant 1539,440 Main St,Philadelphia,CO,73343,44.272407,-102.201079,5.0,4654,True,"Burgers, Restaurants, Food",2024-01-01 00:00:00,2024-01-01
5322436e-f142-4841-9478-7c5d238dacbb,Restaurant 1540,3148 Main St,Philadelphia,WA,86139,34.191187,-93.349872,4.0,2143,False,"Italian, Restaurants, Food",2024-01-01 00:00:00,2024-01-01
91f17179-ff9b-459d-a303-de02aa2c9bc2,Restaurant 1541,7166 Main St,Philadelphia,IL,57777,45.701216,-73.469281,3.5,4427,False,"Sushi, Restaurants, Food",2024-01-01 00:00:00,2024-01-01
aff84c9d-000d-4524-9fe0-567471ef54f2,Restaurant 1542,2303 Main St,Philadelphia,IL,42361,43.297813,-93.157284,1.5,4158,False,"American (New), Restaurants, Food",2024-01-01 00:00:00,2024-01-01
7d6dcc2b-9c62-412d-8495-8306d60ae4a6,Restaurant 1543,5236 Main St,Philadelphia,CA,89179,30.239962,-105.841147,5.0,1835,False,"Italian, Restaurants, Food",2024-01-01 00:00:00,2024-01-01
b42ef8ab-9109-4404-adab-9510a5b1b78a,Restaurant 1544,9508 Main St,Philadelphia,PA,70324,39.232537,-97.657688,4.0,530,True,"Pizza, Restaurants, Food",2024-01-01 00:00:00,2024-01-01
ef3c1bcd-c9d3-45b7-884f-cea121ed9fc3,Restaurant 1545,9274 Main St,Philadelphia,AZ,83268,39.956384,-75.72871,4.5,1212,True,"Chinese, Restaurants, Food",2024-01-01 00:00:00,2024-01-01
eece958c-fbfd-4ee6-9075-9f40b39e3edb,Restaurant 1546,1171 Main St,Philadelphia,FL,84678,30.796278,-75.690908,1.0,4897,False,"Burgers, Restaurants, Food",2024-01-01 00:00:00,2024-01-01
a45652d2-24d4-40c0-9fb6-da9d49de2535,Restaurant 1547,2284 Main St,Philadelphia,OH,38207,40.221419,-107.95961,3.0,2708,True,"Seafood, Restaurants, Food",2024-01-01 00:00:00,2024-01-01
33c0c09f-62a2-4086-9a91-f440e3098cca,Restaurant 1548,8422 Main St,Philadelphia,OH,28904,42.624906,-71.090179,3.5,56,True,"Chinese, Restaurants, Food",2024-01-01 00:00:00,2024-01-01
bd85550a-4e6f-4bdf-a67e-dda9bbf7bad4,Restaurant 1549,9724 Main St,Philadelphia,CA,19307,39.118561,-95.862541,2.0,1595,True,"Seafood, Restaurants, Food",2024-01-01 00:00:00,2024-01-01
04fbade6-29fd-4fcf-b863-51d16c453153,Restaurant 1550,3038 Main St,Philadelphia,TX,13864,39.936361,-97.776372,1.5,2719,True,"Sushi, Restaurants, Food",2024-01-01 00:00:00,2024-01-01
8519e1e3-3bed-4a0f-a322-a6075ea9b337,Restaurant 1551,6711 Main St,Philadelphia,CO,99830,33.911376,-102.58342,4.5,1135,False,"Thai, Restaurants, Food",2024-01-01 00:00:00,2024-01-01
829587aa-6cc3-43f8-8912-bcc759a62dac,Restaurant 1552,1670 Main St,Philadelphia,FL,56551,29.080452,-101.330151,3.0,4094,True,"Thai, Restaurants, Food",2024-01-01 00:00:00,2024-01-01
87790706-abb5-4288-a847-c4229d684515,Restaurant 1553,4368 Main St,Philadelphia,OH,36293,30.212725,-70.790019,1.5,2783,False,"Sushi, Restaurants, Food",2024-01-01 00:00:00,2024-01-01
9cf4773d-2e3b-459e-a74d-2a92d935a146,Restaurant 1554,8683 Main St,Philadelphia,FL,12673,45.223929,-121.650451,5.0,485,False,"Sushi, Restaurants, Food",2024-01-01 00:00:00,2024-01-01
fd28180f-e5b5-4665-b041-b45d584b4711,Restaurant 1555,2860 Main St,Philadelphia,PA,79352,25.289305,-107.022719,3.0,227,False,"Sushi, Restaurants, Food",2024-01-01 00:00:00,2024-01-01
4f4eb30c-a58d-41fa-a2ba-6f04b0f889d1,Restaurant 1556,2924 Main St,Philadelphia,NY,93424,39.280065,-115.001731,2.5,2829,True,"Thai, Restaurants, Food",2024-01-01 00:00:00,2024-01-01
dba4f0f7-c651-4824-b536-6c941283b1fe,Restaurant 1557,9925 Main St,Philadelphia,IL,85233,29.069351,-100.761633,2.0,4157,True,"Coffee & Tea, Restaurants, Food",2024-01-01 00:00:00,2024-01-01
3a2ee7b6-ffed-4ca4-9204-42b330623809,Restaurant 1558,597 Main St,Philadelphia,CO,15082,46.51174,-76.147155,1.5,2554,False,"Sushi, Restaurants, Food",2024-01-01 00:00:00,2024-01-01
554ec36e-d754-47b2-97f4-04be874b7d9e,Restaurant 1559,5818 Main St,Philadelphia,TX,87346,36.925244,-75.487317,4.5,1583,True,"Seafood, Restaurants, Food",2024-01-01 00:00:00,2024-01-01
442a6be0-8e3c-49b9-849d-2a4583d6381d,Restaurant 1560,5627 Main St,Philadelphia,AZ,96309,37.60355,-103.613479,4.5,954,True,"Chinese, Restaurants, Food",2024-01-01 00:00:00,2024-01-01
dbdffc7a-12ce-4d07-bbdd-d212be6cb1ae,Restaurant 1561,4134 Main St,Philadelphia,IL,28531,30.507381,-80.032797,2.5,3312,True,"Chinese, Restaurants, Food",2024-01-01 00:00:00,2024-01-01
28ab599d-bf9e-46e3-8eeb-200a8ca24494,Restaurant 1562,1060 Main St,Philadelphia,AZ,96462,41.275661,-78.851579,1.5,4259,True,"Chinese, Restaurants, Food",2024-01-01 00:00:00,2024-01-01
a2416b0c-f55e-4f3c-8501-9b3fd33b1b29,Restaurant 1563,8739 Main St,Philadelphia,CO,85377,41.150736,-96.307995,5.0,1647,False,"Chinese, Restaurants, Food",2024-01-01 00:00:00,2024-01-01
426ad328-4250-42d0-97c8-8e6de697fe0d,Restaurant 1564,2319 Main St,Philadelphia,AZ,35957,31.738061,-90.55134,4.0,3565,False,"Sushi, Restaurants, Food",2024-01-01 00:00:00,2024-01-01
0396b29f-8f79-480c-895f-d0894b73af95,Restaurant 1565,8135 Main St,Philadelphia,PA,74387,27.399326,-94.131085,4.0,2506,False,"Italian, Restaurants, Food",2024-01-01 00:00:00,2024-01-01
d3edcee4-ebd7-4e14-bd1f-5937bc3cc211,Restaurant 1566,1003 Main St,Philadelphia,WA,15456,29.325815,-120.094688,5.0,1421,False,"Pizza, Restaurants, Food",2024-01-01 00:00:00,2024-01-01
b76c4138-0bca-4312-897f-b8622e94f02f,Restaurant 1567,8853 Main St,Philadelphia,PA,16187,47.235669,-103.830424,3.5,4406,True,"Burgers, Restaurants, Food",2024-01-01 00:00:00,2024-01-01
09b99fb9-eb17-44ac-937f-d30f90abedcb,Restaurant 1568,8429 Main St,Philadelphia,WA,33368,36.701148,-87.537664,1.0,1758,True,"Coffee & Tea, Restaurants, Food",2024-01-01 00:00:00,2024-01-01
2954edfc-6aee-4abc-98c8-6cb2420518ba,Restaurant 1569,3142 Main St,Philadelphia,NY,51983,26.67816,-113.801547,2.5,4679,True,"Pizza, Restaurants, Food",2024-01-01 00:00:00,2024-01-01
3c2578e4-5752-4a56-b12e-e1ac28172257,Restaurant 1570,6350 Main St,Philadelphia,NY,25247,46.259181,-124.739367,2.5,2710,True,"Burgers, Restaurants, Food",2024-01-01 00:00:00,2024-01-01
8e7e3077-a2f9-4fb5-8ad6-309d993d9fcd,Restaurant 1571,3841 Main St,Philadelphia,IL,62685,26.029406,-117.208182,2.5,2116,False,"Seafood, Restaurants, Food",2024-01-01 00:00:00,2024-01-01
862a54b4-7ff5-45f3-9f0c-953a0e33aef4,Restaurant 1572,5174 Main St,Philadelphia,NY,95634,41.942572,-110.006178,1.0,3407,False,"Burgers, Restaurants, Food",2024-01-01 00:00:00,2024-01-01
c634f514-ac1c-4260-b56f-22cef8c60fbe,Restaurant 1573,4656 Main St,Philadelphia,NY,73991,30.828786,-124.426366,4.0,343,False,"Thai, Restaurants, Food",2024-01-01 00:00:00,2024-01-01
9765c8c6-8276-4766-823e-49cdb1cd7492,Restaurant 1574,3753 Main St,Philadelphia,CA,93571,27.630749,-116.259189,4.5,545,True,"American (New), Restaurants, Food",2024-01-01 00:00:00,2024-01-01
0b2133c8-7a82-4d70-92af-7809575b8d99,Restaurant 1575,5463 Main St,Philadelphia,TX,43619,46.972296,-85.673714,4.0,2334,False,"Italian, Restaurants, Food",2024-01-01 00:00:00,2024-01-01
0e4ad90d-aaa3-4cb2-b4f9-ef9e683e07ec,Restaurant 1576,9440 Main St,Philadelphia,FL,24220,42.502754,-103.280157,2.5,709,False,"Mexican, Restaurants, Food",2024-01-01 00:00:00,2024-01-01
759d4d34-88f8-4151-b2cd-b4f6a75c1cdd,Restaurant 1577,2182 Main St,Philadelphia,WA,14678,35.786011,-118.986086,2.5,312,False,"Thai, Restaurants, Food",2024-01-01 00:00:00,2024-01-01
19c24157-37d6-4e0f-bea7-4e61d1652155,Restaurant 1578,1469 Main St,Philadelphia,CA,41686,35.026818,-104.600395,2.0,3622,True,"American (New), Restaurants, Food",2024-01-01 00:00:00,2024-01-01
43b9b9bd-5ee1-416b-8d9f-041d4e762f71,Restaurant 1579,3196 Main St,Philadelphia,NY,51670,26.006432,-124.218387,2.0,2797,False,"Thai, Restaurants, Food",2024-01-01 00:00:00,2024-01-01
b3521046-c57d-4dae-95c2-e9144041ab52,Restaurant 1580,5836 Main St,Philadelphia,AZ,36299,45.735945,-121.896451,4.0,1255,False,"American (New), Restaurants, Food",2024-01-01 00:00:00,2024-01-01
9415a31e-0086-423a-9829-8b02075b25f7,Restaurant 1581,1142 Main St,Philadelphia,NY,34112,39.425913,-106.526125,4.5,208,False,"Sushi, Restaurants, Food",2024-01-01 00:00:00,2024-01-01
530b77de-d14e-49e0-88cf-46f88cc81b83,Restaurant 1582,4126 Main St,Philadelphia,CO,79278,31.61955,-116.13961,5.0,2602,True,"Sushi, Restaurants, Food",2024-01-01 00:00:00,2024-01-01
e9125c0f-6d8e-4113-ba4e-35c74a743633,Restaurant 1583,1167 Main St,Philadelphia,OH,77901,37.288297,-90.977758,2.0,2636,False,"Pizza, Restaurants, Food",2024-01-01 00:00:00,2024-01-01
3a258350-fe0b-4784-ba6c-ac7c98f979a6,Restaurant 1584,2450 Main St,Philadelphia,CA,99694,30.374225,-104.033264,1.0,3175,True,"Mexican, Restaurants, Food",2024-01-01 00:00:00,2024-01-01
f6a5829b-7783-4f62-87e9-8514484e1362,Restaurant 1585,676 Main St,Philadelphia,CO,81510,26.700252,-89.312555,4.5,4682,False,"Italian, Restaurants, Food",2024-01-01 00:00:00,2024-01-01
38db347e-505b-4422-ba14-abc891fe9f5d,Restaurant 1586,6436 Main St,Philadelphia,AZ,41151,40.706267,-91.306532,3.5,3728,False,"Thai, Restaurants, Food",2024-01-01 00:00:00,2024-01-01
9e2a4f1e-b7b1-42b9-a92d-0e65fc927cb6,Restaurant 1587,7541 Main St,Philadelphia,WA,57203,30.148316,-109.222507,2.0,3183,False,"Thai, Restaurants, Food",2024-01-01 00:00:00,2024-01-01
38c3b0e3-72dd-4f32-9907-cae204cfcc33,Restaurant 1588,6130 Main St,Philadelphia,PA,66588,43.525361,-117.080892,4.5,3362,True,"Burgers, Restaurants, Food",2024-01-01 00:00:00,2024-01-01
3751af7e-3a48-4e9e-a5a8-ccdf68b37952,Restaurant 1589,2148 Main St,Philadelphia,IL,37276,46.663265,-101.837264,4.0,3774,False,"Coffee & Tea, Restaurants, Food",2024-01-01 00:00:00,2024-01-01
867dea61-695b-4633-8547-a0e22f438e7f,Restaurant 1590,6464 Main St,Philadelphia,AZ,57652,32.769431,-88.404462,2.0,4342,True,"Mexican, Restaurants, Food",2024-01-01 00:00:00,2024-01-01
2f817f00-6f17-4007-9a83-6f408dde3733,Restaurant 1591,3654 Main St,Philadelphia,NY,84499,29.475845,-76.951663,3.5,3796,False,"Chinese, Restaurants, Food",2024-01-01 00:00:00,2024-01-01
dc50cfe8-8361-4f2f-bba0-b5dbdab42b85,Restaurant 1592,5128 Main St,Philadelphia,NY,61488,28.250624,-119.02424,4.5,2461,False,"Pizza, Restaurants, Food",2024-01-01 00:00:00,2024-01-01
0c8ca1c5-7f81-4d41-911c-3d02110a1838,Restaurant 1593,3367 Main St,Philadelphia,NY,54260,37.688941,-116.380436,4.0,4240,False,"Thai, Restaurants, Food",2024-01-01 00:00:00,2024-01-01
97b58304-f5c8-433a-b451-208b7b756c15,Restaurant 1594,7357 Main St,Philadelphia,PA,37060,33.877325,-88.315355,3.0,4616,True,"Burgers, Restaurants, Food",2024-01-01 00:00:00,2024-01-01
f5236ca3-c33d-4550-a050-38a6df143fa8,Restaurant 1595,9521 Main St,Philadelphia,NY,29750,34.459664,-99.228113,2.0,3987,False,"Seafood, Restaurants, Food",2024-01-01 00:00:00,2024-01-01
5595c6a3-9b32-487e-9863-c95b5c6a8bfc,Restaurant 1596,8793 Main St,Philadelphia,PA,98629,27.232486,-121.405253,1.0,72,True,"Chinese, Restaurants, Food",2024-01-01 00:00:00,2024-01-01
38fd088b-2bcb-49ca-bf98-395bb4b88bb6,Restaurant 1597,1573 Main St,Philadelphia,IL,56752,29.669163,-116.716838,2.5,2520,True,"Chinese, Restaurants, Food",2024-01-01 00:00:00,2024-01-01
02d589e4-8aa0-4384-abdd-5388842fe1ae,Restaurant 1598,5269 Main St,Philadelphia,CO,68538,35.927009,-86.301823,3.0,2485,True,"American (New), Restaurants, Food",2024-01-01 00:00:00,2024-01-01
a3baa31c-5934-4dd8-bcd0-e74e2ac063c3,Restaurant 1599,2718 Main St,Philadelphia,TX,31398,34.549275,-95.723215,4.0,1297,False,"Italian, Restaurants, Food",2024-01-01 00:00:00,2024-01-01
2fe5a1e7-2cd6-4bd9-acfb-47e9fd757c75,Restaurant 1600,4186 Main St,Philadelphia,CA,97014,46.744242,-74.994835,1.5,323,True,"Burgers, Restaurants, Food",2024-01-01 00:00:00,2024-01-01
972ebcaa-5c70-4b26-abd1-322b9da293e6,Restaurant 1601,7846 Main St,Philadelphia,OH,72505,28.920533,-123.902523,3.5,3613,True,"Coffee & Tea, Restaurants, Food",2024-01-01 00:00:00,2024-01-01
de3e9df0-23f3-4ab7-813c-11860fa584ea,Restaurant 1602,425 Main St,Philadelphia,AZ,98049,38.036009,-76.291788,1.5,3031,True,"Thai, Restaurants, Food",2024-01-01 00:00:00,2024-01-01
f5ccd3d1-923e-4058-8ec8-646341fa2710,Restaurant 1603,2310 Main St,Philadelphia,CO,49335,40.579583,-74.57798,1.5,1615,False,"Italian, Restaurants, Food",2024-01-01 00:00:00,2024-01-01
70dc4f52-a00b-4863-90d5-181b76f7f68a,Restaurant 1604,1461 Main St,Philadelphia,IL,89011,47.622131,-97.788756,4.0,1385,False,"Italian, Restaurants, Food",2024-01-01 00:00:00,2024-01-01
76409af3-5705-49b6-a4f3-21c039e17069,Restaurant 1605,3246 Main St,Philadelphia,WA,46732,47.586837,-75.264607,1.0,4011,False,"Thai, Restaurants, Food",2024-01-01 00:00:00,2024-01-01
d4eee952-6069-46d0-a0d3-2142b6f8d900,Restaurant 1606,952 Main St,Philadelphia,NY,50191,31.051608,-70.211534,3.5,332,False,"Coffee & Tea, Restaurants, Food",2024-01-01 00:00:00,2024-01-01
8e49de75-8b4d-4bca-9150-9c2acaff0992,Restaurant 1607,1414 Main St,Philadelphia,IL,82256,25.721598,-77.037799,1.0,4700,True,"Italian, Restaurants, Food",2024-01-01 00:00:00,2024-01-01
42212f1b-f9b1-4ef9-b351-4fe5f5d68f5b,Restaurant 1608,6336 Main St,Philadelphia,NY,71619,33.740389,-123.020926,3.0,3074,False,"Chinese, Restaurants, Food",2024-01-01 00:00:00,2024-01-01
cf5d9720-d77f-4f2e-b1b2-940fbb7fa1bd,Restaurant 1609,8498 Main St,Philadelphia,OH,63371,41.267452,-117.721293,3.5,2143,True,"Coffee & Tea, Restaurants, Food",2024-01-01 00:00:00,2024-01-01
a1d44269-970b-41b1-b744-3e296a8e9068,Restaurant 1610,4714 Main St,Philadelphia,FL,20919,46.007219,-74.467314,1.5,2611,True,"Pizza, Restaurants, Food",2024-01-01 00:00:00,2024-01-01
0ec3c97b-00c3-4088-940b-b62867d30833,Restaurant 1611,2205 Main St,Philadelphia,CA,41845,26.711536,-104.463644,2.0,4686,True,"Sushi, Restaurants, Food",2024-01-01 00:00:00,2024-01-01
1e5c5284-b29e-432a-8d53-e31b16020757,Restaurant 1612,1335 Main St,Philadelphia,PA,11762,41.939581,-106.237586,1.5,1280,False,"Chinese, Restaurants, Food",2024-01-01 00:00:00,2024-01-01
cc959c3c-7ea9-4f92-8508-3a26c65e86cc,Restaurant 1613,1833 Main St,Philadelphia,CO,25987,26.291828,-117.370678,1.5,1521,True,"Sushi, Restaurants, Food",2024-01-01 00:00:00,2024-01-01
1f034d0c-7360-4570-a1e2-d6d7fc6dcbad,Restaurant 1614,162 Main St,Philadelphia,OH,99863,30.360742,-122.250075,1.5,3170,False,"American (New), Restaurants, Food",2024-01-01 00:00:00,2024-01-01
04924ee9-98ef-490d-b1b8-1ae831810d23,Restaurant 1615,3256 Main St,Philadelphia,AZ,35860,41.289465,-97.758479,2.0,3844,False,"Seafood, Restaurants, Food",2024-01-01 00:00:00,2024-01-01
46da7d59-374e-4100-a050-59f1593b605c,Restaurant 1616,1103 Main St,Philadelphia,AZ,34238,36.674441,-120.624294,2.5,2157,True,"American (New), Restaurants, Food",2024-01-01 00:00:00,2024-01-01
55f1bf6b-991c-46d0-802f-5be749f4f705,Restaurant 1617,9527 Main St,Philadelphia,NY,26254,41.165966,-120.832113,2.0,2633,True,"Thai, Restaurants, Food",2024-01-01 00:00:00,2024-01-01
b8436bfc-b2eb-4261-ae9d-e857b0b9214d,Restaurant 1618,6566 Main St,Philadelphia,CO,48891,38.835741,-97.134005,3.0,1788,False,"Italian, Restaurants, Food",2024-01-01 00:00:00,2024-01-01
82473a88-2bff-46ca-8caa-b0171d772a5c,Restaurant 1619,5748 Main St,Philadelphia,NY,79540,25.160611,-76.019416,3.0,2306,True,"Sushi, Restaurants, Food",2024-01-01 00:00:00,2024-01-01
ac18dc03-1988-4407-8739-8c004c9f5a59,Restaurant 1620,1109 Main St,Philadelphia,CA,74739,32.917135,-84.68972,4.0,655,False,"Pizza, Restaurants, Food",2024-01-01 00:00:00,2024-01-01
104bfc7d-e0e1-4a55-b0c4-620559dc3536,Restaurant 1621,1545 Main St,Philadelphia,IL,87088,42.74188,-74.703783,1.5,4663,False,"Chinese, Restaurants, Food",2024-01-01 00:00:00,2024-01-01
c013315b-5dbe-4159-85f6-96a0bf6d3a3f,Restaurant 1622,7485 Main St,Philadelphia,IL,72973,33.520198,-108.486405,4.5,2568,True,"Mexican, Restaurants, Food",2024-01-01 00:00:00,2024-01-01
d04da35c-7c30-4cb7-8c2f-ea10f1cdadb1,Restaurant 1623,9721 Main St,Philadelphia,TX,15596,40.889886,-102.464718,4.5,2658,False,"Coffee & Tea, Restaurants, Food",2024-01-01 00:00:00,2024-01-01
100ed743-c4e6-438e-888c-e614efb05f1f,Restaurant 1624,7708 Main St,Philadelphia,AZ,30012,28.267906,-83.719635,4.0,201,True,"Chinese, Restaurants, Food",2024-01-01 00:00:00,2024-01-01
c6dcddeb-ce50-4190-ae74-d9b8edef74f4,Restaurant 1625,6349 Main St,Philadelphia,TX,62352,33.411331,-101.10903,2.0,1238,True,"Mexican, Restaurants, Food",2024-01-01 00:00:00,2024-01-01
452407f9-b89d-4ac8-9dc2-03d9c18302bb,Restaurant 1626,1653 Main St,Philadelphia,PA,61287,35.862629,-110.101045,2.5,178,False,"Burgers, Restaurants, Food",2024-01-01 00:00:00,2024-01-01
2dc597dc-6cbf-49ff-ae63-e328d5eb9fab,Restaurant 1627,2693 Main St,Philadelphia,FL,82001,31.386401,-114.552967,4.5,3546,False,"Thai, Restaurants, Food",2024-01-01 00:00:00,2024-01-01
a23bdf06-826b-46d3-aecf-fa30a6adb893,Restaurant 1628,8084 Main St,Philadelphia,PA,56316,47.113107,-121.320166,3.5,3906,False,"Thai, Restaurants, Food",2024-01-01 00:00:00,2024-01-01
44cae13e-0864-49b3-bfad-8eba02dfdbb2,Restaurant 1629,3952 Main St,Philadelphia,WA,74779,43.483307,-102.101002,1.0,2524,True,"Chinese, Restaurants, Food",2024-01-01 00:00:00,2024-01-01
89821561-d734-4179-a5c4-2cc726d80e7c,Restaurant 1630,5189 Main St,Philadelphia,CO,66229,39.067415,-92.04863,5.0,2310,False,"Chinese, Restaurants, Food",2024-01-01 00:00:00,2024-01-01
84776242-c7c3-47f0-8425-3244be83c12d,Restaurant 1631,2199 Main St,Philadelphia,IL,84098,47.319906,-121.528125,4.5,3032,False,"Mexican, Restaurants, Food",2024-01-01 00:00:00,2024-01-01
bd7f3331-00ab-4876-9f44-67a258eff00b,Restaurant 1632,3531 Main St,Philadelphia,IL,40597,45.933361,-75.359526,4.5,2299,False,"Seafood, Restaurants, Food",2024-01-01 00:00:00,2024-01-01
125a6011-9e50-4dca-9f3d-5ee791dafc79,Restaurant 1633,5524 Main St,Philadelphia,NY,26663,47.2059,-82.012268,2.5,4857,True,"Mexican, Restaurants, Food",2024-01-01 00:00:00,2024-01-01
0a81fa0a-021b-4194-a11a-f3eb5998fb70,Restaurant 1634,8105 Main St,Philadelphia,CO,71571,45.482812,-107.759697,1.5,3147,True,"Seafood, Restaurants, Food",2024-01-01 00:00:00,2024-01-01
3c7b46c0-5b76-4f1b-8e0d-eea2a8dbe533,Restaurant 1635,5369 Main St,Philadelphia,CA,79367,36.291631,-91.857012,3.0,549,False,"Burgers, Restaurants, Food",2024-01-01 00:00:00,2024-01-01
4aa0fdac-e877-45b0-9d1b-4f398716e381,Restaurant 1636,3265 Main St,Philadelphia,FL,28754,33.366997,-82.22324,4.5,2021,True,"Pizza, Restaurants, Food",2024-01-01 00:00:00,2024-01-01
6bbce551-39a2-47bb-9a94-2f15b8905265,Restaurant 1637,5461 Main St,Philadelphia,IL,91350,36.098722,-116.963389,3.0,2622,False,"Chinese, Restaurants, Food",2024-01-01 00:00:00,2024-01-01
878ba491-1624-47e0-86e9-4a5218748211,Restaurant 1638,8886 Main St,Philadelphia,NY,94651,29.328486,-74.195996,1.5,2422,True,"Mexican, Restaurants, Food",2024-01-01 00:00:00,2024-01-01
6c64d407-4b6a-4e13-9c95-a763ed98b260,Restaurant 1639,8677 Main St,Philadelphia,WA,47022,30.709209,-104.31951,1.0,2443,False,"Mexican, Restaurants, Food",2024-01-01 00:00:00,2024-01-01
bd4ddf74-8039-4890-ad6d-638b1ec808fc,Restaurant 1640,2460 Main St,Philadelphia,FL,13313,25.662888,-89.580645,4.0,645,False,"Coffee & Tea, Restaurants, Food",2024-01-01 00:00:00,2024-01-01
74fee88a-883a-4bf3-9fb1-2216db44ad63,Restaurant 1641,2518 Main St,Philadelphia,AZ,92036,33.786448,-116.366187,4.5,2574,True,"Italian, Restaurants, Food",2024-01-01 00:00:00,2024-01-01
53bb4d12-4e57-460d-83e4-006ff977cdc2,Restaurant 1642,7570 Main St,Philadelphia,FL,35923,41.244825,-100.066658,2.0,4805,True,"Chinese, Restaurants, Food",2024-01-01 00:00:00,2024-01-01
a3035b26-42eb-4537-9dd4-d5eb422fb48d,Restaurant 1643,377 Main St,Philadelphia,CA,16871,44.957967,-94.608368,3.5,1162,False,"Burgers, Restaurants, Food",2024-01-01 00:00:00,2024-01-01
c74c71a6-afa6-4d9b-a266-8f8acde3fa94,Restaurant 1644,9113 Main St,Philadelphia,PA,92429,34.987971,-107.186367,2.0,2676,True,"Italian, Restaurants, Food",2024-01-01 00:00:00,2024-01-01
b156ecb1-33cf-4d90-8d3f-9e0df08d82c9,Restaurant 1645,5408 Main St,Philadelphia,CO,84518,25.905774,-96.85604,2.0,4069,True,"Sushi, Restaurants, Food",2024-01-01 00:00:00,2024-01-01
89131b07-e74e-4500-a943-eb74039fb447,Restaurant 1646,2392 Main St,Philadelphia,TX,23402,37.023953,-73.293247,2.5,753,False,"Chinese, Restaurants, Food",2024-01-01 00:00:00,2024-01-01
b83768f6-15a1-4848-bc82-9b98bfc748c2,Restaurant 1647,5640 Main St,Philadelphia,CA,64085,32.902181,-121.173291,4.0,4466,True,"American (New), Restaurants, Food",2024-01-01 00:00:00,2024-01-01
f89fa075-8584-4edf-b341-3b4c643e3476,Restaurant 1648,6921 Main St,Philadelphia,OH,30314,37.606243,-120.078945,2.5,3675,True,"Sushi, Restaurants, Food",2024-01-01 00:00:00,2024-01-01
9b639ae5-6f5d-4998-af58-fa7ce597a4bb,Restaurant 1649,4372 Main St,Philadelphia,NY,41360,26.299826,-87.406293,1.0,430,True,"Coffee & Tea, Restaurants, Food",2024-01-01 00:00:00,2024-01-01
f97e02f4-a684-4acb-a58d-dcf623a5f9f9,Restaurant 1650,794 Main St,Philadelphia,PA,38704,42.446138,-72.751869,2.0,4101,False,"Chinese, Restaurants, Food",2024-01-01 00:00:00,2024-01-01
f8d99549-8d72-4082-983a-1f2818150e72,Restaurant 1651,6449 Main St,Philadelphia,OH,12523,36.73568,-109.069833,1.0,3400,True,"Pizza, Restaurants, Food",2024-01-01 00:00:00,2024-01-01
27eaab64-09e4-49d5-ad52-955fa9c037d3,Restaurant 1652,3378 Main St,Philadelphia,CO,14719,29.803242,-92.949345,1.0,2863,True,"Seafood, Restaurants, Food",2024-01-01 00:00:00,2024-01-01
d71482aa-0d9e-4360-8992-3eab6a40e50d,Restaurant 1653,6131 Main St,Philadelphia,WA,31519,34.135174,-116.625928,1.0,2306,False,"American (New), Restaurants, Food",2024-01-01 00:00:00,2024-01-01
a597a194-2c7a-44a4-8921-b87186ee62e6,Restaurant 1654,6232 Main St,Philadelphia,WA,60910,28.676856,-113.912775,3.0,2741,True,"Chinese, Restaurants, Food",2024-01-01 00:00:00,2024-01-01
3b3c9b90-0ddd-4927-8e1f-c833acdbb514,Restaurant 1655,4365 Main St,Philadelphia,OH,25619,39.960641,-100.159263,4.5,4943,False,"Mexican, Restaurants, Food",2024-01-01 00:00:00,2024-01-01
ce935ddb-3274-4fa1-9112-2a305a96d522,Restaurant 1656,3128 Main St,Philadelphia,CA,15460,33.911397,-119.129871,2.5,1640,False,"Mexican, Restaurants, Food",2024-01-01 00:00:00,2024-01-01
f4032f1b-36ed-4b36-88cc-bb7054d779b1,Restaurant 1657,9819 Main St,Philadelphia,FL,57308,35.666935,-89.369345,2.5,4644,False,"Mexican, Restaurants, Food",2024-01-01 00:00:00,2024-01-01
1234ab6e-407b-462a-9991-aa354e3916c8,Restaurant 1658,8473 Main St,Philadelphia,PA,50619,25.284288,-79.372704,3.5,1691,False,"Burgers, Restaurants, Food",2024-01-01 00:00:00,2024-01-01
d9ca11a3-002a-40dd-ae61-a69334c3a6fa,Restaurant 1659,5463 Main St,Philadelphia,AZ,61216,38.841699,-115.910849,4.5,3934,False,"Mexican, Restaurants, Food",2024-01-01 00:00:00,2024-01-01
9889012c-0933-4446-a312-974bf5f7cc88,Restaurant 1660,1372 Main St,Philadelphia,CO,24058,45.341484,-78.102523,1.0,92,False,"Pizza, Restaurants, Food",2024-01-01 00:00:00,2024-01-01
13052c96-f2f8-4405-b922-32a050f2174b,Restaurant 1661,5071 Main St,Philadelphia,AZ,59993,41.761209,-72.133538,1.5,439,False,"Mexican, Restaurants, Food",2024-01-01 00:00:00,2024-01-01
50c41432-d121-4dfe-9ad9-c65ebaecdb21,Restaurant 1662,3225 Main St,Philadelphia,OH,58866,26.750289,-102.038213,1.0,2437,True,"Sushi, Restaurants, Food",2024-01-01 00:00:00,2024-01-01
c7b5092a-7cc3-4276-819b-7de0443b0963,Restaurant 1663,5048 Main St,Philadelphia,TX,44435,35.509336,-73.72649,2.5,986,True,"Coffee & Tea, Restaurants, Food",2024-01-01 00:00:00,2024-01-01
dd0deac7-f785-487f-bfb9-07e703ba337f,Restaurant 1664,2960 Main St,Philadelphia,PA,24756,26.980191,-112.085845,5.0,2238,False,"Pizza, Restaurants, Food",2024-01-01 00:00:00,2024-01-01
e9d31913-cbd1-469b-aa07-619b549bfdb4,Restaurant 1665,9327 Main St,Philadelphia,AZ,18294,41.822983,-116.568783,1.5,3257,False,"Pizza, Restaurants, Food",2024-01-01 00:00:00,2024-01-01
ffd216cb-0413-4779-a2c4-8aa74e39ec4e,Restaurant 1666,708 Main St,Philadelphia,AZ,66687,44.100378,-102.316666,1.0,4725,True,"Sushi, Restaurants, Food",2024-01-01 00:00:00,2024-01-01
6c1b14ae-3fbc-43eb-a0d7-9e12b5849c22,Restaurant 1667,4701 Main St,Philadelphia,FL,72805,29.662069,-110.299356,3.0,1541,True,"Coffee & Tea, Restaurants, Food",2024-01-01 00:00:00,2024-01-01
2f88fc1e-6387-4360-b7f1-3dc02f540d91,Restaurant 1668,131 Main St,Philadelphia,PA,83821,44.214027,-101.056053,4.5,1897,True,"Italian, Restaurants, Food",2024-01-01 00:00:00,2024-01-01
00373304-2f50-45c4-85dc-ebe88e2cf084,Restaurant 1669,6064 Main St,Philadelphia,CA,88387,33.447835,-79.860719,5.0,1343,False,"Chinese, Restaurants, Food",2024-01-01 00:00:00,2024-01-01
17e18527-ce74-4867-9e88-9018fed493c3,Restaurant 1670,9127 Main St,Philadelphia,WA,29096,32.376358,-89.83772,4.0,1426,False,"Chinese, Restaurants, Food",2024-01-01 00:00:00,2024-01-01
ade633a8-982c-4ef1-bbf6-dcdc8ad1ca4d,Restaurant 1671,7759 Main St,Philadelphia,IL,48331,28.395563,-88.003813,4.5,4443,False,"Chinese, Restaurants, Food",2024-01-01 00:00:00,2024-01-01
26b9ceb0-7cf3-4d7c-843c-82d11ec35ce4,Restaurant 1672,7173 Main St,Philadelphia,CA,88925,30.823607,-117.429718,3.5,3823,False,"American (New), Restaurants, Food",2024-01-01 00:00:00,2024-01-01
f2b9cfe7-6c88-44da-b120-78aabce36cde,Restaurant 1673,2791 Main St,Philadelphia,PA,55017,36.646116,-77.715865,2.0,4906,False,"American (New), Restaurants, Food",2024-01-01 00:00:00,2024-01-01
e332c60f-fa43-408c-95cc-751ec7688d1a,Restaurant 1674,2712 Main St,Philadelphia,CO,28287,47.476335,-81.424721,4.0,670,False,"Sushi, Restaurants, Food",2024-01-01 00:00:00,2024-01-01
7082a1fa-1b07-4738-84ae-3d01d417cb85,Restaurant 1675,8314 Main St,Philadelphia,WA,15502,36.950083,-93.349447,3.0,4510,True,"Mexican, Restaurants, Food",2024-01-01 00:00:00,2024-01-01
73abd7ea-c7d6-4673-861b-c0dcd8709d37,Restaurant 1676,5586 Main St,Philadelphia,AZ,25325,32.486208,-78.994217,3.5,4493,False,"American (New), Restaurants, Food",2024-01-01 00:00:00,2024-01-01
f1e6cba0-0e27-48d0-8b68-f24731377764,Restaurant 1677,6535 Main St,Philadelphia,NY,85631,33.07609,-102.560085,1.5,1850,False,"Thai, Restaurants, Food",2024-01-01 00:00:00,2024-01-01
bd2341f2-01fa-4d80-a040-b050330d13d4,Restaurant 1678,3185 Main St,Philadelphia,PA,76127,43.39851,-97.76384,1.5,2512,True,"Burgers, Restaurants, Food",2024-01-01 00:00:00,2024-01-01
3634ec04-1cc3-44c4-9642-fcf5de9c1b49,Restaurant 1679,5062 Main St,Philadelphia,NY,81036,39.679718,-72.664719,2.5,193,True,"Pizza, Restaurants, Food",2024-01-01 00:00:00,2024-01-01
bcf729b8-4e2a-4e76-83a1-8eaf2bbfb7d9,Restaurant 1680,4946 Main St,Philadelphia,CA,37143,29.271425,-82.316268,1.5,550,False,"Coffee & Tea, Restaurants, Food",2024-01-01 00:00:00,2024-01-01
9f5a8632-4d88-4041-bb05-0b90e06c8c98,Restaurant 1681,2048 Main St,Philadelphia,OH,56860,40.216456,-124.418735,3.0,2812,False,"Chinese, Restaurants, Food",2024-01-01 00:00:00,2024-01-01
2a22618f-75d0-4c90-b41b-3ad2148cdaa0,Restaurant 1682,3515 Main St,Philadelphia,FL,66167,39.242929,-74.424437,1.0,4026,True,"Coffee & Tea, Restaurants, Food",2024-01-01 00:00:00,2024-01-01
9f803fa6-7a21-4d7e-9b7f-c4c638c27b16,Restaurant 1683,5336 Main St,Philadelphia,IL,14068,30.88299,-98.952138,4.0,4416,True,"Burgers, Restaurants, Food",2024-01-01 00:00:00,2024-01-01
880cd7cf-e6f9-4eea-bdc7-f792c6ca9803,Restaurant 1684,9719 Main St,Philadelphia,CO,56013,46.829813,-87.333351,1.0,3113,True,"Coffee & Tea, Restaurants, Food",2024-01-01 00:00:00,2024-01-01
c98f444a-f9a0-4e8c-a909-0473eacb0049,Restaurant 1685,1522 Main St,Philadelphia,AZ,43050,37.505904,-120.436942,1.5,3725,False,"Chinese, Restaurants, Food",2024-01-01 00:00:00,2024-01-01
e54b34c9-9e3e-44d2-b8ee-cb0e9e34de59,Restaurant 1686,4054 Main St,Philadelphia,CO,71509,25.789869,-107.960253,4.5,1775,False,"Sushi, Restaurants, Food",2024-01-01 00:00:00,2024-01-01
1fe4bd72-8e77-4118-a0b3-00da4a70fa25,Restaurant 1687,268 Main St,Philadelphia,TX,87781,44.842484,-82.05408,5.0,3641,True,"American (New), Restaurants, Food",2024-01-01 00:00:00,2024-01-01
50cff78b-74fd-420c-b5fb-700c125e9c8f,Restaurant 1688,3069 Main St,Philadelphia,AZ,46010,41.034014,-103.650204,5.0,400,False,"Seafood, Restaurants, Food",2024-01-01 00:00:00,2024-01-01
c7b01f6b-88c2-431d-9f58-cd2b1f9352d7,Restaurant 1689,2027 Main St,Philadelphia,WA,74369,29.00013,-100.155074,2.0,327,False,"Seafood, Restaurants, Food",2024-01-01 00:00:00,2024-01-01
6e130b69-ef43-48cc-b82e-2826fd9fef9a,Restaurant 1690,5529 Main St,Philadelphia,OH,24375,40.796569,-71.728938,1.5,1632,False,"Coffee & Tea, Restaurants, Food",2024-01-01 00:00:00,2024-01-01
69c953a8-0893-47fb-bf31-e98c3b0692a6,Restaurant 1691,4180 Main St,Philadelphia,PA,60764,42.842023,-80.625854,2.0,3087,True,"Italian, Restaurants, Food",2024-01-01 00:00:00,2024-01-01
6153cd4a-1c53-4bf8-8ca6-d7f2d5096151,Restaurant 1692,3092 Main St,Philadelphia,NY,54573,44.908009,-92.90366,4.5,1874,False,"Sushi, Restaurants, Food",2024-01-01 00:00:00,2024-01-01
e0cdf24e-971c-45e5-8caf-e86683e62ffb,Restaurant 1693,1763 Main St,Philadelphia,TX,28245,28.035977,-71.166169,1.0,3589,False,"Chinese, Restaurants, Food",2024-01-01 00:00:00,2024-01-01
77432ed4-b6e5-48a3-abef-3838d91d0435,Restaurant 1694,7144 Main St,Philadelphia,PA,78835,45.646858,-104.744144,5.0,872,False,"Coffee & Tea, Restaurants, Food",2024-01-01 00:00:00,2024-01-01
ce9cdd1e-1f2e-4460-a1fd-81cb914b5145,Restaurant 1695,649 Main St,Philadelphia,FL,67185,37.817476,-101.775962,1.5,715,False,"Chinese, Restaurants, Food",2024-01-01 00:00:00,2024-01-01
4d564c9d-b91f-4f14-8004-608d7b01c0bb,Restaurant 1696,7876 Main St,Philadelphia,OH,76468,46.143312,-75.136107,2.0,992,True,"Thai, Restaurants, Food",2024-01-01 00:00:00,2024-01-01
9f3dff24-a5d7-4924-8e12-bba837b933f5,Restaurant 1697,1515 Main St,Philadelphia,CO,34483,40.286742,-100.464384,5.0,3059,False,"Coffee & Tea, Restaurants, Food",2024-01-01 00:00:00,2024-01-01
3995e609-6a53-4a4e-ab7b-ae04dc7c3a7d,Restaurant 1698,1194 Main St,Philadelphia,TX,86299,34.504883,-94.218338,2.5,1659,True,"Italian, Restaurants, Food",2024-01-01 00:00:00,2024-01-01
bebf80be-64fe-47e6-ac48-6320dc98e4d2,Restaurant 1699,2282 Main St,Philadelphia,OH,11467,33.552747,-96.939218,1.0,924,False,"Seafood, Restaurants, Food",2024-01-01 00:00:00,2024-01-01
966ffa93-4e00-4238-84d3-eb99b7b8b574,Restaurant 1700,8792 Main St,Philadelphia,PA,49759,45.248847,-117.461601,2.5,3936,True,"Mexican, Restaurants, Food",2024-01-01 00:00:00,2024-01-01
099ce46c-3d6d-4e29-a8ad-7c61e3897eda,Restaurant 1701,7878 Main St,Philadelphia,AZ,72748,29.924817,-115.517012,5.0,4436,True,"Thai, Restaurants, Food",2024-01-01 00:00:00,2024-01-01
30d6bd4d-7fcf-40ce-a7c2-ebc6a27a55cf,Restaurant 1702,2180 Main St,Philadelphia,WA,29058,44.807266,-121.260329,5.0,595,True,"Mexican, Restaurants, Food",2024-01-01 00:00:00,2024-01-01
98a248b0-a39d-4ca9-9bac-f0d321f78b27,Restaurant 1703,6874 Main St,Philadelphia,IL,39536,44.04344,-102.648469,4.0,352,False,"Burgers, Restaurants, Food",2024-01-01 00:00:00,2024-01-01
4be517bb-bb0c-411b-9b63-724270e10e30,Restaurant 1704,553 Main St,Philadelphia,NY,98035,41.709391,-104.447477,4.5,4968,True,"Thai, Restaurants, Food",2024-01-01 00:00:00,2024-01-01
5ebe950a-bb5a-44d1-8816-35cd95e812a4,Restaurant 1705,7953 Main St,Philadelphia,CO,76787,45.441115,-89.467747,2.0,1978,False,"Coffee & Tea, Restaurants, Food",2024-01-01 00:00:00,2024-01-01
60007bf6-ac09-4646-a21e-c3986465cdb9,Restaurant 1706,1329 Main St,Philadelphia,OH,88619,25.711022,-121.351631,1.5,1193,True,"Chinese, Restaurants, Food",2024-01-01 00:00:00,2024-01-01
487b4477-a043-4e33-aa0d-2db6c5764be7,Restaurant 1707,4644 Main St,Philadelphia,OH,46809,35.683663,-80.625374,3.5,2487,False,"Italian, Restaurants, Food",2024-01-01 00:00:00,2024-01-01
fe744ad3-3023-4fc7-b72f-43f7e015b764,Restaurant 1708,7799 Main St,Philadelphia,WA,73935,33.880159,-77.086252,5.0,4958,True,"Coffee & Tea, Restaurants, Food",2024-01-01 00:00:00,2024-01-01
0181e513-a7ee-4f98-8a4e-8ccbfeb1b0ad,Restaurant 1709,5622 Main St,Philadelphia,CA,74182,47.430213,-95.699349,1.5,2062,False,"Italian, Restaurants, Food",2024-01-01 00:00:00,2024-01-01
40520127-6c28-4142-bdad-a6feffa9925f,Restaurant 1710,4834 Main St,Philadelphia,CO,77307,30.240371,-74.024909,3.5,1962,True,"Chinese, Restaurants, Food",2024-01-01 00:00:00,2024-01-01
332cc67d-b317-4dbd-a7fd-de8fe2c56e27,Restaurant 1711,5119 Main St,Philadelphia,NY,53908,36.906451,-102.365342,3.0,4897,False,"Mexican, Restaurants, Food",2024-01-01 00:00:00,2024-01-01
331f735b-c7b3-4baf-9fbe-2d65340cc058,Restaurant 1712,2381 Main St,Philadelphia,FL,34899,40.803378,-105.118218,5.0,4530,False,"Mexican, Restaurants, Food",2024-01-01 00:00:00,2024-01-01
b0fe070f-91d6-4e65-b0a1-018c0830ad5c,Restaurant 1713,7680 Main St,Philadelphia,CO,78172,28.988559,-85.147402,3.0,2024,True,"Seafood, Restaurants, Food",2024-01-01 00:00:00,2024-01-01
99b19f1e-2ade-40da-ba17-f273c3d1e7ad,Restaurant 1714,5627 Main St,Philadelphia,TX,94866,43.620282,-104.375076,4.0,3968,False,"Seafood, Restaurants, Food",2024-01-01 00:00:00,2024-01-01
dbdd8700-4315-45f7-9787-ba083cc18cdc,Restaurant 1715,7621 Main St,Philadelphia,WA,54747,28.365818,-91.670893,3.0,1020,False,"American (New), Restaurants, Food",2024-01-01 00:00:00,2024-01-01
907086a2-cf58-43c1-8fa8-8d1779f622d2,Restaurant 1716,6540 Main St,Philadelphia,PA,18722,29.345346,-73.62329,4.5,3726,False,"American (New), Restaurants, Food",2024-01-01 00:00:00,2024-01-01
732f9aad-10ee-41c1-b129-412efae5772b,Restaurant 1717,9397 Main St,Philadelphia,OH,36108,31.111128,-71.01323,4.5,4877,True,"Coffee & Tea, Restaurants, Food",2024-01-01 00:00:00,2024-01-01
6e7fa0cf-0278-43d8-ae57-9325be81c9eb,Restaurant 1718,7262 Main St,Philadelphia,OH,51044,27.74723,-115.03924,3.5,447,True,"Sushi, Restaurants, Food",2024-01-01 00:00:00,2024-01-01
315e2a7b-c6e0-4757-8b74-50654834d1ab,Restaurant 1719,4644 Main St,Philadelphia,CA,81891,37.310121,-117.991784,1.5,3468,True,"Pizza, Restaurants, Food",2024-01-01 00:00:00,2024-01-01
a60b2ced-0120-45b6-bad7-333819ca5436,Restaurant 1720,9382 Main St,Philadelphia,PA,11291,27.562937,-71.274006,3.0,2329,False,"Mexican, Restaurants, Food",2024-01-01 00:00:00,2024-01-01
11264f5b-26e6-45b1-88b4-67e23deb3a46,Restaurant 1721,3876 Main St,Philadelphia,NY,91043,38.88421,-83.655039,5.0,2897,True,"Thai, Restaurants, Food",2024-01-01 00:00:00,2024-01-01
5c76f01b-cdd1-4c2f-bb23-581dce161f86,Restaurant 1722,476 Main St,Philadelphia,WA,86561,32.284509,-112.907023,4.0,1665,True,"Thai, Restaurants, Food",2024-01-01 00:00:00,2024-01-01
e2e03bb4-3865-4986-8202-d0e2e96a87d0,Restaurant 1723,1593 Main St,Philadelphia,CO,90495,47.509467,-110.164896,4.5,1021,True,"Mexican, Restaurants, Food",2024-01-01 00:00:00,2024-01-01
88abaa52-b757-4ac5-9065-60ba401e1bd4,Restaurant 1724,6758 Main St,Philadelphia,NY,41722,35.568652,-115.889659,2.0,1806,False,"Sushi, Restaurants, Food",2024-01-01 00:00:00,2024-01-01
a90d01c0-750d-4f9a-90d8-d1b2ea8cd97a,Restaurant 1725,151 Main St,Philadelphia,NY,97970,32.095367,-93.119934,4.0,3655,True,"Mexican, Restaurants, Food",2024-01-01 00:00:00,2024-01-01
eb880677-9120-40b4-a878-424e5cb1004b,Restaurant 1726,1744 Main St,Philadelphia,CA,63547,41.385775,-100.660984,4.0,3115,True,"American (New), Restaurants, Food",2024-01-01 00:00:00,2024-01-01
5317d8c8-53d0-4405-b376-dfe0d224f6b9,Restaurant 1727,4551 Main St,Philadelphia,NY,98252,36.304956,-81.572673,5.0,2805,False,"Pizza, Restaurants, Food",2024-01-01 00:00:00,2024-01-01
4396ea78-8d4c-41eb-8561-e509ac2c5ee6,Restaurant 1728,8276 Main St,Philadelphia,WA,90692,33.921715,-100.679579,2.5,3056,True,"Sushi, Restaurants, Food",2024-01-01 00:00:00,2024-01-01
14502461-2f7f-4cd1-b291-814efd75938d,Restaurant 1729,9946 Main St,Philadelphia,OH,32070,43.125609,-113.6078,3.5,2894,False,"Italian, Restaurants, Food",2024-01-01 00:00:00,2024-01-01
05866ac1-635d-4636-8682-5b28b5aedc85,Restaurant 1730,4175 Main St,Philadelphia,FL,40263,33.727213,-76.724819,1.0,4615,True,"Sushi, Restaurants, Food",2024-01-01 00:00:00,2024-01-01
044514f5-edb7-4ae4-8c09-f3d6bc986d99,Restaurant 1731,7509 Main St,Philadelphia,PA,60969,38.1481,-105.226369,1.0,4022,False,"Coffee & Tea, Restaurants, Food",2024-01-01 00:00:00,2024-01-01
c4aa683a-a827-4485-950d-10854a337f42,Restaurant 1732,7049 Main St,Philadelphia,CA,67325,30.863292,-112.429374,3.5,2129,False,"Thai, Restaurants, Food",2024-01-01 00:00:00,2024-01-01
5e0405cc-e039-43c1-9654-c2b16d645bd6,Restaurant 1733,2861 Main St,Philadelphia,NY,86741,39.835206,-92.049213,2.5,298,False,"Chinese, Restaurants, Food",2024-01-01 00:00:00,2024-01-01
20191d69-1d79-4e4e-8a1b-96b778ba2eb2,Restaurant 1734,886 Main St,Philadelphia,NY,21792,41.263405,-116.268548,5.0,411,False,"Sushi, Restaurants, Food",2024-01-01 00:00:00,2024-01-01
ffb016fe-5c94-4b27-8807-f62b064d3ed1,Restaurant 1735,8705 Main St,Philadelphia,FL,69388,28.427675,-117.210128,4.0,2282,True,"Mexican, Restaurants, Food",2024-01-01 00:00:00,2024-01-01
1816b749-3afa-4271-a0c1-3ec8f5d22052,Restaurant 1736,6808 Main St,Philadelphia,FL,31840,36.971683,-112.25014,1.5,428,True,"Italian, Restaurants, Food",2024-01-01 00:00:00,2024-01-01
438ab3c1-c8ca-4eb9-91f8-cde2979b042c,Restaurant 1737,9077 Main St,Philadelphia,AZ,65478,45.583206,-112.006513,2.5,4937,True,"Sushi, Restaurants, Food",2024-01-01 00:00:00,2024-01-01
d9890ea1-fe6c-4e8b-99e7-0d4da31c948a,Restaurant 1738,1763 Main St,Philadelphia,FL,33426,37.280926,-82.151738,5.0,3023,True,"Thai, Restaurants, Food",2024-01-01 00:00:00,2024-01-01
a79caa7f-78f3-46de-9b81-7cb27adce251,Restaurant 1739,8843 Main St,Philadelphia,TX,42197,43.098892,-107.098718,2.0,2231,True,"American (New), Restaurants, Food",2024-01-01 00:00:00,2024-01-01
090b82e7-f66c-48a2-b7b7-e9644f658f7e,Restaurant 1740,8365 Main St,Philadelphia,PA,61616,28.103829,-122.341054,2.0,1084,True,"Seafood, Restaurants, Food",2024-01-01 00:00:00,2024-01-01
4193bff4-85df-4d06-8cd8-563b046dcac4,Restaurant 1741,6116 Main St,Philadelphia,CO,46605,35.63532,-99.978071,1.5,2034,True,"Seafood, Restaurants, Food",2024-01-01 00:00:00,2024-01-01
cf7eea88-f042-401e-bb38-024312da85a3,Restaurant 1742,792 Main St,Philadelphia,CA,59469,28.125798,-109.203863,5.0,4014,False,"American (New), Restaurants, Food",2024-01-01 00:00:00,2024-01-01
0ae8cdd2-0286-42fe-8594-c92586ed2c02,Restaurant 1743,8971 Main St,Philadelphia,OH,78819,35.732265,-89.395571,5.0,2900,False,"Italian, Restaurants, Food",2024-01-01 00:00:00,2024-01-01
9df4dd8f-48d4-450c-9098-69d9e684ca28,Restaurant 1744,8676 Main St,Philadelphia,OH,31875,36.572509,-97.515032,1.0,1695,True,"Seafood, Restaurants, Food",2024-01-01 00:00:00,2024-01-01
937b7d2f-92ca-488e-adbb-e206cf356f1a,Restaurant 1745,6121 Main St,Philadelphia,FL,25143,38.901102,-102.317285,4.0,2454,False,"Pizza, Restaurants, Food",2024-01-01 00:00:00,2024-01-01
3e11acff-1e98-4497-91eb-ebf47266d18c,Restaurant 1746,5253 Main St,Philadelphia,AZ,36044,42.257162,-113.143626,2.0,3686,True,"Italian, Restaurants, Food",2024-01-01 00:00:00,2024-01-01
3e0398f8-e0f9-455b-bfa5-ffccefd9ee9d,Restaurant 1747,6593 Main St,Philadelphia,NY,28653,25.376695,-112.511068,4.5,2072,False,"Burgers, Restaurants, Food",2024-01-01 00:00:00,2024-01-01
69a13d4c-e4fb-4480-a5ad-8bb87dc6d7be,Restaurant 1748,7740 Main St,Philadelphia,AZ,58702,45.294819,-99.518538,4.0,421,True,"Thai, Restaurants, Food",2024-01-01 00:00:00,2024-01-01
7eb68238-8d3a-41cd-bf34-7ea52f78ba9f,Restaurant 1749,1759 Main St,Philadelphia,FL,59025,26.221745,-99.420082,4.0,3551,True,"Seafood, Restaurants, Food",2024-01-01 00:00:00,2024-01-01
340ac7e4-b010-449a-b089-73707ad5dcc4,Restaurant 1750,4916 Main St,Philadelphia,IL,77182,37.686955,-122.771157,4.5,556,False,"Chinese, Restaurants, Food",2024-01-01 00:00:00,2024-01-01
16e7545f-2339-4e04-ba96-f94872584363,Restaurant 1751,3269 Main St,Philadelphia,FL,76416,28.816744,-70.434524,2.0,4601,False,"Pizza, Restaurants, Food",2024-01-01 00:00:00,2024-01-01
479fbf55-f994-4d16-bb7b-653d9cffcd1e,Restaurant 1752,504 Main St,Philadelphia,WA,38664,39.505514,-104.580346,4.5,3305,False,"Seafood, Restaurants, Food",2024-01-01 00:00:00,2024-01-01
6c5da0ab-aed4-4d3b-b115-28663e5752a7,Restaurant 1753,7641 Main St,Philadelphia,IL,91496,32.510527,-104.761786,5.0,4798,True,"Coffee & Tea, Restaurants, Food",2024-01-01 00:00:00,2024-01-01
36511ffd-bb68-4b99-91be-d0300986f517,Restaurant 1754,8087 Main St,Philadelphia,OH,77367,25.831586,-82.138067,5.0,552,True,"Burgers, Restaurants, Food",2024-01-01 00:00:00,2024-01-01
fa0c3273-42e2-48c6-8a26-134d68ef12fc,Restaurant 1755,5509 Main St,Philadelphia,AZ,93257,31.143435,-117.178382,2.5,764,False,"Italian, Restaurants, Food",2024-01-01 00:00:00,2024-01-01
46dfbcd2-f634-47ac-90bd-36d96f4c9cc3,Restaurant 1756,6561 Main St,Philadelphia,NY,15490,26.012309,-124.33369,2.0,1594,False,"Seafood, Restaurants, Food",2024-01-01 00:00:00,2024-01-01
1b140f4b-36b0-4da2-95fc-a341cbc7bf11,Restaurant 1757,3272 Main St,Philadelphia,OH,29876,34.818964,-93.749724,2.5,5,True,"Thai, Restaurants, Food",2024-01-01 00:00:00,2024-01-01
ebb42deb-0250-485d-846a-f81180bfb977,Restaurant 1758,713 Main St,Philadelphia,FL,73263,43.10128,-112.949805,2.0,4043,True,"Sushi, Restaurants, Food",2024-01-01 00:00:00,2024-01-01
829581db-133a-4308-b9f1-be8420365389,Restaurant 1759,7630 Main St,Philadelphia,IL,90844,41.742204,-104.533599,4.5,2115,False,"Chinese, Restaurants, Food",2024-01-01 00:00:00,2024-01-01
e523e5b8-b3f9-4ee9-81b2-e07b8aa0e5d3,Restaurant 1760,8729 Main St,Philadelphia,TX,97523,40.685018,-85.588974,5.0,2286,True,"Mexican, Restaurants, Food",2024-01-01 00:00:00,2024-01-01
1c31c32d-80c1-410c-a3bf-190d0c851ecd,Restaurant 1761,464 Main St,Philadelphia,OH,73359,31.260336,-73.303297,3.0,4087,False,"Pizza, Restaurants, Food",2024-01-01 00:00:00,2024-01-01
fe2a4fb5-d947-46d0-8ad1-3337a6b03e9c,Restaurant 1762,9794 Main St,Philadelphia,FL,43769,27.449426,-116.861542,2.5,1794,True,"Coffee & Tea, Restaurants, Food",2024-01-01 00:00:00,2024-01-01
ba4c93b3-a4fe-4818-9818-cf61c2373579,Restaurant 1763,2610 Main St,Philadelphia,CA,81068,36.634404,-102.304524,4.0,3435,False,"Italian, Restaurants, Food",2024-01-01 00:00:00,2024-01-01
e84a0b9a-5553-40b7-a29c-96af2b4997c2,Restaurant 1764,1429 Main St,Philadelphia,NY,31292,39.330337,-72.832961,1.5,2572,True,"Burgers, Restaurants, Food",2024-01-01 00:00:00,2024-01-01
88a24757-080c-458f-bb67-37f8ee7ce9de,Restaurant 1765,6750 Main St,Philadelphia,OH,30191,34.527127,-71.190276,3.5,3035,True,"Italian, Restaurants, Food",2024-01-01 00:00:00,2024-01-01
5ef3ae86-fb41-4e68-a639-ff743f58be16,Restaurant 1766,3961 Main St,Philadelphia,AZ,74469,46.340217,-103.201043,2.5,3321,False,"Mexican, Restaurants, Food",2024-01-01 00:00:00,2024-01-01
a08276e4-7acc-4d1f-93df-07eb1e0a40c9,Restaurant 1767,4793 Main St,Philadelphia,NY,90028,43.504179,-106.513879,3.5,4862,False,"Sushi, Restaurants, Food",2024-01-01 00:00:00,2024-01-01
105993d8-e4da-46a8-abb1-76363d389fd0,Restaurant 1768,1749 Main St,Philadelphia,CA,20788,43.312469,-124.533058,5.0,3511,False,"Sushi, Restaurants, Food",2024-01-01 00:00:00,2024-01-01
dbe58fa5-b956-40ae-9b69-4ab317374c20,Restaurant 1769,2588 Main St,Philadelphia,PA,10273,35.837787,-123.202346,3.0,3005,False,"Seafood, Restaurants, Food",2024-01-01 00:00:00,2024-01-01
1a9835d6-d43e-4d3f-b2bb-dcf373b3484e,Restaurant 1770,1533 Main St,Philadelphia,PA,31655,45.536234,-106.842204,1.0,4775,True,"Pizza, Restaurants, Food",2024-01-01 00:00:00,2024-01-01
30bac6ad-a2b2-4657-bb1f-ff60dfa73965,Restaurant 1771,103 Main St,Philadelphia,NY,32273,45.632291,-79.669499,4.5,881,False,"Seafood, Restaurants, Food",2024-01-01 00:00:00,2024-01-01
5fecb5c9-9051-42ef-b6eb-47ace5c01733,Restaurant 1772,4874 Main St,Philadelphia,CO,78955,26.648716,-91.299467,2.0,533,False,"Seafood, Restaurants, Food",2024-01-01 00:00:00,2024-01-01
f5af287b-b3f0-46ef-ab9a-11ef025dea2d,Restaurant 1773,4359 Main St,Philadelphia,TX,94340,42.849729,-96.68097,4.5,4969,True,"Italian, Restaurants, Food",2024-01-01 00:00:00,2024-01-01
0f04faf4-392e-452d-b9ce-ec184e8cf520,Restaurant 1774,624 Main St,Philadelphia,OH,54388,40.295197,-86.780018,4.5,2939,False,"Italian, Restaurants, Food",2024-01-01 00:00:00,2024-01-01
202b9cba-a4f0-4df2-b806-6685ff304512,Restaurant 1775,6671 Main St,Philadelphia,OH,40818,43.267923,-78.408243,3.5,1725,True,"Coffee & Tea, Restaurants, Food",2024-01-01 00:00:00,2024-01-01
5014fdcd-9788-4159-89ef-8f368961bc92,Restaurant 1776,2536 Main St,Philadelphia,TX,14823,26.827422,-92.67743,1.5,1210,True,"Coffee & Tea, Restaurants, Food",2024-01-01 00:00:00,2024-01-01
4f545fee-c809-4856-a41d-231ee876432a,Restaurant 1777,2166 Main St,Philadelphia,TX,19626,31.496931,-106.699948,3.5,4746,True,"Coffee & Tea, Restaurants, Food",2024-01-01 00:00:00,2024-01-01
f596883b-faf0-418c-812d-89fa7f03a979,Restaurant 1778,7232 Main St,Philadelphia,OH,26071,46.387085,-88.245186,5.0,4815,False,"Mexican, Restaurants, Food",2024-01-01 00:00:00,2024-01-01
89a84829-6b04-47b8-86c7-25e0f87d8bdf,Restaurant 1779,7853 Main St,Philadelphia,PA,57737,28.600212,-114.468127,1.5,401,True,"Italian, Restaurants, Food",2024-01-01 00:00:00,2024-01-01
df005355-974d-4b96-ad96-6f4a79e974a1,Restaurant 1780,6482 Main St,Philadelphia,TX,75223,35.660591,-71.839611,3.5,3684,True,"Chinese, Restaurants, Food",2024-01-01 00:00:00,2024-01-01
14ec3205-bfb5-4268-91de-7596fb57f2e0,Restaurant 1781,7019 Main St,Philadelphia,IL,84261,44.967079,-114.882096,2.0,2053,False,"Sushi, Restaurants, Food",2024-01-01 00:00:00,2024-01-01
61393ab1-25bf-4281-9b35-eff55f0ed03b,Restaurant 1782,8077 Main St,Philadelphia,IL,29420,25.966586,-117.281246,5.0,4948,False,"Italian, Restaurants, Food",2024-01-01 00:00:00,2024-01-01
5f3ba672-bb5c-47f6-a06a-6aee121dc288,Restaurant 1783,3413 Main St,Philadelphia,TX,64771,25.884329,-124.492617,3.5,2810,False,"Chinese, Restaurants, Food",2024-01-01 00:00:00,2024-01-01
f77d017f-c133-43b1-a15b-c9fdc279c1bb,Restaurant 1784,144 Main St,Philadelphia,CA,73281,42.746065,-71.689925,2.5,1730,True,"Chinese, Restaurants, Food",2024-01-01 00:00:00,2024-01-01
321c66f8-62f6-434b-b2f7-38b2961dc1a3,Restaurant 1785,8373 Main St,Philadelphia,FL,79582,33.985874,-95.919566,2.5,3564,True,"Coffee & Tea, Restaurants, Food",2024-01-01 00:00:00,2024-01-01
c3141098-f7e6-4620-bb43-ad948f4ede14,Restaurant 1786,9782 Main St,Philadelphia,WA,48036,37.392222,-83.432453,1.0,2331,False,"Pizza, Restaurants, Food",2024-01-01 00:00:00,2024-01-01
56fbc620-8ace-4504-91fe-b6093cd3648f,Restaurant 1787,6773 Main St,Philadelphia,CO,92187,47.196972,-121.546084,4.0,3798,True,"Chinese, Restaurants, Food",2024-01-01 00:00:00,2024-01-01
5da2c863-e7fe-4da5-b849-dd39b5615e8d,Restaurant 1788,9781 Main St,Philadelphia,NY,68886,31.088112,-75.966774,1.0,1880,False,"Burgers, Restaurants, Food",2024-01-01 00:00:00,2024-01-01
0886f332-97bd-48a7-82b2-a51d36b96a6c,Restaurant 1789,4447 Main St,Philadelphia,PA,79565,30.272079,-112.800948,4.5,1958,False,"Pizza, Restaurants, Food",2024-01-01 00:00:00,2024-01-01
d7a8993e-9fb0-4cce-a638-5c0d6d8ab99d,Restaurant 1790,7145 Main St,Philadelphia,PA,19975,43.454997,-109.950091,5.0,3415,True,"American (New), Restaurants, Food",2024-01-01 00:00:00,2024-01-01
e73cc532-82c3-4beb-9289-5d3d013cf4ca,Restaurant 1791,5116 Main St,Philadelphia,CO,96941,26.177501,-70.612239,2.5,4376,False,"Sushi, Restaurants, Food",2024-01-01 00:00:00,2024-01-01
5d398ccd-65c5-41fd-be43-75cff44cc60c,Restaurant 1792,3947 Main St,Philadelphia,OH,83499,41.691588,-115.251981,2.5,117,False,"Sushi, Restaurants, Food",2024-01-01 00:00:00,2024-01-01
f17eb6e3-1383-4fde-91a0-894f8eed23b6,Restaurant 1793,5486 Main St,Philadelphia,NY,72896,25.475891,-117.856739,3.0,1385,False,"Italian, Restaurants, Food",2024-01-01 00:00:00,2024-01-01
56330a1b-d982-4ee7-aab9-a723c03812be,Restaurant 1794,6908 Main St,Philadelphia,TX,65895,29.694147,-115.985099,1.5,2366,False,"American (New), Restaurants, Food",2024-01-01 00:00:00,2024-01-01
f8b93329-c27d-4c1b-9b9c-5c1e16ea4c92,Restaurant 1795,9089 Main St,Philadelphia,CA,19991,47.604713,-76.972836,1.0,1963,True,"Italian, Restaurants, Food",2024-01-01 00:00:00,2024-01-01
a8a17e62-886c-4c3a-8eb1-4bccaff7f2db,Restaurant 1796,3032 Main St,Philadelphia,CA,69151,32.763186,-97.474531,5.0,3812,True,"Coffee & Tea, Restaurants, Food",2024-01-01 00:00:00,2024-01-01
3d181fe5-f907-44ec-a20b-bc802e446d66,Restaurant 1797,4659 Main St,Philadelphia,CA,56695,43.147001,-105.571791,4.0,1551,False,"Pizza, Restaurants, Food",2024-01-01 00:00:00,2024-01-01
b7e1aead-c202-40b2-b6cd-90a9d21ae283,Restaurant 1798,1515 Main St,Philadelphia,CA,31271,28.353698,-116.181309,5.0,1591,False,"Chinese, Restaurants, Food",2024-01-01 00:00:00,2024-01-01
a916af62-8411-4776-bcae-f5188dbc62ef,Restaurant 1799,588 Main St,Philadelphia,IL,61023,43.231302,-101.217915,5.0,3297,True,"Thai, Restaurants, Food",2024-01-01 00:00:00,2024-01-01
99917411-2697-414b-bbb6-96cd7ce902c9,Restaurant 1800,3215 Main St,Philadelphia,CO,93556,36.118732,-92.750504,1.5,1858,False,"American (New), Restaurants, Food",2024-01-01 00:00:00,2024-01-01
62bedf81-0241-465c-9ca8-c7f7a1daa4fc,Restaurant 1801,7601 Main St,Philadelphia,OH,52233,39.77813,-114.048781,1.0,299,False,"Mexican, Restaurants, Food",2024-01-01 00:00:00,2024-01-01
abadbe72-251b-4bc9-9985-95a2e42f872f,Restaurant 1802,160 Main St,Philadelphia,CO,56585,25.393791,-88.448087,3.5,2775,False,"Pizza, Restaurants, Food",2024-01-01 00:00:00,2024-01-01
caa4e8e6-b27d-4604-8ea8-097cd33b0093,Restaurant 1803,5263 Main St,Philadelphia,AZ,21170,28.083831,-119.721245,5.0,4600,True,"Seafood, Restaurants, Food",2024-01-01 00:00:00,2024-01-01
0d069d96-4d81-4a89-a77f-b7ca1c1cc1e3,Restaurant 1804,2324 Main St,Philadelphia,AZ,74794,37.732457,-94.661748,3.5,982,True,"Chinese, Restaurants, Food",2024-01-01 00:00:00,2024-01-01
cce69774-c5bb-4b19-b9f3-cf940572909f,Restaurant 1805,4131 Main St,Philadelphia,FL,80396,43.909785,-108.860178,1.5,450,False,"Thai, Restaurants, Food",2024-01-01 00:00:00,2024-01-01
00739be5-dea4-456e-bc21-eb5f1750ede5,Restaurant 1806,4331 Main St,Philadelphia,OH,30058,31.455366,-78.264465,1.5,4350,False,"Sushi, Restaurants, Food",2024-01-01 00:00:00,2024-01-01
45aee23a-43ec-462c-b45f-fe290bccce34,Restaurant 1807,8263 Main St,Philadelphia,FL,49298,34.35803,-123.561872,3.0,2685,True,"Sushi, Restaurants, Food",2024-01-01 00:00:00,2024-01-01
edf19b2a-4c60-445c-9f87-214b85a41e4b,Restaurant 1808,2351 Main St,Philadelphia,WA,89024,38.789557,-119.493256,1.5,780,False,"Chinese, Restaurants, Food",2024-01-01 00:00:00,2024-01-01
3eb4aa66-55ee-4cb6-8cdb-b2c69fc65daa,Restaurant 1809,5315 Main St,Philadelphia,CA,33936,38.257461,-92.977449,1.5,1897,True,"Italian, Restaurants, Food",2024-01-01 00:00:00,2024-01-01
e8e92be2-af99-4a86-bbe2-6b085847e77d,Restaurant 1810,5203 Main St,Philadelphia,WA,80950,45.998384,-120.618527,5.0,4730,False,"American (New), Restaurants, Food",2024-01-01 00:00:00,2024-01-01
354cf501-9e20-471b-be69-2d02fadff0f7,Restaurant 1811,4974 Main St,Philadelphia,CA,62907,42.302944,-122.759441,4.0,762,False,"Italian, Restaurants, Food",2024-01-01 00:00:00,2024-01-01
d67074e4-aa4d-4205-953b-a0ea65c14a2f,Restaurant 1812,952 Main St,Philadelphia,TX,19010,27.169244,-73.041717,1.0,876,False,"Pizza, Restaurants, Food",2024-01-01 00:00:00,2024-01-01
73eb2659-3e0e-4f8a-828b-87772c5e713f,Restaurant 1813,7787 Main St,Philadelphia,IL,63213,37.465181,-110.464476,5.0,2029,True,"Chinese, Restaurants, Food",2024-01-01 00:00:00,2024-01-01
2c36338c-58f6-4d55-9b3e-5b16c9028c29,Restaurant 1814,2858 Main St,Philadelphia,TX,94998,46.117752,-86.461639,1.5,138,False,"Mexican, Restaurants, Food",2024-01-01 00:00:00,2024-01-01
41c75614-7f1c-4a71-b576-0d9b214a0ec6,Restaurant 1815,2175 Main St,Philadelphia,TX,99449,36.722742,-70.569423,1.0,4285,False,"Seafood, Restaurants, Food",2024-01-01 00:00:00,2024-01-01
3b301716-6d78-49a3-840f-0f62e7dc73fd,Restaurant 1816,3172 Main St,Philadelphia,AZ,81770,30.471969,-101.365229,4.0,1577,False,"Chinese, Restaurants, Food",2024-01-01 00:00:00,2024-01-01
4f5cc927-93b0-4243-b15a-eaa0348879b2,Restaurant 1817,2331 Main St,Philadelphia,OH,87433,34.465489,-93.191757,3.0,2041,True,"Burgers, Restaurants, Food",2024-01-01 00:00:00,2024-01-01
d4308e7b-3a78-4c99-8c00-94d3d130a68d,Restaurant 1818,4277 Main St,Philadelphia,CO,75231,25.033411,-118.69641,2.5,2073,True,"Seafood, Restaurants, Food",2024-01-01 00:00:00,2024-01-01
a0d05f5e-9473-46ca-9f7a-447cf8368598,Restaurant 1819,3120 Main St,Philadelphia,CO,25725,47.24501,-111.317093,1.0,1892,True,"Pizza, Restaurants, Food",2024-01-01 00:00:00,2024-01-01
b0208c23-6bb2-4f10-89bd-a40a8ca59d8f,Restaurant 1820,1282 Main St,Philadelphia,OH,27427,47.200058,-109.789801,1.5,4707,True,"Mexican, Restaurants, Food",2024-01-01 00:00:00,2024-01-01
f9e82551-de34-4683-bb68-bb5ca02f460b,Restaurant 1821,1914 Main St,Philadelphia,PA,64179,27.459934,-113.65166,2.0,1205,True,"Chinese, Restaurants, Food",2024-01-01 00:00:00,2024-01-01
9b3a55a1-63c6-4834-8600-c347beb4e796,Restaurant 1822,5426 Main St,Philadelphia,OH,59640,40.168965,-87.582701,4.5,1652,True,"Mexican, Restaurants, Food",2024-01-01 00:00:00,2024-01-01
b9e6336b-3237-4308-849b-dd709625434a,Restaurant 1823,6476 Main St,Philadelphia,IL,34641,45.008875,-77.803753,2.5,4014,False,"Italian, Restaurants, Food",2024-01-01 00:00:00,2024-01-01
354ce2aa-2473-4e64-aa74-e05faf579b75,Restaurant 1824,7267 Main St,Philadelphia,PA,43044,25.07032,-99.502962,1.0,489,False,"American (New), Restaurants, Food",2024-01-01 00:00:00,2024-01-01
b2b3c335-7e91-4a34-a7f4-e88ebd6c27d2,Restaurant 1825,4836 Main St,Philadelphia,NY,64185,27.539579,-109.203453,3.0,2289,True,"Burgers, Restaurants, Food",2024-01-01 00:00:00,2024-01-01
f51976dd-8d54-4115-a504-6f6366b3af30,Restaurant 1826,325 Main St,Philadelphia,AZ,79414,26.501786,-100.006402,3.0,1838,False,"Mexican, Restaurants, Food",2024-01-01 00:00:00,2024-01-01
e9a03872-8b56-4582-8a1b-5243912b9689,Restaurant 1827,4615 Main St,Philadelphia,AZ,61196,31.201708,-98.580734,4.5,1094,True,"Mexican, Restaurants, Food",2024-01-01 00:00:00,2024-01-01
7fcf8176-aea3-4776-adee-69b64556a1c9,Restaurant 1828,8061 Main St,Philadelphia,OH,38688,47.689342,-94.653939,2.0,900,False,"Chinese, Restaurants, Food",2024-01-01 00:00:00,2024-01-01
4c34dbf0-0d16-429e-910b-9184e99eb21b,Restaurant 1829,8652 Main St,Philadelphia,FL,22954,31.251679,-88.79384,3.0,3308,True,"Sushi, Restaurants, Food",2024-01-01 00:00:00,2024-01-01
fa25eb9e-7606-4dd5-b696-7ceda8673603,Restaurant 1830,9392 Main St,Philadelphia,CA,41617,45.67184,-111.134568,2.5,4555,True,"Coffee & Tea, Restaurants, Food",2024-01-01 00:00:00,2024-01-01
cc11e4fc-5b59-4c13-b6e4-887b745626ce,Restaurant 1831,8756 Main St,Philadelphia,PA,29542,47.048295,-106.994283,5.0,3439,False,"Pizza, Restaurants, Food",2024-01-01 00:00:00,2024-01-01
aa1121a3-be59-47f5-b669-73dd401b7500,Restaurant 1832,7981 Main St,Philadelphia,NY,34559,27.494723,-108.151407,4.0,2058,False,"Seafood, Restaurants, Food",2024-01-01 00:00:00,2024-01-01
e1a263b5-5bb8-442b-9a1c-5b65094dc2d2,Restaurant 1833,3368 Main St,Philadelphia,OH,97796,44.363931,-91.913522,3.5,788,False,"Coffee & Tea, Restaurants, Food",2024-01-01 00:00:00,2024-01-01
d3c2a1c5-fd88-4c8f-94a0-d9a98010e013,Restaurant 1834,3315 Main St,Philadelphia,NY,52561,26.053479,-106.511861,4.5,1976,False,"Coffee & Tea, Restaurants, Food",2024-01-01 00:00:00,2024-01-01
5fb4184a-f204-4ed7-952f-e1705bc34999,Restaurant 1835,3828 Main St,Philadelphia,OH,83719,25.377922,-120.805245,2.0,1895,False,"Pizza, Restaurants, Food",2024-01-01 00:00:00,2024-01-01
3e5f8ca8-dd5c-485a-a827-1a8b3404dc65,Restaurant 1836,3458 Main St,Philadelphia,AZ,64048,37.304556,-84.376155,1.5,4494,False,"Thai, Restaurants, Food",2024-01-01 00:00:00,2024-01-01
bb14f7e8-a672-46ae-931e-24abbbe71421,Restaurant 1837,3716 Main St,Philadelphia,NY,38635,33.530171,-122.986127,1.0,4813,False,"Sushi, Restaurants, Food",2024-01-01 00:00:00,2024-01-01
d85d6b64-796f-4ef6-bceb-89a17251c012,Restaurant 1838,4694 Main St,Philadelphia,CO,68961,45.541363,-119.858437,2.5,974,True,"Italian, Restaurants, Food",2024-01-01 00:00:00,2024-01-01
ea1f0a2b-ce6e-4c5f-a360-b1dcafe7b5f4,Restaurant 1839,9902 Main St,Philadelphia,WA,92458,46.580249,-111.73345,4.5,2270,True,"Pizza, Restaurants, Food",2024-01-01 00:00:00,2024-01-01
5716a482-72e0-4f24-9d04-7d302b34aa16,Restaurant 1840,8120 Main St,Philadelphia,NY,63976,45.41177,-119.494855,5.0,4775,True,"Seafood, Restaurants, Food",2024-01-01 00:00:00,2024-01-01
b1718ddb-5b58-45ea-bdb8-d9f01304f55a,Restaurant 1841,4649 Main St,Philadelphia,PA,65981,41.016719,-73.593985,4.5,4558,True,"Pizza, Restaurants, Food",2024-01-01 00:00:00,2024-01-01
270ebe3e-be69-4492-aea2-bd858daf08e7,Restaurant 1842,1697 Main St,Philadelphia,CO,12799,40.347868,-114.410046,2.0,1919,True,"Thai, Restaurants, Food",2024-01-01 00:00:00,2024-01-01
69eb99ba-3ea2-4c72-bc72-39ea568641e1,Restaurant 1843,3308 Main St,Philadelphia,NY,35905,28.050448,-99.652968,4.5,1849,True,"Pizza, Restaurants, Food",2024-01-01 00:00:00,2024-01-01
ec5f75bb-f14b-4e7e-8a0f-75cdc2b8e8b5,Restaurant 1844,2031 Main St,Philadelphia,NY,58056,39.424003,-76.59085,3.0,3538,True,"Sushi, Restaurants, Food",2024-01-01 00:00:00,2024-01-01
e3cde411-5e84-4a06-a77c-d2940ca49ee0,Restaurant 1845,2706 Main St,Philadelphia,AZ,59556,25.175324,-104.40054,5.0,1435,False,"Sushi, Restaurants, Food",2024-01-01 00:00:00,2024-01-01
a7ecb100-e165-4038-963d-3564d811a576,Restaurant 1846,1489 Main St,Philadelphia,TX,37759,26.6839,-102.172094,4.0,1879,True,"Italian, Restaurants, Food",2024-01-01 00:00:00,2024-01-01
3cdceb4f-1a00-4e56-9ad0-1c8a9c0cbfd9,Restaurant 1847,8623 Main St,Philadelphia,WA,98754,37.209913,-75.449738,3.5,3712,True,"Seafood, Restaurants, Food",2024-01-01 00:00:00,2024-01-01
4e2c07cc-8835-419f-8ae3-e50f4453eda2,Restaurant 1848,8830 Main St,Philadelphia,CO,38257,46.933216,-101.631253,4.5,2288,False,"Italian, Restaurants, Food",2024-01-01 00:00:00,2024-01-01
24b7bd6b-9691-4337-912a-f1bdb1644abd,Restaurant 1849,3608 Main St,Philadelphia,PA,35725,34.333772,-104.346063,5.0,3809,True,"Seafood, Restaurants, Food",2024-01-01 00:00:00,2024-01-01
8c5d5ee6-73b8-44a8-b3cb-29a7017ae18a,Restaurant 1850,1989 Main St,Philadelphia,TX,17050,30.28397,-86.485173,1.5,4589,False,"Burgers, Restaurants, Food",2024-01-01 00:00:00,2024-01-01
af89d1fc-2651-4805-b449-9654f04e2dfa,Restaurant 1851,9613 Main St,Philadelphia,TX,16924,36.912952,-95.353604,2.5,1036,True,"Pizza, Restaurants, Food",2024-01-01 00:00:00,2024-01-01
d71351bc-86a1-4b0c-9c64-d38c9580cf64,Restaurant 1852,8429 Main St,Philadelphia,CO,81259,45.341683,-111.71779,5.0,685,False,"American (New), Restaurants, Food",2024-01-01 00:00:00,2024-01-01
32f271e9-cc9c-4532-80ab-316be5996fb6,Restaurant 1853,8907 Main St,Philadelphia,CA,44033,31.006224,-94.810091,2.0,361,False,"Coffee & Tea, Restaurants, Food",2024-01-01 00:00:00,2024-01-01
f3aadb96-a268-479a-a3fa-2e674fb91d3b,Restaurant 1854,3463 Main St,Philadelphia,TX,38902,41.071837,-120.08393,2.0,3624,True,"Burgers, Restaurants, Food",2024-01-01 00:00:00,2024-01-01
1a4d1ae8-8c07-451c-a1b2-495d2ad297ce,Restaurant 1855,9057 Main St,Philadelphia,CA,52184,35.600682,-87.526358,3.5,246,True,"Pizza, Restaurants, Food",2024-01-01 00:00:00,2024-01-01
c3245798-4de5-4f9c-a800-7bf92b651d3c,Restaurant 1856,547 Main St,Philadelphia,PA,13977,26.923577,-115.929184,1.5,677,True,"Coffee & Tea, Restaurants, Food",2024-01-01 00:00:00,2024-01-01
8c9e1003-0c87-449b-8383-c0e9ecd22168,Restaurant 1857,1709 Main St,Philadelphia,AZ,80651,39.893597,-121.851383,1.0,1227,False,"Chinese, Restaurants, Food",2024-01-01 00:00:00,2024-01-01
227c750a-4e24-415c-a619-6e563d759ad6,Restaurant 1858,6310 Main St,Philadelphia,CA,76062,39.848962,-83.610887,3.0,1305,True,"American (New), Restaurants, Food",2024-01-01 00:00:00,2024-01-01
c56034aa-2f78-4abb-8b41-ca896dd43bbd,Restaurant 1859,2523 Main St,Philadelphia,CO,97574,38.256855,-98.777191,4.5,4279,True,"Thai, Restaurants, Food",2024-01-01 00:00:00,2024-01-01
4269178c-f980-47fc-98df-218c8e1f3eff,Restaurant 1860,2979 Main St,Philadelphia,FL,75721,39.298064,-122.664709,4.0,3842,True,"American (New), Restaurants, Food",2024-01-01 00:00:00,2024-01-01
4ad8767f-a9e3-4e25-88d2-fa77ca61a1e3,Restaurant 1861,7221 Main St,Philadelphia,AZ,13440,26.015368,-122.313077,3.0,2013,False,"Chinese, Restaurants, Food",2024-01-01 00:00:00,2024-01-01
a9b51ae5-094e-4285-b63c-cc0da16c55d5,Restaurant 1862,5694 Main St,Philadelphia,CA,57378,41.649682,-109.870638,2.0,3320,False,"Seafood, Restaurants, Food",2024-01-01 00:00:00,2024-01-01
d70e63b4-f274-41ca-be20-4cf6da687fd4,Restaurant 1863,2114 Main St,Philadelphia,NY,64129,28.43328,-110.18249,2.5,2635,False,"Pizza, Restaurants, Food",2024-01-01 00:00:00,2024-01-01
809f691d-5eb5-4b24-b078-6481e590702b,Restaurant 1864,6099 Main St,Philadelphia,FL,32313,43.058218,-104.357096,1.0,4527,True,"Coffee & Tea, Restaurants, Food",2024-01-01 00:00:00,2024-01-01
ea05cafe-8dae-47ac-aef4-e1ac966bd56b,Restaurant 1865,968 Main St,Philadelphia,OH,37252,30.528967,-91.884362,5.0,3769,False,"Pizza, Restaurants, Food",2024-01-01 00:00:00,2024-01-01
c7b38bde-0329-48e6-9336-09de3e41ebca,Restaurant 1866,8715 Main St,Philadelphia,TX,26484,26.483834,-110.270412,1.0,1003,False,"Italian, Restaurants, Food",2024-01-01 00:00:00,2024-01-01
12f9f3bb-bbb4-4f4a-99f1-008fc3d9a633,Restaurant 1867,8760 Main St,Philadelphia,CA,82848,46.050403,-84.382158,3.0,2119,True,"American (New), Restaurants, Food",2024-01-01 00:00:00,2024-01-01
befd1965-31c7-42e8-a5c5-86f8480d7d40,Restaurant 1868,7860 Main St,Philadelphia,AZ,42638,36.860257,-104.205164,2.5,4329,True,"Burgers, Restaurants, Food",2024-01-01 00:00:00,2024-01-01
a45ca8d9-e7fb-4f15-93a0-766d51c161b9,Restaurant 1869,4487 Main St,Philadelphia,NY,30297,40.478995,-117.217447,4.0,2418,True,"American (New), Restaurants, Food",2024-01-01 00:00:00,2024-01-01
6e46022b-39d2-4802-8f37-7536d98e3cf7,Restaurant 1870,9462 Main St,Philadelphia,FL,63430,31.844495,-123.860984,4.0,1070,False,"American (New), Restaurants, Food",2024-01-01 00:00:00,2024-01-01
d90c8e65-932b-4475-9be5-e910b0a493d5,Restaurant 1871,7159 Main St,Philadelphia,NY,23643,32.120456,-82.193784,1.5,3785,True,"Burgers, Restaurants, Food",2024-01-01 00:00:00,2024-01-01
20fe51e7-264a-4a97-ad88-a3de5a83f085,Restaurant 1872,4877 Main St,Philadelphia,OH,30535,33.15755,-83.733887,3.0,347,True,"Burgers, Restaurants, Food",2024-01-01 00:00:00,2024-01-01
4c2b9abf-bdc0-4c0b-a733-764baa4400b7,Restaurant 1873,3853 Main St,Philadelphia,IL,54555,37.499792,-114.717458,2.5,191,True,"Coffee & Tea, Restaurants, Food",2024-01-01 00:00:00,2024-01-01
e5e4d693-581c-4fb7-8c50-b303531f6061,Restaurant 1874,6281 Main St,Philadelphia,FL,63895,43.218157,-77.53037,5.0,4717,True,"Mexican, Restaurants, Food",2024-01-01 00:00:00,2024-01-01
cb0eb21c-b9c4-4235-9370-77861005de7b,Restaurant 1875,1885 Main St,Philadelphia,IL,41646,37.790077,-97.446659,2.0,2257,False,"Thai, Restaurants, Food",2024-01-01 00:00:00,2024-01-01
b0662d42-f6a7-4695-b775-7b915c173b06,Restaurant 1876,7729 Main St,Philadelphia,CO,18064,40.494589,-106.303905,3.0,472,False,"Mexican, Restaurants, Food",2024-01-01 00:00:00,2024-01-01
8c41e9f6-6f97-40aa-8f3a-051d570b70b6,Restaurant 1877,3452 Main St,Philadelphia,NY,37385,47.303834,-79.683434,2.5,4311,False,"Seafood, Restaurants, Food",2024-01-01 00:00:00,2024-01-01
7b5c052f-cef1-4bc6-a1e5-a2057de61b06,Restaurant 1878,5262 Main St,Philadelphia,CA,61736,41.754373,-80.631225,1.5,738,True,"Seafood, Restaurants, Food",2024-01-01 00:00:00,2024-01-01
e444ac6b-8617-42b4-9b4f-543cb7e811ff,Restaurant 1879,7550 Main St,Philadelphia,WA,71138,41.58879,-81.694481,5.0,396,True,"Mexican, Restaurants, Food",2024-01-01 00:00:00,2024-01-01
800e83dc-a886-436c-a66c-942efdbaf80e,Restaurant 1880,9820 Main St,Philadelphia,CA,92689,40.612008,-97.908042,2.0,3318,False,"Mexican, Restaurants, Food",2024-01-01 00:00:00,2024-01-01
8c040945-0167-4512-8953-ec9ffda21a28,Restaurant 1881,742 Main St,Philadelphia,OH,14555,41.637299,-72.408417,5.0,4069,False,"Burgers, Restaurants, Food",2024-01-01 00:00:00,2024-01-01
10976c04-b5e2-496a-96b7-6e540faed368,Restaurant 1882,1661 Main St,Philadelphia,AZ,75625,44.742705,-82.159766,5.0,69,True,"Thai, Restaurants, Food",2024-01-01 00:00:00,2024-01-01
c3d23fe5-7ef2-4c87-97c4-9a849ac6426f,Restaurant 1883,3519 Main St,Philadelphia,PA,13853,38.480076,-106.597634,4.0,918,True,"Seafood, Restaurants, Food",2024-01-01 00:00:00,2024-01-01
d8617d20-af1b-40b6-9903-3bf96c02da58,Restaurant 1884,8683 Main St,Philadelphia,PA,42032,40.833124,-106.638142,4.5,2162,False,"Seafood, Restaurants, Food",2024-01-01 00:00:00,2024-01-01
94c8c57b-85b1-461d-9f3b-f9f7394d3f01,Restaurant 1885,2061 Main St,Philadelphia,OH,10402,45.292469,-87.593359,4.0,3014,False,"Thai, Restaurants, Food",2024-01-01 00:00:00,2024-01-01
14df6748-2a69-4785-b4ec-cd0a34a87709,Restaurant 1886,1049 Main St,Philadelphia,CA,50793,38.884902,-80.531751,5.0,4711,False,"Sushi, Restaurants, Food",2024-01-01 00:00:00,2024-01-01
48912f94-667c-4dbc-a3b4-2a97aa167459,Restaurant 1887,8934 Main St,Philadelphia,FL,39601,30.321039,-95.856131,3.5,217,True,"Burgers, Restaurants, Food",2024-01-01 00:00:00,2024-01-01
6e78b025-22f6-47e3-a972-1c28c691bb32,Restaurant 1888,3290 Main St,Philadelphia,TX,30667,46.656803,-91.638742,5.0,1212,True,"Mexican, Restaurants, Food",2024-01-01 00:00:00,2024-01-01
526b3bfe-8dfe-42a9-b414-77dca3bfed64,Restaurant 1889,7493 Main St,Philadelphia,FL,53934,32.766978,-120.779046,3.0,299,False,"Thai, Restaurants, Food",2024-01-01 00:00:00,2024-01-01
3408e807-ef69-4f3f-99db-e52f344a5898,Restaurant 1890,8614 Main St,Philadelphia,WA,63378,46.635358,-122.643061,3.5,175,False,"Mexican, Restaurants, Food",2024-01-01 00:00:00,2024-01-01
04505466-972b-4b61-8a86-210ff30780ea,Restaurant 1891,8167 Main St,Philadelphia,OH,66186,35.013539,-81.509745,1.0,4255,True,"Sushi, Restaurants, Food",2024-01-01 00:00:00,2024-01-01
3fdd1b04-203e-4514-b47e-bb93a608ee5e,Restaurant 1892,2210 Main St,Philadelphia,OH,12355,46.59344,-73.088362,1.0,4262,True,"Chinese, Restaurants, Food",2024-01-01 00:00:00,2024-01-01
9cc8add9-ff58-4679-85c2-22952f6415c3,Restaurant 1893,6499 Main St,Philadelphia,OH,89616,27.032734,-77.082064,1.0,3165,True,"Coffee & Tea, Restaurants, Food",2024-01-01 00:00:00,2024-01-01
32fc6be9-ccc3-4aa3-8a0a-01da90f0ae88,Restaurant 1894,1290 Main St,Philadelphia,IL,37899,27.298752,-115.347051,2.5,2081,False,"Chinese, Restaurants, Food",2024-01-01 00:00:00,2024-01-01
44134217-4d9a-4a8d-983c-83b996a6889a,Restaurant 1895,952 Main St,Philadelphia,OH,76725,37.656702,-101.006775,1.5,3977,False,"Burgers, Restaurants, Food",2024-01-01 00:00:00,2024-01-01
7050e998-b03a-4cc3-8a08-66ec02640158,Restaurant 1896,9297 Main St,Philadelphia,TX,91419,29.849748,-96.152933,3.0,2379,True,"Sushi, Restaurants, Food",2024-01-01 00:00:00,2024-01-01
690b0fda-fa46-4054-88af-7d7262928ddc,Restaurant 1897,4066 Main St,Philadelphia,FL,82683,25.114057,-95.970457,4.5,1590,False,"Italian, Restaurants, Food",2024-01-01 00:00:00,2024-01-01
b8f254f1-fb49-4539-bda7-a35e90b28470,Restaurant 1898,3989 Main St,Philadelphia,AZ,97439,45.992658,-84.483804,5.0,1119,False,"Pizza, Restaurants, Food",2024-01-01 00:00:00,2024-01-01
59e6ec97-61bc-425c-8997-b45e0cef93d1,Restaurant 1899,3572 Main St,Philadelphia,NY,94559,33.60896,-85.187846,1.0,840,False,"Coffee & Tea, Restaurants, Food",2024-01-01 00:00:00,2024-01-01
f592967a-d1a4-4b6e-b495-e773b1021f97,Restaurant 1900,395 Main St,Philadelphia,CO,16224,36.670188,-70.374522,1.5,2371,False,"Seafood, Restaurants, Food",2024-01-01 00:00:00,2024-01-01
83a199ef-be5c-41ce-97cd-0c1762e946dd,Restaurant 1901,3078 Main St,Philadelphia,PA,69389,47.813564,-92.940549,2.0,3301,False,"Seafood, Restaurants, Food",2024-01-01 00:00:00,2024-01-01
87c0b411-61a9-4921-ace6-94942ade1247,Restaurant 1902,9483 Main St,Philadelphia,OH,96084,31.817468,-94.601579,4.5,735,False,"Thai, Restaurants, Food",2024-01-01 00:00:00,2024-01-01
db7f1a46-58b9-4624-bc5a-5cc4877ee3a1,Restaurant 1903,8869 Main St,Philadelphia,IL,85927,33.834273,-72.643567,2.5,1204,False,"Seafood, Restaurants, Food",2024-01-01 00:00:00,2024-01-01
f49e282e-324f-4665-bad5-0c064be569bd,Restaurant 1904,1786 Main St,Philadelphia,FL,12788,42.762889,-76.196387,2.5,1435,True,"Sushi, Restaurants, Food",2024-01-01 00:00:00,2024-01-01
5f5eb29e-7f09-48e1-82ab-21228078a1be,Restaurant 1905,3130 Main St,Philadelphia,NY,48591,42.952147,-82.305217,4.0,3312,True,"Burgers, Restaurants, Food",2024-01-01 00:00:00,2024-01-01
5eb8c89d-8b0a-42ec-ac44-50d07683f7ed,Restaurant 1906,476 Main St,Philadelphia,WA,71994,28.565019,-89.786829,4.5,3422,True,"Coffee & Tea, Restaurants, Food",2024-01-01 00:00:00,2024-01-01
9c3c6b14-50ec-4bb4-8732-6327a28d847b,Restaurant 1907,2949 Main St,Philadelphia,NY,50567,37.918172,-70.291947,2.5,4260,True,"Chinese, Restaurants, Food",2024-01-01 00:00:00,2024-01-01
f7d1c74d-5dd5-4c7e-9502-f8530536c11f,Restaurant 1908,9969 Main St,Philadelphia,IL,95221,30.611121,-72.746406,2.0,4597,True,"Italian, Restaurants, Food",2024-01-01 00:00:00,2024-01-01
4333fa1b-4926-4f83-ae6f-564fc51742a8,Restaurant 1909,150 Main St,Philadelphia,IL,63408,45.407503,-118.52071,2.0,4639,False,"Chinese, Restaurants, Food",2024-01-01 00:00:00,2024-01-01
43bd96a0-5164-491d-b8d4-b7cb569df305,Restaurant 1910,590 Main St,Philadelphia,WA,29299,34.343311,-83.02921,5.0,1202,False,"Italian, Restaurants, Food",2024-01-01 00:00:00,2024-01-01
a30db52a-2ace-46f7-a07f-dcd4b5d3a468,Restaurant 1911,1631 Main St,Philadelphia,WA,60126,38.177005,-106.040542,1.5,1775,True,"American (New), Restaurants, Food",2024-01-01 00:00:00,2024-01-01
ca29c0aa-a384-421d-9bb9-dd5ed6e8d119,Restaurant 1912,7995 Main St,Philadelphia,OH,22878,40.456267,-87.288091,2.0,1559,False,"Seafood, Restaurants, Food",2024-01-01 00:00:00,2024-01-01
d9138c95-e89b-4295-9646-255cfce2c50e,Restaurant 1913,5618 Main St,Philadelphia,CA,43021,44.39608,-82.252976,4.0,4436,True,"Mexican, Restaurants, Food",2024-01-01 00:00:00,2024-01-01
c85587a1-9759-42b2-b91e-a8276768f4d6,Restaurant 1914,9727 Main St,Philadelphia,FL,76719,31.253733,-75.555335,1.0,1346,False,"Mexican, Restaurants, Food",2024-01-01 00:00:00,2024-01-01
417da4a7-22f6-4fd2-88f9-e7306c8227f9,Restaurant 1915,116 Main St,Philadelphia,PA,97518,44.600778,-101.116352,4.0,3190,True,"Pizza, Restaurants, Food",2024-01-01 00:00:00,2024-01-01
b1d30481-faed-42a5-967f-741c22e03a08,Restaurant 1916,2013 Main St,Philadelphia,OH,76047,29.647349,-120.533224,2.5,2744,True,"Pizza, Restaurants, Food",2024-01-01 00:00:00,2024-01-01
049b0394-ee69-4d8f-9833-ec17813f663f,Restaurant 1917,1184 Main St,Philadelphia,OH,79181,26.287684,-89.344314,1.5,2401,True,"Chinese, Restaurants, Food",2024-01-01 00:00:00,2024-01-01
83e03988-896e-44f2-904d-b1ccd5f20062,Restaurant 1918,990 Main St,Philadelphia,AZ,63449,42.794049,-77.540583,5.0,1605,False,"Burgers, Restaurants, Food",2024-01-01 00:00:00,2024-01-01
23c12b60-b5e5-4f0c-858f-fd1d414e093a,Restaurant 1919,2453 Main St,Philadelphia,PA,58281,30.071748,-109.610988,1.0,4058,False,"Coffee & Tea, Restaurants, Food",2024-01-01 00:00:00,2024-01-01
793f5872-537f-4f46-b964-ffe94fb8e587,Restaurant 1920,9911 Main St,Philadelphia,FL,61214,28.733183,-85.712655,4.5,1145,False,"Burgers, Restaurants, Food",2024-01-01 00:00:00,2024-01-01
4fa17d53-ab84-4b87-9df8-1e6cfd209ba3,Restaurant 1921,2230 Main St,Philadelphia,CO,27982,32.924661,-94.449453,1.5,4032,False,"Burgers, Restaurants, Food",2024-01-01 00:00:00,2024-01-01
96c2f2de-d822-4d6e-83dc-fb8df9a1e163,Restaurant 1922,881 Main St,Philadelphia,TX,84110,41.083447,-91.901099,3.0,187,False,"American (New), Restaurants, Food",2024-01-01 00:00:00,2024-01-01
9d11ebd1-c487-4786-b35c-fa54ba280537,Restaurant 1923,8841 Main St,Philadelphia,FL,18802,47.31683,-114.085841,4.5,1902,True,"Thai, Restaurants, Food",2024-01-01 00:00:00,2024-01-01
fe7459d7-339c-4063-99c9-914c12e7ca1e,Restaurant 1924,5247 Main St,Philadelphia,IL,32445,29.660227,-74.629934,4.0,891,False,"American (New), Restaurants, Food",2024-01-01 00:00:00,2024-01-01
042ad3f8-d676-4fc1-818f-f549c98d9242,Restaurant 1925,1396 Main St,Philadelphia,AZ,11394,29.713092,-70.213903,2.0,833,True,"Seafood, Restaurants, Food",2024-01-01 00:00:00,2024-01-01
3b96a956-2372-42eb-9c4a-dbef13d98c9d,Restaurant 1926,2776 Main St,Philadelphia,PA,59785,27.590261,-83.731428,2.5,4205,False,"Thai, Restaurants, Food",2024-01-01 00:00:00,2024-01-01
c83909e6-fc43-491d-837a-d2957605ee94,Restaurant 1927,7763 Main St,Philadelphia,AZ,81580,38.18902,-106.026913,1.5,1560,True,"Coffee & Tea, Restaurants, Food",2024-01-01 00:00:00,2024-01-01
b23a28d6-3e8a-46b2-a36a-a58b7b6c3bd7,Restaurant 1928,1317 Main St,Philadelphia,WA,48892,32.06326,-92.409474,2.0,4742,False,"Pizza, Restaurants, Food",2024-01-01 00:00:00,2024-01-01
0be9c604-0c7c-4609-b283-a637cfc9a60c,Restaurant 1929,2407 Main St,Philadelphia,OH,48537,36.736178,-71.480679,1.5,3533,False,"Italian, Restaurants, Food",2024-01-01 00:00:00,2024-01-01
b487508d-7795-4b27-84f4-d722cd847dfd,Restaurant 1930,966 Main St,Philadelphia,NY,69210,29.712477,-111.243074,1.5,3264,False,"American (New), Restaurants, Food",2024-01-01 00:00:00,2024-01-01
a73e3438-ccc5-4395-8355-c6b3abdd25b6,Restaurant 1931,1874 Main St,Philadelphia,TX,70713,42.041079,-97.518793,5.0,1396,True,"Sushi, Restaurants, Food",2024-01-01 00:00:00,2024-01-01
56b2627b-6ac2-4da2-b844-7d013d0d0664,Restaurant 1932,329 Main St,Philadelphia,TX,93763,27.122176,-97.963357,5.0,1495,True,"Mexican, Restaurants, Food",2024-01-01 00:00:00,2024-01-01
6b976b61-e528-45e2-af01-01eae0ec22ea,Restaurant 1933,4377 Main St,Philadelphia,WA,65032,28.947251,-94.963121,4.5,4969,False,"Mexican, Restaurants, Food",2024-01-01 00:00:00,2024-01-01
51d04985-c7e0-44d3-ba43-1f529b5891fd,Restaurant 1934,7079 Main St,Philadelphia,NY,80694,30.589676,-118.675799,5.0,1452,False,"Burgers, Restaurants, Food",2024-01-01 00:00:00,2024-01-01
f7891691-a053-476b-b33a-28fcc2830410,Restaurant 1935,577 Main St,Philadelphia,IL,40003,38.165783,-100.26962,1.0,4038,False,"Burgers, Restaurants, Food",2024-01-01 00:00:00,2024-01-01
198c2c99-1344-4088-a778-3718209d672b,Restaurant 1936,2049 Main St,Philadelphia,AZ,72694,41.102566,-102.853736,4.5,1933,False,"American (New), Restaurants, Food",2024-01-01 00:00:00,2024-01-01
7f61592d-36a4-4712-93f2-2bce3bf58a29,Restaurant 1937,2500 Main St,Philadelphia,PA,57852,42.584329,-104.313574,2.0,692,True,"Thai, Restaurants, Food",2024-01-01 00:00:00,2024-01-01
4ac9833b-19af-441a-8d9a-93564c36cbaf,Restaurant 1938,3768 Main St,Philadelphia,IL,52977,40.49931,-120.259598,4.0,2999,True,"Chinese, Restaurants, Food",2024-01-01 00:00:00,2024-01-01
30f3a3f7-1581-49a0-83e0-fb407e37f8b7,Restaurant 1939,8932 Main St,Philadelphia,AZ,23749,40.795192,-102.728592,2.0,597,True,"Sushi, Restaurants, Food",2024-01-01 00:00:00,2024-01-01
dd754afa-4305-4930-afba-9ff5469328c0,Restaurant 1940,9449 Main St,Philadelphia,TX,52911,38.060942,-71.70959,1.0,4568,False,"Mexican, Restaurants, Food",2024-01-01 00:00:00,2024-01-01
1b673978-6110-45ed-8638-3dc37a269223,Restaurant 1941,7144 Main St,Philadelphia,CO,89817,37.462726,-81.915787,1.0,1298,True,"Pizza, Restaurants, Food",2024-01-01 00:00:00,2024-01-01
b16637d0-c409-4283-ad34-78933372ae8a,Restaurant 1942,5521 Main St,Philadelphia,PA,89320,40.911245,-112.361051,5.0,3549,False,"American (New), Restaurants, Food",2024-01-01 00:00:00,2024-01-01
070a935f-337a-484e-bc0c-3a3dba37c9e9,Restaurant 1943,4881 Main St,Philadelphia,TX,49077,45.297297,-106.425347,5.0,4535,True,"Sushi, Restaurants, Food",2024-01-01 00:00:00,2024-01-01
d38bf655-d7b9-4555-8069-4f5e59943d61,Restaurant 1944,4745 Main St,Philadelphia,IL,69226,39.399514,-97.08558,1.0,3616,True,"Chinese, Restaurants, Food",2024-01-01 00:00:00,2024-01-01
b9b4fd91-f720-4dfa-9af5-1e741277731d,Restaurant 1945,3033 Main St,Philadelphia,NY,81299,34.238027,-103.52271,2.5,4418,True,"Pizza, Restaurants, Food",2024-01-01 00:00:00,2024-01-01
97fafae4-9a85-42ce-a2c3-16a17ddb99a5,Restaurant 1946,7505 Main St,Philadelphia,FL,59866,42.945702,-72.0062,1.5,3780,False,"Seafood, Restaurants, Food",2024-01-01 00:00:00,2024-01-01
bc9124bd-0dd3-4fb0-9fbe-b93824c5b538,Restaurant 1947,8819 Main St,Philadelphia,AZ,60393,37.465466,-77.863693,4.0,4144,False,"Thai, Restaurants, Food",2024-01-01 00:00:00,2024-01-01
f0da3a71-699c-4d88-b52d-e8088d3efa72,Restaurant 1948,2221 Main St,Philadelphia,IL,77648,38.266498,-97.835106,1.0,4360,False,"American (New), Restaurants, Food",2024-01-01 00:00:00,2024-01-01
7758ca70-135b-425f-a5d3-e585a907b809,Restaurant 1949,110 Main St,Philadelphia,OH,94351,29.283455,-90.613991,2.5,3021,True,"Italian, Restaurants, Food",2024-01-01 00:00:00,2024-01-01
89c88845-6272-4757-9767-7fe270d2ae0d,Restaurant 1950,589 Main St,Philadelphia,IL,61138,33.761601,-90.925346,4.5,4663,True,"Pizza, Restaurants, Food",2024-01-01 00:00:00,2024-01-01
565316ef-c26e-4812-ac54-4aedf5593b44,Restaurant 1951,2145 Main St,Philadelphia,TX,46647,45.694635,-115.325104,3.5,3069,False,"Italian, Restaurants, Food",2024-01-01 00:00:00,2024-01-01
70610a51-9617-42fd-a2d0-4acf2bd9649f,Restaurant 1952,3090 Main St,Philadelphia,WA,61534,35.595774,-103.326315,2.0,2892,False,"Thai, Restaurants, Food",2024-01-01 00:00:00,2024-01-01
847ee13a-4d07-4e3d-8cec-ad07fcb3cc87,Restaurant 1953,4140 Main St,Philadelphia,TX,99591,37.252171,-93.317074,3.0,3207,True,"Mexican, Restaurants, Food",2024-01-01 00:00:00,2024-01-01
a46514ad-9c13-4471-8073-6afd9372d5e3,Restaurant 1954,9048 Main St,Philadelphia,CO,23513,32.82428,-115.956816,1.5,2686,True,"American (New), Restaurants, Food",2024-01-01 00:00:00,2024-01-01
8b80b7dc-b7d1-457a-a3ad-b2bdaa2e5444,Restaurant 1955,5635 Main St,Philadelphia,AZ,33317,46.020938,-106.115713,2.0,4715,True,"Burgers, Restaurants, Food",2024-01-01 00:00:00,2024-01-01
ebf1fec4-5b45-4411-a4d9-2656aa8a0efb,Restaurant 1956,9752 Main St,Philadelphia,NY,39133,32.896476,-91.563433,3.5,838,True,"American (New), Restaurants, Food",2024-01-01 00:00:00,2024-01-01
a14be992-9251-4871-bba6-babba45ba841,Restaurant 1957,1840 Main St,Philadelphia,WA,61277,33.492323,-123.58874,4.5,4252,False,"Burgers, Restaurants, Food",2024-01-01 00:00:00,2024-01-01
0fbb3950-36aa-406a-8648-fd43203ab1a9,Restaurant 1958,9253 Main St,Philadelphia,IL,12048,39.027329,-83.420665,3.0,2144,True,"Pizza, Restaurants, Food",2024-01-01 00:00:00,2024-01-01
928682a5-e28f-41f8-8458-3cedd3f04bb8,Restaurant 1959,3281 Main St,Philadelphia,FL,92329,39.333147,-76.723746,5.0,4727,True,"Sushi, Restaurants, Food",2024-01-01 00:00:00,2024-01-01
280220a3-448d-4018-b918-53ffc3ded458,Restaurant 1960,7984 Main St,Philadelphia,CO,73471,28.790742,-114.04687,3.5,4768,True,"Italian, Restaurants, Food",2024-01-01 00:00:00,2024-01-01
466eecc1-077a-47f2-9661-2740f668df4f,Restaurant 1961,717 Main St,Philadelphia,CA,57739,29.834275,-108.083074,3.5,2406,False,"Sushi, Restaurants, Food",2024-01-01 00:00:00,2024-01-01
5ba59135-08cf-4bdd-88ef-71a4e0a687d2,Restaurant 1962,5453 Main St,Philadelphia,IL,36515,27.466111,-84.908714,3.5,1757,False,"Coffee & Tea, Restaurants, Food",2024-01-01 00:00:00,2024-01-01
8d6e948c-d9ab-4fcb-9756-252f53ccd67b,Restaurant 1963,8693 Main St,Philadelphia,CA,41214,43.372486,-100.397023,3.5,376,True,"Seafood, Restaurants, Food",2024-01-01 00:00:00,2024-01-01
30b9b9fc-aa82-4c91-9094-423c329bf6e8,Restaurant 1964,4454 Main St,Philadelphia,TX,94320,43.454798,-109.408666,1.5,289,False,"Thai, Restaurants, Food",2024-01-01 00:00:00,2024-01-01
d408e080-06dc-4b14-b0ae-76b07c534583,Restaurant 1965,7581 Main St,Philadelphia,OH,90703,37.171879,-70.132358,5.0,3874,True,"Seafood, Restaurants, Food",2024-01-01 00:00:00,2024-01-01
c547f2e1-23b5-4334-9c57-042d4dc933ce,Restaurant 1966,2256 Main St,Philadelphia,AZ,10881,31.248687,-117.862326,5.0,4316,False,"Burgers, Restaurants, Food",2024-01-01 00:00:00,2024-01-01
19ba337d-f608-47ea-99a8-1defd7246d2a,Restaurant 1967,2767 Main St,Philadelphia,TX,53370,37.820352,-74.790893,4.0,3409,True,"Chinese, Restaurants, Food",2024-01-01 00:00:00,2024-01-01
b701b9f3-5cfb-434a-a2df-7f13dff92847,Restaurant 1968,9661 Main St,Philadelphia,WA,64462,43.222799,-100.262118,4.5,2290,False,"Thai, Restaurants, Food",2024-01-01 00:00:00,2024-01-01
761c8834-a68b-4234-848d-435ac19b1e50,Restaurant 1969,2364 Main St,Philadelphia,AZ,54287,36.734792,-70.926534,3.0,4435,False,"Seafood, Restaurants, Food",2024-01-01 00:00:00,2024-01-01
7c5516a0-b640-4b18-9d97-dd6e4a5c9549,Restaurant 1970,7013 Main St,Philadelphia,IL,51592,43.114979,-78.713301,3.0,1457,True,"Italian, Restaurants, Food",2024-01-01 00:00:00,2024-01-01
d1e3b3ee-397c-489c-b25c-8834c8de98bf,Restaurant 1971,2044 Main St,Philadelphia,CA,66112,47.66388,-123.603234,1.0,323,True,"Thai, Restaurants, Food",2024-01-01 00:00:00,2024-01-01
2cbf9558-92c5-4695-9224-773e096deb94,Restaurant 1972,5127 Main St,Philadelphia,IL,93776,30.280188,-89.396297,2.5,596,True,"Thai, Restaurants, Food",2024-01-01 00:00:00,2024-01-01
b2d4b6cf-b248-43e2-b630-98b0af95fae7,Restaurant 1973,1996 Main St,Philadelphia,IL,51599,26.592579,-124.693666,3.5,3937,True,"American (New), Restaurants, Food",2024-01-01 00:00:00,2024-01-01
e731b143-8488-4edf-90fc-d364640b45c7,Restaurant 1974,3443 Main St,Philadelphia,OH,82816,41.977568,-87.490278,3.0,2485,False,"American (New), Restaurants, Food",2024-01-01 00:00:00,2024-01-01
2e3c1099-2064-4a3b-b980-49892e46ccd6,Restaurant 1975,8698 Main St,Philadelphia,CO,60209,33.87399,-90.902075,4.5,1181,False,"Mexican, Restaurants, Food",2024-01-01 00:00:00,2024-01-01
fbcb63e8-74e6-403c-8d31-c537e01c863d,Restaurant 1976,7031 Main St,Philadelphia,AZ,93535,43.143036,-85.435157,3.0,3386,True,"Pizza, Restaurants, Food",2024-01-01 00:00:00,2024-01-01
2090d7ee-dd5f-44fd-bac1-540acdda5062,Restaurant 1977,2225 Main St,Philadelphia,IL,77543,47.650169,-86.297363,3.5,2359,True,"Sushi, Restaurants, Food",2024-01-01 00:00:00,2024-01-01
3b4af736-861d-4b49-9d92-10e75a3a23bf,Restaurant 1978,8715 Main St,Philadelphia,NY,32658,41.274013,-80.574897,1.5,1096,True,"Sushi, Restaurants, Food",2024-01-01 00:00:00,2024-01-01
a50d316a-1f4c-4afb-90f6-620f326e1e24,Restaurant 1979,2169 Main St,Philadelphia,NY,89505,28.29389,-78.735813,1.0,2498,True,"Pizza, Restaurants, Food",2024-01-01 00:00:00,2024-01-01
eaaf038f-5a2d-4695-bb4b-f23c4c3fa6f8,Restaurant 1980,6279 Main St,Philadelphia,PA,21776,36.950584,-102.15476,4.5,1312,True,"American (New), Restaurants, Food",2024-01-01 00:00:00,2024-01-01
aeec0bbe-5864-4bc7-bcf2-738dc08c27e3,Restaurant 1981,7688 Main St,Philadelphia,IL,13175,37.247802,-82.818574,4.0,4250,True,"Coffee & Tea, Restaurants, Food",2024-01-01 00:00:00,2024-01-01
53384ded-ea87-495b-9ff8-53ecfea18f1b,Restaurant 1982,2999 Main St,Philadelphia,TX,55886,36.04183,-107.353313,3.5,4605,False,"Coffee & Tea, Restaurants, Food",2024-01-01 00:00:00,2024-01-01
2aa154f1-313e-40bc-a2ec-cfda546db534,Restaurant 1983,2322 Main St,Philadelphia,OH,30284,44.842968,-73.182425,3.5,1167,True,"American (New), Restaurants, Food",2024-01-01 00:00:00,2024-01-01
2bd1c419-623d-4538-a0b6-8dd2eeee934b,Restaurant 1984,7531 Main St,Philadelphia,OH,96203,37.737395,-84.874406,4.0,435,True,"Coffee & Tea, Restaurants, Food",2024-01-01 00:00:00,2024-01-01
8ff9727a-25b9-4806-be20-fdcf5c4c06fa,Restaurant 1985,2081 Main St,Philadelphia,AZ,33009,26.456405,-87.188444,2.5,3629,True,"Seafood, Restaurants, Food",2024-01-01 00:00:00,2024-01-01
901b06bd-5339-4bb0-b5d2-78035a45a787,Restaurant 1986,9644 Main St,Philadelphia,TX,13836,32.49392,-115.510088,2.5,3375,True,"Sushi, Restaurants, Food",2024-01-01 00:00:00,2024-01-01
4375f874-a3f9-45ec-bd2f-437a10d47948,Restaurant 1987,7097 Main St,Philadelphia,IL,96146,44.638952,-120.855042,3.0,1936,True,"Mexican, Restaurants, Food",2024-01-01 00:00:00,2024-01-01
703dfc36-3a34-4d48-97bf-6ef384868e11,Restaurant 1988,2828 Main St,Philadelphia,IL,95631,33.364923,-71.971667,5.0,1665,False,"American (New), Restaurants, Food",2024-01-01 00:00:00,2024-01-01
aa519685-21e4-41ae-a6d6-612cbf683b76,Restaurant 1989,5147 Main St,Philadelphia,FL,64771,27.809601,-85.136767,4.5,4040,True,"Thai, Restaurants, Food",2024-01-01 00:00:00,2024-01-01
f0ef8ee6-7277-4770-9b50-0ed3e101c630,Restaurant 1990,6540 Main St,Philadelphia,FL,42392,46.663662,-93.592596,3.0,2080,False,"Seafood, Restaurants, Food",2024-01-01 00:00:00,2024-01-01
74958e3f-03e8-4667-ac9f-59bf28f3b107,Restaurant 1991,2008 Main St,Philadelphia,TX,68566,38.882971,-78.363087,4.5,23,True,"Seafood, Restaurants, Food",2024-01-01 00:00:00,2024-01-01
4ec0bc7b-2294-475f-a334-81ffb6697467,Restaurant 1992,2956 Main St,Philadelphia,AZ,19159,28.72806,-106.788965,4.5,4318,False,"Sushi, Restaurants, Food",2024-01-01 00:00:00,2024-01-01
58d02875-1e24-4c0c-b4be-dddbaf3b0ca2,Restaurant 1993,3610 Main St,Philadelphia,AZ,52844,28.180333,-72.682022,5.0,1991,True,"Thai, Restaurants, Food",2024-01-01 00:00:00,2024-01-01
d9f36ab0-0b26-4264-a4b9-812794fa309b,Restaurant 1994,560 Main St,Philadelphia,CA,27657,43.244373,-103.157757,1.0,4490,True,"Thai, Restaurants, Food",2024-01-01 00:00:00,2024-01-01
bdc78fc0-52e2-4613-aed5-1829fc944116,Restaurant 1995,716 Main St,Philadelphia,PA,44774,42.502926,-98.108001,4.5,4249,False,"Chinese, Restaurants, Food",2024-01-01 00:00:00,2024-01-01
c88cf940-7964-448b-9783-ac8fe9c6a1fe,Restaurant 1996,3550 Main St,Philadelphia,IL,97470,36.829695,-114.843909,5.0,3231,True,"Pizza, Restaurants, Food",2024-01-01 00:00:00,2024-01-01
73dc46bb-192a-49fb-8db0-c087ba1bc291,Restaurant 1997,3409 Main St,Philadelphia,PA,46455,47.493766,-112.004196,4.0,672,False,"Sushi, Restaurants, Food",2024-01-01 00:00:00,2024-01-01
75150154-a58e-4f12-a85f-ffc584ca4752,Restaurant 1998,7640 Main St,Philadelphia,CA,55467,44.209234,-116.034739,2.5,4674,True,"Pizza, Restaurants, Food",2024-01-01 00:00:00,2024-01-01
e79a3345-5f1a-4493-9b76-e3d05de99191,Restaurant 1999,2544 Main St,Philadelphia,CO,31951,42.922072,-84.862824,3.5,197,True,"Italian, Restaurants, Food",2024-01-01 00:00:00,2024-01-01
