order_id,business_id,dasher_id,order_timestamp,order_date,order_month,order_year,order_hour,order_day_of_week,estimated_delivery_min,actual_delivery_min,delivery_delta_min,is_on_time,order_total_usd,delivery_fee_usd,order_status,_is_synthetic
c06b5c46-e0b5-44c2-9e71-bd9cfabde6fc,2954edfc-6aee-4abc-98c8-6cb2420518ba,DASHER_04467,2022-08-17 02:17:00,2022-08-17,2022-08-01,2022,2,Wednesday,35,41.0,6.0,False,41.92,1.2,delivered,True
5d70e9eb-28e0-47a3-9122-191e1b4fc7c2,d38ee1ab-075b-42b8-aa55-b0da6885d7de,DASHER_03436,2023-03-24 10:38:00,2023-03-24,2023-03-01,2023,10,Friday,39,46.0,7.0,False,30.16,2.53,delivered,True
1898a0fa-0ac9-490e-bc40-9e5bca79572b,e51aaedf-fd6c-4f3d-8e96-548230cc26f0,DASHER_01273,2023-07-24 20:00:00,2023-07-24,2023-07-01,2023,20,Monday,35,28.0,-7.0,True,34.01,1.71,delivered,True
21c6bafd-5c01-45d5-9cea-7fa081949b62,a35b7abf-877c-47de-9fb8-4e4f6a5feb7c,DASHER_04392,2024-02-18 07:54:00,2024-02-18,2024-02-01,2024,7,Sunday,48,43.0,-5.0,True,38.27,1.86,delivered,True
0f481eda-b727-4f25-8a58-5b70e85ea279,91f17179-ff9b-459d-a303-de02aa2c9bc2,DASHER_01575,2024-02-15 06:18:00,2024-02-15,2024-02-01,2024,6,Thursday,40,26.0,-14.0,True,27.21,2.59,delivered,True
2c79b6d6-6e43-4b83-9a97-8589d3235b2e,66eee0aa-2503-47bc-a553-ccb1896798de,DASHER_02988,2023-08-16 23:54:00,2023-08-16,2023-08-01,2023,23,Wednesday,32,32.0,0.0,True,35.38,2.13,delivered,True
914bad7e-4ff4-4cdb-a686-1e2cb058481b,9d5835e6-d19e-49f9-b602-d7f5f81ccf29,DASHER_01401,2023-12-29 10:17:00,2023-12-29,2023-12-01,2023,10,Friday,31,14.0,-17.0,True,17.52,4.23,delivered,True
d2ae408d-5e39-4fa2-b2b9-8ab2dbd0fa57,9599c638-49dd-46d8-84f9-8f916ca8ae36,DASHER_00458,2023-07-07 23:40:00,2023-07-07,2023-07-01,2023,23,Friday,33,30.0,-3.0,True,18.72,2.59,delivered,True
6e734428-c9a3-4fef-bf3c-d913fb72e3c6,b1718ddb-5b58-45ea-bdb8-d9f01304f55a,DASHER_02577,2022-03-07 20:25:00,2022-03-07,2022-03-01,2022,20,Monday,34,42.0,8.0,False,32.6,7.18,delivered,True
a3fc0f5c-d6c7-4fcc-b4d9-677665ff683e,9f803fa6-7a21-4d7e-9b7f-c4c638c27b16,DASHER_03509,2024-07-28 08:08:00,2024-07-28,2024-07-01,2024,8,Sunday,44,44.0,0.0,True,47.75,7.27,delivered,True
93a5a6e3-1aaf-47ba-972c-700c4872c315,196a9ddb-ff47-41df-a0e1-0430351e5584,DASHER_01252,2024-03-28 13:08:00,2024-03-28,2024-03-01,2024,13,Thursday,31,31.0,0.0,True,9.99,3.95,delivered,True
ae8a020e-8fb3-40cb-ad6b-3a44c3c471a4,80fa5fc6-09fd-427a-970e-8383d450afc8,DASHER_00094,2022-05-11 14:38:00,2022-05-11,2022-05-01,2022,14,Wednesday,24,38.0,14.0,False,28.05,5.75,delivered,True
f9046399-a140-45d5-b98e-80cf3c8f08e4,6e78b025-22f6-47e3-a972-1c28c691bb32,DASHER_03561,2022-08-23 19:34:00,2022-08-23,2022-08-01,2022,19,Tuesday,35,15.0,-20.0,True,29.16,6.04,delivered,True
afe8158d-4313-4deb-887b-7c40a8958135,759dd5ad-889c-4959-b255-cd76834b8c25,DASHER_04158,2023-06-24 23:48:00,2023-06-24,2023-06-01,2023,23,Saturday,35,46.0,11.0,False,58.35,5.25,delivered,True
1e6d4636-1b35-44f4-a686-661a4f79279f,d1b7b24b-4641-450e-b4e8-47092e175290,DASHER_04906,2022-11-10 13:10:00,2022-11-10,2022-11-01,2022,13,Thursday,21,16.0,-5.0,True,27.16,7.49,delivered,True
def05ad0-8bf1-4516-8ee3-728cea446b31,27df9f59-ff34-4400-86d8-a118ed563a65,DASHER_00566,2023-09-22 10:15:00,2023-09-22,2023-09-01,2023,10,Friday,36,56.0,20.0,False,8.0,7.84,delivered,True
b1ea7f71-882d-4d6c-953c-a85e49ef7ce1,a2d81c0b-bb4e-4aac-9d58-c0f9a40be091,DASHER_04969,2024-12-26 20:08:00,2024-12-26,2024-12-01,2024,20,Thursday,24,10.0,-24.0,True,19.33,4.77,delivered,True
e27899d3-dce3-478e-8bc0-b6dfe06fe338,ff23761c-b19c-47b5-835e-fba3c9949a80,DASHER_03698,2023-02-16 19:25:00,2023-02-16,2023-02-01,2023,19,Thursday,37,54.0,17.0,False,27.84,1.84,delivered,True
7671be42-b7d7-4f7c-8af9-b4528028772e,d9dbed11-36ab-48ae-aa8e-6e7e69ec58d6,DASHER_00482,2023-04-06 06:01:00,2023-04-06,2023-04-01,2023,6,Thursday,30,26.0,-4.0,True,32.8,7.01,delivered,True
3880decb-f876-40a1-a7ef-c709c6559c12,d21af797-41be-4869-8354-44ecd391c8e2,DASHER_04677,2022-05-26 17:17:00,2022-05-26,2022-05-01,2022,17,Thursday,52,48.0,-4.0,True,19.4,5.02,delivered,True
aecaccd1-c644-427f-beca-8dc0961aac95,095b1676-c952-490d-ab42-6c8eda508483,DASHER_03469,2023-05-13 20:51:00,2023-05-13,2023-05-01,2023,20,Saturday,32,34.0,2.0,True,8.0,1.37,delivered,True
026045e9-37a7-4257-990c-67cf8bf0d274,5521b148-df6d-4c88-9bd6-83809ff14848,DASHER_04393,2022-07-21 06:46:00,2022-07-21,2022-07-01,2022,6,Thursday,43,31.0,-12.0,True,53.76,4.13,delivered,True
bd9ca7a9-16d0-4b1a-b4bb-7b84cf306892,907086a2-cf58-43c1-8fa8-8d1779f622d2,DASHER_04508,2024-05-14 09:29:00,2024-05-14,2024-05-01,2024,9,Tuesday,35,62.0,27.0,False,46.3,4.77,delivered,True
53690dcc-259f-4c00-906c-bf67f4c35f22,e8073e07-fe87-4806-9ec3-845a997c094c,DASHER_01751,2022-01-31 22:59:00,2022-01-31,2022-01-01,2022,22,Monday,41,41.0,0.0,True,17.49,7.04,delivered,True
58f9bebe-9e3b-4836-ad31-7a840c8f48e7,764fe58e-7af2-445f-b3be-68a8d8c39bcb,DASHER_02336,2022-05-01 09:00:00,2022-05-01,2022-05-01,2022,9,Sunday,41,41.0,0.0,True,8.0,7.96,delivered,True
f2a4395b-21b8-45e8-b588-95bc44d71a9c,23d4f074-c094-4741-a523-b2fa964b54f9,DASHER_02569,2024-09-23 09:18:00,2024-09-23,2024-09-01,2024,9,Monday,44,44.0,0.0,True,33.6,1.39,delivered,True
ce56a0c2-d9b0-4653-bc8e-8c5635daefee,6d961427-22b7-4e5e-b113-eb102eacac22,DASHER_01522,2024-09-03 16:54:00,2024-09-03,2024-09-01,2024,16,Tuesday,32,32.0,0.0,True,33.61,7.02,delivered,True
a3036e50-815b-4493-ae70-678406c4a6c5,e8b0ea68-73d4-42b3-b187-a603c5c9a28b,DASHER_03434,2024-04-06 08:56:00,2024-04-06,2024-04-01,2024,8,Saturday,36,,,,20.14,5.59,cancelled,True
e15ce999-0d6d-4ff4-ada8-5df097f7545e,36511ffd-bb68-4b99-91be-d0300986f517,DASHER_01072,2024-12-06 12:16:00,2024-12-06,2024-12-01,2024,12,Friday,38,56.0,18.0,False,22.51,3.2,delivered,True
5df250ef-c7ca-4399-88e8-74d53734b422,6a4a0483-851e-4c7c-a70a-5e55f780ed7e,DASHER_04144,2022-05-29 00:39:00,2022-05-29,2022-05-01,2022,0,Sunday,29,68.0,39.0,False,28.01,2.85,delivered,True
b9e1848f-c6aa-481e-b275-ac219c792fb6,fcf1ec7f-be2d-45ab-affe-713d23895f97,DASHER_02478,2023-12-16 21:56:00,2023-12-16,2023-12-01,2023,21,Saturday,35,44.0,9.0,False,8.0,5.57,delivered,True
bf0a35a5-1c5c-421f-bc7a-192e82248a2c,bae0cc16-f75c-4f94-9dc5-71a80fed7282,DASHER_02166,2022-01-17 19:35:00,2022-01-17,2022-01-01,2022,19,Monday,19,14.0,-5.0,True,49.58,1.8,delivered,True
2052edea-bef5-40a4-a2be-a10f8248a853,0ffbece7-b236-4383-b170-ef0e5fb8b7cc,DASHER_02162,2022-08-08 20:09:00,2022-08-08,2022-08-01,2022,20,Monday,33,49.0,16.0,False,17.1,7.35,delivered,True
43a80f53-dafa-49c1-9580-7f02b5dc26fa,a49528a7-612d-4dee-abde-5874cf249631,DASHER_02145,2022-04-15 07:27:00,2022-04-15,2022-04-01,2022,7,Friday,34,35.0,1.0,True,24.54,2.12,delivered,True
2218fb17-7c9b-47ad-95d7-07ae93f734ab,a46514ad-9c13-4471-8073-6afd9372d5e3,DASHER_01221,2024-06-23 17:27:00,2024-06-23,2024-06-01,2024,17,Sunday,31,29.0,-2.0,True,8.0,5.07,delivered,True
cfbd08fe-0eb8-414b-a70f-94c82a2f1a4c,80fa5fc6-09fd-427a-970e-8383d450afc8,DASHER_00326,2022-10-31 15:02:00,2022-10-31,2022-10-01,2022,15,Monday,30,21.0,-9.0,True,58.49,7.28,delivered,True
1a30affb-b35b-41b5-87fb-57a7d48625b2,9cc8add9-ff58-4679-85c2-22952f6415c3,DASHER_01266,2023-03-07 19:42:00,2023-03-07,2023-03-01,2023,19,Tuesday,46,58.0,12.0,False,38.35,2.13,delivered,True
9cac8583-38bb-4bf6-979e-4dbfbe206faf,2bd1c419-623d-4538-a0b6-8dd2eeee934b,DASHER_02032,2022-12-29 21:01:00,2022-12-29,2022-12-01,2022,21,Thursday,32,43.0,11.0,False,59.29,2.86,delivered,True
f229b798-224d-486a-b689-cf4cd577d31f,e0fb9dda-b0fd-498c-9787-dfb038d347ec,DASHER_02864,2022-08-10 14:02:00,2022-08-10,2022-08-01,2022,14,Wednesday,38,32.0,-6.0,True,19.42,2.58,delivered,True
8d2123a2-3be5-4f57-9d77-bd1aebace4e8,f5af287b-b3f0-46ef-ab9a-11ef025dea2d,DASHER_02876,2022-02-18 19:25:00,2022-02-18,2022-02-01,2022,19,Friday,48,37.0,-11.0,True,54.93,5.48,delivered,True
e71954cb-9e40-48b4-8f76-4b7a194f2e8a,e8e92be2-af99-4a86-bbe2-6b085847e77d,DASHER_02139,2024-03-29 19:53:00,2024-03-29,2024-03-01,2024,19,Friday,16,10.0,-6.0,True,45.18,2.85,delivered,True
99e742f0-057a-45c4-802c-0f5cc80ba7bf,f2912ec7-236d-4c2c-a51a-3ddb8c66961f,DASHER_00947,2022-08-11 18:22:00,2022-08-11,2022-08-01,2022,18,Thursday,53,52.0,-1.0,True,15.6,3.69,delivered,True
fc72847c-7d0c-487f-847d-f64f984861ed,d85d6b64-796f-4ef6-bceb-89a17251c012,DASHER_01614,2023-01-25 11:45:00,2023-01-25,2023-01-01,2023,11,Wednesday,26,31.0,5.0,True,24.74,5.64,delivered,True
3459fb24-7a61-41e5-8b7a-30eac68c64b5,b18b3960-bad9-455c-9652-fa70314346fd,DASHER_03345,2023-11-08 18:42:00,2023-11-08,2023-11-01,2023,18,Wednesday,37,48.0,11.0,False,8.97,3.27,delivered,True
540fe3fa-7c82-4e3c-b879-a318201dad64,fe223133-da99-40aa-a11b-ba60e4dffca6,DASHER_01425,2023-08-29 17:12:00,2023-08-29,2023-08-01,2023,17,Tuesday,18,31.0,13.0,False,19.01,4.83,delivered,True
3a5fa2e6-b091-4448-b41b-57b50a757e6a,13215552-218d-449a-8f4e-2a9073b62b1b,DASHER_03619,2022-01-01 12:13:00,2022-01-01,2022-01-01,2022,12,Saturday,30,16.0,-14.0,True,36.92,4.09,delivered,True
799417be-72cd-4a40-9c4a-22f0aaf44afc,426ad328-4250-42d0-97c8-8e6de697fe0d,DASHER_02324,2023-03-14 17:50:00,2023-03-14,2023-03-01,2023,17,Tuesday,46,34.0,-12.0,True,8.0,3.34,delivered,True
e040fc6f-eeb7-40c2-978d-383e373fb1de,18842fb1-e4d5-4217-a02d-aa648ecfe758,DASHER_00596,2023-04-27 19:14:00,2023-04-27,2023-04-01,2023,19,Thursday,33,35.0,2.0,True,20.56,4.18,delivered,True
dd45a979-a51e-47ba-ba0f-bcc60642b8bb,c0c0ecf5-abda-4d35-9a2e-40eb13306bfe,DASHER_00873,2023-02-03 19:24:00,2023-02-03,2023-02-01,2023,19,Friday,29,29.0,0.0,True,30.37,6.62,delivered,True
25f2fced-fb8f-4968-b006-d8c77f533b6f,24a3c021-5dd9-47b2-a7ca-54a3ebdbd59d,DASHER_03806,2024-11-26 16:35:00,2024-11-26,2024-11-01,2024,16,Tuesday,29,29.0,0.0,True,57.63,5.66,delivered,True
4fd07955-69d4-4319-a5ac-0ca579310867,5bb9c93a-9812-4406-b344-50656fe14af5,DASHER_04488,2023-10-12 22:57:00,2023-10-12,2023-10-01,2023,22,Thursday,21,28.0,7.0,False,20.17,7.02,delivered,True
100be792-8152-4b36-9f68-6b5c9ef7842c,1edc8afa-0d3f-4d62-a79a-ad57417bd64f,DASHER_01959,2024-07-10 11:15:00,2024-07-10,2024-07-01,2024,11,Wednesday,36,41.0,5.0,True,18.29,2.91,delivered,True
063fa292-907b-411e-a543-4b6a854fe038,793db73c-2384-41c3-b575-3f11e03c95b0,DASHER_01235,2022-06-08 19:15:00,2022-06-08,2022-06-01,2022,19,Wednesday,34,44.0,10.0,False,31.21,5.93,delivered,True
bf44ddb9-3307-4fc5-91e0-cf85f1f9370b,c68c5373-ace0-4248-9b6c-d11f9a728a46,DASHER_03190,2022-05-12 14:21:00,2022-05-12,2022-05-01,2022,14,Thursday,47,36.0,-11.0,True,24.39,7.32,delivered,True
d9596ad8-6030-4f0d-92ff-a3794eb12a70,759dd5ad-889c-4959-b255-cd76834b8c25,DASHER_03194,2022-02-10 21:48:00,2022-02-10,2022-02-01,2022,21,Thursday,26,20.0,-6.0,True,50.98,3.92,delivered,True
2f0c2b73-4d65-4dc4-854e-2b7c11119827,e332c60f-fa43-408c-95cc-751ec7688d1a,DASHER_03312,2023-03-28 16:17:00,2023-03-28,2023-03-01,2023,16,Tuesday,19,17.0,-2.0,True,29.93,6.06,delivered,True
85fb7a4f-073d-44a9-90b1-c5d868e0f968,23eb233c-bbb7-41ce-9834-a5cefdc4017a,DASHER_00222,2024-08-15 22:39:00,2024-08-15,2024-08-01,2024,22,Thursday,17,12.0,-5.0,True,42.21,7.06,delivered,True
221486a8-9c9f-4de2-9bfc-cbb93fbdf04a,66a1c33e-074c-4520-9b97-3f62f82238b1,DASHER_03105,2023-01-08 05:24:00,2023-01-08,2023-01-01,2023,5,Sunday,39,33.0,-6.0,True,43.11,2.94,delivered,True
e883f326-2258-455e-b54f-c9362d538caa,2200b213-7fc6-43c2-9f91-76746b5da9d4,DASHER_02866,2024-05-13 11:05:00,2024-05-13,2024-05-01,2024,11,Monday,21,24.0,3.0,True,29.41,7.69,delivered,True
09d56772-7269-42e6-875c-d77587df62ab,0f668b8a-bfd7-4761-a195-43543290414e,DASHER_03879,2022-03-24 20:15:00,2022-03-24,2022-03-01,2022,20,Thursday,37,37.0,0.0,True,31.39,5.68,delivered,True
d4735aef-5a37-45db-814e-bab9c3227daf,ace9f434-cac5-4812-bfd9-871c0b363a0b,DASHER_00938,2023-03-23 16:16:00,2023-03-23,2023-03-01,2023,16,Thursday,35,28.0,-7.0,True,30.06,3.17,delivered,True
46e14da5-75e8-4e17-b55f-33e0e0430808,c9b1e53e-1290-451e-a352-412069e5b535,DASHER_01624,2022-02-22 22:36:00,2022-02-22,2022-02-01,2022,22,Tuesday,30,17.0,-13.0,True,8.0,1.52,delivered,True
0028e268-0568-47d2-8968-aebac49e8b4c,e1695292-3748-495d-a20f-4c2fbf3c6da1,DASHER_04636,2023-05-13 07:49:00,2023-05-13,2023-05-01,2023,7,Saturday,31,48.0,17.0,False,31.32,3.99,delivered,True
66af9206-ecd1-4a24-ab32-8b4ad18016e6,fbcb63e8-74e6-403c-8d31-c537e01c863d,DASHER_03551,2024-01-29 06:41:00,2024-01-29,2024-01-01,2024,6,Monday,27,15.0,-12.0,True,53.03,7.72,delivered,True
570175ee-fb32-428e-bf21-b5a669c743e6,c91f0492-e374-448f-9ff5-59ebeb42f7af,DASHER_04408,2024-07-30 19:27:00,2024-07-30,2024-07-01,2024,19,Tuesday,39,52.0,13.0,False,31.09,6.77,delivered,True
9e7d8e13-00d1-44e9-b1f1-d9b485e6cd74,0960d5ca-f7b4-417a-9c49-1ffedcb84d9b,DASHER_03806,2023-07-04 12:15:00,2023-07-04,2023-07-01,2023,12,Tuesday,26,28.0,2.0,True,22.92,4.98,delivered,True
40aae27f-c70a-43ff-82a9-a1e90d2c46fc,059fb9bb-2f80-4abe-9be9-20619dc5cccd,DASHER_02116,2024-02-16 12:31:00,2024-02-16,2024-02-01,2024,12,Friday,38,32.0,-6.0,True,11.88,5.9,delivered,True
7abd758b-e9a0-44bf-8dd7-6e3f588372b8,0e4ad90d-aaa3-4cb2-b4f9-ef9e683e07ec,DASHER_04548,2023-07-20 17:33:00,2023-07-20,2023-07-01,2023,17,Thursday,48,52.0,4.0,True,26.47,6.3,delivered,True
a05ef014-6787-4107-b5fd-843856f47b4e,8c040945-0167-4512-8953-ec9ffda21a28,DASHER_01993,2024-09-02 18:31:00,2024-09-02,2024-09-01,2024,18,Monday,33,33.0,0.0,True,21.65,4.3,delivered,True
279c0428-0964-4fe8-9f0e-bac8457b0a65,d12493d2-3ec9-477e-982b-59b95212805e,DASHER_02059,2024-12-23 13:47:00,2024-12-23,2024-12-01,2024,13,Monday,44,34.0,-10.0,True,24.15,2.6,delivered,True
1692ce22-5524-4ce4-9cbd-3d9955679edb,fc5b4aa1-b33d-4441-a171-ccaa0b3c1de7,DASHER_03966,2023-01-30 12:47:00,2023-01-30,2023-01-01,2023,12,Monday,21,17.0,-4.0,True,25.18,6.31,delivered,True
8e8bb39e-9c85-4acd-803d-a9480e1ce86a,a7b8ca5c-13c6-42c0-8068-ea10c88436b4,DASHER_04375,2023-08-03 23:53:00,2023-08-03,2023-08-01,2023,23,Thursday,45,47.0,2.0,True,38.62,1.88,delivered,True
886e5dd5-c478-4ab1-ab57-84554f661386,42212f1b-f9b1-4ef9-b351-4fe5f5d68f5b,DASHER_04021,2022-04-04 23:35:00,2022-04-04,2022-04-01,2022,23,Monday,29,56.0,27.0,False,30.38,2.98,delivered,True
5446f94c-cef7-4715-933e-72026349d503,8b1abb2c-7c27-4e3f-8cfc-98dd4c467131,DASHER_00535,2024-09-07 15:11:00,2024-09-07,2024-09-01,2024,15,Saturday,35,43.0,8.0,False,26.04,3.79,delivered,True
d99fae50-b6c8-4c7b-ba1d-cefc50229a51,a5dc9144-4605-4d6e-90b6-450da3437d16,DASHER_00697,2022-06-01 18:43:00,2022-06-01,2022-06-01,2022,18,Wednesday,39,41.0,2.0,True,36.03,6.34,delivered,True
e7884cd6-5cd6-417d-9a9d-66227a9d92db,0df0a013-135b-442b-9e5e-35d2db23196b,DASHER_02501,2023-04-08 20:24:00,2023-04-08,2023-04-01,2023,20,Saturday,34,22.0,-12.0,True,33.46,4.97,delivered,True
06be302e-bda3-410d-9dcc-e1395aa23816,a4ba4a77-e6db-43b2-9aec-9732d40baef5,DASHER_00665,2022-05-04 18:47:00,2022-05-04,2022-05-01,2022,18,Wednesday,46,57.0,11.0,False,33.61,1.52,delivered,True
768202b6-16bd-46e0-8a83-941bcce8c282,327ace53-d67d-4447-a058-fca86dead6b8,DASHER_02316,2022-01-06 14:44:00,2022-01-06,2022-01-01,2022,14,Thursday,39,31.0,-8.0,True,21.58,5.91,delivered,True
583b4156-d414-472a-a1ed-c97568b097bd,cc86ffe0-902e-4790-87df-41573291b731,DASHER_01620,2024-07-18 06:14:00,2024-07-18,2024-07-01,2024,6,Thursday,47,38.0,-9.0,True,11.73,5.52,delivered,True
190fd787-b92b-46f2-a472-03c8680275a9,daffc541-7e3f-4cff-b17f-2da7d6f34a59,DASHER_04662,2023-06-29 20:04:00,2023-06-29,2023-06-01,2023,20,Thursday,39,58.0,19.0,False,38.24,7.44,delivered,True
8c3e5505-1c24-4ab8-a0ea-365f302160d3,912359bb-d1d0-46a5-9f98-ec8634fe780d,DASHER_04045,2024-06-18 08:44:00,2024-06-18,2024-06-01,2024,8,Tuesday,32,43.0,11.0,False,9.78,7.22,delivered,True
ecfa66c3-b0cb-4968-bcc6-318c9da189d8,51d1ccdf-f80e-4399-bf59-2aba16961341,DASHER_04809,2023-10-23 18:01:00,2023-10-23,2023-10-01,2023,18,Monday,39,64.0,25.0,False,49.32,7.65,delivered,True
0ecef2bf-d6c8-4cd4-8158-02465d05b9f2,4b6ff088-0d1b-42b7-9955-1b9401cc3717,DASHER_02278,2023-07-06 18:48:00,2023-07-06,2023-07-01,2023,18,Thursday,35,22.0,-13.0,True,36.81,5.43,delivered,True
13535660-9163-4a01-b605-7ecb9f522723,bd2341f2-01fa-4d80-a040-b050330d13d4,DASHER_01317,2024-10-04 22:30:00,2024-10-04,2024-10-01,2024,22,Friday,44,38.0,-6.0,True,39.53,3.3,delivered,True
60fef2ce-1a91-418f-97f5-51e553ab4de8,67aa8ed2-729f-43e6-852f-373057cc75a6,DASHER_02067,2024-10-11 11:25:00,2024-10-11,2024-10-01,2024,11,Friday,38,25.0,-13.0,True,10.84,3.82,delivered,True
bc124d97-6a25-4f0a-a037-06f90b4e021f,25fca3da-846f-40dc-8206-1d891a1a926b,DASHER_04247,2024-11-19 20:00:00,2024-11-19,2024-11-01,2024,20,Tuesday,53,45.0,-8.0,True,12.81,3.52,delivered,True
ad050cbc-05cf-4a3d-84f6-78eda09e88e4,8c5d5ee6-73b8-44a8-b3cb-29a7017ae18a,DASHER_03589,2024-10-17 18:48:00,2024-10-17,2024-10-01,2024,18,Thursday,40,43.0,3.0,True,41.15,1.19,delivered,True
bff93d74-0719-47b3-99d0-dbff96460ae8,7634650c-d7d5-4b95-8bf9-6214c323c454,DASHER_00929,2023-05-06 19:19:00,2023-05-06,2023-05-01,2023,19,Saturday,28,14.0,-14.0,True,22.53,4.22,delivered,True
1ef786ca-a993-4eea-abab-6daf6dc55fad,e0cdf24e-971c-45e5-8caf-e86683e62ffb,DASHER_03403,2022-08-29 18:09:00,2022-08-29,2022-08-01,2022,18,Monday,22,22.0,0.0,True,49.83,2.7,delivered,True
53557bfd-2854-4650-8db2-9566286c6e33,8e0244c3-7c97-42d3-bfcf-dacdf9407fdc,DASHER_02263,2022-10-24 14:58:00,2022-10-24,2022-10-01,2022,14,Monday,15,10.0,-16.0,True,13.98,6.4,delivered,True
01412f2f-6594-4b6b-9dfa-a7dbba7cff05,759dd5ad-889c-4959-b255-cd76834b8c25,DASHER_04808,2024-04-29 12:50:00,2024-04-29,2024-04-01,2024,12,Monday,20,19.0,-1.0,True,9.19,7.05,delivered,True
1cd1de1a-f0d1-4738-94d0-dbaade5b2670,188181c3-f32a-482f-8310-f4d562340405,DASHER_02636,2024-07-03 17:22:00,2024-07-03,2024-07-01,2024,17,Wednesday,29,19.0,-10.0,True,50.61,7.08,delivered,True
f2673c8e-8c68-486e-a2b2-bd24ea290925,7df9f445-e37b-4d08-bfe8-d24aa32e5cbc,DASHER_03123,2023-05-05 18:14:00,2023-05-05,2023-05-01,2023,18,Friday,40,31.0,-9.0,True,11.79,6.74,delivered,True
da45367b-1085-4a9d-a829-037aa29c7c97,10976c04-b5e2-496a-96b7-6e540faed368,DASHER_03606,2022-11-08 16:02:00,2022-11-08,2022-11-01,2022,16,Tuesday,42,63.0,21.0,False,56.22,1.69,delivered,True
0961b042-ebcb-4cd9-89b0-31ce4a21fc29,a1fc7ab1-a46d-4922-a458-08cf122abb7c,DASHER_02171,2024-07-24 01:09:00,2024-07-24,2024-07-01,2024,1,Wednesday,25,34.0,9.0,False,16.33,5.54,delivered,True
41fc4082-b9f7-4091-9b24-53cc67fef942,a37a1be3-2ab8-4aa3-be3b-c506e45de798,DASHER_03997,2023-11-04 21:54:00,2023-11-04,2023-11-01,2023,21,Saturday,45,16.0,-29.0,True,20.69,7.1,delivered,True
59ec41a8-bbd4-4738-ba2e-f35e5cd43d41,c7dae061-4e20-4b09-8a64-bbdef93429bb,DASHER_00740,2022-03-15 18:15:00,2022-03-15,2022-03-01,2022,18,Tuesday,22,10.0,-19.0,True,22.25,5.43,delivered,True
d49ff595-2d57-4f4f-a576-6c3364421bef,a755f275-b94b-4c7f-b233-d6a19817c5f0,DASHER_02403,2022-07-25 15:44:00,2022-07-25,2022-07-01,2022,15,Monday,36,36.0,0.0,True,31.96,3.5,delivered,True
ff3d01ad-35a4-4a2c-95e7-7e21e824ca85,eb880677-9120-40b4-a878-424e5cb1004b,DASHER_00646,2024-06-01 08:33:00,2024-06-01,2024-06-01,2024,8,Saturday,24,33.0,9.0,False,17.12,5.77,delivered,True
4807d2ed-a651-49d0-8123-b1dff418d2f5,98950463-b9e8-4a60-956c-1c6be4c6b8a5,DASHER_00076,2024-10-16 22:09:00,2024-10-16,2024-10-01,2024,22,Wednesday,30,31.0,1.0,True,49.75,7.28,delivered,True
18742d2a-0dc0-46c8-92ff-b5a61de376e1,61393ab1-25bf-4281-9b35-eff55f0ed03b,DASHER_02450,2024-08-10 21:43:00,2024-08-10,2024-08-01,2024,21,Saturday,31,30.0,-1.0,True,18.37,2.74,delivered,True
82265a73-32db-4bc0-aeeb-07e1179225f2,208263ca-559a-47b8-8c41-c91c311739c6,DASHER_04708,2023-09-11 09:24:00,2023-09-11,2023-09-01,2023,9,Monday,28,31.0,3.0,True,22.83,3.06,delivered,True
441ea99c-386e-4144-ab85-e88ecb4a3c6a,d4308e7b-3a78-4c99-8c00-94d3d130a68d,DASHER_00401,2023-08-28 02:53:00,2023-08-28,2023-08-01,2023,2,Monday,31,23.0,-8.0,True,49.49,6.82,delivered,True
c455a460-0402-4c70-a646-899daa9ef133,166c4f60-ee78-432b-8fcf-7cb3effa9d96,DASHER_02053,2023-08-10 20:14:00,2023-08-10,2023-08-01,2023,20,Thursday,27,19.0,-8.0,True,19.79,5.73,delivered,True
0718e595-e6e8-4d45-aed3-c28384d6a710,c98e2d4e-6ae8-4bd0-92f9-59e7627569b5,DASHER_04747,2022-10-08 18:57:00,2022-10-08,2022-10-01,2022,18,Saturday,33,31.0,-2.0,True,23.24,7.36,delivered,True
feb5c8d9-bac6-4346-ae48-50d525e2bb68,6a0ce821-443b-4d56-aae0-e37652cc0867,DASHER_04348,2023-11-01 20:11:00,2023-11-01,2023-11-01,2023,20,Wednesday,38,44.0,6.0,False,53.61,4.5,delivered,True
7bdf9d84-867a-40da-95e4-b105326264a1,96c2f2de-d822-4d6e-83dc-fb8df9a1e163,DASHER_02774,2023-07-13 21:16:00,2023-07-13,2023-07-01,2023,21,Thursday,51,37.0,-14.0,True,34.13,1.52,delivered,True
14891bd1-5a1c-47d0-a1bf-85b0956c7161,1d77fe73-da38-45a4-be9c-e753a6ad9f2a,DASHER_02996,2023-04-08 21:46:00,2023-04-08,2023-04-01,2023,21,Saturday,26,21.0,-5.0,True,15.07,1.62,delivered,True
5c3b875f-5bb9-4167-a469-cc5a25ef13a5,c81b7b7a-10c6-4d0c-9c9e-5f4ede59bc02,DASHER_04788,2024-03-19 01:34:00,2024-03-19,2024-03-01,2024,1,Tuesday,40,48.0,8.0,False,12.81,3.59,delivered,True
d968f9a9-90cc-4465-a761-48dfcfb002a1,99864446-5bf5-407b-b4c2-3f886ccfe705,DASHER_00517,2023-04-24 16:39:00,2023-04-24,2023-04-01,2023,16,Monday,42,53.0,11.0,False,15.69,5.44,delivered,True
7eca5d16-0114-4350-b681-326108b18db0,12715c0b-2a2f-47bc-8fe4-5a2a47ded7c5,DASHER_02493,2024-08-08 21:19:00,2024-08-08,2024-08-01,2024,21,Thursday,32,28.0,-4.0,True,35.95,2.63,delivered,True
be598a90-4b62-4971-97d7-19b16983832f,37628110-53d8-4bc8-a9d6-91fdfbdab9b3,DASHER_04811,2022-10-05 14:23:00,2022-10-05,2022-10-01,2022,14,Wednesday,34,25.0,-9.0,True,8.0,6.19,delivered,True
fa0f998d-73b7-4982-80b4-6b451e98050d,2a4df03d-246c-44c9-8c13-fef5495e4bc8,DASHER_02291,2022-11-13 21:41:00,2022-11-13,2022-11-01,2022,21,Sunday,42,50.0,8.0,False,42.63,4.09,delivered,True
9739a32b-4665-4a66-a33e-38ff942dc32a,2481c45e-4b90-4472-aaa7-e14d81b4f2bf,DASHER_02938,2023-04-29 21:06:00,2023-04-29,2023-04-01,2023,21,Saturday,36,47.0,11.0,False,26.78,1.41,delivered,True
5d8185b8-92a2-4283-8bf5-53cf243c188e,6da36bd5-3842-4eda-9fd8-32199f19b9e0,DASHER_04891,2023-07-20 09:07:00,2023-07-20,2023-07-01,2023,9,Thursday,49,42.0,-7.0,True,33.25,3.32,delivered,True
8f4a0ea5-6763-4143-a2e0-d2a5d0af96ff,ff8d8391-553e-4a5b-8883-1a51e8420693,DASHER_01908,2022-09-15 20:13:00,2022-09-15,2022-09-01,2022,20,Thursday,34,52.0,18.0,False,39.17,3.29,delivered,True
3826350e-bb58-453e-9863-9f62333b291f,0d2de02d-d4b4-41a4-a13f-c9e8d9bf4617,DASHER_04425,2022-10-30 20:38:00,2022-10-30,2022-10-01,2022,20,Sunday,50,50.0,0.0,True,28.46,5.62,delivered,True
99ddee9a-6ec0-4091-b333-f8b2f57cdb0f,8fa74d81-1cbc-40ca-84aa-ef9679882bc7,DASHER_02173,2022-02-22 08:22:00,2022-02-22,2022-02-01,2022,8,Tuesday,39,41.0,2.0,True,17.79,1.36,delivered,True
ab1ad994-66e1-4bbc-8671-0ad794920fb8,4ac9833b-19af-441a-8d9a-93564c36cbaf,DASHER_00893,2024-05-12 17:47:00,2024-05-12,2024-05-01,2024,17,Sunday,43,48.0,5.0,True,18.36,5.3,delivered,True
7be29093-937d-494a-90f7-626e679dbff2,9b3a55a1-63c6-4834-8600-c347beb4e796,DASHER_03492,2024-12-03 12:41:00,2024-12-03,2024-12-01,2024,12,Tuesday,36,40.0,4.0,True,27.31,5.79,delivered,True
12421d78-eb39-4adf-95db-e38dd533c5cd,14430ebb-1169-4de0-b8e3-89c9d39e78b2,DASHER_01033,2024-10-01 19:28:00,2024-10-01,2024-10-01,2024,19,Tuesday,37,39.0,2.0,True,25.18,4.83,delivered,True
96308fc6-59e3-475f-a0ca-b0fd32a65200,4ad8767f-a9e3-4e25-88d2-fa77ca61a1e3,DASHER_00937,2023-10-28 14:38:00,2023-10-28,2023-10-01,2023,14,Saturday,46,34.0,-12.0,True,25.35,6.96,delivered,True
54a5fe27-366d-4eb4-b6b8-05bf5b91129b,e9a3df21-8011-497d-923f-1cbdedc634b4,DASHER_00778,2023-03-17 15:56:00,2023-03-17,2023-03-01,2023,15,Friday,35,45.0,10.0,False,23.53,2.77,delivered,True
bdb1097c-8e52-473d-9715-1cef3d503de4,3b301716-6d78-49a3-840f-0f62e7dc73fd,DASHER_03052,2022-11-09 19:30:00,2022-11-09,2022-11-01,2022,19,Wednesday,41,61.0,20.0,False,40.1,6.67,delivered,True
24ba0f89-ff1b-4dc5-acd0-f9f5505dd0f0,cc11e4fc-5b59-4c13-b6e4-887b745626ce,DASHER_03464,2022-05-03 18:35:00,2022-05-03,2022-05-01,2022,18,Tuesday,23,17.0,-6.0,True,44.7,7.77,delivered,True
283f0847-7462-4382-b7ea-5c82e80c41af,15cb2ecc-5e16-4a68-8e7c-d4dba86092c1,DASHER_00886,2023-10-02 13:36:00,2023-10-02,2023-10-01,2023,13,Monday,25,19.0,-6.0,True,28.1,3.44,delivered,True
a9e75886-a54a-4686-8572-21dd31af50e2,b23a28d6-3e8a-46b2-a36a-a58b7b6c3bd7,DASHER_04560,2024-01-23 08:17:00,2024-01-23,2024-01-01,2024,8,Tuesday,22,13.0,-9.0,True,62.54,6.8,delivered,True
0a7768b6-9229-47e6-8953-ef12bf457a49,16443fd7-b809-4258-82a0-d3f26a944729,DASHER_01486,2023-07-02 02:17:00,2023-07-02,2023-07-01,2023,2,Sunday,38,35.0,-3.0,True,16.17,7.08,delivered,True
99c6d0f6-312e-48ba-b007-1864a31291aa,b6e2bc92-4273-48b0-9efb-c0b522c2dd3b,DASHER_03081,2024-03-31 06:47:00,2024-03-31,2024-03-01,2024,6,Sunday,33,31.0,-2.0,True,16.5,3.58,delivered,True
8087f684-e403-4ffa-8cc2-cb64ccda02e2,82473a88-2bff-46ca-8caa-b0171d772a5c,DASHER_00407,2023-10-27 20:36:00,2023-10-27,2023-10-01,2023,20,Friday,38,18.0,-20.0,True,10.83,5.71,delivered,True
db7602a6-0183-4068-b61e-dd6571183802,125a6011-9e50-4dca-9f3d-5ee791dafc79,DASHER_04197,2023-07-12 15:27:00,2023-07-12,2023-07-01,2023,15,Wednesday,26,27.0,1.0,True,40.51,2.97,delivered,True
269962cb-a40d-435c-bafe-9a79efdf5903,37f2a1e6-67f5-421d-89e0-e3a01465a750,DASHER_01674,2024-09-23 17:19:00,2024-09-23,2024-09-01,2024,17,Monday,40,51.0,11.0,False,32.74,3.1,delivered,True
a7148179-d89a-4d90-bcb7-f0c9f80f901c,c7dae061-4e20-4b09-8a64-bbdef93429bb,DASHER_03527,2023-03-09 20:48:00,2023-03-09,2023-03-01,2023,20,Thursday,34,,,,35.1,5.92,cancelled,True
ff7a1e36-a733-48e1-843b-8023d678ab47,2255a249-e14f-44d1-951b-e2f6042b41c6,DASHER_03573,2024-10-21 17:42:00,2024-10-21,2024-10-01,2024,17,Monday,41,42.0,1.0,True,23.06,1.12,delivered,True
6264a4fc-00ff-4d58-86dd-065e7c421b34,f3aadb96-a268-479a-a3fa-2e674fb91d3b,DASHER_00943,2022-06-09 21:36:00,2022-06-09,2022-06-01,2022,21,Thursday,27,32.0,5.0,True,8.0,2.19,delivered,True
3d963051-c0e6-49db-9cca-459ec49cc1fa,6e93963b-12b4-4856-a6a4-15e444bdf9e9,DASHER_04824,2024-07-31 21:58:00,2024-07-31,2024-07-01,2024,21,Wednesday,46,38.0,-8.0,True,40.76,3.79,delivered,True
7e56d68d-f7aa-4fbe-a8ec-7293e9488ca4,cef00736-03ae-4c47-8ae6-e81e784d9822,DASHER_04181,2022-06-11 14:19:00,2022-06-11,2022-06-01,2022,14,Saturday,34,26.0,-8.0,True,16.15,2.35,delivered,True
7b8e9e6e-914a-48d9-9141-ebc990a520b1,19face6f-4f71-43ad-bde7-ecbebf3cea94,DASHER_01616,2023-12-17 13:52:00,2023-12-17,2023-12-01,2023,13,Sunday,27,23.0,-4.0,True,21.78,2.2,delivered,True
c5a2bb25-5639-46e9-b2af-820d34563724,6c1e69b9-bebc-4c00-9051-fde5e0e1a429,DASHER_04618,2022-11-10 20:41:00,2022-11-10,2022-11-01,2022,20,Thursday,52,65.0,13.0,False,29.52,7.46,delivered,True
cc8f24a5-1b8c-47da-963b-c553cfe4f5ae,3bcfb998-0838-4404-bd85-1c937d6bba27,DASHER_02480,2023-10-24 21:40:00,2023-10-24,2023-10-01,2023,21,Tuesday,26,21.0,-5.0,True,43.27,6.56,delivered,True
1ffcca1a-adec-4bf4-8055-1800e291b665,4330c405-4dd6-4842-b63f-ad1ee2b3f0a4,DASHER_02351,2022-04-26 13:04:00,2022-04-26,2022-04-01,2022,13,Tuesday,31,43.0,12.0,False,55.06,6.98,delivered,True
ce9d7400-9194-4de6-b89d-902a1060b20e,6a255229-2c22-4b92-99d5-8689a34de3e7,DASHER_04683,2024-11-04 14:37:00,2024-11-04,2024-11-01,2024,14,Monday,42,22.0,-20.0,True,19.61,5.55,delivered,True
f3fa1438-ee5b-4db9-9411-a12ef34ec6a8,216689e2-4041-4899-a989-df3f73debd27,DASHER_02813,2023-10-21 18:32:00,2023-10-21,2023-10-01,2023,18,Saturday,36,39.0,3.0,True,34.76,5.51,delivered,True
e4f84410-6653-4b88-9320-914ea1463195,b4d80b34-a51a-4860-8263-f709dd6bd58b,DASHER_03054,2022-03-22 10:28:00,2022-03-22,2022-03-01,2022,10,Tuesday,34,48.0,14.0,False,27.47,7.42,delivered,True
0a519c37-f0f4-4f4a-8110-91f4efd3407b,67f96114-dee7-4855-8d58-6262eb121648,DASHER_00539,2024-03-04 14:21:00,2024-03-04,2024-03-01,2024,14,Monday,33,30.0,-3.0,True,19.3,3.7,delivered,True
f8da5813-92cc-4140-9566-796a03e08df4,68acacc8-53c8-4da0-9c64-3cff98112155,DASHER_04773,2023-06-01 19:42:00,2023-06-01,2023-06-01,2023,19,Thursday,43,58.0,15.0,False,23.98,5.64,delivered,True
4cd3632e-0ec5-4bde-a635-8b428588ab84,6f5d1897-4083-4efb-a148-ba7d73357922,DASHER_00694,2023-12-18 12:41:00,2023-12-18,2023-12-01,2023,12,Monday,32,21.0,-11.0,True,23.17,6.53,delivered,True
31ac1f66-77e1-49ca-ba8e-0931b5639192,3e11acff-1e98-4497-91eb-ebf47266d18c,DASHER_03468,2022-09-19 19:53:00,2022-09-19,2022-09-01,2022,19,Monday,42,80.0,38.0,False,11.74,4.55,delivered,True
1ab90908-29d8-4e72-86b7-64e974c78b02,7261b6a6-09a8-4e50-991f-c7295e2b1374,DASHER_01855,2022-02-07 13:11:00,2022-02-07,2022-02-01,2022,13,Monday,41,38.0,-3.0,True,37.2,3.06,delivered,True
e0adfb17-5e45-4f2c-855a-1d0204602fe6,9a18ac84-52b3-4ae4-9500-57c38fe36031,DASHER_01073,2022-07-27 16:34:00,2022-07-27,2022-07-01,2022,16,Wednesday,34,,,,8.0,5.17,cancelled,True
a212bcba-9b5d-480b-8b6e-db54c31d5fa4,51574129-05a3-4c6c-ad79-2db0a1cc99dd,DASHER_03585,2022-11-12 09:53:00,2022-11-12,2022-11-01,2022,9,Saturday,31,16.0,-15.0,True,42.24,6.03,delivered,True
b3d6ad3a-1bbe-48e8-b44d-917aa89304b4,b18b3960-bad9-455c-9652-fa70314346fd,DASHER_03842,2024-06-28 18:48:00,2024-06-28,2024-06-01,2024,18,Friday,37,37.0,0.0,True,12.13,7.32,delivered,True
ec8a05f7-12ca-42cc-8def-4bd43e9e787c,4b55122b-920d-46f2-91c8-d1e3c3dff7e8,DASHER_04119,2023-02-02 13:36:00,2023-02-02,2023-02-01,2023,13,Thursday,43,42.0,-1.0,True,8.0,6.71,delivered,True
912ab8a8-e220-469c-b7a5-0a385422fc51,198c2c99-1344-4088-a778-3718209d672b,DASHER_04226,2022-10-11 21:03:00,2022-10-11,2022-10-01,2022,21,Tuesday,31,16.0,-15.0,True,8.0,6.95,delivered,True
f9988d2d-bdc1-4c06-8044-d408d94ef50d,08f054c8-b6cf-466e-bc33-54edc39ed3aa,DASHER_00751,2023-08-07 07:10:00,2023-08-07,2023-08-01,2023,7,Monday,32,57.0,25.0,False,38.53,4.15,delivered,True
132033d2-b031-4a2b-861b-381c27cfb3dc,e8b0ea68-73d4-42b3-b187-a603c5c9a28b,DASHER_03071,2023-12-17 22:26:00,2023-12-17,2023-12-01,2023,22,Sunday,33,46.0,13.0,False,34.32,2.56,delivered,True
75e8e82b-eca5-48eb-a1c7-1acbb731595b,fce78aa2-1359-44e4-ac61-2f6e18e9335b,DASHER_02350,2023-10-15 22:53:00,2023-10-15,2023-10-01,2023,22,Sunday,33,23.0,-10.0,True,43.23,6.81,delivered,True
72041644-2d9b-42ca-bfde-28420d3e3c34,c9a6e050-d724-4a3a-a3f9-527b6fd988b7,DASHER_04495,2024-08-18 15:00:00,2024-08-18,2024-08-01,2024,15,Sunday,30,31.0,1.0,True,26.86,7.57,delivered,True
61fb2a85-25e8-40a7-b707-3720c3b334d2,b41f1f3d-86c1-4582-b300-6f2e629c1d68,DASHER_03744,2024-12-16 15:49:00,2024-12-16,2024-12-01,2024,15,Monday,33,42.0,9.0,False,54.86,4.49,delivered,True
855aaf75-1a6c-4646-9873-cd696b812d0b,8d616c21-f974-4c22-89c4-24774c8422cb,DASHER_02890,2022-02-03 18:36:00,2022-02-03,2022-02-01,2022,18,Thursday,40,40.0,0.0,True,36.84,2.67,delivered,True
8ea46bff-f7fb-460f-ad87-732e2e9e3b91,60a373b2-48fe-44a7-b458-e95ce33dcd76,DASHER_04457,2024-05-03 09:42:00,2024-05-03,2024-05-01,2024,9,Friday,53,69.0,16.0,False,8.0,4.87,delivered,True
72cfbde5-0ba1-4d16-912d-ec7dc53970ef,4e083304-68b7-466b-83e1-8d5b67967bc0,DASHER_02925,2024-03-10 21:02:00,2024-03-10,2024-03-01,2024,21,Sunday,33,11.0,-22.0,True,8.0,6.51,delivered,True
4cd0159c-c2b3-4a4e-a357-db310ba21329,073c5684-a296-4808-baf0-203d9ab78e38,DASHER_01092,2023-12-08 10:42:00,2023-12-08,2023-12-01,2023,10,Friday,25,11.0,-14.0,True,46.62,6.68,delivered,True
48236c3f-4959-42b6-83c2-59ebe7955397,48f02e2a-67ee-4063-8b47-a09a802ca40b,DASHER_01104,2022-12-25 21:43:00,2022-12-25,2022-12-01,2022,21,Sunday,37,19.0,-18.0,True,33.6,1.43,delivered,True
f290ee9a-ee88-42c2-ad89-c87f86b31754,a6d4005e-2227-435f-b5cc-98bff44de6d7,DASHER_02540,2024-07-26 03:12:00,2024-07-26,2024-07-01,2024,3,Friday,40,42.0,2.0,True,8.0,4.79,delivered,True
08293b83-de3a-4987-97d2-5f4ab9176e25,090b82e7-f66c-48a2-b7b7-e9644f658f7e,DASHER_02719,2023-06-03 03:41:00,2023-06-03,2023-06-01,2023,3,Saturday,32,36.0,4.0,True,41.64,2.9,delivered,True
065edbe1-10da-4a40-8ab0-337bab8618c5,a30db52a-2ace-46f7-a07f-dcd4b5d3a468,DASHER_01530,2024-01-24 15:25:00,2024-01-24,2024-01-01,2024,15,Wednesday,34,10.0,-25.0,True,10.91,7.46,delivered,True
c82d7967-d13c-4b3d-9883-502fad661cde,b56a66f1-6a1d-48d0-b582-2b0468ac7e60,DASHER_01478,2024-11-29 11:05:00,2024-11-29,2024-11-01,2024,11,Friday,35,35.0,0.0,True,22.48,4.81,delivered,True
9a6360f2-6ff5-4417-a0f9-3c15b0834632,edb795f2-99fa-41ec-ae8c-f7e5c26f025a,DASHER_01365,2023-10-20 07:20:00,2023-10-20,2023-10-01,2023,7,Friday,31,23.0,-8.0,True,23.34,1.29,delivered,True
e38974a3-8633-4130-b8ed-44032c5ef2d0,b7d30ad8-04a0-4b83-b31c-9f48a1c1086b,DASHER_03327,2023-12-24 18:27:00,2023-12-24,2023-12-01,2023,18,Sunday,28,23.0,-5.0,True,69.97,3.53,delivered,True
a036795c-56a1-4f92-b37c-07356f1495a1,0f668b8a-bfd7-4761-a195-43543290414e,DASHER_00550,2022-11-24 22:09:00,2022-11-24,2022-11-01,2022,22,Thursday,41,27.0,-14.0,True,30.4,3.53,delivered,True
5321f098-d4e2-4856-b82a-8354328e7542,06faa0f3-0587-4f11-b6b5-9e1145227000,DASHER_04701,2022-03-08 18:43:00,2022-03-08,2022-03-01,2022,18,Tuesday,46,36.0,-10.0,True,32.97,1.95,delivered,True
1b797317-367f-49ad-852e-bfa3ea48da47,e97dfcba-e1e2-4032-9bf7-65cd60ed4f98,DASHER_04088,2024-01-22 14:41:00,2024-01-22,2024-01-01,2024,14,Monday,31,,,,8.0,1.81,cancelled,True
c771b51e-3a23-4469-83ec-8ec800faca93,53bb4d12-4e57-460d-83e4-006ff977cdc2,DASHER_01639,2023-06-18 19:13:00,2023-06-18,2023-06-01,2023,19,Sunday,33,42.0,9.0,False,28.22,1.85,delivered,True
1ff3ba63-81b8-4cec-871c-8eabfd56295d,dbdd8700-4315-45f7-9787-ba083cc18cdc,DASHER_02618,2022-06-01 15:57:00,2022-06-01,2022-06-01,2022,15,Wednesday,28,10.0,-40.0,True,16.86,4.84,delivered,True
4d669505-ba0a-4d65-bbe2-bbeb71df198c,8fa74d81-1cbc-40ca-84aa-ef9679882bc7,DASHER_02961,2023-08-18 21:54:00,2023-08-18,2023-08-01,2023,21,Friday,24,34.0,10.0,False,48.21,4.55,delivered,True
0fcbab37-886f-4701-9606-b063e3e1c65b,d1a86b12-c280-4734-9e0b-ac7a5b04ce18,DASHER_04688,2022-09-06 23:50:00,2022-09-06,2022-09-01,2022,23,Tuesday,44,,,,10.11,4.85,cancelled,True
d3fec730-7b7e-49cf-8135-5a03cde3710c,46dfbcd2-f634-47ac-90bd-36d96f4c9cc3,DASHER_03354,2022-06-26 06:25:00,2022-06-26,2022-06-01,2022,6,Sunday,45,64.0,19.0,False,28.44,6.75,delivered,True
11b360d3-17a5-4a44-b057-ceaca1e0ce2b,2549f2c0-a7be-441b-bc18-4d5ef5545514,DASHER_01051,2022-06-01 08:20:00,2022-06-01,2022-06-01,2022,8,Wednesday,29,19.0,-10.0,True,47.3,5.47,delivered,True
15bce33d-0a5e-4092-afdc-46e2cba12a47,c074797c-cc7e-4b94-b73c-56cb6563a0bf,DASHER_04244,2023-01-08 20:08:00,2023-01-08,2023-01-01,2023,20,Sunday,25,10.0,-24.0,True,42.05,2.06,delivered,True
d5943c16-2048-4f0b-bdd1-88019c32238b,e67626b2-2e08-4269-964d-83b426828f84,DASHER_02326,2022-12-04 09:59:00,2022-12-04,2022-12-01,2022,9,Sunday,33,23.0,-10.0,True,34.96,5.44,delivered,True
2b6d243b-da03-4b17-94bc-b06fa84bb13c,4333fa1b-4926-4f83-ae6f-564fc51742a8,DASHER_04756,2023-07-17 08:19:00,2023-07-17,2023-07-01,2023,8,Monday,29,26.0,-3.0,True,24.12,2.07,delivered,True
79779927-f2e9-4299-b368-3ad6388f96e8,6141c8ff-5e91-4d45-8363-33562058f1d0,DASHER_04724,2023-11-23 21:36:00,2023-11-23,2023-11-01,2023,21,Thursday,50,56.0,6.0,False,27.55,4.99,delivered,True
73d96c36-c455-41eb-9bf9-474194540798,895c6667-0fdc-4ea8-861c-daa49ac7ecc6,DASHER_03326,2022-03-04 16:40:00,2022-03-04,2022-03-01,2022,16,Friday,40,24.0,-16.0,True,22.43,3.07,delivered,True
375c64c7-c298-43ea-87c4-450ae2742f5f,20e51a62-a3d1-41c0-82fa-2be9d4e5692b,DASHER_01176,2022-05-30 19:10:00,2022-05-30,2022-05-01,2022,19,Monday,26,31.0,5.0,True,19.35,6.13,delivered,True
3c4b47db-7f54-4b12-9b03-cbc4d19dc7fc,be05b421-a9a6-42b8-b3d8-89e3f92328c7,DASHER_03821,2023-12-09 23:08:00,2023-12-09,2023-12-01,2023,23,Saturday,46,46.0,0.0,True,10.5,1.85,delivered,True
d096993a-1938-4850-acf1-041cfbe523f3,48a3bf8c-fe92-4af6-b662-f239412abc6e,DASHER_02033,2024-07-09 10:06:00,2024-07-09,2024-07-01,2024,10,Tuesday,53,62.0,9.0,False,59.97,6.68,delivered,True
25f93faa-4f28-4342-9f0a-f007683830bd,2f225b68-423d-4100-811b-2445bd07a731,DASHER_04074,2023-10-03 09:10:00,2023-10-03,2023-10-01,2023,9,Tuesday,30,16.0,-14.0,True,28.7,1.15,delivered,True
41c2fae9-c775-45cf-bcfe-bbe5d73bbdd8,1816b749-3afa-4271-a0c1-3ec8f5d22052,DASHER_04894,2024-03-16 16:15:00,2024-03-16,2024-03-01,2024,16,Saturday,36,46.0,10.0,False,44.65,4.28,delivered,True
fcd9e90d-4c71-4d75-bd8f-0be39dba3872,5fb4184a-f204-4ed7-952f-e1705bc34999,DASHER_02997,2022-01-17 21:27:00,2022-01-17,2022-01-01,2022,21,Monday,27,33.0,6.0,False,37.27,1.31,delivered,True
f0b4a1aa-4062-4c78-af33-632d5cabdee3,ba635572-003c-4c78-8e49-b10d37d3cb89,DASHER_04504,2022-04-15 18:12:00,2022-04-15,2022-04-01,2022,18,Friday,30,37.0,7.0,False,20.13,5.75,delivered,True
7f3be39a-afa4-4e44-8592-4c31d6a88406,3d623c63-26c2-4f87-8177-8d536aed2499,DASHER_02995,2022-09-01 08:06:00,2022-09-01,2022-09-01,2022,8,Thursday,58,42.0,-16.0,True,45.01,6.27,delivered,True
5a867ccd-11f9-4231-962e-b751d8b3fbec,fc84acc2-7d51-43b6-9a34-320ae65bd4b4,DASHER_03880,2023-02-12 18:25:00,2023-02-12,2023-02-01,2023,18,Sunday,32,32.0,0.0,True,20.04,7.24,delivered,True
0179322e-928f-41a6-b0c4-adc0aa22bf45,b76c4138-0bca-4312-897f-b8622e94f02f,DASHER_02451,2022-10-14 12:39:00,2022-10-14,2022-10-01,2022,12,Friday,34,29.0,-5.0,True,42.12,5.15,delivered,True
51e26188-1d6b-4397-bedf-724975d3cf53,079fcc3d-2113-4c2d-97b8-bae65f766873,DASHER_03017,2024-11-04 20:34:00,2024-11-04,2024-11-01,2024,20,Monday,24,24.0,0.0,True,24.97,3.91,delivered,True
42ed56c0-22d5-4f44-a992-60543e789092,a3baa31c-5934-4dd8-bcd0-e74e2ac063c3,DASHER_04738,2023-09-23 20:46:00,2023-09-23,2023-09-01,2023,20,Saturday,38,49.0,11.0,False,13.29,5.03,delivered,True
3311059b-4100-4000-afaf-74404b73cf92,1966d2de-9828-4fa0-ab2a-b0a1c12e7b14,DASHER_01210,2022-04-16 18:10:00,2022-04-16,2022-04-01,2022,18,Saturday,22,20.0,-2.0,True,33.36,5.0,delivered,True
d9ae2b0b-b520-47e0-aaad-3ce92414737b,d408e080-06dc-4b14-b0ae-76b07c534583,DASHER_04110,2022-08-14 09:28:00,2022-08-14,2022-08-01,2022,9,Sunday,29,27.0,-2.0,True,36.42,6.41,delivered,True
27559ca5-050e-4354-8b17-4dd88d00efac,e89c952e-f53a-4a95-8d06-81a38fcefb4a,DASHER_02662,2024-08-23 21:47:00,2024-08-23,2024-08-01,2024,21,Friday,33,15.0,-18.0,True,45.61,3.63,delivered,True
aeaf4d57-9f35-4ddb-8fdb-126e73b67994,51574129-05a3-4c6c-ad79-2db0a1cc99dd,DASHER_02165,2022-12-21 15:34:00,2022-12-21,2022-12-01,2022,15,Wednesday,34,28.0,-6.0,True,40.23,5.26,delivered,True
789ec613-8e6b-4988-a3af-bf79d27f0e1a,565316ef-c26e-4812-ac54-4aedf5593b44,DASHER_02367,2023-01-29 22:17:00,2023-01-29,2023-01-01,2023,22,Sunday,29,26.0,-3.0,True,22.08,4.41,delivered,True
939aa98a-7b5f-4f45-8c30-c8048a74fffd,4910564f-201e-430b-8ad2-0bcdfb65c859,DASHER_04449,2024-09-09 13:59:00,2024-09-09,2024-09-01,2024,13,Monday,23,40.0,17.0,False,18.9,3.65,delivered,True
14a97584-05e9-423b-9679-fa9d1dbb092c,e2c5120f-4685-4868-a145-2da148452a59,DASHER_00647,2024-03-19 20:49:00,2024-03-19,2024-03-01,2024,20,Tuesday,37,28.0,-9.0,True,19.27,2.79,delivered,True
702741df-359e-4282-8e75-a785424b84ba,3d785051-a04b-4442-b9fc-fbb2c0d5b140,DASHER_00894,2024-09-08 10:52:00,2024-09-08,2024-09-01,2024,10,Sunday,42,15.0,-27.0,True,20.13,5.3,delivered,True
7c1dc2e0-8e24-4790-9246-87d4dcaf2d92,10976c04-b5e2-496a-96b7-6e540faed368,DASHER_03385,2023-05-06 10:42:00,2023-05-06,2023-05-01,2023,10,Saturday,39,35.0,-4.0,True,20.3,5.76,delivered,True
073759af-8a43-46f7-a8ff-753eafeae014,c3d23fe5-7ef2-4c87-97c4-9a849ac6426f,DASHER_03896,2022-10-09 00:35:00,2022-10-09,2022-10-01,2022,0,Sunday,42,48.0,6.0,False,27.28,4.33,delivered,True
597d39fd-587f-4833-8fb4-cee6d7629fa2,13052c96-f2f8-4405-b922-32a050f2174b,DASHER_04703,2023-02-13 20:18:00,2023-02-13,2023-02-01,2023,20,Monday,30,45.0,15.0,False,31.24,6.94,delivered,True
02dcb652-b804-4abe-be0e-546e432603cc,a74944e4-3961-4a84-9716-4c116a9f8ff1,DASHER_03252,2022-03-18 22:11:00,2022-03-18,2022-03-01,2022,22,Friday,48,29.0,-19.0,True,42.61,6.51,delivered,True
03ea5a92-e2eb-48f2-8184-51af7fafe356,886d3173-b38f-4641-a0bf-021f3d891956,DASHER_04937,2023-01-17 22:55:00,2023-01-17,2023-01-01,2023,22,Tuesday,49,,,,61.95,2.98,cancelled,True
474d1164-c987-48c9-bcf0-41c0f5085d53,acb27707-dec1-4205-940c-67a243f47518,DASHER_02708,2024-12-09 16:08:00,2024-12-09,2024-12-01,2024,16,Monday,49,56.0,7.0,False,14.93,2.13,delivered,True
1cb43282-577a-43b2-8697-f1389103a1f2,862edc87-f5ee-4d0e-a3b6-17a0a1782b73,DASHER_01582,2024-07-28 18:45:00,2024-07-28,2024-07-01,2024,18,Sunday,40,58.0,18.0,False,41.83,7.27,delivered,True
8f14690b-8bbd-48b5-8a44-8be921af05ec,ce4b693c-7d4a-4bf2-ac47-536b315e6430,DASHER_02650,2024-05-25 17:05:00,2024-05-25,2024-05-01,2024,17,Saturday,49,45.0,-4.0,True,32.42,7.54,delivered,True
fc6b2856-4acc-4138-80fe-c52bbad9679f,c013315b-5dbe-4159-85f6-96a0bf6d3a3f,DASHER_04693,2022-01-14 11:15:00,2022-01-14,2022-01-01,2022,11,Friday,29,32.0,3.0,True,50.29,5.84,delivered,True
f24abd96-a7d9-42f1-88fe-6896a44a048b,7dc49068-c5ec-4657-b67c-bfcd933c6880,DASHER_02547,2022-05-08 19:29:00,2022-05-08,2022-05-01,2022,19,Sunday,35,31.0,-4.0,True,42.83,5.82,delivered,True
d65e104e-c921-48c7-b22a-be8b6cd0d7f3,ace9f434-cac5-4812-bfd9-871c0b363a0b,DASHER_04962,2023-08-28 13:14:00,2023-08-28,2023-08-01,2023,13,Monday,35,41.0,6.0,False,12.14,7.38,delivered,True
31db64ee-4c58-42ae-98c3-4dd3efe962ca,cb7017d1-cb27-4e03-be39-d64479094a13,DASHER_04326,2023-03-24 20:43:00,2023-03-24,2023-03-01,2023,20,Friday,43,43.0,0.0,True,8.0,5.92,delivered,True
3dac7618-da9d-43bd-96ba-39588b91712d,e3318012-c473-4418-ae10-5a95862630dd,DASHER_04396,2022-06-09 22:07:00,2022-06-09,2022-06-01,2022,22,Thursday,44,49.0,5.0,True,36.37,4.63,delivered,True
64843d75-d74c-4382-a20e-8384bbc7c425,55d715ee-23e9-4d4e-8118-2663557cb27f,DASHER_00455,2022-08-27 19:45:00,2022-08-27,2022-08-01,2022,19,Saturday,40,36.0,-4.0,True,25.23,4.16,delivered,True
0184f42a-62ab-404d-9435-b1b78c14580a,12f16d9a-5a6a-4fd5-b81a-4e7f8651d940,DASHER_00178,2024-11-17 14:36:00,2024-11-17,2024-11-01,2024,14,Sunday,43,47.0,4.0,True,8.0,6.21,delivered,True
a381ab99-7493-4253-bc60-243b1e80384e,fbf6332c-31b4-4eac-97d8-a4d40398bb35,DASHER_00565,2022-05-30 04:22:00,2022-05-30,2022-05-01,2022,4,Monday,43,39.0,-4.0,True,10.68,7.89,delivered,True
b774992a-7cfa-489e-8db5-286584ae61ce,5b262e0b-16f4-4533-885a-32d3b65356a9,DASHER_03443,2024-08-24 03:26:00,2024-08-24,2024-08-01,2024,3,Saturday,36,41.0,5.0,True,8.0,4.13,delivered,True
dcfc1844-6c2a-49bb-9552-5653a07179e5,966ffa93-4e00-4238-84d3-eb99b7b8b574,DASHER_02848,2024-02-13 13:43:00,2024-02-13,2024-02-01,2024,13,Tuesday,46,69.0,23.0,False,21.67,1.82,delivered,True
76f46c9c-8446-41bb-8abd-ddb160613f8e,759dd5ad-889c-4959-b255-cd76834b8c25,DASHER_03792,2024-03-15 17:46:00,2024-03-15,2024-03-01,2024,17,Friday,50,47.0,-3.0,True,19.8,4.71,delivered,True
d26228a6-bd84-4ccc-9fea-d66e6989cd90,20191d69-1d79-4e4e-8a1b-96b778ba2eb2,DASHER_00924,2023-04-16 10:22:00,2023-04-16,2023-04-01,2023,10,Sunday,26,30.0,4.0,True,36.52,1.22,delivered,True
987f7819-a677-4b79-b02c-ce8a06992783,b8f254f1-fb49-4539-bda7-a35e90b28470,DASHER_04865,2024-05-08 18:59:00,2024-05-08,2024-05-01,2024,18,Wednesday,36,35.0,-1.0,True,48.3,5.91,delivered,True
18a88fe5-8851-4610-9d51-fa268a8438cf,eb46e11a-baba-4d61-bddc-1e9ebd2041a6,DASHER_00462,2022-04-10 10:02:00,2022-04-10,2022-04-01,2022,10,Sunday,37,30.0,-7.0,True,34.82,1.97,delivered,True
f79e4a7c-4d0b-4b40-af1d-eba4a2c4d252,3a2ee7b6-ffed-4ca4-9204-42b330623809,DASHER_02626,2023-08-16 10:58:00,2023-08-16,2023-08-01,2023,10,Wednesday,34,24.0,-10.0,True,31.02,7.89,delivered,True
8be06ef6-26de-4df8-bde8-22b6ff19894f,192997ea-b905-4a62-b3a8-b2f55d3384dd,DASHER_01434,2024-12-03 10:19:00,2024-12-03,2024-12-01,2024,10,Tuesday,51,49.0,-2.0,True,47.4,5.37,delivered,True
a2fa7ac3-5c62-4866-8ead-92d2b58caa34,fe991fb6-987e-43db-bbb2-f6586e7cc7b9,DASHER_04296,2024-05-24 17:03:00,2024-05-24,2024-05-01,2024,17,Friday,53,49.0,-4.0,True,21.98,2.03,delivered,True
225db156-086a-41f4-99b4-e00b2e08974c,79e489a0-38cc-4719-a689-7abac44f0c10,DASHER_01182,2024-02-10 09:34:00,2024-02-10,2024-02-01,2024,9,Saturday,42,19.0,-23.0,True,33.33,6.63,delivered,True
b5a03517-ef49-4ecb-b6f0-9ab0fa198901,0ffbece7-b236-4383-b170-ef0e5fb8b7cc,DASHER_02705,2022-04-29 17:26:00,2022-04-29,2022-04-01,2022,17,Friday,30,28.0,-2.0,True,8.01,6.92,delivered,True
00713f38-9422-4f0d-9bf4-d412816b2e34,99f4838d-67fa-44bc-ad33-cd506b595287,DASHER_00323,2022-07-09 17:53:00,2022-07-09,2022-07-01,2022,17,Saturday,20,23.0,3.0,True,39.54,7.11,delivered,True
b899c459-7399-423a-bd70-5ac923e31307,435ebcce-d017-498f-bf72-6cd1350d218c,DASHER_02727,2023-01-21 20:37:00,2023-01-21,2023-01-01,2023,20,Saturday,33,18.0,-15.0,True,17.73,2.47,delivered,True
f022a9bd-abda-4d71-95f7-bd494483535f,5099fcfd-f316-438f-8ac1-7e344eacd601,DASHER_04951,2023-01-25 22:07:00,2023-01-25,2023-01-01,2023,22,Wednesday,51,51.0,0.0,True,8.0,5.92,delivered,True
01c44cff-c477-4d7e-a5b2-a3e2852d3f4b,d14e9175-d81b-4006-b0a6-dfbf59ff8656,DASHER_02943,2024-03-23 22:35:00,2024-03-23,2024-03-01,2024,22,Saturday,32,40.0,8.0,False,23.42,7.17,delivered,True
eb50559f-8a22-4a9c-8196-6794d346134b,5004a095-c3c5-4b0f-bfe6-820a44f2ec23,DASHER_02563,2024-08-12 07:46:00,2024-08-12,2024-08-01,2024,7,Monday,42,20.0,-22.0,True,33.97,3.89,delivered,True
0bf4fd22-0f73-4e0b-8ad5-ff6116a5bb87,c2746625-af35-480f-8aa5-34b3462680ce,DASHER_02418,2023-03-30 20:01:00,2023-03-30,2023-03-01,2023,20,Thursday,33,60.0,27.0,False,36.22,3.65,delivered,True
e410acfa-1f5e-4d1a-a566-0524ca15bfee,0e4ad90d-aaa3-4cb2-b4f9-ef9e683e07ec,DASHER_04018,2023-05-19 16:41:00,2023-05-19,2023-05-01,2023,16,Friday,40,50.0,10.0,False,23.77,4.22,delivered,True
4554416c-7a24-4ca6-941c-b5a37e8b4aa3,b8548863-aaf9-4e15-89a2-7f88a0c42b08,DASHER_00481,2023-12-23 09:46:00,2023-12-23,2023-12-01,2023,9,Saturday,30,28.0,-2.0,True,8.0,1.51,delivered,True
72c40774-e67b-4abe-9471-051a9632faa5,f6c23698-bc28-4423-9f0c-eef0724e3cc0,DASHER_00074,2022-04-10 20:26:00,2022-04-10,2022-04-01,2022,20,Sunday,32,43.0,11.0,False,44.6,2.52,delivered,True
696a3cfe-d538-4cb6-84e2-7fda048813d8,7d77f3d5-9661-4a48-bc50-276af59798f0,DASHER_03996,2024-07-22 13:39:00,2024-07-22,2024-07-01,2024,13,Monday,22,10.0,-21.0,True,46.9,3.87,delivered,True
1612b6be-e3a9-4473-94fa-ac736160ced9,e7352eaa-c694-44a5-a670-e944f17914f0,DASHER_03527,2022-02-04 17:17:00,2022-02-04,2022-02-01,2022,17,Friday,35,26.0,-9.0,True,25.75,6.63,delivered,True
fbcf9d4c-1ee4-41ce-8c78-9bfe13494477,761d6d1d-6f9d-4b73-81c9-2e7276827590,DASHER_02903,2023-01-03 07:06:00,2023-01-03,2023-01-01,2023,7,Tuesday,29,28.0,-1.0,True,26.86,3.6,delivered,True
00f7bde0-0e1a-475c-b806-132cbc4b0637,97b58304-f5c8-433a-b451-208b7b756c15,DASHER_00660,2024-04-11 15:15:00,2024-04-11,2024-04-01,2024,15,Thursday,42,50.0,8.0,False,27.84,5.57,delivered,True
f58a5a29-9777-4e72-a29f-46a1e8c1c25e,3a1b6379-6f34-4b2d-96e3-eac5b3714a0a,DASHER_01403,2022-03-06 07:24:00,2022-03-06,2022-03-01,2022,7,Sunday,28,37.0,9.0,False,53.66,5.5,delivered,True
72c00fe1-4772-44d1-ade3-ed417dcff02c,0651182b-1fad-4e0a-9835-9ea1d5aa9d4f,DASHER_01731,2023-11-10 17:54:00,2023-11-10,2023-11-01,2023,17,Friday,42,67.0,25.0,False,23.29,7.3,delivered,True
9d771fe7-32b9-45a3-b0fa-1ad0af6cbb00,e2296c9b-f89e-475d-9a59-034adf43d332,DASHER_00269,2024-08-31 11:59:00,2024-08-31,2024-08-01,2024,11,Saturday,51,63.0,12.0,False,41.06,1.1,delivered,True
9cd5468e-1aaf-4e3b-8a09-f264698bc505,325576ff-122f-48d6-9162-5ffa7d9c943a,DASHER_01330,2023-03-01 18:48:00,2023-03-01,2023-03-01,2023,18,Wednesday,49,58.0,9.0,False,8.0,4.94,delivered,True
d8e1dde0-d1d5-4dea-94b7-403a37ccb72b,b0662d42-f6a7-4695-b775-7b915c173b06,DASHER_00642,2024-03-07 19:34:00,2024-03-07,2024-03-01,2024,19,Thursday,28,45.0,17.0,False,8.0,1.37,delivered,True
3ebfb03b-fddc-4dee-86a4-e5b871ab8b41,1c31c32d-80c1-410c-a3bf-190d0c851ecd,DASHER_02673,2024-06-14 10:04:00,2024-06-14,2024-06-01,2024,10,Friday,34,23.0,-11.0,True,50.13,1.2,delivered,True
662663f9-e232-4238-ba92-9074d8f32bd5,d49aff6c-5352-4ffd-8a3e-99b3fd95fe19,DASHER_01521,2023-07-14 20:28:00,2023-07-14,2023-07-01,2023,20,Friday,27,27.0,0.0,True,19.07,1.59,delivered,True
841db631-13be-4168-b094-f3d798d3ed41,eb080d94-7489-47cd-95e3-81a740994fee,DASHER_01263,2023-08-28 20:45:00,2023-08-28,2023-08-01,2023,20,Monday,24,32.0,8.0,False,33.78,6.17,delivered,True
8e283732-6ff0-47e7-8024-da5ee88daef0,0d861420-d9bb-4cbf-88e2-fbf99de9e45c,DASHER_00837,2023-10-11 13:05:00,2023-10-11,2023-10-01,2023,13,Wednesday,41,41.0,0.0,True,35.0,4.13,delivered,True
2090fe55-600d-48cc-a5e8-92fe8b5adb03,5f5eb29e-7f09-48e1-82ab-21228078a1be,DASHER_02657,2024-11-15 14:01:00,2024-11-15,2024-11-01,2024,14,Friday,38,50.0,12.0,False,38.68,7.04,delivered,True
eec5092d-1ae5-4921-bc7c-121c23c0ef1e,29f0b988-affb-4093-b54e-172b2cfe1ad8,DASHER_04685,2022-01-26 12:24:00,2022-01-26,2022-01-01,2022,12,Wednesday,37,19.0,-18.0,True,8.0,2.18,delivered,True
3a6c4227-f340-459f-beb0-31d0914bce44,30b9b9fc-aa82-4c91-9094-423c329bf6e8,DASHER_03966,2023-07-05 12:31:00,2023-07-05,2023-07-01,2023,12,Wednesday,33,37.0,4.0,True,35.7,6.47,delivered,True
57733ad2-a455-42fb-aaf9-4674f810a350,c579ff1e-293a-4223-95d5-88ace5c735ab,DASHER_00876,2024-01-10 11:15:00,2024-01-10,2024-01-01,2024,11,Wednesday,33,20.0,-13.0,True,29.65,3.76,delivered,True
93f8078b-7a6b-4753-935c-85b71a93d692,e617f2f1-9f83-434f-9629-6385a0b313df,DASHER_04869,2024-02-18 20:21:00,2024-02-18,2024-02-01,2024,20,Sunday,35,24.0,-11.0,True,34.34,1.94,delivered,True
ee7b3d16-94cc-459b-a420-0fbc710cfaf5,4396ea78-8d4c-41eb-8561-e509ac2c5ee6,DASHER_02614,2023-10-19 18:44:00,2023-10-19,2023-10-01,2023,18,Thursday,37,46.0,9.0,False,22.55,4.43,delivered,True
9399da9c-09b6-4539-8ee1-7708276c6297,e2296c9b-f89e-475d-9a59-034adf43d332,DASHER_01636,2023-05-12 12:17:00,2023-05-12,2023-05-01,2023,12,Friday,46,50.0,4.0,True,14.8,5.14,delivered,True
e865a8e1-9958-4820-b310-e9d78664f993,3d6b9854-e7f3-4494-9d64-f3053c765039,DASHER_03591,2023-01-04 19:35:00,2023-01-04,2023-01-01,2023,19,Wednesday,47,50.0,3.0,True,36.85,1.47,delivered,True
40ca16c9-f072-4741-a998-cd4496be2fc0,c9b1e53e-1290-451e-a352-412069e5b535,DASHER_03466,2024-04-17 19:08:00,2024-04-17,2024-04-01,2024,19,Wednesday,20,15.0,-5.0,True,20.2,6.51,delivered,True
a717706b-0124-4552-9178-64d24ebfced9,fcb504fc-e95f-48f3-94f6-b9bdd4982c20,DASHER_03426,2022-06-01 15:38:00,2022-06-01,2022-06-01,2022,15,Wednesday,26,27.0,1.0,True,8.0,3.51,delivered,True
e0b9468d-34c0-4462-a89b-3c28d43b9e63,4da48650-7f7b-4754-97b8-84c85d91cda7,DASHER_04613,2022-06-24 07:15:00,2022-06-24,2022-06-01,2022,7,Friday,31,25.0,-6.0,True,16.75,7.88,delivered,True
81f1606e-5cea-48fe-aaf8-3d85749d3123,0d286e68-7e86-434f-b66a-37d964835249,DASHER_01818,2024-03-29 22:21:00,2024-03-29,2024-03-01,2024,22,Friday,43,,,,10.4,5.05,cancelled,True
c347f20e-9400-4451-9b47-3e7b90759c90,5101636f-fa5f-4957-afb4-8303a45bcd80,DASHER_02825,2023-03-29 15:25:00,2023-03-29,2023-03-01,2023,15,Wednesday,34,17.0,-17.0,True,33.7,7.97,delivered,True
8b391a1b-ac89-43c7-8a9f-218c0c056f14,1ebf0d78-fcae-486e-a690-6ca1556d30bd,DASHER_01160,2024-09-15 07:26:00,2024-09-15,2024-09-01,2024,7,Sunday,37,35.0,-2.0,True,20.53,6.48,delivered,True
fb833af2-4766-423c-8071-bbe497ff7a40,556a9d62-1825-423f-a7aa-acb1ec1c095f,DASHER_02459,2024-12-03 16:30:00,2024-12-03,2024-12-01,2024,16,Tuesday,40,55.0,15.0,False,42.32,1.3,delivered,True
d37073ec-dcf2-4ff5-aa08-2ee64f930261,2954edfc-6aee-4abc-98c8-6cb2420518ba,DASHER_01998,2022-08-24 02:21:00,2022-08-24,2022-08-01,2022,2,Wednesday,27,13.0,-14.0,True,9.59,3.31,delivered,True
c37c55c6-6bf6-4783-9a89-c51618e5c735,8d7b7c77-224e-44e7-abd2-58440cf94146,DASHER_03540,2024-05-23 22:14:00,2024-05-23,2024-05-01,2024,22,Thursday,33,38.0,5.0,True,8.3,3.76,delivered,True
ab8dd707-3b09-47e3-83d7-756e76c75e48,7fca1ce5-29e0-48d7-8563-3c66d2fc7754,DASHER_00512,2023-02-09 15:27:00,2023-02-09,2023-02-01,2023,15,Thursday,25,37.0,12.0,False,8.0,4.75,delivered,True
02d09f2c-5cbb-4cc5-ae6e-f9997be209fe,c7b01f6b-88c2-431d-9f58-cd2b1f9352d7,DASHER_02567,2024-01-20 12:29:00,2024-01-20,2024-01-01,2024,12,Saturday,28,41.0,13.0,False,43.17,5.17,delivered,True
8e84c209-4713-451f-9949-6757221ce359,530b77de-d14e-49e0-88cf-46f88cc81b83,DASHER_02436,2024-03-14 18:22:00,2024-03-14,2024-03-01,2024,18,Thursday,29,39.0,10.0,False,45.98,5.69,delivered,True
ab31f056-a859-4e53-ba48-8b11fed6dcfc,f89fa075-8584-4edf-b341-3b4c643e3476,DASHER_03426,2023-10-04 08:19:00,2023-10-04,2023-10-01,2023,8,Wednesday,29,37.0,8.0,False,38.22,5.16,delivered,True
88707a10-07fd-4882-94ba-6e3427f3a2d7,812f1eb5-7a80-499c-87b4-5cc3e4058d19,DASHER_04545,2024-02-25 15:31:00,2024-02-25,2024-02-01,2024,15,Sunday,26,13.0,-13.0,True,34.68,2.3,delivered,True
ba89e94c-5818-48f1-8712-6aa99b8a25b1,af8468a4-30bb-461b-8e81-867623dd6a66,DASHER_03145,2024-07-12 18:55:00,2024-07-12,2024-07-01,2024,18,Friday,40,39.0,-1.0,True,30.11,7.74,delivered,True
a2d09a0c-3885-4ce5-adbc-4d1993c62526,0e4ad90d-aaa3-4cb2-b4f9-ef9e683e07ec,DASHER_01370,2024-11-01 19:26:00,2024-11-01,2024-11-01,2024,19,Friday,31,20.0,-11.0,True,31.76,6.32,delivered,True
ba7315d3-c291-44bf-b6ca-03411d1b61e9,ac2c53de-d616-4215-9a65-ff045f5b0904,DASHER_04057,2023-08-22 03:14:00,2023-08-22,2023-08-01,2023,3,Tuesday,35,28.0,-7.0,True,26.37,4.84,delivered,True
34fd1ff1-b142-4265-8545-53b7e910410b,b56a66f1-6a1d-48d0-b582-2b0468ac7e60,DASHER_00340,2022-08-20 18:17:00,2022-08-20,2022-08-01,2022,18,Saturday,37,15.0,-22.0,True,29.52,2.52,delivered,True
e261c190-a220-4ea1-b250-53639ae2c8fa,58bacc4c-bb18-4de4-86c4-324ce6dfa5b5,DASHER_03684,2024-05-20 07:53:00,2024-05-20,2024-05-01,2024,7,Monday,26,21.0,-5.0,True,19.2,2.83,delivered,True
ddb4459e-14de-439a-a476-e6384305553c,a916af62-8411-4776-bcae-f5188dbc62ef,DASHER_02872,2022-06-28 15:07:00,2022-06-28,2022-06-01,2022,15,Tuesday,35,27.0,-8.0,True,41.73,3.99,delivered,True
6d767a7e-42e8-4f98-be17-53e5f0d25f40,5f3ba672-bb5c-47f6-a06a-6aee121dc288,DASHER_04889,2022-10-13 20:52:00,2022-10-13,2022-10-01,2022,20,Thursday,26,27.0,1.0,True,33.56,4.76,delivered,True
c94a067d-e039-4037-95cc-76d4a1df204c,77c8f5c6-d153-453c-bac1-704982e849dd,DASHER_00780,2023-10-25 23:18:00,2023-10-25,2023-10-01,2023,23,Wednesday,33,42.0,9.0,False,44.95,3.87,delivered,True
f0e45ace-47f0-4efb-af36-c379424777d1,32335eaa-b575-466d-a494-372d456b8e95,DASHER_02638,2022-05-02 23:55:00,2022-05-02,2022-05-01,2022,23,Monday,45,35.0,-10.0,True,9.14,6.79,delivered,True
f15cd6ea-e645-4a55-b5d5-f70252e54f4e,71895e3a-9fce-476d-a163-6b93020d207a,DASHER_00762,2024-03-15 16:36:00,2024-03-15,2024-03-01,2024,16,Friday,27,15.0,-12.0,True,8.04,5.85,delivered,True
50858bcd-6320-48a7-9918-138c0b73e28f,6e3f991c-0222-4fa5-9d5f-cbac2558eb9e,DASHER_00763,2024-01-26 15:31:00,2024-01-26,2024-01-01,2024,15,Friday,42,42.0,0.0,True,29.43,6.11,delivered,True
5e532c69-d93a-4972-8f23-582219e44da7,1dd3c1ad-bbbc-47ad-9f82-aefa5b730315,DASHER_03519,2024-07-27 18:44:00,2024-07-27,2024-07-01,2024,18,Saturday,33,36.0,3.0,True,36.44,3.25,delivered,True
3493f185-d6ef-4132-b030-89fa2e5ef778,fbf6332c-31b4-4eac-97d8-a4d40398bb35,DASHER_00396,2023-08-04 12:36:00,2023-08-04,2023-08-01,2023,12,Friday,26,42.0,16.0,False,49.97,1.31,delivered,True
46d15167-0aec-44c1-95a0-ff36c72c7dd6,145c69c7-29a0-40ee-8d02-95ab6bf46c9e,DASHER_03504,2024-07-30 01:59:00,2024-07-30,2024-07-01,2024,1,Tuesday,40,,,,35.26,1.91,cancelled,True
56bc898b-e29c-4a2c-a11e-da04a043011a,6e2518b1-a6a5-4eb5-aa21-6623cec2a451,DASHER_03046,2023-09-11 09:59:00,2023-09-11,2023-09-01,2023,9,Monday,46,49.0,3.0,True,23.85,5.64,delivered,True
61766b73-ebbc-4d61-b7f1-0841e62e9742,892bfd96-b2bf-4fe5-9236-df64462397a2,DASHER_00747,2022-12-05 05:40:00,2022-12-05,2022-12-01,2022,5,Monday,30,47.0,17.0,False,28.3,4.33,delivered,True
e3bf798e-4f17-4898-a851-ef4f3a7eac47,1e0c843b-bdba-4dd4-a305-74303bac4eef,DASHER_00987,2022-09-29 18:33:00,2022-09-29,2022-09-01,2022,18,Thursday,34,34.0,0.0,True,26.65,7.91,delivered,True
765cd0bc-b7cd-4234-b752-69ea565d9b7b,c83909e6-fc43-491d-837a-d2957605ee94,DASHER_00845,2024-05-14 19:30:00,2024-05-14,2024-05-01,2024,19,Tuesday,42,47.0,5.0,True,16.5,1.95,delivered,True
f43f5475-e4b2-47f5-813c-db1df0636240,98704bbd-22a4-4064-90df-f0915b69bccf,DASHER_01344,2022-09-30 18:43:00,2022-09-30,2022-09-01,2022,18,Friday,50,,,,42.92,4.07,cancelled,True
9614266f-8e72-4204-b6b4-0a5a86e2eb16,0dff6a31-ecbf-4313-bd9a-b656c29d71b6,DASHER_00710,2023-03-13 18:09:00,2023-03-13,2023-03-01,2023,18,Monday,44,36.0,-8.0,True,35.06,1.85,delivered,True
40efcd7b-2c75-442e-ab69-71601e9c622d,28ab599d-bf9e-46e3-8eeb-200a8ca24494,DASHER_02032,2024-02-26 13:27:00,2024-02-26,2024-02-01,2024,13,Monday,32,30.0,-2.0,True,36.07,4.86,delivered,True
ea42a3a8-8521-453f-807b-e7f07ed363b1,d9f36ab0-0b26-4264-a4b9-812794fa309b,DASHER_04241,2023-08-07 20:44:00,2023-08-07,2023-08-01,2023,20,Monday,50,53.0,3.0,True,20.91,3.73,delivered,True
a3be6ada-ab55-4662-990f-96f373979441,4c34dbf0-0d16-429e-910b-9184e99eb21b,DASHER_04865,2022-04-22 20:50:00,2022-04-22,2022-04-01,2022,20,Friday,31,44.0,13.0,False,23.57,1.49,delivered,True
d7ceddfd-168b-4632-9b4d-f89d159246bc,a89041ac-d1d7-458f-b7c4-34e91ba40518,DASHER_02993,2022-01-25 23:59:00,2022-01-25,2022-01-01,2022,23,Tuesday,31,41.0,10.0,False,19.65,4.29,delivered,True
7159c974-e7e8-4d52-86f7-8e8d272e6721,6141c8ff-5e91-4d45-8363-33562058f1d0,DASHER_03260,2022-05-30 01:04:00,2022-05-30,2022-05-01,2022,1,Monday,33,41.0,8.0,False,29.41,4.54,delivered,True
5912e9ac-0495-4b69-8d1d-13e6f805c2bd,c91f0492-e374-448f-9ff5-59ebeb42f7af,DASHER_01250,2024-10-23 20:27:00,2024-10-23,2024-10-01,2024,20,Wednesday,34,30.0,-4.0,True,26.28,4.57,delivered,True
e258ab3a-0166-4d40-91d2-6cabba75bf0b,0c9d0199-fe0f-4cc7-aa9a-55953f137425,DASHER_00541,2023-02-21 23:09:00,2023-02-21,2023-02-01,2023,23,Tuesday,41,30.0,-11.0,True,25.12,3.16,delivered,True
0990a913-63e2-426d-a5dc-54c422b02e32,56180211-cd20-4730-845d-34e59371bfb3,DASHER_03714,2024-06-14 19:54:00,2024-06-14,2024-06-01,2024,19,Friday,35,43.0,8.0,False,24.66,5.65,delivered,True
441c29b9-df2f-42fe-bf8a-bd3faedeaf59,d8a6d01b-7d67-4b38-91d8-23fcaaa99b65,DASHER_04284,2022-12-26 08:45:00,2022-12-26,2022-12-01,2022,8,Monday,33,34.0,1.0,True,30.22,4.61,delivered,True
8b1c67a9-60f2-47d4-a0f5-9ee6b4cb0e76,cfb3799f-40de-4fae-b552-2317fccc6644,DASHER_00240,2023-06-15 09:08:00,2023-06-15,2023-06-01,2023,9,Thursday,34,10.0,-24.0,True,20.41,4.66,delivered,True
246f5141-1e82-40e6-bdf8-a7ffeb957cd8,e90b0d83-172c-47f1-9398-60a560df0695,DASHER_04092,2023-06-23 19:36:00,2023-06-23,2023-06-01,2023,19,Friday,42,33.0,-9.0,True,15.88,7.01,delivered,True
d30c9a62-6853-421f-9dca-aaccb6c8e4a4,99d1e92f-f4ec-445d-8b42-94f9049737b0,DASHER_01871,2022-12-08 13:16:00,2022-12-08,2022-12-01,2022,13,Thursday,37,12.0,-25.0,True,28.44,7.0,delivered,True
2560ad00-299b-4478-bb26-1abe2719bc2b,5322436e-f142-4841-9478-7c5d238dacbb,DASHER_00289,2022-01-26 10:30:00,2022-01-26,2022-01-01,2022,10,Wednesday,34,17.0,-17.0,True,53.95,4.86,delivered,True
743a8931-9b68-4e8f-adb1-0d1d63904a81,5f9b4a4d-0c8a-453b-96d0-be61e216531e,DASHER_04682,2024-05-08 10:15:00,2024-05-08,2024-05-01,2024,10,Wednesday,23,32.0,9.0,False,16.15,7.3,delivered,True
319f14d4-d96f-4412-af70-20840ed2164b,13215552-218d-449a-8f4e-2a9073b62b1b,DASHER_02312,2023-01-03 10:33:00,2023-01-03,2023-01-01,2023,10,Tuesday,41,70.0,29.0,False,24.16,6.4,delivered,True
514bd222-83b3-4ab1-be3f-1e320fe6fe31,5f5eb29e-7f09-48e1-82ab-21228078a1be,DASHER_02489,2023-09-29 12:35:00,2023-09-29,2023-09-01,2023,12,Friday,27,30.0,3.0,True,27.77,3.57,delivered,True
42ae4536-ce19-4e17-b43b-150c6f87f6af,5eb7097b-7001-4a14-9c1d-fd28e9a75a68,DASHER_01233,2024-10-07 23:49:00,2024-10-07,2024-10-01,2024,23,Monday,29,37.0,8.0,False,58.84,1.03,delivered,True
9b51d8fd-e2b4-4af9-9ee5-9ade68a7a188,c79b6a82-fc7a-4bad-be32-792c778f8055,DASHER_02744,2024-04-19 02:34:00,2024-04-19,2024-04-01,2024,2,Friday,26,44.0,18.0,False,50.45,6.93,delivered,True
7a874108-88c5-4c54-9033-2a348e24fc90,3408e807-ef69-4f3f-99db-e52f344a5898,DASHER_01166,2023-09-22 07:33:00,2023-09-22,2023-09-01,2023,7,Friday,35,47.0,12.0,False,26.84,5.97,delivered,True
35ac28e8-987e-459e-9480-cd4788eafb23,384bf0ef-e72d-42c4-aa91-a893fffbc5c3,DASHER_03755,2022-07-10 04:14:00,2022-07-10,2022-07-01,2022,4,Sunday,42,34.0,-8.0,True,34.74,1.66,delivered,True
bdee51ac-43bb-4cfe-bf78-af11d121674f,d71482aa-0d9e-4360-8992-3eab6a40e50d,DASHER_01070,2022-10-01 18:25:00,2022-10-01,2022-10-01,2022,18,Saturday,34,47.0,13.0,False,37.3,2.65,delivered,True
c4c001aa-3403-4798-8bd5-6419cbe9ebad,5c48c9f0-00b2-4827-a304-2a43104237c0,DASHER_03708,2023-06-19 21:59:00,2023-06-19,2023-06-01,2023,21,Monday,38,21.0,-17.0,True,27.69,2.41,delivered,True
edc769be-da70-4406-a2df-64be576ecc1a,46fde999-656d-46ff-9cb9-db53fe2ac468,DASHER_01700,2022-08-12 09:10:00,2022-08-12,2022-08-01,2022,9,Friday,38,29.0,-9.0,True,32.56,4.15,delivered,True
13b4a56b-e59a-44c9-90c9-ca9e63ba673e,e90ff2da-f719-411d-aa94-f7ced6c8b930,DASHER_04942,2024-08-06 11:07:00,2024-08-06,2024-08-01,2024,11,Tuesday,47,58.0,11.0,False,56.11,3.28,delivered,True
fe49e6ca-5cc9-4c47-a390-1d8f0ec8ce3a,2d774ff3-f056-4a09-82a3-570f35f79621,DASHER_01424,2022-07-06 19:22:00,2022-07-06,2022-07-01,2022,19,Wednesday,38,35.0,-3.0,True,31.38,1.21,delivered,True
f38ea8d7-8e84-499d-9419-f5add3ed6b72,23a52345-31ad-4f02-b9c0-e8186775e859,DASHER_01145,2024-04-08 21:35:00,2024-04-08,2024-04-01,2024,21,Monday,34,25.0,-9.0,True,32.37,6.46,delivered,True
483fba90-4358-4909-b76d-8d5bab61f075,28ab599d-bf9e-46e3-8eeb-200a8ca24494,DASHER_04770,2023-04-01 08:52:00,2023-04-01,2023-04-01,2023,8,Saturday,36,22.0,-14.0,True,41.86,5.09,delivered,True
0fc8e0ad-0c9f-4143-83aa-6b00ae726e1d,50cff78b-74fd-420c-b5fb-700c125e9c8f,DASHER_02716,2022-06-03 02:04:00,2022-06-03,2022-06-01,2022,2,Friday,38,54.0,16.0,False,54.22,1.34,delivered,True
aaf711c2-e8a3-4b02-9ac6-a824cd8067c5,637c6293-e5ec-4eab-bb5c-cad79ad16c04,DASHER_01758,2024-06-06 20:25:00,2024-06-06,2024-06-01,2024,20,Thursday,48,37.0,-11.0,True,28.86,7.35,delivered,True
696726ff-83fd-4a11-bb41-0f098b5d3bfa,ed0bdb44-60e6-4efa-9428-1ee9ac812ece,DASHER_02417,2023-07-18 11:56:00,2023-07-18,2023-07-01,2023,11,Tuesday,41,54.0,13.0,False,8.0,4.34,delivered,True
1fdb4d81-bdbe-4e3f-a6d9-b168536891a2,1d300547-c182-4c24-b278-385f0acc2353,DASHER_04453,2022-06-29 11:08:00,2022-06-29,2022-06-01,2022,11,Wednesday,35,20.0,-15.0,True,38.96,6.55,delivered,True
b3a5dee9-9474-49a5-b05f-d5bd14da6ebe,cff41663-e334-4383-849a-7a481a1290d8,DASHER_04115,2024-02-23 20:22:00,2024-02-23,2024-02-01,2024,20,Friday,21,23.0,2.0,True,23.32,1.17,delivered,True
a04c8f76-9429-4ec6-b583-b376e3baa313,2ba2ff21-347b-49bb-b990-6a12a95ec868,DASHER_02928,2023-03-25 02:51:00,2023-03-25,2023-03-01,2023,2,Saturday,40,40.0,0.0,True,23.37,6.36,delivered,True
32fa8b76-80c3-4045-b2c7-fc8abf6b9aac,6cc9541b-be03-494c-a3a2-2ca8a4e403be,DASHER_00458,2023-04-22 23:06:00,2023-04-22,2023-04-01,2023,23,Saturday,35,43.0,8.0,False,31.71,5.02,delivered,True
6862271c-a56c-4a12-b937-7aefda56e100,5c48c9f0-00b2-4827-a304-2a43104237c0,DASHER_02939,2024-03-06 13:53:00,2024-03-06,2024-03-01,2024,13,Wednesday,15,22.0,7.0,False,28.01,7.39,delivered,True
8b678286-cc07-4294-a3ef-9a7fc07a4662,b7e1aead-c202-40b2-b6cd-90a9d21ae283,DASHER_04032,2022-02-27 19:22:00,2022-02-27,2022-02-01,2022,19,Sunday,44,39.0,-5.0,True,19.5,1.26,delivered,True
f720c90a-caf1-49d7-a639-38c0b5bf683c,c2c700aa-34b0-47c8-a47e-25340aba399c,DASHER_01650,2022-04-26 10:14:00,2022-04-26,2022-04-01,2022,10,Tuesday,33,46.0,13.0,False,30.64,6.64,delivered,True
07356969-3aef-4c77-9654-3826ad569f00,99bc29c5-806a-43ff-b5ce-f3927cfe0e08,DASHER_04805,2023-11-29 19:58:00,2023-11-29,2023-11-01,2023,19,Wednesday,40,18.0,-22.0,True,26.17,1.77,delivered,True
cf8712a7-8561-4e8e-9a39-968b04e23ea0,b8f254f1-fb49-4539-bda7-a35e90b28470,DASHER_02757,2024-12-13 21:04:00,2024-12-13,2024-12-01,2024,21,Friday,30,10.0,-20.0,True,54.03,3.1,delivered,True
6634321c-7f57-4b05-96cf-727744e2279e,37d7f590-d95e-44f2-897a-98750153f803,DASHER_02599,2022-10-07 23:46:00,2022-10-07,2022-10-01,2022,23,Friday,48,42.0,-6.0,True,46.6,5.84,delivered,True
0012edc5-eb57-4fb2-abfc-74884c3bd76b,fb8181f5-dfc7-4eee-a1f4-87f19f56a429,DASHER_01043,2024-01-01 10:37:00,2024-01-01,2024-01-01,2024,10,Monday,53,57.0,4.0,True,15.06,2.23,delivered,True
25cbc898-a0f5-494c-8718-8023f685e4ac,58bacc4c-bb18-4de4-86c4-324ce6dfa5b5,DASHER_01491,2022-01-04 22:36:00,2022-01-04,2022-01-01,2022,22,Tuesday,15,39.0,24.0,False,8.0,7.76,delivered,True
8fc8496a-76a7-4563-b88f-6ecca508c4c7,fd16d193-73de-4c9b-8dca-c12bba9b8663,DASHER_02841,2023-03-29 18:06:00,2023-03-29,2023-03-01,2023,18,Wednesday,24,30.0,6.0,False,25.3,7.87,delivered,True
d943fb24-97b6-4eba-9a51-8b2e663582a2,716d7f96-13b2-4745-a33d-f27a5541cc7f,DASHER_03658,2022-12-10 18:05:00,2022-12-10,2022-12-01,2022,18,Saturday,40,24.0,-16.0,True,38.76,5.84,delivered,True
580d0a22-6486-456e-8266-555f7fd26c05,b41f1f3d-86c1-4582-b300-6f2e629c1d68,DASHER_01362,2023-12-19 11:06:00,2023-12-19,2023-12-01,2023,11,Tuesday,35,35.0,0.0,True,23.87,7.18,delivered,True
547ff3e5-0354-46aa-93ad-434aa43f024f,df259635-07dd-4d4b-9915-798e9be92e7d,DASHER_04735,2024-10-06 21:22:00,2024-10-06,2024-10-01,2024,21,Sunday,31,30.0,-1.0,True,15.17,2.13,delivered,True
41cb3e24-35cb-43eb-be09-2aacd570a5e0,237038ae-18c1-4b9f-802c-200ebbca54fc,DASHER_02800,2022-05-31 20:02:00,2022-05-31,2022-05-01,2022,20,Tuesday,25,23.0,-2.0,True,41.12,2.18,delivered,True
8c01a40e-9331-486f-9764-4a701e6af5c0,d38bf655-d7b9-4555-8069-4f5e59943d61,DASHER_03954,2024-02-08 09:04:00,2024-02-08,2024-02-01,2024,9,Thursday,18,11.0,-7.0,True,24.01,5.57,delivered,True
3ebbe783-4a9a-4731-9701-4ff1a4376845,d1a86b12-c280-4734-9e0b-ac7a5b04ce18,DASHER_04424,2024-06-08 09:06:00,2024-06-08,2024-06-01,2024,9,Saturday,26,11.0,-15.0,True,63.95,2.85,delivered,True
d5e1e6a2-ceec-4e16-809e-b76e0e93f0bf,20d086fe-d946-4918-aec8-9a0e0af401e0,DASHER_00446,2023-07-31 12:06:00,2023-07-31,2023-07-01,2023,12,Monday,44,48.0,4.0,True,18.34,3.05,delivered,True
de1b7f61-b9d1-497a-8251-24d36640b4c7,9b90b1a9-c571-443b-9d73-e81c1adf9bc4,DASHER_00946,2024-09-10 09:01:00,2024-09-10,2024-09-01,2024,9,Tuesday,41,45.0,4.0,True,49.11,3.15,delivered,True
0cf4496b-e63a-4fe0-9b27-a27287a29ad2,77eb2bac-366a-42f8-b26c-52f299355a9e,DASHER_03039,2024-03-25 16:57:00,2024-03-25,2024-03-01,2024,16,Monday,33,29.0,-4.0,True,39.33,4.11,delivered,True
7bad2ad3-b7cb-40bf-9a5f-4a8f28b7747a,7fca1ce5-29e0-48d7-8563-3c66d2fc7754,DASHER_00792,2023-06-24 15:16:00,2023-06-24,2023-06-01,2023,15,Saturday,29,30.0,1.0,True,40.23,1.59,delivered,True
38cd9b79-a3f8-40e0-9ab2-671647056c3e,b42ef8ab-9109-4404-adab-9510a5b1b78a,DASHER_03171,2023-12-06 20:26:00,2023-12-06,2023-12-01,2023,20,Wednesday,45,43.0,-2.0,True,35.01,4.74,delivered,True
ce6bad11-d873-4b46-bb94-47a9b0a391e7,e2c5120f-4685-4868-a145-2da148452a59,DASHER_00284,2024-08-30 18:15:00,2024-08-30,2024-08-01,2024,18,Friday,27,23.0,-4.0,True,29.4,4.5,delivered,True
29fdce57-ea62-451a-8d01-a3f6d92beb2e,3e086e0f-8678-4ed5-bd82-ae0fbad00dc7,DASHER_01416,2024-11-24 20:43:00,2024-11-24,2024-11-01,2024,20,Sunday,39,39.0,0.0,True,37.11,2.47,delivered,True
51d6ced8-f926-425e-909b-8f4f857cfaf9,b56a66f1-6a1d-48d0-b582-2b0468ac7e60,DASHER_01211,2023-01-30 08:27:00,2023-01-30,2023-01-01,2023,8,Monday,33,49.0,16.0,False,39.25,6.83,delivered,True
411999b5-7330-40e3-94c5-0a2221d34192,88a24757-080c-458f-bb67-37f8ee7ce9de,DASHER_04522,2023-06-13 12:46:00,2023-06-13,2023-06-01,2023,12,Tuesday,37,35.0,-2.0,True,22.95,4.2,delivered,True
3b14d917-5680-4f61-81ab-6949fa656ad6,c9a6e050-d724-4a3a-a3f9-527b6fd988b7,DASHER_01214,2022-01-26 20:39:00,2022-01-26,2022-01-01,2022,20,Wednesday,40,23.0,-17.0,True,14.82,4.96,delivered,True
6652c1f9-31a7-4dad-8680-0c9501034a3e,88cf80a0-e003-4353-996c-fe9db6da14ba,DASHER_02816,2022-07-25 22:36:00,2022-07-25,2022-07-01,2022,22,Monday,37,17.0,-20.0,True,36.96,5.57,delivered,True
86bad346-38a3-4d11-a1c9-3e20951c1fc5,9b3a55a1-63c6-4834-8600-c347beb4e796,DASHER_00317,2024-08-26 03:17:00,2024-08-26,2024-08-01,2024,3,Monday,30,17.0,-13.0,True,40.42,3.76,delivered,True
d505ff4d-a736-48bc-b33b-31ef3463f028,b29a272d-fe1c-47ad-8625-bf9600ff2486,DASHER_02767,2023-11-10 19:03:00,2023-11-10,2023-11-01,2023,19,Friday,34,10.0,-27.0,True,33.74,2.95,delivered,True
01fdd301-c6e3-44af-94ee-db3e2ba0d284,b23a28d6-3e8a-46b2-a36a-a58b7b6c3bd7,DASHER_03629,2024-10-03 21:43:00,2024-10-03,2024-10-01,2024,21,Thursday,28,47.0,19.0,False,46.0,6.41,delivered,True
2aa23b6b-9dfa-404c-a5b2-e595ef130113,910b41fd-a21e-4dd9-9665-7b6ff0c9c9eb,DASHER_03335,2023-10-20 11:26:00,2023-10-20,2023-10-01,2023,11,Friday,32,29.0,-3.0,True,27.06,7.06,delivered,True
efb0eb57-dd6c-4747-b311-edaa0e556d63,a45ca8d9-e7fb-4f15-93a0-766d51c161b9,DASHER_04294,2022-04-26 17:10:00,2022-04-26,2022-04-01,2022,17,Tuesday,21,38.0,17.0,False,37.95,7.15,delivered,True
e562d322-aede-4173-b68e-03934b10a0fb,8c699351-000e-49e1-88ad-735794c14f4d,DASHER_00414,2022-03-01 09:56:00,2022-03-01,2022-03-01,2022,9,Tuesday,42,23.0,-19.0,True,48.89,2.91,delivered,True
90c22bb0-2eca-4f24-a33a-4cd50c97b777,a1d44269-970b-41b1-b744-3e296a8e9068,DASHER_04866,2024-08-08 16:40:00,2024-08-08,2024-08-01,2024,16,Thursday,28,44.0,16.0,False,17.96,4.11,delivered,True
8e555708-1e34-45cf-bd06-8e11e148be96,56878a9f-1465-4cc6-8efd-bdedf4c5b4cf,DASHER_00740,2024-08-29 18:22:00,2024-08-29,2024-08-01,2024,18,Thursday,26,44.0,18.0,False,25.26,2.13,delivered,True
abc6b94b-abfc-4325-b60c-9217d7e119b9,f3bb368a-4f52-4ffd-882c-b84395bdef26,DASHER_00164,2023-03-15 21:41:00,2023-03-15,2023-03-01,2023,21,Wednesday,42,43.0,1.0,True,38.58,7.04,delivered,True
fb87ad85-6a07-4bed-a5c1-b203e312909d,761d6d1d-6f9d-4b73-81c9-2e7276827590,DASHER_04983,2022-01-19 16:08:00,2022-01-19,2022-01-01,2022,16,Wednesday,28,,,,32.84,7.76,cancelled,True
c8185ce9-ae6e-4776-a839-af0f3f79ee98,74958e3f-03e8-4667-ac9f-59bf28f3b107,DASHER_04265,2023-07-18 15:24:00,2023-07-18,2023-07-01,2023,15,Tuesday,28,35.0,7.0,False,15.15,6.76,delivered,True
574dfa51-07a4-4a4d-81f4-cd4bceaefdfd,73d446f4-68e5-41cd-a40d-35c9d77e55a4,DASHER_04599,2024-03-24 18:00:00,2024-03-24,2024-03-01,2024,18,Sunday,23,22.0,-1.0,True,16.14,3.08,delivered,True
687eeecc-5fa2-457f-a7a4-5f50a83b3b0f,53b6348f-0292-456a-8fd3-da701f51a034,DASHER_02447,2022-08-10 16:21:00,2022-08-10,2022-08-01,2022,16,Wednesday,26,43.0,17.0,False,26.93,2.31,delivered,True
1624eca4-3b8d-4491-bb88-c73f8966f098,20fe51e7-264a-4a97-ad88-a3de5a83f085,DASHER_02618,2024-11-25 20:57:00,2024-11-25,2024-11-01,2024,20,Monday,49,57.0,8.0,False,18.39,5.58,delivered,True
e11f90fd-ae42-4172-bab4-25f3e520813b,991ae128-c5ba-4256-9ee1-09e8e2629b74,DASHER_01555,2023-08-29 11:26:00,2023-08-29,2023-08-01,2023,11,Tuesday,23,10.0,-16.0,True,42.33,3.39,delivered,True
5e002e01-4b9b-4eaa-98b9-b1851501bf71,f0ef8ee6-7277-4770-9b50-0ed3e101c630,DASHER_02459,2023-04-01 19:40:00,2023-04-01,2023-04-01,2023,19,Saturday,38,13.0,-25.0,True,44.72,7.13,delivered,True
7bd1b457-0f70-435a-815e-4f0a2b130f92,5317d8c8-53d0-4405-b376-dfe0d224f6b9,DASHER_01499,2023-01-06 12:30:00,2023-01-06,2023-01-01,2023,12,Friday,22,28.0,6.0,False,36.86,7.62,delivered,True
be1ae3f2-937e-4a71-92a1-5eb50fda98c2,3aa66772-97eb-4681-b792-9ef0d112d298,DASHER_02714,2023-11-19 19:14:00,2023-11-19,2023-11-01,2023,19,Sunday,26,41.0,15.0,False,14.72,4.24,delivered,True
aa2faf0d-b58f-4ad3-84b1-34dcfc296da5,f4a7fd62-81da-4d82-935b-1479d26d6b51,DASHER_01593,2022-08-30 16:55:00,2022-08-30,2022-08-01,2022,16,Tuesday,42,32.0,-10.0,True,13.72,4.49,delivered,True
9c893e85-c1fa-4d1d-9c69-dd7a260e4e1e,14df6748-2a69-4785-b4ec-cd0a34a87709,DASHER_02807,2024-02-21 17:26:00,2024-02-21,2024-02-01,2024,17,Wednesday,49,56.0,7.0,False,12.11,7.34,delivered,True
0526f5f3-11d7-4d46-a41c-e6d30b3c547b,996fd2b9-3319-4897-b93a-196dbf41776c,DASHER_01448,2024-07-26 08:55:00,2024-07-26,2024-07-01,2024,8,Friday,40,36.0,-4.0,True,8.0,3.18,delivered,True
067e7fe3-9821-4da2-923c-c42ab2d72913,3a0ddd08-6f6f-4b00-8407-83f57b8f9323,DASHER_04010,2022-04-29 00:17:00,2022-04-29,2022-04-01,2022,0,Friday,38,58.0,20.0,False,34.23,1.9,delivered,True
f52411af-9439-4f0e-a41d-46237c71b7f4,0980c6d3-0c36-4ac1-ba2c-ea460522eaa5,DASHER_01633,2024-06-07 18:25:00,2024-06-07,2024-06-01,2024,18,Friday,21,,,,35.87,6.1,cancelled,True
8c6d24aa-de4d-4fdc-8fa3-02e2b3d3f332,34ce731e-46b1-49ac-ae4b-63546064f52a,DASHER_02038,2022-01-29 21:48:00,2022-01-29,2022-01-01,2022,21,Saturday,37,31.0,-6.0,True,33.06,3.17,delivered,True
bc4214ae-3436-4dcd-be44-ad63b2da4a96,6141c8ff-5e91-4d45-8363-33562058f1d0,DASHER_02382,2022-07-30 14:37:00,2022-07-30,2022-07-01,2022,14,Saturday,51,50.0,-1.0,True,33.67,4.18,delivered,True
3dcbd7a1-261b-4c7a-a619-d8dea3c0df65,9f31b217-8f0c-4252-a81a-dfef1a878f55,DASHER_04015,2024-12-01 18:21:00,2024-12-01,2024-12-01,2024,18,Sunday,23,30.0,7.0,False,22.36,7.63,delivered,True
9258c45f-61e7-44b1-b973-42f91a9f9547,4c2b9abf-bdc0-4c0b-a733-764baa4400b7,DASHER_04133,2024-04-06 01:14:00,2024-04-06,2024-04-01,2024,1,Saturday,38,38.0,0.0,True,20.63,2.17,delivered,True
725eac1b-cae0-47c2-b67e-9d07f4a8b04c,5109fef4-02bc-492d-9978-dc92e48e1b22,DASHER_00398,2024-01-21 19:50:00,2024-01-21,2024-01-01,2024,19,Sunday,50,55.0,5.0,True,24.59,1.75,delivered,True
6a96627a-320e-4904-9fea-b0a590075704,d3b4d713-fe6a-42d2-acd3-6c5f9e2898fb,DASHER_01254,2022-02-10 04:07:00,2022-02-10,2022-02-01,2022,4,Thursday,33,23.0,-10.0,True,35.83,2.43,delivered,True
3434c79c-78bc-4d34-9cc7-6ec2c67ed63c,02d00be4-8b01-45a5-a452-a6fa965fa8e9,DASHER_01123,2022-01-20 12:42:00,2022-01-20,2022-01-01,2022,12,Thursday,42,50.0,8.0,False,8.0,4.57,delivered,True
5b1b5b50-83de-4b9f-b537-854f47649351,554ec36e-d754-47b2-97f4-04be874b7d9e,DASHER_04285,2022-08-30 11:50:00,2022-08-30,2022-08-01,2022,11,Tuesday,43,49.0,6.0,False,34.68,7.8,delivered,True
5804feca-bce5-43c2-bfcc-fa76eff9b093,d71351bc-86a1-4b0c-9c64-d38c9580cf64,DASHER_03937,2024-01-04 19:18:00,2024-01-04,2024-01-01,2024,19,Thursday,40,52.0,12.0,False,27.96,5.69,delivered,True
0aa997c6-f25c-4a5a-93bd-2138eadb05cc,b7d30ad8-04a0-4b83-b31c-9f48a1c1086b,DASHER_00829,2022-08-15 21:42:00,2022-08-15,2022-08-01,2022,21,Monday,35,10.0,-29.0,True,29.86,7.32,delivered,True
2c45f6f2-3d03-437d-b93a-0f4b322ba707,c6fad533-6daa-49a3-b604-f49fba68c8ea,DASHER_00323,2023-04-19 15:18:00,2023-04-19,2023-04-01,2023,15,Wednesday,34,37.0,3.0,True,36.99,5.73,delivered,True
7ce97aeb-c9a1-4d56-bd74-b2dba000fca9,793db73c-2384-41c3-b575-3f11e03c95b0,DASHER_01396,2024-05-22 19:06:00,2024-05-22,2024-05-01,2024,19,Wednesday,28,,,,8.0,3.29,cancelled,True
c7bd7004-6499-4aee-8317-24ab103be0cc,c3b2f1ea-cf9b-4bf2-b962-e296bc9c24dc,DASHER_00932,2024-06-15 22:17:00,2024-06-15,2024-06-01,2024,22,Saturday,37,34.0,-3.0,True,8.0,2.89,delivered,True
3495ca9e-cd41-4aed-8b56-4246bbb00690,36a4b8e6-8dfa-4ea6-998e-4632d8191290,DASHER_01085,2024-02-29 19:30:00,2024-02-29,2024-02-01,2024,19,Thursday,46,51.0,5.0,True,8.0,5.86,delivered,True
f8f55945-b0bf-4bc1-9539-eb02640639d5,0a7f217f-1c94-46f8-bd93-83def3d00a8f,DASHER_04660,2022-05-01 23:54:00,2022-05-01,2022-05-01,2022,23,Sunday,39,49.0,10.0,False,24.37,3.65,delivered,True
945ad71a-d601-465c-bee1-a2ef5ca360fa,a49528a7-612d-4dee-abde-5874cf249631,DASHER_03957,2024-01-05 18:55:00,2024-01-05,2024-01-01,2024,18,Friday,30,21.0,-9.0,True,8.0,7.43,delivered,True
998eba98-af6e-451f-a343-bd84b907c2b5,fec37f86-aa4f-4db4-9265-1d75f06af877,DASHER_04299,2022-08-20 21:28:00,2022-08-20,2022-08-01,2022,21,Saturday,40,42.0,2.0,True,30.66,4.95,delivered,True
9a7db5da-ca02-4356-ae9c-3c29fab7c7dd,fe584508-1181-4e8d-ab73-c953f0de6884,DASHER_03947,2023-11-24 17:44:00,2023-11-24,2023-11-01,2023,17,Friday,24,23.0,-1.0,True,22.11,3.41,delivered,True
f808ab0b-e001-4e73-b22c-d038af62aca6,2c2f6ec2-2155-443b-abc4-0ef3d003f4ed,DASHER_01285,2024-02-28 08:52:00,2024-02-28,2024-02-01,2024,8,Wednesday,15,10.0,-12.0,True,11.63,4.46,delivered,True
727af079-3492-4ec3-8e21-5ab2bbfc91f1,f0ef8ee6-7277-4770-9b50-0ed3e101c630,DASHER_01824,2022-12-05 06:31:00,2022-12-05,2022-12-01,2022,6,Monday,34,30.0,-4.0,True,40.64,4.84,delivered,True
8343fa11-6c76-4c1d-a7cc-09912fb8a7f9,100ed743-c4e6-438e-888c-e614efb05f1f,DASHER_04083,2024-02-15 14:15:00,2024-02-15,2024-02-01,2024,14,Thursday,42,48.0,6.0,False,21.37,4.47,delivered,True
142ca1f4-2df5-47dd-b757-72d22ef403c2,990e4fbc-bea9-45c2-b137-c5a01a23070d,DASHER_04949,2022-02-06 07:26:00,2022-02-06,2022-02-01,2022,7,Sunday,36,50.0,14.0,False,32.73,7.73,delivered,True
2b04aefc-c921-4c49-a6e2-30384c0202fb,1aedc3eb-7064-4caf-b301-0f99939a5948,DASHER_00444,2023-09-16 21:35:00,2023-09-16,2023-09-01,2023,21,Saturday,38,55.0,17.0,False,40.25,3.31,delivered,True
412d34f8-1495-4b17-9acc-d0d83dcb6f67,689eb5bf-3d0f-4246-ac10-7b0c40d98400,DASHER_00017,2024-08-26 19:23:00,2024-08-26,2024-08-01,2024,19,Monday,20,19.0,-1.0,True,21.29,3.38,delivered,True
488c3f6a-e1c9-4501-9aa6-2461ffd52145,6e5d33a4-fd0b-4d89-8f3f-79da6346807b,DASHER_03352,2023-08-21 17:23:00,2023-08-21,2023-08-01,2023,17,Monday,34,31.0,-3.0,True,44.63,2.3,delivered,True
4ed8d1c4-8075-431f-b5db-c3502ef59bbc,c97938a0-c6c2-4526-863f-5708c0e5b5db,DASHER_00380,2024-03-15 10:52:00,2024-03-15,2024-03-01,2024,10,Friday,41,44.0,3.0,True,8.0,7.48,delivered,True
a2bf234c-df4c-474e-aa5e-aed53b5e58cd,6c64d407-4b6a-4e13-9c95-a763ed98b260,DASHER_04086,2022-09-10 20:28:00,2022-09-10,2022-09-01,2022,20,Saturday,24,28.0,4.0,True,52.98,4.86,delivered,True
f4705667-1905-49c1-b59d-1d3cbc5bddad,280220a3-448d-4018-b918-53ffc3ded458,DASHER_04739,2024-06-05 21:30:00,2024-06-05,2024-06-01,2024,21,Wednesday,35,53.0,18.0,False,16.54,2.21,delivered,True
427a8049-1571-4fa6-b6d5-b0b5fb430cf4,dd040f98-b84c-4f0b-95e2-c9524e434d3b,DASHER_03429,2022-09-20 07:42:00,2022-09-20,2022-09-01,2022,7,Tuesday,21,10.0,-14.0,True,61.6,6.33,delivered,True
6a7e1f90-0a9e-4094-927c-001e33059f0e,d46bbae2-8cd7-41d3-8bb0-e0d8b59a42e2,DASHER_04935,2023-07-15 14:21:00,2023-07-15,2023-07-01,2023,14,Saturday,32,44.0,12.0,False,25.46,5.89,delivered,True
d3e954b6-fd61-46e0-be2f-1418c8eef1b9,9fd1ac32-40ee-4ecb-8c0d-52de3e07c3eb,DASHER_01780,2024-11-15 12:44:00,2024-11-15,2024-11-01,2024,12,Friday,28,25.0,-3.0,True,34.87,3.02,delivered,True
1ccc590b-3de2-44ba-9b57-935d33bdf277,f49e282e-324f-4665-bad5-0c064be569bd,DASHER_04444,2023-12-09 22:08:00,2023-12-09,2023-12-01,2023,22,Saturday,45,62.0,17.0,False,25.96,5.85,delivered,True
4059aae3-444b-4a8e-9643-39d4f758d7fd,6a69ee2a-c037-49f4-b45d-70c665a4c016,DASHER_03419,2023-10-23 19:48:00,2023-10-23,2023-10-01,2023,19,Monday,29,39.0,10.0,False,13.94,4.73,delivered,True
3aacfaca-52d4-42cf-8ce3-cad22d40d112,f9fb31b0-68aa-46e7-8742-e1a42b9f7cb8,DASHER_01637,2024-05-15 20:33:00,2024-05-15,2024-05-01,2024,20,Wednesday,19,28.0,9.0,False,37.61,2.86,delivered,True
afdf335c-d1c0-409f-af55-e1d2144850ec,96c2f2de-d822-4d6e-83dc-fb8df9a1e163,DASHER_01671,2022-11-26 23:43:00,2022-11-26,2022-11-01,2022,23,Saturday,34,56.0,22.0,False,28.59,6.69,delivered,True
e6f46a43-eae4-4c4f-a699-f4739b22fe10,24491355-10f3-4e66-a703-ddd3186c5d7d,DASHER_03185,2022-07-29 18:43:00,2022-07-29,2022-07-01,2022,18,Friday,32,31.0,-1.0,True,8.0,2.65,delivered,True
dbb6689c-b178-4c64-8cbd-2e6ce8540f03,a14be992-9251-4871-bba6-babba45ba841,DASHER_02561,2023-08-13 19:03:00,2023-08-13,2023-08-01,2023,19,Sunday,42,37.0,-5.0,True,33.37,6.2,delivered,True
8a1d20f4-8987-4556-a294-e93d70ee669a,52e8fb34-c578-4ef6-aa7a-6b36da3362b7,DASHER_03012,2023-02-20 18:49:00,2023-02-20,2023-02-01,2023,18,Monday,34,42.0,8.0,False,16.02,6.28,delivered,True
8994acad-919e-41a0-9abf-2c08ae6209f6,a8a17e62-886c-4c3a-8eb1-4bccaff7f2db,DASHER_01423,2023-02-07 20:12:00,2023-02-07,2023-02-01,2023,20,Tuesday,33,40.0,7.0,False,27.79,1.27,delivered,True
ada0f948-3474-4d93-8cf7-c45eda3213ad,db2bd29f-69b0-4992-adaf-cd163319a3fd,DASHER_01268,2023-07-26 17:08:00,2023-07-26,2023-07-01,2023,17,Wednesday,30,,,,53.09,1.27,cancelled,True
efee11c9-26aa-437d-aaa3-ed3adaa77bf4,bd4ddf74-8039-4890-ad6d-638b1ec808fc,DASHER_04691,2023-10-23 18:49:00,2023-10-23,2023-10-01,2023,18,Monday,45,39.0,-6.0,True,22.95,5.94,delivered,True
1d3b6944-8bec-44be-a302-0aab4a8a2175,fcf1ec7f-be2d-45ab-affe-713d23895f97,DASHER_04399,2024-12-12 10:11:00,2024-12-12,2024-12-01,2024,10,Thursday,34,14.0,-20.0,True,25.1,3.81,delivered,True
60236d57-57fd-4785-9685-e7d03424fdc0,a450c849-10e9-4a84-9740-deea7f58671c,DASHER_04345,2023-12-17 10:13:00,2023-12-17,2023-12-01,2023,10,Sunday,31,22.0,-9.0,True,9.48,6.25,delivered,True
63746ad1-ba6e-4c19-a894-2ae8350fffac,0d6deae0-2cc7-4283-8059-1f78aa589976,DASHER_01997,2022-01-19 08:22:00,2022-01-19,2022-01-01,2022,8,Wednesday,36,12.0,-24.0,True,39.38,7.7,delivered,True
b0a60060-2434-4b81-9f96-a373b731b4d1,2fdb9ef6-44c9-4d6f-9ce7-a8aaa5439e22,DASHER_00202,2023-10-20 14:50:00,2023-10-20,2023-10-01,2023,14,Friday,42,38.0,-4.0,True,52.16,3.61,delivered,True
7d53c7d7-a848-4319-af39-e591bb459f52,6e2518b1-a6a5-4eb5-aa21-6623cec2a451,DASHER_00786,2024-11-07 15:02:00,2024-11-07,2024-11-01,2024,15,Thursday,27,22.0,-5.0,True,49.36,2.16,delivered,True
dfba91e0-9f4d-49d1-af41-856372a17123,abadbe72-251b-4bc9-9985-95a2e42f872f,DASHER_03475,2024-12-28 00:04:00,2024-12-28,2024-12-01,2024,0,Saturday,37,53.0,16.0,False,33.72,6.79,delivered,True
5868869c-5b9e-4906-a381-79ad2a56badb,e3537d84-3f03-46f6-98a6-09a5a4049c74,DASHER_00310,2024-06-10 18:04:00,2024-06-10,2024-06-01,2024,18,Monday,30,30.0,0.0,True,19.83,1.6,delivered,True
e4a61c52-12d2-4bfc-9efc-818d13340cd7,0d286e68-7e86-434f-b66a-37d964835249,DASHER_03339,2022-04-22 09:16:00,2022-04-22,2022-04-01,2022,9,Friday,25,20.0,-5.0,True,12.37,4.02,delivered,True
5f5a12ef-c1e9-477e-a593-855434e1365b,878ba491-1624-47e0-86e9-4a5218748211,DASHER_04797,2022-02-04 14:07:00,2022-02-04,2022-02-01,2022,14,Friday,42,26.0,-16.0,True,23.84,1.31,delivered,True
50198ed6-6c0c-4c3d-b51d-d36c41fba6e1,de3e9df0-23f3-4ab7-813c-11860fa584ea,DASHER_02306,2022-05-29 13:32:00,2022-05-29,2022-05-01,2022,13,Sunday,46,59.0,13.0,False,30.04,3.76,delivered,True
6fbd215c-2fcc-4e4a-9d63-ea94db5abb83,ea625d9d-d935-473d-abce-c85a6d6f0da7,DASHER_04470,2022-03-05 16:34:00,2022-03-05,2022-03-01,2022,16,Saturday,26,29.0,3.0,True,52.92,3.05,delivered,True
fd88d8df-680c-4283-b3f9-17f92aa5831d,2d2986c8-68ca-402f-9b94-9af660bab7fe,DASHER_00091,2022-10-23 12:56:00,2022-10-23,2022-10-01,2022,12,Sunday,47,37.0,-10.0,True,10.48,1.85,delivered,True
57adc33d-921b-421f-9a1e-3c16476baf4c,dc50cfe8-8361-4f2f-bba0-b5dbdab42b85,DASHER_02816,2022-01-11 18:25:00,2022-01-11,2022-01-01,2022,18,Tuesday,31,10.0,-28.0,True,20.09,2.47,delivered,True
75aba25b-df5a-4630-a23b-a496699fdb08,105993d8-e4da-46a8-abb1-76363d389fd0,DASHER_04647,2024-11-15 08:11:00,2024-11-15,2024-11-01,2024,8,Friday,37,59.0,22.0,False,46.05,7.52,delivered,True
bebacb21-1303-4392-8ca2-2b06c2b7ebb1,e4dd73f6-70d3-4437-98a7-28efa8873ba4,DASHER_04756,2024-08-02 18:04:00,2024-08-02,2024-08-01,2024,18,Friday,22,21.0,-1.0,True,33.92,4.4,delivered,True
7f58a7b1-672b-4dcb-b380-c9f3fbdee120,77c8f5c6-d153-453c-bac1-704982e849dd,DASHER_01585,2023-11-09 13:42:00,2023-11-09,2023-11-01,2023,13,Thursday,32,28.0,-4.0,True,21.72,5.3,delivered,True
7b658747-5767-4eec-aaea-6ce803f45bcc,0c48462c-2d39-415b-872f-ab8c637b5739,DASHER_01381,2023-09-19 19:09:00,2023-09-19,2023-09-01,2023,19,Tuesday,42,32.0,-10.0,True,22.78,1.02,delivered,True
05ab4f0c-d5e4-4b7e-866f-36049e4366f9,bae0cc16-f75c-4f94-9dc5-71a80fed7282,DASHER_02716,2023-05-20 20:45:00,2023-05-20,2023-05-01,2023,20,Saturday,34,22.0,-12.0,True,40.54,3.5,delivered,True
2331e6b8-e0b0-48ae-a615-b3685b17b4e4,69c953a8-0893-47fb-bf31-e98c3b0692a6,DASHER_01146,2023-09-18 16:06:00,2023-09-18,2023-09-01,2023,16,Monday,28,35.0,7.0,False,46.8,7.23,delivered,True
ce8c882c-2924-4957-8dd5-2fe13a73e763,ea625d9d-d935-473d-abce-c85a6d6f0da7,DASHER_04154,2023-02-07 11:56:00,2023-02-07,2023-02-01,2023,11,Tuesday,25,12.0,-13.0,True,9.91,5.04,delivered,True
8702a2fe-e1c6-430f-acd4-a5450762e01a,3e615fe9-f6eb-4d9c-8e58-66031363460a,DASHER_01217,2023-03-12 21:35:00,2023-03-12,2023-03-01,2023,21,Sunday,24,23.0,-1.0,True,60.21,3.55,delivered,True
85230202-cd27-4388-b025-496cdbf0bc11,18674b04-e930-4893-8bc5-99447b17290a,DASHER_00741,2023-04-03 21:37:00,2023-04-03,2023-04-01,2023,21,Monday,34,25.0,-9.0,True,14.38,5.63,delivered,True
4e661437-656d-453c-b2c2-2b155bacd034,7d77f3d5-9661-4a48-bc50-276af59798f0,DASHER_01197,2022-12-06 20:08:00,2022-12-06,2022-12-01,2022,20,Tuesday,40,33.0,-7.0,True,31.62,6.14,delivered,True
ef0dd719-d695-488d-b573-f1e3b44c4864,4dbf4b9f-65b1-4f02-bbeb-54b44380df2c,DASHER_01917,2024-09-17 22:02:00,2024-09-17,2024-09-01,2024,22,Tuesday,36,49.0,13.0,False,38.34,7.34,delivered,True
5c422b24-b548-46c0-b995-0dd3031e2770,871c656d-cbfa-4c2f-b2b4-8c001a921c89,DASHER_00845,2024-01-10 14:58:00,2024-01-10,2024-01-01,2024,14,Wednesday,36,33.0,-3.0,True,29.8,5.92,delivered,True
9ac05938-4d22-47c4-83e1-9cc1bb8586d0,8fa74d81-1cbc-40ca-84aa-ef9679882bc7,DASHER_03085,2024-12-03 18:17:00,2024-12-03,2024-12-01,2024,18,Tuesday,38,30.0,-8.0,True,20.36,5.56,delivered,True
be0a6946-7ba7-4151-9a05-4b390ec28e1d,1e0c843b-bdba-4dd4-a305-74303bac4eef,DASHER_02826,2022-06-09 17:24:00,2022-06-09,2022-06-01,2022,17,Thursday,28,36.0,8.0,False,26.68,4.4,delivered,True
0d9882c8-9e1c-4708-b891-e614b13eab1e,06faa0f3-0587-4f11-b6b5-9e1145227000,DASHER_04215,2024-09-14 21:00:00,2024-09-14,2024-09-01,2024,21,Saturday,30,30.0,0.0,True,22.08,2.3,delivered,True
a7122a87-317d-400d-bcbd-4c09de5b8d95,f6ff3cd3-be23-4c66-bbfe-90acaf1dbd1c,DASHER_00928,2024-01-12 18:52:00,2024-01-12,2024-01-01,2024,18,Friday,30,36.0,6.0,False,35.85,4.36,delivered,True
14a19ed0-9046-48b6-acd4-54aba3b582a8,ca6eba6e-1732-47e7-8fb8-05312b9bcabd,DASHER_01047,2024-09-07 16:37:00,2024-09-07,2024-09-01,2024,16,Saturday,43,,,,20.54,5.4,cancelled,True
738ef2af-8ba3-48e4-a8f7-43b65146367d,145c69c7-29a0-40ee-8d02-95ab6bf46c9e,DASHER_03321,2022-03-22 21:09:00,2022-03-22,2022-03-01,2022,21,Tuesday,32,40.0,8.0,False,32.49,5.19,delivered,True
62b67355-dfb7-49dd-aebc-1cbfb6dec6db,3e086e0f-8678-4ed5-bd82-ae0fbad00dc7,DASHER_04968,2022-02-08 21:46:00,2022-02-08,2022-02-01,2022,21,Tuesday,31,23.0,-8.0,True,58.62,2.18,delivered,True
74caae49-d14b-4609-af85-5b35b006bd41,5374d195-e234-4f5c-a788-f5022d0d1bfc,DASHER_02166,2024-04-21 18:50:00,2024-04-21,2024-04-01,2024,18,Sunday,34,17.0,-17.0,True,15.79,2.16,delivered,True
403a7a22-99fa-45a7-b650-e6f093608921,3676ce48-4d9e-4aee-86a1-16121f7866d1,DASHER_00135,2023-12-03 22:38:00,2023-12-03,2023-12-01,2023,22,Sunday,30,26.0,-4.0,True,37.27,4.52,delivered,True
a40616aa-84cd-4d29-a5f4-d49551a0e9ca,9344a4c8-8e8f-4f3f-9fc1-58ddb03f82a8,DASHER_04353,2024-05-09 20:38:00,2024-05-09,2024-05-01,2024,20,Thursday,50,61.0,11.0,False,38.2,4.51,delivered,True
bdcd8c91-966e-4cfb-a1e4-db1f68f485a0,7042bb49-2c25-4e1a-b1bb-dabc90a28a4d,DASHER_03534,2022-08-29 07:42:00,2022-08-29,2022-08-01,2022,7,Monday,42,53.0,11.0,False,14.21,1.29,delivered,True
59f1cd5d-a308-455b-8c8a-26763211af7e,312586e7-d473-4d2e-a7ae-1c4a601b1e16,DASHER_04719,2024-12-21 15:51:00,2024-12-21,2024-12-01,2024,15,Saturday,33,13.0,-20.0,True,31.38,1.67,delivered,True
706da0ab-5c2f-4400-8233-6543eef1e4ab,1d944406-d9d7-4e0c-bcce-d0725f346f07,DASHER_04454,2022-10-02 11:49:00,2022-10-02,2022-10-01,2022,11,Sunday,36,59.0,23.0,False,20.35,5.95,delivered,True
0d7180cf-3931-4aa7-9a83-e724def40792,312586e7-d473-4d2e-a7ae-1c4a601b1e16,DASHER_02587,2022-01-15 18:07:00,2022-01-15,2022-01-01,2022,18,Saturday,37,26.0,-11.0,True,26.7,3.85,delivered,True
a46b4c5d-e492-45ec-bcdb-b90e745c8965,5e854b00-0ee9-4543-a38f-29818955e30d,DASHER_02995,2022-08-07 09:41:00,2022-08-07,2022-08-01,2022,9,Sunday,29,25.0,-4.0,True,8.0,3.77,delivered,True
f88ebbc9-b7fd-4169-977c-523f3ce649df,257e5264-e60d-4735-9b48-3de0a150af45,DASHER_02078,2023-02-22 14:50:00,2023-02-22,2023-02-01,2023,14,Wednesday,18,11.0,-7.0,True,25.17,7.91,delivered,True
6406140c-f30f-4586-a401-80bfb97ac29c,ace9f434-cac5-4812-bfd9-871c0b363a0b,DASHER_01882,2023-12-07 20:25:00,2023-12-07,2023-12-01,2023,20,Thursday,33,10.0,-23.0,True,8.0,2.12,delivered,True
8648f222-3f56-4c9b-acd4-298b51a8fc28,327ace53-d67d-4447-a058-fca86dead6b8,DASHER_00426,2023-03-16 16:50:00,2023-03-16,2023-03-01,2023,16,Thursday,39,31.0,-8.0,True,44.62,2.12,delivered,True
5fc6a663-3b63-4ffa-9951-20582338f683,8f3321f4-bcde-4288-9cca-b540966b69b3,DASHER_02155,2022-01-11 20:52:00,2022-01-11,2022-01-01,2022,20,Tuesday,46,67.0,21.0,False,29.58,1.25,delivered,True
a05b7ee2-7d71-4cee-b1cc-694fd6046a33,b2d4b6cf-b248-43e2-b630-98b0af95fae7,DASHER_00470,2024-02-27 22:25:00,2024-02-27,2024-02-01,2024,22,Tuesday,38,28.0,-10.0,True,16.55,7.61,delivered,True
1ef54649-6f09-4c5b-b4b2-bb3cd82760b9,a4f4d3d8-8ddd-4e50-bd2f-a5e2c874810c,DASHER_02342,2022-12-25 18:28:00,2022-12-25,2022-12-01,2022,18,Sunday,50,51.0,1.0,True,37.43,4.56,delivered,True
3d5b2a63-a157-4dc9-9756-ad099b997cd9,e73b38e3-8d85-4631-a447-9acebd12b7e8,DASHER_00711,2023-04-20 18:43:00,2023-04-20,2023-04-01,2023,18,Thursday,48,,,,30.99,7.97,cancelled,True
4ff78bb8-844a-455b-b2a4-870574e56d2f,d120f4a6-15d8-4184-9a94-29cd185705c0,DASHER_00562,2024-03-29 13:25:00,2024-03-29,2024-03-01,2024,13,Friday,30,,,,45.05,6.07,cancelled,True
1f069d5a-43bb-4595-b0e6-6064dd0b7ace,7021aba8-225b-470f-83c7-9fb6f38809aa,DASHER_03309,2023-12-14 13:52:00,2023-12-14,2023-12-01,2023,13,Thursday,30,28.0,-2.0,True,48.7,5.01,delivered,True
227c56ad-c1b1-4610-bc93-2d74e77dba0f,4d311a4d-1ef2-4cb3-bf60-ecc9f8e63b21,DASHER_00958,2023-06-19 09:32:00,2023-06-19,2023-06-01,2023,9,Monday,37,39.0,2.0,True,40.77,7.12,delivered,True
876e2486-8db1-491a-ad1e-2493dd5d9305,09b99fb9-eb17-44ac-937f-d30f90abedcb,DASHER_03758,2023-05-28 19:24:00,2023-05-28,2023-05-01,2023,19,Sunday,16,10.0,-18.0,True,18.56,5.76,delivered,True
8c120b18-074a-402d-a5fc-23403bb29eca,0a81fa0a-021b-4194-a11a-f3eb5998fb70,DASHER_01883,2022-02-26 16:16:00,2022-02-26,2022-02-01,2022,16,Saturday,45,52.0,7.0,False,33.3,3.46,delivered,True
84e217bb-17be-4135-a194-571e6ad79318,2ae0bcf3-cd33-40cd-aa41-c1a7fe0a967f,DASHER_02801,2022-01-20 19:16:00,2022-01-20,2022-01-01,2022,19,Thursday,27,27.0,0.0,True,35.13,1.52,delivered,True
f94f209d-e101-46fe-8738-bfb5d357573b,e28aee60-dc9f-4096-b135-c64361050bd8,DASHER_01557,2023-01-01 16:22:00,2023-01-01,2023-01-01,2023,16,Sunday,37,52.0,15.0,False,18.49,6.14,delivered,True
4c497ddb-1b11-45e2-afe2-6bf29ccd6699,c7a27ee0-b732-4fb4-8af4-f8c0997b6031,DASHER_00873,2023-06-28 10:12:00,2023-06-28,2023-06-01,2023,10,Wednesday,35,46.0,11.0,False,8.0,1.83,delivered,True
11569a85-63b4-4ec7-84c5-bbe1c007f47d,897c6b39-e675-4dc0-a4e5-46fce9adc92d,DASHER_00346,2022-06-10 19:42:00,2022-06-10,2022-06-01,2022,19,Friday,34,34.0,0.0,True,36.85,3.2,delivered,True
124ed8c0-7ef4-4d23-997e-913bcea47b07,666b1ea2-af12-4958-8204-e318b1b1b8e1,DASHER_01050,2023-07-17 16:48:00,2023-07-17,2023-07-01,2023,16,Monday,28,36.0,8.0,False,22.37,1.37,delivered,True
718f08bc-6551-4044-b53e-ce5d005eeae9,aa1121a3-be59-47f5-b669-73dd401b7500,DASHER_01431,2024-05-16 16:34:00,2024-05-16,2024-05-01,2024,16,Thursday,42,44.0,2.0,True,21.18,4.62,delivered,True
28194f20-e76c-4842-8a2e-91de642b333b,a50eb278-a945-49b0-b260-d1171d1f3a71,DASHER_02127,2023-10-09 19:00:00,2023-10-09,2023-10-01,2023,19,Monday,36,31.0,-5.0,True,15.48,2.3,delivered,True
d5c08f7f-41f5-461e-bf80-5d50aba36f50,caee2cf1-dc31-4f24-995e-e658c409237e,DASHER_01724,2023-06-23 10:30:00,2023-06-23,2023-06-01,2023,10,Friday,42,40.0,-2.0,True,8.0,3.55,delivered,True
73679dc5-ec95-425a-b1ad-cef2f67af302,fe9733f0-8e55-4d65-a146-bcb2484c30cb,DASHER_00818,2024-03-31 11:11:00,2024-03-31,2024-03-01,2024,11,Sunday,41,11.0,-30.0,True,10.38,6.04,delivered,True
9eae81d5-3f84-45f8-824a-20276b2af570,c9a6e050-d724-4a3a-a3f9-527b6fd988b7,DASHER_03874,2023-04-28 17:54:00,2023-04-28,2023-04-01,2023,17,Friday,31,35.0,4.0,True,31.7,4.49,delivered,True
200e38c0-a107-43fd-ba26-6c236aed90ae,862edc87-f5ee-4d0e-a3b6-17a0a1782b73,DASHER_00390,2024-11-24 17:20:00,2024-11-24,2024-11-01,2024,17,Sunday,30,32.0,2.0,True,16.14,3.78,delivered,True
64f1d4d1-de8a-4e24-b635-3d7950fb2c6f,43b9b9bd-5ee1-416b-8d9f-041d4e762f71,DASHER_02741,2022-12-01 06:52:00,2022-12-01,2022-12-01,2022,6,Thursday,34,56.0,22.0,False,27.63,4.89,delivered,True
e12e515a-c5b1-4ee5-a0f5-eb931d4586a1,7b5c052f-cef1-4bc6-a1e5-a2057de61b06,DASHER_04725,2023-06-12 13:26:00,2023-06-12,2023-06-01,2023,13,Monday,42,59.0,17.0,False,49.31,5.02,delivered,True
a3d265a8-edb7-4db0-9535-0f3336145568,d456ef09-40b6-4e63-be6e-36b3faa8782b,DASHER_03661,2022-12-24 23:18:00,2022-12-24,2022-12-01,2022,23,Saturday,27,41.0,14.0,False,39.8,3.0,delivered,True
806d5e39-9bab-43b8-82a2-0e7212f1ad0f,dc7df643-0adc-43b4-84e2-710c71aaa757,DASHER_03315,2022-10-24 21:40:00,2022-10-24,2022-10-01,2022,21,Monday,29,32.0,3.0,True,15.78,6.93,delivered,True
f321b65c-bcfb-4062-ae72-ebaf490d37cd,d04da35c-7c30-4cb7-8c2f-ea10f1cdadb1,DASHER_04959,2022-05-27 06:21:00,2022-05-27,2022-05-01,2022,6,Friday,35,45.0,10.0,False,21.17,4.1,delivered,True
c07de1e3-7ecf-47a6-9f81-ef5c4dacd14b,c758c09e-f198-43af-aba4-fecd75f2035d,DASHER_01024,2024-01-14 20:33:00,2024-01-14,2024-01-01,2024,20,Sunday,29,41.0,12.0,False,25.17,6.08,delivered,True
f9cf5199-1e14-4c01-81d5-e68a515a74de,caa4e8e6-b27d-4604-8ea8-097cd33b0093,DASHER_00522,2023-05-31 22:44:00,2023-05-31,2023-05-01,2023,22,Wednesday,34,26.0,-8.0,True,44.16,1.37,delivered,True
2c3fe2c0-f3a1-42fa-9c12-91c0d181b473,bac0805e-3789-40fa-ab31-6e235ba3996d,DASHER_03193,2024-03-24 17:05:00,2024-03-24,2024-03-01,2024,17,Sunday,31,44.0,13.0,False,41.15,3.16,delivered,True
bff5fe11-8919-4208-a73c-98f53e64fd55,314c0658-5e3a-4b84-afa1-b2b927e259d1,DASHER_00287,2023-05-22 19:28:00,2023-05-22,2023-05-01,2023,19,Monday,32,28.0,-4.0,True,13.12,3.27,delivered,True
0b95d412-e05c-4399-b749-4aa0dca61588,c3141098-f7e6-4620-bb43-ad948f4ede14,DASHER_04417,2024-09-02 16:55:00,2024-09-02,2024-09-01,2024,16,Monday,21,12.0,-9.0,True,25.48,2.23,delivered,True
194ba5f0-9048-45f9-ba29-0947116f6bbb,0980c6d3-0c36-4ac1-ba2c-ea460522eaa5,DASHER_02536,2024-07-24 18:40:00,2024-07-24,2024-07-01,2024,18,Wednesday,41,33.0,-8.0,True,42.96,2.58,delivered,True
4d7e1529-60fe-425c-b745-873330d18a1c,959ee339-0172-4d60-94ab-2121e6e90357,DASHER_01116,2022-07-03 15:23:00,2022-07-03,2022-07-01,2022,15,Sunday,30,,,,33.07,3.4,cancelled,True
8db17a62-a227-4d47-8dbc-f386fdfcea86,46865a1b-74e6-494e-bbad-480c599a8de4,DASHER_03526,2024-08-18 17:44:00,2024-08-18,2024-08-01,2024,17,Sunday,52,39.0,-13.0,True,34.5,6.57,delivered,True
4d68e271-2090-45fb-989c-9ade730f6b34,6652b67b-f609-4dfb-832f-f66d00bf8199,DASHER_03192,2024-02-05 09:56:00,2024-02-05,2024-02-01,2024,9,Monday,24,13.0,-11.0,True,22.92,6.79,delivered,True
365de224-bbf1-423f-be39-720fa63a546e,2f9a2f5b-dbcd-4cdb-813d-d62ffe6140d6,DASHER_02227,2023-03-28 11:27:00,2023-03-28,2023-03-01,2023,11,Tuesday,28,18.0,-10.0,True,23.16,6.65,delivered,True
edfa4545-7001-4de1-817c-9b92ca60acea,1049731b-f8c8-4257-8315-e45e89676bd0,DASHER_03709,2024-04-25 09:04:00,2024-04-25,2024-04-01,2024,9,Thursday,47,51.0,4.0,True,39.8,2.89,delivered,True
5acf8360-6d0f-4eea-8d28-54f5824258a1,3408e807-ef69-4f3f-99db-e52f344a5898,DASHER_00837,2024-10-04 09:01:00,2024-10-04,2024-10-01,2024,9,Friday,47,,,,26.95,4.06,cancelled,True
c32c5f78-28f3-4bb0-811d-b26427f54c1a,fe991fb6-987e-43db-bbb2-f6586e7cc7b9,DASHER_04082,2022-01-17 10:09:00,2022-01-17,2022-01-01,2022,10,Monday,39,47.0,8.0,False,29.47,7.98,delivered,True
c1456e42-0ff6-42a4-b73d-c9cb63fdd5e4,a755f275-b94b-4c7f-b233-d6a19817c5f0,DASHER_02183,2024-08-07 19:02:00,2024-08-07,2024-08-01,2024,19,Wednesday,27,47.0,20.0,False,29.43,4.28,delivered,True
dd6a7ea3-c2a1-47da-9a34-954fb4981afc,9599c638-49dd-46d8-84f9-8f916ca8ae36,DASHER_02039,2023-01-29 21:16:00,2023-01-29,2023-01-01,2023,21,Sunday,31,40.0,9.0,False,8.0,3.68,delivered,True
75aa10d0-3227-4ae6-956b-40552152b371,e4828866-b82f-45c2-80ae-1b9a77bdbc25,DASHER_01707,2024-06-26 10:02:00,2024-06-26,2024-06-01,2024,10,Wednesday,39,57.0,18.0,False,8.0,3.17,delivered,True
e039b47b-384a-49a0-95e5-c75974287736,194a06ef-3e4f-4502-85b0-ae765533aad9,DASHER_03942,2023-10-24 09:46:00,2023-10-24,2023-10-01,2023,9,Tuesday,37,64.0,27.0,False,37.75,5.46,delivered,True
f3b0ccc7-fd83-434f-baee-0b66009fe215,b7d5dc5c-a74e-4884-8a08-b588145a5695,DASHER_03556,2023-02-11 13:03:00,2023-02-11,2023-02-01,2023,13,Saturday,38,32.0,-6.0,True,24.4,2.92,delivered,True
78ff5ee8-b75e-49aa-8091-b6aeb69ac2d7,18842fb1-e4d5-4217-a02d-aa648ecfe758,DASHER_04884,2022-09-03 14:15:00,2022-09-03,2022-09-01,2022,14,Saturday,39,42.0,3.0,True,28.75,2.07,delivered,True
fcb4055b-19df-4766-adf7-c37922bd61b6,4be517bb-bb0c-411b-9b63-724270e10e30,DASHER_00491,2022-07-03 10:31:00,2022-07-03,2022-07-01,2022,10,Sunday,44,53.0,9.0,False,48.57,5.9,delivered,True
219b911c-5fce-481d-a7db-3c0d6c4b99f6,82cdbb86-2d14-40ed-8732-b904105b1f77,DASHER_03593,2022-08-08 08:14:00,2022-08-08,2022-08-01,2022,8,Monday,39,33.0,-6.0,True,46.02,6.12,delivered,True
601b2e18-d597-4b6e-a688-042ecb266c1d,327ace53-d67d-4447-a058-fca86dead6b8,DASHER_03584,2022-02-13 19:22:00,2022-02-13,2022-02-01,2022,19,Sunday,34,,,,11.01,4.42,cancelled,True
f769ad8e-ce6b-4396-9307-6f71a54f0666,a1adf48d-e0a0-4e19-90b8-607a4613fdc2,DASHER_04542,2023-01-18 17:20:00,2023-01-18,2023-01-01,2023,17,Wednesday,31,30.0,-1.0,True,16.54,2.11,delivered,True
7e08bdde-e51b-46d2-9f30-7f7da1a3865a,aa1121a3-be59-47f5-b669-73dd401b7500,DASHER_04144,2024-12-23 09:18:00,2024-12-23,2024-12-01,2024,9,Monday,39,26.0,-13.0,True,21.53,1.12,delivered,True
03961187-078f-463c-9f1c-de3291db8df0,ac9944ad-382b-4167-9491-21e4402a2066,DASHER_03174,2024-01-16 20:15:00,2024-01-16,2024-01-01,2024,20,Tuesday,38,37.0,-1.0,True,33.4,2.32,delivered,True
5d8d680b-1cd7-4d5b-bf80-2bc8f285ff25,34bbbd1e-95ba-4dfb-9128-58e263d4134e,DASHER_00788,2024-10-15 20:09:00,2024-10-15,2024-10-01,2024,20,Tuesday,29,23.0,-6.0,True,22.99,6.84,delivered,True
c6055c4c-6271-455a-838b-4ca21078e2da,8a7129e1-d5e2-4929-be01-7f0a25f4598c,DASHER_03183,2022-09-23 09:02:00,2022-09-23,2022-09-01,2022,9,Friday,34,38.0,4.0,True,45.01,5.6,delivered,True
198ecda3-2ec0-4002-adaf-4dd0905362e5,d9dbed11-36ab-48ae-aa8e-6e7e69ec58d6,DASHER_00107,2024-12-12 18:37:00,2024-12-12,2024-12-01,2024,18,Thursday,34,45.0,11.0,False,37.79,4.43,delivered,True
ec8cdc53-50ef-45e1-beae-db24922a1b85,e9a3df21-8011-497d-923f-1cbdedc634b4,DASHER_03023,2022-06-13 16:40:00,2022-06-13,2022-06-01,2022,16,Monday,32,46.0,14.0,False,35.63,6.55,delivered,True
fedd1ddc-4ec1-4fe7-86a6-e41412228539,5f9b4a4d-0c8a-453b-96d0-be61e216531e,DASHER_01768,2022-04-30 20:17:00,2022-04-30,2022-04-01,2022,20,Saturday,22,19.0,-3.0,True,35.07,6.07,delivered,True
2f1591e5-b74a-4256-ac97-b5ab5acf4c88,77cb1df1-1763-45c3-b0ab-c2e1aab24f7a,DASHER_04574,2024-12-24 14:12:00,2024-12-24,2024-12-01,2024,14,Tuesday,34,26.0,-8.0,True,26.64,6.23,delivered,True
e745b4b5-e7c8-4005-a314-a22a77f303ea,f1a5c50f-a907-46bf-9c6d-df9a36e6ccbb,DASHER_03498,2024-04-30 20:49:00,2024-04-30,2024-04-01,2024,20,Tuesday,30,22.0,-8.0,True,35.22,2.25,delivered,True
e13b0790-6cf1-4ff3-b374-40dbf44831d4,edc63f81-8cb0-44bc-bbf7-26ede23da447,DASHER_02581,2024-04-02 16:42:00,2024-04-02,2024-04-01,2024,16,Tuesday,31,54.0,23.0,False,73.69,4.84,delivered,True
5f7d3505-3431-4b4a-a0db-ba32c4c5383d,ea870a94-b7d0-4c5b-9667-e7e12fbc0851,DASHER_01971,2023-10-27 21:26:00,2023-10-27,2023-10-01,2023,21,Friday,35,23.0,-12.0,True,18.9,6.35,delivered,True
1ea6fa74-8015-4a0f-a5ad-c1c4b401cc99,602e375c-8d81-45ee-a934-5e1a2ca0c23a,DASHER_04880,2023-06-05 13:28:00,2023-06-05,2023-06-01,2023,13,Monday,32,21.0,-11.0,True,33.39,1.1,delivered,True
3eff4220-d220-43b5-80ae-596533db8f31,67aa8ed2-729f-43e6-852f-373057cc75a6,DASHER_00177,2022-10-04 23:19:00,2022-10-04,2022-10-01,2022,23,Tuesday,58,59.0,1.0,True,33.35,6.75,delivered,True
f8b7dfc8-928b-4707-af46-0313cd4aa7e2,78e42928-d3f2-4584-878f-410b57b13657,DASHER_01133,2024-11-13 17:59:00,2024-11-13,2024-11-01,2024,17,Wednesday,16,12.0,-4.0,True,25.6,2.84,delivered,True
969bc68f-6b3f-4d82-bcbc-bea477a2a552,9a199a88-12da-418a-87c5-772e1c617853,DASHER_00632,2023-05-27 10:51:00,2023-05-27,2023-05-01,2023,10,Saturday,31,45.0,14.0,False,24.1,2.2,delivered,True
9ceb7230-8925-44a6-abf5-04399e1188b2,d70e63b4-f274-41ca-be20-4cf6da687fd4,DASHER_00458,2022-07-15 18:19:00,2022-07-15,2022-07-01,2022,18,Friday,20,41.0,21.0,False,34.84,7.44,delivered,True
44fe5632-edd3-47e0-8850-1a0df40289c1,3b8f2820-4b18-45f6-8a13-0bc9b5576a0d,DASHER_01857,2023-11-16 13:52:00,2023-11-16,2023-11-01,2023,13,Thursday,18,29.0,11.0,False,28.07,7.49,delivered,True
9c95ae12-7ab8-4b23-9c93-0718fe43a208,48912f94-667c-4dbc-a3b4-2a97aa167459,DASHER_01808,2024-02-23 05:33:00,2024-02-23,2024-02-01,2024,5,Friday,19,33.0,14.0,False,33.28,2.06,delivered,True
6e3ad8f7-3acf-4643-af6d-bc9fdecbc887,a2dc5586-55be-462a-847d-1bc17a38fbcc,DASHER_03230,2024-03-15 23:48:00,2024-03-15,2024-03-01,2024,23,Friday,27,19.0,-8.0,True,36.62,4.32,delivered,True
ab770df9-2516-4181-b8ed-12146bc38f3a,a49528a7-612d-4dee-abde-5874cf249631,DASHER_01104,2022-04-11 17:16:00,2022-04-11,2022-04-01,2022,17,Monday,40,52.0,12.0,False,37.52,4.36,delivered,True
fe2b28e5-0bf9-4c6d-a899-023804ec8c01,96f53180-ba0d-4efa-ac65-3cd978378c18,DASHER_02017,2023-02-10 16:41:00,2023-02-10,2023-02-01,2023,16,Friday,25,19.0,-6.0,True,29.07,4.0,delivered,True
b03e8ff2-a796-44a1-b526-767310cca409,d38bf655-d7b9-4555-8069-4f5e59943d61,DASHER_00198,2022-07-03 08:26:00,2022-07-03,2022-07-01,2022,8,Sunday,41,32.0,-9.0,True,34.91,6.38,delivered,True
c6ebe279-54ee-4b56-9486-4aea5179fa28,7eb2e875-6d50-4434-9df4-987192764d00,DASHER_00367,2022-12-13 23:39:00,2022-12-13,2022-12-01,2022,23,Tuesday,41,22.0,-19.0,True,38.22,5.79,delivered,True
bc9e4e3c-1d66-4c75-9ad0-4fededb4c3a4,166c4f60-ee78-432b-8fcf-7cb3effa9d96,DASHER_01209,2022-11-16 20:54:00,2022-11-16,2022-11-01,2022,20,Wednesday,32,48.0,16.0,False,41.13,7.07,delivered,True
80c18bd1-779c-4210-b3be-75d846375add,e3537d84-3f03-46f6-98a6-09a5a4049c74,DASHER_01712,2023-08-13 01:44:00,2023-08-13,2023-08-01,2023,1,Sunday,37,28.0,-9.0,True,27.85,4.81,delivered,True
a1100d1b-5f81-48f9-a0f9-eb7469fe1536,e410ee9f-6717-409e-a90d-878240431333,DASHER_03085,2023-06-14 17:39:00,2023-06-14,2023-06-01,2023,17,Wednesday,29,29.0,0.0,True,20.28,5.07,delivered,True
a762a2db-f654-4420-bc9a-74ee3f9d49d2,75096181-875a-44c6-a9de-50fac972054f,DASHER_00434,2024-12-14 04:10:00,2024-12-14,2024-12-01,2024,4,Saturday,39,41.0,2.0,True,8.0,1.46,delivered,True
c74571be-ba0d-4d90-a662-88acef48ac75,89239dce-4113-4057-b918-d89f65a66bca,DASHER_03166,2023-07-10 19:58:00,2023-07-10,2023-07-01,2023,19,Monday,39,,,,8.0,2.61,cancelled,True
d9ee03a1-d5b0-4ce9-89a4-6aa149851487,612c34b0-b141-44a5-9136-88b99f4cd6cc,DASHER_00721,2024-02-19 16:45:00,2024-02-19,2024-02-01,2024,16,Monday,40,46.0,6.0,False,35.38,4.2,delivered,True
793d71e7-2ed2-4abf-a254-6a1042351e16,75664995-e181-4b1f-8b7d-b94a77e658cd,DASHER_00150,2022-02-14 03:59:00,2022-02-14,2022-02-01,2022,3,Monday,43,33.0,-10.0,True,26.02,3.42,delivered,True
d1be0dc6-47b5-4cbd-a90c-edce7c602c8f,76443310-cc2b-4d72-9080-72be48b970fb,DASHER_00507,2023-12-22 13:19:00,2023-12-22,2023-12-01,2023,13,Friday,36,69.0,33.0,False,8.0,7.22,delivered,True
a3a1e8e4-efb8-45f9-91da-5f1fb9d305c2,3d785051-a04b-4442-b9fc-fbb2c0d5b140,DASHER_00719,2022-03-02 22:17:00,2022-03-02,2022-03-01,2022,22,Wednesday,23,24.0,1.0,True,42.06,6.1,delivered,True
88aec498-53a2-4b26-8cb7-5cc270c2f421,f3acf22c-eb53-4b3f-9276-da8c05f217ba,DASHER_01251,2024-12-02 22:39:00,2024-12-02,2024-12-01,2024,22,Monday,43,30.0,-13.0,True,16.88,5.23,delivered,True
50a597c6-5d5c-4e75-af73-1befdec900aa,466eecc1-077a-47f2-9661-2740f668df4f,DASHER_01131,2024-07-08 17:13:00,2024-07-08,2024-07-01,2024,17,Monday,38,29.0,-9.0,True,12.31,3.15,delivered,True
844a238e-260d-4e4e-aad9-f1fddb126af3,188181c3-f32a-482f-8310-f4d562340405,DASHER_04627,2024-12-08 21:27:00,2024-12-08,2024-12-01,2024,21,Sunday,56,56.0,0.0,True,39.87,4.89,delivered,True
21cb9fc9-8910-4e4f-b80c-5ad1a1ab3c9f,88cf80a0-e003-4353-996c-fe9db6da14ba,DASHER_03391,2022-08-31 09:53:00,2022-08-31,2022-08-01,2022,9,Wednesday,31,45.0,14.0,False,11.91,7.72,delivered,True
992408f2-e799-481c-9e72-35231b500ba7,f1886153-85f0-4e38-9f85-f529a6b3bb94,DASHER_01539,2023-09-14 15:59:00,2023-09-14,2023-09-01,2023,15,Thursday,39,24.0,-15.0,True,36.01,6.33,delivered,True
038fd261-41eb-4e8b-81b6-e1bd0bfc4205,208263ca-559a-47b8-8c41-c91c311739c6,DASHER_00651,2023-07-01 18:39:00,2023-07-01,2023-07-01,2023,18,Saturday,38,39.0,1.0,True,39.33,5.81,delivered,True
e1454d91-6d64-475b-aa55-2e25dd794343,a23bdf06-826b-46d3-aecf-fa30a6adb893,DASHER_03174,2024-09-03 08:54:00,2024-09-03,2024-09-01,2024,8,Tuesday,25,14.0,-11.0,True,20.35,2.34,delivered,True
ecd57667-e448-47ff-b6e2-3df46cb96ac1,99dc75d8-4b0a-4c60-9cff-6cf87a91eec0,DASHER_01661,2022-03-08 14:00:00,2022-03-08,2022-03-01,2022,14,Tuesday,35,61.0,26.0,False,11.91,6.29,delivered,True
088ea22b-e2e8-4938-9b75-6f9560d6f834,c579ff1e-293a-4223-95d5-88ace5c735ab,DASHER_02021,2022-05-16 09:28:00,2022-05-16,2022-05-01,2022,9,Monday,41,31.0,-10.0,True,8.0,5.25,delivered,True
a3c49470-bdb6-4e81-856c-8cb7581459e2,a08778b4-f199-4878-a9bc-54141258d887,DASHER_00315,2024-02-19 19:25:00,2024-02-19,2024-02-01,2024,19,Monday,41,26.0,-15.0,True,12.57,4.63,delivered,True
46a7724e-6ecb-4514-ae53-6cfb1d430479,36511ffd-bb68-4b99-91be-d0300986f517,DASHER_00321,2024-07-13 15:56:00,2024-07-13,2024-07-01,2024,15,Saturday,60,70.0,10.0,False,11.6,5.4,delivered,True
54c3f889-5eb3-47ac-8169-4caa1be0562d,39dbf42d-5be8-41ad-b8b7-768972c49056,DASHER_01363,2022-04-11 09:28:00,2022-04-11,2022-04-01,2022,9,Monday,31,23.0,-8.0,True,36.14,3.95,delivered,True
36f89939-b3c1-4feb-9135-2365b9455864,1edf6834-b795-47ff-9df4-f7d8c814259b,DASHER_04101,2022-04-22 19:57:00,2022-04-22,2022-04-01,2022,19,Friday,44,61.0,17.0,False,48.24,7.55,delivered,True
fe102e5e-429c-4acb-8350-ee646cdf7f82,0a70f56d-dc81-418d-8d3d-df8febb33d1b,DASHER_01654,2022-10-05 14:20:00,2022-10-05,2022-10-01,2022,14,Wednesday,44,37.0,-7.0,True,31.36,7.17,delivered,True
35955534-a404-4ca5-9769-9b164b41297a,874784c7-743a-432a-9a60-8e2efb000967,DASHER_01012,2022-07-04 11:44:00,2022-07-04,2022-07-01,2022,11,Monday,27,12.0,-15.0,True,48.23,5.43,delivered,True
33d34d3f-3ebf-4f25-b745-a2581e33887d,ebc0c504-46a8-4ae7-ba6a-fff43f0cd79d,DASHER_03102,2022-06-24 17:24:00,2022-06-24,2022-06-01,2022,17,Friday,41,37.0,-4.0,True,8.0,4.84,delivered,True
e1106b21-1e3e-4892-bb8c-06a117484a3d,9765c8c6-8276-4766-823e-49cdb1cd7492,DASHER_01184,2022-03-31 20:58:00,2022-03-31,2022-03-01,2022,20,Thursday,26,46.0,20.0,False,38.73,3.93,delivered,True
55c48589-6225-4dc3-a1da-7a51e4759a81,5322436e-f142-4841-9478-7c5d238dacbb,DASHER_01661,2023-09-26 19:28:00,2023-09-26,2023-09-01,2023,19,Tuesday,46,45.0,-1.0,True,37.69,1.01,delivered,True
3df9cd98-371b-49cb-b146-dba42db55ea5,f0fef2d1-6d8e-4b58-986a-de512e5e6ab7,DASHER_04042,2023-06-03 01:31:00,2023-06-03,2023-06-01,2023,1,Saturday,41,,,,30.02,4.32,cancelled,True
a9258063-5759-49c9-8d33-b8a3f6e349c1,71cf2e30-089c-4c47-b392-3b72868df558,DASHER_04567,2024-04-19 15:38:00,2024-04-19,2024-04-01,2024,15,Friday,45,38.0,-7.0,True,21.89,6.73,delivered,True
417ee161-6998-4253-971f-1d0e87d931fc,58bacc4c-bb18-4de4-86c4-324ce6dfa5b5,DASHER_04735,2023-03-02 04:09:00,2023-03-02,2023-03-01,2023,4,Thursday,41,44.0,3.0,True,35.13,7.43,delivered,True
fff4bc58-fb5a-47e7-b1cb-25f3157e3a12,0365a1ea-9ca0-435c-9685-3c96fe5c460d,DASHER_04873,2022-04-11 07:11:00,2022-04-11,2022-04-01,2022,7,Monday,29,34.0,5.0,True,38.92,5.0,delivered,True
9dfea2e7-f1e9-416f-b3d7-0e8ef4bd1494,325576ff-122f-48d6-9162-5ffa7d9c943a,DASHER_02644,2022-12-30 22:47:00,2022-12-30,2022-12-01,2022,22,Friday,18,10.0,-13.0,True,18.57,1.46,delivered,True
ac1e8cae-ab6b-4fd8-9a0b-70a1c5b39624,99b19f1e-2ade-40da-ba17-f273c3d1e7ad,DASHER_02696,2024-05-25 21:04:00,2024-05-25,2024-05-01,2024,21,Saturday,40,39.0,-1.0,True,36.27,4.68,delivered,True
f879ed8d-1642-45fe-aa76-bf16e5adf5f9,caac8fe1-db02-434f-a68c-96232479bc7c,DASHER_04333,2024-12-10 10:13:00,2024-12-10,2024-12-01,2024,10,Tuesday,32,29.0,-3.0,True,45.69,5.81,delivered,True
a292d65d-cee9-46df-aea2-6ec8551424c8,637c6293-e5ec-4eab-bb5c-cad79ad16c04,DASHER_01062,2023-08-12 15:54:00,2023-08-12,2023-08-01,2023,15,Saturday,34,29.0,-5.0,True,45.24,5.29,delivered,True
f39aa70e-1793-4013-9299-dd875842e66f,38293ae8-e50b-4544-abea-b2e52f7872d2,DASHER_02379,2024-10-13 17:40:00,2024-10-13,2024-10-01,2024,17,Sunday,20,20.0,0.0,True,29.34,1.16,delivered,True
a7804566-1092-4f33-acf8-bfab394c5498,2e7f6d94-8f6b-44c8-a0aa-1154fe70bc9c,DASHER_02864,2022-08-30 19:13:00,2022-08-30,2022-08-01,2022,19,Tuesday,34,47.0,13.0,False,8.0,4.91,delivered,True
369e7e46-7558-43e3-8906-1e538d878140,19ba337d-f608-47ea-99a8-1defd7246d2a,DASHER_04150,2023-03-11 01:12:00,2023-03-11,2023-03-01,2023,1,Saturday,32,24.0,-8.0,True,8.0,1.79,delivered,True
a84dc8e2-294b-4922-b141-fcf0a87e9d21,32f271e9-cc9c-4532-80ab-316be5996fb6,DASHER_02707,2023-11-14 13:46:00,2023-11-14,2023-11-01,2023,13,Tuesday,30,10.0,-27.0,True,12.52,6.83,delivered,True
2b3c24e7-755c-4d43-afc1-6909dd8d8a36,a1cbc2ea-701a-4784-9451-680b5e0c6c17,DASHER_04398,2024-09-08 22:51:00,2024-09-08,2024-09-01,2024,22,Sunday,39,40.0,1.0,True,41.77,6.69,delivered,True
48139bd1-bc3d-4c74-9c82-fab0ab356401,4ab75392-4df5-4319-9697-4e9dd70d7d87,DASHER_01706,2022-04-25 21:19:00,2022-04-25,2022-04-01,2022,21,Monday,29,13.0,-16.0,True,19.54,5.03,delivered,True
e4536b29-4224-4330-935f-3eb1e995f6eb,b42ef8ab-9109-4404-adab-9510a5b1b78a,DASHER_00255,2023-11-11 20:56:00,2023-11-11,2023-11-01,2023,20,Saturday,35,31.0,-4.0,True,20.77,4.73,delivered,True
ec425ff2-4d95-4ccd-bf27-8c5c61d26627,2f225b68-423d-4100-811b-2445bd07a731,DASHER_02576,2022-12-06 18:24:00,2022-12-06,2022-12-01,2022,18,Tuesday,41,43.0,2.0,True,35.41,5.96,delivered,True
d89bdf9d-9e70-4264-bfe4-a3c27d8d4354,2577a528-d2c0-4059-bd47-24a83408c04a,DASHER_01770,2023-07-11 14:31:00,2023-07-11,2023-07-01,2023,14,Tuesday,40,32.0,-8.0,True,19.31,3.61,delivered,True
8ba66abe-da49-4907-a4d6-b6b268b8990c,32d2366f-bec8-42c2-b2f4-f13406e9b27d,DASHER_04096,2022-03-18 20:58:00,2022-03-18,2022-03-01,2022,20,Friday,34,45.0,11.0,False,38.29,2.07,delivered,True
3faec164-076f-4a62-b6a1-6aadc7244be4,46dfbcd2-f634-47ac-90bd-36d96f4c9cc3,DASHER_00804,2023-11-28 22:46:00,2023-11-28,2023-11-01,2023,22,Tuesday,39,32.0,-7.0,True,43.99,5.73,delivered,True
22f7bf41-9384-45ff-96d1-e3852155bbf4,591d6f4c-e48f-4789-9caf-0c027e3804ce,DASHER_02547,2022-09-29 10:02:00,2022-09-29,2022-09-01,2022,10,Thursday,18,10.0,-18.0,True,34.49,7.52,delivered,True
4aff36eb-d88b-4540-9f7f-b3fb71a0df33,f7f86abf-88ef-4c1a-8c70-c5cd5358b588,DASHER_00184,2022-06-28 12:56:00,2022-06-28,2022-06-01,2022,12,Tuesday,44,48.0,4.0,True,17.03,7.23,delivered,True
aa5a5064-7afe-4455-8eed-460f86ea849e,adafecd7-8c8d-40a4-8e1e-de69f1956cda,DASHER_02233,2023-10-20 10:18:00,2023-10-20,2023-10-01,2023,10,Friday,31,30.0,-1.0,True,41.47,2.04,delivered,True
65bf9d96-74f3-4302-b4ce-fc78af78b7ca,254e57ad-98bf-4188-af52-4da5128ae0d8,DASHER_02609,2023-07-15 08:39:00,2023-07-15,2023-07-01,2023,8,Saturday,31,29.0,-2.0,True,23.76,6.62,delivered,True
efecada5-98cf-4fe2-9181-ff3fe5a02e20,0d2de02d-d4b4-41a4-a13f-c9e8d9bf4617,DASHER_00237,2023-05-17 09:19:00,2023-05-17,2023-05-01,2023,9,Wednesday,53,45.0,-8.0,True,19.59,4.29,delivered,True
34461487-ef8f-4bbc-b2e3-972add7ff0b6,db216414-7217-4143-a349-3f6300808c8f,DASHER_04855,2022-04-14 07:03:00,2022-04-14,2022-04-01,2022,7,Thursday,41,47.0,6.0,False,12.73,4.11,delivered,True
4e8e2fb3-3b1d-496e-b59a-2e43a3c0fd1b,c5b8ade8-6efe-4695-b6cf-2a8518d0e122,DASHER_03814,2023-12-30 12:52:00,2023-12-30,2023-12-01,2023,12,Saturday,26,32.0,6.0,False,52.45,4.96,delivered,True
9619873e-baae-4711-8b0a-1e46aed50e90,eb0274f1-06bc-4d4b-ba9e-553b0cb5c0e5,DASHER_03812,2022-07-10 20:58:00,2022-07-10,2022-07-01,2022,20,Sunday,33,28.0,-5.0,True,8.0,2.0,delivered,True
a675c599-e02f-44c6-8140-e1cf27a7e5b6,80fa5fc6-09fd-427a-970e-8383d450afc8,DASHER_02660,2023-06-13 22:25:00,2023-06-13,2023-06-01,2023,22,Tuesday,38,48.0,10.0,False,59.09,4.16,delivered,True
7b0a8d73-e755-49f0-a4ea-2d0d7002787f,8d07db44-04fd-476a-9590-97fccab3e844,DASHER_02855,2022-03-03 06:07:00,2022-03-03,2022-03-01,2022,6,Thursday,29,39.0,10.0,False,22.3,1.71,delivered,True
aa8ce841-d667-45dd-a7bb-20aae683aeb5,32fc6be9-ccc3-4aa3-8a0a-01da90f0ae88,DASHER_03386,2022-08-08 12:41:00,2022-08-08,2022-08-01,2022,12,Monday,32,41.0,9.0,False,33.98,2.66,delivered,True
1f5cd816-2ed6-4a14-94dc-011221e3aa21,db7f1a46-58b9-4624-bc5a-5cc4877ee3a1,DASHER_03531,2023-05-15 17:30:00,2023-05-15,2023-05-01,2023,17,Monday,29,36.0,7.0,False,31.93,6.5,delivered,True
495fc5ea-62b3-4f4b-980f-2c673a809d77,0d517b9e-7b23-4590-a10d-57e102ae6bbd,DASHER_00936,2023-04-29 09:42:00,2023-04-29,2023-04-01,2023,9,Saturday,26,50.0,24.0,False,44.8,5.14,delivered,True
e73153e0-8489-4f87-99b7-c2fef3bcd4e3,8e0244c3-7c97-42d3-bfcf-dacdf9407fdc,DASHER_04900,2024-08-06 12:06:00,2024-08-06,2024-08-01,2024,12,Tuesday,37,31.0,-6.0,True,49.84,6.39,delivered,True
02a63e31-d95a-4226-a8cb-d60f80044ab6,a37a1be3-2ab8-4aa3-be3b-c506e45de798,DASHER_04757,2024-02-16 12:41:00,2024-02-16,2024-02-01,2024,12,Friday,44,42.0,-2.0,True,22.98,7.31,delivered,True
3ef4093a-67df-40d6-9eea-28a65420d23f,aff84c9d-000d-4524-9fe0-567471ef54f2,DASHER_03663,2022-01-01 20:42:00,2022-01-01,2022-01-01,2022,20,Saturday,40,51.0,11.0,False,36.1,3.21,delivered,True
25c65bdc-3f8a-4627-8c8c-0299e1e8138a,d9ca11a3-002a-40dd-ae61-a69334c3a6fa,DASHER_04773,2023-09-16 22:59:00,2023-09-16,2023-09-01,2023,22,Saturday,46,15.0,-31.0,True,45.52,1.05,delivered,True
99e36340-9e6c-4916-91e1-955319d0424a,5c76f01b-cdd1-4c2f-bb23-581dce161f86,DASHER_00435,2024-11-11 14:08:00,2024-11-11,2024-11-01,2024,14,Monday,36,33.0,-3.0,True,47.72,7.84,delivered,True
c0b054e1-907c-47e1-89d7-bd9fac535342,85160969-a600-4bbb-931f-921e8f6ca546,DASHER_02606,2022-08-13 21:55:00,2022-08-13,2022-08-01,2022,21,Saturday,35,47.0,12.0,False,31.6,5.97,delivered,True
0aa8b4a0-d161-46b9-994f-d39919bc8e99,a3696229-b9e6-4ba1-bded-313c5b62dac3,DASHER_03150,2024-04-11 14:34:00,2024-04-11,2024-04-01,2024,14,Thursday,36,43.0,7.0,False,36.35,3.91,delivered,True
0b3dcd8f-7d08-4aeb-86d7-2a7b359f739a,d1d75ce4-bc84-48c7-b70a-cd0d4c53925b,DASHER_03987,2023-08-14 23:42:00,2023-08-14,2023-08-01,2023,23,Monday,28,29.0,1.0,True,30.13,5.6,delivered,True
faf06d1d-dd70-4e3e-8adb-959b022a17ac,5099fcfd-f316-438f-8ac1-7e344eacd601,DASHER_04951,2022-10-06 07:41:00,2022-10-06,2022-10-01,2022,7,Thursday,40,18.0,-22.0,True,47.48,4.17,delivered,True
6e17edd1-6f79-4e69-b670-918da8f533aa,37f2a1e6-67f5-421d-89e0-e3a01465a750,DASHER_04734,2024-05-18 17:28:00,2024-05-18,2024-05-01,2024,17,Saturday,30,24.0,-6.0,True,35.61,4.48,delivered,True
9310013f-6cc1-4095-844f-1c9f4fe54a7a,51926554-6002-417d-bcae-44d868302d68,DASHER_04654,2023-04-30 19:17:00,2023-04-30,2023-04-01,2023,19,Sunday,26,34.0,8.0,False,14.2,5.05,delivered,True
5e15b31d-5cea-4da9-b771-ae8fbd75f5f1,5014fdcd-9788-4159-89ef-8f368961bc92,DASHER_03808,2022-06-13 08:46:00,2022-06-13,2022-06-01,2022,8,Monday,35,12.0,-23.0,True,23.59,4.61,delivered,True
15c4bc33-33c1-4f8e-8923-4b2afe24595f,7fe2f7a2-0bee-45a9-9026-8ebdfe382f3d,DASHER_00639,2024-12-07 21:05:00,2024-12-07,2024-12-01,2024,21,Saturday,35,51.0,16.0,False,20.98,5.05,delivered,True
d26d69c2-35ae-4bc4-84b1-84616ddcf3c2,9f517980-1a5d-47ef-bab6-b81307cd170a,DASHER_04701,2022-04-19 21:34:00,2022-04-19,2022-04-01,2022,21,Tuesday,25,27.0,2.0,True,11.9,6.13,delivered,True
d375cc7c-bc28-4ba4-a79a-415a0ab06d68,b2d4b6cf-b248-43e2-b630-98b0af95fae7,DASHER_02490,2024-05-12 13:51:00,2024-05-12,2024-05-01,2024,13,Sunday,33,39.0,6.0,False,25.71,1.42,delivered,True
75aa5831-c31f-45b2-9f99-2389510d1d28,c044e783-ff82-4f84-bbe0-c6f665bdf0ea,DASHER_00223,2024-08-27 18:36:00,2024-08-27,2024-08-01,2024,18,Tuesday,24,58.0,34.0,False,43.07,3.0,delivered,True
d8d9234e-65dd-4ca9-a458-101ff97faf01,5f3ba672-bb5c-47f6-a06a-6aee121dc288,DASHER_02254,2022-06-18 08:04:00,2022-06-18,2022-06-01,2022,8,Saturday,38,31.0,-7.0,True,30.09,1.77,delivered,True
4a9548fe-93d1-454f-a9f3-96571d3cab9d,992c70c2-77e2-43b7-ba41-6785277c860e,DASHER_01934,2022-12-24 22:47:00,2022-12-24,2022-12-01,2022,22,Saturday,33,40.0,7.0,False,41.77,4.38,delivered,True
ab8624e0-2f7d-4f17-ab26-8e79e875ab97,61ff5a7c-5015-4d1d-b6f4-d055d4abdb92,DASHER_01262,2024-12-16 21:21:00,2024-12-16,2024-12-01,2024,21,Monday,55,52.0,-3.0,True,41.62,3.88,delivered,True
005f3ba0-85bd-4571-a4dc-5de937fd4d7d,0396b29f-8f79-480c-895f-d0894b73af95,DASHER_02826,2024-02-24 10:28:00,2024-02-24,2024-02-01,2024,10,Saturday,23,22.0,-1.0,True,19.53,1.37,delivered,True
3c6a0567-b4af-4be0-b8e4-b05905b814f9,a2533c2d-c9e2-4a8e-a1be-6c8753c88f7a,DASHER_04362,2023-06-26 20:07:00,2023-06-26,2023-06-01,2023,20,Monday,43,47.0,4.0,True,30.83,3.72,delivered,True
03e60cf8-abf6-42ec-a3d4-17e4ea3ed8c8,4b55122b-920d-46f2-91c8-d1e3c3dff7e8,DASHER_02586,2023-06-22 08:55:00,2023-06-22,2023-06-01,2023,8,Thursday,47,38.0,-9.0,True,33.44,7.72,delivered,True
92d271a8-c32f-4263-9444-f3ff821b9d5a,c46d381c-28e1-4ad1-a90f-63d75b58b38e,DASHER_02233,2022-03-26 07:34:00,2022-03-26,2022-03-01,2022,7,Saturday,21,10.0,-22.0,True,22.48,1.68,delivered,True
119d3453-1f10-4b9d-b920-5fd7cb1a4974,1a4d1ae8-8c07-451c-a1b2-495d2ad297ce,DASHER_04259,2024-03-12 16:43:00,2024-03-12,2024-03-01,2024,16,Tuesday,40,40.0,0.0,True,8.0,3.35,delivered,True
ec84df01-825c-47a9-bf11-276cfd023131,3e5f8ca8-dd5c-485a-a827-1a8b3404dc65,DASHER_04302,2023-01-04 12:00:00,2023-01-04,2023-01-01,2023,12,Wednesday,27,,,,41.45,2.53,cancelled,True
735c26c8-8ad9-4588-a0c6-51524159c37c,530282f3-48d2-4fd5-9c91-e2915a3de69e,DASHER_01776,2023-08-04 11:02:00,2023-08-04,2023-08-01,2023,11,Friday,40,45.0,5.0,True,29.48,7.64,delivered,True
8abd71fc-eb12-4ca7-9e8f-36e4e20dc423,5e0405cc-e039-43c1-9654-c2b16d645bd6,DASHER_04637,2022-09-07 19:07:00,2022-09-07,2022-09-01,2022,19,Wednesday,44,52.0,8.0,False,31.65,1.77,delivered,True
c4565c49-cdf6-4439-b75c-28bb9f7385c2,a79caa7f-78f3-46de-9b81-7cb27adce251,DASHER_03497,2023-01-13 11:29:00,2023-01-13,2023-01-01,2023,11,Friday,30,28.0,-2.0,True,23.46,5.84,delivered,True
a93e832b-c9a3-4c37-b7d2-fb498d3e6dc6,c0b392a4-36ba-4891-af63-1be5a87005bc,DASHER_00492,2023-10-25 11:49:00,2023-10-25,2023-10-01,2023,11,Wednesday,47,56.0,9.0,False,27.08,2.24,delivered,True
c80bfd88-39c6-4433-89ff-00a48574b701,3676ce48-4d9e-4aee-86a1-16121f7866d1,DASHER_01178,2022-05-23 16:59:00,2022-05-23,2022-05-01,2022,16,Monday,49,52.0,3.0,True,42.77,4.77,delivered,True
2d830034-afc1-4472-acce-2455b84a44e7,ed62a955-3f64-4b53-8156-6e46d7e34c36,DASHER_00597,2024-06-02 10:41:00,2024-06-02,2024-06-01,2024,10,Sunday,41,49.0,8.0,False,50.36,6.43,delivered,True
cbb6b688-58ab-497d-b4ec-0e6147157269,9f5a8632-4d88-4041-bb05-0b90e06c8c98,DASHER_02182,2022-02-08 21:09:00,2022-02-08,2022-02-01,2022,21,Tuesday,40,,,,27.99,2.05,cancelled,True
1917e5da-f7fa-409e-b90c-ed18946fdd53,6ad7ce01-4de8-47a6-82b0-f4a8fb6685d7,DASHER_03572,2023-11-07 21:36:00,2023-11-07,2023-11-01,2023,21,Tuesday,47,47.0,0.0,True,8.58,6.68,delivered,True
a47c3247-8cb0-4f2a-ae9b-c3a312a18763,8d302156-6612-4355-beb7-629fa83b3943,DASHER_04646,2022-05-24 17:00:00,2022-05-24,2022-05-01,2022,17,Tuesday,42,29.0,-13.0,True,43.73,4.74,delivered,True
1f6f286c-1591-4da5-864d-b2f2d3ce4df0,ffd216cb-0413-4779-a2c4-8aa74e39ec4e,DASHER_02992,2024-01-06 12:19:00,2024-01-06,2024-01-01,2024,12,Saturday,25,34.0,9.0,False,8.0,1.55,delivered,True
33347384-c498-4c0f-86f4-b4ac6e8264cf,aca289dd-77d7-4c9d-ae4c-504251e977e0,DASHER_01564,2024-07-30 20:18:00,2024-07-30,2024-07-01,2024,20,Tuesday,30,,,,21.01,3.08,cancelled,True
a78b5ce2-e786-40be-83bc-014014a39e75,0ea0a782-67ec-4af6-919e-3cd79a0b6ae6,DASHER_01552,2024-03-09 21:40:00,2024-03-09,2024-03-01,2024,21,Saturday,31,19.0,-12.0,True,34.77,6.03,delivered,True
5783a412-df22-4ec4-86ad-29ac4f7fb4ea,17e18527-ce74-4867-9e88-9018fed493c3,DASHER_03680,2023-05-04 16:04:00,2023-05-04,2023-05-01,2023,16,Thursday,39,43.0,4.0,True,8.0,7.76,delivered,True
8dace232-b2b1-4b58-81af-70850269e92b,d45c8cec-fe1f-4a5c-a776-a3acf6dc6b7c,DASHER_04285,2022-02-03 03:03:00,2022-02-03,2022-02-01,2022,3,Thursday,28,44.0,16.0,False,8.0,7.11,delivered,True
c8a5d1cc-9d0d-4ade-bd0b-f034fcd6eaa8,3e615fe9-f6eb-4d9c-8e58-66031363460a,DASHER_00156,2022-11-02 20:14:00,2022-11-02,2022-11-01,2022,20,Wednesday,38,40.0,2.0,True,26.63,4.29,delivered,True
840ec46c-0e60-48d5-803b-2f2ed44c938f,00d06576-a313-4f5c-a319-06f7494f0357,DASHER_00797,2022-04-04 10:41:00,2022-04-04,2022-04-01,2022,10,Monday,38,43.0,5.0,True,19.67,5.13,delivered,True
665a8121-b8c6-4c99-ad65-a7642fd14e6c,edb795f2-99fa-41ec-ae8c-f7e5c26f025a,DASHER_02763,2022-08-06 08:38:00,2022-08-06,2022-08-01,2022,8,Saturday,36,38.0,2.0,True,18.41,6.67,delivered,True
1209e9a8-81a2-41b1-bffb-539a4fa56c7f,859e8489-c9dc-45c2-9337-5d2d16b39129,DASHER_01746,2024-04-03 12:43:00,2024-04-03,2024-04-01,2024,12,Wednesday,31,29.0,-2.0,True,30.3,3.34,delivered,True
be06877d-4e27-4dc1-9a7a-1c58846b8b13,48a42d3b-cbd2-439a-b8d5-153559390b2a,DASHER_01995,2022-09-05 11:48:00,2022-09-05,2022-09-01,2022,11,Monday,24,10.0,-15.0,True,40.27,7.47,delivered,True
ee7ecdc7-2b4d-4390-8578-d90c01c62613,9118ba18-f69f-48f6-9135-9c5cf3d5a515,DASHER_03989,2022-03-25 08:50:00,2022-03-25,2022-03-01,2022,8,Friday,41,28.0,-13.0,True,30.08,7.47,delivered,True
c796e9e0-cf18-4f33-a587-02dd541b55be,544dc4f9-eafb-4a68-b59b-cc7d0b05533d,DASHER_02219,2023-08-05 14:51:00,2023-08-05,2023-08-01,2023,14,Saturday,35,38.0,3.0,True,12.04,4.65,delivered,True
ccce13df-a239-4dca-ba58-e13ffc5d1a90,4c34dbf0-0d16-429e-910b-9184e99eb21b,DASHER_00721,2024-04-23 10:11:00,2024-04-23,2024-04-01,2024,10,Tuesday,33,31.0,-2.0,True,10.23,3.42,delivered,True
4d0ee474-e9ae-4e5a-989e-ead4b0f54d21,90b7f69f-913f-4b62-91ad-b97ddd983e7e,DASHER_04421,2022-01-10 17:12:00,2022-01-10,2022-01-01,2022,17,Monday,24,34.0,10.0,False,40.91,4.54,delivered,True
3d4150a0-d492-40d4-bab1-a95360c3be99,ba26014e-c55f-4237-bb6e-f24b820912f2,DASHER_03886,2024-08-08 20:42:00,2024-08-08,2024-08-01,2024,20,Thursday,35,38.0,3.0,True,19.65,7.45,delivered,True
43a8e30f-fe22-418f-9aae-c0dd8f4c93ac,041225a4-95df-4e78-8d09-49e0bb132be5,DASHER_03712,2022-04-21 18:18:00,2022-04-21,2022-04-01,2022,18,Thursday,35,37.0,2.0,True,39.55,1.29,delivered,True
d93b7a7b-6409-4558-8fd7-1ef2ee4f646f,d9dbed11-36ab-48ae-aa8e-6e7e69ec58d6,DASHER_01927,2022-04-18 22:11:00,2022-04-18,2022-04-01,2022,22,Monday,36,38.0,2.0,True,24.91,3.27,delivered,True
d0aac831-0a22-45ce-b1d1-69cd4ccdd6e9,3e5f8ca8-dd5c-485a-a827-1a8b3404dc65,DASHER_01942,2023-02-12 20:57:00,2023-02-12,2023-02-01,2023,20,Sunday,24,15.0,-9.0,True,51.67,6.15,delivered,True
a4217cf7-15e7-4341-8f06-6bce6b60f0b1,6e93963b-12b4-4856-a6a4-15e444bdf9e9,DASHER_01187,2023-02-14 13:14:00,2023-02-14,2023-02-01,2023,13,Tuesday,44,51.0,7.0,False,32.84,2.24,delivered,True
afb0f49f-f451-4ecb-bd44-71b42ce58825,716d7f96-13b2-4745-a33d-f27a5541cc7f,DASHER_01042,2024-02-04 08:46:00,2024-02-04,2024-02-01,2024,8,Sunday,45,48.0,3.0,True,41.78,1.21,delivered,True
94109e4d-c977-4149-81b2-018f18491b4b,fc3b7f42-e086-488b-b614-384b32455509,DASHER_01801,2022-05-03 11:07:00,2022-05-03,2022-05-01,2022,11,Tuesday,40,30.0,-10.0,True,43.93,6.52,delivered,True
b80aa76c-91cb-4d08-930c-446cfdbb193b,a1d44269-970b-41b1-b744-3e296a8e9068,DASHER_01773,2022-12-15 18:35:00,2022-12-15,2022-12-01,2022,18,Thursday,27,30.0,3.0,True,23.46,5.13,delivered,True
c263c6c9-ed2a-45a6-b960-64c3ba32c64e,29cfa68f-6c67-4124-bb7a-bc09beb52b88,DASHER_04746,2024-08-05 11:46:00,2024-08-05,2024-08-01,2024,11,Monday,20,30.0,10.0,False,34.43,7.61,delivered,True
fc79b65c-a0dc-49e9-9693-d3b9bad8f29d,c98e2d4e-6ae8-4bd0-92f9-59e7627569b5,DASHER_03487,2022-01-11 14:02:00,2022-01-11,2022-01-01,2022,14,Tuesday,53,66.0,13.0,False,32.71,4.71,delivered,True
0c522218-08ba-44f8-9837-bc534e05b788,26ad685f-907b-44ce-857e-74e92833aa77,DASHER_00101,2024-09-08 20:44:00,2024-09-08,2024-09-01,2024,20,Sunday,38,27.0,-11.0,True,23.14,2.52,delivered,True
11576955-7728-4b18-b167-3b1e793db626,b5eebd4c-570a-4fbe-9da5-dc1304086d5b,DASHER_03762,2024-01-05 12:41:00,2024-01-05,2024-01-01,2024,12,Friday,27,29.0,2.0,True,28.48,7.0,delivered,True
23861f66-04be-489b-bb00-81a440350a7e,b9b4fd91-f720-4dfa-9af5-1e741277731d,DASHER_03034,2022-02-19 23:29:00,2022-02-19,2022-02-01,2022,23,Saturday,37,13.0,-24.0,True,12.14,1.0,delivered,True
5c6baa5d-194f-45ff-946c-13265254b118,0d861420-d9bb-4cbf-88e2-fbf99de9e45c,DASHER_04443,2022-05-25 14:44:00,2022-05-25,2022-05-01,2022,14,Wednesday,26,25.0,-1.0,True,31.86,5.02,delivered,True
0fa8a566-bc8c-408e-9673-ecf6e23ec17a,65a6c396-e722-469f-b0a7-be6c51fcdad2,DASHER_02981,2023-03-01 20:05:00,2023-03-01,2023-03-01,2023,20,Wednesday,29,22.0,-7.0,True,34.05,3.55,delivered,True
df981e1f-bbd7-46af-aaa9-d18dc62ed8d9,532b5dc6-cfaf-4ac2-a524-54e04c5e6913,DASHER_01677,2022-03-25 13:11:00,2022-03-25,2022-03-01,2022,13,Friday,32,21.0,-11.0,True,9.7,1.96,delivered,True
558db861-154e-4493-8c47-d2540a70fa50,d7a8993e-9fb0-4cce-a638-5c0d6d8ab99d,DASHER_01718,2023-11-17 10:07:00,2023-11-17,2023-11-01,2023,10,Friday,27,12.0,-15.0,True,29.01,3.23,delivered,True
3f78f7d2-2af3-41a1-966c-fbc0680e7906,27df9f59-ff34-4400-86d8-a118ed563a65,DASHER_04107,2023-07-02 16:27:00,2023-07-02,2023-07-01,2023,16,Sunday,21,21.0,0.0,True,33.85,4.68,delivered,True
1579b18a-6234-4484-9c34-a5043d046817,166c4f60-ee78-432b-8fcf-7cb3effa9d96,DASHER_03015,2022-09-09 16:34:00,2022-09-09,2022-09-01,2022,16,Friday,30,17.0,-13.0,True,39.66,6.65,delivered,True
22c62f84-e833-448d-9018-08fa33120d11,af89d1fc-2651-4805-b449-9654f04e2dfa,DASHER_00630,2022-05-15 09:56:00,2022-05-15,2022-05-01,2022,9,Sunday,16,12.0,-4.0,True,30.1,1.76,delivered,True
56cf789d-403a-410a-b0e0-297c9a3c0f3b,bd1a98c3-6712-4fb2-a8ba-8ca349d7af5d,DASHER_00185,2023-07-20 08:09:00,2023-07-20,2023-07-01,2023,8,Thursday,18,18.0,0.0,True,17.88,4.78,delivered,True
c58c091a-8ad1-4b14-a0e3-6c3886ac6e45,32cea1a5-5839-46e8-a7c5-a6b5400897cb,DASHER_00180,2022-09-28 16:26:00,2022-09-28,2022-09-01,2022,16,Wednesday,55,39.0,-16.0,True,35.95,7.09,delivered,True
340c9ab5-d4ef-4d90-9ae5-6cde78f17673,4ec9fe38-9d1f-4f7d-96f3-4d4149e45e97,DASHER_02673,2023-04-21 21:33:00,2023-04-21,2023-04-01,2023,21,Friday,29,20.0,-9.0,True,8.0,4.7,delivered,True
3c391c0f-d5c1-48a5-84a3-aeb8eb045109,dab75cbd-cdf2-44ae-897c-7f6942d8f105,DASHER_01857,2024-06-30 15:36:00,2024-06-30,2024-06-01,2024,15,Sunday,36,50.0,14.0,False,48.02,4.38,delivered,True
ebd08439-ca62-494c-b23e-663fdcee7c92,90fad54d-5356-4748-a873-66024d5fd74f,DASHER_01317,2023-08-14 20:03:00,2023-08-14,2023-08-01,2023,20,Monday,38,45.0,7.0,False,25.58,7.8,delivered,True
ba9c8ca5-47df-4cec-a3de-5966af75c30c,f39ee359-15d3-4ef1-a197-01c1f7351a43,DASHER_03028,2022-11-11 09:07:00,2022-11-11,2022-11-01,2022,9,Friday,28,38.0,10.0,False,31.85,2.28,delivered,True
71dcedf7-74bc-435a-9ecb-5cc3f5c27c0a,1d1688e0-de22-483b-aaf1-c0268cb69643,DASHER_02470,2022-03-13 19:22:00,2022-03-13,2022-03-01,2022,19,Sunday,40,50.0,10.0,False,30.94,7.51,delivered,True
91293143-c385-4ed1-9e57-8d72fe205fcb,a14be992-9251-4871-bba6-babba45ba841,DASHER_04156,2022-10-25 22:59:00,2022-10-25,2022-10-01,2022,22,Tuesday,36,36.0,0.0,True,29.76,3.31,delivered,True
5b854114-231c-418d-8825-0aa0521c424d,98950463-b9e8-4a60-956c-1c6be4c6b8a5,DASHER_01204,2023-08-29 16:18:00,2023-08-29,2023-08-01,2023,16,Tuesday,48,45.0,-3.0,True,35.92,7.45,delivered,True
043c8939-04cc-49a1-844b-4df33a2cdb82,ca6ea88e-5ed7-41c7-bc32-9a896a9160e8,DASHER_02523,2023-11-25 19:46:00,2023-11-25,2023-11-01,2023,19,Saturday,22,19.0,-3.0,True,29.06,1.16,delivered,True
e7ddfa6c-e5a3-4089-b747-f9d05df7bff1,f15a9b0f-3e7f-495a-84b1-132b58f43c4c,DASHER_01819,2023-03-28 15:05:00,2023-03-28,2023-03-01,2023,15,Tuesday,29,43.0,14.0,False,33.5,2.36,delivered,True
f2874b8b-13a8-4e4e-87a4-672c25c28c19,14502461-2f7f-4cd1-b291-814efd75938d,DASHER_01592,2022-06-21 17:28:00,2022-06-21,2022-06-01,2022,17,Tuesday,21,10.0,-13.0,True,8.0,4.42,delivered,True
2b345028-fea3-4669-8180-ba9b7ce66938,3b71d12e-8a83-4316-bb97-de36877b4f00,DASHER_03028,2024-11-13 22:58:00,2024-11-13,2024-11-01,2024,22,Wednesday,30,20.0,-10.0,True,26.73,3.4,delivered,True
6b674378-81bb-4417-8ef5-1f081889e84d,aa743637-010b-4033-9774-3e2e956bf8b5,DASHER_03404,2023-09-23 23:55:00,2023-09-23,2023-09-01,2023,23,Saturday,35,28.0,-7.0,True,24.59,6.62,delivered,True
2dcd1579-fad5-4b18-987a-e01bb690f539,d12306f1-094a-46f5-9d6c-c440ffab1f29,DASHER_04810,2023-08-15 09:46:00,2023-08-15,2023-08-01,2023,9,Tuesday,43,41.0,-2.0,True,21.68,3.11,delivered,True
481a759e-48df-4b0b-a8bc-82a26566379d,fc4fcbc8-e42f-4c5b-87e1-4ac14d86a4a5,DASHER_03354,2024-12-11 23:04:00,2024-12-11,2024-12-01,2024,23,Wednesday,32,46.0,14.0,False,20.32,5.46,delivered,True
b82ad40f-6b94-4254-8f9f-a600c9070a66,800e83dc-a886-436c-a66c-942efdbaf80e,DASHER_01523,2023-07-14 14:35:00,2023-07-14,2023-07-01,2023,14,Friday,24,27.0,3.0,True,34.63,4.42,delivered,True
8cc7f007-3d6d-48d8-bc54-5986dac8c8d1,6cc9541b-be03-494c-a3a2-2ca8a4e403be,DASHER_00020,2023-09-11 21:19:00,2023-09-11,2023-09-01,2023,21,Monday,29,10.0,-19.0,True,29.41,2.07,delivered,True
da7b3a33-e683-4525-934c-f506c6e49b0c,8c5d5ee6-73b8-44a8-b3cb-29a7017ae18a,DASHER_03417,2023-09-07 22:53:00,2023-09-07,2023-09-01,2023,22,Thursday,32,28.0,-4.0,True,42.53,5.5,delivered,True
621a0bf7-3249-4e74-9e25-40996b00ec0e,a50eb278-a945-49b0-b260-d1171d1f3a71,DASHER_04760,2022-02-28 08:17:00,2022-02-28,2022-02-01,2022,8,Monday,50,19.0,-31.0,True,30.24,4.35,delivered,True
889f953d-07cc-490b-bd1a-17be52fa1fe1,2d2986c8-68ca-402f-9b94-9af660bab7fe,DASHER_04198,2024-06-12 21:40:00,2024-06-12,2024-06-01,2024,21,Wednesday,26,10.0,-29.0,True,28.2,2.81,delivered,True
7e20d663-c825-4eda-a129-3f9dda5286e4,1fe4bd72-8e77-4118-a0b3-00da4a70fa25,DASHER_02958,2022-04-30 08:29:00,2022-04-30,2022-04-01,2022,8,Saturday,33,37.0,4.0,True,22.9,3.93,delivered,True
b2ee2a3d-6482-40be-8351-fad1e632048c,02c4fa7d-b7ff-4a74-a580-63dfb288527d,DASHER_01501,2023-12-31 04:18:00,2023-12-31,2023-12-01,2023,4,Sunday,16,11.0,-5.0,True,30.37,2.16,delivered,True
92df1c4b-b552-4bb8-81d4-a3326f813d9f,e7352eaa-c694-44a5-a670-e944f17914f0,DASHER_02969,2023-10-23 21:52:00,2023-10-23,2023-10-01,2023,21,Monday,24,36.0,12.0,False,8.0,1.66,delivered,True
ce9a129e-c51a-46ba-aff6-93e516f4ef47,2bd1c419-623d-4538-a0b6-8dd2eeee934b,DASHER_02787,2023-12-22 20:00:00,2023-12-22,2023-12-01,2023,20,Friday,39,46.0,7.0,False,36.37,2.52,delivered,True
fa6f93b3-7726-4712-b1ae-b056b2064fb0,771d089e-5466-4394-9774-5bf708797842,DASHER_04306,2024-10-27 10:12:00,2024-10-27,2024-10-01,2024,10,Sunday,32,36.0,4.0,True,10.08,6.91,delivered,True
aefc4bda-b9d0-48b8-81a0-02ed203164cd,4c53a8cf-a625-4c95-8616-b668b5fd747d,DASHER_02852,2022-08-22 14:58:00,2022-08-22,2022-08-01,2022,14,Monday,48,58.0,10.0,False,23.13,6.71,delivered,True
93151be3-a33e-4528-b166-a146fc7dc3a5,32a762e9-7717-476c-84fa-e982795d702a,DASHER_01821,2024-12-07 20:21:00,2024-12-07,2024-12-01,2024,20,Saturday,42,46.0,4.0,True,39.79,1.89,delivered,True
1f1b1837-299f-45ea-8a4e-7c31822d6591,1b673978-6110-45ed-8638-3dc37a269223,DASHER_00915,2022-10-19 19:19:00,2022-10-19,2022-10-01,2022,19,Wednesday,37,41.0,4.0,True,51.37,6.29,delivered,True
8cc34249-dc1a-436d-b950-b18f15c2aff5,98083e27-c9e6-4b34-8fa3-af3252572fb6,DASHER_02072,2022-03-29 09:02:00,2022-03-29,2022-03-01,2022,9,Tuesday,41,44.0,3.0,True,11.15,1.29,delivered,True
fe5fe2ac-4130-454b-91e8-81a06a75cffb,61393ab1-25bf-4281-9b35-eff55f0ed03b,DASHER_01638,2023-09-10 19:48:00,2023-09-10,2023-09-01,2023,19,Sunday,38,41.0,3.0,True,34.06,1.63,delivered,True
f63fcc95-9f4b-48de-8a7c-388ab6601590,2f9a2f5b-dbcd-4cdb-813d-d62ffe6140d6,DASHER_01981,2023-07-23 22:22:00,2023-07-23,2023-07-01,2023,22,Sunday,41,27.0,-14.0,True,52.11,4.52,delivered,True
6eb4ea95-62d2-4040-8b32-fd1e649d7e05,d71482aa-0d9e-4360-8992-3eab6a40e50d,DASHER_02308,2022-05-20 07:37:00,2022-05-20,2022-05-01,2022,7,Friday,35,21.0,-14.0,True,40.36,1.02,delivered,True
d13f1b4d-c795-4e4a-ab88-dba1507b049f,4c2b9abf-bdc0-4c0b-a733-764baa4400b7,DASHER_01516,2022-07-22 22:58:00,2022-07-22,2022-07-01,2022,22,Friday,46,28.0,-18.0,True,27.88,4.07,delivered,True
34be7e6c-899d-440f-ba64-a2a786770645,87c0b411-61a9-4921-ace6-94942ade1247,DASHER_00924,2022-08-08 09:22:00,2022-08-08,2022-08-01,2022,9,Monday,43,42.0,-1.0,True,29.43,4.25,delivered,True
9c37cf53-5d7a-4866-8e88-8ea300dc2ad5,6e2518b1-a6a5-4eb5-aa21-6623cec2a451,DASHER_02687,2024-11-30 08:48:00,2024-11-30,2024-11-01,2024,8,Saturday,28,22.0,-6.0,True,37.97,4.45,delivered,True
ab4aa169-20e4-4ed3-88dd-b9e76209d6f7,96319705-637d-48ce-9de5-1b8c07d551f6,DASHER_04537,2024-02-28 11:38:00,2024-02-28,2024-02-01,2024,11,Wednesday,33,15.0,-18.0,True,8.0,3.99,delivered,True
c61c04f9-7da0-419e-a239-9fb548412d52,f6a5829b-7783-4f62-87e9-8514484e1362,DASHER_04027,2022-05-23 21:51:00,2022-05-23,2022-05-01,2022,21,Monday,47,30.0,-17.0,True,31.94,5.69,delivered,True
04b05415-4c2b-4f76-bf30-87ac4b99f7ee,96060ead-4793-4cbe-869c-f2dc3e186cdc,DASHER_04837,2024-03-22 15:42:00,2024-03-22,2024-03-01,2024,15,Friday,33,28.0,-5.0,True,52.93,7.24,delivered,True
328bcaa3-4f28-47c8-b8ed-8670a0baa9f0,0e9dd086-3e85-4a97-be94-d44552d2af83,DASHER_01907,2022-12-12 06:12:00,2022-12-12,2022-12-01,2022,6,Monday,33,25.0,-8.0,True,45.62,6.86,delivered,True
a3185595-9732-4d99-b91d-f3a7d4402085,f302725f-3e99-4a64-8193-4fa68dfb2542,DASHER_03278,2024-10-19 11:45:00,2024-10-19,2024-10-01,2024,11,Saturday,36,20.0,-16.0,True,14.75,7.64,delivered,True
e684158d-2f97-4c4e-8725-c934ccfbb891,ebb42deb-0250-485d-846a-f81180bfb977,DASHER_01890,2024-09-19 17:09:00,2024-09-19,2024-09-01,2024,17,Thursday,44,44.0,0.0,True,21.37,5.39,delivered,True
c3d33150-80db-4191-847e-e3f42107bf72,e444ac6b-8617-42b4-9b4f-543cb7e811ff,DASHER_01467,2022-10-03 02:47:00,2022-10-03,2022-10-01,2022,2,Monday,37,38.0,1.0,True,11.76,2.06,delivered,True
980a9f19-2a80-4d61-bc3c-df233a7ad6dc,d9138c95-e89b-4295-9646-255cfce2c50e,DASHER_02404,2022-07-17 20:42:00,2022-07-17,2022-07-01,2022,20,Sunday,43,43.0,0.0,True,8.0,5.62,delivered,True
2f1f0232-3b80-4d6e-ab0b-55394312fe33,771d089e-5466-4394-9774-5bf708797842,DASHER_00258,2024-10-01 16:34:00,2024-10-01,2024-10-01,2024,16,Tuesday,26,45.0,19.0,False,59.34,1.82,delivered,True
07138daf-5a57-42ed-9725-45138f0fa537,7d77f3d5-9661-4a48-bc50-276af59798f0,DASHER_02482,2024-07-10 12:24:00,2024-07-10,2024-07-01,2024,12,Wednesday,34,31.0,-3.0,True,29.93,7.18,delivered,True
f6e332cb-3296-45e3-b3f8-9d61503b0eb7,f4f803e7-29ba-47bf-abd8-b912eae3ed21,DASHER_04018,2022-12-03 16:08:00,2022-12-03,2022-12-01,2022,16,Saturday,31,42.0,11.0,False,16.29,5.0,delivered,True
800c61be-17ba-4ae2-8a77-f8f4e7057120,ea1f0a2b-ce6e-4c5f-a360-b1dcafe7b5f4,DASHER_03094,2024-09-01 17:10:00,2024-09-01,2024-09-01,2024,17,Sunday,24,13.0,-11.0,True,27.87,5.31,delivered,True
ab67d8c9-d5fd-404c-bb29-53828187ed51,0616afaf-dcdd-4e7d-8181-6c6fd8f47fe9,DASHER_03001,2023-12-24 20:18:00,2023-12-24,2023-12-01,2023,20,Sunday,34,36.0,2.0,True,14.13,1.18,delivered,True
05f332ab-7579-4045-af4f-22671605d5d4,cc86ffe0-902e-4790-87df-41573291b731,DASHER_02000,2023-11-30 14:27:00,2023-11-30,2023-11-01,2023,14,Thursday,45,39.0,-6.0,True,40.16,2.72,delivered,True
b57bbef8-3dc9-4cff-b3db-1a177efef216,d52048a8-b154-4296-87cb-62f47566d74d,DASHER_00161,2023-10-02 18:58:00,2023-10-02,2023-10-01,2023,18,Monday,28,10.0,-22.0,True,24.48,5.59,delivered,True
b163e516-734b-437a-bc66-91cb524a4be9,6ca2dd9f-e5bc-4212-ac40-7db6e0cc3f01,DASHER_02592,2024-05-15 17:57:00,2024-05-15,2024-05-01,2024,17,Wednesday,34,32.0,-2.0,True,29.95,3.63,delivered,True
0270b6a1-9d54-46c4-b44b-cbd3fd91f76c,5f7ddc41-9e67-45ad-a75d-897c55c1edd9,DASHER_04069,2024-03-10 12:06:00,2024-03-10,2024-03-01,2024,12,Sunday,36,31.0,-5.0,True,8.0,3.37,delivered,True
9fd93ac4-cf0b-4bac-b24e-b8df3eef497a,71895e3a-9fce-476d-a163-6b93020d207a,DASHER_04389,2023-09-06 13:27:00,2023-09-06,2023-09-01,2023,13,Wednesday,34,39.0,5.0,True,48.84,2.49,delivered,True
e523ead0-096e-4fec-887b-5bcdb37f236c,50cff78b-74fd-420c-b5fb-700c125e9c8f,DASHER_04736,2023-06-28 04:36:00,2023-06-28,2023-06-01,2023,4,Wednesday,30,34.0,4.0,True,39.76,1.46,delivered,True
75771325-718f-4ccb-b34e-02ffce10a15e,793f5872-537f-4f46-b964-ffe94fb8e587,DASHER_02456,2024-12-23 16:13:00,2024-12-23,2024-12-01,2024,16,Monday,39,37.0,-2.0,True,33.41,4.02,delivered,True
62c9b77a-e07b-47d8-8a90-ea2a45b9ee61,d7ef7662-a859-44a0-b209-c2b4f7d820ac,DASHER_01479,2023-10-04 10:25:00,2023-10-04,2023-10-01,2023,10,Wednesday,34,48.0,14.0,False,43.96,4.6,delivered,True
ae9f3985-b7a8-4818-9d4e-60d17c254b33,c6dcddeb-ce50-4190-ae74-d9b8edef74f4,DASHER_04364,2023-01-18 18:13:00,2023-01-18,2023-01-01,2023,18,Wednesday,27,16.0,-11.0,True,8.0,6.65,delivered,True
794acdb2-3351-44fb-ad32-8bb6ae591efb,99bc29c5-806a-43ff-b5ce-f3927cfe0e08,DASHER_01969,2024-06-07 22:46:00,2024-06-07,2024-06-01,2024,22,Friday,28,18.0,-10.0,True,41.85,3.09,delivered,True
50a372b4-9668-4ff7-b65b-10ac61a2968f,4b782209-9c16-478c-a37a-049d2e528cd1,DASHER_02186,2024-06-10 14:55:00,2024-06-10,2024-06-01,2024,14,Monday,44,46.0,2.0,True,23.71,6.76,delivered,True
df9fffea-165a-405b-be85-f4f74d9c110a,4daaaf46-2989-43e6-a830-320e07f5761a,DASHER_02011,2022-11-25 11:38:00,2022-11-25,2022-11-01,2022,11,Friday,35,43.0,8.0,False,32.27,4.39,delivered,True
1de52d61-c55f-440e-9180-f0fc936428f1,0d286e68-7e86-434f-b66a-37d964835249,DASHER_02275,2024-06-12 15:57:00,2024-06-12,2024-06-01,2024,15,Wednesday,28,34.0,6.0,False,30.54,5.6,delivered,True
216910a6-0e6b-49d8-bbb0-e70900ba96f3,77432ed4-b6e5-48a3-abef-3838d91d0435,DASHER_00687,2022-12-27 18:02:00,2022-12-27,2022-12-01,2022,18,Tuesday,43,,,,23.57,1.44,cancelled,True
91e401c5-589c-41d2-a5d1-c4f3990a1f83,2d700e6c-01a1-4142-b5b3-cf99305e822c,DASHER_01151,2024-04-13 21:42:00,2024-04-13,2024-04-01,2024,21,Saturday,41,39.0,-2.0,True,23.05,2.64,delivered,True
57c87e9d-9676-4560-b689-e4a9ca3124bb,a08778b4-f199-4878-a9bc-54141258d887,DASHER_02062,2024-10-21 22:33:00,2024-10-21,2024-10-01,2024,22,Monday,29,16.0,-13.0,True,21.98,5.19,delivered,True
4dc0ea60-812e-407d-8482-782140cbaad8,d21af797-41be-4869-8354-44ecd391c8e2,DASHER_03464,2023-10-04 12:37:00,2023-10-04,2023-10-01,2023,12,Wednesday,35,34.0,-1.0,True,8.0,2.52,delivered,True
0bb26936-7cc3-46b6-a35f-125f7691ae85,bd4ddf74-8039-4890-ad6d-638b1ec808fc,DASHER_04370,2022-08-07 09:17:00,2022-08-07,2022-08-01,2022,9,Sunday,29,32.0,3.0,True,8.0,3.21,delivered,True
2d3325cf-5e78-4c74-b93d-7f5ff3ef38aa,026b6737-b3c6-42e1-951e-5e7b13eaeb19,DASHER_03893,2024-05-17 16:15:00,2024-05-17,2024-05-01,2024,16,Friday,48,72.0,24.0,False,21.45,6.0,delivered,True
a457c972-1484-4856-84b4-f3ca73e70249,30e775f8-8f19-46a4-8e36-914e5643e99c,DASHER_00447,2023-09-24 02:57:00,2023-09-24,2023-09-01,2023,2,Sunday,22,10.0,-14.0,True,18.87,2.67,delivered,True
290823ea-ca2d-4c8d-a466-88ec2a4faaa0,1ff0321c-7fbe-4445-b1f0-4fa06ee52a6c,DASHER_01936,2024-02-27 12:44:00,2024-02-27,2024-02-01,2024,12,Tuesday,21,10.0,-14.0,True,49.32,6.99,delivered,True
39200875-5ecb-4a4d-90a5-fdccd999be60,60ab67b9-0ab8-4314-93a3-6389c84d5ab3,DASHER_01928,2024-03-06 00:25:00,2024-03-06,2024-03-01,2024,0,Wednesday,51,40.0,-11.0,True,19.78,2.11,delivered,True
0befafe4-490c-46b8-b315-26bc346c4f94,bafb9902-adfd-4c54-9be6-6d44e7e139c4,DASHER_00656,2024-06-17 18:56:00,2024-06-17,2024-06-01,2024,18,Monday,50,56.0,6.0,False,8.56,6.75,delivered,True
993b1778-341e-47cb-a2db-df76d4a70230,99bc508f-4b7d-4bbd-b8be-e4182a349f8c,DASHER_00822,2024-10-03 16:26:00,2024-10-03,2024-10-01,2024,16,Thursday,41,37.0,-4.0,True,38.97,4.53,delivered,True
e451d321-273e-4221-b3af-56d0373f862b,4daaaf46-2989-43e6-a830-320e07f5761a,DASHER_00426,2023-12-22 15:46:00,2023-12-22,2023-12-01,2023,15,Friday,23,30.0,7.0,False,8.0,5.48,delivered,True
41d9fe1a-6e54-4b6d-8b4c-e4cc0b924bfc,1e2d819e-3804-4a56-a578-6a30f8a0e9ce,DASHER_02570,2023-01-12 18:50:00,2023-01-12,2023-01-01,2023,18,Thursday,34,34.0,0.0,True,22.04,2.74,delivered,True
96231362-e995-4036-8124-09c310002a8d,cbd4ab1e-1a50-47aa-abec-59c876bd8f9e,DASHER_01093,2022-09-24 21:43:00,2022-09-24,2022-09-01,2022,21,Saturday,33,10.0,-24.0,True,47.47,2.81,delivered,True
d3b1f168-ec77-4a0f-bcec-0cecdea47ee2,6b4608d5-3dcb-4ea8-bafa-31268435c79a,DASHER_04672,2023-11-02 20:12:00,2023-11-02,2023-11-01,2023,20,Thursday,41,46.0,5.0,True,34.32,7.45,delivered,True
1ec9fcc8-72c3-4f1a-89f6-52396b41f5f2,b0208c23-6bb2-4f10-89bd-a40a8ca59d8f,DASHER_03513,2023-04-14 21:29:00,2023-04-14,2023-04-01,2023,21,Friday,54,59.0,5.0,True,50.6,5.19,delivered,True
3fe2695c-1673-424b-baab-38e679a609db,65f435e8-b84b-47e4-9c8e-37391212ec33,DASHER_03564,2022-11-02 07:23:00,2022-11-02,2022-11-01,2022,7,Wednesday,39,,,,33.54,6.78,cancelled,True
c731794e-a5e2-4418-8c43-ba263ff65d97,acc1c875-ed80-456b-ae6a-72ea004e1185,DASHER_02358,2024-10-09 08:45:00,2024-10-09,2024-10-01,2024,8,Wednesday,16,24.0,8.0,False,63.19,6.22,delivered,True
c4d33cb2-1294-405b-aecf-e5f925e4ee3e,86432427-0ffb-461a-9489-ae6ff0530645,DASHER_01551,2024-02-22 08:54:00,2024-02-22,2024-02-01,2024,8,Thursday,36,44.0,8.0,False,15.11,2.01,delivered,True
1a759e7e-ddc4-4908-ac94-074deb351f4e,e73cc532-82c3-4beb-9289-5d3d013cf4ca,DASHER_03753,2023-08-18 23:15:00,2023-08-18,2023-08-01,2023,23,Friday,39,20.0,-19.0,True,8.0,1.59,delivered,True
2405a62f-d4e0-4005-9b8f-1c65a5988a19,7aad008b-5af5-402c-b9ec-9fa9921594f7,DASHER_03467,2024-08-18 08:20:00,2024-08-18,2024-08-01,2024,8,Sunday,42,41.0,-1.0,True,27.49,1.66,delivered,True
eb2e1cc7-71f5-4b1a-aafb-e61daacae071,b298da43-3678-4e5c-b7cb-cfd1f21e8197,DASHER_04900,2022-05-01 05:59:00,2022-05-01,2022-05-01,2022,5,Sunday,28,30.0,2.0,True,61.14,5.96,delivered,True
6f4e254a-9e1c-4d39-8585-5dd4bdcebdb7,5004a095-c3c5-4b0f-bfe6-820a44f2ec23,DASHER_01083,2022-04-04 00:32:00,2022-04-04,2022-04-01,2022,0,Monday,30,24.0,-6.0,True,47.32,5.05,delivered,True
d68f7a4a-798a-4d2b-a99a-81808c876d68,b5ac4a25-3733-440f-962c-a916cb798d32,DASHER_04345,2023-06-18 09:31:00,2023-06-18,2023-06-01,2023,9,Sunday,32,54.0,22.0,False,15.46,4.02,delivered,True
4f70da91-ff77-4104-8076-81af62279c00,5f3ba672-bb5c-47f6-a06a-6aee121dc288,DASHER_02953,2023-06-18 08:02:00,2023-06-18,2023-06-01,2023,8,Sunday,44,43.0,-1.0,True,39.44,7.13,delivered,True
2a1292c3-d4fa-4bd2-9cb8-a01a05f3f5dd,5e0405cc-e039-43c1-9654-c2b16d645bd6,DASHER_01239,2023-06-25 17:27:00,2023-06-25,2023-06-01,2023,17,Sunday,32,40.0,8.0,False,20.34,4.88,delivered,True
56779f6d-6123-400d-a6ab-2dfdc973cec0,19c24157-37d6-4e0f-bea7-4e61d1652155,DASHER_03826,2024-06-20 05:09:00,2024-06-20,2024-06-01,2024,5,Thursday,39,41.0,2.0,True,8.0,7.48,delivered,True
b099e7b5-b251-46e0-a444-f2940767f01c,fad6bf46-cf2e-4ece-a7e3-97c2a1ca7103,DASHER_01212,2022-03-25 15:45:00,2022-03-25,2022-03-01,2022,15,Friday,45,33.0,-12.0,True,22.31,1.86,delivered,True
6b2281a1-f5bb-45a6-be5f-19a17a7a8553,1fe4bd72-8e77-4118-a0b3-00da4a70fa25,DASHER_04614,2022-07-11 10:18:00,2022-07-11,2022-07-01,2022,10,Monday,37,43.0,6.0,False,43.91,5.07,delivered,True
f7f6edc9-8873-4400-9964-08da5ec92a98,321c66f8-62f6-434b-b2f7-38b2961dc1a3,DASHER_00772,2022-01-09 17:36:00,2022-01-09,2022-01-01,2022,17,Sunday,28,39.0,11.0,False,59.09,7.2,delivered,True
35ff6aa1-4fcd-4078-9947-8f6f9d082216,8ff9727a-25b9-4806-be20-fdcf5c4c06fa,DASHER_02650,2022-02-23 11:43:00,2022-02-23,2022-02-01,2022,11,Wednesday,40,48.0,8.0,False,32.01,6.8,delivered,True
dac8700b-ce23-4b15-94bf-17bab97bffb2,32416e25-476c-4c1a-8a99-eb9067939b8e,DASHER_03711,2024-09-09 15:17:00,2024-09-09,2024-09-01,2024,15,Monday,37,36.0,-1.0,True,27.6,3.26,delivered,True
2a7e98e0-ce28-4d71-a1af-dae4125619cb,c634f514-ac1c-4260-b56f-22cef8c60fbe,DASHER_00579,2022-09-22 10:03:00,2022-09-22,2022-09-01,2022,10,Thursday,37,28.0,-9.0,True,9.02,1.64,delivered,True
c76ef216-c58b-46b2-9db7-9985893fb301,81539a67-c688-4ceb-bc5a-303610fb7e3f,DASHER_03182,2023-06-07 09:49:00,2023-06-07,2023-06-01,2023,9,Wednesday,31,34.0,3.0,True,23.65,6.45,delivered,True
2455d58b-4554-438d-9ed2-9f874e392913,79c9775b-095b-44c4-b4ee-96f2dbff6a06,DASHER_02540,2023-08-07 18:41:00,2023-08-07,2023-08-01,2023,18,Monday,38,46.0,8.0,False,45.28,3.5,delivered,True
197b61f0-81a6-4310-a84c-9814278c7302,78d4d0f0-b487-485d-a372-845c75934a69,DASHER_04612,2022-07-16 21:32:00,2022-07-16,2022-07-01,2022,21,Saturday,28,32.0,4.0,True,43.99,5.19,delivered,True
1021a224-9e68-458b-a2c4-c388d22ee6f9,438ab3c1-c8ca-4eb9-91f8-cde2979b042c,DASHER_00331,2022-07-04 20:51:00,2022-07-04,2022-07-01,2022,20,Monday,31,36.0,5.0,True,8.0,5.73,delivered,True
389205c4-4c5a-41b7-ab60-4af62dba6cec,08f054c8-b6cf-466e-bc33-54edc39ed3aa,DASHER_00648,2022-11-14 22:33:00,2022-11-14,2022-11-01,2022,22,Monday,33,23.0,-10.0,True,15.2,7.34,delivered,True
afebbc17-a48a-4c18-a8aa-b49dd7e8f4ae,3b71d12e-8a83-4316-bb97-de36877b4f00,DASHER_02420,2024-09-05 12:08:00,2024-09-05,2024-09-01,2024,12,Thursday,32,23.0,-9.0,True,11.25,7.41,delivered,True
2b7ccac9-93b8-42be-a586-00789cf51669,fd2f7669-544e-4b1a-9812-5448e1800cc1,DASHER_02075,2024-11-17 07:27:00,2024-11-17,2024-11-01,2024,7,Sunday,30,19.0,-11.0,True,37.21,3.48,delivered,True
51e7f2b5-f6bb-45d5-afa5-d10f68477b95,1d0d71cd-1f29-4b68-8c38-52721db9616e,DASHER_03219,2022-06-17 20:01:00,2022-06-17,2022-06-01,2022,20,Friday,43,54.0,11.0,False,43.44,5.92,delivered,True
5bc01677-4f6d-4f8c-823b-837b43f2efdd,67689fd1-43bd-47d7-b6b2-daf5700bf6ec,DASHER_01533,2023-10-05 18:29:00,2023-10-05,2023-10-01,2023,18,Thursday,37,37.0,0.0,True,12.12,2.47,delivered,True
1b4fa90a-ebfb-48b6-9f31-a7af3cd674d1,1768a42b-6a3e-4789-887d-345d5038a987,DASHER_00047,2022-06-10 20:38:00,2022-06-10,2022-06-01,2022,20,Friday,34,51.0,17.0,False,26.56,5.58,delivered,True
406f680b-1363-4f25-9bd6-da922bb54c39,1af8102d-461b-4f4e-aa80-ce9c087e8dc5,DASHER_02955,2024-07-31 19:55:00,2024-07-31,2024-07-01,2024,19,Wednesday,35,25.0,-10.0,True,8.0,5.82,delivered,True
b66040f0-90a2-40bf-b8e7-314673df8652,9118ba18-f69f-48f6-9135-9c5cf3d5a515,DASHER_01541,2024-03-19 20:05:00,2024-03-19,2024-03-01,2024,20,Tuesday,35,36.0,1.0,True,35.0,5.53,delivered,True
62f308cc-d9bb-45d3-ab6a-ced8ddd80678,e84a0b9a-5553-40b7-a29c-96af2b4997c2,DASHER_03796,2023-05-11 15:40:00,2023-05-11,2023-05-01,2023,15,Thursday,30,39.0,9.0,False,13.99,2.03,delivered,True
e1f865dc-4b5e-46ae-bdfc-9b72f036f5ef,75ad097f-df27-48d0-999b-76a2a3d9a2c1,DASHER_03862,2024-05-14 02:10:00,2024-05-14,2024-05-01,2024,2,Tuesday,45,34.0,-11.0,True,44.77,2.69,delivered,True
4d7dfe70-298e-4f57-a0a6-5cb9eb204288,15cb2ecc-5e16-4a68-8e7c-d4dba86092c1,DASHER_03537,2023-08-27 17:53:00,2023-08-27,2023-08-01,2023,17,Sunday,36,28.0,-8.0,True,37.0,7.85,delivered,True
ff14612f-09b2-4599-8093-a457ec25fdb2,62bedf81-0241-465c-9ca8-c7f7a1daa4fc,DASHER_03982,2024-10-12 19:38:00,2024-10-12,2024-10-01,2024,19,Saturday,31,,,,8.0,7.54,cancelled,True
b90f87e1-60e0-4eba-82d0-176fb59e19bb,ce0b1f70-0bb1-4c18-9dc2-b5439ef60c1a,DASHER_02194,2024-09-26 10:03:00,2024-09-26,2024-09-01,2024,10,Thursday,33,21.0,-12.0,True,25.72,7.24,delivered,True
bcf2a46f-9c0d-436b-a24b-3b6cbefc9dc7,d97c5d40-0d71-4df7-88db-6df30563b36a,DASHER_03573,2024-05-04 21:07:00,2024-05-04,2024-05-01,2024,21,Saturday,16,16.0,0.0,True,40.76,2.34,delivered,True
472193a2-baa7-4ce7-b8fd-aaaf08a66b9f,7a1f1470-e03a-49e0-b9d6-14c2d47a2f6e,DASHER_03837,2023-12-06 15:32:00,2023-12-06,2023-12-01,2023,15,Wednesday,35,39.0,4.0,True,60.75,1.91,delivered,True
c092048f-aa1a-4084-b046-ff5b274f4a7b,817f20ff-3f1b-4659-9c5d-e2ec34e24e68,DASHER_02951,2023-08-24 19:24:00,2023-08-24,2023-08-01,2023,19,Thursday,49,44.0,-5.0,True,36.16,6.9,delivered,True
de104b2e-b8fe-4e71-8eac-7c6f3c020105,e46456c6-5786-4968-a2e8-ee4014df71ce,DASHER_04962,2023-03-01 11:47:00,2023-03-01,2023-03-01,2023,11,Wednesday,21,32.0,11.0,False,37.38,4.44,delivered,True
a994a36f-9e00-49e7-ae76-db1fe2b89ec3,e410ee9f-6717-409e-a90d-878240431333,DASHER_02939,2024-05-01 22:31:00,2024-05-01,2024-05-01,2024,22,Wednesday,33,40.0,7.0,False,38.83,2.1,delivered,True
98fe022d-dd50-481c-8c6b-3b762e09b830,04f7ef18-da41-42e9-bea1-4497da753c6f,DASHER_01835,2024-10-28 03:04:00,2024-10-28,2024-10-01,2024,3,Monday,29,26.0,-3.0,True,34.79,4.39,delivered,True
f786a6a3-9a3c-4974-8d7a-c40f592484e6,f6c23698-bc28-4423-9f0c-eef0724e3cc0,DASHER_04222,2023-11-28 20:49:00,2023-11-28,2023-11-01,2023,20,Tuesday,50,57.0,7.0,False,22.92,1.34,delivered,True
568fc046-f594-4ba2-9ff1-2fd5811d51c6,3afb5443-3794-4bec-885a-73ec99063de9,DASHER_00834,2024-06-15 20:53:00,2024-06-15,2024-06-01,2024,20,Saturday,32,33.0,1.0,True,8.0,6.76,delivered,True
7e299898-b7b2-4c5f-8cd3-52715da422ca,75664995-e181-4b1f-8b7d-b94a77e658cd,DASHER_02393,2022-03-27 16:10:00,2022-03-27,2022-03-01,2022,16,Sunday,23,10.0,-17.0,True,21.9,4.48,delivered,True
bb791d3c-7ef0-4d7f-b3ca-8ec5766f11d2,5374ef1f-6d5a-42ed-b44e-369f47157dbc,DASHER_03405,2022-07-23 09:23:00,2022-07-23,2022-07-01,2022,9,Saturday,21,18.0,-3.0,True,35.54,6.37,delivered,True
351bf810-2890-492f-a47b-58419694f554,645e65a9-0b2e-449e-b8b3-3c362871f715,DASHER_03050,2022-01-14 10:51:00,2022-01-14,2022-01-01,2022,10,Friday,28,29.0,1.0,True,25.13,5.4,delivered,True
910998fd-652a-4d74-b4bd-e27d3f113384,0df0a013-135b-442b-9e5e-35d2db23196b,DASHER_03386,2023-05-18 09:48:00,2023-05-18,2023-05-01,2023,9,Thursday,26,10.0,-20.0,True,23.61,7.42,delivered,True
2fedab91-c66e-4598-864c-fb16ee823ba7,913126a1-03e8-4657-aa9c-838b260d7bad,DASHER_00081,2024-07-28 22:33:00,2024-07-28,2024-07-01,2024,22,Sunday,37,,,,24.84,1.48,cancelled,True
94653db2-03d5-41a2-a521-74f049b14548,bab28f09-4af5-4700-9f38-b86466e0a8c3,DASHER_01236,2023-11-24 12:49:00,2023-11-24,2023-11-01,2023,12,Friday,25,27.0,2.0,True,33.09,7.31,delivered,True
adf859bf-e96d-4256-9dd7-02c094c7f07a,37628110-53d8-4bc8-a9d6-91fdfbdab9b3,DASHER_03293,2022-04-29 23:45:00,2022-04-29,2022-04-01,2022,23,Friday,39,16.0,-23.0,True,46.05,7.1,delivered,True
125f3056-fa6b-4015-89c5-814967489f45,7b8cb828-e020-4ec7-b641-4b1f10444111,DASHER_03309,2023-10-05 21:00:00,2023-10-05,2023-10-01,2023,21,Thursday,26,37.0,11.0,False,8.0,4.11,delivered,True
f463cccd-479e-42c6-9688-f8f682151825,a37a1be3-2ab8-4aa3-be3b-c506e45de798,DASHER_03313,2023-02-25 21:39:00,2023-02-25,2023-02-01,2023,21,Saturday,37,21.0,-16.0,True,33.42,1.58,delivered,True
f8826f8f-6bd9-4a5b-aac5-09299fc9ce25,c44db8e4-b37d-4939-8e63-1aaf11b97993,DASHER_01750,2023-11-17 14:46:00,2023-11-17,2023-11-01,2023,14,Friday,18,18.0,0.0,True,20.73,1.64,delivered,True
69827375-2fb8-4a87-807b-ef5c81c1f579,912359bb-d1d0-46a5-9f98-ec8634fe780d,DASHER_04853,2023-10-02 17:48:00,2023-10-02,2023-10-01,2023,17,Monday,33,32.0,-1.0,True,26.95,3.12,delivered,True
b9bcde1a-8b45-45c3-b87a-748b1b1d0172,255db5b6-f856-4ad9-902a-b189c60e7ede,DASHER_02903,2024-05-15 23:07:00,2024-05-15,2024-05-01,2024,23,Wednesday,50,48.0,-2.0,True,8.0,1.86,delivered,True
8992323a-d93f-4ac0-a6c6-daca88ee6318,0eab7582-b95e-43fb-9f25-12ed9500e955,DASHER_04764,2022-09-13 15:36:00,2022-09-13,2022-09-01,2022,15,Tuesday,34,21.0,-13.0,True,8.0,5.38,delivered,True
c499d84e-26d1-4172-a64b-b6f3d390efed,c9b1e53e-1290-451e-a352-412069e5b535,DASHER_04692,2024-12-28 21:14:00,2024-12-28,2024-12-01,2024,21,Saturday,28,23.0,-5.0,True,38.42,5.7,delivered,True
35563a20-7c17-4d09-9de6-f77186c06660,69eb99ba-3ea2-4c72-bc72-39ea568641e1,DASHER_02959,2024-02-13 17:15:00,2024-02-13,2024-02-01,2024,17,Tuesday,42,50.0,8.0,False,20.4,3.97,delivered,True
ba807297-1e17-4233-8997-a6a3ecadaa97,5f9b4a4d-0c8a-453b-96d0-be61e216531e,DASHER_03025,2024-04-23 07:03:00,2024-04-23,2024-04-01,2024,7,Tuesday,36,31.0,-5.0,True,32.1,5.73,delivered,True
763f9f37-dc28-4939-91b8-52bf24561e1c,f3124524-fe88-43db-bdc0-b8899ac991b0,DASHER_03468,2024-04-04 18:33:00,2024-04-04,2024-04-01,2024,18,Thursday,37,14.0,-23.0,True,51.42,7.62,delivered,True
1f2225fc-c716-4cf1-a076-ea20bc6d8fea,5c76f01b-cdd1-4c2f-bb23-581dce161f86,DASHER_04204,2024-05-03 20:09:00,2024-05-03,2024-05-01,2024,20,Friday,34,21.0,-13.0,True,27.87,7.03,delivered,True
3bba3bfc-a16f-4be2-8b21-e3552f331dae,4dbf4b9f-65b1-4f02-bbeb-54b44380df2c,DASHER_00972,2022-08-30 19:29:00,2022-08-30,2022-08-01,2022,19,Tuesday,21,24.0,3.0,True,16.15,1.84,delivered,True
e7c76b0f-52b6-414e-b338-e3d06ac433e2,7050e998-b03a-4cc3-8a08-66ec02640158,DASHER_03980,2023-08-17 04:09:00,2023-08-17,2023-08-01,2023,4,Thursday,30,37.0,7.0,False,37.12,1.19,delivered,True
e70efac0-9243-45a3-8b2d-87f95ebbc6ca,5534db5e-a98a-4dd3-8cce-0e1afd735ac4,DASHER_01766,2022-10-20 08:37:00,2022-10-20,2022-10-01,2022,8,Thursday,18,31.0,13.0,False,38.55,1.0,delivered,True
c42250e4-43f8-4d1e-adf6-70a58f1c6940,77c8f5c6-d153-453c-bac1-704982e849dd,DASHER_02767,2023-12-16 06:02:00,2023-12-16,2023-12-01,2023,6,Saturday,46,33.0,-13.0,True,38.19,6.46,delivered,True
62f0ef16-febd-4da2-8233-9a0693abe73d,a1cbc2ea-701a-4784-9451-680b5e0c6c17,DASHER_03685,2024-08-31 21:53:00,2024-08-31,2024-08-01,2024,21,Saturday,24,12.0,-12.0,True,24.27,6.09,delivered,True
5d28a70a-8509-4071-815c-96b34d81ab45,0387d8d7-b3b1-4b3b-9c69-c96286520c9b,DASHER_04431,2022-07-02 20:42:00,2022-07-02,2022-07-01,2022,20,Saturday,31,23.0,-8.0,True,18.1,1.31,delivered,True
28e26538-8f87-44ce-a6c4-a92b347683a4,920cd9d3-615e-4a62-bc45-541f514f818f,DASHER_02530,2024-06-26 19:41:00,2024-06-26,2024-06-01,2024,19,Wednesday,39,,,,21.35,4.91,cancelled,True
92c2f278-1329-4a1b-9518-986ce8d81d66,cdb04504-3a06-4917-a915-fd0d5edb90d4,DASHER_03898,2023-01-30 22:34:00,2023-01-30,2023-01-01,2023,22,Monday,33,30.0,-3.0,True,26.2,4.51,delivered,True
03de774e-35a6-4235-9466-1ccf132fd2a8,75150154-a58e-4f12-a85f-ffc584ca4752,DASHER_02009,2022-02-08 08:59:00,2022-02-08,2022-02-01,2022,8,Tuesday,15,10.0,-6.0,True,42.26,5.05,delivered,True
748d91f0-0f1b-4e2f-aacc-18dbff3ddb9a,d4fbba7c-cd21-4231-8a7d-8a944e33c014,DASHER_00190,2022-06-23 20:38:00,2022-06-23,2022-06-01,2022,20,Thursday,21,15.0,-6.0,True,46.57,3.37,delivered,True
e6b4fa36-d5d4-4f42-a0ab-a7ecd158d12e,4ad8767f-a9e3-4e25-88d2-fa77ca61a1e3,DASHER_04438,2023-01-05 14:55:00,2023-01-05,2023-01-01,2023,14,Thursday,27,25.0,-2.0,True,32.61,2.78,delivered,True
926c0184-54a6-48dd-a7fb-62a3ed6cac3b,105993d8-e4da-46a8-abb1-76363d389fd0,DASHER_00222,2022-07-03 09:26:00,2022-07-03,2022-07-01,2022,9,Sunday,38,37.0,-1.0,True,23.79,5.98,delivered,True
bb20c6f6-f892-4f92-93d9-37b4d374a27d,97b5bf89-8555-41e4-8dc7-c4c213989f3a,DASHER_00990,2023-09-03 14:20:00,2023-09-03,2023-09-01,2023,14,Sunday,45,64.0,19.0,False,39.02,5.17,delivered,True
64931045-4d0b-4cc8-8a05-d4d7cb905438,5c48c9f0-00b2-4827-a304-2a43104237c0,DASHER_03807,2023-04-30 16:48:00,2023-04-30,2023-04-01,2023,16,Sunday,36,10.0,-29.0,True,27.48,4.86,delivered,True
bb2891dc-f955-4ed0-a2b4-079db0350b07,d1a86b12-c280-4734-9e0b-ac7a5b04ce18,DASHER_04801,2022-05-15 16:26:00,2022-05-15,2022-05-01,2022,16,Sunday,23,,,,23.38,4.87,cancelled,True
0e5b1f5c-33d2-4d6c-9425-4256e41d3f90,59e6ec97-61bc-425c-8997-b45e0cef93d1,DASHER_01166,2022-09-15 12:26:00,2022-09-15,2022-09-01,2022,12,Thursday,29,10.0,-21.0,True,38.16,3.6,delivered,True
31028b98-55d2-4db0-b38e-d1de7ef901b4,58bc29bb-3f64-45ea-b538-697f54f4a7bf,DASHER_00008,2022-12-11 20:34:00,2022-12-11,2022-12-01,2022,20,Sunday,54,46.0,-8.0,True,43.16,5.34,delivered,True
5a9308fc-38d7-46c3-937c-4c87b4ffed78,e54b34c9-9e3e-44d2-b8ee-cb0e9e34de59,DASHER_03114,2022-12-09 00:59:00,2022-12-09,2022-12-01,2022,0,Friday,16,24.0,8.0,False,22.85,7.98,delivered,True
39dd9154-7a26-4a7e-86ce-6290b586fba4,ebf4f62f-28a1-42e0-a01c-e854ae20caee,DASHER_02462,2023-03-12 18:32:00,2023-03-12,2023-03-01,2023,18,Sunday,34,40.0,6.0,False,48.13,6.8,delivered,True
9e51466e-8833-459d-aa77-ce3e68dcebc9,b0fe070f-91d6-4e65-b0a1-018c0830ad5c,DASHER_02806,2023-07-27 21:13:00,2023-07-27,2023-07-01,2023,21,Thursday,41,18.0,-23.0,True,8.0,5.44,delivered,True
f8e71a59-beb0-4ca8-b805-d4c4182066ab,703dfc36-3a34-4d48-97bf-6ef384868e11,DASHER_02690,2024-07-16 11:42:00,2024-07-16,2024-07-01,2024,11,Tuesday,42,41.0,-1.0,True,51.4,5.52,delivered,True
dc3fa5ba-d17c-4e1a-b95c-cd86966a6cb4,7dc49068-c5ec-4657-b67c-bfcd933c6880,DASHER_04005,2022-01-05 18:00:00,2022-01-05,2022-01-01,2022,18,Wednesday,36,50.0,14.0,False,15.49,6.33,delivered,True
fd7aa492-ec23-45a9-a944-5ba5bf829d4d,e146995b-fa5c-4338-b38c-43cf9ea70e2b,DASHER_03646,2022-06-16 20:41:00,2022-06-16,2022-06-01,2022,20,Thursday,29,17.0,-12.0,True,21.93,6.68,delivered,True
461ffe27-c961-4c00-815d-4d1b87f5385f,ea297aba-e0df-4f34-b9ca-66bc775e088d,DASHER_03034,2024-01-04 14:53:00,2024-01-04,2024-01-01,2024,14,Thursday,28,,,,8.0,7.54,cancelled,True
62105789-4581-41b0-a122-41cf07a2e93e,94f12678-d226-465e-9ee2-65118a2771a1,DASHER_01568,2024-06-29 00:47:00,2024-06-29,2024-06-01,2024,0,Saturday,41,42.0,1.0,True,45.96,3.11,delivered,True
4221ef2a-a57b-4bbb-99e1-64bebd07cc8d,d120f4a6-15d8-4184-9a94-29cd185705c0,DASHER_04964,2023-03-29 10:31:00,2023-03-29,2023-03-01,2023,10,Wednesday,40,43.0,3.0,True,27.66,2.45,delivered,True
23971e8a-e40c-4fc9-99e8-e4abcacdbfec,05866ac1-635d-4636-8682-5b28b5aedc85,DASHER_01396,2023-02-06 23:40:00,2023-02-06,2023-02-01,2023,23,Monday,22,36.0,14.0,False,8.0,4.95,delivered,True
36df55f8-9f1e-46b7-b9d9-f78f0c6b2127,dd0deac7-f785-487f-bfb9-07e703ba337f,DASHER_01867,2022-12-26 06:08:00,2022-12-26,2022-12-01,2022,6,Monday,31,31.0,0.0,True,20.67,7.16,delivered,True
c174cc12-7050-417f-986a-42d7b8a5a0f9,58357869-9a06-48b6-afd9-d7aa8947f36c,DASHER_02071,2023-07-16 09:43:00,2023-07-16,2023-07-01,2023,9,Sunday,55,59.0,4.0,True,15.39,1.0,delivered,True
80650f85-7e87-425e-8f4d-a074e470a74d,44134217-4d9a-4a8d-983c-83b996a6889a,DASHER_02244,2024-05-24 18:41:00,2024-05-24,2024-05-01,2024,18,Friday,19,45.0,26.0,False,39.85,1.84,delivered,True
a6d3553b-1e31-4f55-9eac-38c0c8c9b91d,3e358c7a-df9c-42ad-a094-b9d3c0f39b93,DASHER_02276,2024-11-27 16:23:00,2024-11-27,2024-11-01,2024,16,Wednesday,32,32.0,0.0,True,44.62,3.2,delivered,True
a966ffa8-f9fb-41bd-b7eb-6aa7e71e9923,96319705-637d-48ce-9de5-1b8c07d551f6,DASHER_03471,2024-03-13 09:05:00,2024-03-13,2024-03-01,2024,9,Wednesday,30,45.0,15.0,False,9.87,7.69,delivered,True
2fd8bb75-c085-4dce-935b-28473661cb4a,4c53a8cf-a625-4c95-8616-b668b5fd747d,DASHER_03538,2023-05-27 09:21:00,2023-05-27,2023-05-01,2023,9,Saturday,30,45.0,15.0,False,35.67,5.37,delivered,True
5052afc2-77ac-4bc5-b3da-a76aaf8470e4,12449516-8eda-4310-b182-e978e0642282,DASHER_02732,2023-11-16 21:15:00,2023-11-16,2023-11-01,2023,21,Thursday,24,30.0,6.0,False,35.44,4.63,delivered,True
3621395d-9fa6-4701-b7b5-20f256a2e95f,cb7017d1-cb27-4e03-be39-d64479094a13,DASHER_04742,2023-04-30 22:49:00,2023-04-30,2023-04-01,2023,22,Sunday,28,21.0,-7.0,True,57.27,7.41,delivered,True
4174fbf5-7695-45fd-8f51-b3fb5bb73caf,0a7f217f-1c94-46f8-bd93-83def3d00a8f,DASHER_03620,2024-02-12 12:54:00,2024-02-12,2024-02-01,2024,12,Monday,50,43.0,-7.0,True,8.0,1.37,delivered,True
1572085d-f160-475c-892d-1f480c4fe39c,9b3a55a1-63c6-4834-8600-c347beb4e796,DASHER_00785,2024-06-03 06:43:00,2024-06-03,2024-06-01,2024,6,Monday,37,38.0,1.0,True,17.07,7.04,delivered,True
ea28ee2d-5080-4fd3-8349-f7da57742d04,633feed7-1764-4bf8-9842-bd86c4ae51ce,DASHER_00212,2022-01-22 15:29:00,2022-01-22,2022-01-01,2022,15,Saturday,29,35.0,6.0,False,8.0,4.17,delivered,True
98b682ff-7c24-45e1-97e3-0e0a77c23da5,7646ffc5-91f6-4036-ac86-905cb330b599,DASHER_01586,2023-11-04 18:06:00,2023-11-04,2023-11-01,2023,18,Saturday,43,52.0,9.0,False,34.92,4.55,delivered,True
106b839a-11fc-4a11-a169-8609e22a97e4,4da48650-7f7b-4754-97b8-84c85d91cda7,DASHER_00495,2023-12-29 15:46:00,2023-12-29,2023-12-01,2023,15,Friday,32,27.0,-5.0,True,21.88,1.88,delivered,True
9a9e8de0-a1ff-495e-a85e-719b8bdeb9cb,89641129-a7f7-4fb4-87cd-7fe4810b14d0,DASHER_01192,2024-06-11 17:41:00,2024-06-11,2024-06-01,2024,17,Tuesday,35,25.0,-10.0,True,36.24,3.39,delivered,True
5bbab61a-4354-41b4-b9a0-7715bfe046c4,f0ef8ee6-7277-4770-9b50-0ed3e101c630,DASHER_04583,2024-01-26 23:33:00,2024-01-26,2024-01-01,2024,23,Friday,40,25.0,-15.0,True,16.82,7.0,delivered,True
309284b2-ddc0-4753-88a5-d5a0b6e8bae4,cdb04504-3a06-4917-a915-fd0d5edb90d4,DASHER_03897,2024-05-14 13:12:00,2024-05-14,2024-05-01,2024,13,Tuesday,31,25.0,-6.0,True,14.05,5.19,delivered,True
26042dcc-af70-4522-869c-29403d24ae92,9765c8c6-8276-4766-823e-49cdb1cd7492,DASHER_00858,2023-11-10 21:36:00,2023-11-10,2023-11-01,2023,21,Friday,15,31.0,16.0,False,23.73,4.17,delivered,True
8920f097-8612-405d-942c-ee3a9bd0534e,436d7edd-d768-4c3b-8986-4021af5abc6c,DASHER_01746,2022-03-28 16:58:00,2022-03-28,2022-03-01,2022,16,Monday,40,40.0,0.0,True,30.18,7.66,delivered,True
5202741a-b2a6-4d32-aebe-19d8c404f2b2,026b6737-b3c6-42e1-951e-5e7b13eaeb19,DASHER_00081,2023-11-10 20:24:00,2023-11-10,2023-11-01,2023,20,Friday,47,49.0,2.0,True,37.7,1.51,delivered,True
817f4cfd-5aeb-448a-a3b0-d5acc29f4907,20191d69-1d79-4e4e-8a1b-96b778ba2eb2,DASHER_02948,2022-03-03 17:09:00,2022-03-03,2022-03-01,2022,17,Thursday,33,40.0,7.0,False,32.04,2.37,delivered,True
fd1db0ea-1386-49c8-82cc-8c2e486edc62,f1e31771-8212-4167-88a4-085f77eadda1,DASHER_01605,2022-12-23 10:16:00,2022-12-23,2022-12-01,2022,10,Friday,35,33.0,-2.0,True,15.09,1.14,delivered,True
40fbd933-d8d4-408e-9787-eb46036d052e,930c80fa-74c9-4aab-a797-9e92b4e3e3ae,DASHER_00909,2023-06-21 22:01:00,2023-06-21,2023-06-01,2023,22,Wednesday,37,32.0,-5.0,True,23.07,4.18,delivered,True
9003d8a4-2c69-4e02-8486-6ece0bc538b0,a2db757f-3ed1-433e-ad54-514e3551a439,DASHER_03553,2024-01-28 20:42:00,2024-01-28,2024-01-01,2024,20,Sunday,39,45.0,6.0,False,44.66,7.14,delivered,True
9ee43bd3-30da-48df-9f14-64e4fa255775,fd668d0b-77a8-4b2b-9d6c-e5e70fd61cdf,DASHER_03065,2022-05-14 08:56:00,2022-05-14,2022-05-01,2022,8,Saturday,47,38.0,-9.0,True,21.92,5.44,delivered,True
761f2162-7550-4f42-ab19-8d17d3fd02ac,c7d59a05-df98-4708-8679-5da0f55744a0,DASHER_02024,2022-04-05 20:37:00,2022-04-05,2022-04-01,2022,20,Tuesday,42,47.0,5.0,True,45.73,1.36,delivered,True
784ba17a-9199-4126-a437-72ff0c1edff9,cc6ff513-c574-48f9-b2ec-4493c18b579a,DASHER_00666,2023-07-28 21:54:00,2023-07-28,2023-07-01,2023,21,Friday,24,24.0,0.0,True,34.24,5.29,delivered,True
06864a67-d22d-4718-be14-ee15d398da2e,fe9048ac-13af-4e1a-875c-64967ba99e8a,DASHER_03803,2022-12-09 16:48:00,2022-12-09,2022-12-01,2022,16,Friday,21,35.0,14.0,False,11.65,2.24,delivered,True
f33ce4e7-cdeb-4650-9e05-81c25578ed39,b0208c23-6bb2-4f10-89bd-a40a8ca59d8f,DASHER_04783,2024-02-05 17:30:00,2024-02-05,2024-02-01,2024,17,Monday,32,19.0,-13.0,True,22.48,7.25,delivered,True
e2992ad3-b574-48da-b1af-10a3b9470294,75664995-e181-4b1f-8b7d-b94a77e658cd,DASHER_03064,2024-07-14 21:25:00,2024-07-14,2024-07-01,2024,21,Sunday,30,32.0,2.0,True,43.97,2.77,delivered,True
fc24c94d-10e1-4599-953b-160d24536a50,0ae4929d-3b1e-4ce8-90a2-3d01fd182f32,DASHER_03811,2022-06-23 08:05:00,2022-06-23,2022-06-01,2022,8,Thursday,32,45.0,13.0,False,14.96,4.15,delivered,True
da5e8507-4ec8-40a9-968b-4c9a50b2fc1d,2644c083-b44d-4ffe-880c-2227ef7fe5b6,DASHER_01915,2024-06-04 14:51:00,2024-06-04,2024-06-01,2024,14,Tuesday,34,,,,28.68,2.85,cancelled,True
180d5b70-c505-49d6-8480-8da945bc4881,c5b8ade8-6efe-4695-b6cf-2a8518d0e122,DASHER_02264,2022-06-05 13:05:00,2022-06-05,2022-06-01,2022,13,Sunday,32,45.0,13.0,False,34.61,1.49,delivered,True
0ef42b2a-a5d0-4028-b368-06fc153f840a,1fc80929-cc59-47ae-9e3d-3fdf0d48865a,DASHER_02248,2022-03-20 17:21:00,2022-03-20,2022-03-01,2022,17,Sunday,33,36.0,3.0,True,41.16,2.32,delivered,True
c7648eaf-0772-49e2-9feb-1e408986c545,3b8f2820-4b18-45f6-8a13-0bc9b5576a0d,DASHER_02453,2022-10-10 23:48:00,2022-10-10,2022-10-01,2022,23,Monday,32,18.0,-14.0,True,25.75,7.97,delivered,True
97402207-8003-4fe7-9ffd-5652061cda1b,11264f5b-26e6-45b1-88b4-67e23deb3a46,DASHER_01222,2024-04-10 20:48:00,2024-04-10,2024-04-01,2024,20,Wednesday,42,35.0,-7.0,True,14.46,7.05,delivered,True
92f38136-0e9f-4f14-8337-84f006b8b13e,bc10c0bd-1da3-4938-992d-f59c629f616c,DASHER_03839,2023-04-12 10:47:00,2023-04-12,2023-04-01,2023,10,Wednesday,36,44.0,8.0,False,25.63,6.53,delivered,True
aaf459b8-e191-4991-84b7-2d7737a5f4d7,6a255229-2c22-4b92-99d5-8689a34de3e7,DASHER_04574,2023-10-04 21:27:00,2023-10-04,2023-10-01,2023,21,Wednesday,26,28.0,2.0,True,8.0,1.2,delivered,True
1400ba1a-aaf2-4244-8e06-e53a373e60a3,b3421fcf-c288-4154-bb38-a76cdb5493b6,DASHER_02905,2022-10-12 18:08:00,2022-10-12,2022-10-01,2022,18,Wednesday,30,48.0,18.0,False,20.14,5.79,delivered,True
75df86f3-a5ed-435c-b877-da8e26602073,9c3c6b14-50ec-4bb4-8732-6327a28d847b,DASHER_00263,2024-04-06 20:44:00,2024-04-06,2024-04-01,2024,20,Saturday,42,,,,25.38,7.45,cancelled,True
39e0e323-9615-4117-9291-e7149fdd0672,a09eb8b8-1c92-4a60-920e-5dd1efdf7c90,DASHER_03202,2022-11-11 23:21:00,2022-11-11,2022-11-01,2022,23,Friday,21,13.0,-8.0,True,38.56,3.72,delivered,True
2f89a216-7e3f-4576-a981-c753e7248a9c,e67626b2-2e08-4269-964d-83b426828f84,DASHER_02495,2024-12-30 14:30:00,2024-12-30,2024-12-01,2024,14,Monday,34,46.0,12.0,False,40.79,1.64,delivered,True
a8003a94-ee00-4ecc-9bf4-1ec624292c2e,a8a17e62-886c-4c3a-8eb1-4bccaff7f2db,DASHER_01630,2022-08-02 19:11:00,2022-08-02,2022-08-01,2022,19,Tuesday,46,49.0,3.0,True,63.4,2.98,delivered,True
1bfd516e-cf6a-4ec3-9b12-edef99aba388,30265b31-f57d-4d95-8f41-5587d69fa70a,DASHER_02676,2023-04-23 12:33:00,2023-04-23,2023-04-01,2023,12,Sunday,43,46.0,3.0,True,30.7,7.01,delivered,True
8e6d62f8-fa96-419a-9032-f2477427cd36,f8d99549-8d72-4082-983a-1f2818150e72,DASHER_01691,2024-04-21 14:07:00,2024-04-21,2024-04-01,2024,14,Sunday,40,49.0,9.0,False,35.47,4.02,delivered,True
5b44db5f-8182-4d6f-aca4-a352bfa5a6b6,99917411-2697-414b-bbb6-96cd7ce902c9,DASHER_03759,2024-08-30 09:36:00,2024-08-30,2024-08-01,2024,9,Friday,38,52.0,14.0,False,21.05,2.92,delivered,True
7a3aa820-63d9-4cb9-8f92-f167efe6948f,65f435e8-b84b-47e4-9c8e-37391212ec33,DASHER_02694,2022-01-16 23:28:00,2022-01-16,2022-01-01,2022,23,Sunday,42,46.0,4.0,True,54.57,4.21,delivered,True
ee486592-1237-4869-930a-811b9daadc41,b76c4138-0bca-4312-897f-b8622e94f02f,DASHER_02436,2022-03-22 19:18:00,2022-03-22,2022-03-01,2022,19,Tuesday,26,10.0,-16.0,True,8.0,3.73,delivered,True
59c8662a-b372-4029-87b6-92315a771b02,383f29c9-fe82-4f35-a3a8-6d95cb94b438,DASHER_01502,2022-12-25 14:11:00,2022-12-25,2022-12-01,2022,14,Sunday,45,34.0,-11.0,True,26.36,5.88,delivered,True
8ce13130-6952-44e6-bd01-508733812c82,98950463-b9e8-4a60-956c-1c6be4c6b8a5,DASHER_00546,2022-03-31 10:55:00,2022-03-31,2022-03-01,2022,10,Thursday,31,44.0,13.0,False,54.49,5.88,delivered,True
0dade832-5c74-4717-af67-acd6b9a56b7e,cef00736-03ae-4c47-8ae6-e81e784d9822,DASHER_00861,2023-03-21 21:26:00,2023-03-21,2023-03-01,2023,21,Tuesday,45,45.0,0.0,True,8.0,3.86,delivered,True
c62a959b-a184-4f06-8318-eafd97ee2d23,cc959c3c-7ea9-4f92-8508-3a26c65e86cc,DASHER_03783,2022-12-04 11:32:00,2022-12-04,2022-12-01,2022,11,Sunday,34,36.0,2.0,True,29.47,3.66,delivered,True
e53a85f7-245b-4ee5-8167-54f328f6848e,4f785c7b-4fa0-4681-8f77-08b7c3858183,DASHER_02679,2024-03-28 21:25:00,2024-03-28,2024-03-01,2024,21,Thursday,40,42.0,2.0,True,20.45,4.22,delivered,True
5c2d5087-ac8e-41e3-ba38-d6c3b81efdf4,f5af287b-b3f0-46ef-ab9a-11ef025dea2d,DASHER_01321,2022-06-19 17:15:00,2022-06-19,2022-06-01,2022,17,Sunday,27,25.0,-2.0,True,12.82,2.18,delivered,True
041a7039-240b-4295-83ae-231263019577,24aca3f0-eede-421b-8939-ef357e21cb44,DASHER_00091,2022-02-06 18:11:00,2022-02-06,2022-02-01,2022,18,Sunday,32,46.0,14.0,False,24.68,3.5,delivered,True
e4d5a96b-42d7-4066-86fa-0fd46c99fda2,bc569aa2-3009-42f1-8dee-987680d3ca33,DASHER_04283,2023-03-20 19:57:00,2023-03-20,2023-03-01,2023,19,Monday,30,27.0,-3.0,True,19.17,5.48,delivered,True
92e5995a-f319-4a5a-9072-be8ef0c7dab2,6b4608d5-3dcb-4ea8-bafa-31268435c79a,DASHER_01652,2022-07-30 14:19:00,2022-07-30,2022-07-01,2022,14,Saturday,24,29.0,5.0,True,41.6,2.66,delivered,True
61845ec5-2841-44f7-b746-e68060238619,a4b89c7f-f0c3-4e51-b512-9e0293a0fe01,DASHER_00517,2022-07-07 01:01:00,2022-07-07,2022-07-01,2022,1,Thursday,31,41.0,10.0,False,27.59,2.53,delivered,True
1cce3f8b-51e8-4d58-a22b-89f07553a4a0,a95ded1c-ae9c-497b-84c6-1db2ccfd5e5b,DASHER_00882,2022-07-17 20:53:00,2022-07-17,2022-07-01,2022,20,Sunday,28,12.0,-16.0,True,33.81,5.38,delivered,True
e5a2d128-3498-43a1-97b1-58bb51e8b43f,1c2271b6-6a7d-462d-83e7-defbdf0a9107,DASHER_02649,2023-03-01 22:25:00,2023-03-01,2023-03-01,2023,22,Wednesday,28,33.0,5.0,True,25.65,2.21,delivered,True
82125772-91af-4204-96b2-9b28ea4ee187,af8468a4-30bb-461b-8e81-867623dd6a66,DASHER_02281,2024-04-03 19:00:00,2024-04-03,2024-04-01,2024,19,Wednesday,28,36.0,8.0,False,20.04,1.46,delivered,True
b22e9ca5-8a65-42c2-85f3-126f3d8dc0fb,bdb64cfd-5f02-4720-a2e6-a2d6c52fcd30,DASHER_04662,2023-03-24 14:49:00,2023-03-24,2023-03-01,2023,14,Friday,28,10.0,-27.0,True,8.0,2.19,delivered,True
04b93232-0e74-4d7b-ae41-f76c25351eeb,facf871c-ddab-457a-b811-7383bd631314,DASHER_01088,2022-07-14 18:40:00,2022-07-14,2022-07-01,2022,18,Thursday,31,14.0,-17.0,True,18.0,7.18,delivered,True
13dc7577-e94f-4cd6-b867-154b69c7b79c,98a248b0-a39d-4ca9-9bac-f0d321f78b27,DASHER_03677,2023-10-14 23:42:00,2023-10-14,2023-10-01,2023,23,Saturday,44,34.0,-10.0,True,30.02,3.67,delivered,True
f1ae7c6e-7002-42cd-b610-8fcc5e3f07f3,7042bb49-2c25-4e1a-b1bb-dabc90a28a4d,DASHER_01016,2023-04-22 16:45:00,2023-04-22,2023-04-01,2023,16,Saturday,40,40.0,0.0,True,19.63,6.29,delivered,True
927fbb18-37b1-442a-adfa-37e191acb0a9,b8548863-aaf9-4e15-89a2-7f88a0c42b08,DASHER_00310,2022-06-12 05:23:00,2022-06-12,2022-06-01,2022,5,Sunday,47,39.0,-8.0,True,28.58,2.66,delivered,True
e2f31b7c-25a3-4cf6-919b-d0426492c7c4,fbb256e4-0493-4232-9efd-ceb760e3f62e,DASHER_04266,2024-06-27 19:21:00,2024-06-27,2024-06-01,2024,19,Thursday,39,46.0,7.0,False,32.53,6.68,delivered,True
c56c5de7-350c-46fe-87d4-6b1852c565f7,ff1307a7-d9b3-4b73-a5dc-1051b1a8bf30,DASHER_02034,2022-02-18 10:46:00,2022-02-18,2022-02-01,2022,10,Friday,27,23.0,-4.0,True,38.25,6.6,delivered,True
29109500-996e-4477-bbf8-044dc2c566db,64a33811-deac-463c-9e83-7c4bdb422034,DASHER_04027,2023-04-01 18:24:00,2023-04-01,2023-04-01,2023,18,Saturday,29,28.0,-1.0,True,37.37,5.43,delivered,True
1392199a-37a4-4806-bea5-9c14481edd9e,ed2b7395-5030-43c2-a871-8a9d4b58081a,DASHER_01674,2022-10-17 22:08:00,2022-10-17,2022-10-01,2022,22,Monday,37,50.0,13.0,False,39.46,2.64,delivered,True
626a675a-1133-499e-8cb7-4621dbbd0a9a,cf7eea88-f042-401e-bb38-024312da85a3,DASHER_04963,2022-06-10 15:29:00,2022-06-10,2022-06-01,2022,15,Friday,30,47.0,17.0,False,28.58,4.13,delivered,True
cc7b5841-3864-419f-88a4-2db81d90fdf3,bd5ea23d-80cc-4497-98bf-581030b1e403,DASHER_01374,2023-02-17 11:50:00,2023-02-17,2023-02-01,2023,11,Friday,41,12.0,-29.0,True,32.85,4.28,delivered,True
fe127adb-22bf-4a51-acd4-20e2033da617,4593da83-60cd-428b-b83e-5863f670c3c7,DASHER_00162,2024-05-15 16:47:00,2024-05-15,2024-05-01,2024,16,Wednesday,30,32.0,2.0,True,29.69,1.57,delivered,True
320a546f-b1ea-405d-889b-4c30057205a8,8c2f26c7-c38c-4952-a4a0-a41e067b51bc,DASHER_03715,2023-09-07 18:09:00,2023-09-07,2023-09-01,2023,18,Thursday,26,19.0,-7.0,True,25.46,2.97,delivered,True
d5673542-a1f2-476f-b43d-2c2fdfa0b3cc,591d6f4c-e48f-4789-9caf-0c027e3804ce,DASHER_00105,2024-09-11 06:08:00,2024-09-11,2024-09-01,2024,6,Wednesday,33,26.0,-7.0,True,44.17,3.61,delivered,True
93729f0d-b236-4c54-8791-824eb6832000,71c1230b-1d31-45e2-8104-eaf018b0c1c6,DASHER_04819,2024-04-08 22:25:00,2024-04-08,2024-04-01,2024,22,Monday,25,36.0,11.0,False,25.83,1.49,delivered,True
d956d891-ae0b-4014-a4df-6873badc4293,c311f7e2-be57-4b8e-88df-ba66eb724714,DASHER_02091,2022-03-21 23:07:00,2022-03-21,2022-03-01,2022,23,Monday,27,37.0,10.0,False,31.84,3.43,delivered,True
a9fd2602-fd15-491a-b501-d3dda8aee318,ea1d2589-4082-4dc2-959a-36d1fe170df1,DASHER_02021,2024-09-27 18:23:00,2024-09-27,2024-09-01,2024,18,Friday,21,16.0,-5.0,True,8.0,2.69,delivered,True
a7930b48-4819-4d04-b58b-ab67012b888e,6a4dea5a-acd6-4a0f-94f1-76aee923108a,DASHER_01211,2022-03-12 22:23:00,2022-03-12,2022-03-01,2022,22,Saturday,26,13.0,-13.0,True,27.32,5.76,delivered,True
0d6c371d-de01-436e-88a5-9fadf3feecc2,8c336c58-76a2-4012-821c-b804b4f42843,DASHER_00756,2023-06-05 10:37:00,2023-06-05,2023-06-01,2023,10,Monday,43,,,,19.91,5.5,cancelled,True
b0903933-0d31-43d9-9343-2caae999272b,b1718ddb-5b58-45ea-bdb8-d9f01304f55a,DASHER_03464,2024-02-27 14:37:00,2024-02-27,2024-02-01,2024,14,Tuesday,38,38.0,0.0,True,36.49,5.83,delivered,True
06432b65-1d61-4f72-a0cd-34e0192d61e8,42212f1b-f9b1-4ef9-b351-4fe5f5d68f5b,DASHER_00728,2024-10-22 22:42:00,2024-10-22,2024-10-01,2024,22,Tuesday,42,54.0,12.0,False,15.48,1.75,delivered,True
1d300da7-6b34-43dc-8f07-fdb35b6ce2d8,38f480f9-543e-4094-b660-3ad272866273,DASHER_00052,2023-12-07 20:17:00,2023-12-07,2023-12-01,2023,20,Thursday,34,10.0,-27.0,True,56.03,1.0,delivered,True
f1118526-7e9a-409d-b892-582320ef5448,26b9ceb0-7cf3-4d7c-843c-82d11ec35ce4,DASHER_01445,2022-05-24 20:26:00,2022-05-24,2022-05-01,2022,20,Tuesday,33,16.0,-17.0,True,25.08,3.61,delivered,True
76447400-ac94-468c-bb0c-511c0f587b59,64b671ba-cb01-4b19-a612-d805d5315392,DASHER_01520,2022-10-03 09:11:00,2022-10-03,2022-10-01,2022,9,Monday,31,31.0,0.0,True,36.08,6.65,delivered,True
89ab5580-37fb-4f83-8aea-73d7adf71934,a11d34e6-9352-4afb-b566-999a4909f08b,DASHER_01360,2023-01-28 11:57:00,2023-01-28,2023-01-01,2023,11,Saturday,47,55.0,8.0,False,16.82,1.55,delivered,True
082df868-6f5b-4d5c-aa89-21d1a9a1fe27,75ad097f-df27-48d0-999b-76a2a3d9a2c1,DASHER_00825,2022-06-25 13:17:00,2022-06-25,2022-06-01,2022,13,Saturday,36,37.0,1.0,True,40.28,7.68,delivered,True
931681b3-db95-454e-be0f-b483ce7af7a9,9e2a4f1e-b7b1-42b9-a92d-0e65fc927cb6,DASHER_02177,2022-03-27 07:33:00,2022-03-27,2022-03-01,2022,7,Sunday,35,38.0,3.0,True,14.44,7.51,delivered,True
2ed7a222-67a4-44ff-b846-20665283d008,c74b55b1-95cd-405f-9fdd-f4e39fb65311,DASHER_01962,2024-08-27 20:38:00,2024-08-27,2024-08-01,2024,20,Tuesday,28,32.0,4.0,True,49.18,3.64,delivered,True
61dcec8b-ed51-4c70-91fd-cc5d2fd7d7bf,5a375f5d-0922-4c68-b1fb-60663f29dbc0,DASHER_03291,2022-04-28 23:55:00,2022-04-28,2022-04-01,2022,23,Thursday,30,28.0,-2.0,True,34.53,6.07,delivered,True
0b2463e5-4dc5-41f0-a2e8-14ae57bbcb5d,af8468a4-30bb-461b-8e81-867623dd6a66,DASHER_02036,2022-10-12 02:07:00,2022-10-12,2022-10-01,2022,2,Wednesday,39,32.0,-7.0,True,14.4,5.6,delivered,True
ff4204af-649f-4ba1-9360-50bf1595c801,fd2f7669-544e-4b1a-9812-5448e1800cc1,DASHER_02639,2024-08-31 17:42:00,2024-08-31,2024-08-01,2024,17,Saturday,43,56.0,13.0,False,69.1,1.11,delivered,True
0350a8a7-11a3-4440-bfaa-f610e4f0cf43,1edc8afa-0d3f-4d62-a79a-ad57417bd64f,DASHER_03278,2024-01-08 21:51:00,2024-01-08,2024-01-01,2024,21,Monday,33,16.0,-17.0,True,26.69,3.43,delivered,True
7e273775-3ca7-4a61-8f47-b84aba6aca6b,50ab1adc-bdf5-4eb4-b5a1-72842c30a0f4,DASHER_01598,2024-09-02 23:54:00,2024-09-02,2024-09-01,2024,23,Monday,20,19.0,-1.0,True,21.94,5.97,delivered,True
05faae8b-128e-45c0-8e02-2288d72eed62,a12a64a0-f929-4bcf-9556-30726ff78f01,DASHER_00713,2024-12-01 21:50:00,2024-12-01,2024-12-01,2024,21,Sunday,40,29.0,-11.0,True,21.39,4.83,delivered,True
f63f85df-831e-4b17-aba4-e4b3db9644e4,fbf5f91e-7fdb-4083-9868-f3d21401c421,DASHER_01733,2024-08-14 09:28:00,2024-08-14,2024-08-01,2024,9,Wednesday,46,59.0,13.0,False,23.7,2.18,delivered,True
bfb54d4b-ddfe-4f57-a11f-760d8b08fbe9,7aad008b-5af5-402c-b9ec-9fa9921594f7,DASHER_02296,2022-07-03 07:45:00,2022-07-03,2022-07-01,2022,7,Sunday,53,58.0,5.0,True,30.64,4.32,delivered,True
1c407057-9741-4083-af13-57e8470648cb,280220a3-448d-4018-b918-53ffc3ded458,DASHER_02726,2022-09-10 19:59:00,2022-09-10,2022-09-01,2022,19,Saturday,41,23.0,-18.0,True,23.31,7.09,delivered,True
0d1baa2c-52a3-43e8-a283-edd2b8b2e429,3e615fe9-f6eb-4d9c-8e58-66031363460a,DASHER_04603,2022-05-13 18:24:00,2022-05-13,2022-05-01,2022,18,Friday,46,36.0,-10.0,True,44.22,2.62,delivered,True
0f729a4f-396a-4fbf-a568-4088362ea278,b7e1aead-c202-40b2-b6cd-90a9d21ae283,DASHER_00951,2023-06-15 08:05:00,2023-06-15,2023-06-01,2023,8,Thursday,33,41.0,8.0,False,37.31,5.0,delivered,True
2c3a2258-62f4-4c34-bc59-6c73f7dd859a,2b3fecea-43fe-49cc-b93a-a7dda66215c2,DASHER_01555,2022-09-18 21:24:00,2022-09-18,2022-09-01,2022,21,Sunday,34,34.0,0.0,True,52.52,3.23,delivered,True
0de365ba-7b2f-45b6-99c4-16d4195a131c,689eb5bf-3d0f-4246-ac10-7b0c40d98400,DASHER_00873,2024-01-18 20:59:00,2024-01-18,2024-01-01,2024,20,Thursday,16,20.0,4.0,True,11.1,3.76,delivered,True
dd0b6213-6da4-4112-b1d6-7fc0708ea7e8,81a3cfc5-b420-4612-ac89-4a54c17c9c56,DASHER_01207,2024-08-01 12:52:00,2024-08-01,2024-08-01,2024,12,Thursday,49,41.0,-8.0,True,21.73,5.65,delivered,True
e86f5145-de6f-4d64-83c9-677c5d014fa7,97b58304-f5c8-433a-b451-208b7b756c15,DASHER_04701,2022-03-12 18:19:00,2022-03-12,2022-03-01,2022,18,Saturday,32,14.0,-18.0,True,28.16,4.34,delivered,True
36c35974-b158-4676-8a29-8c5a85d258d2,843cd534-807f-41e5-b999-0bf74d49788a,DASHER_01725,2023-03-18 16:45:00,2023-03-18,2023-03-01,2023,16,Saturday,37,37.0,0.0,True,48.74,2.57,delivered,True
108eed95-f538-44a3-b2f8-c0ec9adc4323,af8468a4-30bb-461b-8e81-867623dd6a66,DASHER_01304,2022-04-18 22:49:00,2022-04-18,2022-04-01,2022,22,Monday,19,24.0,5.0,True,44.15,7.93,delivered,True
223f6bda-f548-4dcf-830a-f6b8974dae78,0333c093-7f7f-48ce-9493-bec321aebd3a,DASHER_04324,2024-03-14 12:43:00,2024-03-14,2024-03-01,2024,12,Thursday,27,28.0,1.0,True,26.72,7.45,delivered,True
9d1c90a0-6ecf-463f-aa7d-c67bee12da69,e9d681fe-a73b-4733-a61b-acbfae329aeb,DASHER_02490,2024-03-17 07:20:00,2024-03-17,2024-03-01,2024,7,Sunday,28,28.0,0.0,True,8.73,4.19,delivered,True
3d39e1ed-491d-471a-abff-1b6b07e3b302,1dd3c1ad-bbbc-47ad-9f82-aefa5b730315,DASHER_01602,2022-12-02 18:28:00,2022-12-02,2022-12-01,2022,18,Friday,32,23.0,-9.0,True,28.31,6.07,delivered,True
04c59255-4a16-4dfc-a6e9-09ed19d1d7e8,7634650c-d7d5-4b95-8bf9-6214c323c454,DASHER_01378,2022-07-28 19:54:00,2022-07-28,2022-07-01,2022,19,Thursday,33,50.0,17.0,False,57.92,7.47,delivered,True
0ebf7698-b39b-4302-ac61-9facb621da2d,98704bbd-22a4-4064-90df-f0915b69bccf,DASHER_02772,2022-07-16 13:30:00,2022-07-16,2022-07-01,2022,13,Saturday,36,39.0,3.0,True,8.0,5.38,delivered,True
bf239b5d-44c4-43bc-8980-d354e4d343d0,0fa7fed7-a716-449f-828c-ebdd00bb9908,DASHER_01413,2024-04-07 10:07:00,2024-04-07,2024-04-01,2024,10,Sunday,23,23.0,0.0,True,45.84,5.56,delivered,True
eef5be13-ffad-48bc-abc2-2e3a6612ce0c,ea894346-3083-48a4-91a5-1b9cf16c953b,DASHER_03130,2024-02-08 20:50:00,2024-02-08,2024-02-01,2024,20,Thursday,33,29.0,-4.0,True,25.06,3.56,delivered,True
e075d234-2d29-47d8-b496-97515f62f191,c758c09e-f198-43af-aba4-fecd75f2035d,DASHER_04807,2022-09-03 08:07:00,2022-09-03,2022-09-01,2022,8,Saturday,46,29.0,-17.0,True,30.01,5.0,delivered,True
d746d74c-cdfc-4af0-abc6-a01a8ebe3591,2481c45e-4b90-4472-aaa7-e14d81b4f2bf,DASHER_03552,2024-09-09 11:47:00,2024-09-09,2024-09-01,2024,11,Monday,43,52.0,9.0,False,26.18,3.27,delivered,True
1ce753f6-f29a-42c8-acb0-2d91189ce93d,578b3eac-363e-41f5-8e9d-10a9878fa709,DASHER_04342,2023-01-14 14:44:00,2023-01-14,2023-01-01,2023,14,Saturday,38,53.0,15.0,False,30.87,4.41,delivered,True
ba871727-d8ab-4396-9247-c0d7268420f4,62ae2b8a-f11d-4711-a2ae-3f025e299987,DASHER_01699,2024-11-28 21:34:00,2024-11-28,2024-11-01,2024,21,Thursday,31,11.0,-20.0,True,59.78,2.25,delivered,True
590643bc-894a-4131-ad38-604a880c765b,717f5a9c-c8d2-4626-bfc9-95c5c295726e,DASHER_01320,2023-01-04 00:28:00,2023-01-04,2023-01-01,2023,0,Wednesday,31,32.0,1.0,True,21.2,1.6,delivered,True
28438e74-4e75-4fda-8f67-338d58220fc8,c7b01f6b-88c2-431d-9f58-cd2b1f9352d7,DASHER_04459,2023-06-10 21:02:00,2023-06-10,2023-06-01,2023,21,Saturday,38,41.0,3.0,True,48.0,5.6,delivered,True
b4f73480-76a1-41dd-bd82-e7016c108f2d,ea0a15b8-0d7d-491b-8113-d407145deb2f,DASHER_04727,2023-05-24 12:33:00,2023-05-24,2023-05-01,2023,12,Wednesday,54,62.0,8.0,False,21.45,4.42,delivered,True
2084b976-e3ef-4198-8f97-51f95483e891,23eb233c-bbb7-41ce-9834-a5cefdc4017a,DASHER_00366,2023-10-03 17:22:00,2023-10-03,2023-10-01,2023,17,Tuesday,27,19.0,-8.0,True,29.28,3.09,delivered,True
326c129d-a81e-4b15-a440-2382cd4644d5,5b262e0b-16f4-4533-885a-32d3b65356a9,DASHER_03457,2023-03-17 22:38:00,2023-03-17,2023-03-01,2023,22,Friday,40,25.0,-15.0,True,22.05,1.51,delivered,True
da3126f6-dd31-4901-b7c2-c98b423d8b31,7bce55ce-fbbd-4d12-8b87-0fd2ee26e4fd,DASHER_03484,2023-06-07 11:41:00,2023-06-07,2023-06-01,2023,11,Wednesday,41,35.0,-6.0,True,36.26,2.42,delivered,True
b77a14c9-919f-4794-a9fa-6da0b011e82a,14b7426b-4a12-447e-bb7b-f03d01fce912,DASHER_04189,2023-07-06 23:44:00,2023-07-06,2023-07-01,2023,23,Thursday,33,22.0,-11.0,True,9.68,5.22,delivered,True
5d274ce7-8c68-4209-b4c7-7442b6536204,578f751c-9992-4a0c-9dfb-2771d002e870,DASHER_02027,2024-05-09 20:20:00,2024-05-09,2024-05-01,2024,20,Thursday,43,,,,35.34,1.76,cancelled,True
715a8427-81f1-46c5-bdc2-adf66df07376,32335eaa-b575-466d-a494-372d456b8e95,DASHER_01849,2024-04-13 06:40:00,2024-04-13,2024-04-01,2024,6,Saturday,36,58.0,22.0,False,45.93,2.91,delivered,True
e361743a-bea4-442d-9f16-ea2c48793cee,303af62e-f957-4b8b-9228-308828fd0474,DASHER_04312,2022-07-20 13:14:00,2022-07-20,2022-07-01,2022,13,Wednesday,32,35.0,3.0,True,26.76,6.74,delivered,True
3d2b9e19-ac65-4702-9d72-c09cef3a7868,60bac4b7-e0e5-43d3-b1a0-952b377afe55,DASHER_00811,2024-09-29 07:22:00,2024-09-29,2024-09-01,2024,7,Sunday,28,21.0,-7.0,True,8.0,7.27,delivered,True
e098878f-5b6f-4591-8136-04120a4c322a,5c76f01b-cdd1-4c2f-bb23-581dce161f86,DASHER_04355,2022-12-16 12:48:00,2022-12-16,2022-12-01,2022,12,Friday,29,36.0,7.0,False,8.0,3.81,delivered,True
de2ba0cf-7d0e-4606-9724-39e4164a7a1b,7ed00303-65f7-4822-8bb3-ea20a7c9f7c2,DASHER_04649,2022-09-19 11:43:00,2022-09-19,2022-09-01,2022,11,Monday,29,23.0,-6.0,True,27.76,6.14,delivered,True
a60b1886-c113-46a0-bf66-632bae1ef01f,ea870a94-b7d0-4c5b-9667-e7e12fbc0851,DASHER_03426,2022-04-19 22:40:00,2022-04-19,2022-04-01,2022,22,Tuesday,47,44.0,-3.0,True,25.94,7.89,delivered,True
6367a4cb-7c69-4bfe-a979-477ca341ceb6,65432ce1-fe52-4c25-8191-61ed50e30362,DASHER_01874,2024-08-17 16:17:00,2024-08-17,2024-08-01,2024,16,Saturday,30,43.0,13.0,False,23.16,3.13,delivered,True
41b68d83-298a-45bb-9df3-63fc8f6b1669,06faa0f3-0587-4f11-b6b5-9e1145227000,DASHER_01966,2022-06-28 22:26:00,2022-06-28,2022-06-01,2022,22,Tuesday,36,14.0,-22.0,True,36.98,1.39,delivered,True
0da67e71-6279-4ae5-9052-d43bd715f024,0a81fa0a-021b-4194-a11a-f3eb5998fb70,DASHER_04167,2023-08-09 17:31:00,2023-08-09,2023-08-01,2023,17,Wednesday,33,33.0,0.0,True,26.45,7.52,delivered,True
aad05722-a1c5-4759-a6d5-1ae54cc23868,74d4b6ee-66d1-495a-a81f-1b213e739b16,DASHER_03321,2022-10-07 16:32:00,2022-10-07,2022-10-01,2022,16,Friday,30,14.0,-16.0,True,38.21,6.81,delivered,True
a84bb133-c92f-48c7-925e-5285fa34cafa,cc86ffe0-902e-4790-87df-41573291b731,DASHER_04326,2022-01-15 19:44:00,2022-01-15,2022-01-01,2022,19,Saturday,35,25.0,-10.0,True,25.55,5.78,delivered,True
936eab77-3087-4fe7-9394-b715119bcd2f,a4f6958c-7211-4240-a935-fa36c3ecac38,DASHER_01432,2022-03-28 18:10:00,2022-03-28,2022-03-01,2022,18,Monday,27,10.0,-22.0,True,54.05,4.59,delivered,True
75c57c6a-6271-46ef-a51c-b7b34932f96a,e332c60f-fa43-408c-95cc-751ec7688d1a,DASHER_02046,2022-04-15 15:24:00,2022-04-15,2022-04-01,2022,15,Friday,41,56.0,15.0,False,63.32,6.81,delivered,True
0f40e5f0-418f-4843-86ba-ce63d29ebc56,0fb40207-a866-49d4-95e5-d4664388bad0,DASHER_03224,2022-08-30 12:30:00,2022-08-30,2022-08-01,2022,12,Tuesday,33,40.0,7.0,False,31.1,7.52,delivered,True
15e0a2fe-41a7-4d62-b694-3f49fefe25b0,dc041d53-60bf-4bcd-b709-69476bdc19cf,DASHER_02914,2024-11-21 20:02:00,2024-11-21,2024-11-01,2024,20,Thursday,41,64.0,23.0,False,15.99,1.03,delivered,True
7c51a162-601f-4468-b898-a48f351cd523,7fcf8176-aea3-4776-adee-69b64556a1c9,DASHER_02904,2024-07-31 12:22:00,2024-07-31,2024-07-01,2024,12,Wednesday,40,46.0,6.0,False,44.4,2.37,delivered,True
8555704c-c72f-4f15-bc78-e14dd4e95742,46dfbcd2-f634-47ac-90bd-36d96f4c9cc3,DASHER_02049,2024-12-19 17:09:00,2024-12-19,2024-12-01,2024,17,Thursday,35,,,,46.14,2.57,cancelled,True
b5db2a1e-36d3-4688-99e8-cc15efd97ef3,3676ce48-4d9e-4aee-86a1-16121f7866d1,DASHER_03592,2024-03-20 13:23:00,2024-03-20,2024-03-01,2024,13,Wednesday,30,33.0,3.0,True,19.54,1.97,delivered,True
3a2019ba-d5f6-43ee-bb2c-8f04bef6fa65,d91704fa-48a1-49e1-ba4a-5b0ddbe58d30,DASHER_01095,2024-06-07 00:56:00,2024-06-07,2024-06-01,2024,0,Friday,27,32.0,5.0,True,21.25,3.75,delivered,True
31e84e59-db7a-4cea-9ca1-20c875c408a0,645e65a9-0b2e-449e-b8b3-3c362871f715,DASHER_00973,2023-11-10 21:10:00,2023-11-10,2023-11-01,2023,21,Friday,25,10.0,-25.0,True,11.82,6.59,delivered,True
40e943f5-1f9f-45dc-91d9-9dac908e0172,9d74c87a-f4fb-4b32-8f9e-a5cb3dca9742,DASHER_03185,2022-09-18 12:48:00,2022-09-18,2022-09-01,2022,12,Sunday,39,41.0,2.0,True,13.62,1.91,delivered,True
422d1fdb-fc5e-494e-b4b4-2a22f595d699,16d9d5ff-641b-4b36-a4f4-3ca18e4c50af,DASHER_00426,2022-08-09 20:08:00,2022-08-09,2022-08-01,2022,20,Tuesday,40,51.0,11.0,False,22.52,7.83,delivered,True
c4c78677-507c-4b56-b1fe-da4c8448052a,c4cfb25e-27a9-4fba-9ed9-0f21f19a38cd,DASHER_01249,2022-01-17 15:18:00,2022-01-17,2022-01-01,2022,15,Monday,28,27.0,-1.0,True,34.6,6.09,delivered,True
24d3fa34-ef41-42b7-9e51-b2a91bc713c7,83315ede-7778-44a5-b680-1030fcc1e342,DASHER_03515,2023-01-18 10:49:00,2023-01-18,2023-01-01,2023,10,Wednesday,39,45.0,6.0,False,35.98,6.66,delivered,True
b802f260-f914-4a4b-a93e-d5efcbdec4d5,c8b3d72b-b3f9-431c-bfde-6a0d49c90dcb,DASHER_00986,2024-10-25 18:12:00,2024-10-25,2024-10-01,2024,18,Friday,46,62.0,16.0,False,27.56,1.92,delivered,True
38c8bb8c-ab4b-4d57-89f6-5fb741c99a82,73abd7ea-c7d6-4673-861b-c0dcd8709d37,DASHER_00417,2022-03-20 11:12:00,2022-03-20,2022-03-01,2022,11,Sunday,42,37.0,-5.0,True,15.13,5.89,delivered,True
19de2460-7a68-4575-888c-3a6b7f27f620,1f073c53-ef32-4629-b0b7-ef431ef2e441,DASHER_00901,2023-04-19 10:27:00,2023-04-19,2023-04-01,2023,10,Wednesday,41,27.0,-14.0,True,30.83,2.87,delivered,True
d217dcb6-1a8e-475c-8c2a-1283262b8a2a,d2404a7c-420d-48ea-bbec-bf44d8a6fb5d,DASHER_00004,2023-07-29 22:45:00,2023-07-29,2023-07-01,2023,22,Saturday,28,33.0,5.0,True,51.97,2.47,delivered,True
87183927-7438-4078-b970-fd5824a298c4,1aedc3eb-7064-4caf-b301-0f99939a5948,DASHER_02738,2024-08-24 11:38:00,2024-08-24,2024-08-01,2024,11,Saturday,39,45.0,6.0,False,34.17,3.12,delivered,True
382f91a1-9d4b-46d3-8d32-173ec2e6c4df,aa743637-010b-4033-9774-3e2e956bf8b5,DASHER_02960,2022-07-18 19:43:00,2022-07-18,2022-07-01,2022,19,Monday,19,12.0,-7.0,True,27.61,5.22,delivered,True
10a0cdfd-4141-4e6b-a038-9a353e1a5a17,376cddf7-a0c8-42c1-9ca9-8c60a0517984,DASHER_04930,2023-05-03 19:13:00,2023-05-03,2023-05-01,2023,19,Wednesday,24,20.0,-4.0,True,25.26,1.83,delivered,True
ea7d3eac-a8f7-4410-b3bb-cba70f1fca74,408db516-3459-49cc-b037-6850a727ce44,DASHER_02469,2023-01-26 09:28:00,2023-01-26,2023-01-01,2023,9,Thursday,37,35.0,-2.0,True,21.5,2.4,delivered,True
9f1ec1e5-4001-41f8-92cf-fc823aabc573,4be517bb-bb0c-411b-9b63-724270e10e30,DASHER_04590,2022-11-11 04:12:00,2022-11-11,2022-11-01,2022,4,Friday,15,10.0,-16.0,True,40.13,7.82,delivered,True
611f0dad-d4ad-4947-81e2-e83934dffbfd,34215512-7a10-4e42-9120-d6c1f16ec78e,DASHER_04127,2024-01-20 15:45:00,2024-01-20,2024-01-01,2024,15,Saturday,41,49.0,8.0,False,30.8,2.91,delivered,True
73813d19-0c99-41f0-9db7-b36087ae1704,b5606e4b-60f6-48e9-ac69-c1d8d4a44e80,DASHER_03256,2022-09-22 11:36:00,2022-09-22,2022-09-01,2022,11,Thursday,30,59.0,29.0,False,43.49,4.46,delivered,True
dd53f2c9-e5f5-4da4-a1de-57ed81cd1888,ec5f75bb-f14b-4e7e-8a0f-75cdc2b8e8b5,DASHER_03196,2024-12-26 21:04:00,2024-12-26,2024-12-01,2024,21,Thursday,41,58.0,17.0,False,18.8,2.28,delivered,True
9fa09595-a373-4fe9-be5f-7296b4595528,e454eb97-b31b-4f23-9ebd-05ac8cb94671,DASHER_04127,2022-11-24 18:37:00,2022-11-24,2022-11-01,2022,18,Thursday,38,30.0,-8.0,True,8.0,5.94,delivered,True
f684fac8-31bd-4811-9086-b7b2baf370e6,2c15b7cc-7d43-4340-bc94-8d8b6d6485ec,DASHER_01834,2024-12-11 11:54:00,2024-12-11,2024-12-01,2024,11,Wednesday,37,55.0,18.0,False,39.11,1.26,delivered,True
7803491f-955e-4b20-80f7-523780ef13c6,6246a3ea-031d-46d2-ac96-8112879411b3,DASHER_02039,2022-10-31 22:17:00,2022-10-31,2022-10-01,2022,22,Monday,36,44.0,8.0,False,23.24,7.92,delivered,True
9465c70b-1229-4c47-8d3b-23ff52f01b17,edd7d8bd-63fd-440b-9448-1ec3c07bcde0,DASHER_00681,2023-03-07 17:00:00,2023-03-07,2023-03-01,2023,17,Tuesday,28,15.0,-13.0,True,57.89,2.84,delivered,True
bfb0dabe-9816-403b-99f6-5e451b26ee8a,89cf3c09-cf6c-41d4-b529-f0a2a09d2a85,DASHER_02912,2022-10-01 14:39:00,2022-10-01,2022-10-01,2022,14,Saturday,29,20.0,-9.0,True,70.34,2.52,delivered,True
18bdf9a6-c179-40b3-8b8d-59182425cf1f,a45ca8d9-e7fb-4f15-93a0-766d51c161b9,DASHER_04778,2023-07-27 09:01:00,2023-07-27,2023-07-01,2023,9,Thursday,15,10.0,-7.0,True,47.98,3.66,delivered,True
49a74de7-f9f2-48d8-962a-0e1ed46ad763,edd7d8bd-63fd-440b-9448-1ec3c07bcde0,DASHER_02201,2023-06-12 21:40:00,2023-06-12,2023-06-01,2023,21,Monday,43,37.0,-6.0,True,22.29,2.42,delivered,True
8d7b2fa8-1a3b-41bb-b5f4-d284bb18dbc2,6d8e5a88-891a-4930-af83-e6a2bb5e3aae,DASHER_00767,2024-03-20 09:14:00,2024-03-20,2024-03-01,2024,9,Wednesday,33,21.0,-12.0,True,11.87,6.7,delivered,True
af2acd1d-c450-477a-b600-0460769f17cd,936632ba-dc72-45f7-9c7a-8265e043af99,DASHER_01334,2022-12-27 09:31:00,2022-12-27,2022-12-01,2022,9,Tuesday,35,42.0,7.0,False,25.2,7.19,delivered,True
b95941f6-4fc1-4dba-8e4e-9fd127853a1a,4ae2a95c-4f3f-4078-a542-685cc396e39a,DASHER_03297,2024-03-18 19:12:00,2024-03-18,2024-03-01,2024,19,Monday,37,38.0,1.0,True,43.33,6.08,delivered,True
061a25fa-d291-4e0a-9366-d5a64911c951,720d1deb-906d-451e-94c9-107cec6cdf0a,DASHER_00358,2022-01-25 18:24:00,2022-01-25,2022-01-01,2022,18,Tuesday,40,,,,33.32,1.92,cancelled,True
0e522eec-1779-40da-9212-523b0efaae87,990e4fbc-bea9-45c2-b137-c5a01a23070d,DASHER_00871,2022-06-21 11:40:00,2022-06-21,2022-06-01,2022,11,Tuesday,23,,,,8.0,6.96,cancelled,True
fe803da5-d303-4b69-b3f3-3ef67bf53241,00d06576-a313-4f5c-a319-06f7494f0357,DASHER_02717,2022-06-24 10:30:00,2022-06-24,2022-06-01,2022,10,Friday,31,32.0,1.0,True,8.0,4.34,delivered,True
5f742304-d4c3-4c62-b7ef-9234dd08759e,a5a9932e-f5ee-4c1e-b9da-61f6f3cb6378,DASHER_00842,2023-05-15 05:44:00,2023-05-15,2023-05-01,2023,5,Monday,33,,,,21.79,7.2,cancelled,True
63f55804-f031-49ec-bbd2-3ebe8d72caba,eef4c2a1-ac15-4315-a6d1-2b28848118ca,DASHER_02349,2024-04-30 08:58:00,2024-04-30,2024-04-01,2024,8,Tuesday,33,34.0,1.0,True,39.12,2.57,delivered,True
818553e5-523d-46aa-bdc7-1355e5ff3af7,378e23e4-3769-4d48-a472-f4b39ab04dee,DASHER_01839,2024-02-27 19:45:00,2024-02-27,2024-02-01,2024,19,Tuesday,36,31.0,-5.0,True,58.57,3.49,delivered,True
9d425a27-9196-4eed-87b6-6e5a87fe20ed,f6c23698-bc28-4423-9f0c-eef0724e3cc0,DASHER_01458,2023-11-15 08:59:00,2023-11-15,2023-11-01,2023,8,Wednesday,46,50.0,4.0,True,25.62,3.99,delivered,True
2b52e943-8a2d-4c02-be87-c46753cf25bb,c58511e2-7722-45db-a324-c70baad7b83b,DASHER_02351,2023-11-17 18:43:00,2023-11-17,2023-11-01,2023,18,Friday,19,30.0,11.0,False,24.43,7.4,delivered,True
ec2436d9-5bb3-41c4-96a6-90216ced743e,907086a2-cf58-43c1-8fa8-8d1779f622d2,DASHER_01217,2024-01-26 22:51:00,2024-01-26,2024-01-01,2024,22,Friday,38,55.0,17.0,False,13.68,6.43,delivered,True
88f9c247-e54a-46f0-aaf5-1633efe7f0be,b5606e4b-60f6-48e9-ac69-c1d8d4a44e80,DASHER_00551,2022-10-28 12:24:00,2022-10-28,2022-10-01,2022,12,Friday,21,28.0,7.0,False,40.5,6.08,delivered,True
a2301379-8e14-4a50-9c1a-9fd71147ea8a,caee2cf1-dc31-4f24-995e-e658c409237e,DASHER_03942,2022-10-24 07:08:00,2022-10-24,2022-10-01,2022,7,Monday,40,44.0,4.0,True,41.96,5.84,delivered,True
23bf617b-7bd5-4130-bd2d-1352e33f4330,8f38a302-aaa3-40c0-8724-be5162259a9d,DASHER_03139,2024-04-27 18:40:00,2024-04-27,2024-04-01,2024,18,Saturday,27,45.0,18.0,False,13.16,4.73,delivered,True
f872ed00-08c1-4ab1-a2de-a63a118f280b,aff84c9d-000d-4524-9fe0-567471ef54f2,DASHER_01796,2024-12-26 17:14:00,2024-12-26,2024-12-01,2024,17,Thursday,39,28.0,-11.0,True,41.62,5.91,delivered,True
d24c8308-6d10-4b4a-97df-5eb06997db0d,897c6b39-e675-4dc0-a4e5-46fce9adc92d,DASHER_01094,2023-04-27 13:13:00,2023-04-27,2023-04-01,2023,13,Thursday,36,36.0,0.0,True,33.12,3.44,delivered,True
9a6d6cf9-275e-474d-8a1b-8786ae53a9af,871141a2-08ec-4c5b-b97a-403c484aa3a0,DASHER_01986,2022-10-13 12:09:00,2022-10-13,2022-10-01,2022,12,Thursday,33,40.0,7.0,False,12.17,2.47,delivered,True
5be9953a-b300-41a7-a7e1-3564a5fe017a,874784c7-743a-432a-9a60-8e2efb000967,DASHER_00215,2023-04-05 05:08:00,2023-04-05,2023-04-01,2023,5,Wednesday,44,56.0,12.0,False,23.26,1.37,delivered,True
6af4a9ac-e0b8-44e2-9f2b-7463562a7cad,7b8cb828-e020-4ec7-b641-4b1f10444111,DASHER_02992,2022-08-06 19:04:00,2022-08-06,2022-08-01,2022,19,Saturday,27,12.0,-15.0,True,31.42,1.98,delivered,True
54da442e-972f-4ba0-b413-c52249acdc04,90218675-5376-43e2-8431-b834fd1263af,DASHER_01147,2023-05-17 06:36:00,2023-05-17,2023-05-01,2023,6,Wednesday,39,29.0,-10.0,True,28.22,3.09,delivered,True
2c6ff468-0ca3-4f4d-8165-0e2eb70c6dd0,78e42928-d3f2-4584-878f-410b57b13657,DASHER_00491,2024-04-22 19:28:00,2024-04-22,2024-04-01,2024,19,Monday,22,25.0,3.0,True,8.0,7.16,delivered,True
6ccb38a4-dc73-483f-b12f-07af89c6c74a,e54b34c9-9e3e-44d2-b8ee-cb0e9e34de59,DASHER_03721,2022-03-07 18:11:00,2022-03-07,2022-03-01,2022,18,Monday,33,33.0,0.0,True,8.0,7.42,delivered,True
9de37a0e-b18a-4296-b488-5970cb851d6e,82acab3b-09c6-4b99-a338-8fe7ce949381,DASHER_03092,2024-10-24 12:14:00,2024-10-24,2024-10-01,2024,12,Thursday,29,23.0,-6.0,True,32.54,7.84,delivered,True
cba19ff7-4ce2-4a5c-ac39-56520be746fc,2f817f00-6f17-4007-9a83-6f408dde3733,DASHER_04581,2022-09-14 20:25:00,2022-09-14,2022-09-01,2022,20,Wednesday,30,25.0,-5.0,True,23.75,5.84,delivered,True
d9a167b1-a915-4d2b-ba42-f8ec869ecdb3,bb4dae2b-41c6-450d-99d2-1a0f3e8055d0,DASHER_03475,2024-09-04 12:41:00,2024-09-04,2024-09-01,2024,12,Wednesday,33,24.0,-9.0,True,36.74,2.35,delivered,True
23cccc37-2d34-4412-9f11-fc8248cbfb5b,56330a1b-d982-4ee7-aab9-a723c03812be,DASHER_01333,2022-08-11 07:23:00,2022-08-11,2022-08-01,2022,7,Thursday,22,,,,23.17,5.17,cancelled,True
20a616ed-ebab-4541-bbbd-f7559bc2cafd,af892821-33c1-485d-b27d-d704d884d8ad,DASHER_04626,2023-09-26 09:12:00,2023-09-26,2023-09-01,2023,9,Tuesday,34,33.0,-1.0,True,25.56,1.3,delivered,True
9d2c068c-51e1-44da-ab6e-04502147622c,d4eee952-6069-46d0-a0d3-2142b6f8d900,DASHER_02313,2024-09-17 04:20:00,2024-09-17,2024-09-01,2024,4,Tuesday,40,45.0,5.0,True,45.58,3.19,delivered,True
eefc8255-5c8a-40ae-ac01-931ab73e053f,aa743637-010b-4033-9774-3e2e956bf8b5,DASHER_04125,2024-03-11 19:08:00,2024-03-11,2024-03-01,2024,19,Monday,32,31.0,-1.0,True,22.01,1.7,delivered,True
614b326f-fff7-46e7-9d06-0a391c4b0cd5,6bac540e-4654-4065-ab1b-d4caf2c1ac61,DASHER_01320,2022-11-04 02:50:00,2022-11-04,2022-11-01,2022,2,Friday,27,37.0,10.0,False,38.2,7.19,delivered,True
6c97de6b-7586-40c8-897f-56e68083cf1a,455969b1-2c40-40b5-8bc4-f678997233c2,DASHER_01319,2022-07-11 22:14:00,2022-07-11,2022-07-01,2022,22,Monday,42,58.0,16.0,False,10.42,7.94,delivered,True
0161a4e6-d056-4b56-937a-7012b4422a73,153c719e-0fc7-45b4-b0ef-33049a5574d8,DASHER_01074,2024-10-24 17:46:00,2024-10-24,2024-10-01,2024,17,Thursday,27,18.0,-9.0,True,20.98,6.98,delivered,True
979a0a8c-539e-44ca-a578-3c2d838d5ffe,53e230c7-815a-47f9-9cf7-b99477c82453,DASHER_04971,2024-06-01 04:45:00,2024-06-01,2024-06-01,2024,4,Saturday,41,42.0,1.0,True,13.82,1.51,delivered,True
01a2fec1-dcba-437f-a13a-699250c8e469,b18b3960-bad9-455c-9652-fa70314346fd,DASHER_04482,2022-11-09 17:31:00,2022-11-09,2022-11-01,2022,17,Wednesday,36,37.0,1.0,True,46.54,7.26,delivered,True
ce9cd490-3013-4c54-adfe-8a54a6b5100e,f1403c9b-1fc5-427d-a9f2-121f8bcd4ab1,DASHER_02976,2024-10-18 07:20:00,2024-10-18,2024-10-01,2024,7,Friday,24,28.0,4.0,True,39.49,3.46,delivered,True
8047bd96-11a0-4a4b-9c7a-136d922f331f,5317d8c8-53d0-4405-b376-dfe0d224f6b9,DASHER_03621,2022-05-26 09:49:00,2022-05-26,2022-05-01,2022,9,Thursday,15,23.0,8.0,False,23.66,1.86,delivered,True
1ed6e395-cf34-4c80-a289-a755fb35a89a,9f3dff24-a5d7-4924-8e12-bba837b933f5,DASHER_01056,2024-09-26 03:54:00,2024-09-26,2024-09-01,2024,3,Thursday,31,29.0,-2.0,True,43.48,4.08,delivered,True
fd1f5092-cbf2-4f70-a7e9-9038427c7d78,554ec36e-d754-47b2-97f4-04be874b7d9e,DASHER_00349,2024-11-15 21:20:00,2024-11-15,2024-11-01,2024,21,Friday,26,38.0,12.0,False,12.84,6.18,delivered,True
6f9ab996-6df6-4dc2-b257-f42ab01c3010,3a0ddd08-6f6f-4b00-8407-83f57b8f9323,DASHER_04670,2023-05-17 19:35:00,2023-05-17,2023-05-01,2023,19,Wednesday,27,50.0,23.0,False,29.97,3.78,delivered,True
d7f08365-895a-4714-aa26-63167ad7ac28,6246a3ea-031d-46d2-ac96-8112879411b3,DASHER_04383,2022-05-30 10:55:00,2022-05-30,2022-05-01,2022,10,Monday,31,32.0,1.0,True,42.08,1.59,delivered,True
5ef2d802-20b7-4791-9273-400367154d2a,64a33811-deac-463c-9e83-7c4bdb422034,DASHER_02599,2022-08-10 22:59:00,2022-08-10,2022-08-01,2022,22,Wednesday,29,19.0,-10.0,True,38.14,3.39,delivered,True
443ce262-464f-4964-a96d-926f420bbe3a,3e3d6ca6-c6dd-4fc3-8f86-10d0bfabce1f,DASHER_03849,2024-09-22 10:47:00,2024-09-22,2024-09-01,2024,10,Sunday,28,,,,34.84,4.97,cancelled,True
e53e4a16-28bf-4d63-835b-68b7b4853ee6,5234d9df-1b99-4690-bdca-66e8a4d70cac,DASHER_01732,2024-02-18 06:51:00,2024-02-18,2024-02-01,2024,6,Sunday,39,31.0,-8.0,True,40.66,7.07,delivered,True
7ab03c57-3990-4180-8f77-7ee1b1483ae9,e8b0ea68-73d4-42b3-b187-a603c5c9a28b,DASHER_02443,2024-05-16 11:40:00,2024-05-16,2024-05-01,2024,11,Thursday,36,41.0,5.0,True,40.03,3.93,delivered,True
dd02882a-6309-43ea-bfb4-4f73b8212de0,0c48462c-2d39-415b-872f-ab8c637b5739,DASHER_02801,2023-03-15 19:16:00,2023-03-15,2023-03-01,2023,19,Wednesday,28,29.0,1.0,True,33.06,7.73,delivered,True
ca1aa52e-a250-4ba3-9bbf-33066c3e7f03,eb080d94-7489-47cd-95e3-81a740994fee,DASHER_01316,2023-09-01 09:22:00,2023-09-01,2023-09-01,2023,9,Friday,43,39.0,-4.0,True,44.2,7.38,delivered,True
54360b68-38eb-4ab9-ad35-6cebd5750e77,fba73bf8-d40c-4e3a-a42a-04eca45ec072,DASHER_04738,2024-03-07 20:35:00,2024-03-07,2024-03-01,2024,20,Thursday,33,36.0,3.0,True,8.71,5.31,delivered,True
7a05a5b6-aaf2-4877-aa38-77e6e375da92,33bd0c64-8609-4bc7-9584-30cd8db6a3d0,DASHER_00116,2023-10-26 19:52:00,2023-10-26,2023-10-01,2023,19,Thursday,47,40.0,-7.0,True,38.23,2.02,delivered,True
692d556f-4ea5-47a3-ba93-6e9057fb972d,ba635572-003c-4c78-8e49-b10d37d3cb89,DASHER_01029,2023-10-11 08:43:00,2023-10-11,2023-10-01,2023,8,Wednesday,42,,,,38.59,5.43,cancelled,True
2d93da88-72f9-424d-98ad-6aa48de7784f,ac18dc03-1988-4407-8739-8c004c9f5a59,DASHER_04922,2022-07-19 03:47:00,2022-07-19,2022-07-01,2022,3,Tuesday,43,42.0,-1.0,True,18.53,7.66,delivered,True
2375ae1e-424a-4f3b-ae14-40b0b07b56a4,19d8e326-57ae-4ac6-8d2f-75b70663f597,DASHER_01021,2022-01-30 13:23:00,2022-01-30,2022-01-01,2022,13,Sunday,40,65.0,25.0,False,31.75,5.89,delivered,True
3de1af7b-e9ca-4966-9373-49c4d2df3799,319c27e1-7578-4321-8359-8b17365b6162,DASHER_02751,2024-07-22 14:22:00,2024-07-22,2024-07-01,2024,14,Monday,29,41.0,12.0,False,35.56,3.99,delivered,True
60e5a70a-bd99-4377-ba8a-db0c37211ef6,c56034aa-2f78-4abb-8b41-ca896dd43bbd,DASHER_03583,2022-12-29 17:10:00,2022-12-29,2022-12-01,2022,17,Thursday,38,27.0,-11.0,True,24.6,5.43,delivered,True
9089de5e-ee71-4f2e-83ad-24d38b8a99c8,1891ca52-a128-4079-9e25-a99ba500b733,DASHER_03369,2022-07-23 23:51:00,2022-07-23,2022-07-01,2022,23,Saturday,36,,,,48.36,5.36,cancelled,True
07cf8576-9bb3-4772-8c5f-a62dd7546218,a89041ac-d1d7-458f-b7c4-34e91ba40518,DASHER_01735,2022-07-24 18:32:00,2022-07-24,2022-07-01,2022,18,Sunday,43,41.0,-2.0,True,26.61,2.55,delivered,True
041e02c6-c89b-4643-9b7b-8d2588b83023,dbdd8700-4315-45f7-9787-ba083cc18cdc,DASHER_03800,2024-07-20 17:07:00,2024-07-20,2024-07-01,2024,17,Saturday,38,50.0,12.0,False,8.0,5.92,delivered,True
db569fc5-50ea-4eba-bb80-62e258ab4d4d,0743d601-3bf8-4702-90f1-672ae409d0f2,DASHER_02166,2024-03-21 00:23:00,2024-03-21,2024-03-01,2024,0,Thursday,42,44.0,2.0,True,11.01,3.14,delivered,True
5a8d889a-952a-4934-b117-b04208c2c856,20d086fe-d946-4918-aec8-9a0e0af401e0,DASHER_03067,2024-04-29 19:00:00,2024-04-29,2024-04-01,2024,19,Monday,41,,,,38.3,6.18,cancelled,True
a604c0b1-0534-4bcb-851f-4c0782a50a2a,fbc3744c-57fe-4f65-891e-ad5724238208,DASHER_03222,2023-10-13 12:36:00,2023-10-13,2023-10-01,2023,12,Friday,26,34.0,8.0,False,28.0,6.79,delivered,True
c0f6a27e-f849-4848-a18c-437be36ba98e,5c48c9f0-00b2-4827-a304-2a43104237c0,DASHER_04237,2024-05-28 08:40:00,2024-05-28,2024-05-01,2024,8,Tuesday,25,37.0,12.0,False,34.41,5.96,delivered,True
d60c522d-6773-44db-b2d0-eb2a93172db8,e1af6754-8e99-4bd0-9cc2-e8cbc3d019cf,DASHER_02131,2022-09-16 16:40:00,2022-09-16,2022-09-01,2022,16,Friday,39,29.0,-10.0,True,21.55,6.85,delivered,True
35f3a170-06e7-4771-96a3-4c01eae5f823,3b8f2820-4b18-45f6-8a13-0bc9b5576a0d,DASHER_04860,2022-11-22 22:13:00,2022-11-22,2022-11-01,2022,22,Tuesday,36,,,,40.41,4.8,cancelled,True
1c07d1f5-7743-40a1-874c-6cadb1e0efab,3bcfb998-0838-4404-bd85-1c937d6bba27,DASHER_02933,2022-06-11 18:01:00,2022-06-11,2022-06-01,2022,18,Saturday,44,44.0,0.0,True,20.57,2.3,delivered,True
03460b00-6142-4b82-88d3-9f9fbcbb3b8f,fd668d0b-77a8-4b2b-9d6c-e5e70fd61cdf,DASHER_02133,2023-03-31 12:34:00,2023-03-31,2023-03-01,2023,12,Friday,41,25.0,-16.0,True,22.01,7.53,delivered,True
dcf8c34e-70f3-418f-8c6d-229859c70512,0e9dd086-3e85-4a97-be94-d44552d2af83,DASHER_00877,2022-02-17 18:37:00,2022-02-17,2022-02-01,2022,18,Thursday,29,32.0,3.0,True,23.1,1.98,delivered,True
ee954fb3-afa5-4b81-b85f-f6d7615550e9,656e2e08-057d-4130-90cd-992bda818642,DASHER_03201,2023-06-21 21:05:00,2023-06-21,2023-06-01,2023,21,Wednesday,48,58.0,10.0,False,50.05,3.89,delivered,True
30329cef-8632-4cf1-8ee3-4b8f84c66535,52e8fb34-c578-4ef6-aa7a-6b36da3362b7,DASHER_03693,2024-09-23 22:04:00,2024-09-23,2024-09-01,2024,22,Monday,43,46.0,3.0,True,43.67,6.65,delivered,True
0a0132d6-6ea6-4c7b-9d3e-1d6dcfc10ec5,89448ab9-6c2e-4220-87ec-74be30da6836,DASHER_00960,2023-01-04 12:57:00,2023-01-04,2023-01-01,2023,12,Wednesday,39,52.0,13.0,False,75.74,4.38,delivered,True
3191b87e-4e77-4bde-a1a8-ab5db8fdb818,873d9f00-78ab-4a0e-982c-83392b4ce873,DASHER_00188,2022-01-11 09:47:00,2022-01-11,2022-01-01,2022,9,Tuesday,31,31.0,0.0,True,36.14,4.62,delivered,True
41192c09-0855-411c-9998-7f7bbbf8a0df,93660b97-def1-4f6e-b222-832d6508d55d,DASHER_00683,2022-11-09 10:23:00,2022-11-09,2022-11-01,2022,10,Wednesday,39,44.0,5.0,True,23.54,2.86,delivered,True
4a50037b-84c2-49dc-a24e-4c0b273ac25d,9415a31e-0086-423a-9829-8b02075b25f7,DASHER_04061,2024-09-13 09:05:00,2024-09-13,2024-09-01,2024,9,Friday,16,10.0,-8.0,True,43.97,4.04,delivered,True
a9fc4273-3d66-4ccd-9316-d79922b00947,5f3ba672-bb5c-47f6-a06a-6aee121dc288,DASHER_03218,2024-03-30 22:16:00,2024-03-30,2024-03-01,2024,22,Saturday,40,56.0,16.0,False,49.76,5.1,delivered,True
5b7d9a4a-0fe6-425e-a170-b42cbd2b35fb,3b2809a6-93e2-409e-b4cd-65df73ed4b5b,DASHER_02225,2022-12-06 20:46:00,2022-12-06,2022-12-01,2022,20,Tuesday,43,19.0,-24.0,True,30.87,6.7,delivered,True
802e47d5-c811-4d97-8b1b-7f995a0152f9,0747e5b7-b4bc-4c89-8fc6-0262600d088b,DASHER_00526,2022-08-09 18:27:00,2022-08-09,2022-08-01,2022,18,Tuesday,37,47.0,10.0,False,8.0,7.7,delivered,True
467c67a5-778f-4118-aaaa-26d840db5c63,59e4c33d-eed6-458b-8eab-83eebb13bb2f,DASHER_02885,2023-06-03 18:18:00,2023-06-03,2023-06-01,2023,18,Saturday,40,21.0,-19.0,True,9.84,3.78,delivered,True
d5b505a7-9358-46cc-839a-fa686d489749,b6e2bc92-4273-48b0-9efb-c0b522c2dd3b,DASHER_03044,2022-08-23 09:20:00,2022-08-23,2022-08-01,2022,9,Tuesday,30,33.0,3.0,True,10.41,1.85,delivered,True
a7905f27-3431-4b6a-a931-2bfc12973812,da5fa659-0076-4026-9d72-5e73d4143276,DASHER_01905,2023-10-15 19:45:00,2023-10-15,2023-10-01,2023,19,Sunday,45,39.0,-6.0,True,43.27,4.92,delivered,True
07a08e28-53ec-421e-8fce-93df471e24ba,60bac4b7-e0e5-43d3-b1a0-952b377afe55,DASHER_00612,2024-02-29 11:13:00,2024-02-29,2024-02-01,2024,11,Thursday,31,31.0,0.0,True,9.17,5.76,delivered,True
be9046d4-1f2a-416a-936a-7e7312d624a2,6822d6f3-d1a8-4a5d-afd8-c1d43a5890cd,DASHER_02248,2024-06-10 12:20:00,2024-06-10,2024-06-01,2024,12,Monday,29,30.0,1.0,True,33.04,3.94,delivered,True
3ad1f1c0-b7a2-4d2e-aecb-5d52c79b55c9,e67dd971-4c9b-4e57-a087-bb6900673931,DASHER_00146,2022-09-12 15:38:00,2022-09-12,2022-09-01,2022,15,Monday,31,41.0,10.0,False,10.2,7.91,delivered,True
140c584a-2505-4d20-b831-fdcca054d444,a2d81c0b-bb4e-4aac-9d58-c0f9a40be091,DASHER_00320,2024-08-03 11:53:00,2024-08-03,2024-08-01,2024,11,Saturday,22,25.0,3.0,True,27.65,3.35,delivered,True
801f0567-38db-4555-bd35-3d1bfacba04a,b5ac4a25-3733-440f-962c-a916cb798d32,DASHER_02832,2022-02-03 06:06:00,2022-02-03,2022-02-01,2022,6,Thursday,38,28.0,-10.0,True,13.0,3.18,delivered,True
6c2cf353-a0e2-419d-881d-fcb0492a67e8,b0d9e6a3-fec2-4d19-b119-a681f182e368,DASHER_00994,2022-04-07 14:44:00,2022-04-07,2022-04-01,2022,14,Thursday,40,53.0,13.0,False,26.74,6.89,delivered,True
8b89f1d3-ce82-40fe-96de-8e08847fa249,907086a2-cf58-43c1-8fa8-8d1779f622d2,DASHER_03569,2022-07-30 02:03:00,2022-07-30,2022-07-01,2022,2,Saturday,36,31.0,-5.0,True,29.45,6.06,delivered,True
bac44203-f54d-46f7-b60d-a34834e359ec,e3d227b5-2b27-4e8c-aaff-d99ca9887532,DASHER_00352,2024-01-26 20:34:00,2024-01-26,2024-01-01,2024,20,Friday,38,65.0,27.0,False,26.21,1.77,delivered,True
0b0dd774-b20c-4c15-8d6b-977667bc17cc,5a375f5d-0922-4c68-b1fb-60663f29dbc0,DASHER_01395,2023-09-16 06:21:00,2023-09-16,2023-09-01,2023,6,Saturday,29,10.0,-19.0,True,46.18,1.83,delivered,True
12c1dbb5-033c-42fb-a76c-043ac04ba84a,7bcf338e-a1b8-4088-8fe5-443844f4e484,DASHER_03660,2023-10-16 21:48:00,2023-10-16,2023-10-01,2023,21,Monday,30,10.0,-20.0,True,13.76,5.67,delivered,True
7fb897e1-a5d2-4858-ae73-b1789552a11f,5da2c863-e7fe-4da5-b849-dd39b5615e8d,DASHER_03954,2024-12-04 17:36:00,2024-12-04,2024-12-01,2024,17,Wednesday,25,26.0,1.0,True,30.28,3.06,delivered,True
f4979a54-1370-4383-865e-362ae42eb99c,75150154-a58e-4f12-a85f-ffc584ca4752,DASHER_00639,2022-06-19 13:53:00,2022-06-19,2022-06-01,2022,13,Sunday,41,53.0,12.0,False,12.72,1.52,delivered,True
49a482c8-3d0c-4b88-ba2a-df5afcb9ab8e,829587aa-6cc3-43f8-8912-bcc759a62dac,DASHER_00856,2024-10-09 06:00:00,2024-10-09,2024-10-01,2024,6,Wednesday,30,19.0,-11.0,True,13.69,6.32,delivered,True
2328b173-144a-4b94-bc6a-73f453bf8774,97b58304-f5c8-433a-b451-208b7b756c15,DASHER_04132,2024-11-18 21:48:00,2024-11-18,2024-11-01,2024,21,Monday,47,64.0,17.0,False,20.44,1.73,delivered,True
626458c7-cf5c-4f82-b795-68a5dffc7dbc,8d6e948c-d9ab-4fcb-9756-252f53ccd67b,DASHER_03278,2022-09-24 10:23:00,2022-09-24,2022-09-01,2022,10,Saturday,28,36.0,8.0,False,33.1,2.14,delivered,True
15d11e36-e2c7-4c6d-a5a8-8fb66e706546,e4b65d83-bb6a-4122-91e8-1c2f114187ca,DASHER_00902,2023-09-22 22:36:00,2023-09-22,2023-09-01,2023,22,Friday,40,36.0,-4.0,True,21.7,2.67,delivered,True
d6e471e8-44db-44b5-8e2a-5c80dcf8f774,32a762e9-7717-476c-84fa-e982795d702a,DASHER_04508,2024-08-01 09:01:00,2024-08-01,2024-08-01,2024,9,Thursday,25,27.0,2.0,True,42.27,2.04,delivered,True
f431c4e6-80d0-4dd2-bb89-19e1184b95eb,d14e9175-d81b-4006-b0a6-dfbf59ff8656,DASHER_03133,2024-10-25 15:21:00,2024-10-25,2024-10-01,2024,15,Friday,39,48.0,9.0,False,32.42,6.11,delivered,True
c73a0e9d-02cb-481a-81ea-3c62a61d24f2,331f735b-c7b3-4baf-9fbe-2d65340cc058,DASHER_04248,2024-05-15 09:12:00,2024-05-15,2024-05-01,2024,9,Wednesday,26,35.0,9.0,False,8.0,5.51,delivered,True
d414d378-d22c-47e9-9fd7-f14ba90fc637,12ff7c81-fe8d-43d2-ade5-cacbf0af4d8f,DASHER_00827,2022-08-16 10:03:00,2022-08-16,2022-08-01,2022,10,Tuesday,39,51.0,12.0,False,16.48,2.92,delivered,True
9b5ed954-deff-4a13-84e9-5074c256b350,d9890ea1-fe6c-4e8b-99e7-0d4da31c948a,DASHER_01685,2024-04-08 14:06:00,2024-04-08,2024-04-01,2024,14,Monday,37,58.0,21.0,False,33.32,5.45,delivered,True
9e93eaee-0728-4dad-8aab-2f123d908aca,76089146-c85d-474a-9914-a554171053c7,DASHER_02501,2023-08-13 19:06:00,2023-08-13,2023-08-01,2023,19,Sunday,39,49.0,10.0,False,58.56,6.96,delivered,True
5f51420b-7415-450b-86a3-bdc6b5426fd4,16a7e1dd-fea8-4d1d-9737-8100fe297cea,DASHER_00104,2023-05-04 09:43:00,2023-05-04,2023-05-01,2023,9,Thursday,39,42.0,3.0,True,20.52,1.14,delivered,True
ffb33a9b-ff3f-4529-ac62-fe35a90cc20c,c3141098-f7e6-4620-bb43-ad948f4ede14,DASHER_03881,2023-06-25 21:10:00,2023-06-25,2023-06-01,2023,21,Sunday,27,17.0,-10.0,True,8.0,5.07,delivered,True
67999bae-d2ab-4a87-baa4-d086e595144e,5cd47c39-573a-4a4e-93e8-26540088ca79,DASHER_01870,2024-09-27 21:30:00,2024-09-27,2024-09-01,2024,21,Friday,46,60.0,14.0,False,19.54,2.02,delivered,True
a42873ca-e407-4047-a749-d91b18c22dc7,18e6296a-4994-49ab-8f09-996ad7445019,DASHER_02108,2022-07-12 07:51:00,2022-07-12,2022-07-01,2022,7,Tuesday,34,33.0,-1.0,True,12.09,5.63,delivered,True
796fc238-b38e-4fc5-87a4-e7fdbd706610,d4b1ec5c-ee6e-49de-8b6e-dea80817b420,DASHER_04880,2023-06-04 13:00:00,2023-06-04,2023-06-01,2023,13,Sunday,38,30.0,-8.0,True,16.66,4.63,delivered,True
8058de25-fc3b-4387-88bf-b1955728c169,fe2a4fb5-d947-46d0-8ad1-3337a6b03e9c,DASHER_00253,2022-02-12 08:26:00,2022-02-12,2022-02-01,2022,8,Saturday,35,45.0,10.0,False,11.21,2.7,delivered,True
8440cd3b-5932-4713-9b43-d07078323e5b,adad5940-e205-4086-9222-7b0104825fd5,DASHER_02243,2024-06-01 13:47:00,2024-06-01,2024-06-01,2024,13,Saturday,50,64.0,14.0,False,44.7,7.28,delivered,True
0b331fa7-504f-4461-9ca6-c2a033c6040e,7a9e7943-30f8-40ea-bd07-cfaff2bc5a8b,DASHER_02713,2024-07-09 23:56:00,2024-07-09,2024-07-01,2024,23,Tuesday,26,17.0,-9.0,True,26.52,3.73,delivered,True
0fd55a19-68d5-44d4-b5f0-9bedbd42d86b,fc3b7f42-e086-488b-b614-384b32455509,DASHER_01007,2024-05-04 22:17:00,2024-05-04,2024-05-01,2024,22,Saturday,34,37.0,3.0,True,13.4,7.77,delivered,True
6760aab9-b494-43a5-9409-c21f38ba97b6,7766edc5-d35e-4216-8031-502324c6aea3,DASHER_04285,2023-12-12 11:00:00,2023-12-12,2023-12-01,2023,11,Tuesday,38,20.0,-18.0,True,28.65,7.76,delivered,True
c0fb6083-c6b1-4a22-8f2a-89bdca87b1f2,9a199a88-12da-418a-87c5-772e1c617853,DASHER_02318,2022-11-30 12:18:00,2022-11-30,2022-11-01,2022,12,Wednesday,41,44.0,3.0,True,32.02,4.41,delivered,True
c14c711f-8a74-44e3-9372-85570cb5497a,926c3f48-7732-457e-895f-7ada0b6f8e59,DASHER_02320,2022-01-11 15:42:00,2022-01-11,2022-01-01,2022,15,Tuesday,31,32.0,1.0,True,24.36,6.49,delivered,True
f61a1b0e-0cbf-43fd-b3c3-4127ac65b313,34ad6596-3eb3-440d-9942-b64c30d06c56,DASHER_01611,2024-10-25 19:49:00,2024-10-25,2024-10-01,2024,19,Friday,16,10.0,-11.0,True,8.0,3.03,delivered,True
453e3419-5f92-4114-abe8-84ca494be96a,5d398ccd-65c5-41fd-be43-75cff44cc60c,DASHER_00803,2022-03-07 16:22:00,2022-03-07,2022-03-01,2022,16,Monday,42,42.0,0.0,True,51.1,7.24,delivered,True
25295e36-0b13-406c-a19b-ce24ad068cbe,dba4f0f7-c651-4824-b536-6c941283b1fe,DASHER_01140,2023-09-11 18:11:00,2023-09-11,2023-09-01,2023,18,Monday,23,16.0,-7.0,True,24.43,1.94,delivered,True
b130c79a-5473-4205-b4c1-1ecae92eadac,8a80de20-3565-4768-b4a2-6d164e685ea7,DASHER_03079,2023-02-13 12:05:00,2023-02-13,2023-02-01,2023,12,Monday,30,22.0,-8.0,True,61.32,6.47,delivered,True
50f4faed-d6d5-4e58-bec4-795bf9cea195,0a70f56d-dc81-418d-8d3d-df8febb33d1b,DASHER_02929,2024-06-13 07:33:00,2024-06-13,2024-06-01,2024,7,Thursday,28,31.0,3.0,True,12.97,3.93,delivered,True
e79e3956-39c5-4399-be4d-d42b6b05468f,a5f39c7d-a96f-43d0-ab8b-145403d850d6,DASHER_01151,2024-04-20 16:58:00,2024-04-20,2024-04-01,2024,16,Saturday,36,10.0,-28.0,True,14.86,5.3,delivered,True
c7a3cc88-2d80-454c-a3d4-aac90f122bea,cff41663-e334-4383-849a-7a481a1290d8,DASHER_02403,2023-09-12 20:37:00,2023-09-12,2023-09-01,2023,20,Tuesday,30,30.0,0.0,True,55.85,1.87,delivered,True
e026f88a-d8a6-40ac-b6c2-480aa3458f69,5d47aff6-b2df-45a3-9057-e3ef8efbb33f,DASHER_02213,2022-01-13 16:48:00,2022-01-13,2022-01-01,2022,16,Thursday,40,49.0,9.0,False,16.71,6.8,delivered,True
b8218019-c10f-41c0-b9a7-a5fd9915f97b,044514f5-edb7-4ae4-8c09-f3d6bc986d99,DASHER_00498,2022-08-08 12:06:00,2022-08-08,2022-08-01,2022,12,Monday,39,26.0,-13.0,True,42.87,4.57,delivered,True
cd286185-c29c-44b3-9532-73636313ccb8,1ce7dcba-9d87-46f4-a052-4bb0e8167baf,DASHER_01267,2022-04-19 19:33:00,2022-04-19,2022-04-01,2022,19,Tuesday,42,54.0,12.0,False,47.89,3.1,delivered,True
35b5d763-8e68-49e8-9513-ff63fa942fc7,55715d56-7ebd-4afd-8c1f-a9d1b3321179,DASHER_00550,2023-09-29 19:59:00,2023-09-29,2023-09-01,2023,19,Friday,44,44.0,0.0,True,48.91,1.84,delivered,True
72a1cc48-f395-486a-8491-a50ac033020c,e90b0d83-172c-47f1-9398-60a560df0695,DASHER_00997,2022-07-18 10:06:00,2022-07-18,2022-07-01,2022,10,Monday,35,13.0,-22.0,True,33.16,3.09,delivered,True
6e3ccfe0-e689-42de-8907-3a16e8aabaac,49de81c9-db46-4023-b9b3-95bc33ac3880,DASHER_03597,2024-09-17 23:52:00,2024-09-17,2024-09-01,2024,23,Tuesday,36,59.0,23.0,False,41.68,4.02,delivered,True
71a3073e-5aaf-42b0-ac4f-c271d3a76cb1,c3e355af-1040-46b2-bfb7-02b686674d50,DASHER_04478,2022-02-14 09:52:00,2022-02-14,2022-02-01,2022,9,Monday,26,26.0,0.0,True,17.38,2.39,delivered,True
ebc34d5f-8296-4ae6-9485-743b32f97c66,a62743cb-31b2-406d-9922-1e5e8d6fab4f,DASHER_03204,2024-09-10 12:42:00,2024-09-10,2024-09-01,2024,12,Tuesday,43,52.0,9.0,False,8.23,4.24,delivered,True
19186dae-23b0-46e0-8d5c-061ba87cb63d,1af8102d-461b-4f4e-aa80-ce9c087e8dc5,DASHER_00279,2024-05-20 08:18:00,2024-05-20,2024-05-01,2024,8,Monday,44,,,,33.65,5.51,cancelled,True
f14f45cd-6317-4b91-bb3e-c1d43a97fa60,2bb317e7-e091-4fe6-be2d-9fdb45841469,DASHER_02268,2024-06-29 04:58:00,2024-06-29,2024-06-01,2024,4,Saturday,32,37.0,5.0,True,37.29,4.49,delivered,True
2cced240-cf5a-4716-810e-193850d349c8,32416e25-476c-4c1a-8a99-eb9067939b8e,DASHER_01240,2024-10-27 10:57:00,2024-10-27,2024-10-01,2024,10,Sunday,35,32.0,-3.0,True,14.13,3.45,delivered,True
b9f674e8-c68f-43cb-b238-3db797783010,1af8102d-461b-4f4e-aa80-ce9c087e8dc5,DASHER_03227,2023-11-26 15:54:00,2023-11-26,2023-11-01,2023,15,Sunday,36,27.0,-9.0,True,54.59,4.38,delivered,True
6d8adcd6-bf72-4f1b-9f99-5ab5eccc674b,65f435e8-b84b-47e4-9c8e-37391212ec33,DASHER_02123,2024-08-24 18:11:00,2024-08-24,2024-08-01,2024,18,Saturday,41,17.0,-24.0,True,12.7,1.9,delivered,True
ba04113b-1ec0-485b-95ad-918a245d1bdc,4dd216c0-4ec4-4f96-9ea7-69112212ec25,DASHER_00241,2023-10-26 18:37:00,2023-10-26,2023-10-01,2023,18,Thursday,28,41.0,13.0,False,33.78,1.67,delivered,True
8d52971d-f62f-402f-b4e4-37b75fb7b047,fd16d09c-7282-4c26-8828-0246c6b2d3b6,DASHER_01938,2022-08-06 16:43:00,2022-08-06,2022-08-01,2022,16,Saturday,31,11.0,-20.0,True,32.24,1.73,delivered,True
20a9f602-541f-4525-9482-2c2ae1adaed5,8e5b919b-d088-4e5c-9f63-1f0881030bbb,DASHER_02051,2022-12-23 19:24:00,2022-12-23,2022-12-01,2022,19,Friday,35,23.0,-12.0,True,50.36,1.5,delivered,True
d26f06de-68bd-4a85-b257-38dd9ed5d040,8fbd8b12-c1f1-4dc4-a5c6-76b6b54e0f02,DASHER_03093,2024-02-06 18:53:00,2024-02-06,2024-02-01,2024,18,Tuesday,45,52.0,7.0,False,30.21,1.92,delivered,True
d713f733-bcde-4a8e-b95e-b0cd817ff528,b5eebd4c-570a-4fbe-9da5-dc1304086d5b,DASHER_03555,2023-02-14 09:31:00,2023-02-14,2023-02-01,2023,9,Tuesday,28,31.0,3.0,True,39.15,2.34,delivered,True
3539dd2e-81fd-4c72-9371-e79d18de5707,e5f87447-42f7-4a39-9ffd-f9f7857fb524,DASHER_02945,2022-02-19 18:42:00,2022-02-19,2022-02-01,2022,18,Saturday,21,23.0,2.0,True,30.72,6.41,delivered,True
1c55e010-213d-4259-b68e-06099fb75701,7eb68238-8d3a-41cd-bf34-7ea52f78ba9f,DASHER_01557,2022-05-28 13:43:00,2022-05-28,2022-05-01,2022,13,Saturday,32,10.0,-26.0,True,38.15,4.31,delivered,True
d4303c37-952d-44e0-b194-3b31c2e6cb82,3b71d12e-8a83-4316-bb97-de36877b4f00,DASHER_03081,2023-12-23 13:57:00,2023-12-23,2023-12-01,2023,13,Saturday,25,19.0,-6.0,True,25.55,7.11,delivered,True
112063a1-1dc1-47f1-8558-bdccbfa889d9,3aea0012-3268-4722-825e-e7a5931f3062,DASHER_04428,2022-06-10 08:33:00,2022-06-10,2022-06-01,2022,8,Friday,33,38.0,5.0,True,23.3,7.57,delivered,True
eaf6d893-adb8-4926-bf76-baf11ac070c4,b7d30ad8-04a0-4b83-b31c-9f48a1c1086b,DASHER_04377,2023-05-30 14:22:00,2023-05-30,2023-05-01,2023,14,Tuesday,39,61.0,22.0,False,41.08,5.02,delivered,True
9a05462a-d509-4ea5-add7-5d185858a664,cd00e585-075e-40f4-a32f-7d010f628718,DASHER_00908,2024-11-26 22:32:00,2024-11-26,2024-11-01,2024,22,Tuesday,30,45.0,15.0,False,8.0,7.88,delivered,True
1f85e2e9-16dd-44e3-b66d-ab9948941e9d,d12306f1-094a-46f5-9d6c-c440ffab1f29,DASHER_01673,2022-03-03 03:26:00,2022-03-03,2022-03-01,2022,3,Thursday,25,25.0,0.0,True,42.01,4.82,delivered,True
1a0ee62d-34a3-4cf4-a073-29377f8e54af,0eab7582-b95e-43fb-9f25-12ed9500e955,DASHER_04619,2023-11-07 22:42:00,2023-11-07,2023-11-01,2023,22,Tuesday,37,35.0,-2.0,True,47.78,6.35,delivered,True
aa8161d2-a9c7-49ef-9a61-4e0111258bbc,bf7a474e-4be2-4676-9882-5ae4d2f37be0,DASHER_04517,2022-03-14 13:04:00,2022-03-14,2022-03-01,2022,13,Monday,27,42.0,15.0,False,22.23,4.34,delivered,True
a987bc76-047f-4152-9482-30003d9aa9f2,b30bcb95-5143-4808-a35b-1c64962a815d,DASHER_03534,2022-09-23 11:02:00,2022-09-23,2022-09-01,2022,11,Friday,42,50.0,8.0,False,8.0,7.13,delivered,True
123f17a9-c140-4c4d-87ba-6c872ad7fd6a,0edfe373-cedc-4b7e-876d-50e28961c02b,DASHER_03107,2023-04-12 02:03:00,2023-04-12,2023-04-01,2023,2,Wednesday,36,56.0,20.0,False,32.81,5.76,delivered,True
498fe9bf-4083-4b5e-843b-34edcff4d917,063d3473-d07e-4b6d-bdd5-1986ea61e436,DASHER_03496,2022-02-07 17:03:00,2022-02-07,2022-02-01,2022,17,Monday,29,36.0,7.0,False,21.42,1.82,delivered,True
bbdfeb80-941e-446e-a450-f39b36af6362,73eb2659-3e0e-4f8a-828b-87772c5e713f,DASHER_00082,2024-01-24 13:21:00,2024-01-24,2024-01-01,2024,13,Wednesday,33,30.0,-3.0,True,30.51,2.58,delivered,True
42bdc112-aa2c-4f74-a84c-0170f627be5c,0f9b21c6-5190-4f06-9934-a9e873cfc151,DASHER_01038,2022-04-04 23:00:00,2022-04-04,2022-04-01,2022,23,Monday,39,33.0,-6.0,True,17.17,3.19,delivered,True
1359d83a-a1bf-4738-ac14-4934f2163f43,06faa0f3-0587-4f11-b6b5-9e1145227000,DASHER_00625,2023-05-16 23:08:00,2023-05-16,2023-05-01,2023,23,Tuesday,37,27.0,-10.0,True,17.91,2.74,delivered,True
ff6c764f-4fe0-4ad2-a778-3c57afb8b0f5,a6c9deb2-096e-4d4b-a0ea-a3bdb724ad19,DASHER_02479,2023-02-26 16:47:00,2023-02-26,2023-02-01,2023,16,Sunday,41,18.0,-23.0,True,52.86,3.04,delivered,True
ec6031e7-e89e-4b5d-820d-b6b468873e25,e1ee35a0-27e8-4cd8-88e2-38d62eac2577,DASHER_03365,2023-05-16 17:17:00,2023-05-16,2023-05-01,2023,17,Tuesday,29,23.0,-6.0,True,45.5,5.93,delivered,True
6bc7d448-cfc7-4f41-892e-9d5627f0d336,be3ee977-fb43-46ab-85cf-50e51ffbf460,DASHER_04529,2024-09-22 11:13:00,2024-09-22,2024-09-01,2024,11,Sunday,48,36.0,-12.0,True,32.03,6.7,delivered,True
d8258825-1c6e-46df-a6b7-e6539c4b0e96,8b1abb2c-7c27-4e3f-8cfc-98dd4c467131,DASHER_00174,2022-10-18 03:15:00,2022-10-18,2022-10-01,2022,3,Tuesday,42,37.0,-5.0,True,8.0,4.48,delivered,True
7d58152e-ad46-48a9-9237-3379eb4f24d7,f5af287b-b3f0-46ef-ab9a-11ef025dea2d,DASHER_04995,2022-03-11 11:37:00,2022-03-11,2022-03-01,2022,11,Friday,23,37.0,14.0,False,26.32,3.67,delivered,True
0ca22e5a-0819-4172-bfe3-3808c899eab8,bab28f09-4af5-4700-9f38-b86466e0a8c3,DASHER_02499,2024-06-28 04:13:00,2024-06-28,2024-06-01,2024,4,Friday,36,24.0,-12.0,True,43.65,1.21,delivered,True
303aa9ef-a4aa-46c4-94a5-f86a3fa78465,dc9b7df1-239b-45c1-9adf-3c426381fabc,DASHER_02150,2023-12-14 22:58:00,2023-12-14,2023-12-01,2023,22,Thursday,21,10.0,-16.0,True,35.91,6.29,delivered,True
5b9ed285-6319-45b0-bb88-a41859faed2e,ea1d2589-4082-4dc2-959a-36d1fe170df1,DASHER_00467,2023-11-30 19:39:00,2023-11-30,2023-11-01,2023,19,Thursday,25,14.0,-11.0,True,34.88,6.64,delivered,True
f3221b93-578f-459f-ad2d-ccc647b5ffbb,d9d30fd4-5078-41a9-ae8e-7c63165001cc,DASHER_03472,2024-03-05 22:59:00,2024-03-05,2024-03-01,2024,22,Tuesday,28,10.0,-21.0,True,11.05,4.62,delivered,True
4a160701-f8a9-4742-820a-a979d10a869a,5647ac52-1239-428e-a11f-706dafbd405e,DASHER_02299,2022-11-29 22:29:00,2022-11-29,2022-11-01,2022,22,Tuesday,30,30.0,0.0,True,8.0,6.59,delivered,True
f3dfc49a-1159-4100-a19c-04c7508321bd,9344a4c8-8e8f-4f3f-9fc1-58ddb03f82a8,DASHER_02246,2023-07-16 07:15:00,2023-07-16,2023-07-01,2023,7,Sunday,35,26.0,-9.0,True,14.29,6.47,delivered,True
e781d0db-9719-4098-b19d-5281ebf531b1,a6c9deb2-096e-4d4b-a0ea-a3bdb724ad19,DASHER_03790,2022-01-26 08:36:00,2022-01-26,2022-01-01,2022,8,Wednesday,43,31.0,-12.0,True,8.0,1.11,delivered,True
31ee6a00-5e4f-4773-90c7-61583cce75a8,3c93868a-69be-47e8-a8ad-e55c69cd4fc8,DASHER_04747,2022-01-19 16:22:00,2022-01-19,2022-01-01,2022,16,Wednesday,19,21.0,2.0,True,39.69,5.26,delivered,True
9b4aa2a7-582c-49d5-a994-31c0024b1151,1a9835d6-d43e-4d3f-b2bb-dcf373b3484e,DASHER_04054,2023-10-06 22:28:00,2023-10-06,2023-10-01,2023,22,Friday,32,40.0,8.0,False,51.62,1.88,delivered,True
6c659bc1-728b-4e81-8c27-cfc4c981691e,f8b93329-c27d-4c1b-9b9c-5c1e16ea4c92,DASHER_04151,2022-12-24 08:39:00,2022-12-24,2022-12-01,2022,8,Saturday,31,24.0,-7.0,True,41.15,1.28,delivered,True
693a1133-48d7-4060-9cd8-872cc47e64e5,609fc121-e659-4979-ab19-a71fe76dd297,DASHER_02894,2023-04-12 06:45:00,2023-04-12,2023-04-01,2023,6,Wednesday,26,,,,26.44,4.77,cancelled,True
f7184661-821c-4db7-abbc-e6897becf5fe,24aca3f0-eede-421b-8939-ef357e21cb44,DASHER_01941,2022-04-02 18:22:00,2022-04-02,2022-04-01,2022,18,Saturday,42,51.0,9.0,False,34.05,6.79,delivered,True
27b4c7a3-2ab2-49d7-8f05-f7f0f2d7c403,3aa66772-97eb-4681-b792-9ef0d112d298,DASHER_02951,2024-05-01 06:27:00,2024-05-01,2024-05-01,2024,6,Wednesday,44,48.0,4.0,True,22.64,3.33,delivered,True
1ad4fa37-bc4e-4b8f-885b-5a4414681966,7d6dcc2b-9c62-412d-8495-8306d60ae4a6,DASHER_03017,2024-04-15 21:23:00,2024-04-15,2024-04-01,2024,21,Monday,15,20.0,5.0,True,61.77,7.37,delivered,True
275d2684-823a-4e35-8c51-6dbc197f8e1b,8b8f0d21-e43f-4f07-ad76-25d9ced2704a,DASHER_04763,2022-02-22 07:13:00,2022-02-22,2022-02-01,2022,7,Tuesday,40,45.0,5.0,True,11.74,5.98,delivered,True
bb135cff-4ccd-42a1-afba-cd70cb7a000e,37d7f590-d95e-44f2-897a-98750153f803,DASHER_00642,2023-03-17 13:37:00,2023-03-17,2023-03-01,2023,13,Friday,47,50.0,3.0,True,64.87,7.94,delivered,True
d9fe8a3a-d190-4705-a82b-8f635569d130,15cb2ecc-5e16-4a68-8e7c-d4dba86092c1,DASHER_04323,2024-10-28 23:40:00,2024-10-28,2024-10-01,2024,23,Monday,29,18.0,-11.0,True,23.84,6.58,delivered,True
ddc4420c-607a-494f-9126-ded2931da178,947d1fbf-4040-4e37-9228-884e2c9e3b4e,DASHER_01999,2024-08-25 19:33:00,2024-08-25,2024-08-01,2024,19,Sunday,29,32.0,3.0,True,15.75,7.83,delivered,True
daf0cff3-4fed-4353-87ef-88b143f94356,897c6b39-e675-4dc0-a4e5-46fce9adc92d,DASHER_03358,2023-04-18 15:47:00,2023-04-18,2023-04-01,2023,15,Tuesday,47,65.0,18.0,False,24.52,3.52,delivered,True
a94824ec-d748-4c94-86fb-e8ce85af4c0b,3e086e0f-8678-4ed5-bd82-ae0fbad00dc7,DASHER_03431,2023-12-22 17:04:00,2023-12-22,2023-12-01,2023,17,Friday,45,37.0,-8.0,True,32.07,7.9,delivered,True
0b1cc8e6-746f-453a-88ed-0cca35d5f153,40cef1ea-5719-460f-8c9e-41332dd5ceb5,DASHER_02350,2023-05-17 20:26:00,2023-05-17,2023-05-01,2023,20,Wednesday,49,41.0,-8.0,True,8.77,3.38,delivered,True
dca22504-93b0-4268-bff8-b9f29f169518,6cf9feb9-6534-49f6-a7d0-efd9c0e448b6,DASHER_01622,2022-08-30 07:26:00,2022-08-30,2022-08-01,2022,7,Tuesday,30,30.0,0.0,True,53.3,1.1,delivered,True
c0498150-9493-4c11-9322-2cc05d0be3cc,0f668b8a-bfd7-4761-a195-43543290414e,DASHER_00279,2022-09-05 14:48:00,2022-09-05,2022-09-01,2022,14,Monday,25,10.0,-26.0,True,16.86,6.83,delivered,True
09c524b4-bd0e-4cec-a667-60a4380dbcca,1450b992-ae40-4f08-ac9b-181ed7f32aba,DASHER_03459,2022-02-19 19:04:00,2022-02-19,2022-02-01,2022,19,Saturday,45,62.0,17.0,False,19.22,4.89,delivered,True
a9f72b98-6bd8-4235-8a7a-fbd5a10cb363,190b7abe-8193-42d9-b8bc-d515b5de287d,DASHER_00370,2023-08-24 08:57:00,2023-08-24,2023-08-01,2023,8,Thursday,41,45.0,4.0,True,16.38,1.51,delivered,True
c924c09e-bf4c-47e7-af4a-cda6622b8882,f3aadb96-a268-479a-a3fa-2e674fb91d3b,DASHER_03908,2023-12-28 22:58:00,2023-12-28,2023-12-01,2023,22,Thursday,27,34.0,7.0,False,20.98,6.06,delivered,True
43c7d1e4-2123-4185-bb1e-66d8e415d842,f887440b-e860-48ef-8d6b-a8c8282c987a,DASHER_03107,2024-11-09 07:57:00,2024-11-09,2024-11-01,2024,7,Saturday,22,38.0,16.0,False,29.48,3.23,delivered,True
77b6c150-a0ef-42f0-9728-8b179709270b,331f735b-c7b3-4baf-9fbe-2d65340cc058,DASHER_02794,2022-12-28 16:37:00,2022-12-28,2022-12-01,2022,16,Wednesday,32,52.0,20.0,False,45.79,4.67,delivered,True
711d9598-dffc-4f5d-867c-6d44dfcff52c,161ebb77-2f1f-4ef9-8e98-10e50163d5ae,DASHER_01173,2024-11-06 21:27:00,2024-11-06,2024-11-01,2024,21,Wednesday,37,35.0,-2.0,True,42.91,1.28,delivered,True
51586fcc-b86b-4a7e-8b4f-161edc9ca1a9,e67dd971-4c9b-4e57-a087-bb6900673931,DASHER_01356,2023-03-08 15:17:00,2023-03-08,2023-03-01,2023,15,Wednesday,25,18.0,-7.0,True,37.32,4.06,delivered,True
883d0506-7344-4563-bb79-1f6b7aac64c7,971fa6de-021c-4ea6-8114-b6c00ffcc8a1,DASHER_02282,2022-12-13 11:58:00,2022-12-13,2022-12-01,2022,11,Tuesday,39,39.0,0.0,True,48.94,1.98,delivered,True
9e94efa0-6067-4072-8524-f3a64b8d54d6,40a5beea-6780-4476-8013-20dfacfc117a,DASHER_04422,2023-02-28 17:32:00,2023-02-28,2023-02-01,2023,17,Tuesday,35,33.0,-2.0,True,18.9,4.41,delivered,True
74bff668-af9c-4e21-8f29-c83e734dce4b,6b6120a4-4640-4e7d-ba88-1d967cdbdec7,DASHER_01033,2022-02-22 13:18:00,2022-02-22,2022-02-01,2022,13,Tuesday,33,47.0,14.0,False,21.52,6.81,delivered,True
b402bae6-7b86-48f5-b449-8b97d14b867b,a48fcbad-54a5-4401-8da6-b971eceacf01,DASHER_04040,2023-08-28 22:45:00,2023-08-28,2023-08-01,2023,22,Monday,30,10.0,-22.0,True,26.04,7.94,delivered,True
5ae0dace-4215-45bf-8a92-c6aeba8d3ffc,d14ef997-141c-461d-9247-441bf20d1162,DASHER_01283,2022-08-27 22:51:00,2022-08-27,2022-08-01,2022,22,Saturday,50,68.0,18.0,False,41.19,4.54,delivered,True
8f0fdd16-308f-4165-b327-f3b242be1a1e,67aa8ed2-729f-43e6-852f-373057cc75a6,DASHER_00314,2023-07-20 15:47:00,2023-07-20,2023-07-01,2023,15,Thursday,21,20.0,-1.0,True,8.0,6.55,delivered,True
cd9b0d65-ad5f-46f9-be77-3cc2c3c2f918,6e510df3-bcf4-4569-bcf2-76ba6b464291,DASHER_00065,2023-10-13 09:35:00,2023-10-13,2023-10-01,2023,9,Friday,42,,,,8.0,2.71,cancelled,True
85ee7a5c-159e-42e4-a830-dc8eb1489e3b,210860b5-6a0a-428e-99b3-ecb3257024ba,DASHER_01532,2024-02-10 21:14:00,2024-02-10,2024-02-01,2024,21,Saturday,32,24.0,-8.0,True,27.24,2.38,delivered,True
8d9fd11b-293c-4072-abbc-b32f5672c7a9,bd4ddf74-8039-4890-ad6d-638b1ec808fc,DASHER_04568,2022-07-01 22:54:00,2022-07-01,2022-07-01,2022,22,Friday,28,27.0,-1.0,True,18.23,5.27,delivered,True
00531590-4853-416a-9dff-c1bc7def9c69,52775d01-bd36-429f-a4bf-98ea53967b12,DASHER_02856,2022-12-31 03:44:00,2022-12-31,2022-12-01,2022,3,Saturday,34,45.0,11.0,False,8.0,2.25,delivered,True
a55ba47e-f001-44ff-a215-9adaad03e51c,60007bf6-ac09-4646-a21e-c3986465cdb9,DASHER_04897,2023-09-07 21:56:00,2023-09-07,2023-09-01,2023,21,Thursday,36,33.0,-3.0,True,45.18,3.49,delivered,True
b97b460f-c45e-4686-8650-d267d1e7484f,a7ecb100-e165-4038-963d-3564d811a576,DASHER_03437,2024-09-12 12:14:00,2024-09-12,2024-09-01,2024,12,Thursday,47,63.0,16.0,False,41.56,5.63,delivered,True
2fcbd59e-e481-412e-adff-4a3e536f2b8f,485bfb82-045c-4cbe-aa9f-ca61db3ccf91,DASHER_03962,2022-08-26 09:20:00,2022-08-26,2022-08-01,2022,9,Friday,33,28.0,-5.0,True,16.77,6.87,delivered,True
a2394f7f-f7b1-4559-a13e-67e99a41530c,041225a4-95df-4e78-8d09-49e0bb132be5,DASHER_03350,2024-09-28 18:43:00,2024-09-28,2024-09-01,2024,18,Saturday,35,44.0,9.0,False,52.43,2.82,delivered,True
bda3939b-aafa-486c-8d82-1261a953c3f9,78d4d0f0-b487-485d-a372-845c75934a69,DASHER_03977,2023-10-13 14:51:00,2023-10-13,2023-10-01,2023,14,Friday,40,29.0,-11.0,True,33.9,6.09,delivered,True
2e627819-868b-4c4d-8cba-acebc71eb3ea,008b8658-9bb5-4d39-ac48-fd4779f9eee7,DASHER_04391,2023-11-27 18:02:00,2023-11-27,2023-11-01,2023,18,Monday,32,43.0,11.0,False,34.21,7.63,delivered,True
1b0431f9-0b07-42a4-ac55-ac9031e61e43,e9d31913-cbd1-469b-aa07-619b549bfdb4,DASHER_02730,2023-11-07 08:34:00,2023-11-07,2023-11-01,2023,8,Tuesday,45,64.0,19.0,False,31.5,7.38,delivered,True
1652ef9e-0142-432d-ad6e-cbaafc23f99c,d71d0f5f-bf20-4886-ac18-62db004062bf,DASHER_04388,2022-05-10 19:33:00,2022-05-10,2022-05-01,2022,19,Tuesday,37,51.0,14.0,False,9.6,3.02,delivered,True
568b9b70-b395-4ce2-a5b1-1897c1e7b880,4d2a434a-a9bb-4fb8-b01f-5fe4ae326d57,DASHER_00295,2022-11-27 22:21:00,2022-11-27,2022-11-01,2022,22,Sunday,42,29.0,-13.0,True,38.35,6.91,delivered,True
cc63f459-3e00-4e48-be14-755551eaac3b,edb869e1-37e8-4ad5-a0cc-7b49499766df,DASHER_01884,2024-12-14 07:25:00,2024-12-14,2024-12-01,2024,7,Saturday,35,32.0,-3.0,True,12.99,1.23,delivered,True
912f3ad3-e8d0-4d61-ad8b-d909a94141e9,0d861420-d9bb-4cbf-88e2-fbf99de9e45c,DASHER_00695,2022-09-11 20:24:00,2022-09-11,2022-09-01,2022,20,Sunday,26,23.0,-3.0,True,21.91,1.53,delivered,True
d36d6bdf-11d9-485b-9f60-994ccb3b9273,44cce9c2-c69f-4189-af0f-4f27c14ee47e,DASHER_04955,2024-10-30 19:48:00,2024-10-30,2024-10-01,2024,19,Wednesday,34,32.0,-2.0,True,34.37,5.11,delivered,True
bd3fcb17-8bff-4d7b-8c2a-6868e36bdb4d,862a54b4-7ff5-45f3-9f0c-953a0e33aef4,DASHER_00191,2024-03-12 09:38:00,2024-03-12,2024-03-01,2024,9,Tuesday,33,46.0,13.0,False,8.17,3.11,delivered,True
48fc671a-ce8c-4c2b-9dda-80d5e3d728de,4b31eab3-2264-4fcf-8bff-491518216981,DASHER_00762,2024-07-28 10:16:00,2024-07-28,2024-07-01,2024,10,Sunday,45,42.0,-3.0,True,31.16,2.94,delivered,True
e399ec6d-913e-4cbd-8574-85eb437ae497,bcf3dd2d-e083-463a-be2b-f8ef59aa6c4e,DASHER_03224,2023-08-06 21:34:00,2023-08-06,2023-08-01,2023,21,Sunday,43,32.0,-11.0,True,27.89,7.65,delivered,True
b8d9e441-618a-47ee-8805-15fe01c476b2,b6d68f2a-53c2-43ac-b6a5-0e180d39c447,DASHER_03905,2022-08-10 15:36:00,2022-08-10,2022-08-01,2022,15,Wednesday,42,41.0,-1.0,True,8.65,3.32,delivered,True
830b84ef-6e55-4165-b836-2dfc4232fcb0,442a6be0-8e3c-49b9-849d-2a4583d6381d,DASHER_01157,2022-06-21 07:10:00,2022-06-21,2022-06-01,2022,7,Tuesday,30,37.0,7.0,False,63.05,3.81,delivered,True
1c00cc44-64d2-471a-accc-ceb1659bf155,761d6d1d-6f9d-4b73-81c9-2e7276827590,DASHER_03373,2024-08-27 17:53:00,2024-08-27,2024-08-01,2024,17,Tuesday,29,26.0,-3.0,True,23.37,2.04,delivered,True
2c7db8ac-2191-4054-a853-19395e2ff921,125a6011-9e50-4dca-9f3d-5ee791dafc79,DASHER_04607,2023-10-21 19:38:00,2023-10-21,2023-10-01,2023,19,Saturday,41,40.0,-1.0,True,29.38,6.55,delivered,True
e3a92f42-a015-4586-b0c6-93a34ec7258e,43966979-b6ad-45d5-b8a6-410202070bec,DASHER_00667,2024-10-20 12:41:00,2024-10-20,2024-10-01,2024,12,Sunday,35,48.0,13.0,False,42.4,1.53,delivered,True
763c6a9a-8ed2-4bf1-bb42-7ca60b00e302,89a84829-6b04-47b8-86c7-25e0f87d8bdf,DASHER_00931,2022-09-18 20:10:00,2022-09-18,2022-09-01,2022,20,Sunday,30,24.0,-6.0,True,27.55,1.26,delivered,True
88b8f7d3-cc4c-4191-bf4a-c5de1576a57b,734b7915-f4bd-4fb5-b71f-78b73b81fb9e,DASHER_03425,2024-05-18 16:40:00,2024-05-18,2024-05-01,2024,16,Saturday,38,25.0,-13.0,True,18.35,4.04,delivered,True
a700a09c-88c6-496f-a3f1-0a1bef6d4444,de2c4569-ce76-4df1-9bd9-964a391eb4ed,DASHER_04618,2023-08-26 19:56:00,2023-08-26,2023-08-01,2023,19,Saturday,38,32.0,-6.0,True,12.16,5.54,delivered,True
a9f5a197-8c84-4bb2-9b74-9eea553eddbc,622bdd6c-92ab-4876-9b72-acc61d286b35,DASHER_04952,2022-10-17 12:43:00,2022-10-17,2022-10-01,2022,12,Monday,38,53.0,15.0,False,28.37,7.54,delivered,True
59515b80-6131-4d46-81d0-d28d29065260,7766edc5-d35e-4216-8031-502324c6aea3,DASHER_03854,2022-10-05 09:45:00,2022-10-05,2022-10-01,2022,9,Wednesday,43,43.0,0.0,True,26.65,1.46,delivered,True
f4e4900c-355d-46a9-83fe-6f1593ae2667,fa0c3273-42e2-48c6-8a26-134d68ef12fc,DASHER_00500,2022-01-12 12:12:00,2022-01-12,2022-01-01,2022,12,Wednesday,36,41.0,5.0,True,14.25,1.46,delivered,True
a61e5aee-a8bc-4a46-9305-251c1e069fde,19d8e326-57ae-4ac6-8d2f-75b70663f597,DASHER_03491,2023-04-08 13:00:00,2023-04-08,2023-04-01,2023,13,Saturday,27,35.0,8.0,False,23.24,5.08,delivered,True
30e305ee-2c77-4dcb-b0cf-d446401a58c4,7d77f3d5-9661-4a48-bc50-276af59798f0,DASHER_01659,2023-09-19 13:49:00,2023-09-19,2023-09-01,2023,13,Tuesday,29,34.0,5.0,True,36.12,6.1,delivered,True
0086428e-26bc-4c85-9b7a-da46018a0d16,006a91e3-4ddc-4bc0-bf32-45a13c6b4211,DASHER_03137,2023-07-28 09:36:00,2023-07-28,2023-07-01,2023,9,Friday,37,54.0,17.0,False,44.56,3.3,delivered,True
98b4ce11-436b-4173-84b0-3b931fce920c,b83768f6-15a1-4848-bc82-9b98bfc748c2,DASHER_00021,2023-07-22 22:47:00,2023-07-22,2023-07-01,2023,22,Saturday,43,31.0,-12.0,True,37.88,1.63,delivered,True
f34feca2-ac0a-43fe-800b-14a167d87fe8,7639f7c7-098c-4d62-b48e-d3880e1270d3,DASHER_01122,2022-10-28 08:30:00,2022-10-28,2022-10-01,2022,8,Friday,15,22.0,7.0,False,19.1,4.57,delivered,True
bede4936-bcb0-4579-b714-b7b49f6f7ddd,7f34527e-447a-4374-b70b-bac185e5df0e,DASHER_03221,2024-06-19 15:30:00,2024-06-19,2024-06-01,2024,15,Wednesday,30,42.0,12.0,False,17.88,4.31,delivered,True
9bfaa9a1-16aa-449b-9e68-ea52462cad2d,e2f805ca-ad75-4494-b972-a736717a283f,DASHER_01360,2023-10-01 21:20:00,2023-10-01,2023-10-01,2023,21,Sunday,40,16.0,-24.0,True,22.54,7.61,delivered,True
8068e386-c39b-4f85-b849-2b33f5615b5e,e5ca5eaf-38b4-465a-8e33-4fc8bb87c30f,DASHER_00985,2023-07-23 19:53:00,2023-07-23,2023-07-01,2023,19,Sunday,27,31.0,4.0,True,13.51,3.43,delivered,True
5bbcf2c3-4c31-44a5-baec-b01e9f2a0aa1,429eabaf-3d6c-48d0-8ab6-eb0cb21d79cc,DASHER_04585,2022-02-21 21:54:00,2022-02-21,2022-02-01,2022,21,Monday,31,14.0,-17.0,True,33.23,7.12,delivered,True
6c9c3095-1cc5-43d2-a19a-180ae4e1f4b5,ab07702e-6057-42df-8794-4c3a1ba07597,DASHER_04309,2023-01-27 14:11:00,2023-01-27,2023-01-01,2023,14,Friday,58,42.0,-16.0,True,35.26,3.29,delivered,True
8c506d85-f8f8-4b21-8519-cab3b6c0f551,a62743cb-31b2-406d-9922-1e5e8d6fab4f,DASHER_03921,2024-01-26 22:32:00,2024-01-26,2024-01-01,2024,22,Friday,44,,,,18.8,3.78,cancelled,True
0da0847e-75d6-40b4-aa07-7ddb493c80e1,460b8578-323b-43b0-90df-c415bb5b6a17,DASHER_03856,2023-06-03 11:03:00,2023-06-03,2023-06-01,2023,11,Saturday,49,45.0,-4.0,True,49.71,4.42,delivered,True
9d989d76-c863-4dc5-b422-3d954eff88a7,93fe5418-bb48-4c0c-ba73-72cc58ebb31b,DASHER_01254,2024-08-27 20:41:00,2024-08-27,2024-08-01,2024,20,Tuesday,34,,,,8.0,5.93,cancelled,True
169e284f-3e16-4c7d-b514-90dadae79dc1,a6c9deb2-096e-4d4b-a0ea-a3bdb724ad19,DASHER_00510,2022-12-29 21:08:00,2022-12-29,2022-12-01,2022,21,Thursday,48,59.0,11.0,False,16.86,2.93,delivered,True
ae68968f-bac1-4691-9e0b-2b1462e80d2e,33bd0c64-8609-4bc7-9584-30cd8db6a3d0,DASHER_01386,2023-02-02 19:47:00,2023-02-02,2023-02-01,2023,19,Thursday,49,71.0,22.0,False,31.49,7.33,delivered,True
d2c923a2-8c70-4849-a2e8-304177ad400b,0170cbd9-ecf2-4ebc-b91b-f0fc4f9389d1,DASHER_01580,2024-01-21 17:42:00,2024-01-21,2024-01-01,2024,17,Sunday,22,35.0,13.0,False,36.54,6.09,delivered,True
6550b971-5493-4296-9aae-5b0dbf84c647,812f1eb5-7a80-499c-87b4-5cc3e4058d19,DASHER_00026,2022-06-21 09:02:00,2022-06-21,2022-06-01,2022,9,Tuesday,26,25.0,-1.0,True,38.36,3.17,delivered,True
51d589d6-4cb0-42a8-bbbf-0b0d75b6556d,c90e0001-dec8-4c3a-baf7-0a7824246891,DASHER_00722,2023-12-20 08:29:00,2023-12-20,2023-12-01,2023,8,Wednesday,23,16.0,-7.0,True,33.37,6.1,delivered,True
ac4bc61c-c82d-4126-9cfd-046fa5fba54f,9a199a88-12da-418a-87c5-772e1c617853,DASHER_03068,2023-01-16 12:40:00,2023-01-16,2023-01-01,2023,12,Monday,37,57.0,20.0,False,23.04,4.21,delivered,True
661f5725-95c6-4bb5-b528-156a07ff637b,a5f39c7d-a96f-43d0-ab8b-145403d850d6,DASHER_01087,2023-05-21 12:43:00,2023-05-21,2023-05-01,2023,12,Sunday,24,10.0,-20.0,True,23.07,3.0,delivered,True
29f502f4-058c-4172-b6f8-95c0f4db574b,800e83dc-a886-436c-a66c-942efdbaf80e,DASHER_01450,2023-07-26 08:20:00,2023-07-26,2023-07-01,2023,8,Wednesday,42,23.0,-19.0,True,43.16,7.84,delivered,True
6c5718ab-b592-4faa-bea3-62c53d4427df,30bac6ad-a2b2-4657-bb1f-ff60dfa73965,DASHER_04284,2023-06-16 19:16:00,2023-06-16,2023-06-01,2023,19,Friday,41,47.0,6.0,False,8.37,6.81,delivered,True
6596fce4-7bfc-4c4b-9a82-78a4d4315434,9f7672b1-a4fc-475e-a17b-972ab79d058f,DASHER_03554,2022-03-17 22:37:00,2022-03-17,2022-03-01,2022,22,Thursday,38,27.0,-11.0,True,40.77,3.42,delivered,True
ce580cb2-056d-4a0c-a372-bfbfe027325c,cdb372b5-0ba0-4a01-a8d6-36fc3b6192d3,DASHER_00743,2023-08-15 10:44:00,2023-08-15,2023-08-01,2023,10,Tuesday,44,42.0,-2.0,True,18.22,2.52,delivered,True
a1a6f99e-a70f-4bf0-8acf-ef2d6000443b,4312c2ac-889b-41a0-819e-abcab6fe4b8e,DASHER_04807,2023-06-19 03:07:00,2023-06-19,2023-06-01,2023,3,Monday,34,18.0,-16.0,True,26.24,3.25,delivered,True
db7fe2ca-df10-4b54-9d2b-ec53c6482f38,435ebcce-d017-498f-bf72-6cd1350d218c,DASHER_00064,2024-02-13 19:57:00,2024-02-13,2024-02-01,2024,19,Tuesday,47,50.0,3.0,True,37.74,3.35,delivered,True
58597a12-faad-4d5f-8f71-49f424717d40,fb1b05aa-5b04-4b70-908e-ee87d07e747b,DASHER_03596,2022-07-25 09:22:00,2022-07-25,2022-07-01,2022,9,Monday,42,38.0,-4.0,True,44.28,6.65,delivered,True
ee7ec903-e9e5-4212-8d75-11bb7f2f96d8,39d93b7b-fe52-4d20-9cdd-5c095b095e9f,DASHER_03057,2024-07-23 18:44:00,2024-07-23,2024-07-01,2024,18,Tuesday,27,31.0,4.0,True,14.63,3.8,delivered,True
af630217-dbbc-49bd-9802-5bb9ab33d246,190b7abe-8193-42d9-b8bc-d515b5de287d,DASHER_03448,2022-03-24 23:56:00,2022-03-24,2022-03-01,2022,23,Thursday,29,31.0,2.0,True,63.38,3.97,delivered,True
4548ac33-0ddc-4a62-9654-a6b55bcfad3f,543cbb36-dfb5-452f-8165-52bddaf2fcd7,DASHER_04889,2023-07-06 22:25:00,2023-07-06,2023-07-01,2023,22,Thursday,31,28.0,-3.0,True,63.53,2.38,delivered,True
9f362c7a-c4eb-4f89-9235-86c22ed913aa,a50d316a-1f4c-4afb-90f6-620f326e1e24,DASHER_01158,2022-10-13 08:21:00,2022-10-13,2022-10-01,2022,8,Thursday,30,30.0,0.0,True,23.66,6.6,delivered,True
06e98392-102e-4622-946a-f77ad5a7b358,901b06bd-5339-4bb0-b5d2-78035a45a787,DASHER_02519,2024-07-28 14:29:00,2024-07-28,2024-07-01,2024,14,Sunday,39,39.0,0.0,True,38.14,2.41,delivered,True
196f394d-b45f-462a-8291-08c6bdbb1641,ce4b693c-7d4a-4bf2-ac47-536b315e6430,DASHER_01305,2022-07-04 19:09:00,2022-07-04,2022-07-01,2022,19,Monday,37,28.0,-9.0,True,8.0,3.4,delivered,True
5dac2710-0389-44e8-b767-ed1994d2668b,8c0e0dbc-73b6-4b90-8c72-cbaab8192c55,DASHER_03796,2024-08-22 17:25:00,2024-08-22,2024-08-01,2024,17,Thursday,29,10.0,-25.0,True,21.59,1.66,delivered,True
34c31ac8-0baa-4f29-98dd-5271f0ae585b,0747e5b7-b4bc-4c89-8fc6-0262600d088b,DASHER_03478,2022-09-21 12:59:00,2022-09-21,2022-09-01,2022,12,Wednesday,21,34.0,13.0,False,47.72,5.17,delivered,True
ae90e1b2-054f-4c84-853c-b5cbafbb7438,4a688be8-1820-4f30-a7e0-bf377b89ba04,DASHER_04985,2024-12-29 06:31:00,2024-12-29,2024-12-01,2024,6,Sunday,24,,,,33.29,3.53,cancelled,True
8345474d-3554-43b4-b8e4-cbbcbc919d8c,92cbbc27-8f71-417e-acb8-5c31fdc4811f,DASHER_01131,2024-10-23 20:39:00,2024-10-23,2024-10-01,2024,20,Wednesday,40,31.0,-9.0,True,19.68,4.49,delivered,True
91e7807c-d7c6-4171-af39-a3b874baeca1,5101636f-fa5f-4957-afb4-8303a45bcd80,DASHER_02334,2022-04-01 10:27:00,2022-04-01,2022-04-01,2022,10,Friday,41,47.0,6.0,False,20.07,4.35,delivered,True
01b47836-218f-44f9-835a-a0e66b7aba3b,8ff9727a-25b9-4806-be20-fdcf5c4c06fa,DASHER_03808,2023-06-19 22:26:00,2023-06-19,2023-06-01,2023,22,Monday,46,51.0,5.0,True,42.16,6.63,delivered,True
85ee8085-6456-4c5b-9e56-57b4bc90ed8f,bd85550a-4e6f-4bdf-a67e-dda9bbf7bad4,DASHER_02613,2023-12-11 19:06:00,2023-12-11,2023-12-01,2023,19,Monday,30,20.0,-10.0,True,40.81,5.79,delivered,True
dc044be5-2120-497c-b574-cd65dcd75f61,0d286e68-7e86-434f-b66a-37d964835249,DASHER_00949,2022-01-24 16:42:00,2022-01-24,2022-01-01,2022,16,Monday,41,25.0,-16.0,True,43.42,5.22,delivered,True
25f0810d-1179-4a79-8480-614545e04952,c6bf9ce0-3d64-484e-9c92-b49072ada568,DASHER_00914,2024-07-11 16:49:00,2024-07-11,2024-07-01,2024,16,Thursday,27,28.0,1.0,True,37.82,4.71,delivered,True
534b9765-54e5-4bcd-9781-6e8db8d6fb26,cb0eb21c-b9c4-4235-9370-77861005de7b,DASHER_02112,2024-02-25 21:05:00,2024-02-25,2024-02-01,2024,21,Sunday,15,21.0,6.0,False,39.52,2.37,delivered,True
3bc28e30-3660-4997-94d4-fef62a48210b,8bb457e7-6024-41ef-9dfb-5d2250001642,DASHER_00410,2024-07-20 15:29:00,2024-07-20,2024-07-01,2024,15,Saturday,34,39.0,5.0,True,46.02,2.76,delivered,True
42222844-7cdc-4efd-bf7c-f3a16d3c71a0,1c2271b6-6a7d-462d-83e7-defbdf0a9107,DASHER_03416,2023-11-23 19:49:00,2023-11-23,2023-11-01,2023,19,Thursday,27,33.0,6.0,False,11.48,1.11,delivered,True
8dd7e42a-b9b3-4cea-a41a-a054eb627d45,3cdf47e2-378b-49af-b4d8-e50d8cc6e15a,DASHER_03245,2023-10-27 12:02:00,2023-10-27,2023-10-01,2023,12,Friday,28,,,,28.55,1.65,cancelled,True
a07cca1c-7b8b-43be-a448-4caf24d74dd2,c4cfb25e-27a9-4fba-9ed9-0f21f19a38cd,DASHER_01999,2022-10-24 18:27:00,2022-10-24,2022-10-01,2022,18,Monday,38,46.0,8.0,False,19.88,7.42,delivered,True
eac5c0b1-ec8a-49b1-9ac3-205dd403dd50,cd9ea75a-da23-4962-b22f-c8ae67e5d94c,DASHER_00828,2024-12-08 17:02:00,2024-12-08,2024-12-01,2024,17,Sunday,41,46.0,5.0,True,8.0,1.54,delivered,True
36840031-e3df-43d8-a747-483311d0248b,3c2578e4-5752-4a56-b12e-e1ac28172257,DASHER_00649,2023-09-11 15:01:00,2023-09-11,2023-09-01,2023,15,Monday,50,58.0,8.0,False,51.25,6.85,delivered,True
1e815b71-6c96-4eb7-add0-9ff26f591b0e,4fe2aa30-75c1-471f-b82f-1be1c25a005b,DASHER_04416,2024-06-06 22:50:00,2024-06-06,2024-06-01,2024,22,Thursday,37,45.0,8.0,False,35.33,6.58,delivered,True
3cd52629-c3ca-4b42-b362-d2e66c79c019,5716a482-72e0-4f24-9d04-7d302b34aa16,DASHER_01521,2024-02-06 18:13:00,2024-02-06,2024-02-01,2024,18,Tuesday,30,30.0,0.0,True,12.46,2.93,delivered,True
68c805c8-1ac8-425e-aaae-21b14812d925,588641b5-4966-4546-bbf3-1ce9aa44e4d2,DASHER_00153,2022-04-04 18:58:00,2022-04-04,2022-04-01,2022,18,Monday,37,,,,32.89,2.91,cancelled,True
6e0f134a-397b-4b22-afae-f36bb7c7a1a0,edd7d8bd-63fd-440b-9448-1ec3c07bcde0,DASHER_01810,2024-08-05 18:40:00,2024-08-05,2024-08-01,2024,18,Monday,23,,,,38.15,1.44,cancelled,True
7f0a200f-7426-471d-8399-5bb949bda042,d5000245-8d11-403d-ac50-04ea164a658d,DASHER_04435,2023-08-13 19:38:00,2023-08-13,2023-08-01,2023,19,Sunday,39,25.0,-14.0,True,8.0,1.08,delivered,True
bd042751-0610-42c9-a0ef-f7a27eb35005,dc81e380-2ad6-46c2-a1eb-4bb11625dd6a,DASHER_04360,2023-11-29 12:52:00,2023-11-29,2023-11-01,2023,12,Wednesday,46,34.0,-12.0,True,34.22,5.87,delivered,True
793f85c3-6e6f-4f81-a35b-cc651ab21086,0d517b9e-7b23-4590-a10d-57e102ae6bbd,DASHER_04598,2024-03-09 11:02:00,2024-03-09,2024-03-01,2024,11,Saturday,29,16.0,-13.0,True,34.72,6.23,delivered,True
86150d50-fb2b-46c6-98fe-9e4682dfb4ca,78e42928-d3f2-4584-878f-410b57b13657,DASHER_04791,2024-12-20 13:18:00,2024-12-20,2024-12-01,2024,13,Friday,34,34.0,0.0,True,12.06,2.16,delivered,True
8ac00717-f5fe-48a8-9370-e94253518ce2,c77a9eff-6cb6-40be-940f-fbcde486ad4e,DASHER_04020,2023-12-22 17:26:00,2023-12-22,2023-12-01,2023,17,Friday,36,36.0,0.0,True,43.02,4.75,delivered,True
8bdaa3ee-9b6a-426e-a353-9d86e41a4542,34bbbd1e-95ba-4dfb-9128-58e263d4134e,DASHER_04675,2024-02-15 18:54:00,2024-02-15,2024-02-01,2024,18,Thursday,34,42.0,8.0,False,39.05,3.02,delivered,True
999af508-f201-4971-ad25-838229642acc,9a199a88-12da-418a-87c5-772e1c617853,DASHER_03425,2022-11-22 20:47:00,2022-11-22,2022-11-01,2022,20,Tuesday,45,43.0,-2.0,True,38.33,6.38,delivered,True
3d02827c-f41a-48ce-a82f-b8ede0809c70,2b3fecea-43fe-49cc-b93a-a7dda66215c2,DASHER_04362,2022-08-05 19:43:00,2022-08-05,2022-08-01,2022,19,Friday,31,50.0,19.0,False,22.22,3.74,delivered,True
f736617c-0e90-4fd3-a434-cd5bac722cf2,cbd4ab1e-1a50-47aa-abec-59c876bd8f9e,DASHER_01455,2024-04-07 16:29:00,2024-04-07,2024-04-01,2024,16,Sunday,30,56.0,26.0,False,27.51,6.8,delivered,True
a4e1eef9-bac8-4d03-9d8d-7f565e4dfd9f,b23a28d6-3e8a-46b2-a36a-a58b7b6c3bd7,DASHER_03426,2024-08-08 19:43:00,2024-08-08,2024-08-01,2024,19,Thursday,35,44.0,9.0,False,20.39,3.86,delivered,True
0e1157be-93be-43ba-bd45-67543ef75be0,db01cdbc-bb60-453b-87f1-a3da8a848d26,DASHER_03348,2022-03-01 18:08:00,2022-03-01,2022-03-01,2022,18,Tuesday,27,18.0,-9.0,True,41.03,2.74,delivered,True
3bf36f7b-eebf-43a0-a25c-d31e88cbfd7a,3b3c9b90-0ddd-4927-8e1f-c833acdbb514,DASHER_04522,2024-08-24 19:23:00,2024-08-24,2024-08-01,2024,19,Saturday,32,48.0,16.0,False,31.39,4.57,delivered,True
cb75914c-3dc8-4803-b72b-fd56e33a445b,f4a7fd62-81da-4d82-935b-1479d26d6b51,DASHER_01636,2023-01-31 21:10:00,2023-01-31,2023-01-01,2023,21,Tuesday,22,27.0,5.0,True,22.99,7.25,delivered,True
6cd4f042-7d85-4eb7-9161-77690e04ea63,a12a64a0-f929-4bcf-9556-30726ff78f01,DASHER_01448,2023-02-28 18:29:00,2023-02-28,2023-02-01,2023,18,Tuesday,40,40.0,0.0,True,48.89,7.8,delivered,True
4fdcf2aa-bca9-43e6-8927-87c799054cf8,51eee245-6a79-429d-94e7-0d0eec478a81,DASHER_02005,2024-10-21 18:51:00,2024-10-21,2024-10-01,2024,18,Monday,29,23.0,-6.0,True,8.0,1.04,delivered,True
e3a5348a-b50e-4237-bd57-d7081f332ffb,b818c60f-c959-46fb-a08a-f800aa7833e5,DASHER_03416,2022-03-08 19:26:00,2022-03-08,2022-03-01,2022,19,Tuesday,39,65.0,26.0,False,8.0,7.69,delivered,True
898338c9-7ac4-481a-8e3f-378711c4aa68,386bba64-0fef-41cf-87bd-8e04c882824d,DASHER_00489,2022-09-05 19:38:00,2022-09-05,2022-09-01,2022,19,Monday,29,,,,24.47,6.75,cancelled,True
5305556a-5232-4954-817c-69a8328428de,54cea9be-2231-4833-9b70-066500231633,DASHER_01016,2022-03-23 13:45:00,2022-03-23,2022-03-01,2022,13,Wednesday,42,57.0,15.0,False,19.19,1.72,delivered,True
c7a7a81d-cd63-4c8f-889f-2fc4f8b64fee,d46bbae2-8cd7-41d3-8bb0-e0d8b59a42e2,DASHER_02783,2023-06-22 20:37:00,2023-06-22,2023-06-01,2023,20,Thursday,35,30.0,-5.0,True,35.53,4.37,delivered,True
10bb4718-9c87-486c-b086-27611b2f609a,42212f1b-f9b1-4ef9-b351-4fe5f5d68f5b,DASHER_02004,2023-06-26 07:41:00,2023-06-26,2023-06-01,2023,7,Monday,39,35.0,-4.0,True,12.92,6.29,delivered,True
005cbb64-caf8-492f-aac4-204acecbf990,a62743cb-31b2-406d-9922-1e5e8d6fab4f,DASHER_04869,2023-12-03 12:28:00,2023-12-03,2023-12-01,2023,12,Sunday,30,41.0,11.0,False,36.53,4.64,delivered,True
632c050a-50c8-444f-936c-8c7b0032fb31,4ce90dc4-21f7-4d01-a00c-7bc039719b7e,DASHER_01296,2022-02-23 10:23:00,2022-02-23,2022-02-01,2022,10,Wednesday,35,18.0,-17.0,True,19.28,4.96,delivered,True
b6836578-2b39-4f55-b565-470e6c9fb201,3e2a1b4b-6073-402e-9d5c-cb0f3108b92f,DASHER_01200,2023-09-17 16:28:00,2023-09-17,2023-09-01,2023,16,Sunday,32,26.0,-6.0,True,8.0,2.79,delivered,True
8e18e814-11e5-485f-973a-23e9c7e12f10,b4d80b34-a51a-4860-8263-f709dd6bd58b,DASHER_04166,2023-04-12 02:13:00,2023-04-12,2023-04-01,2023,2,Wednesday,25,,,,24.25,6.21,cancelled,True
b7464aac-12a4-40be-84ef-198d1919566d,14ec3205-bfb5-4268-91de-7596fb57f2e0,DASHER_04104,2024-11-24 14:39:00,2024-11-24,2024-11-01,2024,14,Sunday,52,34.0,-18.0,True,22.79,7.05,delivered,True
e8fef804-7ede-4079-9db4-f9ec25adf40a,9f48c66d-495c-4261-8145-50fabc999aa2,DASHER_00530,2024-09-20 18:55:00,2024-09-20,2024-09-01,2024,18,Friday,42,35.0,-7.0,True,27.03,3.39,delivered,True
7b066ff2-0a3f-4c8c-a77a-4a0cb4433184,98704bbd-22a4-4064-90df-f0915b69bccf,DASHER_01613,2023-09-26 10:09:00,2023-09-26,2023-09-01,2023,10,Tuesday,32,52.0,20.0,False,18.18,7.38,delivered,True
2a2fce0c-648e-4614-9f55-4285f625dc1e,aa743637-010b-4033-9774-3e2e956bf8b5,DASHER_01659,2022-01-25 21:54:00,2022-01-25,2022-01-01,2022,21,Tuesday,41,49.0,8.0,False,8.0,3.53,delivered,True
a03244cb-e2e6-41a0-852e-3e0e3a322123,759d4d34-88f8-4151-b2cd-b4f6a75c1cdd,DASHER_04380,2022-03-09 14:06:00,2022-03-09,2022-03-01,2022,14,Wednesday,44,40.0,-4.0,True,39.13,1.55,delivered,True
a4e7c9cf-ad7d-4031-9928-cf67ff50b04a,f592967a-d1a4-4b6e-b495-e773b1021f97,DASHER_02007,2022-04-25 15:33:00,2022-04-25,2022-04-01,2022,15,Monday,26,26.0,0.0,True,40.04,2.59,delivered,True
01422c69-1d12-4ede-83ee-04309592d774,874784c7-743a-432a-9a60-8e2efb000967,DASHER_00521,2024-07-23 09:38:00,2024-07-23,2024-07-01,2024,9,Tuesday,34,43.0,9.0,False,35.15,3.11,delivered,True
5e99c661-c34e-4070-87f5-e3fd96e4f74e,6cf9feb9-6534-49f6-a7d0-efd9c0e448b6,DASHER_00418,2023-03-02 10:37:00,2023-03-02,2023-03-01,2023,10,Thursday,32,33.0,1.0,True,11.46,3.22,delivered,True
e605114f-1e65-4ad5-983e-fd481c01f574,4c2b9abf-bdc0-4c0b-a733-764baa4400b7,DASHER_01761,2022-05-30 09:07:00,2022-05-30,2022-05-01,2022,9,Monday,26,30.0,4.0,True,18.17,1.06,delivered,True
1dfc97cf-fb17-4b1b-9557-e87da8b88a9c,b9e6336b-3237-4308-849b-dd709625434a,DASHER_03737,2024-05-30 21:07:00,2024-05-30,2024-05-01,2024,21,Thursday,31,29.0,-2.0,True,12.57,7.94,delivered,True
4eaeb511-7f43-4f7b-9d01-96e21b159644,3cbde401-0a76-450b-ac8f-41d387a33ec6,DASHER_04212,2023-05-31 20:38:00,2023-05-31,2023-05-01,2023,20,Wednesday,33,49.0,16.0,False,23.95,2.84,delivered,True
d89f810a-9947-4726-bfa0-d42322fe60a0,ff226a5c-fa4e-4f86-8536-492a96c1870f,DASHER_01492,2024-12-25 10:17:00,2024-12-25,2024-12-01,2024,10,Wednesday,46,40.0,-6.0,True,12.55,4.4,delivered,True
76d197c4-39c5-485b-8268-365bcea00879,d49aff6c-5352-4ffd-8a3e-99b3fd95fe19,DASHER_02495,2023-10-16 21:32:00,2023-10-16,2023-10-01,2023,21,Monday,30,31.0,1.0,True,53.24,3.39,delivered,True
5eeed70d-c0a4-4f22-a388-185224223630,066c9d62-9aa2-4113-91b7-17436f21c2c1,DASHER_04345,2023-01-10 09:06:00,2023-01-10,2023-01-01,2023,9,Tuesday,43,43.0,0.0,True,18.15,4.29,delivered,True
60f86e40-1c5e-4a5f-a50c-1af7ece5e11e,02c4fa7d-b7ff-4a74-a580-63dfb288527d,DASHER_03245,2023-09-07 22:13:00,2023-09-07,2023-09-01,2023,22,Thursday,30,27.0,-3.0,True,35.05,5.26,delivered,True
b3a3a9a2-5aa7-460e-a533-3ae964aefc52,ec5f75bb-f14b-4e7e-8a0f-75cdc2b8e8b5,DASHER_02206,2022-11-18 12:33:00,2022-11-18,2022-11-01,2022,12,Friday,19,36.0,17.0,False,25.92,2.59,delivered,True
313445e7-e79f-4c5f-961e-de586263679b,86432427-0ffb-461a-9489-ae6ff0530645,DASHER_02899,2023-06-23 16:54:00,2023-06-23,2023-06-01,2023,16,Friday,38,29.0,-9.0,True,34.73,3.15,delivered,True
be9e50cc-79ca-44fc-b10f-313e0c6d5e19,637c6293-e5ec-4eab-bb5c-cad79ad16c04,DASHER_01146,2024-03-16 20:00:00,2024-03-16,2024-03-01,2024,20,Saturday,28,28.0,0.0,True,13.28,7.81,delivered,True
b0693a17-4167-483d-a7f9-470607a6bf89,fc43590c-3a48-4750-a11b-f806ef228efa,DASHER_03059,2023-07-16 01:45:00,2023-07-16,2023-07-01,2023,1,Sunday,38,54.0,16.0,False,44.17,3.67,delivered,True
1d465688-4e48-4a31-86bf-b3ce6ef3c56e,29f0b988-affb-4093-b54e-172b2cfe1ad8,DASHER_01314,2023-02-13 20:39:00,2023-02-13,2023-02-01,2023,20,Monday,36,13.0,-23.0,True,27.95,3.27,delivered,True
96ba70ec-c637-4294-85bf-802b579f0f2b,7d77f3d5-9661-4a48-bc50-276af59798f0,DASHER_03195,2024-09-09 22:37:00,2024-09-09,2024-09-01,2024,22,Monday,15,21.0,6.0,False,15.99,4.4,delivered,True
98ded652-36e0-4ab3-9428-094238fee781,1bb78e86-6bd8-451b-917b-90e49d836919,DASHER_04406,2023-07-28 23:37:00,2023-07-28,2023-07-01,2023,23,Friday,18,15.0,-3.0,True,33.41,3.58,delivered,True
709b61c2-6f6d-4c00-85f7-0b1184965027,6e3f991c-0222-4fa5-9d5f-cbac2558eb9e,DASHER_03389,2023-08-06 08:08:00,2023-08-06,2023-08-01,2023,8,Sunday,37,34.0,-3.0,True,42.24,5.12,delivered,True
807e8b7b-21c8-404c-8196-2000754b5755,f39ee359-15d3-4ef1-a197-01c1f7351a43,DASHER_04560,2023-02-14 17:28:00,2023-02-14,2023-02-01,2023,17,Tuesday,20,20.0,0.0,True,48.05,4.71,delivered,True
f2517f9b-ec4a-4284-a16b-2641a6464715,6c488b5a-1b56-4287-9841-6d102265b707,DASHER_02571,2023-08-20 19:08:00,2023-08-20,2023-08-01,2023,19,Sunday,35,31.0,-4.0,True,42.19,6.4,delivered,True
72e44b60-fde1-4bc9-b189-ced06c23994b,3cdceb4f-1a00-4e56-9ad0-1c8a9c0cbfd9,DASHER_02121,2023-03-16 09:29:00,2023-03-16,2023-03-01,2023,9,Thursday,32,33.0,1.0,True,42.59,2.78,delivered,True
821f1df5-0dc3-4afb-bf21-fddae3bbc5fa,acc025e8-c707-4ae0-92db-58ccc57b6918,DASHER_04328,2022-02-17 08:41:00,2022-02-17,2022-02-01,2022,8,Thursday,28,34.0,6.0,False,70.63,3.6,delivered,True
72d91121-37a2-41c8-89c6-fe36fc5663e5,4a777441-342a-4d58-871c-e1e13d83f2b8,DASHER_04708,2024-06-14 23:32:00,2024-06-14,2024-06-01,2024,23,Friday,43,50.0,7.0,False,18.95,3.33,delivered,True
320223a4-ca56-4f91-acc5-045783c8f296,3a0ddd08-6f6f-4b00-8407-83f57b8f9323,DASHER_04206,2022-05-18 19:36:00,2022-05-18,2022-05-01,2022,19,Wednesday,43,51.0,8.0,False,32.16,7.45,delivered,True
93b270f4-185a-40ec-86c9-9099c4e2c203,73dc46bb-192a-49fb-8db0-c087ba1bc291,DASHER_01246,2023-01-26 20:49:00,2023-01-26,2023-01-01,2023,20,Thursday,32,24.0,-8.0,True,8.0,5.54,delivered,True
dece3d46-743a-43ec-8543-26088cb861d4,2d774ff3-f056-4a09-82a3-570f35f79621,DASHER_03542,2022-05-30 09:36:00,2022-05-30,2022-05-01,2022,9,Monday,29,41.0,12.0,False,40.17,3.05,delivered,True
3f1db86f-994c-4187-ad36-e7f512bbbb91,ade633a8-982c-4ef1-bbf6-dcdc8ad1ca4d,DASHER_02675,2024-03-09 01:14:00,2024-03-09,2024-03-01,2024,1,Saturday,29,26.0,-3.0,True,36.2,4.72,delivered,True
1b244377-c643-46cf-b78c-d5bc696d4263,666b1ea2-af12-4958-8204-e318b1b1b8e1,DASHER_01250,2023-02-15 20:36:00,2023-02-15,2023-02-01,2023,20,Wednesday,50,39.0,-11.0,True,31.69,3.15,delivered,True
e5bd3ae8-eea6-4934-be2c-6486efc1e397,4137093d-5da6-4fd0-a3a8-95258d6a3b72,DASHER_00567,2022-07-26 02:38:00,2022-07-26,2022-07-01,2022,2,Tuesday,39,42.0,3.0,True,27.05,3.28,delivered,True
0369187e-96d4-4db3-ad4e-1f157aad767d,75096181-875a-44c6-a9de-50fac972054f,DASHER_01908,2023-10-08 22:42:00,2023-10-08,2023-10-01,2023,22,Sunday,36,45.0,9.0,False,38.17,3.48,delivered,True
ced16eed-d7e4-431d-89b9-8fae3ed7324b,89239dce-4113-4057-b918-d89f65a66bca,DASHER_01708,2022-10-09 21:28:00,2022-10-09,2022-10-01,2022,21,Sunday,32,,,,53.98,3.65,cancelled,True
9f6a6f35-7941-45ee-8d5d-e34c90dd80d9,438ab3c1-c8ca-4eb9-91f8-cde2979b042c,DASHER_01434,2024-07-04 15:12:00,2024-07-04,2024-07-01,2024,15,Thursday,37,48.0,11.0,False,8.81,4.61,delivered,True
d0a78069-4f0d-4a9f-8770-e0aa843005be,33bd0c64-8609-4bc7-9584-30cd8db6a3d0,DASHER_03400,2022-11-30 20:07:00,2022-11-30,2022-11-01,2022,20,Wednesday,34,52.0,18.0,False,19.53,2.33,delivered,True
10987099-6a1d-4734-86d3-0c1a84d40f14,4e083304-68b7-466b-83e1-8d5b67967bc0,DASHER_00059,2022-07-05 20:23:00,2022-07-05,2022-07-01,2022,20,Tuesday,25,26.0,1.0,True,17.08,7.72,delivered,True
3024397d-5bdc-4053-b4b4-5833a565b05d,543cbb36-dfb5-452f-8165-52bddaf2fcd7,DASHER_01878,2022-07-24 13:19:00,2022-07-24,2022-07-01,2022,13,Sunday,40,46.0,6.0,False,14.8,7.99,delivered,True
e1df1e7f-fbd1-459f-a38f-388e63232549,99b19f1e-2ade-40da-ba17-f273c3d1e7ad,DASHER_02648,2022-06-22 19:51:00,2022-06-22,2022-06-01,2022,19,Wednesday,28,36.0,8.0,False,56.41,2.23,delivered,True
dec56233-cc60-4bcf-9bab-73053674eb66,7c5516a0-b640-4b18-9d97-dd6e4a5c9549,DASHER_01718,2022-01-19 08:09:00,2022-01-19,2022-01-01,2022,8,Wednesday,39,,,,41.53,7.05,cancelled,True
ea2d9fa9-48b4-49e8-8acb-8778e6141fdf,fe9048ac-13af-4e1a-875c-64967ba99e8a,DASHER_01240,2023-08-24 13:26:00,2023-08-24,2023-08-01,2023,13,Thursday,38,27.0,-11.0,True,27.12,2.26,delivered,True
c097b47e-5e80-4517-a8c5-40749c4357c6,4ae2a95c-4f3f-4078-a542-685cc396e39a,DASHER_02172,2022-08-13 20:01:00,2022-08-13,2022-08-01,2022,20,Saturday,20,10.0,-10.0,True,28.7,5.34,delivered,True
0c90b2fd-249a-4de3-b1c9-45c1029f9399,de5b3a8b-08c5-433a-a8c7-eb5e68da1e84,DASHER_03339,2022-02-28 20:21:00,2022-02-28,2022-02-01,2022,20,Monday,43,45.0,2.0,True,42.48,5.18,delivered,True
fd1127f2-c7c9-4600-a3c0-79ab1bb06e8a,bd1132d2-08c1-494f-bc6f-82a12838881e,DASHER_00920,2024-12-11 09:06:00,2024-12-11,2024-12-01,2024,9,Wednesday,37,62.0,25.0,False,31.5,7.77,delivered,True
148947bd-3493-4169-85cb-4eaeb7d3598e,c5fa2a70-a41c-44df-98e9-d34cddd2c77c,DASHER_00005,2024-08-09 23:54:00,2024-08-09,2024-08-01,2024,23,Friday,41,34.0,-7.0,True,22.14,7.31,delivered,True
9255d0f3-afdb-4110-b7e7-8728b39ec3ec,dd76ea3f-771c-4693-8ede-c59c1f02903a,DASHER_04037,2022-09-20 12:34:00,2022-09-20,2022-09-01,2022,12,Tuesday,43,33.0,-10.0,True,43.97,6.23,delivered,True
f4385aaa-1c22-4408-b335-49d31f2a7cea,6e2518b1-a6a5-4eb5-aa21-6623cec2a451,DASHER_00776,2023-02-06 08:32:00,2023-02-06,2023-02-01,2023,8,Monday,48,68.0,20.0,False,26.01,5.3,delivered,True
7d185a4d-a694-4ccd-ab1f-567287d1f193,cdb01ba2-c25b-46e3-a648-5cb901536f9f,DASHER_04839,2023-05-27 10:11:00,2023-05-27,2023-05-01,2023,10,Saturday,28,27.0,-1.0,True,15.9,4.63,delivered,True
152a30d3-c9a6-42d8-b325-e2108bb3fd93,d456ef09-40b6-4e63-be6e-36b3faa8782b,DASHER_00280,2023-07-01 20:08:00,2023-07-01,2023-07-01,2023,20,Saturday,31,41.0,10.0,False,28.15,5.41,delivered,True
2aab3cbb-d1dd-49bd-96c2-52392d5b3a55,b5eebd4c-570a-4fbe-9da5-dc1304086d5b,DASHER_03250,2023-02-10 23:00:00,2023-02-10,2023-02-01,2023,23,Friday,20,21.0,1.0,True,31.59,3.25,delivered,True
b862c35d-f62b-457e-bbdc-38cc1b3e2b67,04505466-972b-4b61-8a86-210ff30780ea,DASHER_03703,2024-09-11 16:22:00,2024-09-11,2024-09-01,2024,16,Wednesday,41,63.0,22.0,False,44.96,2.83,delivered,True
e2167023-225b-4d71-9e28-e8ed27243294,4aaeba07-e1e3-4583-bcb9-f257d4f49232,DASHER_01526,2024-06-19 08:17:00,2024-06-19,2024-06-01,2024,8,Wednesday,34,26.0,-8.0,True,13.56,2.78,delivered,True
33af6f67-0480-49c0-a7dc-834b32876c71,622bdd6c-92ab-4876-9b72-acc61d286b35,DASHER_02153,2024-09-25 20:29:00,2024-09-25,2024-09-01,2024,20,Wednesday,28,13.0,-15.0,True,41.7,5.49,delivered,True
73ecdddd-afd5-451b-bd95-62306a1ab831,0f668b8a-bfd7-4761-a195-43543290414e,DASHER_02847,2022-09-16 07:29:00,2022-09-16,2022-09-01,2022,7,Friday,37,39.0,2.0,True,21.85,3.14,delivered,True
332be177-fd30-4b66-99b5-f618af4643a5,2d774ff3-f056-4a09-82a3-570f35f79621,DASHER_04185,2024-06-12 17:05:00,2024-06-12,2024-06-01,2024,17,Wednesday,55,49.0,-6.0,True,38.25,2.54,delivered,True
780c5e7d-44c6-41bc-812d-a9b5b821a337,966ffa93-4e00-4238-84d3-eb99b7b8b574,DASHER_04346,2022-02-04 09:47:00,2022-02-04,2022-02-01,2022,9,Friday,49,40.0,-9.0,True,44.65,4.67,delivered,True
c0ebfc7a-3be0-400a-b5c7-40c1b8f53b57,f58a448e-e697-4b10-bfee-d4fe4a6fd258,DASHER_00820,2024-12-27 13:14:00,2024-12-27,2024-12-01,2024,13,Friday,25,10.0,-38.0,True,19.48,7.0,delivered,True
f02ece9f-5888-408d-b692-ef9ceace2eaa,caee2cf1-dc31-4f24-995e-e658c409237e,DASHER_01656,2023-04-09 21:48:00,2023-04-09,2023-04-01,2023,21,Sunday,24,21.0,-3.0,True,10.21,2.94,delivered,True
d747c242-29fc-4b7d-9192-c7adece9e71b,f1c175e7-8430-4b1f-90b9-53ee97196ab0,DASHER_01115,2024-03-31 12:57:00,2024-03-31,2024-03-01,2024,12,Sunday,26,25.0,-1.0,True,26.25,1.51,delivered,True
fc800997-56a9-4a84-94da-58a54a92f1dc,d408e080-06dc-4b14-b0ae-76b07c534583,DASHER_01149,2023-10-01 10:46:00,2023-10-01,2023-10-01,2023,10,Sunday,28,10.0,-23.0,True,8.0,2.0,delivered,True
fd0c34cf-ea76-498b-b5fa-93bd4e04f3c4,51eee245-6a79-429d-94e7-0d0eec478a81,DASHER_03432,2022-11-25 20:51:00,2022-11-25,2022-11-01,2022,20,Friday,56,52.0,-4.0,True,20.88,6.83,delivered,True
2cf404d4-1a63-41ed-8757-dea5745c0d60,340ac7e4-b010-449a-b089-73707ad5dcc4,DASHER_01243,2022-05-25 10:17:00,2022-05-25,2022-05-01,2022,10,Wednesday,38,45.0,7.0,False,40.24,2.43,delivered,True
6ff688cb-d73c-4a8a-a92e-90f755c55072,96f53180-ba0d-4efa-ac65-3cd978378c18,DASHER_00840,2022-10-19 19:48:00,2022-10-19,2022-10-01,2022,19,Wednesday,29,44.0,15.0,False,31.25,2.62,delivered,True
cd833307-a826-44eb-8bbe-ac2859664566,88cf80a0-e003-4353-996c-fe9db6da14ba,DASHER_02796,2024-06-16 12:07:00,2024-06-16,2024-06-01,2024,12,Sunday,24,10.0,-15.0,True,23.22,7.12,delivered,True
ff08e527-1283-47c2-a56b-e3406be51189,b83768f6-15a1-4848-bc82-9b98bfc748c2,DASHER_03991,2022-03-25 14:57:00,2022-03-25,2022-03-01,2022,14,Friday,34,50.0,16.0,False,29.07,1.71,delivered,True
0bfb9409-7e32-43b3-bb1a-9e9496eeebc2,b1d937af-7773-4429-88e7-a72d04dc1b8e,DASHER_00464,2024-01-13 10:54:00,2024-01-13,2024-01-01,2024,10,Saturday,29,18.0,-11.0,True,8.0,5.46,delivered,True
0d9196e2-f503-47df-8701-867141cf1d87,b41f1f3d-86c1-4582-b300-6f2e629c1d68,DASHER_02058,2023-07-28 21:46:00,2023-07-28,2023-07-01,2023,21,Friday,34,43.0,9.0,False,34.71,1.7,delivered,True
8901c5a1-c072-4473-ba46-5c8ac5df420e,d90c8e65-932b-4475-9be5-e910b0a493d5,DASHER_03996,2024-09-21 10:31:00,2024-09-21,2024-09-01,2024,10,Saturday,34,36.0,2.0,True,44.24,4.91,delivered,True
0a30077e-5342-458d-b036-dd9142a62258,32fc6be9-ccc3-4aa3-8a0a-01da90f0ae88,DASHER_00807,2024-02-09 18:55:00,2024-02-09,2024-02-01,2024,18,Friday,42,37.0,-5.0,True,21.83,6.34,delivered,True
1d1054e2-e51d-4f69-a717-49dc80bcf34d,43b9b9bd-5ee1-416b-8d9f-041d4e762f71,DASHER_00326,2024-01-09 18:45:00,2024-01-09,2024-01-01,2024,18,Tuesday,33,43.0,10.0,False,19.58,3.42,delivered,True
3d34a566-0bd0-4123-8e70-e873a311f561,0eab7582-b95e-43fb-9f25-12ed9500e955,DASHER_03537,2024-06-20 21:36:00,2024-06-20,2024-06-01,2024,21,Thursday,36,34.0,-2.0,True,26.84,4.96,delivered,True
e3a0e930-0bb8-40c7-8fda-566599fd3452,5b262e0b-16f4-4533-885a-32d3b65356a9,DASHER_03740,2022-02-19 18:21:00,2022-02-19,2022-02-01,2022,18,Saturday,33,54.0,21.0,False,48.14,6.94,delivered,True
cf6777b6-97d7-4d20-8cac-4864a811637f,451c899b-e4ff-4230-9b59-530cbc863dcf,DASHER_00391,2023-06-04 13:43:00,2023-06-04,2023-06-01,2023,13,Sunday,22,48.0,26.0,False,18.01,5.43,delivered,True
70256f2b-7351-4e3e-a4fb-597520ff333d,62ae2b8a-f11d-4711-a2ae-3f025e299987,DASHER_02855,2022-11-25 10:49:00,2022-11-25,2022-11-01,2022,10,Friday,46,57.0,11.0,False,12.1,6.46,delivered,True
d79e2b7b-dc71-4ef9-aadb-9ed563e53e0a,b6c91728-c175-4220-b4a3-29059a276bf4,DASHER_01864,2022-12-19 21:54:00,2022-12-19,2022-12-01,2022,21,Monday,41,46.0,5.0,True,23.3,7.39,delivered,True
1d0f1bf2-3baa-4d0b-85df-d86be4d41804,466eecc1-077a-47f2-9661-2740f668df4f,DASHER_02168,2022-07-05 18:20:00,2022-07-05,2022-07-01,2022,18,Tuesday,41,29.0,-12.0,True,13.66,6.98,delivered,True
02620875-6004-46f7-b7a6-cfd430aa825e,ce935ddb-3274-4fa1-9112-2a305a96d522,DASHER_02644,2024-09-21 13:51:00,2024-09-21,2024-09-01,2024,13,Saturday,27,31.0,4.0,True,38.18,3.16,delivered,True
9ea4794f-eb8b-43bb-9b84-c407d850d1d6,90fad54d-5356-4748-a873-66024d5fd74f,DASHER_00622,2024-11-02 19:35:00,2024-11-02,2024-11-01,2024,19,Saturday,35,31.0,-4.0,True,46.91,2.38,delivered,True
b793cd93-0967-4d1f-b82e-20deabc11ea6,4ce90dc4-21f7-4d01-a00c-7bc039719b7e,DASHER_02786,2022-07-05 19:58:00,2022-07-05,2022-07-01,2022,19,Tuesday,40,32.0,-8.0,True,13.74,7.44,delivered,True
f1967c50-f0eb-47a2-937c-b75c84cfb02d,af892821-33c1-485d-b27d-d704d884d8ad,DASHER_00673,2022-08-01 21:47:00,2022-08-01,2022-08-01,2022,21,Monday,33,42.0,9.0,False,8.0,3.26,delivered,True
a3953637-591e-4dc9-9b73-5fb03521022c,11a79323-5a9a-43e9-ad5f-e10f428ff6e2,DASHER_04050,2023-04-06 15:02:00,2023-04-06,2023-04-01,2023,15,Thursday,35,41.0,6.0,False,32.19,2.52,delivered,True
3332fcbf-b214-458f-9b61-6e2d8fcc7b70,331e5f36-037e-44df-a3bf-55f8282b7d13,DASHER_03958,2023-04-08 15:51:00,2023-04-08,2023-04-01,2023,15,Saturday,47,47.0,0.0,True,30.82,6.86,delivered,True
7e85ba16-4899-49f8-a0ed-cc711872ab23,62bedf81-0241-465c-9ca8-c7f7a1daa4fc,DASHER_04714,2024-04-28 17:36:00,2024-04-28,2024-04-01,2024,17,Sunday,36,43.0,7.0,False,60.42,6.22,delivered,True
089c96d6-b99f-4665-9720-a95d6b64f612,ab4046f1-1817-4bb8-978c-daea86d60329,DASHER_02622,2024-01-16 20:16:00,2024-01-16,2024-01-01,2024,20,Tuesday,20,10.0,-10.0,True,34.47,4.77,delivered,True
67f73572-6283-4876-9845-3f9a6af55146,40cef1ea-5719-460f-8c9e-41332dd5ceb5,DASHER_04409,2022-06-07 22:08:00,2022-06-07,2022-06-01,2022,22,Tuesday,28,48.0,20.0,False,22.55,7.41,delivered,True
54d00d8d-6f29-4a29-a722-c4be923645c7,fad6bf46-cf2e-4ece-a7e3-97c2a1ca7103,DASHER_02853,2024-11-05 19:34:00,2024-11-05,2024-11-01,2024,19,Tuesday,33,25.0,-8.0,True,53.58,6.01,delivered,True
af1f07cf-772d-433a-a6f9-f192d07ae190,db7f1a46-58b9-4624-bc5a-5cc4877ee3a1,DASHER_03573,2023-04-04 16:36:00,2023-04-04,2023-04-01,2023,16,Tuesday,39,28.0,-11.0,True,74.08,1.14,delivered,True
a791441d-8e3a-4538-876a-a1ca6c88be8e,ce0b1f70-0bb1-4c18-9dc2-b5439ef60c1a,DASHER_02903,2024-07-07 17:03:00,2024-07-07,2024-07-01,2024,17,Sunday,45,55.0,10.0,False,18.11,1.45,delivered,True
6e74fac7-c500-44cc-a2df-748adbf3a2dc,fec37f86-aa4f-4db4-9265-1d75f06af877,DASHER_01092,2023-07-20 17:57:00,2023-07-20,2023-07-01,2023,17,Thursday,33,15.0,-18.0,True,38.9,4.15,delivered,True
2202bcc2-b81c-4ae2-906a-8eb266fa00f6,02c4fa7d-b7ff-4a74-a580-63dfb288527d,DASHER_04420,2023-09-16 12:36:00,2023-09-16,2023-09-01,2023,12,Saturday,34,38.0,4.0,True,11.46,7.85,delivered,True
439cdbc3-742c-4ea6-8cc4-7560d0e377be,b2b3c335-7e91-4a34-a7f4-e88ebd6c27d2,DASHER_00581,2023-10-07 21:39:00,2023-10-07,2023-10-01,2023,21,Saturday,47,53.0,6.0,False,14.59,6.1,delivered,True
d1c4c633-cdf6-4511-97bc-2f48d7a74639,00cf1342-ec8f-4b94-bf38-a1f490f7b5ef,DASHER_04054,2023-02-03 10:38:00,2023-02-03,2023-02-01,2023,10,Friday,28,33.0,5.0,True,8.0,6.09,delivered,True
f55d0e25-3550-43d5-988d-eadcf06ac5d1,87c0b411-61a9-4921-ace6-94942ade1247,DASHER_03123,2023-11-11 07:25:00,2023-11-11,2023-11-01,2023,7,Saturday,17,10.0,-13.0,True,25.79,3.39,delivered,True
f1bb5423-f801-43ed-9a27-d12ac76f4326,f8b93329-c27d-4c1b-9b9c-5c1e16ea4c92,DASHER_02134,2022-07-16 12:11:00,2022-07-16,2022-07-01,2022,12,Saturday,30,24.0,-6.0,True,8.0,3.8,delivered,True
d8ff34af-b884-4d44-b50a-a76d40046227,34215512-7a10-4e42-9120-d6c1f16ec78e,DASHER_02111,2023-04-10 13:41:00,2023-04-10,2023-04-01,2023,13,Monday,30,22.0,-8.0,True,48.81,7.86,delivered,True
ea2a4c33-1d01-464f-8349-2e26e6620914,0a90f802-0fcf-42b9-84bb-4c3dac3add20,DASHER_02677,2022-05-02 19:06:00,2022-05-02,2022-05-01,2022,19,Monday,36,51.0,15.0,False,62.16,3.68,delivered,True
24617275-6928-4019-b8af-d5d7daaa8a1c,a282d015-9c91-4733-ba5f-1ccb5fe64e44,DASHER_04081,2022-02-26 20:36:00,2022-02-26,2022-02-01,2022,20,Saturday,20,11.0,-9.0,True,32.88,3.41,delivered,True
f50dad1b-fbfd-4fd9-b9f1-84b8a3d0d481,30bac6ad-a2b2-4657-bb1f-ff60dfa73965,DASHER_01454,2022-11-13 18:36:00,2022-11-13,2022-11-01,2022,18,Sunday,40,45.0,5.0,True,43.0,4.54,delivered,True
559b7ac4-d641-4d94-b737-9ad4eb178776,03bb8bbf-0ed2-432f-b214-d7083aa3d159,DASHER_02553,2024-06-30 03:02:00,2024-06-30,2024-06-01,2024,3,Sunday,50,41.0,-9.0,True,35.07,5.77,delivered,True
653cc143-53cb-47ab-9071-5483518c869b,fcb504fc-e95f-48f3-94f6-b9bdd4982c20,DASHER_02763,2024-11-27 09:06:00,2024-11-27,2024-11-01,2024,9,Wednesday,33,17.0,-16.0,True,28.8,7.55,delivered,True
559d63c0-613e-466b-8f9f-7137a481630a,1d8cea2a-2740-4ffc-a448-fa0114935103,DASHER_01961,2024-03-07 20:07:00,2024-03-07,2024-03-01,2024,20,Thursday,33,30.0,-3.0,True,45.39,6.55,delivered,True
685f0780-6f87-4c45-8c47-6fcc83fc2925,7d77f3d5-9661-4a48-bc50-276af59798f0,DASHER_04842,2022-03-27 13:58:00,2022-03-27,2022-03-01,2022,13,Sunday,32,45.0,13.0,False,26.6,1.68,delivered,True
f6903ce3-f847-453d-9b6d-8e7501dc2b6a,12ff7c81-fe8d-43d2-ade5-cacbf0af4d8f,DASHER_04273,2024-11-30 07:41:00,2024-11-30,2024-11-01,2024,7,Saturday,30,43.0,13.0,False,13.66,2.4,delivered,True
dcb84700-930f-4465-acd6-31863697d5af,67652639-884c-479b-88cb-f9c3448a7104,DASHER_03088,2023-10-19 08:48:00,2023-10-19,2023-10-01,2023,8,Thursday,41,50.0,9.0,False,62.64,1.57,delivered,True
d4e03682-94a2-4c6d-bfa3-d33cc6dcc5f1,20884c72-dac3-4fd8-aa8b-3369e467b6d7,DASHER_02352,2022-02-18 16:20:00,2022-02-18,2022-02-01,2022,16,Friday,24,18.0,-6.0,True,31.53,4.68,delivered,True
5fb05f40-a270-4822-a491-37f5ef0d72cf,d0c6187b-dadf-445d-8035-ca1e91152b63,DASHER_01420,2022-03-27 09:05:00,2022-03-27,2022-03-01,2022,9,Sunday,22,17.0,-5.0,True,47.19,5.48,delivered,True
1a5da231-45aa-44c2-9b93-a7ad32578fc5,134b54ea-ef07-4b79-a0dd-71709175c22e,DASHER_00429,2022-04-09 17:03:00,2022-04-09,2022-04-01,2022,17,Saturday,42,40.0,-2.0,True,38.68,4.03,delivered,True
f6d43cf9-f981-4e77-9398-478b8c28209f,1f5160ba-9612-482e-a149-ab16daf6e6ca,DASHER_00808,2024-11-07 17:11:00,2024-11-07,2024-11-01,2024,17,Thursday,24,10.0,-18.0,True,27.25,4.19,delivered,True
46898425-cad5-464e-9a63-8762ca3a5190,8a7129e1-d5e2-4929-be01-7f0a25f4598c,DASHER_00127,2023-01-16 21:45:00,2023-01-16,2023-01-01,2023,21,Monday,29,46.0,17.0,False,42.61,7.29,delivered,True
ef192027-85d7-48f2-97af-409cb541d614,2b217b5a-6a55-4642-8e31-b549f1b34ab3,DASHER_01450,2022-08-27 22:00:00,2022-08-27,2022-08-01,2022,22,Saturday,37,51.0,14.0,False,16.05,7.9,delivered,True
c485776d-a3f9-486c-b769-79b13fa6a2dc,e4ed1817-8105-4170-bc19-feaa24b45a39,DASHER_02115,2023-04-13 13:53:00,2023-04-13,2023-04-01,2023,13,Thursday,31,35.0,4.0,True,40.1,4.98,delivered,True
80137750-42f6-4afc-ad80-ac22001db698,c214b78c-a14f-4770-a416-b47ea798c754,DASHER_03406,2023-09-27 10:56:00,2023-09-27,2023-09-01,2023,10,Wednesday,29,14.0,-15.0,True,8.0,6.75,delivered,True
4532203b-86ac-4417-b296-af03e83d2dfa,89cf3c09-cf6c-41d4-b529-f0a2a09d2a85,DASHER_03239,2024-02-12 11:57:00,2024-02-12,2024-02-01,2024,11,Monday,40,59.0,19.0,False,53.23,1.89,delivered,True
bd42024e-3f6c-4555-b378-7d1c663392f7,8a80de20-3565-4768-b4a2-6d164e685ea7,DASHER_04398,2023-04-02 06:07:00,2023-04-02,2023-04-01,2023,6,Sunday,38,57.0,19.0,False,49.93,3.28,delivered,True
e34a7888-6164-498f-bcdb-23d9b2feca75,e67dd971-4c9b-4e57-a087-bb6900673931,DASHER_04670,2023-06-10 22:45:00,2023-06-10,2023-06-01,2023,22,Saturday,42,37.0,-5.0,True,26.67,3.75,delivered,True
17828f0d-86d3-4eca-b0d5-2ffada0c741b,cce2abde-a49d-4714-8ef7-423154de3d51,DASHER_03841,2023-02-18 22:35:00,2023-02-18,2023-02-01,2023,22,Saturday,48,52.0,4.0,True,20.25,4.34,delivered,True
22f049d3-d8aa-4de2-a6dc-00f778795bdd,15f7afdd-2f0b-4288-bc53-243e0228720b,DASHER_01980,2022-08-17 10:53:00,2022-08-17,2022-08-01,2022,10,Wednesday,32,35.0,3.0,True,15.21,6.16,delivered,True
56f6215f-d725-4937-90e3-22b411eb13ec,9599c638-49dd-46d8-84f9-8f916ca8ae36,DASHER_01723,2024-06-24 18:02:00,2024-06-24,2024-06-01,2024,18,Monday,38,31.0,-7.0,True,13.34,6.06,delivered,True
2c42405a-d9a5-44b1-bf13-cb2b0f8908a9,b30bcb95-5143-4808-a35b-1c64962a815d,DASHER_03784,2022-03-31 17:09:00,2022-03-31,2022-03-01,2022,17,Thursday,24,48.0,24.0,False,35.08,3.73,delivered,True
a46c2ba8-1e01-4de4-95f6-6d0b7ae550f3,ad77a28a-7822-467e-a29b-1b7137ab81de,DASHER_03595,2022-11-10 22:32:00,2022-11-10,2022-11-01,2022,22,Thursday,45,52.0,7.0,False,32.22,1.17,delivered,True
229ffa29-9cfa-4739-a46f-ac3ebf8e8c05,734b7915-f4bd-4fb5-b71f-78b73b81fb9e,DASHER_02601,2024-06-21 06:15:00,2024-06-21,2024-06-01,2024,6,Friday,29,24.0,-5.0,True,49.86,3.86,delivered,True
6a756723-4ca2-44ab-90a5-cf2e37a2a44d,544dc4f9-eafb-4a68-b59b-cc7d0b05533d,DASHER_00850,2024-12-30 01:46:00,2024-12-30,2024-12-01,2024,1,Monday,39,52.0,13.0,False,59.04,5.78,delivered,True
76ca7ebc-e7f5-4965-8685-1014986e5b29,15e5f8a8-a5bb-4655-bac8-79a8a7705a9b,DASHER_01839,2022-01-13 14:36:00,2022-01-13,2022-01-01,2022,14,Thursday,42,46.0,4.0,True,28.81,4.81,delivered,True
c6ff77a7-16c7-41f6-9afe-fac7fe871ac7,d4308e7b-3a78-4c99-8c00-94d3d130a68d,DASHER_03168,2022-02-10 18:58:00,2022-02-10,2022-02-01,2022,18,Thursday,32,17.0,-15.0,True,31.38,4.14,delivered,True
75bcf768-3659-4777-b4c3-84d6a4112c60,6d8e5a88-891a-4930-af83-e6a2bb5e3aae,DASHER_01254,2023-05-02 19:39:00,2023-05-02,2023-05-01,2023,19,Tuesday,34,67.0,33.0,False,8.0,2.56,delivered,True
7e247887-2344-4feb-bdd1-77373a7d1f72,7d6dcc2b-9c62-412d-8495-8306d60ae4a6,DASHER_03015,2023-08-11 18:11:00,2023-08-11,2023-08-01,2023,18,Friday,39,50.0,11.0,False,25.08,6.17,delivered,True
cad9b619-e5f1-45bb-9235-91a391ae27b1,452407f9-b89d-4ac8-9dc2-03d9c18302bb,DASHER_01859,2024-06-03 20:09:00,2024-06-03,2024-06-01,2024,20,Monday,42,45.0,3.0,True,36.23,5.38,delivered,True
0a561d68-d851-4db1-b51c-2a013b3e8fbf,771d089e-5466-4394-9774-5bf708797842,DASHER_03182,2023-03-03 22:26:00,2023-03-03,2023-03-01,2023,22,Friday,34,43.0,9.0,False,17.37,4.23,delivered,True
d3db5aac-c525-46a5-8fe5-daa60dd4e2a2,0a70f56d-dc81-418d-8d3d-df8febb33d1b,DASHER_01564,2023-11-23 12:25:00,2023-11-23,2023-11-01,2023,12,Thursday,41,51.0,10.0,False,8.0,6.1,delivered,True
348f133e-5d55-4257-8050-3a3653f113f3,2ea09749-aaf2-4489-a19b-2842c91bfcab,DASHER_01749,2024-01-15 21:35:00,2024-01-15,2024-01-01,2024,21,Monday,26,39.0,13.0,False,8.28,3.74,delivered,True
40910c0a-c594-49a8-ab42-15793d709f78,89a84829-6b04-47b8-86c7-25e0f87d8bdf,DASHER_03376,2024-08-21 07:41:00,2024-08-21,2024-08-01,2024,7,Wednesday,18,25.0,7.0,False,38.46,4.85,delivered,True
6c4d39b7-358d-46be-86df-d5fda3322f23,39b4e4fe-e6c7-4096-b1fb-3e64de5e099a,DASHER_01691,2022-11-17 19:59:00,2022-11-17,2022-11-01,2022,19,Thursday,36,29.0,-7.0,True,27.46,3.69,delivered,True
29787354-540b-4575-b8d6-36101639ff42,8ce4a06e-47fe-476b-ae4a-bb74b8edca49,DASHER_01620,2022-12-19 11:47:00,2022-12-19,2022-12-01,2022,11,Monday,29,11.0,-18.0,True,36.15,2.71,delivered,True
e69f1ffe-6dd0-45fa-ada5-05d050f06334,192997ea-b905-4a62-b3a8-b2f55d3384dd,DASHER_00289,2022-09-25 20:31:00,2022-09-25,2022-09-01,2022,20,Sunday,40,29.0,-11.0,True,60.4,5.72,delivered,True
f2c8f28f-cb3a-4272-9c3e-3434d2ec005b,e9d31913-cbd1-469b-aa07-619b549bfdb4,DASHER_02566,2022-05-14 07:00:00,2022-05-14,2022-05-01,2022,7,Saturday,49,38.0,-11.0,True,41.31,6.2,delivered,True
a1cf792e-7945-4fe3-866f-b187cdf47ec8,a6f1e1bd-4a04-41f0-8e17-f246f6b9c123,DASHER_03658,2023-03-13 12:04:00,2023-03-13,2023-03-01,2023,12,Monday,31,14.0,-17.0,True,53.43,4.32,delivered,True
c74d789f-c6a2-41aa-add7-ae55403b9a61,19c24157-37d6-4e0f-bea7-4e61d1652155,DASHER_03401,2022-12-25 11:06:00,2022-12-25,2022-12-01,2022,11,Sunday,36,30.0,-6.0,True,52.73,3.86,delivered,True
720c3e77-e32c-48ce-ae1c-27a4a222545e,6e532e2a-a7ec-4bc1-a73c-f9cbfcb015f2,DASHER_01201,2024-08-19 19:17:00,2024-08-19,2024-08-01,2024,19,Monday,46,37.0,-9.0,True,8.0,7.35,delivered,True
3c6f5622-3088-4b00-aa3b-a07f16061adf,90aab484-493d-41d2-ac0f-c0bac804ee9f,DASHER_00163,2022-07-18 20:08:00,2022-07-18,2022-07-01,2022,20,Monday,41,32.0,-9.0,True,8.0,3.53,delivered,True
7c9a6c83-6e7a-48c0-816e-335472247999,acf07cd1-be70-465a-957e-f8ce255df639,DASHER_04643,2024-06-22 18:11:00,2024-06-22,2024-06-01,2024,18,Saturday,22,20.0,-2.0,True,29.48,3.4,delivered,True
422ae4d5-18c0-445c-af6a-307b7f1ef359,b156ecb1-33cf-4d90-8d3f-9e0df08d82c9,DASHER_03224,2023-11-27 23:56:00,2023-11-27,2023-11-01,2023,23,Monday,31,36.0,5.0,True,34.8,7.54,delivered,True
56839aa9-7c60-47dd-940f-d81270712813,5981bfd7-7f6e-4b36-99e3-1e85ba34189a,DASHER_04938,2023-02-08 22:20:00,2023-02-08,2023-02-01,2023,22,Wednesday,33,28.0,-5.0,True,54.18,7.87,delivered,True
7132c5b3-64f1-4144-8df9-756589adc71a,39d93b7b-fe52-4d20-9cdd-5c095b095e9f,DASHER_01573,2024-10-10 01:57:00,2024-10-10,2024-10-01,2024,1,Thursday,15,10.0,-19.0,True,8.0,7.32,delivered,True
d3a3fd11-8785-40db-9c1d-c9d4a64d3c67,554ec36e-d754-47b2-97f4-04be874b7d9e,DASHER_03677,2022-02-18 16:57:00,2022-02-18,2022-02-01,2022,16,Friday,33,41.0,8.0,False,47.32,7.96,delivered,True
19b52b96-e45a-4101-964d-d443afbfd5f1,c0b392a4-36ba-4891-af63-1be5a87005bc,DASHER_04516,2023-11-23 04:47:00,2023-11-23,2023-11-01,2023,4,Thursday,46,46.0,0.0,True,58.33,7.48,delivered,True
4fb9aca3-51f4-4bd6-879f-ab982544414b,f89fa075-8584-4edf-b341-3b4c643e3476,DASHER_00294,2022-01-22 19:01:00,2022-01-22,2022-01-01,2022,19,Saturday,38,36.0,-2.0,True,37.97,5.86,delivered,True
f36b85ea-4cf6-4722-a991-705ddffd2753,9e77426a-f99d-4e5a-a3fa-8b6fc17ba243,DASHER_03335,2023-07-08 19:21:00,2023-07-08,2023-07-01,2023,19,Saturday,28,38.0,10.0,False,26.38,3.41,delivered,True
480409f0-c866-4128-b5b3-042db20d33e9,acf07cd1-be70-465a-957e-f8ce255df639,DASHER_00694,2023-06-20 17:31:00,2023-06-20,2023-06-01,2023,17,Tuesday,30,30.0,0.0,True,34.63,6.63,delivered,True
96ee8e51-0888-419a-8ca0-776ff78e043c,58d02875-1e24-4c0c-b4be-dddbaf3b0ca2,DASHER_01990,2023-10-15 21:57:00,2023-10-15,2023-10-01,2023,21,Sunday,46,60.0,14.0,False,41.45,2.07,delivered,True
a5f8b612-cfdd-4c9e-8898-424152d378a2,99be4429-9612-441d-b998-b93e31641d9e,DASHER_00576,2023-05-01 20:55:00,2023-05-01,2023-05-01,2023,20,Monday,38,55.0,17.0,False,39.47,2.08,delivered,True
3eb26d54-3f74-43a0-ac6b-377f0223ee96,fec37f86-aa4f-4db4-9265-1d75f06af877,DASHER_01136,2024-08-01 18:21:00,2024-08-01,2024-08-01,2024,18,Thursday,35,30.0,-5.0,True,36.25,1.56,delivered,True
02517842-6fdc-428e-85fd-8764063912b8,ea3d7242-1e0a-42cd-9ea2-53ade29d6b4e,DASHER_00650,2022-07-07 19:05:00,2022-07-07,2022-07-01,2022,19,Thursday,47,68.0,21.0,False,29.14,3.7,delivered,True
0ff7dd76-bfc5-4924-afe1-74fac723629e,e97dfcba-e1e2-4032-9bf7-65cd60ed4f98,DASHER_03843,2024-12-20 09:52:00,2024-12-20,2024-12-01,2024,9,Friday,42,75.0,33.0,False,23.16,7.05,delivered,True
068ba84b-c623-4bac-a9a9-27aa237c04b9,d1d75ce4-bc84-48c7-b70a-cd0d4c53925b,DASHER_04440,2022-05-06 15:32:00,2022-05-06,2022-05-01,2022,15,Friday,46,53.0,7.0,False,28.87,5.02,delivered,True
4be329bb-8a23-4c2e-8b45-b17509eecc2d,878ba491-1624-47e0-86e9-4a5218748211,DASHER_01865,2023-01-23 19:44:00,2023-01-23,2023-01-01,2023,19,Monday,35,28.0,-7.0,True,39.64,5.14,delivered,True
3085e0da-a700-4bbf-b442-c63ac1603d08,0c848203-2ee0-45af-8c90-fcaa6129acff,DASHER_04346,2024-04-24 16:18:00,2024-04-24,2024-04-01,2024,16,Wednesday,44,45.0,1.0,True,39.68,1.04,delivered,True
f0c6c310-ddec-4e67-8636-7d153f200a3e,874784c7-743a-432a-9a60-8e2efb000967,DASHER_00494,2023-05-31 11:10:00,2023-05-31,2023-05-01,2023,11,Wednesday,37,38.0,1.0,True,8.31,1.55,delivered,True
1e998522-435b-45f2-af96-779a7fbe76de,a1adf48d-e0a0-4e19-90b8-607a4613fdc2,DASHER_02961,2024-07-02 01:47:00,2024-07-02,2024-07-01,2024,1,Tuesday,24,20.0,-4.0,True,16.82,5.88,delivered,True
26bcd5b4-0322-4fb5-81e5-ca582a4338af,0beb9c08-4c03-41cf-adbe-3940b0f89ced,DASHER_03034,2022-05-15 17:46:00,2022-05-15,2022-05-01,2022,17,Sunday,39,28.0,-11.0,True,8.0,3.18,delivered,True
a4e28c3a-f526-41f5-83aa-d7f10ddabe0e,3ef40cb0-c26a-48d6-8f9f-68c9749de4d9,DASHER_02657,2023-01-25 10:10:00,2023-01-25,2023-01-01,2023,10,Wednesday,35,45.0,10.0,False,32.21,7.45,delivered,True
28645fad-3e10-40bf-bf40-df3bbb56eb8a,33c0c09f-62a2-4086-9a91-f440e3098cca,DASHER_03437,2024-04-05 16:57:00,2024-04-05,2024-04-01,2024,16,Friday,30,31.0,1.0,True,57.48,6.51,delivered,True
3338a1f8-d7f5-4f64-944a-b98f69f6eae0,0bc776f1-b987-4c4e-b426-3b679c00f561,DASHER_01415,2024-02-21 23:40:00,2024-02-21,2024-02-01,2024,23,Wednesday,29,35.0,6.0,False,40.05,2.05,delivered,True
86c00b70-39c1-433b-9a61-7980586524ab,fb1b05aa-5b04-4b70-908e-ee87d07e747b,DASHER_04074,2023-01-12 10:01:00,2023-01-12,2023-01-01,2023,10,Thursday,31,35.0,4.0,True,18.56,7.68,delivered,True
16aace3f-51b7-4493-b063-8b96b282037d,452407f9-b89d-4ac8-9dc2-03d9c18302bb,DASHER_01309,2023-07-23 10:31:00,2023-07-23,2023-07-01,2023,10,Sunday,39,28.0,-11.0,True,17.53,4.4,delivered,True
ac1d8c9f-f5c0-46a8-a76f-54101bdf0082,f3aadb96-a268-479a-a3fa-2e674fb91d3b,DASHER_01158,2022-05-03 13:06:00,2022-05-03,2022-05-01,2022,13,Tuesday,41,45.0,4.0,True,31.85,6.62,delivered,True
99a041cd-3ae8-4ca2-bf8b-c66211767dcb,90fad54d-5356-4748-a873-66024d5fd74f,DASHER_03514,2024-05-02 16:19:00,2024-05-02,2024-05-01,2024,16,Thursday,54,47.0,-7.0,True,18.47,5.27,delivered,True
fdae148b-4d5f-418e-b9ea-c9210e2ca095,4dbf4b9f-65b1-4f02-bbeb-54b44380df2c,DASHER_04631,2022-09-23 17:21:00,2022-09-23,2022-09-01,2022,17,Friday,32,11.0,-21.0,True,33.82,4.12,delivered,True
0c9ba423-7c37-449a-aad1-0d638406847b,711a21c6-85e3-4b4d-ad5c-aa69ca2c82a4,DASHER_03900,2024-05-04 10:20:00,2024-05-04,2024-05-01,2024,10,Saturday,34,25.0,-9.0,True,8.0,6.5,delivered,True
1659c9d6-0fad-4749-b153-58b1fcac19fa,bf114da7-fb63-4a3b-97f2-a5a5d9afd9d6,DASHER_04688,2023-11-29 18:21:00,2023-11-29,2023-11-01,2023,18,Wednesday,29,10.0,-24.0,True,39.14,5.14,delivered,True
465790e6-f10b-4f10-b636-29a2fea6749d,5374d195-e234-4f5c-a788-f5022d0d1bfc,DASHER_00783,2023-05-01 20:15:00,2023-05-01,2023-05-01,2023,20,Monday,33,,,,29.71,3.68,cancelled,True
149a0ded-86b2-40e7-96b0-4cb7e13784e9,4d311a4d-1ef2-4cb3-bf60-ecc9f8e63b21,DASHER_02179,2022-10-31 18:05:00,2022-10-31,2022-10-01,2022,18,Monday,26,24.0,-2.0,True,42.11,2.34,delivered,True
e3e2e819-4fc7-44de-a3e5-d0a167cbeee3,b7d5dc5c-a74e-4884-8a08-b588145a5695,DASHER_00025,2023-07-20 19:23:00,2023-07-20,2023-07-01,2023,19,Thursday,38,40.0,2.0,True,24.22,3.28,delivered,True
6c595075-5ea7-4702-a0fb-6a72ed984e9c,0084935c-728e-4c12-b112-f20ca3d2abde,DASHER_04393,2024-09-15 17:50:00,2024-09-15,2024-09-01,2024,17,Sunday,33,43.0,10.0,False,36.95,2.31,delivered,True
e79f9217-6a70-4216-90e4-5be090ac1952,4a777441-342a-4d58-871c-e1e13d83f2b8,DASHER_02033,2022-09-04 12:03:00,2022-09-04,2022-09-01,2022,12,Sunday,48,48.0,0.0,True,18.66,6.52,delivered,True
d2aef3f6-e57b-479d-b225-18f23d95b84b,d741d745-a559-4edc-9467-78113c0d7a2a,DASHER_00236,2024-05-16 19:54:00,2024-05-16,2024-05-01,2024,19,Thursday,41,41.0,0.0,True,13.76,1.54,delivered,True
877e1794-6784-43d9-adb5-82f0819217e6,882cf720-a755-4c50-89e4-94debbf8c49e,DASHER_02573,2024-08-10 20:09:00,2024-08-10,2024-08-01,2024,20,Saturday,23,12.0,-11.0,True,33.34,1.74,delivered,True
787fec73-3b8a-4ba3-a154-d8554086f461,3e2a1b4b-6073-402e-9d5c-cb0f3108b92f,DASHER_02644,2023-07-15 15:12:00,2023-07-15,2023-07-01,2023,15,Saturday,32,20.0,-12.0,True,35.92,7.06,delivered,True
c2bd5a01-160b-4bbe-8469-1082bfaa7ef4,29cfa68f-6c67-4124-bb7a-bc09beb52b88,DASHER_02653,2024-09-04 13:20:00,2024-09-04,2024-09-01,2024,13,Wednesday,33,,,,15.84,3.76,cancelled,True
9c107e9e-7614-407c-a7c7-3270ea599715,0fb40207-a866-49d4-95e5-d4664388bad0,DASHER_00322,2023-10-31 18:48:00,2023-10-31,2023-10-01,2023,18,Tuesday,41,43.0,2.0,True,32.28,6.01,delivered,True
0a724939-c91b-4bad-bbae-452226923081,51a565b4-ea99-4b93-b031-de94488675de,DASHER_01925,2022-09-28 16:59:00,2022-09-28,2022-09-01,2022,16,Wednesday,33,39.0,6.0,False,32.06,1.63,delivered,True
3e03cdd5-9da9-4602-acd4-0b77911235b5,4f5cc927-93b0-4243-b15a-eaa0348879b2,DASHER_04465,2024-01-08 23:21:00,2024-01-08,2024-01-01,2024,23,Monday,41,46.0,5.0,True,42.89,6.52,delivered,True
cb3f8659-adb7-4261-84ad-b09344541259,c634f3b4-dea1-4b01-a044-19c2d780aad7,DASHER_02136,2022-11-14 17:05:00,2022-11-14,2022-11-01,2022,17,Monday,38,43.0,5.0,True,13.46,2.58,delivered,True
5c33018b-f639-415b-a2f4-08057ff8a18e,ee63b244-3380-4f3e-8863-a14b28f3db4e,DASHER_00347,2022-04-26 18:35:00,2022-04-26,2022-04-01,2022,18,Tuesday,46,48.0,2.0,True,52.9,7.64,delivered,True
88996be2-569c-4f04-be10-4cbe88210f73,bdd72c27-fd63-4faa-bccd-d8bcf727cc31,DASHER_02372,2022-10-09 16:20:00,2022-10-09,2022-10-01,2022,16,Sunday,38,26.0,-12.0,True,42.32,4.44,delivered,True
68764995-ab96-4d22-a7a6-4dbd18a61b8a,f4032f1b-36ed-4b36-88cc-bb7054d779b1,DASHER_00058,2024-04-29 17:02:00,2024-04-29,2024-04-01,2024,17,Monday,35,38.0,3.0,True,24.9,7.16,delivered,True
6659be85-48d2-4af3-b48e-4c2598f0953f,235bc7b6-6d51-4c72-8dfc-05eb22c40122,DASHER_02305,2024-11-08 21:10:00,2024-11-08,2024-11-01,2024,21,Friday,37,,,,33.69,2.85,cancelled,True
b964bec7-27e7-4df2-9b91-8d8980f163f1,5d846ec2-9a70-4311-9a25-6cc976593af0,DASHER_02679,2024-02-06 17:10:00,2024-02-06,2024-02-01,2024,17,Tuesday,41,24.0,-17.0,True,40.5,5.54,delivered,True
9a03a084-8526-4d64-ba7a-ca5dad5f4838,cfb530f2-ff18-48b0-9525-1c74a6ea9da4,DASHER_01514,2024-07-13 02:38:00,2024-07-13,2024-07-01,2024,2,Saturday,30,47.0,17.0,False,23.99,1.78,delivered,True
d03af8f4-d055-46aa-aaac-d4f533260669,ea1d2589-4082-4dc2-959a-36d1fe170df1,DASHER_02446,2024-03-04 20:47:00,2024-03-04,2024-03-01,2024,20,Monday,39,36.0,-3.0,True,39.68,7.2,delivered,True
18cf9acc-9881-408f-a0f8-d23b8310ae01,68085f50-e3a5-4dfa-9696-26af31e08000,DASHER_02067,2023-09-14 13:03:00,2023-09-14,2023-09-01,2023,13,Thursday,24,19.0,-5.0,True,19.82,2.51,delivered,True
b617f2f5-75d9-4698-9580-5ef8496fc02f,4d311a4d-1ef2-4cb3-bf60-ecc9f8e63b21,DASHER_03183,2022-02-18 12:13:00,2022-02-18,2022-02-01,2022,12,Friday,42,22.0,-20.0,True,25.39,3.73,delivered,True
eb1b9d6a-d933-4251-b72c-d9902364eb90,15e5f8a8-a5bb-4655-bac8-79a8a7705a9b,DASHER_02035,2022-12-05 22:30:00,2022-12-05,2022-12-01,2022,22,Monday,26,17.0,-9.0,True,23.91,1.53,delivered,True
e4a23ec5-e4fe-4ffd-988a-68c0d56abf58,bafb9902-adfd-4c54-9be6-6d44e7e139c4,DASHER_00000,2022-08-08 21:54:00,2022-08-08,2022-08-01,2022,21,Monday,37,,,,23.66,4.97,cancelled,True
d68e42bc-b852-40e2-bc6d-7d4ba1d0ca5b,b1718ddb-5b58-45ea-bdb8-d9f01304f55a,DASHER_03054,2022-11-23 07:23:00,2022-11-23,2022-11-01,2022,7,Wednesday,42,43.0,1.0,True,38.03,1.52,delivered,True
a7f78c57-e2f4-4c04-9409-c53be1dd486b,554ec36e-d754-47b2-97f4-04be874b7d9e,DASHER_03743,2024-05-05 19:19:00,2024-05-05,2024-05-01,2024,19,Sunday,37,12.0,-25.0,True,56.87,6.59,delivered,True
43627265-606d-4b63-9fdf-397e661f4841,66688073-9a51-470d-821b-d655a5a3f09e,DASHER_03903,2023-02-24 08:40:00,2023-02-24,2023-02-01,2023,8,Friday,27,,,,8.0,2.21,cancelled,True
21d26901-24e4-408d-988c-749681dba91c,e0cdf24e-971c-45e5-8caf-e86683e62ffb,DASHER_02212,2022-08-19 07:15:00,2022-08-19,2022-08-01,2022,7,Friday,18,24.0,6.0,False,47.61,1.43,delivered,True
d1d38464-d20a-4379-b9fd-088805946bef,720d1deb-906d-451e-94c9-107cec6cdf0a,DASHER_03815,2022-11-10 10:25:00,2022-11-10,2022-11-01,2022,10,Thursday,36,35.0,-1.0,True,25.18,3.88,delivered,True
6db906e5-61c7-4bd4-b88c-25c4f79d38ef,c1f2b7f8-09a2-47af-93da-ee9115d68f17,DASHER_02306,2022-01-28 18:02:00,2022-01-28,2022-01-01,2022,18,Friday,23,10.0,-25.0,True,26.54,2.86,delivered,True
84ef473b-98cd-4e17-a561-ae595b5d14a1,98704bbd-22a4-4064-90df-f0915b69bccf,DASHER_00361,2023-07-11 22:12:00,2023-07-11,2023-07-01,2023,22,Tuesday,29,,,,44.78,7.1,cancelled,True
4992fb3f-5892-4b52-955f-430b1cc0ce44,3e358c7a-df9c-42ad-a094-b9d3c0f39b93,DASHER_02347,2024-06-10 17:44:00,2024-06-10,2024-06-01,2024,17,Monday,29,29.0,0.0,True,15.2,4.18,delivered,True
abdcc234-2f79-40df-86fb-6813a93802b6,913126a1-03e8-4657-aa9c-838b260d7bad,DASHER_02627,2024-08-25 17:23:00,2024-08-25,2024-08-01,2024,17,Sunday,43,37.0,-6.0,True,16.37,6.14,delivered,True
d47cf440-a313-4812-b56d-3b70425075e4,e202b0d9-09d4-4658-9ae6-085a3f7a0416,DASHER_01209,2023-12-12 14:37:00,2023-12-12,2023-12-01,2023,14,Tuesday,27,34.0,7.0,False,38.33,4.45,delivered,True
8d3bae5b-c030-4e30-bd9c-f1cce43e2d65,113220c4-00e0-45bd-8d58-83298022a8cc,DASHER_02938,2024-04-15 13:27:00,2024-04-15,2024-04-01,2024,13,Monday,22,29.0,7.0,False,34.42,5.51,delivered,True
1df3c6e2-3d35-4a30-ab21-4de115a01a4c,c46d381c-28e1-4ad1-a90f-63d75b58b38e,DASHER_01188,2024-07-12 20:55:00,2024-07-12,2024-07-01,2024,20,Friday,27,10.0,-22.0,True,13.29,6.81,delivered,True
a6fe3b7d-f7b0-4c07-ab93-52704eeec931,cb8f8a44-90f9-4667-b289-8ee7f3cad5ae,DASHER_03246,2022-11-23 21:36:00,2022-11-23,2022-11-01,2022,21,Wednesday,29,43.0,14.0,False,49.72,1.56,delivered,True
70ae9adb-e2fd-4578-a357-3ec6892a75f0,bfa97811-4e45-4bf6-a0ec-9f84f1fb5dbb,DASHER_04509,2024-05-08 21:32:00,2024-05-08,2024-05-01,2024,21,Wednesday,25,22.0,-3.0,True,23.9,2.58,delivered,True
e6497b85-c95a-4d7d-b627-b78ebc1c1511,0ae8cdd2-0286-42fe-8594-c92586ed2c02,DASHER_04285,2023-11-17 16:20:00,2023-11-17,2023-11-01,2023,16,Friday,30,28.0,-2.0,True,8.0,5.59,delivered,True
2ce304f5-0bb0-4fb5-a2be-8da6859b126a,96319705-637d-48ce-9de5-1b8c07d551f6,DASHER_03716,2024-03-15 10:22:00,2024-03-15,2024-03-01,2024,10,Friday,34,16.0,-18.0,True,41.39,6.26,delivered,True
b040094c-a9ef-48aa-93e3-e1932124bca1,96060ead-4793-4cbe-869c-f2dc3e186cdc,DASHER_02511,2022-01-02 21:32:00,2022-01-02,2022-01-01,2022,21,Sunday,45,49.0,4.0,True,11.82,2.68,delivered,True
75817869-8f16-44fb-b7f3-7d4d04c12cc3,7aafa5e7-2fca-464b-9972-83ab318b8982,DASHER_00132,2024-04-11 12:13:00,2024-04-11,2024-04-01,2024,12,Thursday,31,30.0,-1.0,True,35.98,2.29,delivered,True
9bc52cdd-edb8-4d92-8866-30f03c8c35f8,5fb4184a-f204-4ed7-952f-e1705bc34999,DASHER_00086,2022-05-27 06:28:00,2022-05-27,2022-05-01,2022,6,Friday,35,46.0,11.0,False,23.74,5.87,delivered,True
dcdb1c8c-5f4a-4d09-9109-e88dce98ef1d,6ad7ce01-4de8-47a6-82b0-f4a8fb6685d7,DASHER_04860,2023-09-07 13:23:00,2023-09-07,2023-09-01,2023,13,Thursday,37,49.0,12.0,False,45.34,1.21,delivered,True
707f6637-3dcb-4950-acc1-78bbc0c301b4,d0314ecf-fb8d-432b-9100-f2703c6a5e96,DASHER_00802,2023-10-17 13:16:00,2023-10-17,2023-10-01,2023,13,Tuesday,37,30.0,-7.0,True,8.0,3.95,delivered,True
7ebe002c-7271-4458-905a-6c7a28c76fea,829587aa-6cc3-43f8-8912-bcc759a62dac,DASHER_00711,2023-12-20 22:43:00,2023-12-20,2023-12-01,2023,22,Wednesday,33,,,,9.94,1.57,cancelled,True
8566080a-4691-4b24-b082-a0039e76afb5,44597cfb-af85-46aa-80e1-9df5bc6e74a5,DASHER_02537,2022-07-12 15:47:00,2022-07-12,2022-07-01,2022,15,Tuesday,36,28.0,-8.0,True,45.91,4.86,delivered,True
1825f6ad-2957-4b91-9757-402b3e958f1f,f5ccd3d1-923e-4058-8ec8-646341fa2710,DASHER_00231,2024-07-13 10:26:00,2024-07-13,2024-07-01,2024,10,Saturday,45,55.0,10.0,False,43.45,4.5,delivered,True
e65c0b4b-9534-4f4d-8f94-3224965546c6,f1281845-cdeb-46d8-afb5-67de99bdd4ca,DASHER_02074,2024-08-06 11:36:00,2024-08-06,2024-08-01,2024,11,Tuesday,31,11.0,-20.0,True,50.56,5.09,delivered,True
52136269-4db1-4f08-9c70-c367154ad991,3aea0012-3268-4722-825e-e7a5931f3062,DASHER_02714,2024-11-24 16:57:00,2024-11-24,2024-11-01,2024,16,Sunday,20,,,,8.02,7.77,cancelled,True
3b76f8b8-5047-426b-a310-aa7edde2c38a,3e615fe9-f6eb-4d9c-8e58-66031363460a,DASHER_01446,2022-06-07 09:31:00,2022-06-07,2022-06-01,2022,9,Tuesday,40,40.0,0.0,True,43.35,6.4,delivered,True
65919124-9ca2-4dc6-a606-604e40204e0b,506360a0-94cb-4b16-abf2-a0d410712d99,DASHER_03642,2022-03-31 12:14:00,2022-03-31,2022-03-01,2022,12,Thursday,28,43.0,15.0,False,41.59,1.8,delivered,True
65b94e4b-1fba-4384-9a16-8682780e0f61,7eb68238-8d3a-41cd-bf34-7ea52f78ba9f,DASHER_03003,2022-12-03 08:47:00,2022-12-03,2022-12-01,2022,8,Saturday,16,,,,25.78,6.55,cancelled,True
884f44f1-17a6-4c46-a239-c750ee075599,426965f4-56dc-4ccc-ba66-0d84aff3671f,DASHER_03880,2024-05-30 02:33:00,2024-05-30,2024-05-01,2024,2,Thursday,41,35.0,-6.0,True,44.21,5.9,delivered,True
b2f98cfc-5b3e-469f-be97-968b8205d217,f0ef8ee6-7277-4770-9b50-0ed3e101c630,DASHER_01992,2022-05-18 06:16:00,2022-05-18,2022-05-01,2022,6,Wednesday,36,48.0,12.0,False,13.1,7.34,delivered,True
c3822700-8f68-4fef-a203-56f9ced8e4e6,baeea725-7d61-4880-97f3-1464934553dd,DASHER_04472,2022-10-09 08:10:00,2022-10-09,2022-10-01,2022,8,Sunday,39,42.0,3.0,True,20.3,1.46,delivered,True
b0a215c7-0227-49d3-b762-2bedc6c33450,df38fb94-890b-4bcc-9527-d4a36b3b03b2,DASHER_03200,2023-01-15 18:07:00,2023-01-15,2023-01-01,2023,18,Sunday,39,31.0,-8.0,True,24.51,1.07,delivered,True
3fd01306-13bf-4849-ae31-71bc2555094d,46865a1b-74e6-494e-bbad-480c599a8de4,DASHER_02484,2022-05-03 17:00:00,2022-05-03,2022-05-01,2022,17,Tuesday,43,54.0,11.0,False,34.45,7.44,delivered,True
0f852c8d-72d9-4dd8-acd1-d6623736e796,bcf729b8-4e2a-4e76-83a1-8eaf2bbfb7d9,DASHER_03177,2024-09-10 20:12:00,2024-09-10,2024-09-01,2024,20,Tuesday,32,25.0,-7.0,True,13.83,4.86,delivered,True
452db9b0-ca90-49b2-9a93-90a13cf0ab03,dd76ea3f-771c-4693-8ede-c59c1f02903a,DASHER_04205,2022-05-26 08:08:00,2022-05-26,2022-05-01,2022,8,Thursday,37,32.0,-5.0,True,34.31,2.14,delivered,True
1ead6022-6d1b-4134-be47-decf5d4ed5fa,7fca1ce5-29e0-48d7-8563-3c66d2fc7754,DASHER_03537,2024-04-26 21:23:00,2024-04-26,2024-04-01,2024,21,Friday,34,54.0,20.0,False,17.75,1.29,delivered,True
72e3d74e-9fe7-4647-a163-1560d37199f4,6a255229-2c22-4b92-99d5-8689a34de3e7,DASHER_04967,2023-10-19 20:01:00,2023-10-19,2023-10-01,2023,20,Thursday,39,57.0,18.0,False,34.03,7.34,delivered,True
a8f792cc-3618-4d8a-9216-0bf65775b828,66eee0aa-2503-47bc-a553-ccb1896798de,DASHER_01288,2024-09-08 18:50:00,2024-09-08,2024-09-01,2024,18,Sunday,30,18.0,-12.0,True,27.58,2.68,delivered,True
dce6d018-08ec-4946-89f1-2abfd85c169d,04f7ef18-da41-42e9-bea1-4497da753c6f,DASHER_00695,2024-12-03 11:49:00,2024-12-03,2024-12-01,2024,11,Tuesday,44,51.0,7.0,False,21.17,6.4,delivered,True
c0983bda-ff46-4b4e-bee1-5a1577487868,67689fd1-43bd-47d7-b6b2-daf5700bf6ec,DASHER_02486,2022-03-23 13:25:00,2022-03-23,2022-03-01,2022,13,Wednesday,21,18.0,-3.0,True,49.83,6.84,delivered,True
2044fdd4-b30e-4edf-ae53-538b3e4ec968,d7a8993e-9fb0-4cce-a638-5c0d6d8ab99d,DASHER_04829,2023-11-01 22:54:00,2023-11-01,2023-11-01,2023,22,Wednesday,44,40.0,-4.0,True,17.03,5.23,delivered,True
ad9619bb-4fc9-427b-8c50-ba6897a6fa20,53113463-5756-47f1-9100-97d044972194,DASHER_00515,2022-10-09 16:05:00,2022-10-09,2022-10-01,2022,16,Sunday,17,10.0,-11.0,True,8.0,2.75,delivered,True
06863cd1-43ce-40bf-8c5f-e6bb7884885e,631fc542-fbc7-444b-8819-2db56a754fd4,DASHER_02655,2023-07-04 22:55:00,2023-07-04,2023-07-01,2023,22,Tuesday,32,45.0,13.0,False,44.68,3.43,delivered,True
0a05efdb-8be9-411f-834e-90f7b053b56c,caee2cf1-dc31-4f24-995e-e658c409237e,DASHER_01542,2023-09-20 09:21:00,2023-09-20,2023-09-01,2023,9,Wednesday,29,17.0,-12.0,True,26.79,6.37,delivered,True
5f18cf13-4d38-48c3-adbc-b20c4a348cd9,d0c6187b-dadf-445d-8035-ca1e91152b63,DASHER_04529,2022-10-13 20:44:00,2022-10-13,2022-10-01,2022,20,Thursday,31,48.0,17.0,False,16.9,5.06,delivered,True
402dc44d-c579-41e1-8693-ecb908f484c6,b9b4fd91-f720-4dfa-9af5-1e741277731d,DASHER_02763,2022-12-22 08:46:00,2022-12-22,2022-12-01,2022,8,Thursday,47,59.0,12.0,False,13.48,2.27,delivered,True
216575df-b681-43e3-95a7-f768b3509beb,7ee91a5f-eef1-441e-825d-9091d5ee78f8,DASHER_02796,2024-10-14 13:25:00,2024-10-14,2024-10-01,2024,13,Monday,28,28.0,0.0,True,40.91,2.76,delivered,True
0504b905-4438-429a-ba7a-f9683f5f85f1,fde54432-d9e3-4e64-a9d8-837187049985,DASHER_04055,2024-02-11 20:25:00,2024-02-11,2024-02-01,2024,20,Sunday,43,50.0,7.0,False,28.7,4.17,delivered,True
7133b11e-00c3-446e-83c5-064783c1ace0,2dc597dc-6cbf-49ff-ae63-e328d5eb9fab,DASHER_04876,2023-07-22 17:26:00,2023-07-22,2023-07-01,2023,17,Saturday,35,38.0,3.0,True,41.01,3.18,delivered,True
ee994f90-340d-4268-9488-6abbb61737a9,ebf4f62f-28a1-42e0-a01c-e854ae20caee,DASHER_02272,2022-10-14 09:23:00,2022-10-14,2022-10-01,2022,9,Friday,40,42.0,2.0,True,8.0,1.74,delivered,True
3cd15930-b5da-4a16-ac08-71a0d005b6d5,db216414-7217-4143-a349-3f6300808c8f,DASHER_04641,2023-07-04 08:06:00,2023-07-04,2023-07-01,2023,8,Tuesday,45,37.0,-8.0,True,35.28,7.83,delivered,True
9b806866-47db-47ad-935a-355b5c946166,e85c5921-e799-441c-b48b-9fc3aac2cea7,DASHER_04527,2023-07-22 11:15:00,2023-07-22,2023-07-01,2023,11,Saturday,36,38.0,2.0,True,49.16,3.46,delivered,True
bd87e5b4-f7ad-48cf-98b6-30140596ec08,30d6bd4d-7fcf-40ce-a7c2-ebc6a27a55cf,DASHER_03139,2023-04-30 09:35:00,2023-04-30,2023-04-01,2023,9,Sunday,23,13.0,-10.0,True,34.52,7.67,delivered,True
ef83f48c-231a-4b5e-bb1c-9a569ea2bdea,caa4e8e6-b27d-4604-8ea8-097cd33b0093,DASHER_02016,2022-07-06 18:39:00,2022-07-06,2022-07-01,2022,18,Wednesday,45,54.0,9.0,False,26.91,6.91,delivered,True
dcf7cc48-5a6e-4147-8a91-41b9c2a2ca05,58d02875-1e24-4c0c-b4be-dddbaf3b0ca2,DASHER_00025,2023-03-29 10:39:00,2023-03-29,2023-03-01,2023,10,Wednesday,37,43.0,6.0,False,29.41,5.05,delivered,True
5883c49c-cef4-4136-9c42-7b2d3841e3e3,b99421b7-97ac-453a-9202-d5a6b958bc06,DASHER_01231,2024-03-02 15:14:00,2024-03-02,2024-03-01,2024,15,Saturday,41,45.0,4.0,True,32.16,6.16,delivered,True
5d5d5e0d-7f4d-4d84-bbb6-c5a02a130403,6cf9feb9-6534-49f6-a7d0-efd9c0e448b6,DASHER_04026,2024-02-27 21:48:00,2024-02-27,2024-02-01,2024,21,Tuesday,27,37.0,10.0,False,8.0,3.39,delivered,True
169527b8-5f5e-4561-b192-34d3a40db609,de5b3a8b-08c5-433a-a8c7-eb5e68da1e84,DASHER_00633,2022-02-12 16:39:00,2022-02-12,2022-02-01,2022,16,Saturday,41,32.0,-9.0,True,38.99,5.2,delivered,True
a98b353b-4fc6-40f3-8b97-c8748407b776,fe584508-1181-4e8d-ab73-c953f0de6884,DASHER_02381,2024-02-13 09:25:00,2024-02-13,2024-02-01,2024,9,Tuesday,36,46.0,10.0,False,40.27,7.13,delivered,True
744e30c9-5578-4807-9ecc-d25d3bf85d60,379f6bc5-5e9b-4e65-af45-d6afd1cd2b81,DASHER_00179,2022-02-19 19:36:00,2022-02-19,2022-02-01,2022,19,Saturday,30,30.0,0.0,True,51.68,3.71,delivered,True
3dd8aa4b-d2fc-4bfe-b031-5ef530456063,13052c96-f2f8-4405-b922-32a050f2174b,DASHER_03582,2023-12-08 13:01:00,2023-12-08,2023-12-01,2023,13,Friday,22,23.0,1.0,True,28.17,3.56,delivered,True
e5d043de-3083-49e4-b196-3a2c9f5654f4,efae2109-2736-4117-b72d-d925773f5a10,DASHER_01603,2023-06-17 16:10:00,2023-06-17,2023-06-01,2023,16,Saturday,40,43.0,3.0,True,48.03,6.91,delivered,True
4adf7ee7-e158-4cc5-865e-a2e8979ddac7,d5a2dee4-9113-4236-a6a3-6446db75a75d,DASHER_04528,2024-02-21 13:48:00,2024-02-21,2024-02-01,2024,13,Wednesday,36,54.0,18.0,False,34.3,7.51,delivered,True
ae5ea6e8-df5a-4586-b867-54f4eacbc7c0,c8b3d72b-b3f9-431c-bfde-6a0d49c90dcb,DASHER_03354,2024-07-16 08:09:00,2024-07-16,2024-07-01,2024,8,Tuesday,36,42.0,6.0,False,19.09,3.17,delivered,True
f47e61a3-025a-4c7f-aad9-d5217c897e11,5f5eb29e-7f09-48e1-82ab-21228078a1be,DASHER_01441,2024-12-02 06:55:00,2024-12-02,2024-12-01,2024,6,Monday,37,39.0,2.0,True,24.48,3.95,delivered,True
b8be84af-2171-4894-93c2-10bc43e81f48,5da2c863-e7fe-4da5-b849-dd39b5615e8d,DASHER_00831,2022-12-10 10:51:00,2022-12-10,2022-12-01,2022,10,Saturday,43,58.0,15.0,False,23.6,2.87,delivered,True
afa20403-c637-41c5-a5fa-6aa02bca3f33,843cd534-807f-41e5-b999-0bf74d49788a,DASHER_04371,2023-01-02 17:49:00,2023-01-02,2023-01-01,2023,17,Monday,21,25.0,4.0,True,38.75,1.05,delivered,True
d6feafd4-3408-41ca-b340-1c7216d01cfc,6e7fa0cf-0278-43d8-ae57-9325be81c9eb,DASHER_01105,2022-12-18 20:32:00,2022-12-18,2022-12-01,2022,20,Sunday,32,37.0,5.0,True,12.2,2.16,delivered,True
3b131df4-6689-40b3-8e72-1deaf5750064,59e6ec97-61bc-425c-8997-b45e0cef93d1,DASHER_02287,2024-08-18 09:08:00,2024-08-18,2024-08-01,2024,9,Sunday,35,51.0,16.0,False,12.43,5.96,delivered,True
20dc462e-8d52-414b-b8e7-3b7ca50d82ef,d1b7b24b-4641-450e-b4e8-47092e175290,DASHER_02352,2023-05-24 09:38:00,2023-05-24,2023-05-01,2023,9,Wednesday,37,37.0,0.0,True,22.91,4.22,delivered,True
780881ac-354c-4447-8cd3-1febb4c2134a,db2bd29f-69b0-4992-adaf-cd163319a3fd,DASHER_04257,2024-09-30 19:25:00,2024-09-30,2024-09-01,2024,19,Monday,22,16.0,-6.0,True,16.07,6.02,delivered,True
16408aa2-5ed2-4880-a390-e8be8233a7b7,0f668b8a-bfd7-4761-a195-43543290414e,DASHER_00298,2024-04-09 20:33:00,2024-04-09,2024-04-01,2024,20,Tuesday,43,49.0,6.0,False,25.0,2.44,delivered,True
5a8ae5de-8e1b-44fc-b26f-9283e51776db,8f53ce1d-5ff8-41af-b656-d3b0d74218a5,DASHER_00195,2024-01-23 21:07:00,2024-01-23,2024-01-01,2024,21,Tuesday,28,21.0,-7.0,True,24.56,1.1,delivered,True
31bfe00e-8915-49e6-8e60-2c8f895351c4,8145e048-7580-4eb1-b904-e733ccd7420c,DASHER_01145,2024-06-10 20:48:00,2024-06-10,2024-06-01,2024,20,Monday,39,53.0,14.0,False,52.48,5.53,delivered,True
d177519b-651e-4359-bc74-eb767a6bd969,0d517b9e-7b23-4590-a10d-57e102ae6bbd,DASHER_03270,2023-09-11 14:09:00,2023-09-11,2023-09-01,2023,14,Monday,40,40.0,0.0,True,12.09,7.17,delivered,True
4f7c61be-3cbd-479a-bb10-cd9196dd8919,83e03988-896e-44f2-904d-b1ccd5f20062,DASHER_02420,2024-08-06 08:03:00,2024-08-06,2024-08-01,2024,8,Tuesday,36,36.0,0.0,True,36.91,3.61,delivered,True
3f7aba00-b291-4768-a60c-2aca5847c22d,7050e998-b03a-4cc3-8a08-66ec02640158,DASHER_02906,2023-12-19 16:24:00,2023-12-19,2023-12-01,2023,16,Tuesday,47,32.0,-15.0,True,36.71,1.27,delivered,True
a2a587e9-5163-42a4-97e7-5f02d2c679b3,83e03988-896e-44f2-904d-b1ccd5f20062,DASHER_01195,2024-09-08 06:21:00,2024-09-08,2024-09-01,2024,6,Sunday,25,34.0,9.0,False,60.27,6.2,delivered,True
94954bd4-fb5f-4ef3-967e-82fbbfe6cf7a,ea05cafe-8dae-47ac-aef4-e1ac966bd56b,DASHER_02736,2023-07-07 05:32:00,2023-07-07,2023-07-01,2023,5,Friday,36,,,,33.5,5.34,cancelled,True
3bc398c6-b2ae-4efe-9fb2-4dd71297d31d,829587aa-6cc3-43f8-8912-bcc759a62dac,DASHER_03550,2023-08-07 13:51:00,2023-08-07,2023-08-01,2023,13,Monday,26,20.0,-6.0,True,27.68,6.34,delivered,True
616a733c-58af-41d2-9165-2e7c75c4df07,5c76f01b-cdd1-4c2f-bb23-581dce161f86,DASHER_01256,2022-03-16 19:35:00,2022-03-16,2022-03-01,2022,19,Wednesday,33,18.0,-15.0,True,41.84,5.61,delivered,True
8d632a90-fdde-414a-a315-7dda565ce857,438ab3c1-c8ca-4eb9-91f8-cde2979b042c,DASHER_03144,2024-06-19 19:40:00,2024-06-19,2024-06-01,2024,19,Wednesday,31,31.0,0.0,True,36.76,2.92,delivered,True
1ee59161-586f-4df0-96f3-5a05cc9e3a4f,44dc67e6-b1df-4aaf-aa52-8119fcbc38ff,DASHER_03420,2023-03-28 04:19:00,2023-03-28,2023-03-01,2023,4,Tuesday,39,39.0,0.0,True,38.01,3.98,delivered,True
58e77542-5153-4a02-9423-64e7fc37ca81,a3baa31c-5934-4dd8-bcd0-e74e2ac063c3,DASHER_03953,2023-06-07 23:13:00,2023-06-07,2023-06-01,2023,23,Wednesday,19,23.0,4.0,True,28.52,6.5,delivered,True
f285998a-4b92-408f-ae74-2bbbc0714d81,4a789bba-853f-45f5-9726-4e9ea0b6e79f,DASHER_02807,2023-03-25 16:10:00,2023-03-25,2023-03-01,2023,16,Saturday,43,37.0,-6.0,True,8.0,6.94,delivered,True
fa0417a5-d13b-40e9-9524-cf056ef0865e,590aee83-b720-448e-b3f2-4a8570d03160,DASHER_02674,2023-06-13 18:35:00,2023-06-13,2023-06-01,2023,18,Tuesday,20,36.0,16.0,False,10.84,4.68,delivered,True
0758d279-1644-4110-8b38-27ae35b2cc78,6ca2dd9f-e5bc-4212-ac40-7db6e0cc3f01,DASHER_03554,2024-12-01 19:51:00,2024-12-01,2024-12-01,2024,19,Sunday,20,10.0,-14.0,True,15.19,4.55,delivered,True
887787d9-44c9-44d5-8c01-b5614136279c,c5fa5024-6516-49e0-b557-ed6678f8ab3b,DASHER_00872,2024-10-18 23:25:00,2024-10-18,2024-10-01,2024,23,Friday,35,50.0,15.0,False,34.86,6.76,delivered,True
53660879-aa10-4db5-b3b4-ca149a1993a4,3365c608-7285-44a2-9f4f-b13e4da94ad4,DASHER_00807,2023-04-03 21:14:00,2023-04-03,2023-04-01,2023,21,Monday,39,33.0,-6.0,True,22.72,3.88,delivered,True
381e143e-1154-4a19-82ac-389f1ffe2fec,6141c8ff-5e91-4d45-8363-33562058f1d0,DASHER_00543,2024-03-29 14:21:00,2024-03-29,2024-03-01,2024,14,Friday,26,24.0,-2.0,True,39.15,6.41,delivered,True
a0516e6c-a6b6-456c-8efd-e56e34dbac46,2e7f6d94-8f6b-44c8-a0aa-1154fe70bc9c,DASHER_03034,2022-04-27 15:52:00,2022-04-27,2022-04-01,2022,15,Wednesday,27,32.0,5.0,True,36.6,7.14,delivered,True
29405ca2-9cfd-458a-abed-66a58ff9906a,41c75614-7f1c-4a71-b576-0d9b214a0ec6,DASHER_01992,2024-10-04 22:25:00,2024-10-04,2024-10-01,2024,22,Friday,38,28.0,-10.0,True,20.43,5.26,delivered,True
f901c95f-c039-4559-b455-0708074ca719,6e2518b1-a6a5-4eb5-aa21-6623cec2a451,DASHER_00674,2022-12-04 12:38:00,2022-12-04,2022-12-01,2022,12,Sunday,31,41.0,10.0,False,29.06,4.77,delivered,True
5c62768b-8df4-40d9-92a1-c0f1b263264c,f83916a4-7a55-430b-9626-e699c71be7c0,DASHER_00017,2024-10-05 21:59:00,2024-10-05,2024-10-01,2024,21,Saturday,33,54.0,21.0,False,23.4,4.29,delivered,True
e5abb72d-d411-41f0-a27f-88216879c576,28391012-435c-4b34-8d3b-9cfadc2c8d7e,DASHER_04685,2022-03-08 08:53:00,2022-03-08,2022-03-01,2022,8,Tuesday,26,39.0,13.0,False,36.19,3.16,delivered,True
5d0e5089-95aa-406e-92f0-d44f16926b32,8a0e4abe-d4d7-45a7-8f90-dc4234226a9b,DASHER_01574,2022-07-24 03:37:00,2022-07-24,2022-07-01,2022,3,Sunday,37,,,,30.61,6.52,cancelled,True
6c83b641-8544-45ba-a5c1-4df86abdef16,60a373b2-48fe-44a7-b458-e95ce33dcd76,DASHER_00587,2024-03-11 20:31:00,2024-03-11,2024-03-01,2024,20,Monday,43,53.0,10.0,False,34.53,1.44,delivered,True
bf400cee-5e2e-4fa0-a4d8-af73ab5e428f,b0662d42-f6a7-4695-b775-7b915c173b06,DASHER_02324,2023-06-17 09:49:00,2023-06-17,2023-06-01,2023,9,Saturday,29,28.0,-1.0,True,22.09,1.21,delivered,True
6c728688-e523-4e30-b640-a498938cc246,d12493d2-3ec9-477e-982b-59b95212805e,DASHER_02405,2023-11-25 19:44:00,2023-11-25,2023-11-01,2023,19,Saturday,26,28.0,2.0,True,12.8,3.92,delivered,True
68080c1c-9222-40cb-9fee-53bc9f03dcbd,8020a8a6-92eb-42f5-b727-a8959fc58470,DASHER_01271,2023-04-27 20:54:00,2023-04-27,2023-04-01,2023,20,Thursday,22,19.0,-3.0,True,40.92,1.25,delivered,True
483afad2-4b2b-4a05-b7ed-050f5d4ab307,d910e224-61c9-4140-a64c-618d1dc93073,DASHER_00601,2022-05-01 18:07:00,2022-05-01,2022-05-01,2022,18,Sunday,52,86.0,34.0,False,25.77,3.23,delivered,True
7eb4ca99-0fec-4bbc-a96f-c0b077d2c4d0,acf07cd1-be70-465a-957e-f8ce255df639,DASHER_04522,2023-05-05 19:27:00,2023-05-05,2023-05-01,2023,19,Friday,42,19.0,-23.0,True,47.05,6.1,delivered,True
d03138f4-8c42-4df0-a68f-ac63be8ca72e,6e130b69-ef43-48cc-b82e-2826fd9fef9a,DASHER_01568,2023-09-12 22:13:00,2023-09-12,2023-09-01,2023,22,Tuesday,44,34.0,-10.0,True,25.83,6.88,delivered,True
7232cd1b-aa96-40e7-8192-db0521067088,f8e1f755-8325-43dc-bb9c-b0ec3f71272b,DASHER_02650,2023-06-01 14:52:00,2023-06-01,2023-06-01,2023,14,Thursday,37,20.0,-17.0,True,28.83,4.14,delivered,True
3dd2749e-addd-4745-bc5e-ecbfd9ca5649,d3e9bfeb-8bae-45a0-9399-9eaf3360b899,DASHER_01507,2023-11-01 20:45:00,2023-11-01,2023-11-01,2023,20,Wednesday,28,32.0,4.0,True,54.7,7.67,delivered,True
04a034c2-8eeb-431d-b975-6e1eff023f96,b007ff0c-84c4-44af-821f-6505a4f3d905,DASHER_04200,2024-05-01 07:56:00,2024-05-01,2024-05-01,2024,7,Wednesday,35,41.0,6.0,False,27.88,5.22,delivered,True
c5f99327-adb2-402e-b570-56b54ea2d8d9,8750078b-478d-4c00-8c0b-9a6e565f9651,DASHER_02809,2023-07-24 21:46:00,2023-07-24,2023-07-01,2023,21,Monday,35,,,,33.0,1.01,cancelled,True
355bda43-fb36-462f-a852-1a61c638abd3,bd2341f2-01fa-4d80-a040-b050330d13d4,DASHER_04136,2024-09-15 20:32:00,2024-09-15,2024-09-01,2024,20,Sunday,27,29.0,2.0,True,36.6,2.9,delivered,True
894dcd42-df9b-49f8-af45-fa45bf94b734,6a249cce-a90e-4d90-b9d5-1f5dd3b1a6aa,DASHER_00322,2024-03-11 21:37:00,2024-03-11,2024-03-01,2024,21,Monday,26,16.0,-10.0,True,8.0,4.82,delivered,True
ac152d21-1934-4869-aa0a-027ee7fdfb26,32cea1a5-5839-46e8-a7c5-a6b5400897cb,DASHER_03887,2024-07-23 04:21:00,2024-07-23,2024-07-01,2024,4,Tuesday,38,53.0,15.0,False,30.75,6.8,delivered,True
e0147123-7fb9-48be-beed-d4b6b79a7fdd,0c9d0199-fe0f-4cc7-aa9a-55953f137425,DASHER_04840,2024-05-04 22:58:00,2024-05-04,2024-05-01,2024,22,Saturday,42,32.0,-10.0,True,30.49,7.23,delivered,True
9d38ed7b-f028-41c9-ac35-ce6c600b97a5,59e4c33d-eed6-458b-8eab-83eebb13bb2f,DASHER_01877,2022-03-21 20:42:00,2022-03-21,2022-03-01,2022,20,Monday,41,48.0,7.0,False,22.01,1.27,delivered,True
4942d8cc-bce1-45b1-b4e6-19854573075a,3995e609-6a53-4a4e-ab7b-ae04dc7c3a7d,DASHER_04384,2024-07-09 10:00:00,2024-07-09,2024-07-01,2024,10,Tuesday,16,28.0,12.0,False,35.93,3.91,delivered,True
7f497cf3-b785-4819-8902-2da24b3c064f,6fecdbc0-d8e2-48ee-96d9-14f83ce372ae,DASHER_00419,2024-10-24 21:46:00,2024-10-24,2024-10-01,2024,21,Thursday,25,29.0,4.0,True,8.0,4.47,delivered,True
09fa8bba-86b4-4c35-ad36-aa98c930d5fa,f8d99549-8d72-4082-983a-1f2818150e72,DASHER_04593,2023-03-14 17:35:00,2023-03-14,2023-03-01,2023,17,Tuesday,34,39.0,5.0,True,27.08,5.58,delivered,True
b7f80ccb-64db-4f92-8bd3-00adec79176f,4ad8767f-a9e3-4e25-88d2-fa77ca61a1e3,DASHER_01063,2022-01-30 19:05:00,2022-01-30,2022-01-01,2022,19,Sunday,30,26.0,-4.0,True,38.41,7.51,delivered,True
abf31426-98fa-43cc-95aa-6ee0ba776ba1,ccb80a76-79ff-4343-bebb-fee9c4d76672,DASHER_01342,2023-06-13 09:18:00,2023-06-13,2023-06-01,2023,9,Tuesday,31,21.0,-10.0,True,12.05,3.01,delivered,True
862cf898-1a5b-4c5f-bab6-985a6ee25c54,ae22d53a-67f2-43b2-85e1-5fd3a9c2c809,DASHER_00540,2022-05-21 06:09:00,2022-05-21,2022-05-01,2022,6,Saturday,45,,,,8.0,6.44,cancelled,True
d2c49349-4f8e-4bd0-b96a-e210912b104f,865988c1-50e6-444c-ac9f-aefb4bd5c988,DASHER_04379,2023-07-08 22:07:00,2023-07-08,2023-07-01,2023,22,Saturday,35,25.0,-10.0,True,21.03,5.67,delivered,True
643f50a2-ed1d-421c-88c3-90788e52b314,cdb04504-3a06-4917-a915-fd0d5edb90d4,DASHER_04467,2023-07-24 20:22:00,2023-07-24,2023-07-01,2023,20,Monday,35,37.0,2.0,True,14.91,7.6,delivered,True
4eca703d-ae66-4c2b-aa64-1237482870fe,e48f894e-133e-460e-9ce6-d4a17a7f26a1,DASHER_01329,2022-02-07 22:39:00,2022-02-07,2022-02-01,2022,22,Monday,39,19.0,-20.0,True,33.9,6.7,delivered,True
74a605f4-2070-43e8-b946-39e600771d8e,3b3c9b90-0ddd-4927-8e1f-c833acdbb514,DASHER_03542,2024-12-31 09:59:00,2024-12-31,2024-12-01,2024,9,Tuesday,38,38.0,0.0,True,14.56,1.71,delivered,True
b93bb3c8-dba9-4bb0-980f-c596abadab5b,532b5dc6-cfaf-4ac2-a524-54e04c5e6913,DASHER_04803,2024-11-15 20:25:00,2024-11-15,2024-11-01,2024,20,Friday,36,43.0,7.0,False,28.42,7.94,delivered,True
759eb1f6-e7c6-4848-a4c3-307421580086,cf5d9720-d77f-4f2e-b1b2-940fbb7fa1bd,DASHER_02639,2023-04-10 21:59:00,2023-04-10,2023-04-01,2023,21,Monday,32,43.0,11.0,False,19.38,5.49,delivered,True
200ca2dd-aa33-40ce-b615-9261566efeb5,590aee83-b720-448e-b3f2-4a8570d03160,DASHER_03051,2023-02-12 21:02:00,2023-02-12,2023-02-01,2023,21,Sunday,34,34.0,0.0,True,19.26,6.85,delivered,True
b777380b-6b4e-4c20-b808-cfa5d9929255,02c4fa7d-b7ff-4a74-a580-63dfb288527d,DASHER_00954,2023-10-08 21:05:00,2023-10-08,2023-10-01,2023,21,Sunday,28,31.0,3.0,True,33.53,5.14,delivered,True
3a01bcf8-7059-408a-ab3b-fc7452a2efc8,58bacc4c-bb18-4de4-86c4-324ce6dfa5b5,DASHER_02597,2024-08-27 16:35:00,2024-08-27,2024-08-01,2024,16,Tuesday,33,23.0,-10.0,True,28.96,3.97,delivered,True
ad48b866-1ee9-4286-999b-77377c94873a,298f9476-abf4-4686-aff2-c3072f4a8f26,DASHER_02115,2022-03-21 21:03:00,2022-03-21,2022-03-01,2022,21,Monday,44,60.0,16.0,False,20.21,6.7,delivered,True
c3f8715d-9c2d-45c9-9e7e-38ce3c89e015,b7d30ad8-04a0-4b83-b31c-9f48a1c1086b,DASHER_04081,2022-11-10 11:54:00,2022-11-10,2022-11-01,2022,11,Thursday,32,34.0,2.0,True,23.96,1.15,delivered,True
26297d32-48e9-46cd-b878-9c2637fd9085,703dfc36-3a34-4d48-97bf-6ef384868e11,DASHER_00820,2023-08-07 12:45:00,2023-08-07,2023-08-01,2023,12,Monday,41,46.0,5.0,True,33.0,3.53,delivered,True
4b3068ec-75a9-472b-ad0c-bf7816ef44d7,6da36bd5-3842-4eda-9fd8-32199f19b9e0,DASHER_04769,2022-07-14 23:49:00,2022-07-14,2022-07-01,2022,23,Thursday,26,47.0,21.0,False,31.89,2.93,delivered,True
7ed54449-cba0-4b57-b97f-116857213f3d,ff1307a7-d9b3-4b73-a5dc-1051b1a8bf30,DASHER_04524,2022-06-13 20:35:00,2022-06-13,2022-06-01,2022,20,Monday,29,51.0,22.0,False,16.5,5.6,delivered,True
c5067ab5-254c-4ade-b0bb-d1b74606b299,438ab3c1-c8ca-4eb9-91f8-cde2979b042c,DASHER_02730,2022-07-25 21:48:00,2022-07-25,2022-07-01,2022,21,Monday,41,37.0,-4.0,True,27.91,1.47,delivered,True
fbf9e0c8-ac8c-4b84-a3a3-597372c8f7d7,4ec0bc7b-2294-475f-a334-81ffb6697467,DASHER_02165,2022-01-09 07:30:00,2022-01-09,2022-01-01,2022,7,Sunday,37,58.0,21.0,False,35.71,2.1,delivered,True
16a687d6-075c-46af-a4d0-175dd49412b1,bc9124bd-0dd3-4fb0-9fbe-b93824c5b538,DASHER_00137,2023-05-23 07:10:00,2023-05-23,2023-05-01,2023,7,Tuesday,42,66.0,24.0,False,8.0,1.88,delivered,True
243c4ca0-d5cc-427a-acb2-ca84053ac586,b3cc076c-17bb-4448-bc7d-5e051f6c9d05,DASHER_01536,2024-11-09 10:26:00,2024-11-09,2024-11-01,2024,10,Saturday,37,51.0,14.0,False,29.11,4.44,delivered,True
b1624026-90ae-41ba-9be1-430c506b0595,2213d9f3-ac15-48c0-8ead-a02ba75eb7a5,DASHER_02820,2023-05-03 05:13:00,2023-05-03,2023-05-01,2023,5,Wednesday,28,21.0,-7.0,True,55.03,3.87,delivered,True
63af870b-f20d-4c00-90fc-9f9360276eeb,e296d202-f022-42b9-988d-360a619d8343,DASHER_04958,2023-08-13 11:39:00,2023-08-13,2023-08-01,2023,11,Sunday,51,54.0,3.0,True,22.42,4.47,delivered,True
609e7c40-0972-4eeb-a42c-409f0218f8d0,fe9733f0-8e55-4d65-a146-bcb2484c30cb,DASHER_04753,2022-08-23 14:12:00,2022-08-23,2022-08-01,2022,14,Tuesday,34,16.0,-18.0,True,44.81,1.92,delivered,True
a2514b19-72d0-46bb-b54a-f1ee51fbaf0b,df38fb94-890b-4bcc-9527-d4a36b3b03b2,DASHER_01786,2022-03-24 10:15:00,2022-03-24,2022-03-01,2022,10,Thursday,43,43.0,0.0,True,8.0,2.93,delivered,True
3aab06e5-7281-4796-a7c8-6051836ab4b5,aff2a139-3654-4967-8aab-24cf791bdd24,DASHER_00876,2022-08-19 18:41:00,2022-08-19,2022-08-01,2022,18,Friday,35,40.0,5.0,True,19.63,2.02,delivered,True
98ddef6d-4407-48b8-bd5a-84416e8eab68,a62743cb-31b2-406d-9922-1e5e8d6fab4f,DASHER_03632,2022-09-10 21:20:00,2022-09-10,2022-09-01,2022,21,Saturday,42,53.0,11.0,False,26.42,5.63,delivered,True
510e50b8-853f-4948-a0ff-dc2c8e913400,29f0b988-affb-4093-b54e-172b2cfe1ad8,DASHER_04013,2022-10-26 10:22:00,2022-10-26,2022-10-01,2022,10,Wednesday,39,55.0,16.0,False,16.53,1.33,delivered,True
2fec7f12-c78d-48ce-9783-c1ae6ded678e,d7a6ac5b-76e7-49a8-8b22-96ecc6d87db8,DASHER_04294,2022-01-07 15:10:00,2022-01-07,2022-01-01,2022,15,Friday,35,58.0,23.0,False,40.33,3.01,delivered,True
7a5741ca-3087-4366-8455-4291d94fbc6e,a7b8ca5c-13c6-42c0-8068-ea10c88436b4,DASHER_03876,2024-04-26 08:18:00,2024-04-26,2024-04-01,2024,8,Friday,39,46.0,7.0,False,32.6,5.1,delivered,True
99d89d3d-fc09-4640-a78b-960bf3e09f1c,c9b59ebc-29cc-4da3-a377-28b6430bbfd1,DASHER_03199,2023-12-14 12:14:00,2023-12-14,2023-12-01,2023,12,Thursday,25,10.0,-17.0,True,35.67,2.88,delivered,True
02db9887-fa8d-4d5e-b976-1232a4ea0e24,dd040f98-b84c-4f0b-95e2-c9524e434d3b,DASHER_01793,2024-09-10 10:57:00,2024-09-10,2024-09-01,2024,10,Tuesday,44,59.0,15.0,False,47.43,5.48,delivered,True
8827b472-eb01-4bf1-8f34-aaafeb6b9d08,a60b2ced-0120-45b6-bad7-333819ca5436,DASHER_04231,2022-10-24 07:46:00,2022-10-24,2022-10-01,2022,7,Monday,34,28.0,-6.0,True,36.85,6.59,delivered,True
312262f5-f5a7-4654-9bf6-f68d8816c2ad,761d6d1d-6f9d-4b73-81c9-2e7276827590,DASHER_02001,2024-04-06 02:36:00,2024-04-06,2024-04-01,2024,2,Saturday,38,37.0,-1.0,True,29.58,4.88,delivered,True
fd4218d4-b0a9-4937-9301-76c16b27bf3c,be8b0ae4-f295-4ebb-ac32-9f74fa2c6ae7,DASHER_02681,2024-12-21 22:40:00,2024-12-21,2024-12-01,2024,22,Saturday,23,10.0,-14.0,True,28.84,6.37,delivered,True
0e655f9a-7ab9-45c0-8d3c-213d841f62b8,51574129-05a3-4c6c-ad79-2db0a1cc99dd,DASHER_03480,2024-05-09 17:00:00,2024-05-09,2024-05-01,2024,17,Thursday,29,29.0,0.0,True,28.3,5.09,delivered,True
c1077fa4-2003-45f8-9120-422be3b71958,c58511e2-7722-45db-a324-c70baad7b83b,DASHER_01607,2024-04-03 19:38:00,2024-04-03,2024-04-01,2024,19,Wednesday,49,39.0,-10.0,True,22.89,7.22,delivered,True
db27c294-4624-40b2-bfa2-9bd2fc1e8638,ce9cdd1e-1f2e-4460-a1fd-81cb914b5145,DASHER_01864,2023-10-28 04:21:00,2023-10-28,2023-10-01,2023,4,Saturday,26,41.0,15.0,False,11.01,5.82,delivered,True
1209295b-9e08-457c-94df-d3db3cacf807,4b782209-9c16-478c-a37a-049d2e528cd1,DASHER_04382,2022-07-31 17:08:00,2022-07-31,2022-07-01,2022,17,Sunday,39,41.0,2.0,True,58.4,7.96,delivered,True
0c0dbd71-76b8-4426-bfb9-24248377b169,21682f69-5c47-4a72-87a5-336de7345560,DASHER_03038,2022-05-29 07:35:00,2022-05-29,2022-05-01,2022,7,Sunday,30,32.0,2.0,True,37.97,7.42,delivered,True
9b67b5e3-836f-4649-8a6a-0a50d5fdf416,3e11acff-1e98-4497-91eb-ebf47266d18c,DASHER_02791,2024-04-17 08:17:00,2024-04-17,2024-04-01,2024,8,Wednesday,38,23.0,-15.0,True,8.0,7.45,delivered,True
7d3bb731-d123-4803-85fb-3e68565170c6,11264f5b-26e6-45b1-88b4-67e23deb3a46,DASHER_01975,2022-09-01 07:16:00,2022-09-01,2022-09-01,2022,7,Thursday,37,23.0,-14.0,True,50.55,4.78,delivered,True
8bdd67e6-0aa1-4323-bda6-9753f9a0a998,2b217b5a-6a55-4642-8e31-b549f1b34ab3,DASHER_00819,2022-01-14 22:31:00,2022-01-14,2022-01-01,2022,22,Friday,38,41.0,3.0,True,18.94,1.61,delivered,True
f124a101-0ad0-4a7a-9b0e-72178a14d474,62ae2b8a-f11d-4711-a2ae-3f025e299987,DASHER_03705,2023-04-15 22:17:00,2023-04-15,2023-04-01,2023,22,Saturday,47,47.0,0.0,True,20.07,6.16,delivered,True
7cc0a57d-9aeb-4303-8c9b-7afb4b83ccd2,6e3f991c-0222-4fa5-9d5f-cbac2558eb9e,DASHER_01469,2022-02-13 19:12:00,2022-02-13,2022-02-01,2022,19,Sunday,33,36.0,3.0,True,36.24,2.36,delivered,True
55b63ca4-0e13-495f-8363-97415f2055d3,bae0cc16-f75c-4f94-9dc5-71a80fed7282,DASHER_00257,2023-03-05 09:18:00,2023-03-05,2023-03-01,2023,9,Sunday,23,27.0,4.0,True,52.92,2.42,delivered,True
585d2ffb-cea2-4e0b-afa0-e2c8f0de645f,82310495-df35-4311-9a38-4b263b20a636,DASHER_03097,2023-09-06 21:27:00,2023-09-06,2023-09-01,2023,21,Wednesday,46,48.0,2.0,True,32.96,1.04,delivered,True
4c00f00d-9287-4126-ade2-55ad85d81252,f5c17b8d-5b20-4d51-81dd-d9cc2395f179,DASHER_01290,2024-02-07 03:11:00,2024-02-07,2024-02-01,2024,3,Wednesday,28,10.0,-23.0,True,30.56,1.75,delivered,True
3d9b2eca-0645-4769-b183-7fab02be86d0,0a81fa0a-021b-4194-a11a-f3eb5998fb70,DASHER_04348,2023-04-15 19:10:00,2023-04-15,2023-04-01,2023,19,Saturday,39,38.0,-1.0,True,46.59,7.64,delivered,True
834baab6-f308-4eb8-80dd-b077c6b48a0d,4eb4d331-0250-4425-a396-233baaa52fe6,DASHER_03678,2023-11-07 21:10:00,2023-11-07,2023-11-01,2023,21,Tuesday,40,26.0,-14.0,True,10.14,6.55,delivered,True
76b94cac-2e67-4742-8913-130de24643d9,b29a272d-fe1c-47ad-8625-bf9600ff2486,DASHER_01607,2023-07-26 12:38:00,2023-07-26,2023-07-01,2023,12,Wednesday,39,43.0,4.0,True,52.27,3.83,delivered,True
7fb8d559-9521-4623-853c-75dcb60d2be2,f37b17d4-a786-4ec5-bf74-fd0405de96f7,DASHER_01038,2024-02-09 20:29:00,2024-02-09,2024-02-01,2024,20,Friday,49,39.0,-10.0,True,37.3,5.89,delivered,True
fbe5234a-fe93-4f63-ab31-35a96a8368e7,68b932e7-111c-414d-b0d1-d9e0dfdb5d4f,DASHER_00432,2022-08-20 17:25:00,2022-08-20,2022-08-01,2022,17,Saturday,31,44.0,13.0,False,17.83,4.62,delivered,True
2badd12f-0064-401d-bf2d-152b244243b8,3b96a956-2372-42eb-9c4a-dbef13d98c9d,DASHER_00607,2023-04-20 20:15:00,2023-04-20,2023-04-01,2023,20,Thursday,42,35.0,-7.0,True,29.52,3.36,delivered,True
2078c418-3a23-40df-8e19-83134f06d3be,bd4ddf74-8039-4890-ad6d-638b1ec808fc,DASHER_01681,2022-07-11 11:21:00,2022-07-11,2022-07-01,2022,11,Monday,45,24.0,-21.0,True,19.99,1.97,delivered,True
b7257d42-c593-44e3-8253-6f802272c8f3,51574129-05a3-4c6c-ad79-2db0a1cc99dd,DASHER_04478,2023-03-28 19:05:00,2023-03-28,2023-03-01,2023,19,Tuesday,23,22.0,-1.0,True,50.7,4.22,delivered,True
0f7fe597-9848-4d31-a970-b7a5ad2f18eb,de73b1c3-271f-4b79-8004-06a826e4cc6e,DASHER_00198,2023-07-20 23:21:00,2023-07-20,2023-07-01,2023,23,Thursday,41,61.0,20.0,False,33.28,7.03,delivered,True
4dc08aa8-ceaf-4513-97a5-6d5292015f88,4bf86166-f17c-4567-9167-b5fd930a99d2,DASHER_01559,2022-03-04 07:10:00,2022-03-04,2022-03-01,2022,7,Friday,35,14.0,-21.0,True,8.0,4.06,delivered,True
f36fcce3-f51a-4f8a-8f84-ed246faeb41c,eef4c2a1-ac15-4315-a6d1-2b28848118ca,DASHER_02562,2024-01-31 05:40:00,2024-01-31,2024-01-01,2024,5,Wednesday,36,36.0,0.0,True,8.06,3.64,delivered,True
dbf3fb3b-fc20-4a0f-bf18-9ca2ecfe9726,b3521046-c57d-4dae-95c2-e9144041ab52,DASHER_04470,2022-08-24 20:32:00,2022-08-24,2022-08-01,2022,20,Wednesday,26,11.0,-15.0,True,36.31,5.02,delivered,True
5252b770-2169-4ab6-a52c-f7a004e5f93f,9a59ba45-42d3-4f69-808e-edff0298fa82,DASHER_02367,2024-09-03 11:33:00,2024-09-03,2024-09-01,2024,11,Tuesday,24,28.0,4.0,True,25.3,4.5,delivered,True
50b13acc-1515-46a0-bfb1-469c6a75ade3,703dfc36-3a34-4d48-97bf-6ef384868e11,DASHER_00400,2022-03-28 12:30:00,2022-03-28,2022-03-01,2022,12,Monday,43,,,,40.17,2.71,cancelled,True
75fe3978-0438-47a1-8824-00fbdbd7688a,94c8c57b-85b1-461d-9f3b-f9f7394d3f01,DASHER_03094,2023-12-09 18:05:00,2023-12-09,2023-12-01,2023,18,Saturday,35,26.0,-9.0,True,42.31,4.93,delivered,True
47c35529-4b2a-4e0c-8952-0842c600f948,cc86ffe0-902e-4790-87df-41573291b731,DASHER_00401,2023-04-28 14:51:00,2023-04-28,2023-04-01,2023,14,Friday,34,42.0,8.0,False,9.92,6.49,delivered,True
76276bf8-c828-43e2-afa6-26fa8eedb08e,656e2e08-057d-4130-90cd-992bda818642,DASHER_01969,2024-02-08 19:35:00,2024-02-08,2024-02-01,2024,19,Thursday,46,43.0,-3.0,True,8.02,3.86,delivered,True
6a5bb741-5d26-49ee-ae9a-8864859f4ede,63d2ce80-78e4-40e8-bb28-2660e37dba3d,DASHER_04307,2024-07-31 18:50:00,2024-07-31,2024-07-01,2024,18,Wednesday,48,48.0,0.0,True,30.68,2.86,delivered,True
6ec8b042-7c16-47a9-b45b-0da0225e37e7,455d213c-54a2-4739-92a9-96d4c7643fe1,DASHER_04335,2022-04-07 22:55:00,2022-04-07,2022-04-01,2022,22,Thursday,37,20.0,-17.0,True,46.42,6.16,delivered,True
c56d9a0a-320a-483d-a3f4-f2f9926f7d52,82310495-df35-4311-9a38-4b263b20a636,DASHER_04083,2023-06-20 18:16:00,2023-06-20,2023-06-01,2023,18,Tuesday,46,42.0,-4.0,True,36.8,2.35,delivered,True
6e9ee5fd-804b-45f1-be64-49b0115e5667,1d8cea2a-2740-4ffc-a448-fa0114935103,DASHER_03277,2023-01-20 17:04:00,2023-01-20,2023-01-01,2023,17,Friday,30,23.0,-7.0,True,35.08,5.32,delivered,True
8a51c421-b88f-46e6-9a46-63f38ac8c98c,87c0b411-61a9-4921-ace6-94942ade1247,DASHER_02437,2023-08-28 19:33:00,2023-08-28,2023-08-01,2023,19,Monday,24,17.0,-7.0,True,34.58,3.93,delivered,True
c4324697-f67b-49d5-b816-98ef70497b1d,d3edcee4-ebd7-4e14-bd1f-5937bc3cc211,DASHER_02063,2022-09-25 13:46:00,2022-09-25,2022-09-01,2022,13,Sunday,40,47.0,7.0,False,15.33,1.57,delivered,True
df368c51-01c7-4270-a2d5-62519df72e39,a3e7344a-e7b0-46d4-b07c-12419d580c7e,DASHER_03061,2022-03-25 20:18:00,2022-03-25,2022-03-01,2022,20,Friday,45,40.0,-5.0,True,29.95,1.29,delivered,True
ad1050f4-9d15-4d1b-b3fb-0bdb4c28916b,6e78b025-22f6-47e3-a972-1c28c691bb32,DASHER_01570,2024-04-05 20:46:00,2024-04-05,2024-04-01,2024,20,Friday,18,14.0,-4.0,True,16.29,7.7,delivered,True
0e73e169-94d4-4979-8cb4-2d418fee789d,5cd47c39-573a-4a4e-93e8-26540088ca79,DASHER_04202,2022-02-17 19:30:00,2022-02-17,2022-02-01,2022,19,Thursday,29,37.0,8.0,False,8.0,4.53,delivered,True
75c589cb-db58-46dd-8bce-ed00c7ac7759,fe9048ac-13af-4e1a-875c-64967ba99e8a,DASHER_01461,2022-02-16 20:46:00,2022-02-16,2022-02-01,2022,20,Wednesday,28,34.0,6.0,False,35.55,6.8,delivered,True
943cbec6-34be-4eed-8404-a4e45ac44821,d71351bc-86a1-4b0c-9c64-d38c9580cf64,DASHER_02784,2023-07-19 12:08:00,2023-07-19,2023-07-01,2023,12,Wednesday,20,24.0,4.0,True,50.72,1.39,delivered,True
56a04ff4-73c8-4d09-8aa8-b12221917e6b,32f271e9-cc9c-4532-80ab-316be5996fb6,DASHER_04310,2023-08-20 10:58:00,2023-08-20,2023-08-01,2023,10,Sunday,37,43.0,6.0,False,67.28,2.79,delivered,True
9bd6bcc0-5a15-4e18-bae2-64eee4851215,c83909e6-fc43-491d-837a-d2957605ee94,DASHER_00737,2023-10-08 21:07:00,2023-10-08,2023-10-01,2023,21,Sunday,30,35.0,5.0,True,45.32,4.67,delivered,True
067147bb-2397-44a3-8a83-2e3754341380,e332c60f-fa43-408c-95cc-751ec7688d1a,DASHER_01621,2022-09-11 17:38:00,2022-09-11,2022-09-01,2022,17,Sunday,41,49.0,8.0,False,26.8,4.44,delivered,True
46d0b7bf-667c-4daf-bff3-d2c833661bd4,ed62a955-3f64-4b53-8156-6e46d7e34c36,DASHER_00629,2022-10-03 14:20:00,2022-10-03,2022-10-01,2022,14,Monday,37,37.0,0.0,True,60.8,5.27,delivered,True
6a970b24-faed-4222-929b-aad7d6f262f7,bd541b13-1745-47f1-9ed7-0830f1af2770,DASHER_03335,2024-10-31 16:20:00,2024-10-31,2024-10-01,2024,16,Thursday,30,35.0,5.0,True,28.14,6.44,delivered,True
99b458ef-3ffd-4299-b5c2-0b71b63bb5b4,f1da8164-8760-47a9-8111-bcf1ee606ba3,DASHER_00240,2024-12-10 21:00:00,2024-12-10,2024-12-01,2024,21,Tuesday,39,,,,16.89,3.9,cancelled,True
e6262af4-c602-4069-8cfa-7dc553c74cec,f4a7fd62-81da-4d82-935b-1479d26d6b51,DASHER_04074,2022-09-19 21:33:00,2022-09-19,2022-09-01,2022,21,Monday,31,38.0,7.0,False,23.36,2.84,delivered,True
281e8d1f-8387-4e4a-9fc6-7227adf433bc,c53ec9c4-3f6d-45d9-bbc2-96629c14acb8,DASHER_01750,2023-08-04 20:38:00,2023-08-04,2023-08-01,2023,20,Friday,44,57.0,13.0,False,12.5,3.41,delivered,True
7a4fed05-99e5-45e6-8465-0ce5c46e5153,8c6a6762-1042-4f85-a930-2a22a30e7e41,DASHER_04710,2022-04-29 06:38:00,2022-04-29,2022-04-01,2022,6,Friday,41,46.0,5.0,True,31.81,3.0,delivered,True
abee2a32-b1e8-44f0-a5ad-4189c12fe874,d12306f1-094a-46f5-9d6c-c440ffab1f29,DASHER_03336,2023-08-22 10:25:00,2023-08-22,2023-08-01,2023,10,Tuesday,27,,,,37.88,2.09,cancelled,True
553580f6-0330-4430-bbd9-596753b3cca6,1a9472ef-1fd8-4c65-99a8-125082449bae,DASHER_03426,2023-03-18 18:32:00,2023-03-18,2023-03-01,2023,18,Saturday,48,53.0,5.0,True,37.41,1.53,delivered,True
2fa6e064-4d96-4224-b823-38abea679179,873d9f00-78ab-4a0e-982c-83392b4ce873,DASHER_03336,2023-06-07 22:44:00,2023-06-07,2023-06-01,2023,22,Wednesday,34,15.0,-19.0,True,32.63,3.56,delivered,True
bda54ab3-7ce5-4f63-802b-fa7472860eb5,c7b01f6b-88c2-431d-9f58-cd2b1f9352d7,DASHER_00379,2022-02-13 20:21:00,2022-02-13,2022-02-01,2022,20,Sunday,34,36.0,2.0,True,63.52,4.63,delivered,True
e8098bf5-6dc7-4a6a-960a-e65543ab3753,0401bc2a-dc48-4924-96a4-15cc45b59306,DASHER_01580,2022-07-16 08:08:00,2022-07-16,2022-07-01,2022,8,Saturday,21,31.0,10.0,False,32.08,7.18,delivered,True
22af8c7d-de3b-4ea8-8adb-96fe4b1b4473,e9125c0f-6d8e-4113-ba4e-35c74a743633,DASHER_01261,2024-01-10 14:56:00,2024-01-10,2024-01-01,2024,14,Wednesday,33,16.0,-17.0,True,11.19,5.78,delivered,True
878abcf5-5ba4-4e26-b643-8e742c6764c9,7bce55ce-fbbd-4d12-8b87-0fd2ee26e4fd,DASHER_02789,2022-05-29 12:47:00,2022-05-29,2022-05-01,2022,12,Sunday,39,67.0,28.0,False,11.44,4.55,delivered,True
52df3af4-82c6-4a71-80a0-ecabbdafb9d6,24491355-10f3-4e66-a703-ddd3186c5d7d,DASHER_01168,2023-01-11 15:06:00,2023-01-11,2023-01-01,2023,15,Wednesday,46,23.0,-23.0,True,31.17,5.34,delivered,True
0232315b-6bc4-4077-a6cc-9fd94b788ea8,74e436ee-3905-4fbf-8069-1ccf413759b4,DASHER_04542,2024-12-10 21:18:00,2024-12-10,2024-12-01,2024,21,Tuesday,34,31.0,-3.0,True,46.87,4.12,delivered,True
6ff14d8f-28ca-4590-8092-919ad328c6f8,0eff75fd-4367-4a43-82a2-55da974cb31b,DASHER_04330,2023-02-02 13:15:00,2023-02-02,2023-02-01,2023,13,Thursday,35,18.0,-17.0,True,31.72,1.95,delivered,True
2a09310f-e44a-4178-91a2-d8787a0de1e8,6a69ee2a-c037-49f4-b45d-70c665a4c016,DASHER_03035,2022-04-05 10:41:00,2022-04-05,2022-04-01,2022,10,Tuesday,25,38.0,13.0,False,8.0,5.23,delivered,True
6f808943-995e-4932-af15-e6812788ec3f,a09eb8b8-1c92-4a60-920e-5dd1efdf7c90,DASHER_01489,2022-04-08 16:36:00,2022-04-08,2022-04-01,2022,16,Friday,38,35.0,-3.0,True,25.83,7.53,delivered,True
5faa28f4-dc9f-4430-b3a4-e69000122428,f3acf22c-eb53-4b3f-9276-da8c05f217ba,DASHER_03446,2024-07-16 23:37:00,2024-07-16,2024-07-01,2024,23,Tuesday,37,26.0,-11.0,True,30.54,3.62,delivered,True
8ac196f2-c6f3-48c4-bb59-d646f04ac7d6,9889012c-0933-4446-a312-974bf5f7cc88,DASHER_03737,2023-08-31 21:41:00,2023-08-31,2023-08-01,2023,21,Thursday,24,12.0,-12.0,True,16.08,1.62,delivered,True
e48d839d-b58e-439e-bc05-92c240649c62,0fb40207-a866-49d4-95e5-d4664388bad0,DASHER_02033,2024-12-05 12:34:00,2024-12-05,2024-12-01,2024,12,Thursday,37,22.0,-15.0,True,40.18,3.05,delivered,True
d7ff4174-546a-4f76-a8cd-7d5884294ea9,eb880677-9120-40b4-a878-424e5cb1004b,DASHER_01559,2024-10-21 21:36:00,2024-10-21,2024-10-01,2024,21,Monday,43,20.0,-23.0,True,8.0,1.75,delivered,True
7d030c8b-5d11-42d7-ab00-9dd031bfd88e,d3edcee4-ebd7-4e14-bd1f-5937bc3cc211,DASHER_00448,2023-04-02 12:09:00,2023-04-02,2023-04-01,2023,12,Sunday,36,24.0,-12.0,True,9.03,7.92,delivered,True
3fb5355c-c5a3-483d-985c-aa67a3af515f,129c612f-cded-4c63-aa5a-6d93ab8748a0,DASHER_03620,2024-08-26 09:40:00,2024-08-26,2024-08-01,2024,9,Monday,41,56.0,15.0,False,45.68,2.21,delivered,True
514b854f-bdac-44af-92cd-82d0927af1c1,89c1b00a-8168-4976-acae-9f96329717a3,DASHER_04934,2023-03-19 12:46:00,2023-03-19,2023-03-01,2023,12,Sunday,36,52.0,16.0,False,46.7,7.28,delivered,True
fc21b067-9e47-4aaa-9739-e028866af379,e67dd971-4c9b-4e57-a087-bb6900673931,DASHER_00025,2024-12-01 08:57:00,2024-12-01,2024-12-01,2024,8,Sunday,28,26.0,-2.0,True,27.44,7.27,delivered,True
7aa91b1a-2c94-4c9e-9bda-ce3a35b8fcae,29cfa68f-6c67-4124-bb7a-bc09beb52b88,DASHER_02796,2024-04-14 21:07:00,2024-04-14,2024-04-01,2024,21,Sunday,52,50.0,-2.0,True,55.13,6.48,delivered,True
ed94dfc4-0186-4f45-b0b8-2630062257a7,3e11acff-1e98-4497-91eb-ebf47266d18c,DASHER_04510,2024-04-11 18:22:00,2024-04-11,2024-04-01,2024,18,Thursday,37,31.0,-6.0,True,26.17,3.67,delivered,True
07675b1c-6d1d-4039-9dc4-ab8e04034c26,c706b769-e9ea-443d-8435-ab9f3d4eed5a,DASHER_03489,2024-02-14 13:40:00,2024-02-14,2024-02-01,2024,13,Wednesday,48,,,,51.55,7.17,cancelled,True
11b051be-b1aa-4661-812f-c5445ce4737b,95cfedc4-614e-4cd7-917c-d486cf9d16f7,DASHER_01573,2023-01-25 20:20:00,2023-01-25,2023-01-01,2023,20,Wednesday,43,13.0,-30.0,True,10.22,6.43,delivered,True
cfd7c58b-c4e0-4913-b4f9-fd31b3cf312d,0da64d6f-3607-4b63-a5ff-b46f5584d7d2,DASHER_00332,2024-03-27 17:15:00,2024-03-27,2024-03-01,2024,17,Wednesday,23,13.0,-10.0,True,45.83,2.14,delivered,True
03a9c328-0452-4cd5-9110-408fbec7c6b3,930c80fa-74c9-4aab-a797-9e92b4e3e3ae,DASHER_03189,2023-04-04 00:42:00,2023-04-04,2023-04-01,2023,0,Tuesday,23,30.0,7.0,False,15.68,1.43,delivered,True
3808b479-2a2f-40da-84ba-5ef3a2973b9f,fa25eb9e-7606-4dd5-b696-7ceda8673603,DASHER_02743,2022-04-23 08:48:00,2022-04-23,2022-04-01,2022,8,Saturday,30,35.0,5.0,True,40.95,1.17,delivered,True
384bfffd-c963-49ca-9f7d-d8c244ef2a82,20e51a62-a3d1-41c0-82fa-2be9d4e5692b,DASHER_00599,2022-05-16 13:03:00,2022-05-16,2022-05-01,2022,13,Monday,21,14.0,-7.0,True,20.64,6.99,delivered,True
2e04ad41-938f-4615-b6a9-81b467e94f0f,4c61ee15-6ef7-4ac7-8503-14a00071a734,DASHER_04771,2023-10-21 05:26:00,2023-10-21,2023-10-01,2023,5,Saturday,37,14.0,-23.0,True,48.93,5.38,delivered,True
12d8c131-05bd-46c7-80f0-66dc1155cbec,7eb2e875-6d50-4434-9df4-987192764d00,DASHER_03626,2022-04-14 19:14:00,2022-04-14,2022-04-01,2022,19,Thursday,31,25.0,-6.0,True,19.45,5.18,delivered,True
945ca390-2e35-48d6-b6e5-22b39fde83c7,5317d8c8-53d0-4405-b376-dfe0d224f6b9,DASHER_03372,2024-03-11 09:45:00,2024-03-11,2024-03-01,2024,9,Monday,50,42.0,-8.0,True,18.92,3.4,delivered,True
14eccf6a-7b45-4266-90d6-a561ea22684f,cb85f43d-63eb-4f41-b7ce-4f6f8ede540c,DASHER_00390,2022-07-08 20:31:00,2022-07-08,2022-07-01,2022,20,Friday,25,22.0,-3.0,True,8.0,7.86,delivered,True
a7ccf88c-6a3a-4605-8232-be86a6a553ef,554ec36e-d754-47b2-97f4-04be874b7d9e,DASHER_00550,2022-05-17 20:16:00,2022-05-17,2022-05-01,2022,20,Tuesday,53,57.0,4.0,True,38.3,4.17,delivered,True
636be36d-9f5e-4bde-b639-181549b4e2a0,c41599e1-d4d3-4755-beca-39ae02ee6620,DASHER_03287,2022-07-02 22:59:00,2022-07-02,2022-07-01,2022,22,Saturday,34,27.0,-7.0,True,50.36,1.75,delivered,True
9758bf8b-051d-4b31-8c91-b1d0ae2dfe82,042ad3f8-d676-4fc1-818f-f549c98d9242,DASHER_00643,2022-06-12 16:13:00,2022-06-12,2022-06-01,2022,16,Sunday,45,25.0,-20.0,True,28.14,1.78,delivered,True
87ed1b3c-f658-4a9d-b74f-98367c4d04d8,fc933664-2241-4421-a7ec-120266e153dc,DASHER_04697,2024-05-14 10:32:00,2024-05-14,2024-05-01,2024,10,Tuesday,34,44.0,10.0,False,26.82,7.83,delivered,True
602cac1b-2741-4392-8ec3-6de42190546c,2ea09749-aaf2-4489-a19b-2842c91bfcab,DASHER_02167,2024-02-10 08:13:00,2024-02-10,2024-02-01,2024,8,Saturday,19,27.0,8.0,False,8.33,2.17,delivered,True
5704a34c-3ec7-43cb-86e9-a00a71c295b4,fa0c3273-42e2-48c6-8a26-134d68ef12fc,DASHER_03532,2023-10-24 04:55:00,2023-10-24,2023-10-01,2023,4,Tuesday,27,16.0,-11.0,True,39.43,2.92,delivered,True
b86a395c-6da6-4ff5-a7fb-7467cd9cd04d,11a7a9f4-9568-4a5a-a1d3-1916bbe63ee9,DASHER_00887,2022-04-19 10:13:00,2022-04-19,2022-04-01,2022,10,Tuesday,28,10.0,-20.0,True,57.75,6.18,delivered,True
0959abe8-4dd2-4558-854c-f74724141236,610b9511-169a-482d-b6c7-868749a8dc02,DASHER_00755,2024-10-20 19:10:00,2024-10-20,2024-10-01,2024,19,Sunday,27,31.0,4.0,True,25.49,7.14,delivered,True
6e75139b-833b-4188-8af5-23e20480bbd3,e3318012-c473-4418-ae10-5a95862630dd,DASHER_04473,2023-01-09 07:12:00,2023-01-09,2023-01-01,2023,7,Monday,33,60.0,27.0,False,13.36,6.48,delivered,True
5c2d558e-23c7-469f-86f3-9aea3378d8d3,29f0b988-affb-4093-b54e-172b2cfe1ad8,DASHER_00941,2024-06-15 10:27:00,2024-06-15,2024-06-01,2024,10,Saturday,47,52.0,5.0,True,20.4,6.93,delivered,True
ccc075dc-0a50-4051-98d6-fd37f782d9ba,8fbd8b12-c1f1-4dc4-a5c6-76b6b54e0f02,DASHER_00187,2022-12-29 17:20:00,2022-12-29,2022-12-01,2022,17,Thursday,28,33.0,5.0,True,8.0,4.8,delivered,True
2f4c1ba3-3a94-46db-a94d-c62878724ac1,e1a263b5-5bb8-442b-9a1c-5b65094dc2d2,DASHER_04067,2024-05-27 14:59:00,2024-05-27,2024-05-01,2024,14,Monday,35,48.0,13.0,False,27.93,2.64,delivered,True
6658a770-fe86-4708-9a96-566ac4357114,77cec5eb-981c-4dad-833f-7d9890102f9d,DASHER_03081,2024-04-09 17:51:00,2024-04-09,2024-04-01,2024,17,Tuesday,43,59.0,16.0,False,22.41,6.87,delivered,True
d5fa2a3d-d3e2-4751-9165-ae335572c763,e332c60f-fa43-408c-95cc-751ec7688d1a,DASHER_02998,2023-01-05 10:22:00,2023-01-05,2023-01-01,2023,10,Thursday,34,31.0,-3.0,True,36.3,1.09,delivered,True
7725ff93-5266-4a56-aa1e-e9e54d3be6dc,7766edc5-d35e-4216-8031-502324c6aea3,DASHER_00596,2023-11-18 17:28:00,2023-11-18,2023-11-01,2023,17,Saturday,46,39.0,-7.0,True,8.0,2.21,delivered,True
206f1df1-1ef8-4b8e-8372-9a4dbead31e1,1d77fe73-da38-45a4-be9c-e753a6ad9f2a,DASHER_04838,2022-10-12 12:25:00,2022-10-12,2022-10-01,2022,12,Wednesday,33,52.0,19.0,False,23.62,4.73,delivered,True
88946c32-adda-4a2c-8f1e-681e390ac8cd,4e083304-68b7-466b-83e1-8d5b67967bc0,DASHER_01297,2023-07-04 10:39:00,2023-07-04,2023-07-01,2023,10,Tuesday,29,23.0,-6.0,True,51.97,6.95,delivered,True
ca3283b5-f584-4614-a1c6-603eda014ff3,6b976b61-e528-45e2-af01-01eae0ec22ea,DASHER_04900,2022-03-11 22:44:00,2022-03-11,2022-03-01,2022,22,Friday,47,45.0,-2.0,True,8.0,6.01,delivered,True
37c80834-bb5f-4e13-bf05-89b41561e410,38c3b0e3-72dd-4f32-9907-cae204cfcc33,DASHER_04994,2023-05-29 16:18:00,2023-05-29,2023-05-01,2023,16,Monday,30,22.0,-8.0,True,8.0,5.52,delivered,True
cfb0d23b-b828-4e2d-8800-adb29e406b54,ff3dbb94-2645-4dec-b2b4-07da65b8a7cc,DASHER_00293,2023-08-04 13:40:00,2023-08-04,2023-08-01,2023,13,Friday,34,22.0,-12.0,True,23.8,5.86,delivered,True
a6029196-3b6c-41aa-8e90-a8c17b531ae1,9f5a8632-4d88-4041-bb05-0b90e06c8c98,DASHER_03912,2024-06-22 07:59:00,2024-06-22,2024-06-01,2024,7,Saturday,42,64.0,22.0,False,37.05,5.59,delivered,True
d71817c9-01c6-47a5-9d30-b6ffbd9f6b04,ce0b1f70-0bb1-4c18-9dc2-b5439ef60c1a,DASHER_03779,2022-02-23 22:28:00,2022-02-23,2022-02-01,2022,22,Wednesday,47,44.0,-3.0,True,54.29,4.45,delivered,True
54da8d09-cb17-4f3b-8d2f-6d1e8df04103,97fafae4-9a85-42ce-a2c3-16a17ddb99a5,DASHER_04073,2024-12-25 16:34:00,2024-12-25,2024-12-01,2024,16,Wednesday,41,54.0,13.0,False,26.8,6.83,delivered,True
7e7e18bd-1f5f-4e40-ace1-e23b33f87acb,12ff7c81-fe8d-43d2-ade5-cacbf0af4d8f,DASHER_02607,2023-10-18 17:12:00,2023-10-18,2023-10-01,2023,17,Wednesday,30,11.0,-19.0,True,29.46,5.76,delivered,True
5b7deb72-5edd-454f-8634-3afccd335a83,5099fcfd-f316-438f-8ac1-7e344eacd601,DASHER_02206,2022-01-02 14:11:00,2022-01-02,2022-01-01,2022,14,Sunday,29,10.0,-19.0,True,44.92,7.06,delivered,True
e569715f-2789-4eb1-9af2-7e9c68c09f67,a2416b0c-f55e-4f3c-8501-9b3fd33b1b29,DASHER_01022,2024-03-10 14:39:00,2024-03-10,2024-03-01,2024,14,Sunday,27,,,,42.92,2.17,cancelled,True
87c9737f-e513-4683-a424-47cc0b913adc,34215512-7a10-4e42-9120-d6c1f16ec78e,DASHER_03220,2022-12-27 20:21:00,2022-12-27,2022-12-01,2022,20,Tuesday,38,31.0,-7.0,True,13.94,1.97,delivered,True
d5a73ba0-f262-4a1e-bcb8-268723400383,ca49b516-9e43-41ec-a7dc-23edd5251c39,DASHER_02205,2023-08-26 09:15:00,2023-08-26,2023-08-01,2023,9,Saturday,36,32.0,-4.0,True,22.52,6.52,delivered,True
b2e71eab-a931-4faa-aa55-88562684da0b,30f3a3f7-1581-49a0-83e0-fb407e37f8b7,DASHER_02786,2023-04-01 21:12:00,2023-04-01,2023-04-01,2023,21,Saturday,18,11.0,-7.0,True,18.86,5.78,delivered,True
51ec5b36-a1b6-4ea6-84fc-fcfee5f86248,c8cb2c71-17f7-4a0a-bc27-cee8bed2dc18,DASHER_02812,2023-11-03 09:48:00,2023-11-03,2023-11-01,2023,9,Friday,38,20.0,-18.0,True,67.0,3.71,delivered,True
014417ef-516f-45e1-83a7-59a70251f968,0edfe373-cedc-4b7e-876d-50e28961c02b,DASHER_03031,2022-12-18 14:37:00,2022-12-18,2022-12-01,2022,14,Sunday,37,55.0,18.0,False,52.34,7.57,delivered,True
80fc3be3-3f82-4c3d-a6fd-058178f7a8a3,fe9048ac-13af-4e1a-875c-64967ba99e8a,DASHER_02153,2022-08-06 17:25:00,2022-08-06,2022-08-01,2022,17,Saturday,44,43.0,-1.0,True,31.0,7.68,delivered,True
5e05ab92-40c0-48f2-816b-655ce60778c8,992c70c2-77e2-43b7-ba41-6785277c860e,DASHER_01836,2023-10-27 01:20:00,2023-10-27,2023-10-01,2023,1,Friday,35,15.0,-20.0,True,41.32,5.35,delivered,True
23b62a4b-1731-4e09-8bd2-b3294f7e84cb,f3099ab7-eab0-4698-ad89-1282afd6b580,DASHER_01350,2024-11-15 20:04:00,2024-11-15,2024-11-01,2024,20,Friday,35,40.0,5.0,True,25.22,1.32,delivered,True
415cb466-5337-4ae4-b112-4c4e4858fa27,694469d4-76ee-490b-9786-4cce70a9d388,DASHER_02983,2024-12-04 21:21:00,2024-12-04,2024-12-01,2024,21,Wednesday,29,,,,31.68,3.27,cancelled,True
2d6fb14c-f7ba-4e39-859b-aa64ec0780a8,6a0ce821-443b-4d56-aae0-e37652cc0867,DASHER_01756,2024-07-18 07:52:00,2024-07-18,2024-07-01,2024,7,Thursday,41,39.0,-2.0,True,34.81,6.71,delivered,True
ce23e8ad-e339-4f6a-870c-0ba2d9dbe46c,b5ac4a25-3733-440f-962c-a916cb798d32,DASHER_00375,2024-09-01 19:33:00,2024-09-01,2024-09-01,2024,19,Sunday,46,58.0,12.0,False,49.28,7.66,delivered,True
42002056-cc06-45cf-87fe-415de2df95bf,04924ee9-98ef-490d-b1b8-1ae831810d23,DASHER_00288,2022-11-03 19:41:00,2022-11-03,2022-11-01,2022,19,Thursday,36,39.0,3.0,True,16.91,6.42,delivered,True
1bd9f5bc-1b38-4227-a6af-e21f5a47dbab,34215512-7a10-4e42-9120-d6c1f16ec78e,DASHER_03873,2022-12-30 15:39:00,2022-12-30,2022-12-01,2022,15,Friday,15,10.0,-7.0,True,9.56,6.83,delivered,True
471844b2-c564-463d-9342-207f807830b1,f2b9cfe7-6c88-44da-b120-78aabce36cde,DASHER_02853,2024-09-05 00:23:00,2024-09-05,2024-09-01,2024,0,Thursday,30,45.0,15.0,False,49.58,3.81,delivered,True
796f904c-f867-4436-b0eb-502feefa0190,3c93868a-69be-47e8-a8ad-e55c69cd4fc8,DASHER_02657,2022-10-08 22:35:00,2022-10-08,2022-10-01,2022,22,Saturday,40,20.0,-20.0,True,41.54,3.9,delivered,True
dd3420f2-8c73-489e-98be-4e98699edbcc,1a9472ef-1fd8-4c65-99a8-125082449bae,DASHER_04179,2024-07-10 17:17:00,2024-07-10,2024-07-01,2024,17,Wednesday,27,25.0,-2.0,True,37.16,3.35,delivered,True
97c398ef-32cb-49ff-aa92-b3280e1bc953,1ff0321c-7fbe-4445-b1f0-4fa06ee52a6c,DASHER_02599,2023-07-27 17:21:00,2023-07-27,2023-07-01,2023,17,Thursday,34,22.0,-12.0,True,35.24,3.01,delivered,True
9ecc2c63-b870-47de-b064-6fb09593876a,d6b12b3c-b02d-437b-ada6-1555b74a18d7,DASHER_02722,2024-10-25 08:39:00,2024-10-25,2024-10-01,2024,8,Friday,20,46.0,26.0,False,8.0,1.17,delivered,True
116d3f92-de2a-4dab-b8b8-0c4cd3e73981,6c5da0ab-aed4-4d3b-b115-28663e5752a7,DASHER_01901,2022-01-13 21:02:00,2022-01-13,2022-01-01,2022,21,Thursday,38,46.0,8.0,False,38.39,5.49,delivered,True
1e7f2821-a7ca-4025-a924-1841b8034d9e,386bba64-0fef-41cf-87bd-8e04c882824d,DASHER_00276,2022-08-26 20:55:00,2022-08-26,2022-08-01,2022,20,Friday,37,34.0,-3.0,True,37.85,4.64,delivered,True
a30e80c4-40da-4bd4-a6b3-a1ecbb22885c,2c1ad821-4752-464d-8563-3a7497221e4a,DASHER_04299,2024-05-21 17:11:00,2024-05-21,2024-05-01,2024,17,Tuesday,32,24.0,-8.0,True,17.51,5.33,delivered,True
de206fdd-9fb9-4a6a-9cf5-15963c2e6e56,da5fa659-0076-4026-9d72-5e73d4143276,DASHER_03613,2024-10-01 08:54:00,2024-10-01,2024-10-01,2024,8,Tuesday,29,19.0,-10.0,True,8.0,6.03,delivered,True
6925ac86-90e9-4107-8ff6-091ee6365a70,3cdf47e2-378b-49af-b4d8-e50d8cc6e15a,DASHER_01373,2023-08-23 18:09:00,2023-08-23,2023-08-01,2023,18,Wednesday,34,28.0,-6.0,True,39.3,7.64,delivered,True
18b31fd7-fd99-4673-9c04-45da80acf937,fbcb63e8-74e6-403c-8d31-c537e01c863d,DASHER_01095,2022-05-23 17:51:00,2022-05-23,2022-05-01,2022,17,Monday,31,38.0,7.0,False,8.0,2.32,delivered,True
19a27c9d-d985-409f-8ad6-497337d64baa,be3ee977-fb43-46ab-85cf-50e51ffbf460,DASHER_00758,2022-05-09 08:38:00,2022-05-09,2022-05-01,2022,8,Monday,44,,,,51.39,7.19,cancelled,True
21cca991-641e-42af-b0f9-9cb8a66c57e7,c41599e1-d4d3-4755-beca-39ae02ee6620,DASHER_00198,2024-11-30 10:16:00,2024-11-30,2024-11-01,2024,10,Saturday,39,31.0,-8.0,True,29.17,4.72,delivered,True
0171c494-1758-4961-bea2-5092ba43672c,8fe4077f-caa8-414c-bc99-ca6604aef6e1,DASHER_02867,2024-08-23 14:45:00,2024-08-23,2024-08-01,2024,14,Friday,42,48.0,6.0,False,15.41,6.22,delivered,True
4824f14f-8aa3-477d-8121-d04ce72e2d80,e1c04e7e-d32b-4b6c-aa48-3f9831034cf9,DASHER_00267,2024-01-14 17:17:00,2024-01-14,2024-01-01,2024,17,Sunday,35,24.0,-11.0,True,29.98,3.27,delivered,True
1ff6febe-10c5-41ef-b67b-e756649dcc53,8d7b7c77-224e-44e7-abd2-58440cf94146,DASHER_04536,2022-07-04 17:49:00,2022-07-04,2022-07-01,2022,17,Monday,43,28.0,-15.0,True,28.89,1.36,delivered,True
a7856eaa-6a86-4991-972d-f2c66812021c,b6e2bc92-4273-48b0-9efb-c0b522c2dd3b,DASHER_01624,2023-01-08 19:07:00,2023-01-08,2023-01-01,2023,19,Sunday,38,34.0,-4.0,True,21.12,4.09,delivered,True
0075a3e0-5ac8-4419-bf7d-1ea77a8ae833,93fe5418-bb48-4c0c-ba73-72cc58ebb31b,DASHER_02669,2023-03-21 22:41:00,2023-03-21,2023-03-01,2023,22,Tuesday,30,27.0,-3.0,True,32.12,7.68,delivered,True
e6546adb-5b4f-4537-ab1d-b7df3a1f5c80,d14ef997-141c-461d-9247-441bf20d1162,DASHER_04793,2023-03-15 20:56:00,2023-03-15,2023-03-01,2023,20,Wednesday,39,41.0,2.0,True,34.58,1.52,delivered,True
1daf554f-1e52-4595-9043-a2ece4d4f693,1aedc3eb-7064-4caf-b301-0f99939a5948,DASHER_02003,2023-09-13 10:35:00,2023-09-13,2023-09-01,2023,10,Wednesday,45,65.0,20.0,False,35.72,4.77,delivered,True
8b0e2546-e137-4907-89d3-7bc669d76d1c,c90e0001-dec8-4c3a-baf7-0a7824246891,DASHER_04039,2023-10-18 17:19:00,2023-10-18,2023-10-01,2023,17,Wednesday,19,19.0,0.0,True,36.11,2.52,delivered,True
aef4210d-1b83-4798-9dbb-0eed8a9a78b9,f1da8164-8760-47a9-8111-bcf1ee606ba3,DASHER_04080,2024-03-16 11:01:00,2024-03-16,2024-03-01,2024,11,Saturday,29,25.0,-4.0,True,10.05,2.25,delivered,True
992e136d-af69-483a-9d37-8d8e9b319907,315e2a7b-c6e0-4757-8b74-50654834d1ab,DASHER_03605,2024-07-04 18:54:00,2024-07-04,2024-07-01,2024,18,Thursday,26,34.0,8.0,False,16.12,1.48,delivered,True
6a418c09-481d-4a30-b199-b387f8d8ce4c,fe2a4fb5-d947-46d0-8ad1-3337a6b03e9c,DASHER_00921,2022-04-24 12:42:00,2022-04-24,2022-04-01,2022,12,Sunday,42,35.0,-7.0,True,33.74,6.71,delivered,True
3a506650-2eec-4932-ba0a-8b90d346ef5f,8cec4095-88e1-424b-986e-29528ff880bb,DASHER_00807,2022-10-11 18:35:00,2022-10-11,2022-10-01,2022,18,Tuesday,47,60.0,13.0,False,22.44,1.93,delivered,True
630fea95-9edf-4bee-a342-53ae41dab273,51926554-6002-417d-bcae-44d868302d68,DASHER_00364,2024-01-17 14:50:00,2024-01-17,2024-01-01,2024,14,Wednesday,34,31.0,-3.0,True,26.67,5.24,delivered,True
3e96ec33-0b6d-4af0-ba39-c21dfd30f311,cb8f8a44-90f9-4667-b289-8ee7f3cad5ae,DASHER_03049,2024-08-11 17:32:00,2024-08-11,2024-08-01,2024,17,Sunday,45,53.0,8.0,False,16.32,5.66,delivered,True
91436330-3e56-43ad-ab83-d14d7b685345,8a0e4abe-d4d7-45a7-8f90-dc4234226a9b,DASHER_00331,2024-01-02 09:40:00,2024-01-02,2024-01-01,2024,9,Tuesday,17,12.0,-5.0,True,32.1,3.1,delivered,True
b9fd47b5-3791-4c75-92b5-13be20ee189e,e0fb9dda-b0fd-498c-9787-dfb038d347ec,DASHER_00544,2024-03-05 18:52:00,2024-03-05,2024-03-01,2024,18,Tuesday,41,22.0,-19.0,True,16.74,3.42,delivered,True
dbdc5e1c-8537-4e1b-8604-df9c7c4e3baa,35a4701d-9d43-4dad-8efb-48cf44dacd42,DASHER_01222,2022-11-30 22:55:00,2022-11-30,2022-11-01,2022,22,Wednesday,32,10.0,-25.0,True,22.84,7.48,delivered,True
4455406c-a051-4ede-816f-e99a674603e3,192997ea-b905-4a62-b3a8-b2f55d3384dd,DASHER_04189,2023-12-15 19:05:00,2023-12-15,2023-12-01,2023,19,Friday,31,27.0,-4.0,True,44.67,2.34,delivered,True
9c5a75ed-7fb6-45bf-8699-06b1ea925270,4ac9833b-19af-441a-8d9a-93564c36cbaf,DASHER_04094,2023-02-07 22:36:00,2023-02-07,2023-02-01,2023,22,Tuesday,27,33.0,6.0,False,61.25,2.01,delivered,True
cab9a1f9-875d-4139-a355-a78bdb7924c4,d85d6b64-796f-4ef6-bceb-89a17251c012,DASHER_03771,2022-04-10 18:46:00,2022-04-10,2022-04-01,2022,18,Sunday,46,50.0,4.0,True,36.84,3.86,delivered,True
79145770-4ad6-4808-8bb4-6e03d5a21688,6f02629b-4753-4952-894b-838554677387,DASHER_03298,2022-10-13 05:38:00,2022-10-13,2022-10-01,2022,5,Thursday,36,19.0,-17.0,True,54.77,1.28,delivered,True
fefbaad2-5e8c-4b76-a004-23dca6092e52,0ea0a782-67ec-4af6-919e-3cd79a0b6ae6,DASHER_02037,2022-03-07 15:46:00,2022-03-07,2022-03-01,2022,15,Monday,45,35.0,-10.0,True,49.12,2.38,delivered,True
99171a97-31d5-46c4-9004-2e0aa81c6ff1,4d2a434a-a9bb-4fb8-b01f-5fe4ae326d57,DASHER_01465,2023-03-15 03:36:00,2023-03-15,2023-03-01,2023,3,Wednesday,37,47.0,10.0,False,8.0,6.67,delivered,True
89b85ff5-076f-4fe6-81f0-4244bd4a5f9f,35a4701d-9d43-4dad-8efb-48cf44dacd42,DASHER_04574,2024-12-02 07:48:00,2024-12-02,2024-12-01,2024,7,Monday,39,40.0,1.0,True,19.39,5.77,delivered,True
1f34316e-4811-49f4-8df9-aa4d583dcf20,bae0cc16-f75c-4f94-9dc5-71a80fed7282,DASHER_01229,2024-12-10 08:21:00,2024-12-10,2024-12-01,2024,8,Tuesday,41,29.0,-12.0,True,16.53,1.11,delivered,True
1bb1e755-61bf-479c-85ba-17a9347e5c0c,3b4af736-861d-4b49-9d92-10e75a3a23bf,DASHER_00540,2023-02-01 19:23:00,2023-02-01,2023-02-01,2023,19,Wednesday,30,41.0,11.0,False,28.02,6.66,delivered,True
cf26c942-ebe7-4e06-96b8-9ebef09678f3,c7a27ee0-b732-4fb4-8af4-f8c0997b6031,DASHER_04779,2022-01-03 20:13:00,2022-01-03,2022-01-01,2022,20,Monday,32,17.0,-15.0,True,25.72,1.67,delivered,True
c41b7453-911a-4c2d-8d5c-4160307fb3e6,912359bb-d1d0-46a5-9f98-ec8634fe780d,DASHER_03003,2024-07-18 08:17:00,2024-07-18,2024-07-01,2024,8,Thursday,35,45.0,10.0,False,61.19,3.7,delivered,True
b568a624-061c-4f5a-b33c-63bd77d316fc,78e42928-d3f2-4584-878f-410b57b13657,DASHER_00210,2022-09-24 10:01:00,2022-09-24,2022-09-01,2022,10,Saturday,34,38.0,4.0,True,39.39,1.37,delivered,True
2edee9d8-7f97-4480-aaed-4846e99eb4c2,ac18dc03-1988-4407-8739-8c004c9f5a59,DASHER_04907,2022-09-10 13:10:00,2022-09-10,2022-09-01,2022,13,Saturday,42,27.0,-15.0,True,30.98,5.33,delivered,True
07310f24-cc46-40f9-9625-aa748c479912,ee328c2e-9696-4a6d-9e79-ed012d49022f,DASHER_01064,2024-06-26 19:05:00,2024-06-26,2024-06-01,2024,19,Wednesday,20,,,,37.04,5.54,cancelled,True
6103c397-910d-4fe1-b155-18473a495cb0,3bcfb998-0838-4404-bd85-1c937d6bba27,DASHER_00062,2022-08-08 13:16:00,2022-08-08,2022-08-01,2022,13,Monday,39,45.0,6.0,False,25.93,2.54,delivered,True
9179c3c0-f449-4236-8522-f32ac01a7b6a,04505466-972b-4b61-8a86-210ff30780ea,DASHER_04066,2023-08-08 03:03:00,2023-08-08,2023-08-01,2023,3,Tuesday,42,53.0,11.0,False,8.0,4.15,delivered,True
a78af70f-8765-4374-811d-46f9f8207512,69eb99ba-3ea2-4c72-bc72-39ea568641e1,DASHER_02851,2024-05-16 21:19:00,2024-05-16,2024-05-01,2024,21,Thursday,29,21.0,-8.0,True,18.42,3.59,delivered,True
f7646f93-3052-46d6-9714-f80d87baf605,6696f863-dc33-45d7-a724-5b2385dd06c0,DASHER_02057,2024-05-20 21:15:00,2024-05-20,2024-05-01,2024,21,Monday,34,57.0,23.0,False,27.42,1.3,delivered,True
e7b7baa3-9ca7-4c08-8a41-ac5670968c4e,26b8d05a-b5de-4f43-86b9-284b7e4fb112,DASHER_03379,2022-05-02 20:51:00,2022-05-02,2022-05-01,2022,20,Monday,35,36.0,1.0,True,21.0,4.87,delivered,True
f0b610c0-18f2-41d2-9d7a-493ee324219e,c6e03976-ae30-4182-b08d-2cfcd7a10499,DASHER_00349,2022-07-25 15:17:00,2022-07-25,2022-07-01,2022,15,Monday,35,30.0,-5.0,True,11.11,6.68,delivered,True
a7ffd0d2-9101-4052-880d-e86c50e55c92,9b096723-453f-44fd-ab00-8a2ca0c45485,DASHER_00498,2024-01-21 15:09:00,2024-01-21,2024-01-01,2024,15,Sunday,32,12.0,-20.0,True,11.87,4.23,delivered,True
154fb0c8-e1a2-471c-8c46-f4e86c30ac58,c8b3d72b-b3f9-431c-bfde-6a0d49c90dcb,DASHER_02720,2023-02-05 16:26:00,2023-02-05,2023-02-01,2023,16,Sunday,29,31.0,2.0,True,32.62,7.08,delivered,True
d21b5732-1ec0-4198-aa8f-7d29af91851c,8b1abb2c-7c27-4e3f-8cfc-98dd4c467131,DASHER_01610,2024-01-10 22:17:00,2024-01-10,2024-01-01,2024,22,Wednesday,36,29.0,-7.0,True,29.0,1.16,delivered,True
98227ca4-14b2-43d9-8006-a79d40372e7f,671424c6-a8b2-4f4f-b4ab-f79745a6ab3c,DASHER_03518,2024-06-10 09:34:00,2024-06-10,2024-06-01,2024,9,Monday,42,29.0,-13.0,True,14.05,2.42,delivered,True
380ffafc-d964-4aff-a5ef-bc34940dca68,e46456c6-5786-4968-a2e8-ee4014df71ce,DASHER_03600,2022-01-12 12:42:00,2022-01-12,2022-01-01,2022,12,Wednesday,29,35.0,6.0,False,8.0,7.44,delivered,True
0dffeadc-dbe2-4eab-9406-68cc4348bafa,c2e01af7-1e19-442c-9672-73cd8160b3cf,DASHER_01970,2024-06-14 21:27:00,2024-06-14,2024-06-01,2024,21,Friday,36,32.0,-4.0,True,39.79,4.32,delivered,True
89fd1a1d-2049-4d35-9ed9-d3475819cf0e,a783a6b1-750c-4453-bd7e-b4e02f622d85,DASHER_04827,2022-03-07 05:17:00,2022-03-07,2022-03-01,2022,5,Monday,24,14.0,-10.0,True,37.54,1.16,delivered,True
557df003-b371-440d-8218-9df72f7152a7,c8cb2c71-17f7-4a0a-bc27-cee8bed2dc18,DASHER_02066,2022-05-19 20:03:00,2022-05-19,2022-05-01,2022,20,Thursday,26,30.0,4.0,True,52.76,2.83,delivered,True
b8c8489c-b6fb-42fc-ade4-ac796fadfc95,bd541b13-1745-47f1-9ed7-0830f1af2770,DASHER_02208,2023-04-29 17:35:00,2023-04-29,2023-04-01,2023,17,Saturday,38,55.0,17.0,False,38.34,5.01,delivered,True
821a17d0-8d16-43d9-b295-d92d4f1b53c3,53e230c7-815a-47f9-9cf7-b99477c82453,DASHER_04987,2023-10-08 10:45:00,2023-10-08,2023-10-01,2023,10,Sunday,47,55.0,8.0,False,8.0,3.07,delivered,True
e853cb6c-1c7b-42f3-a946-8f6acdc90802,f50f3422-d5ee-461a-af1c-9335191d7416,DASHER_00533,2024-10-14 22:25:00,2024-10-14,2024-10-01,2024,22,Monday,34,37.0,3.0,True,10.49,2.38,delivered,True
4f5c5919-61ae-4ccb-9feb-0e8ae8355455,c83909e6-fc43-491d-837a-d2957605ee94,DASHER_03365,2024-06-18 19:52:00,2024-06-18,2024-06-01,2024,19,Tuesday,25,33.0,8.0,False,59.85,2.03,delivered,True
5301233a-b443-451a-9f6f-6f6ddb41dc02,56878a9f-1465-4cc6-8efd-bdedf4c5b4cf,DASHER_01427,2024-09-20 11:03:00,2024-09-20,2024-09-01,2024,11,Friday,24,10.0,-15.0,True,30.33,6.33,delivered,True
8d692114-58bd-4af4-9fa4-d1dd7a420c13,f3aadb96-a268-479a-a3fa-2e674fb91d3b,DASHER_04774,2024-06-13 09:47:00,2024-06-13,2024-06-01,2024,9,Thursday,31,18.0,-13.0,True,21.79,5.26,delivered,True
efc8747a-f106-4677-a949-940d39befc66,6932226a-19e1-4533-b76f-39bf0459534a,DASHER_01143,2022-01-31 06:52:00,2022-01-31,2022-01-01,2022,6,Monday,33,39.0,6.0,False,23.72,1.17,delivered,True
079f21a2-8eca-48cc-995e-300969f7d4fe,d9ca11a3-002a-40dd-ae61-a69334c3a6fa,DASHER_03364,2024-08-14 05:29:00,2024-08-14,2024-08-01,2024,5,Wednesday,39,26.0,-13.0,True,36.79,5.65,delivered,True
b02909b2-03c0-4a8e-a561-51331726b2f1,60ab67b9-0ab8-4314-93a3-6389c84d5ab3,DASHER_04470,2022-02-26 18:42:00,2022-02-26,2022-02-01,2022,18,Saturday,36,33.0,-3.0,True,23.68,7.6,delivered,True
4072a612-b4ac-4071-b571-23d6e5c52fa8,793f5872-537f-4f46-b964-ffe94fb8e587,DASHER_04789,2022-06-21 10:43:00,2022-06-21,2022-06-01,2022,10,Tuesday,31,16.0,-15.0,True,20.49,1.77,delivered,True
897f643c-078c-45f2-87f7-487bdfe4476b,a2dc5586-55be-462a-847d-1bc17a38fbcc,DASHER_04163,2024-06-29 22:46:00,2024-06-29,2024-06-01,2024,22,Saturday,36,43.0,7.0,False,13.29,1.2,delivered,True
ed26a0b2-066e-4b2a-9a65-055a4695265b,bd85550a-4e6f-4bdf-a67e-dda9bbf7bad4,DASHER_00985,2022-05-25 23:59:00,2022-05-25,2022-05-01,2022,23,Wednesday,30,35.0,5.0,True,8.0,3.48,delivered,True
d156f5bc-4a94-4960-a5a5-ff3bc8e6cbbf,0ea0a782-67ec-4af6-919e-3cd79a0b6ae6,DASHER_00094,2024-11-16 19:14:00,2024-11-16,2024-11-01,2024,19,Saturday,39,28.0,-11.0,True,21.52,4.76,delivered,True
f02e4546-da28-4d02-8de8-2fefb8f7b702,98950463-b9e8-4a60-956c-1c6be4c6b8a5,DASHER_00767,2022-05-07 20:16:00,2022-05-07,2022-05-01,2022,20,Saturday,26,23.0,-3.0,True,32.99,2.31,delivered,True
81364c66-6650-410f-b7af-1dd33517155f,8e7e4db4-05b2-4b29-8f88-1864eca89173,DASHER_04185,2022-06-24 12:25:00,2022-06-24,2022-06-01,2022,12,Friday,30,44.0,14.0,False,40.29,7.23,delivered,True
a4a70528-8ab6-4c95-b7cf-c1e560e3144a,c90e0001-dec8-4c3a-baf7-0a7824246891,DASHER_03212,2023-07-08 20:38:00,2023-07-08,2023-07-01,2023,20,Saturday,30,17.0,-13.0,True,8.0,7.5,delivered,True
fdc4b377-fcc3-4a10-b624-a7e7a2441ad0,cfb3799f-40de-4fae-b552-2317fccc6644,DASHER_02118,2024-09-04 19:03:00,2024-09-04,2024-09-01,2024,19,Wednesday,20,19.0,-1.0,True,48.38,7.32,delivered,True
51c29458-2bdf-4154-904f-e3df9e16a12f,1563e5fc-342a-4b9b-b43d-1a6dafe192ec,DASHER_02032,2022-07-01 20:27:00,2022-07-01,2022-07-01,2022,20,Friday,41,49.0,8.0,False,33.93,7.25,delivered,True
490d68f9-9477-4a5e-ac5d-e86256905fd5,5c101545-3842-45e6-8501-5067e2dfd285,DASHER_03261,2023-04-05 12:24:00,2023-04-05,2023-04-01,2023,12,Wednesday,40,28.0,-12.0,True,49.19,2.26,delivered,True
f4a96533-eacd-4825-a585-ac6c13757dc4,7df3be99-5253-4066-9848-53cf3f695e4f,DASHER_03143,2022-04-03 21:59:00,2022-04-03,2022-04-01,2022,21,Sunday,24,32.0,8.0,False,8.0,7.54,delivered,True
f41be80b-6f85-4b82-b434-2e9f578a72a3,22f9ae5a-a524-4f7e-a690-9904b3fd9e2c,DASHER_04594,2024-05-29 02:28:00,2024-05-29,2024-05-01,2024,2,Wednesday,31,25.0,-6.0,True,27.87,3.36,delivered,True
3861a507-a736-4f2e-b1ec-94caa9792307,9cc8add9-ff58-4679-85c2-22952f6415c3,DASHER_02254,2024-03-01 08:59:00,2024-03-01,2024-03-01,2024,8,Friday,26,41.0,15.0,False,21.02,4.51,delivered,True
7622d3d2-2caa-4533-b64d-efa8116a68c3,88cf80a0-e003-4353-996c-fe9db6da14ba,DASHER_03570,2023-03-31 11:25:00,2023-03-31,2023-03-01,2023,11,Friday,33,20.0,-13.0,True,24.89,1.95,delivered,True
1321faca-fce0-483d-8b79-9764de7ba9cc,ca49b516-9e43-41ec-a7dc-23edd5251c39,DASHER_00558,2023-06-14 14:09:00,2023-06-14,2023-06-01,2023,14,Wednesday,48,47.0,-1.0,True,9.83,1.43,delivered,True
e1e8e807-001e-43e6-9846-1afcf1c174b3,e100b61e-62ac-4f64-9c37-3da0864e7699,DASHER_02930,2023-09-07 06:53:00,2023-09-07,2023-09-01,2023,6,Thursday,40,59.0,19.0,False,49.3,5.62,delivered,True
2550b1a6-4e35-4797-b1cb-d685803f83f7,18842fb1-e4d5-4217-a02d-aa648ecfe758,DASHER_03339,2022-12-01 23:55:00,2022-12-01,2022-12-01,2022,23,Thursday,37,48.0,11.0,False,39.31,7.86,delivered,True
5196c51f-13a1-4fc3-a056-7d6bba11db9e,6f032ca7-af0f-4329-956e-97bb5bf3d0a1,DASHER_00179,2022-03-31 22:20:00,2022-03-31,2022-03-01,2022,22,Thursday,30,25.0,-5.0,True,26.19,7.36,delivered,True
b1f22129-5c35-4baa-85b8-097326099a60,53113463-5756-47f1-9100-97d044972194,DASHER_00797,2024-01-08 21:17:00,2024-01-08,2024-01-01,2024,21,Monday,35,21.0,-14.0,True,8.89,7.1,delivered,True
ca785015-0702-4f36-ab2d-8faa574bd10e,a5f39c7d-a96f-43d0-ab8b-145403d850d6,DASHER_03966,2023-08-16 11:50:00,2023-08-16,2023-08-01,2023,11,Wednesday,40,29.0,-11.0,True,22.26,7.27,delivered,True
565c7149-048a-4194-9bb5-8d8e499e7837,6c0241bb-1bed-4818-91f3-cf4596b5e0cb,DASHER_00342,2022-05-14 20:08:00,2022-05-14,2022-05-01,2022,20,Saturday,31,16.0,-15.0,True,8.0,6.1,delivered,True
4108ddc4-de73-4643-a517-42f306ec1b5a,85fbfadb-f753-46f4-9d64-14dcf96bbb65,DASHER_04235,2024-03-31 16:35:00,2024-03-31,2024-03-01,2024,16,Sunday,29,34.0,5.0,True,37.95,6.92,delivered,True
f49ab8dc-4af0-44d0-9752-5177c085bb54,508a35ea-0eec-49bf-b7fb-edad8d657a19,DASHER_02171,2022-08-03 20:53:00,2022-08-03,2022-08-01,2022,20,Wednesday,32,38.0,6.0,False,8.59,4.76,delivered,True
7c030e71-cb09-4955-acaf-91cc2de678fa,00a9fb92-035d-4d3e-b167-0352034753e2,DASHER_04151,2023-05-25 19:37:00,2023-05-25,2023-05-01,2023,19,Thursday,31,18.0,-13.0,True,41.18,3.66,delivered,True
624e9b7b-dec9-4995-86ba-f595d1bcb740,950d91ab-42f0-4950-8a25-532d8c5e7072,DASHER_00403,2023-10-02 19:55:00,2023-10-02,2023-10-01,2023,19,Monday,41,46.0,5.0,True,44.39,6.05,delivered,True
41993310-dc35-4977-9483-07b86b998325,97a955e0-c8cb-4cfd-b07f-a9912ccd0557,DASHER_03125,2023-01-05 05:43:00,2023-01-05,2023-01-01,2023,5,Thursday,42,49.0,7.0,False,8.0,7.21,delivered,True
e9dd96c1-7c44-4fa1-9079-dba95869eade,09bb7ae0-0c97-4ec7-ac77-fddca6f9eb9d,DASHER_04882,2022-04-02 13:04:00,2022-04-02,2022-04-01,2022,13,Saturday,26,28.0,2.0,True,8.0,6.64,delivered,True
3a1ad8e0-6280-49fa-8139-39a62efa6a9b,65a6c396-e722-469f-b0a7-be6c51fcdad2,DASHER_04745,2023-03-01 15:15:00,2023-03-01,2023-03-01,2023,15,Wednesday,31,16.0,-15.0,True,41.04,2.81,delivered,True
064762e9-8c01-4b76-9148-af144c4a8294,e617f2f1-9f83-434f-9629-6385a0b313df,DASHER_04689,2024-02-02 18:24:00,2024-02-02,2024-02-01,2024,18,Friday,32,32.0,0.0,True,25.94,4.7,delivered,True
bfff8b10-28ae-4131-ad64-f41dcb96eb1e,bafb9902-adfd-4c54-9be6-6d44e7e139c4,DASHER_04560,2023-05-28 09:18:00,2023-05-28,2023-05-01,2023,9,Sunday,39,77.0,38.0,False,8.0,5.28,delivered,True
80eaf299-7b9e-44f4-b80f-d76a8da03823,2d774ff3-f056-4a09-82a3-570f35f79621,DASHER_02545,2024-06-02 16:03:00,2024-06-02,2024-06-01,2024,16,Sunday,31,42.0,11.0,False,16.62,4.42,delivered,True
aa4d0b82-58ff-42a9-8ddb-451721017233,8d07db44-04fd-476a-9590-97fccab3e844,DASHER_02612,2024-06-26 12:57:00,2024-06-26,2024-06-01,2024,12,Wednesday,49,61.0,12.0,False,31.49,7.74,delivered,True
99b6b636-85cf-43c3-8a40-ae82da321719,fcc8103d-e838-4129-a524-d7776cf6e96d,DASHER_03027,2023-01-29 20:51:00,2023-01-29,2023-01-01,2023,20,Sunday,28,21.0,-7.0,True,27.72,3.66,delivered,True
690eba51-4ea9-428e-b6f0-b26202034408,3676ce48-4d9e-4aee-86a1-16121f7866d1,DASHER_03248,2022-09-25 21:11:00,2022-09-25,2022-09-01,2022,21,Sunday,43,44.0,1.0,True,15.02,5.42,delivered,True
396a94ec-a462-4bea-8dc1-7edbc0f90ba4,dd0deac7-f785-487f-bfb9-07e703ba337f,DASHER_01529,2023-12-12 10:03:00,2023-12-12,2023-12-01,2023,10,Tuesday,53,54.0,1.0,True,34.84,2.26,delivered,True
9af872cb-ee1a-4849-a13f-3681b92a8e10,bae0cc16-f75c-4f94-9dc5-71a80fed7282,DASHER_02588,2024-07-14 15:56:00,2024-07-14,2024-07-01,2024,15,Sunday,38,21.0,-17.0,True,31.47,5.28,delivered,True
60c06b23-fc9a-4c05-a5a8-27259d03aa0f,384bf0ef-e72d-42c4-aa91-a893fffbc5c3,DASHER_04123,2024-03-10 02:05:00,2024-03-10,2024-03-01,2024,2,Sunday,40,56.0,16.0,False,33.05,6.57,delivered,True
b0dd61f5-e30f-44fe-b430-a8dac656b267,d3b4d713-fe6a-42d2-acd3-6c5f9e2898fb,DASHER_04823,2024-03-06 23:00:00,2024-03-06,2024-03-01,2024,23,Wednesday,29,,,,8.0,4.6,cancelled,True
4b63dc11-1240-4c4f-a0b9-04124db83587,812f1eb5-7a80-499c-87b4-5cc3e4058d19,DASHER_04733,2024-03-22 16:31:00,2024-03-22,2024-03-01,2024,16,Friday,39,39.0,0.0,True,8.0,4.1,delivered,True
5fa8651b-4964-44a4-9e15-23b0bbf6955b,554ec36e-d754-47b2-97f4-04be874b7d9e,DASHER_01344,2022-01-28 22:17:00,2022-01-28,2022-01-01,2022,22,Friday,24,10.0,-36.0,True,44.49,5.46,delivered,True
79855edd-7af7-4bb2-a66f-10ff87a8b03a,827fd9b3-55ca-43e2-9a06-d22b5ef3d001,DASHER_01874,2024-05-20 06:46:00,2024-05-20,2024-05-01,2024,6,Monday,38,42.0,4.0,True,25.65,3.39,delivered,True
6316981b-4f6c-4d60-a3bd-925ea2a7a15e,39dbf42d-5be8-41ad-b8b7-768972c49056,DASHER_04539,2024-05-30 13:37:00,2024-05-30,2024-05-01,2024,13,Thursday,18,15.0,-3.0,True,8.0,3.44,delivered,True
33a6869a-0992-4226-824d-c7275f9281a9,acf07cd1-be70-465a-957e-f8ce255df639,DASHER_04566,2022-12-12 13:16:00,2022-12-12,2022-12-01,2022,13,Monday,39,37.0,-2.0,True,24.78,3.26,delivered,True
a78a0394-cd21-4dcc-bf39-6f9b01fea546,a6c321e6-6af2-431d-960a-89b09dc596c5,DASHER_03516,2023-06-03 13:48:00,2023-06-03,2023-06-01,2023,13,Saturday,29,,,,27.01,2.77,cancelled,True
cc914890-6075-4d1f-98d5-5bfbd99a14ce,88cf80a0-e003-4353-996c-fe9db6da14ba,DASHER_00628,2024-01-23 11:29:00,2024-01-23,2024-01-01,2024,11,Tuesday,32,37.0,5.0,True,56.09,2.07,delivered,True
0d47b92a-d894-4bf8-b022-a85b0e0031ca,e2e03bb4-3865-4986-8202-d0e2e96a87d0,DASHER_00695,2024-07-05 11:34:00,2024-07-05,2024-07-01,2024,11,Friday,47,33.0,-14.0,True,12.33,4.15,delivered,True
92cdd654-7578-4315-98dc-caa2fb7dcce8,ac18dc03-1988-4407-8739-8c004c9f5a59,DASHER_04008,2024-03-26 20:15:00,2024-03-26,2024-03-01,2024,20,Tuesday,29,15.0,-14.0,True,33.23,6.82,delivered,True
41797c71-50d7-4723-a918-940a3648a393,394f87d6-2bc1-4cdf-a7ee-8969c305999c,DASHER_04447,2024-02-17 19:52:00,2024-02-17,2024-02-01,2024,19,Saturday,39,51.0,12.0,False,36.01,1.42,delivered,True
b4f3559a-4b38-43aa-bf2a-b8ac69d47270,353679c0-b6cf-4b88-8a6c-939619a08447,DASHER_01592,2022-05-18 18:24:00,2022-05-18,2022-05-01,2022,18,Wednesday,49,44.0,-5.0,True,48.61,6.54,delivered,True
365f4f0d-3edd-4cc0-a4e3-423fd9c42b1a,c8b3d72b-b3f9-431c-bfde-6a0d49c90dcb,DASHER_02711,2023-04-16 12:34:00,2023-04-16,2023-04-01,2023,12,Sunday,37,31.0,-6.0,True,28.34,6.92,delivered,True
0afe05c1-97d0-41f3-813b-166ffe22187f,bc9124bd-0dd3-4fb0-9fbe-b93824c5b538,DASHER_04216,2023-09-18 01:54:00,2023-09-18,2023-09-01,2023,1,Monday,45,37.0,-8.0,True,56.12,4.07,delivered,True
06e8b4e5-c336-4a18-9d14-68e81d9bc81b,f5af287b-b3f0-46ef-ab9a-11ef025dea2d,DASHER_02081,2024-10-31 11:57:00,2024-10-31,2024-10-01,2024,11,Thursday,41,52.0,11.0,False,34.94,2.77,delivered,True
2d06c4e7-bc0d-45de-9005-59f9b5a554ec,577d2cc1-cdd3-4f2d-998e-5e72884ebfd6,DASHER_02962,2024-01-07 11:27:00,2024-01-07,2024-01-01,2024,11,Sunday,44,48.0,4.0,True,22.07,5.33,delivered,True
05f30838-cafc-4c52-82d1-172a1515b58a,b0d9e6a3-fec2-4d19-b119-a681f182e368,DASHER_02625,2024-07-11 19:35:00,2024-07-11,2024-07-01,2024,19,Thursday,26,39.0,13.0,False,41.9,2.68,delivered,True
821a0eae-10fa-45be-b9e4-79eea5bf251a,d0314ecf-fb8d-432b-9100-f2703c6a5e96,DASHER_03162,2022-09-10 08:29:00,2022-09-10,2022-09-01,2022,8,Saturday,44,41.0,-3.0,True,34.96,3.97,delivered,True
4d909d49-b21c-46c4-8847-03d27436a78b,8c2f26c7-c38c-4952-a4a0-a41e067b51bc,DASHER_02576,2024-12-16 17:09:00,2024-12-16,2024-12-01,2024,17,Monday,25,40.0,15.0,False,11.61,4.36,delivered,True
d59142e4-ae42-4142-8f29-83b36222926f,508a35ea-0eec-49bf-b7fb-edad8d657a19,DASHER_01905,2022-09-30 21:06:00,2022-09-30,2022-09-01,2022,21,Friday,33,45.0,12.0,False,34.83,6.09,delivered,True
747df97d-501e-4e1f-a34b-bad72c7db6d6,d14e9175-d81b-4006-b0a6-dfbf59ff8656,DASHER_01854,2024-02-20 19:11:00,2024-02-20,2024-02-01,2024,19,Tuesday,35,33.0,-2.0,True,60.81,5.14,delivered,True
de084b3a-aa0e-4963-aaf8-678c56d8a15f,4ec9fe38-9d1f-4f7d-96f3-4d4149e45e97,DASHER_04503,2022-11-30 17:15:00,2022-11-30,2022-11-01,2022,17,Wednesday,31,29.0,-2.0,True,13.54,6.71,delivered,True
20db971d-4001-4bf9-945e-311160fba3d6,2f55359a-8202-4e1f-b58c-ee9217f02110,DASHER_01737,2023-03-07 23:33:00,2023-03-07,2023-03-01,2023,23,Tuesday,35,53.0,18.0,False,8.0,2.16,delivered,True
a7e45aa1-ec1f-4098-b92a-10e4473cfa9c,4e083304-68b7-466b-83e1-8d5b67967bc0,DASHER_00516,2022-09-06 04:07:00,2022-09-06,2022-09-01,2022,4,Tuesday,40,40.0,0.0,True,23.19,4.03,delivered,True
ff9676fa-c41b-493a-b6b2-02d224bf3a0e,26ad685f-907b-44ce-857e-74e92833aa77,DASHER_03939,2022-08-23 04:01:00,2022-08-23,2022-08-01,2022,4,Tuesday,27,11.0,-16.0,True,27.45,5.99,delivered,True
4dbf5bc2-cbd6-4d64-b006-1dc79215051a,438ab3c1-c8ca-4eb9-91f8-cde2979b042c,DASHER_02365,2022-09-07 01:05:00,2022-09-07,2022-09-01,2022,1,Wednesday,37,30.0,-7.0,True,50.8,7.27,delivered,True
148a7c63-491f-446e-aa40-9875601f09a4,125a6011-9e50-4dca-9f3d-5ee791dafc79,DASHER_00388,2023-08-16 22:41:00,2023-08-16,2023-08-01,2023,22,Wednesday,39,40.0,1.0,True,64.42,6.49,delivered,True
7695d1e3-542a-4ca1-862b-0a0dbcdb8469,67aa8ed2-729f-43e6-852f-373057cc75a6,DASHER_02534,2023-07-20 15:48:00,2023-07-20,2023-07-01,2023,15,Thursday,36,21.0,-15.0,True,8.0,3.2,delivered,True
c9c41a87-2f05-499c-b78d-cc581070bad8,d4eee952-6069-46d0-a0d3-2142b6f8d900,DASHER_03311,2022-07-20 03:12:00,2022-07-20,2022-07-01,2022,3,Wednesday,47,43.0,-4.0,True,8.0,7.4,delivered,True
8d339a2c-1f00-4fb1-83c1-06d7fcf378ac,ee7af6e3-99b5-42ae-a16f-f7eaac67f3a8,DASHER_03584,2022-01-08 13:52:00,2022-01-08,2022-01-01,2022,13,Saturday,33,43.0,10.0,False,35.29,7.31,delivered,True
c2952209-009b-49aa-b610-cfe8e03255af,065dc5fd-8dd3-4ed0-a054-a3976b7fb023,DASHER_03219,2022-04-05 15:57:00,2022-04-05,2022-04-01,2022,15,Tuesday,28,22.0,-6.0,True,14.81,7.4,delivered,True
c1edfb09-0186-460f-b3b3-55ed94141da4,a4f6958c-7211-4240-a935-fa36c3ecac38,DASHER_02311,2023-09-05 21:45:00,2023-09-05,2023-09-01,2023,21,Tuesday,47,59.0,12.0,False,44.83,3.26,delivered,True
3c5eccd4-39ec-404f-89ec-980280ba93c6,58bc29bb-3f64-45ea-b538-697f54f4a7bf,DASHER_04282,2024-03-27 18:59:00,2024-03-27,2024-03-01,2024,18,Wednesday,35,43.0,8.0,False,22.54,5.3,delivered,True
27ebd810-1653-470c-bfbd-8747383ed8c6,d1a86b12-c280-4734-9e0b-ac7a5b04ce18,DASHER_01153,2024-01-23 20:48:00,2024-01-23,2024-01-01,2024,20,Tuesday,37,48.0,11.0,False,11.13,4.94,delivered,True
727458a1-cd63-48d4-8986-7b8edda58eca,c7df6bcc-3ca0-4018-a526-e6b811b36fe5,DASHER_04571,2024-04-09 09:38:00,2024-04-09,2024-04-01,2024,9,Tuesday,43,41.0,-2.0,True,29.17,4.88,delivered,True
11c6b1d3-65ed-4d90-8452-c98a4656bf12,b4d80b34-a51a-4860-8263-f709dd6bd58b,DASHER_00250,2022-08-31 16:43:00,2022-08-31,2022-08-01,2022,16,Wednesday,30,19.0,-11.0,True,14.67,2.25,delivered,True
06ecc4cf-5138-42e4-a15d-4d469e46b46e,16d9d5ff-641b-4b36-a4f4-3ca18e4c50af,DASHER_01036,2024-07-17 21:36:00,2024-07-17,2024-07-01,2024,21,Wednesday,42,31.0,-11.0,True,32.62,1.15,delivered,True
681cbe8e-873b-4722-b8d3-0063eb523652,6c64d407-4b6a-4e13-9c95-a763ed98b260,DASHER_04276,2022-06-28 08:56:00,2022-06-28,2022-06-01,2022,8,Tuesday,27,10.0,-34.0,True,8.0,2.3,delivered,True
621a990f-fada-43e8-913a-bac9e75b2ddb,6a14b9dd-42e6-4dfd-945a-dbb1bd2807d5,DASHER_04682,2022-01-31 12:05:00,2022-01-31,2022-01-01,2022,12,Monday,27,26.0,-1.0,True,27.97,3.57,delivered,True
59f7d80d-6232-4748-beff-e223439b46ec,36630652-4757-4567-9cdf-8f5b45557f44,DASHER_00964,2022-10-13 22:50:00,2022-10-13,2022-10-01,2022,22,Thursday,27,29.0,2.0,True,12.43,5.93,delivered,True
0f79cd23-dfb2-415f-a972-e829295420eb,a2416b0c-f55e-4f3c-8501-9b3fd33b1b29,DASHER_04517,2022-10-10 16:24:00,2022-10-10,2022-10-01,2022,16,Monday,37,21.0,-16.0,True,12.78,2.0,delivered,True
572efea5-ff20-4a8e-943d-12eacfe24ca6,81539a67-c688-4ceb-bc5a-303610fb7e3f,DASHER_01154,2022-07-08 18:37:00,2022-07-08,2022-07-01,2022,18,Friday,31,34.0,3.0,True,14.87,4.58,delivered,True
e05e1f23-0df0-4529-82cb-157be536534e,51574129-05a3-4c6c-ad79-2db0a1cc99dd,DASHER_03001,2022-06-02 15:51:00,2022-06-02,2022-06-01,2022,15,Thursday,29,19.0,-10.0,True,8.0,2.85,delivered,True
611265a4-1ad4-419b-9d52-a09e4638ab07,865988c1-50e6-444c-ac9f-aefb4bd5c988,DASHER_00371,2022-09-28 07:35:00,2022-09-28,2022-09-01,2022,7,Wednesday,31,39.0,8.0,False,17.55,1.87,delivered,True
9e8dbbcd-3398-42a9-b8ad-fca260834f84,1768a42b-6a3e-4789-887d-345d5038a987,DASHER_00407,2022-10-17 08:55:00,2022-10-17,2022-10-01,2022,8,Monday,47,32.0,-15.0,True,49.44,1.43,delivered,True
f6ec1abc-22ed-4104-93a8-9b38c47035ce,a35b7abf-877c-47de-9fb8-4e4f6a5feb7c,DASHER_01406,2024-03-28 10:45:00,2024-03-28,2024-03-01,2024,10,Thursday,41,34.0,-7.0,True,30.45,6.92,delivered,True
fb6fd2ef-9968-4776-ba40-57cb828207f0,51574129-05a3-4c6c-ad79-2db0a1cc99dd,DASHER_02293,2024-08-20 23:32:00,2024-08-20,2024-08-01,2024,23,Tuesday,39,46.0,7.0,False,44.92,1.03,delivered,True
3d5cde0c-8180-485e-94b1-5b226a603bf5,c56034aa-2f78-4abb-8b41-ca896dd43bbd,DASHER_02144,2022-07-02 16:41:00,2022-07-02,2022-07-01,2022,16,Saturday,48,41.0,-7.0,True,26.22,1.94,delivered,True
9a18c7b9-f498-43dc-9521-91158af8f9b0,16443fd7-b809-4258-82a0-d3f26a944729,DASHER_03944,2024-05-09 06:59:00,2024-05-09,2024-05-01,2024,6,Thursday,29,10.0,-26.0,True,19.4,1.45,delivered,True
07658c16-2d4d-4b6e-9394-90642af8e88a,09d6e93f-fe75-44af-a295-ba67d972c28a,DASHER_03045,2023-12-21 22:41:00,2023-12-21,2023-12-01,2023,22,Thursday,28,10.0,-27.0,True,48.84,6.9,delivered,True
addcfb19-4b08-48c3-a3c3-554d2a18cb3e,88cf80a0-e003-4353-996c-fe9db6da14ba,DASHER_00357,2022-08-12 23:42:00,2022-08-12,2022-08-01,2022,23,Friday,33,39.0,6.0,False,33.46,6.2,delivered,True
e7f0ccb7-f84e-436e-9a53-a036bc03f1bb,800e83dc-a886-436c-a66c-942efdbaf80e,DASHER_00359,2023-04-11 22:55:00,2023-04-11,2023-04-01,2023,22,Tuesday,35,32.0,-3.0,True,34.13,4.0,delivered,True
abb57af2-062f-466a-b2d3-f1ffd4975fe9,91db77b1-0bab-456d-a759-f24b7da60d83,DASHER_00709,2023-10-05 19:00:00,2023-10-05,2023-10-01,2023,19,Thursday,35,43.0,8.0,False,25.42,7.13,delivered,True
14ee16b4-3bd9-4966-9bde-3e4dd79de43a,059fb9bb-2f80-4abe-9be9-20619dc5cccd,DASHER_04648,2023-10-02 17:20:00,2023-10-02,2023-10-01,2023,17,Monday,33,25.0,-8.0,True,13.16,4.88,delivered,True
8927a770-2195-44cc-bf3e-15359bfebf86,f4a7fd62-81da-4d82-935b-1479d26d6b51,DASHER_00946,2023-03-13 21:26:00,2023-03-13,2023-03-01,2023,21,Monday,33,24.0,-9.0,True,45.21,3.88,delivered,True
9a2b7b42-5771-4faf-8eee-6b9202ed33b3,466eecc1-077a-47f2-9661-2740f668df4f,DASHER_02546,2022-06-30 22:50:00,2022-06-30,2022-06-01,2022,22,Thursday,31,10.0,-26.0,True,30.83,7.3,delivered,True
12235dc6-7d0f-48f1-bb67-8cd2b53dafdd,53e230c7-815a-47f9-9cf7-b99477c82453,DASHER_03303,2022-05-25 03:21:00,2022-05-25,2022-05-01,2022,3,Wednesday,31,41.0,10.0,False,32.43,2.54,delivered,True
84c306df-9941-4636-8180-f10d6024b46e,1d140dd2-1477-4ba9-b6bf-8798756b6199,DASHER_02948,2023-01-11 06:57:00,2023-01-11,2023-01-01,2023,6,Wednesday,28,58.0,30.0,False,11.6,7.16,delivered,True
4665093c-d534-4492-b872-a7e8722319b0,e0cdf24e-971c-45e5-8caf-e86683e62ffb,DASHER_04470,2023-05-11 12:58:00,2023-05-11,2023-05-01,2023,12,Thursday,38,46.0,8.0,False,43.5,4.04,delivered,True
57a5149e-c4d4-4607-ae74-c558fa791bc2,fc0bf660-1263-415b-8c01-4eec481ceb16,DASHER_02454,2024-05-29 15:37:00,2024-05-29,2024-05-01,2024,15,Wednesday,15,10.0,-10.0,True,44.6,4.82,delivered,True
3501e809-4f92-4a32-9020-fec53ce27a80,479fbf55-f994-4d16-bb7b-653d9cffcd1e,DASHER_02440,2022-12-29 12:14:00,2022-12-29,2022-12-01,2022,12,Thursday,31,10.0,-25.0,True,56.97,3.83,delivered,True
12646e13-41c5-4a08-ba05-d7e44cac8c2b,a79caa7f-78f3-46de-9b81-7cb27adce251,DASHER_00410,2022-10-10 17:21:00,2022-10-10,2022-10-01,2022,17,Monday,30,41.0,11.0,False,15.66,3.34,delivered,True
10d0b7e2-3f8e-40e4-9649-841ace33e195,972887eb-5efa-4e42-a7a0-cb0ab25f0026,DASHER_04866,2022-06-13 13:25:00,2022-06-13,2022-06-01,2022,13,Monday,40,48.0,8.0,False,44.8,1.23,delivered,True
4bbb1278-167b-4a9b-8709-64f0342eec74,d56a974c-cbdf-44b3-bea7-98f690cbb753,DASHER_00225,2023-11-14 21:20:00,2023-11-14,2023-11-01,2023,21,Tuesday,42,50.0,8.0,False,18.28,7.22,delivered,True
5d19399b-fd27-4c8c-bfd0-f72226f095b1,68e0c89e-3f9e-4ca8-8fa6-2404e9cc7940,DASHER_00156,2022-07-24 22:06:00,2022-07-24,2022-07-01,2022,22,Sunday,25,12.0,-13.0,True,32.65,1.99,delivered,True
baa53332-d4ff-4d20-844f-a755c5320b4b,b83768f6-15a1-4848-bc82-9b98bfc748c2,DASHER_00194,2023-08-28 19:28:00,2023-08-28,2023-08-01,2023,19,Monday,33,30.0,-3.0,True,11.14,7.43,delivered,True
793307f7-07a6-432d-96bc-3c4ea87d0788,d1b7b24b-4641-450e-b4e8-47092e175290,DASHER_00677,2023-10-08 20:59:00,2023-10-08,2023-10-01,2023,20,Sunday,41,38.0,-3.0,True,63.91,5.66,delivered,True
27c4bcb1-92ff-41b8-bec0-ebc95a30a8ed,9e2a4f1e-b7b1-42b9-a92d-0e65fc927cb6,DASHER_00487,2023-01-09 15:20:00,2023-01-09,2023-01-01,2023,15,Monday,38,13.0,-25.0,True,58.18,6.31,delivered,True
6e1d79e4-21e6-46f3-9fd7-fb09d80af6eb,ff1307a7-d9b3-4b73-a5dc-1051b1a8bf30,DASHER_02842,2022-04-14 06:07:00,2022-04-14,2022-04-01,2022,6,Thursday,36,24.0,-12.0,True,54.02,7.76,delivered,True
88735861-6cff-4052-ae66-3c321bce4401,6932226a-19e1-4533-b76f-39bf0459534a,DASHER_04033,2023-06-16 15:56:00,2023-06-16,2023-06-01,2023,15,Friday,33,31.0,-2.0,True,41.63,2.33,delivered,True
a7253dae-ad12-4154-9dce-0386ef0c6a27,f6a5829b-7783-4f62-87e9-8514484e1362,DASHER_02999,2022-09-22 16:35:00,2022-09-22,2022-09-01,2022,16,Thursday,40,50.0,10.0,False,32.79,5.5,delivered,True
a1ce9202-5ba6-43a4-8e9f-c03294a0a4fb,36630652-4757-4567-9cdf-8f5b45557f44,DASHER_01771,2023-04-18 19:53:00,2023-04-18,2023-04-01,2023,19,Tuesday,36,36.0,0.0,True,53.86,1.08,delivered,True
c69789a5-1f28-4aee-be6e-2d63dd9d4f8f,7295fd65-f87f-46d0-952b-23e3bad9fab5,DASHER_04149,2022-08-31 00:22:00,2022-08-31,2022-08-01,2022,0,Wednesday,32,34.0,2.0,True,31.2,5.27,delivered,True
24fa5f27-2c20-4e5d-acb1-717d6b71140a,99864446-5bf5-407b-b4c2-3f886ccfe705,DASHER_02759,2023-08-06 06:34:00,2023-08-06,2023-08-01,2023,6,Sunday,31,46.0,15.0,False,43.69,2.21,delivered,True
b7b9269c-2144-456a-af76-c3ad7f2a60b5,7b8cb828-e020-4ec7-b641-4b1f10444111,DASHER_00374,2024-01-06 13:48:00,2024-01-06,2024-01-01,2024,13,Saturday,27,27.0,0.0,True,43.0,3.52,delivered,True
02dd535e-c723-45a0-885d-f18f5516567f,eb0274f1-06bc-4d4b-ba9e-553b0cb5c0e5,DASHER_00157,2022-05-25 03:26:00,2022-05-25,2022-05-01,2022,3,Wednesday,45,42.0,-3.0,True,15.79,7.39,delivered,True
5221d903-6705-4e6a-8b83-547fbec8a9c2,5099fcfd-f316-438f-8ac1-7e344eacd601,DASHER_01979,2022-05-01 06:24:00,2022-05-01,2022-05-01,2022,6,Sunday,40,38.0,-2.0,True,11.77,7.96,delivered,True
3267eb1e-d607-4d48-ba70-bba1723df6b5,44dc67e6-b1df-4aaf-aa52-8119fcbc38ff,DASHER_04671,2024-10-22 11:43:00,2024-10-22,2024-10-01,2024,11,Tuesday,46,63.0,17.0,False,35.93,5.88,delivered,True
a930f2ab-9011-49be-8e55-c1e904257bfb,97b58304-f5c8-433a-b451-208b7b756c15,DASHER_01287,2024-02-07 21:01:00,2024-02-07,2024-02-01,2024,21,Wednesday,29,42.0,13.0,False,28.8,3.33,delivered,True
ea750595-f87d-4fcd-90b4-2dc85f93423d,3f820d2f-139b-4869-a2d9-a07bed469698,DASHER_02564,2022-01-17 10:40:00,2022-01-17,2022-01-01,2022,10,Monday,34,35.0,1.0,True,27.47,2.28,delivered,True
aaa3d2dc-32ef-4ecf-8fdb-44e12fb30f42,4d311a4d-1ef2-4cb3-bf60-ecc9f8e63b21,DASHER_04691,2022-08-05 15:16:00,2022-08-05,2022-08-01,2022,15,Friday,52,53.0,1.0,True,33.37,5.91,delivered,True
b3780cd8-4702-446a-94d8-9268ac9f6e17,6652b67b-f609-4dfb-832f-f66d00bf8199,DASHER_00261,2022-11-03 10:14:00,2022-11-03,2022-11-01,2022,10,Thursday,29,51.0,22.0,False,9.09,7.24,delivered,True
96f93577-4191-4c35-829e-5cd3022b95ec,85fbfadb-f753-46f4-9d64-14dcf96bbb65,DASHER_04181,2022-04-06 13:00:00,2022-04-06,2022-04-01,2022,13,Wednesday,30,11.0,-19.0,True,8.0,2.76,delivered,True
f8bccdb4-39c4-47c4-8e95-716c19ceaf94,b3cc076c-17bb-4448-bc7d-5e051f6c9d05,DASHER_01114,2022-01-29 09:57:00,2022-01-29,2022-01-01,2022,9,Saturday,40,47.0,7.0,False,27.22,7.26,delivered,True
728e1ede-c72b-44ae-8bc5-b2ad46eeb013,707ea155-8c27-4895-887f-cc2a373d80ab,DASHER_04558,2023-11-17 22:59:00,2023-11-17,2023-11-01,2023,22,Friday,34,43.0,9.0,False,21.4,6.52,delivered,True
6d5c7e66-0541-407c-91f9-263dd73ce383,4ac9833b-19af-441a-8d9a-93564c36cbaf,DASHER_03469,2024-07-12 12:36:00,2024-07-12,2024-07-01,2024,12,Friday,37,34.0,-3.0,True,22.81,2.61,delivered,True
25ceeee2-7770-4243-98f6-b02ff87395dc,1d8cea2a-2740-4ffc-a448-fa0114935103,DASHER_03748,2023-05-08 14:51:00,2023-05-08,2023-05-01,2023,14,Monday,42,57.0,15.0,False,10.44,3.58,delivered,True
659fdda9-dae8-4eff-846f-418f7340fb79,5ba59135-08cf-4bdd-88ef-71a4e0a687d2,DASHER_01032,2024-12-02 09:16:00,2024-12-02,2024-12-01,2024,9,Monday,26,,,,44.77,1.63,cancelled,True
5bc7204e-d5d0-4142-a339-f1b704c88066,b8436708-7752-4b82-a942-fedc2b1f7e88,DASHER_01378,2023-12-07 21:14:00,2023-12-07,2023-12-01,2023,21,Thursday,35,32.0,-3.0,True,10.02,1.68,delivered,True
85cdbbf3-2eac-4bf9-bee2-007442f9c7d7,c0689d68-05eb-4dd7-ad09-9a15432b44a0,DASHER_04004,2022-12-17 06:58:00,2022-12-17,2022-12-01,2022,6,Saturday,46,35.0,-11.0,True,24.61,4.95,delivered,True
94945e24-c72f-4cbd-aadd-265f6d89b969,3cf1b0e6-4f16-43b8-bd9a-4a17b34ea3c5,DASHER_04510,2024-06-07 07:07:00,2024-06-07,2024-06-01,2024,7,Friday,22,14.0,-8.0,True,28.3,1.56,delivered,True
3fef22c0-e4a2-45d8-84e2-5842316bb174,69a13d4c-e4fb-4480-a5ad-8bb87dc6d7be,DASHER_03127,2023-10-03 17:29:00,2023-10-03,2023-10-01,2023,17,Tuesday,31,19.0,-12.0,True,24.25,1.34,delivered,True
d52d6330-71d1-4b75-b182-147e85b9f52b,ff8d8391-553e-4a5b-8883-1a51e8420693,DASHER_00550,2023-11-27 22:30:00,2023-11-27,2023-11-01,2023,22,Monday,34,13.0,-21.0,True,22.56,4.82,delivered,True
b181bbbd-a23f-45c4-adbe-9aa2700ac763,6212a8ae-e663-4f27-87e6-cbff7eb0a0da,DASHER_04170,2024-02-08 18:09:00,2024-02-08,2024-02-01,2024,18,Thursday,24,24.0,0.0,True,22.25,3.17,delivered,True
811d1cc2-bb9a-4298-9863-9406230747e1,bfacd035-2b61-4720-b818-81c84d141a1a,DASHER_00442,2022-04-20 19:32:00,2022-04-20,2022-04-01,2022,19,Wednesday,55,67.0,12.0,False,46.82,2.23,delivered,True
22702a4e-7fb0-4111-b661-793299b8f71e,684cdc82-91ca-42b7-9336-de28c0cc8756,DASHER_01273,2023-03-14 18:34:00,2023-03-14,2023-03-01,2023,18,Tuesday,47,66.0,19.0,False,34.52,2.94,delivered,True
8f55a094-fa3e-4d9d-82f6-92284586a73d,196a9ddb-ff47-41df-a0e1-0430351e5584,DASHER_00540,2023-07-25 19:46:00,2023-07-25,2023-07-01,2023,19,Tuesday,36,49.0,13.0,False,46.87,3.94,delivered,True
7b3bd5d4-7a80-4612-96bd-958ed913ad80,bd1a98c3-6712-4fb2-a8ba-8ca349d7af5d,DASHER_00106,2024-01-08 18:45:00,2024-01-08,2024-01-01,2024,18,Monday,35,36.0,1.0,True,43.29,7.84,delivered,True
0d335a7a-f4ef-452a-8424-d910a0417463,48a42d3b-cbd2-439a-b8d5-153559390b2a,DASHER_04079,2023-07-22 22:44:00,2023-07-22,2023-07-01,2023,22,Saturday,43,56.0,13.0,False,52.16,3.5,delivered,True
4c140c30-ab23-4110-a29c-be5a624303bd,7a88d7af-eb07-4444-931e-b37b1359be5f,DASHER_01070,2022-09-18 19:06:00,2022-09-18,2022-09-01,2022,19,Sunday,35,54.0,19.0,False,12.9,7.19,delivered,True
7d4e319c-ba28-434d-bc15-adfb05be8d0f,c9b1e53e-1290-451e-a352-412069e5b535,DASHER_04873,2024-04-13 11:12:00,2024-04-13,2024-04-01,2024,11,Saturday,34,68.0,34.0,False,29.28,2.61,delivered,True
fb70969b-8fea-45eb-8428-15323782c059,2c79efe8-c421-4844-a95f-4055f6fc047f,DASHER_01081,2024-06-20 15:22:00,2024-06-20,2024-06-01,2024,15,Thursday,26,35.0,9.0,False,31.06,5.55,delivered,True
d0bf1dd5-b42f-4a93-be31-48baacc56014,759dd5ad-889c-4959-b255-cd76834b8c25,DASHER_03097,2022-07-03 14:56:00,2022-07-03,2022-07-01,2022,14,Sunday,22,34.0,12.0,False,8.0,7.05,delivered,True
6dbed17e-2593-4e14-b889-a8fd386885b4,0401bc2a-dc48-4924-96a4-15cc45b59306,DASHER_00238,2022-03-25 21:10:00,2022-03-25,2022-03-01,2022,21,Friday,17,10.0,-14.0,True,26.03,6.18,delivered,True
52ba9950-446b-49d2-bb67-58babd814762,dbe58fa5-b956-40ae-9b69-4ab317374c20,DASHER_01663,2023-07-20 06:24:00,2023-07-20,2023-07-01,2023,6,Thursday,50,45.0,-5.0,True,33.89,7.56,delivered,True
d19c5926-d6a2-40c1-ae64-5b597f286010,479fbf55-f994-4d16-bb7b-653d9cffcd1e,DASHER_03421,2024-05-09 16:32:00,2024-05-09,2024-05-01,2024,16,Thursday,42,46.0,4.0,True,46.28,4.21,delivered,True
d39ea84b-9fbf-4d9f-b333-ae6bf9920182,23a52345-31ad-4f02-b9c0-e8186775e859,DASHER_03225,2022-03-25 14:44:00,2022-03-25,2022-03-01,2022,14,Friday,20,15.0,-5.0,True,33.84,3.52,delivered,True
5eaab0dc-17f9-4981-8590-a6c554ecf269,a74944e4-3961-4a84-9716-4c116a9f8ff1,DASHER_03612,2022-05-04 12:18:00,2022-05-04,2022-05-01,2022,12,Wednesday,37,17.0,-20.0,True,43.1,2.36,delivered,True
97f64a05-b14c-4da9-8c0b-f52cd9bcabbc,2577a528-d2c0-4059-bd47-24a83408c04a,DASHER_04952,2023-09-20 18:12:00,2023-09-20,2023-09-01,2023,18,Wednesday,33,30.0,-3.0,True,9.49,3.63,delivered,True
523e6b6d-5fa1-4510-9e99-086f30e9db89,adafecd7-8c8d-40a4-8e1e-de69f1956cda,DASHER_00724,2024-07-18 09:54:00,2024-07-18,2024-07-01,2024,9,Thursday,37,42.0,5.0,True,26.11,2.51,delivered,True
d46df869-11eb-4d22-934e-2462e893ec57,5099fcfd-f316-438f-8ac1-7e344eacd601,DASHER_02626,2024-04-21 19:58:00,2024-04-21,2024-04-01,2024,19,Sunday,39,44.0,5.0,True,16.39,2.86,delivered,True
5107e6f1-aae7-41ab-871c-5d693eeb6acd,0980c6d3-0c36-4ac1-ba2c-ea460522eaa5,DASHER_04038,2022-11-06 07:32:00,2022-11-06,2022-11-01,2022,7,Sunday,41,28.0,-13.0,True,47.62,5.8,delivered,True
ecaecfdc-f729-41f7-885a-7e9ae2b95eda,dc9b7df1-239b-45c1-9adf-3c426381fabc,DASHER_00693,2022-07-20 19:59:00,2022-07-20,2022-07-01,2022,19,Wednesday,31,17.0,-14.0,True,40.26,5.6,delivered,True
2455b1d2-d471-4dfc-aadf-421c291458f6,fad6bf46-cf2e-4ece-a7e3-97c2a1ca7103,DASHER_02307,2024-02-18 11:12:00,2024-02-18,2024-02-01,2024,11,Sunday,21,14.0,-7.0,True,66.84,2.3,delivered,True
f77de42f-64a8-4cf1-93a2-000ba24fa56c,466eecc1-077a-47f2-9661-2740f668df4f,DASHER_00284,2024-01-19 19:23:00,2024-01-19,2024-01-01,2024,19,Friday,27,19.0,-8.0,True,26.39,6.65,delivered,True
c0999977-2507-440a-8a83-b49b289df5c9,04505466-972b-4b61-8a86-210ff30780ea,DASHER_00229,2023-05-09 06:45:00,2023-05-09,2023-05-01,2023,6,Tuesday,42,22.0,-20.0,True,11.73,3.58,delivered,True
1cc39509-ecf4-48c7-9c3f-b5ef9638c4ed,2b217b5a-6a55-4642-8e31-b549f1b34ab3,DASHER_03715,2024-08-14 20:24:00,2024-08-14,2024-08-01,2024,20,Wednesday,44,57.0,13.0,False,18.78,3.8,delivered,True
ed9bb3fa-0bc0-4392-a008-41eb9ed52e9e,fe744ad3-3023-4fc7-b72f-43f7e015b764,DASHER_01965,2023-07-04 19:57:00,2023-07-04,2023-07-01,2023,19,Tuesday,41,36.0,-5.0,True,10.68,7.93,delivered,True
ca62aae4-4fd3-42eb-8c72-71dab068bcc3,21263509-3a0b-4795-a346-7ae41cf67974,DASHER_00520,2023-07-09 14:59:00,2023-07-09,2023-07-01,2023,14,Sunday,39,37.0,-2.0,True,8.0,4.01,delivered,True
c6b8cc18-1597-497d-ae19-23e5f214ff81,ff81636d-d263-4802-8561-942190b3d15c,DASHER_00064,2023-07-29 08:11:00,2023-07-29,2023-07-01,2023,8,Saturday,30,39.0,9.0,False,8.0,7.55,delivered,True
4d50bc6f-42c4-4bd6-be06-738568867719,44597cfb-af85-46aa-80e1-9df5bc6e74a5,DASHER_03040,2023-09-20 16:52:00,2023-09-20,2023-09-01,2023,16,Wednesday,26,15.0,-11.0,True,49.76,5.02,delivered,True
2115fa48-2adb-401f-bc9e-35faad1df7f9,f887440b-e860-48ef-8d6b-a8c8282c987a,DASHER_02262,2024-03-24 12:28:00,2024-03-24,2024-03-01,2024,12,Sunday,41,62.0,21.0,False,37.89,6.01,delivered,True
796e47da-d601-45e6-bd29-bebecbe17b17,fba73bf8-d40c-4e3a-a42a-04eca45ec072,DASHER_02169,2022-09-01 11:24:00,2022-09-01,2022-09-01,2022,11,Thursday,40,55.0,15.0,False,47.64,5.54,delivered,True
3feaec5f-74a7-4974-8ab0-fdac59672cb2,7a88d7af-eb07-4444-931e-b37b1359be5f,DASHER_02594,2023-02-05 10:57:00,2023-02-05,2023-02-01,2023,10,Sunday,39,49.0,10.0,False,36.35,6.66,delivered,True
f1b5663d-3c9d-44b2-af91-fe6e61936801,dc9b7df1-239b-45c1-9adf-3c426381fabc,DASHER_00148,2024-07-16 17:14:00,2024-07-16,2024-07-01,2024,17,Tuesday,31,24.0,-7.0,True,14.61,1.2,delivered,True
ddfc5ced-74d4-4916-81bc-88b044c70e46,03bb8bbf-0ed2-432f-b214-d7083aa3d159,DASHER_00650,2022-09-07 16:33:00,2022-09-07,2022-09-01,2022,16,Wednesday,42,18.0,-24.0,True,15.68,1.64,delivered,True
c840dd68-e6f2-4442-8a99-0612a2888ef7,74e436ee-3905-4fbf-8069-1ccf413759b4,DASHER_01443,2023-07-30 12:13:00,2023-07-30,2023-07-01,2023,12,Sunday,42,22.0,-20.0,True,58.59,4.02,delivered,True
26e69112-e6f3-4086-9e3f-188e8168ae49,321c66f8-62f6-434b-b2f7-38b2961dc1a3,DASHER_00398,2024-11-01 20:16:00,2024-11-01,2024-11-01,2024,20,Friday,33,51.0,18.0,False,35.99,7.74,delivered,True
87b65480-cc2e-48a7-99f8-491b7f9c6088,23ac97de-f8dc-4fe1-870f-604aefcc7e3a,DASHER_03643,2022-02-21 19:26:00,2022-02-21,2022-02-01,2022,19,Monday,38,45.0,7.0,False,8.0,4.23,delivered,True
08a39a57-aec5-4bfd-a51b-78a9fe0a6bf5,c53ec9c4-3f6d-45d9-bbc2-96629c14acb8,DASHER_00913,2022-09-28 18:25:00,2022-09-28,2022-09-01,2022,18,Wednesday,31,20.0,-11.0,True,27.54,6.78,delivered,True
e91f609d-11c1-4ce6-aa05-d26c3f40e581,60ab67b9-0ab8-4314-93a3-6389c84d5ab3,DASHER_03010,2024-01-02 20:52:00,2024-01-02,2024-01-01,2024,20,Tuesday,37,,,,35.43,3.27,cancelled,True
01157173-ab69-44ae-b927-78c3f3869489,e2e03bb4-3865-4986-8202-d0e2e96a87d0,DASHER_01459,2024-11-29 19:02:00,2024-11-29,2024-11-01,2024,19,Friday,52,58.0,6.0,False,27.79,2.29,delivered,True
4a134f5d-5dad-4266-83f0-afd89d171900,dbdd8700-4315-45f7-9787-ba083cc18cdc,DASHER_04699,2024-08-06 19:12:00,2024-08-06,2024-08-01,2024,19,Tuesday,32,34.0,2.0,True,30.88,5.84,delivered,True
53af4a70-be5c-48d4-b37c-f1b6856bf998,de3e9df0-23f3-4ab7-813c-11860fa584ea,DASHER_04049,2022-09-10 20:13:00,2022-09-10,2022-09-01,2022,20,Saturday,35,21.0,-14.0,True,61.27,2.38,delivered,True
48391049-8bbe-4016-bdb0-7615f3f88ef5,c4aa683a-a827-4485-950d-10854a337f42,DASHER_00219,2023-02-10 13:22:00,2023-02-10,2023-02-01,2023,13,Friday,34,30.0,-4.0,True,35.49,5.2,delivered,True
7feff42f-0251-4dc3-ad77-606aed6f219c,b2a9eb8d-9753-4880-9b23-3398c865a5f1,DASHER_03059,2023-01-17 18:40:00,2023-01-17,2023-01-01,2023,18,Tuesday,43,27.0,-16.0,True,42.17,7.24,delivered,True
3c706f8a-3842-4525-81c7-34f6d8d58da6,b99421b7-97ac-453a-9202-d5a6b958bc06,DASHER_01858,2023-03-13 21:09:00,2023-03-13,2023-03-01,2023,21,Monday,33,41.0,8.0,False,47.22,5.89,delivered,True
debfa5f1-f75a-4301-b821-56a68110561d,82310495-df35-4311-9a38-4b263b20a636,DASHER_01819,2023-01-25 21:38:00,2023-01-25,2023-01-01,2023,21,Wednesday,34,34.0,0.0,True,30.63,2.58,delivered,True
4ce5723e-f3ab-4820-8544-2e001ee9cf5d,4a17ffa3-5662-46ce-b7c4-33d96dc6f623,DASHER_04515,2024-05-24 07:22:00,2024-05-24,2024-05-01,2024,7,Friday,29,42.0,13.0,False,25.54,7.82,delivered,True
d49a89f1-29b2-4d4a-a19e-14a4cf36dac8,97fafae4-9a85-42ce-a2c3-16a17ddb99a5,DASHER_01297,2022-04-04 17:24:00,2022-04-04,2022-04-01,2022,17,Monday,23,10.0,-13.0,True,33.31,1.26,delivered,True
8a9b3bf4-fb7b-4a06-939f-bd34b4f9a7ac,23a56620-fc58-4382-94db-59d8ad2d37fb,DASHER_04535,2022-01-29 16:09:00,2022-01-29,2022-01-01,2022,16,Saturday,30,22.0,-8.0,True,37.0,2.55,delivered,True
80a85a2e-8980-4b29-81c5-426a480b5d86,cb85f43d-63eb-4f41-b7ce-4f6f8ede540c,DASHER_02147,2023-01-10 19:54:00,2023-01-10,2023-01-01,2023,19,Tuesday,20,20.0,0.0,True,17.17,3.81,delivered,True
8a4b744c-0756-4555-b325-68a741f21bc5,d71482aa-0d9e-4360-8992-3eab6a40e50d,DASHER_01775,2023-02-15 12:48:00,2023-02-15,2023-02-01,2023,12,Wednesday,33,33.0,0.0,True,36.87,7.87,delivered,True
4159be97-3879-407b-b9f8-c27b30d839b0,37aca1fd-fdf9-4acc-8a17-363e7518565e,DASHER_04976,2022-11-09 08:10:00,2022-11-09,2022-11-01,2022,8,Wednesday,43,37.0,-6.0,True,15.1,3.41,delivered,True
8760baa7-e716-4130-933b-e27f2b052a50,5575dc82-46ab-4faa-ba57-04b349d1ce3e,DASHER_02897,2022-11-12 19:42:00,2022-11-12,2022-11-01,2022,19,Saturday,61,77.0,16.0,False,27.28,3.83,delivered,True
f90db0f8-dfe1-4fd5-a4ce-695db45a5e74,32416e25-476c-4c1a-8a99-eb9067939b8e,DASHER_00403,2024-02-12 09:56:00,2024-02-12,2024-02-01,2024,9,Monday,16,10.0,-25.0,True,37.55,7.27,delivered,True
2f758095-8239-48bd-b888-ea5d6644eaa9,0da64d6f-3607-4b63-a5ff-b46f5584d7d2,DASHER_03250,2024-09-07 21:15:00,2024-09-07,2024-09-01,2024,21,Saturday,31,46.0,15.0,False,37.31,5.78,delivered,True
85e17922-4dbc-409b-aecf-6a37591a1e8d,f2b9cfe7-6c88-44da-b120-78aabce36cde,DASHER_04578,2024-10-04 11:52:00,2024-10-04,2024-10-01,2024,11,Friday,35,48.0,13.0,False,53.03,5.56,delivered,True
e93b936e-9e46-4454-a58c-09d71e6b7842,b0208c23-6bb2-4f10-89bd-a40a8ca59d8f,DASHER_00469,2023-10-26 08:56:00,2023-10-26,2023-10-01,2023,8,Thursday,30,26.0,-4.0,True,19.58,4.55,delivered,True
77c44769-fd1f-4de4-98f0-e0f4342fa9e1,87790706-abb5-4288-a847-c4229d684515,DASHER_00518,2023-08-11 19:14:00,2023-08-11,2023-08-01,2023,19,Friday,23,15.0,-8.0,True,23.79,4.32,delivered,True
b0bb3684-19b3-4579-899d-20e701db02cb,556a9d62-1825-423f-a7aa-acb1ec1c095f,DASHER_03017,2024-01-11 12:36:00,2024-01-11,2024-01-01,2024,12,Thursday,40,46.0,6.0,False,32.6,1.6,delivered,True
e386be9c-bba5-4bc8-b8c1-57160225d01e,0da64d6f-3607-4b63-a5ff-b46f5584d7d2,DASHER_00138,2023-07-03 06:36:00,2023-07-03,2023-07-01,2023,6,Monday,36,19.0,-17.0,True,8.25,5.02,delivered,True
f51ba71e-9f1b-419d-a0f5-df521dd184f8,b6c91728-c175-4220-b4a3-29059a276bf4,DASHER_01514,2024-02-09 18:13:00,2024-02-09,2024-02-01,2024,18,Friday,29,18.0,-11.0,True,19.62,1.41,delivered,True
4062cf71-2ca8-4df9-a0f3-86d7de644b19,d62440c3-6480-4c98-9cb8-c6714f1808b2,DASHER_00582,2022-01-02 20:01:00,2022-01-02,2022-01-01,2022,20,Sunday,34,46.0,12.0,False,12.87,1.66,delivered,True
423bfb9a-fa42-42f0-be44-67045bd90830,54d322c7-569a-4273-839b-4e1d6a4085bd,DASHER_03305,2022-07-03 08:04:00,2022-07-03,2022-07-01,2022,8,Sunday,26,40.0,14.0,False,21.4,4.23,delivered,True
2cbc2d7b-551f-4138-8afd-feb676abeb54,5bb9c93a-9812-4406-b344-50656fe14af5,DASHER_04018,2024-07-18 14:36:00,2024-07-18,2024-07-01,2024,14,Thursday,43,40.0,-3.0,True,37.02,6.58,delivered,True
b64aaac6-1487-493c-850b-31c4d64e694c,0387d8d7-b3b1-4b3b-9c69-c96286520c9b,DASHER_04724,2023-01-15 08:41:00,2023-01-15,2023-01-01,2023,8,Sunday,31,16.0,-15.0,True,44.84,7.74,delivered,True
7c3d33ac-c465-48f2-b74f-89bb14d9d99f,329e7064-8b48-4885-b9d6-112afac7b55c,DASHER_01703,2024-12-31 18:41:00,2024-12-31,2024-12-01,2024,18,Tuesday,27,24.0,-3.0,True,49.73,7.29,delivered,True
eb929860-1490-485b-8ff2-b69afca06103,b7e1aead-c202-40b2-b6cd-90a9d21ae283,DASHER_00252,2023-09-25 10:38:00,2023-09-25,2023-09-01,2023,10,Monday,30,47.0,17.0,False,42.51,7.67,delivered,True
6f63dc04-96cf-445e-ad9d-9fb81b8db467,334400c4-74b1-418c-9fb0-9f8b2e5e2a70,DASHER_00192,2023-11-17 09:07:00,2023-11-17,2023-11-01,2023,9,Friday,37,42.0,5.0,True,31.16,3.64,delivered,True
2366cff4-3c7f-45a8-8b43-a63da5ceb3fd,ea3d7242-1e0a-42cd-9ea2-53ade29d6b4e,DASHER_00009,2023-08-03 17:29:00,2023-08-03,2023-08-01,2023,17,Thursday,25,,,,16.83,1.97,cancelled,True
0563405e-4397-44e2-9a72-d6f5a74cf96a,565316ef-c26e-4812-ac54-4aedf5593b44,DASHER_04689,2024-08-08 14:19:00,2024-08-08,2024-08-01,2024,14,Thursday,21,16.0,-5.0,True,12.97,3.16,delivered,True
f278ef65-fb01-4e73-a301-73ebf96a26b9,84181fcb-62e9-4c77-90c0-6330d383ab41,DASHER_02104,2022-07-02 14:12:00,2022-07-02,2022-07-01,2022,14,Saturday,37,29.0,-8.0,True,37.62,7.0,delivered,True
d4acdbdc-5ef1-4bca-a272-0da436ad9522,51926554-6002-417d-bcae-44d868302d68,DASHER_04823,2022-03-09 02:15:00,2022-03-09,2022-03-01,2022,2,Wednesday,27,41.0,14.0,False,25.71,4.95,delivered,True
ad676251-7160-4f9a-bc23-9d902dea2f7b,46fde999-656d-46ff-9cb9-db53fe2ac468,DASHER_01125,2023-01-17 22:28:00,2023-01-17,2023-01-01,2023,22,Tuesday,15,36.0,21.0,False,43.3,4.98,delivered,True
ca684720-375e-47d5-ab1d-f991d0728138,f7e16e60-ffdf-49b7-b317-124a64caa172,DASHER_01468,2024-02-18 10:13:00,2024-02-18,2024-02-01,2024,10,Sunday,42,45.0,3.0,True,23.61,4.69,delivered,True
eeed2dc3-c456-4469-b898-059c12a1b80e,c8607222-a242-40f8-bf52-7b5df6176cd2,DASHER_02375,2024-08-05 14:13:00,2024-08-05,2024-08-01,2024,14,Monday,37,30.0,-7.0,True,33.39,7.4,delivered,True
51ccd238-6d68-46b2-8646-397be6323b0e,759dd5ad-889c-4959-b255-cd76834b8c25,DASHER_02706,2023-11-18 18:22:00,2023-11-18,2023-11-01,2023,18,Saturday,42,37.0,-5.0,True,29.21,7.58,delivered,True
ad4d031c-5acc-41ce-84fc-5e560a396f2a,1e2d819e-3804-4a56-a578-6a30f8a0e9ce,DASHER_00993,2023-08-22 20:19:00,2023-08-22,2023-08-01,2023,20,Tuesday,18,13.0,-5.0,True,8.0,3.76,delivered,True
997eee12-6983-45e1-b0a0-63d692c02625,dba4f0f7-c651-4824-b536-6c941283b1fe,DASHER_03693,2023-05-16 20:15:00,2023-05-16,2023-05-01,2023,20,Tuesday,44,20.0,-24.0,True,24.21,2.88,delivered,True
e8399f3a-d45c-42bf-8be2-177b75f9ce0a,2c15b7cc-7d43-4340-bc94-8d8b6d6485ec,DASHER_01196,2024-04-19 11:33:00,2024-04-19,2024-04-01,2024,11,Friday,45,46.0,1.0,True,8.0,2.56,delivered,True
f4560b5c-473d-466c-9f3e-0f73de8ef9bc,51d1ccdf-f80e-4399-bf59-2aba16961341,DASHER_04367,2023-11-04 16:08:00,2023-11-04,2023-11-01,2023,16,Saturday,27,19.0,-8.0,True,9.1,5.07,delivered,True
4e784987-ffeb-4309-8d7a-3023489e7253,8a7129e1-d5e2-4929-be01-7f0a25f4598c,DASHER_03649,2023-07-07 07:10:00,2023-07-07,2023-07-01,2023,7,Friday,22,23.0,1.0,True,29.65,1.89,delivered,True
fe154a6d-2fd3-4390-8439-fa34e52738eb,452407f9-b89d-4ac8-9dc2-03d9c18302bb,DASHER_04248,2022-12-21 08:30:00,2022-12-21,2022-12-01,2022,8,Wednesday,35,22.0,-13.0,True,21.39,5.96,delivered,True
a02d3128-c968-4490-8284-bc22f7545154,12715c0b-2a2f-47bc-8fe4-5a2a47ded7c5,DASHER_02002,2024-04-25 13:30:00,2024-04-25,2024-04-01,2024,13,Thursday,40,41.0,1.0,True,20.92,1.06,delivered,True
01284dea-b01d-4af2-a1b3-ddd35c4d44e0,12f16d9a-5a6a-4fd5-b81a-4e7f8651d940,DASHER_01830,2023-09-11 11:27:00,2023-09-11,2023-09-01,2023,11,Monday,39,30.0,-9.0,True,8.0,1.98,delivered,True
fe7dc5da-c361-4296-90b9-9473c905ea60,69c953a8-0893-47fb-bf31-e98c3b0692a6,DASHER_03223,2023-12-30 07:49:00,2023-12-30,2023-12-01,2023,7,Saturday,28,42.0,14.0,False,44.62,7.04,delivered,True
c56d9d58-2e7a-46f9-84d4-66ebea241494,b685dea9-2822-4dc2-812a-68638e57f994,DASHER_03861,2024-12-18 19:25:00,2024-12-18,2024-12-01,2024,19,Wednesday,38,52.0,14.0,False,47.11,4.0,delivered,True
1c194f80-bd15-4f54-8262-dec4b7e7f1ee,bc10c0bd-1da3-4938-992d-f59c629f616c,DASHER_02444,2022-06-11 22:39:00,2022-06-11,2022-06-01,2022,22,Saturday,32,32.0,0.0,True,34.05,2.31,delivered,True
1a3718ff-7417-4c61-bd4e-8273bb4fa9f0,5004a095-c3c5-4b0f-bfe6-820a44f2ec23,DASHER_00393,2023-11-02 14:14:00,2023-11-02,2023-11-01,2023,14,Thursday,39,43.0,4.0,True,37.94,2.27,delivered,True
16fca0d5-b3e6-4e13-a09a-782c21b95018,75a8a294-5f7e-4b50-896d-05061b1d4703,DASHER_03747,2024-04-14 09:42:00,2024-04-14,2024-04-01,2024,9,Sunday,30,30.0,0.0,True,24.59,3.04,delivered,True
8328ffac-6c4e-491c-ade8-bb67fafc671f,e2c5120f-4685-4868-a145-2da148452a59,DASHER_04746,2023-06-27 14:41:00,2023-06-27,2023-06-01,2023,14,Tuesday,40,46.0,6.0,False,8.0,5.71,delivered,True
728dcfd0-623b-4ffc-aa7c-d0a1840a34a6,04f509d0-9f45-4f5d-9ceb-9e07e997b78e,DASHER_02570,2024-03-22 20:34:00,2024-03-22,2024-03-01,2024,20,Friday,41,42.0,1.0,True,25.13,5.97,delivered,True
74dc280f-91e6-49eb-9e8a-a300ccf016c2,7f61592d-36a4-4712-93f2-2bce3bf58a29,DASHER_00734,2022-10-16 17:17:00,2022-10-16,2022-10-01,2022,17,Sunday,27,37.0,10.0,False,8.0,4.06,delivered,True
7749a575-7ce4-4b20-9feb-c7e701ad8b77,2b781ec0-a37d-4a22-a274-1ddd36ec3420,DASHER_00478,2023-08-09 06:16:00,2023-08-09,2023-08-01,2023,6,Wednesday,17,18.0,1.0,True,32.34,2.08,delivered,True
1f7ef8f0-de1a-4312-94a0-2efc6049c5a4,32963aaa-f3d9-478b-a170-8f13fe73a2ba,DASHER_03201,2024-01-21 22:10:00,2024-01-21,2024-01-01,2024,22,Sunday,40,53.0,13.0,False,19.88,3.35,delivered,True
d3ff1ff7-c747-4cb1-921b-b90c03220111,972887eb-5efa-4e42-a7a0-cb0ab25f0026,DASHER_01116,2022-11-23 09:08:00,2022-11-23,2022-11-01,2022,9,Wednesday,42,36.0,-6.0,True,27.4,1.1,delivered,True
bedc7362-a79f-4a04-97eb-67db2e5e07ba,31d620a6-37a6-4e0e-bcaf-ed3549d302d1,DASHER_01616,2023-11-08 14:06:00,2023-11-08,2023-11-01,2023,14,Wednesday,38,62.0,24.0,False,28.11,1.46,delivered,True
89986707-1e75-42c3-a1b8-1c007478e7a1,0ea0a782-67ec-4af6-919e-3cd79a0b6ae6,DASHER_03496,2022-09-09 19:27:00,2022-09-09,2022-09-01,2022,19,Friday,43,45.0,2.0,True,14.51,1.98,delivered,True
696483c3-6626-4425-8520-6109053c623f,0f9b21c6-5190-4f06-9934-a9e873cfc151,DASHER_01421,2024-09-06 18:22:00,2024-09-06,2024-09-01,2024,18,Friday,35,25.0,-10.0,True,25.98,1.38,delivered,True
9818c28e-141f-41cb-80c1-cefcacd36623,26b9ceb0-7cf3-4d7c-843c-82d11ec35ce4,DASHER_01925,2022-12-21 22:47:00,2022-12-21,2022-12-01,2022,22,Wednesday,42,25.0,-17.0,True,15.88,1.19,delivered,True
b21ef736-6d02-4b56-93a7-e9ecb5c1c88f,a5aac5be-2afe-4fd6-983c-d630b4711756,DASHER_04763,2023-07-09 19:50:00,2023-07-09,2023-07-01,2023,19,Sunday,37,41.0,4.0,True,38.29,7.41,delivered,True
56105c9d-2933-4b6b-8d2a-808150dd89c8,2213d9f3-ac15-48c0-8ead-a02ba75eb7a5,DASHER_00426,2022-02-03 07:45:00,2022-02-03,2022-02-01,2022,7,Thursday,21,24.0,3.0,True,36.16,7.16,delivered,True
e724e4d6-9276-460f-84e9-653016ee4e9e,1d83b87c-291f-46ad-be53-ba7696743316,DASHER_04476,2022-04-30 15:56:00,2022-04-30,2022-04-01,2022,15,Saturday,31,10.0,-26.0,True,8.0,1.7,delivered,True
aafc49dd-9c32-45d6-a0e0-0dc0dfe8c49e,cdd715a7-e0b1-4867-ad94-59f94a9ac55b,DASHER_04921,2024-09-02 18:44:00,2024-09-02,2024-09-01,2024,18,Monday,38,16.0,-22.0,True,29.35,7.54,delivered,True
ac7c2f8c-68a0-4017-b901-9468bb2b4f1c,f9e82551-de34-4683-bb68-bb5ca02f460b,DASHER_03610,2023-01-10 22:03:00,2023-01-10,2023-01-01,2023,22,Tuesday,26,37.0,11.0,False,41.29,5.39,delivered,True
b7dfcd4a-0d31-45a5-9a87-2e1ed7824d59,0a7f217f-1c94-46f8-bd93-83def3d00a8f,DASHER_04791,2023-11-27 16:59:00,2023-11-27,2023-11-01,2023,16,Monday,44,50.0,6.0,False,31.92,6.46,delivered,True
e25a62d3-ae68-4bb6-ac8a-ecd926a062c9,180960e6-f823-4317-9f3e-438b57ef4c5c,DASHER_01207,2023-12-04 14:48:00,2023-12-04,2023-12-01,2023,14,Monday,22,19.0,-3.0,True,44.85,5.38,delivered,True
007b83ea-b595-4cb2-9165-fb7ab5974893,3e358c7a-df9c-42ad-a094-b9d3c0f39b93,DASHER_00976,2024-07-13 18:04:00,2024-07-13,2024-07-01,2024,18,Saturday,31,32.0,1.0,True,21.89,4.71,delivered,True
1aaf24b6-9f68-47f4-9cfa-e4e0fe54509e,c46d381c-28e1-4ad1-a90f-63d75b58b38e,DASHER_00409,2024-11-17 04:44:00,2024-11-17,2024-11-01,2024,4,Sunday,28,43.0,15.0,False,13.22,7.28,delivered,True
c34926aa-3feb-43c5-a7e6-d17b0fb62eec,caac8fe1-db02-434f-a68c-96232479bc7c,DASHER_01847,2024-07-19 21:55:00,2024-07-19,2024-07-01,2024,21,Friday,20,,,,17.39,5.18,cancelled,True
5797212f-0347-49ed-8337-8927a5b1c4b4,5c48c9f0-00b2-4827-a304-2a43104237c0,DASHER_00896,2023-12-23 07:39:00,2023-12-23,2023-12-01,2023,7,Saturday,25,13.0,-12.0,True,19.27,1.98,delivered,True
246d93d5-ca05-4720-88d3-96c6c537f407,19c24157-37d6-4e0f-bea7-4e61d1652155,DASHER_00175,2024-10-05 22:47:00,2024-10-05,2024-10-01,2024,22,Saturday,35,35.0,0.0,True,39.08,3.52,delivered,True
3c152bc9-5bbf-41ca-b409-59e71214bb34,f1da8164-8760-47a9-8111-bcf1ee606ba3,DASHER_02135,2023-08-16 08:07:00,2023-08-16,2023-08-01,2023,8,Wednesday,29,37.0,8.0,False,10.33,6.94,delivered,True
fbbde864-4917-4209-bd9e-776e31fd7fdc,466eecc1-077a-47f2-9661-2740f668df4f,DASHER_02374,2023-01-29 21:47:00,2023-01-29,2023-01-01,2023,21,Sunday,28,27.0,-1.0,True,8.0,3.05,delivered,True
3cb87251-43ca-4ef5-96fd-8b24994e44e7,1c80a463-faab-45d4-aedb-ec971fe99b2d,DASHER_04908,2024-06-25 21:53:00,2024-06-25,2024-06-01,2024,21,Tuesday,44,45.0,1.0,True,16.73,2.89,delivered,True
e3930c8d-15c4-4b17-9381-c3033fa61abf,255db5b6-f856-4ad9-902a-b189c60e7ede,DASHER_02861,2022-02-12 20:00:00,2022-02-12,2022-02-01,2022,20,Saturday,31,41.0,10.0,False,12.57,1.49,delivered,True
6dcd4f82-e423-49c7-b684-e8038e64eac8,c8357981-d8a3-4067-bc5d-a6ba4fda397d,DASHER_03254,2023-10-04 09:43:00,2023-10-04,2023-10-01,2023,9,Wednesday,29,31.0,2.0,True,8.79,2.11,delivered,True
5c0a2920-1c86-49da-9922-28d939dd1c7d,b3cc076c-17bb-4448-bc7d-5e051f6c9d05,DASHER_01396,2023-10-11 14:17:00,2023-10-11,2023-10-01,2023,14,Wednesday,40,50.0,10.0,False,59.54,2.11,delivered,True
50ba8d1b-611a-4f50-a0e3-f1ab92731667,442a6be0-8e3c-49b9-849d-2a4583d6381d,DASHER_01161,2024-01-05 17:01:00,2024-01-05,2024-01-01,2024,17,Friday,20,32.0,12.0,False,31.44,5.57,delivered,True
5c300507-ded2-4348-87e7-04772e9ab4b0,97a955e0-c8cb-4cfd-b07f-a9912ccd0557,DASHER_03362,2022-11-19 09:18:00,2022-11-19,2022-11-01,2022,9,Saturday,31,38.0,7.0,False,37.38,2.52,delivered,True
87fee781-e78c-4c13-bc3b-97de20268181,6e93963b-12b4-4856-a6a4-15e444bdf9e9,DASHER_02001,2022-11-07 18:20:00,2022-11-07,2022-11-01,2022,18,Monday,35,17.0,-18.0,True,8.0,2.07,delivered,True
a0271b25-25e1-4742-b0cb-6a5d87be0c23,acc69e71-ca2d-4613-b80b-61a6ecf464bc,DASHER_03534,2024-04-16 09:39:00,2024-04-16,2024-04-01,2024,9,Tuesday,37,34.0,-3.0,True,8.0,3.63,delivered,True
8c443124-a95d-427d-bcd9-0fd1867df5a6,f51976dd-8d54-4115-a504-6f6366b3af30,DASHER_01593,2023-11-18 19:39:00,2023-11-18,2023-11-01,2023,19,Saturday,23,22.0,-1.0,True,30.5,5.57,delivered,True
ca0e7e4f-5f24-4e78-8ca2-ffec7c7e57c4,75664995-e181-4b1f-8b7d-b94a77e658cd,DASHER_00526,2022-03-24 04:36:00,2022-03-24,2022-03-01,2022,4,Thursday,38,16.0,-22.0,True,22.22,6.72,delivered,True
7a50facc-578a-4f54-bd29-0865a6d3f2f0,384bf0ef-e72d-42c4-aa91-a893fffbc5c3,DASHER_02425,2022-06-21 09:09:00,2022-06-21,2022-06-01,2022,9,Tuesday,47,59.0,12.0,False,8.0,1.78,delivered,True
d925760e-3e54-4fe4-98e1-3ebef3093972,9b3a55a1-63c6-4834-8600-c347beb4e796,DASHER_02440,2024-02-02 17:55:00,2024-02-02,2024-02-01,2024,17,Friday,33,22.0,-11.0,True,34.65,7.25,delivered,True
6b6ed267-0da9-44cb-ab04-0c434c6a3a05,3b3c9b90-0ddd-4927-8e1f-c833acdbb514,DASHER_02533,2022-08-01 20:07:00,2022-08-01,2022-08-01,2022,20,Monday,28,27.0,-1.0,True,53.42,6.85,delivered,True
2b07ca14-ad56-4638-bea3-cdec184e5ebe,fe2a4fb5-d947-46d0-8ad1-3337a6b03e9c,DASHER_03622,2022-01-02 04:24:00,2022-01-02,2022-01-01,2022,4,Sunday,34,46.0,12.0,False,59.42,5.46,delivered,True
4d7931d8-f9c7-4d08-af08-f0fabcd99204,52775d01-bd36-429f-a4bf-98ea53967b12,DASHER_03290,2024-09-10 10:20:00,2024-09-10,2024-09-01,2024,10,Tuesday,21,19.0,-2.0,True,22.49,6.23,delivered,True
00a018ea-5498-4cb6-8fdb-a722784aaf88,53e230c7-815a-47f9-9cf7-b99477c82453,DASHER_01154,2022-09-01 18:46:00,2022-09-01,2022-09-01,2022,18,Thursday,50,56.0,6.0,False,37.63,5.99,delivered,True
a82b4c25-3fc4-49bd-ac47-ec55b572902e,ce0b1f70-0bb1-4c18-9dc2-b5439ef60c1a,DASHER_00372,2024-06-12 20:11:00,2024-06-12,2024-06-01,2024,20,Wednesday,39,42.0,3.0,True,24.08,4.71,delivered,True
7a83c576-fa88-4e4c-819b-c74f8ef66912,a60b2ced-0120-45b6-bad7-333819ca5436,DASHER_00916,2022-08-19 11:31:00,2022-08-19,2022-08-01,2022,11,Friday,45,69.0,24.0,False,15.72,1.62,delivered,True
03af7a5d-34b8-44bf-b4d0-a30b84dc5cf1,e523e5b8-b3f9-4ee9-81b2-e07b8aa0e5d3,DASHER_04713,2024-07-03 09:48:00,2024-07-03,2024-07-01,2024,9,Wednesday,25,34.0,9.0,False,26.04,2.12,delivered,True
1c327751-0915-48b6-9cee-605fe0b506f0,7758ca70-135b-425f-a5d3-e585a907b809,DASHER_00171,2023-02-12 08:35:00,2023-02-12,2023-02-01,2023,8,Sunday,31,39.0,8.0,False,29.82,6.15,delivered,True
34f08b12-1564-4821-adb7-6dafe7b8d8db,b1459b3d-b2fe-422c-bbf6-96852963053d,DASHER_02757,2022-12-11 19:03:00,2022-12-11,2022-12-01,2022,19,Sunday,53,53.0,0.0,True,33.75,7.1,delivered,True
41e5d724-b92a-40bd-8e3b-e84e4f75a650,2ba2ff21-347b-49bb-b990-6a12a95ec868,DASHER_01924,2022-01-08 12:02:00,2022-01-08,2022-01-01,2022,12,Saturday,42,39.0,-3.0,True,36.86,4.84,delivered,True
b36266b3-d6ff-44ba-ad89-2265473088c5,c91f0492-e374-448f-9ff5-59ebeb42f7af,DASHER_01400,2022-01-04 22:35:00,2022-01-04,2022-01-01,2022,22,Tuesday,28,10.0,-25.0,True,18.13,5.27,delivered,True
0cce04e5-6728-46ca-931d-09bf20bd35ef,c311f7e2-be57-4b8e-88df-ba66eb724714,DASHER_01999,2022-05-03 15:34:00,2022-05-03,2022-05-01,2022,15,Tuesday,26,24.0,-2.0,True,20.01,6.99,delivered,True
ee7d7842-1b89-43b7-a741-bf80862cbb9e,33c0c09f-62a2-4086-9a91-f440e3098cca,DASHER_01669,2022-12-30 21:56:00,2022-12-30,2022-12-01,2022,21,Friday,39,62.0,23.0,False,32.32,7.29,delivered,True
6d031adc-b010-459c-aea8-d4da133497cf,48f02e2a-67ee-4063-8b47-a09a802ca40b,DASHER_03297,2022-06-20 16:40:00,2022-06-20,2022-06-01,2022,16,Monday,43,55.0,12.0,False,42.41,2.23,delivered,True
a39af164-a1e4-45a7-a759-3d289aae2fe4,43bd96a0-5164-491d-b8d4-b7cb569df305,DASHER_00609,2024-07-20 07:27:00,2024-07-20,2024-07-01,2024,7,Saturday,15,10.0,-10.0,True,36.67,6.53,delivered,True
95fad18b-f6fd-4353-b9df-3397cf8f70d3,8b8f0d21-e43f-4f07-ad76-25d9ced2704a,DASHER_01833,2023-02-16 21:45:00,2023-02-16,2023-02-01,2023,21,Thursday,45,41.0,-4.0,True,24.17,3.44,delivered,True
ae588472-2408-440d-8f57-80f6f6b48a2e,4b8d4948-c14d-4911-be86-42b214d345d5,DASHER_00162,2023-01-18 16:38:00,2023-01-18,2023-01-01,2023,16,Wednesday,34,30.0,-4.0,True,8.0,4.44,delivered,True
319a2edd-a639-4577-982c-3931795470fc,3c7b46c0-5b76-4f1b-8e0d-eea2a8dbe533,DASHER_00051,2022-07-14 19:27:00,2022-07-14,2022-07-01,2022,19,Thursday,44,44.0,0.0,True,8.0,5.43,delivered,True
41f8e9c3-5621-428a-a277-14e58e845506,5f8cf778-64fe-4ea6-b01d-f468db522307,DASHER_03826,2024-12-06 07:41:00,2024-12-06,2024-12-01,2024,7,Friday,37,29.0,-8.0,True,8.0,1.81,delivered,True
446aa7f4-264e-4392-9062-9c0f5e6e5cf0,2c2f6ec2-2155-443b-abc4-0ef3d003f4ed,DASHER_02023,2024-10-27 19:22:00,2024-10-27,2024-10-01,2024,19,Sunday,22,34.0,12.0,False,25.56,4.78,delivered,True
d508ffd1-ef96-4a45-8510-0cb2270c82af,02ba7431-70fd-4b5a-a936-a897f61f76e2,DASHER_01234,2023-09-05 13:31:00,2023-09-05,2023-09-01,2023,13,Tuesday,40,56.0,16.0,False,24.12,5.86,delivered,True
a82e329c-bfe3-4df3-85b0-f90b68af7445,69a13d4c-e4fb-4480-a5ad-8bb87dc6d7be,DASHER_01133,2024-03-28 17:48:00,2024-03-28,2024-03-01,2024,17,Thursday,27,38.0,11.0,False,55.12,3.26,delivered,True
c7172cef-648f-475d-9cd6-01dd67064adb,069d043f-eb4a-4205-83ed-399a7dc6995d,DASHER_01831,2023-02-23 12:32:00,2023-02-23,2023-02-01,2023,12,Thursday,20,10.0,-13.0,True,10.6,5.39,delivered,True
f60accb8-7d99-4369-96da-639635d281b1,35a4701d-9d43-4dad-8efb-48cf44dacd42,DASHER_03645,2022-01-19 20:47:00,2022-01-19,2022-01-01,2022,20,Wednesday,27,26.0,-1.0,True,36.26,2.87,delivered,True
0775acc2-aeeb-4dc5-abc2-52360d4762ad,32cea1a5-5839-46e8-a7c5-a6b5400897cb,DASHER_03587,2024-08-31 08:39:00,2024-08-31,2024-08-01,2024,8,Saturday,25,33.0,8.0,False,15.03,1.14,delivered,True
bf05c0c5-8a92-4f4a-99f5-08e6dda09e7c,9e8cd1db-3511-4b5a-b6c3-2e73785994b8,DASHER_02883,2022-01-08 17:38:00,2022-01-08,2022-01-01,2022,17,Saturday,31,14.0,-17.0,True,34.55,5.79,delivered,True
6e80d76e-d566-48ff-8197-452e858129a0,c85587a1-9759-42b2-b91e-a8276768f4d6,DASHER_02476,2023-08-06 14:04:00,2023-08-06,2023-08-01,2023,14,Sunday,40,38.0,-2.0,True,41.2,3.01,delivered,True
7e2c76c0-6345-47d2-bfbd-06de1851dcc9,fd16d09c-7282-4c26-8828-0246c6b2d3b6,DASHER_04368,2024-07-27 17:40:00,2024-07-27,2024-07-01,2024,17,Saturday,40,34.0,-6.0,True,41.1,1.74,delivered,True
821f677b-35fb-4016-965f-dc602ce58cf8,588252e0-9608-4573-be20-ef66d3a7473d,DASHER_04955,2024-02-19 12:37:00,2024-02-19,2024-02-01,2024,12,Monday,28,27.0,-1.0,True,39.22,6.63,delivered,True
4a8dc8a3-1d2c-4311-89f1-c1a285e33204,f596883b-faf0-418c-812d-89fa7f03a979,DASHER_01143,2022-01-21 12:10:00,2022-01-21,2022-01-01,2022,12,Friday,44,,,,49.72,7.72,cancelled,True
55a3febc-82ae-4b37-a7c8-f746ca6e946a,bbf2eff2-b25a-4e86-8cf8-d9d5f33534b7,DASHER_01467,2022-03-22 14:18:00,2022-03-22,2022-03-01,2022,14,Tuesday,18,,,,24.84,3.5,cancelled,True
d77abdd1-fe53-4691-abda-a1207d3e1e8c,de9e9f30-1b96-4896-830f-2ddba255ce07,DASHER_00337,2022-08-02 20:00:00,2022-08-02,2022-08-01,2022,20,Tuesday,50,36.0,-14.0,True,22.03,3.3,delivered,True
4b606324-77d5-4a42-81ce-bf31277c93b2,c81b7b7a-10c6-4d0c-9c9e-5f4ede59bc02,DASHER_00868,2023-09-17 19:34:00,2023-09-17,2023-09-01,2023,19,Sunday,24,19.0,-5.0,True,13.81,7.05,delivered,True
ef00fc1c-4116-4711-a7d3-959045aa54a6,64b671ba-cb01-4b19-a612-d805d5315392,DASHER_00376,2022-01-30 08:28:00,2022-01-30,2022-01-01,2022,8,Sunday,32,38.0,6.0,False,8.0,5.75,delivered,True
5d4d38ab-79b8-48e5-8b52-6779c0b08f01,fe67a151-3dc2-45ff-af34-a2ee5407c70c,DASHER_01665,2024-03-10 20:25:00,2024-03-10,2024-03-01,2024,20,Sunday,48,63.0,15.0,False,67.67,3.49,delivered,True
8098e47d-16ee-40c8-bc53-8022e1601333,2e38ce3c-b0d2-4aff-9fda-d3dbe6660adc,DASHER_02410,2023-08-23 07:16:00,2023-08-23,2023-08-01,2023,7,Wednesday,37,37.0,0.0,True,18.77,4.01,delivered,True
07512d05-0423-45f1-b717-6bf58276053b,efae2109-2736-4117-b72d-d925773f5a10,DASHER_03867,2022-04-17 16:30:00,2022-04-17,2022-04-01,2022,16,Sunday,50,37.0,-13.0,True,44.67,6.62,delivered,True
8eb277c5-298b-4475-ae06-9eac3fbea058,73bec6d6-827b-492c-9713-1c1a9d59e16e,DASHER_01891,2022-03-05 08:48:00,2022-03-05,2022-03-01,2022,8,Saturday,48,51.0,3.0,True,42.38,2.89,delivered,True
0ebee7dd-446e-4035-8e8a-539936269c94,f3099ab7-eab0-4698-ad89-1282afd6b580,DASHER_02246,2023-08-29 12:16:00,2023-08-29,2023-08-01,2023,12,Tuesday,42,53.0,11.0,False,9.56,4.9,delivered,True
4e76c149-a7e3-4d42-9fb0-d5a82032c264,54cea9be-2231-4833-9b70-066500231633,DASHER_01032,2024-03-31 20:23:00,2024-03-31,2024-03-01,2024,20,Sunday,17,31.0,14.0,False,59.11,1.81,delivered,True
ef4fcf90-1515-4397-bc92-94532cf6e5a3,9599c638-49dd-46d8-84f9-8f916ca8ae36,DASHER_01460,2023-12-06 18:27:00,2023-12-06,2023-12-01,2023,18,Wednesday,38,34.0,-4.0,True,40.34,1.86,delivered,True
c7cf0da7-8c3e-4fb8-8f6b-c86342724f6d,859e8489-c9dc-45c2-9337-5d2d16b39129,DASHER_00240,2022-01-17 12:13:00,2022-01-17,2022-01-01,2022,12,Monday,49,64.0,15.0,False,19.51,2.8,delivered,True
eb19e4bf-861c-4a01-bc60-d5018dd25129,384bf0ef-e72d-42c4-aa91-a893fffbc5c3,DASHER_04892,2023-09-22 16:24:00,2023-09-22,2023-09-01,2023,16,Friday,32,41.0,9.0,False,31.23,2.19,delivered,True
2c0733cf-2b9f-4554-9f9f-89ef4272ef88,a7ecb100-e165-4038-963d-3564d811a576,DASHER_02728,2023-04-20 17:20:00,2023-04-20,2023-04-01,2023,17,Thursday,43,65.0,22.0,False,29.58,6.09,delivered,True
147401da-6179-4835-ab79-452f138c4c8a,5281eec6-5016-4df4-9c45-d4ec0e5a9831,DASHER_02040,2023-03-23 07:44:00,2023-03-23,2023-03-01,2023,7,Thursday,43,21.0,-22.0,True,11.18,7.62,delivered,True
4e33f4ba-46ec-4b92-a014-7a739dad6163,52e8fb34-c578-4ef6-aa7a-6b36da3362b7,DASHER_03795,2022-05-20 22:49:00,2022-05-20,2022-05-01,2022,22,Friday,42,16.0,-26.0,True,34.38,4.45,delivered,True
a2632ea9-aa2b-40d8-a6e0-b968a749f5a1,455d213c-54a2-4739-92a9-96d4c7643fe1,DASHER_02629,2024-05-21 20:34:00,2024-05-21,2024-05-01,2024,20,Tuesday,26,11.0,-15.0,True,25.41,3.26,delivered,True
2b6a6a80-2d0f-4107-8ce1-778ae3783feb,6e47726c-b373-44ce-ab2f-61f1c41a2bac,DASHER_02561,2023-01-06 18:19:00,2023-01-06,2023-01-01,2023,18,Friday,28,39.0,11.0,False,53.77,1.7,delivered,True
064931d9-97f7-4cae-98fd-b0f1dedb1bca,5d47aff6-b2df-45a3-9057-e3ef8efbb33f,DASHER_02752,2022-08-25 23:20:00,2022-08-25,2022-08-01,2022,23,Thursday,23,24.0,1.0,True,44.42,5.45,delivered,True
532a64a7-d0f2-4730-9169-e3e0767f155d,92cbbc27-8f71-417e-acb8-5c31fdc4811f,DASHER_02999,2024-01-14 12:05:00,2024-01-14,2024-01-01,2024,12,Sunday,30,30.0,0.0,True,44.98,5.46,delivered,True
c767166b-45a8-4370-ad5f-3ea2cb022099,19ec6f2a-8d7a-4f4c-81b2-d98cb463b3a8,DASHER_02423,2024-01-01 20:19:00,2024-01-01,2024-01-01,2024,20,Monday,25,30.0,5.0,True,48.67,4.22,delivered,True
d0483c47-307c-4dda-9207-8a2f9e2a4555,f3aadb96-a268-479a-a3fa-2e674fb91d3b,DASHER_04940,2023-12-31 18:44:00,2023-12-31,2023-12-01,2023,18,Sunday,44,49.0,5.0,True,10.17,2.41,delivered,True
f89d7121-7046-429e-b854-11169e56c56f,9a199a88-12da-418a-87c5-772e1c617853,DASHER_03451,2023-11-14 10:32:00,2023-11-14,2023-11-01,2023,10,Tuesday,29,28.0,-1.0,True,51.38,5.81,delivered,True
4f7bdd72-b163-4bdc-a06d-ce1cebe830ac,12715c0b-2a2f-47bc-8fe4-5a2a47ded7c5,DASHER_04202,2023-05-06 20:33:00,2023-05-06,2023-05-01,2023,20,Saturday,42,71.0,29.0,False,8.0,4.31,delivered,True
e3383eb2-cf74-4ff9-b26d-7b4f5688d3f2,4c53a8cf-a625-4c95-8616-b668b5fd747d,DASHER_04450,2024-12-31 21:51:00,2024-12-31,2024-12-01,2024,21,Tuesday,37,35.0,-2.0,True,26.44,6.78,delivered,True
b1ae10c7-a78d-48e7-8bac-bd2038392518,8c2f26c7-c38c-4952-a4a0-a41e067b51bc,DASHER_03347,2024-06-09 09:43:00,2024-06-09,2024-06-01,2024,9,Sunday,35,42.0,7.0,False,32.14,3.28,delivered,True
e1cd9809-ff7f-4ed6-b943-5b599640b4eb,ea3d7242-1e0a-42cd-9ea2-53ade29d6b4e,DASHER_00831,2023-03-12 22:46:00,2023-03-12,2023-03-01,2023,22,Sunday,37,58.0,21.0,False,8.0,3.48,delivered,True
50756c32-d4f0-4cbe-8d8d-e18dffd41194,b99421b7-97ac-453a-9202-d5a6b958bc06,DASHER_03103,2024-09-06 09:17:00,2024-09-06,2024-09-01,2024,9,Friday,33,42.0,9.0,False,15.64,7.52,delivered,True
4f9b0101-e11c-4bc9-9084-3609cef54508,4f785c7b-4fa0-4681-8f77-08b7c3858183,DASHER_04814,2024-03-25 18:04:00,2024-03-25,2024-03-01,2024,18,Monday,40,40.0,0.0,True,19.35,3.62,delivered,True
2b8378a5-2938-46dc-9e49-55d1fe0f26f0,ebf1fec4-5b45-4411-a4d9-2656aa8a0efb,DASHER_00237,2024-05-30 11:57:00,2024-05-30,2024-05-01,2024,11,Thursday,31,23.0,-8.0,True,45.77,5.82,delivered,True
eef17bf9-709c-49ea-9967-42ddb4a4549a,612c34b0-b141-44a5-9136-88b99f4cd6cc,DASHER_01916,2022-08-18 04:38:00,2022-08-18,2022-08-01,2022,4,Thursday,26,22.0,-4.0,True,39.8,3.37,delivered,True
67afd6f1-6026-42a6-80bd-b7d0fc5198e3,a7ecb100-e165-4038-963d-3564d811a576,DASHER_01394,2022-07-14 19:34:00,2022-07-14,2022-07-01,2022,19,Thursday,24,10.0,-14.0,True,16.12,5.54,delivered,True
1e0b2e7f-6370-4ed1-a2c1-127989660fb9,675718c0-56c6-462b-8ae9-19a224bd3e50,DASHER_03750,2024-03-09 11:32:00,2024-03-09,2024-03-01,2024,11,Saturday,36,27.0,-9.0,True,14.53,4.92,delivered,True
c296294a-d9fc-40a8-a866-864b14c7cc02,37aca1fd-fdf9-4acc-8a17-363e7518565e,DASHER_04259,2024-01-30 20:56:00,2024-01-30,2024-01-01,2024,20,Tuesday,30,13.0,-17.0,True,29.8,1.87,delivered,True
c8566003-f03d-4852-b61f-f5a5d9e0fdfa,9415a31e-0086-423a-9829-8b02075b25f7,DASHER_04782,2024-11-27 20:53:00,2024-11-27,2024-11-01,2024,20,Wednesday,30,26.0,-4.0,True,10.35,5.61,delivered,True
24280a07-f0e6-41ab-be75-e4d388511ec5,966ffa93-4e00-4238-84d3-eb99b7b8b574,DASHER_03701,2022-06-01 20:19:00,2022-06-01,2022-06-01,2022,20,Wednesday,37,30.0,-7.0,True,26.76,7.28,delivered,True
8fb5fc93-1754-461d-babd-1845cfb63fed,04fbade6-29fd-4fcf-b863-51d16c453153,DASHER_02692,2024-08-04 01:21:00,2024-08-04,2024-08-01,2024,1,Sunday,35,21.0,-14.0,True,38.39,6.55,delivered,True
f9e2c10a-7aa7-427d-8d53-5e87fee19d04,959ee339-0172-4d60-94ab-2121e6e90357,DASHER_00858,2023-02-27 15:48:00,2023-02-27,2023-02-01,2023,15,Monday,21,31.0,10.0,False,15.5,1.57,delivered,True
a03d263b-0668-47b3-98dc-55582261e4d7,bdb64cfd-5f02-4720-a2e6-a2d6c52fcd30,DASHER_00934,2023-03-22 18:13:00,2023-03-22,2023-03-01,2023,18,Wednesday,27,26.0,-1.0,True,31.63,5.26,delivered,True
93ca2e8d-5114-4e75-aa81-2b77c1c7b65e,a37a1be3-2ab8-4aa3-be3b-c506e45de798,DASHER_00185,2024-10-03 21:05:00,2024-10-03,2024-10-01,2024,21,Thursday,24,20.0,-4.0,True,61.51,6.16,delivered,True
12b6a380-d2d4-4032-a2bb-db0cec4cb2ef,7f34527e-447a-4374-b70b-bac185e5df0e,DASHER_03483,2022-12-08 21:28:00,2022-12-08,2022-12-01,2022,21,Thursday,32,32.0,0.0,True,46.21,2.54,delivered,True
ea6f7003-d4ba-4349-8d84-7030b3821e8c,331e5f36-037e-44df-a3bf-55f8282b7d13,DASHER_03806,2024-02-05 07:53:00,2024-02-05,2024-02-01,2024,7,Monday,30,20.0,-10.0,True,8.0,7.72,delivered,True
5238dac8-814c-4a62-8eb3-1e213dd4d128,e28aee60-dc9f-4096-b135-c64361050bd8,DASHER_00995,2022-01-25 20:42:00,2022-01-25,2022-01-01,2022,20,Tuesday,33,38.0,5.0,True,36.53,5.08,delivered,True
4308e2c8-ba8a-44ec-b153-c4676781da3f,00d06576-a313-4f5c-a319-06f7494f0357,DASHER_01101,2022-01-22 10:54:00,2022-01-22,2022-01-01,2022,10,Saturday,39,17.0,-22.0,True,22.52,5.51,delivered,True
8aa0cd06-047d-4607-bac9-346954c70719,efae2109-2736-4117-b72d-d925773f5a10,DASHER_02687,2023-10-08 13:15:00,2023-10-08,2023-10-01,2023,13,Sunday,34,31.0,-3.0,True,40.87,6.98,delivered,True
717d8d11-85ad-4d1d-8508-0bd393e2464a,39dbf42d-5be8-41ad-b8b7-768972c49056,DASHER_01692,2022-09-09 04:20:00,2022-09-09,2022-09-01,2022,4,Friday,22,28.0,6.0,False,31.53,3.79,delivered,True
31237a97-e1d0-4235-8614-012fa2192d46,7fcf8176-aea3-4776-adee-69b64556a1c9,DASHER_01145,2023-12-04 22:50:00,2023-12-04,2023-12-01,2023,22,Monday,37,24.0,-13.0,True,33.73,5.82,delivered,True
f79f464b-1a33-4d5c-a314-5ec9cb3ba999,af0f70f7-1132-4ca7-b9c6-d2638c268911,DASHER_00494,2024-11-09 19:25:00,2024-11-09,2024-11-01,2024,19,Saturday,33,26.0,-7.0,True,24.22,5.92,delivered,True
82bb4734-eb33-4cb9-8bf3-c2e47f0a1c4d,8bb457e7-6024-41ef-9dfb-5d2250001642,DASHER_02391,2023-11-15 17:55:00,2023-11-15,2023-11-01,2023,17,Wednesday,50,47.0,-3.0,True,17.76,5.54,delivered,True
b67c6798-5303-448a-8eb6-13bf59406dd8,b9b4fd91-f720-4dfa-9af5-1e741277731d,DASHER_00947,2024-03-01 20:15:00,2024-03-01,2024-03-01,2024,20,Friday,36,23.0,-13.0,True,18.63,1.7,delivered,True
c9181a26-95da-4d07-8973-cab7dc74e4f0,383f29c9-fe82-4f35-a3a8-6d95cb94b438,DASHER_01965,2023-08-18 10:43:00,2023-08-18,2023-08-01,2023,10,Friday,26,15.0,-11.0,True,19.15,1.19,delivered,True
adb5f93a-5dbd-449f-bce0-eb07e809c973,408db516-3459-49cc-b037-6850a727ce44,DASHER_02042,2022-11-21 17:26:00,2022-11-21,2022-11-01,2022,17,Monday,35,52.0,17.0,False,28.06,3.05,delivered,True
0f279f01-1ca3-4f0c-a312-1611deb5b33d,4b782209-9c16-478c-a37a-049d2e528cd1,DASHER_00627,2024-12-03 07:51:00,2024-12-03,2024-12-01,2024,7,Tuesday,34,38.0,4.0,True,35.39,7.98,delivered,True
5e3b792b-add0-428c-80d5-d1e0a8969876,ea894346-3083-48a4-91a5-1b9cf16c953b,DASHER_02454,2024-08-03 22:20:00,2024-08-03,2024-08-01,2024,22,Saturday,35,30.0,-5.0,True,20.9,3.86,delivered,True
4b6475cd-6b7b-4d41-a239-4792bd9cc2a8,6c0241bb-1bed-4818-91f3-cf4596b5e0cb,DASHER_00010,2023-06-28 04:23:00,2023-06-28,2023-06-01,2023,4,Wednesday,37,37.0,0.0,True,56.2,1.05,delivered,True
8913f0d4-688f-487b-ab89-9f534de17839,c83909e6-fc43-491d-837a-d2957605ee94,DASHER_02156,2022-10-20 16:13:00,2022-10-20,2022-10-01,2022,16,Thursday,51,27.0,-24.0,True,44.9,5.43,delivered,True
89629a0c-402b-42a7-ae48-567b0f3739d1,a66d96f1-d8ca-4ee3-ac4d-98c292faa20e,DASHER_00177,2023-07-09 15:33:00,2023-07-09,2023-07-01,2023,15,Sunday,35,27.0,-8.0,True,11.03,1.3,delivered,True
cd660d26-7203-4e8d-94bb-735954a4138e,34ce731e-46b1-49ac-ae4b-63546064f52a,DASHER_00029,2024-10-11 14:44:00,2024-10-11,2024-10-01,2024,14,Friday,30,31.0,1.0,True,8.0,4.98,delivered,True
9aabe590-c721-45c2-8d04-73d510a2c49a,20191d69-1d79-4e4e-8a1b-96b778ba2eb2,DASHER_02208,2022-12-21 16:48:00,2022-12-21,2022-12-01,2022,16,Wednesday,46,24.0,-22.0,True,45.84,3.44,delivered,True
05eda93c-c1c7-4458-bf16-f9f142afe3e0,38c3b0e3-72dd-4f32-9907-cae204cfcc33,DASHER_04021,2023-05-01 21:49:00,2023-05-01,2023-05-01,2023,21,Monday,25,16.0,-9.0,True,50.44,1.85,delivered,True
6b41053b-6ce1-47d3-836b-d017bce04e4f,fb8c4ace-7c87-4089-ba7e-d409c066633f,DASHER_00981,2023-06-29 21:01:00,2023-06-29,2023-06-01,2023,21,Thursday,29,20.0,-9.0,True,34.6,6.86,delivered,True
6aeffad9-13f1-4761-9b6e-1af4d141eb8a,32fc6be9-ccc3-4aa3-8a0a-01da90f0ae88,DASHER_04127,2023-07-09 20:49:00,2023-07-09,2023-07-01,2023,20,Sunday,21,24.0,3.0,True,19.61,6.31,delivered,True
987e6813-3694-4b43-92d6-8e6f00e858b9,759d4d34-88f8-4151-b2cd-b4f6a75c1cdd,DASHER_04194,2022-05-14 16:13:00,2022-05-14,2022-05-01,2022,16,Saturday,26,23.0,-3.0,True,30.39,3.82,delivered,True
bfb193ed-2164-414b-b4b0-cfe59802493a,755fb9ed-1fcd-4d30-9d0f-4f41fa9f87ea,DASHER_00923,2024-08-30 15:53:00,2024-08-30,2024-08-01,2024,15,Friday,40,,,,39.41,7.58,cancelled,True
02feaa0d-99e1-443b-b346-087036cdab93,d38ee1ab-075b-42b8-aa55-b0da6885d7de,DASHER_01046,2023-12-16 09:52:00,2023-12-16,2023-12-01,2023,9,Saturday,29,,,,17.48,6.5,cancelled,True
f844126d-97a1-4279-8fba-798e2269142b,fbf6332c-31b4-4eac-97d8-a4d40398bb35,DASHER_00696,2022-03-22 22:04:00,2022-03-22,2022-03-01,2022,22,Tuesday,39,35.0,-4.0,True,20.91,5.27,delivered,True
c2ecd9f0-569d-4cab-b883-aeafaa20d7b1,f9fb31b0-68aa-46e7-8742-e1a42b9f7cb8,DASHER_04052,2023-12-31 15:08:00,2023-12-31,2023-12-01,2023,15,Sunday,48,48.0,0.0,True,17.86,2.89,delivered,True
ac3259f6-fc88-4e6a-b32a-8167171d70ca,71895e3a-9fce-476d-a163-6b93020d207a,DASHER_00487,2023-03-17 09:23:00,2023-03-17,2023-03-01,2023,9,Friday,20,28.0,8.0,False,28.35,5.34,delivered,True
2071c3cf-8ff3-4946-8f77-cb95e9e8166c,2200b213-7fc6-43c2-9f91-76746b5da9d4,DASHER_03814,2023-09-26 07:40:00,2023-09-26,2023-09-01,2023,7,Tuesday,38,35.0,-3.0,True,52.4,4.9,delivered,True
3b574094-dc0b-43ad-86dc-52aa66d7f5d3,ba4c93b3-a4fe-4818-9818-cf61c2373579,DASHER_03057,2022-11-06 20:16:00,2022-11-06,2022-11-01,2022,20,Sunday,37,47.0,10.0,False,13.84,1.54,delivered,True
a4d375ec-b0f0-40b8-af2a-3af3750ecb3f,041225a4-95df-4e78-8d09-49e0bb132be5,DASHER_01752,2024-10-12 21:50:00,2024-10-12,2024-10-01,2024,21,Saturday,39,46.0,7.0,False,31.72,4.72,delivered,True
ad66741c-2a83-4e13-86bd-655da8b3a888,b6e2bc92-4273-48b0-9efb-c0b522c2dd3b,DASHER_00411,2022-04-16 03:19:00,2022-04-16,2022-04-01,2022,3,Saturday,38,29.0,-9.0,True,39.23,4.31,delivered,True
ef2cd5f8-98a5-4eed-a4c3-88a2d43ef4ac,0fccb44c-afb9-4971-9181-4df06edac76a,DASHER_00287,2022-11-02 17:28:00,2022-11-02,2022-11-01,2022,17,Wednesday,33,27.0,-6.0,True,41.79,6.54,delivered,True
8d77e2b3-5542-47e5-b8cb-2d017dfa9fab,0be9c604-0c7c-4609-b283-a637cfc9a60c,DASHER_04454,2024-03-11 21:26:00,2024-03-11,2024-03-01,2024,21,Monday,36,36.0,0.0,True,22.87,5.07,delivered,True
4ed8c819-7332-4acb-b672-fa59a21ac01f,fbf5f91e-7fdb-4083-9868-f3d21401c421,DASHER_01118,2022-01-21 12:30:00,2022-01-21,2022-01-01,2022,12,Friday,33,32.0,-1.0,True,15.06,7.75,delivered,True
eb01c68a-d3ac-46d5-b9ce-d5d758cfc1a0,84f83952-d481-43f7-af27-ae1aab5951af,DASHER_03698,2022-02-23 20:13:00,2022-02-23,2022-02-01,2022,20,Wednesday,47,44.0,-3.0,True,24.19,2.19,delivered,True
2335c546-b5a4-4ee1-b4c3-f5814b273ccf,f4a7fd62-81da-4d82-935b-1479d26d6b51,DASHER_00619,2022-07-11 07:34:00,2022-07-11,2022-07-01,2022,7,Monday,38,24.0,-14.0,True,18.64,2.29,delivered,True
6ff0a860-fc0d-481f-8cc3-67d494bcba67,862a54b4-7ff5-45f3-9f0c-953a0e33aef4,DASHER_03338,2022-02-21 20:16:00,2022-02-21,2022-02-01,2022,20,Monday,27,17.0,-10.0,True,59.5,6.54,delivered,True
b608ae8b-29c3-420a-9190-af684830dedd,f6c6d37e-5139-4fd1-978a-a3b87083a7bf,DASHER_00051,2024-10-12 08:10:00,2024-10-12,2024-10-01,2024,8,Saturday,15,10.0,-11.0,True,16.18,3.84,delivered,True
91406cc9-a6a4-4935-b870-f3478fd28bbf,d64ccfd5-d033-4596-b349-f89f35f48641,DASHER_01504,2022-10-24 20:48:00,2022-10-24,2022-10-01,2022,20,Monday,36,29.0,-7.0,True,56.54,3.51,delivered,True
2152e33e-27c8-4c3a-b5ad-d9fe9e4dc0ca,0d861420-d9bb-4cbf-88e2-fbf99de9e45c,DASHER_00674,2022-07-10 18:00:00,2022-07-10,2022-07-01,2022,18,Sunday,38,43.0,5.0,True,43.8,7.55,delivered,True
47c507ff-bc9d-455e-a177-56c02f4d00f9,417da4a7-22f6-4fd2-88f9-e7306c8227f9,DASHER_01476,2022-02-04 18:19:00,2022-02-04,2022-02-01,2022,18,Friday,45,45.0,0.0,True,12.22,3.62,delivered,True
b5d08a0f-141b-4e17-bdf7-ab4b8b59f949,a4f6958c-7211-4240-a935-fa36c3ecac38,DASHER_01069,2022-02-16 10:11:00,2022-02-16,2022-02-01,2022,10,Wednesday,25,33.0,8.0,False,22.52,4.25,delivered,True
52111a95-d381-40cb-8883-e0ccd0dcfaf6,c41599e1-d4d3-4755-beca-39ae02ee6620,DASHER_02941,2023-09-07 19:01:00,2023-09-07,2023-09-01,2023,19,Thursday,35,52.0,17.0,False,24.34,5.08,delivered,True
fe558d70-f1cb-4a8d-95f3-7ac476816851,934291e8-0340-4bac-a267-6a0d1b7afc2e,DASHER_04399,2023-12-20 08:02:00,2023-12-20,2023-12-01,2023,8,Wednesday,37,41.0,4.0,True,8.0,2.19,delivered,True
440a3a3f-8a11-4948-b342-eab00b7200d3,0a7f217f-1c94-46f8-bd93-83def3d00a8f,DASHER_04389,2024-05-30 17:25:00,2024-05-30,2024-05-01,2024,17,Thursday,27,45.0,18.0,False,27.53,7.18,delivered,True
51277378-29d0-4bb9-b361-127004461d3d,871141a2-08ec-4c5b-b97a-403c484aa3a0,DASHER_01039,2023-06-07 16:27:00,2023-06-07,2023-06-01,2023,16,Wednesday,39,14.0,-25.0,True,31.8,1.4,delivered,True
100e08a5-6796-4c63-97bd-11235ce13992,cb5e4c74-475e-4d2c-bb5d-6f0de19f63f1,DASHER_03590,2022-01-20 16:17:00,2022-01-20,2022-01-01,2022,16,Thursday,42,39.0,-3.0,True,39.24,6.74,delivered,True
fa7a778c-1ae5-4f53-a99c-a97a6eb0a2c3,53fafbe5-9e9c-4858-bd91-f24f58dd5e90,DASHER_01070,2022-07-01 23:07:00,2022-07-01,2022-07-01,2022,23,Friday,26,20.0,-6.0,True,39.39,1.34,delivered,True
650441eb-df8a-4163-bc5b-40ee27540b99,9e2a4f1e-b7b1-42b9-a92d-0e65fc927cb6,DASHER_01047,2024-12-19 22:49:00,2024-12-19,2024-12-01,2024,22,Thursday,38,63.0,25.0,False,8.0,6.83,delivered,True
97cb58eb-c6ee-4b2e-b502-0b50cfa7daf5,a6c321e6-6af2-431d-960a-89b09dc596c5,DASHER_00320,2023-10-30 23:17:00,2023-10-30,2023-10-01,2023,23,Monday,25,22.0,-3.0,True,21.01,5.01,delivered,True
8b54717b-b6eb-4f9c-a7ec-229fcc5e93aa,b83768f6-15a1-4848-bc82-9b98bfc748c2,DASHER_00540,2024-12-16 14:17:00,2024-12-16,2024-12-01,2024,14,Monday,34,28.0,-6.0,True,32.03,7.98,delivered,True
d0d06df3-18d5-46ed-b04c-7681f977428b,208263ca-559a-47b8-8c41-c91c311739c6,DASHER_02693,2023-02-13 20:31:00,2023-02-13,2023-02-01,2023,20,Monday,29,11.0,-18.0,True,38.75,2.51,delivered,True
011df4e9-ff52-4539-a32a-bd4e16edee1f,e2c5120f-4685-4868-a145-2da148452a59,DASHER_03303,2022-05-05 02:35:00,2022-05-05,2022-05-01,2022,2,Thursday,35,26.0,-9.0,True,27.15,4.16,delivered,True
1854bef6-6329-44a6-b788-1335743c1036,e9d31913-cbd1-469b-aa07-619b549bfdb4,DASHER_00993,2022-08-16 18:00:00,2022-08-16,2022-08-01,2022,18,Tuesday,24,23.0,-1.0,True,28.3,1.01,delivered,True
79e46249-f640-4620-8779-7947070bc4e8,abadbe72-251b-4bc9-9985-95a2e42f872f,DASHER_04050,2022-07-09 14:48:00,2022-07-09,2022-07-01,2022,14,Saturday,43,43.0,0.0,True,19.89,2.4,delivered,True
4a2febe8-529b-45f3-a703-6ac161fcb0f8,4a789bba-853f-45f5-9726-4e9ea0b6e79f,DASHER_00366,2024-07-24 20:37:00,2024-07-24,2024-07-01,2024,20,Wednesday,26,10.0,-25.0,True,14.2,6.12,delivered,True
86007e54-54ed-4daf-9f14-99241326dcdc,d7ef7662-a859-44a0-b209-c2b4f7d820ac,DASHER_03483,2023-09-07 17:53:00,2023-09-07,2023-09-01,2023,17,Thursday,41,68.0,27.0,False,17.62,4.35,delivered,True
72e5d4e6-0514-46d9-8422-d8b9c7839f98,3408e807-ef69-4f3f-99db-e52f344a5898,DASHER_04829,2023-06-13 14:02:00,2023-06-13,2023-06-01,2023,14,Tuesday,52,60.0,8.0,False,8.0,2.73,delivered,True
b2a39501-6bab-43a1-a74d-85cd0e4f3531,0d069d96-4d81-4a89-a77f-b7ca1c1cc1e3,DASHER_04287,2022-09-01 21:46:00,2022-09-01,2022-09-01,2022,21,Thursday,33,48.0,15.0,False,8.0,7.17,delivered,True
55e6946e-c006-46da-84c6-e6f40c2b5cfb,6e46022b-39d2-4802-8f37-7536d98e3cf7,DASHER_01159,2023-10-14 07:38:00,2023-10-14,2023-10-01,2023,7,Saturday,27,24.0,-3.0,True,30.73,3.15,delivered,True
c689ca8b-13ae-4b89-8caa-782803940b1b,0ffbece7-b236-4383-b170-ef0e5fb8b7cc,DASHER_02653,2022-02-07 09:16:00,2022-02-07,2022-02-01,2022,9,Monday,15,21.0,6.0,False,8.0,6.33,delivered,True
114bf469-b388-46e3-8162-f1e7dcb36271,b2d4b6cf-b248-43e2-b630-98b0af95fae7,DASHER_02051,2023-07-23 14:01:00,2023-07-23,2023-07-01,2023,14,Sunday,27,30.0,3.0,True,21.93,2.9,delivered,True
ccdcb842-3b9a-4441-888a-f0c7f7504382,e85c5921-e799-441c-b48b-9fc3aac2cea7,DASHER_00131,2024-04-08 15:09:00,2024-04-08,2024-04-01,2024,15,Monday,51,50.0,-1.0,True,21.93,6.66,delivered,True
e4e2dfe2-9a5a-4efa-a814-510a09216419,7c5516a0-b640-4b18-9d97-dd6e4a5c9549,DASHER_02367,2022-07-07 19:09:00,2022-07-07,2022-07-01,2022,19,Thursday,45,37.0,-8.0,True,36.86,7.22,delivered,True
bd1a193e-f95e-419a-a693-34e529c886bc,224cfd3c-eb69-439d-a255-76d9187b81d4,DASHER_01113,2022-10-16 03:22:00,2022-10-16,2022-10-01,2022,3,Sunday,34,30.0,-4.0,True,28.47,4.26,delivered,True
d9cdffac-f045-4f3d-b799-91f3bb2721e6,2549f2c0-a7be-441b-bc18-4d5ef5545514,DASHER_03722,2024-01-05 18:12:00,2024-01-05,2024-01-01,2024,18,Friday,30,33.0,3.0,True,40.96,2.11,delivered,True
00fe7142-a7b0-4d76-ae4d-aec91f3c8d3c,49b12efa-709b-4020-bc9b-4a0716ced325,DASHER_00951,2022-07-13 23:35:00,2022-07-13,2022-07-01,2022,23,Wednesday,35,49.0,14.0,False,22.68,5.8,delivered,True
71f4ee2d-d2e0-47e8-bbdf-d9d90758e186,a5e885c6-6194-4ade-bd6c-69ea4457dd6b,DASHER_03256,2022-05-23 18:50:00,2022-05-23,2022-05-01,2022,18,Monday,30,23.0,-7.0,True,31.37,4.24,delivered,True
5c4827ad-8d10-4df9-a736-3f7fd0b4a370,04f7ef18-da41-42e9-bea1-4497da753c6f,DASHER_01984,2022-12-21 10:16:00,2022-12-21,2022-12-01,2022,10,Wednesday,36,34.0,-2.0,True,29.96,4.65,delivered,True
a3ff7715-5d97-466c-81cc-8015f29c7107,1450b992-ae40-4f08-ac9b-181ed7f32aba,DASHER_01041,2024-07-27 07:05:00,2024-07-27,2024-07-01,2024,7,Saturday,32,13.0,-19.0,True,8.0,5.38,delivered,True
c4729c8c-6a9e-441d-a749-9cddc684b044,c9b1e53e-1290-451e-a352-412069e5b535,DASHER_03065,2022-05-21 13:08:00,2022-05-21,2022-05-01,2022,13,Saturday,24,49.0,25.0,False,34.46,1.07,delivered,True
922e3acf-7dbf-4bd0-9c76-82ded5b43bee,910b41fd-a21e-4dd9-9665-7b6ff0c9c9eb,DASHER_02118,2024-05-29 15:20:00,2024-05-29,2024-05-01,2024,15,Wednesday,37,58.0,21.0,False,19.33,7.78,delivered,True
43a60a14-f4ec-4eea-aa09-a109a10569ec,a23bdf06-826b-46d3-aecf-fa30a6adb893,DASHER_02456,2023-09-18 19:57:00,2023-09-18,2023-09-01,2023,19,Monday,46,53.0,7.0,False,41.22,3.67,delivered,True
66b48634-e37d-45df-b4aa-64ad9a8bb358,862a54b4-7ff5-45f3-9f0c-953a0e33aef4,DASHER_01679,2022-02-21 07:05:00,2022-02-21,2022-02-01,2022,7,Monday,34,35.0,1.0,True,41.07,6.91,delivered,True
152433a3-d465-411e-89b8-10d74894c180,5109fef4-02bc-492d-9978-dc92e48e1b22,DASHER_01385,2023-06-16 10:35:00,2023-06-16,2023-06-01,2023,10,Friday,33,37.0,4.0,True,26.99,2.13,delivered,True
0ad13f0f-10a8-4f1c-a837-67833183154c,8a80de20-3565-4768-b4a2-6d164e685ea7,DASHER_03229,2023-10-13 20:47:00,2023-10-13,2023-10-01,2023,20,Friday,28,10.0,-20.0,True,27.25,3.73,delivered,True
6103976e-b419-4035-97eb-ffe548c33cbc,63d2ce80-78e4-40e8-bb28-2660e37dba3d,DASHER_01250,2024-05-06 19:24:00,2024-05-06,2024-05-01,2024,19,Monday,35,60.0,25.0,False,14.68,6.98,delivered,True
c6d5a674-6705-4879-87b1-547afec18b96,a23bdf06-826b-46d3-aecf-fa30a6adb893,DASHER_04471,2023-07-20 23:59:00,2023-07-20,2023-07-01,2023,23,Thursday,28,20.0,-8.0,True,8.0,2.88,delivered,True
7983559e-0ba1-4068-9868-6f82f5dc64ea,656e2e08-057d-4130-90cd-992bda818642,DASHER_02962,2023-08-24 16:53:00,2023-08-24,2023-08-01,2023,16,Thursday,40,46.0,6.0,False,32.79,1.1,delivered,True
42a1d16e-4824-45fe-9d01-dde31b33046d,901b06bd-5339-4bb0-b5d2-78035a45a787,DASHER_01192,2024-04-25 23:06:00,2024-04-25,2024-04-01,2024,23,Thursday,37,28.0,-9.0,True,37.66,2.89,delivered,True
217bd2b3-3e64-45bd-9f57-de0bc0eaa66c,d7ef7662-a859-44a0-b209-c2b4f7d820ac,DASHER_01248,2023-03-06 12:19:00,2023-03-06,2023-03-01,2023,12,Monday,39,36.0,-3.0,True,8.0,7.62,delivered,True
4de9deee-2973-427a-9065-d71dc1203ed2,8416128e-8127-4e26-b728-0374197fdb17,DASHER_02918,2022-11-05 07:50:00,2022-11-05,2022-11-01,2022,7,Saturday,24,10.0,-17.0,True,34.47,6.49,delivered,True
afc7e25e-ac48-453f-bf9e-5b3a3951d1b9,100ed743-c4e6-438e-888c-e614efb05f1f,DASHER_01013,2022-02-05 22:42:00,2022-02-05,2022-02-01,2022,22,Saturday,40,33.0,-7.0,True,8.0,1.7,delivered,True
5cc700b6-6cb1-4ab3-809a-29b590708eaf,aab54cce-bd91-4d6c-941d-dfffc8108b7d,DASHER_03514,2024-10-06 20:34:00,2024-10-06,2024-10-01,2024,20,Sunday,25,21.0,-4.0,True,29.61,5.73,delivered,True
86aa69ca-2b35-45b4-8fed-dd39d0e3bcfa,b42d7de1-3ada-44a9-9689-75bae3bfed7f,DASHER_02271,2023-08-12 16:55:00,2023-08-12,2023-08-01,2023,16,Saturday,40,33.0,-7.0,True,28.34,5.1,delivered,True
2a92f9ce-27f0-4baa-aeff-048030b989bb,398417a5-e54e-485a-92f6-f3d8ee147623,DASHER_00805,2024-05-09 17:25:00,2024-05-09,2024-05-01,2024,17,Thursday,21,,,,47.68,2.26,cancelled,True
4bb10251-7ac5-4743-bf47-a9ea4acafba9,c2a67327-89ce-41b2-aac9-4150f886efcc,DASHER_01527,2022-11-26 20:23:00,2022-11-26,2022-11-01,2022,20,Saturday,15,10.0,-6.0,True,48.84,2.72,delivered,True
47cfec1d-05ab-4eec-a6d4-70faf1909443,caee2cf1-dc31-4f24-995e-e658c409237e,DASHER_00034,2022-03-02 08:25:00,2022-03-02,2022-03-01,2022,8,Wednesday,45,50.0,5.0,True,33.47,1.99,delivered,True
54a597c5-f40e-4fd1-89f7-427185bb6f96,761c8834-a68b-4234-848d-435ac19b1e50,DASHER_04871,2024-10-31 14:03:00,2024-10-31,2024-10-01,2024,14,Thursday,29,30.0,1.0,True,33.65,4.12,delivered,True
769ad9a8-fa3c-40ff-be26-1253dbce5a2b,58859cfc-feae-425b-a0db-eddce39ea1cd,DASHER_03889,2022-04-12 07:51:00,2022-04-12,2022-04-01,2022,7,Tuesday,31,58.0,27.0,False,32.81,6.24,delivered,True
945d68ae-9a5e-4553-b588-c7dbdf8886ba,7295fd65-f87f-46d0-952b-23e3bad9fab5,DASHER_00859,2024-10-13 20:37:00,2024-10-13,2024-10-01,2024,20,Sunday,29,37.0,8.0,False,8.0,7.18,delivered,True
90cd5552-2231-441d-9279-93610d4e5761,507ee648-1869-4188-ab66-947ca2263c4d,DASHER_00417,2024-03-05 21:09:00,2024-03-05,2024-03-01,2024,21,Tuesday,36,10.0,-28.0,True,26.45,5.06,delivered,True
63d24f2f-863e-4423-95f7-2205a9b24d26,e4a666aa-a07f-4de0-bb19-4508fa0d339f,DASHER_00077,2023-08-07 21:40:00,2023-08-07,2023-08-01,2023,21,Monday,28,14.0,-14.0,True,32.3,5.39,delivered,True
7f1c9dd9-d876-4a5f-91a1-31c80f6f1997,fa153ba5-f96d-41fd-8444-4563a70747d3,DASHER_00185,2022-06-07 10:28:00,2022-06-07,2022-06-01,2022,10,Tuesday,31,40.0,9.0,False,19.58,4.69,delivered,True
0a708613-b8d7-4bd2-9c0e-108b9707232d,f9fb31b0-68aa-46e7-8742-e1a42b9f7cb8,DASHER_01857,2024-06-27 17:00:00,2024-06-27,2024-06-01,2024,17,Thursday,35,15.0,-20.0,True,33.12,4.27,delivered,True
7a211731-78a4-4e0c-b842-374e27ef29e3,90218675-5376-43e2-8431-b834fd1263af,DASHER_01266,2024-04-30 07:01:00,2024-04-30,2024-04-01,2024,7,Tuesday,25,21.0,-4.0,True,35.42,5.16,delivered,True
6e6c78fb-8ac8-4fb3-83c1-5ff169bae10e,c6224fc5-bb62-4943-80ba-02e68bb8b2a8,DASHER_01857,2024-02-26 11:31:00,2024-02-26,2024-02-01,2024,11,Monday,38,40.0,2.0,True,10.15,1.27,delivered,True
21a3daf6-b251-4b7d-b5cb-eda8be6c7367,734b7915-f4bd-4fb5-b71f-78b73b81fb9e,DASHER_00122,2024-05-08 17:06:00,2024-05-08,2024-05-01,2024,17,Wednesday,35,35.0,0.0,True,17.52,3.55,delivered,True
7250a732-4a7b-4562-a43d-6ad2ad0a7985,19d8e326-57ae-4ac6-8d2f-75b70663f597,DASHER_02401,2023-12-22 16:32:00,2023-12-22,2023-12-01,2023,16,Friday,23,30.0,7.0,False,30.3,2.35,delivered,True
66d281dd-221e-4ad7-9c9b-ed2b9e526287,6e130b69-ef43-48cc-b82e-2826fd9fef9a,DASHER_04792,2022-10-04 10:25:00,2022-10-04,2022-10-01,2022,10,Tuesday,39,38.0,-1.0,True,74.62,5.21,delivered,True
0b601bd6-9ea2-473e-b319-79063f316bcd,f8d99549-8d72-4082-983a-1f2818150e72,DASHER_03624,2024-02-23 17:54:00,2024-02-23,2024-02-01,2024,17,Friday,40,29.0,-11.0,True,32.64,5.77,delivered,True
e3de1bcf-48aa-42ac-bc6e-0b9003195ff7,a1adf48d-e0a0-4e19-90b8-607a4613fdc2,DASHER_02987,2024-01-01 06:39:00,2024-01-01,2024-01-01,2024,6,Monday,32,24.0,-8.0,True,16.88,7.59,delivered,True
96da398f-d20e-4e2f-9a7d-3827c6a69155,84e63912-413d-4c1c-a621-e8e5b64ade3f,DASHER_03181,2022-07-03 12:47:00,2022-07-03,2022-07-01,2022,12,Sunday,17,26.0,9.0,False,38.67,1.5,delivered,True
92d215e7-8ced-4e03-aaee-543c7308b232,87fb6a41-ec8c-43da-a725-6c71b5607535,DASHER_04281,2024-09-10 22:13:00,2024-09-10,2024-09-01,2024,22,Tuesday,35,38.0,3.0,True,31.85,2.09,delivered,True
a766e26a-5b9e-4d02-adcf-5290cecd2c2c,81187d03-4226-4c7a-9142-5c25a08a26da,DASHER_02363,2023-03-10 19:44:00,2023-03-10,2023-03-01,2023,19,Friday,18,29.0,11.0,False,40.61,4.78,delivered,True
94b4b7cf-f041-407a-b97e-65470bac3668,a88afc7e-0cac-457d-be98-bdb5474e37a9,DASHER_04920,2023-08-23 16:14:00,2023-08-23,2023-08-01,2023,16,Wednesday,41,42.0,1.0,True,30.65,1.1,delivered,True
8f09ee72-2fac-4a30-8aef-21eb2eb1784f,1e2b59d6-d5c8-4858-8471-365f7b7165c0,DASHER_04506,2023-04-14 04:06:00,2023-04-14,2023-04-01,2023,4,Friday,32,29.0,-3.0,True,32.75,7.91,delivered,True
6e153071-b38a-4c10-a9cc-17a32f3f1bdf,9b419214-de50-4457-bcf5-3e839f13b477,DASHER_02703,2023-08-19 14:50:00,2023-08-19,2023-08-01,2023,14,Saturday,35,52.0,17.0,False,30.56,1.64,delivered,True
64e33f62-9221-4952-b67a-428101268482,e3d227b5-2b27-4e8c-aaff-d99ca9887532,DASHER_01273,2023-10-30 01:07:00,2023-10-30,2023-10-01,2023,1,Monday,45,52.0,7.0,False,20.27,4.42,delivered,True
4f54da2f-474f-437b-afca-ffe0f5b76843,43b9b9bd-5ee1-416b-8d9f-041d4e762f71,DASHER_00910,2024-05-19 21:07:00,2024-05-19,2024-05-01,2024,21,Sunday,32,40.0,8.0,False,45.3,7.33,delivered,True
1cf97674-417a-4b76-9a93-4dbf1a14b3df,fe2a4fb5-d947-46d0-8ad1-3337a6b03e9c,DASHER_04150,2024-10-06 12:06:00,2024-10-06,2024-10-01,2024,12,Sunday,45,55.0,10.0,False,43.49,1.68,delivered,True
f5c36dd9-c2ef-4b6c-8897-438f63e54f4c,578b3eac-363e-41f5-8e9d-10a9878fa709,DASHER_04903,2024-01-12 11:24:00,2024-01-12,2024-01-01,2024,11,Friday,41,28.0,-13.0,True,18.04,3.67,delivered,True
12c39a4c-827b-4d98-abf4-31a0dac3ad69,8c6a6762-1042-4f85-a930-2a22a30e7e41,DASHER_02295,2022-11-11 12:18:00,2022-11-11,2022-11-01,2022,12,Friday,36,18.0,-18.0,True,38.23,3.95,delivered,True
0068af95-573d-41ac-ac82-c50042e40763,0ffbece7-b236-4383-b170-ef0e5fb8b7cc,DASHER_00500,2024-08-05 16:02:00,2024-08-05,2024-08-01,2024,16,Monday,29,,,,36.28,3.52,cancelled,True
566bb949-3d0e-4f55-93f6-f5cc559f60b9,590aee83-b720-448e-b3f2-4a8570d03160,DASHER_00501,2023-06-24 20:30:00,2023-06-24,2023-06-01,2023,20,Saturday,27,11.0,-16.0,True,24.27,2.51,delivered,True
cd5c3c87-fff5-46be-8f73-6a59f5310e41,dd754afa-4305-4930-afba-9ff5469328c0,DASHER_00597,2024-09-23 12:14:00,2024-09-23,2024-09-01,2024,12,Monday,21,18.0,-3.0,True,38.06,3.26,delivered,True
f58697a0-123f-4516-b603-53d08263127f,8c336c58-76a2-4012-821c-b804b4f42843,DASHER_03231,2024-07-29 19:24:00,2024-07-29,2024-07-01,2024,19,Monday,27,41.0,14.0,False,34.44,5.79,delivered,True
af58f824-d414-4bd2-a186-d451b0a7780a,7295fd65-f87f-46d0-952b-23e3bad9fab5,DASHER_03675,2024-04-04 23:57:00,2024-04-04,2024-04-01,2024,23,Thursday,25,29.0,4.0,True,18.63,1.06,delivered,True
ff3b774e-7359-4f4a-baa6-8a02a92024c5,717f5a9c-c8d2-4626-bfc9-95c5c295726e,DASHER_02771,2024-02-12 19:09:00,2024-02-12,2024-02-01,2024,19,Monday,38,34.0,-4.0,True,29.27,2.45,delivered,True
b15cf23a-ffdb-4a36-8436-c82f400d6c39,16409aa4-e312-4c5a-959e-8146e2477e04,DASHER_03532,2024-04-01 16:44:00,2024-04-01,2024-04-01,2024,16,Monday,42,54.0,12.0,False,23.52,5.24,delivered,True
470ae65f-c35d-45a9-a0d9-862307d2f0e0,959ee339-0172-4d60-94ab-2121e6e90357,DASHER_03222,2024-04-12 21:44:00,2024-04-12,2024-04-01,2024,21,Friday,20,29.0,9.0,False,30.71,5.13,delivered,True
64a0d955-fd9c-4b37-a0c3-a1c1a88cb87a,16443fd7-b809-4258-82a0-d3f26a944729,DASHER_02841,2023-04-24 09:44:00,2023-04-24,2023-04-01,2023,9,Monday,31,40.0,9.0,False,33.94,7.6,delivered,True
5a0d64f7-f98b-4080-bd4f-0eb476bc4725,5ba59135-08cf-4bdd-88ef-71a4e0a687d2,DASHER_03681,2022-10-24 16:36:00,2022-10-24,2022-10-01,2022,16,Monday,23,19.0,-4.0,True,31.59,3.99,delivered,True
336c44f6-9455-4ad1-97e9-6d3ea85356da,ba635572-003c-4c78-8e49-b10d37d3cb89,DASHER_00473,2023-06-12 20:20:00,2023-06-12,2023-06-01,2023,20,Monday,39,55.0,16.0,False,27.03,7.16,delivered,True
e397283e-cb42-4cea-8ced-0eb6c43eb603,fec37f86-aa4f-4db4-9265-1d75f06af877,DASHER_00226,2024-10-20 19:22:00,2024-10-20,2024-10-01,2024,19,Sunday,25,25.0,0.0,True,44.55,2.68,delivered,True
6c13251c-ee0f-41dd-ae59-c78bb88800eb,0616afaf-dcdd-4e7d-8181-6c6fd8f47fe9,DASHER_01066,2024-12-15 11:54:00,2024-12-15,2024-12-01,2024,11,Sunday,37,44.0,7.0,False,18.7,1.41,delivered,True
81e0adf3-9297-4065-a1c8-bfa93cef26c1,ecb30a9a-b276-4623-9a3f-d53ec3308349,DASHER_03807,2022-12-27 09:41:00,2022-12-27,2022-12-01,2022,9,Tuesday,36,39.0,3.0,True,34.09,6.8,delivered,True
d93a0247-e9d0-4498-8ddb-518fcbc83bf8,ec5f75bb-f14b-4e7e-8a0f-75cdc2b8e8b5,DASHER_02412,2024-09-30 15:07:00,2024-09-30,2024-09-01,2024,15,Monday,38,37.0,-1.0,True,45.54,3.59,delivered,True
75c140a9-d3de-4754-a201-aa6fc8848daf,303af62e-f957-4b8b-9228-308828fd0474,DASHER_00848,2023-08-15 11:35:00,2023-08-15,2023-08-01,2023,11,Tuesday,48,,,,39.29,6.84,cancelled,True
0245366f-ba62-428f-9f28-94ee40835013,c7dae061-4e20-4b09-8a64-bbdef93429bb,DASHER_03385,2022-01-17 10:54:00,2022-01-17,2022-01-01,2022,10,Monday,36,29.0,-7.0,True,71.6,6.55,delivered,True
ecc9ef27-7958-4fd4-a98e-b77e1dfd7243,2dac13d6-b673-4d7b-a3b3-275830b6ea60,DASHER_00634,2022-01-29 07:56:00,2022-01-29,2022-01-01,2022,7,Saturday,34,33.0,-1.0,True,50.98,1.41,delivered,True
b62a5a7c-d081-4d92-bc29-f7ed7cdc49e6,ff8d8391-553e-4a5b-8883-1a51e8420693,DASHER_00658,2022-02-21 21:28:00,2022-02-21,2022-02-01,2022,21,Monday,18,,,,20.53,7.2,cancelled,True
3121a9fa-a427-4556-a603-c3dd7823d55f,d10cd1f8-aded-4019-b136-7d7fe8aaf343,DASHER_01513,2022-03-22 21:43:00,2022-03-22,2022-03-01,2022,21,Tuesday,38,41.0,3.0,True,28.76,3.88,delivered,True
3593d8ea-b777-4a16-a5b3-d97fbdc40789,f4a76288-da53-439e-aa64-d1e98a00e26c,DASHER_03609,2024-07-28 09:58:00,2024-07-28,2024-07-01,2024,9,Sunday,33,48.0,15.0,False,35.0,4.1,delivered,True
6356a96d-8256-436b-8862-666f1a41e45b,0f04faf4-392e-452d-b9ce-ec184e8cf520,DASHER_02663,2023-05-10 22:00:00,2023-05-10,2023-05-01,2023,22,Wednesday,40,,,,19.13,2.81,cancelled,True
d1d3127a-b3c4-4856-ae39-a4833bfd6d94,3676ce48-4d9e-4aee-86a1-16121f7866d1,DASHER_04944,2022-11-17 21:39:00,2022-11-17,2022-11-01,2022,21,Thursday,33,12.0,-21.0,True,32.46,1.88,delivered,True
df05ec6a-490d-47a6-898c-c17fc3d12480,e3318012-c473-4418-ae10-5a95862630dd,DASHER_00965,2022-11-20 23:31:00,2022-11-20,2022-11-01,2022,23,Sunday,45,55.0,10.0,False,55.49,6.75,delivered,True
ed932555-d5f9-4cd9-9994-22c621b873b8,2cf1ec82-2930-4d7e-a2d4-3d3ffc5a5cc1,DASHER_01027,2023-04-01 13:03:00,2023-04-01,2023-04-01,2023,13,Saturday,30,49.0,19.0,False,40.06,4.16,delivered,True
4a21ba4d-c448-4799-876b-e33e873a0009,d9f36ab0-0b26-4264-a4b9-812794fa309b,DASHER_04817,2023-11-10 20:29:00,2023-11-10,2023-11-01,2023,20,Friday,23,32.0,9.0,False,14.07,4.41,delivered,True
9fbc881e-5556-42c4-85c9-904d9585bf56,e146995b-fa5c-4338-b38c-43cf9ea70e2b,DASHER_00022,2024-02-05 02:46:00,2024-02-05,2024-02-01,2024,2,Monday,50,50.0,0.0,True,13.2,3.53,delivered,True
60bfa490-dbab-463b-9c76-0700ce99d059,8a0e4abe-d4d7-45a7-8f90-dc4234226a9b,DASHER_00846,2024-04-25 21:01:00,2024-04-25,2024-04-01,2024,21,Thursday,39,46.0,7.0,False,44.99,4.95,delivered,True
a7de565b-1abf-473b-aa3a-353330cc1835,352a8931-cee8-43b6-bfa5-f4ad5c9bfb69,DASHER_02451,2022-12-18 18:10:00,2022-12-18,2022-12-01,2022,18,Sunday,36,40.0,4.0,True,36.67,1.22,delivered,True
4c1a994e-757c-4eab-904d-0f4d1aef143a,4137093d-5da6-4fd0-a3a8-95258d6a3b72,DASHER_01576,2023-06-15 17:58:00,2023-06-15,2023-06-01,2023,17,Thursday,31,39.0,8.0,False,30.81,2.72,delivered,True
e24160ce-b695-4dab-9095-60d9dd05b86e,73d446f4-68e5-41cd-a40d-35c9d77e55a4,DASHER_02714,2022-12-21 00:10:00,2022-12-21,2022-12-01,2022,0,Wednesday,35,39.0,4.0,True,8.0,1.78,delivered,True
0f00e868-3e10-4f41-9479-885147b8c940,96319705-637d-48ce-9de5-1b8c07d551f6,DASHER_03316,2023-04-09 23:18:00,2023-04-09,2023-04-01,2023,23,Sunday,52,43.0,-9.0,True,49.52,5.06,delivered,True
3b343967-6bdc-4979-b069-b56e10ede775,b171a987-18e0-4143-a3ac-73f04e51154c,DASHER_01328,2023-08-07 19:13:00,2023-08-07,2023-08-01,2023,19,Monday,25,11.0,-14.0,True,25.38,7.42,delivered,True
071e0b26-0e24-41c3-a35b-4f780e3d886a,1ef06c79-f04d-4de2-987a-32f006d45dbd,DASHER_01888,2024-05-23 08:51:00,2024-05-23,2024-05-01,2024,8,Thursday,40,30.0,-10.0,True,25.28,1.85,delivered,True
59541f77-d360-4596-b0ff-65bd04c26ead,fc84acc2-7d51-43b6-9a34-320ae65bd4b4,DASHER_04902,2023-07-06 20:05:00,2023-07-06,2023-07-01,2023,20,Thursday,40,53.0,13.0,False,8.0,5.27,delivered,True
0a97b5e7-f6fa-4ca1-bf35-88be58a4c37f,71895e3a-9fce-476d-a163-6b93020d207a,DASHER_03941,2022-10-02 22:07:00,2022-10-02,2022-10-01,2022,22,Sunday,45,64.0,19.0,False,59.1,4.21,delivered,True
ca69a2fe-fcb3-4135-929a-1b2de69d2f07,1ff0321c-7fbe-4445-b1f0-4fa06ee52a6c,DASHER_02197,2024-02-01 11:04:00,2024-02-01,2024-02-01,2024,11,Thursday,41,35.0,-6.0,True,16.23,7.3,delivered,True
cac1e715-308e-4bb2-b44c-c65167e8987d,49f41eac-97cc-4967-8673-3aa31e2cfc99,DASHER_01876,2023-12-02 18:50:00,2023-12-02,2023-12-01,2023,18,Saturday,26,31.0,5.0,True,33.11,1.69,delivered,True
118ad824-0842-41e9-9f65-33dacbbf5bdb,9b90b1a9-c571-443b-9d73-e81c1adf9bc4,DASHER_02609,2024-02-02 10:25:00,2024-02-02,2024-02-01,2024,10,Friday,40,49.0,9.0,False,45.6,5.4,delivered,True
4676f853-2526-43c9-8978-59116d15c032,166c4f60-ee78-432b-8fcf-7cb3effa9d96,DASHER_03487,2024-03-27 11:06:00,2024-03-27,2024-03-01,2024,11,Wednesday,47,,,,23.51,1.83,cancelled,True
487ea434-82ea-4c89-86d4-ffe04fee348d,fe223133-da99-40aa-a11b-ba60e4dffca6,DASHER_02200,2023-04-14 02:36:00,2023-04-14,2023-04-01,2023,2,Friday,25,16.0,-9.0,True,25.24,1.42,delivered,True
8ea49dd9-4c0e-4c2b-b27a-9f2692e63148,c214b78c-a14f-4770-a416-b47ea798c754,DASHER_02603,2022-12-07 19:04:00,2022-12-07,2022-12-01,2022,19,Wednesday,38,33.0,-5.0,True,37.12,1.65,delivered,True
421a55a3-af2d-4ff2-82d7-2983e93f1d8a,83315ede-7778-44a5-b680-1030fcc1e342,DASHER_00404,2023-03-06 19:08:00,2023-03-06,2023-03-01,2023,19,Monday,44,54.0,10.0,False,12.4,7.41,delivered,True
d263dfbe-fcd4-4359-a03d-8de5d1ca56de,aa743637-010b-4033-9774-3e2e956bf8b5,DASHER_02058,2024-08-02 18:16:00,2024-08-02,2024-08-01,2024,18,Friday,34,10.0,-31.0,True,37.05,7.01,delivered,True
5b8cfdfd-0390-4a00-b2ad-a02c34744212,5c101545-3842-45e6-8501-5067e2dfd285,DASHER_02632,2022-11-11 23:32:00,2022-11-11,2022-11-01,2022,23,Friday,22,17.0,-5.0,True,22.77,1.76,delivered,True
c2dac417-5b22-4c75-b583-6c08b9be1f74,b8436708-7752-4b82-a942-fedc2b1f7e88,DASHER_04036,2023-01-05 19:00:00,2023-01-05,2023-01-01,2023,19,Thursday,25,21.0,-4.0,True,46.25,5.43,delivered,True
221dbbae-39c9-4c1c-80b3-70450d7f844a,26ad685f-907b-44ce-857e-74e92833aa77,DASHER_03522,2023-02-11 22:56:00,2023-02-11,2023-02-01,2023,22,Saturday,35,42.0,7.0,False,19.89,5.31,delivered,True
1f6e3fed-a892-4719-a2db-1b7c8bdba830,a62743cb-31b2-406d-9922-1e5e8d6fab4f,DASHER_00469,2022-04-28 09:29:00,2022-04-28,2022-04-01,2022,9,Thursday,40,37.0,-3.0,True,8.0,7.17,delivered,True
81ceac9b-3e0a-4a9e-90e3-dff4a422b577,dd0f799b-5a70-4977-aca2-8ae9e78e2d2f,DASHER_04435,2023-11-15 18:50:00,2023-11-15,2023-11-01,2023,18,Wednesday,37,18.0,-19.0,True,40.72,5.89,delivered,True
a2d51b51-04d8-4702-80e6-35bbd0ed7d25,4593da83-60cd-428b-b83e-5863f670c3c7,DASHER_01026,2024-09-05 08:50:00,2024-09-05,2024-09-01,2024,8,Thursday,47,56.0,9.0,False,50.2,5.6,delivered,True
c722a955-992f-49ff-ac1f-b1ef543d3f1a,6652b67b-f609-4dfb-832f-f66d00bf8199,DASHER_03057,2022-12-11 13:59:00,2022-12-11,2022-12-01,2022,13,Sunday,37,57.0,20.0,False,45.94,2.17,delivered,True
2d9a6a52-c9ff-4801-95c3-ed27c55b080f,71845b05-af78-4ceb-952f-03440883113c,DASHER_03323,2022-11-22 09:55:00,2022-11-22,2022-11-01,2022,9,Tuesday,40,29.0,-11.0,True,48.82,2.17,delivered,True
4f00165f-fffa-40dd-bbcd-a6188e11982e,f2927dab-0f8c-414f-9461-07faf4129038,DASHER_00104,2023-09-07 15:35:00,2023-09-07,2023-09-01,2023,15,Thursday,25,33.0,8.0,False,59.0,6.54,delivered,True
dcc5b16a-3e7c-4fc7-a23a-8a97bcd7b4f8,51d04985-c7e0-44d3-ba43-1f529b5891fd,DASHER_00110,2023-05-19 22:05:00,2023-05-19,2023-05-01,2023,22,Friday,45,42.0,-3.0,True,47.54,5.23,delivered,True
48c5fd24-80f8-4f10-ba3f-adfcec2abf72,979b061e-4ac6-4950-856e-fbff493b027a,DASHER_02148,2024-05-05 14:53:00,2024-05-05,2024-05-01,2024,14,Sunday,34,31.0,-3.0,True,56.09,6.79,delivered,True
1dc96ec5-69f2-418e-8aa6-84cba5772814,e67dd971-4c9b-4e57-a087-bb6900673931,DASHER_00322,2022-04-18 22:23:00,2022-04-18,2022-04-01,2022,22,Monday,26,20.0,-6.0,True,32.57,1.12,delivered,True
bb892991-22fb-4581-b6a4-9be9b8680280,5004a095-c3c5-4b0f-bfe6-820a44f2ec23,DASHER_01644,2023-04-20 18:03:00,2023-04-20,2023-04-01,2023,18,Thursday,34,29.0,-5.0,True,19.4,2.11,delivered,True
251c31de-7af2-4932-b9ce-973c274a596a,b41f1f3d-86c1-4582-b300-6f2e629c1d68,DASHER_00174,2024-08-07 07:37:00,2024-08-07,2024-08-01,2024,7,Wednesday,33,37.0,4.0,True,57.38,7.51,delivered,True
c8020b9e-4375-4524-90a2-5c289ce898bf,65432ce1-fe52-4c25-8191-61ed50e30362,DASHER_03424,2022-10-22 16:42:00,2022-10-22,2022-10-01,2022,16,Saturday,42,44.0,2.0,True,30.95,7.82,delivered,True
b061876f-86af-49cd-b5d2-3138a37422ea,d62440c3-6480-4c98-9cb8-c6714f1808b2,DASHER_04689,2022-09-23 14:13:00,2022-09-23,2022-09-01,2022,14,Friday,32,28.0,-4.0,True,8.0,3.27,delivered,True
1b870eee-cb2f-4517-a6f7-82a1a133961f,7b8cb828-e020-4ec7-b641-4b1f10444111,DASHER_01826,2024-08-06 09:17:00,2024-08-06,2024-08-01,2024,9,Tuesday,27,33.0,6.0,False,23.78,7.06,delivered,True
57155633-854a-420a-b45f-419469b8a044,2fdb9ef6-44c9-4d6f-9ce7-a8aaa5439e22,DASHER_00763,2023-02-10 20:07:00,2023-02-10,2023-02-01,2023,20,Friday,30,58.0,28.0,False,31.25,7.74,delivered,True
2a743883-e6f9-460b-9353-a9fd3215bc41,1e0c843b-bdba-4dd4-a305-74303bac4eef,DASHER_02356,2023-09-06 08:12:00,2023-09-06,2023-09-01,2023,8,Wednesday,33,22.0,-11.0,True,47.07,4.21,delivered,True
16d4d820-3f44-4c44-a791-bde364cd028f,fbf6332c-31b4-4eac-97d8-a4d40398bb35,DASHER_00259,2024-08-08 16:57:00,2024-08-08,2024-08-01,2024,16,Thursday,43,35.0,-8.0,True,37.68,3.94,delivered,True
62cc24be-c8a6-43b2-bdf9-b5baf2f30e0d,e523e5b8-b3f9-4ee9-81b2-e07b8aa0e5d3,DASHER_03510,2023-03-03 20:38:00,2023-03-03,2023-03-01,2023,20,Friday,32,48.0,16.0,False,34.64,7.0,delivered,True
8a6d7648-7042-422d-8b70-e685bf8bd737,71cf2e30-089c-4c47-b392-3b72868df558,DASHER_04625,2022-07-24 17:28:00,2022-07-24,2022-07-01,2022,17,Sunday,26,31.0,5.0,True,29.29,2.31,delivered,True
f849c0c4-ab3b-442a-bf3b-b8cd1ddbc9c8,38f480f9-543e-4094-b660-3ad272866273,DASHER_02184,2023-09-06 19:02:00,2023-09-06,2023-09-01,2023,19,Wednesday,39,33.0,-6.0,True,29.31,4.46,delivered,True
eb08af12-1a41-4583-a5a9-f126d739a573,f8d99549-8d72-4082-983a-1f2818150e72,DASHER_04690,2023-03-25 11:27:00,2023-03-25,2023-03-01,2023,11,Saturday,31,35.0,4.0,True,8.0,2.78,delivered,True
f5981d20-9b14-4732-bfb8-e91b2765cdd3,7ed00303-65f7-4822-8bb3-ea20a7c9f7c2,DASHER_01120,2022-01-23 09:55:00,2022-01-23,2022-01-01,2022,9,Sunday,32,46.0,14.0,False,11.59,2.96,delivered,True
51542e24-4371-4e70-a95b-a8ac1fd83934,e8b9eabb-d56a-499a-baa9-32c7aa302b84,DASHER_00026,2024-08-15 09:33:00,2024-08-15,2024-08-01,2024,9,Thursday,40,23.0,-17.0,True,37.97,5.16,delivered,True
ba50c82d-ae86-4703-a32f-f09f63c15b0f,c6dcddeb-ce50-4190-ae74-d9b8edef74f4,DASHER_01428,2023-04-11 16:21:00,2023-04-11,2023-04-01,2023,16,Tuesday,30,23.0,-7.0,True,48.77,2.63,delivered,True
6eb6d21d-f284-4a81-840c-8c7806b81799,c81b7b7a-10c6-4d0c-9c9e-5f4ede59bc02,DASHER_03500,2022-02-02 21:02:00,2022-02-02,2022-02-01,2022,21,Wednesday,41,34.0,-7.0,True,23.31,1.34,delivered,True
bcdc521f-c591-4398-b00a-5daaaa9f29dd,9d11ebd1-c487-4786-b35c-fa54ba280537,DASHER_04280,2024-09-27 21:40:00,2024-09-27,2024-09-01,2024,21,Friday,31,33.0,2.0,True,27.72,1.35,delivered,True
d63a68a3-44ea-4c6f-a3ff-3a71298de2f7,926c3f48-7732-457e-895f-7ada0b6f8e59,DASHER_03404,2024-02-08 07:48:00,2024-02-08,2024-02-01,2024,7,Thursday,40,24.0,-16.0,True,35.05,2.78,delivered,True
f433ebbe-8531-4e80-bf29-832a153b3c1a,9fd1ac32-40ee-4ecb-8c0d-52de3e07c3eb,DASHER_00550,2024-04-28 21:08:00,2024-04-28,2024-04-01,2024,21,Sunday,31,21.0,-10.0,True,20.01,5.85,delivered,True
db2f58d9-ca58-4c17-982a-36ebd290311a,ba26014e-c55f-4237-bb6e-f24b820912f2,DASHER_03709,2024-11-29 13:33:00,2024-11-29,2024-11-01,2024,13,Friday,39,39.0,0.0,True,8.98,4.32,delivered,True
18e85482-201e-49a2-adf8-28ab573c0879,d97c5d40-0d71-4df7-88db-6df30563b36a,DASHER_03722,2022-12-08 18:07:00,2022-12-08,2022-12-01,2022,18,Thursday,44,45.0,1.0,True,11.66,3.69,delivered,True
c98e9362-a8f6-445f-86f4-22e9db483f5a,8fe4077f-caa8-414c-bc99-ca6604aef6e1,DASHER_00299,2023-08-18 23:23:00,2023-08-18,2023-08-01,2023,23,Friday,22,,,,44.81,2.59,cancelled,True
6616b003-a901-48b4-9e2b-e0f92795a58a,1b140f4b-36b0-4da2-95fc-a341cbc7bf11,DASHER_03957,2023-05-23 15:58:00,2023-05-23,2023-05-01,2023,15,Tuesday,26,32.0,6.0,False,14.84,1.15,delivered,True
d6408685-cb3e-480f-bfd7-65dc94f90941,c3b2f1ea-cf9b-4bf2-b962-e296bc9c24dc,DASHER_01502,2024-04-08 16:50:00,2024-04-08,2024-04-01,2024,16,Monday,25,29.0,4.0,True,23.57,3.93,delivered,True
cc34f977-ddae-484d-8502-dc185ff0052f,f83ba527-0f70-4f16-a702-acf43ab6b06a,DASHER_03703,2024-08-31 22:41:00,2024-08-31,2024-08-01,2024,22,Saturday,34,,,,10.68,3.29,cancelled,True
ec389d25-f705-43fc-bc31-6eac935def50,8416128e-8127-4e26-b728-0374197fdb17,DASHER_01681,2024-10-25 20:43:00,2024-10-25,2024-10-01,2024,20,Friday,34,16.0,-18.0,True,12.32,5.0,delivered,True
37615afa-bc72-4aec-a0ac-ec4492a81944,97b58304-f5c8-433a-b451-208b7b756c15,DASHER_04126,2023-02-23 12:52:00,2023-02-23,2023-02-01,2023,12,Thursday,39,51.0,12.0,False,30.16,1.16,delivered,True
bd6a64aa-d480-451f-963e-1362e6c51a80,2577a528-d2c0-4059-bd47-24a83408c04a,DASHER_04677,2023-10-07 20:40:00,2023-10-07,2023-10-01,2023,20,Saturday,15,14.0,-1.0,True,31.33,1.96,delivered,True
c6b85288-8f2b-4008-bc30-de1547ff1330,0365a1ea-9ca0-435c-9685-3c96fe5c460d,DASHER_00636,2022-08-30 19:03:00,2022-08-30,2022-08-01,2022,19,Tuesday,33,56.0,23.0,False,13.91,6.05,delivered,True
439be4df-89c8-4e96-9ea0-29a09765075b,5317d8c8-53d0-4405-b376-dfe0d224f6b9,DASHER_01334,2022-03-02 14:13:00,2022-03-02,2022-03-01,2022,14,Wednesday,32,33.0,1.0,True,33.42,5.04,delivered,True
496dbdb3-c8ae-4d18-b2eb-ecb8708529ea,4a911a9d-2314-4116-91f3-02e7bc88c4f2,DASHER_00656,2022-01-31 16:51:00,2022-01-31,2022-01-01,2022,16,Monday,30,27.0,-3.0,True,19.47,4.75,delivered,True
9410fabc-ead3-4a34-8fa6-57011713c741,46dfbcd2-f634-47ac-90bd-36d96f4c9cc3,DASHER_01671,2022-11-24 16:35:00,2022-11-24,2022-11-01,2022,16,Thursday,25,35.0,10.0,False,47.73,6.4,delivered,True
0e708a4e-a488-481b-af5e-17fd3f64c08b,b56a66f1-6a1d-48d0-b582-2b0468ac7e60,DASHER_02522,2023-04-23 16:29:00,2023-04-23,2023-04-01,2023,16,Sunday,33,10.0,-27.0,True,21.44,5.1,delivered,True
1916a8d7-e3c8-408b-8349-e556f719c29d,ab4046f1-1817-4bb8-978c-daea86d60329,DASHER_00713,2022-11-20 03:45:00,2022-11-20,2022-11-01,2022,3,Sunday,31,27.0,-4.0,True,11.0,5.71,delivered,True
f5f6978f-5ffd-4d17-9293-cfd2613fae66,36a4b8e6-8dfa-4ea6-998e-4632d8191290,DASHER_02312,2023-05-02 22:19:00,2023-05-02,2023-05-01,2023,22,Tuesday,30,15.0,-15.0,True,16.27,7.84,delivered,True
3a5fbf06-6abc-4758-b035-26438ce35c0f,d0314ecf-fb8d-432b-9100-f2703c6a5e96,DASHER_03597,2024-07-09 02:24:00,2024-07-09,2024-07-01,2024,2,Tuesday,43,40.0,-3.0,True,25.34,2.32,delivered,True
34a093df-156b-4d9d-8f12-9ad1eb308ab7,24491355-10f3-4e66-a703-ddd3186c5d7d,DASHER_04199,2024-01-24 11:38:00,2024-01-24,2024-01-01,2024,11,Wednesday,15,10.0,-5.0,True,27.93,6.49,delivered,True
7123c36d-bfaa-4fd9-8f90-d82717674ee0,34555eeb-5990-4e9d-a876-c79a0263a3e7,DASHER_04413,2022-04-22 19:50:00,2022-04-22,2022-04-01,2022,19,Friday,28,40.0,12.0,False,12.18,1.77,delivered,True
465d3138-1dd2-4ff2-b6f0-ce41889325e6,75096181-875a-44c6-a9de-50fac972054f,DASHER_01816,2024-08-23 16:59:00,2024-08-23,2024-08-01,2024,16,Friday,46,46.0,0.0,True,22.47,5.51,delivered,True
b4159cae-e1da-42ae-bd40-d09fc4feebb7,d910e224-61c9-4140-a64c-618d1dc93073,DASHER_01162,2022-04-17 07:41:00,2022-04-17,2022-04-01,2022,7,Sunday,28,42.0,14.0,False,8.0,7.3,delivered,True
bd93a207-0a1e-4ff8-a826-72f67f449b7c,255cacbc-32c5-46fd-9212-94b42cc0f927,DASHER_00445,2024-11-12 07:00:00,2024-11-12,2024-11-01,2024,7,Tuesday,37,49.0,12.0,False,66.58,3.88,delivered,True
6c5b5b64-fe9a-4b95-b453-c5b6575e738e,89448ab9-6c2e-4220-87ec-74be30da6836,DASHER_04240,2023-09-04 04:56:00,2023-09-04,2023-09-01,2023,4,Monday,26,28.0,2.0,True,29.62,5.47,delivered,True
7403738f-9951-4c55-bd41-18dbc5e4be48,3cf1b0e6-4f16-43b8-bd9a-4a17b34ea3c5,DASHER_01424,2022-05-15 15:25:00,2022-05-15,2022-05-01,2022,15,Sunday,37,42.0,5.0,True,13.54,6.82,delivered,True
88325ed5-ec35-44c2-b7fb-0dc4e7c092bf,255db5b6-f856-4ad9-902a-b189c60e7ede,DASHER_04746,2024-12-14 12:01:00,2024-12-14,2024-12-01,2024,12,Saturday,23,22.0,-1.0,True,26.0,7.75,delivered,True
f8a3c2f6-1ae9-493a-bcdc-28dc772d6df0,77cec5eb-981c-4dad-833f-7d9890102f9d,DASHER_03465,2023-01-12 18:29:00,2023-01-12,2023-01-01,2023,18,Thursday,32,29.0,-3.0,True,49.55,6.02,delivered,True
6c8a0cc8-80c0-4af3-888f-7ca2de6c5093,1d77fe73-da38-45a4-be9c-e753a6ad9f2a,DASHER_00271,2024-02-28 21:10:00,2024-02-28,2024-02-01,2024,21,Wednesday,30,33.0,3.0,True,13.93,4.7,delivered,True
71c2e31a-9bdc-471d-a5cd-546356ee8b38,8a0e4abe-d4d7-45a7-8f90-dc4234226a9b,DASHER_03451,2022-02-04 10:07:00,2022-02-04,2022-02-01,2022,10,Friday,24,28.0,4.0,True,39.51,2.84,delivered,True
e698b9c7-bf73-4921-aa63-d28eaba3cac9,194a06ef-3e4f-4502-85b0-ae765533aad9,DASHER_02736,2023-07-06 10:51:00,2023-07-06,2023-07-01,2023,10,Thursday,51,37.0,-14.0,True,16.62,7.98,delivered,True
5adda063-9a27-4a62-b46c-1d66ab28d956,4db6e23b-c2ae-4d32-baf0-3e18a981ee57,DASHER_01168,2024-09-19 21:05:00,2024-09-19,2024-09-01,2024,21,Thursday,40,57.0,17.0,False,21.94,3.61,delivered,True
b8e63506-e308-4999-9883-cae6b837adf3,d7a6ac5b-76e7-49a8-8b22-96ecc6d87db8,DASHER_02983,2024-04-15 18:37:00,2024-04-15,2024-04-01,2024,18,Monday,46,69.0,23.0,False,46.85,2.73,delivered,True
f015b4be-c368-44d3-9d5e-3c556fa7522c,fec37f86-aa4f-4db4-9265-1d75f06af877,DASHER_00481,2023-01-10 17:17:00,2023-01-10,2023-01-01,2023,17,Tuesday,27,22.0,-5.0,True,28.51,6.32,delivered,True
bf1bf8c8-982b-49ab-9a3b-bf9c1ccc633b,319c27e1-7578-4321-8359-8b17365b6162,DASHER_02525,2022-01-02 08:48:00,2022-01-02,2022-01-01,2022,8,Sunday,42,39.0,-3.0,True,42.51,1.28,delivered,True
e15e0f0d-f82b-4e11-b96b-99fb05302251,760f6890-2044-41b9-b947-962c881cb90f,DASHER_03601,2023-12-28 10:48:00,2023-12-28,2023-12-01,2023,10,Thursday,26,32.0,6.0,False,34.94,2.94,delivered,True
c5d81bda-6bf2-4a9d-87e9-555d0418d289,da5fa659-0076-4026-9d72-5e73d4143276,DASHER_04178,2022-02-03 23:55:00,2022-02-03,2022-02-01,2022,23,Thursday,21,10.0,-15.0,True,42.2,4.82,delivered,True
16da6a69-1b94-48df-99b7-0ed449b3df2b,4dbf4b9f-65b1-4f02-bbeb-54b44380df2c,DASHER_02264,2022-09-01 13:45:00,2022-09-01,2022-09-01,2022,13,Thursday,15,10.0,-18.0,True,42.57,2.06,delivered,True
f81b719f-1113-4b87-bef0-27c5e6cf5050,2ca95a9c-ad28-4402-b5f1-08589564a057,DASHER_04333,2023-02-09 22:14:00,2023-02-09,2023-02-01,2023,22,Thursday,31,21.0,-10.0,True,34.93,3.84,delivered,True
e0230d20-4d43-48db-9f36-11b24fbe0177,1234ab6e-407b-462a-9991-aa354e3916c8,DASHER_01426,2022-05-31 08:37:00,2022-05-31,2022-05-01,2022,8,Tuesday,29,49.0,20.0,False,31.7,2.79,delivered,True
676d9bab-4cb9-43dc-945a-03f4f2790999,aca289dd-77d7-4c9d-ae4c-504251e977e0,DASHER_03415,2024-12-10 14:10:00,2024-12-10,2024-12-01,2024,14,Tuesday,36,50.0,14.0,False,23.84,3.78,delivered,True
6a5b4c85-da1f-4575-9ae0-4ea96ca2650f,6b4608d5-3dcb-4ea8-bafa-31268435c79a,DASHER_04999,2024-07-18 22:36:00,2024-07-18,2024-07-01,2024,22,Thursday,30,27.0,-3.0,True,61.18,7.63,delivered,True
a97a435d-88e1-4ed1-bca0-6230637b1892,4eb4d331-0250-4425-a396-233baaa52fe6,DASHER_02626,2022-11-13 18:47:00,2022-11-13,2022-11-01,2022,18,Sunday,33,10.0,-23.0,True,8.0,6.25,delivered,True
646087d9-0caa-4698-9f0b-212432e3a0be,6371e5ef-864a-4066-bee6-581995c38c66,DASHER_01534,2024-09-04 21:25:00,2024-09-04,2024-09-01,2024,21,Wednesday,26,22.0,-4.0,True,10.35,1.08,delivered,True
eb6d902e-3ff2-414f-ba64-c2867b0f90c3,95cfedc4-614e-4cd7-917c-d486cf9d16f7,DASHER_04980,2022-09-06 10:33:00,2022-09-06,2022-09-01,2022,10,Tuesday,45,51.0,6.0,False,44.64,6.68,delivered,True
6450cadf-381b-4fed-84fe-2f3501a7bbad,426ad328-4250-42d0-97c8-8e6de697fe0d,DASHER_01267,2022-07-15 12:38:00,2022-07-15,2022-07-01,2022,12,Friday,29,28.0,-1.0,True,43.7,1.2,delivered,True
39531332-0689-48e2-8993-1f88c6d6b91a,f596883b-faf0-418c-812d-89fa7f03a979,DASHER_01202,2022-05-17 11:03:00,2022-05-17,2022-05-01,2022,11,Tuesday,34,24.0,-10.0,True,10.53,6.87,delivered,True
3b2a55f5-a421-4a74-9655-bf9554bba32b,0886f332-97bd-48a7-82b2-a51d36b96a6c,DASHER_02328,2022-05-18 22:19:00,2022-05-18,2022-05-01,2022,22,Wednesday,34,17.0,-17.0,True,26.21,2.51,delivered,True
a0ba59eb-72ea-48c8-adf1-c6ee737c139e,66eee0aa-2503-47bc-a553-ccb1896798de,DASHER_04452,2022-08-31 01:33:00,2022-08-31,2022-08-01,2022,1,Wednesday,24,29.0,5.0,True,12.24,4.28,delivered,True
59dc532b-3deb-4f83-ab35-72cb763de90e,070a935f-337a-484e-bc0c-3a3dba37c9e9,DASHER_01308,2022-03-09 18:34:00,2022-03-09,2022-03-01,2022,18,Wednesday,28,32.0,4.0,True,27.42,5.87,delivered,True
25dfba07-b26f-467b-b812-c4f2b7c0f6d5,fe9048ac-13af-4e1a-875c-64967ba99e8a,DASHER_01496,2023-08-31 21:21:00,2023-08-31,2023-08-01,2023,21,Thursday,23,10.0,-13.0,True,12.24,2.62,delivered,True
03d67249-4664-42ca-993b-d8ce9e3d8a08,9b1766f3-af44-4549-a91b-790b437497af,DASHER_00838,2023-04-21 03:59:00,2023-04-21,2023-04-01,2023,3,Friday,26,27.0,1.0,True,20.12,7.33,delivered,True
5ea670f2-55a8-483b-bd8c-4d8b6ecad269,5eb8c89d-8b0a-42ec-ac44-50d07683f7ed,DASHER_00278,2024-03-31 08:36:00,2024-03-31,2024-03-01,2024,8,Sunday,30,50.0,20.0,False,18.18,5.53,delivered,True
78fd7c68-6241-4dab-9274-7f3ec8673da3,8f38a302-aaa3-40c0-8724-be5162259a9d,DASHER_00022,2024-01-28 14:08:00,2024-01-28,2024-01-01,2024,14,Sunday,37,34.0,-3.0,True,13.92,1.69,delivered,True
6ee18a05-1e08-4842-962a-a2d4c20cc27f,72eed0c7-ee34-407a-b310-8a3ec47acf3d,DASHER_02378,2024-12-13 15:21:00,2024-12-13,2024-12-01,2024,15,Friday,37,43.0,6.0,False,27.32,6.94,delivered,True
5d8bd11c-0a0f-4a06-9396-db27f8339461,19c24157-37d6-4e0f-bea7-4e61d1652155,DASHER_02604,2022-01-14 12:50:00,2022-01-14,2022-01-01,2022,12,Friday,43,38.0,-5.0,True,29.39,2.35,delivered,True
de3ea2c8-8e21-4bbe-a23a-4742d95d9022,6246a3ea-031d-46d2-ac96-8112879411b3,DASHER_01389,2023-10-09 21:06:00,2023-10-09,2023-10-01,2023,21,Monday,38,52.0,14.0,False,29.9,1.5,delivered,True
5d48b57a-3889-4131-a9fc-0169c3499272,c7b01f6b-88c2-431d-9f58-cd2b1f9352d7,DASHER_00368,2023-12-18 06:26:00,2023-12-18,2023-12-01,2023,6,Monday,43,51.0,8.0,False,36.67,5.34,delivered,True
d04ee688-bee7-4434-8a65-25f50ddcdbd8,847ee13a-4d07-4e3d-8cec-ad07fcb3cc87,DASHER_01506,2022-05-26 18:33:00,2022-05-26,2022-05-01,2022,18,Thursday,40,32.0,-8.0,True,29.52,6.66,delivered,True
dbd427ef-f393-4171-83ff-700fdccf75bf,331f735b-c7b3-4baf-9fbe-2d65340cc058,DASHER_03532,2023-09-28 11:28:00,2023-09-28,2023-09-01,2023,11,Thursday,32,48.0,16.0,False,53.15,4.73,delivered,True
26acf3f3-e5f0-4158-9298-e5e1c3bdbf6f,280220a3-448d-4018-b918-53ffc3ded458,DASHER_03853,2022-09-21 20:20:00,2022-09-21,2022-09-01,2022,20,Wednesday,37,64.0,27.0,False,25.61,3.88,delivered,True
0294cfef-e2e8-494b-8c47-9a32fa1266a6,99bc508f-4b7d-4bbd-b8be-e4182a349f8c,DASHER_04565,2022-06-06 20:38:00,2022-06-06,2022-06-01,2022,20,Monday,43,,,,53.13,1.62,cancelled,True
0acdb2ea-509c-47c5-a630-6de79ecbda34,334400c4-74b1-418c-9fb0-9f8b2e5e2a70,DASHER_03141,2023-05-05 22:10:00,2023-05-05,2023-05-01,2023,22,Friday,17,27.0,10.0,False,13.32,2.34,delivered,True
b05d51fb-eda3-4cf2-b7cf-2192b1a051d8,2549f2c0-a7be-441b-bc18-4d5ef5545514,DASHER_02837,2023-06-08 03:52:00,2023-06-08,2023-06-01,2023,3,Thursday,47,56.0,9.0,False,22.65,6.15,delivered,True
66b1936e-b2d2-4000-92b3-1df04522529d,60007bf6-ac09-4646-a21e-c3986465cdb9,DASHER_02996,2022-07-15 12:53:00,2022-07-15,2022-07-01,2022,12,Friday,34,25.0,-9.0,True,32.05,2.73,delivered,True
af58e6c1-9b99-4d18-b6f9-af9814d73dba,e67dd971-4c9b-4e57-a087-bb6900673931,DASHER_00092,2022-08-28 22:03:00,2022-08-28,2022-08-01,2022,22,Sunday,26,,,,8.0,6.6,cancelled,True
de4bd294-1bd8-4d2d-b2bb-62d712d9d250,11264f5b-26e6-45b1-88b4-67e23deb3a46,DASHER_02036,2023-09-30 12:19:00,2023-09-30,2023-09-01,2023,12,Saturday,26,,,,36.6,5.22,cancelled,True
198b3c0e-52e9-46cc-921f-f245b71ff7c7,6e7fa0cf-0278-43d8-ae57-9325be81c9eb,DASHER_01313,2022-11-03 09:51:00,2022-11-03,2022-11-01,2022,9,Thursday,23,19.0,-4.0,True,31.15,1.27,delivered,True
3a886a69-2c5c-492b-838b-05deac1316b3,9b604f7c-caad-48c4-a131-aab5807382ec,DASHER_00172,2024-11-18 13:52:00,2024-11-18,2024-11-01,2024,13,Monday,21,10.0,-11.0,True,24.37,5.61,delivered,True
8d8a51a0-96df-40b3-9143-ed9ce846e85f,ffd216cb-0413-4779-a2c4-8aa74e39ec4e,DASHER_03130,2024-12-29 17:09:00,2024-12-29,2024-12-01,2024,17,Sunday,31,35.0,4.0,True,25.24,5.19,delivered,True
679118b9-3a96-4c4a-ab9d-55569bd8c15d,3eb4aa66-55ee-4cb6-8cdb-b2c69fc65daa,DASHER_04955,2023-02-22 19:21:00,2023-02-22,2023-02-01,2023,19,Wednesday,43,42.0,-1.0,True,20.65,7.89,delivered,True
72356be8-65e4-4e14-b0d0-b03e21e6bb5d,455969b1-2c40-40b5-8bc4-f678997233c2,DASHER_03538,2023-09-07 11:01:00,2023-09-07,2023-09-01,2023,11,Thursday,25,25.0,0.0,True,10.75,7.74,delivered,True
d983a243-6f1c-4500-862c-e4e499c15c4f,adafecd7-8c8d-40a4-8e1e-de69f1956cda,DASHER_04910,2024-09-16 23:02:00,2024-09-16,2024-09-01,2024,23,Monday,35,33.0,-2.0,True,26.02,5.89,delivered,True
a53e5569-20a3-4ad3-9cb8-ddcba0c5cb36,864250a8-30c8-41b0-ab9b-3a9e3b656bfc,DASHER_01821,2022-07-09 17:46:00,2022-07-09,2022-07-01,2022,17,Saturday,39,24.0,-15.0,True,37.31,6.98,delivered,True
945540a3-d293-474f-b80e-fd10908e1364,7375e073-71f4-4b92-880f-01f7ce836ccf,DASHER_04594,2022-10-25 20:24:00,2022-10-25,2022-10-01,2022,20,Tuesday,37,45.0,8.0,False,36.49,1.32,delivered,True
1810574e-d3c2-41d9-90ee-d779e7146a07,5fb4184a-f204-4ed7-952f-e1705bc34999,DASHER_00264,2022-11-30 20:15:00,2022-11-30,2022-11-01,2022,20,Wednesday,36,41.0,5.0,True,23.86,5.78,delivered,True
037cc7ee-1422-4127-b6f9-9154ef76ba29,255cacbc-32c5-46fd-9212-94b42cc0f927,DASHER_03910,2022-11-22 08:20:00,2022-11-22,2022-11-01,2022,8,Tuesday,43,46.0,3.0,True,60.67,7.65,delivered,True
d4c86055-7216-4b5a-9214-0d06a1d76417,eb46e11a-baba-4d61-bddc-1e9ebd2041a6,DASHER_04356,2024-01-15 19:18:00,2024-01-15,2024-01-01,2024,19,Monday,22,24.0,2.0,True,18.73,1.95,delivered,True
4af42b22-dd7f-4514-b2a4-6642f795691e,c4cfb25e-27a9-4fba-9ed9-0f21f19a38cd,DASHER_04688,2023-02-07 06:48:00,2023-02-07,2023-02-01,2023,6,Tuesday,24,35.0,11.0,False,34.3,3.36,delivered,True
162a8f0a-d466-4986-80e5-0bb5b4c6613e,ca29c0aa-a384-421d-9bb9-dd5ed6e8d119,DASHER_01083,2023-05-15 18:26:00,2023-05-15,2023-05-01,2023,18,Monday,41,32.0,-9.0,True,35.08,3.28,delivered,True
2b065f4b-6c20-4b07-8c11-bbef53a1ad5a,8ff62754-22d9-4277-a8af-563c873154ed,DASHER_04379,2024-02-09 22:23:00,2024-02-09,2024-02-01,2024,22,Friday,31,31.0,0.0,True,30.97,3.1,delivered,True
8003369d-3995-4b4a-bf02-5bd8866fcc25,f89fa075-8584-4edf-b341-3b4c643e3476,DASHER_04234,2022-09-23 13:52:00,2022-09-23,2022-09-01,2022,13,Friday,26,22.0,-4.0,True,17.56,6.68,delivered,True
eaceee91-cd62-4ae0-a187-9d638d3b8162,4da48650-7f7b-4754-97b8-84c85d91cda7,DASHER_01058,2024-03-16 10:25:00,2024-03-16,2024-03-01,2024,10,Saturday,39,,,,38.24,6.11,cancelled,True
41987a7b-a24d-424d-a67c-41e84c979946,57185a76-61dc-4ef9-9926-680ca0ca9b49,DASHER_00089,2022-06-29 18:27:00,2022-06-29,2022-06-01,2022,18,Wednesday,34,35.0,1.0,True,41.17,5.14,delivered,True
f57277db-5650-4be3-9f93-85ef348b2611,c758c09e-f198-43af-aba4-fecd75f2035d,DASHER_04983,2022-12-04 05:47:00,2022-12-04,2022-12-01,2022,5,Sunday,26,26.0,0.0,True,32.12,2.83,delivered,True
2da1c011-5c85-466a-b3f7-af16fe85b4a2,298f9476-abf4-4686-aff2-c3072f4a8f26,DASHER_04894,2022-11-20 19:49:00,2022-11-20,2022-11-01,2022,19,Sunday,47,40.0,-7.0,True,8.69,5.01,delivered,True
1cafb092-251c-4644-a86f-377d15cd3602,df38fb94-890b-4bcc-9527-d4a36b3b03b2,DASHER_03796,2023-01-18 22:02:00,2023-01-18,2023-01-01,2023,22,Wednesday,46,64.0,18.0,False,35.8,3.43,delivered,True
15042592-0d70-4644-bfa9-a6f596894ae5,32fc6be9-ccc3-4aa3-8a0a-01da90f0ae88,DASHER_01122,2024-10-06 22:42:00,2024-10-06,2024-10-01,2024,22,Sunday,28,47.0,19.0,False,40.34,4.89,delivered,True
bff0cbd6-26e2-4b2c-8cbe-330abbf77415,4e083304-68b7-466b-83e1-8d5b67967bc0,DASHER_04596,2023-07-31 19:59:00,2023-07-31,2023-07-01,2023,19,Monday,36,30.0,-6.0,True,44.32,1.84,delivered,True
3e6cae9d-51fc-4c7f-bc7d-c4a45efd2221,2fdb9ef6-44c9-4d6f-9ce7-a8aaa5439e22,DASHER_02704,2024-03-08 13:22:00,2024-03-08,2024-03-01,2024,13,Friday,28,27.0,-1.0,True,16.22,7.06,delivered,True
fc29f327-f80d-4836-be04-61fe229234a5,1966d2de-9828-4fa0-ab2a-b0a1c12e7b14,DASHER_00098,2024-01-30 08:31:00,2024-01-30,2024-01-01,2024,8,Tuesday,39,37.0,-2.0,True,25.21,2.63,delivered,True
ff0c111b-eaf1-4585-a1c1-c9f9c1d419df,153c719e-0fc7-45b4-b0ef-33049a5574d8,DASHER_00085,2024-04-16 07:26:00,2024-04-16,2024-04-01,2024,7,Tuesday,38,30.0,-8.0,True,19.9,2.07,delivered,True
78459730-d945-4531-9d14-48af12b2a777,32cea1a5-5839-46e8-a7c5-a6b5400897cb,DASHER_02998,2024-05-13 21:25:00,2024-05-13,2024-05-01,2024,21,Monday,50,57.0,7.0,False,29.5,4.52,delivered,True
c90dfd82-27fa-4b4d-b174-4797c7a92d66,e4dd73f6-70d3-4437-98a7-28efa8873ba4,DASHER_00738,2022-02-25 06:12:00,2022-02-25,2022-02-01,2022,6,Friday,33,29.0,-4.0,True,8.0,3.2,delivered,True
96369e03-7ff5-4c8f-a2db-4d113ce2d007,74958e3f-03e8-4667-ac9f-59bf28f3b107,DASHER_00614,2022-04-21 13:28:00,2022-04-21,2022-04-01,2022,13,Thursday,41,31.0,-10.0,True,22.15,2.45,delivered,True
0ca82c86-380b-4fde-8b7c-00fa5b6c28a5,8b481235-ee04-4e01-b594-2a278eaec2a3,DASHER_02993,2023-10-31 12:36:00,2023-10-31,2023-10-01,2023,12,Tuesday,33,51.0,18.0,False,33.61,3.23,delivered,True
65df6875-0499-420b-b517-79e73009d819,7aadca91-da2d-4dc4-8525-fe19dc7941f2,DASHER_04298,2024-08-15 18:20:00,2024-08-15,2024-08-01,2024,18,Thursday,46,45.0,-1.0,True,20.92,5.45,delivered,True
33bb4c8e-b8f7-4340-92ed-1776d3946a72,1f5160ba-9612-482e-a149-ab16daf6e6ca,DASHER_03519,2024-12-24 14:47:00,2024-12-24,2024-12-01,2024,14,Tuesday,49,40.0,-9.0,True,13.45,4.87,delivered,True
69694386-a88d-469c-a6a7-2e03bea9870c,e0fb9dda-b0fd-498c-9787-dfb038d347ec,DASHER_03243,2023-02-03 21:45:00,2023-02-03,2023-02-01,2023,21,Friday,49,42.0,-7.0,True,21.17,4.82,delivered,True
ee97b574-2e25-4475-aea8-79c1bf1d7a4d,2f817f00-6f17-4007-9a83-6f408dde3733,DASHER_03917,2022-01-15 13:29:00,2022-01-15,2022-01-01,2022,13,Saturday,39,41.0,2.0,True,44.01,1.61,delivered,True
60c27c51-5021-4583-9e76-026e4e7336b4,d1fa02d2-4824-4881-b065-68ae0d50f9fc,DASHER_04943,2023-06-28 10:00:00,2023-06-28,2023-06-01,2023,10,Wednesday,23,24.0,1.0,True,22.02,3.51,delivered,True
46513a3b-2a02-4347-a0e4-46d3bbb4ea08,5a375f5d-0922-4c68-b1fb-60663f29dbc0,DASHER_03924,2024-09-28 10:12:00,2024-09-28,2024-09-01,2024,10,Saturday,37,32.0,-5.0,True,33.78,2.46,delivered,True
239d7d7d-7e0b-4759-b5e7-6f7d0158de32,b007ff0c-84c4-44af-821f-6505a4f3d905,DASHER_01342,2024-04-09 11:02:00,2024-04-09,2024-04-01,2024,11,Tuesday,46,52.0,6.0,False,46.21,6.7,delivered,True
76549f7c-7ac4-4dd9-834d-6fff133108a0,9b90b1a9-c571-443b-9d73-e81c1adf9bc4,DASHER_01939,2024-07-31 13:55:00,2024-07-31,2024-07-01,2024,13,Wednesday,30,26.0,-4.0,True,11.52,2.56,delivered,True
8ec2e584-241d-46e4-9de7-d87a9aa98351,fb1b05aa-5b04-4b70-908e-ee87d07e747b,DASHER_04712,2024-12-31 21:41:00,2024-12-31,2024-12-01,2024,21,Tuesday,26,30.0,4.0,True,34.79,1.65,delivered,True
7747ab23-eb05-4cca-98d6-749d72d65fe1,f5af287b-b3f0-46ef-ab9a-11ef025dea2d,DASHER_02403,2022-01-01 06:39:00,2022-01-01,2022-01-01,2022,6,Saturday,40,58.0,18.0,False,53.22,4.45,delivered,True
007b9350-2993-4f64-ac44-d05adbce7a7b,3cbde401-0a76-450b-ac8f-41d387a33ec6,DASHER_02714,2022-05-25 18:33:00,2022-05-25,2022-05-01,2022,18,Wednesday,50,59.0,9.0,False,45.06,6.73,delivered,True
6b41f674-5088-440a-a5c8-ae8167b0f98b,b93abe7a-c511-4be1-b0a0-8cbd003696ba,DASHER_03625,2022-06-22 12:17:00,2022-06-22,2022-06-01,2022,12,Wednesday,33,28.0,-5.0,True,19.82,5.26,delivered,True
a677009d-895a-4081-8b87-7f7e860f3771,58c2351b-5f1f-4b84-99ea-cdd73d2f9a7e,DASHER_02329,2022-05-23 10:14:00,2022-05-23,2022-05-01,2022,10,Monday,44,44.0,0.0,True,29.42,7.88,delivered,True
cc7e909a-d9e1-4fd2-b000-4b90a81dc5b0,c7a27ee0-b732-4fb4-8af4-f8c0997b6031,DASHER_01233,2023-03-14 19:11:00,2023-03-14,2023-03-01,2023,19,Tuesday,36,24.0,-12.0,True,43.47,4.26,delivered,True
75bc3159-6ff2-4f7d-9f38-a6ddceda5d5b,84181fcb-62e9-4c77-90c0-6330d383ab41,DASHER_03263,2023-03-24 10:04:00,2023-03-24,2023-03-01,2023,10,Friday,30,14.0,-16.0,True,40.89,3.8,delivered,True
0a73f4b8-fc32-4d2e-8e65-04da010f00ca,a50eb278-a945-49b0-b260-d1171d1f3a71,DASHER_00428,2023-09-04 19:01:00,2023-09-04,2023-09-01,2023,19,Monday,42,37.0,-5.0,True,30.51,3.34,delivered,True
94a42d0b-4bbb-44fd-91a4-e816aef73450,bcf3dd2d-e083-463a-be2b-f8ef59aa6c4e,DASHER_00307,2023-10-04 09:32:00,2023-10-04,2023-10-01,2023,9,Wednesday,49,50.0,1.0,True,20.75,5.47,delivered,True
a2decfc0-e749-453a-9102-0df176c2204b,dbe58fa5-b956-40ae-9b69-4ab317374c20,DASHER_03558,2023-09-02 19:08:00,2023-09-02,2023-09-01,2023,19,Saturday,40,35.0,-5.0,True,8.0,4.53,delivered,True
1d4caa92-b0ca-43ce-b788-53d32b2453f1,54d322c7-569a-4273-839b-4e1d6a4085bd,DASHER_01309,2024-05-26 15:08:00,2024-05-26,2024-05-01,2024,15,Sunday,37,19.0,-18.0,True,53.27,1.09,delivered,True
5d4d1c24-4b33-464b-ab78-a9140d769d8b,6e510df3-bcf4-4569-bcf2-76ba6b464291,DASHER_03305,2022-03-23 10:25:00,2022-03-23,2022-03-01,2022,10,Wednesday,38,51.0,13.0,False,48.33,7.61,delivered,True
3b63f3d6-7a6e-47f8-b6e9-498a45b3b3cb,d10cd1f8-aded-4019-b136-7d7fe8aaf343,DASHER_00855,2022-05-26 11:28:00,2022-05-26,2022-05-01,2022,11,Thursday,25,24.0,-1.0,True,48.55,4.65,delivered,True
af354cc4-7c44-4958-9d8e-1329a892f26b,694469d4-76ee-490b-9786-4cce70a9d388,DASHER_04437,2023-03-22 23:44:00,2023-03-22,2023-03-01,2023,23,Wednesday,36,19.0,-17.0,True,20.99,5.18,delivered,True
44229a97-a437-4d66-b670-61228c3ed01c,5aa180ba-fa96-4ea5-b66a-a5c1a1881e03,DASHER_02580,2022-06-08 11:58:00,2022-06-08,2022-06-01,2022,11,Wednesday,20,17.0,-3.0,True,13.26,6.69,delivered,True
1a8aaf58-8b47-46f3-a47b-f9b04700f7e7,3e5d7b45-b4f6-4f80-8176-d54317a12259,DASHER_03575,2022-01-30 21:38:00,2022-01-30,2022-01-01,2022,21,Sunday,31,15.0,-16.0,True,26.24,6.21,delivered,True
20f5673b-9bb3-4ddb-8a40-8a82c39319a4,d120f4a6-15d8-4184-9a94-29cd185705c0,DASHER_04371,2023-06-11 21:06:00,2023-06-11,2023-06-01,2023,21,Sunday,39,43.0,4.0,True,34.92,6.63,delivered,True
98328ef8-0d18-436e-bdf8-9b3fe051a389,633feed7-1764-4bf8-9842-bd86c4ae51ce,DASHER_01867,2022-06-02 19:58:00,2022-06-02,2022-06-01,2022,19,Thursday,43,53.0,10.0,False,28.49,1.5,delivered,True
fc747289-8737-4cf4-91b0-9ad2e099332e,fa25eb9e-7606-4dd5-b696-7ceda8673603,DASHER_04846,2024-07-11 15:44:00,2024-07-11,2024-07-01,2024,15,Thursday,35,59.0,24.0,False,26.14,7.8,delivered,True
ef5f6226-e48c-4ff0-bdec-03302169f100,99be4429-9612-441d-b998-b93e31641d9e,DASHER_03257,2023-09-15 22:19:00,2023-09-15,2023-09-01,2023,22,Friday,42,64.0,22.0,False,23.1,5.86,delivered,True
6b25e5dc-e660-4585-a5f3-f9d74cb6d833,cfb530f2-ff18-48b0-9525-1c74a6ea9da4,DASHER_03688,2022-05-12 21:49:00,2022-05-12,2022-05-01,2022,21,Thursday,22,16.0,-6.0,True,28.44,4.67,delivered,True
d902fc58-959b-4f36-9159-e57f5827e22e,c5c1aadd-b84c-4e29-bbb0-05b644ac798d,DASHER_00405,2024-09-16 05:42:00,2024-09-16,2024-09-01,2024,5,Monday,20,14.0,-6.0,True,24.01,6.11,delivered,True
1a3e722a-4f48-4d03-a38e-12d1e19a9696,703dfc36-3a34-4d48-97bf-6ef384868e11,DASHER_04394,2023-06-08 18:23:00,2023-06-08,2023-06-01,2023,18,Thursday,37,27.0,-10.0,True,38.33,7.8,delivered,True
2972107c-cdbf-4774-aa4d-8c0ef417587e,a2db757f-3ed1-433e-ad54-514e3551a439,DASHER_02206,2023-07-10 14:48:00,2023-07-10,2023-07-01,2023,14,Monday,30,17.0,-13.0,True,8.0,2.34,delivered,True
6ac3c645-3357-4ce9-b45d-bf2dbf89735c,0ae8cdd2-0286-42fe-8594-c92586ed2c02,DASHER_00977,2023-05-10 23:54:00,2023-05-10,2023-05-01,2023,23,Wednesday,29,10.0,-19.0,True,8.0,1.34,delivered,True
906ce6b6-d822-46b6-9426-36302562b90a,8c9e1003-0c87-449b-8383-c0e9ecd22168,DASHER_03429,2022-05-02 18:09:00,2022-05-02,2022-05-01,2022,18,Monday,28,33.0,5.0,True,14.28,6.12,delivered,True
4c6857a2-7646-402c-8a65-a3bc022d3b0b,f596883b-faf0-418c-812d-89fa7f03a979,DASHER_02641,2024-11-03 14:17:00,2024-11-03,2024-11-01,2024,14,Sunday,50,42.0,-8.0,True,47.92,3.28,delivered,True
6e35a940-63bf-4664-b003-d865fc6395a4,16b27334-25fd-4172-ab5c-8744141dc4e5,DASHER_02249,2024-01-05 21:22:00,2024-01-05,2024-01-01,2024,21,Friday,51,69.0,18.0,False,33.41,4.66,delivered,True
097f33e1-6c43-4aa8-a92c-e431b765a4da,5fecb5c9-9051-42ef-b6eb-47ace5c01733,DASHER_00470,2023-11-23 17:51:00,2023-11-23,2023-11-01,2023,17,Thursday,35,23.0,-12.0,True,37.9,3.49,delivered,True
8f73521b-4efd-48c9-be32-a179196c47c5,907086a2-cf58-43c1-8fa8-8d1779f622d2,DASHER_02478,2024-04-29 14:16:00,2024-04-29,2024-04-01,2024,14,Monday,32,38.0,6.0,False,26.88,5.11,delivered,True
4cc7f29f-f890-46d9-971e-c2a7cb8d27c2,16409aa4-e312-4c5a-959e-8146e2477e04,DASHER_03330,2024-08-25 22:00:00,2024-08-25,2024-08-01,2024,22,Sunday,48,62.0,14.0,False,51.36,7.38,delivered,True
c526e1e0-de11-4914-b7f7-8daea2009ede,58bc29bb-3f64-45ea-b538-697f54f4a7bf,DASHER_00520,2024-05-22 01:49:00,2024-05-22,2024-05-01,2024,1,Wednesday,35,45.0,10.0,False,8.0,3.85,delivered,True
2e18ec08-e634-44e0-b9f3-e38666d3823d,a95ded1c-ae9c-497b-84c6-1db2ccfd5e5b,DASHER_03368,2022-04-04 21:19:00,2022-04-04,2022-04-01,2022,21,Monday,40,43.0,3.0,True,17.49,1.42,delivered,True
284c1749-dbdc-44fe-9c37-a915626df040,1ce7dcba-9d87-46f4-a052-4bb0e8167baf,DASHER_00249,2022-04-03 20:21:00,2022-04-03,2022-04-01,2022,20,Sunday,33,19.0,-14.0,True,54.33,2.94,delivered,True
a7e66c51-3198-43e0-900d-951cd7b12245,bd1132d2-08c1-494f-bc6f-82a12838881e,DASHER_04975,2022-05-22 10:42:00,2022-05-22,2022-05-01,2022,10,Sunday,33,19.0,-14.0,True,19.11,4.32,delivered,True
4a969c9a-23c1-46e2-9e57-683bb1f5d25f,b42ef8ab-9109-4404-adab-9510a5b1b78a,DASHER_02234,2024-09-19 21:58:00,2024-09-19,2024-09-01,2024,21,Thursday,39,25.0,-14.0,True,24.03,2.87,delivered,True
53f4214c-f6af-4af3-b0e5-7ca097f78da4,2255a249-e14f-44d1-951b-e2f6042b41c6,DASHER_03801,2023-03-06 13:39:00,2023-03-06,2023-03-01,2023,13,Monday,38,38.0,0.0,True,30.92,2.42,delivered,True
41f766ec-ed84-48a9-b969-6bd858c77573,f3acf22c-eb53-4b3f-9276-da8c05f217ba,DASHER_02636,2024-02-13 20:31:00,2024-02-13,2024-02-01,2024,20,Tuesday,32,45.0,13.0,False,8.0,2.55,delivered,True
40a2c8b0-3e79-49d5-b7be-9c5e739d902a,4dd216c0-4ec4-4f96-9ea7-69112212ec25,DASHER_01149,2023-05-30 19:56:00,2023-05-30,2023-05-01,2023,19,Tuesday,35,24.0,-11.0,True,52.58,5.6,delivered,True
52a8fb31-d0bf-4651-86a9-6d0e6ebb9e46,55d715ee-23e9-4d4e-8118-2663557cb27f,DASHER_00362,2024-06-04 00:45:00,2024-06-04,2024-06-01,2024,0,Tuesday,30,24.0,-6.0,True,41.08,3.47,delivered,True
0f73651f-ad7c-42be-94f6-60c0197401c3,0886f332-97bd-48a7-82b2-a51d36b96a6c,DASHER_00143,2024-12-22 18:48:00,2024-12-22,2024-12-01,2024,18,Sunday,15,24.0,9.0,False,42.51,4.27,delivered,True
73331cc5-4c10-4ee8-b099-8c28af324874,9b3b98f1-ac7d-4c04-bc64-5bc1d8fda416,DASHER_02340,2023-10-02 09:14:00,2023-10-02,2023-10-01,2023,9,Monday,45,56.0,11.0,False,12.19,5.26,delivered,True
efd847a6-c511-4bc8-8bd4-4b365b5bf3e7,4ae2a95c-4f3f-4078-a542-685cc396e39a,DASHER_04281,2022-08-21 19:04:00,2022-08-21,2022-08-01,2022,19,Sunday,33,21.0,-12.0,True,27.16,6.04,delivered,True
a3193d0f-aecb-4d90-b882-9418b1744309,b487508d-7795-4b27-84f4-d722cd847dfd,DASHER_04259,2023-02-17 00:33:00,2023-02-17,2023-02-01,2023,0,Friday,35,29.0,-6.0,True,44.75,6.63,delivered,True
3007b04c-1bd1-43cc-b6d0-959a09558db0,ea1f0a2b-ce6e-4c5f-a360-b1dcafe7b5f4,DASHER_03517,2023-07-21 07:26:00,2023-07-21,2023-07-01,2023,7,Friday,26,35.0,9.0,False,46.71,1.21,delivered,True
b930f7de-e9b9-4ced-8753-74c6dcee26d9,c68c5373-ace0-4248-9b6c-d11f9a728a46,DASHER_03936,2024-01-09 19:24:00,2024-01-09,2024-01-01,2024,19,Tuesday,32,13.0,-19.0,True,23.73,1.68,delivered,True
91b7cc9e-380a-4a62-889e-05dda7046264,9cdf422a-1737-4844-804f-f3f7445891c6,DASHER_00708,2024-06-27 09:00:00,2024-06-27,2024-06-01,2024,9,Thursday,44,39.0,-5.0,True,34.83,3.59,delivered,True
ef65ff0f-6eb3-4181-9f2a-c9831d1204d9,fb8181f5-dfc7-4eee-a1f4-87f19f56a429,DASHER_01201,2024-12-20 22:51:00,2024-12-20,2024-12-01,2024,22,Friday,35,22.0,-13.0,True,49.61,6.74,delivered,True
820bddef-cc8b-48bf-bd27-158a940dcadb,843cd534-807f-41e5-b999-0bf74d49788a,DASHER_01929,2023-10-02 14:35:00,2023-10-02,2023-10-01,2023,14,Monday,25,23.0,-2.0,True,26.69,1.92,delivered,True
aa0a8787-9b7c-4d88-8f20-263448a84aeb,c454a0f5-981a-46e1-8ffb-2811b5cb93bd,DASHER_01241,2022-10-23 10:30:00,2022-10-23,2022-10-01,2022,10,Sunday,43,54.0,11.0,False,36.55,5.75,delivered,True
812a55d1-246e-41a3-9cad-79461d9d06d7,1fe4bd72-8e77-4118-a0b3-00da4a70fa25,DASHER_04441,2022-04-26 03:52:00,2022-04-26,2022-04-01,2022,3,Tuesday,31,40.0,9.0,False,8.0,5.38,delivered,True
23d48c35-981d-494f-abe7-f771019daa50,70dc4f52-a00b-4863-90d5-181b76f7f68a,DASHER_02645,2024-07-06 05:56:00,2024-07-06,2024-07-01,2024,5,Saturday,21,14.0,-7.0,True,26.84,6.53,delivered,True
9dfe1eb4-f701-44c7-8570-3003d5aee7c7,926c3f48-7732-457e-895f-7ada0b6f8e59,DASHER_04461,2024-05-11 16:20:00,2024-05-11,2024-05-01,2024,16,Saturday,32,36.0,4.0,True,45.99,4.78,delivered,True
d91e48b4-a680-4f51-aaaa-fdc772f0ff3f,64a33811-deac-463c-9e83-7c4bdb422034,DASHER_02624,2022-03-23 21:47:00,2022-03-23,2022-03-01,2022,21,Wednesday,37,50.0,13.0,False,23.31,5.06,delivered,True
dab98b91-4987-4f0e-903c-5ac8fe51614e,ebc7c741-e15d-4a30-9b34-19c77540b080,DASHER_04505,2024-01-27 16:38:00,2024-01-27,2024-01-01,2024,16,Saturday,35,36.0,1.0,True,8.0,2.46,delivered,True
2638b46f-3ec5-4f77-9f8d-b6aaf9a9ed8d,40a5beea-6780-4476-8013-20dfacfc117a,DASHER_00138,2023-06-24 17:28:00,2023-06-24,2023-06-01,2023,17,Saturday,26,33.0,7.0,False,22.51,2.05,delivered,True
0e18498a-47bc-468f-a845-26c8a3adde24,8cec4095-88e1-424b-986e-29528ff880bb,DASHER_02733,2024-03-28 19:11:00,2024-03-28,2024-03-01,2024,19,Thursday,27,39.0,12.0,False,42.47,6.16,delivered,True
d46a08f8-411a-4331-820f-76531a899391,15cb2ecc-5e16-4a68-8e7c-d4dba86092c1,DASHER_00805,2022-07-24 09:36:00,2022-07-24,2022-07-01,2022,9,Sunday,28,17.0,-11.0,True,20.48,6.65,delivered,True
c6cdb5db-6052-422c-9220-2fe39c2815bf,e2d6af06-6e6c-4b7b-a265-6c13cd75429f,DASHER_00970,2024-09-27 00:25:00,2024-09-27,2024-09-01,2024,0,Friday,34,19.0,-15.0,True,44.9,1.32,delivered,True
18454275-8188-4fd8-9518-bb1ce4e41d97,20e51a62-a3d1-41c0-82fa-2be9d4e5692b,DASHER_01892,2022-09-28 10:49:00,2022-09-28,2022-09-01,2022,10,Wednesday,41,53.0,12.0,False,33.82,4.57,delivered,True
39207fcd-6aba-4896-a415-9b73896f9031,c7d84f3f-4869-4a0f-9699-488a56597697,DASHER_00362,2024-06-13 19:38:00,2024-06-13,2024-06-01,2024,19,Thursday,52,74.0,22.0,False,8.99,3.94,delivered,True
26631bf7-2308-479a-bbf7-72d2db27cde8,ef0f7c48-baf6-4425-8b99-2f6966a0fe9f,DASHER_01564,2023-11-03 16:39:00,2023-11-03,2023-11-01,2023,16,Friday,26,33.0,7.0,False,16.4,1.08,delivered,True
dd5b1c55-93fa-4bca-9653-0ca887be4c49,da5fa659-0076-4026-9d72-5e73d4143276,DASHER_01786,2024-09-24 15:47:00,2024-09-24,2024-09-01,2024,15,Tuesday,45,50.0,5.0,True,33.97,1.69,delivered,True
87cd90bb-2ab9-4e8b-aa28-32238a9b5a30,32d2366f-bec8-42c2-b2f4-f13406e9b27d,DASHER_00268,2023-11-06 13:02:00,2023-11-06,2023-11-01,2023,13,Monday,29,11.0,-18.0,True,15.03,4.66,delivered,True
24dddcff-4885-4710-9d4a-974bbfa0eae6,506dc2e9-bd0e-44b1-942e-6ac94eefce10,DASHER_04402,2023-04-01 17:45:00,2023-04-01,2023-04-01,2023,17,Saturday,43,47.0,4.0,True,17.96,2.45,delivered,True
fddae28f-eb9f-4878-8f12-768e78b6f79a,063d3473-d07e-4b6d-bdd5-1986ea61e436,DASHER_00838,2022-06-06 12:19:00,2022-06-06,2022-06-01,2022,12,Monday,49,30.0,-19.0,True,29.06,7.83,delivered,True
1ee06da9-4ad8-461d-9a98-aa0eeceed5b7,235bc7b6-6d51-4c72-8dfc-05eb22c40122,DASHER_03223,2023-10-23 21:12:00,2023-10-23,2023-10-01,2023,21,Monday,16,10.0,-29.0,True,55.26,6.72,delivered,True
4494049e-0bbd-4a0e-a73d-6fa6d5e575dd,ba635572-003c-4c78-8e49-b10d37d3cb89,DASHER_03656,2024-12-29 18:47:00,2024-12-29,2024-12-01,2024,18,Sunday,46,49.0,3.0,True,8.0,1.98,delivered,True
810ba4f8-4f10-4b7a-9856-97a718dd163f,2bd1c419-623d-4538-a0b6-8dd2eeee934b,DASHER_03875,2023-09-12 20:40:00,2023-09-12,2023-09-01,2023,20,Tuesday,31,30.0,-1.0,True,44.22,5.01,delivered,True
bbb3f1b1-3fd9-4e48-ba25-9fd71ec026f2,2f88fc1e-6387-4360-b7f1-3dc02f540d91,DASHER_03500,2023-08-24 02:48:00,2023-08-24,2023-08-01,2023,2,Thursday,49,48.0,-1.0,True,54.88,1.45,delivered,True
c04d72b4-6309-460a-89ea-2a417a485b36,4db6e23b-c2ae-4d32-baf0-3e18a981ee57,DASHER_01706,2023-03-23 22:39:00,2023-03-23,2023-03-01,2023,22,Thursday,30,27.0,-3.0,True,38.05,7.07,delivered,True
d7a2cf5a-bfa2-4385-ab41-a318f64660e5,c0689d68-05eb-4dd7-ad09-9a15432b44a0,DASHER_01206,2023-12-29 18:31:00,2023-12-29,2023-12-01,2023,18,Friday,26,40.0,14.0,False,22.79,4.55,delivered,True
05b50e05-97b8-4ac6-bee1-2a0a7a76165b,7e0ea6e6-6352-4cc1-bb52-595a259b3f5e,DASHER_02492,2023-03-03 19:08:00,2023-03-03,2023-03-01,2023,19,Friday,30,26.0,-4.0,True,25.93,5.49,delivered,True
a93329dc-f52d-4e93-a61e-b23a52ba554b,3899c000-60dc-44b2-be6f-315fcf5c0745,DASHER_04505,2023-04-10 10:19:00,2023-04-10,2023-04-01,2023,10,Monday,48,60.0,12.0,False,14.43,4.75,delivered,True
a7adbcbc-fe70-477d-99e4-ba74950baf24,b3cc076c-17bb-4448-bc7d-5e051f6c9d05,DASHER_03148,2024-06-05 20:01:00,2024-06-05,2024-06-01,2024,20,Wednesday,45,69.0,24.0,False,17.68,6.92,delivered,True
8e42dda6-8d4f-40b6-a5c7-1f37bccb557a,b7d63fff-2319-4f69-a5f6-25bc305dda22,DASHER_02321,2023-06-06 14:46:00,2023-06-06,2023-06-01,2023,14,Tuesday,44,57.0,13.0,False,8.66,4.4,delivered,True
20ed3db4-e931-4a4d-a7aa-14a946981475,0e3b3c15-b778-4b64-9d75-b974893edb3b,DASHER_00630,2022-08-24 15:28:00,2022-08-24,2022-08-01,2022,15,Wednesday,20,21.0,1.0,True,28.55,4.59,delivered,True
a52b2c43-6748-4509-8b4d-c6c7c4a4f7ce,8c9e1003-0c87-449b-8383-c0e9ecd22168,DASHER_01867,2022-07-12 14:35:00,2022-07-12,2022-07-01,2022,14,Tuesday,48,57.0,9.0,False,31.47,2.9,delivered,True
f8d7d151-2332-4db1-a675-f8a349ff8282,0ffbece7-b236-4383-b170-ef0e5fb8b7cc,DASHER_03988,2024-09-09 14:56:00,2024-09-09,2024-09-01,2024,14,Monday,28,42.0,14.0,False,35.71,6.67,delivered,True
0faec05d-e6a0-46e2-83a9-acb2a3179c8b,94c8c57b-85b1-461d-9f3b-f9f7394d3f01,DASHER_02364,2023-08-13 02:08:00,2023-08-13,2023-08-01,2023,2,Sunday,24,14.0,-10.0,True,8.0,7.79,delivered,True
143c1630-de50-4b88-889d-839dbe2fcb5f,8145e048-7580-4eb1-b904-e733ccd7420c,DASHER_00242,2022-02-28 20:27:00,2022-02-28,2022-02-01,2022,20,Monday,15,31.0,16.0,False,23.43,5.02,delivered,True
d484886a-72d0-4774-80f9-e077a6ad6919,208d49b0-9b46-4c66-a884-61c3f1bcd260,DASHER_03765,2024-02-27 19:11:00,2024-02-27,2024-02-01,2024,19,Tuesday,47,63.0,16.0,False,46.27,7.92,delivered,True
862bd38d-d58f-4af7-b8a9-a5e3c4e8eb88,72eed0c7-ee34-407a-b310-8a3ec47acf3d,DASHER_01970,2024-04-27 15:04:00,2024-04-27,2024-04-01,2024,15,Saturday,44,85.0,41.0,False,28.99,2.94,delivered,True
223acb04-e21b-4254-8218-56c7484eb648,93660b97-def1-4f6e-b222-832d6508d55d,DASHER_02200,2022-03-07 08:54:00,2022-03-07,2022-03-01,2022,8,Monday,37,32.0,-5.0,True,14.3,1.5,delivered,True
96928c4c-bb06-491a-99e8-49d517812e66,c4cfb25e-27a9-4fba-9ed9-0f21f19a38cd,DASHER_00132,2023-03-04 19:27:00,2023-03-04,2023-03-01,2023,19,Saturday,28,10.0,-23.0,True,18.04,1.65,delivered,True
6385be32-9aa4-4ac3-84ff-bac3b541862b,03bb8bbf-0ed2-432f-b214-d7083aa3d159,DASHER_02247,2024-07-15 18:20:00,2024-07-15,2024-07-01,2024,18,Monday,39,47.0,8.0,False,22.86,2.47,delivered,True
98979283-e10f-4383-8bfd-3b506656ca20,00d06576-a313-4f5c-a319-06f7494f0357,DASHER_01147,2023-12-19 06:19:00,2023-12-19,2023-12-01,2023,6,Tuesday,45,60.0,15.0,False,8.0,7.07,delivered,True
015d9e0e-f43b-46c4-a9f6-1b04b9b4b7d4,3f820d2f-139b-4869-a2d9-a07bed469698,DASHER_01787,2024-02-11 20:07:00,2024-02-11,2024-02-01,2024,20,Sunday,29,27.0,-2.0,True,46.67,6.24,delivered,True
bbe92210-9566-4cef-a160-4eb8faedf032,c3b2f1ea-cf9b-4bf2-b962-e296bc9c24dc,DASHER_03981,2024-02-21 21:40:00,2024-02-21,2024-02-01,2024,21,Wednesday,39,31.0,-8.0,True,45.58,5.79,delivered,True
65f01d96-1182-41c1-9e2f-ac32f811b6ab,fc5b4aa1-b33d-4441-a171-ccaa0b3c1de7,DASHER_04485,2024-02-09 21:16:00,2024-02-09,2024-02-01,2024,21,Friday,37,28.0,-9.0,True,10.58,6.19,delivered,True
1845e9bd-8a60-4907-9c28-176b4fce58de,4396ea78-8d4c-41eb-8561-e509ac2c5ee6,DASHER_02220,2023-11-17 13:46:00,2023-11-17,2023-11-01,2023,13,Friday,54,53.0,-1.0,True,18.41,6.45,delivered,True
30900945-fe77-48a1-afc3-2173c9dc58de,506360a0-94cb-4b16-abf2-a0d410712d99,DASHER_04691,2023-06-08 21:25:00,2023-06-08,2023-06-01,2023,21,Thursday,29,29.0,0.0,True,45.37,2.68,delivered,True
7c6da191-1893-406a-bd46-d8f3728250ff,442a6be0-8e3c-49b9-849d-2a4583d6381d,DASHER_03062,2023-04-24 06:59:00,2023-04-24,2023-04-01,2023,6,Monday,35,28.0,-7.0,True,39.69,5.8,delivered,True
08642534-a015-427d-84f3-f654880cb79b,bf114da7-fb63-4a3b-97f2-a5a5d9afd9d6,DASHER_04819,2023-08-22 18:12:00,2023-08-22,2023-08-01,2023,18,Tuesday,37,41.0,4.0,True,11.03,5.12,delivered,True
7307478f-041f-469e-b9e6-cb85efb0c9ab,f1c175e7-8430-4b1f-90b9-53ee97196ab0,DASHER_02338,2023-10-11 10:08:00,2023-10-11,2023-10-01,2023,10,Wednesday,37,,,,27.15,2.7,cancelled,True
2b019d61-b990-49dc-ae5f-0ecc9e55c99e,312586e7-d473-4d2e-a7ae-1c4a601b1e16,DASHER_03063,2024-10-11 19:27:00,2024-10-11,2024-10-01,2024,19,Friday,39,43.0,4.0,True,23.23,6.05,delivered,True
2b3ca1b3-6111-4fe5-9490-74c3cc63f13a,6f5d1897-4083-4efb-a148-ba7d73357922,DASHER_00531,2024-09-10 22:05:00,2024-09-10,2024-09-01,2024,22,Tuesday,34,28.0,-6.0,True,46.83,2.74,delivered,True
4b9a3cc9-fc94-458a-8ab9-bb7a674b73aa,27df9f59-ff34-4400-86d8-a118ed563a65,DASHER_04493,2024-06-06 16:26:00,2024-06-06,2024-06-01,2024,16,Thursday,36,40.0,4.0,True,43.12,1.31,delivered,True
4728dbf0-d651-42ae-86d1-0db14ceb54c2,4a911a9d-2314-4116-91f3-02e7bc88c4f2,DASHER_00433,2024-04-10 18:20:00,2024-04-10,2024-04-01,2024,18,Wednesday,39,34.0,-5.0,True,32.15,3.84,delivered,True
4c4fdeee-468a-4dad-b824-103b1ad4a276,55d715ee-23e9-4d4e-8118-2663557cb27f,DASHER_00590,2022-01-05 08:27:00,2022-01-05,2022-01-01,2022,8,Wednesday,40,25.0,-15.0,True,20.35,5.94,delivered,True
3b537b31-d3fd-4894-afd5-b6270dabd652,48912f94-667c-4dbc-a3b4-2a97aa167459,DASHER_03536,2023-02-06 01:02:00,2023-02-06,2023-02-01,2023,1,Monday,39,46.0,7.0,False,31.72,7.11,delivered,True
1cbac757-8e63-4d32-b617-19c86586c185,af89d1fc-2651-4805-b449-9654f04e2dfa,DASHER_00782,2023-11-18 21:01:00,2023-11-18,2023-11-01,2023,21,Saturday,26,10.0,-23.0,True,50.28,1.18,delivered,True
a8ce23dc-a0e4-415a-82ab-ee10de953a4c,1512a1a3-d6d5-4b47-9cae-ecec080df9a9,DASHER_01160,2024-04-17 16:06:00,2024-04-17,2024-04-01,2024,16,Wednesday,42,39.0,-3.0,True,39.09,1.12,delivered,True
16a9361a-4af9-4e13-b454-1c1ce389c858,684cdc82-91ca-42b7-9336-de28c0cc8756,DASHER_01119,2024-04-02 15:15:00,2024-04-02,2024-04-01,2024,15,Tuesday,38,56.0,18.0,False,27.84,3.23,delivered,True
2b5fdb1b-c865-44eb-a959-b293b7532fa0,caa4e8e6-b27d-4604-8ea8-097cd33b0093,DASHER_00379,2022-09-25 09:11:00,2022-09-25,2022-09-01,2022,9,Sunday,36,47.0,11.0,False,32.77,6.94,delivered,True
d334fd3b-3f38-4648-84ff-04ffe26f5f49,fbc3744c-57fe-4f65-891e-ad5724238208,DASHER_01866,2022-08-22 20:16:00,2022-08-22,2022-08-01,2022,20,Monday,29,28.0,-1.0,True,19.53,4.61,delivered,True
6337f50b-40e0-4dea-ab42-8667e9d829a5,966ffa93-4e00-4238-84d3-eb99b7b8b574,DASHER_03372,2022-08-28 20:10:00,2022-08-28,2022-08-01,2022,20,Sunday,29,29.0,0.0,True,48.72,5.74,delivered,True
3a0e4ace-301a-4722-9565-7daa7fa45ee5,847ee13a-4d07-4e3d-8cec-ad07fcb3cc87,DASHER_04992,2023-11-14 08:19:00,2023-11-14,2023-11-01,2023,8,Tuesday,38,49.0,11.0,False,8.0,2.2,delivered,True
7c1a34fa-9bad-4c01-baed-05219c59ac78,bd7f3331-00ab-4876-9f44-67a258eff00b,DASHER_02921,2024-11-14 15:12:00,2024-11-14,2024-11-01,2024,15,Thursday,40,38.0,-2.0,True,53.16,2.72,delivered,True
e34dbec7-50e5-41af-8a13-28caa9c14b24,4db6e23b-c2ae-4d32-baf0-3e18a981ee57,DASHER_04692,2024-07-18 18:30:00,2024-07-18,2024-07-01,2024,18,Thursday,23,10.0,-17.0,True,8.52,2.23,delivered,True
c297ee39-dd7a-4169-8660-dbef6f0ef351,ba4c93b3-a4fe-4818-9818-cf61c2373579,DASHER_03142,2024-08-24 21:22:00,2024-08-24,2024-08-01,2024,21,Saturday,31,14.0,-17.0,True,43.08,7.86,delivered,True
aa655ebe-fd88-4b19-bd7e-74f3666fdb24,6a14b9dd-42e6-4dfd-945a-dbb1bd2807d5,DASHER_03195,2024-04-07 13:21:00,2024-04-07,2024-04-01,2024,13,Sunday,32,31.0,-1.0,True,42.47,2.71,delivered,True
31e90b6d-18c7-47b5-951e-0093f037416e,59e6ec97-61bc-425c-8997-b45e0cef93d1,DASHER_03026,2024-11-12 06:58:00,2024-11-12,2024-11-01,2024,6,Tuesday,33,25.0,-8.0,True,34.84,2.52,delivered,True
d6b8ea97-88b7-4a4d-ba6b-d00b06035441,dd498b0d-e9dd-4f46-8adb-ef239b1a6e1b,DASHER_02218,2024-04-08 21:44:00,2024-04-08,2024-04-01,2024,21,Monday,30,37.0,7.0,False,41.82,6.03,delivered,True
6fde7b9a-4330-4142-aebb-74e19ac897de,5f8cf778-64fe-4ea6-b01d-f468db522307,DASHER_04723,2023-04-23 12:35:00,2023-04-23,2023-04-01,2023,12,Sunday,31,15.0,-16.0,True,17.38,4.85,delivered,True
a8c87a36-175f-4300-85d0-f14889c24a22,f89fa075-8584-4edf-b341-3b4c643e3476,DASHER_04045,2023-11-26 20:09:00,2023-11-26,2023-11-01,2023,20,Sunday,30,53.0,23.0,False,36.11,1.71,delivered,True
cce71cd4-b647-4c14-b5d9-f4df2059a2ab,c79b6a82-fc7a-4bad-be32-792c778f8055,DASHER_01609,2024-08-30 07:41:00,2024-08-30,2024-08-01,2024,7,Friday,32,16.0,-16.0,True,34.17,6.2,delivered,True
4c0a3ad0-317c-4bd8-9721-e78f1197bbc9,4269178c-f980-47fc-98df-218c8e1f3eff,DASHER_03515,2023-04-05 12:13:00,2023-04-05,2023-04-01,2023,12,Wednesday,41,38.0,-3.0,True,28.95,3.88,delivered,True
361c5868-9d28-436f-9ab2-08d91624dada,16d9d5ff-641b-4b36-a4f4-3ca18e4c50af,DASHER_04984,2022-07-27 14:34:00,2022-07-27,2022-07-01,2022,14,Wednesday,45,54.0,9.0,False,43.96,6.25,delivered,True
d9e248bc-2982-401c-884c-5cd582030f14,83e03988-896e-44f2-904d-b1ccd5f20062,DASHER_03224,2022-06-08 14:22:00,2022-06-08,2022-06-01,2022,14,Wednesday,42,29.0,-13.0,True,42.9,2.37,delivered,True
7fe57719-99f1-4591-902d-c9798068f72d,3f820d2f-139b-4869-a2d9-a07bed469698,DASHER_00482,2024-08-03 07:15:00,2024-08-03,2024-08-01,2024,7,Saturday,29,50.0,21.0,False,32.44,4.29,delivered,True
b29d2b4c-5c67-4e79-98e4-edc397f7f54b,8870180c-8fb4-4e16-a709-fc8fc66341b0,DASHER_03948,2022-12-07 20:49:00,2022-12-07,2022-12-01,2022,20,Wednesday,38,38.0,0.0,True,59.89,1.12,delivered,True
7b2b359d-1b90-4bba-b405-0729ae7d6004,d67074e4-aa4d-4205-953b-a0ea65c14a2f,DASHER_03262,2022-10-14 14:17:00,2022-10-14,2022-10-01,2022,14,Friday,30,25.0,-5.0,True,25.14,6.48,delivered,True
a9dd2f45-6c64-46b3-9023-a255589ad40b,de5b3a8b-08c5-433a-a8c7-eb5e68da1e84,DASHER_04736,2023-09-02 20:28:00,2023-09-02,2023-09-01,2023,20,Saturday,29,35.0,6.0,False,49.7,3.71,delivered,True
e1d6b83e-963a-47ad-82df-b3bc4cd5b362,e0fb9dda-b0fd-498c-9787-dfb038d347ec,DASHER_01136,2023-08-31 13:25:00,2023-08-31,2023-08-01,2023,13,Thursday,34,40.0,6.0,False,55.01,6.23,delivered,True
49c98c1a-b7d0-4b94-969d-a0a4458e29aa,7aadca91-da2d-4dc4-8525-fe19dc7941f2,DASHER_00899,2023-09-08 01:25:00,2023-09-08,2023-09-01,2023,1,Friday,37,29.0,-8.0,True,34.96,7.37,delivered,True
5c35de81-c8fc-4239-a950-c2df23594188,2bd1c419-623d-4538-a0b6-8dd2eeee934b,DASHER_04511,2023-08-22 17:05:00,2023-08-22,2023-08-01,2023,17,Tuesday,42,33.0,-9.0,True,17.21,2.56,delivered,True
6c687b94-b31d-4645-bf78-63c27cf2d36f,0d287e69-c13a-440b-9f24-cb52e05dffcf,DASHER_04679,2023-11-05 10:07:00,2023-11-05,2023-11-01,2023,10,Sunday,54,60.0,6.0,False,43.47,6.02,delivered,True
244fbf64-f138-4924-8ef5-c94e08f0b848,43c1afa9-d845-402e-a99f-0edf9e3120b9,DASHER_02227,2023-07-12 19:02:00,2023-07-12,2023-07-01,2023,19,Wednesday,36,36.0,0.0,True,22.34,2.5,delivered,True
230cff9b-4598-4d7d-9a56-47925b1eaa3d,b3cc076c-17bb-4448-bc7d-5e051f6c9d05,DASHER_00822,2024-05-08 21:42:00,2024-05-08,2024-05-01,2024,21,Wednesday,41,13.0,-28.0,True,23.0,4.81,delivered,True
b03c74e7-e526-43d6-9b5a-bceb46a142e9,fc5b4aa1-b33d-4441-a171-ccaa0b3c1de7,DASHER_00308,2023-06-28 07:03:00,2023-06-28,2023-06-01,2023,7,Wednesday,49,72.0,23.0,False,20.13,1.51,delivered,True
6a45d080-fb22-4edf-89b4-110328328f8e,cf052e07-e854-425f-aa56-1f8759dc14af,DASHER_04835,2023-05-30 21:05:00,2023-05-30,2023-05-01,2023,21,Tuesday,35,36.0,1.0,True,25.25,1.16,delivered,True
c4f77af8-83be-41d5-8ab9-6dc5231a377c,04f7ef18-da41-42e9-bea1-4497da753c6f,DASHER_03417,2023-10-01 19:59:00,2023-10-01,2023-10-01,2023,19,Sunday,32,45.0,13.0,False,56.58,6.96,delivered,True
cb982c17-b149-47d3-a33d-0ed04bbf19a0,166c4f60-ee78-432b-8fcf-7cb3effa9d96,DASHER_04933,2022-09-01 14:34:00,2022-09-01,2022-09-01,2022,14,Thursday,48,48.0,0.0,True,40.58,1.84,delivered,True
a54e445f-ad23-4999-8fc0-02be5266428c,7a9e7943-30f8-40ea-bd07-cfaff2bc5a8b,DASHER_01277,2023-02-15 11:57:00,2023-02-15,2023-02-01,2023,11,Wednesday,36,36.0,0.0,True,15.11,7.96,delivered,True
168c48b4-441c-4e2d-99e4-56a2a79b1c6a,99dc75d8-4b0a-4c60-9cff-6cf87a91eec0,DASHER_00787,2023-03-06 12:04:00,2023-03-06,2023-03-01,2023,12,Monday,23,31.0,8.0,False,8.0,5.13,delivered,True
211f49d2-20ec-4f0e-a440-61e8550fa597,1234ab6e-407b-462a-9991-aa354e3916c8,DASHER_00707,2023-02-25 22:24:00,2023-02-25,2023-02-01,2023,22,Saturday,36,45.0,9.0,False,33.29,6.53,delivered,True
9957831f-3eca-4571-acfd-ca0f6331fd0a,3365c608-7285-44a2-9f4f-b13e4da94ad4,DASHER_00132,2022-08-26 10:08:00,2022-08-26,2022-08-01,2022,10,Friday,35,30.0,-5.0,True,41.25,4.24,delivered,True
78ef02ea-a257-4242-9a14-9a040c051c7b,50cff78b-74fd-420c-b5fb-700c125e9c8f,DASHER_00976,2022-01-09 09:59:00,2022-01-09,2022-01-01,2022,9,Sunday,34,13.0,-21.0,True,24.98,1.92,delivered,True
b680c9c6-dfc5-415f-9c84-8370690a08c4,aa11f3c2-cd44-451f-b280-10a2822c9c35,DASHER_00615,2024-12-28 15:40:00,2024-12-28,2024-12-01,2024,15,Saturday,33,39.0,6.0,False,31.4,7.78,delivered,True
d282e069-8825-4e5f-b9d7-98edbd418d0a,29a898ba-79ec-4602-8961-2a35e921aa23,DASHER_00587,2024-09-02 21:23:00,2024-09-02,2024-09-01,2024,21,Monday,24,14.0,-10.0,True,29.22,2.66,delivered,True
6f928edf-0c5a-4eb4-87d2-6a2f3080fa92,ee7af6e3-99b5-42ae-a16f-f7eaac67f3a8,DASHER_01000,2022-06-13 03:40:00,2022-06-13,2022-06-01,2022,3,Monday,23,23.0,0.0,True,39.61,2.18,delivered,True
d3594e7f-0dba-4aeb-9100-1b3986ba90ad,fcb504fc-e95f-48f3-94f6-b9bdd4982c20,DASHER_02748,2022-11-07 08:18:00,2022-11-07,2022-11-01,2022,8,Monday,15,18.0,3.0,True,24.33,2.51,delivered,True
c729ad5e-f62f-4a41-88ee-df6e769a69c4,9cc8add9-ff58-4679-85c2-22952f6415c3,DASHER_04488,2022-04-16 14:42:00,2022-04-16,2022-04-01,2022,14,Saturday,24,31.0,7.0,False,28.22,2.16,delivered,True
4d02728f-b1d2-4bb4-9f26-38fa041e7f0b,232c4e8d-0357-4e57-9f22-e3789de7c63b,DASHER_02976,2023-10-24 09:41:00,2023-10-24,2023-10-01,2023,9,Tuesday,42,32.0,-10.0,True,28.76,2.97,delivered,True
ba18713f-cfe2-4dfb-a4d0-9052722fea47,6b6120a4-4640-4e7d-ba88-1d967cdbdec7,DASHER_04306,2022-05-14 22:29:00,2022-05-14,2022-05-01,2022,22,Saturday,25,17.0,-8.0,True,40.67,3.72,delivered,True
f33f755d-9138-4ce3-b39b-f9378924b7aa,db7f1a46-58b9-4624-bc5a-5cc4877ee3a1,DASHER_02791,2023-08-02 16:38:00,2023-08-02,2023-08-01,2023,16,Wednesday,31,31.0,0.0,True,33.61,4.02,delivered,True
f8234f25-6622-48f2-9147-1f692e872b92,56b2627b-6ac2-4da2-b844-7d013d0d0664,DASHER_01193,2023-12-14 22:58:00,2023-12-14,2023-12-01,2023,22,Thursday,28,34.0,6.0,False,34.21,5.46,delivered,True
61a0abf5-5530-4d65-adb5-99ce24375c16,8bb457e7-6024-41ef-9dfb-5d2250001642,DASHER_00212,2022-06-26 15:24:00,2022-06-26,2022-06-01,2022,15,Sunday,30,14.0,-16.0,True,42.86,2.8,delivered,True
8a034acb-3d28-49f0-9ff0-9f056a8ee0ee,e4a666aa-a07f-4de0-bb19-4508fa0d339f,DASHER_02248,2022-01-17 16:42:00,2022-01-17,2022-01-01,2022,16,Monday,41,43.0,2.0,True,36.65,7.9,delivered,True
2ec9e6f9-7860-4592-958b-a1cc75cfcc07,f83ba527-0f70-4f16-a702-acf43ab6b06a,DASHER_03646,2024-02-14 16:26:00,2024-02-14,2024-02-01,2024,16,Wednesday,38,43.0,5.0,True,19.57,6.44,delivered,True
b873cfca-2455-443a-be0a-42e5656d101b,2e38ce3c-b0d2-4aff-9fda-d3dbe6660adc,DASHER_04911,2022-07-30 21:00:00,2022-07-30,2022-07-01,2022,21,Saturday,57,51.0,-6.0,True,39.64,7.79,delivered,True
1ea8beba-5de8-4aab-b2f0-4301b61f93ac,e5e4d693-581c-4fb7-8c50-b303531f6061,DASHER_00911,2022-07-25 16:34:00,2022-07-25,2022-07-01,2022,16,Monday,37,45.0,8.0,False,41.61,1.84,delivered,True
28d4167f-6277-4ff6-bd64-a0924717b29e,c44db8e4-b37d-4939-8e63-1aaf11b97993,DASHER_00107,2022-11-27 08:09:00,2022-11-27,2022-11-01,2022,8,Sunday,30,28.0,-2.0,True,12.0,7.05,delivered,True
71ef11fc-ceaf-4680-afc8-8cb9eb44f64e,50cff78b-74fd-420c-b5fb-700c125e9c8f,DASHER_00319,2024-12-13 09:38:00,2024-12-13,2024-12-01,2024,9,Friday,32,,,,21.68,6.07,cancelled,True
24c423cf-4c95-4562-bfbc-5428cc64d98a,fec37f86-aa4f-4db4-9265-1d75f06af877,DASHER_00945,2023-07-03 15:51:00,2023-07-03,2023-07-01,2023,15,Monday,40,47.0,7.0,False,41.24,1.2,delivered,True
65ca6da9-b10c-4aed-8e69-15ed88a26e12,2c2f6ec2-2155-443b-abc4-0ef3d003f4ed,DASHER_04346,2023-10-06 09:49:00,2023-10-06,2023-10-01,2023,9,Friday,32,57.0,25.0,False,16.59,5.13,delivered,True
215c03be-c72c-43d7-92b0-064b591e92c1,1f02610b-59e3-4272-afb3-c93e2dab4347,DASHER_04008,2022-01-16 20:27:00,2022-01-16,2022-01-01,2022,20,Sunday,32,48.0,16.0,False,24.43,6.3,delivered,True
05b3903f-dff9-4ae9-b022-e822f5c0f111,e67626b2-2e08-4269-964d-83b426828f84,DASHER_02458,2024-12-09 10:08:00,2024-12-09,2024-12-01,2024,10,Monday,34,36.0,2.0,True,27.26,1.71,delivered,True
87e5b3f3-b8fa-4dca-8fa0-aa9f2a94266f,c0b392a4-36ba-4891-af63-1be5a87005bc,DASHER_01034,2023-08-13 22:45:00,2023-08-13,2023-08-01,2023,22,Sunday,40,37.0,-3.0,True,32.59,7.33,delivered,True
779d70c1-3d18-4876-a436-244226ff16f0,31c79f9f-ad25-4819-81b4-557ccb7128bc,DASHER_01055,2023-06-22 11:35:00,2023-06-22,2023-06-01,2023,11,Thursday,25,14.0,-11.0,True,37.34,4.84,delivered,True
d1b97d8a-9c76-431a-b250-2b7a87e223bc,33c0c09f-62a2-4086-9a91-f440e3098cca,DASHER_01818,2022-12-25 07:32:00,2022-12-25,2022-12-01,2022,7,Sunday,26,10.0,-24.0,True,29.16,7.38,delivered,True
3ff79c2a-1932-4168-aae6-9476d980f2a0,913126a1-03e8-4657-aa9c-838b260d7bad,DASHER_00797,2022-02-21 19:14:00,2022-02-21,2022-02-01,2022,19,Monday,25,10.0,-15.0,True,32.88,2.54,delivered,True
017497e7-9028-4e97-be31-c3cfb3287b1c,ca49b516-9e43-41ec-a7dc-23edd5251c39,DASHER_00112,2024-06-29 11:58:00,2024-06-29,2024-06-01,2024,11,Saturday,47,35.0,-12.0,True,22.85,3.25,delivered,True
41d6d926-cc81-4eb5-bf9c-c64300d03338,331e5f36-037e-44df-a3bf-55f8282b7d13,DASHER_04462,2023-12-07 22:50:00,2023-12-07,2023-12-01,2023,22,Thursday,41,31.0,-10.0,True,42.57,6.31,delivered,True
f1dae8f7-0e90-4623-92a4-057e13558a9e,d3e9bfeb-8bae-45a0-9399-9eaf3360b899,DASHER_00400,2023-01-18 18:47:00,2023-01-18,2023-01-01,2023,18,Wednesday,43,43.0,0.0,True,23.25,2.06,delivered,True
5bfd51cf-4be9-424e-9288-468362d939a0,a92eb381-5d01-48e3-8519-d03d70275a6c,DASHER_01913,2024-05-28 01:04:00,2024-05-28,2024-05-01,2024,1,Tuesday,27,26.0,-1.0,True,13.77,4.16,delivered,True
1e771db1-ecf1-4892-b612-4030de84c4b3,c97938a0-c6c2-4526-863f-5708c0e5b5db,DASHER_00763,2023-07-14 13:57:00,2023-07-14,2023-07-01,2023,13,Friday,42,45.0,3.0,True,42.48,4.91,delivered,True
fa951e21-9927-4d69-90ca-f1715e89375f,f83ba527-0f70-4f16-a702-acf43ab6b06a,DASHER_02296,2023-09-05 18:35:00,2023-09-05,2023-09-01,2023,18,Tuesday,31,41.0,10.0,False,33.58,2.35,delivered,True
416f8d9a-e4e4-48a3-b0d5-46d5d7110ab5,901b06bd-5339-4bb0-b5d2-78035a45a787,DASHER_03766,2024-03-27 18:10:00,2024-03-27,2024-03-01,2024,18,Wednesday,25,10.0,-17.0,True,31.13,7.36,delivered,True
99b6189b-78f9-4441-bafb-f96221ab106d,c634f514-ac1c-4260-b56f-22cef8c60fbe,DASHER_01153,2023-10-24 20:51:00,2023-10-24,2023-10-01,2023,20,Tuesday,25,34.0,9.0,False,29.2,7.3,delivered,True
731e657c-504d-4c03-a1e4-de2fa34fa64b,f8e1f755-8325-43dc-bb9c-b0ec3f71272b,DASHER_01032,2022-12-23 10:32:00,2022-12-23,2022-12-01,2022,10,Friday,37,37.0,0.0,True,19.99,3.38,delivered,True
b47e0f2c-d4e1-433f-bb59-505a5f968750,7d570e44-dda3-4310-b911-faff3ced5290,DASHER_04791,2024-03-26 18:20:00,2024-03-26,2024-03-01,2024,18,Tuesday,46,36.0,-10.0,True,25.69,7.49,delivered,True
fd4e9032-9561-43cf-b9cb-87e3d91dbd8e,2fe5a1e7-2cd6-4bd9-acfb-47e9fd757c75,DASHER_03022,2024-02-26 09:31:00,2024-02-26,2024-02-01,2024,9,Monday,27,23.0,-4.0,True,17.91,6.33,delivered,True
64ee6e45-be80-40f1-9179-61056bae9273,105993d8-e4da-46a8-abb1-76363d389fd0,DASHER_01820,2023-03-30 19:39:00,2023-03-30,2023-03-01,2023,19,Thursday,36,41.0,5.0,True,8.0,6.93,delivered,True
6d30c19e-7d05-4a16-b022-3784a589f4bb,5014fdcd-9788-4159-89ef-8f368961bc92,DASHER_00165,2023-10-22 18:58:00,2023-10-22,2023-10-01,2023,18,Sunday,38,25.0,-13.0,True,35.5,4.04,delivered,True
8b0df36e-145f-4119-be1a-c3fd35fa7664,437977ee-375b-4715-b879-28419be8e2cb,DASHER_02420,2023-01-12 21:44:00,2023-01-12,2023-01-01,2023,21,Thursday,32,29.0,-3.0,True,24.11,7.65,delivered,True
b0a497e7-7b4d-4276-be15-90091fa14a4e,46dfbcd2-f634-47ac-90bd-36d96f4c9cc3,DASHER_01448,2022-10-12 20:01:00,2022-10-12,2022-10-01,2022,20,Wednesday,32,43.0,11.0,False,40.21,2.68,delivered,True
1a255626-b03b-48f7-a2d5-62fd597a1174,e5f87447-42f7-4a39-9ffd-f9f7857fb524,DASHER_03245,2022-12-27 21:24:00,2022-12-27,2022-12-01,2022,21,Tuesday,30,20.0,-10.0,True,18.14,2.54,delivered,True
c731703e-fe18-41c1-9f3c-c9151fb10e83,6c5da0ab-aed4-4d3b-b115-28663e5752a7,DASHER_01285,2022-09-16 20:48:00,2022-09-16,2022-09-01,2022,20,Friday,40,41.0,1.0,True,15.78,6.45,delivered,True
741724b2-c723-47c0-8ded-5e86caf68c34,8ff9727a-25b9-4806-be20-fdcf5c4c06fa,DASHER_04722,2024-01-04 00:09:00,2024-01-04,2024-01-01,2024,0,Thursday,34,39.0,5.0,True,30.38,2.67,delivered,True
f8aafb23-c366-4dcd-8f79-b16b58c705af,d59c2271-63c8-4ecf-a41b-6a89abb8c9db,DASHER_00016,2023-05-14 10:39:00,2023-05-14,2023-05-01,2023,10,Sunday,36,52.0,16.0,False,31.43,5.95,delivered,True
ab684e93-f8d9-4e02-b544-20afc2961474,a4a737b7-05cc-4d68-b2cf-6837a2c87f8b,DASHER_02300,2023-12-01 15:24:00,2023-12-01,2023-12-01,2023,15,Friday,35,48.0,13.0,False,51.39,5.89,delivered,True
29a5b732-3d2e-4ee1-8466-03d31f67c969,8fbd8b12-c1f1-4dc4-a5c6-76b6b54e0f02,DASHER_04746,2022-05-12 17:23:00,2022-05-12,2022-05-01,2022,17,Thursday,28,,,,55.92,1.99,cancelled,True
b423d233-042a-44db-aaa0-94f6860fd36b,3c2578e4-5752-4a56-b12e-e1ac28172257,DASHER_01919,2022-01-01 11:49:00,2022-01-01,2022-01-01,2022,11,Saturday,34,22.0,-12.0,True,50.97,1.57,delivered,True
a75fa2b4-6f98-41fb-be19-2ad710fc79bf,e67dd971-4c9b-4e57-a087-bb6900673931,DASHER_02715,2024-02-28 19:29:00,2024-02-28,2024-02-01,2024,19,Wednesday,21,25.0,4.0,True,16.93,3.01,delivered,True
96cc385d-7fae-41e4-9760-95b44e69412d,71845b05-af78-4ceb-952f-03440883113c,DASHER_01604,2023-05-17 15:50:00,2023-05-17,2023-05-01,2023,15,Wednesday,41,40.0,-1.0,True,8.0,5.73,delivered,True
39d90670-563f-4d73-8708-e01575555b81,41af0b3d-cc13-4170-8677-a9ff4a0b8587,DASHER_03506,2022-08-02 22:42:00,2022-08-02,2022-08-01,2022,22,Tuesday,26,30.0,4.0,True,21.11,5.6,delivered,True
c77aeec9-2897-473a-bd33-a8adb114681f,c13eddfa-ef0a-40e4-a8fc-d94c8b71948d,DASHER_02630,2024-05-06 06:01:00,2024-05-06,2024-05-01,2024,6,Monday,41,42.0,1.0,True,19.84,4.33,delivered,True
1547cd8a-2f9f-4a0f-be40-57ee139b55c8,8f38a302-aaa3-40c0-8724-be5162259a9d,DASHER_00567,2022-04-23 14:04:00,2022-04-23,2022-04-01,2022,14,Saturday,38,22.0,-16.0,True,21.73,5.37,delivered,True
c2ee913f-2ecb-4f97-86c6-8c7355d9736f,8f38a302-aaa3-40c0-8724-be5162259a9d,DASHER_01109,2024-06-23 02:40:00,2024-06-23,2024-06-01,2024,2,Sunday,27,34.0,7.0,False,9.64,2.05,delivered,True
454111f9-c5f2-46af-b1b5-753581972a35,5177a521-3308-43ad-a897-541bb5217ec3,DASHER_04233,2024-09-22 08:22:00,2024-09-22,2024-09-01,2024,8,Sunday,32,30.0,-2.0,True,24.5,3.56,delivered,True
26238d34-eac5-4477-9fe7-5f7f6f350253,fbc3744c-57fe-4f65-891e-ad5724238208,DASHER_00176,2023-03-28 22:05:00,2023-03-28,2023-03-01,2023,22,Tuesday,23,43.0,20.0,False,42.97,1.27,delivered,True
7b63f971-e2c7-4365-9a81-7d380a94881c,5e854b00-0ee9-4543-a38f-29818955e30d,DASHER_01216,2023-05-17 15:21:00,2023-05-17,2023-05-01,2023,15,Wednesday,35,27.0,-8.0,True,44.89,1.5,delivered,True
7c576fd2-3d88-4264-b08e-7d0564aed483,1966d2de-9828-4fa0-ab2a-b0a1c12e7b14,DASHER_01709,2022-10-21 11:22:00,2022-10-21,2022-10-01,2022,11,Friday,26,13.0,-13.0,True,16.19,1.88,delivered,True
07c57538-c772-4b49-86cd-9fdb186b25c9,d9138c95-e89b-4295-9646-255cfce2c50e,DASHER_04070,2024-09-07 20:34:00,2024-09-07,2024-09-01,2024,20,Saturday,34,29.0,-5.0,True,11.87,7.17,delivered,True
79e334b7-9f56-455b-ad51-814ad8dd3891,99b19f1e-2ade-40da-ba17-f273c3d1e7ad,DASHER_00248,2023-11-30 21:58:00,2023-11-30,2023-11-01,2023,21,Thursday,40,37.0,-3.0,True,27.85,6.69,delivered,True
b381448a-141c-44c3-9816-35a5ccfa7c21,859e8489-c9dc-45c2-9337-5d2d16b39129,DASHER_01804,2023-12-25 09:27:00,2023-12-25,2023-12-01,2023,9,Monday,31,35.0,4.0,True,38.45,6.63,delivered,True
bc1ffcae-1f68-48c9-bac9-b756544a32e8,7ec5b09e-9906-4b13-beef-ddbe53eaf253,DASHER_02039,2024-09-26 09:17:00,2024-09-26,2024-09-01,2024,9,Thursday,29,25.0,-4.0,True,41.14,4.41,delivered,True
583bfcde-bffd-4ff2-b880-297d35709670,e731b143-8488-4edf-90fc-d364640b45c7,DASHER_02131,2024-01-19 19:20:00,2024-01-19,2024-01-01,2024,19,Friday,42,37.0,-5.0,True,10.85,5.11,delivered,True
c1913e19-1899-45d4-a044-b40e4fed8b39,03bb8bbf-0ed2-432f-b214-d7083aa3d159,DASHER_00177,2022-11-24 09:52:00,2022-11-24,2022-11-01,2022,9,Thursday,33,36.0,3.0,True,16.8,3.14,delivered,True
b9096155-70dc-45b1-954e-391220cc0440,7eccf864-a2da-4852-b416-06e9c5c27998,DASHER_04373,2022-10-10 12:26:00,2022-10-10,2022-10-01,2022,12,Monday,16,10.0,-15.0,True,55.26,1.99,delivered,True
b408fc6f-cc82-4169-976f-41e8cefc18ed,2a22618f-75d0-4c90-b41b-3ad2148cdaa0,DASHER_01469,2022-04-22 21:49:00,2022-04-22,2022-04-01,2022,21,Friday,28,37.0,9.0,False,40.15,5.17,delivered,True
c18793be-1fc8-498b-aed2-c74fa2a48a1c,c5fa5024-6516-49e0-b557-ed6678f8ab3b,DASHER_02206,2023-04-19 19:44:00,2023-04-19,2023-04-01,2023,19,Wednesday,43,44.0,1.0,True,32.4,5.02,delivered,True
f7c68183-cb85-443a-986f-daa60da948ba,54cea9be-2231-4833-9b70-066500231633,DASHER_01604,2023-09-09 15:50:00,2023-09-09,2023-09-01,2023,15,Saturday,32,18.0,-14.0,True,8.0,3.04,delivered,True
a9ebe9a6-5b16-429a-8876-d716ed8f2377,cffe33bf-1698-4197-bdca-f40770074e4b,DASHER_00051,2024-10-07 16:54:00,2024-10-07,2024-10-01,2024,16,Monday,29,10.0,-21.0,True,25.33,4.44,delivered,True
ff761672-e16a-4e1c-8226-cb264ea51d26,892bfd96-b2bf-4fe5-9236-df64462397a2,DASHER_00425,2024-08-07 21:08:00,2024-08-07,2024-08-01,2024,21,Wednesday,42,26.0,-16.0,True,49.88,4.2,delivered,True
f7aca1b4-7633-42a7-adfb-22196f6dfcf8,9f3dff24-a5d7-4924-8e12-bba837b933f5,DASHER_01179,2023-02-21 10:39:00,2023-02-21,2023-02-01,2023,10,Tuesday,31,31.0,0.0,True,29.99,5.51,delivered,True
89a87809-136e-4928-aeb6-c3c149e71271,49394ff4-c479-4da5-96f6-107b7f0e89ee,DASHER_03233,2022-11-16 19:59:00,2022-11-16,2022-11-01,2022,19,Wednesday,29,12.0,-17.0,True,18.89,4.41,delivered,True
dac6db4e-c84e-4df3-8c9c-b9ce0c9bb324,f4a76288-da53-439e-aa64-d1e98a00e26c,DASHER_04261,2024-06-30 01:12:00,2024-06-30,2024-06-01,2024,1,Sunday,30,34.0,4.0,True,27.25,1.46,delivered,True
79c162dc-edff-446a-b977-8641e5966544,db216414-7217-4143-a349-3f6300808c8f,DASHER_04243,2022-10-11 21:52:00,2022-10-11,2022-10-01,2022,21,Tuesday,35,47.0,12.0,False,51.19,3.04,delivered,True
19e3064c-ab6e-44a5-82a4-8c613aa9e44c,cfb530f2-ff18-48b0-9525-1c74a6ea9da4,DASHER_01740,2023-07-04 08:52:00,2023-07-04,2023-07-01,2023,8,Tuesday,34,65.0,31.0,False,13.96,5.02,delivered,True
1b0d39e9-cf4c-4862-9e5b-2a6128b0f3c7,04505466-972b-4b61-8a86-210ff30780ea,DASHER_04085,2022-02-16 22:32:00,2022-02-16,2022-02-01,2022,22,Wednesday,39,55.0,16.0,False,64.21,6.06,delivered,True
cf2fa357-9692-4247-9ff3-a06010555043,20e51a62-a3d1-41c0-82fa-2be9d4e5692b,DASHER_02343,2022-06-25 19:24:00,2022-06-25,2022-06-01,2022,19,Saturday,42,42.0,0.0,True,52.23,5.19,delivered,True
c9cbc5c4-a08d-4cb7-a3a3-c3e8b1fa43ec,7639f7c7-098c-4d62-b48e-d3880e1270d3,DASHER_00931,2022-02-19 17:23:00,2022-02-19,2022-02-01,2022,17,Saturday,24,32.0,8.0,False,22.46,7.06,delivered,True
025438a3-fc1f-402f-a74b-e798c6576b5b,b6e2bc92-4273-48b0-9efb-c0b522c2dd3b,DASHER_03065,2022-10-26 11:23:00,2022-10-26,2022-10-01,2022,11,Wednesday,35,30.0,-5.0,True,49.26,7.22,delivered,True
73ce966c-314c-47db-9a33-08643ccf4aff,b487508d-7795-4b27-84f4-d722cd847dfd,DASHER_04346,2022-01-02 06:57:00,2022-01-02,2022-01-01,2022,6,Sunday,38,33.0,-5.0,True,41.52,6.0,delivered,True
a8d67722-b97d-438e-bc05-46d442994f77,610b9511-169a-482d-b6c7-868749a8dc02,DASHER_00292,2022-05-03 17:03:00,2022-05-03,2022-05-01,2022,17,Tuesday,37,51.0,14.0,False,23.72,1.42,delivered,True
532a49c1-ba59-477a-ae0c-651ea7f6cf8d,49f41eac-97cc-4967-8673-3aa31e2cfc99,DASHER_01749,2022-05-06 11:04:00,2022-05-06,2022-05-01,2022,11,Friday,46,40.0,-6.0,True,40.54,6.83,delivered,True
5d8963b3-36a6-4393-a0f0-4903714f5bc1,936632ba-dc72-45f7-9c7a-8265e043af99,DASHER_03752,2023-01-27 17:41:00,2023-01-27,2023-01-01,2023,17,Friday,42,50.0,8.0,False,20.95,2.37,delivered,True
aacbf5ec-ab1a-4798-b1d9-a57a272899c5,378e23e4-3769-4d48-a472-f4b39ab04dee,DASHER_03989,2022-01-25 07:25:00,2022-01-25,2022-01-01,2022,7,Tuesday,43,33.0,-10.0,True,27.16,6.88,delivered,True
04360c49-47a5-4a06-b3b3-2df6e9cd81f2,eaaf038f-5a2d-4695-bb4b-f23c4c3fa6f8,DASHER_03789,2024-07-12 17:02:00,2024-07-12,2024-07-01,2024,17,Friday,50,,,,34.0,3.82,cancelled,True
db029e84-8f3b-434e-8c3b-a9556df26cff,3e11acff-1e98-4497-91eb-ebf47266d18c,DASHER_00874,2024-12-15 19:41:00,2024-12-15,2024-12-01,2024,19,Sunday,23,20.0,-3.0,True,11.99,3.55,delivered,True
7875b042-cfd3-42d9-b89a-e7eb8d81377c,8a7129e1-d5e2-4929-be01-7f0a25f4598c,DASHER_03850,2024-03-08 15:51:00,2024-03-08,2024-03-01,2024,15,Friday,26,25.0,-1.0,True,35.35,3.48,delivered,True
1f36b258-b7b1-4c54-811e-c2361ded5e96,b87ada2e-41fc-46d0-8c45-9bd99575ca3a,DASHER_02628,2024-12-03 10:12:00,2024-12-03,2024-12-01,2024,10,Tuesday,28,30.0,2.0,True,33.16,7.04,delivered,True
5a1c6224-dbe3-4c92-b5a6-3b1607bd7183,b1459b3d-b2fe-422c-bbf6-96852963053d,DASHER_00548,2023-11-13 22:34:00,2023-11-13,2023-11-01,2023,22,Monday,36,43.0,7.0,False,15.14,4.07,delivered,True
301767b8-0ea7-43b2-8352-862ab261a3ec,32416e25-476c-4c1a-8a99-eb9067939b8e,DASHER_04860,2022-11-04 17:15:00,2022-11-04,2022-11-01,2022,17,Friday,30,25.0,-5.0,True,36.84,6.38,delivered,True
e8105436-bda9-4045-adb3-3e6539de8806,746a2e36-817d-414c-b596-3b3c7df996d4,DASHER_03948,2024-11-08 09:10:00,2024-11-08,2024-11-01,2024,9,Friday,26,37.0,11.0,False,26.22,5.76,delivered,True
9e72ce9b-2051-4b52-890c-f08e56e03db7,b5606e4b-60f6-48e9-ac69-c1d8d4a44e80,DASHER_01658,2023-07-03 22:27:00,2023-07-03,2023-07-01,2023,22,Monday,37,22.0,-15.0,True,22.42,1.04,delivered,True
24e48b0a-a8cc-4881-a4d4-9f97cd46800a,aca289dd-77d7-4c9d-ae4c-504251e977e0,DASHER_03522,2024-11-21 13:10:00,2024-11-21,2024-11-01,2024,13,Thursday,42,35.0,-7.0,True,8.0,2.54,delivered,True
b55108e8-bf72-4a9f-ab7b-48797295173b,40e94756-f5a8-41fd-bb3d-87c24caf61ef,DASHER_04242,2023-10-11 06:23:00,2023-10-11,2023-10-01,2023,6,Wednesday,26,33.0,7.0,False,8.0,3.58,delivered,True
bea1a458-6c30-4ee9-b129-c6e0aec43100,6278bfe5-e884-4438-84f7-fb6b5c1cd500,DASHER_00062,2023-09-07 15:15:00,2023-09-07,2023-09-01,2023,15,Thursday,45,45.0,0.0,True,9.63,4.29,delivered,True
1cf10695-afb0-4f70-bd12-e71ae42574e4,008b8658-9bb5-4d39-ac48-fd4779f9eee7,DASHER_03963,2022-01-17 18:48:00,2022-01-17,2022-01-01,2022,18,Monday,32,39.0,7.0,False,11.68,6.54,delivered,True
894c6f82-4097-4605-adbd-a5cc041eef3f,6e46022b-39d2-4802-8f37-7536d98e3cf7,DASHER_02396,2024-08-18 15:47:00,2024-08-18,2024-08-01,2024,15,Sunday,38,37.0,-1.0,True,33.5,6.12,delivered,True
4a18de0b-2a74-4fe1-b7d6-43e77dc5d0ab,dc9b7df1-239b-45c1-9adf-3c426381fabc,DASHER_00679,2024-10-29 22:12:00,2024-10-29,2024-10-01,2024,22,Tuesday,38,,,,28.64,2.01,cancelled,True
bfbc34a3-44a0-4895-9b9e-e87295b05841,6bac540e-4654-4065-ab1b-d4caf2c1ac61,DASHER_04004,2022-04-09 20:45:00,2022-04-09,2022-04-01,2022,20,Saturday,37,32.0,-5.0,True,33.2,1.35,delivered,True
e053df0d-97ed-451f-891f-670e5bb98120,af0f70f7-1132-4ca7-b9c6-d2638c268911,DASHER_03499,2024-09-17 21:44:00,2024-09-17,2024-09-01,2024,21,Tuesday,46,28.0,-18.0,True,8.0,7.53,delivered,True
d56ab254-bd2f-4899-b7de-035606b19c35,e1a263b5-5bb8-442b-9a1c-5b65094dc2d2,DASHER_03729,2024-08-30 07:23:00,2024-08-30,2024-08-01,2024,7,Friday,32,20.0,-12.0,True,24.9,5.26,delivered,True
b64d6faf-d9c9-4ef1-810e-ef9ddfb0c5b4,8d616c21-f974-4c22-89c4-24774c8422cb,DASHER_03003,2024-02-13 17:15:00,2024-02-13,2024-02-01,2024,17,Tuesday,36,,,,53.01,2.06,cancelled,True
6ddc2184-6722-498d-9c02-46dd52dfc760,d7a6ac5b-76e7-49a8-8b22-96ecc6d87db8,DASHER_01640,2023-07-31 22:43:00,2023-07-31,2023-07-01,2023,22,Monday,25,37.0,12.0,False,37.67,6.85,delivered,True
16468b4d-1476-44b2-9e41-6117dae96267,90b7f69f-913f-4b62-91ad-b97ddd983e7e,DASHER_02330,2022-06-05 20:15:00,2022-06-05,2022-06-01,2022,20,Sunday,33,51.0,18.0,False,26.16,4.34,delivered,True
2ad586e6-96ad-4d39-b4ad-7306d1d7c79c,55715d56-7ebd-4afd-8c1f-a9d1b3321179,DASHER_00676,2023-05-14 15:48:00,2023-05-14,2023-05-01,2023,15,Sunday,42,51.0,9.0,False,39.71,6.21,delivered,True
9b22a1aa-cc52-4eed-b395-3b18ba8ce6e5,129c612f-cded-4c63-aa5a-6d93ab8748a0,DASHER_04128,2022-07-16 04:25:00,2022-07-16,2022-07-01,2022,4,Saturday,31,25.0,-6.0,True,8.0,1.22,delivered,True
5b31b71c-b7cb-4e39-a151-9b3ef10fd8d3,c0689d68-05eb-4dd7-ad09-9a15432b44a0,DASHER_02754,2024-04-01 13:36:00,2024-04-01,2024-04-01,2024,13,Monday,32,15.0,-17.0,True,8.0,7.42,delivered,True
e5c865f6-92c0-470a-88ec-aed54190dac3,fbf6332c-31b4-4eac-97d8-a4d40398bb35,DASHER_00731,2023-02-21 10:18:00,2023-02-21,2023-02-01,2023,10,Tuesday,25,10.0,-18.0,True,27.37,5.19,delivered,True
2b60c269-7efa-4a5c-92de-1338913dd77b,3ea5d548-71f3-4a78-abed-76f1aac0e8a4,DASHER_04139,2022-08-09 11:25:00,2022-08-09,2022-08-01,2022,11,Tuesday,31,31.0,0.0,True,67.11,3.7,delivered,True
2c0d500e-d8f9-457a-84c8-40d5a2d38df3,6cb1c01d-f782-4618-8469-659e73969185,DASHER_04053,2023-08-04 19:15:00,2023-08-04,2023-08-01,2023,19,Friday,24,24.0,0.0,True,25.51,5.84,delivered,True
a211313b-ce29-4db7-99c2-3182b2c50cf2,fc84acc2-7d51-43b6-9a34-320ae65bd4b4,DASHER_02161,2024-04-14 15:09:00,2024-04-14,2024-04-01,2024,15,Sunday,35,29.0,-6.0,True,41.14,2.16,delivered,True
23b8eaf5-4cba-490b-805a-d562f0de6e3e,817f20ff-3f1b-4659-9c5d-e2ec34e24e68,DASHER_01157,2024-10-17 19:18:00,2024-10-17,2024-10-01,2024,19,Thursday,26,47.0,21.0,False,28.95,1.14,delivered,True
d1b2237f-5800-486a-8376-da6e46b11fd7,934291e8-0340-4bac-a267-6a0d1b7afc2e,DASHER_00704,2024-03-12 19:05:00,2024-03-12,2024-03-01,2024,19,Tuesday,30,48.0,18.0,False,12.23,3.36,delivered,True
9c79e83a-07a4-4f2e-8a54-a6cd1cff4b59,1080357b-bb63-47e9-af21-8270650b4d3e,DASHER_00467,2023-03-03 20:31:00,2023-03-03,2023-03-01,2023,20,Friday,29,37.0,8.0,False,17.93,7.14,delivered,True
42350f86-5dd7-4422-aac3-1d23f57db214,b354e64d-cd23-443d-b5f9-9c68b6a33fe4,DASHER_04901,2023-02-10 23:20:00,2023-02-10,2023-02-01,2023,23,Friday,47,34.0,-13.0,True,21.93,2.4,delivered,True
e9ee9de1-8be3-4bc6-89d2-33710ef4d4e6,3f96a85e-c90c-4670-970a-034799845a21,DASHER_04875,2022-01-27 07:03:00,2022-01-27,2022-01-01,2022,7,Thursday,20,23.0,3.0,True,29.95,5.11,delivered,True
9123b4ab-14fd-4127-8cc0-38609b123530,c74c71a6-afa6-4d9b-a266-8f8acde3fa94,DASHER_04355,2022-05-16 17:33:00,2022-05-16,2022-05-01,2022,17,Monday,35,35.0,0.0,True,37.56,5.5,delivered,True
a6ff99ad-bcfc-4b81-a2df-fb2792f25d17,878ba491-1624-47e0-86e9-4a5218748211,DASHER_01472,2023-04-18 12:17:00,2023-04-18,2023-04-01,2023,12,Tuesday,33,46.0,13.0,False,35.91,5.36,delivered,True
06113c34-61a7-407e-b0fe-9ceb9a0279b4,a6c9deb2-096e-4d4b-a0ea-a3bdb724ad19,DASHER_03417,2022-04-14 18:14:00,2022-04-14,2022-04-01,2022,18,Thursday,40,42.0,2.0,True,18.55,3.91,delivered,True
75a5d0d9-8bb4-4ec6-afde-e846f9ab7617,81187d03-4226-4c7a-9142-5c25a08a26da,DASHER_03515,2022-12-15 17:41:00,2022-12-15,2022-12-01,2022,17,Thursday,37,57.0,20.0,False,32.59,4.63,delivered,True
ca3b3500-aaf7-4df5-a1c5-191fad49e162,d97c5d40-0d71-4df7-88db-6df30563b36a,DASHER_02100,2023-12-16 21:55:00,2023-12-16,2023-12-01,2023,21,Saturday,35,25.0,-10.0,True,31.98,7.09,delivered,True
8ce309fe-c08d-4203-a04b-b8acbcddd0ab,5ebe950a-bb5a-44d1-8816-35cd95e812a4,DASHER_04493,2023-03-28 06:53:00,2023-03-28,2023-03-01,2023,6,Tuesday,19,22.0,3.0,True,23.61,7.62,delivered,True
9b1fcd01-bdf7-4e81-b3ed-89a4f75d2120,af0f70f7-1132-4ca7-b9c6-d2638c268911,DASHER_04127,2023-05-16 00:39:00,2023-05-16,2023-05-01,2023,0,Tuesday,18,29.0,11.0,False,26.44,4.89,delivered,True
cd72bfe5-68a1-4011-a096-31a5d17d2d86,ca29c0aa-a384-421d-9bb9-dd5ed6e8d119,DASHER_02916,2022-09-13 20:08:00,2022-09-13,2022-09-01,2022,20,Tuesday,39,31.0,-8.0,True,10.72,5.52,delivered,True
4d908310-f613-488d-b97a-85c6bda02135,d9890ea1-fe6c-4e8b-99e7-0d4da31c948a,DASHER_03921,2022-08-01 14:31:00,2022-08-01,2022-08-01,2022,14,Monday,24,32.0,8.0,False,8.0,5.6,delivered,True
41667f50-f8bb-4a91-b4bf-565094109b94,94f12678-d226-465e-9ee2-65118a2771a1,DASHER_00201,2023-03-20 14:15:00,2023-03-20,2023-03-01,2023,14,Monday,45,32.0,-13.0,True,36.05,1.6,delivered,True
9d225c5c-426f-4f1b-a65b-c60b3cea7c2c,4333fa1b-4926-4f83-ae6f-564fc51742a8,DASHER_01301,2024-03-23 21:50:00,2024-03-23,2024-03-01,2024,21,Saturday,29,19.0,-10.0,True,34.92,4.1,delivered,True
0585318a-fb16-4a64-be8f-3d7d6f6c16b8,04f509d0-9f45-4f5d-9ceb-9e07e997b78e,DASHER_03237,2024-11-20 01:44:00,2024-11-20,2024-11-01,2024,1,Wednesday,42,38.0,-4.0,True,13.39,7.92,delivered,True
77dafd3d-93b4-4dcd-9241-062855e39cfa,134b54ea-ef07-4b79-a0dd-71709175c22e,DASHER_04990,2023-10-28 09:35:00,2023-10-28,2023-10-01,2023,9,Saturday,44,36.0,-8.0,True,40.95,5.08,delivered,True
baeb4b4d-fa0a-4933-a41e-183cdc5c004c,13215552-218d-449a-8f4e-2a9073b62b1b,DASHER_01247,2023-10-14 17:06:00,2023-10-14,2023-10-01,2023,17,Saturday,35,42.0,7.0,False,38.82,4.03,delivered,True
36782109-a5b2-4613-aef8-6f1f6af4233e,40a5beea-6780-4476-8013-20dfacfc117a,DASHER_04359,2024-10-12 14:01:00,2024-10-12,2024-10-01,2024,14,Saturday,30,28.0,-2.0,True,32.12,1.5,delivered,True
c101330b-354a-4b2d-82b4-0f1183093ea9,ff3f9228-bd89-4d6e-8f00-7793ecfc5f60,DASHER_04517,2023-08-19 08:28:00,2023-08-19,2023-08-01,2023,8,Saturday,35,57.0,22.0,False,51.58,5.07,delivered,True
d48fb58a-407f-4ce9-b32a-ee02d4f0f3c3,1b140f4b-36b0-4da2-95fc-a341cbc7bf11,DASHER_02874,2022-05-24 22:08:00,2022-05-24,2022-05-01,2022,22,Tuesday,18,10.0,-15.0,True,34.39,4.08,delivered,True
76c5528a-7841-47fa-aed4-1058746564e2,ab07702e-6057-42df-8794-4c3a1ba07597,DASHER_00357,2022-08-22 21:19:00,2022-08-22,2022-08-01,2022,21,Monday,25,22.0,-3.0,True,27.82,1.02,delivered,True
1c7c85cf-e721-4235-9e70-18ea7ae97ded,24491355-10f3-4e66-a703-ddd3186c5d7d,DASHER_04024,2023-01-12 11:38:00,2023-01-12,2023-01-01,2023,11,Thursday,33,26.0,-7.0,True,18.7,1.34,delivered,True
899fd17d-c784-4761-b222-8f6b65b55bb3,2ce46e86-6c14-4f63-8243-80679d286b48,DASHER_01228,2023-04-23 18:49:00,2023-04-23,2023-04-01,2023,18,Sunday,42,47.0,5.0,True,36.19,3.37,delivered,True
31ed48c3-a435-43fb-b824-12cb7b552597,2c15b7cc-7d43-4340-bc94-8d8b6d6485ec,DASHER_04682,2022-01-28 06:32:00,2022-01-28,2022-01-01,2022,6,Friday,26,36.0,10.0,False,28.59,5.62,delivered,True
9d4833e8-5da9-494a-937f-0f15d2cb7f1d,dc81e380-2ad6-46c2-a1eb-4bb11625dd6a,DASHER_00975,2023-12-07 08:11:00,2023-12-07,2023-12-01,2023,8,Thursday,33,45.0,12.0,False,53.41,5.43,delivered,True
151e448e-16ef-439b-8690-8d3f2ad68782,5d846ec2-9a70-4311-9a25-6cc976593af0,DASHER_00162,2022-02-02 14:56:00,2022-02-02,2022-02-01,2022,14,Wednesday,48,53.0,5.0,True,54.04,6.49,delivered,True
ff1e6a13-0ece-4e5b-a9c8-91b72807344e,1aedc3eb-7064-4caf-b301-0f99939a5948,DASHER_01959,2024-02-28 19:27:00,2024-02-28,2024-02-01,2024,19,Wednesday,29,40.0,11.0,False,46.37,4.28,delivered,True
4f85496d-cbed-4690-bbab-cf043a724ba4,50cff78b-74fd-420c-b5fb-700c125e9c8f,DASHER_02269,2023-08-14 23:44:00,2023-08-14,2023-08-01,2023,23,Monday,38,25.0,-13.0,True,16.21,7.72,delivered,True
ea89d03e-dc74-4a32-8485-04a8f62c4ccc,b6a1330d-3edc-498c-888a-0ab6e02f112a,DASHER_04446,2024-01-23 21:43:00,2024-01-23,2024-01-01,2024,21,Tuesday,53,55.0,2.0,True,11.19,7.31,delivered,True
3c9efed0-c237-4399-baf4-ad21df0886be,2d700e6c-01a1-4142-b5b3-cf99305e822c,DASHER_00537,2023-03-03 13:19:00,2023-03-03,2023-03-01,2023,13,Friday,34,45.0,11.0,False,24.3,7.26,delivered,True
141f8587-906e-4aa1-b681-f015450541c9,aa519685-21e4-41ae-a6d6-612cbf683b76,DASHER_01624,2024-05-07 13:55:00,2024-05-07,2024-05-01,2024,13,Tuesday,46,29.0,-17.0,True,26.53,6.5,delivered,True
3e468ed2-a5f0-4bdd-90de-cbf617b79094,ebc0c504-46a8-4ae7-ba6a-fff43f0cd79d,DASHER_03411,2023-04-14 19:59:00,2023-04-14,2023-04-01,2023,19,Friday,28,40.0,12.0,False,33.66,7.84,delivered,True
7d61178c-9505-4424-9643-5b30935c4e2d,7df9f445-e37b-4d08-bfe8-d24aa32e5cbc,DASHER_02989,2023-09-06 17:15:00,2023-09-06,2023-09-01,2023,17,Wednesday,30,43.0,13.0,False,53.05,4.66,delivered,True
ee81fdeb-9942-4c2a-8b5b-7f0c5cf992ce,7a748cca-8684-4191-a095-ddcad7010130,DASHER_03346,2022-01-10 22:57:00,2022-01-10,2022-01-01,2022,22,Monday,30,25.0,-5.0,True,31.27,2.52,delivered,True
eeb1715e-2fca-433b-b645-508bd89fe297,5cf541ef-62f4-4959-b730-b1f041e9eced,DASHER_04387,2023-05-31 12:55:00,2023-05-31,2023-05-01,2023,12,Wednesday,24,36.0,12.0,False,26.05,1.21,delivered,True
ea818552-f9c0-48db-90db-4dbd69e689f7,51574129-05a3-4c6c-ad79-2db0a1cc99dd,DASHER_00261,2022-02-18 20:50:00,2022-02-18,2022-02-01,2022,20,Friday,30,50.0,20.0,False,13.27,3.8,delivered,True
e8cbc6a4-73d8-4ab1-a137-f739695121e1,0a172f7f-ca49-4267-acba-93ae1702570e,DASHER_04943,2022-12-05 19:00:00,2022-12-05,2022-12-01,2022,19,Monday,29,36.0,7.0,False,31.64,6.3,delivered,True
07bf6803-bcc2-4e8d-a091-65e5e1e022e8,bd145874-df9e-4a43-9477-15491c699058,DASHER_04835,2022-04-04 19:28:00,2022-04-04,2022-04-01,2022,19,Monday,36,55.0,19.0,False,20.08,7.44,delivered,True
6a29a300-a469-4648-9333-7d342a371752,c93e0592-1e80-45f6-be26-c941f7e8ffef,DASHER_00900,2022-01-10 10:59:00,2022-01-10,2022-01-01,2022,10,Monday,45,57.0,12.0,False,31.3,3.47,delivered,True
6ca8fb58-de84-4079-9e1e-7e9bf4468ec9,77eb2bac-366a-42f8-b26c-52f299355a9e,DASHER_04606,2022-09-29 19:40:00,2022-09-29,2022-09-01,2022,19,Thursday,59,,,,37.04,2.58,cancelled,True
ed2eda1e-7478-4749-8282-0ba8e98300ad,e73cc532-82c3-4beb-9289-5d3d013cf4ca,DASHER_01904,2022-05-13 08:29:00,2022-05-13,2022-05-01,2022,8,Friday,38,22.0,-16.0,True,13.79,6.76,delivered,True
56355083-b119-4380-8d9f-e44733c79307,180960e6-f823-4317-9f3e-438b57ef4c5c,DASHER_00823,2024-10-03 18:53:00,2024-10-03,2024-10-01,2024,18,Thursday,35,28.0,-7.0,True,36.97,3.46,delivered,True
70f7ddd9-ce86-4d67-bff3-989bef071861,1e0c843b-bdba-4dd4-a305-74303bac4eef,DASHER_02164,2022-03-01 11:55:00,2022-03-01,2022-03-01,2022,11,Tuesday,38,43.0,5.0,True,40.74,2.03,delivered,True
11629fb5-6287-48d4-8742-949586c22d28,2e3c1099-2064-4a3b-b980-49892e46ccd6,DASHER_00418,2024-06-08 21:24:00,2024-06-08,2024-06-01,2024,21,Saturday,47,35.0,-12.0,True,11.14,4.69,delivered,True
05530e86-e7b3-44ca-aeeb-9cc37841b3f8,d2404a7c-420d-48ea-bbec-bf44d8a6fb5d,DASHER_04944,2023-12-18 13:21:00,2023-12-18,2023-12-01,2023,13,Monday,33,41.0,8.0,False,25.22,6.76,delivered,True
e184fb52-7f7c-4650-aa62-00cc54ef41c4,1f073c53-ef32-4629-b0b7-ef431ef2e441,DASHER_02818,2022-06-15 18:20:00,2022-06-15,2022-06-01,2022,18,Wednesday,42,49.0,7.0,False,34.67,5.78,delivered,True
b67afbd3-8b05-4216-8bf0-f45b807dbe8e,609fc121-e659-4979-ab19-a71fe76dd297,DASHER_00881,2024-07-18 19:59:00,2024-07-18,2024-07-01,2024,19,Thursday,28,28.0,0.0,True,20.43,3.9,delivered,True
04e51fd8-3ce4-42f1-952e-2ffca3560f7f,de3e9df0-23f3-4ab7-813c-11860fa584ea,DASHER_02600,2023-02-14 10:16:00,2023-02-14,2023-02-01,2023,10,Tuesday,15,42.0,27.0,False,35.54,3.95,delivered,True
1311ee33-994b-4f15-8154-880c703b29df,4fe2aa30-75c1-471f-b82f-1be1c25a005b,DASHER_02109,2022-12-08 20:16:00,2022-12-08,2022-12-01,2022,20,Thursday,28,33.0,5.0,True,22.28,4.67,delivered,True
90042bde-6ba1-46c0-b102-ff9585daf028,188181c3-f32a-482f-8310-f4d562340405,DASHER_00485,2024-11-12 23:41:00,2024-11-12,2024-11-01,2024,23,Tuesday,30,32.0,2.0,True,18.77,5.21,delivered,True
8291f52c-5841-46e7-9ba2-06c3001cd034,6a249cce-a90e-4d90-b9d5-1f5dd3b1a6aa,DASHER_00604,2024-06-02 10:50:00,2024-06-02,2024-06-01,2024,10,Sunday,37,52.0,15.0,False,8.0,4.04,delivered,True
28efeb3e-2265-42c8-8664-80ab63ef9126,61ff5a7c-5015-4d1d-b6f4-d055d4abdb92,DASHER_04834,2024-10-08 22:19:00,2024-10-08,2024-10-01,2024,22,Tuesday,28,44.0,16.0,False,8.0,1.87,delivered,True
06dbcd61-3611-457c-96da-300bad878246,b6e2bc92-4273-48b0-9efb-c0b522c2dd3b,DASHER_02297,2024-05-07 15:43:00,2024-05-07,2024-05-01,2024,15,Tuesday,30,39.0,9.0,False,8.0,6.46,delivered,True
2e8d30e4-d70a-4a50-8004-a778d9edbe00,329e7064-8b48-4885-b9d6-112afac7b55c,DASHER_00740,2024-12-23 22:33:00,2024-12-23,2024-12-01,2024,22,Monday,41,39.0,-2.0,True,16.57,1.39,delivered,True
14321b63-6bcc-4fc2-aea3-09c19250f2f7,b726eab1-cd04-4c64-bf84-1976a3d7f31c,DASHER_04529,2024-01-27 18:15:00,2024-01-27,2024-01-01,2024,18,Saturday,25,16.0,-9.0,True,36.87,2.22,delivered,True
ab7c4457-727b-4a60-bfc5-cf40c1a4b521,7ed00303-65f7-4822-8bb3-ea20a7c9f7c2,DASHER_03822,2023-05-02 07:16:00,2023-05-02,2023-05-01,2023,7,Tuesday,40,48.0,8.0,False,36.69,1.76,delivered,True
10439cd6-1a2b-42b5-b6d5-73d308fdfe12,b3521046-c57d-4dae-95c2-e9144041ab52,DASHER_04270,2023-11-10 12:01:00,2023-11-10,2023-11-01,2023,12,Friday,45,45.0,0.0,True,8.0,6.95,delivered,True
218870fc-f28d-46ec-8a52-ee4de492e20f,40cef1ea-5719-460f-8c9e-41332dd5ceb5,DASHER_00692,2023-02-20 18:15:00,2023-02-20,2023-02-01,2023,18,Monday,24,30.0,6.0,False,45.77,6.98,delivered,True
b1148b3a-5cd0-45fe-9825-cff68b8c4fee,5fecb5c9-9051-42ef-b6eb-47ace5c01733,DASHER_04788,2024-09-17 16:43:00,2024-09-17,2024-09-01,2024,16,Tuesday,27,21.0,-6.0,True,18.2,1.79,delivered,True
39ef7e00-22ce-418c-9a18-7ccdd42a1b2a,c0689d68-05eb-4dd7-ad09-9a15432b44a0,DASHER_03702,2024-08-15 18:24:00,2024-08-15,2024-08-01,2024,18,Thursday,51,34.0,-17.0,True,30.52,1.77,delivered,True
ae9e2385-0f3f-442f-a5ed-327f865c11a2,506360a0-94cb-4b16-abf2-a0d410712d99,DASHER_01274,2024-05-25 08:39:00,2024-05-25,2024-05-01,2024,8,Saturday,39,42.0,3.0,True,30.99,2.09,delivered,True
7412bde4-8b7d-4f7b-b968-9d4e63ed7201,a1cbc2ea-701a-4784-9451-680b5e0c6c17,DASHER_03564,2023-05-20 14:57:00,2023-05-20,2023-05-01,2023,14,Saturday,41,45.0,4.0,True,29.79,1.18,delivered,True
bc6ad1ed-d99f-4033-8dd7-9cfc8d971d4a,e1ee35a0-27e8-4cd8-88e2-38d62eac2577,DASHER_04873,2022-10-08 17:43:00,2022-10-08,2022-10-01,2022,17,Saturday,31,31.0,0.0,True,28.7,6.17,delivered,True
e61c788e-4829-420e-aa07-baa41eefe4b9,55d715ee-23e9-4d4e-8118-2663557cb27f,DASHER_01454,2022-06-15 13:12:00,2022-06-15,2022-06-01,2022,13,Wednesday,41,44.0,3.0,True,54.43,3.63,delivered,True
fce5e640-da89-480c-8aeb-d3f06e247072,51a565b4-ea99-4b93-b031-de94488675de,DASHER_02536,2024-12-02 10:31:00,2024-12-02,2024-12-01,2024,10,Monday,35,33.0,-2.0,True,27.16,5.46,delivered,True
63662f00-a3e6-4ef3-b64d-4349cee48a7c,2973a8bf-cd8c-4ce6-814c-c740b07881a6,DASHER_00389,2022-04-24 09:20:00,2022-04-24,2022-04-01,2022,9,Sunday,26,26.0,0.0,True,25.66,6.02,delivered,True
f49ae194-a615-4819-994f-d837cc2dd133,f0610907-d718-445a-b988-1bd8368afb62,DASHER_04394,2023-02-26 11:43:00,2023-02-26,2023-02-01,2023,11,Sunday,45,39.0,-6.0,True,8.0,5.97,delivered,True
e7f7b089-4c85-426a-b143-2daa38cf65c4,fbf5f91e-7fdb-4083-9868-f3d21401c421,DASHER_04501,2022-10-27 10:27:00,2022-10-27,2022-10-01,2022,10,Thursday,31,30.0,-1.0,True,20.2,1.49,delivered,True
9d7e12ed-4131-495a-9803-e99ba3c2ddcf,ebc0c504-46a8-4ae7-ba6a-fff43f0cd79d,DASHER_01219,2023-10-05 07:15:00,2023-10-05,2023-10-01,2023,7,Thursday,27,27.0,0.0,True,33.68,1.01,delivered,True
791ce09e-a380-40b4-8a27-d37158cd83ad,8c336c58-76a2-4012-821c-b804b4f42843,DASHER_04507,2023-04-27 17:35:00,2023-04-27,2023-04-01,2023,17,Thursday,41,59.0,18.0,False,27.1,1.53,delivered,True
c52b1e85-adb0-4558-afb7-8aae3f96c5aa,46865a1b-74e6-494e-bbad-480c599a8de4,DASHER_01946,2024-03-03 17:46:00,2024-03-03,2024-03-01,2024,17,Sunday,22,24.0,2.0,True,13.33,4.75,delivered,True
a65da057-936f-4b79-8437-a6afeeb8745b,755fb9ed-1fcd-4d30-9d0f-4f41fa9f87ea,DASHER_03816,2022-06-26 18:44:00,2022-06-26,2022-06-01,2022,18,Sunday,29,30.0,1.0,True,28.38,3.13,delivered,True
0e6a09c8-83a7-4af3-b055-886f359ac3c7,bee51a57-fd12-48d2-9382-cecea86a6d77,DASHER_00816,2024-09-22 15:11:00,2024-09-22,2024-09-01,2024,15,Sunday,24,26.0,2.0,True,29.43,6.45,delivered,True
129db01a-6053-49f5-b533-aaaa74b04fcd,d7a8993e-9fb0-4cce-a638-5c0d6d8ab99d,DASHER_00225,2024-08-28 22:29:00,2024-08-28,2024-08-01,2024,22,Wednesday,39,44.0,5.0,True,34.67,6.86,delivered,True
8b97df76-ec9c-43bb-a104-afe7e07d6edf,378e23e4-3769-4d48-a472-f4b39ab04dee,DASHER_04785,2023-10-19 07:13:00,2023-10-19,2023-10-01,2023,7,Thursday,23,10.0,-14.0,True,33.21,6.26,delivered,True
c1fe5b43-c934-4fa6-a54c-9b61766b7a1f,f4a7fd62-81da-4d82-935b-1479d26d6b51,DASHER_01161,2023-06-27 20:19:00,2023-06-27,2023-06-01,2023,20,Tuesday,22,43.0,21.0,False,18.27,3.72,delivered,True
1ac3494e-0eab-41f8-98cb-4772ffda7bd0,5575dc82-46ab-4faa-ba57-04b349d1ce3e,DASHER_00952,2022-08-24 18:29:00,2022-08-24,2022-08-01,2022,18,Wednesday,30,26.0,-4.0,True,31.15,5.81,delivered,True
c6af17e6-d82b-4c65-9071-2dfe89c4927e,4f5cc927-93b0-4243-b15a-eaa0348879b2,DASHER_00872,2024-10-23 16:48:00,2024-10-23,2024-10-01,2024,16,Wednesday,40,49.0,9.0,False,38.59,6.79,delivered,True
88a6201a-9d97-486c-9120-cd7625604d21,5d846ec2-9a70-4311-9a25-6cc976593af0,DASHER_04460,2024-06-21 17:01:00,2024-06-21,2024-06-01,2024,17,Friday,41,32.0,-9.0,True,41.1,6.91,delivered,True
5f144ccb-391d-47e4-a5de-9c35074922b9,9a199a88-12da-418a-87c5-772e1c617853,DASHER_02364,2024-12-10 16:18:00,2024-12-10,2024-12-01,2024,16,Tuesday,36,33.0,-3.0,True,9.48,3.1,delivered,True
948e0169-5dd8-40b8-9e43-f68e1dd4fdda,dd754afa-4305-4930-afba-9ff5469328c0,DASHER_00904,2024-03-11 21:11:00,2024-03-11,2024-03-01,2024,21,Monday,17,10.0,-8.0,True,28.87,1.49,delivered,True
9efdd385-e69e-44f4-bec1-73b213d56bf9,c54d8773-aec7-4f96-ad63-709ce558fe44,DASHER_01520,2024-07-25 14:06:00,2024-07-25,2024-07-01,2024,14,Thursday,33,27.0,-6.0,True,25.46,5.2,delivered,True
c4bcc033-3281-4cff-a8ae-bac5a57be738,7634650c-d7d5-4b95-8bf9-6214c323c454,DASHER_02050,2024-12-25 19:13:00,2024-12-25,2024-12-01,2024,19,Wednesday,40,49.0,9.0,False,18.38,3.71,delivered,True
9d98fc02-1417-4cb6-a173-f2a6ebd107f7,fb1b05aa-5b04-4b70-908e-ee87d07e747b,DASHER_01773,2024-02-12 17:36:00,2024-02-12,2024-02-01,2024,17,Monday,27,36.0,9.0,False,14.73,7.72,delivered,True
93afa8db-42ee-4ba0-8254-a2c2cdd34fbe,8dda6319-c735-4752-9f77-be9c84b6a818,DASHER_03289,2022-01-07 02:34:00,2022-01-07,2022-01-01,2022,2,Friday,42,45.0,3.0,True,50.83,6.09,delivered,True
31f9e206-9be2-4554-a023-c3c468555471,df8e3f4b-ccbb-4029-9290-79d1590ce1c7,DASHER_04864,2022-06-11 20:36:00,2022-06-11,2022-06-01,2022,20,Saturday,48,45.0,-3.0,True,44.79,4.37,delivered,True
4d9bafa1-c6ed-441e-ba1e-5697e33550ef,ea3d7242-1e0a-42cd-9ea2-53ade29d6b4e,DASHER_03089,2022-04-29 14:38:00,2022-04-29,2022-04-01,2022,14,Friday,42,42.0,0.0,True,33.9,6.19,delivered,True
a550ba05-e57d-4e52-8952-a764e1a7dc8f,5f3ba672-bb5c-47f6-a06a-6aee121dc288,DASHER_03930,2022-10-25 18:05:00,2022-10-25,2022-10-01,2022,18,Tuesday,30,29.0,-1.0,True,35.48,1.6,delivered,True
b6fe5954-6cf2-481b-b32e-4e39bf945612,97b58304-f5c8-433a-b451-208b7b756c15,DASHER_03935,2022-08-22 15:37:00,2022-08-22,2022-08-01,2022,15,Monday,38,42.0,4.0,True,8.0,3.33,delivered,True
e7e1a835-88cd-408a-85fd-6d0672805be5,fc43590c-3a48-4750-a11b-f806ef228efa,DASHER_04723,2024-07-06 17:46:00,2024-07-06,2024-07-01,2024,17,Saturday,38,20.0,-18.0,True,16.34,5.29,delivered,True
965c7aae-ce76-468b-a5db-4da4cafbe882,f5af287b-b3f0-46ef-ab9a-11ef025dea2d,DASHER_04475,2022-04-27 12:59:00,2022-04-27,2022-04-01,2022,12,Wednesday,35,38.0,3.0,True,23.26,6.97,delivered,True
a430cb50-3f7b-4d14-9c39-ef89ffca5149,23eb233c-bbb7-41ce-9834-a5cefdc4017a,DASHER_00835,2023-11-19 23:22:00,2023-11-19,2023-11-01,2023,23,Sunday,31,31.0,0.0,True,60.09,1.06,delivered,True
08deafe8-b003-41cc-9ddc-e71b5ed5e241,212ba355-b6c2-48ec-b51e-1b798742febd,DASHER_03329,2022-06-07 16:40:00,2022-06-07,2022-06-01,2022,16,Tuesday,34,41.0,7.0,False,8.0,7.02,delivered,True
273625f0-6764-40cc-8d78-04674eeec9e4,e2f805ca-ad75-4494-b972-a736717a283f,DASHER_03002,2022-07-13 23:12:00,2022-07-13,2022-07-01,2022,23,Wednesday,37,31.0,-6.0,True,36.64,2.24,delivered,True
9023d8c0-b972-48b2-8f56-c127ea80f4d1,e89c952e-f53a-4a95-8d06-81a38fcefb4a,DASHER_04154,2024-04-28 07:38:00,2024-04-28,2024-04-01,2024,7,Sunday,27,23.0,-4.0,True,43.01,1.49,delivered,True
57a6317d-fb5c-47f0-b381-460f244c4954,1558d8da-7fba-42eb-9a69-33ad42177f23,DASHER_03210,2023-03-09 17:44:00,2023-03-09,2023-03-01,2023,17,Thursday,32,16.0,-16.0,True,8.0,5.87,delivered,True
9d5959fa-a646-4821-8b68-6650c7388bfa,05866ac1-635d-4636-8682-5b28b5aedc85,DASHER_02851,2022-08-22 20:41:00,2022-08-22,2022-08-01,2022,20,Monday,31,37.0,6.0,False,12.69,2.31,delivered,True
71226af1-7639-4186-86fa-89897fd9111b,03bb8bbf-0ed2-432f-b214-d7083aa3d159,DASHER_01983,2022-12-18 08:14:00,2022-12-18,2022-12-01,2022,8,Sunday,38,21.0,-17.0,True,46.83,4.68,delivered,True
c1dc8f82-ea2e-4592-a6a7-b5c52610b62e,f9fb31b0-68aa-46e7-8742-e1a42b9f7cb8,DASHER_01987,2023-07-03 18:48:00,2023-07-03,2023-07-01,2023,18,Monday,40,45.0,5.0,True,17.94,4.32,delivered,True
951f270b-0841-4d29-a3cd-e39692957a0e,a4f6958c-7211-4240-a935-fa36c3ecac38,DASHER_02799,2022-12-01 18:47:00,2022-12-01,2022-12-01,2022,18,Thursday,32,45.0,13.0,False,17.47,6.73,delivered,True
2a0fb70b-862f-468c-b9af-7c5486d4fde3,c706b769-e9ea-443d-8435-ab9f3d4eed5a,DASHER_02281,2023-04-26 19:58:00,2023-04-26,2023-04-01,2023,19,Wednesday,18,10.0,-17.0,True,15.49,7.98,delivered,True
c2651ffc-ee16-4b3a-9d95-62493aa75ee4,97ea5a3c-ece4-4e94-b2d0-35165768e901,DASHER_00867,2023-03-23 18:09:00,2023-03-23,2023-03-01,2023,18,Thursday,39,47.0,8.0,False,17.44,6.83,delivered,True
bc582681-dd9e-40f3-b206-6dc980ade2f0,ad721e79-2536-4bd0-864b-ed435d81c8b7,DASHER_02081,2023-01-13 12:56:00,2023-01-13,2023-01-01,2023,12,Friday,37,49.0,12.0,False,13.86,6.81,delivered,True
ea877276-c777-4e6c-8c85-975daad4508b,327ace53-d67d-4447-a058-fca86dead6b8,DASHER_01539,2024-05-12 21:57:00,2024-05-12,2024-05-01,2024,21,Sunday,48,40.0,-8.0,True,25.07,5.86,delivered,True
daa807ed-fc7a-406b-b2b1-bf647fc66dfd,12f16d9a-5a6a-4fd5-b81a-4e7f8651d940,DASHER_04545,2024-03-20 10:38:00,2024-03-20,2024-03-01,2024,10,Wednesday,36,36.0,0.0,True,40.07,2.75,delivered,True
d0e1ccce-fa8a-453d-9c8c-ff22c4961adb,e67626b2-2e08-4269-964d-83b426828f84,DASHER_03852,2023-04-24 07:24:00,2023-04-24,2023-04-01,2023,7,Monday,35,38.0,3.0,True,13.62,6.15,delivered,True
34b332af-f8d3-4b95-b91e-525f20c06d63,8e7e3077-a2f9-4fb5-8ad6-309d993d9fcd,DASHER_04410,2022-04-05 19:27:00,2022-04-05,2022-04-01,2022,19,Tuesday,29,26.0,-3.0,True,16.42,4.24,delivered,True
b0d7e4c1-af52-4c17-a0db-48cb1d08c440,c4aa683a-a827-4485-950d-10854a337f42,DASHER_00881,2023-07-23 22:02:00,2023-07-23,2023-07-01,2023,22,Sunday,22,15.0,-7.0,True,8.0,7.23,delivered,True
a5d0dc49-3755-486f-af33-25b0421f2f6c,c9cd86f1-6d76-4f14-929f-78c489141c64,DASHER_01689,2023-11-05 19:48:00,2023-11-05,2023-11-01,2023,19,Sunday,37,48.0,11.0,False,21.47,2.5,delivered,True
b2177516-54d5-4dcd-9f5c-891a9d657859,ee63b244-3380-4f3e-8863-a14b28f3db4e,DASHER_01854,2024-08-21 09:27:00,2024-08-21,2024-08-01,2024,9,Wednesday,26,29.0,3.0,True,17.55,5.93,delivered,True
58879c01-8788-481c-b294-9c9a77a4718e,4ab70675-b98a-4de7-9964-847d9dd3d37c,DASHER_00770,2023-01-05 12:41:00,2023-01-05,2023-01-01,2023,12,Thursday,15,18.0,3.0,True,36.59,5.81,delivered,True
cd0ae5c4-3d4a-45d3-b62d-8a1ca67809b2,530b77de-d14e-49e0-88cf-46f88cc81b83,DASHER_02012,2024-12-11 21:53:00,2024-12-11,2024-12-01,2024,21,Wednesday,32,11.0,-21.0,True,32.87,3.18,delivered,True
562b72f6-7f24-4c56-a498-b0324592308b,b83768f6-15a1-4848-bc82-9b98bfc748c2,DASHER_02429,2022-01-30 07:34:00,2022-01-30,2022-01-01,2022,7,Sunday,40,57.0,17.0,False,44.08,6.32,delivered,True
ae76a5fb-e0e2-4b11-81c8-d3184d6c7d07,bc569aa2-3009-42f1-8dee-987680d3ca33,DASHER_03013,2023-07-09 09:42:00,2023-07-09,2023-07-01,2023,9,Sunday,47,50.0,3.0,True,48.81,4.06,delivered,True
0121b5c4-3e16-42ea-9df4-570bda254a2f,0170cbd9-ecf2-4ebc-b91b-f0fc4f9389d1,DASHER_02755,2023-12-20 19:05:00,2023-12-20,2023-12-01,2023,19,Wednesday,35,49.0,14.0,False,45.03,3.91,delivered,True
b26304e8-e9a8-462a-bac2-66c373fe657d,fbc3744c-57fe-4f65-891e-ad5724238208,DASHER_04416,2023-07-16 00:51:00,2023-07-16,2023-07-01,2023,0,Sunday,31,29.0,-2.0,True,24.49,2.34,delivered,True
9e43db56-a3bb-4a8a-9611-cb385d0cac06,3e11acff-1e98-4497-91eb-ebf47266d18c,DASHER_00457,2022-03-21 12:53:00,2022-03-21,2022-03-01,2022,12,Monday,32,26.0,-6.0,True,18.93,4.55,delivered,True
ad78b0d8-4c75-436c-977f-308075a54009,b4df87c7-7d74-47e5-9b26-ed0dfcbba978,DASHER_01635,2023-01-02 14:04:00,2023-01-02,2023-01-01,2023,14,Monday,27,10.0,-19.0,True,23.02,2.86,delivered,True
76774950-a849-48ae-98cd-7a0f55a24d47,bd7f3331-00ab-4876-9f44-67a258eff00b,DASHER_03468,2022-12-26 03:11:00,2022-12-26,2022-12-01,2022,3,Monday,41,41.0,0.0,True,43.2,5.19,delivered,True
8563445a-f7ff-4b0f-bc06-f264adbb3229,438ab3c1-c8ca-4eb9-91f8-cde2979b042c,DASHER_00535,2022-12-10 17:14:00,2022-12-10,2022-12-01,2022,17,Saturday,35,46.0,11.0,False,15.26,6.27,delivered,True
6c733949-7a3c-49dd-b3c5-def616f3ed50,91db77b1-0bab-456d-a759-f24b7da60d83,DASHER_01218,2022-02-03 21:50:00,2022-02-03,2022-02-01,2022,21,Thursday,27,29.0,2.0,True,54.96,3.05,delivered,True
6a2270ab-e788-4100-a5ab-15193dbc1180,e4dabff0-cfd1-4584-b208-934f30288626,DASHER_02456,2024-02-15 15:11:00,2024-02-15,2024-02-01,2024,15,Thursday,29,29.0,0.0,True,19.98,2.6,delivered,True
78c0d2e9-db46-4187-bedd-e93029e6cbd7,af893091-5cfa-454b-a7c1-d6e6439b3a07,DASHER_03573,2023-05-03 11:30:00,2023-05-03,2023-05-01,2023,11,Wednesday,26,10.0,-19.0,True,54.22,7.31,delivered,True
1417d483-fea1-4d18-80bd-7b1b5feded7c,303af62e-f957-4b8b-9228-308828fd0474,DASHER_02328,2023-06-06 19:32:00,2023-06-06,2023-06-01,2023,19,Tuesday,21,29.0,8.0,False,28.61,3.68,delivered,True
ea8108d6-3aa8-499b-9b15-6f319dedc1c6,fc43590c-3a48-4750-a11b-f806ef228efa,DASHER_00177,2022-10-01 17:21:00,2022-10-01,2022-10-01,2022,17,Saturday,45,54.0,9.0,False,30.05,5.03,delivered,True
b4bf043f-7186-47fb-b50b-7a808b368809,21263509-3a0b-4795-a346-7ae41cf67974,DASHER_03057,2023-12-13 09:48:00,2023-12-13,2023-12-01,2023,9,Wednesday,41,28.0,-13.0,True,8.0,7.44,delivered,True
27725e13-0286-4457-a05d-d62560e86c44,5534db5e-a98a-4dd3-8cce-0e1afd735ac4,DASHER_02676,2022-01-17 10:27:00,2022-01-17,2022-01-01,2022,10,Monday,24,29.0,5.0,True,9.34,2.46,delivered,True
1826e7b4-9124-496d-91a6-db2399aa4324,0a7f217f-1c94-46f8-bd93-83def3d00a8f,DASHER_04501,2022-07-16 21:30:00,2022-07-16,2022-07-01,2022,21,Saturday,32,34.0,2.0,True,27.09,6.32,delivered,True
725f5d38-f4e0-4493-bad5-fc1e8ed475fa,e67dd971-4c9b-4e57-a087-bb6900673931,DASHER_03292,2023-11-28 11:35:00,2023-11-28,2023-11-01,2023,11,Tuesday,34,21.0,-13.0,True,27.6,5.66,delivered,True
c575960a-dfb8-4a1a-97d7-263970144890,0fa65205-8c5d-4ada-90b9-010a4535388a,DASHER_00134,2024-11-23 22:27:00,2024-11-23,2024-11-01,2024,22,Saturday,25,29.0,4.0,True,22.52,5.89,delivered,True
f5baca98-648b-4215-bc28-d77e588f39f4,53b6348f-0292-456a-8fd3-da701f51a034,DASHER_03607,2022-02-15 21:55:00,2022-02-15,2022-02-01,2022,21,Tuesday,37,46.0,9.0,False,12.81,7.35,delivered,True
927cd9a0-ede9-4478-9587-b848e9954675,c79b6a82-fc7a-4bad-be32-792c778f8055,DASHER_03670,2022-06-15 02:48:00,2022-06-15,2022-06-01,2022,2,Wednesday,37,51.0,14.0,False,40.46,6.79,delivered,True
f889057c-4add-445c-ae14-97ea6530f581,9d11ebd1-c487-4786-b35c-fa54ba280537,DASHER_03460,2024-05-07 15:20:00,2024-05-07,2024-05-01,2024,15,Tuesday,39,49.0,10.0,False,28.5,7.6,delivered,True
4070409d-090a-436c-ac34-77089b1d580a,f4ae295a-a6c7-4d23-a6cf-dce53502b0a5,DASHER_01674,2022-07-16 14:42:00,2022-07-16,2022-07-01,2022,14,Saturday,32,46.0,14.0,False,26.33,7.75,delivered,True
f73754d9-deea-41fd-90c5-e334baee677f,871c656d-cbfa-4c2f-b2b4-8c001a921c89,DASHER_00136,2024-06-09 18:20:00,2024-06-09,2024-06-01,2024,18,Sunday,40,72.0,32.0,False,33.3,5.51,delivered,True
0d74c079-8ba8-4d00-888d-a8f342128a6b,b2a3fb35-8cdf-435b-99a2-6092e4fa4d4b,DASHER_00373,2024-04-17 14:45:00,2024-04-17,2024-04-01,2024,14,Wednesday,17,10.0,-13.0,True,44.07,7.3,delivered,True
8c90d893-6c89-4ff2-8e44-28531a05fe19,a3035b26-42eb-4537-9dd4-d5eb422fb48d,DASHER_02712,2022-12-31 20:27:00,2022-12-31,2022-12-01,2022,20,Saturday,44,64.0,20.0,False,40.89,6.6,delivered,True
f06379eb-36c8-4000-95e1-a904869d2d6c,e2e03bb4-3865-4986-8202-d0e2e96a87d0,DASHER_01971,2022-09-12 12:02:00,2022-09-12,2022-09-01,2022,12,Monday,39,31.0,-8.0,True,8.0,7.98,delivered,True
025560a6-4932-4bab-8adc-f5e30020f8ec,b9b4fd91-f720-4dfa-9af5-1e741277731d,DASHER_00584,2024-05-26 20:48:00,2024-05-26,2024-05-01,2024,20,Sunday,31,15.0,-16.0,True,48.32,5.39,delivered,True
d4ea4e1d-3c24-4cbd-8d72-18137aa5bc9f,9e8cd1db-3511-4b5a-b6c3-2e73785994b8,DASHER_00424,2023-05-26 17:18:00,2023-05-26,2023-05-01,2023,17,Friday,22,14.0,-8.0,True,23.79,4.58,delivered,True
bb0005dc-8410-482f-85b7-ea29344ef460,1d8cea2a-2740-4ffc-a448-fa0114935103,DASHER_03598,2023-03-29 01:53:00,2023-03-29,2023-03-01,2023,1,Wednesday,30,47.0,17.0,False,41.53,4.83,delivered,True
424f31d9-1fed-4224-ae26-2c453d9b2a72,6153cd4a-1c53-4bf8-8ca6-d7f2d5096151,DASHER_02408,2024-02-12 18:05:00,2024-02-12,2024-02-01,2024,18,Monday,45,42.0,-3.0,True,17.42,3.57,delivered,True
6af42d5a-6a7c-432b-8315-021b8ebbf7cf,cf5d9720-d77f-4f2e-b1b2-940fbb7fa1bd,DASHER_02683,2024-09-29 15:33:00,2024-09-29,2024-09-01,2024,15,Sunday,27,18.0,-9.0,True,40.46,3.89,delivered,True
1f438e1a-6a58-411f-9911-c9c1a9537d54,a66d96f1-d8ca-4ee3-ac4d-98c292faa20e,DASHER_04875,2022-04-16 22:47:00,2022-04-16,2022-04-01,2022,22,Saturday,29,33.0,4.0,True,27.58,5.17,delivered,True
93b9347b-42fc-4ab9-9ec3-943c6c129c5b,5004a095-c3c5-4b0f-bfe6-820a44f2ec23,DASHER_03602,2023-05-16 10:34:00,2023-05-16,2023-05-01,2023,10,Tuesday,44,71.0,27.0,False,45.32,5.75,delivered,True
7e5e32b5-c076-454f-a34d-27dff89a217a,d71d0f5f-bf20-4886-ac18-62db004062bf,DASHER_01016,2022-07-01 16:53:00,2022-07-01,2022-07-01,2022,16,Friday,34,31.0,-3.0,True,38.08,7.05,delivered,True
a81f84c6-1dca-4198-98a0-60cfc233033f,895c6667-0fdc-4ea8-861c-daa49ac7ecc6,DASHER_03214,2024-08-02 16:27:00,2024-08-02,2024-08-01,2024,16,Friday,30,35.0,5.0,True,42.22,4.1,delivered,True
4260dec9-23df-406e-9f5e-ea088e86c925,29a898ba-79ec-4602-8961-2a35e921aa23,DASHER_04000,2023-10-04 19:32:00,2023-10-04,2023-10-01,2023,19,Wednesday,21,10.0,-17.0,True,33.09,4.46,delivered,True
d149c2a7-0741-48bd-b9d4-3603ffde01ce,48912f94-667c-4dbc-a3b4-2a97aa167459,DASHER_02738,2024-02-06 18:43:00,2024-02-06,2024-02-01,2024,18,Tuesday,29,27.0,-2.0,True,39.3,1.96,delivered,True
13ea677f-6dc5-470f-b091-0d84648b9532,435ebcce-d017-498f-bf72-6cd1350d218c,DASHER_00225,2023-12-27 21:28:00,2023-12-27,2023-12-01,2023,21,Wednesday,34,13.0,-21.0,True,54.03,4.32,delivered,True
5f236d23-fe6e-49ad-9368-10925cc282b7,145c69c7-29a0-40ee-8d02-95ab6bf46c9e,DASHER_03932,2024-08-11 14:30:00,2024-08-11,2024-08-01,2024,14,Sunday,31,30.0,-1.0,True,40.05,3.94,delivered,True
01d4e351-5085-40f1-b2c7-a02efa4f7b2f,b5ac4a25-3733-440f-962c-a916cb798d32,DASHER_03859,2023-12-28 07:38:00,2023-12-28,2023-12-01,2023,7,Thursday,29,31.0,2.0,True,30.76,2.45,delivered,True
4b0a0817-b4ab-4578-979e-292b370bfb57,c98e2d4e-6ae8-4bd0-92f9-59e7627569b5,DASHER_03350,2022-04-30 20:41:00,2022-04-30,2022-04-01,2022,20,Saturday,23,20.0,-3.0,True,9.39,3.6,delivered,True
87362664-00a9-4ad0-8745-6a3f8b7d192c,62206523-1f84-4d1e-8f16-06671e7729b8,DASHER_04303,2024-01-02 19:09:00,2024-01-02,2024-01-01,2024,19,Tuesday,35,44.0,9.0,False,55.28,5.57,delivered,True
491e1610-430d-46fe-99f7-9627d0fd6efb,0d2de02d-d4b4-41a4-a13f-c9e8d9bf4617,DASHER_03371,2024-05-15 13:21:00,2024-05-15,2024-05-01,2024,13,Wednesday,33,58.0,25.0,False,19.0,4.0,delivered,True
5431f414-734e-4926-acc3-f6d5f5c2d085,e2d6af06-6e6c-4b7b-a265-6c13cd75429f,DASHER_02131,2022-03-07 18:58:00,2022-03-07,2022-03-01,2022,18,Monday,46,36.0,-10.0,True,8.0,4.98,delivered,True
b98f9019-ba18-4258-bd57-038620544815,e4828866-b82f-45c2-80ae-1b9a77bdbc25,DASHER_02962,2022-06-11 06:47:00,2022-06-11,2022-06-01,2022,6,Saturday,38,38.0,0.0,True,41.36,6.76,delivered,True
11b14b4c-2c4f-49de-8929-4926b6b565d2,5d398ccd-65c5-41fd-be43-75cff44cc60c,DASHER_02575,2022-06-09 06:44:00,2022-06-09,2022-06-01,2022,6,Thursday,35,21.0,-14.0,True,34.89,1.7,delivered,True
c90e512b-9a46-4eb9-9708-fc6241e50497,5bb9c93a-9812-4406-b344-50656fe14af5,DASHER_00626,2023-10-14 16:47:00,2023-10-14,2023-10-01,2023,16,Saturday,34,54.0,20.0,False,22.2,3.17,delivered,True
9f5729fe-2c01-4226-bf7b-230feb682a3a,b1d30481-faed-42a5-967f-741c22e03a08,DASHER_04187,2023-09-20 16:27:00,2023-09-20,2023-09-01,2023,16,Wednesday,43,37.0,-6.0,True,28.34,6.03,delivered,True
ffcffa2c-588b-4735-8d4c-db3dee6e022f,ea31c191-14c0-4467-8c07-f48236f18437,DASHER_00129,2024-04-22 14:41:00,2024-04-22,2024-04-01,2024,14,Monday,35,49.0,14.0,False,8.0,6.17,delivered,True
e6c48b31-a296-4b3a-9666-0b27835bc674,b8548863-aaf9-4e15-89a2-7f88a0c42b08,DASHER_00555,2022-09-30 13:21:00,2022-09-30,2022-09-01,2022,13,Friday,45,,,,27.03,2.62,cancelled,True
7152901f-0e35-41a3-ae3a-46c4686832ca,2c36338c-58f6-4d55-9b3e-5b16c9028c29,DASHER_00142,2023-04-20 00:11:00,2023-04-20,2023-04-01,2023,0,Thursday,39,33.0,-6.0,True,24.17,3.2,delivered,True
c2f6bc38-98c0-4ebd-af97-d8a98d22532e,194a06ef-3e4f-4502-85b0-ae765533aad9,DASHER_00448,2024-09-12 19:39:00,2024-09-12,2024-09-01,2024,19,Thursday,30,29.0,-1.0,True,22.1,1.61,delivered,True
f1de9027-49ca-4b2c-8c1c-a5d4572bb8e8,1563e5fc-342a-4b9b-b43d-1a6dafe192ec,DASHER_04839,2024-03-06 13:19:00,2024-03-06,2024-03-01,2024,13,Wednesday,39,26.0,-13.0,True,30.09,6.86,delivered,True
daf5b111-0e9c-42f9-9f23-a78ca8b8ab3d,044514f5-edb7-4ae4-8c09-f3d6bc986d99,DASHER_02477,2023-06-03 15:47:00,2023-06-03,2023-06-01,2023,15,Saturday,30,30.0,0.0,True,29.01,3.28,delivered,True
276b57d3-9420-4687-ae9b-f2025baddce6,4b6ff088-0d1b-42b7-9955-1b9401cc3717,DASHER_01850,2023-06-22 11:01:00,2023-06-22,2023-06-01,2023,11,Thursday,34,51.0,17.0,False,17.93,6.47,delivered,True
356e563f-b462-4202-afa6-359af8206ab2,b0fe070f-91d6-4e65-b0a1-018c0830ad5c,DASHER_03328,2024-09-11 18:53:00,2024-09-11,2024-09-01,2024,18,Wednesday,32,35.0,3.0,True,8.0,7.04,delivered,True
cfadbb46-3eac-4ba0-86e2-14a6d1b54385,97fafae4-9a85-42ce-a2c3-16a17ddb99a5,DASHER_01539,2024-09-08 12:13:00,2024-09-08,2024-09-01,2024,12,Sunday,44,50.0,6.0,False,33.93,1.05,delivered,True
f81ffb63-dfb2-4d53-9e06-6697432a1b50,5c48c9f0-00b2-4827-a304-2a43104237c0,DASHER_04378,2023-12-29 17:12:00,2023-12-29,2023-12-01,2023,17,Friday,32,60.0,28.0,False,34.0,7.65,delivered,True
eb993748-bcd4-41e6-90f1-9505baeda477,7a1f1470-e03a-49e0-b9d6-14c2d47a2f6e,DASHER_02685,2024-12-15 20:23:00,2024-12-15,2024-12-01,2024,20,Sunday,28,17.0,-11.0,True,10.93,3.4,delivered,True
ef8c2d0c-d783-4580-bf49-cb64f7e8d8d0,49f41eac-97cc-4967-8673-3aa31e2cfc99,DASHER_01399,2022-04-29 20:33:00,2022-04-29,2022-04-01,2022,20,Friday,29,52.0,23.0,False,47.25,3.62,delivered,True
c21cd7c3-6374-4adf-aa01-d9589486c446,c41599e1-d4d3-4755-beca-39ae02ee6620,DASHER_01456,2024-01-10 20:53:00,2024-01-10,2024-01-01,2024,20,Wednesday,33,51.0,18.0,False,8.93,2.5,delivered,True
7e7bf50b-4c10-4c49-858d-29788dc20a95,991ae128-c5ba-4256-9ee1-09e8e2629b74,DASHER_00751,2023-02-25 22:06:00,2023-02-25,2023-02-01,2023,22,Saturday,29,24.0,-5.0,True,8.0,1.28,delivered,True
9810d5dd-1a3f-4925-9535-3bc3cd1264c5,61ff00fa-12e9-4f41-9c3d-15ff16dc5266,DASHER_01041,2022-04-24 23:34:00,2022-04-24,2022-04-01,2022,23,Sunday,31,39.0,8.0,False,33.11,5.92,delivered,True
a0f7d147-c8b0-4ef5-b616-f98bf047d400,c90e0001-dec8-4c3a-baf7-0a7824246891,DASHER_01983,2022-12-21 12:10:00,2022-12-21,2022-12-01,2022,12,Wednesday,43,52.0,9.0,False,57.29,6.87,delivered,True
4fc23f77-61d8-4360-9d12-b0884247b942,ffd216cb-0413-4779-a2c4-8aa74e39ec4e,DASHER_00713,2022-07-28 09:32:00,2022-07-28,2022-07-01,2022,9,Thursday,32,27.0,-5.0,True,44.09,3.06,delivered,True
7f9c40ae-2b59-4deb-8f14-e96025b2b150,5d846ec2-9a70-4311-9a25-6cc976593af0,DASHER_00442,2024-04-02 07:15:00,2024-04-02,2024-04-01,2024,7,Tuesday,49,61.0,12.0,False,41.1,1.26,delivered,True
a606250e-d411-422a-b1d5-5a9e6c7a165c,a75e2d77-f5a9-4ebb-a017-a1d1675389a0,DASHER_00817,2022-05-01 20:18:00,2022-05-01,2022-05-01,2022,20,Sunday,32,44.0,12.0,False,29.54,7.25,delivered,True
8673370c-b612-4f01-891b-adeb92b5f4cb,44134217-4d9a-4a8d-983c-83b996a6889a,DASHER_03540,2024-04-14 13:35:00,2024-04-14,2024-04-01,2024,13,Sunday,30,49.0,19.0,False,30.63,3.27,delivered,True
42e60816-dbcf-41a8-a7e0-3111fa6f6d83,1d8cea2a-2740-4ffc-a448-fa0114935103,DASHER_03330,2023-09-14 08:35:00,2023-09-14,2023-09-01,2023,8,Thursday,49,49.0,0.0,True,18.95,7.56,delivered,True
5cee1318-0eb6-417f-9ee0-ded0568cc393,caf83720-9dd4-43c0-9906-b3f5254898c1,DASHER_00843,2023-07-01 13:03:00,2023-07-01,2023-07-01,2023,13,Saturday,24,33.0,9.0,False,68.14,7.41,delivered,True
22dac71d-1a0a-4531-adcc-3b54eee448d9,55f1bf6b-991c-46d0-802f-5be749f4f705,DASHER_04312,2024-02-23 23:24:00,2024-02-23,2024-02-01,2024,23,Friday,38,37.0,-1.0,True,22.33,5.45,delivered,True
6d62e23c-079b-4a6f-bf28-e1c908d68839,a0483908-25a0-4bd2-9a0d-e81a36848b38,DASHER_04124,2022-11-24 19:08:00,2022-11-24,2022-11-01,2022,19,Thursday,36,31.0,-5.0,True,36.17,1.58,delivered,True
807573ec-656d-48a8-aaea-6d80a7cc243d,90fad54d-5356-4748-a873-66024d5fd74f,DASHER_04656,2024-10-19 13:40:00,2024-10-19,2024-10-01,2024,13,Saturday,32,18.0,-14.0,True,41.05,6.44,delivered,True
ee213210-0dc5-47e5-bc56-9a3467bac78b,4b8d4948-c14d-4911-be86-42b214d345d5,DASHER_00707,2022-10-27 03:12:00,2022-10-27,2022-10-01,2022,3,Thursday,28,18.0,-10.0,True,28.44,4.97,delivered,True
477f5dbd-a675-4bc3-b8d6-a5557f1f42d8,2a22618f-75d0-4c90-b41b-3ad2148cdaa0,DASHER_01060,2022-10-12 19:40:00,2022-10-12,2022-10-01,2022,19,Wednesday,33,15.0,-18.0,True,8.0,6.31,delivered,True
c9c292d4-9369-434d-92d4-63db28ddfde3,944cdb17-4eac-4012-bdeb-53d374834d1b,DASHER_03795,2024-07-22 04:12:00,2024-07-22,2024-07-01,2024,4,Monday,36,38.0,2.0,True,38.6,3.37,delivered,True
e5586b63-9d64-4e45-acd5-a08c9b93e1d4,b726eab1-cd04-4c64-bf84-1976a3d7f31c,DASHER_04997,2024-10-07 19:16:00,2024-10-07,2024-10-01,2024,19,Monday,31,36.0,5.0,True,10.51,3.44,delivered,True
4c417ecc-6c36-46ff-80a2-577e6bc089bb,f83ba527-0f70-4f16-a702-acf43ab6b06a,DASHER_00188,2023-08-28 12:57:00,2023-08-28,2023-08-01,2023,12,Monday,34,31.0,-3.0,True,26.21,5.41,delivered,True
e8c45bb2-be46-46e9-9065-e11334409318,6cc9541b-be03-494c-a3a2-2ca8a4e403be,DASHER_01490,2024-11-22 14:51:00,2024-11-22,2024-11-01,2024,14,Friday,30,,,,36.96,2.83,cancelled,True
dd9d7d12-f529-4727-8bcd-6a68045a2a16,312586e7-d473-4d2e-a7ae-1c4a601b1e16,DASHER_03269,2024-05-07 20:54:00,2024-05-07,2024-05-01,2024,20,Tuesday,32,44.0,12.0,False,21.26,3.38,delivered,True
d15c30ce-5841-4bb6-aa35-0f84f636d8ae,a783a6b1-750c-4453-bd7e-b4e02f622d85,DASHER_03568,2022-02-17 11:05:00,2022-02-17,2022-02-01,2022,11,Thursday,24,10.0,-21.0,True,8.0,3.73,delivered,True
10fe0692-2eec-4dfa-a7da-0df18da11b43,b8436708-7752-4b82-a942-fedc2b1f7e88,DASHER_01102,2023-06-16 10:06:00,2023-06-16,2023-06-01,2023,10,Friday,40,34.0,-6.0,True,32.03,4.71,delivered,True
da9fe3af-7d2d-46fd-87a2-57733ad66235,30bdf076-0f69-43c1-8a9f-26a5420d5f93,DASHER_01946,2024-11-11 15:56:00,2024-11-11,2024-11-01,2024,15,Monday,45,36.0,-9.0,True,39.25,1.51,delivered,True
e258c3cf-227d-4415-b6eb-16f8aad34927,68085f50-e3a5-4dfa-9696-26af31e08000,DASHER_04846,2024-03-08 19:03:00,2024-03-08,2024-03-01,2024,19,Friday,31,34.0,3.0,True,34.88,1.67,delivered,True
b9e5b038-2d47-40d5-afd8-75e0de26ac0b,f1a5c50f-a907-46bf-9c6d-df9a36e6ccbb,DASHER_03663,2023-02-01 17:00:00,2023-02-01,2023-02-01,2023,17,Wednesday,35,47.0,12.0,False,20.41,7.31,delivered,True
8f3f2a42-2443-410b-a3c7-e7b958c85ee6,8d302156-6612-4355-beb7-629fa83b3943,DASHER_02100,2022-06-13 20:39:00,2022-06-13,2022-06-01,2022,20,Monday,44,45.0,1.0,True,39.82,6.57,delivered,True
b5f30e18-01bd-48d7-be6d-54a70d2e96f4,8ff62754-22d9-4277-a8af-563c873154ed,DASHER_04826,2023-10-23 19:35:00,2023-10-23,2023-10-01,2023,19,Monday,27,36.0,9.0,False,49.31,5.97,delivered,True
89f60ec0-0ace-41e2-a61d-5000900d253f,38f480f9-543e-4094-b660-3ad272866273,DASHER_03608,2022-09-07 11:51:00,2022-09-07,2022-09-01,2022,11,Wednesday,32,31.0,-1.0,True,36.19,3.5,delivered,True
600ffdaa-cc83-4cca-82d5-5966f3d0548d,00e9e57c-da41-423a-b064-22caded5e2fc,DASHER_01810,2022-07-10 22:26:00,2022-07-10,2022-07-01,2022,22,Sunday,39,23.0,-16.0,True,31.95,1.87,delivered,True
7aa2cafc-6c80-43a5-9221-bb897275b73b,20fe51e7-264a-4a97-ad88-a3de5a83f085,DASHER_04331,2024-03-17 16:51:00,2024-03-17,2024-03-01,2024,16,Sunday,20,12.0,-8.0,True,28.33,6.59,delivered,True
7d6057be-6cc2-4c74-8e81-e3596a7b9a48,b298da43-3678-4e5c-b7cb-cfd1f21e8197,DASHER_04381,2024-02-18 19:09:00,2024-02-18,2024-02-01,2024,19,Sunday,26,20.0,-6.0,True,23.5,5.63,delivered,True
c4371521-664f-4062-8a0d-afc49c4f8426,34bbbd1e-95ba-4dfb-9128-58e263d4134e,DASHER_04316,2022-11-22 17:10:00,2022-11-22,2022-11-01,2022,17,Tuesday,31,10.0,-25.0,True,30.73,2.46,delivered,True
2851dc4b-b428-4ea9-a036-78bedc5d77ed,e1c04e7e-d32b-4b6c-aa48-3f9831034cf9,DASHER_03460,2024-06-13 21:32:00,2024-06-13,2024-06-01,2024,21,Thursday,40,32.0,-8.0,True,44.0,4.38,delivered,True
cb7e2f5f-18b3-47bf-9614-a7b56fc8072e,24a3c021-5dd9-47b2-a7ca-54a3ebdbd59d,DASHER_04519,2024-04-18 18:32:00,2024-04-18,2024-04-01,2024,18,Thursday,54,57.0,3.0,True,36.37,6.13,delivered,True
84b22505-8f35-4fc5-a72f-fd47ea07debd,14df6748-2a69-4785-b4ec-cd0a34a87709,DASHER_00664,2023-10-29 21:30:00,2023-10-29,2023-10-01,2023,21,Sunday,56,54.0,-2.0,True,33.76,7.55,delivered,True
c277c872-24f5-4214-97ed-c7ec97a9c8f2,65432ce1-fe52-4c25-8191-61ed50e30362,DASHER_04120,2023-10-23 21:43:00,2023-10-23,2023-10-01,2023,21,Monday,36,26.0,-10.0,True,23.13,4.75,delivered,True
fa1ce5a6-1b6e-4654-93b3-0840cc98056e,ea1f0a2b-ce6e-4c5f-a360-b1dcafe7b5f4,DASHER_04313,2024-07-25 22:05:00,2024-07-25,2024-07-01,2024,22,Thursday,26,30.0,4.0,True,27.37,3.69,delivered,True
ca3d5a8d-381f-48b1-bcc8-ac29a337c6b4,b9b4fd91-f720-4dfa-9af5-1e741277731d,DASHER_04038,2022-11-17 15:20:00,2022-11-17,2022-11-01,2022,15,Thursday,36,14.0,-22.0,True,16.46,2.87,delivered,True
1c074f61-41fc-4121-8653-05b6cb1b3d15,b2a3fb35-8cdf-435b-99a2-6092e4fa4d4b,DASHER_00914,2024-04-12 13:20:00,2024-04-12,2024-04-01,2024,13,Friday,38,48.0,10.0,False,34.67,5.27,delivered,True
0408eee8-bd15-491f-addd-73b54f96a2ee,ea3d7242-1e0a-42cd-9ea2-53ade29d6b4e,DASHER_04634,2024-06-21 17:27:00,2024-06-21,2024-06-01,2024,17,Friday,35,54.0,19.0,False,41.9,4.52,delivered,True
e6ff7cea-a954-43e7-9301-6ba33bfa75a8,3634ec04-1cc3-44c4-9642-fcf5de9c1b49,DASHER_02681,2023-01-12 06:07:00,2023-01-12,2023-01-01,2023,6,Thursday,32,,,,34.45,5.02,cancelled,True
0c701ca5-2324-4f7c-981d-0e3ec4e047c7,990e4fbc-bea9-45c2-b137-c5a01a23070d,DASHER_01761,2022-11-14 09:17:00,2022-11-14,2022-11-01,2022,9,Monday,40,51.0,11.0,False,20.97,2.16,delivered,True
9ce5f98e-97d9-41e0-9967-1d71def320a6,394f87d6-2bc1-4cdf-a7ee-8969c305999c,DASHER_00403,2024-02-21 14:03:00,2024-02-21,2024-02-01,2024,14,Wednesday,46,33.0,-13.0,True,21.0,7.67,delivered,True
b15309ee-153d-42da-8c41-df2ea84ec656,9fd1ac32-40ee-4ecb-8c0d-52de3e07c3eb,DASHER_00041,2024-11-02 23:17:00,2024-11-02,2024-11-01,2024,23,Saturday,40,40.0,0.0,True,54.98,7.08,delivered,True
f269599a-724d-4b60-baa9-d1351586c532,c7dae061-4e20-4b09-8a64-bbdef93429bb,DASHER_03981,2024-06-17 20:23:00,2024-06-17,2024-06-01,2024,20,Monday,41,45.0,4.0,True,10.86,1.72,delivered,True
0c435365-a9c1-4296-9389-5f6edd4a06ff,77591e1d-cf8e-47fd-a554-a661e7fa226f,DASHER_03219,2023-12-10 12:17:00,2023-12-10,2023-12-01,2023,12,Sunday,33,34.0,1.0,True,59.01,4.38,delivered,True
f6787106-6d2e-4b70-93e4-314cdd0f8e79,abd35160-b08e-4392-a2f1-e80e859c16a7,DASHER_00393,2023-07-02 22:52:00,2023-07-02,2023-07-01,2023,22,Sunday,39,55.0,16.0,False,27.24,5.39,delivered,True
a1d9e464-0ac3-4b76-aa00-81acc4176854,58d02875-1e24-4c0c-b4be-dddbaf3b0ca2,DASHER_04909,2023-02-27 14:44:00,2023-02-27,2023-02-01,2023,14,Monday,39,31.0,-8.0,True,19.93,6.74,delivered,True
5252b414-6d35-427d-bde7-9923758d9343,1e2b59d6-d5c8-4858-8471-365f7b7165c0,DASHER_00348,2023-12-16 14:47:00,2023-12-16,2023-12-01,2023,14,Saturday,23,11.0,-12.0,True,12.27,2.18,delivered,True
9092582b-9a5e-4022-b86e-69897ccbdf45,37d7f590-d95e-44f2-897a-98750153f803,DASHER_01781,2022-06-25 21:22:00,2022-06-25,2022-06-01,2022,21,Saturday,47,44.0,-3.0,True,8.0,5.71,delivered,True
31352e7b-a176-4d28-8104-1198bf3771bb,1d0d71cd-1f29-4b68-8c38-52721db9616e,DASHER_03414,2024-07-18 13:20:00,2024-07-18,2024-07-01,2024,13,Thursday,29,25.0,-4.0,True,26.53,2.81,delivered,True
8224636c-a837-4dbe-b2bd-120cf9ce33aa,451c899b-e4ff-4230-9b59-530cbc863dcf,DASHER_04597,2024-01-30 14:41:00,2024-01-30,2024-01-01,2024,14,Tuesday,28,28.0,0.0,True,8.0,6.81,delivered,True
db8eee44-562d-48b6-9b1a-959e33e674ce,50ab1adc-bdf5-4eb4-b5a1-72842c30a0f4,DASHER_04135,2023-12-05 07:50:00,2023-12-05,2023-12-01,2023,7,Tuesday,25,39.0,14.0,False,14.15,1.44,delivered,True
c5026e3d-caa2-4460-8aec-92d35fe26353,0d069d96-4d81-4a89-a77f-b7ca1c1cc1e3,DASHER_02513,2024-09-16 13:04:00,2024-09-16,2024-09-01,2024,13,Monday,41,55.0,14.0,False,21.34,2.43,delivered,True
d8191339-d6f6-43b7-b8d2-43d8f4b23112,ee97d322-c143-4e9d-b557-376b193f7441,DASHER_02003,2022-07-25 15:17:00,2022-07-25,2022-07-01,2022,15,Monday,32,27.0,-5.0,True,22.08,4.61,delivered,True
12285bf9-a83a-4609-af26-4f02d3a5cbc8,d70e63b4-f274-41ca-be20-4cf6da687fd4,DASHER_02615,2023-11-20 19:30:00,2023-11-20,2023-11-01,2023,19,Monday,33,45.0,12.0,False,24.94,1.12,delivered,True
a6e6f9ee-b577-4a1b-bd39-23ea0990cd26,865988c1-50e6-444c-ac9f-aefb4bd5c988,DASHER_02506,2023-10-30 12:39:00,2023-10-30,2023-10-01,2023,12,Monday,33,32.0,-1.0,True,55.06,2.55,delivered,True
60d4aab0-175f-458d-9f5a-682d5ad6b257,e2296c9b-f89e-475d-9a59-034adf43d332,DASHER_01431,2024-06-03 17:42:00,2024-06-03,2024-06-01,2024,17,Monday,27,27.0,0.0,True,51.49,6.8,delivered,True
72096cc8-6df9-4eab-bb79-d0ddfac1f1b1,39b4e4fe-e6c7-4096-b1fb-3e64de5e099a,DASHER_01974,2023-06-29 20:54:00,2023-06-29,2023-06-01,2023,20,Thursday,31,42.0,11.0,False,18.1,3.08,delivered,True
71e40ab2-9378-4f99-bd70-638a4e6095c6,6e532e2a-a7ec-4bc1-a73c-f9cbfcb015f2,DASHER_00391,2022-08-19 13:23:00,2022-08-19,2022-08-01,2022,13,Friday,27,20.0,-7.0,True,56.8,5.49,delivered,True
d8d4e621-6bee-4cb7-8b01-7bb08c74dafa,9ba6e1de-fc50-44b6-9c95-17a26c8f5f7a,DASHER_00587,2024-08-04 15:14:00,2024-08-04,2024-08-01,2024,15,Sunday,47,48.0,1.0,True,8.0,6.72,delivered,True
fa0698c1-909b-4f8e-9926-a1a8aec7bd45,9e2a4f1e-b7b1-42b9-a92d-0e65fc927cb6,DASHER_04099,2023-06-22 19:30:00,2023-06-22,2023-06-01,2023,19,Thursday,39,47.0,8.0,False,22.54,2.55,delivered,True
da86d296-408c-47fa-8e28-eb73e76c0728,d5000245-8d11-403d-ac50-04ea164a658d,DASHER_03064,2023-07-08 18:46:00,2023-07-08,2023-07-01,2023,18,Saturday,40,34.0,-6.0,True,18.89,4.26,delivered,True
4104b4b0-4040-45d1-826a-deecc245b112,bc10c0bd-1da3-4938-992d-f59c629f616c,DASHER_00144,2023-10-06 09:55:00,2023-10-06,2023-10-01,2023,9,Friday,39,48.0,9.0,False,39.81,5.06,delivered,True
1a9ea339-caf4-4688-adbf-638d3f50c03f,3e5f8ca8-dd5c-485a-a827-1a8b3404dc65,DASHER_03348,2023-12-06 16:38:00,2023-12-06,2023-12-01,2023,16,Wednesday,24,20.0,-4.0,True,44.95,3.81,delivered,True
89c20af3-ff73-44a7-9046-b123bbd2889c,adafecd7-8c8d-40a4-8e1e-de69f1956cda,DASHER_01584,2022-11-15 20:58:00,2022-11-15,2022-11-01,2022,20,Tuesday,17,12.0,-5.0,True,19.13,6.18,delivered,True
5ac94eda-c48d-488e-ba0c-7cf7c0f955e8,f7891691-a053-476b-b33a-28fcc2830410,DASHER_03642,2023-09-11 15:19:00,2023-09-11,2023-09-01,2023,15,Monday,38,43.0,5.0,True,29.29,5.43,delivered,True
8242f130-6db2-453c-8460-97fb3f24235a,3f96a85e-c90c-4670-970a-034799845a21,DASHER_02011,2022-07-16 11:31:00,2022-07-16,2022-07-01,2022,11,Saturday,30,18.0,-12.0,True,36.13,3.44,delivered,True
d9fd8583-5c84-4114-b79d-3a6a617f92b7,a7570bde-0e27-4006-a634-167889f3f26a,DASHER_03296,2023-10-17 18:02:00,2023-10-17,2023-10-01,2023,18,Tuesday,34,26.0,-8.0,True,27.3,1.25,delivered,True
36edba06-1eb7-4f60-931d-1de21670f640,c680537d-5486-4ca3-8d21-5d205db39141,DASHER_00255,2024-08-03 02:38:00,2024-08-03,2024-08-01,2024,2,Saturday,36,32.0,-4.0,True,26.2,1.72,delivered,True
729a5f03-a3b8-4b9c-af3d-1980ef584bb6,a1d44269-970b-41b1-b744-3e296a8e9068,DASHER_04448,2022-03-14 22:29:00,2022-03-14,2022-03-01,2022,22,Monday,33,18.0,-15.0,True,18.95,4.02,delivered,True
afff6859-2de3-4af2-b4ca-75aab64c5d22,78e42928-d3f2-4584-878f-410b57b13657,DASHER_00899,2022-12-31 22:20:00,2022-12-31,2022-12-01,2022,22,Saturday,33,38.0,5.0,True,28.43,6.66,delivered,True
e445798a-feda-48ee-97e9-ca3e143092d2,0a81fa0a-021b-4194-a11a-f3eb5998fb70,DASHER_02047,2023-04-30 19:49:00,2023-04-30,2023-04-01,2023,19,Sunday,27,31.0,4.0,True,9.27,3.46,delivered,True
8e0250d5-0736-4f17-a999-8b2fdbb2e260,4714970f-431b-41a5-b9bc-8977edb59903,DASHER_04318,2023-02-10 20:31:00,2023-02-10,2023-02-01,2023,20,Friday,42,42.0,0.0,True,24.7,1.39,delivered,True
955b80c3-d8f6-4d74-9047-a3a1c6abd015,cb5e4c74-475e-4d2c-bb5d-6f0de19f63f1,DASHER_02829,2022-09-20 08:34:00,2022-09-20,2022-09-01,2022,8,Tuesday,33,37.0,4.0,True,53.92,6.73,delivered,True
98358af7-6de9-4ed7-a203-501d6bb5cf2d,15e5f8a8-a5bb-4655-bac8-79a8a7705a9b,DASHER_02538,2023-02-02 18:04:00,2023-02-02,2023-02-01,2023,18,Thursday,34,37.0,3.0,True,39.35,7.82,delivered,True
a039408b-783d-4755-9393-216f918dd887,8c6a6762-1042-4f85-a930-2a22a30e7e41,DASHER_04651,2023-04-10 15:54:00,2023-04-10,2023-04-01,2023,15,Monday,44,40.0,-4.0,True,19.04,3.89,delivered,True
e1cf5b20-cb50-4d13-b963-7f7db1954eb0,9061f432-c8a6-481b-9172-0d1068d0be44,DASHER_00090,2022-05-09 22:17:00,2022-05-09,2022-05-01,2022,22,Monday,33,33.0,0.0,True,11.43,5.7,delivered,True
e3b1458f-1a65-4a50-b78c-69559bbd5711,20d086fe-d946-4918-aec8-9a0e0af401e0,DASHER_03193,2023-04-13 20:49:00,2023-04-13,2023-04-01,2023,20,Thursday,19,10.0,-15.0,True,8.0,6.76,delivered,True
3effe97f-5466-4212-9e5f-463b488e0546,0b92d1fd-fab3-4069-82b0-6e60f8d6a16a,DASHER_03857,2024-11-17 09:54:00,2024-11-17,2024-11-01,2024,9,Sunday,24,48.0,24.0,False,41.79,5.94,delivered,True
69e11fcc-4840-4a56-86da-09e4e03f1188,bd7f3331-00ab-4876-9f44-67a258eff00b,DASHER_00849,2022-05-20 08:32:00,2022-05-20,2022-05-01,2022,8,Friday,17,26.0,9.0,False,14.73,1.61,delivered,True
379a7267-cec8-4aef-a0e6-98f06bc5c075,8d7b7c77-224e-44e7-abd2-58440cf94146,DASHER_01363,2022-09-16 19:12:00,2022-09-16,2022-09-01,2022,19,Friday,36,30.0,-6.0,True,24.63,3.63,delivered,True
bb89c981-cfd6-48c2-aed2-b86325a8dc5d,037471d3-f709-4a65-8a32-25594bba08fa,DASHER_02729,2022-08-10 18:50:00,2022-08-10,2022-08-01,2022,18,Wednesday,39,30.0,-9.0,True,13.39,6.66,delivered,True
1b107c53-f5fd-4e3d-833c-c6e2bd3f2dc8,caac8fe1-db02-434f-a68c-96232479bc7c,DASHER_02235,2023-09-19 14:48:00,2023-09-19,2023-09-01,2023,14,Tuesday,35,22.0,-13.0,True,18.1,2.49,delivered,True
ce9d17f1-2163-4a21-88af-4670d0982c37,e9a03872-8b56-4582-8a1b-5243912b9689,DASHER_04360,2024-02-07 19:20:00,2024-02-07,2024-02-01,2024,19,Wednesday,40,35.0,-5.0,True,61.99,5.65,delivered,True
3e7f5194-0db9-4d7c-b575-9728b206aec4,270ebe3e-be69-4492-aea2-bd858daf08e7,DASHER_02769,2023-12-03 07:24:00,2023-12-03,2023-12-01,2023,7,Sunday,39,36.0,-3.0,True,34.78,6.77,delivered,True
7446ad58-81e1-4527-9975-5d5b77bad24b,53384ded-ea87-495b-9ff8-53ecfea18f1b,DASHER_00816,2022-07-25 19:13:00,2022-07-25,2022-07-01,2022,19,Monday,39,12.0,-27.0,True,41.08,4.75,delivered,True
d7a27b92-384b-4216-a3f7-d4218eee247c,a3e7344a-e7b0-46d4-b07c-12419d580c7e,DASHER_00610,2023-07-27 21:05:00,2023-07-27,2023-07-01,2023,21,Thursday,34,51.0,17.0,False,27.24,2.38,delivered,True
cbe91a7f-37ad-45ed-9752-db9612dac55c,44cce9c2-c69f-4189-af0f-4f27c14ee47e,DASHER_01696,2023-10-25 11:03:00,2023-10-25,2023-10-01,2023,11,Wednesday,44,48.0,4.0,True,24.19,7.37,delivered,True
99ec7cce-2df1-4991-8b1d-5422d85a32e5,0111a2d0-836e-4645-af9e-cb95f968398a,DASHER_03955,2022-01-24 09:32:00,2022-01-24,2022-01-01,2022,9,Monday,21,23.0,2.0,True,47.25,7.93,delivered,True
92fbe183-145a-42de-b6c5-0bfb2b9a7793,578f751c-9992-4a0c-9dfb-2771d002e870,DASHER_03057,2024-09-16 15:34:00,2024-09-16,2024-09-01,2024,15,Monday,37,38.0,1.0,True,45.22,1.01,delivered,True
bbd3d190-3ec9-47a8-88e3-90589268b861,69a13d4c-e4fb-4480-a5ad-8bb87dc6d7be,DASHER_04087,2024-05-12 19:44:00,2024-05-12,2024-05-01,2024,19,Sunday,40,26.0,-14.0,True,35.84,4.65,delivered,True
6430c0c4-fbba-41df-972b-10be586ca37b,09d6e93f-fe75-44af-a295-ba67d972c28a,DASHER_01821,2024-11-23 14:03:00,2024-11-23,2024-11-01,2024,14,Saturday,40,37.0,-3.0,True,22.67,1.3,delivered,True
4aa6f323-3d76-493c-96bd-78151f166d4f,4b31eab3-2264-4fcf-8bff-491518216981,DASHER_03827,2022-11-28 14:19:00,2022-11-28,2022-11-01,2022,14,Monday,26,10.0,-17.0,True,22.5,1.57,delivered,True
7fb1dc60-9e4b-47c9-9bbc-b126d56836d7,972ebcaa-5c70-4b26-abd1-322b9da293e6,DASHER_02049,2022-03-17 12:57:00,2022-03-17,2022-03-01,2022,12,Thursday,45,42.0,-3.0,True,18.54,6.56,delivered,True
1ab6fe91-04d4-46df-98d3-426ae408ab2b,759dd5ad-889c-4959-b255-cd76834b8c25,DASHER_01070,2022-03-09 22:46:00,2022-03-09,2022-03-01,2022,22,Wednesday,32,,,,17.1,1.79,cancelled,True
185b5f6e-1c88-4676-baea-a4ef0829be0b,a09eb8b8-1c92-4a60-920e-5dd1efdf7c90,DASHER_00817,2024-07-11 19:07:00,2024-07-11,2024-07-01,2024,19,Thursday,45,27.0,-18.0,True,20.58,2.3,delivered,True
2191e948-ab2f-412d-b68d-cdc5680ab91d,d3edcee4-ebd7-4e14-bd1f-5937bc3cc211,DASHER_02720,2022-10-19 18:29:00,2022-10-19,2022-10-01,2022,18,Wednesday,43,40.0,-3.0,True,33.43,2.73,delivered,True
6579874c-8d66-426f-8be4-ea3bc12de080,a0b2da34-5c89-44c7-8d79-afa148010c89,DASHER_01151,2024-03-26 19:49:00,2024-03-26,2024-03-01,2024,19,Tuesday,33,53.0,20.0,False,8.0,2.21,delivered,True
66f3d91b-d452-439b-96b8-02d19557ebcd,8bb457e7-6024-41ef-9dfb-5d2250001642,DASHER_02263,2024-05-17 18:59:00,2024-05-17,2024-05-01,2024,18,Friday,35,20.0,-15.0,True,20.25,6.89,delivered,True
2dd1e8de-132e-4bdb-8661-463f214e3633,7261b6a6-09a8-4e50-991f-c7295e2b1374,DASHER_00677,2023-04-20 09:23:00,2023-04-20,2023-04-01,2023,9,Thursday,34,15.0,-19.0,True,21.43,1.02,delivered,True
e7500dae-ff19-43cc-9f7b-445561cb2082,065fd299-f21d-4363-9f0e-7d66e7bfd7e0,DASHER_02078,2024-01-12 15:56:00,2024-01-12,2024-01-01,2024,15,Friday,40,18.0,-22.0,True,20.96,5.82,delivered,True
e2017cd9-9756-4bcf-b2f8-980634f8edac,ae7d5da4-5059-4759-9e69-433f1de9ba98,DASHER_00724,2023-12-08 08:56:00,2023-12-08,2023-12-01,2023,8,Friday,38,40.0,2.0,True,33.78,2.04,delivered,True
e37a79b0-268e-4273-8d5d-2c14fd440d16,dfc58364-2ae8-4afb-b2c8-e215370312d1,DASHER_03950,2023-05-16 09:36:00,2023-05-16,2023-05-01,2023,9,Tuesday,30,42.0,12.0,False,26.37,2.53,delivered,True
8eaf6e75-8175-4825-8ca9-35c5da8b5d4d,7261b6a6-09a8-4e50-991f-c7295e2b1374,DASHER_00267,2024-07-18 07:59:00,2024-07-18,2024-07-01,2024,7,Thursday,34,11.0,-23.0,True,29.81,3.41,delivered,True
5af1df9c-7889-4373-97bb-b02f00e42c9a,c0689d68-05eb-4dd7-ad09-9a15432b44a0,DASHER_03129,2024-10-21 15:03:00,2024-10-21,2024-10-01,2024,15,Monday,40,34.0,-6.0,True,35.13,3.74,delivered,True
c89a90d3-72ec-4298-a8b7-87fa20ce506b,a45652d2-24d4-40c0-9fb6-da9d49de2535,DASHER_04576,2023-04-20 20:40:00,2023-04-20,2023-04-01,2023,20,Thursday,35,26.0,-9.0,True,24.01,2.8,delivered,True
17b22362-e668-47a6-a495-a441c7da35fc,23d4f074-c094-4741-a523-b2fa964b54f9,DASHER_00076,2024-07-17 20:25:00,2024-07-17,2024-07-01,2024,20,Wednesday,19,25.0,6.0,False,20.36,3.26,delivered,True
a2ee34ee-b521-4a16-b9d8-03541718c29f,f4a7fd62-81da-4d82-935b-1479d26d6b51,DASHER_01936,2024-07-20 19:42:00,2024-07-20,2024-07-01,2024,19,Saturday,38,50.0,12.0,False,8.0,1.3,delivered,True
d45cb34a-97c8-4894-9b30-32bc39e8bb0a,a602153a-1696-4c45-9792-1a1e5ac582f0,DASHER_02730,2023-04-08 09:37:00,2023-04-08,2023-04-01,2023,9,Saturday,38,19.0,-19.0,True,65.17,7.26,delivered,True
4bbe7df6-13dd-44e4-b893-f25e38bc55de,7042bb49-2c25-4e1a-b1bb-dabc90a28a4d,DASHER_04369,2023-06-25 23:21:00,2023-06-25,2023-06-01,2023,23,Sunday,23,23.0,0.0,True,28.75,7.0,delivered,True
5a86f367-bc9f-4786-8ed8-0f67d36c9b5b,099ce46c-3d6d-4e29-a8ad-7c61e3897eda,DASHER_02821,2023-09-14 19:28:00,2023-09-14,2023-09-01,2023,19,Thursday,34,26.0,-8.0,True,8.0,6.91,delivered,True
70affc63-6161-4b75-b220-049a948b7535,bc1456b3-f4c8-42f2-8168-29699eaa734c,DASHER_04749,2022-11-29 16:29:00,2022-11-29,2022-11-01,2022,16,Tuesday,45,26.0,-19.0,True,12.21,6.02,delivered,True
3ce1bcb8-b721-4bf4-af94-7f59f46be958,161ebb77-2f1f-4ef9-8e98-10e50163d5ae,DASHER_04719,2023-09-05 20:26:00,2023-09-05,2023-09-01,2023,20,Tuesday,36,32.0,-4.0,True,15.85,4.14,delivered,True
a8828a60-045b-40a1-8eed-8bba44e6d2b1,ebf1fec4-5b45-4411-a4d9-2656aa8a0efb,DASHER_03734,2023-08-17 19:22:00,2023-08-17,2023-08-01,2023,19,Thursday,36,25.0,-11.0,True,36.69,2.05,delivered,True
827414ac-28cf-4c6f-b87f-0ccbf2007c57,9f3dff24-a5d7-4924-8e12-bba837b933f5,DASHER_00202,2024-03-04 19:13:00,2024-03-04,2024-03-01,2024,19,Monday,32,42.0,10.0,False,29.52,5.25,delivered,True
ba5eac1f-5178-4ff3-90f9-f185e30133e1,037471d3-f709-4a65-8a32-25594bba08fa,DASHER_03554,2023-06-13 22:24:00,2023-06-13,2023-06-01,2023,22,Tuesday,24,14.0,-10.0,True,26.03,3.64,delivered,True
f38c2abc-5043-494d-8282-effbc71077f6,6f496bd3-c18b-494e-a328-d82855e1e291,DASHER_03356,2023-01-08 22:41:00,2023-01-08,2023-01-01,2023,22,Sunday,33,21.0,-12.0,True,31.89,5.36,delivered,True
e4318601-c19d-42e4-bd07-360a566d28b8,9b639ae5-6f5d-4998-af58-fa7ce597a4bb,DASHER_01680,2024-06-25 21:56:00,2024-06-25,2024-06-01,2024,21,Tuesday,26,11.0,-15.0,True,33.99,4.98,delivered,True
4649485d-c59a-488a-a132-e0e030781d8f,ae7d5da4-5059-4759-9e69-433f1de9ba98,DASHER_03637,2024-04-12 08:14:00,2024-04-12,2024-04-01,2024,8,Friday,24,24.0,0.0,True,52.33,1.38,delivered,True
dde3bb7f-5684-4402-9c87-91c175a57b37,3d181fe5-f907-44ec-a20b-bc802e446d66,DASHER_00266,2024-06-15 20:22:00,2024-06-15,2024-06-01,2024,20,Saturday,40,50.0,10.0,False,41.82,3.84,delivered,True
7ec9fca8-a4c4-47df-8e59-f0b3f768be06,7639f7c7-098c-4d62-b48e-d3880e1270d3,DASHER_01172,2022-12-10 11:10:00,2022-12-10,2022-12-01,2022,11,Saturday,36,54.0,18.0,False,32.78,2.6,delivered,True
f0c6857c-05a4-4533-82a6-d3a8408a5ef3,e2b89b16-f81e-4c6e-bb0e-5e54488639eb,DASHER_03095,2023-07-28 13:50:00,2023-07-28,2023-07-01,2023,13,Friday,45,,,,42.21,4.95,cancelled,True
7b72e77f-a1e0-410a-911d-e4793cf9f464,a49528a7-612d-4dee-abde-5874cf249631,DASHER_01562,2023-06-14 19:43:00,2023-06-14,2023-06-01,2023,19,Wednesday,42,36.0,-6.0,True,18.42,3.73,delivered,True
973f78ad-0f52-47b3-91f0-7679aa97d5ad,0c9d0199-fe0f-4cc7-aa9a-55953f137425,DASHER_00397,2022-10-15 18:05:00,2022-10-15,2022-10-01,2022,18,Saturday,43,50.0,7.0,False,38.91,1.22,delivered,True
3512f9a1-308d-4ab3-8580-e5336aa8ba88,a7ecb100-e165-4038-963d-3564d811a576,DASHER_04355,2024-02-23 21:16:00,2024-02-23,2024-02-01,2024,21,Friday,34,58.0,24.0,False,8.0,2.71,delivered,True
63fe5656-1c61-47df-a931-16123e7d571c,19face6f-4f71-43ad-bde7-ecbebf3cea94,DASHER_01365,2022-08-27 22:40:00,2022-08-27,2022-08-01,2022,22,Saturday,37,37.0,0.0,True,8.0,3.52,delivered,True
9527b6de-ab7e-4856-a8a6-6cdf9a395f0a,d408e080-06dc-4b14-b0ae-76b07c534583,DASHER_02479,2023-09-29 21:33:00,2023-09-29,2023-09-01,2023,21,Friday,37,27.0,-10.0,True,42.56,6.6,delivered,True
7c6d0722-f406-43ad-82ee-15b21032e452,1c31c32d-80c1-410c-a3bf-190d0c851ecd,DASHER_00224,2024-09-09 17:27:00,2024-09-09,2024-09-01,2024,17,Monday,33,17.0,-16.0,True,21.81,5.74,delivered,True
c04f3186-63a8-4660-81aa-ec525f442693,b7d30ad8-04a0-4b83-b31c-9f48a1c1086b,DASHER_03936,2022-03-28 10:37:00,2022-03-28,2022-03-01,2022,10,Monday,39,37.0,-2.0,True,59.9,5.34,delivered,True
4963a7a5-7218-4dba-8a23-3fa741b0a396,4db6e23b-c2ae-4d32-baf0-3e18a981ee57,DASHER_01079,2023-10-30 17:26:00,2023-10-30,2023-10-01,2023,17,Monday,38,64.0,26.0,False,11.24,4.77,delivered,True
735b2f03-01da-43c2-92a7-77ecaa3f8e10,8d6e948c-d9ab-4fcb-9756-252f53ccd67b,DASHER_00624,2024-08-24 17:49:00,2024-08-24,2024-08-01,2024,17,Saturday,17,19.0,2.0,True,28.41,3.16,delivered,True
58f1fd99-5a1b-490f-b0fd-692d4aa6738f,91f17179-ff9b-459d-a303-de02aa2c9bc2,DASHER_03213,2024-01-12 20:11:00,2024-01-12,2024-01-01,2024,20,Friday,39,34.0,-5.0,True,25.11,3.16,delivered,True
c3a28c77-a9ea-4734-81a8-aa8fc77439cf,fc4fcbc8-e42f-4c5b-87e1-4ac14d86a4a5,DASHER_03858,2022-08-24 15:15:00,2022-08-24,2022-08-01,2022,15,Wednesday,36,43.0,7.0,False,41.77,5.9,delivered,True
d03f8a2f-7433-4ea3-870d-9dd63d48991a,ea31c191-14c0-4467-8c07-f48236f18437,DASHER_01304,2023-01-02 17:19:00,2023-01-02,2023-01-01,2023,17,Monday,35,33.0,-2.0,True,33.68,6.1,delivered,True
5996ff0a-f2f5-4c05-95a4-f2818328aff3,c9cd86f1-6d76-4f14-929f-78c489141c64,DASHER_03263,2022-01-08 07:56:00,2022-01-08,2022-01-01,2022,7,Saturday,28,28.0,0.0,True,25.7,1.95,delivered,True
01efe8c5-3a42-4533-a552-1bbfca2b6440,934291e8-0340-4bac-a267-6a0d1b7afc2e,DASHER_00146,2022-05-20 05:56:00,2022-05-20,2022-05-01,2022,5,Friday,44,43.0,-1.0,True,43.92,6.45,delivered,True
650f8aec-dcda-4916-8e7a-3225ae8432cd,352a8931-cee8-43b6-bfa5-f4ad5c9bfb69,DASHER_00416,2023-12-30 09:43:00,2023-12-30,2023-12-01,2023,9,Saturday,31,20.0,-11.0,True,31.53,1.38,delivered,True
eedec53a-605f-4534-89fc-8835ec669a34,a282d015-9c91-4733-ba5f-1ccb5fe64e44,DASHER_01652,2024-12-30 21:21:00,2024-12-30,2024-12-01,2024,21,Monday,47,44.0,-3.0,True,46.61,1.08,delivered,True
169af268-aaad-4944-a34b-8916672035ad,0f04faf4-392e-452d-b9ce-ec184e8cf520,DASHER_04381,2024-02-02 16:31:00,2024-02-02,2024-02-01,2024,16,Friday,38,44.0,6.0,False,27.92,1.33,delivered,True
d685b44f-b8a6-424a-bca6-df841379405a,b0208c23-6bb2-4f10-89bd-a40a8ca59d8f,DASHER_03976,2022-06-30 21:21:00,2022-06-30,2022-06-01,2022,21,Thursday,33,18.0,-15.0,True,35.27,1.52,delivered,True
9e851613-cbc8-4c7d-956a-ca4cc6b76c09,c6bf9ce0-3d64-484e-9c92-b49072ada568,DASHER_00362,2024-12-24 13:45:00,2024-12-24,2024-12-01,2024,13,Tuesday,44,,,,25.15,4.46,cancelled,True
cc3eccda-ae60-4c27-9110-ce42f3fbba5b,e09717f3-4617-4e4d-92ae-fa3ebaba9429,DASHER_00976,2024-09-16 19:01:00,2024-09-16,2024-09-01,2024,19,Monday,24,16.0,-8.0,True,19.13,6.93,delivered,True
abf189a8-56a0-4f7d-9c05-c204ed6efa75,c3141098-f7e6-4620-bb43-ad948f4ede14,DASHER_04629,2022-11-13 17:46:00,2022-11-13,2022-11-01,2022,17,Sunday,31,38.0,7.0,False,27.26,2.87,delivered,True
8fbf39d4-2e07-479d-9a5c-0a91002a8161,fc3b7f42-e086-488b-b614-384b32455509,DASHER_04387,2023-02-09 20:37:00,2023-02-09,2023-02-01,2023,20,Thursday,35,32.0,-3.0,True,36.0,7.74,delivered,True
13c7f523-7393-4d21-8433-9d05eb011b14,2ca95a9c-ad28-4402-b5f1-08589564a057,DASHER_03634,2024-02-01 22:51:00,2024-02-01,2024-02-01,2024,22,Thursday,40,48.0,8.0,False,46.13,7.81,delivered,True
39d252b2-0328-49d3-b2ba-6ed4d04df19a,990e4fbc-bea9-45c2-b137-c5a01a23070d,DASHER_02537,2024-08-13 12:59:00,2024-08-13,2024-08-01,2024,12,Tuesday,40,23.0,-17.0,True,34.33,7.39,delivered,True
ea80ed03-b70b-4ffd-9819-34c813b79a01,0d2de02d-d4b4-41a4-a13f-c9e8d9bf4617,DASHER_02833,2023-09-05 17:29:00,2023-09-05,2023-09-01,2023,17,Tuesday,39,25.0,-14.0,True,13.94,4.81,delivered,True
d2d370d4-d392-49a8-accb-0a0771a1f1a1,90218675-5376-43e2-8431-b834fd1263af,DASHER_03682,2022-05-24 09:41:00,2022-05-24,2022-05-01,2022,9,Tuesday,29,10.0,-29.0,True,9.8,2.64,delivered,True
61e3b6b4-eb53-49ca-8aa1-b0b69c1bf350,0d260b10-422a-48b5-aa99-a4b58692b63d,DASHER_02504,2024-06-08 19:29:00,2024-06-08,2024-06-01,2024,19,Saturday,18,21.0,3.0,True,38.56,7.01,delivered,True
9483f539-230e-4344-8407-9f676a73d2f4,378e23e4-3769-4d48-a472-f4b39ab04dee,DASHER_02765,2024-08-05 17:10:00,2024-08-05,2024-08-01,2024,17,Monday,50,31.0,-19.0,True,10.24,7.32,delivered,True
d66db10f-0f9d-44d9-a084-7377c6b1b59c,30bdf076-0f69-43c1-8a9f-26a5420d5f93,DASHER_04680,2023-09-22 10:33:00,2023-09-22,2023-09-01,2023,10,Friday,42,30.0,-12.0,True,54.5,2.88,delivered,True
1d42da1c-96f4-45de-b15d-24313af0f8a4,426965f4-56dc-4ccc-ba66-0d84aff3671f,DASHER_00414,2024-12-29 18:41:00,2024-12-29,2024-12-01,2024,18,Sunday,39,37.0,-2.0,True,40.45,5.38,delivered,True
c0f8b20e-9ded-45b1-8d19-afc4283ced51,ee328c2e-9696-4a6d-9e79-ed012d49022f,DASHER_03914,2022-04-13 17:00:00,2022-04-13,2022-04-01,2022,17,Wednesday,28,21.0,-7.0,True,17.85,2.16,delivered,True
293635da-e02e-4670-bb2b-16850dc977c8,20d086fe-d946-4918-aec8-9a0e0af401e0,DASHER_00270,2024-02-22 19:44:00,2024-02-22,2024-02-01,2024,19,Thursday,38,41.0,3.0,True,21.76,2.54,delivered,True
5262063a-ccde-4f92-ac2f-c20de40d161a,376cddf7-a0c8-42c1-9ca9-8c60a0517984,DASHER_00480,2023-04-18 05:48:00,2023-04-18,2023-04-01,2023,5,Tuesday,52,67.0,15.0,False,47.76,2.03,delivered,True
440c62d1-f0cc-4e36-883f-a84890235bd2,1b140f4b-36b0-4da2-95fc-a341cbc7bf11,DASHER_02545,2023-05-11 07:45:00,2023-05-11,2023-05-01,2023,7,Thursday,28,38.0,10.0,False,39.41,7.37,delivered,True
65f24a0c-cb73-417c-850d-38b5eff9e494,926c3f48-7732-457e-895f-7ada0b6f8e59,DASHER_00094,2023-06-14 16:55:00,2023-06-14,2023-06-01,2023,16,Wednesday,30,43.0,13.0,False,16.38,1.87,delivered,True
3ceaeaa9-8e4c-4a45-8ddc-3828429afdea,f302725f-3e99-4a64-8193-4fa68dfb2542,DASHER_02508,2023-04-02 10:21:00,2023-04-02,2023-04-01,2023,10,Sunday,27,10.0,-26.0,True,8.0,2.14,delivered,True
faa18cc6-5584-4105-959f-94183b02e1ff,2d93e075-4b1e-46ab-a9a4-f72edb669bb8,DASHER_03942,2023-05-12 21:48:00,2023-05-12,2023-05-01,2023,21,Friday,30,22.0,-8.0,True,34.76,1.57,delivered,True
786af1a2-8d70-45b1-b935-3d96ecdac3da,ff3dbb94-2645-4dec-b2b4-07da65b8a7cc,DASHER_01339,2023-12-24 10:38:00,2023-12-24,2023-12-01,2023,10,Sunday,21,28.0,7.0,False,29.64,6.18,delivered,True
091378c6-8863-4022-b1dc-b2d1d5afa2df,544dc4f9-eafb-4a68-b59b-cc7d0b05533d,DASHER_04957,2024-08-10 19:15:00,2024-08-10,2024-08-01,2024,19,Saturday,34,35.0,1.0,True,10.39,5.91,delivered,True
34e5a4d2-a28e-434d-a3f8-07b8cfb6c8d0,70f2a17b-f5b0-4e9f-a140-8b6ad571338e,DASHER_02466,2022-04-24 15:53:00,2022-04-24,2022-04-01,2022,15,Sunday,30,26.0,-4.0,True,30.12,2.01,delivered,True
66ee2574-0b17-4f78-ad5c-05764c26dd01,6f5d1897-4083-4efb-a148-ba7d73357922,DASHER_00430,2024-10-27 16:53:00,2024-10-27,2024-10-01,2024,16,Sunday,34,24.0,-10.0,True,25.78,5.48,delivered,True
2d62ab19-f72a-4ed3-ad6b-fa0b59479701,817f20ff-3f1b-4659-9c5d-e2ec34e24e68,DASHER_03546,2022-09-13 14:31:00,2022-09-13,2022-09-01,2022,14,Tuesday,28,13.0,-15.0,True,14.51,4.09,delivered,True
111d05ce-9d41-41d4-8709-163c9e920e32,6932226a-19e1-4533-b76f-39bf0459534a,DASHER_01893,2024-01-15 20:17:00,2024-01-15,2024-01-01,2024,20,Monday,40,38.0,-2.0,True,22.38,1.12,delivered,True
297c15a8-71e3-4530-a401-e97f708f2180,c56034aa-2f78-4abb-8b41-ca896dd43bbd,DASHER_02840,2023-10-17 21:47:00,2023-10-17,2023-10-01,2023,21,Tuesday,27,29.0,2.0,True,8.78,2.21,delivered,True
d56e38f5-5cbc-4d84-8e15-ab5b5a65b522,4ab00b8f-44be-433c-9800-24db8f7b8b7c,DASHER_04185,2024-08-18 17:14:00,2024-08-18,2024-08-01,2024,17,Sunday,32,38.0,6.0,False,37.14,1.13,delivered,True
fcfd395a-df17-42f2-95d2-0ca54eeea53e,edb41cc5-8f78-4d02-8074-d008f3cb8929,DASHER_01481,2024-09-12 10:21:00,2024-09-12,2024-09-01,2024,10,Thursday,38,38.0,0.0,True,60.56,7.89,delivered,True
b8233105-f181-4ce4-bcae-eb4cbfb32d2e,6f16fd46-9bea-4e0a-a565-366b9a4129a1,DASHER_00177,2024-05-16 12:54:00,2024-05-16,2024-05-01,2024,12,Thursday,37,46.0,9.0,False,16.03,2.33,delivered,True
63855583-d784-48d0-82e9-7f60c5555859,62bedf81-0241-465c-9ca8-c7f7a1daa4fc,DASHER_00394,2024-07-28 09:15:00,2024-07-28,2024-07-01,2024,9,Sunday,27,27.0,0.0,True,33.01,1.87,delivered,True
0f75ec92-c6f2-48ae-832d-023e174122af,1c2271b6-6a7d-462d-83e7-defbdf0a9107,DASHER_02656,2022-09-28 12:52:00,2022-09-28,2022-09-01,2022,12,Wednesday,47,50.0,3.0,True,11.28,6.62,delivered,True
6d912920-70d5-4c5e-975a-8a04a913890c,0bc776f1-b987-4c4e-b426-3b679c00f561,DASHER_02450,2023-07-01 18:44:00,2023-07-01,2023-07-01,2023,18,Saturday,32,38.0,6.0,False,31.28,7.61,delivered,True
4b1a1bf0-54ce-411c-9595-7cb1c275b30d,dd0deac7-f785-487f-bfb9-07e703ba337f,DASHER_00717,2024-03-16 12:05:00,2024-03-16,2024-03-01,2024,12,Saturday,31,28.0,-3.0,True,35.89,6.6,delivered,True
abc24253-0409-4215-a6de-1c567e5f9f80,b56a66f1-6a1d-48d0-b582-2b0468ac7e60,DASHER_02828,2022-03-14 22:49:00,2022-03-14,2022-03-01,2022,22,Monday,39,24.0,-15.0,True,26.39,7.31,delivered,True
0e14dd0c-54f8-4249-a72a-473f4f9fa221,bac0805e-3789-40fa-ab31-6e235ba3996d,DASHER_00560,2023-12-17 19:14:00,2023-12-17,2023-12-01,2023,19,Sunday,34,24.0,-10.0,True,8.0,1.76,delivered,True
3b27dc42-1054-4e9f-a466-4aef8ca7f408,60007bf6-ac09-4646-a21e-c3986465cdb9,DASHER_03540,2024-10-15 21:20:00,2024-10-15,2024-10-01,2024,21,Tuesday,24,10.0,-18.0,True,57.03,6.57,delivered,True
cc3e73da-6faa-4ab2-94e2-7ffb11bbb14d,786a7a3f-2749-431e-983b-fdef7724ffb9,DASHER_03527,2022-12-22 22:40:00,2022-12-22,2022-12-01,2022,22,Thursday,21,10.0,-27.0,True,39.72,6.91,delivered,True
95804bf1-e336-4153-b215-0330807cfcb7,a48fcbad-54a5-4401-8da6-b971eceacf01,DASHER_01945,2022-06-02 19:55:00,2022-06-02,2022-06-01,2022,19,Thursday,40,29.0,-11.0,True,25.26,3.2,delivered,True
2530df57-d95b-43be-ad77-ec8b0a1904a6,f3aadb96-a268-479a-a3fa-2e674fb91d3b,DASHER_01260,2022-01-19 21:00:00,2022-01-19,2022-01-01,2022,21,Wednesday,16,23.0,7.0,False,47.8,5.61,delivered,True
e54b0279-072d-4241-a14f-a0aa4daee9de,24aca3f0-eede-421b-8939-ef357e21cb44,DASHER_02507,2024-10-22 20:42:00,2024-10-22,2024-10-01,2024,20,Tuesday,38,29.0,-9.0,True,12.01,2.32,delivered,True
98fa8103-999c-4bca-a50a-58a18ba1ef49,20191d69-1d79-4e4e-8a1b-96b778ba2eb2,DASHER_04856,2023-03-18 19:27:00,2023-03-18,2023-03-01,2023,19,Saturday,53,57.0,4.0,True,32.88,7.41,delivered,True
d476a000-a7f5-40e3-a945-5c9d1da10ba5,8c0e0dbc-73b6-4b90-8c72-cbaab8192c55,DASHER_04206,2024-05-05 19:54:00,2024-05-05,2024-05-01,2024,19,Sunday,35,42.0,7.0,False,31.74,4.66,delivered,True
d94892e3-eaaa-4f1d-a89a-4f0942d31ca0,530282f3-48d2-4fd5-9c91-e2915a3de69e,DASHER_00938,2022-07-21 17:13:00,2022-07-21,2022-07-01,2022,17,Thursday,48,53.0,5.0,True,20.06,4.65,delivered,True
bdcca637-c9b8-4b6d-bbe5-b305d9b2b8b3,1e0c843b-bdba-4dd4-a305-74303bac4eef,DASHER_02893,2024-04-14 22:30:00,2024-04-14,2024-04-01,2024,22,Sunday,38,33.0,-5.0,True,8.0,7.52,delivered,True
a6a4ed00-1d81-4073-b9ca-509564cca3fa,00739be5-dea4-456e-bc21-eb5f1750ede5,DASHER_04561,2022-04-04 23:40:00,2022-04-04,2022-04-01,2022,23,Monday,45,48.0,3.0,True,19.86,4.34,delivered,True
34220228-db03-4fef-8dcf-a2128ff633f9,8419c858-5083-44dd-9d2f-0fbb91600c64,DASHER_04538,2024-12-09 03:30:00,2024-12-09,2024-12-01,2024,3,Monday,33,51.0,18.0,False,21.05,1.78,delivered,True
da750eff-a5f1-4797-a591-a8e0a956b019,1768a42b-6a3e-4789-887d-345d5038a987,DASHER_03818,2023-08-18 15:40:00,2023-08-18,2023-08-01,2023,15,Friday,36,43.0,7.0,False,8.0,5.97,delivered,True
4dea9c7b-2a1e-47bd-b596-1fc06748760e,3b96a956-2372-42eb-9c4a-dbef13d98c9d,DASHER_04263,2022-02-28 22:14:00,2022-02-28,2022-02-01,2022,22,Monday,33,44.0,11.0,False,33.16,6.31,delivered,True
eac2cdbc-2763-49f4-bebe-4c2f5cd3073e,2bd1c419-623d-4538-a0b6-8dd2eeee934b,DASHER_03780,2024-01-31 07:16:00,2024-01-31,2024-01-01,2024,7,Wednesday,31,39.0,8.0,False,37.55,4.36,delivered,True
b43ddc82-7cf4-4cbf-9fe5-81fae4218de2,f0610907-d718-445a-b988-1bd8368afb62,DASHER_04597,2022-03-14 22:24:00,2022-03-14,2022-03-01,2022,22,Monday,31,13.0,-18.0,True,24.46,3.35,delivered,True
246c8d06-24df-42a0-b3fc-77cd059649bb,7fe2f7a2-0bee-45a9-9026-8ebdfe382f3d,DASHER_04977,2024-10-03 21:05:00,2024-10-03,2024-10-01,2024,21,Thursday,28,33.0,5.0,True,36.36,2.44,delivered,True
0a169f33-96b2-4913-8134-7c3b06ce590d,48a42d3b-cbd2-439a-b8d5-153559390b2a,DASHER_01716,2023-09-14 10:48:00,2023-09-14,2023-09-01,2023,10,Thursday,20,23.0,3.0,True,31.03,5.11,delivered,True
88703d10-003c-4979-911f-3c76024a3734,0c48462c-2d39-415b-872f-ab8c637b5739,DASHER_02713,2022-10-28 01:02:00,2022-10-28,2022-10-01,2022,1,Friday,41,52.0,11.0,False,29.05,6.38,delivered,True
1fc24bd1-4b09-4814-b0fe-fa79610c7620,4e2c07cc-8835-419f-8ae3-e50f4453eda2,DASHER_04564,2024-09-03 16:15:00,2024-09-03,2024-09-01,2024,16,Tuesday,29,36.0,7.0,False,29.66,4.36,delivered,True
9d0a630c-4c98-42de-a4a1-43a631efff99,755fb9ed-1fcd-4d30-9d0f-4f41fa9f87ea,DASHER_00847,2022-11-26 21:06:00,2022-11-26,2022-11-01,2022,21,Saturday,28,38.0,10.0,False,42.25,1.96,delivered,True
dceb8048-4c60-433c-b4d6-93ca77894b57,97ea5a3c-ece4-4e94-b2d0-35165768e901,DASHER_02423,2024-02-07 22:18:00,2024-02-07,2024-02-01,2024,22,Wednesday,44,43.0,-1.0,True,31.31,5.12,delivered,True
a2956f45-369b-4fd4-9031-76f519be669e,214cee5b-c728-4f8c-81a6-4e0a2f4ef7fa,DASHER_01710,2022-03-06 16:47:00,2022-03-06,2022-03-01,2022,16,Sunday,32,15.0,-17.0,True,12.52,5.41,delivered,True
9fe83374-c6a0-4281-a4de-2d7a0e5b3114,4d2a434a-a9bb-4fb8-b01f-5fe4ae326d57,DASHER_01656,2023-05-01 17:30:00,2023-05-01,2023-05-01,2023,17,Monday,31,38.0,7.0,False,39.46,6.58,delivered,True
82de6039-b96b-4fd2-89eb-a34f594f3fca,3131e914-3efe-4cf9-a5de-ef0642cec831,DASHER_02384,2023-08-01 10:14:00,2023-08-01,2023-08-01,2023,10,Tuesday,35,,,,29.96,3.14,cancelled,True
ffb13a58-064a-450f-a84d-82b69999bc25,886d3173-b38f-4641-a0bf-021f3d891956,DASHER_04639,2023-04-08 23:31:00,2023-04-08,2023-04-01,2023,23,Saturday,39,33.0,-6.0,True,8.0,7.72,delivered,True
92f7403d-c313-4f85-911b-78e0b3bbdc2e,7eb68238-8d3a-41cd-bf34-7ea52f78ba9f,DASHER_01594,2024-04-25 12:17:00,2024-04-25,2024-04-01,2024,12,Thursday,28,34.0,6.0,False,16.95,6.58,delivered,True
4ac00fd1-c242-4647-af77-cb8cdc7b09c4,591d6f4c-e48f-4789-9caf-0c027e3804ce,DASHER_01359,2022-11-18 08:09:00,2022-11-18,2022-11-01,2022,8,Friday,42,32.0,-10.0,True,32.44,1.88,delivered,True
53c49044-a848-445d-932d-c5f8d50686e4,047e4398-60d7-4fd8-aa6f-5b12eb7704a9,DASHER_03699,2022-03-18 08:57:00,2022-03-18,2022-03-01,2022,8,Friday,37,37.0,0.0,True,53.17,1.7,delivered,True
4121207a-cf39-442d-8b30-fd226491010e,c83909e6-fc43-491d-837a-d2957605ee94,DASHER_04231,2024-01-07 06:23:00,2024-01-07,2024-01-01,2024,6,Sunday,17,10.0,-19.0,True,25.63,6.95,delivered,True
67c8aa56-4459-4ab1-ad87-757e6f1845ba,e1a263b5-5bb8-442b-9a1c-5b65094dc2d2,DASHER_03533,2022-12-06 20:32:00,2022-12-06,2022-12-01,2022,20,Tuesday,35,34.0,-1.0,True,46.56,1.79,delivered,True
7b3a840a-b434-4f5a-964d-7977d80ff0b1,27df9f59-ff34-4400-86d8-a118ed563a65,DASHER_00275,2023-01-04 10:08:00,2023-01-04,2023-01-01,2023,10,Wednesday,37,22.0,-15.0,True,29.96,5.08,delivered,True
ef1a7b64-bea8-4701-92c1-002e31a4f0d7,44597cfb-af85-46aa-80e1-9df5bc6e74a5,DASHER_04519,2024-02-21 20:26:00,2024-02-21,2024-02-01,2024,20,Wednesday,38,41.0,3.0,True,39.42,2.96,delivered,True
766e0c5f-83ee-44b5-8b94-7e05e8ad64d1,ba26014e-c55f-4237-bb6e-f24b820912f2,DASHER_02056,2023-09-13 09:09:00,2023-09-13,2023-09-01,2023,9,Wednesday,20,37.0,17.0,False,63.31,4.75,delivered,True
28353385-c144-4fe3-9e8a-39ecd89cab3c,19ba337d-f608-47ea-99a8-1defd7246d2a,DASHER_03006,2024-03-15 09:04:00,2024-03-15,2024-03-01,2024,9,Friday,35,48.0,13.0,False,63.19,6.85,delivered,True
1c39e464-3d3e-4769-8ef9-6fb8554c236e,14ec3205-bfb5-4268-91de-7596fb57f2e0,DASHER_00997,2022-08-14 22:02:00,2022-08-14,2022-08-01,2022,22,Sunday,39,36.0,-3.0,True,14.68,7.43,delivered,True
e328f5bb-5d64-4bb7-aff8-1246ca481078,40593f4c-16b7-4359-9103-4b3f40c1714d,DASHER_02160,2022-09-06 18:15:00,2022-09-06,2022-09-01,2022,18,Tuesday,31,21.0,-10.0,True,8.0,1.64,delivered,True
7a900b8f-ccfc-4c76-953b-ae81c9806c34,04968982-95bd-4f83-aebf-f2d94bb430c6,DASHER_01025,2024-10-23 17:47:00,2024-10-23,2024-10-01,2024,17,Wednesday,38,41.0,3.0,True,33.39,6.13,delivered,True
49249faa-45f0-4fe5-9738-be2f716cfd21,0be9c604-0c7c-4609-b283-a637cfc9a60c,DASHER_04589,2024-02-14 22:43:00,2024-02-14,2024-02-01,2024,22,Wednesday,21,10.0,-14.0,True,8.0,3.02,delivered,True
44507fbe-cdae-48be-af15-4a86c944092f,bc9124bd-0dd3-4fb0-9fbe-b93824c5b538,DASHER_00908,2022-04-03 10:05:00,2022-04-03,2022-04-01,2022,10,Sunday,30,29.0,-1.0,True,38.28,7.6,delivered,True
8963e854-70ef-4744-8214-e8799c9cd2da,67aa8ed2-729f-43e6-852f-373057cc75a6,DASHER_00948,2022-08-01 12:21:00,2022-08-01,2022-08-01,2022,12,Monday,45,37.0,-8.0,True,9.73,1.01,delivered,True
b024229f-a969-4077-9a55-6d9e9596b1eb,588252e0-9608-4573-be20-ef66d3a7473d,DASHER_00391,2023-10-01 15:32:00,2023-10-01,2023-10-01,2023,15,Sunday,38,38.0,0.0,True,29.1,6.64,delivered,True
a277bc90-c0c9-4caa-a797-9adce02e2860,3899c000-60dc-44b2-be6f-315fcf5c0745,DASHER_00178,2024-03-02 15:18:00,2024-03-02,2024-03-01,2024,15,Saturday,29,17.0,-12.0,True,32.26,6.64,delivered,True
b54b8327-872a-41da-9c21-129e4a490141,cc86ffe0-902e-4790-87df-41573291b731,DASHER_03869,2024-03-09 11:30:00,2024-03-09,2024-03-01,2024,11,Saturday,40,54.0,14.0,False,46.56,5.19,delivered,True
29d4fb48-8563-468b-9a39-e289493277b1,6a255229-2c22-4b92-99d5-8689a34de3e7,DASHER_02175,2022-04-22 15:17:00,2022-04-22,2022-04-01,2022,15,Friday,40,41.0,1.0,True,27.41,5.28,delivered,True
2d911449-adeb-45b3-b978-04b97761af08,506360a0-94cb-4b16-abf2-a0d410712d99,DASHER_03220,2024-12-11 15:38:00,2024-12-11,2024-12-01,2024,15,Wednesday,46,54.0,8.0,False,24.51,6.22,delivered,True
8e83cd5d-e069-4cda-80da-171bc23b0a8f,36d9ce30-dda7-4133-b3fa-cf7f4d8b3e74,DASHER_03156,2023-08-15 07:52:00,2023-08-15,2023-08-01,2023,7,Tuesday,20,10.0,-22.0,True,37.54,6.3,delivered,True
cbe4c89a-b26b-4927-bebb-09f5071a3202,f1e5f1da-0c12-4b59-bb65-f65e66a99689,DASHER_03248,2024-07-12 13:04:00,2024-07-12,2024-07-01,2024,13,Friday,35,31.0,-4.0,True,10.21,2.68,delivered,True
59df9df1-58d5-4912-ba23-41a1b6e6633e,b487508d-7795-4b27-84f4-d722cd847dfd,DASHER_00775,2022-03-16 07:34:00,2022-03-16,2022-03-01,2022,7,Wednesday,25,15.0,-10.0,True,33.92,1.25,delivered,True
30d3b65f-1985-4f31-954c-f4eb61f25a24,703dfc36-3a34-4d48-97bf-6ef384868e11,DASHER_02460,2023-08-15 02:17:00,2023-08-15,2023-08-01,2023,2,Tuesday,39,12.0,-27.0,True,41.87,7.13,delivered,True
b498da9d-b511-48f6-b958-e30e5047e012,761d6d1d-6f9d-4b73-81c9-2e7276827590,DASHER_04233,2024-02-15 20:40:00,2024-02-15,2024-02-01,2024,20,Thursday,26,19.0,-7.0,True,30.62,5.54,delivered,True
fdd8b72b-65df-4ee8-8811-47b9fff6ae34,0111a2d0-836e-4645-af9e-cb95f968398a,DASHER_00032,2024-04-10 20:01:00,2024-04-10,2024-04-01,2024,20,Wednesday,35,61.0,26.0,False,26.0,6.26,delivered,True
da9bfaff-c593-4455-be95-dad130b5aef2,dc9b7df1-239b-45c1-9adf-3c426381fabc,DASHER_02539,2024-06-29 16:48:00,2024-06-29,2024-06-01,2024,16,Saturday,42,29.0,-13.0,True,8.0,6.7,delivered,True
79dc2330-d5bc-4be4-ac9c-48d0414d510d,a09eb8b8-1c92-4a60-920e-5dd1efdf7c90,DASHER_03466,2022-03-17 15:06:00,2022-03-17,2022-03-01,2022,15,Thursday,26,45.0,19.0,False,48.48,6.82,delivered,True
0efd3d30-6082-43c7-aeb0-302a7431cf73,867dea61-695b-4633-8547-a0e22f438e7f,DASHER_02921,2022-03-16 11:01:00,2022-03-16,2022-03-01,2022,11,Wednesday,36,40.0,4.0,True,18.37,4.12,delivered,True
9a1ae938-17ad-4e1e-a180-44e23822c804,44134217-4d9a-4a8d-983c-83b996a6889a,DASHER_02805,2023-04-11 10:42:00,2023-04-11,2023-04-01,2023,10,Tuesday,44,39.0,-5.0,True,17.65,3.61,delivered,True
015276e0-368e-4ffd-ad43-869823f7795b,86432427-0ffb-461a-9489-ae6ff0530645,DASHER_01918,2022-11-28 10:06:00,2022-11-28,2022-11-01,2022,10,Monday,23,25.0,2.0,True,8.0,7.13,delivered,True
175076df-6ba4-442b-af27-29dab103a8b0,20fe51e7-264a-4a97-ad88-a3de5a83f085,DASHER_02850,2022-04-24 12:44:00,2022-04-24,2022-04-01,2022,12,Sunday,48,52.0,4.0,True,9.5,2.49,delivered,True
c29795b0-ee04-4c63-929f-f00e3e5685b1,bc9124bd-0dd3-4fb0-9fbe-b93824c5b538,DASHER_03722,2024-03-01 19:47:00,2024-03-01,2024-03-01,2024,19,Friday,26,15.0,-11.0,True,32.57,3.11,delivered,True
b53d565c-c8ac-448f-bb8a-b99e10debc66,97a955e0-c8cb-4cfd-b07f-a9912ccd0557,DASHER_01606,2024-05-25 19:09:00,2024-05-25,2024-05-01,2024,19,Saturday,45,43.0,-2.0,True,45.86,6.54,delivered,True
fa7238f6-5d7f-4aae-b3dd-0e2cc59bf705,e4ed1817-8105-4170-bc19-feaa24b45a39,DASHER_01256,2023-12-16 21:24:00,2023-12-16,2023-12-01,2023,21,Saturday,48,24.0,-24.0,True,43.13,3.71,delivered,True
90d0c78a-35f5-44bc-ae10-23cfb3d4fb8a,3995e609-6a53-4a4e-ab7b-ae04dc7c3a7d,DASHER_04722,2024-07-17 19:16:00,2024-07-17,2024-07-01,2024,19,Wednesday,26,15.0,-11.0,True,8.0,2.4,delivered,True
178f1a50-ada3-4a8a-aee1-1c952f23265c,5f7bb3d6-030c-4b86-8d36-01e51dbd226d,DASHER_00048,2022-09-12 21:30:00,2022-09-12,2022-09-01,2022,21,Monday,41,36.0,-5.0,True,15.78,1.7,delivered,True
50df9879-4bc9-4bf7-b03f-ccb02431818d,f89fa075-8584-4edf-b341-3b4c643e3476,DASHER_01116,2023-04-14 20:29:00,2023-04-14,2023-04-01,2023,20,Friday,42,38.0,-4.0,True,23.79,3.36,delivered,True
29892e3e-2a1e-4258-96fc-a0c96465d8ca,70f65296-e230-4a5f-a9ad-b143e809fee4,DASHER_02154,2024-03-16 19:37:00,2024-03-16,2024-03-01,2024,19,Saturday,30,28.0,-2.0,True,16.62,6.73,delivered,True
f39f1713-3b43-4dca-a1a7-b8a2c296262e,9b604f7c-caad-48c4-a131-aab5807382ec,DASHER_02684,2024-12-31 19:28:00,2024-12-31,2024-12-01,2024,19,Tuesday,40,68.0,28.0,False,31.96,3.51,delivered,True
c01d7115-dda6-44a1-a68d-2e60c1ff98b0,18842fb1-e4d5-4217-a02d-aa648ecfe758,DASHER_00811,2022-01-11 21:14:00,2022-01-11,2022-01-01,2022,21,Tuesday,30,25.0,-5.0,True,21.48,3.77,delivered,True
19ff9111-0a37-4e40-a404-c17d5723872c,7aafa5e7-2fca-464b-9972-83ab318b8982,DASHER_01422,2022-11-06 13:08:00,2022-11-06,2022-11-01,2022,13,Sunday,15,10.0,-18.0,True,10.62,3.72,delivered,True
99f3a445-39ba-4fba-9cad-49069524920f,6a69ee2a-c037-49f4-b45d-70c665a4c016,DASHER_00453,2022-04-20 00:42:00,2022-04-20,2022-04-01,2022,0,Wednesday,52,66.0,14.0,False,40.06,1.51,delivered,True
bb168ae9-f0a2-4148-80d3-2615c7cae7d7,a08276e4-7acc-4d1f-93df-07eb1e0a40c9,DASHER_04212,2022-05-25 21:29:00,2022-05-25,2022-05-01,2022,21,Wednesday,38,41.0,3.0,True,39.34,1.56,delivered,True
78994dd6-d52b-4a51-9968-d61ff3298c5d,394f87d6-2bc1-4cdf-a7ee-8969c305999c,DASHER_01582,2022-06-29 21:00:00,2022-06-29,2022-06-01,2022,21,Wednesday,47,52.0,5.0,True,15.99,7.79,delivered,True
e55bdf01-841a-49d4-80f6-3bf56903272c,7142f49b-5dfd-4be3-8976-ebb50305a91e,DASHER_03316,2022-04-15 20:43:00,2022-04-15,2022-04-01,2022,20,Friday,33,58.0,25.0,False,18.27,4.34,delivered,True
601f8720-8867-4526-b7de-eef875a38f12,74d4b6ee-66d1-495a-a81f-1b213e739b16,DASHER_04045,2023-02-07 19:13:00,2023-02-07,2023-02-01,2023,19,Tuesday,40,44.0,4.0,True,12.41,4.25,delivered,True
04a74c52-3c76-47e4-a6ac-69e4d4ecb9b3,180960e6-f823-4317-9f3e-438b57ef4c5c,DASHER_03432,2023-05-17 18:26:00,2023-05-17,2023-05-01,2023,18,Wednesday,17,34.0,17.0,False,8.0,1.48,delivered,True
3140ae39-b91a-46fc-8ba9-8525eb04b4ea,ea0a15b8-0d7d-491b-8113-d407145deb2f,DASHER_00171,2022-10-11 08:04:00,2022-10-11,2022-10-01,2022,8,Tuesday,36,22.0,-14.0,True,8.0,4.67,delivered,True
aaaff0d5-6c36-418e-88dd-17ac6cc938a7,6b976b61-e528-45e2-af01-01eae0ec22ea,DASHER_01829,2024-03-25 20:07:00,2024-03-25,2024-03-01,2024,20,Monday,42,38.0,-4.0,True,29.16,6.79,delivered,True
f8c93390-37b9-4598-b12b-d5e9a3dd8457,ccc32c90-a5ee-4ce1-979a-2fcd88593432,DASHER_03469,2022-11-15 09:16:00,2022-11-15,2022-11-01,2022,9,Tuesday,36,18.0,-18.0,True,15.42,5.37,delivered,True
90ee9388-39b9-4a9c-aed1-9fe6b8fce992,ef0f7c48-baf6-4425-8b99-2f6966a0fe9f,DASHER_04730,2022-05-16 14:29:00,2022-05-16,2022-05-01,2022,14,Monday,34,33.0,-1.0,True,29.54,5.65,delivered,True
3178940a-3712-4320-a704-fd9654e96a76,dde62ba3-67c9-4ef4-b4ce-35648dcbb314,DASHER_03295,2023-04-13 19:21:00,2023-04-13,2023-04-01,2023,19,Thursday,45,64.0,19.0,False,39.7,2.21,delivered,True
e9e11eff-4747-4db8-a56a-4b7a3b1eed96,966ffa93-4e00-4238-84d3-eb99b7b8b574,DASHER_01355,2023-05-08 16:16:00,2023-05-08,2023-05-01,2023,16,Monday,18,10.0,-13.0,True,15.63,7.54,delivered,True
1f622971-80df-4863-85e7-1d9ed4489269,0b71697b-203a-4aea-8aae-0b47b0b854a4,DASHER_02280,2023-10-04 09:39:00,2023-10-04,2023-10-01,2023,9,Wednesday,29,33.0,4.0,True,29.22,7.44,delivered,True
d255dbe7-ab7e-4304-a0ed-b772ce3d9de0,23c12b60-b5e5-4f0c-858f-fd1d414e093a,DASHER_00951,2024-05-29 20:46:00,2024-05-29,2024-05-01,2024,20,Wednesday,28,15.0,-13.0,True,23.83,1.51,delivered,True
b18b886b-61ca-4e32-833b-bf9f6e9f874e,9b6140c7-5c11-4470-8ddd-28537492fb3b,DASHER_04603,2023-04-01 10:27:00,2023-04-01,2023-04-01,2023,10,Saturday,34,50.0,16.0,False,22.17,3.33,delivered,True
71800a59-0664-463c-9176-80912f731926,f89fa075-8584-4edf-b341-3b4c643e3476,DASHER_01367,2023-12-14 18:42:00,2023-12-14,2023-12-01,2023,18,Thursday,35,35.0,0.0,True,23.52,6.45,delivered,True
e627b352-283b-4b11-b1ab-5b552d1ce93e,d71351bc-86a1-4b0c-9c64-d38c9580cf64,DASHER_01244,2024-12-22 16:39:00,2024-12-22,2024-12-01,2024,16,Sunday,52,60.0,8.0,False,52.64,7.67,delivered,True
ea893c19-797c-4985-adec-3d0860104380,9df4dd8f-48d4-450c-9098-69d9e684ca28,DASHER_00184,2023-04-28 16:07:00,2023-04-28,2023-04-01,2023,16,Friday,36,15.0,-21.0,True,44.85,2.5,delivered,True
b4e94b6a-cb6b-4e78-944b-0819f86d5b55,934291e8-0340-4bac-a267-6a0d1b7afc2e,DASHER_02823,2023-01-25 12:19:00,2023-01-25,2023-01-01,2023,12,Wednesday,47,56.0,9.0,False,17.55,7.65,delivered,True
92bd35d1-1100-4bde-97ea-94c57d8c271e,cf671ce1-4d9d-4ad4-9b0c-170bb03226d0,DASHER_02940,2024-08-17 20:46:00,2024-08-17,2024-08-01,2024,20,Saturday,26,10.0,-25.0,True,37.76,7.83,delivered,True
fd9b017d-d385-49ab-8b1f-128eb6b303b3,fad6bf46-cf2e-4ece-a7e3-97c2a1ca7103,DASHER_03698,2023-10-09 20:04:00,2023-10-09,2023-10-01,2023,20,Monday,24,18.0,-6.0,True,27.73,1.44,delivered,True
fee2b2b3-5a6d-481a-9f4d-3957dd6765d6,4abadf2f-bf50-4835-aabc-5e16cc098fe1,DASHER_02909,2023-03-20 23:59:00,2023-03-20,2023-03-01,2023,23,Monday,38,30.0,-8.0,True,31.37,3.74,delivered,True
56632c72-0475-46b7-a371-0ba1ae007958,1ebf0d78-fcae-486e-a690-6ca1556d30bd,DASHER_01313,2024-08-06 21:06:00,2024-08-06,2024-08-01,2024,21,Tuesday,41,47.0,6.0,False,29.54,1.09,delivered,True
e877eea9-b06c-465f-83c6-538a6ea23212,aff84c9d-000d-4524-9fe0-567471ef54f2,DASHER_01360,2022-03-29 13:15:00,2022-03-29,2022-03-01,2022,13,Tuesday,36,64.0,28.0,False,35.79,5.39,delivered,True
6c5f617f-aa2c-4fcb-8f4c-faaca6bb6f80,34bbbd1e-95ba-4dfb-9128-58e263d4134e,DASHER_00322,2022-10-13 17:14:00,2022-10-13,2022-10-01,2022,17,Thursday,49,44.0,-5.0,True,45.83,4.64,delivered,True
41da61ca-09c7-4f24-86d5-858d4739cdb6,a90d01c0-750d-4f9a-90d8-d1b2ea8cd97a,DASHER_02380,2023-02-20 07:40:00,2023-02-20,2023-02-01,2023,7,Monday,27,10.0,-17.0,True,37.07,4.8,delivered,True
e39fd859-4af0-4e57-8c79-fa49944364c8,35a4701d-9d43-4dad-8efb-48cf44dacd42,DASHER_04508,2022-11-02 09:30:00,2022-11-02,2022-11-01,2022,9,Wednesday,36,39.0,3.0,True,23.26,2.76,delivered,True
fa313059-99c5-4bb2-87b7-f72638e384d0,7a9e7943-30f8-40ea-bd07-cfaff2bc5a8b,DASHER_01714,2022-05-23 15:45:00,2022-05-23,2022-05-01,2022,15,Monday,44,52.0,8.0,False,45.96,5.39,delivered,True
0e061bac-5e7e-4f6d-b1fb-cccc369ff88e,e73cc532-82c3-4beb-9289-5d3d013cf4ca,DASHER_00159,2023-10-31 06:39:00,2023-10-31,2023-10-01,2023,6,Tuesday,34,24.0,-10.0,True,42.66,1.56,delivered,True
e24a8385-d6dc-4eff-bc70-48f56fab8842,3e2a1b4b-6073-402e-9d5c-cb0f3108b92f,DASHER_03516,2024-11-17 08:19:00,2024-11-17,2024-11-01,2024,8,Sunday,35,28.0,-7.0,True,8.0,7.13,delivered,True
4fdd2084-b928-4b7a-8948-1ed82df2531a,d100a0f6-93b6-485d-82d9-d090701eb72b,DASHER_01971,2023-03-02 19:00:00,2023-03-02,2023-03-01,2023,19,Thursday,35,36.0,1.0,True,24.7,5.57,delivered,True
8ec6a9a3-fa54-445e-b347-41c896ce4aef,ac9944ad-382b-4167-9491-21e4402a2066,DASHER_02249,2023-04-18 00:57:00,2023-04-18,2023-04-01,2023,0,Tuesday,39,42.0,3.0,True,39.62,2.37,delivered,True
21bdcb3d-ee1c-48d5-9f5c-b231063b494e,1d8cea2a-2740-4ffc-a448-fa0114935103,DASHER_04589,2024-07-24 12:13:00,2024-07-24,2024-07-01,2024,12,Wednesday,15,10.0,-15.0,True,48.61,7.09,delivered,True
21c88e4c-2c49-48a5-8d59-9c941175ee63,4bf2901a-a6fb-4c90-ac88-0e113b3d6d01,DASHER_04572,2024-03-22 10:27:00,2024-03-22,2024-03-01,2024,10,Friday,37,48.0,11.0,False,8.0,4.29,delivered,True
155fd937-4116-4f2c-8e4d-76e4f6758fa8,39d93b7b-fe52-4d20-9cdd-5c095b095e9f,DASHER_00526,2023-09-18 00:13:00,2023-09-18,2023-09-01,2023,0,Monday,38,31.0,-7.0,True,42.45,4.04,delivered,True
3f10952d-3bcc-48a1-a6df-e3daeebef80b,817f20ff-3f1b-4659-9c5d-e2ec34e24e68,DASHER_02713,2023-06-25 18:00:00,2023-06-25,2023-06-01,2023,18,Sunday,32,46.0,14.0,False,32.11,4.86,delivered,True
a6800dea-cb87-4c93-8ded-a6ff2040d3d4,ae5ee031-4746-4037-9976-adfe77be8188,DASHER_03382,2022-07-24 12:41:00,2022-07-24,2022-07-01,2022,12,Sunday,41,47.0,6.0,False,32.92,1.02,delivered,True
d8ce2cfa-160d-4d7d-93bd-083b7cda785d,3afb5443-3794-4bec-885a-73ec99063de9,DASHER_03341,2022-09-23 12:07:00,2022-09-23,2022-09-01,2022,12,Friday,30,,,,38.68,5.3,cancelled,True
df0b6f40-aacb-43eb-a240-93c1bf7f7dc7,4b8d4948-c14d-4911-be86-42b214d345d5,DASHER_02714,2024-05-01 07:46:00,2024-05-01,2024-05-01,2024,7,Wednesday,35,29.0,-6.0,True,12.35,5.86,delivered,True
dbc17afb-14dd-4d98-85df-302f1710867a,fa25eb9e-7606-4dd5-b696-7ceda8673603,DASHER_03735,2022-09-30 19:35:00,2022-09-30,2022-09-01,2022,19,Friday,43,52.0,9.0,False,23.26,5.53,delivered,True
2b51cda4-868e-45f5-8057-83c7673897c1,2e035901-c4b2-4026-83ea-2d57ddb80151,DASHER_02507,2023-09-15 10:58:00,2023-09-15,2023-09-01,2023,10,Friday,34,38.0,4.0,True,13.23,7.56,delivered,True
6330c4fa-4b24-4b85-bc1b-c461a97a9dee,aa1121a3-be59-47f5-b669-73dd401b7500,DASHER_01303,2023-02-11 18:02:00,2023-02-11,2023-02-01,2023,18,Saturday,35,35.0,0.0,True,22.16,6.71,delivered,True
9d220503-c6c9-4c36-b41a-8c484868ceb8,1563e5fc-342a-4b9b-b43d-1a6dafe192ec,DASHER_04409,2023-10-17 16:27:00,2023-10-17,2023-10-01,2023,16,Tuesday,39,28.0,-11.0,True,30.4,1.57,delivered,True
75f00cff-775e-41af-a693-dfdd8372dc0d,6c64d407-4b6a-4e13-9c95-a763ed98b260,DASHER_02938,2024-06-30 11:37:00,2024-06-30,2024-06-01,2024,11,Sunday,37,45.0,8.0,False,29.8,6.61,delivered,True
fd7537e8-bb85-48bc-bdf5-28520bcd4bda,bc569aa2-3009-42f1-8dee-987680d3ca33,DASHER_04452,2024-12-28 21:32:00,2024-12-28,2024-12-01,2024,21,Saturday,48,48.0,0.0,True,8.0,6.94,delivered,True
44f79544-9231-4eaa-919e-dcf488feb4b7,36630652-4757-4567-9cdf-8f5b45557f44,DASHER_02690,2023-09-26 20:08:00,2023-09-26,2023-09-01,2023,20,Tuesday,40,56.0,16.0,False,70.25,7.71,delivered,True
47451598-d0d9-49fb-91aa-ad8fe267abf1,859e8489-c9dc-45c2-9337-5d2d16b39129,DASHER_02888,2023-08-28 19:23:00,2023-08-28,2023-08-01,2023,19,Monday,30,26.0,-4.0,True,13.55,4.1,delivered,True
33749f50-5ab5-41e1-a5f4-ee8817262a2a,1ce7dcba-9d87-46f4-a052-4bb0e8167baf,DASHER_00150,2022-06-30 07:12:00,2022-06-30,2022-06-01,2022,7,Thursday,31,38.0,7.0,False,8.0,5.95,delivered,True
93f1ac33-aa15-4ce1-b7c2-6f084dcf6ab2,4193bff4-85df-4d06-8cd8-563b046dcac4,DASHER_00852,2023-11-10 16:09:00,2023-11-10,2023-11-01,2023,16,Friday,29,32.0,3.0,True,41.18,4.84,delivered,True
77024a40-5bdd-4c0b-abbc-fa0fb40bd325,a11d34e6-9352-4afb-b566-999a4909f08b,DASHER_02855,2024-01-01 22:36:00,2024-01-01,2024-01-01,2024,22,Monday,39,11.0,-28.0,True,36.53,5.61,delivered,True
67a90da8-9496-468c-9e0a-0153fe5e9688,7a88d7af-eb07-4444-931e-b37b1359be5f,DASHER_03079,2022-12-10 09:49:00,2022-12-10,2022-12-01,2022,9,Saturday,37,48.0,11.0,False,59.44,2.36,delivered,True
90ba83dd-397b-4feb-91e1-f682b9754cd5,7a9e7943-30f8-40ea-bd07-cfaff2bc5a8b,DASHER_04228,2024-07-28 15:47:00,2024-07-28,2024-07-01,2024,15,Sunday,41,57.0,16.0,False,38.08,5.1,delivered,True
fff87d6f-80c4-4351-b0ee-05090b0b439f,ca6ea88e-5ed7-41c7-bc32-9a896a9160e8,DASHER_02018,2023-04-11 00:58:00,2023-04-11,2023-04-01,2023,0,Tuesday,27,27.0,0.0,True,26.11,6.28,delivered,True
c166e100-8605-49e3-a087-7e0f0836d66d,ff1307a7-d9b3-4b73-a5dc-1051b1a8bf30,DASHER_02689,2024-09-08 18:55:00,2024-09-08,2024-09-01,2024,18,Sunday,24,27.0,3.0,True,22.06,5.86,delivered,True
4214a711-fd36-45a9-9acc-1b2ee4e5a3f9,dc50cfe8-8361-4f2f-bba0-b5dbdab42b85,DASHER_04431,2022-04-10 22:54:00,2022-04-10,2022-04-01,2022,22,Sunday,38,32.0,-6.0,True,45.12,7.17,delivered,True
bbf24046-fe02-4171-9b6c-6645a7e987f3,f83ba527-0f70-4f16-a702-acf43ab6b06a,DASHER_03248,2022-10-26 17:46:00,2022-10-26,2022-10-01,2022,17,Wednesday,26,10.0,-17.0,True,8.0,4.58,delivered,True
86567bef-84b5-47a0-90ef-2d95e9b0a49b,36511ffd-bb68-4b99-91be-d0300986f517,DASHER_01988,2022-08-03 17:49:00,2022-08-03,2022-08-01,2022,17,Wednesday,34,42.0,8.0,False,59.69,4.97,delivered,True
3ae8e83c-9bfa-451a-9fa9-8079adc06ade,e9d681fe-a73b-4733-a61b-acbfae329aeb,DASHER_02434,2022-01-09 16:31:00,2022-01-09,2022-01-01,2022,16,Sunday,40,26.0,-14.0,True,17.68,6.46,delivered,True
9380e3ba-c731-4989-a7d2-4d360c78cb7b,5b77a2e2-7eaa-45b0-b049-a0b1c4755312,DASHER_00903,2023-10-03 16:57:00,2023-10-03,2023-10-01,2023,16,Tuesday,31,24.0,-7.0,True,31.12,3.81,delivered,True
7d4bd448-4104-491b-aa99-ad7175e9f882,3e615fe9-f6eb-4d9c-8e58-66031363460a,DASHER_01902,2022-12-15 20:08:00,2022-12-15,2022-12-01,2022,20,Thursday,33,18.0,-15.0,True,45.46,3.07,delivered,True
53fef568-f44b-4854-a6fd-68fb2f144da3,a0c2504d-5cfc-4561-95d6-1ed407a24aeb,DASHER_02122,2024-07-14 21:36:00,2024-07-14,2024-07-01,2024,21,Sunday,41,48.0,7.0,False,28.56,7.43,delivered,True
441c6224-7d79-4f00-b99a-83b6d3261a1c,862edc87-f5ee-4d0e-a3b6-17a0a1782b73,DASHER_00443,2023-03-05 22:33:00,2023-03-05,2023-03-01,2023,22,Sunday,45,37.0,-8.0,True,46.99,4.22,delivered,True
d487473e-0e52-4dc0-9e95-b61ac099b4e6,8519e1e3-3bed-4a0f-a322-a6075ea9b337,DASHER_04070,2024-05-28 13:54:00,2024-05-28,2024-05-01,2024,13,Tuesday,31,44.0,13.0,False,17.81,6.57,delivered,True
4fbdfe62-103a-4f62-aac9-bb4295de9942,0a81fa0a-021b-4194-a11a-f3eb5998fb70,DASHER_00319,2022-05-28 13:33:00,2022-05-28,2022-05-01,2022,13,Saturday,45,37.0,-8.0,True,54.53,4.41,delivered,True
090e04a6-4484-4c15-839d-ec7b1a57ae6c,34555eeb-5990-4e9d-a876-c79a0263a3e7,DASHER_03814,2023-03-08 05:28:00,2023-03-08,2023-03-01,2023,5,Wednesday,32,28.0,-4.0,True,34.92,7.44,delivered,True
d897d7a7-1cdb-4532-bfa3-8f6f71ce6863,1dd3c1ad-bbbc-47ad-9f82-aefa5b730315,DASHER_03177,2023-01-31 12:01:00,2023-01-31,2023-01-01,2023,12,Tuesday,34,34.0,0.0,True,27.66,5.08,delivered,True
8f61ca49-5821-49ea-a507-6c5611075ed2,1450b992-ae40-4f08-ac9b-181ed7f32aba,DASHER_01549,2022-11-01 09:45:00,2022-11-01,2022-11-01,2022,9,Tuesday,33,,,,11.72,3.37,cancelled,True
e40e299e-2793-4ef2-8cdb-362f504275a0,9e2a4f1e-b7b1-42b9-a92d-0e65fc927cb6,DASHER_01132,2023-11-14 19:02:00,2023-11-14,2023-11-01,2023,19,Tuesday,40,39.0,-1.0,True,17.91,7.5,delivered,True
bcb7433b-8028-455c-a1a3-fb1373191eac,2b217b5a-6a55-4642-8e31-b549f1b34ab3,DASHER_00973,2024-03-15 12:10:00,2024-03-15,2024-03-01,2024,12,Friday,28,30.0,2.0,True,24.95,2.83,delivered,True
d3bb2db4-a09f-4eae-b390-64f28f03fbc4,caee2cf1-dc31-4f24-995e-e658c409237e,DASHER_02701,2022-04-20 09:08:00,2022-04-20,2022-04-01,2022,9,Wednesday,43,43.0,0.0,True,45.7,7.19,delivered,True
c7f65ffb-f0af-43a8-aa77-1296121c6ab5,58bc29bb-3f64-45ea-b538-697f54f4a7bf,DASHER_01218,2023-05-13 19:20:00,2023-05-13,2023-05-01,2023,19,Saturday,26,39.0,13.0,False,43.53,4.28,delivered,True
4a151a20-6dbd-4c26-b604-47e3ee1511f2,bafb9902-adfd-4c54-9be6-6d44e7e139c4,DASHER_03851,2022-05-31 09:19:00,2022-05-31,2022-05-01,2022,9,Tuesday,36,34.0,-2.0,True,63.25,6.58,delivered,True
f7654f9f-09b9-44e0-bf97-5372c5dbd58c,438ab3c1-c8ca-4eb9-91f8-cde2979b042c,DASHER_01208,2022-08-16 20:06:00,2022-08-16,2022-08-01,2022,20,Tuesday,29,27.0,-2.0,True,8.0,6.49,delivered,True
41c53866-1a0b-42cc-8d25-6529d15d8e45,435ebcce-d017-498f-bf72-6cd1350d218c,DASHER_01224,2024-05-07 12:28:00,2024-05-07,2024-05-01,2024,12,Tuesday,36,36.0,0.0,True,21.52,7.33,delivered,True
64116c94-25ea-4200-9016-030b63c6a518,1d77fe73-da38-45a4-be9c-e753a6ad9f2a,DASHER_02889,2023-05-01 19:40:00,2023-05-01,2023-05-01,2023,19,Monday,42,43.0,1.0,True,28.51,2.79,delivered,True
f0b2b61c-cdd9-4913-a1d7-e0a0dcf46415,6da36bd5-3842-4eda-9fd8-32199f19b9e0,DASHER_02726,2024-01-28 12:21:00,2024-01-28,2024-01-01,2024,12,Sunday,35,32.0,-3.0,True,26.14,3.99,delivered,True
9b2b4934-a021-46d1-9bb3-d7a5a7c162d6,60952fb3-5ad3-4b00-867b-0c0764c763b6,DASHER_01772,2024-10-20 16:49:00,2024-10-20,2024-10-01,2024,16,Sunday,21,16.0,-5.0,True,29.41,3.86,delivered,True
6dd938b2-7b92-409f-bb13-c30bff06b360,93fe5418-bb48-4c0c-ba73-72cc58ebb31b,DASHER_04256,2023-01-28 18:38:00,2023-01-28,2023-01-01,2023,18,Saturday,39,55.0,16.0,False,37.04,2.24,delivered,True
163a540e-c044-4d9e-9afc-127cf9230bfa,16d9b46b-d42b-4f60-9316-f7cba9215ef5,DASHER_03474,2023-05-16 14:24:00,2023-05-16,2023-05-01,2023,14,Tuesday,30,10.0,-33.0,True,43.35,2.28,delivered,True
154364be-2eba-407f-8c2e-c005168b0e69,4f5cc927-93b0-4243-b15a-eaa0348879b2,DASHER_00853,2023-01-12 08:36:00,2023-01-12,2023-01-01,2023,8,Thursday,28,10.0,-27.0,True,41.08,4.2,delivered,True
72dad5d3-ddac-49c1-a5d7-9bed5b93b470,52a44a85-a83a-4695-b91c-0f981a157a1f,DASHER_00883,2022-03-18 15:58:00,2022-03-18,2022-03-01,2022,15,Friday,17,23.0,6.0,False,30.87,5.08,delivered,True
fa8f8673-4b38-42d4-8add-6de5ea0b9355,3a258350-fe0b-4784-ba6c-ac7c98f979a6,DASHER_00938,2023-03-04 11:39:00,2023-03-04,2023-03-01,2023,11,Saturday,37,49.0,12.0,False,31.82,3.67,delivered,True
1bfab2a0-bb50-41ae-9fa1-5eb6d5f417ff,a916af62-8411-4776-bcae-f5188dbc62ef,DASHER_00594,2022-06-01 17:12:00,2022-06-01,2022-06-01,2022,17,Wednesday,29,11.0,-18.0,True,27.98,7.43,delivered,True
c61e5510-5298-4f60-8524-d77a81f4c70e,812f1eb5-7a80-499c-87b4-5cc3e4058d19,DASHER_03423,2022-10-28 08:54:00,2022-10-28,2022-10-01,2022,8,Friday,30,29.0,-1.0,True,31.38,1.28,delivered,True
c7b64560-e277-4566-9b4a-c318fb047c30,e1ec6aee-4e99-48c9-987d-4254f9d49021,DASHER_02291,2022-04-24 21:08:00,2022-04-24,2022-04-01,2022,21,Sunday,42,33.0,-9.0,True,39.33,3.2,delivered,True
a98d1c03-becf-4fbc-b644-f59683173e57,d7ef7662-a859-44a0-b209-c2b4f7d820ac,DASHER_01190,2023-10-26 16:34:00,2023-10-26,2023-10-01,2023,16,Thursday,47,35.0,-12.0,True,24.91,1.42,delivered,True
83289d67-9a9f-41e2-ae42-c30f3495ab26,d1fa02d2-4824-4881-b065-68ae0d50f9fc,DASHER_00648,2023-02-01 09:44:00,2023-02-01,2023-02-01,2023,9,Wednesday,26,10.0,-19.0,True,37.51,7.82,delivered,True
fa472de7-05c6-4e93-afc6-b7c38b1099b7,871c656d-cbfa-4c2f-b2b4-8c001a921c89,DASHER_01125,2022-04-19 21:16:00,2022-04-19,2022-04-01,2022,21,Tuesday,34,24.0,-10.0,True,36.38,6.17,delivered,True
cf572d8c-7041-4c4f-a675-7d2d73f29696,626dcbfd-cfa9-498a-b59b-2481288a958c,DASHER_03494,2023-07-09 16:00:00,2023-07-09,2023-07-01,2023,16,Sunday,39,29.0,-10.0,True,56.29,4.07,delivered,True
8dcfae55-3af6-446a-99f3-f5a2f482e4bd,11271a62-373e-4b32-9a19-1030b784d989,DASHER_02052,2023-06-11 22:21:00,2023-06-11,2023-06-01,2023,22,Sunday,22,27.0,5.0,True,43.45,4.27,delivered,True
dfde16df-0a6a-418e-a008-b719b2da86d5,5c48c9f0-00b2-4827-a304-2a43104237c0,DASHER_03920,2023-06-19 01:00:00,2023-06-19,2023-06-01,2023,1,Monday,39,22.0,-17.0,True,8.0,1.36,delivered,True
ebba725a-6e3e-41ae-9762-1bfe7ff77d59,e4a666aa-a07f-4de0-bb19-4508fa0d339f,DASHER_01254,2024-06-07 07:57:00,2024-06-07,2024-06-01,2024,7,Friday,37,27.0,-10.0,True,16.83,4.81,delivered,True
f49f43b0-427b-40f3-a2c9-c4148ba14eee,7b8cb828-e020-4ec7-b641-4b1f10444111,DASHER_03285,2022-11-14 14:03:00,2022-11-14,2022-11-01,2022,14,Monday,36,30.0,-6.0,True,26.28,5.5,delivered,True
a08f3491-d468-414c-96c6-b7cf7ccc5a8b,06e69bce-6c4e-425d-aff7-ca7831ca8102,DASHER_04226,2024-02-13 11:28:00,2024-02-13,2024-02-01,2024,11,Tuesday,32,42.0,10.0,False,30.8,7.58,delivered,True
131314b3-2f06-4fd6-856f-237ac9c04695,e4dabff0-cfd1-4584-b208-934f30288626,DASHER_00608,2022-03-10 12:46:00,2022-03-10,2022-03-01,2022,12,Thursday,32,,,,14.27,3.8,cancelled,True
25fe09cb-418d-472f-924e-5cc568cb0b05,34555eeb-5990-4e9d-a876-c79a0263a3e7,DASHER_04772,2023-09-18 23:55:00,2023-09-18,2023-09-01,2023,23,Monday,15,10.0,-10.0,True,21.8,4.66,delivered,True
2bb90307-c3f6-47a7-8175-bfe99ecca8f5,ab07702e-6057-42df-8794-4c3a1ba07597,DASHER_01951,2022-09-10 21:48:00,2022-09-10,2022-09-01,2022,21,Saturday,35,26.0,-9.0,True,50.78,2.88,delivered,True
da16cc11-8b9c-4035-8908-5255aa2df7ee,5ebe950a-bb5a-44d1-8816-35cd95e812a4,DASHER_02143,2024-03-27 20:05:00,2024-03-27,2024-03-01,2024,20,Wednesday,33,29.0,-4.0,True,25.56,4.88,delivered,True
668d194a-3672-4bbe-813f-bb03f705d015,ec5f75bb-f14b-4e7e-8a0f-75cdc2b8e8b5,DASHER_03279,2024-12-05 15:59:00,2024-12-05,2024-12-01,2024,15,Thursday,32,20.0,-12.0,True,8.0,3.56,delivered,True
887282eb-1a2e-4e19-9dab-b7b9034d196d,d67074e4-aa4d-4205-953b-a0ea65c14a2f,DASHER_00476,2022-03-22 16:41:00,2022-03-22,2022-03-01,2022,16,Tuesday,36,59.0,23.0,False,50.65,2.98,delivered,True
72d9c238-8c80-4612-a7c4-da3c72d5ae47,549c38b2-ee9d-470a-91c1-10e68036f457,DASHER_01242,2023-04-06 15:35:00,2023-04-06,2023-04-01,2023,15,Thursday,23,14.0,-9.0,True,21.03,1.57,delivered,True
cfc8f8b6-56a5-4f95-abeb-03f336973a98,d1b7b24b-4641-450e-b4e8-47092e175290,DASHER_00419,2022-04-20 12:04:00,2022-04-20,2022-04-01,2022,12,Wednesday,29,51.0,22.0,False,47.15,5.72,delivered,True
fbb89a3a-a4b8-4298-be8e-81dadff66be7,e8b9eabb-d56a-499a-baa9-32c7aa302b84,DASHER_03049,2022-04-15 20:31:00,2022-04-15,2022-04-01,2022,20,Friday,27,24.0,-3.0,True,41.75,3.01,delivered,True
5e0a298e-f542-409f-9fc3-9b7ccb2058ec,303af62e-f957-4b8b-9228-308828fd0474,DASHER_00268,2024-08-27 09:48:00,2024-08-27,2024-08-01,2024,9,Tuesday,37,44.0,7.0,False,23.9,1.56,delivered,True
61d0b523-357f-499c-be25-50ce185cb0fb,9b90b1a9-c571-443b-9d73-e81c1adf9bc4,DASHER_02203,2022-12-19 18:56:00,2022-12-19,2022-12-01,2022,18,Monday,17,21.0,4.0,True,15.11,5.57,delivered,True
9fdfab83-e425-429d-9304-dc73f190b06e,a602153a-1696-4c45-9792-1a1e5ac582f0,DASHER_02533,2023-11-15 18:55:00,2023-11-15,2023-11-01,2023,18,Wednesday,25,17.0,-8.0,True,20.8,2.77,delivered,True
1e9aa148-0139-4948-8b33-d4428dad6bd3,bf1a0137-e3a4-4332-abb8-bf2647572495,DASHER_01357,2022-12-09 13:24:00,2022-12-09,2022-12-01,2022,13,Friday,28,13.0,-15.0,True,34.37,2.98,delivered,True
564af66b-115d-4b0c-b25d-97d53113b57f,e54b34c9-9e3e-44d2-b8ee-cb0e9e34de59,DASHER_03001,2023-12-17 20:13:00,2023-12-17,2023-12-01,2023,20,Sunday,36,33.0,-3.0,True,30.04,1.64,delivered,True
f4fada79-05ee-452f-84ac-812b8bda54cb,882cf720-a755-4c50-89e4-94debbf8c49e,DASHER_03471,2023-01-20 10:59:00,2023-01-20,2023-01-01,2023,10,Friday,37,21.0,-16.0,True,32.81,5.0,delivered,True
8355d88d-1ffe-471e-866a-bea1834a735f,0a90f802-0fcf-42b9-84bb-4c3dac3add20,DASHER_04343,2024-07-05 13:07:00,2024-07-05,2024-07-01,2024,13,Friday,27,26.0,-1.0,True,8.0,3.23,delivered,True
eb3019cd-019b-4f86-87b4-84366fa3c8fa,379f6bc5-5e9b-4e65-af45-d6afd1cd2b81,DASHER_02975,2024-10-13 20:51:00,2024-10-13,2024-10-01,2024,20,Sunday,36,27.0,-9.0,True,8.0,3.73,delivered,True
22e0763d-c899-4e75-91d9-ea0f30321af7,6932226a-19e1-4533-b76f-39bf0459534a,DASHER_02764,2024-11-08 06:17:00,2024-11-08,2024-11-01,2024,6,Friday,33,31.0,-2.0,True,26.4,4.51,delivered,True
e8065917-2c74-4460-850f-4f76e92cc70f,c74979df-3ffe-403a-9a29-9a7ede41544a,DASHER_04627,2022-12-17 11:02:00,2022-12-17,2022-12-01,2022,11,Saturday,31,20.0,-11.0,True,14.3,2.45,delivered,True
0a025e07-b32c-4c22-bc8a-5be84ccac78e,a11d34e6-9352-4afb-b566-999a4909f08b,DASHER_00796,2023-06-14 13:15:00,2023-06-14,2023-06-01,2023,13,Wednesday,28,15.0,-13.0,True,65.46,7.3,delivered,True
da248048-aa3b-4e48-97c9-81f658cf2673,907086a2-cf58-43c1-8fa8-8d1779f622d2,DASHER_00580,2022-07-05 19:03:00,2022-07-05,2022-07-01,2022,19,Tuesday,43,36.0,-7.0,True,39.57,5.73,delivered,True
66ebecd0-7565-49ba-9e62-ec3f3fc58f5b,0e3b3c15-b778-4b64-9d75-b974893edb3b,DASHER_00625,2024-11-13 18:42:00,2024-11-13,2024-11-01,2024,18,Wednesday,33,43.0,10.0,False,28.12,2.69,delivered,True
a3813f5a-6b33-4b85-bfc4-0d050cf4e5fa,f37b17d4-a786-4ec5-bf74-fd0405de96f7,DASHER_01626,2024-04-23 08:42:00,2024-04-23,2024-04-01,2024,8,Tuesday,38,59.0,21.0,False,15.04,6.95,delivered,True
8222e92a-3d22-4a46-a397-7692472e56f8,9ac04fa9-d769-4217-9dc1-ffffda70ad1d,DASHER_01268,2022-01-18 21:02:00,2022-01-18,2022-01-01,2022,21,Tuesday,25,30.0,5.0,True,22.88,3.41,delivered,True
11c59a21-19e1-4589-a826-2e44b6963aba,23e5d016-3dbf-4d65-bec4-a3bb2220a349,DASHER_01343,2024-10-11 19:08:00,2024-10-11,2024-10-01,2024,19,Friday,50,51.0,1.0,True,36.48,7.18,delivered,True
8243cf7a-3481-435d-af8a-9c141f0fec47,8f3321f4-bcde-4288-9cca-b540966b69b3,DASHER_02309,2024-09-18 22:35:00,2024-09-18,2024-09-01,2024,22,Wednesday,26,38.0,12.0,False,10.54,4.28,delivered,True
a36713dd-c247-4084-a9bb-28de42dc2e88,315e2a7b-c6e0-4757-8b74-50654834d1ab,DASHER_04783,2023-06-08 18:34:00,2023-06-08,2023-06-01,2023,18,Thursday,33,,,,28.72,1.72,cancelled,True
fafe60e2-9b88-49e5-ab2d-c911ac7de9f3,2bb317e7-e091-4fe6-be2d-9fdb45841469,DASHER_01500,2023-06-01 19:50:00,2023-06-01,2023-06-01,2023,19,Thursday,43,46.0,3.0,True,24.28,4.48,delivered,True
67bc7522-f7b7-40ab-a2b0-d4b802ba6bc7,8870180c-8fb4-4e16-a709-fc8fc66341b0,DASHER_03653,2022-04-08 20:22:00,2022-04-08,2022-04-01,2022,20,Friday,38,23.0,-15.0,True,47.36,5.33,delivered,True
f01e7442-b00d-4ca7-b4c2-9a08c328ea5e,30e775f8-8f19-46a4-8e36-914e5643e99c,DASHER_03855,2024-10-28 17:39:00,2024-10-28,2024-10-01,2024,17,Monday,23,10.0,-36.0,True,41.71,3.3,delivered,True
b059c11f-eabc-40ca-a4d5-e49d458e91ef,dc7ba30a-e113-4f17-8ce8-090d0e56e630,DASHER_02274,2023-07-25 12:16:00,2023-07-25,2023-07-01,2023,12,Tuesday,45,32.0,-13.0,True,62.04,7.47,delivered,True
6b563ba5-5a38-4d84-b3c3-bb0b6f6a99cf,c5155494-1f0c-4cb4-9ae8-2a99e76be59d,DASHER_00026,2022-10-06 19:37:00,2022-10-06,2022-10-01,2022,19,Thursday,35,69.0,34.0,False,26.1,5.83,delivered,True
c5f91f73-b3f4-4edf-9a79-cb1b7599b589,8e49de75-8b4d-4bca-9150-9c2acaff0992,DASHER_01710,2024-06-09 09:29:00,2024-06-09,2024-06-01,2024,9,Sunday,22,53.0,31.0,False,28.27,4.6,delivered,True
804e2dda-c523-45d2-8e78-b1fe982a1329,fb8181f5-dfc7-4eee-a1f4-87f19f56a429,DASHER_03920,2022-02-25 08:53:00,2022-02-25,2022-02-01,2022,8,Friday,52,47.0,-5.0,True,69.14,5.22,delivered,True
a35672a1-0e17-4f26-988a-5c5dd4090e1e,bc1456b3-f4c8-42f2-8168-29699eaa734c,DASHER_03355,2024-05-14 19:42:00,2024-05-14,2024-05-01,2024,19,Tuesday,32,36.0,4.0,True,14.17,5.93,delivered,True
d5056aef-bd00-4fcd-b789-b2734b604643,426965f4-56dc-4ccc-ba66-0d84aff3671f,DASHER_02746,2023-05-07 21:03:00,2023-05-07,2023-05-01,2023,21,Sunday,32,,,,22.71,5.28,cancelled,True
5211a10d-024f-43c2-8ce6-607246cd3746,327ace53-d67d-4447-a058-fca86dead6b8,DASHER_01069,2024-11-27 03:20:00,2024-11-27,2024-11-01,2024,3,Wednesday,38,,,,8.0,2.68,cancelled,True
59d82ae0-1394-4e46-b8cb-e94090e41935,7a748cca-8684-4191-a095-ddcad7010130,DASHER_04030,2022-04-19 10:28:00,2022-04-19,2022-04-01,2022,10,Tuesday,40,47.0,7.0,False,26.19,1.46,delivered,True
5865b057-0e7d-4c71-8323-98cd403dee50,48a3bf8c-fe92-4af6-b662-f239412abc6e,DASHER_01540,2024-04-27 18:10:00,2024-04-27,2024-04-01,2024,18,Saturday,33,45.0,12.0,False,45.85,1.73,delivered,True
97811401-adf8-4256-aa4e-db6e066cec61,1450b992-ae40-4f08-ac9b-181ed7f32aba,DASHER_03999,2022-06-06 10:44:00,2022-06-06,2022-06-01,2022,10,Monday,24,38.0,14.0,False,30.19,4.77,delivered,True
f088b43b-d498-4995-8fb6-87f6c8e78d20,f78ac04b-8828-44e5-9ab7-8612af2be2ed,DASHER_04183,2022-04-08 21:26:00,2022-04-08,2022-04-01,2022,21,Friday,45,53.0,8.0,False,21.07,2.61,delivered,True
59033b08-4d3d-4277-8a6b-1dc218ea685d,31c79f9f-ad25-4819-81b4-557ccb7128bc,DASHER_04513,2024-06-05 12:53:00,2024-06-05,2024-06-01,2024,12,Wednesday,42,,,,45.98,5.75,cancelled,True
5e69556b-e5e8-499e-8c1c-7bcc4db527b7,4a77f9a0-99c0-4cf3-8c65-2c3011605293,DASHER_03123,2022-12-27 12:04:00,2022-12-27,2022-12-01,2022,12,Tuesday,51,41.0,-10.0,True,24.52,7.47,delivered,True
cdc84064-44d6-48ec-8dd7-283e7d7d811b,40221369-b738-497f-b378-a69f46ef17ef,DASHER_04108,2023-07-13 14:59:00,2023-07-13,2023-07-01,2023,14,Thursday,35,32.0,-3.0,True,10.62,7.22,delivered,True
3a10e1eb-0997-4da8-8f4b-c8d89c4772ef,3131e914-3efe-4cf9-a5de-ef0642cec831,DASHER_01804,2024-12-26 23:28:00,2024-12-26,2024-12-01,2024,23,Thursday,40,33.0,-7.0,True,33.35,5.31,delivered,True
0be32124-03b6-4094-89dd-964b1894b8e5,03a9901c-2c5a-4ef8-ae58-9f2176d4e265,DASHER_00137,2024-07-31 07:46:00,2024-07-31,2024-07-01,2024,7,Wednesday,30,30.0,0.0,True,19.42,2.45,delivered,True
8d6041cf-37fd-4b04-aa72-8acbe15349dd,3631dc73-775d-4617-95b6-0f8ec481d17f,DASHER_03936,2024-06-04 22:33:00,2024-06-04,2024-06-01,2024,22,Tuesday,28,31.0,3.0,True,20.71,7.6,delivered,True
9cf53819-719c-42c0-a77c-fee8487993ef,1edf6834-b795-47ff-9df4-f7d8c814259b,DASHER_01992,2023-11-24 09:09:00,2023-11-24,2023-11-01,2023,9,Friday,33,14.0,-19.0,True,24.02,2.04,delivered,True
f935fa48-2798-4101-87d2-4881706f805f,edf19b2a-4c60-445c-9f87-214b85a41e4b,DASHER_00655,2024-11-01 23:30:00,2024-11-01,2024-11-01,2024,23,Friday,29,31.0,2.0,True,30.24,2.26,delivered,True
670273e0-a8e2-4dca-85e1-1bceffe0f1a6,26120823-6402-4618-a97b-fa2008a87cc0,DASHER_03016,2023-04-12 20:17:00,2023-04-12,2023-04-01,2023,20,Wednesday,34,27.0,-7.0,True,17.96,4.35,delivered,True
c9709307-204b-4d3e-926c-7fd6676ae645,6d961427-22b7-4e5e-b113-eb102eacac22,DASHER_03710,2023-12-02 21:11:00,2023-12-02,2023-12-01,2023,21,Saturday,39,55.0,16.0,False,8.0,1.25,delivered,True
79028bcf-6fb7-4cf1-93c1-5b4e48ad261b,23d4f074-c094-4741-a523-b2fa964b54f9,DASHER_01030,2023-06-06 12:21:00,2023-06-06,2023-06-01,2023,12,Tuesday,35,17.0,-18.0,True,24.0,6.42,delivered,True
d29423e7-39ae-41ce-8a1b-ae69f42c34c1,113220c4-00e0-45bd-8d58-83298022a8cc,DASHER_03671,2023-03-28 20:42:00,2023-03-28,2023-03-01,2023,20,Tuesday,37,31.0,-6.0,True,31.34,5.95,delivered,True
fb4552cd-fb06-46a0-81b2-3c637e68ae3f,ff81636d-d263-4802-8561-942190b3d15c,DASHER_03363,2023-06-06 04:46:00,2023-06-06,2023-06-01,2023,4,Tuesday,34,44.0,10.0,False,26.06,4.64,delivered,True
78266470-f7d4-4bbd-a207-b818d67f535d,9344a4c8-8e8f-4f3f-9fc1-58ddb03f82a8,DASHER_02401,2023-04-02 23:50:00,2023-04-02,2023-04-01,2023,23,Sunday,18,26.0,8.0,False,40.83,7.79,delivered,True
54eaa348-45b2-43a4-baab-c267f59bc525,435ebcce-d017-498f-bf72-6cd1350d218c,DASHER_03770,2022-05-22 13:37:00,2022-05-22,2022-05-01,2022,13,Sunday,40,22.0,-18.0,True,40.97,2.62,delivered,True
704579bd-a139-42ac-80fe-51515eaf7f03,7082a1fa-1b07-4738-84ae-3d01d417cb85,DASHER_02281,2024-03-11 21:55:00,2024-03-11,2024-03-01,2024,21,Monday,28,41.0,13.0,False,8.0,2.84,delivered,True
9f3a5799-a09f-4ff7-9956-4ac9f5a5dad7,b818c60f-c959-46fb-a08a-f800aa7833e5,DASHER_01335,2024-06-02 16:14:00,2024-06-02,2024-06-01,2024,16,Sunday,33,38.0,5.0,True,51.31,2.97,delivered,True
6d679f9a-743f-4a95-ade2-90d2f2ca8696,5595c6a3-9b32-487e-9863-c95b5c6a8bfc,DASHER_03467,2023-11-08 13:29:00,2023-11-08,2023-11-01,2023,13,Wednesday,42,,,,37.1,5.29,cancelled,True
cd112b86-e4c9-4821-9f04-c0dfa16e574a,99b19f1e-2ade-40da-ba17-f273c3d1e7ad,DASHER_00260,2023-10-03 18:37:00,2023-10-03,2023-10-01,2023,18,Tuesday,31,27.0,-4.0,True,17.6,4.41,delivered,True
fa9af649-8b4c-4c4e-b550-332b832e8bfd,728edd11-307d-472b-95b1-69e8bff5f75f,DASHER_00386,2022-02-19 18:38:00,2022-02-19,2022-02-01,2022,18,Saturday,33,36.0,3.0,True,34.26,5.02,delivered,True
6ebe0832-2a04-4d16-9c75-9350129d1b9c,6153cd4a-1c53-4bf8-8ca6-d7f2d5096151,DASHER_03079,2022-03-01 19:15:00,2022-03-01,2022-03-01,2022,19,Tuesday,54,52.0,-2.0,True,11.01,2.0,delivered,True
1791f544-113f-49e4-98e9-4e0b20f62eb8,2f4330c2-e288-4198-9c27-0265241ee099,DASHER_00620,2023-04-04 10:27:00,2023-04-04,2023-04-01,2023,10,Tuesday,32,31.0,-1.0,True,50.3,7.62,delivered,True
554effe5-61fb-4de6-a9e4-44b2db356650,ea05cafe-8dae-47ac-aef4-e1ac966bd56b,DASHER_03755,2024-01-20 20:13:00,2024-01-20,2024-01-01,2024,20,Saturday,37,15.0,-22.0,True,36.13,1.14,delivered,True
f16b72bf-253f-42ba-90c6-4d404d7e7b34,af893091-5cfa-454b-a7c1-d6e6439b3a07,DASHER_02996,2024-07-10 16:32:00,2024-07-10,2024-07-01,2024,16,Wednesday,35,31.0,-4.0,True,11.36,3.57,delivered,True
3e15b01c-09f8-4041-a55b-6a0981d82ea2,b701b9f3-5cfb-434a-a2df-7f13dff92847,DASHER_03013,2023-08-29 13:31:00,2023-08-29,2023-08-01,2023,13,Tuesday,27,22.0,-5.0,True,40.08,1.17,delivered,True
4ba71708-ccfe-4b60-97b4-6e7d22c5b47a,38c0b299-0de7-4c08-bbab-70f27eb5f983,DASHER_00679,2023-12-03 12:41:00,2023-12-03,2023-12-01,2023,12,Sunday,35,51.0,16.0,False,16.62,3.54,delivered,True
c768d205-5a4d-41b9-a0ca-8ccdcdadb882,315260a5-49d2-41c6-b125-d658ad716bc0,DASHER_01073,2023-08-10 21:35:00,2023-08-10,2023-08-01,2023,21,Thursday,37,38.0,1.0,True,42.12,6.16,delivered,True
a97b6325-d44f-4013-bc4e-a45aa59973f3,2ba2ff21-347b-49bb-b990-6a12a95ec868,DASHER_04101,2024-01-22 08:59:00,2024-01-22,2024-01-01,2024,8,Monday,43,47.0,4.0,True,41.52,3.75,delivered,True
d270a6be-2ca5-4831-8d4f-ea9d31aed9a1,e0aa2c0d-0e0f-4660-824e-dfe136916382,DASHER_03065,2023-10-04 07:04:00,2023-10-04,2023-10-01,2023,7,Wednesday,46,32.0,-14.0,True,13.43,4.43,delivered,True
592a9fa8-35c3-4591-a761-da719d8de579,684cdc82-91ca-42b7-9336-de28c0cc8756,DASHER_03879,2023-08-29 12:03:00,2023-08-29,2023-08-01,2023,12,Tuesday,35,32.0,-3.0,True,11.1,7.16,delivered,True
89259f62-2bde-4fe0-b3f9-ab1a1b37a52d,0f9b21c6-5190-4f06-9934-a9e873cfc151,DASHER_01544,2024-08-06 10:32:00,2024-08-06,2024-08-01,2024,10,Tuesday,25,24.0,-1.0,True,9.76,6.75,delivered,True
b91f2df4-00ce-4141-9fcc-3960b21a391f,9f383e3c-88b2-464f-ae08-590111c9c63b,DASHER_02330,2024-01-13 19:15:00,2024-01-13,2024-01-01,2024,19,Saturday,43,67.0,24.0,False,37.37,6.15,delivered,True
ad6a12dc-2d36-4e86-8715-f518e3066143,fe991fb6-987e-43db-bbb2-f6586e7cc7b9,DASHER_00180,2022-12-21 18:49:00,2022-12-21,2022-12-01,2022,18,Wednesday,30,21.0,-9.0,True,33.32,5.02,delivered,True
4f410063-a7f3-486d-9c71-2a6531c95db8,728edd11-307d-472b-95b1-69e8bff5f75f,DASHER_01349,2022-07-04 09:45:00,2022-07-04,2022-07-01,2022,9,Monday,43,,,,16.67,5.07,cancelled,True
1e98d067-e552-417b-821d-47d774d421ad,74fee88a-883a-4bf3-9fb1-2216db44ad63,DASHER_01116,2022-05-06 19:18:00,2022-05-06,2022-05-01,2022,19,Friday,43,55.0,12.0,False,20.74,6.59,delivered,True
0082859d-e3e0-4372-b5ee-c3fbd2a9db88,f0da3a71-699c-4d88-b52d-e8088d3efa72,DASHER_00712,2023-04-30 21:20:00,2023-04-30,2023-04-01,2023,21,Sunday,34,35.0,1.0,True,53.62,2.42,delivered,True
c1f028e3-9b67-420d-bcbf-d432f1ebd318,8bb457e7-6024-41ef-9dfb-5d2250001642,DASHER_03874,2023-09-12 20:46:00,2023-09-12,2023-09-01,2023,20,Tuesday,31,40.0,9.0,False,26.84,1.47,delivered,True
9fdf8df2-b4a1-4ca6-b01a-30e367ede94a,3b71d12e-8a83-4316-bb97-de36877b4f00,DASHER_04479,2023-03-15 18:43:00,2023-03-15,2023-03-01,2023,18,Wednesday,26,14.0,-12.0,True,20.19,2.66,delivered,True
a7d658a8-c5a9-494d-a9e1-245c306e1916,1d83b87c-291f-46ad-be53-ba7696743316,DASHER_01669,2022-09-21 08:07:00,2022-09-21,2022-09-01,2022,8,Wednesday,37,49.0,12.0,False,49.48,4.51,delivered,True
49472430-a2d5-4376-a1d2-4ee221ff7504,1049731b-f8c8-4257-8315-e45e89676bd0,DASHER_04306,2023-04-04 03:18:00,2023-04-04,2023-04-01,2023,3,Tuesday,29,,,,33.11,4.81,cancelled,True
0e895ae9-34de-4658-bd26-56f77c2e3619,8e7e4db4-05b2-4b29-8f88-1864eca89173,DASHER_01542,2024-12-17 19:37:00,2024-12-17,2024-12-01,2024,19,Tuesday,34,25.0,-9.0,True,39.1,1.81,delivered,True
840162f1-b650-49b3-908e-0132be02cd5b,0dff6a31-ecbf-4313-bd9a-b656c29d71b6,DASHER_01574,2022-08-09 19:55:00,2022-08-09,2022-08-01,2022,19,Tuesday,26,19.0,-7.0,True,11.81,6.08,delivered,True
ccce39fa-d273-4c94-a173-df495cb15e97,f596883b-faf0-418c-812d-89fa7f03a979,DASHER_04006,2023-02-28 07:09:00,2023-02-28,2023-02-01,2023,7,Tuesday,53,54.0,1.0,True,44.34,1.37,delivered,True
0d1d1073-4ba2-4d89-a7da-bda4c7802ec4,b3521046-c57d-4dae-95c2-e9144041ab52,DASHER_00092,2023-09-08 23:45:00,2023-09-08,2023-09-01,2023,23,Friday,52,27.0,-25.0,True,35.11,4.82,delivered,True
81ac5068-c00a-4b95-ad9a-32020d979a0c,941ae802-d5e7-4433-946f-464730755c90,DASHER_00247,2022-07-08 18:56:00,2022-07-08,2022-07-01,2022,18,Friday,30,10.0,-20.0,True,27.51,1.77,delivered,True
80bb87d7-41ab-4d1b-801b-2a026c94682b,e4243fba-02e0-48ea-af4d-a065cc51e321,DASHER_02158,2023-02-26 20:01:00,2023-02-26,2023-02-01,2023,20,Sunday,36,10.0,-34.0,True,15.21,7.7,delivered,True
deef6142-a911-4293-a257-04532704c73c,0203e5d7-3c6e-40c3-b47d-0139d21187f4,DASHER_04062,2022-06-06 11:33:00,2022-06-06,2022-06-01,2022,11,Monday,30,19.0,-11.0,True,30.86,4.17,delivered,True
19ed86a9-6ecb-4254-b90a-8bfdac0ff0da,6b4608d5-3dcb-4ea8-bafa-31268435c79a,DASHER_01711,2022-11-11 13:55:00,2022-11-11,2022-11-01,2022,13,Friday,32,27.0,-5.0,True,31.05,2.36,delivered,True
835a5268-9959-4f38-8744-65d2937212fc,acf07cd1-be70-465a-957e-f8ce255df639,DASHER_00449,2024-10-15 22:32:00,2024-10-15,2024-10-01,2024,22,Tuesday,36,36.0,0.0,True,21.94,3.2,delivered,True
6adb5537-46d6-492a-8c65-6233c8495cab,ee7af6e3-99b5-42ae-a16f-f7eaac67f3a8,DASHER_01685,2024-06-19 23:01:00,2024-06-19,2024-06-01,2024,23,Wednesday,47,42.0,-5.0,True,42.56,4.22,delivered,True
54427438-d71b-42b0-9653-cc93cf1df745,5c76f01b-cdd1-4c2f-bb23-581dce161f86,DASHER_03251,2022-01-28 13:38:00,2022-01-28,2022-01-01,2022,13,Friday,37,32.0,-5.0,True,61.1,3.77,delivered,True
283d4e54-03bf-4a38-9fa8-69ff41c8546f,2cf1ec82-2930-4d7e-a2d4-3d3ffc5a5cc1,DASHER_00239,2023-05-18 21:08:00,2023-05-18,2023-05-01,2023,21,Thursday,41,41.0,0.0,True,8.0,3.22,delivered,True
9c538e78-439c-44e7-be0f-e977005c64d9,f1281845-cdeb-46d8-afb5-67de99bdd4ca,DASHER_04582,2022-01-19 20:37:00,2022-01-19,2022-01-01,2022,20,Wednesday,35,10.0,-26.0,True,29.44,3.94,delivered,True
c1f036bc-347a-44a1-9bc6-017bbe3cf38e,1a9472ef-1fd8-4c65-99a8-125082449bae,DASHER_04378,2023-05-27 09:19:00,2023-05-27,2023-05-01,2023,9,Saturday,35,37.0,2.0,True,30.71,7.16,delivered,True
26631038-e173-45c4-909b-f29a3442f73d,c88cf940-7964-448b-9783-ac8fe9c6a1fe,DASHER_00042,2024-12-13 17:39:00,2024-12-13,2024-12-01,2024,17,Friday,28,33.0,5.0,True,22.01,6.88,delivered,True
e0a65aab-939c-4336-bcf1-e1e00825248f,e79a3345-5f1a-4493-9b76-e3d05de99191,DASHER_01158,2024-10-06 09:33:00,2024-10-06,2024-10-01,2024,9,Sunday,39,31.0,-8.0,True,21.07,3.35,delivered,True
4d5eb49b-8d95-4b01-acad-dd78c5e5945d,ca49b516-9e43-41ec-a7dc-23edd5251c39,DASHER_03447,2023-07-16 13:55:00,2023-07-16,2023-07-01,2023,13,Sunday,25,37.0,12.0,False,42.06,6.46,delivered,True
12187b29-0b0b-4d2f-8e97-fc6d2f8ca779,937b7d2f-92ca-488e-adbb-e206cf356f1a,DASHER_04445,2023-03-16 22:33:00,2023-03-16,2023-03-01,2023,22,Thursday,43,28.0,-15.0,True,19.04,5.96,delivered,True
9ec1c1b1-ffa4-403c-bdb9-c67559fdfdde,12ff7c81-fe8d-43d2-ade5-cacbf0af4d8f,DASHER_00139,2023-02-05 14:36:00,2023-02-05,2023-02-01,2023,14,Sunday,32,36.0,4.0,True,20.26,1.22,delivered,True
5805bae9-e7a7-463e-8582-951c7956c1bf,04968982-95bd-4f83-aebf-f2d94bb430c6,DASHER_02240,2023-04-28 14:28:00,2023-04-28,2023-04-01,2023,14,Friday,30,37.0,7.0,False,8.0,7.6,delivered,True
e97be259-ad2d-47a8-94aa-5f700dbfd180,8dda6319-c735-4752-9f77-be9c84b6a818,DASHER_00865,2023-06-29 07:14:00,2023-06-29,2023-06-01,2023,7,Thursday,33,,,,28.86,4.19,cancelled,True
9d7a610f-cce8-4a17-8d3c-049d0c221a5d,46fde999-656d-46ff-9cb9-db53fe2ac468,DASHER_04205,2023-12-08 21:36:00,2023-12-08,2023-12-01,2023,21,Friday,27,31.0,4.0,True,22.74,1.77,delivered,True
0598130f-d518-4103-8fd3-5de0899c0e43,70f2a17b-f5b0-4e9f-a140-8b6ad571338e,DASHER_01754,2023-07-06 11:05:00,2023-07-06,2023-07-01,2023,11,Thursday,44,39.0,-5.0,True,35.36,5.91,delivered,True
e440cf7c-a923-41c0-8754-edf9f890f034,d636c448-8fb6-4a81-981e-e2cd0da74117,DASHER_01624,2022-05-21 06:34:00,2022-05-21,2022-05-01,2022,6,Saturday,32,35.0,3.0,True,32.79,4.6,delivered,True
a59bfea5-1b32-4f81-9fa1-b53375a8562a,fcaa2513-ce07-40f0-b9d0-d3fba275c1fd,DASHER_02208,2022-12-07 14:47:00,2022-12-07,2022-12-01,2022,14,Wednesday,32,42.0,10.0,False,30.37,3.64,delivered,True
678d8d38-d997-455f-979a-99330742f931,aa519685-21e4-41ae-a6d6-612cbf683b76,DASHER_02092,2023-12-20 21:11:00,2023-12-20,2023-12-01,2023,21,Wednesday,34,20.0,-14.0,True,60.49,7.79,delivered,True
fba94e27-b7bf-42c8-80b7-1cdba2eace37,1e1ef32b-759a-4e9a-affc-86b714303d5d,DASHER_02233,2023-04-20 16:05:00,2023-04-20,2023-04-01,2023,16,Thursday,26,47.0,21.0,False,26.56,5.41,delivered,True
b3cabf40-46b8-4645-b3c8-e448d800a145,caee2cf1-dc31-4f24-995e-e658c409237e,DASHER_00234,2023-10-07 11:21:00,2023-10-07,2023-10-01,2023,11,Saturday,39,30.0,-9.0,True,75.34,6.95,delivered,True
e8356708-57b8-4f63-b0d5-51363d6b6046,c9a6e050-d724-4a3a-a3f9-527b6fd988b7,DASHER_01806,2022-07-09 18:26:00,2022-07-09,2022-07-01,2022,18,Saturday,36,32.0,-4.0,True,22.1,7.77,delivered,True
1799b5f7-bafe-4704-bf1d-45948fff228c,4551a7b7-3717-4d3d-9f6c-dc8b7834f807,DASHER_03645,2024-02-10 20:30:00,2024-02-10,2024-02-01,2024,20,Saturday,45,35.0,-10.0,True,27.44,3.72,delivered,True
cddc2f32-1b98-4216-af92-e09b0e462631,224cfd3c-eb69-439d-a255-76d9187b81d4,DASHER_03694,2024-12-22 10:23:00,2024-12-22,2024-12-01,2024,10,Sunday,20,10.0,-13.0,True,8.0,1.14,delivered,True
1a3dff63-6b76-460e-a549-220ecb02e125,99bc508f-4b7d-4bbd-b8be-e4182a349f8c,DASHER_02954,2023-02-01 11:49:00,2023-02-01,2023-02-01,2023,11,Wednesday,32,17.0,-15.0,True,35.7,2.31,delivered,True
b33acbd7-4adc-4822-b9a6-3c58b94a82c1,a2d81c0b-bb4e-4aac-9d58-c0f9a40be091,DASHER_02063,2023-06-16 21:48:00,2023-06-16,2023-06-01,2023,21,Friday,35,35.0,0.0,True,25.57,4.92,delivered,True
ab61e2cc-ca6d-428d-b772-6ef533ef287e,bcf729b8-4e2a-4e76-83a1-8eaf2bbfb7d9,DASHER_03989,2023-01-22 21:30:00,2023-01-22,2023-01-01,2023,21,Sunday,35,33.0,-2.0,True,40.59,5.62,delivered,True
67994ede-e178-4071-97f8-fb9ce5700061,e52dc04d-cbc6-45b9-bdb9-7f43376f7cbe,DASHER_02335,2023-11-18 21:07:00,2023-11-18,2023-11-01,2023,21,Saturday,31,29.0,-2.0,True,37.43,5.28,delivered,True
34778426-ef99-48a7-80e9-ed5bdf45a341,d4eee952-6069-46d0-a0d3-2142b6f8d900,DASHER_03899,2024-03-03 15:21:00,2024-03-03,2024-03-01,2024,15,Sunday,30,51.0,21.0,False,41.26,3.47,delivered,True
c795a92c-c112-463f-9d54-afb98e8b3012,31b5190f-45b2-4e06-bed3-a05a02397769,DASHER_00547,2024-06-10 08:21:00,2024-06-10,2024-06-01,2024,8,Monday,24,,,,30.13,5.53,cancelled,True
c1775f8f-664b-4bb2-a84f-bf824f668f8a,8416128e-8127-4e26-b728-0374197fdb17,DASHER_02612,2024-07-04 10:19:00,2024-07-04,2024-07-01,2024,10,Thursday,23,27.0,4.0,True,19.07,5.71,delivered,True
aab5f20b-d4a4-474a-bc73-0a45ab79d5e6,19ec6f2a-8d7a-4f4c-81b2-d98cb463b3a8,DASHER_04213,2024-04-18 19:35:00,2024-04-18,2024-04-01,2024,19,Thursday,32,32.0,0.0,True,37.34,5.23,delivered,True
c48ed7b4-63f2-4567-8378-2024c4e56513,13215552-218d-449a-8f4e-2a9073b62b1b,DASHER_04556,2022-07-06 19:43:00,2022-07-06,2022-07-01,2022,19,Wednesday,36,33.0,-3.0,True,35.35,5.77,delivered,True
0d0b3725-6b30-4524-924c-2202d3cff3a9,ae22d53a-67f2-43b2-85e1-5fd3a9c2c809,DASHER_00335,2023-08-05 18:21:00,2023-08-05,2023-08-01,2023,18,Saturday,34,10.0,-28.0,True,40.26,6.99,delivered,True
a76e4273-54a8-4af1-a3b3-1cb9e3a37f5c,1ec7f9db-06e8-4a5d-8a93-a7a7fbb637cc,DASHER_02008,2023-09-10 17:05:00,2023-09-10,2023-09-01,2023,17,Sunday,30,10.0,-22.0,True,23.1,2.04,delivered,True
8d6e8f9b-e876-4be4-8ba0-925136e744c1,208263ca-559a-47b8-8c41-c91c311739c6,DASHER_03320,2023-02-18 18:30:00,2023-02-18,2023-02-01,2023,18,Saturday,41,48.0,7.0,False,44.71,5.6,delivered,True
8956ded3-0b71-4885-98f3-4b3cd1cd0593,3995e609-6a53-4a4e-ab7b-ae04dc7c3a7d,DASHER_03738,2022-09-13 19:03:00,2022-09-13,2022-09-01,2022,19,Tuesday,42,36.0,-6.0,True,44.65,6.79,delivered,True
3d0312b6-db29-4d7e-8066-34e6c53e2efe,c2e01af7-1e19-442c-9672-73cd8160b3cf,DASHER_03839,2023-12-01 17:08:00,2023-12-01,2023-12-01,2023,17,Friday,32,46.0,14.0,False,12.3,7.71,delivered,True
50613d43-0f5e-4bc7-9a77-3356ef861961,bcf3dd2d-e083-463a-be2b-f8ef59aa6c4e,DASHER_04725,2024-12-04 20:17:00,2024-12-04,2024-12-01,2024,20,Wednesday,46,,,,61.13,1.82,cancelled,True
69ddc557-6636-4567-99b8-a3c464713b36,30f3a3f7-1581-49a0-83e0-fb407e37f8b7,DASHER_04772,2023-09-08 22:16:00,2023-09-08,2023-09-01,2023,22,Friday,51,51.0,0.0,True,52.18,6.98,delivered,True
669750e4-7183-41c3-b0b4-f64b0620ac6e,90aab484-493d-41d2-ac0f-c0bac804ee9f,DASHER_02473,2023-05-09 06:36:00,2023-05-09,2023-05-01,2023,6,Tuesday,21,26.0,5.0,True,40.66,7.71,delivered,True
57cad5c5-d9bd-48d2-b7ca-728b6635c9d2,0c848203-2ee0-45af-8c90-fcaa6129acff,DASHER_04071,2024-11-23 22:54:00,2024-11-23,2024-11-01,2024,22,Saturday,28,22.0,-6.0,True,17.43,7.99,delivered,True
1f646e58-9779-4a9a-816f-22bb74b7a1c4,0a90f802-0fcf-42b9-84bb-4c3dac3add20,DASHER_00462,2024-09-15 23:35:00,2024-09-15,2024-09-01,2024,23,Sunday,25,10.0,-28.0,True,9.64,1.84,delivered,True
991bf40e-f2cd-4264-af34-81584679e025,4c899b00-0ee6-4ea1-99ad-105f1035d9f4,DASHER_04545,2022-10-29 13:11:00,2022-10-29,2022-10-01,2022,13,Saturday,37,35.0,-2.0,True,34.28,6.79,delivered,True
e5f47ea4-31b0-4d2e-8568-fb3db26b1246,049b0394-ee69-4d8f-9833-ec17813f663f,DASHER_03324,2022-12-01 20:25:00,2022-12-01,2022-12-01,2022,20,Thursday,15,18.0,3.0,True,25.97,4.78,delivered,True
84ca00ad-c934-4fab-95a1-484f64212770,1c6668cf-2035-4c38-944e-5456123ad708,DASHER_02957,2024-01-09 22:53:00,2024-01-09,2024-01-01,2024,22,Tuesday,35,45.0,10.0,False,73.57,4.21,delivered,True
51253d71-4384-4594-a06d-53413f14821a,9599c638-49dd-46d8-84f9-8f916ca8ae36,DASHER_00009,2024-04-19 12:48:00,2024-04-19,2024-04-01,2024,12,Friday,39,26.0,-13.0,True,33.13,7.94,delivered,True
e00f2bba-dbf5-487a-a67d-7bb60b98bd33,6822d6f3-d1a8-4a5d-afd8-c1d43a5890cd,DASHER_02014,2024-08-25 00:48:00,2024-08-25,2024-08-01,2024,0,Sunday,30,,,,8.0,4.4,cancelled,True
910aede4-c365-4a05-abba-83f405234d6b,5e0405cc-e039-43c1-9654-c2b16d645bd6,DASHER_03560,2022-05-05 17:32:00,2022-05-05,2022-05-01,2022,17,Thursday,35,23.0,-12.0,True,28.83,2.56,delivered,True
489dd726-4a2f-48bb-bb8d-8c1b63a6bf55,73dc46bb-192a-49fb-8db0-c087ba1bc291,DASHER_04217,2022-03-16 16:53:00,2022-03-16,2022-03-01,2022,16,Wednesday,16,21.0,5.0,True,8.0,2.63,delivered,True
ed9c42e5-21fb-4b4a-8677-0497dbc83ae1,1f073c53-ef32-4629-b0b7-ef431ef2e441,DASHER_04430,2024-10-30 11:09:00,2024-10-30,2024-10-01,2024,11,Wednesday,29,13.0,-16.0,True,14.18,5.78,delivered,True
e04b52b9-14dc-4624-9157-438f3d4b502d,578b3eac-363e-41f5-8e9d-10a9878fa709,DASHER_02787,2024-04-19 13:54:00,2024-04-19,2024-04-01,2024,13,Friday,38,29.0,-9.0,True,30.45,3.75,delivered,True
08b01d64-1dec-403b-8322-9fc71bfa2e03,2090d7ee-dd5f-44fd-bac1-540acdda5062,DASHER_04176,2024-06-23 08:30:00,2024-06-23,2024-06-01,2024,8,Sunday,25,36.0,11.0,False,32.24,7.98,delivered,True
005cb87d-7055-4656-83d6-fb751f3c939a,44dc67e6-b1df-4aaf-aa52-8119fcbc38ff,DASHER_02517,2023-07-10 16:36:00,2023-07-10,2023-07-01,2023,16,Monday,38,25.0,-13.0,True,52.52,3.33,delivered,True
56c932de-affd-4347-a7be-adadbbedfad3,96319705-637d-48ce-9de5-1b8c07d551f6,DASHER_00477,2022-09-29 20:03:00,2022-09-29,2022-09-01,2022,20,Thursday,43,72.0,29.0,False,34.52,3.71,delivered,True
4486ee1d-af62-4449-b14b-b5aee52bd067,0b66c9d0-846f-4caf-909e-317db4b1762a,DASHER_00270,2023-06-08 13:59:00,2023-06-08,2023-06-01,2023,13,Thursday,50,42.0,-8.0,True,40.25,7.98,delivered,True
4999c6c6-7e68-4385-8adf-995d2b471a71,09bb7ae0-0c97-4ec7-ac77-fddca6f9eb9d,DASHER_02744,2024-08-03 20:52:00,2024-08-03,2024-08-01,2024,20,Saturday,34,54.0,20.0,False,43.94,2.02,delivered,True
63c413e9-3717-4a9c-acc4-26b474631237,4b8d4948-c14d-4911-be86-42b214d345d5,DASHER_04570,2022-11-01 11:25:00,2022-11-01,2022-11-01,2022,11,Tuesday,39,39.0,0.0,True,14.14,2.39,delivered,True
1d3cc23f-ee30-4234-9794-9eb6f929582c,12f16d9a-5a6a-4fd5-b81a-4e7f8651d940,DASHER_03343,2022-02-20 06:51:00,2022-02-20,2022-02-01,2022,6,Sunday,25,42.0,17.0,False,20.21,1.94,delivered,True
e2b8daa4-b915-42f4-8d48-f20aa3bbc14e,00739be5-dea4-456e-bc21-eb5f1750ede5,DASHER_01305,2024-06-08 10:16:00,2024-06-08,2024-06-01,2024,10,Saturday,31,41.0,10.0,False,41.95,6.4,delivered,True
a33e4dab-554a-46a5-8352-900913a58c61,ebb42deb-0250-485d-846a-f81180bfb977,DASHER_01447,2024-11-30 10:08:00,2024-11-30,2024-11-01,2024,10,Saturday,46,33.0,-13.0,True,38.25,2.45,delivered,True
674720aa-544c-403a-9139-34a1fcad1ba7,353679c0-b6cf-4b88-8a6c-939619a08447,DASHER_00435,2022-03-14 10:14:00,2022-03-14,2022-03-01,2022,10,Monday,47,43.0,-4.0,True,8.0,1.04,delivered,True
1a7d2659-98f1-4175-aae1-73579c196faa,df059262-01c0-434e-aaee-5ca1f3925473,DASHER_00091,2023-10-02 08:13:00,2023-10-02,2023-10-01,2023,8,Monday,34,59.0,25.0,False,27.45,7.2,delivered,True
86426305-73f4-452e-abee-b3efc4f282d9,1d1688e0-de22-483b-aaf1-c0268cb69643,DASHER_02301,2023-02-07 19:40:00,2023-02-07,2023-02-01,2023,19,Tuesday,40,23.0,-17.0,True,8.0,3.56,delivered,True
a87794c9-8b93-4699-a07c-cc44aae1f749,89131b07-e74e-4500-a943-eb74039fb447,DASHER_03807,2022-06-18 08:41:00,2022-06-18,2022-06-01,2022,8,Saturday,24,25.0,1.0,True,29.83,4.66,delivered,True
e7f9fe10-52dc-4f6f-ae11-c905ea8be2ed,b3421fcf-c288-4154-bb38-a76cdb5493b6,DASHER_03159,2024-02-01 20:43:00,2024-02-01,2024-02-01,2024,20,Thursday,38,32.0,-6.0,True,13.15,4.77,delivered,True
e3c6dab7-0379-48d0-b531-ac5e341dc9ce,a46514ad-9c13-4471-8073-6afd9372d5e3,DASHER_01180,2024-03-01 12:54:00,2024-03-01,2024-03-01,2024,12,Friday,33,24.0,-9.0,True,42.83,5.87,delivered,True
d7b32836-52a1-49de-87ed-dcf42586675f,2e035901-c4b2-4026-83ea-2d57ddb80151,DASHER_01191,2023-04-01 16:42:00,2023-04-01,2023-04-01,2023,16,Saturday,40,45.0,5.0,True,38.86,5.39,delivered,True
3dee35ca-e302-4e73-9d6d-aa0c489e4a6c,554ec36e-d754-47b2-97f4-04be874b7d9e,DASHER_01087,2024-07-11 09:38:00,2024-07-11,2024-07-01,2024,9,Thursday,26,32.0,6.0,False,9.64,5.44,delivered,True
f8bafae2-4947-43e3-b370-29ad6c7a8ec9,0a81fa0a-021b-4194-a11a-f3eb5998fb70,DASHER_04242,2022-03-19 10:29:00,2022-03-19,2022-03-01,2022,10,Saturday,33,21.0,-12.0,True,15.07,7.03,delivered,True
e31fb660-fe12-4e7e-98b5-68aa00900ded,73d446f4-68e5-41cd-a40d-35c9d77e55a4,DASHER_04764,2023-03-09 07:23:00,2023-03-09,2023-03-01,2023,7,Thursday,39,40.0,1.0,True,35.55,3.41,delivered,True
5011bbca-7cf6-4126-bcf5-feb02d62c408,1b140f4b-36b0-4da2-95fc-a341cbc7bf11,DASHER_03570,2024-01-14 20:43:00,2024-01-14,2024-01-01,2024,20,Sunday,27,26.0,-1.0,True,25.11,4.03,delivered,True
22d6f2b3-eef6-41e0-a856-6888547822e5,565316ef-c26e-4812-ac54-4aedf5593b44,DASHER_04048,2024-12-09 14:42:00,2024-12-09,2024-12-01,2024,14,Monday,35,23.0,-12.0,True,22.72,3.07,delivered,True
cf969d5c-5a23-4816-beea-acfbb94d06d6,c5155494-1f0c-4cb4-9ae8-2a99e76be59d,DASHER_00007,2024-12-25 15:09:00,2024-12-25,2024-12-01,2024,15,Wednesday,36,26.0,-10.0,True,23.34,2.61,delivered,True
c80be974-f223-40c5-bf1e-709322cd7f87,d5a4ccc7-bc73-4fd1-8686-a1e6a4957b2d,DASHER_02887,2023-11-17 09:09:00,2023-11-17,2023-11-01,2023,9,Friday,39,30.0,-9.0,True,14.61,7.34,delivered,True
08cfce33-2f52-4bad-9765-d3b424629c40,bee51a57-fd12-48d2-9382-cecea86a6d77,DASHER_02759,2024-06-23 12:36:00,2024-06-23,2024-06-01,2024,12,Sunday,31,26.0,-5.0,True,14.6,7.41,delivered,True
5814681b-e8ff-48d1-8a8c-15df7a4e4119,31b5190f-45b2-4e06-bed3-a05a02397769,DASHER_02967,2023-08-15 00:35:00,2023-08-15,2023-08-01,2023,0,Tuesday,28,24.0,-4.0,True,8.18,3.57,delivered,True
735411bf-6edb-434b-9ada-0e7a8c2de1be,a23bdf06-826b-46d3-aecf-fa30a6adb893,DASHER_00745,2022-06-02 16:32:00,2022-06-02,2022-06-01,2022,16,Thursday,39,36.0,-3.0,True,28.72,1.1,delivered,True
c9c2a0cf-513d-4f68-a248-ddf7338cb783,4193bff4-85df-4d06-8cd8-563b046dcac4,DASHER_01374,2022-10-27 19:29:00,2022-10-27,2022-10-01,2022,19,Thursday,42,38.0,-4.0,True,19.66,6.55,delivered,True
0fb6ae11-42d9-4b9d-b6fb-04cff4d127be,c46d381c-28e1-4ad1-a90f-63d75b58b38e,DASHER_04136,2023-02-24 19:52:00,2023-02-24,2023-02-01,2023,19,Friday,41,52.0,11.0,False,61.96,4.15,delivered,True
7d757ce5-69df-498c-84d0-ed8ef55dc1a6,38fd088b-2bcb-49ca-bf98-395bb4b88bb6,DASHER_01014,2023-03-14 18:04:00,2023-03-14,2023-03-01,2023,18,Tuesday,27,32.0,5.0,True,30.62,4.83,delivered,True
b5229785-bc1b-4e1f-b429-67fd6e0d85fe,2f817f00-6f17-4007-9a83-6f408dde3733,DASHER_01263,2024-06-01 14:46:00,2024-06-01,2024-06-01,2024,14,Saturday,35,47.0,12.0,False,30.83,3.88,delivered,True
79648713-6fa6-4e93-ad19-fbb012d87e87,1b673978-6110-45ed-8638-3dc37a269223,DASHER_01619,2023-09-16 22:28:00,2023-09-16,2023-09-01,2023,22,Saturday,36,21.0,-15.0,True,19.27,5.29,delivered,True
e65dada3-6ffd-4bc7-b0ad-59443e269ab4,c758c09e-f198-43af-aba4-fecd75f2035d,DASHER_04910,2023-07-27 07:27:00,2023-07-27,2023-07-01,2023,7,Thursday,26,31.0,5.0,True,8.0,2.37,delivered,True
9cb0a401-0086-4390-8e37-2c52446ef154,6a0ce821-443b-4d56-aae0-e37652cc0867,DASHER_04581,2022-07-18 22:18:00,2022-07-18,2022-07-01,2022,22,Monday,46,36.0,-10.0,True,38.1,6.25,delivered,True
70b9f575-be3c-48b6-80a3-0980dab4edf9,a1adf48d-e0a0-4e19-90b8-607a4613fdc2,DASHER_04044,2023-05-21 19:26:00,2023-05-21,2023-05-01,2023,19,Sunday,39,25.0,-14.0,True,36.25,6.54,delivered,True
fc86e42c-c84b-4ed0-88b8-8be22b540063,cd00e585-075e-40f4-a32f-7d010f628718,DASHER_02667,2023-04-24 17:49:00,2023-04-24,2023-04-01,2023,17,Monday,32,31.0,-1.0,True,52.98,1.2,delivered,True
a8018851-3912-4b5c-bfed-25ef85754b60,a783cabb-e29c-4aaa-bb1f-4629323c73c3,DASHER_02481,2023-11-11 14:22:00,2023-11-11,2023-11-01,2023,14,Saturday,49,53.0,4.0,True,25.34,6.17,delivered,True
1d57bbaa-94af-46ad-bbcf-f23abd291458,e90b94a3-13eb-4523-8ff6-fc8f7baf176b,DASHER_02240,2024-06-25 07:33:00,2024-06-25,2024-06-01,2024,7,Tuesday,43,36.0,-7.0,True,28.83,1.29,delivered,True
3a7b7e2e-ee94-4a4e-b4a7-af4a959a318f,6d4eb3bd-bfc9-4bbe-918f-5f32d000f7b0,DASHER_00473,2024-04-05 16:39:00,2024-04-05,2024-04-01,2024,16,Friday,41,41.0,0.0,True,32.71,2.04,delivered,True
8d6ffeff-d120-423b-9fb6-d5a8889308cf,732f9aad-10ee-41c1-b129-412efae5772b,DASHER_04982,2022-04-03 17:36:00,2022-04-03,2022-04-01,2022,17,Sunday,25,10.0,-17.0,True,37.12,7.5,delivered,True
f3eece85-c5b5-4694-b5e8-19a64ab78c03,ba8dd99e-3c3d-4019-8c83-60119aef4877,DASHER_00918,2023-09-03 20:14:00,2023-09-03,2023-09-01,2023,20,Sunday,33,24.0,-9.0,True,42.79,2.3,delivered,True
74c1b812-1daa-4082-a625-a0818fbd6d79,e5f87447-42f7-4a39-9ffd-f9f7857fb524,DASHER_04268,2022-07-29 19:24:00,2022-07-29,2022-07-01,2022,19,Friday,40,41.0,1.0,True,18.64,7.06,delivered,True
8798d9c1-c422-47b2-992e-066ceb7c8ced,0f02ed56-45bf-4617-ae8e-82fa1821bf61,DASHER_01736,2024-05-09 18:24:00,2024-05-09,2024-05-01,2024,18,Thursday,33,10.0,-23.0,True,42.87,4.33,delivered,True
25b9f398-d63b-44fa-a397-9e1b1690514a,aa743637-010b-4033-9774-3e2e956bf8b5,DASHER_00671,2023-06-16 15:29:00,2023-06-16,2023-06-01,2023,15,Friday,18,29.0,11.0,False,19.89,1.8,delivered,True
51a67bb7-980e-407f-bbd1-f8a7d13a61a1,cffe33bf-1698-4197-bdca-f40770074e4b,DASHER_02564,2023-11-24 04:48:00,2023-11-24,2023-11-01,2023,4,Friday,37,38.0,1.0,True,48.05,7.84,delivered,True
24b3ec80-63a7-45a6-89b9-e4ee814803bb,610b9511-169a-482d-b6c7-868749a8dc02,DASHER_00363,2024-04-17 19:45:00,2024-04-17,2024-04-01,2024,19,Wednesday,37,35.0,-2.0,True,55.68,1.85,delivered,True
e8f45e6d-041b-4d25-9233-55340de603ca,353679c0-b6cf-4b88-8a6c-939619a08447,DASHER_03285,2024-12-03 18:13:00,2024-12-03,2024-12-01,2024,18,Tuesday,38,39.0,1.0,True,36.28,1.0,delivered,True
d3b7ec4e-1f53-446e-a4f8-0bf1283d3eeb,6c5da0ab-aed4-4d3b-b115-28663e5752a7,DASHER_02774,2023-04-03 17:20:00,2023-04-03,2023-04-01,2023,17,Monday,34,,,,32.3,6.52,cancelled,True
5261fddd-a5dc-4907-b480-8a286fd56361,f1da8164-8760-47a9-8111-bcf1ee606ba3,DASHER_02898,2022-01-24 07:56:00,2022-01-24,2022-01-01,2022,7,Monday,26,29.0,3.0,True,24.74,6.98,delivered,True
2a39934a-5f6b-469d-94d8-8f3955130853,a1adf48d-e0a0-4e19-90b8-607a4613fdc2,DASHER_00742,2022-07-13 22:05:00,2022-07-13,2022-07-01,2022,22,Wednesday,43,35.0,-8.0,True,11.73,6.39,delivered,True
5abd2510-ce71-42e1-b262-fe5e6ee375a6,4714970f-431b-41a5-b9bc-8977edb59903,DASHER_02752,2022-08-26 09:25:00,2022-08-26,2022-08-01,2022,9,Friday,28,,,,11.43,1.84,cancelled,True
b5475b4a-1ffe-465a-be72-c9a2cd2b4e92,2bd1c419-623d-4538-a0b6-8dd2eeee934b,DASHER_04360,2022-07-14 19:47:00,2022-07-14,2022-07-01,2022,19,Thursday,37,30.0,-7.0,True,12.12,6.55,delivered,True
5144f0f7-5ec4-48de-9e35-6bfedc302a97,99bc29c5-806a-43ff-b5ce-f3927cfe0e08,DASHER_04894,2024-10-05 06:00:00,2024-10-05,2024-10-01,2024,6,Saturday,38,22.0,-16.0,True,23.64,6.94,delivered,True
72520f31-f20f-45be-b77e-76b004ce027f,329e7064-8b48-4885-b9d6-112afac7b55c,DASHER_02995,2022-11-30 20:54:00,2022-11-30,2022-11-01,2022,20,Wednesday,23,17.0,-6.0,True,61.88,5.9,delivered,True
14df6864-480e-4527-b642-bf94abbcd985,5c778682-ae3b-4d73-b291-5ffb80e919d4,DASHER_02289,2024-05-15 07:37:00,2024-05-15,2024-05-01,2024,7,Wednesday,36,40.0,4.0,True,55.47,5.03,delivered,True
552fc66c-8a51-407b-98dd-df393da740d3,a3baa31c-5934-4dd8-bcd0-e74e2ac063c3,DASHER_00338,2022-12-01 22:02:00,2022-12-01,2022-12-01,2022,22,Thursday,17,10.0,-10.0,True,10.33,6.78,delivered,True
da19077c-167c-4cad-872d-8e6b7f52e229,455d213c-54a2-4739-92a9-96d4c7643fe1,DASHER_02857,2024-09-05 21:04:00,2024-09-05,2024-09-01,2024,21,Thursday,18,30.0,12.0,False,21.84,3.69,delivered,True
2cd3f873-9839-4ce9-9561-719b44effd65,74e436ee-3905-4fbf-8069-1ccf413759b4,DASHER_01485,2024-07-08 11:00:00,2024-07-08,2024-07-01,2024,11,Monday,32,35.0,3.0,True,50.4,6.17,delivered,True
5305fb30-be24-432c-894e-398f5e916b07,72b147fc-ac91-492e-a893-ef12effe3fb6,DASHER_00601,2022-03-09 18:58:00,2022-03-09,2022-03-01,2022,18,Wednesday,27,38.0,11.0,False,33.94,4.0,delivered,True
dd703d56-4bc3-42eb-8c90-c81576352fe1,2c2f6ec2-2155-443b-abc4-0ef3d003f4ed,DASHER_00519,2024-10-01 19:10:00,2024-10-01,2024-10-01,2024,19,Tuesday,42,51.0,9.0,False,8.0,5.66,delivered,True
15ed3b29-60ef-4615-b800-9e144c189f68,1192a2f7-1d33-43dd-9ab4-ba2ae4684056,DASHER_04986,2022-09-27 21:45:00,2022-09-27,2022-09-01,2022,21,Tuesday,30,25.0,-5.0,True,19.93,7.47,delivered,True
b11f5387-abed-4bb0-a8b5-2653b61c097e,d9890ea1-fe6c-4e8b-99e7-0d4da31c948a,DASHER_04757,2023-02-05 05:20:00,2023-02-05,2023-02-01,2023,5,Sunday,24,43.0,19.0,False,27.01,3.99,delivered,True
05ed2399-abdd-4ab9-8fb0-0ec62883a39d,43966979-b6ad-45d5-b8a6-410202070bec,DASHER_04136,2022-11-05 10:50:00,2022-11-05,2022-11-01,2022,10,Saturday,30,27.0,-3.0,True,50.1,5.9,delivered,True
498e3df4-4596-4bbf-9632-9021cd08632c,5317d8c8-53d0-4405-b376-dfe0d224f6b9,DASHER_03314,2022-08-04 21:56:00,2022-08-04,2022-08-01,2022,21,Thursday,28,23.0,-5.0,True,31.52,3.01,delivered,True
4727274b-234d-4b31-a832-f86ec747a4d9,a50d316a-1f4c-4afb-90f6-620f326e1e24,DASHER_03458,2022-03-05 13:05:00,2022-03-05,2022-03-01,2022,13,Saturday,33,51.0,18.0,False,38.5,1.03,delivered,True
a622d3af-7194-4864-850d-5508ddb17a87,455969b1-2c40-40b5-8bc4-f678997233c2,DASHER_00109,2022-09-08 14:17:00,2022-09-08,2022-09-01,2022,14,Thursday,38,10.0,-28.0,True,28.0,6.64,delivered,True
b1cf32f0-31b2-4151-a3ef-9c755a42ebdf,a00c77b0-25a9-4d88-ba62-17f18d8774a4,DASHER_00312,2022-03-29 21:44:00,2022-03-29,2022-03-01,2022,21,Tuesday,48,62.0,14.0,False,37.9,6.62,delivered,True
714bc2e6-348b-4034-8f7f-58294b938ba4,e809694a-afdd-4625-bbb0-7d039c70b94f,DASHER_03309,2023-04-29 11:36:00,2023-04-29,2023-04-01,2023,11,Saturday,32,40.0,8.0,False,51.09,6.94,delivered,True
8596e6e5-d53d-4e8e-99b7-17aaeff97507,a6c321e6-6af2-431d-960a-89b09dc596c5,DASHER_03741,2023-11-12 20:58:00,2023-11-12,2023-11-01,2023,20,Sunday,35,23.0,-12.0,True,28.35,2.83,delivered,True
4143097a-8448-48a6-bd2f-6d4308bf81c5,36d9ce30-dda7-4133-b3fa-cf7f4d8b3e74,DASHER_02853,2024-03-26 15:35:00,2024-03-26,2024-03-01,2024,15,Tuesday,37,53.0,16.0,False,24.61,2.8,delivered,True
125c5f39-1ac2-4b6a-a6b2-f9a1047ed283,208263ca-559a-47b8-8c41-c91c311739c6,DASHER_03721,2023-07-16 06:09:00,2023-07-16,2023-07-01,2023,6,Sunday,33,25.0,-8.0,True,9.58,7.5,delivered,True
df3a3fe6-086c-4489-8b89-cf57a79e076a,1d1688e0-de22-483b-aaf1-c0268cb69643,DASHER_02356,2024-06-26 21:11:00,2024-06-26,2024-06-01,2024,21,Wednesday,32,39.0,7.0,False,8.0,5.22,delivered,True
477be3b4-67c0-4946-9e9f-1b84d868a567,232c4e8d-0357-4e57-9f22-e3789de7c63b,DASHER_04296,2023-12-09 09:06:00,2023-12-09,2023-12-01,2023,9,Saturday,38,20.0,-18.0,True,47.24,7.85,delivered,True
e49e2a7a-91b8-4262-9b47-765639d45f04,c013315b-5dbe-4159-85f6-96a0bf6d3a3f,DASHER_00117,2024-03-31 08:18:00,2024-03-31,2024-03-01,2024,8,Sunday,31,21.0,-10.0,True,45.85,5.79,delivered,True
cab4f368-5e29-4599-a45e-dd0570f6676d,972ebcaa-5c70-4b26-abd1-322b9da293e6,DASHER_01123,2022-09-23 18:28:00,2022-09-23,2022-09-01,2022,18,Friday,45,49.0,4.0,True,26.83,6.37,delivered,True
8036a345-395e-4d73-bd1b-dcf099cccb1e,ae7d5da4-5059-4759-9e69-433f1de9ba98,DASHER_03276,2024-03-28 15:49:00,2024-03-28,2024-03-01,2024,15,Thursday,38,53.0,15.0,False,42.85,5.41,delivered,True
3c8d0d21-9aed-44fd-a012-7db7614a60da,fe2a4fb5-d947-46d0-8ad1-3337a6b03e9c,DASHER_04022,2024-04-25 16:02:00,2024-04-25,2024-04-01,2024,16,Thursday,27,35.0,8.0,False,38.68,6.74,delivered,True
7c68cbbc-1b10-41f4-ba77-2a884295369e,6f496bd3-c18b-494e-a328-d82855e1e291,DASHER_01689,2023-08-28 04:04:00,2023-08-28,2023-08-01,2023,4,Monday,46,33.0,-13.0,True,58.73,3.25,delivered,True
9e08c84c-a324-4e41-9c89-eb74925d956c,8c0e0dbc-73b6-4b90-8c72-cbaab8192c55,DASHER_00277,2023-07-15 09:12:00,2023-07-15,2023-07-01,2023,9,Saturday,44,39.0,-5.0,True,40.07,0.99,delivered,True
4f62c9e2-b2c9-4712-8dd1-66b6070fdf93,32cea1a5-5839-46e8-a7c5-a6b5400897cb,DASHER_03707,2023-10-20 20:33:00,2023-10-20,2023-10-01,2023,20,Friday,38,30.0,-8.0,True,34.57,6.93,delivered,True
79805284-46fc-475b-a742-4351329e6456,a783a6b1-750c-4453-bd7e-b4e02f622d85,DASHER_01631,2023-11-27 20:00:00,2023-11-27,2023-11-01,2023,20,Monday,41,23.0,-18.0,True,8.0,6.36,delivered,True
8d029be9-a9c1-4842-adcd-f6f9091f499b,49de81c9-db46-4023-b9b3-95bc33ac3880,DASHER_01883,2023-01-21 19:32:00,2023-01-21,2023-01-01,2023,19,Saturday,32,,,,26.47,2.04,cancelled,True
da0d3a93-848f-41f8-a34e-d6e23de4cc6a,4b6ff088-0d1b-42b7-9955-1b9401cc3717,DASHER_02114,2022-09-11 00:05:00,2022-09-11,2022-09-01,2022,0,Sunday,39,59.0,20.0,False,8.0,7.21,delivered,True
d2c7c72c-e927-4d93-a9cc-de285d26664d,b7d30ad8-04a0-4b83-b31c-9f48a1c1086b,DASHER_02302,2023-04-09 19:50:00,2023-04-09,2023-04-01,2023,19,Sunday,41,17.0,-24.0,True,46.13,4.76,delivered,True
dfb55024-25bc-4ab6-a8dc-a74ccf7f5c4c,037471d3-f709-4a65-8a32-25594bba08fa,DASHER_03814,2024-09-21 17:16:00,2024-09-21,2024-09-01,2024,17,Saturday,23,16.0,-7.0,True,8.0,7.12,delivered,True
3bdd3d2a-4f52-431c-b9d9-329421f9f1a2,8020a8a6-92eb-42f5-b727-a8959fc58470,DASHER_00791,2024-09-13 18:34:00,2024-09-13,2024-09-01,2024,18,Friday,44,63.0,19.0,False,42.74,4.71,delivered,True
30bf77df-3eba-48ce-9da9-211dcf2b9f5e,2f817f00-6f17-4007-9a83-6f408dde3733,DASHER_04235,2023-04-13 07:31:00,2023-04-13,2023-04-01,2023,7,Thursday,31,20.0,-11.0,True,15.0,1.56,delivered,True
964c231b-606d-4ea7-bf60-eaf12416072f,b2a3fb35-8cdf-435b-99a2-6092e4fa4d4b,DASHER_01332,2022-08-12 19:02:00,2022-08-12,2022-08-01,2022,19,Friday,38,24.0,-14.0,True,42.08,4.23,delivered,True
d087ef90-d08c-4b3c-879c-83d690fc6e3b,4a777441-342a-4d58-871c-e1e13d83f2b8,DASHER_02841,2024-06-10 20:43:00,2024-06-10,2024-06-01,2024,20,Monday,33,26.0,-7.0,True,43.93,7.06,delivered,True
170fa9cd-4d36-4a60-a2e9-f1f25725432f,5d846ec2-9a70-4311-9a25-6cc976593af0,DASHER_04046,2024-05-04 10:44:00,2024-05-04,2024-05-01,2024,10,Saturday,31,44.0,13.0,False,32.32,3.17,delivered,True
bb302dfd-5d69-4c7d-b2ed-8d2f0da0e399,edf19b2a-4c60-445c-9f87-214b85a41e4b,DASHER_04312,2023-01-16 08:20:00,2023-01-16,2023-01-01,2023,8,Monday,30,31.0,1.0,True,35.65,5.75,delivered,True
229fed14-4be2-4bf3-a9ee-9c832e1a259b,92cbbc27-8f71-417e-acb8-5c31fdc4811f,DASHER_04538,2023-01-18 17:21:00,2023-01-18,2023-01-01,2023,17,Wednesday,40,42.0,2.0,True,27.67,7.73,delivered,True
6fcc1b96-dfd2-4759-8296-74f912a262cc,7ed00303-65f7-4822-8bb3-ea20a7c9f7c2,DASHER_00362,2022-11-22 00:16:00,2022-11-22,2022-11-01,2022,0,Tuesday,29,17.0,-12.0,True,34.61,4.72,delivered,True
e42ead28-59cd-4bbc-8c1f-1e13090f9a5e,f1a5c50f-a907-46bf-9c6d-df9a36e6ccbb,DASHER_01059,2024-10-11 12:45:00,2024-10-11,2024-10-01,2024,12,Friday,31,18.0,-13.0,True,44.44,2.44,delivered,True
c1ef05c3-fdc8-4a02-82b9-24421e3f6388,d3c2a1c5-fd88-4c8f-94a0-d9a98010e013,DASHER_01116,2023-03-17 19:24:00,2023-03-17,2023-03-01,2023,19,Friday,38,23.0,-15.0,True,21.53,3.76,delivered,True
20354920-55b0-44d7-a11a-f5a36b9672fd,6e2518b1-a6a5-4eb5-aa21-6623cec2a451,DASHER_02104,2022-07-15 19:02:00,2022-07-15,2022-07-01,2022,19,Friday,28,29.0,1.0,True,31.44,1.02,delivered,True
c519b8dc-3e09-4fc8-b08f-ff83984d4a44,db7f1a46-58b9-4624-bc5a-5cc4877ee3a1,DASHER_04894,2022-09-07 01:24:00,2022-09-07,2022-09-01,2022,1,Wednesday,28,51.0,23.0,False,45.12,3.66,delivered,True
e3fbf328-c6dd-40b9-b29d-e67f33ec2eec,89c88845-6272-4757-9767-7fe270d2ae0d,DASHER_03922,2023-09-19 13:29:00,2023-09-19,2023-09-01,2023,13,Tuesday,27,52.0,25.0,False,34.8,6.95,delivered,True
b7a1fe77-cbc7-4bb6-9491-dbf25f51ff83,0ec3c97b-00c3-4088-940b-b62867d30833,DASHER_03540,2023-04-10 10:15:00,2023-04-10,2023-04-01,2023,10,Monday,37,52.0,15.0,False,11.36,6.88,delivered,True
e2295130-eda4-4ef6-9b4b-b3bbe06a83bc,2577a528-d2c0-4059-bd47-24a83408c04a,DASHER_01853,2024-08-15 02:01:00,2024-08-15,2024-08-01,2024,2,Thursday,35,16.0,-19.0,True,22.9,4.46,delivered,True
ed66fd6d-c87c-4dcd-bbb8-0b9ebd8b2f56,aa519685-21e4-41ae-a6d6-612cbf683b76,DASHER_00756,2023-12-30 20:45:00,2023-12-30,2023-12-01,2023,20,Saturday,45,42.0,-3.0,True,31.43,6.86,delivered,True
6e398c93-f625-46cd-8e5d-aa1be6477c22,a49528a7-612d-4dee-abde-5874cf249631,DASHER_00947,2024-09-02 17:03:00,2024-09-02,2024-09-01,2024,17,Monday,60,48.0,-12.0,True,15.11,4.48,delivered,True
81f558c9-c3ba-48ca-80f2-d831066857e1,ad721e79-2536-4bd0-864b-ed435d81c8b7,DASHER_02363,2023-06-07 10:27:00,2023-06-07,2023-06-01,2023,10,Wednesday,42,50.0,8.0,False,27.02,5.07,delivered,True
4c37889e-db2d-4d27-9360-d203ab222a3b,0886f332-97bd-48a7-82b2-a51d36b96a6c,DASHER_04932,2022-04-03 22:13:00,2022-04-03,2022-04-01,2022,22,Sunday,36,42.0,6.0,False,20.19,7.5,delivered,True
6cd30f45-dee3-4d6e-a403-96582db74308,97b5bf89-8555-41e4-8dc7-c4c213989f3a,DASHER_04303,2024-06-18 01:28:00,2024-06-18,2024-06-01,2024,1,Tuesday,44,45.0,1.0,True,35.73,2.52,delivered,True
3eb5d4e3-53cb-495e-89d5-fa3f39c8ae65,fc4fcbc8-e42f-4c5b-87e1-4ac14d86a4a5,DASHER_03760,2024-03-22 17:19:00,2024-03-22,2024-03-01,2024,17,Friday,22,26.0,4.0,True,43.63,3.87,delivered,True
d4f9e03c-b271-4187-b394-60959a3a9e40,d12306f1-094a-46f5-9d6c-c440ffab1f29,DASHER_01327,2023-12-25 14:00:00,2023-12-25,2023-12-01,2023,14,Monday,35,29.0,-6.0,True,14.03,6.97,delivered,True
17726f8c-986a-4225-a2fd-084d249fe6bd,70dc4f52-a00b-4863-90d5-181b76f7f68a,DASHER_01741,2022-11-13 08:11:00,2022-11-13,2022-11-01,2022,8,Sunday,37,21.0,-16.0,True,39.7,7.05,delivered,True
b9d934a3-ca61-495e-909e-83b9a62f9fbf,4b8d4948-c14d-4911-be86-42b214d345d5,DASHER_01765,2022-12-04 16:50:00,2022-12-04,2022-12-01,2022,16,Sunday,27,27.0,0.0,True,44.62,5.18,delivered,True
56891509-2389-4fe0-b343-fe5d0ce65d00,694469d4-76ee-490b-9786-4cce70a9d388,DASHER_03529,2023-02-09 21:58:00,2023-02-09,2023-02-01,2023,21,Thursday,30,49.0,19.0,False,8.5,1.25,delivered,True
a0889508-4ed8-4da5-8af9-d183596b4606,971fa6de-021c-4ea6-8114-b6c00ffcc8a1,DASHER_00774,2024-04-03 14:25:00,2024-04-03,2024-04-01,2024,14,Wednesday,29,38.0,9.0,False,30.93,2.26,delivered,True
95baebcb-b81f-4034-b4f4-33063551f415,5b77a2e2-7eaa-45b0-b049-a0b1c4755312,DASHER_04737,2023-06-01 19:16:00,2023-06-01,2023-06-01,2023,19,Thursday,37,47.0,10.0,False,42.42,1.78,delivered,True
d8a6ac5e-dd3b-45f0-acc1-f65a0582c379,992c70c2-77e2-43b7-ba41-6785277c860e,DASHER_01485,2024-12-02 19:55:00,2024-12-02,2024-12-01,2024,19,Monday,27,30.0,3.0,True,15.18,1.82,delivered,True
a3ab8a6f-dd35-423f-b2ae-8231b9cdb6f4,4ab75392-4df5-4319-9697-4e9dd70d7d87,DASHER_02514,2024-03-07 20:29:00,2024-03-07,2024-03-01,2024,20,Thursday,31,30.0,-1.0,True,8.0,2.57,delivered,True
54011b6e-a8e5-4b98-ae67-690526c477d2,8e7e3077-a2f9-4fb5-8ad6-309d993d9fcd,DASHER_02864,2024-02-10 11:33:00,2024-02-10,2024-02-01,2024,11,Saturday,30,45.0,15.0,False,41.37,7.47,delivered,True
22d9874a-4eed-4f14-b19d-0b3d8f8f9fdb,82473a88-2bff-46ca-8caa-b0171d772a5c,DASHER_01616,2024-02-02 18:16:00,2024-02-02,2024-02-01,2024,18,Friday,40,54.0,14.0,False,37.53,6.96,delivered,True
f3e672ab-9e30-4ec6-a6b9-665688225174,39dbf42d-5be8-41ad-b8b7-768972c49056,DASHER_03503,2023-02-01 21:25:00,2023-02-01,2023-02-01,2023,21,Wednesday,32,25.0,-7.0,True,43.54,4.63,delivered,True
be12fbca-eafd-4a99-8d74-c211f964e973,d10cd1f8-aded-4019-b136-7d7fe8aaf343,DASHER_02528,2024-09-02 16:36:00,2024-09-02,2024-09-01,2024,16,Monday,38,58.0,20.0,False,38.29,5.16,delivered,True
430dc094-7ad6-49ff-95a6-d7daaca9d3b0,bbf2eff2-b25a-4e86-8cf8-d9d5f33534b7,DASHER_02439,2023-12-10 10:52:00,2023-12-10,2023-12-01,2023,10,Sunday,38,40.0,2.0,True,28.42,2.24,delivered,True
3f5295e1-03d4-457f-973d-9d1ececdbcb9,4aa0fdac-e877-45b0-9d1b-4f398716e381,DASHER_03326,2024-10-03 21:12:00,2024-10-03,2024-10-01,2024,21,Thursday,38,53.0,15.0,False,51.06,1.22,delivered,True
96ae06e2-fecd-4419-8da4-4798fe4c2834,38f480f9-543e-4094-b660-3ad272866273,DASHER_02318,2022-06-03 07:39:00,2022-06-03,2022-06-01,2022,7,Friday,45,53.0,8.0,False,36.47,2.27,delivered,True
66e8f4b8-cea9-4257-9b5e-a0f1a4a3a45c,98a248b0-a39d-4ca9-9bac-f0d321f78b27,DASHER_04945,2023-02-12 14:16:00,2023-02-12,2023-02-01,2023,14,Sunday,30,30.0,0.0,True,29.57,6.07,delivered,True
08719b63-9c3f-4609-8286-9946f199bd80,352a8931-cee8-43b6-bfa5-f4ad5c9bfb69,DASHER_03770,2024-03-17 07:59:00,2024-03-17,2024-03-01,2024,7,Sunday,35,19.0,-16.0,True,46.92,5.92,delivered,True
bfe811f5-9c45-473f-a58d-0943853a3ba3,13052c96-f2f8-4405-b922-32a050f2174b,DASHER_02806,2022-02-07 12:40:00,2022-02-07,2022-02-01,2022,12,Monday,46,44.0,-2.0,True,45.57,4.7,delivered,True
1357a587-0da6-44fb-9997-cd20d9dbce7b,972ebcaa-5c70-4b26-abd1-322b9da293e6,DASHER_03703,2022-02-24 14:39:00,2022-02-24,2022-02-01,2022,14,Thursday,33,43.0,10.0,False,22.97,2.26,delivered,True
fa9d4fc3-fcaf-4df2-8309-4036e08a9471,2bb317e7-e091-4fe6-be2d-9fdb45841469,DASHER_01484,2022-03-16 18:25:00,2022-03-16,2022-03-01,2022,18,Wednesday,45,59.0,14.0,False,18.77,2.2,delivered,True
385d21f2-475a-473e-9718-bd3d579074e4,e85c5921-e799-441c-b48b-9fc3aac2cea7,DASHER_02974,2024-01-16 16:24:00,2024-01-16,2024-01-01,2024,16,Tuesday,37,26.0,-11.0,True,21.85,5.33,delivered,True
0b0d569e-2d3b-49e1-ae7b-065947725838,882cf720-a755-4c50-89e4-94debbf8c49e,DASHER_01601,2024-08-18 07:54:00,2024-08-18,2024-08-01,2024,7,Sunday,35,24.0,-11.0,True,45.43,4.26,delivered,True
1178a791-5f50-45d7-b933-63ef6ca7fee3,db2bd29f-69b0-4992-adaf-cd163319a3fd,DASHER_04088,2022-08-31 08:21:00,2022-08-31,2022-08-01,2022,8,Wednesday,48,43.0,-5.0,True,47.95,2.43,delivered,True
28b709d5-2d6e-4cc7-949d-5738963ce102,8b8f0d21-e43f-4f07-ad76-25d9ced2704a,DASHER_02787,2023-01-10 19:54:00,2023-01-10,2023-01-01,2023,19,Tuesday,22,33.0,11.0,False,12.7,4.74,delivered,True
dc3f0a14-ba38-4f56-a8e1-cc3e549f9db1,d3b4d713-fe6a-42d2-acd3-6c5f9e2898fb,DASHER_01642,2024-05-10 20:02:00,2024-05-10,2024-05-01,2024,20,Friday,40,53.0,13.0,False,20.5,7.58,delivered,True
eff47207-d83b-46c1-94ed-d7ea546788df,947d1fbf-4040-4e37-9228-884e2c9e3b4e,DASHER_01741,2024-10-22 13:30:00,2024-10-22,2024-10-01,2024,13,Tuesday,44,28.0,-16.0,True,60.16,7.94,delivered,True
4ffc853f-86ee-456f-a50e-6af9d795a9e2,4aa0fdac-e877-45b0-9d1b-4f398716e381,DASHER_03240,2024-04-21 11:56:00,2024-04-21,2024-04-01,2024,11,Sunday,29,22.0,-7.0,True,28.72,6.87,delivered,True
cff32556-2dd7-4463-a39e-460895db237c,5dcc6439-cd1c-401f-9974-86f991d72621,DASHER_02161,2024-05-18 21:48:00,2024-05-18,2024-05-01,2024,21,Saturday,42,31.0,-11.0,True,26.83,5.58,delivered,True
97873bba-7e3f-4244-8cd2-ceb081519c7e,43b9b9bd-5ee1-416b-8d9f-041d4e762f71,DASHER_00641,2024-03-04 14:16:00,2024-03-04,2024-03-01,2024,14,Monday,25,32.0,7.0,False,9.24,3.43,delivered,True
3a85636d-72ca-455c-b616-f754bfb5807a,ac1068c0-1db2-4a25-9f08-90c6f0bd239f,DASHER_01062,2023-05-04 11:28:00,2023-05-04,2023-05-01,2023,11,Thursday,48,35.0,-13.0,True,27.98,2.68,delivered,True
6e2304a5-1a73-4975-a57c-1e47a47c9a31,ace9f434-cac5-4812-bfd9-871c0b363a0b,DASHER_04294,2024-10-11 09:41:00,2024-10-11,2024-10-01,2024,9,Friday,48,67.0,19.0,False,29.34,5.27,delivered,True
3293251c-d21a-4ee9-83db-5c1f258a4f1e,f1a51841-7cc3-4c64-9822-d0a766056c84,DASHER_02862,2023-10-07 21:41:00,2023-10-07,2023-10-01,2023,21,Saturday,29,,,,22.92,1.22,cancelled,True
9607fd01-b3c9-42e1-ba53-53525f50081f,de2c4569-ce76-4df1-9bd9-964a391eb4ed,DASHER_03300,2024-09-14 17:23:00,2024-09-14,2024-09-01,2024,17,Saturday,50,51.0,1.0,True,38.88,5.05,delivered,True
2bc38348-4e8f-472e-be32-a133a69595b7,2954edfc-6aee-4abc-98c8-6cb2420518ba,DASHER_04299,2023-01-18 19:07:00,2023-01-18,2023-01-01,2023,19,Wednesday,35,51.0,16.0,False,60.9,6.67,delivered,True
c0a1bf4b-2c75-4ba9-8f0f-3dec1110ac03,04924ee9-98ef-490d-b1b8-1ae831810d23,DASHER_02881,2022-03-01 16:29:00,2022-03-01,2022-03-01,2022,16,Tuesday,39,47.0,8.0,False,66.49,1.0,delivered,True
c9575d58-fb4a-4391-88a5-55d5a33f4b34,30f3a3f7-1581-49a0-83e0-fb407e37f8b7,DASHER_00375,2024-03-02 10:51:00,2024-03-02,2024-03-01,2024,10,Saturday,41,,,,38.43,3.84,cancelled,True
1fc74f6c-9ea3-470e-99f1-5e6e8190fe70,fc0bf660-1263-415b-8c01-4eec481ceb16,DASHER_02386,2024-11-23 10:34:00,2024-11-23,2024-11-01,2024,10,Saturday,19,10.0,-15.0,True,34.39,7.46,delivered,True
f3f97e08-904e-4ac7-adbb-ac0622ed29a0,be1bc014-a840-4f30-a48a-ffd420c9c627,DASHER_03228,2024-08-14 11:27:00,2024-08-14,2024-08-01,2024,11,Wednesday,32,66.0,34.0,False,44.77,2.72,delivered,True
64b77c5a-0490-403c-98bc-ee661a7b04ab,ff226a5c-fa4e-4f86-8536-492a96c1870f,DASHER_02749,2022-10-07 21:12:00,2022-10-07,2022-10-01,2022,21,Friday,25,31.0,6.0,False,10.98,5.15,delivered,True
c2cd6ef3-df46-4880-a138-3c095f222c03,1e1ef32b-759a-4e9a-affc-86b714303d5d,DASHER_00727,2022-04-20 19:48:00,2022-04-20,2022-04-01,2022,19,Wednesday,21,11.0,-10.0,True,49.42,4.04,delivered,True
d8eec5b7-fa0f-4f56-8858-246c451d76ba,325576ff-122f-48d6-9162-5ffa7d9c943a,DASHER_04241,2024-09-16 20:07:00,2024-09-16,2024-09-01,2024,20,Monday,36,30.0,-6.0,True,10.11,2.83,delivered,True
4eed5cf2-4cb8-449f-bbce-fb7695e2159c,f4a76288-da53-439e-aa64-d1e98a00e26c,DASHER_00177,2024-08-03 16:40:00,2024-08-03,2024-08-01,2024,16,Saturday,25,27.0,2.0,True,17.98,2.49,delivered,True
f7bf24ac-f3aa-407d-b8e3-4d98bce43482,cb0eb21c-b9c4-4235-9370-77861005de7b,DASHER_01723,2023-10-21 15:41:00,2023-10-21,2023-10-01,2023,15,Saturday,37,25.0,-12.0,True,45.48,6.98,delivered,True
478edf8b-5995-44e5-b772-ed5039deeb91,8a80de20-3565-4768-b4a2-6d164e685ea7,DASHER_03357,2022-02-16 22:58:00,2022-02-16,2022-02-01,2022,22,Wednesday,27,43.0,16.0,False,53.36,1.19,delivered,True
006da27a-7131-4829-951c-affb5b84dca6,b3521046-c57d-4dae-95c2-e9144041ab52,DASHER_04438,2024-04-06 21:30:00,2024-04-06,2024-04-01,2024,21,Saturday,37,27.0,-10.0,True,50.26,5.75,delivered,True
27cabe09-7ae4-46d4-9790-0a27f9d9c3b7,5ef3ae86-fb41-4e68-a639-ff743f58be16,DASHER_01789,2022-09-03 22:38:00,2022-09-03,2022-09-01,2022,22,Saturday,41,63.0,22.0,False,21.41,4.43,delivered,True
c916d0c3-a09e-4c96-a819-8d3e16245138,c83909e6-fc43-491d-837a-d2957605ee94,DASHER_01696,2023-06-04 13:41:00,2023-06-04,2023-06-01,2023,13,Sunday,33,10.0,-26.0,True,8.02,7.35,delivered,True
c035f98d-ac57-4fdc-b40b-e06fff2b092e,9d11ebd1-c487-4786-b35c-fa54ba280537,DASHER_00095,2023-05-24 16:59:00,2023-05-24,2023-05-01,2023,16,Wednesday,33,33.0,0.0,True,22.96,1.3,delivered,True
d97c2988-8a02-4edf-97fb-48a107d0d319,d2404a7c-420d-48ea-bbec-bf44d8a6fb5d,DASHER_04062,2024-04-08 21:23:00,2024-04-08,2024-04-01,2024,21,Monday,35,37.0,2.0,True,31.02,1.24,delivered,True
e89786b5-ed0d-449d-9500-3dd499fdcfe5,d56a974c-cbdf-44b3-bea7-98f690cbb753,DASHER_02202,2024-07-20 17:48:00,2024-07-20,2024-07-01,2024,17,Saturday,23,19.0,-4.0,True,18.61,1.06,delivered,True
32d105be-4afe-4690-9abe-06796d0c6947,c74c784b-372e-43fe-b48f-dbf6b396f75b,DASHER_02332,2023-06-05 17:49:00,2023-06-05,2023-06-01,2023,17,Monday,34,30.0,-4.0,True,36.85,5.82,delivered,True
d873d98c-b9a3-42b1-8535-1076f2d22f83,e984c17e-b842-40fd-9b45-2e858639cbb4,DASHER_00081,2022-01-15 21:56:00,2022-01-15,2022-01-01,2022,21,Saturday,34,40.0,6.0,False,39.74,4.87,delivered,True
a73148ea-797d-4df7-bafa-bd52c3a341ed,ec7dadd1-ef65-44d3-a60c-b2d2664b97fb,DASHER_00677,2024-11-02 10:42:00,2024-11-02,2024-11-01,2024,10,Saturday,49,53.0,4.0,True,8.0,3.99,delivered,True
a51cb462-e10f-4f08-a3c5-35c036cdaf1f,d04da35c-7c30-4cb7-8c2f-ea10f1cdadb1,DASHER_00341,2024-11-29 12:39:00,2024-11-29,2024-11-01,2024,12,Friday,28,28.0,0.0,True,8.0,7.3,delivered,True
3da4e75c-2b54-4691-bb22-86acfbc5849d,de2c4569-ce76-4df1-9bd9-964a391eb4ed,DASHER_03569,2023-03-18 02:11:00,2023-03-18,2023-03-01,2023,2,Saturday,31,34.0,3.0,True,27.81,1.03,delivered,True
0bbd99e6-3480-4e48-9b2f-0a9bde29d0ee,f58a448e-e697-4b10-bfee-d4fe4a6fd258,DASHER_01693,2023-12-02 09:39:00,2023-12-02,2023-12-01,2023,9,Saturday,33,31.0,-2.0,True,39.36,7.28,delivered,True
f6ff2fc2-bc51-45d6-9263-6391d194a3ad,b0d9e6a3-fec2-4d19-b119-a681f182e368,DASHER_02014,2024-04-03 14:14:00,2024-04-03,2024-04-01,2024,14,Wednesday,24,40.0,16.0,False,31.21,3.5,delivered,True
1cc0747a-2553-42ee-a547-cc9614206011,f7891691-a053-476b-b33a-28fcc2830410,DASHER_00961,2024-03-29 13:00:00,2024-03-29,2024-03-01,2024,13,Friday,36,36.0,0.0,True,32.45,6.55,delivered,True
7eef4dcb-f95e-4582-ba69-c5f4d3fad5e9,913126a1-03e8-4657-aa9c-838b260d7bad,DASHER_04991,2022-05-04 20:43:00,2022-05-04,2022-05-01,2022,20,Wednesday,28,,,,36.37,3.49,cancelled,True
92161cb3-9ddf-4610-bc96-1d91002d17f2,c5b8ade8-6efe-4695-b6cf-2a8518d0e122,DASHER_04355,2022-07-11 17:58:00,2022-07-11,2022-07-01,2022,17,Monday,34,36.0,2.0,True,31.2,7.97,delivered,True
d344e9db-e86b-4f85-adaf-c6bda0b64b17,c074797c-cc7e-4b94-b73c-56cb6563a0bf,DASHER_00266,2024-02-27 22:08:00,2024-02-27,2024-02-01,2024,22,Tuesday,36,37.0,1.0,True,23.76,4.96,delivered,True
cd361ff7-aac7-4678-ab80-3717a3fa2ef4,72eed0c7-ee34-407a-b310-8a3ec47acf3d,DASHER_04228,2022-04-25 21:22:00,2022-04-25,2022-04-01,2022,21,Monday,33,42.0,9.0,False,12.56,4.39,delivered,True
6fe46b58-beb1-404a-afab-45f0f1a413d8,56878a9f-1465-4cc6-8efd-bdedf4c5b4cf,DASHER_02699,2024-07-04 21:37:00,2024-07-04,2024-07-01,2024,21,Thursday,45,55.0,10.0,False,8.0,5.46,delivered,True
10634178-b295-49f1-a9d0-cafd9a9b9521,27df9f59-ff34-4400-86d8-a118ed563a65,DASHER_01190,2023-11-02 10:53:00,2023-11-02,2023-11-01,2023,10,Thursday,47,61.0,14.0,False,34.65,4.6,delivered,True
b6daa1f1-2d16-43b7-bbe2-5f2fcbb64577,e3cde411-5e84-4a06-a77c-d2940ca49ee0,DASHER_04132,2022-10-10 15:17:00,2022-10-10,2022-10-01,2022,15,Monday,31,40.0,9.0,False,12.51,3.39,delivered,True
ba0c7d6d-5a8c-4d27-af22-0feeb89bf0b3,cc86ffe0-902e-4790-87df-41573291b731,DASHER_00649,2024-01-13 13:29:00,2024-01-13,2024-01-01,2024,13,Saturday,29,10.0,-19.0,True,21.45,1.28,delivered,True
31a763f0-f1f6-49ec-a65d-334a479744b1,5aa180ba-fa96-4ea5-b66a-a5c1a1881e03,DASHER_02689,2022-04-20 22:07:00,2022-04-20,2022-04-01,2022,22,Wednesday,41,24.0,-17.0,True,17.49,6.9,delivered,True
df032a88-65b7-4627-bf7d-890c84e720e3,daffc541-7e3f-4cff-b17f-2da7d6f34a59,DASHER_02409,2023-06-21 20:29:00,2023-06-21,2023-06-01,2023,20,Wednesday,25,36.0,11.0,False,16.33,6.17,delivered,True
ae5c50e0-b759-4fb7-af82-779fcad8b502,41af0b3d-cc13-4170-8677-a9ff4a0b8587,DASHER_02379,2023-10-29 19:32:00,2023-10-29,2023-10-01,2023,19,Sunday,34,19.0,-15.0,True,18.93,1.28,delivered,True
f7c28152-d8d6-4db8-948c-835d4518883f,eb080d94-7489-47cd-95e3-81a740994fee,DASHER_02886,2023-11-12 02:59:00,2023-11-12,2023-11-01,2023,2,Sunday,41,28.0,-13.0,True,8.0,7.53,delivered,True
cf8bb631-6309-4490-96e6-eeb7a7c1f5ee,41af0b3d-cc13-4170-8677-a9ff4a0b8587,DASHER_01098,2024-01-25 21:32:00,2024-01-25,2024-01-01,2024,21,Thursday,26,10.0,-23.0,True,26.49,5.64,delivered,True
362615ff-0936-4d87-ac96-45a813a5995f,16e7545f-2339-4e04-ba96-f94872584363,DASHER_04039,2024-07-03 15:21:00,2024-07-03,2024-07-01,2024,15,Wednesday,30,49.0,19.0,False,25.86,2.25,delivered,True
f77d9fea-223a-4bd9-ad5f-2865d89399e2,af89d1fc-2651-4805-b449-9654f04e2dfa,DASHER_04807,2023-08-05 21:07:00,2023-08-05,2023-08-01,2023,21,Saturday,45,55.0,10.0,False,41.34,6.68,delivered,True
1038d506-ab1c-46ca-b985-b80159091046,e67dd971-4c9b-4e57-a087-bb6900673931,DASHER_02711,2023-05-24 16:30:00,2023-05-24,2023-05-01,2023,16,Wednesday,33,32.0,-1.0,True,44.36,2.98,delivered,True
ab8948e3-f93d-4640-9e50-8bc64416fb53,27b71fd9-28bd-4ceb-ab2b-ec60c3add1e0,DASHER_00864,2023-09-28 17:47:00,2023-09-28,2023-09-01,2023,17,Thursday,28,10.0,-22.0,True,44.58,4.04,delivered,True
2189482b-9c9d-49b3-a110-b721d2d4b14e,adafecd7-8c8d-40a4-8e1e-de69f1956cda,DASHER_01261,2022-09-29 09:36:00,2022-09-29,2022-09-01,2022,9,Thursday,30,40.0,10.0,False,18.91,3.39,delivered,True
52e3a541-bc75-404c-9775-463af640ad4b,6cc9541b-be03-494c-a3a2-2ca8a4e403be,DASHER_00170,2022-03-03 22:49:00,2022-03-03,2022-03-01,2022,22,Thursday,44,32.0,-12.0,True,33.5,3.62,delivered,True
81ff1117-e1e6-464a-83bf-4a54e015930c,ff3f9228-bd89-4d6e-8f00-7793ecfc5f60,DASHER_03254,2022-09-11 20:58:00,2022-09-11,2022-09-01,2022,20,Sunday,35,29.0,-6.0,True,11.15,7.58,delivered,True
c2173777-3d41-40f3-9e8a-7d11b00f1c75,97a955e0-c8cb-4cfd-b07f-a9912ccd0557,DASHER_00404,2024-01-24 22:44:00,2024-01-24,2024-01-01,2024,22,Wednesday,46,40.0,-6.0,True,19.83,1.38,delivered,True
2c0d3df0-57e6-4bea-b3e4-a68eff8ae5d5,cdd715a7-e0b1-4867-ad94-59f94a9ac55b,DASHER_02754,2023-08-03 22:21:00,2023-08-03,2023-08-01,2023,22,Thursday,21,14.0,-7.0,True,39.36,4.04,delivered,True
6e6a571d-9e3a-4d19-ac60-5d01f7613235,0ffbece7-b236-4383-b170-ef0e5fb8b7cc,DASHER_03055,2023-01-19 22:27:00,2023-01-19,2023-01-01,2023,22,Thursday,30,59.0,29.0,False,26.64,6.55,delivered,True
d75e5a86-dfe7-46c7-bd1f-e0a2a6b7c719,3f96a85e-c90c-4670-970a-034799845a21,DASHER_02917,2024-09-17 19:55:00,2024-09-17,2024-09-01,2024,19,Tuesday,35,23.0,-12.0,True,29.19,6.61,delivered,True
b343f130-f360-4771-8f5e-5a4d2e6df774,82310495-df35-4311-9a38-4b263b20a636,DASHER_00727,2022-07-07 02:26:00,2022-07-07,2022-07-01,2022,2,Thursday,28,28.0,0.0,True,23.66,3.58,delivered,True
3e21e461-1c0a-4c5d-ad39-4a02e36d4c07,dbdffc7a-12ce-4d07-bbdd-d212be6cb1ae,DASHER_03742,2023-11-07 19:35:00,2023-11-07,2023-11-01,2023,19,Tuesday,32,38.0,6.0,False,19.26,4.88,delivered,True
2e1b4a3e-83c9-4635-a062-a59b11758666,e54b34c9-9e3e-44d2-b8ee-cb0e9e34de59,DASHER_03442,2022-04-05 20:39:00,2022-04-05,2022-04-01,2022,20,Tuesday,32,29.0,-3.0,True,18.33,1.24,delivered,True
8a9fc027-de6f-4506-b747-e3b2509dc445,c98e2d4e-6ae8-4bd0-92f9-59e7627569b5,DASHER_03019,2024-11-26 23:34:00,2024-11-26,2024-11-01,2024,23,Tuesday,27,41.0,14.0,False,10.88,2.37,delivered,True
6b39a5a0-9626-4864-8bef-f59939e774a2,e67dd971-4c9b-4e57-a087-bb6900673931,DASHER_00397,2022-06-10 07:23:00,2022-06-10,2022-06-01,2022,7,Friday,44,48.0,4.0,True,20.73,1.22,delivered,True
34ef5973-e34f-4441-9f62-553bed09c27e,29f0b988-affb-4093-b54e-172b2cfe1ad8,DASHER_04094,2023-01-24 19:46:00,2023-01-24,2023-01-01,2023,19,Tuesday,35,43.0,8.0,False,20.32,1.01,delivered,True
73645bee-370a-4022-9910-2c1ee0e77868,2200b213-7fc6-43c2-9f91-76746b5da9d4,DASHER_00514,2023-04-29 17:40:00,2023-04-29,2023-04-01,2023,17,Saturday,32,26.0,-6.0,True,31.46,4.91,delivered,True
92157e40-d8a4-4c32-a99a-0ec5febed742,878ba491-1624-47e0-86e9-4a5218748211,DASHER_03376,2023-03-09 17:18:00,2023-03-09,2023-03-01,2023,17,Thursday,43,40.0,-3.0,True,30.79,2.73,delivered,True
96a90f26-6c56-435b-8c61-5829c1f389ad,a95ded1c-ae9c-497b-84c6-1db2ccfd5e5b,DASHER_00759,2023-07-14 21:51:00,2023-07-14,2023-07-01,2023,21,Friday,26,26.0,0.0,True,29.92,2.29,delivered,True
357aec75-ba3e-4eb4-bb9f-f8eecba06d0a,e146995b-fa5c-4338-b38c-43cf9ea70e2b,DASHER_03383,2023-01-17 20:25:00,2023-01-17,2023-01-01,2023,20,Tuesday,26,31.0,5.0,True,18.3,2.79,delivered,True
b92e36e1-95f0-4fa2-ba10-59539d74843b,9cc8add9-ff58-4679-85c2-22952f6415c3,DASHER_01962,2023-02-02 20:48:00,2023-02-02,2023-02-01,2023,20,Thursday,49,56.0,7.0,False,43.67,4.09,delivered,True
a5817b4c-c854-4a73-8f03-7edce87841ba,2577a528-d2c0-4059-bd47-24a83408c04a,DASHER_02233,2023-11-02 17:43:00,2023-11-02,2023-11-01,2023,17,Thursday,31,19.0,-12.0,True,21.45,3.71,delivered,True
c568af92-78c5-4ea8-8af4-22573837668c,0dff6a31-ecbf-4313-bd9a-b656c29d71b6,DASHER_04661,2024-07-02 19:19:00,2024-07-02,2024-07-01,2024,19,Tuesday,31,39.0,8.0,False,23.72,5.31,delivered,True
66aafbb1-63f8-4316-9498-5359a4ffe77f,91db77b1-0bab-456d-a759-f24b7da60d83,DASHER_01181,2023-11-17 10:51:00,2023-11-17,2023-11-01,2023,10,Friday,28,47.0,19.0,False,32.54,7.58,delivered,True
bca53eef-8f34-4eec-8a89-ab22b1120996,0eab7582-b95e-43fb-9f25-12ed9500e955,DASHER_03072,2024-02-15 20:37:00,2024-02-15,2024-02-01,2024,20,Thursday,41,42.0,1.0,True,8.0,2.87,delivered,True
00b87cc9-4b70-4088-947a-7996c1d2ebe0,4e44ed02-497b-4bc6-be88-840a7c6b9ba7,DASHER_04405,2024-03-06 14:42:00,2024-03-06,2024-03-01,2024,14,Wednesday,44,44.0,0.0,True,31.9,6.46,delivered,True
77baed1e-f861-41fa-a5fd-efbf4caed52a,acc1c875-ed80-456b-ae6a-72ea004e1185,DASHER_03143,2022-10-26 10:49:00,2022-10-26,2022-10-01,2022,10,Wednesday,38,19.0,-19.0,True,8.0,4.91,delivered,True
44704675-9bb0-424d-a8ee-afcfd26bf6b4,f30cb14b-c0ba-464c-b244-2ba085abedcf,DASHER_02210,2022-10-09 09:03:00,2022-10-09,2022-10-01,2022,9,Sunday,35,43.0,8.0,False,42.51,5.98,delivered,True
5bb71646-56bd-4fd8-85b0-5612168295cf,6c64d407-4b6a-4e13-9c95-a763ed98b260,DASHER_02676,2023-02-22 17:31:00,2023-02-22,2023-02-01,2023,17,Wednesday,37,53.0,16.0,False,17.17,4.46,delivered,True
d93054c9-1202-492c-a3f0-88429b4f3fb9,379f6bc5-5e9b-4e65-af45-d6afd1cd2b81,DASHER_02666,2023-05-16 05:16:00,2023-05-16,2023-05-01,2023,5,Tuesday,36,26.0,-10.0,True,21.13,3.79,delivered,True
d45de449-1021-4820-8c7a-e04d80c4950b,b16637d0-c409-4283-ad34-78933372ae8a,DASHER_02888,2024-02-01 20:29:00,2024-02-01,2024-02-01,2024,20,Thursday,27,,,,28.21,3.35,cancelled,True
1c8d10f2-ae01-4cdd-ba26-23e6e2f20eba,040bdccd-a690-421b-b4e7-49b3fbec4d8d,DASHER_04928,2022-09-27 22:40:00,2022-09-27,2022-09-01,2022,22,Tuesday,34,17.0,-17.0,True,25.05,7.4,delivered,True
7ce50689-100b-4aa2-a1d1-d62fa5147163,fa25eb9e-7606-4dd5-b696-7ceda8673603,DASHER_02058,2022-12-06 16:23:00,2022-12-06,2022-12-01,2022,16,Tuesday,55,48.0,-7.0,True,34.61,6.59,delivered,True
d0cbfe16-7e95-4568-acec-b29a98e6de61,b82f826d-671d-4b56-b408-334f48d5a906,DASHER_02048,2022-12-30 04:18:00,2022-12-30,2022-12-01,2022,4,Friday,48,75.0,27.0,False,21.89,3.57,delivered,True
8a8cb308-ce70-4e38-9e55-985240849f65,82cdbb86-2d14-40ed-8732-b904105b1f77,DASHER_00177,2022-04-14 10:05:00,2022-04-14,2022-04-01,2022,10,Thursday,36,33.0,-3.0,True,23.63,6.62,delivered,True
6a7f6a70-4651-40fd-a516-8490b8e96104,934291e8-0340-4bac-a267-6a0d1b7afc2e,DASHER_00406,2024-04-17 13:06:00,2024-04-17,2024-04-01,2024,13,Wednesday,35,45.0,10.0,False,8.24,7.91,delivered,True
fcb0ce1f-6f70-4abd-8e05-a50358b28ab0,470fe510-c7ec-4191-b70d-77bbcc89260f,DASHER_03364,2023-01-16 21:45:00,2023-01-16,2023-01-01,2023,21,Monday,31,10.0,-22.0,True,16.92,5.96,delivered,True
a23500df-d9cb-42d1-9970-19390594bb51,f5af287b-b3f0-46ef-ab9a-11ef025dea2d,DASHER_01055,2023-02-24 09:31:00,2023-02-24,2023-02-01,2023,9,Friday,29,13.0,-16.0,True,33.52,1.0,delivered,True
b6e799e9-79ac-48e7-8093-b9f83fe04fc3,23a56620-fc58-4382-94db-59d8ad2d37fb,DASHER_04022,2022-03-25 22:47:00,2022-03-25,2022-03-01,2022,22,Friday,44,49.0,5.0,True,8.79,1.29,delivered,True
0870a9af-0581-46b5-9eca-d393dca8f1b8,694469d4-76ee-490b-9786-4cce70a9d388,DASHER_02420,2024-01-15 09:38:00,2024-01-15,2024-01-01,2024,9,Monday,40,44.0,4.0,True,8.0,3.52,delivered,True
2841ac6f-483b-40f6-8fb0-7c6a0822a504,5aa180ba-fa96-4ea5-b66a-a5c1a1881e03,DASHER_03516,2022-02-12 12:08:00,2022-02-12,2022-02-01,2022,12,Saturday,28,10.0,-18.0,True,32.44,1.66,delivered,True
3bb43439-d048-412d-9d54-cc7a46f36d23,a5a9932e-f5ee-4c1e-b9da-61f6f3cb6378,DASHER_02556,2022-08-20 20:13:00,2022-08-20,2022-08-01,2022,20,Saturday,25,55.0,30.0,False,30.07,4.38,delivered,True
e9cff018-5e34-4a4f-9d8d-25a8a5a68d1f,6a14b9dd-42e6-4dfd-945a-dbb1bd2807d5,DASHER_01146,2024-01-21 08:02:00,2024-01-21,2024-01-01,2024,8,Sunday,34,33.0,-1.0,True,29.47,1.75,delivered,True
f170f18b-b41d-4ba4-a023-bcd4da30924e,75a0f3dd-5d50-403f-a91f-2ef79f8221ab,DASHER_01959,2024-07-22 11:51:00,2024-07-22,2024-07-01,2024,11,Monday,48,40.0,-8.0,True,37.01,2.97,delivered,True
504a3ec1-8a13-4533-a5b9-53d70fb0e29f,a88afc7e-0cac-457d-be98-bdb5474e37a9,DASHER_03368,2022-06-19 18:28:00,2022-06-19,2022-06-01,2022,18,Sunday,34,30.0,-4.0,True,54.86,3.45,delivered,True
8e389eb8-80f1-4a25-af7e-0002e860d2fc,633feed7-1764-4bf8-9842-bd86c4ae51ce,DASHER_04179,2022-03-30 09:12:00,2022-03-30,2022-03-01,2022,9,Wednesday,20,35.0,15.0,False,53.7,2.74,delivered,True
f3b47f60-10ea-4e09-88ec-1e1bb2bae07a,02d589e4-8aa0-4384-abdd-5388842fe1ae,DASHER_01982,2023-10-30 12:09:00,2023-10-30,2023-10-01,2023,12,Monday,36,11.0,-25.0,True,45.46,3.83,delivered,True
ea2185c1-bf8f-4b57-a735-b2b8afacd4f5,73dc46bb-192a-49fb-8db0-c087ba1bc291,DASHER_02918,2024-08-26 20:09:00,2024-08-26,2024-08-01,2024,20,Monday,28,,,,52.31,7.41,cancelled,True
394dba86-94b1-4152-ab95-289517bf5969,49f41eac-97cc-4967-8673-3aa31e2cfc99,DASHER_00581,2024-06-13 17:02:00,2024-06-13,2024-06-01,2024,17,Thursday,26,26.0,0.0,True,29.0,7.79,delivered,True
699af00d-2352-4dce-bc6c-5020aba625ed,466eecc1-077a-47f2-9661-2740f668df4f,DASHER_01476,2022-06-20 19:05:00,2022-06-20,2022-06-01,2022,19,Monday,40,30.0,-10.0,True,42.57,6.56,delivered,True
70711db0-20de-4f25-b701-b39f62b78a5a,2ba2ff21-347b-49bb-b990-6a12a95ec868,DASHER_02309,2023-04-16 20:58:00,2023-04-16,2023-04-01,2023,20,Sunday,33,34.0,1.0,True,49.5,6.13,delivered,True
1c026f72-d7ea-43c4-aa1b-2d1128984431,74e436ee-3905-4fbf-8069-1ccf413759b4,DASHER_03623,2023-10-17 22:55:00,2023-10-17,2023-10-01,2023,22,Tuesday,39,32.0,-7.0,True,20.06,7.01,delivered,True
198a5b69-d348-4838-a850-55deb639089d,0c8ca1c5-7f81-4d41-911c-3d02110a1838,DASHER_04328,2024-12-17 10:09:00,2024-12-17,2024-12-01,2024,10,Tuesday,32,31.0,-1.0,True,43.43,6.48,delivered,True
57884596-02ef-4a68-b0d0-b38ee75d04ba,2f88fc1e-6387-4360-b7f1-3dc02f540d91,DASHER_00530,2023-11-09 19:36:00,2023-11-09,2023-11-01,2023,19,Thursday,47,49.0,2.0,True,22.84,4.52,delivered,True
3440bb9a-aac4-4792-ba7e-88f88071e87b,12f16d9a-5a6a-4fd5-b81a-4e7f8651d940,DASHER_02030,2023-10-10 07:38:00,2023-10-10,2023-10-01,2023,7,Tuesday,41,42.0,1.0,True,40.57,2.56,delivered,True
4458ddd4-e3f6-4efd-8a85-616bfa485ad6,0365a1ea-9ca0-435c-9685-3c96fe5c460d,DASHER_02479,2024-05-03 10:15:00,2024-05-03,2024-05-01,2024,10,Friday,44,44.0,0.0,True,36.6,1.36,delivered,True
bb3daf68-db69-48cb-b823-cfcf0d3a5b21,5406dbde-b7f2-4ccf-b673-37b13d7ca57b,DASHER_01201,2023-08-01 08:49:00,2023-08-01,2023-08-01,2023,8,Tuesday,46,54.0,8.0,False,27.87,1.66,delivered,True
f86fc56e-963a-4626-a8d3-11fa35dfc424,99be4429-9612-441d-b998-b93e31641d9e,DASHER_01389,2024-08-05 01:47:00,2024-08-05,2024-08-01,2024,1,Monday,34,38.0,4.0,True,8.0,6.62,delivered,True
2d3631f5-23db-468c-9743-ebaff7969e85,b8548863-aaf9-4e15-89a2-7f88a0c42b08,DASHER_04416,2023-03-11 22:40:00,2023-03-11,2023-03-01,2023,22,Saturday,31,39.0,8.0,False,8.0,3.61,delivered,True
ab4aaa60-cb1d-419b-991e-be98e563c606,fa0c3273-42e2-48c6-8a26-134d68ef12fc,DASHER_04043,2024-12-19 07:24:00,2024-12-19,2024-12-01,2024,7,Thursday,28,21.0,-7.0,True,39.03,5.82,delivered,True
e742d089-f616-4a8d-8c36-c1340e8e3ad7,026b6737-b3c6-42e1-951e-5e7b13eaeb19,DASHER_04830,2023-05-05 03:44:00,2023-05-05,2023-05-01,2023,3,Friday,33,36.0,3.0,True,30.67,1.58,delivered,True
7f5447d5-3d8a-475c-9abd-63da85f73c77,73eb2659-3e0e-4f8a-828b-87772c5e713f,DASHER_01735,2024-02-15 18:35:00,2024-02-15,2024-02-01,2024,18,Thursday,39,56.0,17.0,False,43.06,5.5,delivered,True
a86346c9-ce1d-414b-970c-fe5c9630a003,b30bcb95-5143-4808-a35b-1c64962a815d,DASHER_02424,2022-02-27 17:45:00,2022-02-27,2022-02-01,2022,17,Sunday,34,41.0,7.0,False,8.0,7.49,delivered,True
8588081f-4343-4ec5-9f78-08195183056b,4312c2ac-889b-41a0-819e-abcab6fe4b8e,DASHER_00175,2023-12-28 20:47:00,2023-12-28,2023-12-01,2023,20,Thursday,32,38.0,6.0,False,13.39,7.92,delivered,True
5837c33c-d4f4-4236-be03-622381f2e1b9,c3d23fe5-7ef2-4c87-97c4-9a849ac6426f,DASHER_02624,2024-01-26 00:16:00,2024-01-26,2024-01-01,2024,0,Friday,21,10.0,-18.0,True,47.5,3.97,delivered,True
28d2c082-2374-471e-a819-5ecf7af04a71,3e2a1b4b-6073-402e-9d5c-cb0f3108b92f,DASHER_03137,2023-01-09 15:37:00,2023-01-09,2023-01-01,2023,15,Monday,32,,,,35.0,1.44,cancelled,True
3609b6d7-a314-4345-9af6-65cc617a57aa,7f61592d-36a4-4712-93f2-2bce3bf58a29,DASHER_01804,2024-06-12 17:55:00,2024-06-12,2024-06-01,2024,17,Wednesday,20,25.0,5.0,True,29.44,4.04,delivered,True
e5a9218e-49b0-4d42-a078-36613a18cbb8,455d213c-54a2-4739-92a9-96d4c7643fe1,DASHER_00550,2022-01-07 18:04:00,2022-01-07,2022-01-01,2022,18,Friday,21,,,,25.8,7.1,cancelled,True
4ee7a3cc-7d32-4c34-b172-4e197352e052,1192a2f7-1d33-43dd-9ab4-ba2ae4684056,DASHER_04291,2022-10-06 16:25:00,2022-10-06,2022-10-01,2022,16,Thursday,32,25.0,-7.0,True,12.59,4.22,delivered,True
4b5de887-d088-4b83-b64d-5258b801c4ff,ce11f7e1-4a73-4bec-9e13-7448aa48bf45,DASHER_03159,2024-10-02 21:50:00,2024-10-02,2024-10-01,2024,21,Wednesday,41,43.0,2.0,True,8.0,1.69,delivered,True
7ed78c20-a068-43e8-9088-9ae0e299d9eb,5107cead-4e26-4481-9b12-ab6082d54ef5,DASHER_00230,2023-11-19 15:41:00,2023-11-19,2023-11-01,2023,15,Sunday,34,36.0,2.0,True,8.41,7.74,delivered,True
4340af66-e441-41e6-998b-fca815f8ecdf,707ea155-8c27-4895-887f-cc2a373d80ab,DASHER_00918,2024-07-09 10:20:00,2024-07-09,2024-07-01,2024,10,Tuesday,42,40.0,-2.0,True,56.11,2.04,delivered,True
3025a91d-78a4-4cbd-9318-3ba5bd9823ba,b007ff0c-84c4-44af-821f-6505a4f3d905,DASHER_04660,2023-12-27 21:57:00,2023-12-27,2023-12-01,2023,21,Wednesday,34,51.0,17.0,False,8.0,7.53,delivered,True
4848ac5d-2fe0-4050-beae-d6565899de87,a5a9932e-f5ee-4c1e-b9da-61f6f3cb6378,DASHER_00399,2024-07-30 20:46:00,2024-07-30,2024-07-01,2024,20,Tuesday,23,20.0,-3.0,True,21.41,4.26,delivered,True
8158ad4c-80cf-4abb-8ec0-410ec2c2588a,2e38ce3c-b0d2-4aff-9fda-d3dbe6660adc,DASHER_00988,2023-06-29 21:46:00,2023-06-29,2023-06-01,2023,21,Thursday,35,19.0,-16.0,True,25.16,4.85,delivered,True
5df85c3e-e40c-46ad-95f6-317d5029be57,45aee23a-43ec-462c-b45f-fe290bccce34,DASHER_03695,2022-08-20 16:31:00,2022-08-20,2022-08-01,2022,16,Saturday,34,47.0,13.0,False,17.16,7.88,delivered,True
38054c7d-0fff-4edb-8789-f9f3b49031c6,dbdffc7a-12ce-4d07-bbdd-d212be6cb1ae,DASHER_04835,2023-11-14 19:19:00,2023-11-14,2023-11-01,2023,19,Tuesday,30,31.0,1.0,True,39.24,4.28,delivered,True
b430dbb2-225c-4860-9147-4980a605c4a2,d59c2271-63c8-4ecf-a41b-6a89abb8c9db,DASHER_03112,2022-09-12 09:09:00,2022-09-12,2022-09-01,2022,9,Monday,37,15.0,-22.0,True,40.8,5.04,delivered,True
407743cc-ec18-4279-a2b3-76ea70db2f92,98a248b0-a39d-4ca9-9bac-f0d321f78b27,DASHER_04712,2022-11-01 14:31:00,2022-11-01,2022-11-01,2022,14,Tuesday,29,32.0,3.0,True,32.69,2.31,delivered,True
ea8fe31e-ebde-4fb8-9d6b-6628dc5e7772,6ad7ce01-4de8-47a6-82b0-f4a8fb6685d7,DASHER_04561,2024-01-27 10:02:00,2024-01-27,2024-01-01,2024,10,Saturday,35,39.0,4.0,True,31.24,3.74,delivered,True
bc6f1670-46e8-47b2-b531-feffc2ddf6c7,babc44ee-4e18-4eac-9192-6f9510d78a41,DASHER_02715,2022-09-29 17:47:00,2022-09-29,2022-09-01,2022,17,Thursday,41,39.0,-2.0,True,11.64,2.24,delivered,True
cd827586-d4ef-48bd-83a1-113f20f22b58,6f16fd46-9bea-4e0a-a565-366b9a4129a1,DASHER_03932,2022-12-18 05:38:00,2022-12-18,2022-12-01,2022,5,Sunday,28,10.0,-18.0,True,21.13,4.9,delivered,True
c83781c7-2c4d-418c-9b49-f9245442177d,f4b54708-3355-473d-9155-a4c44884c383,DASHER_01890,2024-04-05 18:42:00,2024-04-05,2024-04-01,2024,18,Friday,34,26.0,-8.0,True,21.89,4.98,delivered,True
0fadac22-e90c-43dd-8da8-2e17cc6d017e,18674b04-e930-4893-8bc5-99447b17290a,DASHER_03534,2022-12-05 20:08:00,2022-12-05,2022-12-01,2022,20,Monday,32,30.0,-2.0,True,10.64,6.54,delivered,True
690b1960-70eb-441b-8e69-d03ff5ad6fee,e296d202-f022-42b9-988d-360a619d8343,DASHER_00454,2023-07-22 19:51:00,2023-07-22,2023-07-01,2023,19,Saturday,50,56.0,6.0,False,16.45,3.2,delivered,True
85f5ee0d-1390-4567-9f6d-7a739bbacd69,d7a6ac5b-76e7-49a8-8b22-96ecc6d87db8,DASHER_02462,2024-09-14 19:31:00,2024-09-14,2024-09-01,2024,19,Saturday,32,12.0,-20.0,True,38.02,5.68,delivered,True
3bae6dc4-0af3-4813-b6ee-493d07fd7a47,cef00736-03ae-4c47-8ae6-e81e784d9822,DASHER_00562,2023-03-10 12:20:00,2023-03-10,2023-03-01,2023,12,Friday,52,54.0,2.0,True,39.39,5.82,delivered,True
3f4d51b2-6a79-4355-ab8d-75ca34ddc32b,ea3d7242-1e0a-42cd-9ea2-53ade29d6b4e,DASHER_02225,2024-10-10 13:54:00,2024-10-10,2024-10-01,2024,13,Thursday,20,10.0,-13.0,True,8.0,2.31,delivered,True
6609180d-1c34-4380-a084-d1fc5277ad2c,a9b51ae5-094e-4285-b63c-cc0da16c55d5,DASHER_01634,2024-02-04 15:22:00,2024-02-04,2024-02-01,2024,15,Sunday,33,40.0,7.0,False,28.0,5.03,delivered,True
b7144598-0934-40a6-9cca-5a4b7c6a2fd5,6b6120a4-4640-4e7d-ba88-1d967cdbdec7,DASHER_04399,2024-04-13 17:56:00,2024-04-13,2024-04-01,2024,17,Saturday,39,,,,27.4,5.0,cancelled,True
9c2165cf-f26f-4644-a55a-6a0d9ef63829,8ff9727a-25b9-4806-be20-fdcf5c4c06fa,DASHER_00495,2023-07-12 10:59:00,2023-07-12,2023-07-01,2023,10,Wednesday,36,13.0,-23.0,True,12.57,6.49,delivered,True
555e88d1-05d8-40df-939e-2f7a96d4d9bf,f39ee359-15d3-4ef1-a197-01c1f7351a43,DASHER_01580,2022-05-19 01:09:00,2022-05-19,2022-05-01,2022,1,Thursday,43,27.0,-16.0,True,11.75,2.04,delivered,True
284491d8-f4a3-4639-9dac-d3dbe08021bb,8d616c21-f974-4c22-89c4-24774c8422cb,DASHER_03405,2022-01-03 07:33:00,2022-01-03,2022-01-01,2022,7,Monday,47,51.0,4.0,True,11.57,5.27,delivered,True
7210c20e-f954-40d1-997d-08a918874f8e,b6d68f2a-53c2-43ac-b6a5-0e180d39c447,DASHER_03672,2022-08-21 10:09:00,2022-08-21,2022-08-01,2022,10,Sunday,36,13.0,-23.0,True,41.48,4.69,delivered,True
5dbda108-5518-4ebd-963e-a8404e02cf19,1234ab6e-407b-462a-9991-aa354e3916c8,DASHER_01545,2024-10-26 21:04:00,2024-10-26,2024-10-01,2024,21,Saturday,33,41.0,8.0,False,36.37,3.09,delivered,True
c4ba2f71-f21f-4370-b534-0f1b7a874b92,7634650c-d7d5-4b95-8bf9-6214c323c454,DASHER_01321,2024-01-27 14:41:00,2024-01-27,2024-01-01,2024,14,Saturday,53,71.0,18.0,False,19.0,7.58,delivered,True
1c262700-880c-4112-a6a5-881039c587c9,cb5e4c74-475e-4d2c-bb5d-6f0de19f63f1,DASHER_02799,2023-10-25 11:10:00,2023-10-25,2023-10-01,2023,11,Wednesday,39,46.0,7.0,False,28.69,5.95,delivered,True
242be2cf-1ac0-45dc-a3a9-4057cab7784a,591d6f4c-e48f-4789-9caf-0c027e3804ce,DASHER_04015,2024-03-08 18:44:00,2024-03-08,2024-03-01,2024,18,Friday,40,55.0,15.0,False,31.74,4.1,delivered,True
e0cfd2b6-acec-4542-a0f3-f51f9ab2d3bb,c044e783-ff82-4f84-bbe0-c6f665bdf0ea,DASHER_02789,2023-08-28 10:24:00,2023-08-28,2023-08-01,2023,10,Monday,32,29.0,-3.0,True,32.1,6.82,delivered,True
e03af0f6-b5c9-4118-8665-91e51d5c8246,6cc9541b-be03-494c-a3a2-2ca8a4e403be,DASHER_02046,2023-06-15 16:03:00,2023-06-15,2023-06-01,2023,16,Thursday,34,31.0,-3.0,True,44.89,7.89,delivered,True
e9111a48-f5a8-448b-8ddb-c4d6cd347feb,06e69bce-6c4e-425d-aff7-ca7831ca8102,DASHER_02127,2022-04-16 15:49:00,2022-04-16,2022-04-01,2022,15,Saturday,30,23.0,-7.0,True,40.16,5.42,delivered,True
76b9fd45-6d7a-4a03-bcd7-b45c1877ccb4,829587aa-6cc3-43f8-8912-bcc759a62dac,DASHER_02768,2022-06-24 20:00:00,2022-06-24,2022-06-01,2022,20,Friday,39,36.0,-3.0,True,16.61,1.28,delivered,True
c7099fff-4ae8-4eec-9159-444fb916997a,716d7f96-13b2-4745-a33d-f27a5541cc7f,DASHER_02210,2023-11-23 15:42:00,2023-11-23,2023-11-01,2023,15,Thursday,39,46.0,7.0,False,12.38,1.84,delivered,True
7c7c9081-bdeb-4d45-ae21-2497f1d26867,d4b1ec5c-ee6e-49de-8b6e-dea80817b420,DASHER_02789,2023-03-24 19:27:00,2023-03-24,2023-03-01,2023,19,Friday,24,,,,48.58,7.44,cancelled,True
3532d971-d224-4572-83a2-f728e4602f99,1c6668cf-2035-4c38-944e-5456123ad708,DASHER_00810,2023-11-05 21:44:00,2023-11-05,2023-11-01,2023,21,Sunday,33,33.0,0.0,True,15.36,5.66,delivered,True
47a249c0-5859-48e4-8dd5-479cb54bf001,a5dc9144-4605-4d6e-90b6-450da3437d16,DASHER_04854,2024-08-27 17:36:00,2024-08-27,2024-08-01,2024,17,Tuesday,41,44.0,3.0,True,31.26,5.08,delivered,True
afb0da1d-38f0-4139-8492-25ff1b904a87,60bac4b7-e0e5-43d3-b1a0-952b377afe55,DASHER_02214,2022-08-26 18:06:00,2022-08-26,2022-08-01,2022,18,Friday,38,34.0,-4.0,True,21.32,4.52,delivered,True
1200ab5c-6201-4199-8cc4-1aed5995f1bc,90b7f69f-913f-4b62-91ad-b97ddd983e7e,DASHER_03250,2023-08-18 08:00:00,2023-08-18,2023-08-01,2023,8,Friday,35,27.0,-8.0,True,44.6,5.05,delivered,True
c84e7d2a-19c3-444f-9b6d-29402e8d33fe,9765c8c6-8276-4766-823e-49cdb1cd7492,DASHER_00250,2023-08-06 21:26:00,2023-08-06,2023-08-01,2023,21,Sunday,28,28.0,0.0,True,29.95,1.75,delivered,True
0ee4d117-6d81-4b5f-a8b4-9760cfad5440,31583592-66ae-4a33-825b-26302719afd0,DASHER_02516,2023-09-11 21:09:00,2023-09-11,2023-09-01,2023,21,Monday,51,59.0,8.0,False,8.0,4.58,delivered,True
23c3965b-3d6e-444f-9035-79b414242aa7,7b8cb828-e020-4ec7-b641-4b1f10444111,DASHER_03795,2024-12-02 14:23:00,2024-12-02,2024-12-01,2024,14,Monday,43,33.0,-10.0,True,15.28,2.3,delivered,True
668aab73-9649-40cd-94f0-c214d0dd59ae,2a4df03d-246c-44c9-8c13-fef5495e4bc8,DASHER_00833,2022-09-13 10:24:00,2022-09-13,2022-09-01,2022,10,Tuesday,23,27.0,4.0,True,39.59,2.9,delivered,True
56380aa3-8245-47be-8fa4-8e854bf0a3bd,cf052e07-e854-425f-aa56-1f8759dc14af,DASHER_00208,2022-09-11 23:20:00,2022-09-11,2022-09-01,2022,23,Sunday,31,33.0,2.0,True,36.46,7.24,delivered,True
631714c8-4754-4794-aa50-e4bb59295bec,e1a263b5-5bb8-442b-9a1c-5b65094dc2d2,DASHER_04371,2022-07-21 09:33:00,2022-07-21,2022-07-01,2022,9,Thursday,33,38.0,5.0,True,31.94,2.64,delivered,True
7ac683ef-efe5-465a-b3a9-08f672f68db6,6cf9feb9-6534-49f6-a7d0-efd9c0e448b6,DASHER_02062,2023-01-10 17:59:00,2023-01-10,2023-01-01,2023,17,Tuesday,18,18.0,0.0,True,26.19,3.75,delivered,True
e0a99851-48c1-4054-8c0d-c98ec014784e,d12306f1-094a-46f5-9d6c-c440ffab1f29,DASHER_02565,2024-03-15 16:05:00,2024-03-15,2024-03-01,2024,16,Friday,15,10.0,-32.0,True,29.06,6.29,delivered,True
ef350d79-e6c3-4542-ad08-ee9e894b80a7,82310495-df35-4311-9a38-4b263b20a636,DASHER_03152,2023-06-03 09:34:00,2023-06-03,2023-06-01,2023,9,Saturday,50,31.0,-19.0,True,40.88,1.2,delivered,True
480c6aea-28a2-4ee4-87d8-f5f8db7f6330,944cdb17-4eac-4012-bdeb-53d374834d1b,DASHER_04833,2022-10-03 18:46:00,2022-10-03,2022-10-01,2022,18,Monday,43,78.0,35.0,False,28.64,5.93,delivered,True
a15340e6-b47e-4a6e-be95-6ac15ae9d518,1d944406-d9d7-4e0c-bcce-d0725f346f07,DASHER_04089,2024-05-23 19:58:00,2024-05-23,2024-05-01,2024,19,Thursday,25,22.0,-3.0,True,29.42,4.4,delivered,True
beeb81f2-dfdc-48a9-aec5-3a5543ecc8d3,d71351bc-86a1-4b0c-9c64-d38c9580cf64,DASHER_00424,2022-10-02 06:28:00,2022-10-02,2022-10-01,2022,6,Sunday,32,26.0,-6.0,True,56.62,5.88,delivered,True
6cd02ebc-59dc-4e04-b444-1f9e12d6b3fb,353679c0-b6cf-4b88-8a6c-939619a08447,DASHER_04039,2024-01-29 21:01:00,2024-01-29,2024-01-01,2024,21,Monday,36,28.0,-8.0,True,8.0,7.76,delivered,True
e550c1c3-3ba6-4723-bae3-1e90eb7ee4c8,a48fcbad-54a5-4401-8da6-b971eceacf01,DASHER_02837,2022-10-24 11:29:00,2022-10-24,2022-10-01,2022,11,Monday,36,30.0,-6.0,True,27.16,6.2,delivered,True
c296e73d-15db-45f2-8e18-68c9996d0ef6,42212f1b-f9b1-4ef9-b351-4fe5f5d68f5b,DASHER_01916,2024-12-25 18:13:00,2024-12-25,2024-12-01,2024,18,Wednesday,37,26.0,-11.0,True,18.91,5.06,delivered,True
3aa32528-5b75-42a8-88b6-8f0c70acb1f0,f3e98ea3-fc8b-421e-8849-dcd2d299077a,DASHER_04188,2023-10-16 19:14:00,2023-10-16,2023-10-01,2023,19,Monday,31,30.0,-1.0,True,8.0,5.53,delivered,True
7d1ac2b2-f157-4c77-952a-5fcec587e5ea,3b96a956-2372-42eb-9c4a-dbef13d98c9d,DASHER_00325,2022-12-07 20:29:00,2022-12-07,2022-12-01,2022,20,Wednesday,26,,,,23.68,2.91,cancelled,True
81158ba7-b80c-4cdb-b35a-1836e393846a,c2c700aa-34b0-47c8-a47e-25340aba399c,DASHER_04932,2023-04-21 13:58:00,2023-04-21,2023-04-01,2023,13,Friday,23,27.0,4.0,True,21.12,6.73,delivered,True
4fb7f9d3-1850-4025-842d-2068d494b33e,1d300547-c182-4c24-b278-385f0acc2353,DASHER_02559,2024-05-23 19:37:00,2024-05-23,2024-05-01,2024,19,Thursday,39,40.0,1.0,True,34.19,5.94,delivered,True
6059a554-7e35-4665-af25-f4325eb8e82a,937b7d2f-92ca-488e-adbb-e206cf356f1a,DASHER_03927,2022-04-27 13:52:00,2022-04-27,2022-04-01,2022,13,Wednesday,19,23.0,4.0,True,11.5,4.85,delivered,True
7466bf65-5246-4257-ae5f-655a6e1ab112,12f9f3bb-bbb4-4f4a-99f1-008fc3d9a633,DASHER_02838,2023-09-02 17:42:00,2023-09-02,2023-09-01,2023,17,Saturday,44,30.0,-14.0,True,18.8,4.18,delivered,True
10b7ea94-389b-4946-ae5a-693d572d88c0,705f84f3-dfc4-4043-b406-50f554a7ef2e,DASHER_02665,2024-10-30 14:26:00,2024-10-30,2024-10-01,2024,14,Wednesday,37,40.0,3.0,True,40.52,5.27,delivered,True
11711b5d-9f95-4c20-ac23-0eb8e3867680,5004a095-c3c5-4b0f-bfe6-820a44f2ec23,DASHER_04773,2023-06-11 17:47:00,2023-06-11,2023-06-01,2023,17,Sunday,31,19.0,-12.0,True,47.8,3.32,delivered,True
b44f2231-8548-4888-a4fb-f4dba866e751,49de81c9-db46-4023-b9b3-95bc33ac3880,DASHER_00551,2022-07-26 09:54:00,2022-07-26,2022-07-01,2022,9,Tuesday,40,24.0,-16.0,True,24.5,3.88,delivered,True
3bbf5709-1f29-46a1-adf2-2f3d2e5301b2,e731b143-8488-4edf-90fc-d364640b45c7,DASHER_04078,2023-12-27 07:47:00,2023-12-27,2023-12-01,2023,7,Wednesday,37,,,,8.0,3.15,cancelled,True
499ac747-14d0-4d00-8426-ee42723ef5d4,fe67a151-3dc2-45ff-af34-a2ee5407c70c,DASHER_04959,2022-08-08 19:55:00,2022-08-08,2022-08-01,2022,19,Monday,37,26.0,-11.0,True,57.84,6.13,delivered,True
bb6f7924-5912-44ff-85ca-9252d172b12f,0b92d1fd-fab3-4069-82b0-6e60f8d6a16a,DASHER_02136,2023-05-31 06:15:00,2023-05-31,2023-05-01,2023,6,Wednesday,35,10.0,-27.0,True,29.22,1.93,delivered,True
fd997388-e957-4f05-80e0-8e2216ea72e8,f8e1f755-8325-43dc-bb9c-b0ec3f71272b,DASHER_01627,2024-09-24 21:50:00,2024-09-24,2024-09-01,2024,21,Tuesday,40,18.0,-22.0,True,49.37,2.2,delivered,True
91aa1a4c-c346-407f-a160-5cc3058f78e7,e146995b-fa5c-4338-b38c-43cf9ea70e2b,DASHER_04671,2022-08-18 08:05:00,2022-08-18,2022-08-01,2022,8,Thursday,25,10.0,-23.0,True,39.78,6.24,delivered,True
083be55c-c8d2-4c8d-ba30-9ea88e52ffb6,066c9d62-9aa2-4113-91b7-17436f21c2c1,DASHER_01138,2023-12-25 22:19:00,2023-12-25,2023-12-01,2023,22,Monday,29,12.0,-17.0,True,35.77,7.31,delivered,True
8f6f8b04-4f7f-4c63-8756-6371ef04926d,4dd5547c-30c1-4cc1-85ea-05c451cf885c,DASHER_01781,2024-06-22 20:37:00,2024-06-22,2024-06-01,2024,20,Saturday,33,16.0,-17.0,True,40.23,1.48,delivered,True
e020e4c0-6cdb-4538-9d05-946a28c7a2a6,5109fef4-02bc-492d-9978-dc92e48e1b22,DASHER_04127,2023-09-19 18:13:00,2023-09-19,2023-09-01,2023,18,Tuesday,36,71.0,35.0,False,8.0,1.37,delivered,True
fe2eee8b-a847-41a6-82e1-b18ead11d5fd,720d1deb-906d-451e-94c9-107cec6cdf0a,DASHER_00215,2024-06-03 19:21:00,2024-06-03,2024-06-01,2024,19,Monday,47,50.0,3.0,True,9.09,1.18,delivered,True
5ea2e964-beac-40e5-a01b-7c331b8cb32c,2200b213-7fc6-43c2-9f91-76746b5da9d4,DASHER_03049,2024-12-26 07:51:00,2024-12-26,2024-12-01,2024,7,Thursday,47,49.0,2.0,True,23.61,7.41,delivered,True
bfc783f5-4981-4d61-8190-794de622c817,04924ee9-98ef-490d-b1b8-1ae831810d23,DASHER_03667,2022-09-22 06:09:00,2022-09-22,2022-09-01,2022,6,Thursday,23,,,,50.62,1.31,cancelled,True
d85a8517-02fd-4742-a3d5-3329278f8476,df059262-01c0-434e-aaee-5ca1f3925473,DASHER_01569,2024-11-26 11:27:00,2024-11-26,2024-11-01,2024,11,Tuesday,45,51.0,6.0,False,30.71,4.97,delivered,True
2edd64ca-359d-4d03-8f3e-50429d95db27,4f545fee-c809-4856-a41d-231ee876432a,DASHER_01537,2024-09-06 21:54:00,2024-09-06,2024-09-01,2024,21,Friday,37,54.0,17.0,False,30.0,5.5,delivered,True
4601af9e-1d6c-4c09-82f5-6a1412bc4300,2aa154f1-313e-40bc-a2ec-cfda546db534,DASHER_02959,2024-10-11 11:46:00,2024-10-11,2024-10-01,2024,11,Friday,36,45.0,9.0,False,32.66,1.14,delivered,True
2b728d4b-e741-44d4-a317-7c5d615633e8,5f7ddc41-9e67-45ad-a75d-897c55c1edd9,DASHER_03001,2024-03-20 00:00:00,2024-03-20,2024-03-01,2024,0,Wednesday,35,31.0,-4.0,True,23.24,3.33,delivered,True
e5744f53-401f-4d39-8808-2f771e35f19b,7b8cb828-e020-4ec7-b641-4b1f10444111,DASHER_01047,2024-07-21 18:08:00,2024-07-21,2024-07-01,2024,18,Sunday,43,46.0,3.0,True,19.78,3.49,delivered,True
81cd06ab-af5f-44fb-85ad-403b6205837e,4a16d004-97e9-4e4e-86d1-55526e348527,DASHER_04914,2024-08-08 08:05:00,2024-08-08,2024-08-01,2024,8,Thursday,25,10.0,-21.0,True,30.32,7.23,delivered,True
06d1b7b1-e1bc-4698-a1fe-3face2fcdf9c,ea1d2589-4082-4dc2-959a-36d1fe170df1,DASHER_03587,2024-10-14 19:57:00,2024-10-14,2024-10-01,2024,19,Monday,40,30.0,-10.0,True,54.59,2.51,delivered,True
a28d0057-bbe2-46b7-8684-24e4af749505,760f6890-2044-41b9-b947-962c881cb90f,DASHER_04700,2024-09-10 16:04:00,2024-09-10,2024-09-01,2024,16,Tuesday,27,32.0,5.0,True,36.02,2.55,delivered,True
fdf64494-6629-4400-a68e-18345c53903b,9344a4c8-8e8f-4f3f-9fc1-58ddb03f82a8,DASHER_02252,2024-07-23 18:51:00,2024-07-23,2024-07-01,2024,18,Tuesday,38,46.0,8.0,False,15.67,3.22,delivered,True
777fa49b-0d44-483c-a3bb-4669f43a1ca7,8c699351-000e-49e1-88ad-735794c14f4d,DASHER_01829,2024-10-23 14:32:00,2024-10-23,2024-10-01,2024,14,Wednesday,43,44.0,1.0,True,22.62,2.95,delivered,True
5d28b622-5082-47b1-91fc-b3e82a8ed5a5,d91704fa-48a1-49e1-ba4a-5b0ddbe58d30,DASHER_02031,2022-03-04 16:37:00,2022-03-04,2022-03-01,2022,16,Friday,27,10.0,-17.0,True,9.77,3.42,delivered,True
613f4e03-fb2a-4326-969d-692b89294ef0,90aab484-493d-41d2-ac0f-c0bac804ee9f,DASHER_04418,2024-09-19 20:32:00,2024-09-19,2024-09-01,2024,20,Thursday,24,21.0,-3.0,True,37.06,5.45,delivered,True
c4c61243-cf84-4d96-879d-f0fbc59c1f0b,8c2f26c7-c38c-4952-a4a0-a41e067b51bc,DASHER_04922,2023-05-04 19:46:00,2023-05-04,2023-05-01,2023,19,Thursday,39,47.0,8.0,False,32.47,2.27,delivered,True
e7b9f74a-c4b9-458c-aa8e-47eb3b999eca,c8607222-a242-40f8-bf52-7b5df6176cd2,DASHER_03444,2022-06-16 19:20:00,2022-06-16,2022-06-01,2022,19,Thursday,40,40.0,0.0,True,64.42,7.26,delivered,True
d21c4bcc-9435-4d85-bd05-e9e65c39239e,ca2f2f82-354d-4a0a-83c5-3f64bce6537a,DASHER_01615,2022-01-18 08:03:00,2022-01-18,2022-01-01,2022,8,Tuesday,33,10.0,-30.0,True,8.0,2.29,delivered,True
46a76de2-47e2-451a-848f-3db9a091e1e4,934291e8-0340-4bac-a267-6a0d1b7afc2e,DASHER_02187,2023-12-11 13:41:00,2023-12-11,2023-12-01,2023,13,Monday,38,32.0,-6.0,True,39.58,2.97,delivered,True
b929f3bd-725a-4786-8089-7e3e46ea7f51,047e4398-60d7-4fd8-aa6f-5b12eb7704a9,DASHER_04123,2022-03-15 15:58:00,2022-03-15,2022-03-01,2022,15,Tuesday,24,23.0,-1.0,True,41.64,6.61,delivered,True
b9588d13-881e-4c6c-ab50-be4a02753af8,a90d01c0-750d-4f9a-90d8-d1b2ea8cd97a,DASHER_00256,2022-12-04 18:57:00,2022-12-04,2022-12-01,2022,18,Sunday,27,23.0,-4.0,True,8.0,6.17,delivered,True
e88162c8-3dd2-4eb4-86b6-c6c6b314a7d1,878ba491-1624-47e0-86e9-4a5218748211,DASHER_02542,2024-07-21 20:43:00,2024-07-21,2024-07-01,2024,20,Sunday,25,,,,8.0,7.9,cancelled,True
b5ba21d6-21c2-4a68-bf8b-260171f99c47,e79a3345-5f1a-4493-9b76-e3d05de99191,DASHER_00127,2022-12-22 12:06:00,2022-12-22,2022-12-01,2022,12,Thursday,35,31.0,-4.0,True,15.23,7.24,delivered,True
880e1b6c-28d2-4c7c-a55a-f8d31588b40b,3b71d12e-8a83-4316-bb97-de36877b4f00,DASHER_03349,2023-07-27 07:56:00,2023-07-27,2023-07-01,2023,7,Thursday,47,49.0,2.0,True,10.38,2.79,delivered,True
7551ff53-36c6-45ee-8444-a5ca79f020ec,09b99fb9-eb17-44ac-937f-d30f90abedcb,DASHER_04076,2023-07-14 08:27:00,2023-07-14,2023-07-01,2023,8,Friday,36,43.0,7.0,False,37.38,1.41,delivered,True
0fc083ec-f9f0-47e4-b46a-8773fdee431b,adafecd7-8c8d-40a4-8e1e-de69f1956cda,DASHER_04113,2023-06-14 17:26:00,2023-06-14,2023-06-01,2023,17,Wednesday,31,,,,8.0,2.61,cancelled,True
f7bf9d2f-5058-4501-a003-9dab0c6a2b53,fe991fb6-987e-43db-bbb2-f6586e7cc7b9,DASHER_00238,2022-11-18 12:49:00,2022-11-18,2022-11-01,2022,12,Friday,38,47.0,9.0,False,32.08,4.24,delivered,True
881ba242-6056-4e43-83a4-7b929bb0b2f3,30bdf076-0f69-43c1-8a9f-26a5420d5f93,DASHER_03955,2022-10-03 12:24:00,2022-10-03,2022-10-01,2022,12,Monday,27,10.0,-17.0,True,22.15,6.67,delivered,True
38c64fc1-acbc-406b-a573-33e9430bd9eb,f3bb368a-4f52-4ffd-882c-b84395bdef26,DASHER_00828,2022-05-03 20:40:00,2022-05-03,2022-05-01,2022,20,Tuesday,29,30.0,1.0,True,16.99,6.61,delivered,True
9424c102-a260-43bc-9140-1a38e4729ec8,53b6348f-0292-456a-8fd3-da701f51a034,DASHER_03309,2024-06-24 18:56:00,2024-06-24,2024-06-01,2024,18,Monday,33,10.0,-27.0,True,33.33,4.26,delivered,True
46dae46a-0a7f-4dec-9b6b-c264b6c895e5,438ab3c1-c8ca-4eb9-91f8-cde2979b042c,DASHER_04191,2023-08-02 21:07:00,2023-08-02,2023-08-01,2023,21,Wednesday,31,53.0,22.0,False,50.04,3.97,delivered,True
3febd3d9-d6b6-479e-b213-3ea7b477c5f9,ee7af6e3-99b5-42ae-a16f-f7eaac67f3a8,DASHER_03044,2023-08-14 10:15:00,2023-08-14,2023-08-01,2023,10,Monday,40,44.0,4.0,True,50.14,2.15,delivered,True
8d1839cc-7856-4035-a4de-dda33854307c,be05b421-a9a6-42b8-b3d8-89e3f92328c7,DASHER_03770,2024-01-23 18:57:00,2024-01-23,2024-01-01,2024,18,Tuesday,43,44.0,1.0,True,23.81,2.89,delivered,True
1a08dbc5-529b-4b79-8def-0e44252de606,fd2f7669-544e-4b1a-9812-5448e1800cc1,DASHER_02708,2022-11-13 13:24:00,2022-11-13,2022-11-01,2022,13,Sunday,38,,,,30.53,1.63,cancelled,True
56538147-1963-4af7-894a-8b393679d501,71ac5587-65ed-4077-98ec-776972e2fc59,DASHER_04848,2022-11-14 10:04:00,2022-11-14,2022-11-01,2022,10,Monday,39,43.0,4.0,True,18.07,6.84,delivered,True
04a80478-1606-4566-851a-7fa38d6d6832,7fcf8176-aea3-4776-adee-69b64556a1c9,DASHER_04776,2022-02-25 18:01:00,2022-02-25,2022-02-01,2022,18,Friday,28,37.0,9.0,False,36.0,3.51,delivered,True
27563f00-3186-46fc-abcc-b80b79b869a1,eb080d94-7489-47cd-95e3-81a740994fee,DASHER_03585,2022-09-21 09:43:00,2022-09-21,2022-09-01,2022,9,Wednesday,48,46.0,-2.0,True,36.86,5.57,delivered,True
85409e0e-af09-4e5c-a395-ed25b1c50039,c7d84f3f-4869-4a0f-9699-488a56597697,DASHER_03476,2023-05-16 20:23:00,2023-05-16,2023-05-01,2023,20,Tuesday,39,25.0,-14.0,True,49.18,1.75,delivered,True
85a8fee7-f161-4ee2-bf7f-375039e116a5,16a7e1dd-fea8-4d1d-9737-8100fe297cea,DASHER_03384,2023-10-03 19:39:00,2023-10-03,2023-10-01,2023,19,Tuesday,45,31.0,-14.0,True,19.62,6.53,delivered,True
a04636ea-16b8-42b2-be8a-779b85869198,0f6a5cd4-c53b-474a-97c5-c728e98622ae,DASHER_02594,2022-06-24 17:54:00,2022-06-24,2022-06-01,2022,17,Friday,38,29.0,-9.0,True,20.03,4.7,delivered,True
6a7e1397-251f-4eed-b2d5-26107ae8075b,9cdf422a-1737-4844-804f-f3f7445891c6,DASHER_02547,2024-01-26 06:06:00,2024-01-26,2024-01-01,2024,6,Friday,33,31.0,-2.0,True,48.98,7.76,delivered,True
6cfb31b9-c4aa-4e24-a445-a850172aac43,352a8931-cee8-43b6-bfa5-f4ad5c9bfb69,DASHER_02849,2023-01-10 20:08:00,2023-01-10,2023-01-01,2023,20,Tuesday,38,52.0,14.0,False,8.0,7.63,delivered,True
c2cf8b76-04db-4be5-93d1-b4143aa4f929,26b8d05a-b5de-4f43-86b9-284b7e4fb112,DASHER_04061,2023-11-14 21:10:00,2023-11-14,2023-11-01,2023,21,Tuesday,34,,,,28.31,3.2,cancelled,True
6297439f-c487-48eb-8b80-5ec1d1cf32ea,2ae0bcf3-cd33-40cd-aa41-c1a7fe0a967f,DASHER_03695,2024-10-15 19:32:00,2024-10-15,2024-10-01,2024,19,Tuesday,45,54.0,9.0,False,33.58,6.51,delivered,True
587768bc-5b62-430f-993c-9f5c16a08c6c,0e4ad90d-aaa3-4cb2-b4f9-ef9e683e07ec,DASHER_03952,2023-08-27 22:22:00,2023-08-27,2023-08-01,2023,22,Sunday,27,34.0,7.0,False,49.72,2.76,delivered,True
13bc5ab0-d0c7-464f-a7fc-38ef3af20dae,4a777441-342a-4d58-871c-e1e13d83f2b8,DASHER_00433,2023-07-15 17:16:00,2023-07-15,2023-07-01,2023,17,Saturday,36,28.0,-8.0,True,30.39,4.97,delivered,True
72a99d01-6e7b-4d41-942e-59360c8354e2,acf07cd1-be70-465a-957e-f8ce255df639,DASHER_03747,2024-11-12 22:24:00,2024-11-12,2024-11-01,2024,22,Tuesday,35,32.0,-3.0,True,43.8,3.54,delivered,True
d420089a-e413-49ad-870f-01a156eb6f7d,9313418d-e24c-41e7-849b-bafad31bd437,DASHER_02880,2024-01-18 20:31:00,2024-01-18,2024-01-01,2024,20,Thursday,29,31.0,2.0,True,53.15,5.56,delivered,True
e7965bef-529c-4e14-8acf-ec3942e2e3f9,edb869e1-37e8-4ad5-a0cc-7b49499766df,DASHER_03832,2024-02-17 02:06:00,2024-02-17,2024-02-01,2024,2,Saturday,25,26.0,1.0,True,30.94,2.09,delivered,True
c0c01a80-1669-406e-93cf-54f7d58e35b2,a5f39c7d-a96f-43d0-ab8b-145403d850d6,DASHER_03556,2024-01-09 11:22:00,2024-01-09,2024-01-01,2024,11,Tuesday,33,17.0,-16.0,True,54.9,5.29,delivered,True
ef5954ba-fe94-4a91-ae64-4936a5474839,544dc4f9-eafb-4a68-b59b-cc7d0b05533d,DASHER_03253,2023-04-01 08:40:00,2023-04-01,2023-04-01,2023,8,Saturday,40,40.0,0.0,True,11.64,7.66,delivered,True
ee2c2797-e63e-4a8e-850a-bb0d35594095,c074797c-cc7e-4b94-b73c-56cb6563a0bf,DASHER_03229,2024-01-09 19:57:00,2024-01-09,2024-01-01,2024,19,Tuesday,38,20.0,-18.0,True,30.07,3.59,delivered,True
37fdf128-433a-4d30-a2df-2d178e2d9319,b2d4b6cf-b248-43e2-b630-98b0af95fae7,DASHER_04165,2023-04-19 20:44:00,2023-04-19,2023-04-01,2023,20,Wednesday,29,30.0,1.0,True,16.08,7.53,delivered,True
10eed4c4-bc69-44dc-89c4-4d076e5cdcb7,113220c4-00e0-45bd-8d58-83298022a8cc,DASHER_01988,2023-06-14 22:09:00,2023-06-14,2023-06-01,2023,22,Wednesday,24,27.0,3.0,True,8.0,4.49,delivered,True
fb8b05ce-7c73-432f-9aa2-f71ea8e63bf3,5a375f5d-0922-4c68-b1fb-60663f29dbc0,DASHER_02902,2023-06-26 17:46:00,2023-06-26,2023-06-01,2023,17,Monday,41,39.0,-2.0,True,62.66,5.97,delivered,True
c57f8b4e-a211-4942-bf92-d6f2869b1152,fa25eb9e-7606-4dd5-b696-7ceda8673603,DASHER_00894,2023-12-27 21:46:00,2023-12-27,2023-12-01,2023,21,Wednesday,31,31.0,0.0,True,8.0,5.76,delivered,True
96976093-e17d-4a68-a7e5-77c2fdb6e205,4193bff4-85df-4d06-8cd8-563b046dcac4,DASHER_02292,2022-10-22 15:06:00,2022-10-22,2022-10-01,2022,15,Saturday,35,29.0,-6.0,True,27.05,7.31,delivered,True
c8bac85a-f7c3-449a-b11e-00af37bf6dc7,cf5d9720-d77f-4f2e-b1b2-940fbb7fa1bd,DASHER_00838,2022-11-27 10:13:00,2022-11-27,2022-11-01,2022,10,Sunday,25,35.0,10.0,False,8.0,2.88,delivered,True
65f55f4a-5d38-413e-abc4-ebde16bdf83f,5f7ddc41-9e67-45ad-a75d-897c55c1edd9,DASHER_03003,2022-03-04 20:17:00,2022-03-04,2022-03-01,2022,20,Friday,39,48.0,9.0,False,26.87,1.69,delivered,True
2aac5e0e-fc28-4025-82e7-0429728b4fac,b30bcb95-5143-4808-a35b-1c64962a815d,DASHER_00053,2022-12-01 17:14:00,2022-12-01,2022-12-01,2022,17,Thursday,15,15.0,0.0,True,50.24,6.62,delivered,True
c0395477-3599-4fce-b939-3fa8cba87d63,f3124524-fe88-43db-bdc0-b8899ac991b0,DASHER_02773,2024-12-25 19:10:00,2024-12-25,2024-12-01,2024,19,Wednesday,30,50.0,20.0,False,34.6,5.1,delivered,True
066e155e-3e31-46a3-8954-5634bd263c6a,d70e63b4-f274-41ca-be20-4cf6da687fd4,DASHER_03440,2022-12-14 20:59:00,2022-12-14,2022-12-01,2022,20,Wednesday,22,19.0,-3.0,True,8.0,2.27,delivered,True
3368c821-5fea-4962-a660-a65a7689591b,88cf80a0-e003-4353-996c-fe9db6da14ba,DASHER_03742,2023-03-07 12:16:00,2023-03-07,2023-03-01,2023,12,Tuesday,35,39.0,4.0,True,53.01,2.34,delivered,True
11017d95-3c58-4765-9b8c-a9f4b8b2d24e,dba4f0f7-c651-4824-b536-6c941283b1fe,DASHER_01532,2022-09-30 19:33:00,2022-09-30,2022-09-01,2022,19,Friday,45,42.0,-3.0,True,61.68,1.83,delivered,True
e9c23244-0448-4d7f-913a-9ecf90c6847c,44dc67e6-b1df-4aaf-aa52-8119fcbc38ff,DASHER_02059,2022-01-25 08:00:00,2022-01-25,2022-01-01,2022,8,Tuesday,44,24.0,-20.0,True,30.13,7.67,delivered,True
486a2182-25e2-4255-a1b5-bc058c4ac456,ed616d74-937e-4aa7-a688-36e3429ea1e3,DASHER_02812,2024-12-04 14:56:00,2024-12-04,2024-12-01,2024,14,Wednesday,22,14.0,-8.0,True,32.16,3.52,delivered,True
aa7f968c-d9d8-49a5-a698-b5111801e33c,862edc87-f5ee-4d0e-a3b6-17a0a1782b73,DASHER_04582,2024-01-01 16:07:00,2024-01-01,2024-01-01,2024,16,Monday,44,,,,25.83,2.35,cancelled,True
958c814c-87c5-44f5-a975-49c40564fa17,f78ac04b-8828-44e5-9ab7-8612af2be2ed,DASHER_01716,2024-07-17 10:42:00,2024-07-17,2024-07-01,2024,10,Wednesday,43,10.0,-33.0,True,37.63,6.94,delivered,True
ce182090-c1f1-45d0-b168-7a6cf25b872d,a62743cb-31b2-406d-9922-1e5e8d6fab4f,DASHER_00701,2023-04-12 07:08:00,2023-04-12,2023-04-01,2023,7,Wednesday,27,10.0,-27.0,True,8.0,6.18,delivered,True
1f4ad06e-04a6-4d57-9ccd-2df70d12b3d7,6c75efc4-23ed-4a9e-bf54-3d9b6a76a235,DASHER_03056,2024-11-25 12:57:00,2024-11-25,2024-11-01,2024,12,Monday,39,39.0,0.0,True,8.0,5.87,delivered,True
8c8bb9f3-8c50-49b9-872d-1142b332d9a8,5101636f-fa5f-4957-afb4-8303a45bcd80,DASHER_01415,2024-12-12 08:34:00,2024-12-12,2024-12-01,2024,8,Thursday,25,25.0,0.0,True,28.17,1.18,delivered,True
d9ca0de9-26c6-4c55-b5f6-e6d8af207b68,42212f1b-f9b1-4ef9-b351-4fe5f5d68f5b,DASHER_02287,2024-09-05 07:10:00,2024-09-05,2024-09-01,2024,7,Thursday,38,36.0,-2.0,True,22.05,7.96,delivered,True
330fd9cf-ac19-4167-8fb1-439a9d5d5f68,c7d59a05-df98-4708-8679-5da0f55744a0,DASHER_04227,2023-10-25 18:49:00,2023-10-25,2023-10-01,2023,18,Wednesday,39,47.0,8.0,False,31.08,6.04,delivered,True
04523c34-01b6-4b7a-90bb-ec114c8b5f44,06f43adc-e09b-4910-a6f2-7b29c66f5d62,DASHER_00112,2023-12-20 08:23:00,2023-12-20,2023-12-01,2023,8,Wednesday,24,29.0,5.0,True,36.48,4.76,delivered,True
36d76e5a-5f31-49db-8f26-f0fcc8d4db24,e8b9eabb-d56a-499a-baa9-32c7aa302b84,DASHER_01386,2024-06-07 21:56:00,2024-06-07,2024-06-01,2024,21,Friday,25,10.0,-22.0,True,8.0,7.67,delivered,True
5fbdedf7-15d6-45e7-9251-14d821509828,fc933664-2241-4421-a7ec-120266e153dc,DASHER_03466,2023-07-27 08:14:00,2023-07-27,2023-07-01,2023,8,Thursday,37,36.0,-1.0,True,14.6,5.89,delivered,True
3744f9b1-16b1-4dfe-afd9-9b622ca1fd21,7375e073-71f4-4b92-880f-01f7ce836ccf,DASHER_04710,2024-09-19 12:43:00,2024-09-19,2024-09-01,2024,12,Thursday,35,,,,19.11,6.26,cancelled,True
4d459b42-44e0-4e7d-b8b3-7491af94a5c8,e100b61e-62ac-4f64-9c37-3da0864e7699,DASHER_03201,2023-09-14 12:18:00,2023-09-14,2023-09-01,2023,12,Thursday,22,10.0,-17.0,True,17.9,3.74,delivered,True
047fbc2a-ab06-4001-ac4a-e7fd90f00e11,8c5d5ee6-73b8-44a8-b3cb-29a7017ae18a,DASHER_01100,2024-07-01 09:27:00,2024-07-01,2024-07-01,2024,9,Monday,38,43.0,5.0,True,26.55,1.27,delivered,True
977f705d-5161-411e-af63-36c379544995,0fa7fed7-a716-449f-828c-ebdd00bb9908,DASHER_02123,2023-04-08 19:17:00,2023-04-08,2023-04-01,2023,19,Saturday,35,25.0,-10.0,True,35.53,4.4,delivered,True
2526d9b6-2d26-41b7-acc8-563f0536c390,a09eb8b8-1c92-4a60-920e-5dd1efdf7c90,DASHER_02347,2024-03-01 11:12:00,2024-03-01,2024-03-01,2024,11,Friday,32,46.0,14.0,False,19.69,1.74,delivered,True
c86bc1c9-8e60-4c0d-9706-eabfd5782ba1,1e1ef32b-759a-4e9a-affc-86b714303d5d,DASHER_03436,2024-02-13 15:02:00,2024-02-13,2024-02-01,2024,15,Tuesday,19,28.0,9.0,False,8.0,7.04,delivered,True
e6133ed2-37fb-4508-9a48-b2ca729dd336,12449516-8eda-4310-b182-e978e0642282,DASHER_03238,2024-01-08 17:28:00,2024-01-08,2024-01-01,2024,17,Monday,29,29.0,0.0,True,34.39,5.51,delivered,True
434d0e46-5e50-4226-be64-5dd012ff56a2,153c719e-0fc7-45b4-b0ef-33049a5574d8,DASHER_01934,2024-06-13 15:09:00,2024-06-13,2024-06-01,2024,15,Thursday,41,40.0,-1.0,True,19.12,5.27,delivered,True
21cbfcad-38d5-4b0b-a553-aabe17947efc,64b671ba-cb01-4b19-a612-d805d5315392,DASHER_00897,2023-10-12 10:30:00,2023-10-12,2023-10-01,2023,10,Thursday,27,56.0,29.0,False,41.17,4.01,delivered,True
1880f55b-db5e-4e0f-9575-7cc0c727d459,0d286e68-7e86-434f-b66a-37d964835249,DASHER_02022,2023-06-29 13:42:00,2023-06-29,2023-06-01,2023,13,Thursday,15,10.0,-24.0,True,44.56,1.09,delivered,True
8526a58e-b45d-40df-b185-c3750c56429c,a5aac5be-2afe-4fd6-983c-d630b4711756,DASHER_04169,2024-06-20 00:02:00,2024-06-20,2024-06-01,2024,0,Thursday,34,19.0,-15.0,True,30.7,6.86,delivered,True
f28ce729-76b2-4f62-8bbf-212e1f6c3e80,4c2b9abf-bdc0-4c0b-a733-764baa4400b7,DASHER_01143,2024-02-04 14:37:00,2024-02-04,2024-02-01,2024,14,Sunday,38,49.0,11.0,False,29.72,6.4,delivered,True
ab952dd5-4cd4-489c-8b66-61e9b6cd50e1,aa1121a3-be59-47f5-b669-73dd401b7500,DASHER_04065,2023-03-28 19:46:00,2023-03-28,2023-03-01,2023,19,Tuesday,19,35.0,16.0,False,59.68,1.81,delivered,True
0892d5f4-47d0-40d0-a513-77f9ec813b43,1d300547-c182-4c24-b278-385f0acc2353,DASHER_00039,2024-01-16 14:30:00,2024-01-16,2024-01-01,2024,14,Tuesday,58,56.0,-2.0,True,54.25,4.19,delivered,True
da5a0e67-aac2-45fa-b5e1-4aaabdea069a,1ec7f9db-06e8-4a5d-8a93-a7a7fbb637cc,DASHER_02498,2024-11-02 21:22:00,2024-11-02,2024-11-01,2024,21,Saturday,37,38.0,1.0,True,21.29,2.26,delivered,True
0e5f7e0f-17b5-449e-860e-837bcca67d0b,b171a987-18e0-4143-a3ac-73f04e51154c,DASHER_02733,2024-03-06 14:00:00,2024-03-06,2024-03-01,2024,14,Wednesday,22,12.0,-10.0,True,52.24,2.48,delivered,True
50d8fda8-c0b7-4941-b162-932d95f893d3,2ae0bcf3-cd33-40cd-aa41-c1a7fe0a967f,DASHER_02014,2022-04-05 19:13:00,2022-04-05,2022-04-01,2022,19,Tuesday,27,52.0,25.0,False,34.72,6.74,delivered,True
a319f45c-8c94-4666-8562-1337f3d144a4,60ab67b9-0ab8-4314-93a3-6389c84d5ab3,DASHER_04391,2024-04-10 12:12:00,2024-04-10,2024-04-01,2024,12,Wednesday,41,51.0,10.0,False,25.15,5.2,delivered,True
5a4f173c-a650-4e2b-ab62-86395380aaca,f302725f-3e99-4a64-8193-4fa68dfb2542,DASHER_00356,2024-06-27 21:51:00,2024-06-27,2024-06-01,2024,21,Thursday,51,22.0,-29.0,True,42.54,3.97,delivered,True
11439ed8-abef-41a1-a667-6844c781081f,4c61ee15-6ef7-4ac7-8503-14a00071a734,DASHER_03646,2022-02-20 16:24:00,2022-02-20,2022-02-01,2022,16,Sunday,40,45.0,5.0,True,33.25,2.93,delivered,True
e28fbcb9-f73c-4208-9073-f54d684ecf33,a9b51ae5-094e-4285-b63c-cc0da16c55d5,DASHER_03174,2022-06-12 19:42:00,2022-06-12,2022-06-01,2022,19,Sunday,35,25.0,-10.0,True,29.46,4.91,delivered,True
629a8959-38c1-4882-831c-15676560e6d6,b0d9e6a3-fec2-4d19-b119-a681f182e368,DASHER_03755,2022-06-18 19:40:00,2022-06-18,2022-06-01,2022,19,Saturday,42,19.0,-23.0,True,8.0,7.34,delivered,True
cb8b6510-00a7-4682-87d3-ce756631efff,3408e807-ef69-4f3f-99db-e52f344a5898,DASHER_03069,2024-09-05 19:51:00,2024-09-05,2024-09-01,2024,19,Thursday,41,41.0,0.0,True,30.09,6.82,delivered,True
6a28b411-0884-4b09-8702-325cb31ad7d8,00d06576-a313-4f5c-a319-06f7494f0357,DASHER_00549,2024-06-14 15:33:00,2024-06-14,2024-06-01,2024,15,Friday,42,58.0,16.0,False,25.88,3.52,delivered,True
4a397a00-b2d2-4e9f-9bf7-f62ec43218f6,90218675-5376-43e2-8431-b834fd1263af,DASHER_01418,2023-04-24 18:16:00,2023-04-24,2023-04-01,2023,18,Monday,44,59.0,15.0,False,43.92,3.92,delivered,True
3ebd0828-f2b3-49b5-aac2-4f669f3fbd41,5daab94d-877e-4712-a29b-efab0fe3a91c,DASHER_04720,2023-06-13 19:11:00,2023-06-13,2023-06-01,2023,19,Tuesday,39,42.0,3.0,True,47.91,4.66,delivered,True
53d2a138-4c35-404c-8d6d-75b205623b8b,0e9dd086-3e85-4a97-be94-d44552d2af83,DASHER_01733,2022-11-23 08:36:00,2022-11-23,2022-11-01,2022,8,Wednesday,23,23.0,0.0,True,26.02,7.02,delivered,True
5556ff0a-9d9a-44f4-a335-42373ee28451,cb85f43d-63eb-4f41-b7ce-4f6f8ede540c,DASHER_02876,2022-10-11 19:00:00,2022-10-11,2022-10-01,2022,19,Tuesday,33,42.0,9.0,False,8.0,4.37,delivered,True
83a90f45-d04d-4886-a818-81a9e6c5fd34,5099fcfd-f316-438f-8ac1-7e344eacd601,DASHER_03111,2024-01-15 21:42:00,2024-01-15,2024-01-01,2024,21,Monday,43,42.0,-1.0,True,52.79,3.72,delivered,True
40ddaf65-eb1b-49a2-8446-721752b35d93,8c9e1003-0c87-449b-8383-c0e9ecd22168,DASHER_03292,2023-08-31 12:35:00,2023-08-31,2023-08-01,2023,12,Thursday,30,26.0,-4.0,True,18.83,3.58,delivered,True
a15f37ba-42a9-4ab9-a899-477d28a62f40,62bedf81-0241-465c-9ca8-c7f7a1daa4fc,DASHER_03051,2024-03-31 16:50:00,2024-03-31,2024-03-01,2024,16,Sunday,22,34.0,12.0,False,8.0,6.7,delivered,True
8be8f27d-dbb2-438a-b3d7-641c249bce4e,71845b05-af78-4ceb-952f-03440883113c,DASHER_01029,2024-06-05 14:55:00,2024-06-05,2024-06-01,2024,14,Wednesday,34,66.0,32.0,False,50.84,7.49,delivered,True
5b0a9e0e-d504-44f9-b5f1-d7b5fc4f364d,53bb4d12-4e57-460d-83e4-006ff977cdc2,DASHER_02979,2022-10-14 18:19:00,2022-10-14,2022-10-01,2022,18,Friday,35,30.0,-5.0,True,40.08,1.42,delivered,True
775c65b2-08bf-413d-871c-0732f4896f30,047e4398-60d7-4fd8-aa6f-5b12eb7704a9,DASHER_02953,2024-11-29 16:08:00,2024-11-29,2024-11-01,2024,16,Friday,27,20.0,-7.0,True,24.84,2.16,delivered,True
9cf625e7-87de-46b2-901c-ebb5878facfb,50ab1adc-bdf5-4eb4-b5a1-72842c30a0f4,DASHER_01394,2024-06-01 06:44:00,2024-06-01,2024-06-01,2024,6,Saturday,41,24.0,-17.0,True,20.83,5.15,delivered,True
01f84d1f-1709-4401-9134-a70cc375d5c0,ed62a955-3f64-4b53-8156-6e46d7e34c36,DASHER_00505,2024-08-15 20:14:00,2024-08-15,2024-08-01,2024,20,Thursday,29,19.0,-10.0,True,16.02,3.13,delivered,True
a8899eb0-b96b-4146-b5b4-5c2afecc6239,6261e095-3ee6-430b-901b-3d0ae0f28c27,DASHER_00455,2024-06-03 10:02:00,2024-06-03,2024-06-01,2024,10,Monday,41,41.0,0.0,True,55.41,2.35,delivered,True
f894940f-198e-42be-ab83-ad288e9131c8,1fd17a05-503c-4728-b9ab-77a43e794bc3,DASHER_00888,2023-01-24 23:52:00,2023-01-24,2023-01-01,2023,23,Tuesday,39,,,,52.26,4.55,cancelled,True
e927e111-a64e-47e5-841c-6658181261f4,934291e8-0340-4bac-a267-6a0d1b7afc2e,DASHER_03043,2022-02-13 14:16:00,2022-02-13,2022-02-01,2022,14,Sunday,28,18.0,-10.0,True,28.35,1.92,delivered,True
567a4943-9f66-4992-85ae-31ae6e4cd2cb,2bd1c419-623d-4538-a0b6-8dd2eeee934b,DASHER_04985,2023-08-16 13:36:00,2023-08-16,2023-08-01,2023,13,Wednesday,29,35.0,6.0,False,17.45,4.17,delivered,True
1409a79f-d72d-4068-8969-548cb8829160,805d38cc-2000-4739-8a61-1c2b3f4d322c,DASHER_04109,2024-12-07 10:04:00,2024-12-07,2024-12-01,2024,10,Saturday,36,63.0,27.0,False,14.06,4.18,delivered,True
b1c7dc44-7e3d-4343-ae89-ace4427f49c4,c4cfb25e-27a9-4fba-9ed9-0f21f19a38cd,DASHER_03539,2022-07-02 19:21:00,2022-07-02,2022-07-01,2022,19,Saturday,30,39.0,9.0,False,39.65,7.9,delivered,True
0ea449d9-abd5-446e-9e32-ed08c4f4d110,91db77b1-0bab-456d-a759-f24b7da60d83,DASHER_04373,2023-12-29 19:47:00,2023-12-29,2023-12-01,2023,19,Friday,33,16.0,-17.0,True,23.37,7.45,delivered,True
f6351fa6-d296-4758-9ee2-25fff52f68c6,0c8ca1c5-7f81-4d41-911c-3d02110a1838,DASHER_04777,2023-11-01 22:24:00,2023-11-01,2023-11-01,2023,22,Wednesday,45,35.0,-10.0,True,54.38,7.4,delivered,True
5b1af9ab-22aa-4368-b336-7083604a61ac,871141a2-08ec-4c5b-b97a-403c484aa3a0,DASHER_01377,2024-06-04 08:55:00,2024-06-04,2024-06-01,2024,8,Tuesday,34,20.0,-14.0,True,37.8,5.13,delivered,True
9ac8df07-2016-416c-87b5-6b303b77eb21,966ffa93-4e00-4238-84d3-eb99b7b8b574,DASHER_02964,2024-03-16 20:43:00,2024-03-16,2024-03-01,2024,20,Saturday,41,38.0,-3.0,True,37.44,5.12,delivered,True
d2df7627-f9ae-494b-bc16-ffa3bc10bdc1,ffd216cb-0413-4779-a2c4-8aa74e39ec4e,DASHER_00032,2023-01-27 15:36:00,2023-01-27,2023-01-01,2023,15,Friday,27,25.0,-2.0,True,8.24,1.91,delivered,True
513d466f-5568-4ba7-86ce-aeac3b5a0ec6,315260a5-49d2-41c6-b125-d658ad716bc0,DASHER_01042,2024-10-09 20:38:00,2024-10-09,2024-10-01,2024,20,Wednesday,35,17.0,-18.0,True,33.51,7.68,delivered,True
fdfd7fd1-28ba-4094-98d9-07ed45a591fd,7bcf338e-a1b8-4088-8fe5-443844f4e484,DASHER_00616,2024-07-19 09:58:00,2024-07-19,2024-07-01,2024,9,Friday,30,44.0,14.0,False,47.25,4.99,delivered,True
387bc0da-9923-4589-9acb-1388e40958d2,d910e224-61c9-4140-a64c-618d1dc93073,DASHER_02217,2023-07-16 21:46:00,2023-07-16,2023-07-01,2023,21,Sunday,36,29.0,-7.0,True,20.23,1.24,delivered,True
62621f70-ca69-42b3-a696-c55123760dcc,27eaab64-09e4-49d5-ad52-955fa9c037d3,DASHER_02890,2024-03-11 12:26:00,2024-03-11,2024-03-01,2024,12,Monday,37,41.0,4.0,True,54.51,1.25,delivered,True
3ce8777a-e94a-4dab-bc21-2aca90fafa6a,1ef06c79-f04d-4de2-987a-32f006d45dbd,DASHER_00748,2022-11-15 11:46:00,2022-11-15,2022-11-01,2022,11,Tuesday,37,41.0,4.0,True,30.96,1.37,delivered,True
d0a28344-54c5-487c-8fa5-245aab983bbc,3a2ee7b6-ffed-4ca4-9204-42b330623809,DASHER_02241,2024-10-09 12:54:00,2024-10-09,2024-10-01,2024,12,Wednesday,34,22.0,-12.0,True,18.15,7.25,delivered,True
430874e1-4317-428f-82bb-89af626dd373,4a17ffa3-5662-46ce-b7c4-33d96dc6f623,DASHER_03996,2022-05-06 08:18:00,2022-05-06,2022-05-01,2022,8,Friday,29,28.0,-1.0,True,28.02,7.67,delivered,True
f594c091-44de-4738-9226-598faa6a4dab,556dae63-0d42-4f81-a507-ae5d4431a3ad,DASHER_04628,2023-03-11 19:15:00,2023-03-11,2023-03-01,2023,19,Saturday,36,49.0,13.0,False,22.03,5.25,delivered,True
9defae74-fb60-4483-8fff-709378a4cc53,867dea61-695b-4633-8547-a0e22f438e7f,DASHER_00197,2024-08-11 02:16:00,2024-08-11,2024-08-01,2024,2,Sunday,34,44.0,10.0,False,30.45,4.38,delivered,True
c178e029-098d-4b68-81ce-5f51b94ff4b8,26120823-6402-4618-a97b-fa2008a87cc0,DASHER_04005,2022-12-23 10:21:00,2022-12-23,2022-12-01,2022,10,Friday,34,32.0,-2.0,True,17.84,4.31,delivered,True
76a01ad4-eaef-4fa6-a3ee-ae86d3d32aae,5f8cf778-64fe-4ea6-b01d-f468db522307,DASHER_03635,2023-03-28 16:22:00,2023-03-28,2023-03-01,2023,16,Tuesday,30,40.0,10.0,False,8.0,3.35,delivered,True
323c42b6-3a9d-4b24-b973-8ee1bee0b6b7,3b3c9b90-0ddd-4927-8e1f-c833acdbb514,DASHER_03328,2023-09-27 17:06:00,2023-09-27,2023-09-01,2023,17,Wednesday,50,44.0,-6.0,True,62.83,3.99,delivered,True
b849a6bc-c9a0-4879-a1bf-8080b419181b,89a84829-6b04-47b8-86c7-25e0f87d8bdf,DASHER_01044,2023-11-27 21:15:00,2023-11-27,2023-11-01,2023,21,Monday,22,12.0,-10.0,True,21.13,5.94,delivered,True
c8f16f63-4e27-4ccf-9966-eeafefbfe33a,bfa97811-4e45-4bf6-a0ec-9f84f1fb5dbb,DASHER_01823,2022-10-12 22:22:00,2022-10-12,2022-10-01,2022,22,Wednesday,31,47.0,16.0,False,36.27,5.45,delivered,True
50ed97d2-8ad9-4bc2-9d1f-29dc12a62cf9,d093ebd2-7f75-4ef0-9771-2d1f2c068ad4,DASHER_02707,2022-04-14 15:30:00,2022-04-14,2022-04-01,2022,15,Thursday,25,12.0,-13.0,True,8.0,6.68,delivered,True
411a08b3-b33b-4598-940c-83d40041a309,99f4838d-67fa-44bc-ad33-cd506b595287,DASHER_04945,2024-08-27 09:45:00,2024-08-27,2024-08-01,2024,9,Tuesday,34,45.0,11.0,False,15.66,7.04,delivered,True
36e4b521-c2f8-4228-835c-a75b12a98622,e1ee35a0-27e8-4cd8-88e2-38d62eac2577,DASHER_04910,2023-03-29 15:07:00,2023-03-29,2023-03-01,2023,15,Wednesday,33,28.0,-5.0,True,29.6,3.53,delivered,True
3c868bff-d44f-487c-8ba4-4a83f952405f,ec7dadd1-ef65-44d3-a60c-b2d2664b97fb,DASHER_00733,2024-08-04 19:05:00,2024-08-04,2024-08-01,2024,19,Sunday,47,67.0,20.0,False,19.99,3.94,delivered,True
918e7377-571b-4c68-8c50-fe0f1846bf8b,88eeb713-088a-4c7d-a7c3-dcaf7dc7e7cb,DASHER_02664,2023-01-18 23:02:00,2023-01-18,2023-01-01,2023,23,Wednesday,41,25.0,-16.0,True,24.75,6.01,delivered,True
ce096cc9-5c33-49a1-8362-875848a4668c,5feb2bba-c725-46cb-a0af-8a6106bfcd10,DASHER_01313,2023-05-30 09:16:00,2023-05-30,2023-05-01,2023,9,Tuesday,33,41.0,8.0,False,18.02,6.23,delivered,True
f1fe756e-0460-4bfe-be7d-56a3fbd69795,79e489a0-38cc-4719-a689-7abac44f0c10,DASHER_00061,2024-05-06 18:16:00,2024-05-06,2024-05-01,2024,18,Monday,42,56.0,14.0,False,17.16,2.04,delivered,True
b821fd1f-6285-4a5c-8078-18334b23872f,15cb2ecc-5e16-4a68-8e7c-d4dba86092c1,DASHER_04155,2024-06-23 14:32:00,2024-06-23,2024-06-01,2024,14,Sunday,28,28.0,0.0,True,37.25,7.31,delivered,True
07c81ee1-50c7-4d54-a601-b1991124a3a5,21682f69-5c47-4a72-87a5-336de7345560,DASHER_01543,2024-07-02 22:20:00,2024-07-02,2024-07-01,2024,22,Tuesday,33,29.0,-4.0,True,14.49,1.27,delivered,True
c4632e5c-4daf-4e32-80ae-88e49b216be4,6e5d33a4-fd0b-4d89-8f3f-79da6346807b,DASHER_02802,2022-03-31 18:57:00,2022-03-31,2022-03-01,2022,18,Thursday,33,44.0,11.0,False,34.29,4.59,delivered,True
0c4cc1a2-b4bf-4acf-ba8f-74cd940fd563,b6d68f2a-53c2-43ac-b6a5-0e180d39c447,DASHER_04518,2024-05-18 18:30:00,2024-05-18,2024-05-01,2024,18,Saturday,50,40.0,-10.0,True,13.85,4.86,delivered,True
99019080-fd63-47b3-8dee-d7346e6fb303,52775d01-bd36-429f-a4bf-98ea53967b12,DASHER_01774,2023-09-25 22:41:00,2023-09-25,2023-09-01,2023,22,Monday,39,48.0,9.0,False,30.66,2.53,delivered,True
e3947ecc-f82a-400d-91f8-fc0864938934,dd0deac7-f785-487f-bfb9-07e703ba337f,DASHER_04328,2023-08-11 20:22:00,2023-08-11,2023-08-01,2023,20,Friday,22,10.0,-25.0,True,22.41,1.45,delivered,True
04be0565-78c4-41dd-bff1-bf22edb0c5da,ccb80a76-79ff-4343-bebb-fee9c4d76672,DASHER_02568,2023-08-31 20:47:00,2023-08-31,2023-08-01,2023,20,Thursday,49,50.0,1.0,True,35.76,7.8,delivered,True
adedcf46-28e0-4460-91e0-8826fd7ce033,4c34dbf0-0d16-429e-910b-9184e99eb21b,DASHER_03243,2022-05-20 20:32:00,2022-05-20,2022-05-01,2022,20,Friday,25,40.0,15.0,False,15.04,5.92,delivered,True
ae9d9816-6cc2-4262-84b5-93a0b33c9ed6,b6d991b2-7063-42d8-ac3d-0eae2fcccc6e,DASHER_01873,2024-01-10 22:26:00,2024-01-10,2024-01-01,2024,22,Wednesday,31,26.0,-5.0,True,42.17,5.93,delivered,True
2df9c926-d66e-46a8-91fb-18a58142a013,25a0eb54-5208-4418-9d3a-b5c847d45dd5,DASHER_02099,2024-07-05 20:09:00,2024-07-05,2024-07-01,2024,20,Friday,41,62.0,21.0,False,24.31,4.94,delivered,True
789d39df-e4e2-4968-8056-d130db163b37,4c53a8cf-a625-4c95-8616-b668b5fd747d,DASHER_04815,2023-01-12 23:08:00,2023-01-12,2023-01-01,2023,23,Thursday,32,24.0,-8.0,True,50.13,5.43,delivered,True
d113e90f-7591-44f2-a201-f0acd3b68f70,ebf4f62f-28a1-42e0-a01c-e854ae20caee,DASHER_02332,2023-02-10 15:08:00,2023-02-10,2023-02-01,2023,15,Friday,36,47.0,11.0,False,38.33,2.49,delivered,True
79bd3cb2-2087-4e3a-be48-36a10688526c,1f41cb03-f0c7-4873-95d6-d4abee059914,DASHER_01465,2023-01-14 18:30:00,2023-01-14,2023-01-01,2023,18,Saturday,41,45.0,4.0,True,30.23,5.12,delivered,True
45f3b6fd-27e3-4f10-b278-65db8fe8b93a,b454dd0e-3f59-4acd-8de8-869c3f5048f6,DASHER_01558,2022-10-20 08:39:00,2022-10-20,2022-10-01,2022,8,Thursday,36,25.0,-11.0,True,21.39,5.46,delivered,True
dcbd5b3f-39f5-4ef8-bf49-6d0bd6000482,2128f213-de84-4c3a-ad1f-0f8a55599ffb,DASHER_01090,2022-03-09 07:43:00,2022-03-09,2022-03-01,2022,7,Wednesday,32,19.0,-13.0,True,8.0,4.89,delivered,True
5cc5a730-8747-4ddd-91d9-9cc0c32f6b85,12f9f3bb-bbb4-4f4a-99f1-008fc3d9a633,DASHER_04943,2022-02-22 16:27:00,2022-02-22,2022-02-01,2022,16,Tuesday,29,14.0,-15.0,True,46.25,4.76,delivered,True
0fe2ad6a-1ba0-4300-9445-77b100131278,436d7edd-d768-4c3b-8986-4021af5abc6c,DASHER_00196,2023-03-12 19:42:00,2023-03-12,2023-03-01,2023,19,Sunday,38,35.0,-3.0,True,45.46,1.34,delivered,True
0bbf134e-9259-44ff-a8bd-9f937a58182d,60bac4b7-e0e5-43d3-b1a0-952b377afe55,DASHER_02528,2024-06-16 16:19:00,2024-06-16,2024-06-01,2024,16,Sunday,32,44.0,12.0,False,24.45,7.49,delivered,True
fac9e550-8936-4e5d-a998-ee8009fe227c,f58a448e-e697-4b10-bfee-d4fe4a6fd258,DASHER_02916,2022-01-10 19:36:00,2022-01-10,2022-01-01,2022,19,Monday,29,24.0,-5.0,True,20.82,7.33,delivered,True
9041a60e-2323-48eb-a3ee-bcbea98234c1,647b17fc-02cf-4b70-a27f-4272309468ff,DASHER_04676,2022-02-03 17:21:00,2022-02-03,2022-02-01,2022,17,Thursday,28,23.0,-5.0,True,19.03,3.65,delivered,True
e0592a19-4b32-4527-b79e-7e17001d8c46,f58a448e-e697-4b10-bfee-d4fe4a6fd258,DASHER_03996,2022-10-27 10:58:00,2022-10-27,2022-10-01,2022,10,Thursday,35,36.0,1.0,True,15.35,2.71,delivered,True
5cbafb19-8653-431a-872a-c780d27d6c36,41af0b3d-cc13-4170-8677-a9ff4a0b8587,DASHER_01356,2023-09-15 19:56:00,2023-09-15,2023-09-01,2023,19,Friday,26,33.0,7.0,False,23.53,5.76,delivered,True
1a5f21d8-342d-4c14-ad3a-20f2f9d0b62a,b171a987-18e0-4143-a3ac-73f04e51154c,DASHER_03526,2024-08-15 09:49:00,2024-08-15,2024-08-01,2024,9,Thursday,35,31.0,-4.0,True,18.67,3.9,delivered,True
44c0acb9-53bf-4381-8c90-7a24bcbe9d96,e9125c0f-6d8e-4113-ba4e-35c74a743633,DASHER_00712,2022-08-04 04:06:00,2022-08-04,2022-08-01,2022,4,Thursday,41,38.0,-3.0,True,8.0,7.08,delivered,True
21e7aeb9-8ee4-437a-900f-ec7f5b85fe6a,5099fcfd-f316-438f-8ac1-7e344eacd601,DASHER_04274,2024-03-21 09:52:00,2024-03-21,2024-03-01,2024,9,Thursday,28,10.0,-19.0,True,20.86,7.68,delivered,True
046b89ab-a73d-45e9-a3ae-527f8690a3a1,37aca1fd-fdf9-4acc-8a17-363e7518565e,DASHER_02013,2022-12-13 11:16:00,2022-12-13,2022-12-01,2022,11,Tuesday,16,10.0,-21.0,True,17.13,5.54,delivered,True
85489ddd-1492-4528-86b8-6285e3ee0875,0651182b-1fad-4e0a-9835-9ea1d5aa9d4f,DASHER_02455,2024-01-08 07:27:00,2024-01-08,2024-01-01,2024,7,Monday,22,15.0,-7.0,True,19.32,2.9,delivered,True
74a11566-8417-422d-85d3-25f9b5e7d7a8,8d302156-6612-4355-beb7-629fa83b3943,DASHER_03236,2023-04-12 19:15:00,2023-04-12,2023-04-01,2023,19,Wednesday,41,30.0,-11.0,True,19.93,4.27,delivered,True
f235e8cc-a4ad-4ba4-9dd5-5ea699ec8553,05866ac1-635d-4636-8682-5b28b5aedc85,DASHER_04935,2022-05-20 20:41:00,2022-05-20,2022-05-01,2022,20,Friday,32,45.0,13.0,False,8.0,7.78,delivered,True
3b35c376-0c4d-4eeb-8c05-42e67ebaabeb,1d944406-d9d7-4e0c-bcce-d0725f346f07,DASHER_01292,2023-05-23 18:39:00,2023-05-23,2023-05-01,2023,18,Tuesday,34,34.0,0.0,True,42.92,1.53,delivered,True
737bd346-415e-4e87-9f1c-c1fa593013c7,a92eb381-5d01-48e3-8519-d03d70275a6c,DASHER_04750,2023-03-17 07:48:00,2023-03-17,2023-03-01,2023,7,Friday,47,45.0,-2.0,True,31.29,1.69,delivered,True
5a913212-81f0-4c7e-bf4e-e0c01cf6aafe,ee97d322-c143-4e9d-b557-376b193f7441,DASHER_01776,2022-11-08 10:59:00,2022-11-08,2022-11-01,2022,10,Tuesday,39,59.0,20.0,False,23.12,1.02,delivered,True
a5708521-1ca8-45e3-897b-4656ca1f7f0f,72eed0c7-ee34-407a-b310-8a3ec47acf3d,DASHER_03493,2022-12-30 06:31:00,2022-12-30,2022-12-01,2022,6,Friday,29,37.0,8.0,False,31.67,4.38,delivered,True
54bf1c8f-2378-43c7-84c3-da12921aaef4,6141c8ff-5e91-4d45-8363-33562058f1d0,DASHER_02006,2022-03-13 21:11:00,2022-03-13,2022-03-01,2022,21,Sunday,27,16.0,-11.0,True,49.63,4.39,delivered,True
2f7b6ca6-d6a3-4641-83f4-01d1db054564,4fa17d53-ab84-4b87-9df8-1e6cfd209ba3,DASHER_00861,2023-10-18 14:36:00,2023-10-18,2023-10-01,2023,14,Wednesday,42,42.0,0.0,True,26.14,5.58,delivered,True
3403e311-f50b-4aa5-94c0-fc7d68b53640,2ae0bcf3-cd33-40cd-aa41-c1a7fe0a967f,DASHER_01426,2022-06-12 22:24:00,2022-06-12,2022-06-01,2022,22,Sunday,45,29.0,-16.0,True,55.6,4.7,delivered,True
79c0b8d4-a3fc-4a1c-ab6b-30815a372276,a7570bde-0e27-4006-a634-167889f3f26a,DASHER_00595,2023-06-11 23:50:00,2023-06-11,2023-06-01,2023,23,Sunday,29,46.0,17.0,False,8.0,3.18,delivered,True
8a39b273-17af-4502-9ad3-d18bc6c1a056,2128f213-de84-4c3a-ad1f-0f8a55599ffb,DASHER_04525,2024-10-06 12:39:00,2024-10-06,2024-10-01,2024,12,Sunday,41,49.0,8.0,False,20.83,1.97,delivered,True
5544aac6-eaa3-4145-837a-6e54f7028aef,6e3f991c-0222-4fa5-9d5f-cbac2558eb9e,DASHER_04257,2023-01-17 21:54:00,2023-01-17,2023-01-01,2023,21,Tuesday,36,36.0,0.0,True,33.13,1.06,delivered,True
c1d562f5-68c6-4cfb-8320-8303b602b809,a3035b26-42eb-4537-9dd4-d5eb422fb48d,DASHER_00927,2023-02-18 11:45:00,2023-02-18,2023-02-01,2023,11,Saturday,31,29.0,-2.0,True,11.92,1.17,delivered,True
7f34287d-dd2f-43f3-a7a0-2ffa2d37ae95,37aca1fd-fdf9-4acc-8a17-363e7518565e,DASHER_02869,2023-03-16 09:44:00,2023-03-16,2023-03-01,2023,9,Thursday,43,50.0,7.0,False,33.53,2.3,delivered,True
d0e94370-fc4f-4ff3-b0f6-15e2350705c6,100ed743-c4e6-438e-888c-e614efb05f1f,DASHER_01804,2024-07-12 14:23:00,2024-07-12,2024-07-01,2024,14,Friday,44,63.0,19.0,False,40.77,4.94,delivered,True
184d7919-17e0-4e35-9479-716494cb43ec,880cd7cf-e6f9-4eea-bdc7-f792c6ca9803,DASHER_00217,2023-08-18 09:57:00,2023-08-18,2023-08-01,2023,9,Friday,40,40.0,0.0,True,19.42,1.7,delivered,True
4f033387-9314-4aa9-8af6-842293680544,0111a2d0-836e-4645-af9e-cb95f968398a,DASHER_04399,2022-06-20 14:32:00,2022-06-20,2022-06-01,2022,14,Monday,46,59.0,13.0,False,21.62,5.17,delivered,True
9cfa7b33-8f19-470c-8df9-0635a41d1d21,00373304-2f50-45c4-85dc-ebe88e2cf084,DASHER_03541,2023-01-03 12:21:00,2023-01-03,2023-01-01,2023,12,Tuesday,37,41.0,4.0,True,42.49,4.09,delivered,True
deb0c079-7117-4351-b0a8-8a47027971aa,21263509-3a0b-4795-a346-7ae41cf67974,DASHER_02768,2022-02-02 09:02:00,2022-02-02,2022-02-01,2022,9,Wednesday,29,23.0,-6.0,True,36.09,2.97,delivered,True
2bc39b42-6bda-466a-b08d-e6a9472e568a,23d4f074-c094-4741-a523-b2fa964b54f9,DASHER_02807,2022-01-25 13:12:00,2022-01-25,2022-01-01,2022,13,Tuesday,50,62.0,12.0,False,37.04,1.18,delivered,True
adb47457-982c-4e1b-b467-c92942d26372,c7b38bde-0329-48e6-9336-09de3e41ebca,DASHER_03382,2023-10-23 20:00:00,2023-10-23,2023-10-01,2023,20,Monday,25,23.0,-2.0,True,43.22,2.62,delivered,True
225f5666-54d8-46fb-b87b-f148b84dc380,9e8cd1db-3511-4b5a-b6c3-2e73785994b8,DASHER_01861,2024-10-13 16:27:00,2024-10-13,2024-10-01,2024,16,Sunday,31,18.0,-13.0,True,33.68,7.96,delivered,True
c27981e0-fa3e-49ff-9069-515a7d3b9811,a97df63e-af03-4dfa-80f0-844ff375caae,DASHER_02637,2024-07-09 14:42:00,2024-07-09,2024-07-01,2024,14,Tuesday,34,37.0,3.0,True,13.54,1.58,delivered,True
9006c324-8cbd-4b09-a105-04e8c34383cc,180960e6-f823-4317-9f3e-438b57ef4c5c,DASHER_01126,2022-12-01 15:29:00,2022-12-01,2022-12-01,2022,15,Thursday,50,29.0,-21.0,True,8.0,4.83,delivered,True
c4f7e705-5ad7-4dfd-8f7a-5406b5c783fa,adad5940-e205-4086-9222-7b0104825fd5,DASHER_00737,2022-02-22 08:44:00,2022-02-22,2022-02-01,2022,8,Tuesday,29,,,,28.55,2.34,cancelled,True
72d2a372-3451-4108-9e18-cb0cb2152f1b,1049731b-f8c8-4257-8315-e45e89676bd0,DASHER_04886,2022-02-26 15:12:00,2022-02-26,2022-02-01,2022,15,Saturday,32,40.0,8.0,False,13.49,1.27,delivered,True
d4834233-4110-4019-a64e-b7b26cb6f3a7,52775d01-bd36-429f-a4bf-98ea53967b12,DASHER_02237,2022-03-02 09:02:00,2022-03-02,2022-03-01,2022,9,Wednesday,32,34.0,2.0,True,39.0,1.53,delivered,True
9e70017c-1062-4fae-9698-e5a109a82f01,bd2341f2-01fa-4d80-a040-b050330d13d4,DASHER_03603,2022-07-01 16:42:00,2022-07-01,2022-07-01,2022,16,Friday,27,16.0,-11.0,True,40.17,4.96,delivered,True
8995bee7-3603-469f-8daa-41a253a09538,9c3c6b14-50ec-4bb4-8732-6327a28d847b,DASHER_02085,2024-11-10 17:12:00,2024-11-10,2024-11-01,2024,17,Sunday,32,29.0,-3.0,True,36.33,5.61,delivered,True
de013227-c17f-4e5e-b7ab-bd6e729565d0,8d7b7c77-224e-44e7-abd2-58440cf94146,DASHER_04269,2022-02-21 12:19:00,2022-02-21,2022-02-01,2022,12,Monday,27,23.0,-4.0,True,26.86,1.83,delivered,True
c3129900-6ab8-4356-aa94-69ae301585e9,4ae2a95c-4f3f-4078-a542-685cc396e39a,DASHER_02746,2022-05-08 22:06:00,2022-05-08,2022-05-01,2022,22,Sunday,54,54.0,0.0,True,22.91,5.86,delivered,True
25a7e8e6-cfd4-44f3-90a8-1ea9bd998421,5e854b00-0ee9-4543-a38f-29818955e30d,DASHER_03269,2024-08-09 15:57:00,2024-08-09,2024-08-01,2024,15,Friday,26,47.0,21.0,False,41.38,6.15,delivered,True
d3decd77-170d-40ce-bc3e-2a4286e111c6,00e9e57c-da41-423a-b064-22caded5e2fc,DASHER_00615,2022-07-17 16:36:00,2022-07-17,2022-07-01,2022,16,Sunday,37,41.0,4.0,True,44.18,7.62,delivered,True
d9048af1-6357-4be1-bb00-0df012bd6c4d,0d287e69-c13a-440b-9f24-cb52e05dffcf,DASHER_01884,2022-03-24 08:09:00,2022-03-24,2022-03-01,2022,8,Thursday,31,24.0,-7.0,True,12.04,3.13,delivered,True
6e3fb662-4ac8-4863-9642-1a813307a4c5,136f3e33-7563-4f27-89d7-b708276f7a5e,DASHER_01218,2024-10-30 21:28:00,2024-10-30,2024-10-01,2024,21,Wednesday,30,31.0,1.0,True,59.7,5.44,delivered,True
48661a8e-342b-4595-b055-0588ae2c3e23,1ffb7371-3bdd-4f43-bb37-364b43d2b53b,DASHER_04112,2023-01-09 17:33:00,2023-01-09,2023-01-01,2023,17,Monday,41,29.0,-12.0,True,21.84,4.48,delivered,True
dfa1c104-0a30-4881-9ed4-6cd0538fc0da,180960e6-f823-4317-9f3e-438b57ef4c5c,DASHER_02780,2024-07-28 22:39:00,2024-07-28,2024-07-01,2024,22,Sunday,19,10.0,-18.0,True,18.84,5.38,delivered,True
1fb54b2d-244c-4685-b3a2-a9cfad374dc3,690b0fda-fa46-4054-88af-7d7262928ddc,DASHER_03284,2022-12-01 19:16:00,2022-12-01,2022-12-01,2022,19,Thursday,18,39.0,21.0,False,33.67,5.65,delivered,True
3fc1f7d6-44a8-426d-bb02-46b86c00f3b6,2c36338c-58f6-4d55-9b3e-5b16c9028c29,DASHER_02183,2023-02-05 19:51:00,2023-02-05,2023-02-01,2023,19,Sunday,21,18.0,-3.0,True,39.4,5.09,delivered,True
f271415d-0020-438f-992e-32e8aef0cf75,b007ff0c-84c4-44af-821f-6505a4f3d905,DASHER_04938,2023-04-22 12:48:00,2023-04-22,2023-04-01,2023,12,Saturday,41,27.0,-14.0,True,42.56,1.53,delivered,True
6e4843f2-3e0b-447b-b924-2233d4f7385a,fc84acc2-7d51-43b6-9a34-320ae65bd4b4,DASHER_01849,2024-05-02 19:25:00,2024-05-02,2024-05-01,2024,19,Thursday,45,72.0,27.0,False,42.82,7.25,delivered,True
45c7faab-eb85-48b1-9872-8b51622a8e32,4ab70675-b98a-4de7-9964-847d9dd3d37c,DASHER_00484,2024-03-10 18:03:00,2024-03-10,2024-03-01,2024,18,Sunday,21,28.0,7.0,False,16.13,1.81,delivered,True
eab03aa4-b6c8-4a1c-bb94-2ccb117d0b18,fc3b7f42-e086-488b-b614-384b32455509,DASHER_01450,2022-09-30 07:25:00,2022-09-30,2022-09-01,2022,7,Friday,32,24.0,-8.0,True,43.81,3.8,delivered,True
1e94dea0-324c-45c9-994b-7782c1fb706c,5534db5e-a98a-4dd3-8cce-0e1afd735ac4,DASHER_02260,2024-12-17 17:11:00,2024-12-17,2024-12-01,2024,17,Tuesday,33,38.0,5.0,True,22.06,2.85,delivered,True
7a5ef714-0eda-4cb4-a192-eeb6b18ee8f2,0ffbece7-b236-4383-b170-ef0e5fb8b7cc,DASHER_02219,2024-01-14 20:07:00,2024-01-14,2024-01-01,2024,20,Sunday,33,10.0,-24.0,True,52.64,1.58,delivered,True
45c7b715-114a-4f66-bc04-b71005abbde6,073c5684-a296-4808-baf0-203d9ab78e38,DASHER_03916,2022-08-04 16:16:00,2022-08-04,2022-08-01,2022,16,Thursday,21,28.0,7.0,False,20.96,5.48,delivered,True
0220a82f-fbe3-4e01-aac3-520ff7e75529,2f88fc1e-6387-4360-b7f1-3dc02f540d91,DASHER_02459,2022-12-08 20:05:00,2022-12-08,2022-12-01,2022,20,Thursday,28,18.0,-10.0,True,15.63,7.28,delivered,True
bac2bd4b-b3c8-46a7-91bd-9a0306404e04,53bb4d12-4e57-460d-83e4-006ff977cdc2,DASHER_01422,2022-06-02 09:07:00,2022-06-02,2022-06-01,2022,9,Thursday,41,59.0,18.0,False,51.48,7.3,delivered,True
f1584391-e9e9-4d7b-badb-9f168829f4a7,194a06ef-3e4f-4502-85b0-ae765533aad9,DASHER_03612,2024-03-04 11:37:00,2024-03-04,2024-03-01,2024,11,Monday,27,19.0,-8.0,True,26.71,5.55,delivered,True
5a166d2f-f52f-464f-9b9b-0cfa04662d15,b007ff0c-84c4-44af-821f-6505a4f3d905,DASHER_00017,2024-12-17 21:23:00,2024-12-17,2024-12-01,2024,21,Tuesday,27,28.0,1.0,True,9.1,1.42,delivered,True
a340cfe7-6fd0-4437-8dd7-cd010d6c9a9f,16409aa4-e312-4c5a-959e-8146e2477e04,DASHER_01804,2023-10-10 20:16:00,2023-10-10,2023-10-01,2023,20,Tuesday,21,42.0,21.0,False,39.15,4.97,delivered,True
1819a27f-2dec-48cc-91c9-1dd573b65c75,4f4eb30c-a58d-41fa-a2ba-6f04b0f889d1,DASHER_01610,2023-04-26 04:29:00,2023-04-26,2023-04-01,2023,4,Wednesday,27,32.0,5.0,True,10.81,7.97,delivered,True
ad5508f1-e67f-404e-ae61-b44cf5232631,6a249cce-a90e-4d90-b9d5-1f5dd3b1a6aa,DASHER_01954,2022-02-22 19:05:00,2022-02-22,2022-02-01,2022,19,Tuesday,40,49.0,9.0,False,27.66,5.75,delivered,True
81c89470-4581-40e2-9e7e-93274ce6b1eb,d9dbed11-36ab-48ae-aa8e-6e7e69ec58d6,DASHER_02200,2024-02-26 22:19:00,2024-02-26,2024-02-01,2024,22,Monday,25,26.0,1.0,True,33.0,5.41,delivered,True
abb08b5b-1bc7-46ef-bbcf-60c626cd90e4,bd5ea23d-80cc-4497-98bf-581030b1e403,DASHER_04873,2022-01-28 15:47:00,2022-01-28,2022-01-01,2022,15,Friday,34,23.0,-11.0,True,20.68,4.11,delivered,True
8ec9c625-6337-4c1d-b506-c571de18fd16,fe9048ac-13af-4e1a-875c-64967ba99e8a,DASHER_04022,2023-09-26 18:56:00,2023-09-26,2023-09-01,2023,18,Tuesday,30,38.0,8.0,False,8.0,5.17,delivered,True
88919c63-0343-4552-be78-1c606ed8440f,442a6be0-8e3c-49b9-849d-2a4583d6381d,DASHER_02867,2022-03-17 14:00:00,2022-03-17,2022-03-01,2022,14,Thursday,21,31.0,10.0,False,22.42,7.29,delivered,True
98e5efeb-599f-45af-9721-8b9078568f23,c0689d68-05eb-4dd7-ad09-9a15432b44a0,DASHER_02083,2023-10-15 00:46:00,2023-10-15,2023-10-01,2023,0,Sunday,33,37.0,4.0,True,28.15,6.32,delivered,True
ce69425e-c99e-40b6-8089-8ae68b6782d5,e9a3df21-8011-497d-923f-1cbdedc634b4,DASHER_04189,2023-01-19 22:30:00,2023-01-19,2023-01-01,2023,22,Thursday,44,67.0,23.0,False,49.3,1.78,delivered,True
282a8ff6-2830-4ac9-b092-53178ea483dd,2f4330c2-e288-4198-9c27-0265241ee099,DASHER_02419,2022-12-20 06:25:00,2022-12-20,2022-12-01,2022,6,Tuesday,32,39.0,7.0,False,20.93,1.98,delivered,True
6b11b90a-7d04-4c9c-8a41-608911a2a63a,f3124524-fe88-43db-bdc0-b8899ac991b0,DASHER_03708,2022-03-17 21:39:00,2022-03-17,2022-03-01,2022,21,Thursday,28,35.0,7.0,False,16.83,1.22,delivered,True
1eee2465-fa9c-4d68-bb71-473e80bf0a76,60007bf6-ac09-4646-a21e-c3986465cdb9,DASHER_00113,2022-05-07 18:18:00,2022-05-07,2022-05-01,2022,18,Saturday,34,53.0,19.0,False,43.04,5.48,delivered,True
fee65cd4-2f33-4231-b97c-df3d070a089d,15f7afdd-2f0b-4288-bc53-243e0228720b,DASHER_02899,2023-04-02 21:10:00,2023-04-02,2023-04-01,2023,21,Sunday,35,58.0,23.0,False,20.45,5.92,delivered,True
18872e64-50a0-4b1b-b079-2a674e359718,baeea725-7d61-4880-97f3-1464934553dd,DASHER_03854,2023-10-22 19:45:00,2023-10-22,2023-10-01,2023,19,Sunday,32,38.0,6.0,False,19.62,5.87,delivered,True
60bb406d-912c-4972-a4d5-fcb678043829,f7891691-a053-476b-b33a-28fcc2830410,DASHER_01881,2023-03-13 21:57:00,2023-03-13,2023-03-01,2023,21,Monday,21,22.0,1.0,True,41.32,4.34,delivered,True
38e4287d-2c4d-40bd-a677-1685b638464c,a6c9deb2-096e-4d4b-a0ea-a3bdb724ad19,DASHER_03559,2024-08-18 19:38:00,2024-08-18,2024-08-01,2024,19,Sunday,36,22.0,-14.0,True,8.0,1.1,delivered,True
610eff64-15b6-4ba9-99fb-fe17eb80ffcd,1080357b-bb63-47e9-af21-8270650b4d3e,DASHER_04386,2023-10-01 19:06:00,2023-10-01,2023-10-01,2023,19,Sunday,45,49.0,4.0,True,29.63,2.96,delivered,True
78f0255d-d7fd-4329-b53a-a1153a4c72c9,de9e9f30-1b96-4896-830f-2ddba255ce07,DASHER_01092,2023-04-16 17:15:00,2023-04-16,2023-04-01,2023,17,Sunday,35,24.0,-11.0,True,51.43,4.71,delivered,True
04c6cd74-b6c5-482c-a3ff-a54bfc4040fe,d45c8cec-fe1f-4a5c-a776-a3acf6dc6b7c,DASHER_02926,2024-04-19 18:24:00,2024-04-19,2024-04-01,2024,18,Friday,33,33.0,0.0,True,22.57,7.41,delivered,True
1bbfe0b6-fc7a-4778-a26e-d407585104aa,74fee88a-883a-4bf3-9fb1-2216db44ad63,DASHER_04099,2022-02-05 21:20:00,2022-02-05,2022-02-01,2022,21,Saturday,43,55.0,12.0,False,8.0,3.03,delivered,True
3d0bb208-fa8f-4927-8b81-937d7e2df817,bc9124bd-0dd3-4fb0-9fbe-b93824c5b538,DASHER_04312,2024-03-08 09:08:00,2024-03-08,2024-03-01,2024,9,Friday,23,38.0,15.0,False,54.52,6.97,delivered,True
d2bcef55-4bbb-4607-b9ec-7536c29c56bb,4b67adf6-220f-4ec0-a951-ec2e2e0c65c9,DASHER_02634,2023-12-09 18:03:00,2023-12-09,2023-12-01,2023,18,Saturday,37,10.0,-34.0,True,28.04,3.83,delivered,True
ea50f123-c441-435f-8dd7-95160406bcdb,5e0405cc-e039-43c1-9654-c2b16d645bd6,DASHER_04839,2023-05-08 12:51:00,2023-05-08,2023-05-01,2023,12,Monday,34,42.0,8.0,False,14.92,6.05,delivered,True
229a5138-7bc5-412e-8644-a26976460bdf,1ce7dcba-9d87-46f4-a052-4bb0e8167baf,DASHER_03980,2024-05-04 22:59:00,2024-05-04,2024-05-01,2024,22,Saturday,48,35.0,-13.0,True,48.17,7.12,delivered,True
43a9d867-4ea0-4504-a847-6200ab5068c8,40ee7684-f164-4174-b8d8-5820ae68833b,DASHER_02705,2023-06-01 17:47:00,2023-06-01,2023-06-01,2023,17,Thursday,37,27.0,-10.0,True,36.65,3.31,delivered,True
8d309ed5-b23b-4b63-8e84-d390723c758b,6c1b14ae-3fbc-43eb-a0d7-9e12b5849c22,DASHER_02659,2023-08-18 14:50:00,2023-08-18,2023-08-01,2023,14,Friday,37,23.0,-14.0,True,16.72,6.4,delivered,True
b9b0daf5-29d5-4442-abfb-4f52b58167df,707ea155-8c27-4895-887f-cc2a373d80ab,DASHER_03507,2022-11-20 21:37:00,2022-11-20,2022-11-01,2022,21,Sunday,35,10.0,-26.0,True,24.31,6.5,delivered,True
00bb4595-c708-4afe-a34b-403dedf638fe,e1ff6786-efc1-4609-96b8-fc02cee6a4d5,DASHER_01164,2024-03-24 16:43:00,2024-03-24,2024-03-01,2024,16,Sunday,39,59.0,20.0,False,8.0,1.41,delivered,True
e20e3d00-3195-4859-8f7d-bf3a0d13c4e5,04fbade6-29fd-4fcf-b863-51d16c453153,DASHER_00734,2023-04-04 19:21:00,2023-04-04,2023-04-01,2023,19,Tuesday,33,45.0,12.0,False,15.46,7.58,delivered,True
2c73ac76-b528-406a-b4cc-a915a85a2966,0616afaf-dcdd-4e7d-8181-6c6fd8f47fe9,DASHER_04451,2023-08-03 08:36:00,2023-08-03,2023-08-01,2023,8,Thursday,45,45.0,0.0,True,11.64,3.37,delivered,True
5ccf4e61-e0aa-4702-acac-c2209414214b,bd85550a-4e6f-4bdf-a67e-dda9bbf7bad4,DASHER_02329,2023-02-18 19:38:00,2023-02-18,2023-02-01,2023,19,Saturday,40,32.0,-8.0,True,17.24,6.05,delivered,True
0479c98e-315c-4ce2-a9bd-824defe7e0c9,8f38a302-aaa3-40c0-8724-be5162259a9d,DASHER_01675,2022-12-10 02:03:00,2022-12-10,2022-12-01,2022,2,Saturday,38,32.0,-6.0,True,27.92,2.83,delivered,True
f755c7ef-fe5a-456f-b87d-1dda96315e9f,d1d75ce4-bc84-48c7-b70a-cd0d4c53925b,DASHER_04270,2024-04-14 06:33:00,2024-04-14,2024-04-01,2024,6,Sunday,27,19.0,-8.0,True,34.81,3.44,delivered,True
144dc53e-a335-4dee-81bb-b3a614352cac,2f9a2f5b-dbcd-4cdb-813d-d62ffe6140d6,DASHER_00540,2023-01-22 19:44:00,2023-01-22,2023-01-01,2023,19,Sunday,42,33.0,-9.0,True,27.91,4.36,delivered,True
814fc9fe-49b5-4249-9185-160ada3b5f0e,5bc72129-2a13-410b-8545-fc60032db419,DASHER_00500,2024-02-27 04:15:00,2024-02-27,2024-02-01,2024,4,Tuesday,39,60.0,21.0,False,14.0,2.96,delivered,True
acd9be84-a2ea-41ff-be92-056e671242ec,590aee83-b720-448e-b3f2-4a8570d03160,DASHER_01480,2024-12-19 19:15:00,2024-12-19,2024-12-01,2024,19,Thursday,34,16.0,-18.0,True,41.61,5.73,delivered,True
f34abc97-723e-4b2b-b515-80c1942ff2e4,e73cc532-82c3-4beb-9289-5d3d013cf4ca,DASHER_00547,2023-02-12 07:30:00,2023-02-12,2023-02-01,2023,7,Sunday,43,36.0,-7.0,True,39.4,3.9,delivered,True
c86284eb-cd6a-4178-8d1d-a616e68d04d5,97ea5a3c-ece4-4e94-b2d0-35165768e901,DASHER_03736,2024-04-26 16:29:00,2024-04-26,2024-04-01,2024,16,Friday,36,38.0,2.0,True,12.33,3.63,delivered,True
9e0d21b6-f274-48b4-9f4a-60d4265ca2e9,76409af3-5705-49b6-a4f3-21c039e17069,DASHER_04130,2024-01-02 13:21:00,2024-01-02,2024-01-01,2024,13,Tuesday,32,30.0,-2.0,True,38.81,7.02,delivered,True
8f238275-90f6-46e3-a534-974aaaeee6a8,ea0a15b8-0d7d-491b-8113-d407145deb2f,DASHER_03127,2023-05-28 10:49:00,2023-05-28,2023-05-01,2023,10,Sunday,39,39.0,0.0,True,21.24,5.36,delivered,True
fb53296d-0b04-4558-a64b-22146c6d8561,684cdc82-91ca-42b7-9336-de28c0cc8756,DASHER_01574,2023-10-08 13:15:00,2023-10-08,2023-10-01,2023,13,Sunday,39,26.0,-13.0,True,25.0,7.61,delivered,True
c5d99f6a-9133-4f17-a8ea-9922d448f06e,0b71697b-203a-4aea-8aae-0b47b0b854a4,DASHER_02579,2022-06-18 10:43:00,2022-06-18,2022-06-01,2022,10,Saturday,30,30.0,0.0,True,22.8,3.34,delivered,True
5067110f-a75c-4d8a-b11b-a7ea7e04aa28,40cef1ea-5719-460f-8c9e-41332dd5ceb5,DASHER_03461,2022-02-28 16:09:00,2022-02-28,2022-02-01,2022,16,Monday,33,34.0,1.0,True,44.59,6.01,delivered,True
8527ea4e-6cbf-48a5-ae19-481e9a3680cc,ce4b693c-7d4a-4bf2-ac47-536b315e6430,DASHER_03579,2023-10-18 18:07:00,2023-10-18,2023-10-01,2023,18,Wednesday,35,35.0,0.0,True,15.91,2.09,delivered,True
70f6a34e-988f-4ad8-8ff7-a162c109935f,abd35160-b08e-4392-a2f1-e80e859c16a7,DASHER_03712,2024-05-10 22:35:00,2024-05-10,2024-05-01,2024,22,Friday,47,46.0,-1.0,True,19.23,5.04,delivered,True
216f7b5c-fb4e-4318-a4ee-189e994a7573,dd76ea3f-771c-4693-8ede-c59c1f02903a,DASHER_01383,2023-05-26 05:37:00,2023-05-26,2023-05-01,2023,5,Friday,20,18.0,-2.0,True,44.25,3.4,delivered,True
64648f72-a510-4f3c-b5cc-3ed5a01be00c,717f5a9c-c8d2-4626-bfc9-95c5c295726e,DASHER_03718,2022-03-10 09:47:00,2022-03-10,2022-03-01,2022,9,Thursday,40,12.0,-28.0,True,21.41,3.61,delivered,True
28630c96-5ec7-4451-8029-d17d2220a8d8,f7d1c74d-5dd5-4c7e-9502-f8530536c11f,DASHER_04828,2023-01-06 17:33:00,2023-01-06,2023-01-01,2023,17,Friday,35,50.0,15.0,False,26.86,7.67,delivered,True
c74fa425-cc78-4018-b1e7-2107e0bcfbcf,c58511e2-7722-45db-a324-c70baad7b83b,DASHER_04770,2023-09-07 21:22:00,2023-09-07,2023-09-01,2023,21,Thursday,42,39.0,-3.0,True,49.93,5.08,delivered,True
1be37646-dd0a-4baf-bf20-b2ddd9409f58,827fd9b3-55ca-43e2-9a06-d22b5ef3d001,DASHER_02633,2023-10-05 21:25:00,2023-10-05,2023-10-01,2023,21,Thursday,40,35.0,-5.0,True,18.09,2.0,delivered,True
74fa0346-2f1e-49ec-98ba-d5d8c23d687d,b1718ddb-5b58-45ea-bdb8-d9f01304f55a,DASHER_04311,2022-01-13 03:04:00,2022-01-13,2022-01-01,2022,3,Thursday,39,38.0,-1.0,True,15.26,3.3,delivered,True
f5cd8cdb-e957-47d8-8414-f416594b766b,4375f874-a3f9-45ec-bd2f-437a10d47948,DASHER_02839,2024-10-08 21:50:00,2024-10-08,2024-10-01,2024,21,Tuesday,42,56.0,14.0,False,36.91,6.34,delivered,True
1fbc3669-1681-469e-b14f-30018d21097a,c91f0492-e374-448f-9ff5-59ebeb42f7af,DASHER_01871,2022-09-13 21:19:00,2022-09-13,2022-09-01,2022,21,Tuesday,21,40.0,19.0,False,21.1,5.48,delivered,True
9c66830b-63fb-4c28-b557-be21e45935eb,059fb9bb-2f80-4abe-9be9-20619dc5cccd,DASHER_02536,2023-12-05 21:47:00,2023-12-05,2023-12-01,2023,21,Tuesday,37,,,,41.3,5.65,cancelled,True
3e7c5d24-b51f-4220-a826-e4e24e158d0a,02d00be4-8b01-45a5-a452-a6fa965fa8e9,DASHER_03468,2024-08-03 16:45:00,2024-08-03,2024-08-01,2024,16,Saturday,46,49.0,3.0,True,39.42,3.89,delivered,True
6d50b8a6-e87e-4b2e-9b76-d4bde4044a4f,abadbe72-251b-4bc9-9985-95a2e42f872f,DASHER_00719,2023-03-30 19:00:00,2023-03-30,2023-03-01,2023,19,Thursday,36,36.0,0.0,True,8.55,3.69,delivered,True
8d6de2bd-2e65-41a9-9486-9ad107e95681,77cb1df1-1763-45c3-b0ab-c2e1aab24f7a,DASHER_04119,2023-07-04 13:20:00,2023-07-04,2023-07-01,2023,13,Tuesday,40,29.0,-11.0,True,23.19,2.4,delivered,True
8008b1db-db8b-449d-b08f-20704a8a704c,c296a0b0-c068-43d5-b481-4306d4c0129b,DASHER_00739,2022-09-15 20:48:00,2022-09-15,2022-09-01,2022,20,Thursday,23,10.0,-14.0,True,41.99,7.71,delivered,True
ba7305e6-2797-4c8c-8b5f-835e91cecad2,1040d2d8-7f23-4f2d-a710-7cf9a18d15b3,DASHER_03834,2022-04-17 15:56:00,2022-04-17,2022-04-01,2022,15,Sunday,20,37.0,17.0,False,38.76,6.84,delivered,True
e0598b65-47ca-4b81-aedc-a3bb9bfe904f,ca6eba6e-1732-47e7-8fb8-05312b9bcabd,DASHER_04633,2024-05-02 07:26:00,2024-05-02,2024-05-01,2024,7,Thursday,39,10.0,-30.0,True,50.87,2.67,delivered,True
84e2dea7-fce9-4813-a3a0-30ca3648927e,950d91ab-42f0-4950-8a25-532d8c5e7072,DASHER_00978,2023-05-05 14:26:00,2023-05-05,2023-05-01,2023,14,Friday,30,22.0,-8.0,True,26.0,7.34,delivered,True
5dd2a7ce-3531-470f-a9e3-3a3286033ccf,ff1307a7-d9b3-4b73-a5dc-1051b1a8bf30,DASHER_03042,2023-03-25 10:21:00,2023-03-25,2023-03-01,2023,10,Saturday,31,25.0,-6.0,True,33.41,7.51,delivered,True
d0503780-91a7-4dde-9099-520361f1f764,dd498b0d-e9dd-4f46-8adb-ef239b1a6e1b,DASHER_01190,2024-11-12 08:25:00,2024-11-12,2024-11-01,2024,8,Tuesday,32,30.0,-2.0,True,18.46,4.96,delivered,True
4af5cb36-0569-4dab-bcb5-c0000ccecfd4,a5dc9144-4605-4d6e-90b6-450da3437d16,DASHER_04305,2023-10-01 17:48:00,2023-10-01,2023-10-01,2023,17,Sunday,28,25.0,-3.0,True,14.37,4.36,delivered,True
70dee3e3-5fb6-41a7-aec4-11dcdbce246b,2c79efe8-c421-4844-a95f-4055f6fc047f,DASHER_00478,2024-11-05 18:26:00,2024-11-05,2024-11-01,2024,18,Tuesday,34,29.0,-5.0,True,18.42,1.35,delivered,True
ec82eee9-92ac-4695-b520-ad5e41d610fb,210860b5-6a0a-428e-99b3-ecb3257024ba,DASHER_04615,2023-02-24 14:56:00,2023-02-24,2023-02-01,2023,14,Friday,42,45.0,3.0,True,20.16,6.11,delivered,True
92d77352-ebb9-4f1c-a351-34b58d637194,04505466-972b-4b61-8a86-210ff30780ea,DASHER_04803,2024-05-14 11:15:00,2024-05-14,2024-05-01,2024,11,Tuesday,39,39.0,0.0,True,50.65,1.76,delivered,True
3190bd90-c3c0-46c5-9cb8-58b6ac741e15,a60b2ced-0120-45b6-bad7-333819ca5436,DASHER_03483,2024-03-10 10:06:00,2024-03-10,2024-03-01,2024,10,Sunday,28,28.0,0.0,True,21.97,2.7,delivered,True
d49ec476-88bb-4f4e-bf7e-5bdef8333990,c68c5373-ace0-4248-9b6c-d11f9a728a46,DASHER_01228,2022-02-04 21:23:00,2022-02-04,2022-02-01,2022,21,Friday,32,25.0,-7.0,True,29.58,2.31,delivered,True
81b38e7e-b0fe-440e-9525-2eb55ed7ee80,5aa180ba-fa96-4ea5-b66a-a5c1a1881e03,DASHER_02370,2024-05-04 16:41:00,2024-05-04,2024-05-01,2024,16,Saturday,36,35.0,-1.0,True,11.14,2.15,delivered,True
3bdb04bd-7e67-4f42-a976-6c26a5fa1ff9,b23a28d6-3e8a-46b2-a36a-a58b7b6c3bd7,DASHER_00289,2024-12-02 12:04:00,2024-12-02,2024-12-01,2024,12,Monday,41,,,,33.59,4.27,cancelled,True
0372be7f-d61b-43e3-a863-b44bce3e5abe,1f073c53-ef32-4629-b0b7-ef431ef2e441,DASHER_03120,2022-02-07 10:08:00,2022-02-07,2022-02-01,2022,10,Monday,47,42.0,-5.0,True,45.55,2.44,delivered,True
909c54c6-c60d-4b3a-9a06-049529896bbe,56180211-cd20-4730-845d-34e59371bfb3,DASHER_04561,2023-10-28 08:46:00,2023-10-28,2023-10-01,2023,8,Saturday,35,45.0,10.0,False,8.0,1.08,delivered,True
5a975ef2-e2b3-4bf8-9373-de7a24b8bfec,3a2ee7b6-ffed-4ca4-9204-42b330623809,DASHER_04773,2023-05-13 21:34:00,2023-05-13,2023-05-01,2023,21,Saturday,33,56.0,23.0,False,29.1,3.3,delivered,True
34b4b84f-5003-4264-a8c4-202cb485abbc,dbdd8700-4315-45f7-9787-ba083cc18cdc,DASHER_00524,2024-04-25 22:42:00,2024-04-25,2024-04-01,2024,22,Thursday,41,45.0,4.0,True,26.85,7.5,delivered,True
0733fe76-7ec7-4152-9bae-294883e054b0,af94efd7-4a33-465b-addd-809933ecdb97,DASHER_03205,2024-10-26 20:29:00,2024-10-26,2024-10-01,2024,20,Saturday,31,15.0,-16.0,True,30.49,3.96,delivered,True
1746d15f-a4e5-41ea-b51c-b076bab70d35,f0ef8ee6-7277-4770-9b50-0ed3e101c630,DASHER_00603,2024-03-16 10:41:00,2024-03-16,2024-03-01,2024,10,Saturday,32,16.0,-16.0,True,23.32,7.65,delivered,True
89dd48db-6645-4bbe-aa9a-fe7deaa088f5,f4032f1b-36ed-4b36-88cc-bb7054d779b1,DASHER_00403,2023-10-31 18:17:00,2023-10-31,2023-10-01,2023,18,Tuesday,31,27.0,-4.0,True,36.9,6.01,delivered,True
195e28be-b05a-426d-b86f-c348c7cd9b20,b7d5dc5c-a74e-4884-8a08-b588145a5695,DASHER_01621,2023-07-24 23:01:00,2023-07-24,2023-07-01,2023,23,Monday,39,27.0,-12.0,True,24.91,2.4,delivered,True
b252c565-bcba-4d9b-b936-f03c03677ea5,31b5190f-45b2-4e06-bed3-a05a02397769,DASHER_03699,2023-05-29 19:08:00,2023-05-29,2023-05-01,2023,19,Monday,31,38.0,7.0,False,15.0,6.8,delivered,True
ae445352-a8b7-4db3-9baa-f18e3f7a7c6a,e1a263b5-5bb8-442b-9a1c-5b65094dc2d2,DASHER_04106,2023-12-03 04:51:00,2023-12-03,2023-12-01,2023,4,Sunday,41,24.0,-17.0,True,23.37,6.52,delivered,True
ef83b2d4-da1b-40a9-99d9-0236e344c82e,f78ac04b-8828-44e5-9ab7-8612af2be2ed,DASHER_02392,2022-09-15 19:49:00,2022-09-15,2022-09-01,2022,19,Thursday,35,30.0,-5.0,True,33.64,6.56,delivered,True
71b773d7-669d-4c6f-b17b-ad0afe87be6e,255db5b6-f856-4ad9-902a-b189c60e7ede,DASHER_04118,2022-05-28 16:10:00,2022-05-28,2022-05-01,2022,16,Saturday,38,23.0,-15.0,True,55.02,7.34,delivered,True
1f1bc84d-99bf-4cdf-95a6-77ebc3e536b2,09d6e93f-fe75-44af-a295-ba67d972c28a,DASHER_00731,2022-06-01 12:17:00,2022-06-01,2022-06-01,2022,12,Wednesday,24,13.0,-11.0,True,20.07,2.71,delivered,True
708c8959-ddee-4cdd-b2c6-b94e8cc80266,c02121ed-573b-4a93-b27c-7e61fc3798e3,DASHER_01364,2022-06-23 14:22:00,2022-06-23,2022-06-01,2022,14,Thursday,20,28.0,8.0,False,51.1,6.62,delivered,True
fddf0ab1-ee99-4c80-8263-671b37d044fe,e2296c9b-f89e-475d-9a59-034adf43d332,DASHER_00194,2024-03-03 07:36:00,2024-03-03,2024-03-01,2024,7,Sunday,31,22.0,-9.0,True,10.32,7.22,delivered,True
fd299301-30a0-441c-bd76-f951845bfe9f,99dc75d8-4b0a-4c60-9cff-6cf87a91eec0,DASHER_02097,2022-09-26 17:35:00,2022-09-26,2022-09-01,2022,17,Monday,41,29.0,-12.0,True,27.7,4.35,delivered,True
37b6a63c-f68d-4169-bf1d-a8c67cf72e30,bd145874-df9e-4a43-9477-15491c699058,DASHER_03579,2024-04-18 21:04:00,2024-04-18,2024-04-01,2024,21,Thursday,27,26.0,-1.0,True,17.62,3.39,delivered,True
474c10b9-e526-41bc-a1bf-658345a60be6,84776242-c7c3-47f0-8425-3244be83c12d,DASHER_00740,2023-11-28 01:47:00,2023-11-28,2023-11-01,2023,1,Tuesday,52,45.0,-7.0,True,21.97,6.03,delivered,True
7efefbd9-c3b0-4063-be20-7c10d5ff1768,aa743637-010b-4033-9774-3e2e956bf8b5,DASHER_02986,2024-06-27 17:09:00,2024-06-27,2024-06-01,2024,17,Thursday,24,38.0,14.0,False,22.07,7.7,delivered,True
0e89e70c-022e-4ec3-aa8a-9ecafa1fbd10,77591e1d-cf8e-47fd-a554-a661e7fa226f,DASHER_03765,2023-01-21 14:00:00,2023-01-21,2023-01-01,2023,14,Saturday,44,37.0,-7.0,True,42.96,4.92,delivered,True
136bf7db-29b4-47ee-a19d-aac7ef68a4a1,60ab67b9-0ab8-4314-93a3-6389c84d5ab3,DASHER_03590,2023-11-02 19:26:00,2023-11-02,2023-11-01,2023,19,Thursday,36,50.0,14.0,False,32.45,1.94,delivered,True
116f8bb5-183f-4574-b6a3-bf99b632a7ed,214cee5b-c728-4f8c-81a6-4e0a2f4ef7fa,DASHER_04498,2022-10-14 02:54:00,2022-10-14,2022-10-01,2022,2,Friday,49,34.0,-15.0,True,33.0,1.07,delivered,True
c05e240f-bf95-48e1-8342-fb3fe71aec27,786a7a3f-2749-431e-983b-fdef7724ffb9,DASHER_01633,2024-05-24 14:30:00,2024-05-24,2024-05-01,2024,14,Friday,36,29.0,-7.0,True,33.08,5.52,delivered,True
2dd83436-fd38-41fd-9f6a-72fe98399fcd,a89041ac-d1d7-458f-b7c4-34e91ba40518,DASHER_03956,2023-04-03 12:16:00,2023-04-03,2023-04-01,2023,12,Monday,15,15.0,0.0,True,49.96,5.05,delivered,True
2e311d4b-acb5-4b98-a033-ab98ea40e4c6,a60b2ced-0120-45b6-bad7-333819ca5436,DASHER_01587,2022-01-06 13:42:00,2022-01-06,2022-01-01,2022,13,Thursday,35,43.0,8.0,False,14.88,5.11,delivered,True
b742836b-f954-4f78-88ca-5898f3e0c068,0960d5ca-f7b4-417a-9c49-1ffedcb84d9b,DASHER_00621,2024-09-28 16:20:00,2024-09-28,2024-09-01,2024,16,Saturday,34,56.0,22.0,False,9.67,1.03,delivered,True
6fb40cc8-87e2-4679-af9e-eb3f0859872a,fe744ad3-3023-4fc7-b72f-43f7e015b764,DASHER_01974,2023-12-01 11:27:00,2023-12-01,2023-12-01,2023,11,Friday,43,56.0,13.0,False,15.03,6.02,delivered,True
b0306fc5-a403-46da-a2dd-6674acacf351,e9d681fe-a73b-4733-a61b-acbfae329aeb,DASHER_01317,2022-04-13 20:33:00,2022-04-13,2022-04-01,2022,20,Wednesday,43,41.0,-2.0,True,8.03,1.95,delivered,True
643a1b5b-f512-4095-a335-dfa5dfef04e6,bb14f7e8-a672-46ae-931e-24abbbe71421,DASHER_04164,2022-12-27 15:56:00,2022-12-27,2022-12-01,2022,15,Tuesday,54,45.0,-9.0,True,34.83,7.25,delivered,True
638eea51-709d-4cfb-b47f-265232741ca0,6e78b025-22f6-47e3-a972-1c28c691bb32,DASHER_03162,2022-03-08 17:33:00,2022-03-08,2022-03-01,2022,17,Tuesday,36,36.0,0.0,True,37.9,6.5,delivered,True
1f9101d9-0f00-4ed4-8e6b-e767a3ddc2b6,a42eeb56-46ea-4cc6-a7e3-82eaa1ab59c1,DASHER_00286,2022-01-27 04:04:00,2022-01-27,2022-01-01,2022,4,Thursday,39,54.0,15.0,False,17.27,4.15,delivered,True
ba14c743-ed0d-46c0-a648-1e6eaf2383a4,971fa6de-021c-4ea6-8114-b6c00ffcc8a1,DASHER_02531,2024-11-29 16:20:00,2024-11-29,2024-11-01,2024,16,Friday,34,46.0,12.0,False,26.85,6.9,delivered,True
dbc623aa-7107-494a-85a5-72f910eb2beb,dc81e380-2ad6-46c2-a1eb-4bb11625dd6a,DASHER_00879,2023-04-21 20:40:00,2023-04-21,2023-04-01,2023,20,Friday,28,42.0,14.0,False,24.86,5.01,delivered,True
59b2ec4b-edd0-45e2-bda5-6e531751ece9,08878081-c5be-4fc3-aa80-8f64adea7861,DASHER_00108,2023-10-14 22:24:00,2023-10-14,2023-10-01,2023,22,Saturday,25,25.0,0.0,True,23.92,5.61,delivered,True
532d54eb-c9a8-481b-81b8-4a6e176cbcb9,30d6bd4d-7fcf-40ce-a7c2-ebc6a27a55cf,DASHER_04775,2023-06-03 19:45:00,2023-06-03,2023-06-01,2023,19,Saturday,38,45.0,7.0,False,47.36,5.58,delivered,True
087c9630-1767-4589-a991-8f1d8effe8e5,ac18dc03-1988-4407-8739-8c004c9f5a59,DASHER_04730,2023-02-07 20:38:00,2023-02-07,2023-02-01,2023,20,Tuesday,30,48.0,18.0,False,22.78,3.18,delivered,True
9838f81c-e857-4b44-a901-00ec662e3254,332cc67d-b317-4dbd-a7fd-de8fe2c56e27,DASHER_01142,2024-07-07 18:47:00,2024-07-07,2024-07-01,2024,18,Sunday,49,50.0,1.0,True,24.81,2.72,delivered,True
14d16d03-379e-431b-a6e8-4b82a1672479,cf5d9720-d77f-4f2e-b1b2-940fbb7fa1bd,DASHER_01354,2024-07-05 19:29:00,2024-07-05,2024-07-01,2024,19,Friday,28,36.0,8.0,False,38.44,7.56,delivered,True
cee03964-6c18-4c05-9e1f-9a989a73b1d9,19a49a56-3150-4fc8-b518-3304be7ca61c,DASHER_03853,2022-05-26 21:49:00,2022-05-26,2022-05-01,2022,21,Thursday,26,35.0,9.0,False,24.43,4.84,delivered,True
8cb07b67-93c4-4a71-ba49-6cc5928969d6,befd1965-31c7-42e8-a5c5-86f8480d7d40,DASHER_04182,2024-12-29 16:18:00,2024-12-29,2024-12-01,2024,16,Sunday,29,,,,32.15,5.82,cancelled,True
5c78e8a0-866c-4d17-a463-c75b9d9cbec1,a45652d2-24d4-40c0-9fb6-da9d49de2535,DASHER_03128,2023-02-23 18:55:00,2023-02-23,2023-02-01,2023,18,Thursday,40,,,,13.54,2.69,cancelled,True
435ab73f-b3bd-43cd-ad5b-d6e270e54b48,f114d0ea-93a1-474c-9328-a6417d0c40d8,DASHER_02668,2022-12-08 21:30:00,2022-12-08,2022-12-01,2022,21,Thursday,48,67.0,19.0,False,36.4,7.06,delivered,True
39cbc3ea-83db-4be5-a8a4-e1adfbe225d7,3fdd1b04-203e-4514-b47e-bb93a608ee5e,DASHER_03705,2022-06-09 20:32:00,2022-06-09,2022-06-01,2022,20,Thursday,38,29.0,-9.0,True,35.48,4.44,delivered,True
2e316390-c5af-43fa-91ef-bc37405becea,68b932e7-111c-414d-b0d1-d9e0dfdb5d4f,DASHER_00273,2022-10-07 23:50:00,2022-10-07,2022-10-01,2022,23,Friday,43,31.0,-12.0,True,32.19,2.08,delivered,True
94cf22f0-c88a-430a-81b6-99fcf2a3d185,e82eeb1d-e380-423f-90e9-52321873308f,DASHER_01521,2024-06-28 12:28:00,2024-06-28,2024-06-01,2024,12,Friday,33,32.0,-1.0,True,42.5,2.66,delivered,True
9ea75f5b-f840-485d-828d-4ae46e583dc5,f0da3a71-699c-4d88-b52d-e8088d3efa72,DASHER_01390,2022-01-27 10:00:00,2022-01-27,2022-01-01,2022,10,Thursday,28,37.0,9.0,False,26.43,5.63,delivered,True
6a8a0d69-c60f-4417-93b4-e23be460fbb6,94c8c57b-85b1-461d-9f3b-f9f7394d3f01,DASHER_02308,2022-12-25 13:21:00,2022-12-25,2022-12-01,2022,13,Sunday,45,45.0,0.0,True,11.71,5.02,delivered,True
ff69a367-2e18-427c-9f9a-96405d331623,c7d84f3f-4869-4a0f-9699-488a56597697,DASHER_01874,2024-04-28 16:16:00,2024-04-28,2024-04-01,2024,16,Sunday,33,28.0,-5.0,True,8.0,3.48,delivered,True
b839b223-2e61-4a9d-9b13-b466810d41ef,32335eaa-b575-466d-a494-372d456b8e95,DASHER_02647,2023-09-08 23:19:00,2023-09-08,2023-09-01,2023,23,Friday,38,26.0,-12.0,True,8.0,1.97,delivered,True
40468466-3d4e-48b4-b8fe-22be8d299548,6b6120a4-4640-4e7d-ba88-1d967cdbdec7,DASHER_02992,2024-05-08 19:38:00,2024-05-08,2024-05-01,2024,19,Wednesday,32,31.0,-1.0,True,52.58,1.71,delivered,True
65176c84-d1aa-44bb-a47d-6bf31f337e55,044514f5-edb7-4ae4-8c09-f3d6bc986d99,DASHER_02820,2022-08-18 12:27:00,2022-08-18,2022-08-01,2022,12,Thursday,30,22.0,-8.0,True,30.19,1.51,delivered,True
d42cf454-f54d-4c30-b28a-f5e3c00903d2,a4541be4-4160-43c6-865c-3f07de48c842,DASHER_03389,2024-07-30 15:47:00,2024-07-30,2024-07-01,2024,15,Tuesday,15,33.0,18.0,False,28.67,4.71,delivered,True
7bca0b29-a2be-4547-81fa-c22096f5fbb9,5107cead-4e26-4481-9b12-ab6082d54ef5,DASHER_02651,2023-02-19 16:13:00,2023-02-19,2023-02-01,2023,16,Sunday,19,42.0,23.0,False,27.1,5.91,delivered,True
deb3b699-fed5-40eb-b76b-ac2c994adef5,8c589070-c353-4ce4-ae49-3c86be0b368a,DASHER_02451,2022-12-30 20:20:00,2022-12-30,2022-12-01,2022,20,Friday,26,26.0,0.0,True,27.8,3.63,delivered,True
8d579203-e7ab-4ce2-877e-9ab8a87a8bda,3cdceb4f-1a00-4e56-9ad0-1c8a9c0cbfd9,DASHER_02945,2023-05-09 21:49:00,2023-05-09,2023-05-01,2023,21,Tuesday,17,11.0,-6.0,True,26.34,1.96,delivered,True
058a85ec-9ea8-4fec-8079-b56ebc3d3fa2,1edf6834-b795-47ff-9df4-f7d8c814259b,DASHER_03854,2023-10-20 15:21:00,2023-10-20,2023-10-01,2023,15,Friday,49,60.0,11.0,False,49.9,5.46,delivered,True
a7c123e7-f24a-45e1-93ad-b9dfb4b4f97d,759d4d34-88f8-4151-b2cd-b4f6a75c1cdd,DASHER_02206,2024-04-04 09:34:00,2024-04-04,2024-04-01,2024,9,Thursday,19,36.0,17.0,False,29.52,7.96,delivered,True
4b1a3add-e9b4-44b8-9690-247976d08c0e,5da2c863-e7fe-4da5-b849-dd39b5615e8d,DASHER_01316,2022-10-25 16:24:00,2022-10-25,2022-10-01,2022,16,Tuesday,42,51.0,9.0,False,23.54,7.35,delivered,True
73997da1-9da9-4810-a09f-22446f314285,0eab7582-b95e-43fb-9f25-12ed9500e955,DASHER_01473,2024-02-13 18:29:00,2024-02-13,2024-02-01,2024,18,Tuesday,23,31.0,8.0,False,25.57,7.66,delivered,True
216dbfc0-84c7-4b33-b65a-cb668d6abe10,f5af287b-b3f0-46ef-ab9a-11ef025dea2d,DASHER_03846,2023-03-18 18:01:00,2023-03-18,2023-03-01,2023,18,Saturday,37,51.0,14.0,False,13.4,7.08,delivered,True
7c713f91-d499-4b6e-8214-6defe58a65ba,a12a64a0-f929-4bcf-9556-30726ff78f01,DASHER_01269,2023-01-15 14:06:00,2023-01-15,2023-01-01,2023,14,Sunday,31,10.0,-21.0,True,15.51,2.24,delivered,True
1e314a61-ab29-4f70-adc5-9db5c2ac9511,9c0402d6-5e32-4b57-8c17-39fade86f1f7,DASHER_01142,2023-07-29 07:50:00,2023-07-29,2023-07-01,2023,7,Saturday,33,26.0,-7.0,True,8.0,7.06,delivered,True
83fb7302-5a4e-496d-a18c-45a2f4ae0c90,c634f3b4-dea1-4b01-a044-19c2d780aad7,DASHER_04110,2024-03-13 09:15:00,2024-03-13,2024-03-01,2024,9,Wednesday,34,31.0,-3.0,True,18.04,3.51,delivered,True
cc805809-5b4d-42be-878b-9382b7782528,2128f213-de84-4c3a-ad1f-0f8a55599ffb,DASHER_04340,2023-12-01 13:04:00,2023-12-01,2023-12-01,2023,13,Friday,41,28.0,-13.0,True,53.95,1.59,delivered,True
a076eb97-803f-45f5-a6d8-5dc409b4f335,b93abe7a-c511-4be1-b0a0-8cbd003696ba,DASHER_01298,2022-01-08 05:14:00,2022-01-08,2022-01-01,2022,5,Saturday,23,19.0,-4.0,True,37.27,4.53,delivered,True
c6c5e666-2240-4483-a7e0-83b1a2ab72d7,cb7017d1-cb27-4e03-be39-d64479094a13,DASHER_04747,2024-06-01 16:20:00,2024-06-01,2024-06-01,2024,16,Saturday,26,,,,35.81,3.65,cancelled,True
4de6b370-d44e-4cd7-82ab-087e120b132e,d12306f1-094a-46f5-9d6c-c440ffab1f29,DASHER_00756,2024-06-26 07:53:00,2024-06-26,2024-06-01,2024,7,Wednesday,25,29.0,4.0,True,9.36,2.35,delivered,True
73b311d2-4071-40a1-9503-35e053c0a61f,950d91ab-42f0-4950-8a25-532d8c5e7072,DASHER_03161,2024-01-21 05:26:00,2024-01-21,2024-01-01,2024,5,Sunday,39,52.0,13.0,False,23.0,3.08,delivered,True
ec5a3d16-8723-4c2a-861c-659ce2f7cc71,dc81e380-2ad6-46c2-a1eb-4bb11625dd6a,DASHER_00166,2024-03-02 05:43:00,2024-03-02,2024-03-01,2024,5,Saturday,45,21.0,-24.0,True,23.95,5.03,delivered,True
13799217-e318-4db2-a3e5-fb61f386d8e2,9df4dd8f-48d4-450c-9098-69d9e684ca28,DASHER_03824,2024-01-11 17:11:00,2024-01-11,2024-01-01,2024,17,Thursday,20,18.0,-2.0,True,48.72,3.74,delivered,True
302c5614-1250-4065-a5ab-860aefc35781,30f3a3f7-1581-49a0-83e0-fb407e37f8b7,DASHER_03842,2022-06-09 14:15:00,2022-06-09,2022-06-01,2022,14,Thursday,30,45.0,15.0,False,30.47,2.09,delivered,True
e0b6a02a-ed99-499f-bdaa-740a3f9dc9df,02d00be4-8b01-45a5-a452-a6fa965fa8e9,DASHER_03319,2024-03-18 22:09:00,2024-03-18,2024-03-01,2024,22,Monday,33,33.0,0.0,True,26.7,6.77,delivered,True
c3b0583a-bad1-449f-b86e-e12df0c12426,c7df6bcc-3ca0-4018-a526-e6b811b36fe5,DASHER_01962,2023-08-05 20:42:00,2023-08-05,2023-08-01,2023,20,Saturday,37,22.0,-15.0,True,28.55,2.77,delivered,True
fd5192b6-6125-460b-821f-416784956b51,c79b6a82-fc7a-4bad-be32-792c778f8055,DASHER_00802,2023-04-01 21:43:00,2023-04-01,2023-04-01,2023,21,Saturday,53,59.0,6.0,False,20.12,3.62,delivered,True
ffc037dd-0d4e-4c99-8567-d9af54c8624f,73356008-07b7-4128-bf8a-7166aefc395a,DASHER_02376,2023-01-02 23:09:00,2023-01-02,2023-01-01,2023,23,Monday,38,27.0,-11.0,True,26.35,6.24,delivered,True
a0091980-82c0-40e6-9c84-cb5b9d63bb34,f1886153-85f0-4e38-9f85-f529a6b3bb94,DASHER_01333,2024-12-28 18:29:00,2024-12-28,2024-12-01,2024,18,Saturday,21,10.0,-18.0,True,39.54,6.34,delivered,True
6312a495-2133-48c6-b2e8-ffda4e977d62,2ce46e86-6c14-4f63-8243-80679d286b48,DASHER_03396,2022-08-02 18:32:00,2022-08-02,2022-08-01,2022,18,Tuesday,30,,,,43.14,6.22,cancelled,True
ec84c080-e733-4ac9-9581-7ab4f616b7b2,7bcf338e-a1b8-4088-8fe5-443844f4e484,DASHER_00851,2022-05-04 09:24:00,2022-05-04,2022-05-01,2022,9,Wednesday,40,34.0,-6.0,True,9.19,3.34,delivered,True
be499c7b-280e-482f-b057-bf43a2a25e71,3f96a85e-c90c-4670-970a-034799845a21,DASHER_01098,2024-11-12 20:39:00,2024-11-12,2024-11-01,2024,20,Tuesday,38,55.0,17.0,False,45.74,7.3,delivered,True
067f471a-c3a3-40f1-9f22-97cd8dd0423b,8c5d5ee6-73b8-44a8-b3cb-29a7017ae18a,DASHER_02616,2023-07-23 06:01:00,2023-07-23,2023-07-01,2023,6,Sunday,25,33.0,8.0,False,58.9,2.54,delivered,True
39828517-220d-48b8-9a22-40a1eb560fb9,3995e609-6a53-4a4e-ab7b-ae04dc7c3a7d,DASHER_01252,2022-10-30 21:27:00,2022-10-30,2022-10-01,2022,21,Sunday,33,19.0,-14.0,True,53.34,7.27,delivered,True
f978554d-caf5-4ca0-be67-c659c5ad3b60,a1cbc2ea-701a-4784-9451-680b5e0c6c17,DASHER_00624,2024-12-10 18:22:00,2024-12-10,2024-12-01,2024,18,Tuesday,34,43.0,9.0,False,35.18,1.1,delivered,True
0f5464ff-7f78-4111-8910-ce4abda066bd,b3421fcf-c288-4154-bb38-a76cdb5493b6,DASHER_00209,2024-08-08 20:39:00,2024-08-08,2024-08-01,2024,20,Thursday,24,22.0,-2.0,True,28.17,7.92,delivered,True
3714c2b9-6663-409e-993e-d20e94635510,7021aba8-225b-470f-83c7-9fb6f38809aa,DASHER_01821,2022-03-04 21:27:00,2022-03-04,2022-03-01,2022,21,Friday,29,32.0,3.0,True,14.19,4.49,delivered,True
8fddf841-b0d1-4aa8-82a0-eeb959082dc6,bd1132d2-08c1-494f-bc6f-82a12838881e,DASHER_01398,2022-06-15 11:36:00,2022-06-15,2022-06-01,2022,11,Wednesday,23,23.0,0.0,True,14.44,4.93,delivered,True
f79cfcdf-d9f7-4a73-b380-f610c361058a,b91057ae-925c-48f5-9a87-218e7176d718,DASHER_04158,2022-12-06 12:48:00,2022-12-06,2022-12-01,2022,12,Tuesday,30,27.0,-3.0,True,59.62,1.5,delivered,True
37da164b-1629-4c0d-afa9-72643df0d922,609fc121-e659-4979-ab19-a71fe76dd297,DASHER_03608,2023-01-06 04:37:00,2023-01-06,2023-01-01,2023,4,Friday,30,41.0,11.0,False,11.01,7.1,delivered,True
4e84de24-a602-476f-94b9-c892e4d38a6a,17e18527-ce74-4867-9e88-9018fed493c3,DASHER_00372,2022-01-08 08:52:00,2022-01-08,2022-01-01,2022,8,Saturday,40,53.0,13.0,False,43.51,4.33,delivered,True
876d6228-dc0f-410d-9f1a-274d69eb5bda,a37a1be3-2ab8-4aa3-be3b-c506e45de798,DASHER_04921,2023-04-12 23:08:00,2023-04-12,2023-04-01,2023,23,Wednesday,24,20.0,-4.0,True,61.51,3.06,delivered,True
fd539721-f65b-45d6-989e-63ea20520497,b83768f6-15a1-4848-bc82-9b98bfc748c2,DASHER_03984,2022-04-21 10:44:00,2022-04-21,2022-04-01,2022,10,Thursday,35,24.0,-11.0,True,28.44,2.05,delivered,True
5436cff3-181c-4e62-bd40-d2e72f07cfaa,bac0805e-3789-40fa-ab31-6e235ba3996d,DASHER_01900,2023-05-06 17:32:00,2023-05-06,2023-05-01,2023,17,Saturday,43,52.0,9.0,False,25.4,4.36,delivered,True
7ba605e1-5016-4ac6-b4c9-5502d5f92301,2ce46e86-6c14-4f63-8243-80679d286b48,DASHER_04605,2024-03-15 13:13:00,2024-03-15,2024-03-01,2024,13,Friday,26,17.0,-9.0,True,29.66,1.12,delivered,True
41ab3ffa-80df-4138-b7a7-49149eb8b4b2,c77a9eff-6cb6-40be-940f-fbcde486ad4e,DASHER_03370,2023-04-06 23:33:00,2023-04-06,2023-04-01,2023,23,Thursday,21,14.0,-7.0,True,34.61,5.58,delivered,True
e71078de-cb2d-453b-951c-513e1c56c1db,dc041d53-60bf-4bcd-b709-69476bdc19cf,DASHER_02231,2022-09-20 18:02:00,2022-09-20,2022-09-01,2022,18,Tuesday,20,18.0,-2.0,True,45.07,4.46,delivered,True
1446d7fd-05ce-43f3-a19f-9fb9a76710b8,a66d96f1-d8ca-4ee3-ac4d-98c292faa20e,DASHER_03822,2022-08-05 12:01:00,2022-08-05,2022-08-01,2022,12,Friday,31,34.0,3.0,True,22.06,4.41,delivered,True
5348f8ca-30ae-43d9-b087-6f8c7a3b3edd,1b673978-6110-45ed-8638-3dc37a269223,DASHER_01896,2022-08-03 05:03:00,2022-08-03,2022-08-01,2022,5,Wednesday,28,29.0,1.0,True,8.0,4.29,delivered,True
76cef57a-633a-44ea-96cb-e315ea0471ee,1c2271b6-6a7d-462d-83e7-defbdf0a9107,DASHER_03231,2024-09-19 22:54:00,2024-09-19,2024-09-01,2024,22,Thursday,29,29.0,0.0,True,24.92,4.69,delivered,True
84fab145-c582-4628-91e5-8c02073a12f5,0d517b9e-7b23-4590-a10d-57e102ae6bbd,DASHER_01704,2024-10-29 19:58:00,2024-10-29,2024-10-01,2024,19,Tuesday,42,39.0,-3.0,True,8.0,5.18,delivered,True
09e80241-4f82-416b-a2ab-1cd1407b4ad6,e984c17e-b842-40fd-9b45-2e858639cbb4,DASHER_02393,2024-04-09 13:00:00,2024-04-09,2024-04-01,2024,13,Tuesday,36,29.0,-7.0,True,32.23,6.95,delivered,True
f82d8796-d054-456c-a07b-d9d11d019b8c,c311f7e2-be57-4b8e-88df-ba66eb724714,DASHER_04233,2024-08-20 11:09:00,2024-08-20,2024-08-01,2024,11,Tuesday,38,,,,13.82,2.07,cancelled,True
8add1105-99d5-4902-8e45-001e995a5d96,ff8d8391-553e-4a5b-8883-1a51e8420693,DASHER_04758,2022-09-29 20:43:00,2022-09-29,2022-09-01,2022,20,Thursday,29,,,,21.27,2.72,cancelled,True
702010f6-e736-4114-8cda-0c7c357695f1,3cbde401-0a76-450b-ac8f-41d387a33ec6,DASHER_03613,2024-01-18 08:01:00,2024-01-18,2024-01-01,2024,8,Thursday,42,54.0,12.0,False,12.43,4.0,delivered,True
50bc45bf-2952-421f-8ed3-f31258ee2e91,06f43adc-e09b-4910-a6f2-7b29c66f5d62,DASHER_03279,2023-08-17 22:59:00,2023-08-17,2023-08-01,2023,22,Thursday,43,59.0,16.0,False,35.54,4.28,delivered,True
b2668929-5ad5-4355-8bd7-cda6784bae57,065fd299-f21d-4363-9f0e-7d66e7bfd7e0,DASHER_01999,2022-05-23 15:09:00,2022-05-23,2022-05-01,2022,15,Monday,34,51.0,17.0,False,8.0,2.09,delivered,True
ac890909-9885-48b9-95fe-0136ebb5354c,94f12678-d226-465e-9ee2-65118a2771a1,DASHER_01968,2024-11-21 10:39:00,2024-11-21,2024-11-01,2024,10,Thursday,36,37.0,1.0,True,38.6,5.19,delivered,True
747a9d12-78c1-4971-8638-d7006fd634d9,4d0a0061-73a5-4e99-b6db-563c2074383d,DASHER_01541,2022-10-05 20:56:00,2022-10-05,2022-10-01,2022,20,Wednesday,36,34.0,-2.0,True,39.93,6.85,delivered,True
28e659cd-8056-451f-8933-5f9fd594a84b,7a1f1470-e03a-49e0-b9d6-14c2d47a2f6e,DASHER_04004,2023-04-30 12:55:00,2023-04-30,2023-04-01,2023,12,Sunday,48,52.0,4.0,True,29.69,6.84,delivered,True
5f7cebe1-6160-4582-b0c3-8406196e9f46,3e615fe9-f6eb-4d9c-8e58-66031363460a,DASHER_03682,2023-09-16 15:21:00,2023-09-16,2023-09-01,2023,15,Saturday,33,46.0,13.0,False,31.05,6.32,delivered,True
7edf30f4-6786-41f1-bbf0-0db019b4f2d0,0961ee01-9cd1-4b42-95cd-a5aa84ed6280,DASHER_03189,2022-03-23 18:26:00,2022-03-23,2022-03-01,2022,18,Wednesday,33,29.0,-4.0,True,29.94,7.83,delivered,True
24d8515a-e292-4d30-ae68-016d21c08f2f,89448ab9-6c2e-4220-87ec-74be30da6836,DASHER_01643,2023-11-20 18:28:00,2023-11-20,2023-11-01,2023,18,Monday,35,46.0,11.0,False,30.16,3.39,delivered,True
8c52ff06-daba-485e-8051-0dfc91922483,8a0e4abe-d4d7-45a7-8f90-dc4234226a9b,DASHER_00419,2023-02-26 21:25:00,2023-02-26,2023-02-01,2023,21,Sunday,28,10.0,-22.0,True,20.99,4.62,delivered,True
d5b1b189-1893-497e-9ba1-7472412a58fb,4b31eab3-2264-4fcf-8bff-491518216981,DASHER_02276,2022-02-11 12:07:00,2022-02-11,2022-02-01,2022,12,Friday,32,19.0,-13.0,True,31.44,6.98,delivered,True
d4ad4aeb-6223-421b-a79c-d476cd2f3b8c,4db6e23b-c2ae-4d32-baf0-3e18a981ee57,DASHER_03718,2022-11-27 20:57:00,2022-11-27,2022-11-01,2022,20,Sunday,33,26.0,-7.0,True,8.29,6.6,delivered,True
26e610f2-612e-405d-aca5-4544f4104f02,f4ae295a-a6c7-4d23-a6cf-dce53502b0a5,DASHER_01897,2024-05-19 22:36:00,2024-05-19,2024-05-01,2024,22,Sunday,28,22.0,-6.0,True,17.62,1.48,delivered,True
297240b2-d054-4272-a09d-0d2ba30897c5,b41f1f3d-86c1-4582-b300-6f2e629c1d68,DASHER_03680,2022-03-07 11:54:00,2022-03-07,2022-03-01,2022,11,Monday,38,19.0,-19.0,True,72.69,7.52,delivered,True
d8270adb-f320-45a6-a5d9-44d1abab3ccc,4330c405-4dd6-4842-b63f-ad1ee2b3f0a4,DASHER_00546,2022-08-15 22:24:00,2022-08-15,2022-08-01,2022,22,Monday,30,42.0,12.0,False,20.61,6.38,delivered,True
57dc9066-88c8-40a8-a7db-93a73e79e8b6,506dc2e9-bd0e-44b1-942e-6ac94eefce10,DASHER_03006,2022-08-29 09:31:00,2022-08-29,2022-08-01,2022,9,Monday,33,33.0,0.0,True,8.0,7.37,delivered,True
4c03bf63-ccad-423b-a932-3d38459c61e6,52775d01-bd36-429f-a4bf-98ea53967b12,DASHER_04340,2022-12-04 11:43:00,2022-12-04,2022-12-01,2022,11,Sunday,25,17.0,-8.0,True,22.24,3.42,delivered,True
b611c8ff-943e-41b4-bd64-fdfb261ff3ee,e51aaedf-fd6c-4f3d-8e96-548230cc26f0,DASHER_01757,2023-11-17 21:12:00,2023-11-17,2023-11-01,2023,21,Friday,47,39.0,-8.0,True,30.83,4.18,delivered,True
0ef4bb96-bec7-41db-b5b5-0b8197890c9f,fb1b05aa-5b04-4b70-908e-ee87d07e747b,DASHER_04039,2024-05-02 10:33:00,2024-05-02,2024-05-01,2024,10,Thursday,30,43.0,13.0,False,35.47,5.35,delivered,True
e97a7931-7ab0-43dc-8b34-260bc438b68b,77cec5eb-981c-4dad-833f-7d9890102f9d,DASHER_00039,2023-06-08 11:45:00,2023-06-08,2023-06-01,2023,11,Thursday,27,31.0,4.0,True,25.34,1.4,delivered,True
8f3d6fc0-476a-4332-a63e-23ee4041e3a0,907086a2-cf58-43c1-8fa8-8d1779f622d2,DASHER_01007,2023-07-11 03:28:00,2023-07-11,2023-07-01,2023,3,Tuesday,33,35.0,2.0,True,43.43,7.77,delivered,True
72420303-1ea7-428e-aa8a-5a6976cdf45b,3dbe0e36-c08b-4b22-8d4e-5ff6b3b36651,DASHER_01445,2022-03-24 15:38:00,2022-03-24,2022-03-01,2022,15,Thursday,37,22.0,-15.0,True,30.21,6.12,delivered,True
38c62b5e-3f6a-44c0-a17c-f3cf15408ace,717f5a9c-c8d2-4626-bfc9-95c5c295726e,DASHER_02190,2024-10-27 19:21:00,2024-10-27,2024-10-01,2024,19,Sunday,34,24.0,-10.0,True,27.42,4.39,delivered,True
4daf341a-8da7-43c9-9ccf-0b6181e25e1b,0beb9c08-4c03-41cf-adbe-3940b0f89ced,DASHER_01596,2022-11-02 21:23:00,2022-11-02,2022-11-01,2022,21,Wednesday,45,62.0,17.0,False,47.9,6.68,delivered,True
4c081df6-ccc8-47e7-be85-7dcf2e555684,bc7c8cc1-16c8-4107-8592-9a3febdf041b,DASHER_04167,2024-04-15 18:56:00,2024-04-15,2024-04-01,2024,18,Monday,32,40.0,8.0,False,42.08,4.91,delivered,True
a8c154d5-29ba-4ea9-9b4f-4aca76a326f5,0c6483ba-94a5-4e81-abaf-42a59260c608,DASHER_01536,2023-05-14 22:30:00,2023-05-14,2023-05-01,2023,22,Sunday,29,51.0,22.0,False,10.81,7.81,delivered,True
0da9737b-554d-4d0e-93c3-cf6f27b5225b,d9890ea1-fe6c-4e8b-99e7-0d4da31c948a,DASHER_03764,2022-10-20 13:45:00,2022-10-20,2022-10-01,2022,13,Thursday,22,11.0,-11.0,True,38.15,5.99,delivered,True
c3e74968-d6ce-49f7-9781-7315fd1d64a2,bee51a57-fd12-48d2-9382-cecea86a6d77,DASHER_00501,2022-01-05 20:06:00,2022-01-05,2022-01-01,2022,20,Wednesday,39,12.0,-27.0,True,33.79,7.73,delivered,True
2eb00008-77aa-430c-91cf-39ace5cfef83,4ad8767f-a9e3-4e25-88d2-fa77ca61a1e3,DASHER_03350,2022-11-20 13:50:00,2022-11-20,2022-11-01,2022,13,Sunday,41,44.0,3.0,True,16.47,4.24,delivered,True
28a04c99-c42f-44aa-a358-50b1495ee76c,51d1ccdf-f80e-4399-bf59-2aba16961341,DASHER_03839,2022-10-30 16:00:00,2022-10-30,2022-10-01,2022,16,Sunday,20,10.0,-33.0,True,45.96,1.71,delivered,True
4a57cad1-1182-4fb8-8cf2-abcabcf8879b,f1e31771-8212-4167-88a4-085f77eadda1,DASHER_03756,2024-05-30 10:20:00,2024-05-30,2024-05-01,2024,10,Thursday,51,52.0,1.0,True,41.68,7.41,delivered,True
ad5e8929-31c1-4f35-980b-37a430629850,3ef40cb0-c26a-48d6-8f9f-68c9749de4d9,DASHER_03257,2023-08-26 10:35:00,2023-08-26,2023-08-01,2023,10,Saturday,45,36.0,-9.0,True,15.93,1.94,delivered,True
a694b716-6d60-4072-97c9-00327dd40f2a,c79b6a82-fc7a-4bad-be32-792c778f8055,DASHER_00588,2022-12-10 21:28:00,2022-12-10,2022-12-01,2022,21,Saturday,47,51.0,4.0,True,8.0,2.61,delivered,True
4fdaf5d6-3e98-41d8-b792-349e4d2e7f55,716d7f96-13b2-4745-a33d-f27a5541cc7f,DASHER_03428,2022-05-17 12:19:00,2022-05-17,2022-05-01,2022,12,Tuesday,48,57.0,9.0,False,28.17,1.37,delivered,True
6af1e7af-dcba-47fb-9dfe-29cf48504870,a5a9932e-f5ee-4c1e-b9da-61f6f3cb6378,DASHER_01672,2023-08-03 14:29:00,2023-08-03,2023-08-01,2023,14,Thursday,44,43.0,-1.0,True,25.63,5.85,delivered,True
1a177f39-1281-42f1-98ab-f9b57cdb5c33,487b4477-a043-4e33-aa0d-2db6c5764be7,DASHER_00529,2022-08-09 12:50:00,2022-08-09,2022-08-01,2022,12,Tuesday,35,35.0,0.0,True,24.79,2.65,delivered,True
bdaebe5e-b5ba-4a13-9218-c0a29843ca90,40ee7684-f164-4174-b8d8-5820ae68833b,DASHER_00454,2022-03-02 19:55:00,2022-03-02,2022-03-01,2022,19,Wednesday,40,40.0,0.0,True,37.98,3.68,delivered,True
b3767ec6-1230-4c5f-a3ed-210da1f6b04e,9d5835e6-d19e-49f9-b602-d7f5f81ccf29,DASHER_01464,2024-06-10 14:20:00,2024-06-10,2024-06-01,2024,14,Monday,23,23.0,0.0,True,29.85,2.93,delivered,True
54380d21-7e81-485e-931c-cc7bc2465e63,063d3473-d07e-4b6d-bdd5-1986ea61e436,DASHER_01365,2022-08-22 19:26:00,2022-08-22,2022-08-01,2022,19,Monday,41,40.0,-1.0,True,45.13,4.03,delivered,True
33b0e015-25e0-4b7d-bfd0-122ac9a24a50,a14be992-9251-4871-bba6-babba45ba841,DASHER_04254,2022-05-31 16:42:00,2022-05-31,2022-05-01,2022,16,Tuesday,31,46.0,15.0,False,29.94,1.21,delivered,True
9952ceb8-742a-4fcf-a3f5-a779507dc1f6,15e5f8a8-a5bb-4655-bac8-79a8a7705a9b,DASHER_04570,2023-11-13 15:11:00,2023-11-13,2023-11-01,2023,15,Monday,40,47.0,7.0,False,30.0,4.91,delivered,True
6d85b22f-c894-4fb1-9d68-72e2ef1153dd,e809694a-afdd-4625-bbb0-7d039c70b94f,DASHER_03608,2023-08-31 13:53:00,2023-08-31,2023-08-01,2023,13,Thursday,17,10.0,-8.0,True,39.56,1.07,delivered,True
64b0dd2a-1a25-4409-95e5-f343d0190045,a3e7344a-e7b0-46d4-b07c-12419d580c7e,DASHER_03059,2023-12-14 19:31:00,2023-12-14,2023-12-01,2023,19,Thursday,55,56.0,1.0,True,43.24,4.44,delivered,True
6643bb8f-4ad4-4a49-ac8e-497c3ef49f07,84776242-c7c3-47f0-8425-3244be83c12d,DASHER_04474,2023-07-01 11:08:00,2023-07-01,2023-07-01,2023,11,Saturday,36,37.0,1.0,True,14.87,5.12,delivered,True
4980e184-79cb-478e-994b-d388571fec94,ccb9d2b2-94af-4394-85e9-85abad378e0f,DASHER_02569,2022-12-21 22:20:00,2022-12-21,2022-12-01,2022,22,Wednesday,25,19.0,-6.0,True,24.87,5.53,delivered,True
f1c94b95-186e-4ab3-b3a9-f94b4b3822ef,14ec3205-bfb5-4268-91de-7596fb57f2e0,DASHER_03659,2023-11-17 19:04:00,2023-11-17,2023-11-01,2023,19,Friday,35,26.0,-9.0,True,41.33,5.85,delivered,True
0b456b1d-9e2b-49be-8e87-c796339aae4a,67f96114-dee7-4855-8d58-6262eb121648,DASHER_01784,2024-01-14 06:37:00,2024-01-14,2024-01-01,2024,6,Sunday,39,62.0,23.0,False,66.62,4.17,delivered,True
f5e38328-a986-4d6c-97ac-491055b8d388,be8b0ae4-f295-4ebb-ac32-9f74fa2c6ae7,DASHER_00541,2023-02-10 11:55:00,2023-02-10,2023-02-01,2023,11,Friday,44,44.0,0.0,True,58.69,5.36,delivered,True
7c4cf81a-75dc-4d44-a3cc-ca59e1419592,d9ca11a3-002a-40dd-ae61-a69334c3a6fa,DASHER_03249,2024-10-05 15:10:00,2024-10-05,2024-10-01,2024,15,Saturday,49,67.0,18.0,False,26.02,3.23,delivered,True
fa779f9a-bec9-440c-9a2e-15e4a3e93108,3b4af736-861d-4b49-9d92-10e75a3a23bf,DASHER_02143,2024-06-02 20:15:00,2024-06-02,2024-06-01,2024,20,Sunday,42,45.0,3.0,True,35.23,7.31,delivered,True
689eb5b9-de4b-4204-aec1-fa005bbac209,0d861420-d9bb-4cbf-88e2-fbf99de9e45c,DASHER_04325,2024-07-09 03:43:00,2024-07-09,2024-07-01,2024,3,Tuesday,15,,,,25.21,6.03,cancelled,True
df374f25-030a-4c69-9b6b-1f727efd1fde,66a1c33e-074c-4520-9b97-3f62f82238b1,DASHER_02056,2022-05-29 18:34:00,2022-05-29,2022-05-01,2022,18,Sunday,30,28.0,-2.0,True,54.13,2.71,delivered,True
3c6158b0-55b2-4404-ae6a-244700fcccd8,6cf9feb9-6534-49f6-a7d0-efd9c0e448b6,DASHER_00978,2023-09-11 17:48:00,2023-09-11,2023-09-01,2023,17,Monday,45,37.0,-8.0,True,40.11,4.6,delivered,True
64f88c3c-3552-4bef-ade4-512008404a95,e410ee9f-6717-409e-a90d-878240431333,DASHER_02651,2024-09-25 20:38:00,2024-09-25,2024-09-01,2024,20,Wednesday,19,19.0,0.0,True,52.7,4.59,delivered,True
0490c530-b040-4c87-82ca-6bdd50dc07b1,c6dcddeb-ce50-4190-ae74-d9b8edef74f4,DASHER_00131,2022-01-25 12:41:00,2022-01-25,2022-01-01,2022,12,Tuesday,43,36.0,-7.0,True,32.81,6.87,delivered,True
d2245fee-345e-431b-9b4f-1091df2bc8a5,acc025e8-c707-4ae0-92db-58ccc57b6918,DASHER_02777,2023-11-28 23:35:00,2023-11-28,2023-11-01,2023,23,Tuesday,41,44.0,3.0,True,22.29,3.63,delivered,True
09e5247d-c5ab-42e8-8b7a-e1fc22c33735,c2a67327-89ce-41b2-aac9-4150f886efcc,DASHER_04844,2023-03-30 13:41:00,2023-03-30,2023-03-01,2023,13,Thursday,20,18.0,-2.0,True,10.55,7.72,delivered,True
54a1eb8c-c7ac-4cfe-b4e2-114b4c3705dd,6ca2dd9f-e5bc-4212-ac40-7db6e0cc3f01,DASHER_01123,2023-04-29 23:06:00,2023-04-29,2023-04-01,2023,23,Saturday,28,18.0,-10.0,True,36.74,7.72,delivered,True
84346e25-ef8e-4842-89fa-3807513919ef,32963aaa-f3d9-478b-a170-8f13fe73a2ba,DASHER_02115,2022-06-03 09:56:00,2022-06-03,2022-06-01,2022,9,Friday,32,44.0,12.0,False,33.07,5.93,delivered,True
72c53395-1b39-4023-b744-1780ee754696,ea894346-3083-48a4-91a5-1b9cf16c953b,DASHER_02191,2023-12-12 17:55:00,2023-12-12,2023-12-01,2023,17,Tuesday,38,45.0,7.0,False,52.68,5.34,delivered,True
e52caf40-b1e3-4594-84b9-7f1fc5461fc0,f8d99549-8d72-4082-983a-1f2818150e72,DASHER_00036,2023-06-24 18:44:00,2023-06-24,2023-06-01,2023,18,Saturday,33,17.0,-16.0,True,34.01,2.7,delivered,True
7234400a-1328-4dd9-81a2-5ffe1ca99f09,637c6293-e5ec-4eab-bb5c-cad79ad16c04,DASHER_04058,2022-06-11 19:16:00,2022-06-11,2022-06-01,2022,19,Saturday,31,31.0,0.0,True,14.1,6.0,delivered,True
1f423cf3-61e3-44b8-ac22-50b643753a2e,3bcfb998-0838-4404-bd85-1c937d6bba27,DASHER_00790,2022-09-03 20:25:00,2022-09-03,2022-09-01,2022,20,Saturday,25,43.0,18.0,False,31.48,5.01,delivered,True
baa48ece-73cb-4874-abb8-032e54f6c673,1b140f4b-36b0-4da2-95fc-a341cbc7bf11,DASHER_02381,2023-12-09 21:19:00,2023-12-09,2023-12-01,2023,21,Saturday,41,42.0,1.0,True,46.12,5.53,delivered,True
b8a81983-bb87-4d03-a787-c2f70c9c32d9,ed2b7395-5030-43c2-a871-8a9d4b58081a,DASHER_04616,2024-03-25 11:02:00,2024-03-25,2024-03-01,2024,11,Monday,30,29.0,-1.0,True,35.49,7.2,delivered,True
12189546-4829-46b5-b2d1-4ebea01b5d98,cc6ff513-c574-48f9-b2ec-4493c18b579a,DASHER_04526,2022-09-18 21:01:00,2022-09-18,2022-09-01,2022,21,Sunday,31,25.0,-6.0,True,30.0,7.41,delivered,True
3888f576-9d6f-4014-a95b-730b56d678be,5f0698fb-7625-4154-b7f8-f7528fb1e924,DASHER_04657,2024-02-29 11:58:00,2024-02-29,2024-02-01,2024,11,Thursday,36,41.0,5.0,True,9.64,6.44,delivered,True
85d1b950-8271-4635-96c2-33b22c05b513,44597cfb-af85-46aa-80e1-9df5bc6e74a5,DASHER_04128,2024-09-30 11:34:00,2024-09-30,2024-09-01,2024,11,Monday,46,,,,39.22,2.39,cancelled,True
4ba204eb-0487-48dc-9098-bfaf84a536ce,f1e5f1da-0c12-4b59-bb65-f65e66a99689,DASHER_02287,2023-05-18 12:02:00,2023-05-18,2023-05-01,2023,12,Thursday,27,26.0,-1.0,True,40.6,4.31,delivered,True
95bf35ec-fdf8-4d56-b023-a60da7fb61db,c7df6bcc-3ca0-4018-a526-e6b811b36fe5,DASHER_03138,2024-12-22 13:34:00,2024-12-22,2024-12-01,2024,13,Sunday,24,29.0,5.0,True,25.11,3.6,delivered,True
af49c432-959c-496c-ad84-b955ca08b8c1,2bb317e7-e091-4fe6-be2d-9fdb45841469,DASHER_03568,2023-02-06 09:42:00,2023-02-06,2023-02-01,2023,9,Monday,42,36.0,-6.0,True,25.4,3.89,delivered,True
b5d61393-0bed-4ac8-872c-7e40eff810d0,3a446fdf-2621-4812-9dfc-c9738f3793fb,DASHER_01686,2023-04-29 07:11:00,2023-04-29,2023-04-01,2023,7,Saturday,30,22.0,-8.0,True,30.53,5.28,delivered,True
72b6d8e7-32a5-4444-8053-0efd12af610c,c7a27ee0-b732-4fb4-8af4-f8c0997b6031,DASHER_00268,2023-12-07 22:40:00,2023-12-07,2023-12-01,2023,22,Thursday,50,49.0,-1.0,True,48.84,7.49,delivered,True
eedd45d5-cc1a-419f-a82c-8a9c8b91b515,43bd96a0-5164-491d-b8d4-b7cb569df305,DASHER_00219,2022-10-02 21:01:00,2022-10-02,2022-10-01,2022,21,Sunday,52,63.0,11.0,False,37.16,3.93,delivered,True
66d4d6fc-828b-4b47-b624-435fe7819976,dc7df643-0adc-43b4-84e2-710c71aaa757,DASHER_02345,2023-08-30 13:58:00,2023-08-30,2023-08-01,2023,13,Wednesday,48,50.0,2.0,True,27.33,3.54,delivered,True
d49bcfd3-2be1-4b13-b8f8-731c68f408c8,58707e66-0acd-4d1f-b407-dccf4f7f14e0,DASHER_00251,2023-03-14 11:56:00,2023-03-14,2023-03-01,2023,11,Tuesday,40,45.0,5.0,True,18.15,6.19,delivered,True
9d5ce657-b289-44f3-b4dc-8073c24e3c44,23eb233c-bbb7-41ce-9834-a5cefdc4017a,DASHER_03497,2023-01-17 22:47:00,2023-01-17,2023-01-01,2023,22,Tuesday,30,10.0,-21.0,True,57.41,5.45,delivered,True
f50c8dc3-0709-4688-a591-290e974c3b85,6e510df3-bcf4-4569-bcf2-76ba6b464291,DASHER_01112,2024-05-19 15:31:00,2024-05-19,2024-05-01,2024,15,Sunday,31,39.0,8.0,False,25.6,6.25,delivered,True
ad1fde72-91ac-4458-9dd2-ac83df39d9de,f72451b0-7e50-43a4-a62e-845adcce8dd1,DASHER_02022,2022-07-19 06:55:00,2022-07-19,2022-07-01,2022,6,Tuesday,35,35.0,0.0,True,26.98,2.2,delivered,True
1b83f782-b5bf-42a3-b035-3a0d7167a64a,166c4f60-ee78-432b-8fcf-7cb3effa9d96,DASHER_02832,2022-02-06 20:41:00,2022-02-06,2022-02-01,2022,20,Sunday,19,10.0,-12.0,True,23.67,5.5,delivered,True
a3cb2f34-9ec8-4b5e-9b0c-cfb570dfc0f9,f7d1c74d-5dd5-4c7e-9502-f8530536c11f,DASHER_01851,2023-01-21 21:47:00,2023-01-21,2023-01-01,2023,21,Saturday,39,37.0,-2.0,True,35.87,2.84,delivered,True
c314ae6c-245c-4078-8716-9bd93951c51f,761d6d1d-6f9d-4b73-81c9-2e7276827590,DASHER_02966,2024-01-08 21:31:00,2024-01-08,2024-01-01,2024,21,Monday,33,13.0,-20.0,True,32.22,4.11,delivered,True
f2dfebcf-99e9-493b-8b65-fd737e53ec2c,a8a17e62-886c-4c3a-8eb1-4bccaff7f2db,DASHER_00763,2023-11-26 04:06:00,2023-11-26,2023-11-01,2023,4,Sunday,29,17.0,-12.0,True,56.19,4.67,delivered,True
b2325237-89b6-435f-a2dd-a70bba6166b3,ebc7c741-e15d-4a30-9b34-19c77540b080,DASHER_03245,2024-06-03 23:14:00,2024-06-03,2024-06-01,2024,23,Monday,45,44.0,-1.0,True,19.06,5.97,delivered,True
8c94e5fc-0573-485d-8e0a-17e16aba65f4,9118ba18-f69f-48f6-9135-9c5cf3d5a515,DASHER_02337,2024-12-30 16:53:00,2024-12-30,2024-12-01,2024,16,Monday,28,28.0,0.0,True,8.0,5.37,delivered,True
62fbf5fa-1afa-460d-bfaa-2fcfb7f83a56,a755f275-b94b-4c7f-b233-d6a19817c5f0,DASHER_03140,2023-05-21 13:32:00,2023-05-21,2023-05-01,2023,13,Sunday,39,41.0,2.0,True,15.99,5.02,delivered,True
d12b5f47-51e9-47a8-a644-7f7837410b49,12449516-8eda-4310-b182-e978e0642282,DASHER_01230,2023-05-16 19:11:00,2023-05-16,2023-05-01,2023,19,Tuesday,29,28.0,-1.0,True,63.39,3.16,delivered,True
e972e283-9f60-41f1-a956-5e81559b8511,a2dc5586-55be-462a-847d-1bc17a38fbcc,DASHER_03371,2022-06-16 21:45:00,2022-06-16,2022-06-01,2022,21,Thursday,33,25.0,-8.0,True,9.9,6.21,delivered,True
c400256e-9c6c-41b6-aaf9-3e799c8dc298,96c0a565-b7dc-4a43-8927-a3d84edc7bfa,DASHER_04233,2024-06-30 18:33:00,2024-06-30,2024-06-01,2024,18,Sunday,33,30.0,-3.0,True,30.93,3.89,delivered,True
23a7d5da-1e1a-4125-9692-57f6f298c92f,e5511228-c2c2-486c-af32-7fb47588c455,DASHER_02687,2022-06-10 21:55:00,2022-06-10,2022-06-01,2022,21,Friday,29,15.0,-14.0,True,19.14,7.84,delivered,True
743fd20d-1d95-4292-9e38-1091f0f95ef1,812f1eb5-7a80-499c-87b4-5cc3e4058d19,DASHER_01881,2022-10-04 19:04:00,2022-10-04,2022-10-01,2022,19,Tuesday,42,52.0,10.0,False,41.39,5.4,delivered,True
3aeac3af-4f04-4012-9105-487c1745b737,b0208c23-6bb2-4f10-89bd-a40a8ca59d8f,DASHER_01611,2022-06-28 18:29:00,2022-06-28,2022-06-01,2022,18,Tuesday,32,35.0,3.0,True,45.39,4.53,delivered,True
ebc36c92-23a7-4dc7-86c9-ad9d7a54095f,24b7bd6b-9691-4337-912a-f1bdb1644abd,DASHER_04042,2024-02-16 21:22:00,2024-02-16,2024-02-01,2024,21,Friday,29,58.0,29.0,False,20.09,5.95,delivered,True
e9328c8c-2e7e-4f8d-8361-91ad50e07353,e561ab54-4e33-48eb-b46b-3a409d00923c,DASHER_00190,2022-11-11 20:50:00,2022-11-11,2022-11-01,2022,20,Friday,25,27.0,2.0,True,31.88,6.51,delivered,True
3adb4517-ef6c-4525-b14f-46899084b13c,e984c17e-b842-40fd-9b45-2e858639cbb4,DASHER_03236,2022-07-19 20:11:00,2022-07-19,2022-07-01,2022,20,Tuesday,26,26.0,0.0,True,31.13,4.41,delivered,True
1ed4a875-b8dc-410e-982b-13fb7a58e482,c3e355af-1040-46b2-bfb7-02b686674d50,DASHER_03256,2023-11-28 07:55:00,2023-11-28,2023-11-01,2023,7,Tuesday,38,21.0,-17.0,True,16.01,4.11,delivered,True
67c87d05-4d0a-4146-b2f3-e4e1ee6d50d6,65a6c396-e722-469f-b0a7-be6c51fcdad2,DASHER_03962,2022-01-29 19:00:00,2022-01-29,2022-01-01,2022,19,Saturday,41,41.0,0.0,True,38.2,5.6,delivered,True
a5245767-4ba6-4d80-a4b6-37e8b9a48d2f,b9e6336b-3237-4308-849b-dd709625434a,DASHER_03228,2024-09-17 21:57:00,2024-09-17,2024-09-01,2024,21,Tuesday,31,16.0,-15.0,True,8.0,3.95,delivered,True
97e38e6d-9a1d-4b8e-afff-7363e23cb811,ae8ae96e-6a04-438b-91a0-979f5f51904f,DASHER_00941,2022-09-21 18:52:00,2022-09-21,2022-09-01,2022,18,Wednesday,19,17.0,-2.0,True,9.31,2.08,delivered,True
1d8cb030-fba0-4c86-89f0-9068392f3db0,9514c379-a3b0-4a92-94cf-0d98d719f340,DASHER_01925,2023-11-11 06:41:00,2023-11-11,2023-11-01,2023,6,Saturday,37,42.0,5.0,True,60.73,3.28,delivered,True
b26e9d1f-6ffe-4919-b7fd-6765158bdbde,e5ca5eaf-38b4-465a-8e33-4fc8bb87c30f,DASHER_01065,2024-06-03 16:43:00,2024-06-03,2024-06-01,2024,16,Monday,26,30.0,4.0,True,8.0,3.33,delivered,True
f4e72126-c525-4988-8dd6-080a214b5e2a,cb0eb21c-b9c4-4235-9370-77861005de7b,DASHER_03584,2024-09-14 12:13:00,2024-09-14,2024-09-01,2024,12,Saturday,44,44.0,0.0,True,26.75,5.18,delivered,True
21a2a65b-0a7a-4667-bf14-8310d22a1d31,1d0d71cd-1f29-4b68-8c38-52721db9616e,DASHER_04177,2023-06-10 00:58:00,2023-06-10,2023-06-01,2023,0,Saturday,23,25.0,2.0,True,54.48,1.59,delivered,True
df4c2ab4-5562-4bc2-b122-33be0341c87f,4b782209-9c16-478c-a37a-049d2e528cd1,DASHER_04949,2022-03-14 16:16:00,2022-03-14,2022-03-01,2022,16,Monday,37,48.0,11.0,False,28.17,6.33,delivered,True
7cf99f39-4a35-4b26-bc6f-776cab714827,19fac723-f78d-4787-a2ec-d0836307ede8,DASHER_01394,2023-07-14 16:50:00,2023-07-14,2023-07-01,2023,16,Friday,44,22.0,-22.0,True,25.81,3.72,delivered,True
4f463282-6d7f-46f6-85ad-c570a5db63aa,4137093d-5da6-4fd0-a3a8-95258d6a3b72,DASHER_01615,2024-10-21 19:15:00,2024-10-21,2024-10-01,2024,19,Monday,40,43.0,3.0,True,8.0,3.7,delivered,True
92f31e59-d29b-4587-b51f-ee889cc110bf,73dc46bb-192a-49fb-8db0-c087ba1bc291,DASHER_03110,2024-02-01 19:56:00,2024-02-01,2024-02-01,2024,19,Thursday,28,39.0,11.0,False,15.35,1.06,delivered,True
6d836e92-0008-44f8-b286-d7c3595e6601,0fbb3950-36aa-406a-8648-fd43203ab1a9,DASHER_02437,2022-07-11 20:42:00,2022-07-11,2022-07-01,2022,20,Monday,35,21.0,-14.0,True,28.59,6.67,delivered,True
3250e191-ea4c-4ae8-810f-a6c72a039e53,8a80de20-3565-4768-b4a2-6d164e685ea7,DASHER_03103,2024-03-01 11:46:00,2024-03-01,2024-03-01,2024,11,Friday,24,33.0,9.0,False,45.99,5.46,delivered,True
807fe98c-b1b8-43a4-97f7-fe118bb9c409,c4aa683a-a827-4485-950d-10854a337f42,DASHER_03615,2023-02-24 19:42:00,2023-02-24,2023-02-01,2023,19,Friday,40,45.0,5.0,True,25.54,3.33,delivered,True
93b24942-0f73-4050-89da-7c27e7631070,376cddf7-a0c8-42c1-9ca9-8c60a0517984,DASHER_04957,2023-09-03 11:37:00,2023-09-03,2023-09-01,2023,11,Sunday,36,34.0,-2.0,True,36.28,7.93,delivered,True
071fdaf5-beb8-4e38-8604-9426d9a43bd5,f1e5f1da-0c12-4b59-bb65-f65e66a99689,DASHER_00967,2023-03-22 23:03:00,2023-03-22,2023-03-01,2023,23,Wednesday,28,24.0,-4.0,True,20.3,6.54,delivered,True
ef59d8b7-ff77-4477-b804-776e27225a24,3eade810-5836-441a-8e73-2db42558e12c,DASHER_00454,2022-04-21 13:04:00,2022-04-21,2022-04-01,2022,13,Thursday,32,34.0,2.0,True,48.28,4.5,delivered,True
3260046d-b8ff-4c11-9186-719717e76b2a,cc11e4fc-5b59-4c13-b6e4-887b745626ce,DASHER_03902,2022-07-05 10:41:00,2022-07-05,2022-07-01,2022,10,Tuesday,23,10.0,-15.0,True,51.09,6.23,delivered,True
295a1d9b-54c4-41d1-8b1d-32539b436ddb,19c24157-37d6-4e0f-bea7-4e61d1652155,DASHER_04879,2023-05-20 18:23:00,2023-05-20,2023-05-01,2023,18,Saturday,43,38.0,-5.0,True,18.32,3.74,delivered,True
0be094e7-c9ba-4909-a54f-089f0535a048,e2c5120f-4685-4868-a145-2da148452a59,DASHER_00302,2024-08-01 16:03:00,2024-08-01,2024-08-01,2024,16,Thursday,47,42.0,-5.0,True,39.38,4.31,delivered,True
43fd6a73-2971-4f87-997e-53a68cbfeb1c,0d069d96-4d81-4a89-a77f-b7ca1c1cc1e3,DASHER_02667,2023-01-09 19:58:00,2023-01-09,2023-01-01,2023,19,Monday,26,16.0,-10.0,True,23.51,7.81,delivered,True
f2fd482e-5d7c-45aa-979c-bb3de6d2cc6c,352a8931-cee8-43b6-bfa5-f4ad5c9bfb69,DASHER_00859,2024-09-06 00:42:00,2024-09-06,2024-09-01,2024,0,Friday,44,50.0,6.0,False,36.61,2.48,delivered,True
739b1ab9-2e76-4ace-a2bf-1aca04cf9f95,e46456c6-5786-4968-a2e8-ee4014df71ce,DASHER_00527,2022-09-21 14:36:00,2022-09-21,2022-09-01,2022,14,Wednesday,39,59.0,20.0,False,28.55,6.9,delivered,True
d9247579-ffb9-4588-bdaf-389feb859aaf,15f7afdd-2f0b-4288-bc53-243e0228720b,DASHER_04311,2023-08-12 06:31:00,2023-08-12,2023-08-01,2023,6,Saturday,48,30.0,-18.0,True,31.1,2.85,delivered,True
8cbf254e-9e04-4c84-9f1a-64c05ae5af54,6e93963b-12b4-4856-a6a4-15e444bdf9e9,DASHER_02986,2024-02-06 06:37:00,2024-02-06,2024-02-01,2024,6,Tuesday,30,39.0,9.0,False,18.05,2.08,delivered,True
762dfdeb-42eb-4757-91bc-d726d56d5727,d1fa02d2-4824-4881-b065-68ae0d50f9fc,DASHER_03581,2024-01-25 13:08:00,2024-01-25,2024-01-01,2024,13,Thursday,44,41.0,-3.0,True,16.15,2.35,delivered,True
3524ab24-b191-43f2-83b3-6c04167f228c,9c0402d6-5e32-4b57-8c17-39fade86f1f7,DASHER_01929,2022-11-06 20:35:00,2022-11-06,2022-11-01,2022,20,Sunday,37,19.0,-18.0,True,23.3,6.97,delivered,True
32b93534-e6ba-44b3-a30c-e9fd8c8e89fa,746a2e36-817d-414c-b596-3b3c7df996d4,DASHER_04903,2024-12-15 18:06:00,2024-12-15,2024-12-01,2024,18,Sunday,38,21.0,-17.0,True,51.02,5.53,delivered,True
cc557bc3-7bfa-48b7-9fd8-f6e57f3c8401,cce69774-c5bb-4b19-b9f3-cf940572909f,DASHER_02179,2023-09-08 16:10:00,2023-09-08,2023-09-01,2023,16,Friday,25,34.0,9.0,False,9.31,3.24,delivered,True
ea099dbb-c0f3-4ef0-bd3c-d5c33378d5ae,17e18527-ce74-4867-9e88-9018fed493c3,DASHER_01006,2024-07-20 19:57:00,2024-07-20,2024-07-01,2024,19,Saturday,41,,,,27.63,7.98,cancelled,True
632f1b03-a31f-4587-9c18-5812abfb0002,c7d84f3f-4869-4a0f-9699-488a56597697,DASHER_03302,2023-12-25 19:03:00,2023-12-25,2023-12-01,2023,19,Monday,32,32.0,0.0,True,26.77,7.58,delivered,True
8b3a6493-cdfe-4d74-ae31-e71b534cacfc,89cf3c09-cf6c-41d4-b529-f0a2a09d2a85,DASHER_00891,2022-02-22 20:21:00,2022-02-22,2022-02-01,2022,20,Tuesday,20,10.0,-16.0,True,22.7,1.0,delivered,True
59ce352a-d2b3-4172-9fba-953559144477,3131e914-3efe-4cf9-a5de-ef0642cec831,DASHER_04819,2024-05-11 16:31:00,2024-05-11,2024-05-01,2024,16,Saturday,37,29.0,-8.0,True,32.85,6.39,delivered,True
198346a7-e5d2-4521-bd57-e594c0b02277,a783a6b1-750c-4453-bd7e-b4e02f622d85,DASHER_01984,2024-05-24 13:53:00,2024-05-24,2024-05-01,2024,13,Friday,44,32.0,-12.0,True,42.65,7.54,delivered,True
7ea6ccd5-7836-4d67-bb98-b49dc1872f02,506360a0-94cb-4b16-abf2-a0d410712d99,DASHER_01627,2023-04-25 12:28:00,2023-04-25,2023-04-01,2023,12,Tuesday,22,28.0,6.0,False,47.32,7.01,delivered,True
d7084fec-92eb-419b-b355-eabcfff7b5d2,55715d56-7ebd-4afd-8c1f-a9d1b3321179,DASHER_00608,2022-11-16 20:59:00,2022-11-16,2022-11-01,2022,20,Wednesday,31,22.0,-9.0,True,8.0,3.4,delivered,True
56ab3651-3054-4639-984e-7a73bd17b08d,af89d1fc-2651-4805-b449-9654f04e2dfa,DASHER_02565,2023-01-07 10:18:00,2023-01-07,2023-01-01,2023,10,Saturday,39,63.0,24.0,False,65.21,1.8,delivered,True
70ed430a-dbe7-4304-a22f-58cceb85fec7,3e5d7b45-b4f6-4f80-8176-d54317a12259,DASHER_00216,2023-08-17 00:58:00,2023-08-17,2023-08-01,2023,0,Thursday,41,35.0,-6.0,True,19.99,5.36,delivered,True
208c70cc-5b15-410e-97db-c3b9b4269968,1e2ceb6a-bcc4-473c-879b-7a38f3ecd232,DASHER_03356,2024-05-24 09:04:00,2024-05-24,2024-05-01,2024,9,Friday,32,61.0,29.0,False,14.45,6.25,delivered,True
10e31bee-d821-4b46-b061-05bf17d4781f,f6ff3cd3-be23-4c66-bbfe-90acaf1dbd1c,DASHER_01899,2023-10-12 18:38:00,2023-10-12,2023-10-01,2023,18,Thursday,42,30.0,-12.0,True,22.88,3.71,delivered,True
7baf66c6-f4ee-4859-bf65-af124b135d6d,2d2e5725-578e-4882-9173-31b873e75b28,DASHER_02453,2024-01-18 10:28:00,2024-01-18,2024-01-01,2024,10,Thursday,29,18.0,-11.0,True,8.33,5.75,delivered,True
0267a69f-30a6-45b3-b707-578a97685662,449d68de-88a7-4abc-876b-a46f7461213f,DASHER_02149,2024-01-12 15:15:00,2024-01-12,2024-01-01,2024,15,Friday,34,46.0,12.0,False,42.34,2.84,delivered,True
abeca581-db3e-4791-b8be-7a434ab63f98,ee63b244-3380-4f3e-8863-a14b28f3db4e,DASHER_02055,2024-03-10 06:27:00,2024-03-10,2024-03-01,2024,6,Sunday,35,50.0,15.0,False,11.43,2.65,delivered,True
550a4609-7be9-4c90-84bc-8020111bb8a4,7aad008b-5af5-402c-b9ec-9fa9921594f7,DASHER_00595,2022-11-20 06:14:00,2022-11-20,2022-11-01,2022,6,Sunday,36,22.0,-14.0,True,27.64,6.49,delivered,True
87a8f556-7bc0-4cd7-b68e-1316161bc342,ce9cdd1e-1f2e-4460-a1fd-81cb914b5145,DASHER_04854,2022-06-16 22:48:00,2022-06-16,2022-06-01,2022,22,Thursday,26,21.0,-5.0,True,41.3,7.8,delivered,True
0ee34d76-33de-4ab0-97ab-bca193b5c5c9,25f6ce41-c572-40b2-8684-b76c09fb8cfa,DASHER_02651,2022-09-17 19:52:00,2022-09-17,2022-09-01,2022,19,Saturday,27,,,,16.5,5.11,cancelled,True
b714e38c-1f35-4842-b3b7-ffa017f9ae05,1e2b59d6-d5c8-4858-8471-365f7b7165c0,DASHER_02329,2023-10-17 11:47:00,2023-10-17,2023-10-01,2023,11,Tuesday,39,44.0,5.0,True,52.25,1.46,delivered,True
405886e0-9776-46a0-a13f-d91af6297be6,ec7dadd1-ef65-44d3-a60c-b2d2664b97fb,DASHER_03844,2023-04-04 11:59:00,2023-04-04,2023-04-01,2023,11,Tuesday,37,41.0,4.0,True,42.61,1.71,delivered,True
eb79d0d9-3cf3-4bd0-bbc7-0cf861a80718,5317d8c8-53d0-4405-b376-dfe0d224f6b9,DASHER_03329,2022-10-03 09:14:00,2022-10-03,2022-10-01,2022,9,Monday,35,59.0,24.0,False,23.3,7.13,delivered,True
c531723a-a1dc-4ce6-9e51-944ba906159d,2ae0bcf3-cd33-40cd-aa41-c1a7fe0a967f,DASHER_04794,2023-02-03 21:23:00,2023-02-03,2023-02-01,2023,21,Friday,39,29.0,-10.0,True,17.48,5.68,delivered,True
9c804961-c769-4424-9c44-835a09e0f032,f0da3a71-699c-4d88-b52d-e8088d3efa72,DASHER_03304,2022-02-11 18:51:00,2022-02-11,2022-02-01,2022,18,Friday,37,43.0,6.0,False,44.33,4.91,delivered,True
85a7c168-2d54-479f-bd1b-13f68d56ab74,b487508d-7795-4b27-84f4-d722cd847dfd,DASHER_03900,2023-10-29 18:32:00,2023-10-29,2023-10-01,2023,18,Sunday,30,22.0,-8.0,True,13.01,7.88,delivered,True
e3ea1e89-ba36-4795-ad39-4a2c5b1881ce,31d620a6-37a6-4e0e-bcaf-ed3549d302d1,DASHER_04759,2024-08-10 21:27:00,2024-08-10,2024-08-01,2024,21,Saturday,35,50.0,15.0,False,17.1,2.72,delivered,True
97be3324-bd61-494c-a6d8-7dd8384cd11a,cce69774-c5bb-4b19-b9f3-cf940572909f,DASHER_04122,2024-06-14 21:26:00,2024-06-14,2024-06-01,2024,21,Friday,27,40.0,13.0,False,31.5,6.66,delivered,True
dac5ffdb-cca0-47e4-96cf-22d8b99b6785,e523e5b8-b3f9-4ee9-81b2-e07b8aa0e5d3,DASHER_02980,2023-11-18 23:50:00,2023-11-18,2023-11-01,2023,23,Saturday,36,34.0,-2.0,True,19.95,1.97,delivered,True
e28672a1-5226-4b0c-afed-975e326c419b,2954edfc-6aee-4abc-98c8-6cb2420518ba,DASHER_00222,2024-03-29 09:39:00,2024-03-29,2024-03-01,2024,9,Friday,27,42.0,15.0,False,13.6,5.79,delivered,True
ec6d187b-815d-4b6a-bdbd-ebf2fb301689,8c040945-0167-4512-8953-ec9ffda21a28,DASHER_02913,2022-02-05 22:39:00,2022-02-05,2022-02-01,2022,22,Saturday,35,42.0,7.0,False,39.34,3.41,delivered,True
ad37776d-3468-4530-bf23-2c4994ed9ed2,288d2f9b-9d2c-487b-a31a-1bb0c1877fd6,DASHER_04094,2024-03-01 10:21:00,2024-03-01,2024-03-01,2024,10,Friday,42,30.0,-12.0,True,13.08,1.84,delivered,True
e5a4215e-dcaa-45c3-8d88-e8f711cd6ed8,ae5ee031-4746-4037-9976-adfe77be8188,DASHER_03623,2024-07-28 15:13:00,2024-07-28,2024-07-01,2024,15,Sunday,21,10.0,-11.0,True,42.29,3.2,delivered,True
9890a5c0-3ff1-4130-9a17-bcbe9c2352da,84f83952-d481-43f7-af27-ae1aab5951af,DASHER_04145,2022-07-05 19:37:00,2022-07-05,2022-07-01,2022,19,Tuesday,47,52.0,5.0,True,8.0,5.69,delivered,True
08913d04-79eb-42d6-b932-6947f157d964,2d2e5725-578e-4882-9173-31b873e75b28,DASHER_00018,2023-09-15 00:21:00,2023-09-15,2023-09-01,2023,0,Friday,31,12.0,-19.0,True,12.23,3.36,delivered,True
49dfad6d-4783-49e5-892a-b100ac5d905e,46dfbcd2-f634-47ac-90bd-36d96f4c9cc3,DASHER_03714,2024-09-04 08:33:00,2024-09-04,2024-09-01,2024,8,Wednesday,44,47.0,3.0,True,48.9,6.18,delivered,True
6f4528b3-0440-43d7-855f-2b669444484e,89683983-57fe-4ad7-9984-d0a8555ae1dc,DASHER_01488,2022-02-19 13:51:00,2022-02-19,2022-02-01,2022,13,Saturday,35,38.0,3.0,True,35.72,1.74,delivered,True
4f2985f3-c429-43a5-9126-63fccd7bb5ef,257e5264-e60d-4735-9b48-3de0a150af45,DASHER_04265,2024-03-05 17:35:00,2024-03-05,2024-03-01,2024,17,Tuesday,36,34.0,-2.0,True,29.61,7.55,delivered,True
5e47a734-0847-4b39-852a-2c30a3e8a082,5322436e-f142-4841-9478-7c5d238dacbb,DASHER_04698,2023-04-05 15:56:00,2023-04-05,2023-04-01,2023,15,Wednesday,40,22.0,-18.0,True,31.51,4.3,delivered,True
244cbf48-5327-4034-8469-3ffd01977f72,2dac13d6-b673-4d7b-a3b3-275830b6ea60,DASHER_04335,2024-09-08 10:55:00,2024-09-08,2024-09-01,2024,10,Sunday,37,50.0,13.0,False,13.5,3.59,delivered,True
9e066710-a98f-48af-9b3e-9442882b0f8a,80fa5fc6-09fd-427a-970e-8383d450afc8,DASHER_03482,2023-03-18 03:35:00,2023-03-18,2023-03-01,2023,3,Saturday,33,59.0,26.0,False,33.01,7.49,delivered,True
32cb4a8b-a5d9-41bb-9961-e2382b795cfe,e09717f3-4617-4e4d-92ae-fa3ebaba9429,DASHER_03269,2024-05-17 15:12:00,2024-05-17,2024-05-01,2024,15,Friday,21,10.0,-12.0,True,24.98,4.31,delivered,True
78239368-b1fc-4cbb-b56b-ab2300ddcbee,c8cb2c71-17f7-4a0a-bc27-cee8bed2dc18,DASHER_02679,2024-01-31 23:22:00,2024-01-31,2024-01-01,2024,23,Wednesday,26,21.0,-5.0,True,21.59,3.22,delivered,True
d20d2f35-7187-4bed-8cbf-082cbb8a9bdb,77cb1df1-1763-45c3-b0ab-c2e1aab24f7a,DASHER_02688,2024-06-24 16:42:00,2024-06-24,2024-06-01,2024,16,Monday,49,71.0,22.0,False,58.72,5.81,delivered,True
61887120-b0ae-4e8a-b990-77ca8bd4b99d,25c8d599-a94a-4b55-a2b0-c599a74e63ae,DASHER_02622,2024-12-27 19:47:00,2024-12-27,2024-12-01,2024,19,Friday,32,32.0,0.0,True,34.83,2.05,delivered,True
39f53b42-19ce-443d-8b0b-758e2495a0b5,6822d6f3-d1a8-4a5d-afd8-c1d43a5890cd,DASHER_04312,2023-12-03 16:18:00,2023-12-03,2023-12-01,2023,16,Sunday,25,25.0,0.0,True,8.0,1.14,delivered,True
dbd55b5a-9129-4654-a467-5c4d21551b84,4312c2ac-889b-41a0-819e-abcab6fe4b8e,DASHER_02481,2023-08-14 22:01:00,2023-08-14,2023-08-01,2023,22,Monday,35,31.0,-4.0,True,21.94,3.64,delivered,True
44f3fd7c-5f9c-4d38-9214-7ddcc64bbb7b,9d5835e6-d19e-49f9-b602-d7f5f81ccf29,DASHER_03004,2024-12-07 19:27:00,2024-12-07,2024-12-01,2024,19,Saturday,33,35.0,2.0,True,8.0,5.4,delivered,True
53d83120-0e8d-41bf-939b-f6b6b2118661,cf052e07-e854-425f-aa56-1f8759dc14af,DASHER_02918,2024-06-13 07:41:00,2024-06-13,2024-06-01,2024,7,Thursday,32,50.0,18.0,False,32.69,6.79,delivered,True
6ec382b5-d92f-4247-9df4-c650d3d12041,51284762-7ea6-453e-bb06-ff60f6121e54,DASHER_03912,2023-11-19 17:02:00,2023-11-19,2023-11-01,2023,17,Sunday,35,49.0,14.0,False,22.49,1.15,delivered,True
cc123e43-6a1b-4268-98d0-91db3d536022,073c5684-a296-4808-baf0-203d9ab78e38,DASHER_03580,2022-03-18 22:24:00,2022-03-18,2022-03-01,2022,22,Friday,29,48.0,19.0,False,13.94,6.96,delivered,True
8b093ee4-d30e-457b-b5aa-462cde8c138b,9313418d-e24c-41e7-849b-bafad31bd437,DASHER_01782,2024-11-02 22:58:00,2024-11-02,2024-11-01,2024,22,Saturday,24,15.0,-9.0,True,8.0,3.81,delivered,True
10da9812-966a-4097-81ed-9d3ba1e0e99d,c634f514-ac1c-4260-b56f-22cef8c60fbe,DASHER_00796,2024-09-24 08:10:00,2024-09-24,2024-09-01,2024,8,Tuesday,32,42.0,10.0,False,10.31,2.54,delivered,True
f1a109fe-6eef-4593-908f-da818cc3e7ff,f39ee359-15d3-4ef1-a197-01c1f7351a43,DASHER_02229,2023-12-17 06:48:00,2023-12-17,2023-12-01,2023,6,Sunday,35,38.0,3.0,True,8.0,5.52,delivered,True
6e16fbd5-49f1-468b-9f9c-6cf5c82a108e,ed62a955-3f64-4b53-8156-6e46d7e34c36,DASHER_02128,2024-04-13 14:15:00,2024-04-13,2024-04-01,2024,14,Saturday,33,31.0,-2.0,True,16.0,7.63,delivered,True
070594bb-5070-4974-9801-c31fc3af4b48,e4243fba-02e0-48ea-af4d-a065cc51e321,DASHER_03417,2022-02-07 11:55:00,2022-02-07,2022-02-01,2022,11,Monday,43,55.0,12.0,False,17.57,4.46,delivered,True
edd3cedf-989f-4d30-bfa8-610acd932cac,3cdf47e2-378b-49af-b4d8-e50d8cc6e15a,DASHER_03584,2022-12-06 21:06:00,2022-12-06,2022-12-01,2022,21,Tuesday,31,48.0,17.0,False,47.24,7.61,delivered,True
013db517-8af8-4e62-9c45-9d9e1512eb05,a37a1be3-2ab8-4aa3-be3b-c506e45de798,DASHER_03260,2023-03-08 06:52:00,2023-03-08,2023-03-01,2023,6,Wednesday,38,53.0,15.0,False,30.25,7.78,delivered,True
a4f25a1c-0b8a-4102-b46c-ea654617580c,18e6296a-4994-49ab-8f09-996ad7445019,DASHER_02408,2024-12-28 22:06:00,2024-12-28,2024-12-01,2024,22,Saturday,35,37.0,2.0,True,23.27,2.25,delivered,True
5cdd361c-c906-4ca5-a5d6-8c9f4b66accf,a45652d2-24d4-40c0-9fb6-da9d49de2535,DASHER_01257,2022-07-16 13:06:00,2022-07-16,2022-07-01,2022,13,Saturday,37,30.0,-7.0,True,37.55,3.58,delivered,True
81d92b71-0c4e-4d2b-99cd-6c982c025983,e1a263b5-5bb8-442b-9a1c-5b65094dc2d2,DASHER_04861,2023-04-20 08:55:00,2023-04-20,2023-04-01,2023,8,Thursday,30,40.0,10.0,False,13.47,6.38,delivered,True
3827615e-7e6a-44da-90fb-565c19edcf55,610b9511-169a-482d-b6c7-868749a8dc02,DASHER_04787,2022-11-28 20:56:00,2022-11-28,2022-11-01,2022,20,Monday,34,11.0,-23.0,True,11.18,7.58,delivered,True
5157503a-ab51-405b-a9f8-a286013107f4,507ee648-1869-4188-ab66-947ca2263c4d,DASHER_03697,2024-09-27 11:02:00,2024-09-27,2024-09-01,2024,11,Friday,24,19.0,-5.0,True,52.2,5.55,delivered,True
17cf4aba-89aa-4e2b-9f1c-808991c27e11,e523e5b8-b3f9-4ee9-81b2-e07b8aa0e5d3,DASHER_01413,2022-07-03 20:49:00,2022-07-03,2022-07-01,2022,20,Sunday,46,,,,29.37,3.67,cancelled,True
7c818f2e-b61b-4063-8dbd-76d60c66756a,c0b392a4-36ba-4891-af63-1be5a87005bc,DASHER_00302,2022-06-18 11:58:00,2022-06-18,2022-06-01,2022,11,Saturday,36,24.0,-12.0,True,35.27,1.72,delivered,True
1d40b090-847b-4b94-9ae7-cd31fbf3b09d,b7d5dc5c-a74e-4884-8a08-b588145a5695,DASHER_01175,2023-01-15 15:18:00,2023-01-15,2023-01-01,2023,15,Sunday,29,46.0,17.0,False,24.04,5.19,delivered,True
f8c0473e-2c93-47da-9219-ccb2f08100a9,a2416b0c-f55e-4f3c-8501-9b3fd33b1b29,DASHER_04696,2024-04-28 19:18:00,2024-04-28,2024-04-01,2024,19,Sunday,33,22.0,-11.0,True,30.7,2.52,delivered,True
06b6f1b9-0761-4c7a-83d8-e52cf1d6dd61,331e5f36-037e-44df-a3bf-55f8282b7d13,DASHER_04939,2024-08-06 17:16:00,2024-08-06,2024-08-01,2024,17,Tuesday,31,20.0,-11.0,True,18.79,2.32,delivered,True
acc25f93-926c-44aa-a13f-e89814f19b6a,216689e2-4041-4899-a989-df3f73debd27,DASHER_01422,2023-01-29 15:38:00,2023-01-29,2023-01-01,2023,15,Sunday,29,35.0,6.0,False,37.6,1.01,delivered,True
fce841d9-c620-48b9-bcee-e2d1cfc6aaf8,c3203c88-54a0-4b3a-bb32-a872b7af9047,DASHER_02213,2024-09-22 11:43:00,2024-09-22,2024-09-01,2024,11,Sunday,24,33.0,9.0,False,39.58,1.01,delivered,True
3781f7d9-911e-4b02-9bf6-40040f5c5962,eef4c2a1-ac15-4315-a6d1-2b28848118ca,DASHER_02797,2022-12-15 15:07:00,2022-12-15,2022-12-01,2022,15,Thursday,36,43.0,7.0,False,14.11,1.99,delivered,True
d83a9b06-62d0-4d54-803f-e08d7a7bb267,f4a76288-da53-439e-aa64-d1e98a00e26c,DASHER_02949,2024-05-31 19:53:00,2024-05-31,2024-05-01,2024,19,Friday,41,53.0,12.0,False,38.25,3.4,delivered,True
4e6edbfb-ee28-485b-8e24-d92571861f74,90b7f69f-913f-4b62-91ad-b97ddd983e7e,DASHER_01158,2022-01-19 18:22:00,2022-01-19,2022-01-01,2022,18,Wednesday,34,40.0,6.0,False,37.61,3.56,delivered,True
79a2c577-08bd-4220-81e7-2165dbbec4a5,8853bca9-c000-4107-b4c9-8b4ed34905d1,DASHER_00108,2024-10-27 18:32:00,2024-10-27,2024-10-01,2024,18,Sunday,29,43.0,14.0,False,16.3,4.06,delivered,True
ff95696d-f5b7-4619-8f45-a199e5c2f3f4,f8b93329-c27d-4c1b-9b9c-5c1e16ea4c92,DASHER_01735,2024-08-22 06:25:00,2024-08-22,2024-08-01,2024,6,Thursday,37,46.0,9.0,False,8.0,6.12,delivered,True
c17eaed3-aa9e-4e75-bf8d-460eeb166aac,0be9c604-0c7c-4609-b283-a637cfc9a60c,DASHER_01027,2023-05-24 09:30:00,2023-05-24,2023-05-01,2023,9,Wednesday,36,40.0,4.0,True,37.99,4.13,delivered,True
cadffd91-28c2-477d-8753-8b9acbba9171,1c80a463-faab-45d4-aedb-ec971fe99b2d,DASHER_01012,2024-05-29 15:27:00,2024-05-29,2024-05-01,2024,15,Wednesday,40,33.0,-7.0,True,8.0,6.33,delivered,True
ab40e4d5-1bc0-4c76-91e7-e7c107aa0301,8ce4a06e-47fe-476b-ae4a-bb74b8edca49,DASHER_02371,2024-07-03 18:29:00,2024-07-03,2024-07-01,2024,18,Wednesday,27,27.0,0.0,True,8.65,2.87,delivered,True
74bbe745-3a0e-4dce-a5a3-4ea2965e4aaf,75664995-e181-4b1f-8b7d-b94a77e658cd,DASHER_03303,2023-02-02 20:12:00,2023-02-02,2023-02-01,2023,20,Thursday,28,33.0,5.0,True,18.7,6.69,delivered,True
97cdb730-1b73-4ba1-99d1-5185c403a199,4ec9fe38-9d1f-4f7d-96f3-4d4149e45e97,DASHER_04107,2022-01-10 21:21:00,2022-01-10,2022-01-01,2022,21,Monday,38,40.0,2.0,True,50.04,2.45,delivered,True
91ea598a-0f2f-4012-99f9-45bcfa68b7d7,717f5a9c-c8d2-4626-bfc9-95c5c295726e,DASHER_00879,2023-01-18 03:04:00,2023-01-18,2023-01-01,2023,3,Wednesday,21,36.0,15.0,False,8.39,3.38,delivered,True
e23bc387-b7df-489e-838c-8a922a735123,042ad3f8-d676-4fc1-818f-f549c98d9242,DASHER_02612,2023-09-12 04:13:00,2023-09-12,2023-09-01,2023,4,Tuesday,36,23.0,-13.0,True,22.27,6.56,delivered,True
190db47b-51a9-47af-9ede-6fa4bcb56a48,e73b38e3-8d85-4631-a447-9acebd12b7e8,DASHER_02044,2022-07-16 17:06:00,2022-07-16,2022-07-01,2022,17,Saturday,29,34.0,5.0,True,11.98,7.07,delivered,True
1f48ab68-2728-4efa-a7aa-a5e49e68fbc6,5da33e90-6f8f-490a-8d8d-ad4839be2835,DASHER_01588,2023-03-31 16:53:00,2023-03-31,2023-03-01,2023,16,Friday,39,30.0,-9.0,True,8.0,1.49,delivered,True
1bf5f76e-1e26-430d-a889-a37d03b4d05b,4ae2a95c-4f3f-4078-a542-685cc396e39a,DASHER_00772,2023-12-26 11:56:00,2023-12-26,2023-12-01,2023,11,Tuesday,32,25.0,-7.0,True,21.34,6.65,delivered,True
2a493821-b0f4-4123-a550-3e44ad5f35a1,4269178c-f980-47fc-98df-218c8e1f3eff,DASHER_03442,2023-10-13 18:05:00,2023-10-13,2023-10-01,2023,18,Friday,39,50.0,11.0,False,30.47,6.91,delivered,True
6a2b17cd-0996-4bb1-9d77-586c1477db16,d408e080-06dc-4b14-b0ae-76b07c534583,DASHER_01430,2023-04-28 19:22:00,2023-04-28,2023-04-01,2023,19,Friday,42,46.0,4.0,True,33.25,7.65,delivered,True
1df2d4d6-d4ee-4913-a2a7-414054d61d8d,6cdafd24-501f-4baf-a2a0-b25d10ed29d8,DASHER_01199,2022-09-27 08:59:00,2022-09-27,2022-09-01,2022,8,Tuesday,28,33.0,5.0,True,26.71,7.07,delivered,True
0cbbeff2-b942-457a-88a2-bac02c12b1bb,e2f805ca-ad75-4494-b972-a736717a283f,DASHER_03406,2024-05-22 22:06:00,2024-05-22,2024-05-01,2024,22,Wednesday,47,40.0,-7.0,True,32.23,3.01,delivered,True
a2e183e8-bafd-4afb-8936-56a22778aca3,4551a7b7-3717-4d3d-9f6c-dc8b7834f807,DASHER_00144,2022-06-08 12:30:00,2022-06-08,2022-06-01,2022,12,Wednesday,37,51.0,14.0,False,8.0,3.75,delivered,True
74679209-7ff4-4b52-974b-6716e7cd7790,89239dce-4113-4057-b918-d89f65a66bca,DASHER_03462,2024-12-08 06:36:00,2024-12-08,2024-12-01,2024,6,Sunday,44,44.0,0.0,True,13.18,3.61,delivered,True
cb7c924f-2fca-4280-b80a-8964a002a0bb,530b77de-d14e-49e0-88cf-46f88cc81b83,DASHER_01343,2024-12-28 10:35:00,2024-12-28,2024-12-01,2024,10,Saturday,33,42.0,9.0,False,36.74,1.79,delivered,True
36a36bfb-0240-4557-97f4-5c682fd64c8a,a30db52a-2ace-46f7-a07f-dcd4b5d3a468,DASHER_03714,2022-03-27 15:14:00,2022-03-27,2022-03-01,2022,15,Sunday,29,30.0,1.0,True,39.06,2.37,delivered,True
a17ebde6-ac24-46f9-9afd-864eb47ccb0f,7639f7c7-098c-4d62-b48e-d3880e1270d3,DASHER_02795,2022-02-06 09:00:00,2022-02-06,2022-02-01,2022,9,Sunday,38,,,,8.0,6.91,cancelled,True
aace461a-4358-4863-94e4-df290274d470,25368af1-43f5-4c6e-a73c-fc86f7aace61,DASHER_02330,2024-03-12 09:50:00,2024-03-12,2024-03-01,2024,9,Tuesday,35,35.0,0.0,True,10.51,3.27,delivered,True
a443dfbe-5bb9-4c81-b4bd-a44e20145f34,5bc72129-2a13-410b-8545-fc60032db419,DASHER_01378,2024-07-08 18:45:00,2024-07-08,2024-07-01,2024,18,Monday,35,21.0,-14.0,True,24.56,4.22,delivered,True
3636cd63-a8a0-4c6b-86e3-be6cd69f631f,588641b5-4966-4546-bbf3-1ce9aa44e4d2,DASHER_01416,2024-12-27 08:21:00,2024-12-27,2024-12-01,2024,8,Friday,39,37.0,-2.0,True,39.39,5.74,delivered,True
63d5fee3-7aba-4285-84a3-b82797d0db99,214cee5b-c728-4f8c-81a6-4e0a2f4ef7fa,DASHER_02422,2023-11-03 11:07:00,2023-11-03,2023-11-01,2023,11,Friday,41,36.0,-5.0,True,49.9,4.42,delivered,True
05aac0b5-d5bf-40c2-b97d-3aaa06c28092,ab07702e-6057-42df-8794-4c3a1ba07597,DASHER_04916,2024-01-24 12:41:00,2024-01-24,2024-01-01,2024,12,Wednesday,43,50.0,7.0,False,26.34,1.39,delivered,True
c3b406d8-37a8-4d23-828d-fff8b1c4d6c4,4375f874-a3f9-45ec-bd2f-437a10d47948,DASHER_04286,2022-12-22 19:17:00,2022-12-22,2022-12-01,2022,19,Thursday,44,44.0,0.0,True,18.02,2.69,delivered,True
ab2fbf63-83e1-46ad-85e1-5493a2022724,c46d381c-28e1-4ad1-a90f-63d75b58b38e,DASHER_02754,2023-12-19 13:40:00,2023-12-19,2023-12-01,2023,13,Tuesday,28,14.0,-14.0,True,10.53,3.52,delivered,True
5ba66d4a-f24b-40c2-9219-207a38aeb14d,12449516-8eda-4310-b182-e978e0642282,DASHER_01542,2022-01-28 21:31:00,2022-01-28,2022-01-01,2022,21,Friday,32,32.0,0.0,True,8.0,1.8,delivered,True
49bc59a5-2063-43af-84ad-bf920dd29cf5,61393ab1-25bf-4281-9b35-eff55f0ed03b,DASHER_04098,2022-10-24 07:56:00,2022-10-24,2022-10-01,2022,7,Monday,40,44.0,4.0,True,38.32,2.65,delivered,True
683de507-44e2-4416-9e7a-d1dd7dc5be67,f7f86abf-88ef-4c1a-8c70-c5cd5358b588,DASHER_03323,2024-02-07 19:37:00,2024-02-07,2024-02-01,2024,19,Wednesday,35,33.0,-2.0,True,29.88,1.21,delivered,True
b9a6d89b-d8ca-40cb-9e28-6b9003f31dbf,1ddbd19a-c829-47f1-9fe8-4961aa8096e4,DASHER_01362,2023-02-14 23:58:00,2023-02-14,2023-02-01,2023,23,Tuesday,36,43.0,7.0,False,55.71,3.67,delivered,True
f77fd279-3757-4bb9-bf8a-b06ee9e07a64,c6224fc5-bb62-4943-80ba-02e68bb8b2a8,DASHER_01857,2023-03-01 06:24:00,2023-03-01,2023-03-01,2023,6,Wednesday,33,33.0,0.0,True,20.58,2.61,delivered,True
0297f86b-cb60-4978-a5c1-8503317f5a46,37f2a1e6-67f5-421d-89e0-e3a01465a750,DASHER_00522,2024-02-16 07:03:00,2024-02-16,2024-02-01,2024,7,Friday,51,35.0,-16.0,True,8.0,1.84,delivered,True
0d8e07c9-fd26-45bf-9bba-430c778be786,578f751c-9992-4a0c-9dfb-2771d002e870,DASHER_04691,2023-08-28 12:58:00,2023-08-28,2023-08-01,2023,12,Monday,36,36.0,0.0,True,23.9,3.52,delivered,True
a020289e-2fd6-457e-8947-7a12a8df639a,c0b392a4-36ba-4891-af63-1be5a87005bc,DASHER_03383,2022-05-31 18:45:00,2022-05-31,2022-05-01,2022,18,Tuesday,50,51.0,1.0,True,32.09,2.62,delivered,True
e503ee24-8597-4832-9e6d-ffea5ccbd463,3ad7b5ec-0b59-4e8a-b07f-a1c22ea7242b,DASHER_03540,2024-01-04 09:26:00,2024-01-04,2024-01-01,2024,9,Thursday,20,31.0,11.0,False,28.3,2.66,delivered,True
59cb2e5d-22a8-48f5-b2bd-c2efb0c2d530,2d2e5725-578e-4882-9173-31b873e75b28,DASHER_04319,2023-01-08 11:15:00,2023-01-08,2023-01-01,2023,11,Sunday,33,31.0,-2.0,True,31.54,7.95,delivered,True
4b9a4f04-f717-409c-a315-4717861ce220,a3035b26-42eb-4537-9dd4-d5eb422fb48d,DASHER_01583,2022-04-22 14:20:00,2022-04-22,2022-04-01,2022,14,Friday,27,27.0,0.0,True,25.36,3.55,delivered,True
97411698-16b8-4247-b375-b0255127c16d,9b3b98f1-ac7d-4c04-bc64-5bc1d8fda416,DASHER_00700,2024-07-01 15:18:00,2024-07-01,2024-07-01,2024,15,Monday,40,44.0,4.0,True,18.72,1.89,delivered,True
4a29f665-90e2-41a2-b7d3-2805c2badd4e,588252e0-9608-4573-be20-ef66d3a7473d,DASHER_02849,2024-10-12 21:39:00,2024-10-12,2024-10-01,2024,21,Saturday,35,56.0,21.0,False,16.12,2.13,delivered,True
c8423bb5-7a29-49b1-ad20-75ab152b53b7,1192a2f7-1d33-43dd-9ab4-ba2ae4684056,DASHER_04293,2022-09-07 12:29:00,2022-09-07,2022-09-01,2022,12,Wednesday,44,39.0,-5.0,True,8.85,3.8,delivered,True
4bc3393a-2eed-4ac6-9048-f7cc22df6a8e,bf1a0137-e3a4-4332-abb8-bf2647572495,DASHER_01331,2023-05-26 07:06:00,2023-05-26,2023-05-01,2023,7,Friday,27,15.0,-12.0,True,62.83,6.05,delivered,True
09e70966-7791-4e3a-847f-ed5241b9ff98,1e2d819e-3804-4a56-a578-6a30f8a0e9ce,DASHER_03411,2022-08-26 09:44:00,2022-08-26,2022-08-01,2022,9,Friday,37,28.0,-9.0,True,23.02,5.7,delivered,True
24f17e76-a8a9-47f9-ab79-c0fff32311b4,0b2133c8-7a82-4d70-92af-7809575b8d99,DASHER_00757,2023-02-22 15:59:00,2023-02-22,2023-02-01,2023,15,Wednesday,36,35.0,-1.0,True,8.0,5.0,delivered,True
39f56a11-f071-4467-ade6-a9b0afb1be36,cf052e07-e854-425f-aa56-1f8759dc14af,DASHER_00438,2022-01-02 19:25:00,2022-01-02,2022-01-01,2022,19,Sunday,29,24.0,-5.0,True,12.07,6.69,delivered,True
77d115d0-4391-4329-8447-ca4ec42345eb,ce9cdd1e-1f2e-4460-a1fd-81cb914b5145,DASHER_03303,2023-01-29 11:57:00,2023-01-29,2023-01-01,2023,11,Sunday,32,56.0,24.0,False,57.74,7.17,delivered,True
94c973f3-01d9-4bf9-9d32-ee646a914b97,bc9124bd-0dd3-4fb0-9fbe-b93824c5b538,DASHER_01029,2022-07-02 16:24:00,2022-07-02,2022-07-01,2022,16,Saturday,44,,,,10.85,6.99,cancelled,True
1be93686-14e7-4c98-a29b-ee1788bb58fd,a597a194-2c7a-44a4-8921-b87186ee62e6,DASHER_02604,2024-12-05 18:41:00,2024-12-05,2024-12-01,2024,18,Thursday,37,43.0,6.0,False,33.18,4.28,delivered,True
e4dd3f3a-7609-49f5-aac3-e7659f658abb,ce0b1f70-0bb1-4c18-9dc2-b5439ef60c1a,DASHER_02598,2024-02-19 13:53:00,2024-02-19,2024-02-01,2024,13,Monday,33,33.0,0.0,True,26.5,3.78,delivered,True
a04cbce9-1bfd-4da8-bd76-d032c58ce4fe,5cd47c39-573a-4a4e-93e8-26540088ca79,DASHER_00615,2022-04-28 19:55:00,2022-04-28,2022-04-01,2022,19,Thursday,39,19.0,-20.0,True,39.1,1.85,delivered,True
1e027925-f0cc-4e6f-b4ee-1fa25d06599d,b76c4138-0bca-4312-897f-b8622e94f02f,DASHER_00571,2023-07-28 10:48:00,2023-07-28,2023-07-01,2023,10,Friday,32,23.0,-9.0,True,34.41,7.98,delivered,True
dc94d549-6e87-4981-9a92-73bc9ab27525,42212f1b-f9b1-4ef9-b351-4fe5f5d68f5b,DASHER_04326,2023-10-12 21:42:00,2023-10-12,2023-10-01,2023,21,Thursday,29,19.0,-10.0,True,38.29,2.01,delivered,True
c06421d9-ff46-47ca-bb3a-54e8996ed12f,0f668b8a-bfd7-4761-a195-43543290414e,DASHER_00600,2023-04-14 22:03:00,2023-04-14,2023-04-01,2023,22,Friday,24,10.0,-20.0,True,33.04,4.57,delivered,True
ac9b7d58-ab1f-4ed7-b762-395dca73e99f,3e5f8ca8-dd5c-485a-a827-1a8b3404dc65,DASHER_02768,2024-03-30 05:33:00,2024-03-30,2024-03-01,2024,5,Saturday,26,35.0,9.0,False,8.0,5.28,delivered,True
039d7bf8-b4ed-4da3-b09e-a67191e9b85c,55f1bf6b-991c-46d0-802f-5be749f4f705,DASHER_04057,2023-05-03 11:44:00,2023-05-03,2023-05-01,2023,11,Wednesday,28,32.0,4.0,True,25.86,2.31,delivered,True
351ceea2-9b81-4c29-a9f7-7f393e9513b1,972887eb-5efa-4e42-a7a0-cb0ab25f0026,DASHER_03523,2023-04-24 07:27:00,2023-04-24,2023-04-01,2023,7,Monday,41,41.0,0.0,True,16.59,1.23,delivered,True
5879dcb9-22ac-4946-a6b1-21a10eae2e90,b6d991b2-7063-42d8-ac3d-0eae2fcccc6e,DASHER_00853,2023-10-25 18:18:00,2023-10-25,2023-10-01,2023,18,Wednesday,44,55.0,11.0,False,48.03,3.02,delivered,True
34caeddd-4ac3-47e6-b1d6-f0f51b2a77e9,6998e9e1-af1f-47d1-af7a-af94e520a5ae,DASHER_04066,2024-05-20 20:50:00,2024-05-20,2024-05-01,2024,20,Monday,30,30.0,0.0,True,35.56,4.79,delivered,True
23c16e52-2100-4646-94b2-373a4d4a06b8,549c38b2-ee9d-470a-91c1-10e68036f457,DASHER_03078,2022-04-04 18:34:00,2022-04-04,2022-04-01,2022,18,Monday,21,30.0,9.0,False,46.58,6.35,delivered,True
cde0f3cd-99f2-437a-8a63-576225111a49,fe744ad3-3023-4fc7-b72f-43f7e015b764,DASHER_02279,2023-04-11 23:17:00,2023-04-11,2023-04-01,2023,23,Tuesday,38,52.0,14.0,False,42.42,5.46,delivered,True
71f01131-1fe6-403e-adce-2906ede0bc44,cf052e07-e854-425f-aa56-1f8759dc14af,DASHER_04986,2024-09-27 12:31:00,2024-09-27,2024-09-01,2024,12,Friday,35,44.0,9.0,False,12.85,5.21,delivered,True
2d6f1696-2580-4d8d-b601-6fa48e08c17e,026b6737-b3c6-42e1-951e-5e7b13eaeb19,DASHER_01977,2022-03-12 07:27:00,2022-03-12,2022-03-01,2022,7,Saturday,36,25.0,-11.0,True,28.33,1.53,delivered,True
ed9b5fbc-cae2-4ba2-a555-475dcccbdaa0,79fd66d1-afbf-47e3-ad3b-4163879ba401,DASHER_03881,2024-09-17 20:20:00,2024-09-17,2024-09-01,2024,20,Tuesday,56,66.0,10.0,False,61.34,1.8,delivered,True
50283741-be88-4068-99df-c32adc9f0e9e,a34497c4-8dc7-4519-8104-0c8188fb47c5,DASHER_02936,2023-11-02 18:35:00,2023-11-02,2023-11-01,2023,18,Thursday,37,26.0,-11.0,True,21.33,2.17,delivered,True
08680258-4a3e-4845-8f08-fff70debe5b9,3cbde401-0a76-450b-ac8f-41d387a33ec6,DASHER_04673,2022-02-13 12:50:00,2022-02-13,2022-02-01,2022,12,Sunday,30,21.0,-9.0,True,31.7,2.86,delivered,True
05f6d26f-497a-440f-82b4-2dfc3efb6429,bb73b323-a867-460e-8abe-9e713e9a6276,DASHER_04961,2022-11-10 14:32:00,2022-11-10,2022-11-01,2022,14,Thursday,37,64.0,27.0,False,39.63,5.44,delivered,True
92510cc0-939a-4c6e-8872-b8b575f40954,a60b2ced-0120-45b6-bad7-333819ca5436,DASHER_02206,2022-12-19 11:27:00,2022-12-19,2022-12-01,2022,11,Monday,38,37.0,-1.0,True,50.9,6.06,delivered,True
2492c97b-b147-4ef2-b7c9-c2c255a7644e,18674b04-e930-4893-8bc5-99447b17290a,DASHER_04364,2024-02-20 09:31:00,2024-02-20,2024-02-01,2024,9,Tuesday,37,12.0,-25.0,True,25.96,7.97,delivered,True
95f211c4-24dd-490f-9f8e-760088d1022f,fba73bf8-d40c-4e3a-a42a-04eca45ec072,DASHER_00964,2022-04-21 14:51:00,2022-04-21,2022-04-01,2022,14,Thursday,39,58.0,19.0,False,9.28,5.21,delivered,True
b3420df5-dac2-4bfe-af30-d57d91900aea,babc44ee-4e18-4eac-9192-6f9510d78a41,DASHER_03196,2022-11-01 20:56:00,2022-11-01,2022-11-01,2022,20,Tuesday,37,41.0,4.0,True,37.92,4.39,delivered,True
31ffdd1e-7ec8-434f-bee6-0357d35bb31e,23dccc94-e205-4a82-9fc0-be188eec5808,DASHER_03513,2022-10-08 13:52:00,2022-10-08,2022-10-01,2022,13,Saturday,29,10.0,-21.0,True,35.15,4.21,delivered,True
67df3935-8555-49d9-a6dc-da9fbee18443,f64d42d8-5d6f-4ba3-b37a-d1fe63e4d8f9,DASHER_04051,2022-08-26 22:16:00,2022-08-26,2022-08-01,2022,22,Friday,38,46.0,8.0,False,35.13,2.31,delivered,True
3ec0e27a-356d-4ffb-8a3b-46d6e8772b85,e82eeb1d-e380-423f-90e9-52321873308f,DASHER_00829,2023-02-17 12:31:00,2023-02-17,2023-02-01,2023,12,Friday,36,49.0,13.0,False,22.73,2.05,delivered,True
73f6844a-2070-4e36-87dd-b0866cfaf3c8,4dbf4b9f-65b1-4f02-bbeb-54b44380df2c,DASHER_04163,2023-06-02 09:28:00,2023-06-02,2023-06-01,2023,9,Friday,28,10.0,-21.0,True,10.73,4.18,delivered,True
3eea2c4e-88e7-4d46-84b8-ba2c7a2ed9ee,abd35160-b08e-4392-a2f1-e80e859c16a7,DASHER_02703,2023-08-12 08:03:00,2023-08-12,2023-08-01,2023,8,Saturday,46,44.0,-2.0,True,33.01,5.48,delivered,True
24c527f8-e226-4015-8b4e-6b6745eab109,d7ef7662-a859-44a0-b209-c2b4f7d820ac,DASHER_04027,2022-01-05 21:36:00,2022-01-05,2022-01-01,2022,21,Wednesday,50,38.0,-12.0,True,45.78,4.45,delivered,True
8091fa25-273c-4579-a967-d4cd1c69141e,4137093d-5da6-4fd0-a3a8-95258d6a3b72,DASHER_03717,2023-04-04 14:42:00,2023-04-04,2023-04-01,2023,14,Tuesday,36,23.0,-13.0,True,39.29,5.38,delivered,True
1a376226-7213-4b6c-884c-c3d50c74b2e0,ae22d53a-67f2-43b2-85e1-5fd3a9c2c809,DASHER_02626,2024-05-14 22:50:00,2024-05-14,2024-05-01,2024,22,Tuesday,42,47.0,5.0,True,24.07,1.72,delivered,True
e73caed0-6acc-4fbb-b756-33d398e4da63,a7570bde-0e27-4006-a634-167889f3f26a,DASHER_00363,2022-05-31 10:13:00,2022-05-31,2022-05-01,2022,10,Tuesday,36,36.0,0.0,True,33.58,7.81,delivered,True
9ba15d33-6fb0-469a-aaa8-4d13b9169a22,bc9124bd-0dd3-4fb0-9fbe-b93824c5b538,DASHER_01396,2023-07-26 22:53:00,2023-07-26,2023-07-01,2023,22,Wednesday,40,41.0,1.0,True,16.29,2.47,delivered,True
10f6fc68-9285-4c8e-859b-f98f3df7f671,1d300547-c182-4c24-b278-385f0acc2353,DASHER_04290,2022-09-16 09:54:00,2022-09-16,2022-09-01,2022,9,Friday,36,38.0,2.0,True,29.01,7.01,delivered,True
03270d35-ef8c-420c-b7ec-27a9d11cd41f,9f803fa6-7a21-4d7e-9b7f-c4c638c27b16,DASHER_00858,2024-08-29 05:49:00,2024-08-29,2024-08-01,2024,5,Thursday,18,18.0,0.0,True,8.0,2.73,delivered,True
8b5cb916-6188-4168-9c37-c58f67fe50d0,4c53a8cf-a625-4c95-8616-b668b5fd747d,DASHER_01388,2022-01-25 23:22:00,2022-01-25,2022-01-01,2022,23,Tuesday,27,23.0,-4.0,True,54.63,1.77,delivered,True
7e639c99-080d-4fe6-9c2b-b291cc1273f0,5ba59135-08cf-4bdd-88ef-71a4e0a687d2,DASHER_01713,2023-01-16 08:41:00,2023-01-16,2023-01-01,2023,8,Monday,48,49.0,1.0,True,29.07,4.11,delivered,True
f958916f-197c-495e-9606-d2b5959905d3,0d861420-d9bb-4cbf-88e2-fbf99de9e45c,DASHER_04903,2024-02-02 07:14:00,2024-02-02,2024-02-01,2024,7,Friday,42,47.0,5.0,True,8.0,6.62,delivered,True
1418d927-ad13-4a1b-b036-ac957530d7b3,23a52345-31ad-4f02-b9c0-e8186775e859,DASHER_01894,2022-01-07 09:40:00,2022-01-07,2022-01-01,2022,9,Friday,31,28.0,-3.0,True,49.89,4.8,delivered,True
cbb98f33-dd8d-4cc6-9f68-d91dd1f64dfd,36511ffd-bb68-4b99-91be-d0300986f517,DASHER_01384,2022-07-16 10:13:00,2022-07-16,2022-07-01,2022,10,Saturday,23,29.0,6.0,False,23.55,3.15,delivered,True
96364008-5f21-421d-8f40-27a5f0f856e6,c46d381c-28e1-4ad1-a90f-63d75b58b38e,DASHER_02916,2024-06-19 21:56:00,2024-06-19,2024-06-01,2024,21,Wednesday,42,44.0,2.0,True,28.23,3.24,delivered,True
a2ec9606-6f0c-4189-8f74-e7974d9be947,6a69ee2a-c037-49f4-b45d-70c665a4c016,DASHER_01018,2024-11-05 17:54:00,2024-11-05,2024-11-01,2024,17,Tuesday,36,45.0,9.0,False,29.14,4.88,delivered,True
3f9202f1-46a7-48c4-9289-2121c5f0402f,00a9fb92-035d-4d3e-b167-0352034753e2,DASHER_01116,2023-01-02 17:47:00,2023-01-02,2023-01-01,2023,17,Monday,33,37.0,4.0,True,75.09,6.09,delivered,True
fa484ea1-8860-420c-bded-c4b80600159f,52a44a85-a83a-4695-b91c-0f981a157a1f,DASHER_04222,2024-12-31 11:30:00,2024-12-31,2024-12-01,2024,11,Tuesday,26,18.0,-8.0,True,14.53,4.24,delivered,True
3dda73c3-2f60-4a90-9e13-53dfdecdb484,ab4046f1-1817-4bb8-978c-daea86d60329,DASHER_01772,2024-01-31 15:18:00,2024-01-31,2024-01-01,2024,15,Wednesday,35,55.0,20.0,False,46.86,6.19,delivered,True
1679170d-bdb2-4535-8cb6-be6cb6d0cbf5,2481c45e-4b90-4472-aaa7-e14d81b4f2bf,DASHER_03289,2024-07-02 20:24:00,2024-07-02,2024-07-01,2024,20,Tuesday,24,33.0,9.0,False,35.97,1.62,delivered,True
67206d56-3f24-4177-9b41-a478eef49157,073c5684-a296-4808-baf0-203d9ab78e38,DASHER_02760,2022-05-22 19:44:00,2022-05-22,2022-05-01,2022,19,Sunday,51,55.0,4.0,True,32.4,6.19,delivered,True
d1307254-6230-4590-b6c5-d3cd09119771,abadbe72-251b-4bc9-9985-95a2e42f872f,DASHER_00467,2022-02-22 18:31:00,2022-02-22,2022-02-01,2022,18,Tuesday,36,41.0,5.0,True,30.65,1.53,delivered,True
ff16e8f8-cc58-4f7c-bc4c-8a94262e4060,c97938a0-c6c2-4526-863f-5708c0e5b5db,DASHER_00798,2024-08-13 00:13:00,2024-08-13,2024-08-01,2024,0,Tuesday,44,28.0,-16.0,True,30.41,6.67,delivered,True
a7bb2acf-a875-4ba4-b7d2-ef161abe26b2,76cd9655-f0fb-40e8-ad1d-c46909bb77be,DASHER_00369,2022-10-08 21:57:00,2022-10-08,2022-10-01,2022,21,Saturday,58,61.0,3.0,True,8.0,3.73,delivered,True
2b1b1325-2a07-44ee-9dac-401de969e95c,ed2b7395-5030-43c2-a871-8a9d4b58081a,DASHER_03917,2023-07-08 15:44:00,2023-07-08,2023-07-01,2023,15,Saturday,37,34.0,-3.0,True,40.55,2.7,delivered,True
5eee1ebc-655b-49a1-b5a7-b13bb48ee5cb,0c9d0199-fe0f-4cc7-aa9a-55953f137425,DASHER_01101,2024-01-08 21:58:00,2024-01-08,2024-01-01,2024,21,Monday,29,47.0,18.0,False,10.29,3.34,delivered,True
0830285b-2435-4e3e-ad9a-544496c70df2,edb869e1-37e8-4ad5-a0cc-7b49499766df,DASHER_03688,2023-03-25 14:58:00,2023-03-25,2023-03-01,2023,14,Saturday,30,45.0,15.0,False,20.78,7.9,delivered,True
9d5a0b1e-1cb7-4270-9108-d9425e062af3,398417a5-e54e-485a-92f6-f3d8ee147623,DASHER_01918,2022-03-12 18:30:00,2022-03-12,2022-03-01,2022,18,Saturday,23,18.0,-5.0,True,12.58,3.24,delivered,True
2d99f6b8-98f0-41fe-b26f-56032cc10d9c,77432ed4-b6e5-48a3-abef-3838d91d0435,DASHER_02154,2022-07-22 17:48:00,2022-07-22,2022-07-01,2022,17,Friday,55,65.0,10.0,False,8.0,2.93,delivered,True
c89cd922-7171-431c-81ff-e8fc7fa29118,d0314ecf-fb8d-432b-9100-f2703c6a5e96,DASHER_00650,2024-06-10 12:45:00,2024-06-10,2024-06-01,2024,12,Monday,15,28.0,13.0,False,35.86,3.05,delivered,True
ebbec64c-fcb8-4f14-a6e7-fec8449f90ac,1450b992-ae40-4f08-ac9b-181ed7f32aba,DASHER_00695,2023-01-15 03:20:00,2023-01-15,2023-01-01,2023,3,Sunday,27,26.0,-1.0,True,62.71,7.81,delivered,True
7a59d91a-dba9-471c-9d17-0592c1e84f8f,972887eb-5efa-4e42-a7a0-cb0ab25f0026,DASHER_04620,2024-01-28 22:42:00,2024-01-28,2024-01-01,2024,22,Sunday,30,42.0,12.0,False,29.59,6.1,delivered,True
789b7757-3e18-45b0-8d4c-4465d03998bd,edb869e1-37e8-4ad5-a0cc-7b49499766df,DASHER_00586,2024-10-17 20:38:00,2024-10-17,2024-10-01,2024,20,Thursday,32,,,,8.0,2.56,cancelled,True
3780fa25-3f06-4c5b-8324-04e127249443,d0314ecf-fb8d-432b-9100-f2703c6a5e96,DASHER_00427,2023-06-12 21:05:00,2023-06-12,2023-06-01,2023,21,Monday,34,36.0,2.0,True,15.47,4.99,delivered,True
961e7d8a-7fe6-4455-9b8b-4f121dd5bfb4,c0c0ecf5-abda-4d35-9a2e-40eb13306bfe,DASHER_00401,2023-06-06 20:17:00,2023-06-06,2023-06-01,2023,20,Tuesday,40,50.0,10.0,False,24.42,1.08,delivered,True
def51a44-7bbd-437a-a2ad-5f4e3c5e823e,a2db757f-3ed1-433e-ad54-514e3551a439,DASHER_03784,2023-08-25 03:18:00,2023-08-25,2023-08-01,2023,3,Friday,33,25.0,-8.0,True,8.56,3.06,delivered,True
c5dbc30d-1753-4fb1-896c-59039d98bbbe,70dc4f52-a00b-4863-90d5-181b76f7f68a,DASHER_04956,2024-06-21 13:23:00,2024-06-21,2024-06-01,2024,13,Friday,44,36.0,-8.0,True,35.28,1.98,delivered,True
aacdd015-6e8b-41e9-bed1-cd8b2ed5ec45,fbc3744c-57fe-4f65-891e-ad5724238208,DASHER_04344,2023-08-01 14:08:00,2023-08-01,2023-08-01,2023,14,Tuesday,31,42.0,11.0,False,44.9,3.31,delivered,True
421629f3-9cdb-4c60-9bc2-c5a38763549c,fe9733f0-8e55-4d65-a146-bcb2484c30cb,DASHER_03146,2022-06-12 07:32:00,2022-06-12,2022-06-01,2022,7,Sunday,37,50.0,13.0,False,42.92,3.46,delivered,True
23d2a07b-c8b5-4d31-8497-4e7b91349e07,2f225b68-423d-4100-811b-2445bd07a731,DASHER_01968,2024-02-03 05:43:00,2024-02-03,2024-02-01,2024,5,Saturday,42,52.0,10.0,False,56.09,4.06,delivered,True
4abede19-e4e7-40c7-bcca-024a2780f86d,04f509d0-9f45-4f5d-9ceb-9e07e997b78e,DASHER_03966,2022-05-25 20:16:00,2022-05-25,2022-05-01,2022,20,Wednesday,46,57.0,11.0,False,35.41,6.99,delivered,True
9d202982-c04f-4127-b33e-98ad609a1165,1b673978-6110-45ed-8638-3dc37a269223,DASHER_01873,2024-03-04 21:52:00,2024-03-04,2024-03-01,2024,21,Monday,36,15.0,-21.0,True,29.97,2.72,delivered,True
341e80d2-6b07-41d8-9e44-52b8d647c65a,aff2a139-3654-4967-8aab-24cf791bdd24,DASHER_04177,2024-07-28 14:03:00,2024-07-28,2024-07-01,2024,14,Sunday,30,35.0,5.0,True,39.45,2.77,delivered,True
706be38b-da35-44e1-9b0b-39dbd5ade69d,9d11ebd1-c487-4786-b35c-fa54ba280537,DASHER_04972,2023-08-23 11:37:00,2023-08-23,2023-08-01,2023,11,Wednesday,28,33.0,5.0,True,36.23,5.77,delivered,True
59f262a6-2ef1-4dfc-b1b4-6ee82ab319fc,1ff0321c-7fbe-4445-b1f0-4fa06ee52a6c,DASHER_00721,2022-06-22 22:34:00,2022-06-22,2022-06-01,2022,22,Wednesday,32,33.0,1.0,True,46.21,6.98,delivered,True
1265f75a-151a-4cf3-9d56-5652faa7189c,f5af287b-b3f0-46ef-ab9a-11ef025dea2d,DASHER_04039,2023-05-11 21:40:00,2023-05-11,2023-05-01,2023,21,Thursday,48,68.0,20.0,False,46.95,5.96,delivered,True
17456454-75a4-4ba6-a9af-1be6ea73120e,72eed0c7-ee34-407a-b310-8a3ec47acf3d,DASHER_02452,2024-07-26 20:20:00,2024-07-26,2024-07-01,2024,20,Friday,30,35.0,5.0,True,27.64,7.79,delivered,True
b5ef11f3-481d-4517-8901-511e6d13796d,332cc67d-b317-4dbd-a7fd-de8fe2c56e27,DASHER_04459,2023-09-19 02:00:00,2023-09-19,2023-09-01,2023,2,Tuesday,28,24.0,-4.0,True,28.01,7.16,delivered,True
01549d02-8c3a-4ca1-ad38-e6ba86576b13,7f34527e-447a-4374-b70b-bac185e5df0e,DASHER_00149,2022-11-13 18:18:00,2022-11-13,2022-11-01,2022,18,Sunday,43,22.0,-21.0,True,17.82,5.5,delivered,True
dcc75541-0941-454a-ab8b-a19cb9a2533f,48a3bf8c-fe92-4af6-b662-f239412abc6e,DASHER_02086,2024-09-03 20:30:00,2024-09-03,2024-09-01,2024,20,Tuesday,25,35.0,10.0,False,38.75,2.43,delivered,True
68d7dabe-48b8-4526-8b55-af7bda659b49,befd1965-31c7-42e8-a5c5-86f8480d7d40,DASHER_04407,2024-12-23 04:15:00,2024-12-23,2024-12-01,2024,4,Monday,27,26.0,-1.0,True,36.89,4.17,delivered,True
c237f303-cdbe-48c9-b298-ef6736c02dfc,c579ff1e-293a-4223-95d5-88ace5c735ab,DASHER_03543,2024-05-17 08:34:00,2024-05-17,2024-05-01,2024,8,Friday,28,24.0,-4.0,True,8.0,6.26,delivered,True
2d50306e-8c8b-47c1-9218-93319903bae2,194a06ef-3e4f-4502-85b0-ae765533aad9,DASHER_01033,2022-06-17 18:38:00,2022-06-17,2022-06-01,2022,18,Friday,43,47.0,4.0,True,41.78,3.39,delivered,True
fb0f09c3-0e4b-43df-913d-b811799bbd80,5647ac52-1239-428e-a11f-706dafbd405e,DASHER_04349,2023-03-08 08:27:00,2023-03-08,2023-03-01,2023,8,Wednesday,41,31.0,-10.0,True,32.73,6.99,delivered,True
79f8bd64-5750-43ea-9e51-3e8724faf776,20884c72-dac3-4fd8-aa8b-3369e467b6d7,DASHER_01741,2023-10-15 18:01:00,2023-10-15,2023-10-01,2023,18,Sunday,26,10.0,-16.0,True,8.0,6.57,delivered,True
87d0ed58-f146-4384-969c-21a441ede1b0,c7b01f6b-88c2-431d-9f58-cd2b1f9352d7,DASHER_03942,2024-05-01 16:42:00,2024-05-01,2024-05-01,2024,16,Wednesday,32,41.0,9.0,False,70.31,2.89,delivered,True
dc6ec696-190b-4da8-b55b-da10be3f333b,c3141098-f7e6-4620-bb43-ad948f4ede14,DASHER_02991,2023-12-29 20:54:00,2023-12-29,2023-12-01,2023,20,Friday,22,38.0,16.0,False,8.0,7.96,delivered,True
6b748feb-be6f-4047-ab13-58e09cac4b72,cce2abde-a49d-4714-8ef7-423154de3d51,DASHER_04409,2022-02-07 19:23:00,2022-02-07,2022-02-01,2022,19,Monday,30,37.0,7.0,False,16.71,1.92,delivered,True
fe9c75ef-44af-4a54-b2c9-d0cb6c6399cc,e28aee60-dc9f-4096-b135-c64361050bd8,DASHER_04502,2024-03-08 23:13:00,2024-03-08,2024-03-01,2024,23,Friday,48,19.0,-29.0,True,30.66,2.87,delivered,True
7f2716d9-eb1f-436d-91c0-991bfef89974,bea8299f-eeeb-4938-8caa-83f0825409d8,DASHER_03358,2023-11-21 19:45:00,2023-11-21,2023-11-01,2023,19,Tuesday,30,19.0,-11.0,True,35.41,5.82,delivered,True
580a4b04-f8c9-46e9-8a98-478572fe5341,67689fd1-43bd-47d7-b6b2-daf5700bf6ec,DASHER_01767,2023-01-12 00:57:00,2023-01-12,2023-01-01,2023,0,Thursday,49,51.0,2.0,True,28.13,6.45,delivered,True
b9c3f4c4-c1f1-43c5-9887-0a0f9a9061c2,5099fcfd-f316-438f-8ac1-7e344eacd601,DASHER_01170,2024-07-09 09:59:00,2024-07-09,2024-07-01,2024,9,Tuesday,34,28.0,-6.0,True,9.21,5.7,delivered,True
792d4f27-1d0e-4a5e-9e21-159453dbf521,eb46e11a-baba-4d61-bddc-1e9ebd2041a6,DASHER_01290,2024-10-16 06:45:00,2024-10-16,2024-10-01,2024,6,Wednesday,36,10.0,-34.0,True,12.82,6.14,delivered,True
cc4dea47-ff16-4036-a98a-ade64dafe892,4a77f9a0-99c0-4cf3-8c65-2c3011605293,DASHER_00254,2024-05-23 20:01:00,2024-05-23,2024-05-01,2024,20,Thursday,36,63.0,27.0,False,30.78,4.24,delivered,True
896f3de7-7d10-412c-94af-f3b0e2619a77,23a52345-31ad-4f02-b9c0-e8186775e859,DASHER_02338,2023-09-20 11:11:00,2023-09-20,2023-09-01,2023,11,Wednesday,29,17.0,-12.0,True,8.53,2.37,delivered,True
78d5107a-f289-4602-873c-a86b291a3f64,5981bfd7-7f6e-4b36-99e3-1e85ba34189a,DASHER_01834,2024-01-09 04:30:00,2024-01-09,2024-01-01,2024,4,Tuesday,28,21.0,-7.0,True,8.0,4.26,delivered,True
703c6d36-69ee-4f16-9074-23309d563950,64a33811-deac-463c-9e83-7c4bdb422034,DASHER_04803,2024-12-12 11:17:00,2024-12-12,2024-12-01,2024,11,Thursday,37,25.0,-12.0,True,29.39,1.77,delivered,True
eccd410d-7e15-485d-8be7-f3a55ef77950,9b3b98f1-ac7d-4c04-bc64-5bc1d8fda416,DASHER_01422,2023-01-31 22:27:00,2023-01-31,2023-01-01,2023,22,Tuesday,33,32.0,-1.0,True,23.35,1.24,delivered,True
a5c9ca0c-eb6e-4db7-bb74-4fae263df4ce,c58511e2-7722-45db-a324-c70baad7b83b,DASHER_04174,2024-03-06 18:22:00,2024-03-06,2024-03-01,2024,18,Wednesday,39,27.0,-12.0,True,36.05,1.98,delivered,True
7873ca8b-1d38-4a65-a48a-736143a205c5,e9d681fe-a73b-4733-a61b-acbfae329aeb,DASHER_02522,2022-04-20 16:02:00,2022-04-20,2022-04-01,2022,16,Wednesday,37,37.0,0.0,True,37.44,1.98,delivered,True
ffcb6fbf-2565-46ef-8302-c6c54952b06b,303af62e-f957-4b8b-9228-308828fd0474,DASHER_02283,2024-09-10 12:11:00,2024-09-10,2024-09-01,2024,12,Tuesday,25,31.0,6.0,False,14.57,5.35,delivered,True
366f3783-3454-4367-86ea-a0e8cd35a20d,dc9b7df1-239b-45c1-9adf-3c426381fabc,DASHER_00965,2022-07-20 17:05:00,2022-07-20,2022-07-01,2022,17,Wednesday,31,15.0,-16.0,True,45.53,5.0,delivered,True
c40f47a9-f816-4215-a443-a53a4093ce49,3e3d6ca6-c6dd-4fc3-8f86-10d0bfabce1f,DASHER_04532,2023-09-08 15:16:00,2023-09-08,2023-09-01,2023,15,Friday,43,47.0,4.0,True,29.88,4.23,delivered,True
1ed43993-c2b3-443e-94b6-2ebb386bed05,91db77b1-0bab-456d-a759-f24b7da60d83,DASHER_01188,2022-07-13 11:58:00,2022-07-13,2022-07-01,2022,11,Wednesday,30,38.0,8.0,False,38.05,2.6,delivered,True
c230f8f6-56f0-4e6f-a628-4912b38bb7ac,4ec9fe38-9d1f-4f7d-96f3-4d4149e45e97,DASHER_04748,2022-05-02 23:38:00,2022-05-02,2022-05-01,2022,23,Monday,35,67.0,32.0,False,15.71,2.77,delivered,True
5b111046-efe9-4a48-bde6-05ce72bf54a7,51574129-05a3-4c6c-ad79-2db0a1cc99dd,DASHER_03945,2023-03-21 18:59:00,2023-03-21,2023-03-01,2023,18,Tuesday,33,40.0,7.0,False,9.88,6.21,delivered,True
b9e35e39-8c9f-4cbe-a3cf-79b2781eb52b,6d8e5a88-891a-4930-af83-e6a2bb5e3aae,DASHER_01976,2023-08-11 21:33:00,2023-08-11,2023-08-01,2023,21,Friday,47,36.0,-11.0,True,28.42,3.14,delivered,True
e7df554f-d726-468f-a306-3227a00b5701,89683983-57fe-4ad7-9984-d0a8555ae1dc,DASHER_03890,2023-10-27 05:15:00,2023-10-27,2023-10-01,2023,5,Friday,57,59.0,2.0,True,34.21,1.55,delivered,True
31bf659e-3c36-4ea4-a816-afc10def3e3b,7634650c-d7d5-4b95-8bf9-6214c323c454,DASHER_02703,2024-07-18 18:52:00,2024-07-18,2024-07-01,2024,18,Thursday,23,29.0,6.0,False,32.48,3.46,delivered,True
a505c360-7af8-48df-b274-0615fd947897,52e8fb34-c578-4ef6-aa7a-6b36da3362b7,DASHER_02500,2022-11-20 15:39:00,2022-11-20,2022-11-01,2022,15,Sunday,29,24.0,-5.0,True,17.96,2.71,delivered,True
0ca861af-5f9b-470a-a93d-09060e92f4ce,930c80fa-74c9-4aab-a797-9e92b4e3e3ae,DASHER_01970,2024-08-12 08:35:00,2024-08-12,2024-08-01,2024,8,Monday,23,20.0,-3.0,True,8.0,6.13,delivered,True
cda19225-0496-44f6-a517-3282fdbd044f,f15a9b0f-3e7f-495a-84b1-132b58f43c4c,DASHER_03573,2024-12-14 17:17:00,2024-12-14,2024-12-01,2024,17,Saturday,37,34.0,-3.0,True,11.83,4.35,delivered,True
4f3aaa86-52d8-45fe-97cb-498b714e90c6,b82f826d-671d-4b56-b408-334f48d5a906,DASHER_03108,2024-10-16 20:24:00,2024-10-16,2024-10-01,2024,20,Wednesday,38,42.0,4.0,True,25.46,5.92,delivered,True
8d92db2b-8b4d-4689-98c6-dcf126875aee,0c9d0199-fe0f-4cc7-aa9a-55953f137425,DASHER_02307,2022-12-05 18:55:00,2022-12-05,2022-12-01,2022,18,Monday,24,10.0,-14.0,True,39.08,2.53,delivered,True
f0d12e97-c6e9-46fd-aab3-4c513f6ac225,f7e16e60-ffdf-49b7-b317-124a64caa172,DASHER_03769,2024-11-18 05:01:00,2024-11-18,2024-11-01,2024,5,Monday,39,37.0,-2.0,True,39.95,6.63,delivered,True
21979f20-680d-49ce-8695-b4c84b25a4f6,8c699351-000e-49e1-88ad-735794c14f4d,DASHER_00460,2022-05-22 08:49:00,2022-05-22,2022-05-01,2022,8,Sunday,37,29.0,-8.0,True,37.93,3.54,delivered,True
e426c31e-e680-41ae-897d-8495fd884a3d,e809694a-afdd-4625-bbb0-7d039c70b94f,DASHER_00646,2024-12-19 22:18:00,2024-12-19,2024-12-01,2024,22,Thursday,34,28.0,-6.0,True,21.21,5.07,delivered,True
726daf62-4709-4894-a1a1-8dfd0549c80f,6d4eb3bd-bfc9-4bbe-918f-5f32d000f7b0,DASHER_04187,2024-01-28 10:04:00,2024-01-28,2024-01-01,2024,10,Sunday,33,31.0,-2.0,True,23.66,6.89,delivered,True
29a94676-4668-4afe-8620-66c9dd5c2771,14430ebb-1169-4de0-b8e3-89c9d39e78b2,DASHER_03777,2022-07-07 20:30:00,2022-07-07,2022-07-01,2022,20,Thursday,42,45.0,3.0,True,30.13,2.92,delivered,True
80e25dad-bf5f-4117-9733-02563fd889a1,859e5de9-04de-431e-8aa9-04fd8782662a,DASHER_00055,2023-01-26 07:28:00,2023-01-26,2023-01-01,2023,7,Thursday,22,44.0,22.0,False,31.29,7.52,delivered,True
861197fe-7e37-458c-9459-1c7800d44d65,b3421fcf-c288-4154-bb38-a76cdb5493b6,DASHER_00362,2024-06-30 10:13:00,2024-06-30,2024-06-01,2024,10,Sunday,38,39.0,1.0,True,48.61,1.57,delivered,True
fd55c952-d2bc-49be-b323-efc662bda4df,06faa0f3-0587-4f11-b6b5-9e1145227000,DASHER_04518,2022-01-12 07:56:00,2022-01-12,2022-01-01,2022,7,Wednesday,44,39.0,-5.0,True,21.96,7.05,delivered,True
2198042c-2590-4b09-8805-c80c010ce568,0d861420-d9bb-4cbf-88e2-fbf99de9e45c,DASHER_04862,2023-06-19 01:00:00,2023-06-19,2023-06-01,2023,1,Monday,31,24.0,-7.0,True,33.67,3.97,delivered,True
0a1a82c4-cfea-48c1-bb66-c2b79357d6e2,c7b5092a-7cc3-4276-819b-7de0443b0963,DASHER_02044,2024-04-05 05:58:00,2024-04-05,2024-04-01,2024,5,Friday,25,10.0,-19.0,True,15.47,6.83,delivered,True
342562c1-8d12-4932-91ae-8d2f66e24146,58bacc4c-bb18-4de4-86c4-324ce6dfa5b5,DASHER_02480,2024-08-22 07:53:00,2024-08-22,2024-08-01,2024,7,Thursday,45,23.0,-22.0,True,18.18,3.36,delivered,True
807e6740-5cd0-4921-a287-821de760f41a,a0040d4f-4d72-48b5-9df0-f6ab4ff6f9f6,DASHER_02686,2022-06-19 21:47:00,2022-06-19,2022-06-01,2022,21,Sunday,35,39.0,4.0,True,8.0,7.72,delivered,True
91d1502f-9ce3-4ee2-ad78-b25640e95699,bdc78fc0-52e2-4613-aed5-1829fc944116,DASHER_02244,2024-04-12 05:09:00,2024-04-12,2024-04-01,2024,5,Friday,23,10.0,-16.0,True,30.8,6.57,delivered,True
801306b9-8864-4dc1-8084-eccace01528c,ff3dbb94-2645-4dec-b2b4-07da65b8a7cc,DASHER_04115,2024-10-09 23:38:00,2024-10-09,2024-10-01,2024,23,Wednesday,32,33.0,1.0,True,35.91,2.04,delivered,True
137cbdac-3f7e-40bd-aab7-85f21d5c8882,53b6348f-0292-456a-8fd3-da701f51a034,DASHER_00466,2024-08-25 13:53:00,2024-08-25,2024-08-01,2024,13,Sunday,28,27.0,-1.0,True,37.83,3.7,delivered,True
ebf574df-7883-407d-b833-2bcb8340e59b,ee97d322-c143-4e9d-b557-376b193f7441,DASHER_04030,2023-06-24 19:44:00,2023-06-24,2023-06-01,2023,19,Saturday,21,21.0,0.0,True,22.45,1.73,delivered,True
119d4948-dcc9-4ceb-aa2e-d0de63e71dd3,f30cb14b-c0ba-464c-b244-2ba085abedcf,DASHER_00795,2024-11-27 09:49:00,2024-11-27,2024-11-01,2024,9,Wednesday,40,19.0,-21.0,True,28.67,3.67,delivered,True
d33ab0ba-2ef8-4dc4-bd2f-0f61a8790911,f4a76288-da53-439e-aa64-d1e98a00e26c,DASHER_02705,2024-01-26 22:01:00,2024-01-26,2024-01-01,2024,22,Friday,44,39.0,-5.0,True,17.91,4.89,delivered,True
c9cfbc9e-98c9-4624-a30e-2b8e29b3421a,04fbade6-29fd-4fcf-b863-51d16c453153,DASHER_02218,2024-04-02 16:35:00,2024-04-02,2024-04-01,2024,16,Tuesday,42,20.0,-22.0,True,54.06,6.13,delivered,True
3082fc98-9f98-4877-9f2f-481e23eb607f,113220c4-00e0-45bd-8d58-83298022a8cc,DASHER_02134,2022-07-07 21:57:00,2022-07-07,2022-07-01,2022,21,Thursday,48,46.0,-2.0,True,30.96,4.45,delivered,True
d3232c5b-7e0f-41dc-b982-b5873b65e177,ac9944ad-382b-4167-9491-21e4402a2066,DASHER_01014,2022-02-08 17:03:00,2022-02-08,2022-02-01,2022,17,Tuesday,21,14.0,-7.0,True,8.0,2.58,delivered,True
c8f6dc55-6a19-4b6f-a8a5-ab2ebd41ad07,c4cfb25e-27a9-4fba-9ed9-0f21f19a38cd,DASHER_03639,2024-11-14 19:49:00,2024-11-14,2024-11-01,2024,19,Thursday,41,33.0,-8.0,True,36.53,1.43,delivered,True
157b75d6-9ccf-4681-aefe-8a708b2914f3,4b55122b-920d-46f2-91c8-d1e3c3dff7e8,DASHER_04415,2024-10-31 08:09:00,2024-10-31,2024-10-01,2024,8,Thursday,36,55.0,19.0,False,8.0,1.54,delivered,True
f4356d5b-03d7-4551-94c6-51af8e51c449,666b1ea2-af12-4958-8204-e318b1b1b8e1,DASHER_03869,2022-01-22 04:34:00,2022-01-22,2022-01-01,2022,4,Saturday,40,44.0,4.0,True,48.19,5.16,delivered,True
bfb1dd9c-d66f-4506-9552-aed62eb06b00,864250a8-30c8-41b0-ab9b-3a9e3b656bfc,DASHER_03760,2024-08-15 14:47:00,2024-08-15,2024-08-01,2024,14,Thursday,50,52.0,2.0,True,31.36,6.47,delivered,True
39b87ef2-74c8-4195-8f56-115c5f0fa708,0886f332-97bd-48a7-82b2-a51d36b96a6c,DASHER_03745,2023-10-23 03:50:00,2023-10-23,2023-10-01,2023,3,Monday,33,33.0,0.0,True,8.0,5.96,delivered,True
4191e1ac-44b1-4674-a2c8-6ad71793db8d,c44db8e4-b37d-4939-8e63-1aaf11b97993,DASHER_03012,2022-01-13 00:28:00,2022-01-13,2022-01-01,2022,0,Thursday,51,63.0,12.0,False,18.56,3.53,delivered,True
7efdae36-7644-4bee-b6be-938af79632a3,c7df6bcc-3ca0-4018-a526-e6b811b36fe5,DASHER_03505,2024-06-13 07:40:00,2024-06-13,2024-06-01,2024,7,Thursday,26,32.0,6.0,False,8.0,5.22,delivered,True
be8b183e-b463-4b79-8259-111dd5494ab0,adafecd7-8c8d-40a4-8e1e-de69f1956cda,DASHER_02121,2022-11-23 20:11:00,2022-11-23,2022-11-01,2022,20,Wednesday,35,27.0,-8.0,True,24.92,2.43,delivered,True
d1d6a86b-7dee-4c46-8e75-ba02368e0521,75ad097f-df27-48d0-999b-76a2a3d9a2c1,DASHER_04380,2022-11-06 08:10:00,2022-11-06,2022-11-01,2022,8,Sunday,30,32.0,2.0,True,31.25,6.79,delivered,True
3658000e-969f-4b8b-93ea-dc592a457e73,d85d6b64-796f-4ef6-bceb-89a17251c012,DASHER_00368,2023-07-29 20:03:00,2023-07-29,2023-07-01,2023,20,Saturday,43,57.0,14.0,False,14.7,3.41,delivered,True
ac11bcb5-7c1c-48a8-a48a-9ac443c8f33b,817f20ff-3f1b-4659-9c5d-e2ec34e24e68,DASHER_04369,2023-07-03 20:44:00,2023-07-03,2023-07-01,2023,20,Monday,18,23.0,5.0,True,47.14,1.62,delivered,True
1322a6a0-d78f-436f-8153-11056462034b,0d069d96-4d81-4a89-a77f-b7ca1c1cc1e3,DASHER_00119,2022-12-05 13:25:00,2022-12-05,2022-12-01,2022,13,Monday,34,35.0,1.0,True,23.42,7.01,delivered,True
5859c498-60f0-45b8-b8f8-f960fa6e0210,ea05cafe-8dae-47ac-aef4-e1ac966bd56b,DASHER_01379,2022-03-20 08:31:00,2022-03-20,2022-03-01,2022,8,Sunday,36,33.0,-3.0,True,23.57,3.78,delivered,True
e000e557-33fb-44f8-a5cd-aba1430811dd,930c80fa-74c9-4aab-a797-9e92b4e3e3ae,DASHER_00865,2023-05-09 15:14:00,2023-05-09,2023-05-01,2023,15,Tuesday,22,44.0,22.0,False,8.59,3.22,delivered,True
6ff8c814-b18c-4d91-aba8-17510dda0b03,e3318012-c473-4418-ae10-5a95862630dd,DASHER_03324,2024-03-12 15:24:00,2024-03-12,2024-03-01,2024,15,Tuesday,35,23.0,-12.0,True,56.53,4.78,delivered,True
3f430ead-4662-4ebd-bb13-d3dbb06670f4,a45ca8d9-e7fb-4f15-93a0-766d51c161b9,DASHER_02947,2024-03-23 22:47:00,2024-03-23,2024-03-01,2024,22,Saturday,20,28.0,8.0,False,56.14,2.69,delivered,True
adcd10a1-cb58-4187-995c-5b8bb89cff89,9dfbdee3-6b19-4855-9a41-780220ab55d1,DASHER_02672,2024-02-09 17:12:00,2024-02-09,2024-02-01,2024,17,Friday,48,39.0,-9.0,True,38.39,6.63,delivered,True
5e7ebfa4-9898-43de-8f14-072882e6b2ec,c90e0001-dec8-4c3a-baf7-0a7824246891,DASHER_01673,2022-02-10 14:17:00,2022-02-10,2022-02-01,2022,14,Thursday,29,41.0,12.0,False,30.36,6.75,delivered,True
4114e3f4-77b6-4146-9921-29311701c815,a7ecb100-e165-4038-963d-3564d811a576,DASHER_00960,2024-10-16 22:52:00,2024-10-16,2024-10-01,2024,22,Wednesday,44,22.0,-22.0,True,29.75,5.47,delivered,True
61ae6f51-5741-4fc2-8f4e-a9f53486c012,9e2a4f1e-b7b1-42b9-a92d-0e65fc927cb6,DASHER_01973,2024-06-14 14:34:00,2024-06-14,2024-06-01,2024,14,Friday,15,13.0,-2.0,True,40.4,6.95,delivered,True
a02b23d0-2872-4c64-8554-471fcc7f4043,76443310-cc2b-4d72-9080-72be48b970fb,DASHER_02565,2023-04-19 22:48:00,2023-04-19,2023-04-01,2023,22,Wednesday,43,43.0,0.0,True,40.79,1.0,delivered,True
dd41fe4b-77c4-470a-96a5-9fe2c68363fa,1bb78e86-6bd8-451b-917b-90e49d836919,DASHER_04630,2024-12-28 18:54:00,2024-12-28,2024-12-01,2024,18,Saturday,24,,,,23.25,7.03,cancelled,True
ebdc0906-5fb7-49df-b994-2467c9ee5813,53e230c7-815a-47f9-9cf7-b99477c82453,DASHER_00417,2023-05-17 16:39:00,2023-05-17,2023-05-01,2023,16,Wednesday,36,27.0,-9.0,True,8.0,6.22,delivered,True
3d08c03f-5e8c-40a9-b485-43f5d5b1d118,7aafa5e7-2fca-464b-9972-83ab318b8982,DASHER_01309,2023-05-12 05:30:00,2023-05-12,2023-05-01,2023,5,Friday,20,33.0,13.0,False,30.11,6.93,delivered,True
45578eaa-ecc4-43f2-9cb1-273b40ff5dc8,73bec6d6-827b-492c-9713-1c1a9d59e16e,DASHER_02626,2024-05-21 11:07:00,2024-05-21,2024-05-01,2024,11,Tuesday,35,35.0,0.0,True,52.0,7.27,delivered,True
8a5337eb-bcb2-417d-b65a-7594036ff455,759dd5ad-889c-4959-b255-cd76834b8c25,DASHER_03950,2022-08-31 21:34:00,2022-08-31,2022-08-01,2022,21,Wednesday,28,37.0,9.0,False,22.63,2.46,delivered,True
76647a1f-a24f-42af-9116-652480d6e307,ebc0c504-46a8-4ae7-ba6a-fff43f0cd79d,DASHER_04182,2024-11-06 20:34:00,2024-11-06,2024-11-01,2024,20,Wednesday,33,,,,35.3,1.01,cancelled,True
99329f0e-c36b-40a5-bae7-5229b821d781,bdb64cfd-5f02-4720-a2e6-a2d6c52fcd30,DASHER_02955,2022-12-02 13:14:00,2022-12-02,2022-12-01,2022,13,Friday,41,45.0,4.0,True,41.7,1.5,delivered,True
cee2253f-05ce-4269-9643-db6e058bb866,50cff78b-74fd-420c-b5fb-700c125e9c8f,DASHER_03585,2024-01-28 21:07:00,2024-01-28,2024-01-01,2024,21,Sunday,36,42.0,6.0,False,12.43,6.32,delivered,True
1a72c82f-1fac-4365-afcd-71a535d3711e,280220a3-448d-4018-b918-53ffc3ded458,DASHER_00986,2023-12-09 01:23:00,2023-12-09,2023-12-01,2023,1,Saturday,32,56.0,24.0,False,58.3,7.13,delivered,True
01d01f8e-7abd-4fbe-acd4-b718d4c7412f,5f8cf778-64fe-4ea6-b01d-f468db522307,DASHER_00180,2023-07-02 07:01:00,2023-07-02,2023-07-01,2023,7,Sunday,32,36.0,4.0,True,62.98,1.01,delivered,True
150d35ba-6a95-463b-bee3-8fd1b7f3e13f,00e9e57c-da41-423a-b064-22caded5e2fc,DASHER_03504,2023-06-13 18:02:00,2023-06-13,2023-06-01,2023,18,Tuesday,31,50.0,19.0,False,25.06,5.05,delivered,True
dc67527a-7629-4740-91c1-50d02902a4eb,5f5eb29e-7f09-48e1-82ab-21228078a1be,DASHER_03134,2023-03-12 10:49:00,2023-03-12,2023-03-01,2023,10,Sunday,39,49.0,10.0,False,8.0,5.08,delivered,True
99c7d0b9-763e-4470-a1e3-25c6a0e21d14,5101636f-fa5f-4957-afb4-8303a45bcd80,DASHER_03028,2024-07-06 10:29:00,2024-07-06,2024-07-01,2024,10,Saturday,28,32.0,4.0,True,19.88,2.24,delivered,True
af45fd86-f655-484e-b3af-54154880fb1f,48f02e2a-67ee-4063-8b47-a09a802ca40b,DASHER_00371,2023-02-22 18:24:00,2023-02-22,2023-02-01,2023,18,Wednesday,42,41.0,-1.0,True,20.61,6.8,delivered,True
363fb205-38b1-4a9d-a45e-272f06306845,6a4dea5a-acd6-4a0f-94f1-76aee923108a,DASHER_02563,2022-09-10 10:13:00,2022-09-10,2022-09-01,2022,10,Saturday,36,29.0,-7.0,True,20.49,4.74,delivered,True
00238bb8-ff59-46a4-adb5-4fe0022f42fd,16b27334-25fd-4172-ab5c-8744141dc4e5,DASHER_02436,2022-05-23 17:57:00,2022-05-23,2022-05-01,2022,17,Monday,25,31.0,6.0,False,32.67,5.74,delivered,True
44c2bfb8-69ed-456d-a0aa-d5ad7c405c00,5ba59135-08cf-4bdd-88ef-71a4e0a687d2,DASHER_02293,2023-02-04 07:19:00,2023-02-04,2023-02-01,2023,7,Saturday,43,68.0,25.0,False,8.0,3.6,delivered,True
ffdf6f9d-1a5a-4e2e-a035-9f69e607bb31,3676ce48-4d9e-4aee-86a1-16121f7866d1,DASHER_02404,2024-05-11 17:07:00,2024-05-11,2024-05-01,2024,17,Saturday,25,39.0,14.0,False,20.47,5.56,delivered,True
f8686b3c-8d79-4f01-8ac8-70d28ab82729,ee328c2e-9696-4a6d-9e79-ed012d49022f,DASHER_01964,2022-08-09 17:39:00,2022-08-09,2022-08-01,2022,17,Tuesday,38,25.0,-13.0,True,23.15,7.82,delivered,True
16a6862b-a01f-47bf-8def-f812d598e523,fd2f7669-544e-4b1a-9812-5448e1800cc1,DASHER_01818,2022-04-05 08:00:00,2022-04-05,2022-04-01,2022,8,Tuesday,32,53.0,21.0,False,21.92,6.3,delivered,True
ee664021-7131-45f5-8c51-d2b1bb71aea8,32e8743d-c22c-4dab-a02a-7cf89e146053,DASHER_01257,2022-08-01 19:24:00,2022-08-01,2022-08-01,2022,19,Monday,25,,,,28.71,4.46,cancelled,True
843f6d74-66f2-4a2e-86d2-565002f27a88,67652639-884c-479b-88cb-f9c3448a7104,DASHER_03109,2023-06-14 00:49:00,2023-06-14,2023-06-01,2023,0,Wednesday,29,48.0,19.0,False,17.01,1.27,delivered,True
efe6fc86-e0cd-4674-b8ad-ec52f267857f,a0c2504d-5cfc-4561-95d6-1ed407a24aeb,DASHER_04147,2024-10-20 19:24:00,2024-10-20,2024-10-01,2024,19,Sunday,37,43.0,6.0,False,30.86,5.23,delivered,True
7ed2e999-3bbf-438f-b6e7-ab90c8bebd36,44dc67e6-b1df-4aaf-aa52-8119fcbc38ff,DASHER_04341,2024-05-23 10:32:00,2024-05-23,2024-05-01,2024,10,Thursday,40,41.0,1.0,True,46.33,4.67,delivered,True
39d6e246-b929-4eae-b606-9a62e1bc7799,ea870a94-b7d0-4c5b-9667-e7e12fbc0851,DASHER_04757,2022-10-29 10:56:00,2022-10-29,2022-10-01,2022,10,Saturday,38,,,,13.18,4.78,cancelled,True
b3dbd7f3-7160-45cc-a9df-91543991e711,e79a3345-5f1a-4493-9b76-e3d05de99191,DASHER_03245,2023-08-27 16:03:00,2023-08-27,2023-08-01,2023,16,Sunday,28,19.0,-9.0,True,29.27,4.54,delivered,True
86dcd4f0-634e-465e-815a-c964009e1cca,97fafae4-9a85-42ce-a2c3-16a17ddb99a5,DASHER_00557,2024-04-27 21:25:00,2024-04-27,2024-04-01,2024,21,Saturday,35,10.0,-27.0,True,37.13,7.15,delivered,True
753ff57e-268e-4d08-a988-f8864767726f,c85587a1-9759-42b2-b91e-a8276768f4d6,DASHER_04289,2024-03-04 01:24:00,2024-03-04,2024-03-01,2024,1,Monday,37,12.0,-25.0,True,58.63,4.39,delivered,True
89d3416d-f40c-4b5f-b342-0b070b4d1ae5,6b4608d5-3dcb-4ea8-bafa-31268435c79a,DASHER_02642,2022-04-07 12:55:00,2022-04-07,2022-04-01,2022,12,Thursday,41,44.0,3.0,True,36.38,4.52,delivered,True
5c654ee0-86c9-4bed-acf8-2d0c323615fe,996fd2b9-3319-4897-b93a-196dbf41776c,DASHER_02338,2022-02-17 15:49:00,2022-02-17,2022-02-01,2022,15,Thursday,42,47.0,5.0,True,45.11,6.49,delivered,True
ddc6fde0-14c9-4a8b-834c-8852a0e1a107,845f5562-23c6-4e09-934a-971cec1f0dc6,DASHER_00035,2024-06-25 00:07:00,2024-06-25,2024-06-01,2024,0,Tuesday,41,45.0,4.0,True,29.88,5.31,delivered,True
587859e8-e855-4bc0-97fa-8111518f2e7e,4910564f-201e-430b-8ad2-0bcdfb65c859,DASHER_00364,2023-12-10 21:16:00,2023-12-10,2023-12-01,2023,21,Sunday,34,48.0,14.0,False,53.71,2.89,delivered,True
2d195efb-447a-424e-8c5c-34231eb89317,03a9901c-2c5a-4ef8-ae58-9f2176d4e265,DASHER_03750,2024-12-29 10:16:00,2024-12-29,2024-12-01,2024,10,Sunday,30,12.0,-18.0,True,41.9,7.4,delivered,True
3d4bb720-9ead-4406-8f10-6009f7ad39a5,4e2c07cc-8835-419f-8ae3-e50f4453eda2,DASHER_00242,2022-10-05 14:11:00,2022-10-05,2022-10-01,2022,14,Wednesday,37,39.0,2.0,True,14.62,6.08,delivered,True
b261a99b-b769-47f7-a7b6-48c1e04866a4,56fbc620-8ace-4504-91fe-b6093cd3648f,DASHER_02487,2023-09-02 05:59:00,2023-09-02,2023-09-01,2023,5,Saturday,38,23.0,-15.0,True,8.0,2.55,delivered,True
daa40244-bc5f-4c82-85de-10e57ceaba5e,96f53180-ba0d-4efa-ac65-3cd978378c18,DASHER_01417,2022-02-19 17:46:00,2022-02-19,2022-02-01,2022,17,Saturday,20,13.0,-7.0,True,47.5,3.33,delivered,True
fe69b425-dbcf-44ff-8231-df179ecdc928,7eb68238-8d3a-41cd-bf34-7ea52f78ba9f,DASHER_00189,2023-05-09 15:08:00,2023-05-09,2023-05-01,2023,15,Tuesday,29,10.0,-21.0,True,43.58,3.0,delivered,True
b6e3ae49-a730-4567-92fe-88da9036b4bf,3bcfb998-0838-4404-bd85-1c937d6bba27,DASHER_03601,2022-06-14 12:20:00,2022-06-14,2022-06-01,2022,12,Tuesday,15,17.0,2.0,True,30.36,6.72,delivered,True
4213e836-cc19-48ae-bbe5-53237d7e7268,d38bf655-d7b9-4555-8069-4f5e59943d61,DASHER_04933,2022-09-02 21:42:00,2022-09-02,2022-09-01,2022,21,Friday,38,21.0,-17.0,True,64.7,2.92,delivered,True
cb344a35-521d-4b57-ba5e-ef46641ea60d,96319705-637d-48ce-9de5-1b8c07d551f6,DASHER_00319,2023-06-01 10:53:00,2023-06-01,2023-06-01,2023,10,Thursday,51,72.0,21.0,False,10.61,4.33,delivered,True
877a62ad-7231-4dd0-ae6a-5dc632879025,6b6120a4-4640-4e7d-ba88-1d967cdbdec7,DASHER_02246,2024-06-09 08:33:00,2024-06-09,2024-06-01,2024,8,Sunday,47,47.0,0.0,True,30.85,5.99,delivered,True
ffce9d43-399c-413a-8a8a-2f73da764262,9cc8add9-ff58-4679-85c2-22952f6415c3,DASHER_03163,2024-04-01 11:00:00,2024-04-01,2024-04-01,2024,11,Monday,35,25.0,-10.0,True,41.55,5.88,delivered,True
bd87d90a-a7db-4e2f-bd87-e9384aae3d8b,fc3b7f42-e086-488b-b614-384b32455509,DASHER_02463,2024-11-12 19:53:00,2024-11-12,2024-11-01,2024,19,Tuesday,43,28.0,-15.0,True,37.83,2.04,delivered,True
e04be4b5-d3c7-4d8a-8221-e73254be5a07,50ab1adc-bdf5-4eb4-b5a1-72842c30a0f4,DASHER_00449,2023-11-16 17:27:00,2023-11-16,2023-11-01,2023,17,Thursday,30,34.0,4.0,True,37.41,7.87,delivered,True
972a8478-b374-4341-a65b-85013fc8b117,532b5dc6-cfaf-4ac2-a524-54e04c5e6913,DASHER_02128,2024-05-10 16:17:00,2024-05-10,2024-05-01,2024,16,Friday,34,51.0,17.0,False,34.52,1.72,delivered,True
0574aefd-ae29-440c-94ec-6bfbc0b74762,7ee91a5f-eef1-441e-825d-9091d5ee78f8,DASHER_04305,2024-11-24 09:45:00,2024-11-24,2024-11-01,2024,9,Sunday,40,36.0,-4.0,True,30.66,1.93,delivered,True
58a0f6fd-d04f-4068-a4c4-73687dae468c,46fde999-656d-46ff-9cb9-db53fe2ac468,DASHER_02071,2023-02-20 21:42:00,2023-02-20,2023-02-01,2023,21,Monday,40,40.0,0.0,True,10.2,3.95,delivered,True
e675a94d-a642-4f21-b12d-028487f7ad8d,a4541be4-4160-43c6-865c-3f07de48c842,DASHER_01856,2024-10-23 19:11:00,2024-10-23,2024-10-01,2024,19,Wednesday,19,10.0,-9.0,True,19.23,2.87,delivered,True
1c40456f-9b0b-4756-a8ef-42527ea2ab52,1e2d819e-3804-4a56-a578-6a30f8a0e9ce,DASHER_04748,2022-04-17 17:19:00,2022-04-17,2022-04-01,2022,17,Sunday,40,45.0,5.0,True,49.26,2.12,delivered,True
436da012-d7cf-4064-a1bc-6905a7248dfb,1080357b-bb63-47e9-af21-8270650b4d3e,DASHER_00632,2022-10-26 16:40:00,2022-10-26,2022-10-01,2022,16,Wednesday,27,,,,37.93,7.02,cancelled,True
2844246f-6f9a-428a-b769-06f76118cca9,59e6ec97-61bc-425c-8997-b45e0cef93d1,DASHER_00297,2024-03-10 18:02:00,2024-03-10,2024-03-01,2024,18,Sunday,41,31.0,-10.0,True,20.31,4.96,delivered,True
38ee76e9-c4cf-4742-a7ca-4010e34617f0,f7891691-a053-476b-b33a-28fcc2830410,DASHER_02646,2022-06-21 00:38:00,2022-06-21,2022-06-01,2022,0,Tuesday,41,48.0,7.0,False,15.52,7.54,delivered,True
bdbb5d3c-1a74-4ed8-b73e-082bb4acbebd,00739be5-dea4-456e-bc21-eb5f1750ede5,DASHER_01067,2023-05-25 03:06:00,2023-05-25,2023-05-01,2023,3,Thursday,52,38.0,-14.0,True,31.39,5.57,delivered,True
7d53afcb-d3ac-4049-8801-d62d863d4c93,591d6f4c-e48f-4789-9caf-0c027e3804ce,DASHER_02578,2024-10-02 19:55:00,2024-10-02,2024-10-01,2024,19,Wednesday,35,17.0,-18.0,True,38.49,3.37,delivered,True
e74ba895-d1e4-46b0-ad66-8905c6a258ea,532b5dc6-cfaf-4ac2-a524-54e04c5e6913,DASHER_01624,2024-11-03 22:29:00,2024-11-03,2024-11-01,2024,22,Sunday,46,38.0,-8.0,True,8.0,2.09,delivered,True
6d5919a2-029d-4797-9f96-2d0581ec8dbd,8ff9727a-25b9-4806-be20-fdcf5c4c06fa,DASHER_00375,2024-04-23 23:23:00,2024-04-23,2024-04-01,2024,23,Tuesday,42,19.0,-23.0,True,28.48,4.72,delivered,True
b5d1e85e-276c-42ea-a583-b508f8dcd225,a4b89c7f-f0c3-4e51-b512-9e0293a0fe01,DASHER_02071,2024-04-07 20:04:00,2024-04-07,2024-04-01,2024,20,Sunday,32,46.0,14.0,False,8.0,1.0,delivered,True
d8bff611-8166-4f66-b1ad-a4373f847663,a89041ac-d1d7-458f-b7c4-34e91ba40518,DASHER_02107,2022-10-28 13:01:00,2022-10-28,2022-10-01,2022,13,Friday,30,34.0,4.0,True,29.35,5.51,delivered,True
37f692f1-9b57-4e4b-b3b7-71be239256e3,15cb2ecc-5e16-4a68-8e7c-d4dba86092c1,DASHER_02620,2024-04-27 12:58:00,2024-04-27,2024-04-01,2024,12,Saturday,50,34.0,-16.0,True,38.08,7.8,delivered,True
d478f8ec-e36d-4364-8d26-7be3cca0917d,2aa154f1-313e-40bc-a2ec-cfda546db534,DASHER_00121,2023-08-06 16:31:00,2023-08-06,2023-08-01,2023,16,Sunday,32,24.0,-8.0,True,36.51,5.0,delivered,True
52ac829f-40c5-4c16-99dc-322982668f76,321c66f8-62f6-434b-b2f7-38b2961dc1a3,DASHER_02812,2023-12-23 09:53:00,2023-12-23,2023-12-01,2023,9,Saturday,41,70.0,29.0,False,24.37,3.5,delivered,True
cd1bffa4-4076-47a4-9b8c-58806b3ce666,8e0244c3-7c97-42d3-bfcf-dacdf9407fdc,DASHER_02820,2024-10-07 22:36:00,2024-10-07,2024-10-01,2024,22,Monday,39,36.0,-3.0,True,35.1,6.52,delivered,True
9ce9f0f6-bda7-4017-9aa3-c946e87ae82d,a60b2ced-0120-45b6-bad7-333819ca5436,DASHER_00810,2024-12-20 19:53:00,2024-12-20,2024-12-01,2024,19,Friday,31,48.0,17.0,False,15.81,3.79,delivered,True
0d63767c-60eb-4bda-96a3-8dd371755ad9,ce11f7e1-4a73-4bec-9e13-7448aa48bf45,DASHER_04940,2023-07-15 19:01:00,2023-07-15,2023-07-01,2023,19,Saturday,40,36.0,-4.0,True,44.57,2.94,delivered,True
a0d9afc1-5066-4fd8-b901-0cc59e28098c,c41599e1-d4d3-4755-beca-39ae02ee6620,DASHER_03740,2023-08-12 10:49:00,2023-08-12,2023-08-01,2023,10,Saturday,32,31.0,-1.0,True,20.26,4.67,delivered,True
401d1e75-142e-4104-b8fa-7c737faabf0e,f2b9cfe7-6c88-44da-b120-78aabce36cde,DASHER_03870,2024-10-18 19:46:00,2024-10-18,2024-10-01,2024,19,Friday,32,50.0,18.0,False,35.9,5.44,delivered,True
919d675c-a6d1-43b3-9418-6d2ca174c5dc,3cdf47e2-378b-49af-b4d8-e50d8cc6e15a,DASHER_04177,2024-03-16 19:58:00,2024-03-16,2024-03-01,2024,19,Saturday,33,29.0,-4.0,True,22.62,2.47,delivered,True
b2b5bced-e4bf-484c-8f3a-8ab5e0e6548f,b3421fcf-c288-4154-bb38-a76cdb5493b6,DASHER_00610,2023-08-29 07:50:00,2023-08-29,2023-08-01,2023,7,Tuesday,43,43.0,0.0,True,48.52,4.09,delivered,True
518db9a3-e13c-495e-81a3-3a8936c45c78,bd1132d2-08c1-494f-bc6f-82a12838881e,DASHER_03106,2023-08-21 12:11:00,2023-08-21,2023-08-01,2023,12,Monday,36,31.0,-5.0,True,22.6,5.44,delivered,True
3451ddad-04ed-4274-91c4-c2492ee00160,2ca95a9c-ad28-4402-b5f1-08589564a057,DASHER_03848,2022-09-26 08:32:00,2022-09-26,2022-09-01,2022,8,Monday,40,48.0,8.0,False,33.23,7.43,delivered,True
99a73bc1-8cdd-4ebb-9966-27b457440793,e2296c9b-f89e-475d-9a59-034adf43d332,DASHER_04693,2023-01-04 11:37:00,2023-01-04,2023-01-01,2023,11,Wednesday,34,43.0,9.0,False,34.46,4.97,delivered,True
e14b0648-a4d5-415a-85bc-0d0dfa295203,e6031dae-27c2-4846-a44a-e55a5c0e116b,DASHER_03103,2024-01-11 20:53:00,2024-01-11,2024-01-01,2024,20,Thursday,28,27.0,-1.0,True,24.09,2.02,delivered,True
414c1271-5c3c-4a5c-a96c-02e52497077c,280220a3-448d-4018-b918-53ffc3ded458,DASHER_00219,2023-04-02 11:58:00,2023-04-02,2023-04-01,2023,11,Sunday,38,38.0,0.0,True,33.56,4.59,delivered,True
dbda69ee-0361-45d8-9ece-c093adb91525,d5000245-8d11-403d-ac50-04ea164a658d,DASHER_04999,2022-02-11 14:41:00,2022-02-11,2022-02-01,2022,14,Friday,38,65.0,27.0,False,21.9,7.52,delivered,True
00e96eae-c2ca-4e35-a995-7cb4bdd68813,1d140dd2-1477-4ba9-b6bf-8798756b6199,DASHER_01011,2023-07-06 21:39:00,2023-07-06,2023-07-01,2023,21,Thursday,30,43.0,13.0,False,30.68,2.08,delivered,True
51c0a1b5-b89d-4769-8ec4-f33d27a222cb,f1886153-85f0-4e38-9f85-f529a6b3bb94,DASHER_00775,2022-12-01 06:06:00,2022-12-01,2022-12-01,2022,6,Thursday,36,29.0,-7.0,True,46.16,3.23,delivered,True
e8eff652-daaa-41e3-94b4-00320f91390b,3cdceb4f-1a00-4e56-9ad0-1c8a9c0cbfd9,DASHER_03733,2023-06-22 20:35:00,2023-06-22,2023-06-01,2023,20,Thursday,33,25.0,-8.0,True,28.16,1.35,delivered,True
2ba52157-43bc-405a-bc33-313d318411eb,88eeb713-088a-4c7d-a7c3-dcaf7dc7e7cb,DASHER_00163,2022-04-30 13:01:00,2022-04-30,2022-04-01,2022,13,Saturday,24,29.0,5.0,True,8.0,3.68,delivered,True
5f79e553-4275-42c4-b283-d46c734940cc,5317d8c8-53d0-4405-b376-dfe0d224f6b9,DASHER_01656,2023-03-22 09:25:00,2023-03-22,2023-03-01,2023,9,Wednesday,20,23.0,3.0,True,38.9,1.9,delivered,True
7905e6f9-be86-40af-b78e-59e0df18a0c9,e52dc04d-cbc6-45b9-bdb9-7f43376f7cbe,DASHER_04022,2023-11-17 15:00:00,2023-11-17,2023-11-01,2023,15,Friday,44,41.0,-3.0,True,45.94,7.98,delivered,True
114a9fcb-20f6-4bdc-b4cb-a3d64489c515,c13eddfa-ef0a-40e4-a8fc-d94c8b71948d,DASHER_01563,2023-05-10 15:59:00,2023-05-10,2023-05-01,2023,15,Wednesday,37,24.0,-13.0,True,26.62,5.33,delivered,True
24ca0696-469b-489b-ab25-167e6f528597,543cbb36-dfb5-452f-8165-52bddaf2fcd7,DASHER_02965,2024-06-09 21:12:00,2024-06-09,2024-06-01,2024,21,Sunday,23,36.0,13.0,False,27.29,5.74,delivered,True
b2154d52-df35-4dd5-bdfd-a45ab696b89d,20d086fe-d946-4918-aec8-9a0e0af401e0,DASHER_04319,2023-04-05 23:58:00,2023-04-05,2023-04-01,2023,23,Wednesday,38,18.0,-20.0,True,59.2,2.15,delivered,True
11a808f8-12d3-4a73-bdda-f89dd63cea5b,81fcde8d-e3fc-4355-8402-0897e184bc73,DASHER_04942,2022-10-28 20:01:00,2022-10-28,2022-10-01,2022,20,Friday,46,58.0,12.0,False,26.34,4.36,delivered,True
a5744c07-ca30-4af9-aaf4-35c02961c5bc,8c9e1003-0c87-449b-8383-c0e9ecd22168,DASHER_02958,2023-08-05 15:51:00,2023-08-05,2023-08-01,2023,15,Saturday,28,10.0,-18.0,True,21.86,5.49,delivered,True
3d96b54c-a2af-41ad-b030-a0fa0dc3d32f,0f6a5cd4-c53b-474a-97c5-c728e98622ae,DASHER_01865,2023-04-04 09:13:00,2023-04-04,2023-04-01,2023,9,Tuesday,45,52.0,7.0,False,48.5,5.48,delivered,True
7fb994bd-b054-4923-b6be-8a85683b5356,5ef3ae86-fb41-4e68-a639-ff743f58be16,DASHER_03807,2024-10-10 12:24:00,2024-10-10,2024-10-01,2024,12,Thursday,40,52.0,12.0,False,14.27,3.65,delivered,True
2d2bc53d-e586-41a2-86e6-61a7e0540886,cce69774-c5bb-4b19-b9f3-cf940572909f,DASHER_04328,2022-04-14 08:51:00,2022-04-14,2022-04-01,2022,8,Thursday,36,36.0,0.0,True,8.84,6.39,delivered,True
229cfffb-02b3-4f37-b3cd-cd595a27ad53,6c1e69b9-bebc-4c00-9051-fde5e0e1a429,DASHER_00462,2024-01-01 21:52:00,2024-01-01,2024-01-01,2024,21,Monday,40,14.0,-26.0,True,23.95,6.37,delivered,True
4fa29890-8a93-42d8-921f-d382a051c41c,1558d8da-7fba-42eb-9a69-33ad42177f23,DASHER_03455,2023-12-20 08:08:00,2023-12-20,2023-12-01,2023,8,Wednesday,40,37.0,-3.0,True,35.72,1.01,delivered,True
57593153-5e0a-45ba-ae87-b8a1aa83ce75,1ebf0d78-fcae-486e-a690-6ca1556d30bd,DASHER_04557,2023-03-18 21:53:00,2023-03-18,2023-03-01,2023,21,Saturday,45,73.0,28.0,False,8.0,4.26,delivered,True
5b4dc3d5-0790-41f4-8022-52f092a10f5a,a45652d2-24d4-40c0-9fb6-da9d49de2535,DASHER_01534,2022-12-10 19:59:00,2022-12-10,2022-12-01,2022,19,Saturday,41,39.0,-2.0,True,42.73,5.72,delivered,True
e71ba3a8-5823-4353-9d6f-df00c3c39d6c,dab75cbd-cdf2-44ae-897c-7f6942d8f105,DASHER_01690,2024-09-01 12:05:00,2024-09-01,2024-09-01,2024,12,Sunday,50,71.0,21.0,False,42.87,4.76,delivered,True
5cd09a78-3670-4f89-a03d-6c731efa3fae,f51976dd-8d54-4115-a504-6f6366b3af30,DASHER_02543,2022-10-02 21:01:00,2022-10-02,2022-10-01,2022,21,Sunday,26,30.0,4.0,True,36.64,5.57,delivered,True
473b2ee8-a974-4e3b-b53d-3b99d67d6677,4ab70675-b98a-4de7-9964-847d9dd3d37c,DASHER_02585,2023-07-03 20:51:00,2023-07-03,2023-07-01,2023,20,Monday,29,43.0,14.0,False,44.04,7.77,delivered,True
46b155ad-99bd-4d73-b877-28e5c8607210,09d6e93f-fe75-44af-a295-ba67d972c28a,DASHER_01155,2024-02-27 09:16:00,2024-02-27,2024-02-01,2024,9,Tuesday,30,,,,30.23,5.64,cancelled,True
4a472023-75b9-4403-9c73-ab3a0875891a,c0c0ecf5-abda-4d35-9a2e-40eb13306bfe,DASHER_03642,2023-12-28 15:59:00,2023-12-28,2023-12-01,2023,15,Thursday,26,28.0,2.0,True,49.64,1.4,delivered,True
bd4ad54d-7c43-4cfc-8598-c29f9bb33057,129c612f-cded-4c63-aa5a-6d93ab8748a0,DASHER_01568,2022-08-13 21:09:00,2022-08-13,2022-08-01,2022,21,Saturday,28,42.0,14.0,False,44.11,4.16,delivered,True
f079a5a1-b4c0-46f6-9825-8eab94745cb5,c97938a0-c6c2-4526-863f-5708c0e5b5db,DASHER_03519,2022-02-08 16:37:00,2022-02-08,2022-02-01,2022,16,Tuesday,40,47.0,7.0,False,35.94,7.65,delivered,True
29e2398f-effc-4756-952d-fcc77600c638,972887eb-5efa-4e42-a7a0-cb0ab25f0026,DASHER_00755,2022-06-08 18:51:00,2022-06-08,2022-06-01,2022,18,Wednesday,27,34.0,7.0,False,27.56,2.88,delivered,True
32722ad9-1227-4148-8585-6f0803965854,de2c4569-ce76-4df1-9bd9-964a391eb4ed,DASHER_02803,2023-07-12 23:49:00,2023-07-12,2023-07-01,2023,23,Wednesday,32,62.0,30.0,False,50.13,4.17,delivered,True
7855bf2c-9793-4d5a-af20-97ed2b557722,0ae8cdd2-0286-42fe-8594-c92586ed2c02,DASHER_02971,2023-09-15 16:26:00,2023-09-15,2023-09-01,2023,16,Friday,43,24.0,-19.0,True,27.73,6.07,delivered,True
0876cfb5-970c-4cff-a41b-c9c1ba27a6dc,2c1ad821-4752-464d-8563-3a7497221e4a,DASHER_02657,2024-09-03 16:19:00,2024-09-03,2024-09-01,2024,16,Tuesday,18,,,,31.12,5.29,cancelled,True
8846e70f-8f89-45a4-894d-d5a8be681d88,11264f5b-26e6-45b1-88b4-67e23deb3a46,DASHER_01522,2022-11-08 10:03:00,2022-11-08,2022-11-01,2022,10,Tuesday,29,23.0,-6.0,True,45.81,5.45,delivered,True
aef0ee0b-e58c-4447-b44c-d28b918adba8,c6224fc5-bb62-4943-80ba-02e68bb8b2a8,DASHER_03791,2024-05-06 21:53:00,2024-05-06,2024-05-01,2024,21,Monday,43,27.0,-16.0,True,48.54,2.53,delivered,True
08176fe8-df2f-433c-8a8b-0f6f7efb5f4c,979b061e-4ac6-4950-856e-fbff493b027a,DASHER_04020,2022-01-26 12:49:00,2022-01-26,2022-01-01,2022,12,Wednesday,39,32.0,-7.0,True,27.05,7.23,delivered,True
08d7099b-9d14-4fec-82a1-a3faf3d3ad7e,ff226a5c-fa4e-4f86-8536-492a96c1870f,DASHER_02880,2024-05-05 08:12:00,2024-05-05,2024-05-01,2024,8,Sunday,32,46.0,14.0,False,36.0,7.06,delivered,True
9133c5cd-7e9a-4ecd-afe8-2ab59c1110da,12449516-8eda-4310-b182-e978e0642282,DASHER_01804,2024-09-07 08:53:00,2024-09-07,2024-09-01,2024,8,Saturday,42,45.0,3.0,True,8.0,1.39,delivered,True
99953fc3-7818-4b25-b46c-53fe16c7a2f8,5ebe950a-bb5a-44d1-8816-35cd95e812a4,DASHER_03844,2022-05-01 11:07:00,2022-05-01,2022-05-01,2022,11,Sunday,41,19.0,-22.0,True,35.62,4.09,delivered,True
348c430a-b51b-4244-bb18-cdf373a1f101,58bacc4c-bb18-4de4-86c4-324ce6dfa5b5,DASHER_04650,2024-06-01 19:06:00,2024-06-01,2024-06-01,2024,19,Saturday,16,10.0,-18.0,True,41.94,1.33,delivered,True
68e173a3-f13e-4cd2-8f77-ab40e210c004,f4a76288-da53-439e-aa64-d1e98a00e26c,DASHER_04188,2024-08-02 11:26:00,2024-08-02,2024-08-01,2024,11,Friday,31,42.0,11.0,False,8.0,2.52,delivered,True
3dc4e1bd-9a3d-4367-b45b-a9f6bb99a5d0,ea625d9d-d935-473d-abce-c85a6d6f0da7,DASHER_04613,2024-11-16 19:31:00,2024-11-16,2024-11-01,2024,19,Saturday,28,26.0,-2.0,True,8.0,2.06,delivered,True
efc9dace-94f9-4e27-aa6e-484686627c4d,d85d6b64-796f-4ef6-bceb-89a17251c012,DASHER_03529,2023-03-20 15:39:00,2023-03-20,2023-03-01,2023,15,Monday,30,18.0,-12.0,True,39.04,7.96,delivered,True
1aee4406-e5fb-41b3-9e01-675523f534bc,354ce2aa-2473-4e64-aa74-e05faf579b75,DASHER_00292,2024-07-04 23:58:00,2024-07-04,2024-07-01,2024,23,Thursday,16,16.0,0.0,True,13.87,7.29,delivered,True
72e26129-5e28-436c-9a63-63c46d491d30,5c778682-ae3b-4d73-b291-5ffb80e919d4,DASHER_01770,2023-06-12 16:21:00,2023-06-12,2023-06-01,2023,16,Monday,31,22.0,-9.0,True,20.94,3.68,delivered,True
7fbe279c-721b-4c21-8760-41e0e6531278,8b481235-ee04-4e01-b594-2a278eaec2a3,DASHER_04275,2022-11-07 19:05:00,2022-11-07,2022-11-01,2022,19,Monday,41,45.0,4.0,True,40.32,4.74,delivered,True
927acfd6-fe84-4a98-b4e1-3e496dc8b83d,6246a3ea-031d-46d2-ac96-8112879411b3,DASHER_00975,2024-12-31 09:18:00,2024-12-31,2024-12-01,2024,9,Tuesday,33,33.0,0.0,True,13.2,5.47,delivered,True
284c2260-3509-4b83-ba91-1ee1f709ae16,a3035b26-42eb-4537-9dd4-d5eb422fb48d,DASHER_01774,2024-07-09 06:50:00,2024-07-09,2024-07-01,2024,6,Tuesday,30,43.0,13.0,False,20.78,4.98,delivered,True
2fe3af20-7347-4674-8a79-a995b403edca,6f032ca7-af0f-4329-956e-97bb5bf3d0a1,DASHER_00513,2023-04-28 16:34:00,2023-04-28,2023-04-01,2023,16,Friday,28,35.0,7.0,False,33.97,3.54,delivered,True
9f0113ec-6527-450f-881d-97505851ebfe,11a79323-5a9a-43e9-ad5f-e10f428ff6e2,DASHER_02259,2024-11-15 19:45:00,2024-11-15,2024-11-01,2024,19,Friday,35,56.0,21.0,False,45.0,3.12,delivered,True
55cf2c04-0907-40d8-877a-177eeecc76ff,64a33811-deac-463c-9e83-7c4bdb422034,DASHER_02691,2023-09-18 11:16:00,2023-09-18,2023-09-01,2023,11,Monday,28,38.0,10.0,False,33.6,1.68,delivered,True
7dd3708c-951a-4872-9d06-2e48f7698758,864250a8-30c8-41b0-ab9b-3a9e3b656bfc,DASHER_00595,2023-04-02 18:58:00,2023-04-02,2023-04-01,2023,18,Sunday,40,52.0,12.0,False,12.09,4.03,delivered,True
233a3194-6404-449f-b740-a4e0addb9d7d,27eaab64-09e4-49d5-ad52-955fa9c037d3,DASHER_00409,2024-12-31 18:01:00,2024-12-31,2024-12-01,2024,18,Tuesday,26,10.0,-16.0,True,8.23,5.47,delivered,True
f7ef95fb-9a78-4504-8b45-3cc24e500409,610b9511-169a-482d-b6c7-868749a8dc02,DASHER_03495,2024-12-06 06:53:00,2024-12-06,2024-12-01,2024,6,Friday,30,52.0,22.0,False,38.76,1.71,delivered,True
c2a1a249-0d85-44c5-9b4e-b24297d17c64,eaaf038f-5a2d-4695-bb4b-f23c4c3fa6f8,DASHER_03840,2024-08-13 19:53:00,2024-08-13,2024-08-01,2024,19,Tuesday,29,,,,22.82,1.34,cancelled,True
24737d1c-f977-45f2-b6ec-7ba9ab77f062,9889012c-0933-4446-a312-974bf5f7cc88,DASHER_00095,2022-03-03 13:33:00,2022-03-03,2022-03-01,2022,13,Thursday,34,23.0,-11.0,True,27.83,4.38,delivered,True
495df193-bdf5-4129-92dd-d2dc955ac7ea,8649cfe0-e520-469b-a1aa-bf06574af3b7,DASHER_00684,2023-10-23 19:11:00,2023-10-23,2023-10-01,2023,19,Monday,46,46.0,0.0,True,30.21,3.55,delivered,True
9c805903-400b-43b4-9d4e-0c7a24e19329,9dfbdee3-6b19-4855-9a41-780220ab55d1,DASHER_01247,2024-11-30 21:05:00,2024-11-30,2024-11-01,2024,21,Saturday,24,29.0,5.0,True,20.47,5.43,delivered,True
485f0e2b-e21c-43ad-8788-86bcf318a2cb,037471d3-f709-4a65-8a32-25594bba08fa,DASHER_02836,2024-08-16 14:41:00,2024-08-16,2024-08-01,2024,14,Friday,24,39.0,15.0,False,23.34,7.04,delivered,True
90150512-32e4-410a-aee2-c4856394fb78,4f785c7b-4fa0-4681-8f77-08b7c3858183,DASHER_03305,2023-03-10 09:23:00,2023-03-10,2023-03-01,2023,9,Friday,44,51.0,7.0,False,29.79,5.35,delivered,True
16bb528f-e657-49da-810b-94eebf7eb895,5d47aff6-b2df-45a3-9057-e3ef8efbb33f,DASHER_04354,2022-10-02 23:28:00,2022-10-02,2022-10-01,2022,23,Sunday,41,53.0,12.0,False,20.1,3.28,delivered,True
903b63df-63d9-4958-bc6d-9b6855cac336,862a54b4-7ff5-45f3-9f0c-953a0e33aef4,DASHER_02952,2023-09-19 21:10:00,2023-09-19,2023-09-01,2023,21,Tuesday,30,33.0,3.0,True,27.87,5.85,delivered,True
c5dfbe9a-fcac-44d8-9223-5d044f4d46f0,57185a76-61dc-4ef9-9926-680ca0ca9b49,DASHER_02566,2023-06-09 17:11:00,2023-06-09,2023-06-01,2023,17,Friday,28,,,,38.41,5.53,cancelled,True
69e24cec-c1b5-4d11-88c7-0bb9090b00be,89a84829-6b04-47b8-86c7-25e0f87d8bdf,DASHER_00840,2023-11-26 16:38:00,2023-11-26,2023-11-01,2023,16,Sunday,34,39.0,5.0,True,33.1,7.24,delivered,True
b3948410-ad45-4d2f-ad54-d90f6baed5a0,a7b8ca5c-13c6-42c0-8068-ea10c88436b4,DASHER_04130,2024-01-25 20:15:00,2024-01-25,2024-01-01,2024,20,Thursday,44,59.0,15.0,False,57.77,6.3,delivered,True
2d0ffe59-3cb8-4297-8859-40fb7937b28b,40520127-6c28-4142-bdad-a6feffa9925f,DASHER_01805,2024-10-10 10:29:00,2024-10-10,2024-10-01,2024,10,Thursday,32,38.0,6.0,False,35.1,5.88,delivered,True
0a23a558-ea10-4a78-8705-7296b8a79e44,7f61592d-36a4-4712-93f2-2bce3bf58a29,DASHER_03542,2022-07-16 19:36:00,2022-07-16,2022-07-01,2022,19,Saturday,39,28.0,-11.0,True,48.53,3.27,delivered,True
c9b46031-f60d-4bb1-989c-5614404d9938,755fb9ed-1fcd-4d30-9d0f-4f41fa9f87ea,DASHER_03443,2024-06-14 09:00:00,2024-06-14,2024-06-01,2024,9,Friday,18,19.0,1.0,True,21.05,3.27,delivered,True
cdd16ee9-ed2e-41d7-9f9e-fe9df6c1f10f,2f9a2f5b-dbcd-4cdb-813d-d62ffe6140d6,DASHER_02397,2023-10-30 19:02:00,2023-10-30,2023-10-01,2023,19,Monday,19,29.0,10.0,False,28.42,1.28,delivered,True
015708f5-9f7b-4e0e-b022-a983866156f0,b91057ae-925c-48f5-9a87-218e7176d718,DASHER_04723,2022-11-23 17:11:00,2022-11-23,2022-11-01,2022,17,Wednesday,30,38.0,8.0,False,37.57,4.15,delivered,True
c0f67cb3-acff-4a00-9da7-9602c6b7e634,c90e0001-dec8-4c3a-baf7-0a7824246891,DASHER_01782,2024-05-26 21:10:00,2024-05-26,2024-05-01,2024,21,Sunday,47,40.0,-7.0,True,18.15,3.65,delivered,True
6a92d8c3-889d-4ab0-b377-625715184469,d1d75ce4-bc84-48c7-b70a-cd0d4c53925b,DASHER_01661,2024-12-08 06:22:00,2024-12-08,2024-12-01,2024,6,Sunday,20,15.0,-5.0,True,48.96,7.79,delivered,True
218e65fa-a3f1-4952-ae26-29ff66e3a802,b31ead8c-2c94-4e5a-8728-4747a62d66ff,DASHER_03680,2024-07-31 13:01:00,2024-07-31,2024-07-01,2024,13,Wednesday,30,40.0,10.0,False,34.1,6.22,delivered,True
a4169b67-c6b5-4171-a426-d0e150c30a15,9514c379-a3b0-4a92-94cf-0d98d719f340,DASHER_03635,2023-03-17 21:49:00,2023-03-17,2023-03-01,2023,21,Friday,49,63.0,14.0,False,15.03,3.65,delivered,True
364c42a4-acae-42d9-83e5-3b659cc913bd,32ee6e67-67fa-48f6-91e7-5b752a0055e8,DASHER_04834,2024-11-09 19:26:00,2024-11-09,2024-11-01,2024,19,Saturday,36,39.0,3.0,True,45.34,5.1,delivered,True
b1292ce2-c698-4162-8cf4-b6b125c61de1,e100b61e-62ac-4f64-9c37-3da0864e7699,DASHER_04144,2024-08-25 00:01:00,2024-08-25,2024-08-01,2024,0,Sunday,42,28.0,-14.0,True,42.57,4.85,delivered,True
5a56ecc5-4593-4328-974a-4aa1a22a0367,b3421fcf-c288-4154-bb38-a76cdb5493b6,DASHER_03197,2022-06-04 20:45:00,2022-06-04,2022-06-01,2022,20,Saturday,52,64.0,12.0,False,49.71,6.6,delivered,True
28ef91cf-ea34-46cf-bdf6-cfce4d117322,588252e0-9608-4573-be20-ef66d3a7473d,DASHER_03186,2023-11-08 15:47:00,2023-11-08,2023-11-01,2023,15,Wednesday,31,36.0,5.0,True,26.96,1.79,delivered,True
202649a6-522a-4ae7-95b6-10fe1b90b1f5,1d944406-d9d7-4e0c-bcce-d0725f346f07,DASHER_01683,2023-11-03 22:09:00,2023-11-03,2023-11-01,2023,22,Friday,41,47.0,6.0,False,25.28,6.48,delivered,True
9f7228fa-6fa7-40f2-8b0e-56a88e4a7c9d,270ebe3e-be69-4492-aea2-bd858daf08e7,DASHER_03167,2024-04-15 21:43:00,2024-04-15,2024-04-01,2024,21,Monday,32,65.0,33.0,False,41.55,4.12,delivered,True
92e5a34f-faec-4e09-986d-ff95eb5bede5,29a898ba-79ec-4602-8961-2a35e921aa23,DASHER_04905,2024-02-10 04:46:00,2024-02-10,2024-02-01,2024,4,Saturday,41,27.0,-14.0,True,36.77,2.83,delivered,True
50a6284b-893c-4149-b0c4-cdbf7c238779,f1886153-85f0-4e38-9f85-f529a6b3bb94,DASHER_01154,2022-06-02 03:24:00,2022-06-02,2022-06-01,2022,3,Thursday,29,17.0,-12.0,True,36.1,5.07,delivered,True
5675f879-c8e7-4bac-8c6a-63b3eddc06b9,f3e98ea3-fc8b-421e-8849-dcd2d299077a,DASHER_00866,2024-02-13 01:44:00,2024-02-13,2024-02-01,2024,1,Tuesday,36,41.0,5.0,True,44.89,6.24,delivered,True
b11e30a5-45d1-465e-ad1f-31f678fd79e5,e617f2f1-9f83-434f-9629-6385a0b313df,DASHER_03401,2023-05-18 15:12:00,2023-05-18,2023-05-01,2023,15,Thursday,29,21.0,-8.0,True,39.66,1.23,delivered,True
6e415bdf-f141-4152-90bd-764a5adca9dd,fc933664-2241-4421-a7ec-120266e153dc,DASHER_04771,2024-02-25 18:04:00,2024-02-25,2024-02-01,2024,18,Sunday,31,37.0,6.0,False,38.64,5.72,delivered,True
0c956530-189a-4ef4-91da-6dc5ca4064de,7aad008b-5af5-402c-b9ec-9fa9921594f7,DASHER_00254,2022-01-04 19:35:00,2022-01-04,2022-01-01,2022,19,Tuesday,45,33.0,-12.0,True,22.0,7.26,delivered,True
e6f34c39-9fbb-411d-8140-b544950d312a,00739be5-dea4-456e-bc21-eb5f1750ede5,DASHER_00210,2024-07-31 07:38:00,2024-07-31,2024-07-01,2024,7,Wednesday,34,34.0,0.0,True,8.0,2.7,delivered,True
11b896a3-582f-40bf-8bad-19fac19286c5,41c75614-7f1c-4a71-b576-0d9b214a0ec6,DASHER_02138,2024-04-27 17:32:00,2024-04-27,2024-04-01,2024,17,Saturday,21,10.0,-27.0,True,30.89,6.61,delivered,True
24af7a45-18f6-4dfa-90bd-1794194d101c,e2c5120f-4685-4868-a145-2da148452a59,DASHER_04049,2024-09-26 08:07:00,2024-09-26,2024-09-01,2024,8,Thursday,28,31.0,3.0,True,20.69,7.95,delivered,True
a31ec112-851a-4ed1-af04-de5c3881b665,c9b1e53e-1290-451e-a352-412069e5b535,DASHER_04811,2024-05-03 10:35:00,2024-05-03,2024-05-01,2024,10,Friday,36,28.0,-8.0,True,58.62,1.37,delivered,True
ce8a3438-b6b2-4fcd-825e-c5b9dfb2ec96,9f517980-1a5d-47ef-bab6-b81307cd170a,DASHER_04669,2023-09-16 10:57:00,2023-09-16,2023-09-01,2023,10,Saturday,43,41.0,-2.0,True,39.15,7.77,delivered,True
f66614a6-68a3-4ddc-bf3c-8af571d04e55,a3696229-b9e6-4ba1-bded-313c5b62dac3,DASHER_00995,2023-11-06 22:24:00,2023-11-06,2023-11-01,2023,22,Monday,20,19.0,-1.0,True,8.0,1.45,delivered,True
2222d1c9-19f3-42f9-bf5f-bedf39c95cbe,37b0aab6-9c1f-49d3-96ff-4562bb1d06bd,DASHER_01871,2024-12-12 21:30:00,2024-12-12,2024-12-01,2024,21,Thursday,27,26.0,-1.0,True,37.39,1.72,delivered,True
c62aa0e1-97d8-4192-9380-c40d87d09d10,0dff6a31-ecbf-4313-bd9a-b656c29d71b6,DASHER_00469,2022-11-23 22:22:00,2022-11-23,2022-11-01,2022,22,Wednesday,28,20.0,-8.0,True,35.54,1.92,delivered,True
0aeecf34-09dc-486f-99a2-818d905995f2,62206523-1f84-4d1e-8f16-06671e7729b8,DASHER_01151,2024-09-29 17:28:00,2024-09-29,2024-09-01,2024,17,Sunday,39,39.0,0.0,True,25.8,4.45,delivered,True
b18a372a-8d94-4cf7-9ccd-6b91c9a2de92,76443310-cc2b-4d72-9080-72be48b970fb,DASHER_01366,2023-10-07 17:35:00,2023-10-07,2023-10-01,2023,17,Saturday,37,39.0,2.0,True,38.92,6.99,delivered,True
12c476ed-6a26-409c-853e-258237d936b7,9fd1ac32-40ee-4ecb-8c0d-52de3e07c3eb,DASHER_04640,2022-08-27 14:08:00,2022-08-27,2022-08-01,2022,14,Saturday,35,39.0,4.0,True,21.71,1.71,delivered,True
a8f627d4-2512-4aae-9a70-6be475bf0fa2,4a789bba-853f-45f5-9726-4e9ea0b6e79f,DASHER_04931,2023-12-06 10:59:00,2023-12-06,2023-12-01,2023,10,Wednesday,55,63.0,8.0,False,23.36,3.26,delivered,True
5e4d5319-67a7-4c41-a072-118290ca96c4,b7d30ad8-04a0-4b83-b31c-9f48a1c1086b,DASHER_01763,2023-04-07 14:40:00,2023-04-07,2023-04-01,2023,14,Friday,30,33.0,3.0,True,37.15,5.63,delivered,True
3a48833e-3506-4296-a930-fa319856fd37,73abd7ea-c7d6-4673-861b-c0dcd8709d37,DASHER_04888,2022-03-07 09:54:00,2022-03-07,2022-03-01,2022,9,Monday,19,10.0,-10.0,True,26.26,7.4,delivered,True
f7838739-b82b-43f2-b99f-28b2d3a07f21,cce2abde-a49d-4714-8ef7-423154de3d51,DASHER_03812,2023-07-22 14:24:00,2023-07-22,2023-07-01,2023,14,Saturday,37,53.0,16.0,False,40.09,4.46,delivered,True
44f08a11-c765-4590-9ee2-3b670880d47a,dc7df643-0adc-43b4-84e2-710c71aaa757,DASHER_04517,2024-10-02 09:40:00,2024-10-02,2024-10-01,2024,9,Wednesday,34,23.0,-11.0,True,52.95,7.26,delivered,True
f5c8a62c-abd2-408a-bea2-2d040c79b96c,3d181fe5-f907-44ec-a20b-bc802e446d66,DASHER_03450,2023-12-20 10:13:00,2023-12-20,2023-12-01,2023,10,Wednesday,35,32.0,-3.0,True,34.06,1.91,delivered,True
4034c0da-59da-48c2-9998-564a6fd2b237,75ad097f-df27-48d0-999b-76a2a3d9a2c1,DASHER_02000,2022-05-20 03:53:00,2022-05-20,2022-05-01,2022,3,Friday,38,30.0,-8.0,True,59.52,5.65,delivered,True
fc7173fd-ccbe-4d06-8965-a23ea172f460,8d6e948c-d9ab-4fcb-9756-252f53ccd67b,DASHER_00451,2023-11-24 07:14:00,2023-11-24,2023-11-01,2023,7,Friday,38,37.0,-1.0,True,25.44,7.04,delivered,True
e75bcc4f-ebf7-4a2d-96fe-5cc651bbefd8,065fd299-f21d-4363-9f0e-7d66e7bfd7e0,DASHER_04645,2022-11-03 12:00:00,2022-11-03,2022-11-01,2022,12,Thursday,31,31.0,0.0,True,17.92,3.35,delivered,True
202a755c-6d03-4bf9-8336-f15eaab3f320,6932226a-19e1-4533-b76f-39bf0459534a,DASHER_02964,2023-04-30 17:14:00,2023-04-30,2023-04-01,2023,17,Sunday,28,30.0,2.0,True,18.21,4.35,delivered,True
901eeebf-0c1e-408d-869a-fe7638b25a7e,705f84f3-dfc4-4043-b406-50f554a7ef2e,DASHER_00226,2023-02-15 10:06:00,2023-02-15,2023-02-01,2023,10,Wednesday,21,,,,32.05,3.73,cancelled,True
e832afcb-62cd-4934-85b0-2ff2c7eb08c6,e296d202-f022-42b9-988d-360a619d8343,DASHER_00993,2024-02-12 16:02:00,2024-02-12,2024-02-01,2024,16,Monday,28,36.0,8.0,False,35.6,2.87,delivered,True
14e148de-51fa-4f72-abee-8c9c908b7e46,b7d5dc5c-a74e-4884-8a08-b588145a5695,DASHER_03032,2024-01-13 00:53:00,2024-01-13,2024-01-01,2024,0,Saturday,36,28.0,-8.0,True,38.03,6.01,delivered,True
7a3ecee5-197d-41cf-a042-47b1e1861543,fbcb63e8-74e6-403c-8d31-c537e01c863d,DASHER_04897,2023-08-18 14:47:00,2023-08-18,2023-08-01,2023,14,Friday,29,28.0,-1.0,True,37.15,1.14,delivered,True
ca0c2a43-cc70-4876-ba85-d58603ccd47a,d7ef7662-a859-44a0-b209-c2b4f7d820ac,DASHER_04947,2023-03-14 09:06:00,2023-03-14,2023-03-01,2023,9,Tuesday,29,36.0,7.0,False,53.24,6.89,delivered,True
4f0c2d24-8674-4efe-817b-d5f7d1b77a66,58859cfc-feae-425b-a0db-eddce39ea1cd,DASHER_04738,2022-08-18 21:49:00,2022-08-18,2022-08-01,2022,21,Thursday,35,28.0,-7.0,True,41.96,7.46,delivered,True
350016ca-ed6c-40c7-a26a-3c5b3e874cf1,b0208c23-6bb2-4f10-89bd-a40a8ca59d8f,DASHER_00771,2024-03-09 20:29:00,2024-03-09,2024-03-01,2024,20,Saturday,27,,,,44.78,5.62,cancelled,True
84d5cf41-33e5-4716-b228-d9127a95beee,4d0a0061-73a5-4e99-b6db-563c2074383d,DASHER_03481,2024-11-21 18:18:00,2024-11-21,2024-11-01,2024,18,Thursday,27,46.0,19.0,False,27.21,4.76,delivered,True
390491ca-1d53-4bd4-9ba8-9866532f4145,edf19b2a-4c60-445c-9f87-214b85a41e4b,DASHER_04552,2024-10-19 20:10:00,2024-10-19,2024-10-01,2024,20,Saturday,51,52.0,1.0,True,34.59,1.2,delivered,True
d82e190f-2c60-4b07-9aae-40840f46b0ec,96c2f2de-d822-4d6e-83dc-fb8df9a1e163,DASHER_00724,2023-04-11 14:43:00,2023-04-11,2023-04-01,2023,14,Tuesday,34,29.0,-5.0,True,38.89,2.76,delivered,True
4f9283bc-bf7f-47cc-8bcf-b25fd7a027ba,c013315b-5dbe-4159-85f6-96a0bf6d3a3f,DASHER_03586,2022-10-20 19:45:00,2022-10-20,2022-10-01,2022,19,Thursday,40,30.0,-10.0,True,41.07,1.44,delivered,True
fad2f830-e78a-49ad-83ff-a1b097d93a56,a926dae7-78fa-477c-b040-bc873b760dc8,DASHER_01189,2023-08-31 13:23:00,2023-08-31,2023-08-01,2023,13,Thursday,32,14.0,-18.0,True,58.24,5.39,delivered,True
92dff1d9-0a9c-4df3-93c3-b795f09a350c,c74b55b1-95cd-405f-9fdd-f4e39fb65311,DASHER_03479,2022-02-07 23:46:00,2022-02-07,2022-02-01,2022,23,Monday,29,24.0,-5.0,True,38.25,6.67,delivered,True
1fe51649-44aa-45ff-a49d-0d44838d48fd,6f9f97f5-e941-429a-83c7-42d0a9e59684,DASHER_00203,2022-10-12 18:13:00,2022-10-12,2022-10-01,2022,18,Wednesday,31,27.0,-4.0,True,31.95,4.95,delivered,True
2b07558a-4ee7-487a-b460-0aa5804f8e00,590aee83-b720-448e-b3f2-4a8570d03160,DASHER_02434,2022-11-23 11:03:00,2022-11-23,2022-11-01,2022,11,Wednesday,32,28.0,-4.0,True,20.49,2.38,delivered,True
d9ff3782-747c-401a-af79-ab28318808cb,0181e513-a7ee-4f98-8a4e-8ccbfeb1b0ad,DASHER_02973,2022-01-13 15:07:00,2022-01-13,2022-01-01,2022,15,Thursday,36,,,,29.82,2.18,cancelled,True
2aa20d91-8341-4ff1-8d4d-d873e05ef17b,3e11acff-1e98-4497-91eb-ebf47266d18c,DASHER_03687,2023-10-24 21:12:00,2023-10-24,2023-10-01,2023,21,Tuesday,33,29.0,-4.0,True,8.0,4.81,delivered,True
13b3021f-e37b-4a5b-ac1b-a0e0e8977d32,f89fa075-8584-4edf-b341-3b4c643e3476,DASHER_02026,2023-12-11 12:04:00,2023-12-11,2023-12-01,2023,12,Monday,47,,,,29.11,7.83,cancelled,True
c9b9aa44-6f65-4638-a026-517debb23a77,71ac5587-65ed-4077-98ec-776972e2fc59,DASHER_03650,2024-07-08 18:22:00,2024-07-08,2024-07-01,2024,18,Monday,35,26.0,-9.0,True,32.35,6.28,delivered,True
07ee2494-2c2e-4ed2-9f56-23ab1e157969,73dc46bb-192a-49fb-8db0-c087ba1bc291,DASHER_04449,2024-04-11 18:57:00,2024-04-11,2024-04-01,2024,18,Thursday,40,56.0,16.0,False,43.84,2.14,delivered,True
6252d362-b485-4cf7-9b26-1d18b5db03fc,bf114da7-fb63-4a3b-97f2-a5a5d9afd9d6,DASHER_03135,2024-05-16 19:22:00,2024-05-16,2024-05-01,2024,19,Thursday,31,33.0,2.0,True,25.87,3.85,delivered,True
c3b13b8b-9e2e-4350-967b-67ec8d8f4fcc,216689e2-4041-4899-a989-df3f73debd27,DASHER_00391,2024-09-09 13:29:00,2024-09-09,2024-09-01,2024,13,Monday,41,31.0,-10.0,True,23.74,4.88,delivered,True
cc246b1e-c678-4b94-9543-99ca52ed54d9,8c2f26c7-c38c-4952-a4a0-a41e067b51bc,DASHER_02030,2023-12-24 05:43:00,2023-12-24,2023-12-01,2023,5,Sunday,49,60.0,11.0,False,36.23,5.01,delivered,True
f0cc1792-6bc0-4182-9a97-21fefacc04d0,c5c78217-78a4-48ce-91ab-c3b14ec7a684,DASHER_03538,2022-11-14 13:56:00,2022-11-14,2022-11-01,2022,13,Monday,20,35.0,15.0,False,30.44,1.83,delivered,True
cf7d8735-647b-4cb0-9ad9-a1074b2ef37e,71d95d5b-32f4-4064-85cc-cb16e68650c4,DASHER_01254,2022-10-23 17:40:00,2022-10-23,2022-10-01,2022,17,Sunday,27,46.0,19.0,False,22.57,1.07,delivered,True
397fff8a-5f64-425b-ae5b-9dafed0f52ea,fc43590c-3a48-4750-a11b-f806ef228efa,DASHER_04623,2023-01-16 22:43:00,2023-01-16,2023-01-01,2023,22,Monday,41,51.0,10.0,False,14.77,1.81,delivered,True
1f03d412-e470-4f24-a6a9-59b784283597,fbb46272-9d5b-499d-85ff-0092e4afc244,DASHER_04342,2022-09-08 21:36:00,2022-09-08,2022-09-01,2022,21,Thursday,37,23.0,-14.0,True,45.41,6.39,delivered,True
056ee8d3-ef82-4ceb-b5a3-91a9fc9c9ea9,73dc46bb-192a-49fb-8db0-c087ba1bc291,DASHER_00122,2022-03-29 21:21:00,2022-03-29,2022-03-01,2022,21,Tuesday,23,33.0,10.0,False,65.99,6.13,delivered,True
b19700dd-7b07-4203-a297-a48adb386368,a34497c4-8dc7-4519-8104-0c8188fb47c5,DASHER_03528,2023-04-06 20:14:00,2023-04-06,2023-04-01,2023,20,Thursday,25,,,,17.61,3.8,cancelled,True
9af55b17-da17-431c-8c76-08f91a3e4b7b,786a7a3f-2749-431e-983b-fdef7724ffb9,DASHER_02690,2022-10-19 19:55:00,2022-10-19,2022-10-01,2022,19,Wednesday,28,50.0,22.0,False,40.45,1.08,delivered,True
6bb77b9e-e6e3-43ee-8f17-fc0f08fd4289,947d1fbf-4040-4e37-9228-884e2c9e3b4e,DASHER_02511,2024-09-29 21:37:00,2024-09-29,2024-09-01,2024,21,Sunday,24,28.0,4.0,True,14.89,1.16,delivered,True
a94a315b-dca7-46e2-baba-9d838a7d45aa,5107cead-4e26-4481-9b12-ab6082d54ef5,DASHER_03856,2024-06-12 18:07:00,2024-06-12,2024-06-01,2024,18,Wednesday,45,51.0,6.0,False,21.27,2.44,delivered,True
94e1f38a-df86-42c3-88f6-5c3045d44fc3,a7570bde-0e27-4006-a634-167889f3f26a,DASHER_03384,2023-09-18 10:49:00,2023-09-18,2023-09-01,2023,10,Monday,30,15.0,-15.0,True,8.0,5.19,delivered,True
c6e67cf9-3a4a-4b13-85a4-9a2edf9e8c31,4ce90dc4-21f7-4d01-a00c-7bc039719b7e,DASHER_03898,2024-08-03 18:36:00,2024-08-03,2024-08-01,2024,18,Saturday,35,21.0,-14.0,True,45.6,2.52,delivered,True
7a583a51-96d8-4983-873b-0354e7cc5ee6,c91f0492-e374-448f-9ff5-59ebeb42f7af,DASHER_00645,2023-06-26 22:31:00,2023-06-26,2023-06-01,2023,22,Monday,35,28.0,-7.0,True,8.0,3.28,delivered,True
60a55001-0b92-4bad-8fad-c7a89b264407,32cea1a5-5839-46e8-a7c5-a6b5400897cb,DASHER_01913,2024-04-10 20:43:00,2024-04-10,2024-04-01,2024,20,Wednesday,24,25.0,1.0,True,21.72,3.15,delivered,True
c3988884-d851-4e0e-8478-98fb042eb878,91f17179-ff9b-459d-a303-de02aa2c9bc2,DASHER_04153,2022-02-13 21:25:00,2022-02-13,2022-02-01,2022,21,Sunday,19,17.0,-2.0,True,8.0,4.82,delivered,True
47bfb683-7de8-4331-a6c4-838388b0fb54,9b3b98f1-ac7d-4c04-bc64-5bc1d8fda416,DASHER_00060,2024-06-02 03:22:00,2024-06-02,2024-06-01,2024,3,Sunday,40,46.0,6.0,False,8.92,2.11,delivered,True
5a71a0ee-0f42-4f8e-9c17-1cdd31cc231d,cc86ffe0-902e-4790-87df-41573291b731,DASHER_01761,2023-07-03 09:15:00,2023-07-03,2023-07-01,2023,9,Monday,29,32.0,3.0,True,10.47,1.46,delivered,True
1fa97fcd-0f6d-4c14-83bc-2de261302f37,f6a5829b-7783-4f62-87e9-8514484e1362,DASHER_03944,2022-06-04 17:16:00,2022-06-04,2022-06-01,2022,17,Saturday,37,38.0,1.0,True,34.05,6.0,delivered,True
c50126b8-a5c5-401a-8e9a-f31295d2c7ab,a5e885c6-6194-4ade-bd6c-69ea4457dd6b,DASHER_03778,2024-06-14 20:09:00,2024-06-14,2024-06-01,2024,20,Friday,32,34.0,2.0,True,8.0,1.17,delivered,True
5052c49a-8113-439d-ad08-d3c018a61d64,23dccc94-e205-4a82-9fc0-be188eec5808,DASHER_02556,2023-02-24 11:34:00,2023-02-24,2023-02-01,2023,11,Friday,46,25.0,-21.0,True,31.58,1.84,delivered,True
f910416a-7295-433f-831e-35b278f857cb,91601fc0-0928-4ba9-8394-d2e4afec332f,DASHER_01589,2023-10-25 22:50:00,2023-10-25,2023-10-01,2023,22,Wednesday,49,40.0,-9.0,True,34.76,3.76,delivered,True
c18a3dbd-4694-4bbc-9549-8c96392966a5,4ab75392-4df5-4319-9697-4e9dd70d7d87,DASHER_00113,2024-12-29 12:11:00,2024-12-29,2024-12-01,2024,12,Sunday,36,29.0,-7.0,True,34.64,4.81,delivered,True
6102c23a-1a31-45f3-bb85-727704569e96,734b7915-f4bd-4fb5-b71f-78b73b81fb9e,DASHER_02997,2024-12-06 21:17:00,2024-12-06,2024-12-01,2024,21,Friday,35,42.0,7.0,False,8.0,7.22,delivered,True
61daeda5-3197-4f39-a308-aeda960cb8fd,27eaab64-09e4-49d5-ad52-955fa9c037d3,DASHER_02167,2024-04-08 13:27:00,2024-04-08,2024-04-01,2024,13,Monday,37,51.0,14.0,False,29.63,7.27,delivered,True
2a7ab5be-84b6-4b51-853e-ee624a5d0627,16d9b46b-d42b-4f60-9316-f7cba9215ef5,DASHER_03294,2024-11-06 19:02:00,2024-11-06,2024-11-01,2024,19,Wednesday,35,18.0,-17.0,True,31.83,4.68,delivered,True
f7136b17-722a-4783-9037-5e66139c31e6,b298da43-3678-4e5c-b7cb-cfd1f21e8197,DASHER_04465,2022-12-16 15:29:00,2022-12-16,2022-12-01,2022,15,Friday,30,,,,50.63,4.19,cancelled,True
922b3340-ade6-4ea6-97a8-b025da3bb545,b3521046-c57d-4dae-95c2-e9144041ab52,DASHER_01556,2024-06-07 21:05:00,2024-06-07,2024-06-01,2024,21,Friday,34,41.0,7.0,False,20.84,2.05,delivered,True
5a193e02-0721-4ab0-acec-7e63f9b552ef,aa1121a3-be59-47f5-b669-73dd401b7500,DASHER_04297,2023-02-17 17:00:00,2023-02-17,2023-02-01,2023,17,Friday,36,36.0,0.0,True,30.14,6.5,delivered,True
115d6161-dde8-462e-8fad-f6ad639cedca,e52dc04d-cbc6-45b9-bdb9-7f43376f7cbe,DASHER_04756,2023-04-16 11:07:00,2023-04-16,2023-04-01,2023,11,Sunday,30,20.0,-10.0,True,35.29,4.92,delivered,True
daff2328-8f81-4415-9535-836dfbbcdea6,37d7f590-d95e-44f2-897a-98750153f803,DASHER_01077,2024-04-13 17:06:00,2024-04-13,2024-04-01,2024,17,Saturday,43,45.0,2.0,True,38.98,7.21,delivered,True
3c4f79aa-7ab3-4e7e-a6f5-8c0a48e2c64d,b4d80b34-a51a-4860-8263-f709dd6bd58b,DASHER_02829,2022-11-27 18:51:00,2022-11-27,2022-11-01,2022,18,Sunday,31,17.0,-14.0,True,46.15,2.29,delivered,True
dd799633-e3f0-4f28-a94c-ba64c06ecf1f,e48f894e-133e-460e-9ce6-d4a17a7f26a1,DASHER_03343,2024-10-28 17:02:00,2024-10-28,2024-10-01,2024,17,Monday,27,31.0,4.0,True,25.85,1.35,delivered,True
fc8f956b-4c07-410b-8d2c-ad0c940eec22,764fe58e-7af2-445f-b3be-68a8d8c39bcb,DASHER_03306,2023-05-04 10:19:00,2023-05-04,2023-05-01,2023,10,Thursday,46,54.0,8.0,False,46.38,3.16,delivered,True
4103a789-2019-46a2-9f85-819cc86ec964,d9dbed11-36ab-48ae-aa8e-6e7e69ec58d6,DASHER_00031,2022-01-30 16:26:00,2022-01-30,2022-01-01,2022,16,Sunday,35,50.0,15.0,False,16.68,3.36,delivered,True
c749ce0f-4887-4728-99f8-a3dd9eb15567,18674b04-e930-4893-8bc5-99447b17290a,DASHER_01993,2022-03-04 10:05:00,2022-03-04,2022-03-01,2022,10,Friday,26,33.0,7.0,False,8.53,5.2,delivered,True
b781ebd2-182c-41fc-bb10-6822d55807e0,c77a9eff-6cb6-40be-940f-fbcde486ad4e,DASHER_01271,2023-11-05 21:36:00,2023-11-05,2023-11-01,2023,21,Sunday,38,41.0,3.0,True,53.37,7.75,delivered,True
183d4ef9-9bbe-4374-acfa-81f71f20fede,4137093d-5da6-4fd0-a3a8-95258d6a3b72,DASHER_02047,2023-01-12 20:41:00,2023-01-12,2023-01-01,2023,20,Thursday,38,37.0,-1.0,True,19.14,6.41,delivered,True
f34abb58-baca-4ad8-848e-96d62487ac7d,3c7b46c0-5b76-4f1b-8e0d-eea2a8dbe533,DASHER_02461,2024-11-23 19:15:00,2024-11-23,2024-11-01,2024,19,Saturday,31,50.0,19.0,False,19.93,6.69,delivered,True
fa2bec9f-737f-472e-9287-a2efb3201dbb,8c0e0dbc-73b6-4b90-8c72-cbaab8192c55,DASHER_01304,2024-04-28 07:43:00,2024-04-28,2024-04-01,2024,7,Sunday,42,48.0,6.0,False,29.08,5.86,delivered,True
10ae50ca-b473-40f7-9653-eabb66d7bb09,426ad328-4250-42d0-97c8-8e6de697fe0d,DASHER_02268,2024-10-17 17:04:00,2024-10-17,2024-10-01,2024,17,Thursday,37,33.0,-4.0,True,17.54,5.92,delivered,True
efab3301-d2a6-4887-8ef6-ca7d78d915e3,761c8834-a68b-4234-848d-435ac19b1e50,DASHER_01298,2022-06-08 21:35:00,2022-06-08,2022-06-01,2022,21,Wednesday,35,35.0,0.0,True,47.25,6.29,delivered,True
359170c0-7b71-4632-8d6b-21bc1c989c50,e146995b-fa5c-4338-b38c-43cf9ea70e2b,DASHER_03675,2022-09-20 11:28:00,2022-09-20,2022-09-01,2022,11,Tuesday,37,34.0,-3.0,True,41.05,4.8,delivered,True
253b7925-13ac-4fcb-a0d6-db901967b03a,f4b54708-3355-473d-9155-a4c44884c383,DASHER_03761,2024-05-21 19:30:00,2024-05-21,2024-05-01,2024,19,Tuesday,47,38.0,-9.0,True,31.83,3.9,delivered,True
889758d8-eba6-440b-8483-1ff28617bc1c,87c0b411-61a9-4921-ace6-94942ade1247,DASHER_04565,2023-01-21 18:41:00,2023-01-21,2023-01-01,2023,18,Saturday,34,28.0,-6.0,True,8.72,4.97,delivered,True
cb6d89e4-515c-41a8-bad6-8742879fbf0e,b81bc656-ce56-4894-a2f3-c4cff32c84da,DASHER_02056,2022-04-11 15:49:00,2022-04-11,2022-04-01,2022,15,Monday,31,31.0,0.0,True,8.0,3.9,delivered,True
4fcbfa56-a8e9-44cc-ba7f-a0c84c6103e1,38db347e-505b-4422-ba14-abc891fe9f5d,DASHER_04154,2023-05-15 19:30:00,2023-05-15,2023-05-01,2023,19,Monday,19,18.0,-1.0,True,8.0,2.9,delivered,True
e34ed6d3-0b3a-48bf-bf56-12a4e7c6df35,707ea155-8c27-4895-887f-cc2a373d80ab,DASHER_01131,2023-03-30 13:28:00,2023-03-30,2023-03-01,2023,13,Thursday,25,26.0,1.0,True,23.92,3.36,delivered,True
3fa38e8f-89c5-4154-a21d-4acfa720232d,e7352eaa-c694-44a5-a670-e944f17914f0,DASHER_01571,2023-04-24 14:34:00,2023-04-24,2023-04-01,2023,14,Monday,29,56.0,27.0,False,22.67,4.07,delivered,True
75a6d5fd-6da5-4493-834e-880e73b7c0bb,6b4608d5-3dcb-4ea8-bafa-31268435c79a,DASHER_00307,2023-10-02 17:36:00,2023-10-02,2023-10-01,2023,17,Monday,39,35.0,-4.0,True,26.13,3.26,delivered,True
217314fd-28fe-448a-a38d-c0040fa619f0,6d8e5a88-891a-4930-af83-e6a2bb5e3aae,DASHER_04235,2023-01-09 13:54:00,2023-01-09,2023-01-01,2023,13,Monday,41,28.0,-13.0,True,42.18,2.2,delivered,True
754005c8-cbbc-44b4-b351-4d9b03721714,6153cd4a-1c53-4bf8-8ca6-d7f2d5096151,DASHER_00888,2023-11-13 20:37:00,2023-11-13,2023-11-01,2023,20,Monday,18,10.0,-9.0,True,22.08,4.06,delivered,True
7320ae92-d863-427b-bc05-76dab2318c0e,8b8f0d21-e43f-4f07-ad76-25d9ced2704a,DASHER_00253,2024-04-21 10:10:00,2024-04-21,2024-04-01,2024,10,Sunday,15,15.0,0.0,True,27.93,3.12,delivered,True
a16c59ca-de7c-4665-b215-f3c7d69c093d,ba73423f-e438-4ea2-aa79-26a9b76e2a27,DASHER_00078,2024-10-02 11:40:00,2024-10-02,2024-10-01,2024,11,Wednesday,41,54.0,13.0,False,13.99,3.22,delivered,True
8428d87b-e366-452a-a79a-f1f15ff4b91a,ea297aba-e0df-4f34-b9ca-66bc775e088d,DASHER_00025,2022-09-04 01:26:00,2022-09-04,2022-09-01,2022,1,Sunday,34,34.0,0.0,True,21.65,7.06,delivered,True
3c5ca000-e93b-42a7-a38e-ddccba861763,a5dc9144-4605-4d6e-90b6-450da3437d16,DASHER_00264,2024-10-25 10:50:00,2024-10-25,2024-10-01,2024,10,Friday,35,39.0,4.0,True,36.98,3.56,delivered,True
50897951-fe29-4563-af39-c332ef66e4d9,89683983-57fe-4ad7-9984-d0a8555ae1dc,DASHER_02985,2023-08-19 09:57:00,2023-08-19,2023-08-01,2023,9,Saturday,42,66.0,24.0,False,36.83,3.54,delivered,True
ab079ff2-0f3a-49db-b8ca-84fd57e6d24d,e61d2fab-902b-42a0-959b-47d3b1490827,DASHER_04058,2024-08-30 12:24:00,2024-08-30,2024-08-01,2024,12,Friday,36,42.0,6.0,False,16.34,6.48,delivered,True
5919cf1e-c18c-4a16-a2d3-601e848322ce,ac1068c0-1db2-4a25-9f08-90c6f0bd239f,DASHER_02325,2024-03-18 05:56:00,2024-03-18,2024-03-01,2024,5,Monday,23,18.0,-5.0,True,39.62,1.8,delivered,True
d88226ff-f0da-4b4b-bafe-c4126e3c7386,ca29c0aa-a384-421d-9bb9-dd5ed6e8d119,DASHER_00547,2024-04-08 00:01:00,2024-04-08,2024-04-01,2024,0,Monday,34,10.0,-27.0,True,23.23,1.55,delivered,True
d2e895d3-4253-4fe3-ae55-72ec240d4711,508a35ea-0eec-49bf-b7fb-edad8d657a19,DASHER_04921,2024-02-15 14:51:00,2024-02-15,2024-02-01,2024,14,Thursday,30,27.0,-3.0,True,16.8,4.23,delivered,True
e82f21f3-213e-4bdc-8cd1-ac158236ecc0,4dd5547c-30c1-4cc1-85ea-05c451cf885c,DASHER_03170,2022-07-07 17:18:00,2022-07-07,2022-07-01,2022,17,Thursday,38,57.0,19.0,False,55.81,3.29,delivered,True
9d051a36-06b1-482c-862a-95691716935d,be516685-883e-457d-a84e-6d3b0bebeaba,DASHER_02198,2023-11-12 21:23:00,2023-11-12,2023-11-01,2023,21,Sunday,18,17.0,-1.0,True,54.73,6.41,delivered,True
c509cca1-5849-4565-95f8-35ce70dab218,fd2f7669-544e-4b1a-9812-5448e1800cc1,DASHER_02541,2023-01-05 14:23:00,2023-01-05,2023-01-01,2023,14,Thursday,40,62.0,22.0,False,12.93,4.04,delivered,True
9bdc5025-2c98-4e80-9630-b81301ab196c,fd2f7669-544e-4b1a-9812-5448e1800cc1,DASHER_00944,2024-03-30 13:03:00,2024-03-30,2024-03-01,2024,13,Saturday,28,10.0,-20.0,True,20.93,4.59,delivered,True
f72ede99-3efc-4295-ae05-832424db73b5,37628110-53d8-4bc8-a9d6-91fdfbdab9b3,DASHER_01827,2023-10-18 17:02:00,2023-10-18,2023-10-01,2023,17,Wednesday,33,,,,45.45,2.81,cancelled,True
2b201600-930e-40e3-9038-e140cf1ada3e,5f0698fb-7625-4154-b7f8-f7528fb1e924,DASHER_03687,2022-08-04 08:47:00,2022-08-04,2022-08-01,2022,8,Thursday,31,11.0,-20.0,True,49.32,5.28,delivered,True
bfd62d03-660e-4dde-9357-d756c98c70dd,1c6668cf-2035-4c38-944e-5456123ad708,DASHER_02385,2022-12-04 09:47:00,2022-12-04,2022-12-01,2022,9,Sunday,39,,,,18.61,1.48,cancelled,True
1ba2e06c-dee7-4106-b394-8cc9aecabcb1,8c0e0dbc-73b6-4b90-8c72-cbaab8192c55,DASHER_03600,2022-12-01 07:12:00,2022-12-01,2022-12-01,2022,7,Thursday,53,50.0,-3.0,True,57.36,5.24,delivered,True
9d4a3bed-3390-428b-a9c3-c04cb1196571,7142f49b-5dfd-4be3-8976-ebb50305a91e,DASHER_04563,2022-03-04 22:30:00,2022-03-04,2022-03-01,2022,22,Friday,38,49.0,11.0,False,8.0,1.39,delivered,True
26511073-981e-4a17-8015-b0b5b42eeef6,e7352eaa-c694-44a5-a670-e944f17914f0,DASHER_00603,2023-03-06 22:22:00,2023-03-06,2023-03-01,2023,22,Monday,36,23.0,-13.0,True,34.53,5.52,delivered,True
505de39c-45f0-4003-b3ec-c0946c90624d,e454eb97-b31b-4f23-9ebd-05ac8cb94671,DASHER_03958,2024-01-29 07:50:00,2024-01-29,2024-01-01,2024,7,Monday,38,39.0,1.0,True,77.23,5.23,delivered,True
e3b5d82a-0357-423f-9783-0b4076439e92,6d8e5a88-891a-4930-af83-e6a2bb5e3aae,DASHER_01786,2023-02-18 20:46:00,2023-02-18,2023-02-01,2023,20,Saturday,27,36.0,9.0,False,24.97,4.27,delivered,True
b059231f-38b6-49b8-8a3c-5f575ef774da,6f496bd3-c18b-494e-a328-d82855e1e291,DASHER_00246,2024-05-13 16:21:00,2024-05-13,2024-05-01,2024,16,Monday,36,21.0,-15.0,True,35.19,2.84,delivered,True
9e367955-31f6-4fab-acab-74e13473f33c,847ee13a-4d07-4e3d-8cec-ad07fcb3cc87,DASHER_01666,2022-02-18 22:34:00,2022-02-18,2022-02-01,2022,22,Friday,29,23.0,-6.0,True,8.0,4.91,delivered,True
bc8cc850-a74e-4c44-9ff9-7b11807a6938,57185a76-61dc-4ef9-9926-680ca0ca9b49,DASHER_01929,2024-12-18 08:53:00,2024-12-18,2024-12-01,2024,8,Wednesday,28,22.0,-6.0,True,21.77,2.88,delivered,True
7e5357e5-516c-45cf-94e5-18400b438268,f7e16e60-ffdf-49b7-b317-124a64caa172,DASHER_04254,2024-12-02 15:32:00,2024-12-02,2024-12-01,2024,15,Monday,27,15.0,-12.0,True,16.4,6.35,delivered,True
e48d0770-92db-472e-89f4-934eb4ec9f9b,b1459b3d-b2fe-422c-bbf6-96852963053d,DASHER_01960,2024-11-27 15:36:00,2024-11-27,2024-11-01,2024,15,Wednesday,55,37.0,-18.0,True,26.63,6.06,delivered,True
35504d33-59bf-4d73-aa92-1832601b3623,e97dfcba-e1e2-4032-9bf7-65cd60ed4f98,DASHER_03752,2023-08-08 18:43:00,2023-08-08,2023-08-01,2023,18,Tuesday,36,35.0,-1.0,True,40.7,1.36,delivered,True
4f4b7794-755a-4e3c-8719-6d0c9050d114,ce0b1f70-0bb1-4c18-9dc2-b5439ef60c1a,DASHER_00498,2022-10-10 13:17:00,2022-10-10,2022-10-01,2022,13,Monday,32,37.0,5.0,True,19.31,6.78,delivered,True
ee963d1c-e8ce-4d2d-8b74-92eddd0b534c,f9e82551-de34-4683-bb68-bb5ca02f460b,DASHER_02012,2022-12-01 17:17:00,2022-12-01,2022-12-01,2022,17,Thursday,31,41.0,10.0,False,19.18,5.27,delivered,True
4a0c1bb2-0087-41f2-9bd7-58e4a66be902,30e775f8-8f19-46a4-8e36-914e5643e99c,DASHER_00253,2023-06-02 14:00:00,2023-06-02,2023-06-01,2023,14,Friday,35,50.0,15.0,False,30.6,7.64,delivered,True
95f8f0e0-d322-4ad8-99c2-bb975b8a6a8e,0beb9c08-4c03-41cf-adbe-3940b0f89ced,DASHER_03760,2022-08-24 19:01:00,2022-08-24,2022-08-01,2022,19,Wednesday,43,27.0,-16.0,True,20.56,0.99,delivered,True
cb13ed51-5125-4dd3-b742-02ce18828e8b,d71d0f5f-bf20-4886-ac18-62db004062bf,DASHER_04920,2024-08-19 13:06:00,2024-08-19,2024-08-01,2024,13,Monday,39,55.0,16.0,False,8.0,3.75,delivered,True
4464419a-0184-4749-bf03-f035d4ae6311,1f073c53-ef32-4629-b0b7-ef431ef2e441,DASHER_03231,2024-07-14 21:59:00,2024-07-14,2024-07-01,2024,21,Sunday,18,55.0,37.0,False,27.49,6.69,delivered,True
da23ade3-c913-4d11-af66-39b38346c514,9cc8add9-ff58-4679-85c2-22952f6415c3,DASHER_03329,2022-07-08 20:30:00,2022-07-08,2022-07-01,2022,20,Friday,35,31.0,-4.0,True,25.61,6.95,delivered,True
a06bfcdd-e4fd-4f17-a30b-e1ca0304cba8,656e2e08-057d-4130-90cd-992bda818642,DASHER_04375,2024-04-22 06:57:00,2024-04-22,2024-04-01,2024,6,Monday,22,22.0,0.0,True,39.18,1.83,delivered,True
55220f51-c337-4558-babd-7343b6746c2a,ac9944ad-382b-4167-9491-21e4402a2066,DASHER_04224,2022-01-22 22:09:00,2022-01-22,2022-01-01,2022,22,Saturday,34,22.0,-12.0,True,25.4,2.76,delivered,True
d8a56646-3b0d-4ee3-9369-2def2d76b0f5,315260a5-49d2-41c6-b125-d658ad716bc0,DASHER_01843,2024-03-23 13:52:00,2024-03-23,2024-03-01,2024,13,Saturday,35,,,,45.57,3.75,cancelled,True
d4e83e4a-f9d8-48b3-bd65-59da8c067dcf,9a18ac84-52b3-4ae4-9500-57c38fe36031,DASHER_02353,2023-07-05 22:51:00,2023-07-05,2023-07-01,2023,22,Wednesday,35,44.0,9.0,False,34.24,4.25,delivered,True
69c18838-33e3-4806-aab8-04d44c9648a4,df259635-07dd-4d4b-9915-798e9be92e7d,DASHER_04350,2022-12-15 04:34:00,2022-12-15,2022-12-01,2022,4,Thursday,37,24.0,-13.0,True,8.0,5.3,delivered,True
148c608d-e557-40d6-8343-f083e2cba742,b9e6336b-3237-4308-849b-dd709625434a,DASHER_01334,2023-06-06 22:10:00,2023-06-06,2023-06-01,2023,22,Tuesday,17,12.0,-5.0,True,34.71,7.0,delivered,True
7d10ca11-741b-4ea8-a2e7-ce46fdb92229,4375f874-a3f9-45ec-bd2f-437a10d47948,DASHER_00323,2023-10-21 02:40:00,2023-10-21,2023-10-01,2023,2,Saturday,28,20.0,-8.0,True,42.96,1.26,delivered,True
fd55f27c-dff2-4fc3-8ce1-231ab6921e3d,df38fb94-890b-4bcc-9527-d4a36b3b03b2,DASHER_02461,2022-06-13 18:56:00,2022-06-13,2022-06-01,2022,18,Monday,35,40.0,5.0,True,40.41,7.66,delivered,True
cf44ef91-152f-4f1c-950c-88ef60a2bbc3,cdb01ba2-c25b-46e3-a648-5cb901536f9f,DASHER_03466,2023-10-04 18:20:00,2023-10-04,2023-10-01,2023,18,Wednesday,35,26.0,-9.0,True,27.46,4.61,delivered,True
581fcceb-0b8d-4947-8a88-e951e71b6fa3,0396b29f-8f79-480c-895f-d0894b73af95,DASHER_04674,2022-07-10 19:11:00,2022-07-10,2022-07-01,2022,19,Sunday,20,22.0,2.0,True,28.05,2.68,delivered,True
fa60aad9-e8fc-43a4-886f-29a4522977b0,be8b0ae4-f295-4ebb-ac32-9f74fa2c6ae7,DASHER_00767,2023-05-05 20:27:00,2023-05-05,2023-05-01,2023,20,Friday,29,44.0,15.0,False,20.7,4.85,delivered,True
ff1e9b9e-2c28-46f2-a4c7-817bbb8af3c8,23e5d016-3dbf-4d65-bec4-a3bb2220a349,DASHER_01435,2023-06-10 20:28:00,2023-06-10,2023-06-01,2023,20,Saturday,28,35.0,7.0,False,49.99,7.39,delivered,True
19ca011a-a4ac-434e-a01c-f176da4aba6e,2ea09749-aaf2-4489-a19b-2842c91bfcab,DASHER_00516,2024-01-16 05:26:00,2024-01-16,2024-01-01,2024,5,Tuesday,24,24.0,0.0,True,30.96,5.44,delivered,True
01c2024e-20ae-4835-9dcf-fb5ff3ad6c81,6da36bd5-3842-4eda-9fd8-32199f19b9e0,DASHER_02094,2024-09-24 21:42:00,2024-09-24,2024-09-01,2024,21,Tuesday,38,49.0,11.0,False,17.98,5.9,delivered,True
8572cfde-e2d5-4f1b-a705-23b6d800e11e,341b9622-9db1-439a-9fa4-c7e6b5b1ab25,DASHER_04437,2024-01-12 11:47:00,2024-01-12,2024-01-01,2024,11,Friday,28,48.0,20.0,False,39.27,2.95,delivered,True
7e05cfa6-5f74-4c91-b866-30dc511a3660,354ce2aa-2473-4e64-aa74-e05faf579b75,DASHER_04931,2024-04-22 15:11:00,2024-04-22,2024-04-01,2024,15,Monday,28,32.0,4.0,True,52.04,5.31,delivered,True
5f36297c-889b-460b-a3e5-8d7fca849ed1,6da36bd5-3842-4eda-9fd8-32199f19b9e0,DASHER_02782,2024-11-10 21:07:00,2024-11-10,2024-11-01,2024,21,Sunday,30,44.0,14.0,False,14.36,7.13,delivered,True
f8e74102-f8f0-4a85-b113-6e99f0149194,dd0f799b-5a70-4977-aca2-8ae9e78e2d2f,DASHER_04365,2023-06-21 20:21:00,2023-06-21,2023-06-01,2023,20,Wednesday,20,10.0,-22.0,True,20.78,6.23,delivered,True
53f9b7a8-8ad3-459c-b042-f64761aa8b2b,aa519685-21e4-41ae-a6d6-612cbf683b76,DASHER_02324,2022-01-05 16:32:00,2022-01-05,2022-01-01,2022,16,Wednesday,27,44.0,17.0,False,41.33,7.77,delivered,True
a8d41ce2-fddc-4ba3-9232-24411fadec73,ca6eba6e-1732-47e7-8fb8-05312b9bcabd,DASHER_03794,2024-07-20 20:54:00,2024-07-20,2024-07-01,2024,20,Saturday,46,54.0,8.0,False,18.78,4.51,delivered,True
d6d7b4a2-074c-4050-9813-3788d671db48,f39ee359-15d3-4ef1-a197-01c1f7351a43,DASHER_00424,2023-10-12 01:44:00,2023-10-12,2023-10-01,2023,1,Thursday,25,42.0,17.0,False,8.0,6.3,delivered,True
923bb41f-1d01-45f2-b8d3-f1ccca5d0dcc,507ee648-1869-4188-ab66-947ca2263c4d,DASHER_00189,2023-10-08 20:26:00,2023-10-08,2023-10-01,2023,20,Sunday,34,30.0,-4.0,True,17.15,1.75,delivered,True
4396401f-d56f-43b8-aba6-086b52b305ed,3b4af736-861d-4b49-9d92-10e75a3a23bf,DASHER_00008,2023-12-16 20:29:00,2023-12-16,2023-12-01,2023,20,Saturday,25,27.0,2.0,True,44.33,2.61,delivered,True
7f9e9953-a526-48eb-bbb4-4a8d902e5c97,f72451b0-7e50-43a4-a62e-845adcce8dd1,DASHER_02223,2023-10-09 17:24:00,2023-10-09,2023-10-01,2023,17,Monday,27,56.0,29.0,False,48.19,4.82,delivered,True
93e64d73-82ca-4b98-8090-c0549b0f04dc,2ce46e86-6c14-4f63-8243-80679d286b48,DASHER_01726,2023-10-19 11:01:00,2023-10-19,2023-10-01,2023,11,Thursday,26,59.0,33.0,False,45.54,1.74,delivered,True
e08206d7-c255-4f15-8c51-00bb932cb88d,c3d23fe5-7ef2-4c87-97c4-9a849ac6426f,DASHER_02803,2023-12-28 22:03:00,2023-12-28,2023-12-01,2023,22,Thursday,44,40.0,-4.0,True,20.58,6.93,delivered,True
bb881e0c-0635-4f7d-a4f1-27d44e4e8387,2f817f00-6f17-4007-9a83-6f408dde3733,DASHER_01303,2023-05-07 20:40:00,2023-05-07,2023-05-01,2023,20,Sunday,25,23.0,-2.0,True,8.0,7.15,delivered,True
2de7abf0-b359-42a6-b782-57e03e22876d,e1ee35a0-27e8-4cd8-88e2-38d62eac2577,DASHER_03134,2022-10-19 02:21:00,2022-10-19,2022-10-01,2022,2,Wednesday,29,11.0,-18.0,True,41.68,3.1,delivered,True
b8c27ece-5858-4dee-8213-052858d86e3a,31d620a6-37a6-4e0e-bcaf-ed3549d302d1,DASHER_01879,2024-10-16 13:50:00,2024-10-16,2024-10-01,2024,13,Wednesday,19,10.0,-15.0,True,56.66,5.15,delivered,True
7ec3cd5e-cccc-424d-8a99-7bc0a31bb1a4,793f5872-537f-4f46-b964-ffe94fb8e587,DASHER_04165,2023-08-16 10:01:00,2023-08-16,2023-08-01,2023,10,Wednesday,28,23.0,-5.0,True,18.65,4.07,delivered,True
fb769dad-f804-4ee9-9e6a-bcc4e8c40d81,bd8db82f-677c-4239-a1b1-3de21c68849f,DASHER_03950,2023-01-18 20:33:00,2023-01-18,2023-01-01,2023,20,Wednesday,41,42.0,1.0,True,27.54,2.25,delivered,True
6d8e335a-d967-43d3-9dbe-c75a55c26387,e89c952e-f53a-4a95-8d06-81a38fcefb4a,DASHER_04935,2024-11-09 10:28:00,2024-11-09,2024-11-01,2024,10,Saturday,33,33.0,0.0,True,8.0,5.41,delivered,True
6ff68c35-c009-49fe-8068-d7b079987719,4ed6a0c8-c53c-4d87-a2af-4d03ad82e15f,DASHER_02394,2024-12-06 12:48:00,2024-12-06,2024-12-01,2024,12,Friday,29,,,,8.0,3.38,cancelled,True
f1170a0d-e176-493c-b6ea-57897bd89408,1746c880-a4f4-4822-a3ca-ef8c39d44f9c,DASHER_01713,2024-05-09 09:20:00,2024-05-09,2024-05-01,2024,9,Thursday,31,21.0,-10.0,True,42.42,7.57,delivered,True
39cfa54e-ebb2-4bef-a4a6-d41548605f65,1563e5fc-342a-4b9b-b43d-1a6dafe192ec,DASHER_00261,2024-11-05 15:33:00,2024-11-05,2024-11-01,2024,15,Tuesday,30,20.0,-10.0,True,32.47,5.64,delivered,True
cee6e8c8-2da6-4887-97d2-b629d8e9c293,00739be5-dea4-456e-bc21-eb5f1750ede5,DASHER_04795,2022-03-12 16:56:00,2022-03-12,2022-03-01,2022,16,Saturday,52,49.0,-3.0,True,55.06,7.86,delivered,True
eb0d99c6-c18a-4437-ab34-86ebba5da480,0beb9c08-4c03-41cf-adbe-3940b0f89ced,DASHER_04054,2023-03-03 18:40:00,2023-03-03,2023-03-01,2023,18,Friday,26,19.0,-7.0,True,35.4,2.32,delivered,True
d9e54c6e-21f8-4c5b-ad9a-a40fdea3b17e,cdb372b5-0ba0-4a01-a8d6-36fc3b6192d3,DASHER_00106,2022-12-10 04:19:00,2022-12-10,2022-12-01,2022,4,Saturday,30,24.0,-6.0,True,23.95,1.7,delivered,True
c8bc3d0a-0c36-489c-81ba-7479c361e07d,15f7afdd-2f0b-4288-bc53-243e0228720b,DASHER_01481,2024-09-17 07:34:00,2024-09-17,2024-09-01,2024,7,Tuesday,29,,,,8.07,1.4,cancelled,True
bda102a4-6473-412c-8129-fac9debafd3e,0333c093-7f7f-48ce-9493-bec321aebd3a,DASHER_03234,2023-02-06 20:31:00,2023-02-06,2023-02-01,2023,20,Monday,44,36.0,-8.0,True,12.93,7.48,delivered,True
5cf7f1d1-a00c-4679-806c-e1e9099a5c5c,99b19f1e-2ade-40da-ba17-f273c3d1e7ad,DASHER_03960,2024-06-06 07:40:00,2024-06-06,2024-06-01,2024,7,Thursday,27,28.0,1.0,True,13.74,1.45,delivered,True
53e5cd7d-65f9-4a06-8ce5-e04b793f2ec8,bc7c8cc1-16c8-4107-8592-9a3febdf041b,DASHER_01107,2022-03-01 16:36:00,2022-03-01,2022-03-01,2022,16,Tuesday,35,42.0,7.0,False,51.95,4.8,delivered,True
ab77d672-8585-4a8f-bd6b-2cd9be8e65e6,e5f87447-42f7-4a39-9ffd-f9f7857fb524,DASHER_00616,2022-08-06 22:57:00,2022-08-06,2022-08-01,2022,22,Saturday,34,,,,13.17,6.15,cancelled,True
0da5a1b7-cf61-4280-aac5-123fb215018a,0fb40207-a866-49d4-95e5-d4664388bad0,DASHER_00382,2022-06-13 18:33:00,2022-06-13,2022-06-01,2022,18,Monday,35,40.0,5.0,True,63.25,3.06,delivered,True
2250f295-74d2-4a12-b3b8-ebc4b04bacd5,bd5ea23d-80cc-4497-98bf-581030b1e403,DASHER_00198,2024-02-24 21:45:00,2024-02-24,2024-02-01,2024,21,Saturday,42,,,,18.77,6.61,cancelled,True
527c3ea7-3371-4faf-a41b-35c355767380,a49528a7-612d-4dee-abde-5874cf249631,DASHER_02463,2022-10-31 17:42:00,2022-10-31,2022-10-01,2022,17,Monday,35,47.0,12.0,False,10.36,7.89,delivered,True
4a590275-198e-4f20-82ab-c269663ab492,449d68de-88a7-4abc-876b-a46f7461213f,DASHER_01940,2024-08-29 08:24:00,2024-08-29,2024-08-01,2024,8,Thursday,43,54.0,11.0,False,32.98,4.43,delivered,True
43362fab-48f5-4189-b93b-73b2cc8bbbee,cfb3799f-40de-4fae-b552-2317fccc6644,DASHER_00322,2024-07-17 17:56:00,2024-07-17,2024-07-01,2024,17,Wednesday,32,29.0,-3.0,True,36.76,5.25,delivered,True
609e08ab-fdd8-4f47-bbd6-9971edb3b656,6822d6f3-d1a8-4a5d-afd8-c1d43a5890cd,DASHER_00857,2024-10-28 19:30:00,2024-10-28,2024-10-01,2024,19,Monday,36,16.0,-20.0,True,8.0,5.58,delivered,True
0f2a2754-bed1-468f-9bff-a9ef2c592a68,27eaab64-09e4-49d5-ad52-955fa9c037d3,DASHER_03510,2024-07-23 06:22:00,2024-07-23,2024-07-01,2024,6,Tuesday,35,26.0,-9.0,True,27.35,3.58,delivered,True
344a0867-c59b-4e03-87da-1ed67dbe496a,31c79f9f-ad25-4819-81b4-557ccb7128bc,DASHER_03777,2024-01-17 15:01:00,2024-01-17,2024-01-01,2024,15,Wednesday,25,41.0,16.0,False,10.73,7.08,delivered,True
42fd5b7f-6512-45c7-aaa8-0932077afb1d,03143fc7-44e4-4210-b9ae-52bfe495dab4,DASHER_00680,2023-10-18 18:48:00,2023-10-18,2023-10-01,2023,18,Wednesday,34,25.0,-9.0,True,30.04,5.07,delivered,True
f4ebfe1b-29e3-43fc-a505-ff5a964c3c12,67aa8ed2-729f-43e6-852f-373057cc75a6,DASHER_01329,2023-03-22 20:30:00,2023-03-22,2023-03-01,2023,20,Wednesday,33,19.0,-14.0,True,25.08,2.51,delivered,True
219b0708-2cc4-42cf-9d60-7c7d12e3350c,6da36bd5-3842-4eda-9fd8-32199f19b9e0,DASHER_00203,2022-03-30 17:18:00,2022-03-30,2022-03-01,2022,17,Wednesday,32,39.0,7.0,False,26.11,2.21,delivered,True
f0799f8c-8061-4c77-88c2-899290f854fd,aaaabe5d-d443-401a-81df-9ceac1fc0d66,DASHER_02765,2024-08-06 21:00:00,2024-08-06,2024-08-01,2024,21,Tuesday,49,60.0,11.0,False,30.7,2.82,delivered,True
84ebf153-6c96-46e3-a692-330bf209241e,6c488b5a-1b56-4287-9841-6d102265b707,DASHER_00732,2023-12-13 10:45:00,2023-12-13,2023-12-01,2023,10,Wednesday,36,24.0,-12.0,True,38.29,1.97,delivered,True
b4e5f85e-9c76-464c-b7aa-9e882fe9c215,c6723b61-5117-41cb-b323-781566595b93,DASHER_01576,2022-06-15 07:54:00,2022-06-15,2022-06-01,2022,7,Wednesday,33,42.0,9.0,False,8.0,6.89,delivered,True
0f6a76b3-b534-43c6-8d49-e6737ac4a9ff,7d570e44-dda3-4310-b911-faff3ced5290,DASHER_01844,2023-12-16 16:05:00,2023-12-16,2023-12-01,2023,16,Saturday,15,19.0,4.0,True,16.59,4.8,delivered,True
8aea84bb-6921-439a-924a-24c855b4871f,210860b5-6a0a-428e-99b3-ecb3257024ba,DASHER_00106,2022-04-19 20:47:00,2022-04-19,2022-04-01,2022,20,Tuesday,20,33.0,13.0,False,19.12,4.74,delivered,True
1e4f6bc4-f6c8-41f1-9ccb-4a92321fece4,48912f94-667c-4dbc-a3b4-2a97aa167459,DASHER_00169,2024-11-21 19:56:00,2024-11-21,2024-11-01,2024,19,Thursday,33,28.0,-5.0,True,20.93,2.61,delivered,True
2e8ec97e-f900-4772-b773-cfb72c63c4fc,099ce46c-3d6d-4e29-a8ad-7c61e3897eda,DASHER_00818,2024-03-25 23:43:00,2024-03-25,2024-03-01,2024,23,Monday,46,52.0,6.0,False,13.76,1.92,delivered,True
44c5ea07-f0c8-4804-b02d-8f167de889f2,a597a194-2c7a-44a4-8921-b87186ee62e6,DASHER_03718,2022-08-08 19:33:00,2022-08-08,2022-08-01,2022,19,Monday,43,52.0,9.0,False,60.71,7.81,delivered,True
5bf72d3a-fc4a-4e64-8197-d6cc84c296db,91db77b1-0bab-456d-a759-f24b7da60d83,DASHER_03699,2024-01-23 08:21:00,2024-01-23,2024-01-01,2024,8,Tuesday,34,41.0,7.0,False,41.26,1.79,delivered,True
3f7e3652-d759-4fe6-b7aa-eb6501656571,c7df6bcc-3ca0-4018-a526-e6b811b36fe5,DASHER_02245,2022-01-26 15:00:00,2022-01-26,2022-01-01,2022,15,Wednesday,44,39.0,-5.0,True,8.0,3.14,delivered,True
3d3e9112-0198-45b8-b350-ee605d00ca99,49b12efa-709b-4020-bc9b-4a0716ced325,DASHER_04663,2023-08-19 16:15:00,2023-08-19,2023-08-01,2023,16,Saturday,41,32.0,-9.0,True,45.09,3.34,delivered,True
da0a73e5-8116-4690-813a-4080579825da,3f820d2f-139b-4869-a2d9-a07bed469698,DASHER_04410,2024-08-13 12:11:00,2024-08-13,2024-08-01,2024,12,Tuesday,31,39.0,8.0,False,11.61,5.85,delivered,True
701c7bb0-8d22-461d-822e-be64c3565f55,34ce731e-46b1-49ac-ae4b-63546064f52a,DASHER_03160,2024-09-14 20:14:00,2024-09-14,2024-09-01,2024,20,Saturday,29,23.0,-6.0,True,10.78,1.23,delivered,True
31ab5736-6241-4d0d-a774-f6f6f274bbd1,befd1965-31c7-42e8-a5c5-86f8480d7d40,DASHER_02171,2022-11-26 23:41:00,2022-11-26,2022-11-01,2022,23,Saturday,35,48.0,13.0,False,27.26,5.3,delivered,True
34cae342-8830-4d22-9483-5674af366171,8d07db44-04fd-476a-9590-97fccab3e844,DASHER_00799,2022-05-07 19:50:00,2022-05-07,2022-05-01,2022,19,Saturday,33,31.0,-2.0,True,23.74,5.34,delivered,True
86061b35-2bb3-40b6-b50c-cf0405be4cff,2ea09749-aaf2-4489-a19b-2842c91bfcab,DASHER_03994,2024-02-18 19:40:00,2024-02-18,2024-02-01,2024,19,Sunday,34,28.0,-6.0,True,35.77,6.01,delivered,True
82b19a4a-4b41-4c9d-a56d-a7e880b9acf2,76169414-a71f-468a-b374-116a510848ee,DASHER_02822,2024-05-07 06:05:00,2024-05-07,2024-05-01,2024,6,Tuesday,32,13.0,-19.0,True,58.15,5.8,delivered,True
04b1d3b2-3327-4b80-9783-97cbb1e5218a,6b0b1839-5fbd-4ff3-9d38-4e3c625f2d34,DASHER_04748,2023-04-16 10:49:00,2023-04-16,2023-04-01,2023,10,Sunday,28,28.0,0.0,True,15.18,6.41,delivered,True
448680cb-6a49-4725-85c2-7b05616e14ba,5b262e0b-16f4-4533-885a-32d3b65356a9,DASHER_03347,2024-06-08 09:47:00,2024-06-08,2024-06-01,2024,9,Saturday,19,19.0,0.0,True,22.12,3.77,delivered,True
91b6a021-7ed0-43f0-9377-8ba7181af151,610b9511-169a-482d-b6c7-868749a8dc02,DASHER_04276,2023-01-31 02:59:00,2023-01-31,2023-01-01,2023,2,Tuesday,32,31.0,-1.0,True,35.97,2.91,delivered,True
709b8069-2d5a-4c8e-aa22-fc70fb82ab61,c5c1aadd-b84c-4e29-bbb0-05b644ac798d,DASHER_04085,2023-02-24 14:20:00,2023-02-24,2023-02-01,2023,14,Friday,53,50.0,-3.0,True,30.61,4.09,delivered,True
652d16dd-ca2b-49fc-9378-69a3ac848171,9e77426a-f99d-4e5a-a3fa-8b6fc17ba243,DASHER_03799,2023-05-25 11:09:00,2023-05-25,2023-05-01,2023,11,Thursday,31,48.0,17.0,False,23.42,4.75,delivered,True
a713510a-ef7e-4c85-957a-378687fe125b,78911af0-517c-4acf-9de0-886265e80a4f,DASHER_01646,2023-08-18 10:39:00,2023-08-18,2023-08-01,2023,10,Friday,37,26.0,-11.0,True,38.23,1.97,delivered,True
e9e55ed8-d7aa-4ea1-b425-026b28a3dc73,62671a22-8b02-41f3-a691-c7c133b971fa,DASHER_01411,2024-12-17 10:19:00,2024-12-17,2024-12-01,2024,10,Tuesday,33,33.0,0.0,True,16.77,3.93,delivered,True
81a8bcf0-58b4-45a0-82ae-b495eac46cf2,b9b4fd91-f720-4dfa-9af5-1e741277731d,DASHER_01264,2022-12-12 17:37:00,2022-12-12,2022-12-01,2022,17,Monday,31,41.0,10.0,False,31.77,3.63,delivered,True
3e15a9c3-bd16-468f-afc9-05bac3e7ad1e,36b4cfb5-6128-4bdd-91b9-27c60dbffd0d,DASHER_00787,2024-06-16 16:13:00,2024-06-16,2024-06-01,2024,16,Sunday,37,60.0,23.0,False,45.99,6.88,delivered,True
551de0ca-6136-4674-b1b5-f5ea7bc7af0e,f78ac04b-8828-44e5-9ab7-8612af2be2ed,DASHER_03623,2024-08-10 14:25:00,2024-08-10,2024-08-01,2024,14,Saturday,45,45.0,0.0,True,30.25,7.81,delivered,True
4e3ca7a2-0fd2-4da7-92f1-0587b9ff1500,d100a0f6-93b6-485d-82d9-d090701eb72b,DASHER_02485,2023-06-01 11:29:00,2023-06-01,2023-06-01,2023,11,Thursday,23,31.0,8.0,False,11.76,4.6,delivered,True
d4a5f3f7-2f6b-438d-8f67-2b9028f015f0,0333c093-7f7f-48ce-9493-bec321aebd3a,DASHER_03779,2023-11-10 22:07:00,2023-11-10,2023-11-01,2023,22,Friday,41,35.0,-6.0,True,33.42,1.72,delivered,True
0dcf5e38-fe52-4990-bae9-b659840f6f6f,5827d9c9-b0da-40a3-b4a5-9eaa5cb16e23,DASHER_00238,2024-01-31 19:09:00,2024-01-31,2024-01-01,2024,19,Wednesday,30,23.0,-7.0,True,21.72,1.04,delivered,True
be3177f9-b038-45da-9c02-759491ab69c2,df8e3f4b-ccbb-4029-9290-79d1590ce1c7,DASHER_00356,2022-02-17 13:56:00,2022-02-17,2022-02-01,2022,13,Thursday,20,10.0,-16.0,True,36.92,4.38,delivered,True
63ea646d-e0f3-493a-a416-5a70232c38d5,865d304d-d016-4486-b229-ce73303e8d64,DASHER_00974,2024-05-09 12:29:00,2024-05-09,2024-05-01,2024,12,Thursday,31,31.0,0.0,True,35.44,4.46,delivered,True
856958dd-79b5-4635-94dd-1fe56f9d0318,bf114da7-fb63-4a3b-97f2-a5a5d9afd9d6,DASHER_01044,2023-04-27 09:38:00,2023-04-27,2023-04-01,2023,9,Thursday,42,41.0,-1.0,True,37.61,7.43,delivered,True
3c91cbe7-3abd-4f2f-af4a-909529d768c7,972ebcaa-5c70-4b26-abd1-322b9da293e6,DASHER_00126,2024-01-13 08:52:00,2024-01-13,2024-01-01,2024,8,Saturday,47,42.0,-5.0,True,12.5,6.64,delivered,True
de3bef17-3919-43ac-bd9a-dccbd57b9aad,bdd54d10-9dbf-4959-be31-ee1e8388fd80,DASHER_02146,2023-09-26 07:27:00,2023-09-26,2023-09-01,2023,7,Tuesday,20,17.0,-3.0,True,15.19,1.68,delivered,True
5810e01c-08dd-474a-8516-f98593375b74,886d3173-b38f-4641-a0bf-021f3d891956,DASHER_00651,2022-08-12 03:06:00,2022-08-12,2022-08-01,2022,3,Friday,31,51.0,20.0,False,9.14,4.54,delivered,True
cf23070f-8ef7-4c32-9073-08d1032c0e39,38c0b299-0de7-4c08-bbab-70f27eb5f983,DASHER_00067,2023-04-27 22:20:00,2023-04-27,2023-04-01,2023,22,Thursday,24,15.0,-9.0,True,26.99,5.71,delivered,True
fa99b2f1-c78b-4981-bbb6-54a390235387,761c8834-a68b-4234-848d-435ac19b1e50,DASHER_02635,2022-10-03 15:04:00,2022-10-03,2022-10-01,2022,15,Monday,40,49.0,9.0,False,15.2,3.36,delivered,True
9ab4a3bb-ec5b-4601-9fca-ed5048f2c14a,c0689d68-05eb-4dd7-ad09-9a15432b44a0,DASHER_02067,2022-01-10 21:06:00,2022-01-10,2022-01-01,2022,21,Monday,41,37.0,-4.0,True,17.42,1.09,delivered,True
c25d7037-fbed-490a-9f70-aabffa912949,134b54ea-ef07-4b79-a0dd-71709175c22e,DASHER_04875,2024-12-13 00:12:00,2024-12-13,2024-12-01,2024,0,Friday,49,52.0,3.0,True,27.57,5.44,delivered,True
a7735f21-614b-4925-97be-55647532f529,eb40b553-2333-4d38-96af-9021bfacbad7,DASHER_02420,2024-04-04 11:06:00,2024-04-04,2024-04-01,2024,11,Thursday,30,14.0,-16.0,True,12.88,1.22,delivered,True
04f36425-622b-403f-b555-5bb3588654e0,43966979-b6ad-45d5-b8a6-410202070bec,DASHER_03708,2023-05-17 16:16:00,2023-05-17,2023-05-01,2023,16,Wednesday,28,48.0,20.0,False,46.38,7.49,delivered,True
1b4fc9cc-4ad4-40d0-b7dc-90033af059ca,4d2a434a-a9bb-4fb8-b01f-5fe4ae326d57,DASHER_04541,2023-05-03 17:24:00,2023-05-03,2023-05-01,2023,17,Wednesday,32,29.0,-3.0,True,37.0,1.05,delivered,True
89878427-5285-4c61-bc9d-0b3bd4f1d7e9,1520dc80-5566-4e0a-b17c-5fcfc60d991c,DASHER_02026,2022-02-22 19:07:00,2022-02-22,2022-02-01,2022,19,Tuesday,43,28.0,-15.0,True,41.98,2.36,delivered,True
cffebf25-61da-44b0-ace0-d4b5ec104b93,fe991fb6-987e-43db-bbb2-f6586e7cc7b9,DASHER_01266,2022-11-11 17:25:00,2022-11-11,2022-11-01,2022,17,Friday,35,47.0,12.0,False,10.16,1.35,delivered,True
a77c91fd-7213-4a79-a1e3-437583cca853,9a59ba45-42d3-4f69-808e-edff0298fa82,DASHER_03474,2023-01-26 01:04:00,2023-01-26,2023-01-01,2023,1,Thursday,49,57.0,8.0,False,20.24,2.15,delivered,True
1a9fd11a-f9a0-46f4-a494-f6c7e377eb43,4137093d-5da6-4fd0-a3a8-95258d6a3b72,DASHER_00555,2024-08-15 13:41:00,2024-08-15,2024-08-01,2024,13,Thursday,32,28.0,-4.0,True,33.12,7.82,delivered,True
99f27e23-9a54-4ec1-b7d0-3372fb10b3bc,ce11f7e1-4a73-4bec-9e13-7448aa48bf45,DASHER_01365,2022-05-02 15:53:00,2022-05-02,2022-05-01,2022,15,Monday,38,13.0,-25.0,True,39.86,3.15,delivered,True
d89f97eb-89f9-41b0-aa9c-373ecfc062ee,d12493d2-3ec9-477e-982b-59b95212805e,DASHER_04782,2022-11-13 19:26:00,2022-11-13,2022-11-01,2022,19,Sunday,24,27.0,3.0,True,46.73,2.16,delivered,True
33c4510b-0d2b-43c4-b965-ae9f8e4eb7b3,2481c45e-4b90-4472-aaa7-e14d81b4f2bf,DASHER_02206,2024-03-10 10:37:00,2024-03-10,2024-03-01,2024,10,Sunday,36,20.0,-16.0,True,18.08,1.61,delivered,True
259b2df9-5437-41cf-97f2-e01a485b44dd,c2e01af7-1e19-442c-9672-73cd8160b3cf,DASHER_04130,2022-10-16 20:47:00,2022-10-16,2022-10-01,2022,20,Sunday,30,31.0,1.0,True,39.52,3.43,delivered,True
ce802605-b52d-4769-83b4-f75107f55121,25a0eb54-5208-4418-9d3a-b5c847d45dd5,DASHER_04988,2022-11-01 21:41:00,2022-11-01,2022-11-01,2022,21,Tuesday,36,47.0,11.0,False,41.61,5.63,delivered,True
b5c69736-409e-4b20-959a-026676817d0a,f3124524-fe88-43db-bdc0-b8899ac991b0,DASHER_01225,2022-02-24 13:58:00,2022-02-24,2022-02-01,2022,13,Thursday,39,,,,23.64,5.1,cancelled,True
f39c418a-b23b-4000-a8b0-134435257f4d,b171a987-18e0-4143-a3ac-73f04e51154c,DASHER_04994,2022-06-26 11:37:00,2022-06-26,2022-06-01,2022,11,Sunday,24,12.0,-12.0,True,23.82,4.95,delivered,True
d7179d74-d888-4ea7-8f38-f0b1376a20f8,e2e03bb4-3865-4986-8202-d0e2e96a87d0,DASHER_00785,2022-11-18 19:11:00,2022-11-18,2022-11-01,2022,19,Friday,43,23.0,-20.0,True,34.33,2.91,delivered,True
a91de7ad-e1c4-4253-a2ea-9886c2af3c17,57185a76-61dc-4ef9-9926-680ca0ca9b49,DASHER_03876,2023-06-24 22:05:00,2023-06-24,2023-06-01,2023,22,Saturday,38,24.0,-14.0,True,15.88,3.35,delivered,True
05b3a105-667c-44c1-8227-4f4228350236,4da48650-7f7b-4754-97b8-84c85d91cda7,DASHER_04721,2024-11-22 12:47:00,2024-11-22,2024-11-01,2024,12,Friday,28,13.0,-15.0,True,30.55,7.07,delivered,True
afb5f603-21d1-421a-966e-cb2a27ac7be0,4a77f9a0-99c0-4cf3-8c65-2c3011605293,DASHER_00181,2024-05-11 09:58:00,2024-05-11,2024-05-01,2024,9,Saturday,38,10.0,-31.0,True,45.85,2.29,delivered,True
32aa26b4-b308-4b79-adea-3e024ed699e9,331e5f36-037e-44df-a3bf-55f8282b7d13,DASHER_00658,2022-02-13 20:35:00,2022-02-13,2022-02-01,2022,20,Sunday,33,32.0,-1.0,True,26.06,4.98,delivered,True
36dee53c-8b2f-4210-891d-83cf4acf5c0a,cb7017d1-cb27-4e03-be39-d64479094a13,DASHER_02633,2024-10-16 11:13:00,2024-10-16,2024-10-01,2024,11,Wednesday,46,43.0,-3.0,True,19.86,5.31,delivered,True
376e9dd4-b601-4d9e-961d-24fd38fe48f7,b1d937af-7773-4429-88e7-a72d04dc1b8e,DASHER_04097,2023-11-08 13:52:00,2023-11-08,2023-11-01,2023,13,Wednesday,24,40.0,16.0,False,14.22,1.16,delivered,True
e59c9871-28bc-4938-8b45-4975a7ee009a,e7006481-e3df-4713-a53e-b9f58074079d,DASHER_04604,2023-07-04 15:38:00,2023-07-04,2023-07-01,2023,15,Tuesday,34,34.0,0.0,True,48.5,3.65,delivered,True
0a018f06-3ab6-4a61-9d7c-3cae05945367,812e63a0-75e2-43c9-8788-a8b02c3d1d44,DASHER_03960,2022-11-09 11:11:00,2022-11-09,2022-11-01,2022,11,Wednesday,43,39.0,-4.0,True,49.31,5.74,delivered,True
8fcc7c00-d19b-41bb-b703-4d8aacd16eee,74e436ee-3905-4fbf-8069-1ccf413759b4,DASHER_03673,2022-01-10 08:58:00,2022-01-10,2022-01-01,2022,8,Monday,29,,,,39.11,2.88,cancelled,True
1b799fd7-0f7a-44d2-8513-55a0bb330cf5,51eee245-6a79-429d-94e7-0d0eec478a81,DASHER_02353,2024-05-20 05:23:00,2024-05-20,2024-05-01,2024,5,Monday,31,35.0,4.0,True,12.67,4.72,delivered,True
47205dac-23a3-4265-abfe-40f4a3bfb768,a0d05f5e-9473-46ca-9f7a-447cf8368598,DASHER_04353,2024-09-19 11:24:00,2024-09-19,2024-09-01,2024,11,Thursday,35,60.0,25.0,False,32.26,5.68,delivered,True
b7098bff-2a65-4504-9399-3cccd8a8e85f,1b673978-6110-45ed-8638-3dc37a269223,DASHER_03420,2022-03-02 22:06:00,2022-03-02,2022-03-01,2022,22,Wednesday,43,,,,11.07,2.74,cancelled,True
2c471ea5-b93f-4d17-9085-0b5b43b9333d,73dc46bb-192a-49fb-8db0-c087ba1bc291,DASHER_01102,2024-07-31 12:49:00,2024-07-31,2024-07-01,2024,12,Wednesday,30,18.0,-12.0,True,36.82,2.35,delivered,True
f76e6896-26fe-4175-b3f7-f0d944d95c9c,d3c2a1c5-fd88-4c8f-94a0-d9a98010e013,DASHER_03544,2023-10-10 20:36:00,2023-10-10,2023-10-01,2023,20,Tuesday,36,26.0,-10.0,True,30.51,7.94,delivered,True
5fcdde0c-e109-4634-9e78-06b69fc1e377,bcf3dd2d-e083-463a-be2b-f8ef59aa6c4e,DASHER_02926,2023-01-19 22:54:00,2023-01-19,2023-01-01,2023,22,Thursday,27,28.0,1.0,True,20.79,3.89,delivered,True
c48717fc-4691-4a00-b314-f36123568e35,34943ff1-6675-4665-8bee-78dc85300de0,DASHER_03149,2023-10-26 22:56:00,2023-10-26,2023-10-01,2023,22,Thursday,40,38.0,-2.0,True,27.66,2.86,delivered,True
90bf463f-ec0c-4271-92b8-e2fdc93ab704,7df9f445-e37b-4d08-bfe8-d24aa32e5cbc,DASHER_00913,2024-10-22 16:10:00,2024-10-22,2024-10-01,2024,16,Tuesday,31,23.0,-8.0,True,29.29,2.22,delivered,True
dac7b4b7-190c-468e-a20a-aaa5c69f129e,e1ec6aee-4e99-48c9-987d-4254f9d49021,DASHER_04175,2023-12-23 11:41:00,2023-12-23,2023-12-01,2023,11,Saturday,37,35.0,-2.0,True,57.51,3.43,delivered,True
36ca2d7f-8659-4860-8f6b-a5dd99c3e464,32a762e9-7717-476c-84fa-e982795d702a,DASHER_02550,2023-06-28 18:32:00,2023-06-28,2023-06-01,2023,18,Wednesday,33,45.0,12.0,False,19.21,6.21,delivered,True
cd7a2bfb-ac9c-445c-87ee-c6c8c09fe390,fbcb63e8-74e6-403c-8d31-c537e01c863d,DASHER_00537,2023-03-11 20:30:00,2023-03-11,2023-03-01,2023,20,Saturday,40,55.0,15.0,False,33.62,4.65,delivered,True
60d599a2-752a-410f-af91-80ad4526272a,394f87d6-2bc1-4cdf-a7ee-8969c305999c,DASHER_02852,2024-03-17 18:12:00,2024-03-17,2024-03-01,2024,18,Sunday,26,24.0,-2.0,True,22.94,2.24,delivered,True
a33aea29-09f2-4ec4-84a1-f25e77cc8f3c,6aab0d48-a360-4301-8e80-413d3b6e03d2,DASHER_00627,2024-12-10 22:42:00,2024-12-10,2024-12-01,2024,22,Tuesday,40,49.0,9.0,False,57.55,5.3,delivered,True
cd042314-fd32-42ff-8c21-71d9a5ef951a,80fa5fc6-09fd-427a-970e-8383d450afc8,DASHER_00884,2024-07-31 21:56:00,2024-07-31,2024-07-01,2024,21,Wednesday,31,32.0,1.0,True,25.21,5.87,delivered,True
277064ef-49f8-4e93-b049-03a42cad0ce7,436d7edd-d768-4c3b-8986-4021af5abc6c,DASHER_00020,2024-08-01 12:52:00,2024-08-01,2024-08-01,2024,12,Thursday,27,28.0,1.0,True,33.08,7.05,delivered,True
f32af2db-dc5a-4ca0-ab37-69ecfdba01ee,e9a3df21-8011-497d-923f-1cbdedc634b4,DASHER_04697,2024-11-30 12:09:00,2024-11-30,2024-11-01,2024,12,Saturday,15,29.0,14.0,False,30.58,7.98,delivered,True
6153f396-b767-4691-8d08-8e13b1edcd5f,1d1688e0-de22-483b-aaf1-c0268cb69643,DASHER_04770,2023-02-25 22:19:00,2023-02-25,2023-02-01,2023,22,Saturday,26,27.0,1.0,True,13.77,2.48,delivered,True
c6eca4a0-8bc3-4b43-a2b8-a5365b3092a9,f1a5c50f-a907-46bf-9c6d-df9a36e6ccbb,DASHER_03936,2024-11-01 14:25:00,2024-11-01,2024-11-01,2024,14,Friday,32,29.0,-3.0,True,33.51,7.76,delivered,True
63fb7097-71b7-444f-b539-0e9418ac2b44,c97938a0-c6c2-4526-863f-5708c0e5b5db,DASHER_02605,2023-10-10 17:03:00,2023-10-10,2023-10-01,2023,17,Tuesday,27,20.0,-7.0,True,26.1,2.13,delivered,True
5e6a07a4-c30b-49b4-a633-fd92b559a899,4daaaf46-2989-43e6-a830-320e07f5761a,DASHER_02631,2022-05-18 21:28:00,2022-05-18,2022-05-01,2022,21,Wednesday,41,25.0,-16.0,True,30.4,7.94,delivered,True
c73be759-f1fb-4f58-92db-d13305124969,9b604f7c-caad-48c4-a131-aab5807382ec,DASHER_04354,2022-02-10 13:44:00,2022-02-10,2022-02-01,2022,13,Thursday,37,42.0,5.0,True,18.08,6.26,delivered,True
b08d5ef1-1aef-43fa-aec8-3512f539c519,8870180c-8fb4-4e16-a709-fc8fc66341b0,DASHER_04695,2023-09-11 22:39:00,2023-09-11,2023-09-01,2023,22,Monday,25,40.0,15.0,False,20.15,6.87,delivered,True
93e92da6-7384-4499-9854-0750bd60beaa,1ff0321c-7fbe-4445-b1f0-4fa06ee52a6c,DASHER_01717,2022-12-16 14:05:00,2022-12-16,2022-12-01,2022,14,Friday,44,46.0,2.0,True,45.88,1.75,delivered,True
927240ca-90d0-420d-a5bd-f5c4f600e5aa,d456ef09-40b6-4e63-be6e-36b3faa8782b,DASHER_01932,2024-12-01 19:15:00,2024-12-01,2024-12-01,2024,19,Sunday,24,45.0,21.0,False,32.72,3.28,delivered,True
a72ff947-1369-49ee-bb90-2617926dc0be,f4ae295a-a6c7-4d23-a6cf-dce53502b0a5,DASHER_02367,2022-12-20 10:51:00,2022-12-20,2022-12-01,2022,10,Tuesday,15,10.0,-9.0,True,41.7,3.42,delivered,True
3e549a37-d1c0-4f7a-966b-7b48d4e55d07,13215552-218d-449a-8f4e-2a9073b62b1b,DASHER_02211,2024-10-20 06:06:00,2024-10-20,2024-10-01,2024,6,Sunday,37,10.0,-38.0,True,30.31,7.36,delivered,True
b095eec5-be24-4026-8b93-8f0f49728b77,5d47aff6-b2df-45a3-9057-e3ef8efbb33f,DASHER_01260,2023-08-03 18:32:00,2023-08-03,2023-08-01,2023,18,Thursday,27,30.0,3.0,True,19.45,2.43,delivered,True
d70aa627-8986-40c8-b5ec-52d3a81d4e1d,a5a9932e-f5ee-4c1e-b9da-61f6f3cb6378,DASHER_03115,2024-08-09 11:57:00,2024-08-09,2024-08-01,2024,11,Friday,39,38.0,-1.0,True,49.69,4.38,delivered,True
16427a32-d428-4e23-9f6e-9f6c2ce5cc4c,105993d8-e4da-46a8-abb1-76363d389fd0,DASHER_03074,2023-04-21 21:17:00,2023-04-21,2023-04-01,2023,21,Friday,35,37.0,2.0,True,40.23,7.78,delivered,True
29bdc3b2-3b33-41e2-b63e-87cc49f532e9,cce00507-721d-44f1-9614-e454a1bf27b8,DASHER_04853,2023-03-03 10:23:00,2023-03-03,2023-03-01,2023,10,Friday,32,34.0,2.0,True,35.96,4.46,delivered,True
107d38a0-2a78-4f3a-a05c-25b3ea95a169,27eaab64-09e4-49d5-ad52-955fa9c037d3,DASHER_01865,2022-12-17 12:06:00,2022-12-17,2022-12-01,2022,12,Saturday,23,11.0,-12.0,True,47.0,7.62,delivered,True
0bc5a69b-4557-42a9-93a9-fd81da246ace,b9d2a4f0-10e3-4026-9462-f21c9c08a7f4,DASHER_02156,2022-07-15 16:41:00,2022-07-15,2022-07-01,2022,16,Friday,37,48.0,11.0,False,25.19,3.17,delivered,True
778331c9-65ba-46d2-95c0-81c71179306c,8f38a302-aaa3-40c0-8724-be5162259a9d,DASHER_02734,2024-01-15 09:03:00,2024-01-15,2024-01-01,2024,9,Monday,20,10.0,-13.0,True,9.89,3.0,delivered,True
994796ef-2463-473d-96ec-70e50e4c0519,188181c3-f32a-482f-8310-f4d562340405,DASHER_02950,2024-08-21 09:10:00,2024-08-21,2024-08-01,2024,9,Wednesday,34,59.0,25.0,False,38.9,1.31,delivered,True
1ee4c913-3942-4406-aabb-e45a1c7f66ca,5da33e90-6f8f-490a-8d8d-ad4839be2835,DASHER_04348,2024-04-10 21:07:00,2024-04-10,2024-04-01,2024,21,Wednesday,18,,,,27.64,7.38,cancelled,True
ee7afed6-a1c6-48ad-9b38-6ce638b2c9d7,6c1b14ae-3fbc-43eb-a0d7-9e12b5849c22,DASHER_00292,2022-10-04 16:54:00,2022-10-04,2022-10-01,2022,16,Tuesday,31,26.0,-5.0,True,28.7,6.55,delivered,True
22bd8ed3-4652-4a1a-b667-f6cd54145eea,cb0eb21c-b9c4-4235-9370-77861005de7b,DASHER_04545,2023-04-07 10:23:00,2023-04-07,2023-04-01,2023,10,Friday,26,37.0,11.0,False,23.8,1.43,delivered,True
3d6c9a0f-8e1d-4a28-a4cc-af1fd9042d30,a2549609-6fce-4da8-a1f0-ab36a0bb418e,DASHER_03191,2022-11-12 17:56:00,2022-11-12,2022-11-01,2022,17,Saturday,37,51.0,14.0,False,24.63,7.11,delivered,True
33af6727-d507-4389-b6ca-e5125e431550,c53ec9c4-3f6d-45d9-bbc2-96629c14acb8,DASHER_03775,2024-01-07 16:13:00,2024-01-07,2024-01-01,2024,16,Sunday,33,43.0,10.0,False,8.0,5.36,delivered,True
fea6524c-f098-42d7-a196-5f7392e11cac,95cfedc4-614e-4cd7-917c-d486cf9d16f7,DASHER_03735,2022-09-15 14:24:00,2022-09-15,2022-09-01,2022,14,Thursday,46,,,,39.29,1.71,cancelled,True
06284e73-937e-483e-9aca-36f633ec3eee,25a0eb54-5208-4418-9d3a-b5c847d45dd5,DASHER_04876,2023-10-07 01:26:00,2023-10-07,2023-10-01,2023,1,Saturday,29,24.0,-5.0,True,14.99,6.35,delivered,True
f42011e1-cded-4b0f-93b3-7849b3c157a1,864250a8-30c8-41b0-ab9b-3a9e3b656bfc,DASHER_01090,2022-03-21 18:20:00,2022-03-21,2022-03-01,2022,18,Monday,27,25.0,-2.0,True,33.21,2.26,delivered,True
2e373bf7-a69b-4831-9327-b3b814e04b0a,89239dce-4113-4057-b918-d89f65a66bca,DASHER_00304,2023-06-01 10:03:00,2023-06-01,2023-06-01,2023,10,Thursday,39,25.0,-14.0,True,42.08,6.78,delivered,True
1472aaa3-f92b-44cb-8c56-0bd61eb72ea2,bd8db82f-677c-4239-a1b1-3de21c68849f,DASHER_04847,2024-08-19 21:06:00,2024-08-19,2024-08-01,2024,21,Monday,34,25.0,-9.0,True,48.22,6.61,delivered,True
506c293d-36ba-42a8-9856-a1299e85e3eb,0f04faf4-392e-452d-b9ce-ec184e8cf520,DASHER_00891,2023-09-09 23:09:00,2023-09-09,2023-09-01,2023,23,Saturday,40,56.0,16.0,False,8.0,1.93,delivered,True
f6b4469c-96d1-446e-9b37-195c51357695,57185a76-61dc-4ef9-9926-680ca0ca9b49,DASHER_02208,2022-10-23 10:35:00,2022-10-23,2022-10-01,2022,10,Sunday,21,33.0,12.0,False,54.27,5.44,delivered,True
a4f14325-9a04-45cc-be7b-0bfb352533f7,b007ff0c-84c4-44af-821f-6505a4f3d905,DASHER_00183,2023-11-07 12:09:00,2023-11-07,2023-11-01,2023,12,Tuesday,35,34.0,-1.0,True,48.61,2.03,delivered,True
14e7f498-b49b-41e1-a355-f48239bd0960,f15a9b0f-3e7f-495a-84b1-132b58f43c4c,DASHER_04944,2022-09-27 20:03:00,2022-09-27,2022-09-01,2022,20,Tuesday,38,38.0,0.0,True,38.95,2.12,delivered,True
3d95f402-ce1d-440d-badc-bc986b325aef,ed2b7395-5030-43c2-a871-8a9d4b58081a,DASHER_01911,2023-04-28 12:41:00,2023-04-28,2023-04-01,2023,12,Friday,45,34.0,-11.0,True,19.56,3.34,delivered,True
ba89f29e-401f-434b-8656-66378daeb805,f77d017f-c133-43b1-a15b-c9fdc279c1bb,DASHER_04820,2022-11-28 18:24:00,2022-11-28,2022-11-01,2022,18,Monday,49,68.0,19.0,False,23.81,4.63,delivered,True
e95000bd-2047-4b02-ada4-85753a46c0d8,55f1bf6b-991c-46d0-802f-5be749f4f705,DASHER_04883,2024-04-15 19:51:00,2024-04-15,2024-04-01,2024,19,Monday,47,45.0,-2.0,True,32.08,7.07,delivered,True
53b2745a-d919-458e-b9a2-545c4abee8c1,1563e5fc-342a-4b9b-b43d-1a6dafe192ec,DASHER_01550,2024-07-27 18:23:00,2024-07-27,2024-07-01,2024,18,Saturday,35,39.0,4.0,True,45.28,5.17,delivered,True
1cba5975-d33a-4ecd-8e04-110db8c82f41,25fca3da-846f-40dc-8206-1d891a1a926b,DASHER_00999,2024-03-14 10:59:00,2024-03-14,2024-03-01,2024,10,Thursday,35,35.0,0.0,True,33.52,6.04,delivered,True
7c1da917-e792-4d71-aab0-7614ae8d0cfb,1891ca52-a128-4079-9e25-a99ba500b733,DASHER_01620,2023-11-16 15:53:00,2023-11-16,2023-11-01,2023,15,Thursday,33,21.0,-12.0,True,10.47,3.03,delivered,True
39079b82-ae36-4cca-9fff-aaf715e6d59e,a46514ad-9c13-4471-8073-6afd9372d5e3,DASHER_02463,2024-08-21 19:55:00,2024-08-21,2024-08-01,2024,19,Wednesday,39,25.0,-14.0,True,33.76,2.35,delivered,True
ce2b9af9-e323-435a-bf5d-b84e06489e4d,7d6dcc2b-9c62-412d-8495-8306d60ae4a6,DASHER_04342,2024-10-26 09:17:00,2024-10-26,2024-10-01,2024,9,Saturday,25,31.0,6.0,False,34.54,6.04,delivered,True
59e3a58d-28ca-44a3-99cd-cd73505af9fe,3aea0012-3268-4722-825e-e7a5931f3062,DASHER_00228,2022-06-19 09:59:00,2022-06-19,2022-06-01,2022,9,Sunday,30,22.0,-8.0,True,49.85,3.68,delivered,True
e117b0e1-b0e9-4ed1-a491-d942d9ab63a8,ea894346-3083-48a4-91a5-1b9cf16c953b,DASHER_00347,2024-09-20 19:49:00,2024-09-20,2024-09-01,2024,19,Friday,24,15.0,-9.0,True,44.92,7.98,delivered,True
7447fd40-dbb6-4fc2-b5da-b2b3a6d14f30,1f41cb03-f0c7-4873-95d6-d4abee059914,DASHER_02061,2023-09-05 06:19:00,2023-09-05,2023-09-01,2023,6,Tuesday,26,23.0,-3.0,True,36.04,6.67,delivered,True
baef20c1-ac90-4111-9c16-d80887e95f65,51d1ccdf-f80e-4399-bf59-2aba16961341,DASHER_01857,2024-03-05 15:01:00,2024-03-05,2024-03-01,2024,15,Tuesday,20,17.0,-3.0,True,47.69,3.43,delivered,True
4369443e-b9f7-4a7d-a8d7-67956e39c07c,b4df87c7-7d74-47e5-9b26-ed0dfcbba978,DASHER_03760,2023-07-27 14:10:00,2023-07-27,2023-07-01,2023,14,Thursday,28,23.0,-5.0,True,9.08,2.94,delivered,True
a40c8c02-65ab-4734-a512-8c96f13dda5b,97a955e0-c8cb-4cfd-b07f-a9912ccd0557,DASHER_01919,2023-12-23 22:54:00,2023-12-23,2023-12-01,2023,22,Saturday,26,44.0,18.0,False,33.34,4.55,delivered,True
1c340b07-d143-4ca3-9ca6-b44a4e046e91,52a44a85-a83a-4695-b91c-0f981a157a1f,DASHER_01984,2024-01-18 20:05:00,2024-01-18,2024-01-01,2024,20,Thursday,44,42.0,-2.0,True,8.0,6.33,delivered,True
832f3dc2-d9b6-4742-ad26-326482caea48,df09e2fd-3c89-4f96-b719-0493a91c54e3,DASHER_02829,2023-07-03 13:30:00,2023-07-03,2023-07-01,2023,13,Monday,30,38.0,8.0,False,34.65,2.56,delivered,True
fc929466-609d-4e89-b928-8440f86d9275,1d77fe73-da38-45a4-be9c-e753a6ad9f2a,DASHER_03569,2023-01-27 01:30:00,2023-01-27,2023-01-01,2023,1,Friday,26,38.0,12.0,False,28.94,5.21,delivered,True
7db4e07f-fe23-48c3-93a6-7f1cf2c66edf,920cd9d3-615e-4a62-bc45-541f514f818f,DASHER_02867,2023-09-14 16:19:00,2023-09-14,2023-09-01,2023,16,Thursday,28,36.0,8.0,False,38.76,2.87,delivered,True
046f93d4-754e-4861-bcfc-227c2944bac9,a08276e4-7acc-4d1f-93df-07eb1e0a40c9,DASHER_03121,2023-05-27 19:41:00,2023-05-27,2023-05-01,2023,19,Saturday,44,36.0,-8.0,True,38.2,4.99,delivered,True
de787625-2fda-43a4-8e00-548d076ec692,5177a521-3308-43ad-a897-541bb5217ec3,DASHER_01066,2022-10-13 15:55:00,2022-10-13,2022-10-01,2022,15,Thursday,35,35.0,0.0,True,22.17,6.6,delivered,True
35476c6c-d25d-4df1-b7bf-34975a43b5f6,70f65296-e230-4a5f-a9ad-b143e809fee4,DASHER_03014,2023-06-26 21:06:00,2023-06-26,2023-06-01,2023,21,Monday,28,33.0,5.0,True,8.0,3.48,delivered,True
2f6cfec5-1a63-4c23-93a9-621705445234,df059262-01c0-434e-aaee-5ca1f3925473,DASHER_03447,2024-04-20 09:19:00,2024-04-20,2024-04-01,2024,9,Saturday,39,39.0,0.0,True,42.7,6.49,delivered,True
a181821a-106f-4faa-af21-cf85735d4d53,e100b61e-62ac-4f64-9c37-3da0864e7699,DASHER_01641,2023-06-28 22:47:00,2023-06-28,2023-06-01,2023,22,Wednesday,29,25.0,-4.0,True,42.54,3.96,delivered,True
4b1aa2f1-1d73-414b-80fb-ec23f665febf,c9b1e53e-1290-451e-a352-412069e5b535,DASHER_01276,2023-07-01 09:18:00,2023-07-01,2023-07-01,2023,9,Saturday,38,30.0,-8.0,True,41.54,6.94,delivered,True
f81ef87e-2ee5-483f-abf4-c443344c98e5,dbe58fa5-b956-40ae-9b69-4ab317374c20,DASHER_00480,2023-04-06 08:26:00,2023-04-06,2023-04-01,2023,8,Thursday,36,30.0,-6.0,True,19.15,5.86,delivered,True
acf69ada-9219-4bf5-a3f2-968a59fb42c8,b3cc076c-17bb-4448-bc7d-5e051f6c9d05,DASHER_00981,2023-03-02 16:22:00,2023-03-02,2023-03-01,2023,16,Thursday,44,62.0,18.0,False,33.8,5.72,delivered,True
d3bf3a22-62cc-4823-8d34-08dd0fd624b7,c6bf9ce0-3d64-484e-9c92-b49072ada568,DASHER_01972,2024-04-22 17:41:00,2024-04-22,2024-04-01,2024,17,Monday,35,49.0,14.0,False,17.37,6.08,delivered,True
7a67af0d-7dd9-4a9d-b372-f7ac654e3d7d,a08276e4-7acc-4d1f-93df-07eb1e0a40c9,DASHER_03291,2022-06-09 20:11:00,2022-06-09,2022-06-01,2022,20,Thursday,38,47.0,9.0,False,25.89,4.06,delivered,True
6bc91397-5a2f-4867-9319-0171cabc3c33,19c24157-37d6-4e0f-bea7-4e61d1652155,DASHER_04147,2024-08-07 06:28:00,2024-08-07,2024-08-01,2024,6,Wednesday,43,33.0,-10.0,True,10.44,3.89,delivered,True
1fbd096c-a9d0-4b05-9c6c-e4252982d72d,fbb256e4-0493-4232-9efd-ceb760e3f62e,DASHER_00566,2023-04-22 03:42:00,2023-04-22,2023-04-01,2023,3,Saturday,34,21.0,-13.0,True,27.74,3.05,delivered,True
d8163e74-487f-4abb-b918-5df3ffba2537,3e2a1b4b-6073-402e-9d5c-cb0f3108b92f,DASHER_00858,2023-08-17 17:00:00,2023-08-17,2023-08-01,2023,17,Thursday,31,20.0,-11.0,True,43.25,1.78,delivered,True
37ccc1bb-768f-4c74-98d3-d6b9ebcd4bc6,ade633a8-982c-4ef1-bbf6-dcdc8ad1ca4d,DASHER_00569,2024-11-08 16:45:00,2024-11-08,2024-11-01,2024,16,Friday,33,32.0,-1.0,True,38.67,6.44,delivered,True
223c1bed-9a12-4545-b151-a61a0d77f3be,947d1fbf-4040-4e37-9228-884e2c9e3b4e,DASHER_04669,2022-05-07 15:44:00,2022-05-07,2022-05-01,2022,15,Saturday,24,25.0,1.0,True,33.9,2.2,delivered,True
789672f1-c93f-4365-b742-9901171e65ba,f9fb31b0-68aa-46e7-8742-e1a42b9f7cb8,DASHER_02170,2022-03-05 11:38:00,2022-03-05,2022-03-01,2022,11,Saturday,38,56.0,18.0,False,33.53,4.2,delivered,True
4beb78b6-1ac1-4b1b-a1ff-e42f9ccf5af4,972887eb-5efa-4e42-a7a0-cb0ab25f0026,DASHER_01777,2023-07-17 19:13:00,2023-07-17,2023-07-01,2023,19,Monday,36,55.0,19.0,False,40.74,1.61,delivered,True
0930a091-46a5-4a55-93c0-362610aadbaa,5f7bb3d6-030c-4b86-8d36-01e51dbd226d,DASHER_03644,2024-12-05 17:35:00,2024-12-05,2024-12-01,2024,17,Thursday,31,,,,42.31,1.8,cancelled,True
143b371d-c6d9-47ab-bd83-51a8b661a391,d3e9bfeb-8bae-45a0-9399-9eaf3360b899,DASHER_02876,2022-08-26 11:14:00,2022-08-26,2022-08-01,2022,11,Friday,33,31.0,-2.0,True,33.28,1.83,delivered,True
e55d4697-a98d-46bb-9967-41aa055c621e,92cbbc27-8f71-417e-acb8-5c31fdc4811f,DASHER_04422,2022-09-27 22:30:00,2022-09-27,2022-09-01,2022,22,Tuesday,39,41.0,2.0,True,23.11,3.33,delivered,True
f563bee2-f7d4-4827-93eb-f78cc844a290,3b301716-6d78-49a3-840f-0f62e7dc73fd,DASHER_02097,2022-08-29 06:45:00,2022-08-29,2022-08-01,2022,6,Monday,37,15.0,-22.0,True,40.52,2.44,delivered,True
cfe5b0b5-f48a-431b-bfd1-a744950d8b6f,b1d937af-7773-4429-88e7-a72d04dc1b8e,DASHER_02667,2024-01-28 18:16:00,2024-01-28,2024-01-01,2024,18,Sunday,41,48.0,7.0,False,39.98,5.87,delivered,True
07165856-af75-404d-9011-110a2fce8508,16e7545f-2339-4e04-ba96-f94872584363,DASHER_01638,2024-10-18 09:20:00,2024-10-18,2024-10-01,2024,9,Friday,35,32.0,-3.0,True,34.74,4.48,delivered,True
a140625a-5248-4812-b846-b265e137247f,e296d202-f022-42b9-988d-360a619d8343,DASHER_02508,2022-06-02 09:00:00,2022-06-02,2022-06-01,2022,9,Thursday,28,,,,18.12,2.23,cancelled,True
ffbbabe1-4792-488a-b5ae-3bc5ae95747f,f6a5829b-7783-4f62-87e9-8514484e1362,DASHER_04857,2022-02-10 17:27:00,2022-02-10,2022-02-01,2022,17,Thursday,46,46.0,0.0,True,24.6,1.89,delivered,True
9e211d9b-5c7d-42cb-a0f0-ae5c7b97718a,c013315b-5dbe-4159-85f6-96a0bf6d3a3f,DASHER_04711,2023-04-17 20:26:00,2023-04-17,2023-04-01,2023,20,Monday,46,50.0,4.0,True,28.96,7.09,delivered,True
7f27fd68-fe1a-4f87-8132-ca2e0e1481b5,89c88845-6272-4757-9767-7fe270d2ae0d,DASHER_04137,2022-07-21 22:45:00,2022-07-21,2022-07-01,2022,22,Thursday,38,,,,8.0,1.79,cancelled,True
f2a39aee-eb60-4cd0-86ea-1557c7523b5e,27b71fd9-28bd-4ceb-ab2b-ec60c3add1e0,DASHER_01513,2024-07-14 22:07:00,2024-07-14,2024-07-01,2024,22,Sunday,45,45.0,0.0,True,12.25,7.28,delivered,True
6bd7c75b-4e77-45ba-a1aa-7d2dddf9b063,fe67a151-3dc2-45ff-af34-a2ee5407c70c,DASHER_02168,2022-06-07 12:37:00,2022-06-07,2022-06-01,2022,12,Tuesday,34,40.0,6.0,False,19.76,5.44,delivered,True
b75f407a-d79a-4cde-a460-6d1c9c464561,0181e513-a7ee-4f98-8a4e-8ccbfeb1b0ad,DASHER_03925,2023-09-03 19:52:00,2023-09-03,2023-09-01,2023,19,Sunday,42,45.0,3.0,True,30.08,4.02,delivered,True
c5941ec8-6563-47fd-b956-78cd21e0b68a,8076d295-9d66-4c8f-9452-34ac01f37b9e,DASHER_00574,2024-03-17 21:57:00,2024-03-17,2024-03-01,2024,21,Sunday,53,53.0,0.0,True,33.81,7.66,delivered,True
e0ec08d1-f757-448e-8ddf-fc3ef19a1fbb,75096181-875a-44c6-a9de-50fac972054f,DASHER_01548,2022-12-17 17:46:00,2022-12-17,2022-12-01,2022,17,Saturday,45,63.0,18.0,False,44.19,4.29,delivered,True
ef0c1eb5-6ffa-4339-bea4-5a8d0beaa7aa,c53ec9c4-3f6d-45d9-bbc2-96629c14acb8,DASHER_04183,2024-11-24 10:24:00,2024-11-24,2024-11-01,2024,10,Sunday,36,,,,33.43,5.83,cancelled,True
8789de91-e622-49e9-a81d-f942739bc210,ef3c1bcd-c9d3-45b7-884f-cea121ed9fc3,DASHER_01793,2022-10-03 11:03:00,2022-10-03,2022-10-01,2022,11,Monday,20,20.0,0.0,True,37.71,7.94,delivered,True
cab0d93b-9b62-4544-8374-622e8c05e8d6,33c0c09f-62a2-4086-9a91-f440e3098cca,DASHER_00687,2024-07-19 18:03:00,2024-07-19,2024-07-01,2024,18,Friday,47,31.0,-16.0,True,20.01,6.79,delivered,True
69349770-e270-483c-8a10-649a485ad7ad,4c2b9abf-bdc0-4c0b-a733-764baa4400b7,DASHER_02665,2024-03-04 18:01:00,2024-03-04,2024-03-01,2024,18,Monday,48,59.0,11.0,False,26.16,3.66,delivered,True
13e42f59-639c-49b8-85c7-228d3c9254ef,470fe510-c7ec-4191-b70d-77bbcc89260f,DASHER_00904,2024-04-01 05:43:00,2024-04-01,2024-04-01,2024,5,Monday,23,10.0,-22.0,True,17.09,7.83,delivered,True
1a23830e-0ba2-46cb-9d3a-22292198e0ad,f2927dab-0f8c-414f-9461-07faf4129038,DASHER_03911,2022-02-10 17:00:00,2022-02-10,2022-02-01,2022,17,Thursday,29,15.0,-14.0,True,15.14,6.29,delivered,True
10b683e1-0394-4f5f-b210-d2e06d165cec,bd7f3331-00ab-4876-9f44-67a258eff00b,DASHER_04878,2022-02-12 20:26:00,2022-02-12,2022-02-01,2022,20,Saturday,40,42.0,2.0,True,55.35,5.53,delivered,True
5f9284d4-a548-4fd2-a6a7-cce450934c17,91a13e4c-37fa-4bd8-a05d-5086afc83586,DASHER_02788,2023-12-11 04:25:00,2023-12-11,2023-12-01,2023,4,Monday,31,15.0,-16.0,True,17.34,1.18,delivered,True
183f8a8e-e35a-4fd2-88eb-ca28f08a972a,ca6eba6e-1732-47e7-8fb8-05312b9bcabd,DASHER_03408,2022-03-17 12:58:00,2022-03-17,2022-03-01,2022,12,Thursday,42,57.0,15.0,False,34.68,5.37,delivered,True
16fd0cbf-74ec-4788-91ff-53889adc0d01,c93e0592-1e80-45f6-be26-c941f7e8ffef,DASHER_03037,2023-01-18 13:44:00,2023-01-18,2023-01-01,2023,13,Wednesday,31,12.0,-19.0,True,55.18,3.17,delivered,True
4854c95f-07b1-45a9-8005-d8e6295abbfb,a66d96f1-d8ca-4ee3-ac4d-98c292faa20e,DASHER_03422,2022-06-09 18:47:00,2022-06-09,2022-06-01,2022,18,Thursday,23,22.0,-1.0,True,33.95,1.45,delivered,True
d6900ccc-2538-4e93-8496-0d8bbaaa18ba,6f9f97f5-e941-429a-83c7-42d0a9e59684,DASHER_00346,2022-04-09 13:44:00,2022-04-09,2022-04-01,2022,13,Saturday,39,54.0,15.0,False,22.36,1.81,delivered,True
15910ea1-1811-4528-b1f9-13f03f498e59,d46bbae2-8cd7-41d3-8bb0-e0d8b59a42e2,DASHER_04041,2024-10-30 07:57:00,2024-10-30,2024-10-01,2024,7,Wednesday,36,49.0,13.0,False,16.39,4.64,delivered,True
8d01b61f-fd75-49b8-9e65-1ffc8daa1d5f,ff0e8239-c9f4-4eda-afe1-f9235f8fa616,DASHER_00766,2022-01-30 10:53:00,2022-01-30,2022-01-01,2022,10,Sunday,43,39.0,-4.0,True,53.76,4.04,delivered,True
fea94623-7e95-4931-9c3a-db70395f33fb,4ab00b8f-44be-433c-9800-24db8f7b8b7c,DASHER_04044,2023-11-13 13:44:00,2023-11-13,2023-11-01,2023,13,Monday,32,53.0,21.0,False,27.97,3.36,delivered,True
71e53969-5f0a-467c-84b7-62cee6e9540d,590aee83-b720-448e-b3f2-4a8570d03160,DASHER_01083,2023-02-12 19:06:00,2023-02-12,2023-02-01,2023,19,Sunday,30,41.0,11.0,False,44.85,1.36,delivered,True
55f3795c-347d-485c-9b3d-8e40e190d56e,6a4a0483-851e-4c7c-a70a-5e55f780ed7e,DASHER_03477,2023-05-23 20:25:00,2023-05-23,2023-05-01,2023,20,Tuesday,28,35.0,7.0,False,30.72,4.46,delivered,True
fdc35a0e-6512-464c-94b1-a1665515b8f8,0ffbece7-b236-4383-b170-ef0e5fb8b7cc,DASHER_02662,2024-05-29 15:23:00,2024-05-29,2024-05-01,2024,15,Wednesday,41,32.0,-9.0,True,57.9,2.73,delivered,True
27014501-286d-4eac-b6c3-7f03ddac9ff9,26b9ceb0-7cf3-4d7c-843c-82d11ec35ce4,DASHER_00464,2024-10-08 11:38:00,2024-10-08,2024-10-01,2024,11,Tuesday,29,41.0,12.0,False,21.43,4.2,delivered,True
908c9241-dd0a-4105-8e9e-93c24731f348,77cec5eb-981c-4dad-833f-7d9890102f9d,DASHER_00947,2022-04-02 20:45:00,2022-04-02,2022-04-01,2022,20,Saturday,44,46.0,2.0,True,49.76,6.61,delivered,True
9dbb6f48-a69b-4721-9aae-dba92d0ce6db,94c8c57b-85b1-461d-9f3b-f9f7394d3f01,DASHER_00078,2022-01-12 16:54:00,2022-01-12,2022-01-01,2022,16,Wednesday,35,36.0,1.0,True,61.09,5.17,delivered,True
061e60d2-0b84-48f4-bbc3-c0a34682669e,637c6293-e5ec-4eab-bb5c-cad79ad16c04,DASHER_00932,2022-02-20 18:22:00,2022-02-20,2022-02-01,2022,18,Sunday,25,25.0,0.0,True,39.95,4.93,delivered,True
dd66f048-1daf-49c4-b953-8bd94d907b64,1ce7dcba-9d87-46f4-a052-4bb0e8167baf,DASHER_04833,2024-10-18 21:16:00,2024-10-18,2024-10-01,2024,21,Friday,29,20.0,-9.0,True,57.98,3.01,delivered,True
dab9aa14-6928-4a24-ad92-0a812316667e,34555eeb-5990-4e9d-a876-c79a0263a3e7,DASHER_03636,2024-03-27 19:27:00,2024-03-27,2024-03-01,2024,19,Wednesday,39,38.0,-1.0,True,33.26,3.37,delivered,True
7697b0b2-39a3-4000-8d38-8defe3959a13,2577a528-d2c0-4059-bd47-24a83408c04a,DASHER_03377,2022-03-19 09:24:00,2022-03-19,2022-03-01,2022,9,Saturday,37,60.0,23.0,False,32.04,3.48,delivered,True
d350b76b-2a6d-43df-9f59-66aeabed960b,e039b276-dd6a-45cb-aeb7-f89d959e09e6,DASHER_04154,2023-11-10 18:57:00,2023-11-10,2023-11-01,2023,18,Friday,43,50.0,7.0,False,40.11,7.1,delivered,True
93441a6e-25b7-45d5-b089-99155a87150c,1d944406-d9d7-4e0c-bcce-d0725f346f07,DASHER_04968,2023-03-21 21:42:00,2023-03-21,2023-03-01,2023,21,Tuesday,18,10.0,-28.0,True,8.0,7.73,delivered,True
0837da51-a35f-4b4b-888c-16cceb7eda8d,812e63a0-75e2-43c9-8788-a8b02c3d1d44,DASHER_02488,2024-12-26 04:14:00,2024-12-26,2024-12-01,2024,4,Thursday,25,22.0,-3.0,True,24.97,6.0,delivered,True
2bef7daa-b878-4645-b0b5-60e36efd5dd4,44b9ddfb-d404-4437-be86-a60b3a0f233a,DASHER_00303,2023-04-05 19:49:00,2023-04-05,2023-04-01,2023,19,Wednesday,40,32.0,-8.0,True,32.44,5.33,delivered,True
ad8dd3bc-10bd-4159-a03c-9440c928b267,8c2f26c7-c38c-4952-a4a0-a41e067b51bc,DASHER_03627,2022-05-07 17:28:00,2022-05-07,2022-05-01,2022,17,Saturday,27,44.0,17.0,False,20.34,4.69,delivered,True
97a44a18-7e62-440c-a1f3-106c26694aa1,1891ca52-a128-4079-9e25-a99ba500b733,DASHER_04863,2023-03-23 19:11:00,2023-03-23,2023-03-01,2023,19,Thursday,38,38.0,0.0,True,25.89,2.15,delivered,True
ede08ebc-082d-4799-84fa-1e491b633188,2d700e6c-01a1-4142-b5b3-cf99305e822c,DASHER_00642,2024-09-24 17:50:00,2024-09-24,2024-09-01,2024,17,Tuesday,26,45.0,19.0,False,17.63,7.27,delivered,True
cfbfc61b-02c9-465e-b964-1f28e14a26bc,959ee339-0172-4d60-94ab-2121e6e90357,DASHER_04985,2022-11-23 08:52:00,2022-11-23,2022-11-01,2022,8,Wednesday,47,,,,35.29,3.85,cancelled,True
4c747a41-27b1-4f71-8a81-d8c10f69c372,df059262-01c0-434e-aaee-5ca1f3925473,DASHER_04112,2022-07-01 01:57:00,2022-07-01,2022-07-01,2022,1,Friday,28,32.0,4.0,True,18.2,1.9,delivered,True
6f4f246f-c0f4-42de-b389-94725e55cc60,ea894346-3083-48a4-91a5-1b9cf16c953b,DASHER_02700,2024-01-27 21:23:00,2024-01-27,2024-01-01,2024,21,Saturday,23,10.0,-19.0,True,20.37,2.74,delivered,True
64386731-4634-4e24-800a-2abdfad291f0,38293ae8-e50b-4544-abea-b2e52f7872d2,DASHER_04704,2022-03-27 18:19:00,2022-03-27,2022-03-01,2022,18,Sunday,33,,,,19.15,7.18,cancelled,True
bd4004ea-8962-4bdd-918b-65617702104d,35a4701d-9d43-4dad-8efb-48cf44dacd42,DASHER_04285,2023-02-11 20:24:00,2023-02-11,2023-02-01,2023,20,Saturday,33,69.0,36.0,False,22.81,1.83,delivered,True
55b859d0-5934-4c9f-a93f-568b2b53de6f,8c040945-0167-4512-8953-ec9ffda21a28,DASHER_02709,2023-06-12 12:33:00,2023-06-12,2023-06-01,2023,12,Monday,33,35.0,2.0,True,38.02,4.88,delivered,True
321c457d-2772-4230-af16-88b8bcb0f127,34555eeb-5990-4e9d-a876-c79a0263a3e7,DASHER_04922,2023-04-02 21:22:00,2023-04-02,2023-04-01,2023,21,Sunday,34,30.0,-4.0,True,19.91,6.58,delivered,True
d660d9aa-afe8-4c09-ac8e-5edcd5bc86ae,a88afc7e-0cac-457d-be98-bdb5474e37a9,DASHER_00187,2022-08-02 18:50:00,2022-08-02,2022-08-01,2022,18,Tuesday,32,46.0,14.0,False,33.28,5.97,delivered,True
73f6aecf-5544-4f1b-adf0-9318a74ab272,cce00507-721d-44f1-9614-e454a1bf27b8,DASHER_04965,2023-04-08 22:15:00,2023-04-08,2023-04-01,2023,22,Saturday,36,44.0,8.0,False,23.35,4.68,delivered,True
ec805ce6-b142-4aba-8fcc-4772a5f306a6,7f34527e-447a-4374-b70b-bac185e5df0e,DASHER_04267,2023-05-31 13:48:00,2023-05-31,2023-05-01,2023,13,Wednesday,39,43.0,4.0,True,45.43,6.26,delivered,True
d8712f4c-ed79-4d2c-a908-51d98b3f8fdc,60a373b2-48fe-44a7-b458-e95ce33dcd76,DASHER_01088,2023-09-22 08:22:00,2023-09-22,2023-09-01,2023,8,Friday,42,63.0,21.0,False,32.5,1.31,delivered,True
c6163c20-c820-472f-ad2a-b9d9ca6095b3,b82f826d-671d-4b56-b408-334f48d5a906,DASHER_04164,2023-02-14 18:52:00,2023-02-14,2023-02-01,2023,18,Tuesday,29,14.0,-15.0,True,13.84,3.32,delivered,True
9793280b-2e7d-43d0-aad1-c9c446575515,e82eeb1d-e380-423f-90e9-52321873308f,DASHER_03143,2022-01-02 03:20:00,2022-01-02,2022-01-01,2022,3,Sunday,38,45.0,7.0,False,51.73,5.98,delivered,True
9bbac55e-6602-49a8-99b7-336702ab304b,f4ae295a-a6c7-4d23-a6cf-dce53502b0a5,DASHER_02074,2023-03-27 14:28:00,2023-03-27,2023-03-01,2023,14,Monday,42,82.0,40.0,False,22.29,3.48,delivered,True
aa4d1c6a-796a-44bc-a22e-e2f15b9cedd7,1ffb7371-3bdd-4f43-bb37-364b43d2b53b,DASHER_00527,2022-07-10 21:47:00,2022-07-10,2022-07-01,2022,21,Sunday,35,37.0,2.0,True,48.97,5.48,delivered,True
034042f3-8ddb-4d13-a6bb-0df956dca144,f64d42d8-5d6f-4ba3-b37a-d1fe63e4d8f9,DASHER_01983,2024-11-07 21:50:00,2024-11-07,2024-11-01,2024,21,Thursday,36,30.0,-6.0,True,12.19,1.52,delivered,True
d875c299-28d2-4d6f-8fa8-df21522851c8,a4541be4-4160-43c6-865c-3f07de48c842,DASHER_03168,2024-12-16 09:28:00,2024-12-16,2024-12-01,2024,9,Monday,40,32.0,-8.0,True,8.0,1.47,delivered,True
6adbdd04-4677-4be7-b70a-413dcfe9b503,d12493d2-3ec9-477e-982b-59b95212805e,DASHER_00210,2024-03-11 02:31:00,2024-03-11,2024-03-01,2024,2,Monday,28,11.0,-17.0,True,32.74,6.77,delivered,True
3f154179-e5d7-4e5b-9c0c-a9f8368699ad,667f0cbb-9689-43ca-a831-c12f60d7a0cd,DASHER_04919,2022-11-14 12:43:00,2022-11-14,2022-11-01,2022,12,Monday,33,25.0,-8.0,True,27.82,5.57,delivered,True
7f964541-85be-44b9-a889-9694fe9386de,82310495-df35-4311-9a38-4b263b20a636,DASHER_03912,2024-05-23 20:28:00,2024-05-23,2024-05-01,2024,20,Thursday,23,21.0,-2.0,True,15.24,0.99,delivered,True
6f2837cb-ddae-44eb-8580-3875310cb35b,fa25eb9e-7606-4dd5-b696-7ceda8673603,DASHER_03700,2023-04-05 12:30:00,2023-04-05,2023-04-01,2023,12,Wednesday,35,35.0,0.0,True,16.3,2.9,delivered,True
de9146b0-6f6a-42f1-972c-c741e1ab28a0,059fb9bb-2f80-4abe-9be9-20619dc5cccd,DASHER_03535,2022-01-14 20:34:00,2022-01-14,2022-01-01,2022,20,Friday,32,27.0,-5.0,True,37.73,2.55,delivered,True
b81a294d-7c19-4b6c-8fdf-9f404d2a9b73,f6a5829b-7783-4f62-87e9-8514484e1362,DASHER_02117,2024-02-10 16:24:00,2024-02-10,2024-02-01,2024,16,Saturday,33,37.0,4.0,True,41.49,1.09,delivered,True
